cell.names,copykat.pred,cell_type,response
BD_immune04_639050,diploid,Ciliated_epithelial,NMPR
BD_immune07_325601,aneuploid,Tumor_epithelial,NMPR
BD_immune07_486630,aneuploid,Tumor_epithelial,NMPR
BD_immune07_524588,aneuploid,Tumor_epithelial,NMPR
BD_immune11_759492,diploid,Ciliated_epithelial,MPR
BD_immune11_17759,diploid,Ciliated_epithelial,MPR
BD_immune11_880050,diploid,Ciliated_epithelial,MPR
BD_immune11_765009,diploid,Ciliated_epithelial,MPR
BD_immune11_414642,diploid,Ciliated_epithelial,MPR
BD_immune11_747329,diploid,Ciliated_epithelial,MPR
BD_immune12_174836,diploid,Ciliated_epithelial,NMPR
BD_immune15_694272,diploid,Ciliated_epithelial,NMPR
BD_immune11_36226,diploid,Ciliated_epithelial,MPR
BD_immune15_760103,diploid,Ciliated_epithelial,NMPR
BD_immune11_34677,diploid,Ciliated_epithelial,MPR
BD_immune11_702976,diploid,Ciliated_epithelial,MPR
BD_immune11_248823,diploid,Ciliated_epithelial,MPR
BD_immune12_612241,diploid,Ciliated_epithelial,NMPR
BD_immune15_566461,diploid,Ciliated_epithelial,NMPR
BD_immune15_282771,diploid,Ciliated_epithelial,NMPR
BD_immune15_595835,diploid,Ciliated_epithelial,NMPR
BD_immune15_854328,diploid,Ciliated_epithelial,NMPR
BD_immune02_841503,diploid,Ciliated_epithelial,NMPR
BD_immune02_650062,diploid,Ciliated_epithelial,NMPR
BD_immune02_580235,diploid,Ciliated_epithelial,NMPR
BD_immune02_277584,diploid,Ciliated_epithelial,NMPR
BD_immune02_634340,diploid,Ciliated_epithelial,NMPR
BD_immune02_73791,diploid,Ciliated_epithelial,NMPR
BD_immune02_342916,diploid,Ciliated_epithelial,NMPR
BD_immune02_13866,diploid,Ciliated_epithelial,NMPR
BD_immune03_248350,diploid,Ciliated_epithelial,MPR
BD_immune04_397649,diploid,Ciliated_epithelial,NMPR
BD_immune04_354997,diploid,Ciliated_epithelial,NMPR
BD_immune04_300317,diploid,Ciliated_epithelial,NMPR
BD_immune04_809126,diploid,Ciliated_epithelial,NMPR
BD_immune04_361365,diploid,Ciliated_epithelial,NMPR
BD_immune04_173384,diploid,Ciliated_epithelial,NMPR
BD_immune04_28325,diploid,Ciliated_epithelial,NMPR
BD_immune04_527847,diploid,Ciliated_epithelial,NMPR
BD_immune04_322601,diploid,Ciliated_epithelial,NMPR
BD_immune04_794140,diploid,Ciliated_epithelial,NMPR
BD_immune07_52841,aneuploid,Tumor_epithelial,NMPR
BD_immune07_90853,aneuploid,Tumor_epithelial,NMPR
BD_immune07_822868,aneuploid,Tumor_epithelial,NMPR
BD_immune07_581023,aneuploid,Tumor_epithelial,NMPR
BD_immune07_50303,aneuploid,Tumor_epithelial,NMPR
BD_immune07_732046,aneuploid,Tumor_epithelial,NMPR
BD_immune07_70202,aneuploid,Tumor_epithelial,NMPR
BD_immune07_617497,aneuploid,Tumor_epithelial,NMPR
BD_immune07_688769,aneuploid,Tumor_epithelial,NMPR
BD_immune07_30085,aneuploid,Tumor_epithelial,NMPR
BD_immune07_180790,aneuploid,Tumor_epithelial,NMPR
BD_immune07_252606,aneuploid,Tumor_epithelial,NMPR
BD_immune07_269714,aneuploid,Tumor_epithelial,NMPR
BD_immune07_196777,aneuploid,Tumor_epithelial,NMPR
BD_immune07_121066,aneuploid,Tumor_epithelial,NMPR
BD_immune07_474584,aneuploid,Tumor_epithelial,NMPR
BD_immune07_599161,aneuploid,Tumor_epithelial,NMPR
BD_immune07_813844,aneuploid,Tumor_epithelial,NMPR
BD_immune07_651741,aneuploid,Tumor_epithelial,NMPR
BD_immune07_51975,aneuploid,Tumor_epithelial,NMPR
BD_immune07_99888,aneuploid,Tumor_epithelial,NMPR
BD_immune07_18685,aneuploid,Tumor_epithelial,NMPR
BD_immune07_376523,aneuploid,Tumor_epithelial,NMPR
BD_immune07_736816,aneuploid,Tumor_epithelial,NMPR
BD_immune07_310204,aneuploid,Tumor_epithelial,NMPR
BD_immune07_604736,aneuploid,Tumor_epithelial,NMPR
BD_immune07_855806,aneuploid,Tumor_epithelial,NMPR
BD_immune07_633499,aneuploid,Tumor_epithelial,NMPR
BD_immune07_12148,aneuploid,Tumor_epithelial,NMPR
BD_immune07_148927,aneuploid,Tumor_epithelial,NMPR
BD_immune07_206146,aneuploid,Tumor_epithelial,NMPR
BD_immune07_103595,aneuploid,Tumor_epithelial,NMPR
BD_immune07_306144,aneuploid,Tumor_epithelial,NMPR
BD_immune07_819459,aneuploid,Tumor_epithelial,NMPR
BD_immune07_314532,aneuploid,Tumor_epithelial,NMPR
BD_immune07_225812,aneuploid,Tumor_epithelial,NMPR
BD_immune07_80339,aneuploid,Tumor_epithelial,NMPR
BD_immune07_274613,aneuploid,Tumor_epithelial,NMPR
BD_immune07_111431,aneuploid,Tumor_epithelial,NMPR
BD_immune07_452220,aneuploid,Tumor_epithelial,NMPR
BD_immune07_689157,aneuploid,Tumor_epithelial,NMPR
BD_immune07_759760,aneuploid,Tumor_epithelial,NMPR
BD_immune07_474604,aneuploid,Tumor_epithelial,NMPR
BD_immune07_841417,aneuploid,Tumor_epithelial,NMPR
BD_immune07_356402,aneuploid,Tumor_epithelial,NMPR
BD_immune07_682448,aneuploid,Tumor_epithelial,NMPR
BD_immune07_209705,aneuploid,Tumor_epithelial,NMPR
BD_immune07_420239,aneuploid,Tumor_epithelial,NMPR
BD_immune07_742820,aneuploid,Tumor_epithelial,NMPR
BD_immune07_502013,aneuploid,Tumor_epithelial,NMPR
BD_immune07_632286,aneuploid,Tumor_epithelial,NMPR
BD_immune07_848580,aneuploid,Tumor_epithelial,NMPR
BD_immune07_162009,aneuploid,Tumor_epithelial,NMPR
BD_immune07_211233,aneuploid,Tumor_epithelial,NMPR
BD_immune07_356805,aneuploid,Tumor_epithelial,NMPR
BD_immune07_437897,aneuploid,Tumor_epithelial,NMPR
BD_immune07_493081,aneuploid,Tumor_epithelial,NMPR
BD_immune07_468879,aneuploid,Tumor_epithelial,NMPR
BD_immune07_93500,aneuploid,Tumor_epithelial,NMPR
BD_immune07_210322,aneuploid,Tumor_epithelial,NMPR
BD_immune07_484080,aneuploid,Tumor_epithelial,NMPR
BD_immune07_564292,aneuploid,Tumor_epithelial,NMPR
BD_immune07_217084,aneuploid,Tumor_epithelial,NMPR
BD_immune07_32883,aneuploid,Tumor_epithelial,NMPR
BD_immune07_102272,aneuploid,Tumor_epithelial,NMPR
BD_immune07_815881,aneuploid,Tumor_epithelial,NMPR
BD_immune07_765983,aneuploid,Tumor_epithelial,NMPR
BD_immune07_83433,aneuploid,Tumor_epithelial,NMPR
BD_immune07_476319,aneuploid,Tumor_epithelial,NMPR
BD_immune07_495143,aneuploid,Tumor_epithelial,NMPR
BD_immune07_808412,aneuploid,Tumor_epithelial,NMPR
BD_immune07_772721,aneuploid,Tumor_epithelial,NMPR
BD_immune07_810064,aneuploid,Tumor_epithelial,NMPR
BD_immune07_532085,aneuploid,Tumor_epithelial,NMPR
BD_immune07_311944,aneuploid,Tumor_epithelial,NMPR
BD_immune07_189196,aneuploid,Tumor_epithelial,NMPR
BD_immune07_139021,aneuploid,Tumor_epithelial,NMPR
BD_immune07_457179,aneuploid,Tumor_epithelial,NMPR
BD_immune07_467513,aneuploid,Tumor_epithelial,NMPR
BD_immune07_43370,aneuploid,Tumor_epithelial,NMPR
BD_immune07_682964,aneuploid,Tumor_epithelial,NMPR
BD_immune07_103299,aneuploid,Tumor_epithelial,NMPR
BD_immune07_723572,aneuploid,Tumor_epithelial,NMPR
BD_immune07_405556,aneuploid,Tumor_epithelial,NMPR
BD_immune07_271685,aneuploid,Tumor_epithelial,NMPR
BD_immune07_844457,aneuploid,Tumor_epithelial,NMPR
BD_immune07_501458,aneuploid,Tumor_epithelial,NMPR
BD_immune07_864567,aneuploid,Tumor_epithelial,NMPR
BD_immune07_204286,aneuploid,Tumor_epithelial,NMPR
BD_immune07_112754,aneuploid,Tumor_epithelial,NMPR
BD_immune07_123200,aneuploid,Tumor_epithelial,NMPR
BD_immune07_93730,aneuploid,Tumor_epithelial,NMPR
BD_immune07_215196,aneuploid,Tumor_epithelial,NMPR
BD_immune07_407828,aneuploid,Tumor_epithelial,NMPR
BD_immune07_784855,aneuploid,Tumor_epithelial,NMPR
BD_immune07_612839,aneuploid,Tumor_epithelial,NMPR
BD_immune07_177905,aneuploid,Tumor_epithelial,NMPR
BD_immune07_143792,aneuploid,Tumor_epithelial,NMPR
BD_immune07_353533,aneuploid,Tumor_epithelial,NMPR
BD_immune07_580810,aneuploid,Tumor_epithelial,NMPR
BD_immune07_30383,aneuploid,Tumor_epithelial,NMPR
BD_immune07_288078,aneuploid,Tumor_epithelial,NMPR
BD_immune07_125464,aneuploid,Tumor_epithelial,NMPR
BD_immune07_268124,aneuploid,Tumor_epithelial,NMPR
BD_immune07_273923,aneuploid,Tumor_epithelial,NMPR
BD_immune07_135723,aneuploid,Tumor_epithelial,NMPR
BD_immune07_31921,aneuploid,Tumor_epithelial,NMPR
BD_immune07_241720,aneuploid,Tumor_epithelial,NMPR
BD_immune07_49085,aneuploid,Tumor_epithelial,NMPR
BD_immune07_441419,aneuploid,Tumor_epithelial,NMPR
BD_immune07_633418,aneuploid,Tumor_epithelial,NMPR
BD_immune07_812578,aneuploid,Tumor_epithelial,NMPR
BD_immune07_804047,aneuploid,Tumor_epithelial,NMPR
BD_immune07_231760,aneuploid,Tumor_epithelial,NMPR
BD_immune07_581003,aneuploid,Tumor_epithelial,NMPR
BD_immune07_246165,aneuploid,Tumor_epithelial,NMPR
BD_immune07_611056,aneuploid,Tumor_epithelial,NMPR
BD_immune07_421243,aneuploid,Tumor_epithelial,NMPR
BD_immune07_128227,aneuploid,Tumor_epithelial,NMPR
BD_immune07_757656,aneuploid,Tumor_epithelial,NMPR
BD_immune07_292215,aneuploid,Tumor_epithelial,NMPR
BD_immune07_184648,aneuploid,Tumor_epithelial,NMPR
BD_immune07_550754,aneuploid,Tumor_epithelial,NMPR
BD_immune07_554963,aneuploid,Tumor_epithelial,NMPR
BD_immune07_382689,aneuploid,Tumor_epithelial,NMPR
BD_immune07_150006,aneuploid,Tumor_epithelial,NMPR
BD_immune07_214714,aneuploid,Tumor_epithelial,NMPR
BD_immune07_181748,aneuploid,Tumor_epithelial,NMPR
BD_immune07_695966,aneuploid,Tumor_epithelial,NMPR
BD_immune07_793429,aneuploid,Tumor_epithelial,NMPR
BD_immune07_508699,aneuploid,Tumor_epithelial,NMPR
BD_immune07_520877,aneuploid,Tumor_epithelial,NMPR
BD_immune07_305931,aneuploid,Tumor_epithelial,NMPR
BD_immune07_101968,aneuploid,Tumor_epithelial,NMPR
BD_immune07_251196,aneuploid,Tumor_epithelial,NMPR
BD_immune07_276224,aneuploid,Tumor_epithelial,NMPR
BD_immune07_474891,aneuploid,Tumor_epithelial,NMPR
BD_immune07_306217,aneuploid,Tumor_epithelial,NMPR
BD_immune07_349016,aneuploid,Tumor_epithelial,NMPR
BD_immune07_506697,aneuploid,Tumor_epithelial,NMPR
BD_immune07_634788,aneuploid,Tumor_epithelial,NMPR
BD_immune07_407691,aneuploid,Tumor_epithelial,NMPR
BD_immune07_313963,aneuploid,Tumor_epithelial,NMPR
BD_immune07_155349,aneuploid,Tumor_epithelial,NMPR
BD_immune07_35840,aneuploid,Tumor_epithelial,NMPR
BD_immune07_186675,aneuploid,Tumor_epithelial,NMPR
BD_immune07_715454,aneuploid,Tumor_epithelial,NMPR
BD_immune07_517126,aneuploid,Tumor_epithelial,NMPR
BD_immune07_383379,aneuploid,Tumor_epithelial,NMPR
BD_immune07_388107,aneuploid,Tumor_epithelial,NMPR
BD_immune07_248053,aneuploid,Tumor_epithelial,NMPR
BD_immune07_425626,aneuploid,Tumor_epithelial,NMPR
BD_immune07_210019,aneuploid,Tumor_epithelial,NMPR
BD_immune07_42078,aneuploid,Tumor_epithelial,NMPR
BD_immune07_623323,aneuploid,Tumor_epithelial,NMPR
BD_immune07_832169,aneuploid,Tumor_epithelial,NMPR
BD_immune07_520839,aneuploid,Tumor_epithelial,NMPR
BD_immune07_505034,aneuploid,Tumor_epithelial,NMPR
BD_immune07_653519,aneuploid,Tumor_epithelial,NMPR
BD_immune07_466093,aneuploid,Tumor_epithelial,NMPR
BD_immune07_78116,aneuploid,Tumor_epithelial,NMPR
BD_immune07_680225,aneuploid,Tumor_epithelial,NMPR
BD_immune07_520331,aneuploid,Tumor_epithelial,NMPR
BD_immune07_373931,aneuploid,Tumor_epithelial,NMPR
BD_immune07_560527,aneuploid,Tumor_epithelial,NMPR
BD_immune07_249145,aneuploid,Tumor_epithelial,NMPR
BD_immune07_556530,aneuploid,Tumor_epithelial,NMPR
BD_immune07_129762,aneuploid,Tumor_epithelial,NMPR
BD_immune07_805182,aneuploid,Tumor_epithelial,NMPR
BD_immune07_692488,aneuploid,Tumor_epithelial,NMPR
BD_immune07_656447,aneuploid,Tumor_epithelial,NMPR
BD_immune07_580324,aneuploid,Tumor_epithelial,NMPR
BD_immune07_10253,aneuploid,Tumor_epithelial,NMPR
BD_immune07_180036,aneuploid,Tumor_epithelial,NMPR
BD_immune07_830175,aneuploid,Tumor_epithelial,NMPR
BD_immune07_9819,aneuploid,Tumor_epithelial,NMPR
BD_immune07_733512,aneuploid,Tumor_epithelial,NMPR
BD_immune07_13972,aneuploid,Tumor_epithelial,NMPR
BD_immune07_418211,aneuploid,Tumor_epithelial,NMPR
BD_immune07_514684,aneuploid,Tumor_epithelial,NMPR
BD_immune07_600299,aneuploid,Tumor_epithelial,NMPR
BD_immune07_693682,aneuploid,Tumor_epithelial,NMPR
BD_immune07_335430,aneuploid,Tumor_epithelial,NMPR
BD_immune07_631544,aneuploid,Tumor_epithelial,NMPR
BD_immune07_237651,aneuploid,Tumor_epithelial,NMPR
BD_immune07_284280,aneuploid,Tumor_epithelial,NMPR
BD_immune07_717293,aneuploid,Tumor_epithelial,NMPR
BD_immune07_19728,aneuploid,Tumor_epithelial,NMPR
BD_immune07_721092,aneuploid,Tumor_epithelial,NMPR
BD_immune07_556050,aneuploid,Tumor_epithelial,NMPR
BD_immune07_62376,aneuploid,Tumor_epithelial,NMPR
BD_immune07_258831,aneuploid,Tumor_epithelial,NMPR
BD_immune07_4605,aneuploid,Tumor_epithelial,NMPR
BD_immune07_803974,aneuploid,Tumor_epithelial,NMPR
BD_immune07_833601,aneuploid,Tumor_epithelial,NMPR
BD_immune07_232545,aneuploid,Tumor_epithelial,NMPR
BD_immune07_709324,aneuploid,Tumor_epithelial,NMPR
BD_immune07_785044,aneuploid,Tumor_epithelial,NMPR
BD_immune07_489126,aneuploid,Tumor_epithelial,NMPR
BD_immune07_798676,aneuploid,Tumor_epithelial,NMPR
BD_immune07_160657,aneuploid,Tumor_epithelial,NMPR
BD_immune07_305842,aneuploid,Tumor_epithelial,NMPR
BD_immune07_200132,aneuploid,Tumor_epithelial,NMPR
BD_immune07_271202,aneuploid,Tumor_epithelial,NMPR
BD_immune07_182072,aneuploid,Tumor_epithelial,NMPR
BD_immune07_876613,aneuploid,Tumor_epithelial,NMPR
BD_immune07_172163,aneuploid,Tumor_epithelial,NMPR
BD_immune07_380013,aneuploid,Tumor_epithelial,NMPR
BD_immune07_848229,aneuploid,Tumor_epithelial,NMPR
BD_immune07_416245,aneuploid,Tumor_epithelial,NMPR
BD_immune07_469453,aneuploid,Tumor_epithelial,NMPR
BD_immune07_376445,aneuploid,Tumor_epithelial,NMPR
BD_immune07_101992,aneuploid,Tumor_epithelial,NMPR
BD_immune07_71210,aneuploid,Tumor_epithelial,NMPR
BD_immune07_821490,aneuploid,Tumor_epithelial,NMPR
BD_immune07_315779,aneuploid,Tumor_epithelial,NMPR
BD_immune07_42051,aneuploid,Tumor_epithelial,NMPR
BD_immune07_723784,aneuploid,Tumor_epithelial,NMPR
BD_immune07_328151,aneuploid,Tumor_epithelial,NMPR
BD_immune07_87918,aneuploid,Tumor_epithelial,NMPR
BD_immune07_49534,aneuploid,Tumor_epithelial,NMPR
BD_immune07_368012,aneuploid,Tumor_epithelial,NMPR
BD_immune07_601787,aneuploid,Tumor_epithelial,NMPR
BD_immune07_231682,aneuploid,Tumor_epithelial,NMPR
BD_immune07_243529,aneuploid,Tumor_epithelial,NMPR
BD_immune07_115810,aneuploid,Tumor_epithelial,NMPR
BD_immune07_818504,aneuploid,Tumor_epithelial,NMPR
BD_immune07_712183,aneuploid,Tumor_epithelial,NMPR
BD_immune07_400290,aneuploid,Tumor_epithelial,NMPR
BD_immune07_714899,aneuploid,Tumor_epithelial,NMPR
BD_immune07_232553,aneuploid,Tumor_epithelial,NMPR
BD_immune07_29648,aneuploid,Tumor_epithelial,NMPR
BD_immune07_281706,aneuploid,Tumor_epithelial,NMPR
BD_immune07_495632,aneuploid,Tumor_epithelial,NMPR
BD_immune07_609480,aneuploid,Tumor_epithelial,NMPR
BD_immune07_824764,aneuploid,Tumor_epithelial,NMPR
BD_immune07_20983,aneuploid,Tumor_epithelial,NMPR
BD_immune07_101874,aneuploid,Tumor_epithelial,NMPR
BD_immune07_749460,aneuploid,Tumor_epithelial,NMPR
BD_immune07_625311,aneuploid,Tumor_epithelial,NMPR
BD_immune07_33221,aneuploid,Tumor_epithelial,NMPR
BD_immune07_4621,aneuploid,Tumor_epithelial,NMPR
BD_immune07_575462,aneuploid,Tumor_epithelial,NMPR
BD_immune07_754635,aneuploid,Tumor_epithelial,NMPR
BD_immune07_292891,aneuploid,Tumor_epithelial,NMPR
BD_immune07_709073,aneuploid,Tumor_epithelial,NMPR
BD_immune07_324387,aneuploid,Tumor_epithelial,NMPR
BD_immune07_277786,aneuploid,Tumor_epithelial,NMPR
BD_immune07_649357,aneuploid,Tumor_epithelial,NMPR
BD_immune07_826750,aneuploid,Tumor_epithelial,NMPR
BD_immune07_767163,aneuploid,Tumor_epithelial,NMPR
BD_immune07_150914,aneuploid,Tumor_epithelial,NMPR
BD_immune07_604350,aneuploid,Tumor_epithelial,NMPR
BD_immune07_760559,aneuploid,Tumor_epithelial,NMPR
BD_immune07_596633,aneuploid,Tumor_epithelial,NMPR
BD_immune07_820371,aneuploid,Tumor_epithelial,NMPR
BD_immune07_203747,aneuploid,Tumor_epithelial,NMPR
BD_immune07_317986,aneuploid,Tumor_epithelial,NMPR
BD_immune07_840093,aneuploid,Tumor_epithelial,NMPR
BD_immune07_270615,aneuploid,Tumor_epithelial,NMPR
BD_immune07_734382,aneuploid,Tumor_epithelial,NMPR
BD_immune07_67608,aneuploid,Tumor_epithelial,NMPR
BD_immune07_331053,aneuploid,Tumor_epithelial,NMPR
BD_immune07_536211,aneuploid,Tumor_epithelial,NMPR
BD_immune07_535244,aneuploid,Tumor_epithelial,NMPR
BD_immune07_698344,aneuploid,Tumor_epithelial,NMPR
BD_immune07_302458,aneuploid,Tumor_epithelial,NMPR
BD_immune07_649913,aneuploid,Tumor_epithelial,NMPR
BD_immune07_253723,aneuploid,Tumor_epithelial,NMPR
BD_immune07_833374,aneuploid,Tumor_epithelial,NMPR
BD_immune07_69285,aneuploid,Tumor_epithelial,NMPR
BD_immune07_385601,aneuploid,Tumor_epithelial,NMPR
BD_immune07_192896,aneuploid,Tumor_epithelial,NMPR
BD_immune07_879857,aneuploid,Tumor_epithelial,NMPR
BD_immune07_425228,aneuploid,Tumor_epithelial,NMPR
BD_immune07_69657,aneuploid,Tumor_epithelial,NMPR
BD_immune07_720298,aneuploid,Tumor_epithelial,NMPR
BD_immune07_134225,aneuploid,Tumor_epithelial,NMPR
BD_immune07_7693,aneuploid,Tumor_epithelial,NMPR
BD_immune07_404848,aneuploid,Tumor_epithelial,NMPR
BD_immune07_117315,aneuploid,Tumor_epithelial,NMPR
BD_immune07_15208,aneuploid,Tumor_epithelial,NMPR
BD_immune07_728918,aneuploid,Tumor_epithelial,NMPR
BD_immune07_19875,aneuploid,Tumor_epithelial,NMPR
BD_immune07_424577,aneuploid,Tumor_epithelial,NMPR
BD_immune07_101562,aneuploid,Tumor_epithelial,NMPR
BD_immune07_338703,aneuploid,Tumor_epithelial,NMPR
BD_immune07_569266,aneuploid,Tumor_epithelial,NMPR
BD_immune07_168562,aneuploid,Tumor_epithelial,NMPR
BD_immune07_874024,aneuploid,Tumor_epithelial,NMPR
BD_immune07_732743,aneuploid,Tumor_epithelial,NMPR
BD_immune07_585592,aneuploid,Tumor_epithelial,NMPR
BD_immune07_391395,aneuploid,Tumor_epithelial,NMPR
BD_immune07_359054,aneuploid,Tumor_epithelial,NMPR
BD_immune07_203604,aneuploid,Tumor_epithelial,NMPR
BD_immune07_345310,aneuploid,Tumor_epithelial,NMPR
BD_immune07_719809,aneuploid,Tumor_epithelial,NMPR
BD_immune07_787351,aneuploid,Tumor_epithelial,NMPR
BD_immune07_724392,aneuploid,Tumor_epithelial,NMPR
BD_immune07_461474,aneuploid,Tumor_epithelial,NMPR
BD_immune07_697361,aneuploid,Tumor_epithelial,NMPR
BD_immune07_778284,aneuploid,Tumor_epithelial,NMPR
BD_immune07_374425,aneuploid,Tumor_epithelial,NMPR
BD_immune07_365447,aneuploid,Tumor_epithelial,NMPR
BD_immune07_12229,aneuploid,Tumor_epithelial,NMPR
BD_immune07_625172,aneuploid,Tumor_epithelial,NMPR
BD_immune07_67387,aneuploid,Tumor_epithelial,NMPR
BD_immune07_196191,aneuploid,Tumor_epithelial,NMPR
BD_immune07_135205,aneuploid,Tumor_epithelial,NMPR
BD_immune07_258660,aneuploid,Tumor_epithelial,NMPR
BD_immune07_528755,aneuploid,Tumor_epithelial,NMPR
BD_immune07_61307,aneuploid,Tumor_epithelial,NMPR
BD_immune07_432504,aneuploid,Tumor_epithelial,NMPR
BD_immune07_445211,aneuploid,Tumor_epithelial,NMPR
BD_immune07_366466,aneuploid,Tumor_epithelial,NMPR
BD_immune07_591265,aneuploid,Tumor_epithelial,NMPR
BD_immune07_213792,aneuploid,Tumor_epithelial,NMPR
BD_immune07_5946,aneuploid,Tumor_epithelial,NMPR
BD_immune07_853814,aneuploid,Tumor_epithelial,NMPR
BD_immune07_446100,aneuploid,Tumor_epithelial,NMPR
BD_immune07_1934,aneuploid,Tumor_epithelial,NMPR
BD_immune07_449387,aneuploid,Tumor_epithelial,NMPR
BD_immune07_726223,aneuploid,Tumor_epithelial,NMPR
BD_immune07_872888,aneuploid,Tumor_epithelial,NMPR
BD_immune07_777216,aneuploid,Tumor_epithelial,NMPR
BD_immune07_165533,aneuploid,Tumor_epithelial,NMPR
BD_immune07_97241,aneuploid,Tumor_epithelial,NMPR
BD_immune07_388944,aneuploid,Tumor_epithelial,NMPR
BD_immune07_41569,aneuploid,Tumor_epithelial,NMPR
BD_immune07_654029,aneuploid,Tumor_epithelial,NMPR
BD_immune07_392398,aneuploid,Tumor_epithelial,NMPR
BD_immune07_242723,aneuploid,Tumor_epithelial,NMPR
BD_immune07_701678,aneuploid,Tumor_epithelial,NMPR
BD_immune07_843347,aneuploid,Tumor_epithelial,NMPR
BD_immune07_552976,aneuploid,Tumor_epithelial,NMPR
BD_immune07_4937,aneuploid,Tumor_epithelial,NMPR
BD_immune07_6707,aneuploid,Tumor_epithelial,NMPR
BD_immune07_235004,aneuploid,Tumor_epithelial,NMPR
BD_immune07_15016,aneuploid,Tumor_epithelial,NMPR
BD_immune07_303013,aneuploid,Tumor_epithelial,NMPR
BD_immune07_487568,aneuploid,Tumor_epithelial,NMPR
BD_immune07_206302,aneuploid,Tumor_epithelial,NMPR
BD_immune07_742404,aneuploid,Tumor_epithelial,NMPR
BD_immune07_191277,aneuploid,Tumor_epithelial,NMPR
BD_immune07_388235,aneuploid,Tumor_epithelial,NMPR
BD_immune07_867108,aneuploid,Tumor_epithelial,NMPR
BD_immune07_362912,aneuploid,Tumor_epithelial,NMPR
BD_immune07_604199,aneuploid,Tumor_epithelial,NMPR
BD_immune07_342031,aneuploid,Tumor_epithelial,NMPR
BD_immune07_193052,aneuploid,Tumor_epithelial,NMPR
BD_immune07_162566,aneuploid,Tumor_epithelial,NMPR
BD_immune07_444108,aneuploid,Tumor_epithelial,NMPR
BD_immune07_409621,aneuploid,Tumor_epithelial,NMPR
BD_immune07_375801,aneuploid,Tumor_epithelial,NMPR
BD_immune07_122508,aneuploid,Tumor_epithelial,NMPR
BD_immune07_307363,aneuploid,Tumor_epithelial,NMPR
BD_immune07_202869,aneuploid,Tumor_epithelial,NMPR
BD_immune07_239377,aneuploid,Tumor_epithelial,NMPR
BD_immune07_588806,aneuploid,Tumor_epithelial,NMPR
BD_immune07_531527,aneuploid,Tumor_epithelial,NMPR
BD_immune07_393053,aneuploid,Tumor_epithelial,NMPR
BD_immune07_469208,aneuploid,Tumor_epithelial,NMPR
BD_immune07_238357,aneuploid,Tumor_epithelial,NMPR
BD_immune07_220842,aneuploid,Tumor_epithelial,NMPR
BD_immune07_39495,aneuploid,Tumor_epithelial,NMPR
BD_immune07_786107,aneuploid,Tumor_epithelial,NMPR
BD_immune07_75024,aneuploid,Tumor_epithelial,NMPR
BD_immune07_495368,aneuploid,Tumor_epithelial,NMPR
BD_immune07_662183,aneuploid,Tumor_epithelial,NMPR
BD_immune07_741401,aneuploid,Tumor_epithelial,NMPR
BD_immune07_866170,aneuploid,Tumor_epithelial,NMPR
BD_immune07_584941,aneuploid,Tumor_epithelial,NMPR
BD_immune07_273907,aneuploid,Tumor_epithelial,NMPR
BD_immune07_49022,aneuploid,Tumor_epithelial,NMPR
BD_immune07_249411,aneuploid,Tumor_epithelial,NMPR
BD_immune07_472160,aneuploid,Tumor_epithelial,NMPR
BD_immune07_508540,aneuploid,Tumor_epithelial,NMPR
BD_immune07_383787,aneuploid,Tumor_epithelial,NMPR
BD_immune07_370778,aneuploid,Tumor_epithelial,NMPR
BD_immune07_576602,aneuploid,Tumor_epithelial,NMPR
BD_immune07_44697,aneuploid,Tumor_epithelial,NMPR
BD_immune07_175206,aneuploid,Tumor_epithelial,NMPR
BD_immune07_806566,aneuploid,Tumor_epithelial,NMPR
BD_immune07_855210,aneuploid,Tumor_epithelial,NMPR
BD_immune07_557950,aneuploid,Tumor_epithelial,NMPR
BD_immune07_548424,aneuploid,Tumor_epithelial,NMPR
BD_immune07_491427,aneuploid,Tumor_epithelial,NMPR
BD_immune07_37416,aneuploid,Tumor_epithelial,NMPR
BD_immune07_617710,aneuploid,Tumor_epithelial,NMPR
BD_immune07_463956,aneuploid,Tumor_epithelial,NMPR
BD_immune07_27869,aneuploid,Tumor_epithelial,NMPR
BD_immune07_377605,aneuploid,Tumor_epithelial,NMPR
BD_immune07_806366,aneuploid,Tumor_epithelial,NMPR
BD_immune07_822671,aneuploid,Tumor_epithelial,NMPR
BD_immune07_605236,aneuploid,Tumor_epithelial,NMPR
BD_immune07_507909,aneuploid,Tumor_epithelial,NMPR
BD_immune07_39078,aneuploid,Tumor_epithelial,NMPR
BD_immune07_68930,aneuploid,Tumor_epithelial,NMPR
BD_immune07_322699,aneuploid,Tumor_epithelial,NMPR
BD_immune07_377512,aneuploid,Tumor_epithelial,NMPR
BD_immune07_718277,aneuploid,Tumor_epithelial,NMPR
BD_immune07_93902,aneuploid,Tumor_epithelial,NMPR
BD_immune07_198039,aneuploid,Tumor_epithelial,NMPR
BD_immune07_586808,aneuploid,Tumor_epithelial,NMPR
BD_immune07_823296,aneuploid,Tumor_epithelial,NMPR
BD_immune07_243469,aneuploid,Tumor_epithelial,NMPR
BD_immune07_602680,aneuploid,Tumor_epithelial,NMPR
BD_immune07_263252,aneuploid,Tumor_epithelial,NMPR
BD_immune07_212732,aneuploid,Tumor_epithelial,NMPR
BD_immune07_285569,aneuploid,Tumor_epithelial,NMPR
BD_immune07_80336,aneuploid,Tumor_epithelial,NMPR
BD_immune07_157349,aneuploid,Tumor_epithelial,NMPR
BD_immune07_361317,aneuploid,Tumor_epithelial,NMPR
BD_immune07_504314,aneuploid,Tumor_epithelial,NMPR
BD_immune07_706314,aneuploid,Tumor_epithelial,NMPR
BD_immune07_813647,aneuploid,Tumor_epithelial,NMPR
BD_immune07_835644,aneuploid,Tumor_epithelial,NMPR
BD_immune07_251607,aneuploid,Tumor_epithelial,NMPR
BD_immune07_53529,aneuploid,Tumor_epithelial,NMPR
BD_immune07_814734,aneuploid,Tumor_epithelial,NMPR
BD_immune07_512004,aneuploid,Tumor_epithelial,NMPR
BD_immune07_66109,aneuploid,Tumor_epithelial,NMPR
BD_immune07_89055,aneuploid,Tumor_epithelial,NMPR
BD_immune07_367080,aneuploid,Tumor_epithelial,NMPR
BD_immune07_781136,aneuploid,Tumor_epithelial,NMPR
BD_immune07_496150,aneuploid,Tumor_epithelial,NMPR
BD_immune07_610025,aneuploid,Tumor_epithelial,NMPR
BD_immune07_268475,aneuploid,Tumor_epithelial,NMPR
BD_immune07_11452,aneuploid,Tumor_epithelial,NMPR
BD_immune07_204052,aneuploid,Tumor_epithelial,NMPR
BD_immune07_230884,aneuploid,Tumor_epithelial,NMPR
BD_immune07_764063,aneuploid,Tumor_epithelial,NMPR
BD_immune07_260736,aneuploid,Tumor_epithelial,NMPR
BD_immune07_5608,aneuploid,Tumor_epithelial,NMPR
BD_immune07_786255,aneuploid,Tumor_epithelial,NMPR
BD_immune07_508635,aneuploid,Tumor_epithelial,NMPR
BD_immune07_799512,aneuploid,Tumor_epithelial,NMPR
BD_immune07_817449,aneuploid,Tumor_epithelial,NMPR
BD_immune07_296152,aneuploid,Tumor_epithelial,NMPR
BD_immune07_409217,aneuploid,Tumor_epithelial,NMPR
BD_immune07_208733,aneuploid,Tumor_epithelial,NMPR
BD_immune07_444846,aneuploid,Tumor_epithelial,NMPR
BD_immune07_429546,aneuploid,Tumor_epithelial,NMPR
BD_immune07_867157,aneuploid,Tumor_epithelial,NMPR
BD_immune07_824214,aneuploid,Tumor_epithelial,NMPR
BD_immune07_411884,aneuploid,Tumor_epithelial,NMPR
BD_immune07_883599,aneuploid,Tumor_epithelial,NMPR
BD_immune07_163966,aneuploid,Tumor_epithelial,NMPR
BD_immune07_503116,aneuploid,Tumor_epithelial,NMPR
BD_immune07_806525,aneuploid,Tumor_epithelial,NMPR
BD_immune07_43867,aneuploid,Tumor_epithelial,NMPR
BD_immune07_243936,aneuploid,Tumor_epithelial,NMPR
BD_immune07_213966,aneuploid,Tumor_epithelial,NMPR
BD_immune07_466394,aneuploid,Tumor_epithelial,NMPR
BD_immune07_300627,aneuploid,Tumor_epithelial,NMPR
BD_immune07_135582,aneuploid,Tumor_epithelial,NMPR
BD_immune07_483963,aneuploid,Tumor_epithelial,NMPR
BD_immune07_368622,aneuploid,Tumor_epithelial,NMPR
BD_immune07_14859,aneuploid,Tumor_epithelial,NMPR
BD_immune07_862005,aneuploid,Tumor_epithelial,NMPR
BD_immune07_858143,aneuploid,Tumor_epithelial,NMPR
BD_immune07_805908,aneuploid,Tumor_epithelial,NMPR
BD_immune07_545891,aneuploid,Tumor_epithelial,NMPR
BD_immune07_305635,aneuploid,Tumor_epithelial,NMPR
BD_immune07_512397,aneuploid,Tumor_epithelial,NMPR
BD_immune07_449830,aneuploid,Tumor_epithelial,NMPR
BD_immune07_101737,aneuploid,Tumor_epithelial,NMPR
BD_immune07_503491,aneuploid,Tumor_epithelial,NMPR
BD_immune07_505686,aneuploid,Tumor_epithelial,NMPR
BD_immune07_415827,aneuploid,Tumor_epithelial,NMPR
BD_immune07_138183,aneuploid,Tumor_epithelial,NMPR
BD_immune07_530853,aneuploid,Tumor_epithelial,NMPR
BD_immune07_5541,aneuploid,Tumor_epithelial,NMPR
BD_immune07_209123,aneuploid,Tumor_epithelial,NMPR
BD_immune07_352147,aneuploid,Tumor_epithelial,NMPR
BD_immune07_10998,aneuploid,Tumor_epithelial,NMPR
BD_immune07_272367,aneuploid,Tumor_epithelial,NMPR
BD_immune07_357477,aneuploid,Tumor_epithelial,NMPR
BD_immune07_190938,aneuploid,Tumor_epithelial,NMPR
BD_immune07_492702,aneuploid,Tumor_epithelial,NMPR
BD_immune07_401845,aneuploid,Tumor_epithelial,NMPR
BD_immune07_402064,aneuploid,Tumor_epithelial,NMPR
BD_immune07_812197,aneuploid,Tumor_epithelial,NMPR
BD_immune07_80736,aneuploid,Tumor_epithelial,NMPR
BD_immune07_147643,aneuploid,Tumor_epithelial,NMPR
BD_immune07_143762,aneuploid,Tumor_epithelial,NMPR
BD_immune07_644691,aneuploid,Tumor_epithelial,NMPR
BD_immune07_765728,aneuploid,Tumor_epithelial,NMPR
BD_immune07_853511,aneuploid,Tumor_epithelial,NMPR
BD_immune07_429051,aneuploid,Tumor_epithelial,NMPR
BD_immune07_113108,aneuploid,Tumor_epithelial,NMPR
BD_immune07_462776,aneuploid,Tumor_epithelial,NMPR
BD_immune07_152830,aneuploid,Tumor_epithelial,NMPR
BD_immune07_784100,aneuploid,Tumor_epithelial,NMPR
BD_immune07_50465,aneuploid,Tumor_epithelial,NMPR
BD_immune07_244082,aneuploid,Tumor_epithelial,NMPR
BD_immune07_725041,aneuploid,Tumor_epithelial,NMPR
BD_immune07_8882,aneuploid,Tumor_epithelial,NMPR
BD_immune07_614963,aneuploid,Tumor_epithelial,NMPR
BD_immune07_794199,aneuploid,Tumor_epithelial,NMPR
BD_immune07_587606,aneuploid,Tumor_epithelial,NMPR
BD_immune07_365450,aneuploid,Tumor_epithelial,NMPR
BD_immune07_120201,aneuploid,Tumor_epithelial,NMPR
BD_immune07_246726,aneuploid,Tumor_epithelial,NMPR
BD_immune07_317309,aneuploid,Tumor_epithelial,NMPR
BD_immune07_699792,aneuploid,Tumor_epithelial,NMPR
BD_immune07_203512,aneuploid,Tumor_epithelial,NMPR
BD_immune07_302835,aneuploid,Tumor_epithelial,NMPR
BD_immune07_104017,aneuploid,Tumor_epithelial,NMPR
BD_immune07_230992,aneuploid,Tumor_epithelial,NMPR
BD_immune07_747528,aneuploid,Tumor_epithelial,NMPR
BD_immune07_473007,aneuploid,Tumor_epithelial,NMPR
BD_immune07_589829,aneuploid,Tumor_epithelial,NMPR
BD_immune07_667943,aneuploid,Tumor_epithelial,NMPR
BD_immune07_174355,aneuploid,Tumor_epithelial,NMPR
BD_immune07_412522,aneuploid,Tumor_epithelial,NMPR
BD_immune07_616993,aneuploid,Tumor_epithelial,NMPR
BD_immune07_474722,aneuploid,Tumor_epithelial,NMPR
BD_immune07_485640,aneuploid,Tumor_epithelial,NMPR
BD_immune07_185469,aneuploid,Tumor_epithelial,NMPR
BD_immune07_186925,aneuploid,Tumor_epithelial,NMPR
BD_immune07_861421,aneuploid,Tumor_epithelial,NMPR
BD_immune07_20376,aneuploid,Tumor_epithelial,NMPR
BD_immune07_308938,aneuploid,Tumor_epithelial,NMPR
BD_immune07_389275,aneuploid,Tumor_epithelial,NMPR
BD_immune07_657865,aneuploid,Tumor_epithelial,NMPR
BD_immune07_230558,aneuploid,Tumor_epithelial,NMPR
BD_immune07_749986,aneuploid,Tumor_epithelial,NMPR
BD_immune07_348846,aneuploid,Tumor_epithelial,NMPR
BD_immune07_188917,aneuploid,Tumor_epithelial,NMPR
BD_immune07_2021,aneuploid,Tumor_epithelial,NMPR
BD_immune07_833931,aneuploid,Tumor_epithelial,NMPR
BD_immune07_62898,aneuploid,Tumor_epithelial,NMPR
BD_immune07_678288,aneuploid,Tumor_epithelial,NMPR
BD_immune07_176311,aneuploid,Tumor_epithelial,NMPR
BD_immune07_857622,aneuploid,Tumor_epithelial,NMPR
BD_immune07_647284,aneuploid,Tumor_epithelial,NMPR
BD_immune07_684868,aneuploid,Tumor_epithelial,NMPR
BD_immune07_478595,aneuploid,Tumor_epithelial,NMPR
BD_immune07_339533,aneuploid,Tumor_epithelial,NMPR
BD_immune07_856420,aneuploid,Tumor_epithelial,NMPR
BD_immune07_723591,aneuploid,Tumor_epithelial,NMPR
BD_immune07_289382,aneuploid,Tumor_epithelial,NMPR
BD_immune07_318540,aneuploid,Tumor_epithelial,NMPR
BD_immune07_687020,aneuploid,Tumor_epithelial,NMPR
BD_immune07_207459,aneuploid,Tumor_epithelial,NMPR
BD_immune07_484720,aneuploid,Tumor_epithelial,NMPR
BD_immune07_300943,aneuploid,Tumor_epithelial,NMPR
BD_immune07_214096,aneuploid,Tumor_epithelial,NMPR
BD_immune07_548013,aneuploid,Tumor_epithelial,NMPR
BD_immune07_505016,aneuploid,Tumor_epithelial,NMPR
BD_immune07_787684,aneuploid,Tumor_epithelial,NMPR
BD_immune07_438348,aneuploid,Tumor_epithelial,NMPR
BD_immune07_613044,aneuploid,Tumor_epithelial,NMPR
BD_immune07_427946,aneuploid,Tumor_epithelial,NMPR
BD_immune07_870272,aneuploid,Tumor_epithelial,NMPR
BD_immune07_231244,aneuploid,Tumor_epithelial,NMPR
BD_immune07_419041,aneuploid,Tumor_epithelial,NMPR
BD_immune07_189667,aneuploid,Tumor_epithelial,NMPR
BD_immune07_670566,aneuploid,Tumor_epithelial,NMPR
BD_immune07_245095,aneuploid,Tumor_epithelial,NMPR
BD_immune07_836399,aneuploid,Tumor_epithelial,NMPR
BD_immune07_756907,aneuploid,Tumor_epithelial,NMPR
BD_immune07_697238,aneuploid,Tumor_epithelial,NMPR
BD_immune07_168138,aneuploid,Tumor_epithelial,NMPR
BD_immune07_42019,aneuploid,Tumor_epithelial,NMPR
BD_immune07_701793,aneuploid,Tumor_epithelial,NMPR
BD_immune07_544200,aneuploid,Tumor_epithelial,NMPR
BD_immune07_772514,aneuploid,Tumor_epithelial,NMPR
BD_immune07_672448,aneuploid,Tumor_epithelial,NMPR
BD_immune07_422867,aneuploid,Tumor_epithelial,NMPR
BD_immune07_802224,aneuploid,Tumor_epithelial,NMPR
BD_immune07_816716,aneuploid,Tumor_epithelial,NMPR
BD_immune07_826214,aneuploid,Tumor_epithelial,NMPR
BD_immune07_16543,aneuploid,Tumor_epithelial,NMPR
BD_immune07_574625,aneuploid,Tumor_epithelial,NMPR
BD_immune07_340833,aneuploid,Tumor_epithelial,NMPR
BD_immune07_805981,aneuploid,Tumor_epithelial,NMPR
BD_immune07_365808,aneuploid,Tumor_epithelial,NMPR
BD_immune07_696436,aneuploid,Tumor_epithelial,NMPR
BD_immune07_691916,aneuploid,Tumor_epithelial,NMPR
BD_immune07_606421,aneuploid,Tumor_epithelial,NMPR
BD_immune07_498196,aneuploid,Tumor_epithelial,NMPR
BD_immune07_140422,aneuploid,Tumor_epithelial,NMPR
BD_immune07_810716,aneuploid,Tumor_epithelial,NMPR
BD_immune07_524840,aneuploid,Tumor_epithelial,NMPR
BD_immune07_874903,aneuploid,Tumor_epithelial,NMPR
BD_immune07_184516,aneuploid,Tumor_epithelial,NMPR
BD_immune07_424225,aneuploid,Tumor_epithelial,NMPR
BD_immune07_508514,aneuploid,Tumor_epithelial,NMPR
BD_immune07_637039,aneuploid,Tumor_epithelial,NMPR
BD_immune07_87959,aneuploid,Tumor_epithelial,NMPR
BD_immune07_269421,aneuploid,Tumor_epithelial,NMPR
BD_immune07_118283,aneuploid,Tumor_epithelial,NMPR
BD_immune07_429779,aneuploid,Tumor_epithelial,NMPR
BD_immune07_810913,aneuploid,Tumor_epithelial,NMPR
BD_immune07_567431,aneuploid,Tumor_epithelial,NMPR
BD_immune07_381012,aneuploid,Tumor_epithelial,NMPR
BD_immune07_627977,aneuploid,Tumor_epithelial,NMPR
BD_immune07_8532,aneuploid,Tumor_epithelial,NMPR
BD_immune07_168993,aneuploid,Tumor_epithelial,NMPR
BD_immune07_377534,aneuploid,Tumor_epithelial,NMPR
BD_immune07_528321,aneuploid,Tumor_epithelial,NMPR
BD_immune07_521155,aneuploid,Tumor_epithelial,NMPR
BD_immune07_478428,aneuploid,Tumor_epithelial,NMPR
BD_immune07_308944,aneuploid,Tumor_epithelial,NMPR
BD_immune07_744019,aneuploid,Tumor_epithelial,NMPR
BD_immune07_66998,aneuploid,Tumor_epithelial,NMPR
BD_immune07_13599,aneuploid,Tumor_epithelial,NMPR
BD_immune07_515702,aneuploid,Tumor_epithelial,NMPR
BD_immune07_829861,aneuploid,Tumor_epithelial,NMPR
BD_immune07_117068,aneuploid,Tumor_epithelial,NMPR
BD_immune07_181890,aneuploid,Tumor_epithelial,NMPR
BD_immune07_170327,aneuploid,Tumor_epithelial,NMPR
BD_immune07_30241,aneuploid,Tumor_epithelial,NMPR
BD_immune07_323240,aneuploid,Tumor_epithelial,NMPR
BD_immune07_520936,aneuploid,Tumor_epithelial,NMPR
BD_immune07_146299,aneuploid,Tumor_epithelial,NMPR
BD_immune07_732258,aneuploid,Tumor_epithelial,NMPR
BD_immune07_577162,aneuploid,Tumor_epithelial,NMPR
BD_immune07_187871,aneuploid,Tumor_epithelial,NMPR
BD_immune07_220521,aneuploid,Tumor_epithelial,NMPR
BD_immune07_288658,aneuploid,Tumor_epithelial,NMPR
BD_immune07_325731,aneuploid,Tumor_epithelial,NMPR
BD_immune07_525840,aneuploid,Tumor_epithelial,NMPR
BD_immune07_43710,aneuploid,Tumor_epithelial,NMPR
BD_immune07_178671,aneuploid,Tumor_epithelial,NMPR
BD_immune07_127399,aneuploid,Tumor_epithelial,NMPR
BD_immune07_410068,aneuploid,Tumor_epithelial,NMPR
BD_immune07_849335,aneuploid,Tumor_epithelial,NMPR
BD_immune07_732596,aneuploid,Tumor_epithelial,NMPR
BD_immune07_99975,aneuploid,Tumor_epithelial,NMPR
BD_immune07_555750,aneuploid,Tumor_epithelial,NMPR
BD_immune07_240187,aneuploid,Tumor_epithelial,NMPR
BD_immune07_344588,aneuploid,Tumor_epithelial,NMPR
BD_immune07_72837,aneuploid,Tumor_epithelial,NMPR
BD_immune07_597886,aneuploid,Tumor_epithelial,NMPR
BD_immune07_146941,aneuploid,Tumor_epithelial,NMPR
BD_immune07_91536,aneuploid,Tumor_epithelial,NMPR
BD_immune07_2897,aneuploid,Tumor_epithelial,NMPR
BD_immune07_230846,aneuploid,Tumor_epithelial,NMPR
BD_immune07_746215,aneuploid,Tumor_epithelial,NMPR
BD_immune07_234207,aneuploid,Tumor_epithelial,NMPR
BD_immune07_464748,aneuploid,Tumor_epithelial,NMPR
BD_immune07_327159,aneuploid,Tumor_epithelial,NMPR
BD_immune07_175557,aneuploid,Tumor_epithelial,NMPR
BD_immune07_117479,aneuploid,Tumor_epithelial,NMPR
BD_immune07_350774,aneuploid,Tumor_epithelial,NMPR
BD_immune07_591792,aneuploid,Tumor_epithelial,NMPR
BD_immune07_734555,aneuploid,Tumor_epithelial,NMPR
BD_immune07_59818,aneuploid,Tumor_epithelial,NMPR
BD_immune07_536184,aneuploid,Tumor_epithelial,NMPR
BD_immune07_53097,aneuploid,Tumor_epithelial,NMPR
BD_immune07_659873,aneuploid,Tumor_epithelial,NMPR
BD_immune07_574992,aneuploid,Tumor_epithelial,NMPR
BD_immune07_882217,aneuploid,Tumor_epithelial,NMPR
BD_immune07_166640,aneuploid,Tumor_epithelial,NMPR
BD_immune07_31238,aneuploid,Tumor_epithelial,NMPR
BD_immune07_125408,aneuploid,Tumor_epithelial,NMPR
BD_immune07_464090,aneuploid,Tumor_epithelial,NMPR
BD_immune07_422688,aneuploid,Tumor_epithelial,NMPR
BD_immune07_261290,aneuploid,Tumor_epithelial,NMPR
BD_immune07_186421,aneuploid,Tumor_epithelial,NMPR
BD_immune07_701883,aneuploid,Tumor_epithelial,NMPR
BD_immune07_363586,aneuploid,Tumor_epithelial,NMPR
BD_immune07_69320,aneuploid,Tumor_epithelial,NMPR
BD_immune07_497768,aneuploid,Tumor_epithelial,NMPR
BD_immune07_158420,aneuploid,Tumor_epithelial,NMPR
BD_immune07_369042,aneuploid,Tumor_epithelial,NMPR
BD_immune07_355135,aneuploid,Tumor_epithelial,NMPR
BD_immune07_734916,aneuploid,Tumor_epithelial,NMPR
BD_immune07_81568,aneuploid,Tumor_epithelial,NMPR
BD_immune07_673395,aneuploid,Tumor_epithelial,NMPR
BD_immune07_453531,aneuploid,Tumor_epithelial,NMPR
BD_immune07_583752,aneuploid,Tumor_epithelial,NMPR
BD_immune07_362037,aneuploid,Tumor_epithelial,NMPR
BD_immune07_823533,aneuploid,Tumor_epithelial,NMPR
BD_immune07_342760,aneuploid,Tumor_epithelial,NMPR
BD_immune07_185022,aneuploid,Tumor_epithelial,NMPR
BD_immune07_836682,aneuploid,Tumor_epithelial,NMPR
BD_immune07_62955,aneuploid,Tumor_epithelial,NMPR
BD_immune07_829594,aneuploid,Tumor_epithelial,NMPR
BD_immune07_498241,aneuploid,Tumor_epithelial,NMPR
BD_immune07_331201,aneuploid,Tumor_epithelial,NMPR
BD_immune07_181694,aneuploid,Tumor_epithelial,NMPR
BD_immune07_642139,aneuploid,Tumor_epithelial,NMPR
BD_immune07_632323,aneuploid,Tumor_epithelial,NMPR
BD_immune07_28664,aneuploid,Tumor_epithelial,NMPR
BD_immune07_459303,aneuploid,Tumor_epithelial,NMPR
BD_immune07_367071,aneuploid,Tumor_epithelial,NMPR
BD_immune07_355637,aneuploid,Tumor_epithelial,NMPR
BD_immune07_559002,aneuploid,Tumor_epithelial,NMPR
BD_immune07_271407,aneuploid,Tumor_epithelial,NMPR
BD_immune07_449390,aneuploid,Tumor_epithelial,NMPR
BD_immune07_150832,aneuploid,Tumor_epithelial,NMPR
BD_immune07_831412,aneuploid,Tumor_epithelial,NMPR
BD_immune07_477103,aneuploid,Tumor_epithelial,NMPR
BD_immune07_621257,aneuploid,Tumor_epithelial,NMPR
BD_immune07_269769,aneuploid,Tumor_epithelial,NMPR
BD_immune07_574348,aneuploid,Tumor_epithelial,NMPR
BD_immune07_299463,aneuploid,Tumor_epithelial,NMPR
BD_immune07_664814,aneuploid,Tumor_epithelial,NMPR
BD_immune07_665446,aneuploid,Tumor_epithelial,NMPR
BD_immune07_542782,aneuploid,Tumor_epithelial,NMPR
BD_immune07_512718,aneuploid,Tumor_epithelial,NMPR
BD_immune07_341007,aneuploid,Tumor_epithelial,NMPR
BD_immune07_114049,aneuploid,Tumor_epithelial,NMPR
BD_immune07_816809,aneuploid,Tumor_epithelial,NMPR
BD_immune07_75833,aneuploid,Tumor_epithelial,NMPR
BD_immune07_51521,aneuploid,Tumor_epithelial,NMPR
BD_immune07_383118,aneuploid,Tumor_epithelial,NMPR
BD_immune07_749407,aneuploid,Tumor_epithelial,NMPR
BD_immune07_551612,aneuploid,Tumor_epithelial,NMPR
BD_immune07_180445,aneuploid,Tumor_epithelial,NMPR
BD_immune07_261971,aneuploid,Tumor_epithelial,NMPR
BD_immune07_231890,aneuploid,Tumor_epithelial,NMPR
BD_immune07_106056,aneuploid,Tumor_epithelial,NMPR
BD_immune07_66189,aneuploid,Tumor_epithelial,NMPR
BD_immune07_80340,aneuploid,Tumor_epithelial,NMPR
BD_immune07_440225,aneuploid,Tumor_epithelial,NMPR
BD_immune07_553357,aneuploid,Tumor_epithelial,NMPR
BD_immune07_8329,aneuploid,Tumor_epithelial,NMPR
BD_immune07_440061,aneuploid,Tumor_epithelial,NMPR
BD_immune07_64495,aneuploid,Tumor_epithelial,NMPR
BD_immune07_869193,aneuploid,Tumor_epithelial,NMPR
BD_immune07_471564,aneuploid,Tumor_epithelial,NMPR
BD_immune07_317891,aneuploid,Tumor_epithelial,NMPR
BD_immune07_198940,aneuploid,Tumor_epithelial,NMPR
BD_immune07_634187,aneuploid,Tumor_epithelial,NMPR
BD_immune07_434332,aneuploid,Tumor_epithelial,NMPR
BD_immune07_271301,aneuploid,Tumor_epithelial,NMPR
BD_immune07_175839,aneuploid,Tumor_epithelial,NMPR
BD_immune07_85599,aneuploid,Tumor_epithelial,NMPR
BD_immune07_876109,aneuploid,Tumor_epithelial,NMPR
BD_immune07_394126,aneuploid,Tumor_epithelial,NMPR
BD_immune07_623392,aneuploid,Tumor_epithelial,NMPR
BD_immune07_795249,aneuploid,Tumor_epithelial,NMPR
BD_immune07_442558,aneuploid,Tumor_epithelial,NMPR
BD_immune07_339539,aneuploid,Tumor_epithelial,NMPR
BD_immune07_617212,aneuploid,Tumor_epithelial,NMPR
BD_immune07_80353,aneuploid,Tumor_epithelial,NMPR
BD_immune07_613114,aneuploid,Tumor_epithelial,NMPR
BD_immune07_389510,aneuploid,Tumor_epithelial,NMPR
BD_immune07_796891,aneuploid,Tumor_epithelial,NMPR
BD_immune07_95990,aneuploid,Tumor_epithelial,NMPR
BD_immune07_500157,aneuploid,Tumor_epithelial,NMPR
BD_immune07_249523,aneuploid,Tumor_epithelial,NMPR
BD_immune07_44006,aneuploid,Tumor_epithelial,NMPR
BD_immune07_225392,aneuploid,Tumor_epithelial,NMPR
BD_immune07_559309,aneuploid,Tumor_epithelial,NMPR
BD_immune07_798813,aneuploid,Tumor_epithelial,NMPR
BD_immune07_497001,aneuploid,Tumor_epithelial,NMPR
BD_immune07_19800,aneuploid,Tumor_epithelial,NMPR
BD_immune07_637292,aneuploid,Tumor_epithelial,NMPR
BD_immune07_97285,aneuploid,Tumor_epithelial,NMPR
BD_immune07_347429,aneuploid,Tumor_epithelial,NMPR
BD_immune07_693066,aneuploid,Tumor_epithelial,NMPR
BD_immune07_273766,aneuploid,Tumor_epithelial,NMPR
BD_immune07_790987,aneuploid,Tumor_epithelial,NMPR
BD_immune07_433119,aneuploid,Tumor_epithelial,NMPR
BD_immune07_647310,aneuploid,Tumor_epithelial,NMPR
BD_immune07_500616,aneuploid,Tumor_epithelial,NMPR
BD_immune07_328195,aneuploid,Tumor_epithelial,NMPR
BD_immune07_414296,aneuploid,Tumor_epithelial,NMPR
BD_immune07_81352,aneuploid,Tumor_epithelial,NMPR
BD_immune07_742364,aneuploid,Tumor_epithelial,NMPR
BD_immune07_108240,aneuploid,Tumor_epithelial,NMPR
BD_immune07_647389,aneuploid,Tumor_epithelial,NMPR
BD_immune07_684821,aneuploid,Tumor_epithelial,NMPR
BD_immune07_330241,aneuploid,Tumor_epithelial,NMPR
BD_immune07_588013,aneuploid,Tumor_epithelial,NMPR
BD_immune07_683649,aneuploid,Tumor_epithelial,NMPR
BD_immune07_411471,aneuploid,Tumor_epithelial,NMPR
BD_immune07_167195,aneuploid,Tumor_epithelial,NMPR
BD_immune07_800763,aneuploid,Tumor_epithelial,NMPR
BD_immune07_756577,aneuploid,Tumor_epithelial,NMPR
BD_immune07_241898,aneuploid,Tumor_epithelial,NMPR
BD_immune07_165063,aneuploid,Tumor_epithelial,NMPR
BD_immune07_216018,aneuploid,Tumor_epithelial,NMPR
BD_immune07_153317,aneuploid,Tumor_epithelial,NMPR
BD_immune07_752582,aneuploid,Tumor_epithelial,NMPR
BD_immune07_704617,aneuploid,Tumor_epithelial,NMPR
BD_immune07_16183,aneuploid,Tumor_epithelial,NMPR
BD_immune07_695883,aneuploid,Tumor_epithelial,NMPR
BD_immune07_675106,aneuploid,Tumor_epithelial,NMPR
BD_immune07_569003,aneuploid,Tumor_epithelial,NMPR
BD_immune07_479748,aneuploid,Tumor_epithelial,NMPR
BD_immune07_713711,aneuploid,Tumor_epithelial,NMPR
BD_immune07_695333,aneuploid,Tumor_epithelial,NMPR
BD_immune07_185513,aneuploid,Tumor_epithelial,NMPR
BD_immune07_357887,aneuploid,Tumor_epithelial,NMPR
BD_immune07_628918,aneuploid,Tumor_epithelial,NMPR
BD_immune07_767205,aneuploid,Tumor_epithelial,NMPR
BD_immune07_488653,aneuploid,Tumor_epithelial,NMPR
BD_immune07_776680,aneuploid,Tumor_epithelial,NMPR
BD_immune07_299349,aneuploid,Tumor_epithelial,NMPR
BD_immune07_285191,aneuploid,Tumor_epithelial,NMPR
BD_immune07_303636,aneuploid,Tumor_epithelial,NMPR
BD_immune07_216029,aneuploid,Tumor_epithelial,NMPR
BD_immune07_786018,aneuploid,Tumor_epithelial,NMPR
BD_immune07_797583,aneuploid,Tumor_epithelial,NMPR
BD_immune07_797650,aneuploid,Tumor_epithelial,NMPR
BD_immune07_345033,aneuploid,Tumor_epithelial,NMPR
BD_immune07_565055,aneuploid,Tumor_epithelial,NMPR
BD_immune07_164542,aneuploid,Tumor_epithelial,NMPR
BD_immune07_376204,aneuploid,Tumor_epithelial,NMPR
BD_immune07_399180,aneuploid,Tumor_epithelial,NMPR
BD_immune07_280528,aneuploid,Tumor_epithelial,NMPR
BD_immune07_882844,aneuploid,Tumor_epithelial,NMPR
BD_immune07_655368,aneuploid,Tumor_epithelial,NMPR
BD_immune07_707665,aneuploid,Tumor_epithelial,NMPR
BD_immune07_804369,aneuploid,Tumor_epithelial,NMPR
BD_immune07_645069,aneuploid,Tumor_epithelial,NMPR
BD_immune07_608361,aneuploid,Tumor_epithelial,NMPR
BD_immune07_413236,aneuploid,Tumor_epithelial,NMPR
BD_immune07_874751,aneuploid,Tumor_epithelial,NMPR
BD_immune07_86044,aneuploid,Tumor_epithelial,NMPR
BD_immune07_193959,aneuploid,Tumor_epithelial,NMPR
BD_immune07_337503,aneuploid,Tumor_epithelial,NMPR
BD_immune07_350280,aneuploid,Tumor_epithelial,NMPR
BD_immune07_739282,aneuploid,Tumor_epithelial,NMPR
BD_immune07_788830,aneuploid,Tumor_epithelial,NMPR
BD_immune07_394895,aneuploid,Tumor_epithelial,NMPR
BD_immune07_55035,aneuploid,Tumor_epithelial,NMPR
BD_immune07_345794,aneuploid,Tumor_epithelial,NMPR
BD_immune07_129794,aneuploid,Tumor_epithelial,NMPR
BD_immune07_444261,aneuploid,Tumor_epithelial,NMPR
BD_immune07_714447,aneuploid,Tumor_epithelial,NMPR
BD_immune07_651983,aneuploid,Tumor_epithelial,NMPR
BD_immune07_2131,aneuploid,Tumor_epithelial,NMPR
BD_immune07_154059,aneuploid,Tumor_epithelial,NMPR
BD_immune07_308966,aneuploid,Tumor_epithelial,NMPR
BD_immune07_87988,aneuploid,Tumor_epithelial,NMPR
BD_immune07_11427,aneuploid,Tumor_epithelial,NMPR
BD_immune07_674939,aneuploid,Tumor_epithelial,NMPR
BD_immune07_76045,aneuploid,Tumor_epithelial,NMPR
BD_immune07_558289,aneuploid,Tumor_epithelial,NMPR
BD_immune07_386734,aneuploid,Tumor_epithelial,NMPR
BD_immune07_164748,aneuploid,Tumor_epithelial,NMPR
BD_immune07_130237,aneuploid,Tumor_epithelial,NMPR
BD_immune07_59018,aneuploid,Tumor_epithelial,NMPR
BD_immune07_196790,aneuploid,Tumor_epithelial,NMPR
BD_immune07_417449,aneuploid,Tumor_epithelial,NMPR
BD_immune07_402209,aneuploid,Tumor_epithelial,NMPR
BD_immune07_347709,aneuploid,Tumor_epithelial,NMPR
BD_immune07_203434,aneuploid,Tumor_epithelial,NMPR
BD_immune07_135046,aneuploid,Tumor_epithelial,NMPR
BD_immune07_593431,aneuploid,Tumor_epithelial,NMPR
BD_immune07_836762,aneuploid,Tumor_epithelial,NMPR
BD_immune07_744455,aneuploid,Tumor_epithelial,NMPR
BD_immune07_803596,aneuploid,Tumor_epithelial,NMPR
BD_immune07_150358,aneuploid,Tumor_epithelial,NMPR
BD_immune07_820730,aneuploid,Tumor_epithelial,NMPR
BD_immune07_582205,aneuploid,Tumor_epithelial,NMPR
BD_immune07_150572,aneuploid,Tumor_epithelial,NMPR
BD_immune07_50018,aneuploid,Tumor_epithelial,NMPR
BD_immune07_277797,aneuploid,Tumor_epithelial,NMPR
BD_immune07_626917,aneuploid,Tumor_epithelial,NMPR
BD_immune07_801890,aneuploid,Tumor_epithelial,NMPR
BD_immune07_880299,aneuploid,Tumor_epithelial,NMPR
BD_immune07_747310,aneuploid,Tumor_epithelial,NMPR
BD_immune07_233026,aneuploid,Tumor_epithelial,NMPR
BD_immune07_439971,aneuploid,Tumor_epithelial,NMPR
BD_immune07_836227,aneuploid,Tumor_epithelial,NMPR
BD_immune07_421540,aneuploid,Tumor_epithelial,NMPR
BD_immune07_638262,aneuploid,Tumor_epithelial,NMPR
BD_immune07_566309,aneuploid,Tumor_epithelial,NMPR
BD_immune07_411380,aneuploid,Tumor_epithelial,NMPR
BD_immune07_555868,aneuploid,Tumor_epithelial,NMPR
BD_immune07_464576,aneuploid,Tumor_epithelial,NMPR
BD_immune07_237401,aneuploid,Tumor_epithelial,NMPR
BD_immune07_353249,aneuploid,Tumor_epithelial,NMPR
BD_immune07_193914,aneuploid,Tumor_epithelial,NMPR
BD_immune07_344025,aneuploid,Tumor_epithelial,NMPR
BD_immune07_215061,aneuploid,Tumor_epithelial,NMPR
BD_immune07_777233,aneuploid,Tumor_epithelial,NMPR
BD_immune07_447300,aneuploid,Tumor_epithelial,NMPR
BD_immune07_443490,aneuploid,Tumor_epithelial,NMPR
BD_immune07_731275,aneuploid,Tumor_epithelial,NMPR
BD_immune07_787026,aneuploid,Tumor_epithelial,NMPR
BD_immune07_795706,aneuploid,Tumor_epithelial,NMPR
BD_immune07_45815,aneuploid,Tumor_epithelial,NMPR
BD_immune07_316781,aneuploid,Tumor_epithelial,NMPR
BD_immune07_476932,aneuploid,Tumor_epithelial,NMPR
BD_immune07_559041,aneuploid,Tumor_epithelial,NMPR
BD_immune07_99858,aneuploid,Tumor_epithelial,NMPR
BD_immune07_615541,aneuploid,Tumor_epithelial,NMPR
BD_immune07_638576,aneuploid,Tumor_epithelial,NMPR
BD_immune07_154357,aneuploid,Tumor_epithelial,NMPR
BD_immune07_343216,aneuploid,Tumor_epithelial,NMPR
BD_immune07_572778,aneuploid,Tumor_epithelial,NMPR
BD_immune07_400034,aneuploid,Tumor_epithelial,NMPR
BD_immune07_108678,aneuploid,Tumor_epithelial,NMPR
BD_immune07_210169,aneuploid,Tumor_epithelial,NMPR
BD_immune07_445025,aneuploid,Tumor_epithelial,NMPR
BD_immune07_811107,aneuploid,Tumor_epithelial,NMPR
BD_immune07_647405,aneuploid,Tumor_epithelial,NMPR
BD_immune07_765262,aneuploid,Tumor_epithelial,NMPR
BD_immune07_761842,aneuploid,Tumor_epithelial,NMPR
BD_immune07_221943,aneuploid,Tumor_epithelial,NMPR
BD_immune07_513837,aneuploid,Tumor_epithelial,NMPR
BD_immune07_325786,aneuploid,Tumor_epithelial,NMPR
BD_immune07_696274,aneuploid,Tumor_epithelial,NMPR
BD_immune07_620276,aneuploid,Tumor_epithelial,NMPR
BD_immune07_362117,aneuploid,Tumor_epithelial,NMPR
BD_immune07_468617,aneuploid,Tumor_epithelial,NMPR
BD_immune07_625305,aneuploid,Tumor_epithelial,NMPR
BD_immune07_467791,aneuploid,Tumor_epithelial,NMPR
BD_immune07_543316,aneuploid,Tumor_epithelial,NMPR
BD_immune07_713337,aneuploid,Tumor_epithelial,NMPR
BD_immune07_373277,aneuploid,Tumor_epithelial,NMPR
BD_immune07_332582,aneuploid,Tumor_epithelial,NMPR
BD_immune07_153947,aneuploid,Tumor_epithelial,NMPR
BD_immune07_811122,aneuploid,Tumor_epithelial,NMPR
BD_immune07_162958,aneuploid,Tumor_epithelial,NMPR
BD_immune07_435115,aneuploid,Tumor_epithelial,NMPR
BD_immune07_123324,aneuploid,Tumor_epithelial,NMPR
BD_immune07_54767,aneuploid,Tumor_epithelial,NMPR
BD_immune07_598647,aneuploid,Tumor_epithelial,NMPR
BD_immune07_457848,aneuploid,Tumor_epithelial,NMPR
BD_immune07_451997,aneuploid,Tumor_epithelial,NMPR
BD_immune07_271267,aneuploid,Tumor_epithelial,NMPR
BD_immune07_556178,aneuploid,Tumor_epithelial,NMPR
BD_immune07_420959,aneuploid,Tumor_epithelial,NMPR
BD_immune07_65088,aneuploid,Tumor_epithelial,NMPR
BD_immune07_738825,aneuploid,Tumor_epithelial,NMPR
BD_immune07_245012,aneuploid,Tumor_epithelial,NMPR
BD_immune07_242287,aneuploid,Tumor_epithelial,NMPR
BD_immune07_444904,aneuploid,Tumor_epithelial,NMPR
BD_immune07_439566,aneuploid,Tumor_epithelial,NMPR
BD_immune07_102979,aneuploid,Tumor_epithelial,NMPR
BD_immune07_871092,aneuploid,Tumor_epithelial,NMPR
BD_immune07_76030,aneuploid,Tumor_epithelial,NMPR
BD_immune07_813973,aneuploid,Tumor_epithelial,NMPR
BD_immune07_432766,aneuploid,Tumor_epithelial,NMPR
BD_immune07_256662,aneuploid,Tumor_epithelial,NMPR
BD_immune07_335914,aneuploid,Tumor_epithelial,NMPR
BD_immune07_295294,aneuploid,Tumor_epithelial,NMPR
BD_immune07_512491,aneuploid,Tumor_epithelial,NMPR
BD_immune07_831079,aneuploid,Tumor_epithelial,NMPR
BD_immune07_447792,aneuploid,Tumor_epithelial,NMPR
BD_immune07_220456,aneuploid,Tumor_epithelial,NMPR
BD_immune07_405773,aneuploid,Tumor_epithelial,NMPR
BD_immune07_554188,aneuploid,Tumor_epithelial,NMPR
BD_immune07_207880,aneuploid,Tumor_epithelial,NMPR
BD_immune07_98135,aneuploid,Tumor_epithelial,NMPR
BD_immune07_702191,aneuploid,Tumor_epithelial,NMPR
BD_immune07_60783,aneuploid,Tumor_epithelial,NMPR
BD_immune07_586229,aneuploid,Tumor_epithelial,NMPR
BD_immune07_412996,aneuploid,Tumor_epithelial,NMPR
BD_immune07_98428,aneuploid,Tumor_epithelial,NMPR
BD_immune07_408272,aneuploid,Tumor_epithelial,NMPR
BD_immune07_195404,aneuploid,Tumor_epithelial,NMPR
BD_immune07_451614,aneuploid,Tumor_epithelial,NMPR
BD_immune07_837862,aneuploid,Tumor_epithelial,NMPR
BD_immune07_764888,aneuploid,Tumor_epithelial,NMPR
BD_immune07_157058,aneuploid,Tumor_epithelial,NMPR
BD_immune07_703686,aneuploid,Tumor_epithelial,NMPR
BD_immune07_146820,aneuploid,Tumor_epithelial,NMPR
BD_immune07_718628,aneuploid,Tumor_epithelial,NMPR
BD_immune07_422189,aneuploid,Tumor_epithelial,NMPR
BD_immune07_678631,aneuploid,Tumor_epithelial,NMPR
BD_immune07_464852,aneuploid,Tumor_epithelial,NMPR
BD_immune07_782437,aneuploid,Tumor_epithelial,NMPR
BD_immune07_598252,aneuploid,Tumor_epithelial,NMPR
BD_immune07_582626,aneuploid,Tumor_epithelial,NMPR
BD_immune07_586862,aneuploid,Tumor_epithelial,NMPR
BD_immune07_646253,aneuploid,Tumor_epithelial,NMPR
BD_immune07_529118,aneuploid,Tumor_epithelial,NMPR
BD_immune07_234415,aneuploid,Tumor_epithelial,NMPR
BD_immune07_147664,aneuploid,Tumor_epithelial,NMPR
BD_immune07_133442,aneuploid,Tumor_epithelial,NMPR
BD_immune07_742955,aneuploid,Tumor_epithelial,NMPR
BD_immune07_461196,aneuploid,Tumor_epithelial,NMPR
BD_immune07_133563,aneuploid,Tumor_epithelial,NMPR
BD_immune07_92226,aneuploid,Tumor_epithelial,NMPR
BD_immune07_660884,aneuploid,Tumor_epithelial,NMPR
BD_immune07_82561,aneuploid,Tumor_epithelial,NMPR
BD_immune07_679917,aneuploid,Tumor_epithelial,NMPR
BD_immune07_725246,aneuploid,Tumor_epithelial,NMPR
BD_immune07_774008,aneuploid,Tumor_epithelial,NMPR
BD_immune07_119807,aneuploid,Tumor_epithelial,NMPR
BD_immune07_341421,aneuploid,Tumor_epithelial,NMPR
BD_immune07_195258,aneuploid,Tumor_epithelial,NMPR
BD_immune07_618173,aneuploid,Tumor_epithelial,NMPR
BD_immune07_251854,aneuploid,Tumor_epithelial,NMPR
BD_immune07_335046,aneuploid,Tumor_epithelial,NMPR
BD_immune07_666190,aneuploid,Tumor_epithelial,NMPR
BD_immune07_11835,aneuploid,Tumor_epithelial,NMPR
BD_immune07_334485,aneuploid,Tumor_epithelial,NMPR
BD_immune07_14814,aneuploid,Tumor_epithelial,NMPR
BD_immune07_277166,aneuploid,Tumor_epithelial,NMPR
BD_immune07_270115,aneuploid,Tumor_epithelial,NMPR
BD_immune07_62570,aneuploid,Tumor_epithelial,NMPR
BD_immune07_111367,aneuploid,Tumor_epithelial,NMPR
BD_immune07_538279,aneuploid,Tumor_epithelial,NMPR
BD_immune07_558678,aneuploid,Tumor_epithelial,NMPR
BD_immune07_291614,aneuploid,Tumor_epithelial,NMPR
BD_immune07_229329,aneuploid,Tumor_epithelial,NMPR
BD_immune07_576809,aneuploid,Tumor_epithelial,NMPR
BD_immune07_333810,aneuploid,Tumor_epithelial,NMPR
BD_immune07_200771,aneuploid,Tumor_epithelial,NMPR
BD_immune07_15089,aneuploid,Tumor_epithelial,NMPR
BD_immune07_754759,aneuploid,Tumor_epithelial,NMPR
BD_immune07_332716,aneuploid,Tumor_epithelial,NMPR
BD_immune07_153812,aneuploid,Tumor_epithelial,NMPR
BD_immune07_64302,aneuploid,Tumor_epithelial,NMPR
BD_immune07_841645,aneuploid,Tumor_epithelial,NMPR
BD_immune07_575953,aneuploid,Tumor_epithelial,NMPR
BD_immune07_63383,aneuploid,Tumor_epithelial,NMPR
BD_immune07_883729,aneuploid,Tumor_epithelial,NMPR
BD_immune07_794581,aneuploid,Tumor_epithelial,NMPR
BD_immune07_448832,aneuploid,Tumor_epithelial,NMPR
BD_immune07_235188,aneuploid,Tumor_epithelial,NMPR
BD_immune07_394565,aneuploid,Tumor_epithelial,NMPR
BD_immune07_819204,aneuploid,Tumor_epithelial,NMPR
BD_immune07_556280,aneuploid,Tumor_epithelial,NMPR
BD_immune07_392266,aneuploid,Tumor_epithelial,NMPR
BD_immune07_539232,aneuploid,Tumor_epithelial,NMPR
BD_immune07_741664,aneuploid,Tumor_epithelial,NMPR
BD_immune07_824534,aneuploid,Tumor_epithelial,NMPR
BD_immune07_802227,aneuploid,Tumor_epithelial,NMPR
BD_immune07_647774,aneuploid,Tumor_epithelial,NMPR
BD_immune07_557365,aneuploid,Tumor_epithelial,NMPR
BD_immune07_87819,aneuploid,Tumor_epithelial,NMPR
BD_immune07_144924,aneuploid,Tumor_epithelial,NMPR
BD_immune07_582806,aneuploid,Tumor_epithelial,NMPR
BD_immune07_238598,aneuploid,Tumor_epithelial,NMPR
BD_immune07_434357,aneuploid,Tumor_epithelial,NMPR
BD_immune07_576080,aneuploid,Tumor_epithelial,NMPR
BD_immune07_374924,aneuploid,Tumor_epithelial,NMPR
BD_immune07_651373,aneuploid,Tumor_epithelial,NMPR
BD_immune07_218962,aneuploid,Tumor_epithelial,NMPR
BD_immune07_51530,aneuploid,Tumor_epithelial,NMPR
BD_immune07_341667,aneuploid,Tumor_epithelial,NMPR
BD_immune07_230921,aneuploid,Tumor_epithelial,NMPR
BD_immune07_533239,aneuploid,Tumor_epithelial,NMPR
BD_immune07_336543,aneuploid,Tumor_epithelial,NMPR
BD_immune07_551261,aneuploid,Tumor_epithelial,NMPR
BD_immune07_352609,aneuploid,Tumor_epithelial,NMPR
BD_immune07_202315,aneuploid,Tumor_epithelial,NMPR
BD_immune07_391025,aneuploid,Tumor_epithelial,NMPR
BD_immune07_466668,aneuploid,Tumor_epithelial,NMPR
BD_immune07_442704,aneuploid,Tumor_epithelial,NMPR
BD_immune07_551670,aneuploid,Tumor_epithelial,NMPR
BD_immune07_415736,aneuploid,Tumor_epithelial,NMPR
BD_immune07_863096,aneuploid,Tumor_epithelial,NMPR
BD_immune07_669459,aneuploid,Tumor_epithelial,NMPR
BD_immune07_457911,aneuploid,Tumor_epithelial,NMPR
BD_immune07_303680,aneuploid,Tumor_epithelial,NMPR
BD_immune07_861256,aneuploid,Tumor_epithelial,NMPR
BD_immune07_348860,aneuploid,Tumor_epithelial,NMPR
BD_immune07_309956,aneuploid,Tumor_epithelial,NMPR
BD_immune07_338778,aneuploid,Tumor_epithelial,NMPR
BD_immune07_734272,aneuploid,Tumor_epithelial,NMPR
BD_immune07_262255,aneuploid,Tumor_epithelial,NMPR
BD_immune07_80925,aneuploid,Tumor_epithelial,NMPR
BD_immune07_766530,aneuploid,Tumor_epithelial,NMPR
BD_immune07_543994,aneuploid,Tumor_epithelial,NMPR
BD_immune07_21072,aneuploid,Tumor_epithelial,NMPR
BD_immune07_541345,aneuploid,Tumor_epithelial,NMPR
BD_immune07_880557,aneuploid,Tumor_epithelial,NMPR
BD_immune07_432629,aneuploid,Tumor_epithelial,NMPR
BD_immune07_532158,aneuploid,Tumor_epithelial,NMPR
BD_immune07_806935,aneuploid,Tumor_epithelial,NMPR
BD_immune07_160437,aneuploid,Tumor_epithelial,NMPR
BD_immune07_298188,aneuploid,Tumor_epithelial,NMPR
BD_immune07_113365,aneuploid,Tumor_epithelial,NMPR
BD_immune07_38585,aneuploid,Tumor_epithelial,NMPR
BD_immune07_883015,aneuploid,Tumor_epithelial,NMPR
BD_immune07_411273,aneuploid,Tumor_epithelial,NMPR
BD_immune07_318045,aneuploid,Tumor_epithelial,NMPR
BD_immune07_251894,aneuploid,Tumor_epithelial,NMPR
BD_immune07_582878,aneuploid,Tumor_epithelial,NMPR
BD_immune07_633473,aneuploid,Tumor_epithelial,NMPR
BD_immune07_229735,aneuploid,Tumor_epithelial,NMPR
BD_immune07_554624,aneuploid,Tumor_epithelial,NMPR
BD_immune07_800767,aneuploid,Tumor_epithelial,NMPR
BD_immune07_599833,aneuploid,Tumor_epithelial,NMPR
BD_immune07_538228,aneuploid,Tumor_epithelial,NMPR
BD_immune07_52543,aneuploid,Tumor_epithelial,NMPR
BD_immune07_581921,aneuploid,Tumor_epithelial,NMPR
BD_immune07_556777,aneuploid,Tumor_epithelial,NMPR
BD_immune07_557901,aneuploid,Tumor_epithelial,NMPR
BD_immune07_306798,aneuploid,Tumor_epithelial,NMPR
BD_immune07_548120,aneuploid,Tumor_epithelial,NMPR
BD_immune07_656452,aneuploid,Tumor_epithelial,NMPR
BD_immune07_363672,aneuploid,Tumor_epithelial,NMPR
BD_immune07_805892,aneuploid,Tumor_epithelial,NMPR
BD_immune07_244816,aneuploid,Tumor_epithelial,NMPR
BD_immune07_226882,aneuploid,Tumor_epithelial,NMPR
BD_immune07_330902,aneuploid,Tumor_epithelial,NMPR
BD_immune07_80632,aneuploid,Tumor_epithelial,NMPR
BD_immune07_451795,aneuploid,Tumor_epithelial,NMPR
BD_immune07_158697,aneuploid,Tumor_epithelial,NMPR
BD_immune07_115446,aneuploid,Tumor_epithelial,NMPR
BD_immune07_449339,aneuploid,Tumor_epithelial,NMPR
BD_immune07_49059,aneuploid,Tumor_epithelial,NMPR
BD_immune07_650501,aneuploid,Tumor_epithelial,NMPR
BD_immune07_159914,aneuploid,Tumor_epithelial,NMPR
BD_immune07_470334,aneuploid,Tumor_epithelial,NMPR
BD_immune07_300443,aneuploid,Tumor_epithelial,NMPR
BD_immune07_279971,aneuploid,Tumor_epithelial,NMPR
BD_immune07_850933,aneuploid,Tumor_epithelial,NMPR
BD_immune07_533611,aneuploid,Tumor_epithelial,NMPR
BD_immune07_451941,aneuploid,Tumor_epithelial,NMPR
BD_immune07_805842,aneuploid,Tumor_epithelial,NMPR
BD_immune07_228725,aneuploid,Tumor_epithelial,NMPR
BD_immune07_677206,aneuploid,Tumor_epithelial,NMPR
BD_immune07_820268,aneuploid,Tumor_epithelial,NMPR
BD_immune07_232348,aneuploid,Tumor_epithelial,NMPR
BD_immune07_724574,aneuploid,Tumor_epithelial,NMPR
BD_immune07_206185,aneuploid,Tumor_epithelial,NMPR
BD_immune07_14423,aneuploid,Tumor_epithelial,NMPR
BD_immune07_570354,aneuploid,Tumor_epithelial,NMPR
BD_immune07_39578,aneuploid,Tumor_epithelial,NMPR
BD_immune07_283483,aneuploid,Tumor_epithelial,NMPR
BD_immune07_309038,aneuploid,Tumor_epithelial,NMPR
BD_immune07_178787,aneuploid,Tumor_epithelial,NMPR
BD_immune07_643377,aneuploid,Tumor_epithelial,NMPR
BD_immune07_602219,aneuploid,Tumor_epithelial,NMPR
BD_immune07_498777,aneuploid,Tumor_epithelial,NMPR
BD_immune07_428675,aneuploid,Tumor_epithelial,NMPR
BD_immune07_591743,aneuploid,Tumor_epithelial,NMPR
BD_immune07_688816,aneuploid,Tumor_epithelial,NMPR
BD_immune07_611578,aneuploid,Tumor_epithelial,NMPR
BD_immune07_316011,aneuploid,Tumor_epithelial,NMPR
BD_immune07_531173,aneuploid,Tumor_epithelial,NMPR
BD_immune07_823650,aneuploid,Tumor_epithelial,NMPR
BD_immune07_337482,aneuploid,Tumor_epithelial,NMPR
BD_immune07_70593,aneuploid,Tumor_epithelial,NMPR
BD_immune07_327485,aneuploid,Tumor_epithelial,NMPR
BD_immune07_5286,aneuploid,Tumor_epithelial,NMPR
BD_immune07_883949,aneuploid,Tumor_epithelial,NMPR
BD_immune07_400410,aneuploid,Tumor_epithelial,NMPR
BD_immune07_195107,aneuploid,Tumor_epithelial,NMPR
BD_immune07_756061,aneuploid,Tumor_epithelial,NMPR
BD_immune07_145488,aneuploid,Tumor_epithelial,NMPR
BD_immune07_280867,aneuploid,Tumor_epithelial,NMPR
BD_immune07_428032,aneuploid,Tumor_epithelial,NMPR
BD_immune07_634285,aneuploid,Tumor_epithelial,NMPR
BD_immune07_419657,aneuploid,Tumor_epithelial,NMPR
BD_immune07_71419,aneuploid,Tumor_epithelial,NMPR
BD_immune07_43100,aneuploid,Tumor_epithelial,NMPR
BD_immune07_837243,aneuploid,Tumor_epithelial,NMPR
BD_immune07_367467,aneuploid,Tumor_epithelial,NMPR
BD_immune07_272054,aneuploid,Tumor_epithelial,NMPR
BD_immune07_735735,aneuploid,Tumor_epithelial,NMPR
BD_immune07_297640,aneuploid,Tumor_epithelial,NMPR
BD_immune07_71372,aneuploid,Tumor_epithelial,NMPR
BD_immune07_167556,aneuploid,Tumor_epithelial,NMPR
BD_immune07_835409,aneuploid,Tumor_epithelial,NMPR
BD_immune07_393074,aneuploid,Tumor_epithelial,NMPR
BD_immune07_151148,aneuploid,Tumor_epithelial,NMPR
BD_immune07_145918,aneuploid,Tumor_epithelial,NMPR
BD_immune07_31486,aneuploid,Tumor_epithelial,NMPR
BD_immune07_312984,aneuploid,Tumor_epithelial,NMPR
BD_immune07_297053,aneuploid,Tumor_epithelial,NMPR
BD_immune07_186181,aneuploid,Tumor_epithelial,NMPR
BD_immune07_539390,aneuploid,Tumor_epithelial,NMPR
BD_immune07_9157,aneuploid,Tumor_epithelial,NMPR
BD_immune07_152888,aneuploid,Tumor_epithelial,NMPR
BD_immune07_530846,aneuploid,Tumor_epithelial,NMPR
BD_immune07_257007,aneuploid,Tumor_epithelial,NMPR
BD_immune07_726672,aneuploid,Tumor_epithelial,NMPR
BD_immune07_364460,aneuploid,Tumor_epithelial,NMPR
BD_immune07_452053,aneuploid,Tumor_epithelial,NMPR
BD_immune07_700642,aneuploid,Tumor_epithelial,NMPR
BD_immune07_402561,aneuploid,Tumor_epithelial,NMPR
BD_immune07_571623,aneuploid,Tumor_epithelial,NMPR
BD_immune07_782360,aneuploid,Tumor_epithelial,NMPR
BD_immune07_352131,aneuploid,Tumor_epithelial,NMPR
BD_immune07_855967,aneuploid,Tumor_epithelial,NMPR
BD_immune07_849288,aneuploid,Tumor_epithelial,NMPR
BD_immune07_406175,aneuploid,Tumor_epithelial,NMPR
BD_immune07_582026,aneuploid,Tumor_epithelial,NMPR
BD_immune07_195778,aneuploid,Tumor_epithelial,NMPR
BD_immune07_749235,aneuploid,Tumor_epithelial,NMPR
BD_immune07_62331,aneuploid,Tumor_epithelial,NMPR
BD_immune07_590129,aneuploid,Tumor_epithelial,NMPR
BD_immune07_674609,aneuploid,Tumor_epithelial,NMPR
BD_immune07_738615,aneuploid,Tumor_epithelial,NMPR
BD_immune07_349251,aneuploid,Tumor_epithelial,NMPR
BD_immune07_572732,aneuploid,Tumor_epithelial,NMPR
BD_immune07_498697,aneuploid,Tumor_epithelial,NMPR
BD_immune07_861487,aneuploid,Tumor_epithelial,NMPR
BD_immune07_307955,aneuploid,Tumor_epithelial,NMPR
BD_immune07_781849,aneuploid,Tumor_epithelial,NMPR
BD_immune07_502165,aneuploid,Tumor_epithelial,NMPR
BD_immune07_380094,aneuploid,Tumor_epithelial,NMPR
BD_immune07_881228,aneuploid,Tumor_epithelial,NMPR
BD_immune07_127084,aneuploid,Tumor_epithelial,NMPR
BD_immune07_28927,aneuploid,Tumor_epithelial,NMPR
BD_immune07_139278,aneuploid,Tumor_epithelial,NMPR
BD_immune07_79628,aneuploid,Tumor_epithelial,NMPR
BD_immune07_499269,aneuploid,Tumor_epithelial,NMPR
BD_immune07_161114,aneuploid,Tumor_epithelial,NMPR
BD_immune07_291910,aneuploid,Tumor_epithelial,NMPR
BD_immune07_427765,aneuploid,Tumor_epithelial,NMPR
BD_immune07_736233,aneuploid,Tumor_epithelial,NMPR
BD_immune07_534306,aneuploid,Tumor_epithelial,NMPR
BD_immune07_179473,aneuploid,Tumor_epithelial,NMPR
BD_immune07_571119,aneuploid,Tumor_epithelial,NMPR
BD_immune07_240368,aneuploid,Tumor_epithelial,NMPR
BD_immune07_590442,aneuploid,Tumor_epithelial,NMPR
BD_immune07_166739,aneuploid,Tumor_epithelial,NMPR
BD_immune07_384564,aneuploid,Tumor_epithelial,NMPR
BD_immune07_622397,aneuploid,Tumor_epithelial,NMPR
BD_immune07_2558,aneuploid,Tumor_epithelial,NMPR
BD_immune07_460248,aneuploid,Tumor_epithelial,NMPR
BD_immune07_579145,aneuploid,Tumor_epithelial,NMPR
BD_immune07_397972,aneuploid,Tumor_epithelial,NMPR
BD_immune07_146715,aneuploid,Tumor_epithelial,NMPR
BD_immune07_614153,aneuploid,Tumor_epithelial,NMPR
BD_immune07_478344,aneuploid,Tumor_epithelial,NMPR
BD_immune07_566425,aneuploid,Tumor_epithelial,NMPR
BD_immune07_18119,aneuploid,Tumor_epithelial,NMPR
BD_immune07_771010,aneuploid,Tumor_epithelial,NMPR
BD_immune07_296833,aneuploid,Tumor_epithelial,NMPR
BD_immune07_396197,aneuploid,Tumor_epithelial,NMPR
BD_immune07_863812,aneuploid,Tumor_epithelial,NMPR
BD_immune07_55758,aneuploid,Tumor_epithelial,NMPR
BD_immune07_827315,aneuploid,Tumor_epithelial,NMPR
BD_immune07_527920,aneuploid,Tumor_epithelial,NMPR
BD_immune07_253038,aneuploid,Tumor_epithelial,NMPR
BD_immune07_718540,aneuploid,Tumor_epithelial,NMPR
BD_immune07_671170,aneuploid,Tumor_epithelial,NMPR
BD_immune07_496303,aneuploid,Tumor_epithelial,NMPR
BD_immune07_62805,aneuploid,Tumor_epithelial,NMPR
BD_immune07_534516,aneuploid,Tumor_epithelial,NMPR
BD_immune07_677944,aneuploid,Tumor_epithelial,NMPR
BD_immune07_55422,aneuploid,Tumor_epithelial,NMPR
BD_immune07_657485,aneuploid,Tumor_epithelial,NMPR
BD_immune07_533919,aneuploid,Tumor_epithelial,NMPR
BD_immune07_331223,aneuploid,Tumor_epithelial,NMPR
BD_immune07_150379,aneuploid,Tumor_epithelial,NMPR
BD_immune07_47662,aneuploid,Tumor_epithelial,NMPR
BD_immune07_394793,aneuploid,Tumor_epithelial,NMPR
BD_immune07_779900,aneuploid,Tumor_epithelial,NMPR
BD_immune07_844317,aneuploid,Tumor_epithelial,NMPR
BD_immune07_135700,aneuploid,Tumor_epithelial,NMPR
BD_immune07_851020,aneuploid,Tumor_epithelial,NMPR
BD_immune07_359382,aneuploid,Tumor_epithelial,NMPR
BD_immune07_576163,aneuploid,Tumor_epithelial,NMPR
BD_immune07_333277,aneuploid,Tumor_epithelial,NMPR
BD_immune07_449013,aneuploid,Tumor_epithelial,NMPR
BD_immune07_118394,aneuploid,Tumor_epithelial,NMPR
BD_immune07_646091,aneuploid,Tumor_epithelial,NMPR
BD_immune07_513227,aneuploid,Tumor_epithelial,NMPR
BD_immune07_317885,aneuploid,Tumor_epithelial,NMPR
BD_immune07_349491,aneuploid,Tumor_epithelial,NMPR
BD_immune07_360256,aneuploid,Tumor_epithelial,NMPR
BD_immune07_578902,aneuploid,Tumor_epithelial,NMPR
BD_immune07_156312,aneuploid,Tumor_epithelial,NMPR
BD_immune07_640756,aneuploid,Tumor_epithelial,NMPR
BD_immune07_328515,aneuploid,Tumor_epithelial,NMPR
BD_immune07_679010,aneuploid,Tumor_epithelial,NMPR
BD_immune07_88408,aneuploid,Tumor_epithelial,NMPR
BD_immune07_375281,aneuploid,Tumor_epithelial,NMPR
BD_immune07_504572,aneuploid,Tumor_epithelial,NMPR
BD_immune07_158909,aneuploid,Tumor_epithelial,NMPR
BD_immune07_344683,aneuploid,Tumor_epithelial,NMPR
BD_immune07_304651,aneuploid,Tumor_epithelial,NMPR
BD_immune07_486751,aneuploid,Tumor_epithelial,NMPR
BD_immune07_249021,aneuploid,Tumor_epithelial,NMPR
BD_immune07_756687,aneuploid,Tumor_epithelial,NMPR
BD_immune07_231900,aneuploid,Tumor_epithelial,NMPR
BD_immune07_850251,aneuploid,Tumor_epithelial,NMPR
BD_immune07_563837,aneuploid,Tumor_epithelial,NMPR
BD_immune07_494959,aneuploid,Tumor_epithelial,NMPR
BD_immune07_258788,aneuploid,Tumor_epithelial,NMPR
BD_immune07_601311,aneuploid,Tumor_epithelial,NMPR
BD_immune07_62263,aneuploid,Tumor_epithelial,NMPR
BD_immune07_330305,aneuploid,Tumor_epithelial,NMPR
BD_immune07_449683,aneuploid,Tumor_epithelial,NMPR
BD_immune07_801211,aneuploid,Tumor_epithelial,NMPR
BD_immune07_753128,aneuploid,Tumor_epithelial,NMPR
BD_immune07_149108,aneuploid,Tumor_epithelial,NMPR
BD_immune07_366706,aneuploid,Tumor_epithelial,NMPR
BD_immune07_647618,aneuploid,Tumor_epithelial,NMPR
BD_immune07_734943,aneuploid,Tumor_epithelial,NMPR
BD_immune07_684993,aneuploid,Tumor_epithelial,NMPR
BD_immune07_522926,aneuploid,Tumor_epithelial,NMPR
BD_immune07_580376,aneuploid,Tumor_epithelial,NMPR
BD_immune07_790,aneuploid,Tumor_epithelial,NMPR
BD_immune07_720833,aneuploid,Tumor_epithelial,NMPR
BD_immune07_550446,aneuploid,Tumor_epithelial,NMPR
BD_immune07_562901,aneuploid,Tumor_epithelial,NMPR
BD_immune07_130045,aneuploid,Tumor_epithelial,NMPR
BD_immune07_488851,aneuploid,Tumor_epithelial,NMPR
BD_immune07_440092,aneuploid,Tumor_epithelial,NMPR
BD_immune07_753859,aneuploid,Tumor_epithelial,NMPR
BD_immune07_71451,aneuploid,Tumor_epithelial,NMPR
BD_immune07_749167,aneuploid,Tumor_epithelial,NMPR
BD_immune07_179539,aneuploid,Tumor_epithelial,NMPR
BD_immune07_50720,aneuploid,Tumor_epithelial,NMPR
BD_immune07_513440,aneuploid,Tumor_epithelial,NMPR
BD_immune07_91211,aneuploid,Tumor_epithelial,NMPR
BD_immune07_838615,aneuploid,Tumor_epithelial,NMPR
BD_immune07_705954,aneuploid,Tumor_epithelial,NMPR
BD_immune07_844615,aneuploid,Tumor_epithelial,NMPR
BD_immune07_102992,aneuploid,Tumor_epithelial,NMPR
BD_immune07_94743,aneuploid,Tumor_epithelial,NMPR
BD_immune07_662753,aneuploid,Tumor_epithelial,NMPR
BD_immune07_809183,aneuploid,Tumor_epithelial,NMPR
BD_immune07_407970,aneuploid,Tumor_epithelial,NMPR
BD_immune07_774324,aneuploid,Tumor_epithelial,NMPR
BD_immune07_850111,aneuploid,Tumor_epithelial,NMPR
BD_immune07_165520,aneuploid,Tumor_epithelial,NMPR
BD_immune07_717176,aneuploid,Tumor_epithelial,NMPR
BD_immune07_594849,aneuploid,Tumor_epithelial,NMPR
BD_immune07_273377,aneuploid,Tumor_epithelial,NMPR
BD_immune07_332500,aneuploid,Tumor_epithelial,NMPR
BD_immune07_399715,aneuploid,Tumor_epithelial,NMPR
BD_immune07_620619,aneuploid,Tumor_epithelial,NMPR
BD_immune07_492817,aneuploid,Tumor_epithelial,NMPR
BD_immune07_826630,aneuploid,Tumor_epithelial,NMPR
BD_immune07_125613,aneuploid,Tumor_epithelial,NMPR
BD_immune07_436691,aneuploid,Tumor_epithelial,NMPR
BD_immune07_254287,aneuploid,Tumor_epithelial,NMPR
BD_immune07_824971,aneuploid,Tumor_epithelial,NMPR
BD_immune07_207468,aneuploid,Tumor_epithelial,NMPR
BD_immune07_432918,aneuploid,Tumor_epithelial,NMPR
BD_immune07_442210,aneuploid,Tumor_epithelial,NMPR
BD_immune07_755404,aneuploid,Tumor_epithelial,NMPR
BD_immune07_222189,aneuploid,Tumor_epithelial,NMPR
BD_immune07_751250,aneuploid,Tumor_epithelial,NMPR
BD_immune07_446863,aneuploid,Tumor_epithelial,NMPR
BD_immune07_92499,aneuploid,Tumor_epithelial,NMPR
BD_immune07_309120,aneuploid,Tumor_epithelial,NMPR
BD_immune07_240517,aneuploid,Tumor_epithelial,NMPR
BD_immune07_161633,aneuploid,Tumor_epithelial,NMPR
BD_immune07_555407,aneuploid,Tumor_epithelial,NMPR
BD_immune07_835718,aneuploid,Tumor_epithelial,NMPR
BD_immune07_76926,aneuploid,Tumor_epithelial,NMPR
BD_immune07_841108,aneuploid,Tumor_epithelial,NMPR
BD_immune07_417163,aneuploid,Tumor_epithelial,NMPR
BD_immune07_227397,aneuploid,Tumor_epithelial,NMPR
BD_immune07_429447,aneuploid,Tumor_epithelial,NMPR
BD_immune07_675341,aneuploid,Tumor_epithelial,NMPR
BD_immune07_512703,aneuploid,Tumor_epithelial,NMPR
BD_immune07_880103,aneuploid,Tumor_epithelial,NMPR
BD_immune07_456055,aneuploid,Tumor_epithelial,NMPR
BD_immune07_572483,aneuploid,Tumor_epithelial,NMPR
BD_immune07_638301,aneuploid,Tumor_epithelial,NMPR
BD_immune07_725720,aneuploid,Tumor_epithelial,NMPR
BD_immune07_614111,aneuploid,Tumor_epithelial,NMPR
BD_immune07_501642,aneuploid,Tumor_epithelial,NMPR
BD_immune07_610640,aneuploid,Tumor_epithelial,NMPR
BD_immune07_745076,aneuploid,Tumor_epithelial,NMPR
BD_immune07_724806,aneuploid,Tumor_epithelial,NMPR
BD_immune07_161519,aneuploid,Tumor_epithelial,NMPR
BD_immune07_551896,aneuploid,Tumor_epithelial,NMPR
BD_immune07_785771,aneuploid,Tumor_epithelial,NMPR
BD_immune07_460679,aneuploid,Tumor_epithelial,NMPR
BD_immune07_418516,aneuploid,Tumor_epithelial,NMPR
BD_immune07_186593,aneuploid,Tumor_epithelial,NMPR
BD_immune07_74677,aneuploid,Tumor_epithelial,NMPR
BD_immune07_508050,aneuploid,Tumor_epithelial,NMPR
BD_immune07_715355,aneuploid,Tumor_epithelial,NMPR
BD_immune07_89813,aneuploid,Tumor_epithelial,NMPR
BD_immune07_292312,aneuploid,Tumor_epithelial,NMPR
BD_immune07_74963,aneuploid,Tumor_epithelial,NMPR
BD_immune07_485035,aneuploid,Tumor_epithelial,NMPR
BD_immune07_335628,aneuploid,Tumor_epithelial,NMPR
BD_immune07_807215,aneuploid,Tumor_epithelial,NMPR
BD_immune07_197614,aneuploid,Tumor_epithelial,NMPR
BD_immune07_50291,aneuploid,Tumor_epithelial,NMPR
BD_immune07_706120,aneuploid,Tumor_epithelial,NMPR
BD_immune07_90923,aneuploid,Tumor_epithelial,NMPR
BD_immune07_812464,aneuploid,Tumor_epithelial,NMPR
BD_immune07_535671,aneuploid,Tumor_epithelial,NMPR
BD_immune07_566002,aneuploid,Tumor_epithelial,NMPR
BD_immune07_723207,aneuploid,Tumor_epithelial,NMPR
BD_immune07_56616,aneuploid,Tumor_epithelial,NMPR
BD_immune07_630845,aneuploid,Tumor_epithelial,NMPR
BD_immune07_496292,aneuploid,Tumor_epithelial,NMPR
BD_immune07_348048,aneuploid,Tumor_epithelial,NMPR
BD_immune07_73849,aneuploid,Tumor_epithelial,NMPR
BD_immune07_768491,aneuploid,Tumor_epithelial,NMPR
BD_immune07_183804,aneuploid,Tumor_epithelial,NMPR
BD_immune07_837515,aneuploid,Tumor_epithelial,NMPR
BD_immune07_422281,aneuploid,Tumor_epithelial,NMPR
BD_immune07_869669,aneuploid,Tumor_epithelial,NMPR
BD_immune07_392065,aneuploid,Tumor_epithelial,NMPR
BD_immune07_157590,aneuploid,Tumor_epithelial,NMPR
BD_immune07_327083,aneuploid,Tumor_epithelial,NMPR
BD_immune07_754478,aneuploid,Tumor_epithelial,NMPR
BD_immune07_678941,aneuploid,Tumor_epithelial,NMPR
BD_immune07_488385,aneuploid,Tumor_epithelial,NMPR
BD_immune07_457063,aneuploid,Tumor_epithelial,NMPR
BD_immune07_95199,aneuploid,Tumor_epithelial,NMPR
BD_immune07_667893,aneuploid,Tumor_epithelial,NMPR
BD_immune07_680065,aneuploid,Tumor_epithelial,NMPR
BD_immune07_41471,aneuploid,Tumor_epithelial,NMPR
BD_immune07_694573,aneuploid,Tumor_epithelial,NMPR
BD_immune07_451359,aneuploid,Tumor_epithelial,NMPR
BD_immune07_47614,aneuploid,Tumor_epithelial,NMPR
BD_immune07_740307,aneuploid,Tumor_epithelial,NMPR
BD_immune07_323298,aneuploid,Tumor_epithelial,NMPR
BD_immune07_463231,aneuploid,Tumor_epithelial,NMPR
BD_immune07_440073,aneuploid,Tumor_epithelial,NMPR
BD_immune07_844157,aneuploid,Tumor_epithelial,NMPR
BD_immune07_747821,aneuploid,Tumor_epithelial,NMPR
BD_immune07_669365,aneuploid,Tumor_epithelial,NMPR
BD_immune07_105399,aneuploid,Tumor_epithelial,NMPR
BD_immune07_320447,aneuploid,Tumor_epithelial,NMPR
BD_immune07_197905,aneuploid,Tumor_epithelial,NMPR
BD_immune07_270923,aneuploid,Tumor_epithelial,NMPR
BD_immune07_81813,aneuploid,Tumor_epithelial,NMPR
BD_immune07_395397,aneuploid,Tumor_epithelial,NMPR
BD_immune07_398479,aneuploid,Tumor_epithelial,NMPR
BD_immune07_702923,aneuploid,Tumor_epithelial,NMPR
BD_immune07_874239,aneuploid,Tumor_epithelial,NMPR
BD_immune07_428876,aneuploid,Tumor_epithelial,NMPR
BD_immune07_333639,aneuploid,Tumor_epithelial,NMPR
BD_immune07_550150,aneuploid,Tumor_epithelial,NMPR
BD_immune07_719187,aneuploid,Tumor_epithelial,NMPR
BD_immune07_42448,aneuploid,Tumor_epithelial,NMPR
BD_immune07_384923,aneuploid,Tumor_epithelial,NMPR
BD_immune07_149253,aneuploid,Tumor_epithelial,NMPR
BD_immune07_67053,aneuploid,Tumor_epithelial,NMPR
BD_immune07_743931,aneuploid,Tumor_epithelial,NMPR
BD_immune07_809455,aneuploid,Tumor_epithelial,NMPR
BD_immune07_706802,aneuploid,Tumor_epithelial,NMPR
BD_immune07_254583,aneuploid,Tumor_epithelial,NMPR
BD_immune07_148978,aneuploid,Tumor_epithelial,NMPR
BD_immune07_690946,aneuploid,Tumor_epithelial,NMPR
BD_immune07_249481,aneuploid,Tumor_epithelial,NMPR
BD_immune07_165379,aneuploid,Tumor_epithelial,NMPR
BD_immune07_642240,aneuploid,Tumor_epithelial,NMPR
BD_immune07_13319,aneuploid,Tumor_epithelial,NMPR
BD_immune07_734416,aneuploid,Tumor_epithelial,NMPR
BD_immune07_315025,aneuploid,Tumor_epithelial,NMPR
BD_immune07_294960,aneuploid,Tumor_epithelial,NMPR
BD_immune07_587054,aneuploid,Tumor_epithelial,NMPR
BD_immune07_394973,aneuploid,Tumor_epithelial,NMPR
BD_immune07_593877,aneuploid,Tumor_epithelial,NMPR
BD_immune07_339948,aneuploid,Tumor_epithelial,NMPR
BD_immune07_646231,aneuploid,Tumor_epithelial,NMPR
BD_immune07_558628,aneuploid,Tumor_epithelial,NMPR
BD_immune07_22986,aneuploid,Tumor_epithelial,NMPR
BD_immune07_790704,aneuploid,Tumor_epithelial,NMPR
BD_immune07_458458,aneuploid,Tumor_epithelial,NMPR
BD_immune07_300794,aneuploid,Tumor_epithelial,NMPR
BD_immune07_666065,aneuploid,Tumor_epithelial,NMPR
BD_immune07_423260,aneuploid,Tumor_epithelial,NMPR
BD_immune07_775394,aneuploid,Tumor_epithelial,NMPR
BD_immune07_205942,aneuploid,Tumor_epithelial,NMPR
BD_immune07_775654,aneuploid,Tumor_epithelial,NMPR
BD_immune07_803326,aneuploid,Tumor_epithelial,NMPR
BD_immune07_351535,aneuploid,Tumor_epithelial,NMPR
BD_immune07_323303,aneuploid,Tumor_epithelial,NMPR
BD_immune07_317647,aneuploid,Tumor_epithelial,NMPR
BD_immune07_616181,aneuploid,Tumor_epithelial,NMPR
BD_immune07_249787,aneuploid,Tumor_epithelial,NMPR
BD_immune07_448402,aneuploid,Tumor_epithelial,NMPR
BD_immune07_671689,aneuploid,Tumor_epithelial,NMPR
BD_immune07_636852,aneuploid,Tumor_epithelial,NMPR
BD_immune07_633077,aneuploid,Tumor_epithelial,NMPR
BD_immune07_414508,aneuploid,Tumor_epithelial,NMPR
BD_immune07_488535,aneuploid,Tumor_epithelial,NMPR
BD_immune07_802725,aneuploid,Tumor_epithelial,NMPR
BD_immune07_84065,aneuploid,Tumor_epithelial,NMPR
BD_immune07_776239,aneuploid,Tumor_epithelial,NMPR
BD_immune07_628616,aneuploid,Tumor_epithelial,NMPR
BD_immune07_540447,aneuploid,Tumor_epithelial,NMPR
BD_immune07_681528,aneuploid,Tumor_epithelial,NMPR
BD_immune07_13470,aneuploid,Tumor_epithelial,NMPR
BD_immune07_292166,aneuploid,Tumor_epithelial,NMPR
BD_immune07_135783,aneuploid,Tumor_epithelial,NMPR
BD_immune07_698618,aneuploid,Tumor_epithelial,NMPR
BD_immune07_414648,aneuploid,Tumor_epithelial,NMPR
BD_immune07_183651,aneuploid,Tumor_epithelial,NMPR
BD_immune07_871271,aneuploid,Tumor_epithelial,NMPR
BD_immune07_714267,aneuploid,Tumor_epithelial,NMPR
BD_immune07_36029,aneuploid,Tumor_epithelial,NMPR
BD_immune07_813992,aneuploid,Tumor_epithelial,NMPR
BD_immune07_86755,aneuploid,Tumor_epithelial,NMPR
BD_immune07_866330,aneuploid,Tumor_epithelial,NMPR
BD_immune07_413980,aneuploid,Tumor_epithelial,NMPR
BD_immune07_674701,aneuploid,Tumor_epithelial,NMPR
BD_immune07_515029,aneuploid,Tumor_epithelial,NMPR
BD_immune07_331763,aneuploid,Tumor_epithelial,NMPR
BD_immune07_766735,aneuploid,Tumor_epithelial,NMPR
BD_immune07_336229,aneuploid,Tumor_epithelial,NMPR
BD_immune07_152443,aneuploid,Tumor_epithelial,NMPR
BD_immune07_867083,aneuploid,Tumor_epithelial,NMPR
BD_immune07_66675,aneuploid,Tumor_epithelial,NMPR
BD_immune07_334490,aneuploid,Tumor_epithelial,NMPR
BD_immune07_670636,aneuploid,Tumor_epithelial,NMPR
BD_immune07_359837,aneuploid,Tumor_epithelial,NMPR
BD_immune07_721215,aneuploid,Tumor_epithelial,NMPR
BD_immune07_525392,aneuploid,Tumor_epithelial,NMPR
BD_immune07_458776,aneuploid,Tumor_epithelial,NMPR
BD_immune07_712822,aneuploid,Tumor_epithelial,NMPR
BD_immune07_627609,aneuploid,Tumor_epithelial,NMPR
BD_immune07_661410,aneuploid,Tumor_epithelial,NMPR
BD_immune07_325662,aneuploid,Tumor_epithelial,NMPR
BD_immune07_481743,aneuploid,Tumor_epithelial,NMPR
BD_immune07_552032,aneuploid,Tumor_epithelial,NMPR
BD_immune07_689123,aneuploid,Tumor_epithelial,NMPR
BD_immune07_530747,aneuploid,Tumor_epithelial,NMPR
BD_immune07_239752,aneuploid,Tumor_epithelial,NMPR
BD_immune07_641270,aneuploid,Tumor_epithelial,NMPR
BD_immune07_255505,aneuploid,Tumor_epithelial,NMPR
BD_immune07_595569,aneuploid,Tumor_epithelial,NMPR
BD_immune07_94508,aneuploid,Tumor_epithelial,NMPR
BD_immune07_341000,aneuploid,Tumor_epithelial,NMPR
BD_immune07_714014,aneuploid,Tumor_epithelial,NMPR
BD_immune07_542959,aneuploid,Tumor_epithelial,NMPR
BD_immune07_461941,aneuploid,Tumor_epithelial,NMPR
BD_immune07_726578,aneuploid,Tumor_epithelial,NMPR
BD_immune07_534266,aneuploid,Tumor_epithelial,NMPR
BD_immune07_27563,aneuploid,Tumor_epithelial,NMPR
BD_immune07_799532,aneuploid,Tumor_epithelial,NMPR
BD_immune07_91084,aneuploid,Tumor_epithelial,NMPR
BD_immune07_784235,aneuploid,Tumor_epithelial,NMPR
BD_immune07_735424,aneuploid,Tumor_epithelial,NMPR
BD_immune07_309346,aneuploid,Tumor_epithelial,NMPR
BD_immune07_191147,aneuploid,Tumor_epithelial,NMPR
BD_immune07_817778,aneuploid,Tumor_epithelial,NMPR
BD_immune07_719375,aneuploid,Tumor_epithelial,NMPR
BD_immune07_41207,aneuploid,Tumor_epithelial,NMPR
BD_immune07_270781,aneuploid,Tumor_epithelial,NMPR
BD_immune07_467895,aneuploid,Tumor_epithelial,NMPR
BD_immune07_377084,aneuploid,Tumor_epithelial,NMPR
BD_immune07_213087,aneuploid,Tumor_epithelial,NMPR
BD_immune07_302198,aneuploid,Tumor_epithelial,NMPR
BD_immune07_744122,aneuploid,Tumor_epithelial,NMPR
BD_immune07_620426,aneuploid,Tumor_epithelial,NMPR
BD_immune07_631871,aneuploid,Tumor_epithelial,NMPR
BD_immune07_583440,aneuploid,Tumor_epithelial,NMPR
BD_immune07_800645,aneuploid,Tumor_epithelial,NMPR
BD_immune07_598337,aneuploid,Tumor_epithelial,NMPR
BD_immune07_212190,aneuploid,Tumor_epithelial,NMPR
BD_immune07_234046,aneuploid,Tumor_epithelial,NMPR
BD_immune07_158351,aneuploid,Tumor_epithelial,NMPR
BD_immune07_844835,aneuploid,Tumor_epithelial,NMPR
BD_immune07_554341,aneuploid,Tumor_epithelial,NMPR
BD_immune07_307354,aneuploid,Tumor_epithelial,NMPR
BD_immune07_471695,aneuploid,Tumor_epithelial,NMPR
BD_immune07_392667,aneuploid,Tumor_epithelial,NMPR
BD_immune07_524777,aneuploid,Tumor_epithelial,NMPR
BD_immune07_662252,aneuploid,Tumor_epithelial,NMPR
BD_immune07_518054,aneuploid,Tumor_epithelial,NMPR
BD_immune07_363461,aneuploid,Tumor_epithelial,NMPR
BD_immune07_745176,aneuploid,Tumor_epithelial,NMPR
BD_immune07_275489,aneuploid,Tumor_epithelial,NMPR
BD_immune07_785493,aneuploid,Tumor_epithelial,NMPR
BD_immune07_415344,aneuploid,Tumor_epithelial,NMPR
BD_immune07_873412,aneuploid,Tumor_epithelial,NMPR
BD_immune07_313073,aneuploid,Tumor_epithelial,NMPR
BD_immune07_818342,aneuploid,Tumor_epithelial,NMPR
BD_immune07_22632,aneuploid,Tumor_epithelial,NMPR
BD_immune07_632878,aneuploid,Tumor_epithelial,NMPR
BD_immune07_304228,aneuploid,Tumor_epithelial,NMPR
BD_immune07_826458,aneuploid,Tumor_epithelial,NMPR
BD_immune07_58873,aneuploid,Tumor_epithelial,NMPR
BD_immune07_480241,aneuploid,Tumor_epithelial,NMPR
BD_immune07_198528,aneuploid,Tumor_epithelial,NMPR
BD_immune07_847982,aneuploid,Tumor_epithelial,NMPR
BD_immune07_148915,aneuploid,Tumor_epithelial,NMPR
BD_immune07_289966,aneuploid,Tumor_epithelial,NMPR
BD_immune07_112327,aneuploid,Tumor_epithelial,NMPR
BD_immune07_303195,aneuploid,Tumor_epithelial,NMPR
BD_immune07_725846,aneuploid,Tumor_epithelial,NMPR
BD_immune07_595162,aneuploid,Tumor_epithelial,NMPR
BD_immune07_205352,aneuploid,Tumor_epithelial,NMPR
BD_immune07_640366,aneuploid,Tumor_epithelial,NMPR
BD_immune07_369780,aneuploid,Tumor_epithelial,NMPR
BD_immune07_873834,aneuploid,Tumor_epithelial,NMPR
BD_immune07_555629,aneuploid,Tumor_epithelial,NMPR
BD_immune07_150553,aneuploid,Tumor_epithelial,NMPR
BD_immune07_633818,aneuploid,Tumor_epithelial,NMPR
BD_immune07_66781,aneuploid,Tumor_epithelial,NMPR
BD_immune07_74265,aneuploid,Tumor_epithelial,NMPR
BD_immune07_804623,aneuploid,Tumor_epithelial,NMPR
BD_immune07_664315,aneuploid,Tumor_epithelial,NMPR
BD_immune07_380032,aneuploid,Tumor_epithelial,NMPR
BD_immune07_324162,aneuploid,Tumor_epithelial,NMPR
BD_immune07_645262,aneuploid,Tumor_epithelial,NMPR
BD_immune07_553432,aneuploid,Tumor_epithelial,NMPR
BD_immune07_536585,aneuploid,Tumor_epithelial,NMPR
BD_immune07_87050,aneuploid,Tumor_epithelial,NMPR
BD_immune07_338974,aneuploid,Tumor_epithelial,NMPR
BD_immune07_104468,aneuploid,Tumor_epithelial,NMPR
BD_immune07_332169,aneuploid,Tumor_epithelial,NMPR
BD_immune07_159923,aneuploid,Tumor_epithelial,NMPR
BD_immune07_487494,aneuploid,Tumor_epithelial,NMPR
BD_immune07_121901,aneuploid,Tumor_epithelial,NMPR
BD_immune07_753412,aneuploid,Tumor_epithelial,NMPR
BD_immune07_166451,aneuploid,Tumor_epithelial,NMPR
BD_immune07_638517,aneuploid,Tumor_epithelial,NMPR
BD_immune07_797680,aneuploid,Tumor_epithelial,NMPR
BD_immune07_674002,aneuploid,Tumor_epithelial,NMPR
BD_immune07_244497,aneuploid,Tumor_epithelial,NMPR
BD_immune07_521201,aneuploid,Tumor_epithelial,NMPR
BD_immune07_698410,aneuploid,Tumor_epithelial,NMPR
BD_immune07_376320,aneuploid,Tumor_epithelial,NMPR
BD_immune07_183903,aneuploid,Tumor_epithelial,NMPR
BD_immune07_100930,aneuploid,Tumor_epithelial,NMPR
BD_immune07_870110,aneuploid,Tumor_epithelial,NMPR
BD_immune07_242288,aneuploid,Tumor_epithelial,NMPR
BD_immune07_355490,aneuploid,Tumor_epithelial,NMPR
BD_immune07_314780,aneuploid,Tumor_epithelial,NMPR
BD_immune07_321740,aneuploid,Tumor_epithelial,NMPR
BD_immune07_346884,aneuploid,Tumor_epithelial,NMPR
BD_immune07_476376,aneuploid,Tumor_epithelial,NMPR
BD_immune07_384313,aneuploid,Tumor_epithelial,NMPR
BD_immune07_417724,aneuploid,Tumor_epithelial,NMPR
BD_immune07_30590,aneuploid,Tumor_epithelial,NMPR
BD_immune07_648395,aneuploid,Tumor_epithelial,NMPR
BD_immune07_467777,aneuploid,Tumor_epithelial,NMPR
BD_immune07_419891,aneuploid,Tumor_epithelial,NMPR
BD_immune07_684120,aneuploid,Tumor_epithelial,NMPR
BD_immune07_69501,aneuploid,Tumor_epithelial,NMPR
BD_immune07_851298,aneuploid,Tumor_epithelial,NMPR
BD_immune07_65416,aneuploid,Tumor_epithelial,NMPR
BD_immune07_429871,aneuploid,Tumor_epithelial,NMPR
BD_immune07_313309,aneuploid,Tumor_epithelial,NMPR
BD_immune07_619721,aneuploid,Tumor_epithelial,NMPR
BD_immune07_781095,aneuploid,Tumor_epithelial,NMPR
BD_immune07_103669,aneuploid,Tumor_epithelial,NMPR
BD_immune07_97414,aneuploid,Tumor_epithelial,NMPR
BD_immune07_753792,aneuploid,Tumor_epithelial,NMPR
BD_immune07_19910,aneuploid,Tumor_epithelial,NMPR
BD_immune07_38708,aneuploid,Tumor_epithelial,NMPR
BD_immune07_670922,aneuploid,Tumor_epithelial,NMPR
BD_immune07_154632,aneuploid,Tumor_epithelial,NMPR
BD_immune07_788027,aneuploid,Tumor_epithelial,NMPR
BD_immune07_865894,aneuploid,Tumor_epithelial,NMPR
BD_immune07_144933,aneuploid,Tumor_epithelial,NMPR
BD_immune07_740431,aneuploid,Tumor_epithelial,NMPR
BD_immune07_181022,aneuploid,Tumor_epithelial,NMPR
BD_immune07_644674,aneuploid,Tumor_epithelial,NMPR
BD_immune07_280519,aneuploid,Tumor_epithelial,NMPR
BD_immune07_356711,aneuploid,Tumor_epithelial,NMPR
BD_immune07_266137,aneuploid,Tumor_epithelial,NMPR
BD_immune07_668852,aneuploid,Tumor_epithelial,NMPR
BD_immune07_324655,aneuploid,Tumor_epithelial,NMPR
BD_immune07_285183,aneuploid,Tumor_epithelial,NMPR
BD_immune07_179817,aneuploid,Tumor_epithelial,NMPR
BD_immune07_341463,aneuploid,Tumor_epithelial,NMPR
BD_immune07_626005,aneuploid,Tumor_epithelial,NMPR
BD_immune07_579458,aneuploid,Tumor_epithelial,NMPR
BD_immune07_229416,aneuploid,Tumor_epithelial,NMPR
BD_immune07_597300,aneuploid,Tumor_epithelial,NMPR
BD_immune07_224940,aneuploid,Tumor_epithelial,NMPR
BD_immune07_351840,aneuploid,Tumor_epithelial,NMPR
BD_immune07_126441,aneuploid,Tumor_epithelial,NMPR
BD_immune07_469122,aneuploid,Tumor_epithelial,NMPR
BD_immune07_851329,aneuploid,Tumor_epithelial,NMPR
BD_immune07_221272,aneuploid,Tumor_epithelial,NMPR
BD_immune07_371721,aneuploid,Tumor_epithelial,NMPR
BD_immune07_643383,aneuploid,Tumor_epithelial,NMPR
BD_immune07_764272,aneuploid,Tumor_epithelial,NMPR
BD_immune07_81521,aneuploid,Tumor_epithelial,NMPR
BD_immune07_69552,aneuploid,Tumor_epithelial,NMPR
BD_immune07_857268,aneuploid,Tumor_epithelial,NMPR
BD_immune07_303204,aneuploid,Tumor_epithelial,NMPR
BD_immune07_281430,aneuploid,Tumor_epithelial,NMPR
BD_immune07_761518,aneuploid,Tumor_epithelial,NMPR
BD_immune07_304203,aneuploid,Tumor_epithelial,NMPR
BD_immune07_884115,aneuploid,Tumor_epithelial,NMPR
BD_immune07_793049,aneuploid,Tumor_epithelial,NMPR
BD_immune07_835579,aneuploid,Tumor_epithelial,NMPR
BD_immune07_405469,aneuploid,Tumor_epithelial,NMPR
BD_immune07_18396,aneuploid,Tumor_epithelial,NMPR
BD_immune07_109021,aneuploid,Tumor_epithelial,NMPR
BD_immune07_58169,aneuploid,Tumor_epithelial,NMPR
BD_immune07_239293,aneuploid,Tumor_epithelial,NMPR
BD_immune07_841297,aneuploid,Tumor_epithelial,NMPR
BD_immune07_655533,aneuploid,Tumor_epithelial,NMPR
BD_immune07_766828,aneuploid,Tumor_epithelial,NMPR
BD_immune07_279570,aneuploid,Tumor_epithelial,NMPR
BD_immune07_669407,aneuploid,Tumor_epithelial,NMPR
BD_immune07_875275,aneuploid,Tumor_epithelial,NMPR
BD_immune07_262865,aneuploid,Tumor_epithelial,NMPR
BD_immune07_93679,aneuploid,Tumor_epithelial,NMPR
BD_immune07_683383,aneuploid,Tumor_epithelial,NMPR
BD_immune07_544192,aneuploid,Tumor_epithelial,NMPR
BD_immune07_570244,aneuploid,Tumor_epithelial,NMPR
BD_immune07_8855,aneuploid,Tumor_epithelial,NMPR
BD_immune07_676714,aneuploid,Tumor_epithelial,NMPR
BD_immune07_255834,aneuploid,Tumor_epithelial,NMPR
BD_immune07_473615,aneuploid,Tumor_epithelial,NMPR
BD_immune07_231803,aneuploid,Tumor_epithelial,NMPR
BD_immune07_246410,aneuploid,Tumor_epithelial,NMPR
BD_immune07_500018,aneuploid,Tumor_epithelial,NMPR
BD_immune07_334530,aneuploid,Tumor_epithelial,NMPR
BD_immune07_551539,aneuploid,Tumor_epithelial,NMPR
BD_immune07_741019,aneuploid,Tumor_epithelial,NMPR
BD_immune07_355209,aneuploid,Tumor_epithelial,NMPR
BD_immune07_186570,aneuploid,Tumor_epithelial,NMPR
BD_immune07_596164,aneuploid,Tumor_epithelial,NMPR
BD_immune07_80032,aneuploid,Tumor_epithelial,NMPR
BD_immune07_137921,aneuploid,Tumor_epithelial,NMPR
BD_immune07_403283,aneuploid,Tumor_epithelial,NMPR
BD_immune07_550239,aneuploid,Tumor_epithelial,NMPR
BD_immune07_464537,aneuploid,Tumor_epithelial,NMPR
BD_immune07_641528,aneuploid,Tumor_epithelial,NMPR
BD_immune07_882476,aneuploid,Tumor_epithelial,NMPR
BD_immune07_75075,aneuploid,Tumor_epithelial,NMPR
BD_immune07_216496,aneuploid,Tumor_epithelial,NMPR
BD_immune07_343669,aneuploid,Tumor_epithelial,NMPR
BD_immune07_191414,aneuploid,Tumor_epithelial,NMPR
BD_immune07_205623,aneuploid,Tumor_epithelial,NMPR
BD_immune07_277798,aneuploid,Tumor_epithelial,NMPR
BD_immune07_728310,aneuploid,Tumor_epithelial,NMPR
BD_immune07_669445,aneuploid,Tumor_epithelial,NMPR
BD_immune07_679825,aneuploid,Tumor_epithelial,NMPR
BD_immune07_574921,aneuploid,Tumor_epithelial,NMPR
BD_immune07_497535,aneuploid,Tumor_epithelial,NMPR
BD_immune07_130173,aneuploid,Tumor_epithelial,NMPR
BD_immune07_571814,aneuploid,Tumor_epithelial,NMPR
BD_immune07_719812,aneuploid,Tumor_epithelial,NMPR
BD_immune07_350715,aneuploid,Tumor_epithelial,NMPR
BD_immune07_574025,aneuploid,Tumor_epithelial,NMPR
BD_immune07_382356,aneuploid,Tumor_epithelial,NMPR
BD_immune07_77855,aneuploid,Tumor_epithelial,NMPR
BD_immune07_461935,aneuploid,Tumor_epithelial,NMPR
BD_immune07_657810,aneuploid,Tumor_epithelial,NMPR
BD_immune07_628055,aneuploid,Tumor_epithelial,NMPR
BD_immune07_573295,aneuploid,Tumor_epithelial,NMPR
BD_immune07_789029,aneuploid,Tumor_epithelial,NMPR
BD_immune07_338359,aneuploid,Tumor_epithelial,NMPR
BD_immune07_464687,aneuploid,Tumor_epithelial,NMPR
BD_immune07_533248,aneuploid,Tumor_epithelial,NMPR
BD_immune07_138095,aneuploid,Tumor_epithelial,NMPR
BD_immune07_847205,aneuploid,Tumor_epithelial,NMPR
BD_immune07_567481,aneuploid,Tumor_epithelial,NMPR
BD_immune07_248578,aneuploid,Tumor_epithelial,NMPR
BD_immune07_224416,aneuploid,Tumor_epithelial,NMPR
BD_immune07_686289,aneuploid,Tumor_epithelial,NMPR
BD_immune07_712715,aneuploid,Tumor_epithelial,NMPR
BD_immune07_4305,aneuploid,Tumor_epithelial,NMPR
BD_immune07_364853,aneuploid,Tumor_epithelial,NMPR
BD_immune07_469817,aneuploid,Tumor_epithelial,NMPR
BD_immune07_81371,aneuploid,Tumor_epithelial,NMPR
BD_immune07_160968,aneuploid,Tumor_epithelial,NMPR
BD_immune07_243352,aneuploid,Tumor_epithelial,NMPR
BD_immune07_883461,aneuploid,Tumor_epithelial,NMPR
BD_immune07_656763,aneuploid,Tumor_epithelial,NMPR
BD_immune07_742522,aneuploid,Tumor_epithelial,NMPR
BD_immune07_756913,aneuploid,Tumor_epithelial,NMPR
BD_immune07_257096,aneuploid,Tumor_epithelial,NMPR
BD_immune07_50496,aneuploid,Tumor_epithelial,NMPR
BD_immune07_823722,aneuploid,Tumor_epithelial,NMPR
BD_immune07_819823,aneuploid,Tumor_epithelial,NMPR
BD_immune07_119286,aneuploid,Tumor_epithelial,NMPR
BD_immune07_359145,aneuploid,Tumor_epithelial,NMPR
BD_immune07_58352,aneuploid,Tumor_epithelial,NMPR
BD_immune07_770324,aneuploid,Tumor_epithelial,NMPR
BD_immune07_40117,aneuploid,Tumor_epithelial,NMPR
BD_immune07_550742,aneuploid,Tumor_epithelial,NMPR
BD_immune07_758301,aneuploid,Tumor_epithelial,NMPR
BD_immune07_833403,aneuploid,Tumor_epithelial,NMPR
BD_immune07_323252,aneuploid,Tumor_epithelial,NMPR
BD_immune07_757834,aneuploid,Tumor_epithelial,NMPR
BD_immune07_155807,aneuploid,Tumor_epithelial,NMPR
BD_immune07_744278,aneuploid,Tumor_epithelial,NMPR
BD_immune07_671388,aneuploid,Tumor_epithelial,NMPR
BD_immune07_849886,aneuploid,Tumor_epithelial,NMPR
BD_immune07_727191,aneuploid,Tumor_epithelial,NMPR
BD_immune07_357020,aneuploid,Tumor_epithelial,NMPR
BD_immune07_143135,aneuploid,Tumor_epithelial,NMPR
BD_immune07_311598,aneuploid,Tumor_epithelial,NMPR
BD_immune07_675742,aneuploid,Tumor_epithelial,NMPR
BD_immune07_408285,aneuploid,Tumor_epithelial,NMPR
BD_immune07_560870,aneuploid,Tumor_epithelial,NMPR
BD_immune07_266225,aneuploid,Tumor_epithelial,NMPR
BD_immune07_508332,aneuploid,Tumor_epithelial,NMPR
BD_immune07_754283,aneuploid,Tumor_epithelial,NMPR
BD_immune07_142936,aneuploid,Tumor_epithelial,NMPR
BD_immune07_15476,aneuploid,Tumor_epithelial,NMPR
BD_immune07_383822,aneuploid,Tumor_epithelial,NMPR
BD_immune07_187359,aneuploid,Tumor_epithelial,NMPR
BD_immune07_685494,aneuploid,Tumor_epithelial,NMPR
BD_immune07_402835,aneuploid,Tumor_epithelial,NMPR
BD_immune07_600314,aneuploid,Tumor_epithelial,NMPR
BD_immune07_528660,aneuploid,Tumor_epithelial,NMPR
BD_immune07_400721,aneuploid,Tumor_epithelial,NMPR
BD_immune07_574283,aneuploid,Tumor_epithelial,NMPR
BD_immune07_880737,aneuploid,Tumor_epithelial,NMPR
BD_immune07_602668,aneuploid,Tumor_epithelial,NMPR
BD_immune07_672509,aneuploid,Tumor_epithelial,NMPR
BD_immune07_284889,aneuploid,Tumor_epithelial,NMPR
BD_immune07_405351,aneuploid,Tumor_epithelial,NMPR
BD_immune07_630091,aneuploid,Tumor_epithelial,NMPR
BD_immune07_604787,aneuploid,Tumor_epithelial,NMPR
BD_immune07_385085,aneuploid,Tumor_epithelial,NMPR
BD_immune07_735981,aneuploid,Tumor_epithelial,NMPR
BD_immune07_411717,aneuploid,Tumor_epithelial,NMPR
BD_immune07_768512,aneuploid,Tumor_epithelial,NMPR
BD_immune07_18574,aneuploid,Tumor_epithelial,NMPR
BD_immune07_556015,aneuploid,Tumor_epithelial,NMPR
BD_immune07_87495,aneuploid,Tumor_epithelial,NMPR
BD_immune07_881686,aneuploid,Tumor_epithelial,NMPR
BD_immune07_214498,aneuploid,Tumor_epithelial,NMPR
BD_immune07_552559,aneuploid,Tumor_epithelial,NMPR
BD_immune07_736595,aneuploid,Tumor_epithelial,NMPR
BD_immune07_563595,aneuploid,Tumor_epithelial,NMPR
BD_immune07_638360,aneuploid,Tumor_epithelial,NMPR
BD_immune07_721866,aneuploid,Tumor_epithelial,NMPR
BD_immune07_434982,aneuploid,Tumor_epithelial,NMPR
BD_immune07_586503,aneuploid,Tumor_epithelial,NMPR
BD_immune07_80935,aneuploid,Tumor_epithelial,NMPR
BD_immune07_167716,aneuploid,Tumor_epithelial,NMPR
BD_immune07_417477,aneuploid,Tumor_epithelial,NMPR
BD_immune07_41187,aneuploid,Tumor_epithelial,NMPR
BD_immune07_692024,aneuploid,Tumor_epithelial,NMPR
BD_immune07_846072,aneuploid,Tumor_epithelial,NMPR
BD_immune07_31930,aneuploid,Tumor_epithelial,NMPR
BD_immune07_513597,aneuploid,Tumor_epithelial,NMPR
BD_immune07_430859,aneuploid,Tumor_epithelial,NMPR
BD_immune07_497187,aneuploid,Tumor_epithelial,NMPR
BD_immune07_84915,aneuploid,Tumor_epithelial,NMPR
BD_immune07_850161,aneuploid,Tumor_epithelial,NMPR
BD_immune07_536354,aneuploid,Tumor_epithelial,NMPR
BD_immune07_525845,aneuploid,Tumor_epithelial,NMPR
BD_immune07_293861,aneuploid,Tumor_epithelial,NMPR
BD_immune07_245721,aneuploid,Tumor_epithelial,NMPR
BD_immune07_392655,aneuploid,Tumor_epithelial,NMPR
BD_immune07_730241,aneuploid,Tumor_epithelial,NMPR
BD_immune07_156623,aneuploid,Tumor_epithelial,NMPR
BD_immune07_213517,aneuploid,Tumor_epithelial,NMPR
BD_immune07_448616,aneuploid,Tumor_epithelial,NMPR
BD_immune07_822149,aneuploid,Tumor_epithelial,NMPR
BD_immune07_849747,aneuploid,Tumor_epithelial,NMPR
BD_immune07_236260,aneuploid,Tumor_epithelial,NMPR
BD_immune07_232027,aneuploid,Tumor_epithelial,NMPR
BD_immune07_449826,aneuploid,Tumor_epithelial,NMPR
BD_immune07_145903,aneuploid,Tumor_epithelial,NMPR
BD_immune07_13891,aneuploid,Tumor_epithelial,NMPR
BD_immune07_258881,aneuploid,Tumor_epithelial,NMPR
BD_immune07_786023,aneuploid,Tumor_epithelial,NMPR
BD_immune07_199851,aneuploid,Tumor_epithelial,NMPR
BD_immune07_249761,aneuploid,Tumor_epithelial,NMPR
BD_immune07_541988,aneuploid,Tumor_epithelial,NMPR
BD_immune07_428966,aneuploid,Tumor_epithelial,NMPR
BD_immune07_102016,aneuploid,Tumor_epithelial,NMPR
BD_immune07_568533,aneuploid,Tumor_epithelial,NMPR
BD_immune07_487242,aneuploid,Tumor_epithelial,NMPR
BD_immune07_489674,aneuploid,Tumor_epithelial,NMPR
BD_immune07_397851,aneuploid,Tumor_epithelial,NMPR
BD_immune07_350738,aneuploid,Tumor_epithelial,NMPR
BD_immune07_258925,aneuploid,Tumor_epithelial,NMPR
BD_immune07_16246,aneuploid,Tumor_epithelial,NMPR
BD_immune07_232147,aneuploid,Tumor_epithelial,NMPR
BD_immune07_486389,aneuploid,Tumor_epithelial,NMPR
BD_immune07_396875,aneuploid,Tumor_epithelial,NMPR
BD_immune07_83817,aneuploid,Tumor_epithelial,NMPR
BD_immune07_311276,aneuploid,Tumor_epithelial,NMPR
BD_immune07_40957,aneuploid,Tumor_epithelial,NMPR
BD_immune07_36804,aneuploid,Tumor_epithelial,NMPR
BD_immune07_32075,aneuploid,Tumor_epithelial,NMPR
BD_immune07_702308,aneuploid,Tumor_epithelial,NMPR
BD_immune07_140034,aneuploid,Tumor_epithelial,NMPR
BD_immune07_277672,aneuploid,Tumor_epithelial,NMPR
BD_immune07_571820,aneuploid,Tumor_epithelial,NMPR
BD_immune07_389318,aneuploid,Tumor_epithelial,NMPR
BD_immune07_161729,aneuploid,Tumor_epithelial,NMPR
BD_immune07_474790,aneuploid,Tumor_epithelial,NMPR
BD_immune07_381890,aneuploid,Tumor_epithelial,NMPR
BD_immune07_432736,aneuploid,Tumor_epithelial,NMPR
BD_immune07_832627,aneuploid,Tumor_epithelial,NMPR
BD_immune07_454663,aneuploid,Tumor_epithelial,NMPR
BD_immune07_540456,aneuploid,Tumor_epithelial,NMPR
BD_immune07_42233,aneuploid,Tumor_epithelial,NMPR
BD_immune07_804180,aneuploid,Tumor_epithelial,NMPR
BD_immune07_567998,aneuploid,Tumor_epithelial,NMPR
BD_immune07_881935,aneuploid,Tumor_epithelial,NMPR
BD_immune07_805623,aneuploid,Tumor_epithelial,NMPR
BD_immune07_667438,aneuploid,Tumor_epithelial,NMPR
BD_immune07_153207,aneuploid,Tumor_epithelial,NMPR
BD_immune07_5196,aneuploid,Tumor_epithelial,NMPR
BD_immune07_215947,aneuploid,Tumor_epithelial,NMPR
BD_immune07_7422,aneuploid,Tumor_epithelial,NMPR
BD_immune07_663732,aneuploid,Tumor_epithelial,NMPR
BD_immune07_878395,aneuploid,Tumor_epithelial,NMPR
BD_immune07_761479,aneuploid,Tumor_epithelial,NMPR
BD_immune07_423380,aneuploid,Tumor_epithelial,NMPR
BD_immune07_481945,aneuploid,Tumor_epithelial,NMPR
BD_immune07_524342,aneuploid,Tumor_epithelial,NMPR
BD_immune07_81810,aneuploid,Tumor_epithelial,NMPR
BD_immune07_180351,aneuploid,Tumor_epithelial,NMPR
BD_immune07_854032,aneuploid,Tumor_epithelial,NMPR
BD_immune07_428702,aneuploid,Tumor_epithelial,NMPR
BD_immune07_685511,aneuploid,Tumor_epithelial,NMPR
BD_immune07_137251,aneuploid,Tumor_epithelial,NMPR
BD_immune07_306295,aneuploid,Tumor_epithelial,NMPR
BD_immune07_734241,aneuploid,Tumor_epithelial,NMPR
BD_immune07_660325,aneuploid,Tumor_epithelial,NMPR
BD_immune07_28076,aneuploid,Tumor_epithelial,NMPR
BD_immune07_851534,aneuploid,Tumor_epithelial,NMPR
BD_immune07_811659,aneuploid,Tumor_epithelial,NMPR
BD_immune07_819523,aneuploid,Tumor_epithelial,NMPR
BD_immune07_186793,aneuploid,Tumor_epithelial,NMPR
BD_immune07_628464,aneuploid,Tumor_epithelial,NMPR
BD_immune07_367099,aneuploid,Tumor_epithelial,NMPR
BD_immune07_34325,aneuploid,Tumor_epithelial,NMPR
BD_immune07_41273,aneuploid,Tumor_epithelial,NMPR
BD_immune07_583763,aneuploid,Tumor_epithelial,NMPR
BD_immune07_753846,aneuploid,Tumor_epithelial,NMPR
BD_immune07_554943,aneuploid,Tumor_epithelial,NMPR
BD_immune07_108366,aneuploid,Tumor_epithelial,NMPR
BD_immune07_541989,aneuploid,Tumor_epithelial,NMPR
BD_immune07_324023,aneuploid,Tumor_epithelial,NMPR
BD_immune07_810707,aneuploid,Tumor_epithelial,NMPR
BD_immune07_114536,aneuploid,Tumor_epithelial,NMPR
BD_immune07_325800,aneuploid,Tumor_epithelial,NMPR
BD_immune07_688761,aneuploid,Tumor_epithelial,NMPR
BD_immune07_810338,aneuploid,Tumor_epithelial,NMPR
BD_immune07_819036,aneuploid,Tumor_epithelial,NMPR
BD_immune07_111860,aneuploid,Tumor_epithelial,NMPR
BD_immune07_822056,aneuploid,Tumor_epithelial,NMPR
BD_immune07_807349,aneuploid,Tumor_epithelial,NMPR
BD_immune07_173365,aneuploid,Tumor_epithelial,NMPR
BD_immune07_840042,aneuploid,Tumor_epithelial,NMPR
BD_immune07_87788,aneuploid,Tumor_epithelial,NMPR
BD_immune07_634503,aneuploid,Tumor_epithelial,NMPR
BD_immune07_520564,aneuploid,Tumor_epithelial,NMPR
BD_immune07_172610,aneuploid,Tumor_epithelial,NMPR
BD_immune07_770438,aneuploid,Tumor_epithelial,NMPR
BD_immune07_285794,aneuploid,Tumor_epithelial,NMPR
BD_immune07_247799,aneuploid,Tumor_epithelial,NMPR
BD_immune07_137584,aneuploid,Tumor_epithelial,NMPR
BD_immune07_511415,aneuploid,Tumor_epithelial,NMPR
BD_immune07_81725,aneuploid,Tumor_epithelial,NMPR
BD_immune07_674307,aneuploid,Tumor_epithelial,NMPR
BD_immune07_663940,aneuploid,Tumor_epithelial,NMPR
BD_immune07_822913,aneuploid,Tumor_epithelial,NMPR
BD_immune07_445144,aneuploid,Tumor_epithelial,NMPR
BD_immune07_759224,aneuploid,Tumor_epithelial,NMPR
BD_immune07_240204,aneuploid,Tumor_epithelial,NMPR
BD_immune07_775102,aneuploid,Tumor_epithelial,NMPR
BD_immune07_244584,aneuploid,Tumor_epithelial,NMPR
BD_immune07_554734,aneuploid,Tumor_epithelial,NMPR
BD_immune07_173344,aneuploid,Tumor_epithelial,NMPR
BD_immune07_350706,aneuploid,Tumor_epithelial,NMPR
BD_immune07_624665,aneuploid,Tumor_epithelial,NMPR
BD_immune07_396927,aneuploid,Tumor_epithelial,NMPR
BD_immune07_616730,aneuploid,Tumor_epithelial,NMPR
BD_immune07_481282,aneuploid,Tumor_epithelial,NMPR
BD_immune07_718956,aneuploid,Tumor_epithelial,NMPR
BD_immune07_369924,aneuploid,Tumor_epithelial,NMPR
BD_immune07_86692,aneuploid,Tumor_epithelial,NMPR
BD_immune07_326678,aneuploid,Tumor_epithelial,NMPR
BD_immune07_542114,aneuploid,Tumor_epithelial,NMPR
BD_immune07_479276,aneuploid,Tumor_epithelial,NMPR
BD_immune07_284397,aneuploid,Tumor_epithelial,NMPR
BD_immune07_24757,aneuploid,Tumor_epithelial,NMPR
BD_immune07_803768,aneuploid,Tumor_epithelial,NMPR
BD_immune07_403567,aneuploid,Tumor_epithelial,NMPR
BD_immune07_663163,aneuploid,Tumor_epithelial,NMPR
BD_immune07_78885,aneuploid,Tumor_epithelial,NMPR
BD_immune07_487733,aneuploid,Tumor_epithelial,NMPR
BD_immune07_463732,aneuploid,Tumor_epithelial,NMPR
BD_immune07_40966,aneuploid,Tumor_epithelial,NMPR
BD_immune07_584543,aneuploid,Tumor_epithelial,NMPR
BD_immune07_598124,aneuploid,Tumor_epithelial,NMPR
BD_immune07_841526,aneuploid,Tumor_epithelial,NMPR
BD_immune07_756979,aneuploid,Tumor_epithelial,NMPR
BD_immune07_536414,aneuploid,Tumor_epithelial,NMPR
BD_immune07_766948,aneuploid,Tumor_epithelial,NMPR
BD_immune07_604494,aneuploid,Tumor_epithelial,NMPR
BD_immune07_761017,aneuploid,Tumor_epithelial,NMPR
BD_immune07_180009,aneuploid,Tumor_epithelial,NMPR
BD_immune07_84679,aneuploid,Tumor_epithelial,NMPR
BD_immune07_859769,aneuploid,Tumor_epithelial,NMPR
BD_immune07_372381,aneuploid,Tumor_epithelial,NMPR
BD_immune07_688079,aneuploid,Tumor_epithelial,NMPR
BD_immune07_94317,aneuploid,Tumor_epithelial,NMPR
BD_immune07_868109,aneuploid,Tumor_epithelial,NMPR
BD_immune07_594551,aneuploid,Tumor_epithelial,NMPR
BD_immune07_16579,aneuploid,Tumor_epithelial,NMPR
BD_immune07_536999,aneuploid,Tumor_epithelial,NMPR
BD_immune07_491644,aneuploid,Tumor_epithelial,NMPR
BD_immune07_801400,aneuploid,Tumor_epithelial,NMPR
BD_immune07_147028,aneuploid,Tumor_epithelial,NMPR
BD_immune07_447530,aneuploid,Tumor_epithelial,NMPR
BD_immune07_474379,aneuploid,Tumor_epithelial,NMPR
BD_immune07_791961,aneuploid,Tumor_epithelial,NMPR
BD_immune07_446809,aneuploid,Tumor_epithelial,NMPR
BD_immune07_34185,aneuploid,Tumor_epithelial,NMPR
BD_immune07_874919,aneuploid,Tumor_epithelial,NMPR
BD_immune07_469135,aneuploid,Tumor_epithelial,NMPR
BD_immune07_78140,aneuploid,Tumor_epithelial,NMPR
BD_immune07_91678,aneuploid,Tumor_epithelial,NMPR
BD_immune07_484425,aneuploid,Tumor_epithelial,NMPR
BD_immune07_436275,aneuploid,Tumor_epithelial,NMPR
BD_immune07_358941,aneuploid,Tumor_epithelial,NMPR
BD_immune07_338818,aneuploid,Tumor_epithelial,NMPR
BD_immune07_595165,aneuploid,Tumor_epithelial,NMPR
BD_immune07_144658,aneuploid,Tumor_epithelial,NMPR
BD_immune07_656772,aneuploid,Tumor_epithelial,NMPR
BD_immune07_403774,aneuploid,Tumor_epithelial,NMPR
BD_immune07_127991,aneuploid,Tumor_epithelial,NMPR
BD_immune07_294156,aneuploid,Tumor_epithelial,NMPR
BD_immune07_809497,aneuploid,Tumor_epithelial,NMPR
BD_immune07_312672,aneuploid,Tumor_epithelial,NMPR
BD_immune07_268211,aneuploid,Tumor_epithelial,NMPR
BD_immune07_63857,aneuploid,Tumor_epithelial,NMPR
BD_immune07_480931,aneuploid,Tumor_epithelial,NMPR
BD_immune07_726622,aneuploid,Tumor_epithelial,NMPR
BD_immune07_209772,aneuploid,Tumor_epithelial,NMPR
BD_immune07_700506,aneuploid,Tumor_epithelial,NMPR
BD_immune07_512032,aneuploid,Tumor_epithelial,NMPR
BD_immune07_447773,aneuploid,Tumor_epithelial,NMPR
BD_immune07_731649,aneuploid,Tumor_epithelial,NMPR
BD_immune07_819802,aneuploid,Tumor_epithelial,NMPR
BD_immune07_250330,aneuploid,Tumor_epithelial,NMPR
BD_immune07_709971,aneuploid,Tumor_epithelial,NMPR
BD_immune07_170587,aneuploid,Tumor_epithelial,NMPR
BD_immune07_39968,aneuploid,Tumor_epithelial,NMPR
BD_immune07_705298,aneuploid,Tumor_epithelial,NMPR
BD_immune07_249894,aneuploid,Tumor_epithelial,NMPR
BD_immune07_763844,aneuploid,Tumor_epithelial,NMPR
BD_immune07_613854,aneuploid,Tumor_epithelial,NMPR
BD_immune07_96617,aneuploid,Tumor_epithelial,NMPR
BD_immune07_378517,aneuploid,Tumor_epithelial,NMPR
BD_immune07_457872,aneuploid,Tumor_epithelial,NMPR
BD_immune07_616863,aneuploid,Tumor_epithelial,NMPR
BD_immune07_644568,aneuploid,Tumor_epithelial,NMPR
BD_immune07_789961,aneuploid,Tumor_epithelial,NMPR
BD_immune07_473310,aneuploid,Tumor_epithelial,NMPR
BD_immune07_871584,aneuploid,Tumor_epithelial,NMPR
BD_immune07_723233,aneuploid,Tumor_epithelial,NMPR
BD_immune07_642132,aneuploid,Tumor_epithelial,NMPR
BD_immune07_364921,aneuploid,Tumor_epithelial,NMPR
BD_immune07_562347,aneuploid,Tumor_epithelial,NMPR
BD_immune07_790630,aneuploid,Tumor_epithelial,NMPR
BD_immune07_677496,aneuploid,Tumor_epithelial,NMPR
BD_immune07_334602,aneuploid,Tumor_epithelial,NMPR
BD_immune07_213689,aneuploid,Tumor_epithelial,NMPR
BD_immune07_287277,aneuploid,Tumor_epithelial,NMPR
BD_immune07_298160,aneuploid,Tumor_epithelial,NMPR
BD_immune07_499249,aneuploid,Tumor_epithelial,NMPR
BD_immune07_586756,aneuploid,Tumor_epithelial,NMPR
BD_immune07_472845,aneuploid,Tumor_epithelial,NMPR
BD_immune07_253126,aneuploid,Tumor_epithelial,NMPR
BD_immune07_290458,aneuploid,Tumor_epithelial,NMPR
BD_immune07_793041,aneuploid,Tumor_epithelial,NMPR
BD_immune07_21988,aneuploid,Tumor_epithelial,NMPR
BD_immune07_783483,aneuploid,Tumor_epithelial,NMPR
BD_immune07_51053,aneuploid,Tumor_epithelial,NMPR
BD_immune07_526979,aneuploid,Tumor_epithelial,NMPR
BD_immune07_497829,aneuploid,Tumor_epithelial,NMPR
BD_immune07_114473,aneuploid,Tumor_epithelial,NMPR
BD_immune07_473000,aneuploid,Tumor_epithelial,NMPR
BD_immune07_357717,aneuploid,Tumor_epithelial,NMPR
BD_immune07_151959,aneuploid,Tumor_epithelial,NMPR
BD_immune07_268942,aneuploid,Tumor_epithelial,NMPR
BD_immune07_117832,aneuploid,Tumor_epithelial,NMPR
BD_immune07_105118,aneuploid,Tumor_epithelial,NMPR
BD_immune07_568272,aneuploid,Tumor_epithelial,NMPR
BD_immune07_264828,aneuploid,Tumor_epithelial,NMPR
BD_immune07_338708,aneuploid,Tumor_epithelial,NMPR
BD_immune07_524646,aneuploid,Tumor_epithelial,NMPR
BD_immune07_377022,aneuploid,Tumor_epithelial,NMPR
BD_immune07_115457,aneuploid,Tumor_epithelial,NMPR
BD_immune07_754659,aneuploid,Tumor_epithelial,NMPR
BD_immune07_662339,aneuploid,Tumor_epithelial,NMPR
BD_immune07_622762,aneuploid,Tumor_epithelial,NMPR
BD_immune07_748271,aneuploid,Tumor_epithelial,NMPR
BD_immune07_430476,aneuploid,Tumor_epithelial,NMPR
BD_immune07_167382,aneuploid,Tumor_epithelial,NMPR
BD_immune07_123734,aneuploid,Tumor_epithelial,NMPR
BD_immune07_707825,aneuploid,Tumor_epithelial,NMPR
BD_immune07_731290,aneuploid,Tumor_epithelial,NMPR
BD_immune07_846,aneuploid,Tumor_epithelial,NMPR
BD_immune07_883431,aneuploid,Tumor_epithelial,NMPR
BD_immune07_113483,aneuploid,Tumor_epithelial,NMPR
BD_immune07_320028,aneuploid,Tumor_epithelial,NMPR
BD_immune07_881344,aneuploid,Tumor_epithelial,NMPR
BD_immune07_167399,aneuploid,Tumor_epithelial,NMPR
BD_immune07_568139,aneuploid,Tumor_epithelial,NMPR
BD_immune07_702359,aneuploid,Tumor_epithelial,NMPR
BD_immune07_742531,aneuploid,Tumor_epithelial,NMPR
BD_immune07_851834,aneuploid,Tumor_epithelial,NMPR
BD_immune07_55408,aneuploid,Tumor_epithelial,NMPR
BD_immune07_16140,aneuploid,Tumor_epithelial,NMPR
BD_immune07_819449,aneuploid,Tumor_epithelial,NMPR
BD_immune07_563425,aneuploid,Tumor_epithelial,NMPR
BD_immune07_232729,aneuploid,Tumor_epithelial,NMPR
BD_immune07_46542,aneuploid,Tumor_epithelial,NMPR
BD_immune07_240902,aneuploid,Tumor_epithelial,NMPR
BD_immune07_739528,aneuploid,Tumor_epithelial,NMPR
BD_immune07_621074,aneuploid,Tumor_epithelial,NMPR
BD_immune07_686481,aneuploid,Tumor_epithelial,NMPR
BD_immune07_20220,aneuploid,Tumor_epithelial,NMPR
BD_immune07_831512,aneuploid,Tumor_epithelial,NMPR
BD_immune07_796687,aneuploid,Tumor_epithelial,NMPR
BD_immune07_354415,aneuploid,Tumor_epithelial,NMPR
BD_immune07_446979,aneuploid,Tumor_epithelial,NMPR
BD_immune07_407917,aneuploid,Tumor_epithelial,NMPR
BD_immune07_847219,aneuploid,Tumor_epithelial,NMPR
BD_immune07_585104,aneuploid,Tumor_epithelial,NMPR
BD_immune07_183636,aneuploid,Tumor_epithelial,NMPR
BD_immune07_486064,aneuploid,Tumor_epithelial,NMPR
BD_immune07_218298,aneuploid,Tumor_epithelial,NMPR
BD_immune07_775108,aneuploid,Tumor_epithelial,NMPR
BD_immune07_483690,aneuploid,Tumor_epithelial,NMPR
BD_immune07_883991,aneuploid,Tumor_epithelial,NMPR
BD_immune07_74737,aneuploid,Tumor_epithelial,NMPR
BD_immune07_443425,aneuploid,Tumor_epithelial,NMPR
BD_immune07_799173,aneuploid,Tumor_epithelial,NMPR
BD_immune07_75401,aneuploid,Tumor_epithelial,NMPR
BD_immune07_681495,aneuploid,Tumor_epithelial,NMPR
BD_immune07_467625,aneuploid,Tumor_epithelial,NMPR
BD_immune07_125913,aneuploid,Tumor_epithelial,NMPR
BD_immune07_342410,aneuploid,Tumor_epithelial,NMPR
BD_immune07_613477,aneuploid,Tumor_epithelial,NMPR
BD_immune07_619849,aneuploid,Tumor_epithelial,NMPR
BD_immune07_879180,aneuploid,Tumor_epithelial,NMPR
BD_immune07_780877,aneuploid,Tumor_epithelial,NMPR
BD_immune07_877833,aneuploid,Tumor_epithelial,NMPR
BD_immune07_59584,aneuploid,Tumor_epithelial,NMPR
BD_immune07_659963,aneuploid,Tumor_epithelial,NMPR
BD_immune07_726149,aneuploid,Tumor_epithelial,NMPR
BD_immune07_671609,aneuploid,Tumor_epithelial,NMPR
BD_immune07_729205,aneuploid,Tumor_epithelial,NMPR
BD_immune07_83284,aneuploid,Tumor_epithelial,NMPR
BD_immune07_720046,aneuploid,Tumor_epithelial,NMPR
BD_immune07_662961,aneuploid,Tumor_epithelial,NMPR
BD_immune07_302457,aneuploid,Tumor_epithelial,NMPR
BD_immune07_211458,aneuploid,Tumor_epithelial,NMPR
BD_immune07_600369,aneuploid,Tumor_epithelial,NMPR
BD_immune07_757293,aneuploid,Tumor_epithelial,NMPR
BD_immune07_73865,aneuploid,Tumor_epithelial,NMPR
BD_immune07_741272,aneuploid,Tumor_epithelial,NMPR
BD_immune07_632854,aneuploid,Tumor_epithelial,NMPR
BD_immune07_304610,aneuploid,Tumor_epithelial,NMPR
BD_immune07_574601,aneuploid,Tumor_epithelial,NMPR
BD_immune07_335149,aneuploid,Tumor_epithelial,NMPR
BD_immune07_794367,aneuploid,Tumor_epithelial,NMPR
BD_immune07_575288,aneuploid,Tumor_epithelial,NMPR
BD_immune07_36101,aneuploid,Tumor_epithelial,NMPR
BD_immune07_36378,aneuploid,Tumor_epithelial,NMPR
BD_immune07_549802,aneuploid,Tumor_epithelial,NMPR
BD_immune07_554783,aneuploid,Tumor_epithelial,NMPR
BD_immune07_441124,aneuploid,Tumor_epithelial,NMPR
BD_immune07_607516,aneuploid,Tumor_epithelial,NMPR
BD_immune07_10952,aneuploid,Tumor_epithelial,NMPR
BD_immune07_584089,aneuploid,Tumor_epithelial,NMPR
BD_immune07_843935,aneuploid,Tumor_epithelial,NMPR
BD_immune07_797274,aneuploid,Tumor_epithelial,NMPR
BD_immune07_681389,aneuploid,Tumor_epithelial,NMPR
BD_immune07_763499,aneuploid,Tumor_epithelial,NMPR
BD_immune07_876640,aneuploid,Tumor_epithelial,NMPR
BD_immune07_827420,aneuploid,Tumor_epithelial,NMPR
BD_immune07_273853,aneuploid,Tumor_epithelial,NMPR
BD_immune07_167876,aneuploid,Tumor_epithelial,NMPR
BD_immune07_340663,aneuploid,Tumor_epithelial,NMPR
BD_immune07_739755,aneuploid,Tumor_epithelial,NMPR
BD_immune07_465389,aneuploid,Tumor_epithelial,NMPR
BD_immune07_246591,aneuploid,Tumor_epithelial,NMPR
BD_immune07_724274,aneuploid,Tumor_epithelial,NMPR
BD_immune07_778297,aneuploid,Tumor_epithelial,NMPR
BD_immune07_216878,aneuploid,Tumor_epithelial,NMPR
BD_immune07_813354,aneuploid,Tumor_epithelial,NMPR
BD_immune07_669186,aneuploid,Tumor_epithelial,NMPR
BD_immune07_230838,aneuploid,Tumor_epithelial,NMPR
BD_immune07_256282,aneuploid,Tumor_epithelial,NMPR
BD_immune07_877223,aneuploid,Tumor_epithelial,NMPR
BD_immune07_339007,aneuploid,Tumor_epithelial,NMPR
BD_immune07_453490,aneuploid,Tumor_epithelial,NMPR
BD_immune07_3478,aneuploid,Tumor_epithelial,NMPR
BD_immune07_396430,aneuploid,Tumor_epithelial,NMPR
BD_immune07_657674,aneuploid,Tumor_epithelial,NMPR
BD_immune07_385016,aneuploid,Tumor_epithelial,NMPR
BD_immune07_755200,aneuploid,Tumor_epithelial,NMPR
BD_immune07_87636,aneuploid,Tumor_epithelial,NMPR
BD_immune07_601413,aneuploid,Tumor_epithelial,NMPR
BD_immune07_43482,aneuploid,Tumor_epithelial,NMPR
BD_immune07_477990,aneuploid,Tumor_epithelial,NMPR
BD_immune07_22156,aneuploid,Tumor_epithelial,NMPR
BD_immune07_334263,aneuploid,Tumor_epithelial,NMPR
BD_immune07_773900,aneuploid,Tumor_epithelial,NMPR
BD_immune07_369586,aneuploid,Tumor_epithelial,NMPR
BD_immune07_320151,aneuploid,Tumor_epithelial,NMPR
BD_immune07_877071,aneuploid,Tumor_epithelial,NMPR
BD_immune07_546408,aneuploid,Tumor_epithelial,NMPR
BD_immune07_741768,aneuploid,Tumor_epithelial,NMPR
BD_immune07_878373,aneuploid,Tumor_epithelial,NMPR
BD_immune07_131773,aneuploid,Tumor_epithelial,NMPR
BD_immune07_118044,aneuploid,Tumor_epithelial,NMPR
BD_immune07_108069,aneuploid,Tumor_epithelial,NMPR
BD_immune07_816579,aneuploid,Tumor_epithelial,NMPR
BD_immune07_278358,aneuploid,Tumor_epithelial,NMPR
BD_immune07_136528,aneuploid,Tumor_epithelial,NMPR
BD_immune07_520538,aneuploid,Tumor_epithelial,NMPR
BD_immune07_155814,aneuploid,Tumor_epithelial,NMPR
BD_immune07_423830,aneuploid,Tumor_epithelial,NMPR
BD_immune07_426733,aneuploid,Tumor_epithelial,NMPR
BD_immune07_520655,aneuploid,Tumor_epithelial,NMPR
BD_immune07_441119,aneuploid,Tumor_epithelial,NMPR
BD_immune07_194186,aneuploid,Tumor_epithelial,NMPR
BD_immune07_443949,aneuploid,Tumor_epithelial,NMPR
BD_immune07_570092,aneuploid,Tumor_epithelial,NMPR
BD_immune07_462286,aneuploid,Tumor_epithelial,NMPR
BD_immune07_484907,aneuploid,Tumor_epithelial,NMPR
BD_immune07_431459,aneuploid,Tumor_epithelial,NMPR
BD_immune07_209536,aneuploid,Tumor_epithelial,NMPR
BD_immune07_47426,aneuploid,Tumor_epithelial,NMPR
BD_immune07_360334,aneuploid,Tumor_epithelial,NMPR
BD_immune07_447944,aneuploid,Tumor_epithelial,NMPR
BD_immune07_309748,aneuploid,Tumor_epithelial,NMPR
BD_immune07_216736,aneuploid,Tumor_epithelial,NMPR
BD_immune07_825557,aneuploid,Tumor_epithelial,NMPR
BD_immune07_627690,aneuploid,Tumor_epithelial,NMPR
BD_immune07_59802,aneuploid,Tumor_epithelial,NMPR
BD_immune07_320895,aneuploid,Tumor_epithelial,NMPR
BD_immune07_584815,aneuploid,Tumor_epithelial,NMPR
BD_immune07_280524,aneuploid,Tumor_epithelial,NMPR
BD_immune07_309946,aneuploid,Tumor_epithelial,NMPR
BD_immune07_11650,aneuploid,Tumor_epithelial,NMPR
BD_immune07_875581,aneuploid,Tumor_epithelial,NMPR
BD_immune07_659054,aneuploid,Tumor_epithelial,NMPR
BD_immune07_482872,aneuploid,Tumor_epithelial,NMPR
BD_immune07_793246,aneuploid,Tumor_epithelial,NMPR
BD_immune07_728519,aneuploid,Tumor_epithelial,NMPR
BD_immune07_771982,aneuploid,Tumor_epithelial,NMPR
BD_immune07_366577,aneuploid,Tumor_epithelial,NMPR
BD_immune07_90311,aneuploid,Tumor_epithelial,NMPR
BD_immune07_324687,aneuploid,Tumor_epithelial,NMPR
BD_immune07_200579,aneuploid,Tumor_epithelial,NMPR
BD_immune07_836163,aneuploid,Tumor_epithelial,NMPR
BD_immune07_167412,aneuploid,Tumor_epithelial,NMPR
BD_immune07_617068,aneuploid,Tumor_epithelial,NMPR
BD_immune07_436247,aneuploid,Tumor_epithelial,NMPR
BD_immune07_290804,aneuploid,Tumor_epithelial,NMPR
BD_immune07_177362,aneuploid,Tumor_epithelial,NMPR
BD_immune07_510107,aneuploid,Tumor_epithelial,NMPR
BD_immune07_424820,aneuploid,Tumor_epithelial,NMPR
BD_immune07_845695,aneuploid,Tumor_epithelial,NMPR
BD_immune07_369827,aneuploid,Tumor_epithelial,NMPR
BD_immune07_396007,aneuploid,Tumor_epithelial,NMPR
BD_immune07_250308,aneuploid,Tumor_epithelial,NMPR
BD_immune07_755204,aneuploid,Tumor_epithelial,NMPR
BD_immune07_167833,aneuploid,Tumor_epithelial,NMPR
BD_immune07_519893,aneuploid,Tumor_epithelial,NMPR
BD_immune07_545587,aneuploid,Tumor_epithelial,NMPR
BD_immune07_651769,aneuploid,Tumor_epithelial,NMPR
BD_immune07_866089,aneuploid,Tumor_epithelial,NMPR
BD_immune07_102537,aneuploid,Tumor_epithelial,NMPR
BD_immune07_387126,aneuploid,Tumor_epithelial,NMPR
BD_immune07_301595,aneuploid,Tumor_epithelial,NMPR
BD_immune07_130871,aneuploid,Tumor_epithelial,NMPR
BD_immune07_764394,aneuploid,Tumor_epithelial,NMPR
BD_immune07_733879,aneuploid,Tumor_epithelial,NMPR
BD_immune07_135198,aneuploid,Tumor_epithelial,NMPR
BD_immune07_367372,aneuploid,Tumor_epithelial,NMPR
BD_immune07_68593,aneuploid,Tumor_epithelial,NMPR
BD_immune07_282973,aneuploid,Tumor_epithelial,NMPR
BD_immune07_462078,aneuploid,Tumor_epithelial,NMPR
BD_immune07_881535,aneuploid,Tumor_epithelial,NMPR
BD_immune07_140417,aneuploid,Tumor_epithelial,NMPR
BD_immune07_229437,aneuploid,Tumor_epithelial,NMPR
BD_immune07_255902,aneuploid,Tumor_epithelial,NMPR
BD_immune07_719692,aneuploid,Tumor_epithelial,NMPR
BD_immune07_99022,aneuploid,Tumor_epithelial,NMPR
BD_immune07_523880,aneuploid,Tumor_epithelial,NMPR
BD_immune07_769852,aneuploid,Tumor_epithelial,NMPR
BD_immune07_691660,aneuploid,Tumor_epithelial,NMPR
BD_immune07_305002,aneuploid,Tumor_epithelial,NMPR
BD_immune07_333984,aneuploid,Tumor_epithelial,NMPR
BD_immune07_600066,aneuploid,Tumor_epithelial,NMPR
BD_immune07_700422,aneuploid,Tumor_epithelial,NMPR
BD_immune07_583505,aneuploid,Tumor_epithelial,NMPR
BD_immune07_282062,aneuploid,Tumor_epithelial,NMPR
BD_immune07_273684,aneuploid,Tumor_epithelial,NMPR
BD_immune07_412893,aneuploid,Tumor_epithelial,NMPR
BD_immune07_543613,aneuploid,Tumor_epithelial,NMPR
BD_immune07_438736,aneuploid,Tumor_epithelial,NMPR
BD_immune07_501601,aneuploid,Tumor_epithelial,NMPR
BD_immune07_283310,aneuploid,Tumor_epithelial,NMPR
BD_immune07_855900,aneuploid,Tumor_epithelial,NMPR
BD_immune07_291005,aneuploid,Tumor_epithelial,NMPR
BD_immune07_217723,aneuploid,Tumor_epithelial,NMPR
BD_immune07_636957,aneuploid,Tumor_epithelial,NMPR
BD_immune07_700668,aneuploid,Tumor_epithelial,NMPR
BD_immune07_548690,aneuploid,Tumor_epithelial,NMPR
BD_immune07_176223,aneuploid,Tumor_epithelial,NMPR
BD_immune07_150753,aneuploid,Tumor_epithelial,NMPR
BD_immune07_433721,aneuploid,Tumor_epithelial,NMPR
BD_immune07_398691,aneuploid,Tumor_epithelial,NMPR
BD_immune07_45716,aneuploid,Tumor_epithelial,NMPR
BD_immune07_761049,aneuploid,Tumor_epithelial,NMPR
BD_immune07_600327,aneuploid,Tumor_epithelial,NMPR
BD_immune07_827624,aneuploid,Tumor_epithelial,NMPR
BD_immune07_69296,aneuploid,Tumor_epithelial,NMPR
BD_immune07_442198,aneuploid,Tumor_epithelial,NMPR
BD_immune07_36257,aneuploid,Tumor_epithelial,NMPR
BD_immune07_338336,aneuploid,Tumor_epithelial,NMPR
BD_immune07_591532,aneuploid,Tumor_epithelial,NMPR
BD_immune07_184534,aneuploid,Tumor_epithelial,NMPR
BD_immune07_332538,aneuploid,Tumor_epithelial,NMPR
BD_immune07_21416,aneuploid,Tumor_epithelial,NMPR
BD_immune07_722992,aneuploid,Tumor_epithelial,NMPR
BD_immune07_425448,aneuploid,Tumor_epithelial,NMPR
BD_immune07_852438,aneuploid,Tumor_epithelial,NMPR
BD_immune07_758332,aneuploid,Tumor_epithelial,NMPR
BD_immune07_264673,aneuploid,Tumor_epithelial,NMPR
BD_immune07_579423,aneuploid,Tumor_epithelial,NMPR
BD_immune07_675485,aneuploid,Tumor_epithelial,NMPR
BD_immune07_40667,aneuploid,Tumor_epithelial,NMPR
BD_immune07_508197,aneuploid,Tumor_epithelial,NMPR
BD_immune07_254361,aneuploid,Tumor_epithelial,NMPR
BD_immune07_630669,aneuploid,Tumor_epithelial,NMPR
BD_immune07_570800,aneuploid,Tumor_epithelial,NMPR
BD_immune07_819424,aneuploid,Tumor_epithelial,NMPR
BD_immune07_9376,aneuploid,Tumor_epithelial,NMPR
BD_immune07_775650,aneuploid,Tumor_epithelial,NMPR
BD_immune07_379936,aneuploid,Tumor_epithelial,NMPR
BD_immune07_666470,aneuploid,Tumor_epithelial,NMPR
BD_immune07_637804,aneuploid,Tumor_epithelial,NMPR
BD_immune07_105765,aneuploid,Tumor_epithelial,NMPR
BD_immune07_609369,aneuploid,Tumor_epithelial,NMPR
BD_immune07_791707,aneuploid,Tumor_epithelial,NMPR
BD_immune07_301527,aneuploid,Tumor_epithelial,NMPR
BD_immune07_475765,aneuploid,Tumor_epithelial,NMPR
BD_immune07_164128,aneuploid,Tumor_epithelial,NMPR
BD_immune07_847180,aneuploid,Tumor_epithelial,NMPR
BD_immune07_741748,aneuploid,Tumor_epithelial,NMPR
BD_immune07_418436,aneuploid,Tumor_epithelial,NMPR
BD_immune07_161943,aneuploid,Tumor_epithelial,NMPR
BD_immune07_577714,aneuploid,Tumor_epithelial,NMPR
BD_immune07_50859,aneuploid,Tumor_epithelial,NMPR
BD_immune07_797521,aneuploid,Tumor_epithelial,NMPR
BD_immune07_391438,aneuploid,Tumor_epithelial,NMPR
BD_immune07_812749,aneuploid,Tumor_epithelial,NMPR
BD_immune07_763282,aneuploid,Tumor_epithelial,NMPR
BD_immune07_682013,aneuploid,Tumor_epithelial,NMPR
BD_immune07_131608,aneuploid,Tumor_epithelial,NMPR
BD_immune07_676149,aneuploid,Tumor_epithelial,NMPR
BD_immune07_256690,aneuploid,Tumor_epithelial,NMPR
BD_immune07_100270,aneuploid,Tumor_epithelial,NMPR
BD_immune07_27598,aneuploid,Tumor_epithelial,NMPR
BD_immune07_260695,aneuploid,Tumor_epithelial,NMPR
BD_immune07_740594,aneuploid,Tumor_epithelial,NMPR
BD_immune07_134150,aneuploid,Tumor_epithelial,NMPR
BD_immune07_56330,aneuploid,Tumor_epithelial,NMPR
BD_immune07_472580,aneuploid,Tumor_epithelial,NMPR
BD_immune07_24247,aneuploid,Tumor_epithelial,NMPR
BD_immune07_168730,aneuploid,Tumor_epithelial,NMPR
BD_immune07_564691,aneuploid,Tumor_epithelial,NMPR
BD_immune07_489728,aneuploid,Tumor_epithelial,NMPR
BD_immune07_199642,aneuploid,Tumor_epithelial,NMPR
BD_immune07_595552,aneuploid,Tumor_epithelial,NMPR
BD_immune07_419636,aneuploid,Tumor_epithelial,NMPR
BD_immune07_96197,aneuploid,Tumor_epithelial,NMPR
BD_immune07_87380,aneuploid,Tumor_epithelial,NMPR
BD_immune07_486274,aneuploid,Tumor_epithelial,NMPR
BD_immune07_619373,aneuploid,Tumor_epithelial,NMPR
BD_immune07_170219,aneuploid,Tumor_epithelial,NMPR
BD_immune07_782097,aneuploid,Tumor_epithelial,NMPR
BD_immune07_874472,aneuploid,Tumor_epithelial,NMPR
BD_immune07_414982,aneuploid,Tumor_epithelial,NMPR
BD_immune07_340393,aneuploid,Tumor_epithelial,NMPR
BD_immune07_459761,aneuploid,Tumor_epithelial,NMPR
BD_immune07_58424,aneuploid,Tumor_epithelial,NMPR
BD_immune07_458789,aneuploid,Tumor_epithelial,NMPR
BD_immune07_685473,aneuploid,Tumor_epithelial,NMPR
BD_immune07_465852,aneuploid,Tumor_epithelial,NMPR
BD_immune07_30835,aneuploid,Tumor_epithelial,NMPR
BD_immune07_256637,aneuploid,Tumor_epithelial,NMPR
BD_immune07_791347,aneuploid,Tumor_epithelial,NMPR
BD_immune07_191652,aneuploid,Tumor_epithelial,NMPR
BD_immune07_139189,aneuploid,Tumor_epithelial,NMPR
BD_immune07_203683,aneuploid,Tumor_epithelial,NMPR
BD_immune07_579446,aneuploid,Tumor_epithelial,NMPR
BD_immune07_378291,aneuploid,Tumor_epithelial,NMPR
BD_immune07_327984,aneuploid,Tumor_epithelial,NMPR
BD_immune07_443919,aneuploid,Tumor_epithelial,NMPR
BD_immune07_791039,aneuploid,Tumor_epithelial,NMPR
BD_immune07_145651,aneuploid,Tumor_epithelial,NMPR
BD_immune07_515787,aneuploid,Tumor_epithelial,NMPR
BD_immune07_389197,aneuploid,Tumor_epithelial,NMPR
BD_immune07_853372,aneuploid,Tumor_epithelial,NMPR
BD_immune07_848047,aneuploid,Tumor_epithelial,NMPR
BD_immune07_306114,aneuploid,Tumor_epithelial,NMPR
BD_immune07_137837,aneuploid,Tumor_epithelial,NMPR
BD_immune07_457584,aneuploid,Tumor_epithelial,NMPR
BD_immune07_468799,aneuploid,Tumor_epithelial,NMPR
BD_immune07_101042,aneuploid,Tumor_epithelial,NMPR
BD_immune07_461266,aneuploid,Tumor_epithelial,NMPR
BD_immune07_179826,aneuploid,Tumor_epithelial,NMPR
BD_immune07_321766,aneuploid,Tumor_epithelial,NMPR
BD_immune07_719696,aneuploid,Tumor_epithelial,NMPR
BD_immune07_142016,aneuploid,Tumor_epithelial,NMPR
BD_immune07_797548,aneuploid,Tumor_epithelial,NMPR
BD_immune07_75622,aneuploid,Tumor_epithelial,NMPR
BD_immune07_298693,aneuploid,Tumor_epithelial,NMPR
BD_immune07_596970,aneuploid,Tumor_epithelial,NMPR
BD_immune07_368228,aneuploid,Tumor_epithelial,NMPR
BD_immune07_510538,aneuploid,Tumor_epithelial,NMPR
BD_immune07_738715,aneuploid,Tumor_epithelial,NMPR
BD_immune07_142706,aneuploid,Tumor_epithelial,NMPR
BD_immune07_147728,aneuploid,Tumor_epithelial,NMPR
BD_immune07_301619,aneuploid,Tumor_epithelial,NMPR
BD_immune07_181124,aneuploid,Tumor_epithelial,NMPR
BD_immune07_32221,aneuploid,Tumor_epithelial,NMPR
BD_immune07_175968,aneuploid,Tumor_epithelial,NMPR
BD_immune07_518335,aneuploid,Tumor_epithelial,NMPR
BD_immune07_853817,aneuploid,Tumor_epithelial,NMPR
BD_immune07_421999,aneuploid,Tumor_epithelial,NMPR
BD_immune07_88128,aneuploid,Tumor_epithelial,NMPR
BD_immune07_859525,aneuploid,Tumor_epithelial,NMPR
BD_immune07_377802,aneuploid,Tumor_epithelial,NMPR
BD_immune07_243188,aneuploid,Tumor_epithelial,NMPR
BD_immune07_512091,aneuploid,Tumor_epithelial,NMPR
BD_immune07_336481,aneuploid,Tumor_epithelial,NMPR
BD_immune07_258467,aneuploid,Tumor_epithelial,NMPR
BD_immune07_289301,aneuploid,Tumor_epithelial,NMPR
BD_immune07_813129,aneuploid,Tumor_epithelial,NMPR
BD_immune07_187379,aneuploid,Tumor_epithelial,NMPR
BD_immune07_278959,aneuploid,Tumor_epithelial,NMPR
BD_immune07_850944,aneuploid,Tumor_epithelial,NMPR
BD_immune07_172897,aneuploid,Tumor_epithelial,NMPR
BD_immune07_352215,aneuploid,Tumor_epithelial,NMPR
BD_immune07_656545,aneuploid,Tumor_epithelial,NMPR
BD_immune07_792757,aneuploid,Tumor_epithelial,NMPR
BD_immune07_759391,aneuploid,Tumor_epithelial,NMPR
BD_immune07_792185,aneuploid,Tumor_epithelial,NMPR
BD_immune07_580114,aneuploid,Tumor_epithelial,NMPR
BD_immune07_130474,aneuploid,Tumor_epithelial,NMPR
BD_immune07_329466,aneuploid,Tumor_epithelial,NMPR
BD_immune07_601137,aneuploid,Tumor_epithelial,NMPR
BD_immune07_669463,aneuploid,Tumor_epithelial,NMPR
BD_immune07_788062,aneuploid,Tumor_epithelial,NMPR
BD_immune07_370093,aneuploid,Tumor_epithelial,NMPR
BD_immune07_797588,aneuploid,Tumor_epithelial,NMPR
BD_immune07_210242,aneuploid,Tumor_epithelial,NMPR
BD_immune07_93171,aneuploid,Tumor_epithelial,NMPR
BD_immune07_59127,aneuploid,Tumor_epithelial,NMPR
BD_immune07_237463,aneuploid,Tumor_epithelial,NMPR
BD_immune07_286415,aneuploid,Tumor_epithelial,NMPR
BD_immune07_62315,aneuploid,Tumor_epithelial,NMPR
BD_immune07_740989,aneuploid,Tumor_epithelial,NMPR
BD_immune07_679086,aneuploid,Tumor_epithelial,NMPR
BD_immune07_454963,aneuploid,Tumor_epithelial,NMPR
BD_immune07_681729,aneuploid,Tumor_epithelial,NMPR
BD_immune07_699496,aneuploid,Tumor_epithelial,NMPR
BD_immune07_169981,aneuploid,Tumor_epithelial,NMPR
BD_immune07_348852,aneuploid,Tumor_epithelial,NMPR
BD_immune07_706029,aneuploid,Tumor_epithelial,NMPR
BD_immune07_797722,aneuploid,Tumor_epithelial,NMPR
BD_immune07_156039,aneuploid,Tumor_epithelial,NMPR
BD_immune07_391840,aneuploid,Tumor_epithelial,NMPR
BD_immune07_837828,aneuploid,Tumor_epithelial,NMPR
BD_immune07_124216,aneuploid,Tumor_epithelial,NMPR
BD_immune07_55993,aneuploid,Tumor_epithelial,NMPR
BD_immune07_257360,aneuploid,Tumor_epithelial,NMPR
BD_immune07_432653,aneuploid,Tumor_epithelial,NMPR
BD_immune07_238111,aneuploid,Tumor_epithelial,NMPR
BD_immune07_47851,aneuploid,Tumor_epithelial,NMPR
BD_immune07_301139,aneuploid,Tumor_epithelial,NMPR
BD_immune07_350751,aneuploid,Tumor_epithelial,NMPR
BD_immune07_392183,aneuploid,Tumor_epithelial,NMPR
BD_immune07_645004,aneuploid,Tumor_epithelial,NMPR
BD_immune07_788187,aneuploid,Tumor_epithelial,NMPR
BD_immune07_639841,aneuploid,Tumor_epithelial,NMPR
BD_immune07_653627,aneuploid,Tumor_epithelial,NMPR
BD_immune07_475523,aneuploid,Tumor_epithelial,NMPR
BD_immune07_209066,aneuploid,Tumor_epithelial,NMPR
BD_immune07_797633,aneuploid,Tumor_epithelial,NMPR
BD_immune07_526761,aneuploid,Tumor_epithelial,NMPR
BD_immune07_15645,aneuploid,Tumor_epithelial,NMPR
BD_immune07_658255,aneuploid,Tumor_epithelial,NMPR
BD_immune07_169288,aneuploid,Tumor_epithelial,NMPR
BD_immune07_219173,aneuploid,Tumor_epithelial,NMPR
BD_immune07_23833,aneuploid,Tumor_epithelial,NMPR
BD_immune07_708109,aneuploid,Tumor_epithelial,NMPR
BD_immune07_9431,aneuploid,Tumor_epithelial,NMPR
BD_immune07_415633,aneuploid,Tumor_epithelial,NMPR
BD_immune07_7913,aneuploid,Tumor_epithelial,NMPR
BD_immune07_814886,aneuploid,Tumor_epithelial,NMPR
BD_immune07_253305,aneuploid,Tumor_epithelial,NMPR
BD_immune07_435691,aneuploid,Tumor_epithelial,NMPR
BD_immune07_791637,aneuploid,Tumor_epithelial,NMPR
BD_immune07_666619,aneuploid,Tumor_epithelial,NMPR
BD_immune07_565546,aneuploid,Tumor_epithelial,NMPR
BD_immune07_658684,aneuploid,Tumor_epithelial,NMPR
BD_immune07_835249,aneuploid,Tumor_epithelial,NMPR
BD_immune07_67840,aneuploid,Tumor_epithelial,NMPR
BD_immune07_387801,aneuploid,Tumor_epithelial,NMPR
BD_immune07_231618,aneuploid,Tumor_epithelial,NMPR
BD_immune07_551205,aneuploid,Tumor_epithelial,NMPR
BD_immune07_496262,aneuploid,Tumor_epithelial,NMPR
BD_immune07_347142,aneuploid,Tumor_epithelial,NMPR
BD_immune07_107181,aneuploid,Tumor_epithelial,NMPR
BD_immune07_662217,aneuploid,Tumor_epithelial,NMPR
BD_immune07_759534,aneuploid,Tumor_epithelial,NMPR
BD_immune07_36823,aneuploid,Tumor_epithelial,NMPR
BD_immune07_477313,aneuploid,Tumor_epithelial,NMPR
BD_immune07_599804,aneuploid,Tumor_epithelial,NMPR
BD_immune07_312002,aneuploid,Tumor_epithelial,NMPR
BD_immune07_436230,aneuploid,Tumor_epithelial,NMPR
BD_immune07_22767,aneuploid,Tumor_epithelial,NMPR
BD_immune07_612583,aneuploid,Tumor_epithelial,NMPR
BD_immune07_506635,aneuploid,Tumor_epithelial,NMPR
BD_immune07_727747,aneuploid,Tumor_epithelial,NMPR
BD_immune07_467108,aneuploid,Tumor_epithelial,NMPR
BD_immune07_457622,aneuploid,Tumor_epithelial,NMPR
BD_immune07_113198,aneuploid,Tumor_epithelial,NMPR
BD_immune07_677033,aneuploid,Tumor_epithelial,NMPR
BD_immune07_393664,aneuploid,Tumor_epithelial,NMPR
BD_immune07_422769,aneuploid,Tumor_epithelial,NMPR
BD_immune07_130401,aneuploid,Tumor_epithelial,NMPR
BD_immune07_220095,aneuploid,Tumor_epithelial,NMPR
BD_immune07_545263,aneuploid,Tumor_epithelial,NMPR
BD_immune07_491047,aneuploid,Tumor_epithelial,NMPR
BD_immune07_28116,aneuploid,Tumor_epithelial,NMPR
BD_immune07_715658,aneuploid,Tumor_epithelial,NMPR
BD_immune07_297377,aneuploid,Tumor_epithelial,NMPR
BD_immune07_714788,aneuploid,Tumor_epithelial,NMPR
BD_immune07_523295,aneuploid,Tumor_epithelial,NMPR
BD_immune07_336147,aneuploid,Tumor_epithelial,NMPR
BD_immune07_36530,aneuploid,Tumor_epithelial,NMPR
BD_immune07_16131,aneuploid,Tumor_epithelial,NMPR
BD_immune07_624258,aneuploid,Tumor_epithelial,NMPR
BD_immune07_113731,aneuploid,Tumor_epithelial,NMPR
BD_immune07_587867,aneuploid,Tumor_epithelial,NMPR
BD_immune07_279631,aneuploid,Tumor_epithelial,NMPR
BD_immune07_50354,aneuploid,Tumor_epithelial,NMPR
BD_immune07_351118,aneuploid,Tumor_epithelial,NMPR
BD_immune07_810522,aneuploid,Tumor_epithelial,NMPR
BD_immune07_542239,aneuploid,Tumor_epithelial,NMPR
BD_immune07_436732,aneuploid,Tumor_epithelial,NMPR
BD_immune07_184273,aneuploid,Tumor_epithelial,NMPR
BD_immune07_548962,aneuploid,Tumor_epithelial,NMPR
BD_immune07_144246,aneuploid,Tumor_epithelial,NMPR
BD_immune07_418510,aneuploid,Tumor_epithelial,NMPR
BD_immune07_865115,aneuploid,Tumor_epithelial,NMPR
BD_immune07_558409,aneuploid,Tumor_epithelial,NMPR
BD_immune07_424676,aneuploid,Tumor_epithelial,NMPR
BD_immune07_359151,aneuploid,Tumor_epithelial,NMPR
BD_immune07_518647,aneuploid,Tumor_epithelial,NMPR
BD_immune07_274815,aneuploid,Tumor_epithelial,NMPR
BD_immune07_435894,aneuploid,Tumor_epithelial,NMPR
BD_immune07_378544,aneuploid,Tumor_epithelial,NMPR
BD_immune07_530478,aneuploid,Tumor_epithelial,NMPR
BD_immune07_19316,aneuploid,Tumor_epithelial,NMPR
BD_immune07_403414,aneuploid,Tumor_epithelial,NMPR
BD_immune07_558179,aneuploid,Tumor_epithelial,NMPR
BD_immune07_640885,aneuploid,Tumor_epithelial,NMPR
BD_immune07_686627,aneuploid,Tumor_epithelial,NMPR
BD_immune07_847114,aneuploid,Tumor_epithelial,NMPR
BD_immune07_214970,aneuploid,Tumor_epithelial,NMPR
BD_immune07_767424,aneuploid,Tumor_epithelial,NMPR
BD_immune07_868721,aneuploid,Tumor_epithelial,NMPR
BD_immune07_762436,aneuploid,Tumor_epithelial,NMPR
BD_immune07_111016,aneuploid,Tumor_epithelial,NMPR
BD_immune07_240107,aneuploid,Tumor_epithelial,NMPR
BD_immune07_734721,aneuploid,Tumor_epithelial,NMPR
BD_immune07_749598,aneuploid,Tumor_epithelial,NMPR
BD_immune07_437116,aneuploid,Tumor_epithelial,NMPR
BD_immune07_357506,aneuploid,Tumor_epithelial,NMPR
BD_immune07_122028,aneuploid,Tumor_epithelial,NMPR
BD_immune07_504037,aneuploid,Tumor_epithelial,NMPR
BD_immune07_418661,aneuploid,Tumor_epithelial,NMPR
BD_immune07_334538,aneuploid,Tumor_epithelial,NMPR
BD_immune07_757173,aneuploid,Tumor_epithelial,NMPR
BD_immune07_840341,aneuploid,Tumor_epithelial,NMPR
BD_immune07_148653,aneuploid,Tumor_epithelial,NMPR
BD_immune07_462336,aneuploid,Tumor_epithelial,NMPR
BD_immune07_842760,aneuploid,Tumor_epithelial,NMPR
BD_immune07_634541,aneuploid,Tumor_epithelial,NMPR
BD_immune07_117470,aneuploid,Tumor_epithelial,NMPR
BD_immune07_21955,aneuploid,Tumor_epithelial,NMPR
BD_immune07_672912,aneuploid,Tumor_epithelial,NMPR
BD_immune07_283836,aneuploid,Tumor_epithelial,NMPR
BD_immune07_825423,aneuploid,Tumor_epithelial,NMPR
BD_immune07_368996,aneuploid,Tumor_epithelial,NMPR
BD_immune07_235516,aneuploid,Tumor_epithelial,NMPR
BD_immune07_594606,aneuploid,Tumor_epithelial,NMPR
BD_immune07_210023,aneuploid,Tumor_epithelial,NMPR
BD_immune07_406834,aneuploid,Tumor_epithelial,NMPR
BD_immune07_322340,aneuploid,Tumor_epithelial,NMPR
BD_immune07_780646,aneuploid,Tumor_epithelial,NMPR
BD_immune07_632392,aneuploid,Tumor_epithelial,NMPR
BD_immune07_90289,aneuploid,Tumor_epithelial,NMPR
BD_immune07_667104,aneuploid,Tumor_epithelial,NMPR
BD_immune07_743265,aneuploid,Tumor_epithelial,NMPR
BD_immune07_6415,aneuploid,Tumor_epithelial,NMPR
BD_immune07_498922,aneuploid,Tumor_epithelial,NMPR
BD_immune07_558733,aneuploid,Tumor_epithelial,NMPR
BD_immune07_644294,aneuploid,Tumor_epithelial,NMPR
BD_immune07_286089,aneuploid,Tumor_epithelial,NMPR
BD_immune07_147678,aneuploid,Tumor_epithelial,NMPR
BD_immune07_789849,aneuploid,Tumor_epithelial,NMPR
BD_immune07_860912,aneuploid,Tumor_epithelial,NMPR
BD_immune07_79486,aneuploid,Tumor_epithelial,NMPR
BD_immune07_206577,aneuploid,Tumor_epithelial,NMPR
BD_immune07_691688,aneuploid,Tumor_epithelial,NMPR
BD_immune07_276396,aneuploid,Tumor_epithelial,NMPR
BD_immune07_814134,aneuploid,Tumor_epithelial,NMPR
BD_immune07_637165,aneuploid,Tumor_epithelial,NMPR
BD_immune07_512197,aneuploid,Tumor_epithelial,NMPR
BD_immune07_33775,aneuploid,Tumor_epithelial,NMPR
BD_immune07_221921,aneuploid,Tumor_epithelial,NMPR
BD_immune07_390308,aneuploid,Tumor_epithelial,NMPR
BD_immune07_729696,aneuploid,Tumor_epithelial,NMPR
BD_immune07_4911,aneuploid,Tumor_epithelial,NMPR
BD_immune07_167675,aneuploid,Tumor_epithelial,NMPR
BD_immune07_327340,aneuploid,Tumor_epithelial,NMPR
BD_immune07_49657,aneuploid,Tumor_epithelial,NMPR
BD_immune07_65771,aneuploid,Tumor_epithelial,NMPR
BD_immune07_741694,aneuploid,Tumor_epithelial,NMPR
BD_immune07_350885,aneuploid,Tumor_epithelial,NMPR
BD_immune07_808556,aneuploid,Tumor_epithelial,NMPR
BD_immune07_87479,aneuploid,Tumor_epithelial,NMPR
BD_immune07_219885,aneuploid,Tumor_epithelial,NMPR
BD_immune07_842913,aneuploid,Tumor_epithelial,NMPR
BD_immune07_192928,aneuploid,Tumor_epithelial,NMPR
BD_immune07_735828,aneuploid,Tumor_epithelial,NMPR
BD_immune07_419381,aneuploid,Tumor_epithelial,NMPR
BD_immune07_780019,aneuploid,Tumor_epithelial,NMPR
BD_immune07_333018,aneuploid,Tumor_epithelial,NMPR
BD_immune07_695141,aneuploid,Tumor_epithelial,NMPR
BD_immune07_560229,aneuploid,Tumor_epithelial,NMPR
BD_immune07_66334,aneuploid,Tumor_epithelial,NMPR
BD_immune07_572662,aneuploid,Tumor_epithelial,NMPR
BD_immune07_278181,aneuploid,Tumor_epithelial,NMPR
BD_immune07_602859,aneuploid,Tumor_epithelial,NMPR
BD_immune07_699187,aneuploid,Tumor_epithelial,NMPR
BD_immune07_394915,aneuploid,Tumor_epithelial,NMPR
BD_immune07_239261,aneuploid,Tumor_epithelial,NMPR
BD_immune07_272239,aneuploid,Tumor_epithelial,NMPR
BD_immune07_268938,aneuploid,Tumor_epithelial,NMPR
BD_immune07_571301,aneuploid,Tumor_epithelial,NMPR
BD_immune07_64574,aneuploid,Tumor_epithelial,NMPR
BD_immune07_522583,aneuploid,Tumor_epithelial,NMPR
BD_immune07_761288,aneuploid,Tumor_epithelial,NMPR
BD_immune07_831378,aneuploid,Tumor_epithelial,NMPR
BD_immune07_643890,aneuploid,Tumor_epithelial,NMPR
BD_immune07_298103,aneuploid,Tumor_epithelial,NMPR
BD_immune07_719282,aneuploid,Tumor_epithelial,NMPR
BD_immune07_286463,aneuploid,Tumor_epithelial,NMPR
BD_immune07_281560,aneuploid,Tumor_epithelial,NMPR
BD_immune07_880472,aneuploid,Tumor_epithelial,NMPR
BD_immune07_359939,aneuploid,Tumor_epithelial,NMPR
BD_immune07_265006,aneuploid,Tumor_epithelial,NMPR
BD_immune07_381827,aneuploid,Tumor_epithelial,NMPR
BD_immune07_469202,aneuploid,Tumor_epithelial,NMPR
BD_immune07_470492,aneuploid,Tumor_epithelial,NMPR
BD_immune07_584234,aneuploid,Tumor_epithelial,NMPR
BD_immune07_796603,aneuploid,Tumor_epithelial,NMPR
BD_immune07_584845,aneuploid,Tumor_epithelial,NMPR
BD_immune07_97078,aneuploid,Tumor_epithelial,NMPR
BD_immune07_390771,aneuploid,Tumor_epithelial,NMPR
BD_immune07_242675,aneuploid,Tumor_epithelial,NMPR
BD_immune07_417196,aneuploid,Tumor_epithelial,NMPR
BD_immune07_768058,aneuploid,Tumor_epithelial,NMPR
BD_immune07_132321,aneuploid,Tumor_epithelial,NMPR
BD_immune07_20516,aneuploid,Tumor_epithelial,NMPR
BD_immune07_820285,aneuploid,Tumor_epithelial,NMPR
BD_immune07_694897,aneuploid,Tumor_epithelial,NMPR
BD_immune07_369914,aneuploid,Tumor_epithelial,NMPR
BD_immune07_796778,aneuploid,Tumor_epithelial,NMPR
BD_immune07_219017,aneuploid,Tumor_epithelial,NMPR
BD_immune07_873058,aneuploid,Tumor_epithelial,NMPR
BD_immune07_214258,aneuploid,Tumor_epithelial,NMPR
BD_immune07_340306,aneuploid,Tumor_epithelial,NMPR
BD_immune07_57329,aneuploid,Tumor_epithelial,NMPR
BD_immune07_474362,aneuploid,Tumor_epithelial,NMPR
BD_immune07_786228,aneuploid,Tumor_epithelial,NMPR
BD_immune07_444768,aneuploid,Tumor_epithelial,NMPR
BD_immune07_808055,aneuploid,Tumor_epithelial,NMPR
BD_immune07_378444,aneuploid,Tumor_epithelial,NMPR
BD_immune07_687833,aneuploid,Tumor_epithelial,NMPR
BD_immune07_586974,aneuploid,Tumor_epithelial,NMPR
BD_immune07_269031,aneuploid,Tumor_epithelial,NMPR
BD_immune07_182916,aneuploid,Tumor_epithelial,NMPR
BD_immune07_521935,aneuploid,Tumor_epithelial,NMPR
BD_immune07_807774,aneuploid,Tumor_epithelial,NMPR
BD_immune07_422521,aneuploid,Tumor_epithelial,NMPR
BD_immune07_811263,aneuploid,Tumor_epithelial,NMPR
BD_immune07_746586,aneuploid,Tumor_epithelial,NMPR
BD_immune07_133002,aneuploid,Tumor_epithelial,NMPR
BD_immune07_253125,aneuploid,Tumor_epithelial,NMPR
BD_immune07_585283,aneuploid,Tumor_epithelial,NMPR
BD_immune07_314692,aneuploid,Tumor_epithelial,NMPR
BD_immune07_356123,aneuploid,Tumor_epithelial,NMPR
BD_immune07_764581,aneuploid,Tumor_epithelial,NMPR
BD_immune07_616280,aneuploid,Tumor_epithelial,NMPR
BD_immune07_880254,aneuploid,Tumor_epithelial,NMPR
BD_immune07_150878,aneuploid,Tumor_epithelial,NMPR
BD_immune07_80113,aneuploid,Tumor_epithelial,NMPR
BD_immune07_396623,aneuploid,Tumor_epithelial,NMPR
BD_immune07_148456,aneuploid,Tumor_epithelial,NMPR
BD_immune07_131610,aneuploid,Tumor_epithelial,NMPR
BD_immune07_252085,aneuploid,Tumor_epithelial,NMPR
BD_immune07_503731,aneuploid,Tumor_epithelial,NMPR
BD_immune07_301557,aneuploid,Tumor_epithelial,NMPR
BD_immune07_649674,aneuploid,Tumor_epithelial,NMPR
BD_immune07_225285,aneuploid,Tumor_epithelial,NMPR
BD_immune07_534456,aneuploid,Tumor_epithelial,NMPR
BD_immune07_387737,aneuploid,Tumor_epithelial,NMPR
BD_immune07_266905,aneuploid,Tumor_epithelial,NMPR
BD_immune07_349756,aneuploid,Tumor_epithelial,NMPR
BD_immune07_668696,aneuploid,Tumor_epithelial,NMPR
BD_immune07_279328,aneuploid,Tumor_epithelial,NMPR
BD_immune07_266833,aneuploid,Tumor_epithelial,NMPR
BD_immune07_778594,aneuploid,Tumor_epithelial,NMPR
BD_immune07_93173,aneuploid,Tumor_epithelial,NMPR
BD_immune07_719369,aneuploid,Tumor_epithelial,NMPR
BD_immune07_9154,aneuploid,Tumor_epithelial,NMPR
BD_immune07_509818,aneuploid,Tumor_epithelial,NMPR
BD_immune07_489096,aneuploid,Tumor_epithelial,NMPR
BD_immune07_668111,aneuploid,Tumor_epithelial,NMPR
BD_immune07_224929,aneuploid,Tumor_epithelial,NMPR
BD_immune07_850990,aneuploid,Tumor_epithelial,NMPR
BD_immune07_523187,aneuploid,Tumor_epithelial,NMPR
BD_immune07_400981,aneuploid,Tumor_epithelial,NMPR
BD_immune07_724560,aneuploid,Tumor_epithelial,NMPR
BD_immune07_15074,aneuploid,Tumor_epithelial,NMPR
BD_immune07_638349,aneuploid,Tumor_epithelial,NMPR
BD_immune07_90294,aneuploid,Tumor_epithelial,NMPR
BD_immune07_754982,aneuploid,Tumor_epithelial,NMPR
BD_immune07_567156,aneuploid,Tumor_epithelial,NMPR
BD_immune07_831491,aneuploid,Tumor_epithelial,NMPR
BD_immune07_24117,aneuploid,Tumor_epithelial,NMPR
BD_immune07_831936,aneuploid,Tumor_epithelial,NMPR
BD_immune07_566316,aneuploid,Tumor_epithelial,NMPR
BD_immune07_737549,aneuploid,Tumor_epithelial,NMPR
BD_immune07_368558,aneuploid,Tumor_epithelial,NMPR
BD_immune07_209784,aneuploid,Tumor_epithelial,NMPR
BD_immune07_297746,aneuploid,Tumor_epithelial,NMPR
BD_immune07_755636,aneuploid,Tumor_epithelial,NMPR
BD_immune07_150148,aneuploid,Tumor_epithelial,NMPR
BD_immune07_806810,aneuploid,Tumor_epithelial,NMPR
BD_immune07_546939,aneuploid,Tumor_epithelial,NMPR
BD_immune07_626878,aneuploid,Tumor_epithelial,NMPR
BD_immune07_726899,aneuploid,Tumor_epithelial,NMPR
BD_immune07_331226,aneuploid,Tumor_epithelial,NMPR
BD_immune07_296631,aneuploid,Tumor_epithelial,NMPR
BD_immune07_265271,aneuploid,Tumor_epithelial,NMPR
BD_immune07_492974,aneuploid,Tumor_epithelial,NMPR
BD_immune07_447682,aneuploid,Tumor_epithelial,NMPR
BD_immune07_677857,aneuploid,Tumor_epithelial,NMPR
BD_immune07_291425,aneuploid,Tumor_epithelial,NMPR
BD_immune07_718181,aneuploid,Tumor_epithelial,NMPR
BD_immune07_339828,aneuploid,Tumor_epithelial,NMPR
BD_immune07_377756,aneuploid,Tumor_epithelial,NMPR
BD_immune07_732217,aneuploid,Tumor_epithelial,NMPR
BD_immune07_567601,aneuploid,Tumor_epithelial,NMPR
BD_immune07_421163,aneuploid,Tumor_epithelial,NMPR
BD_immune07_192260,aneuploid,Tumor_epithelial,NMPR
BD_immune07_683367,aneuploid,Tumor_epithelial,NMPR
BD_immune07_184653,aneuploid,Tumor_epithelial,NMPR
BD_immune07_815497,aneuploid,Tumor_epithelial,NMPR
BD_immune07_94947,aneuploid,Tumor_epithelial,NMPR
BD_immune07_686291,aneuploid,Tumor_epithelial,NMPR
BD_immune07_669376,aneuploid,Tumor_epithelial,NMPR
BD_immune07_669896,aneuploid,Tumor_epithelial,NMPR
BD_immune07_27640,aneuploid,Tumor_epithelial,NMPR
BD_immune07_57744,aneuploid,Tumor_epithelial,NMPR
BD_immune07_640677,aneuploid,Tumor_epithelial,NMPR
BD_immune07_600052,aneuploid,Tumor_epithelial,NMPR
BD_immune07_849395,aneuploid,Tumor_epithelial,NMPR
BD_immune07_311630,aneuploid,Tumor_epithelial,NMPR
BD_immune07_442848,aneuploid,Tumor_epithelial,NMPR
BD_immune07_820008,aneuploid,Tumor_epithelial,NMPR
BD_immune07_832401,aneuploid,Tumor_epithelial,NMPR
BD_immune07_114657,aneuploid,Tumor_epithelial,NMPR
BD_immune07_867647,aneuploid,Tumor_epithelial,NMPR
BD_immune07_832780,aneuploid,Tumor_epithelial,NMPR
BD_immune07_880123,aneuploid,Tumor_epithelial,NMPR
BD_immune07_812797,aneuploid,Tumor_epithelial,NMPR
BD_immune07_795160,aneuploid,Tumor_epithelial,NMPR
BD_immune07_312352,aneuploid,Tumor_epithelial,NMPR
BD_immune07_57262,aneuploid,Tumor_epithelial,NMPR
BD_immune07_743040,aneuploid,Tumor_epithelial,NMPR
BD_immune07_74158,aneuploid,Tumor_epithelial,NMPR
BD_immune07_88215,aneuploid,Tumor_epithelial,NMPR
BD_immune07_607820,aneuploid,Tumor_epithelial,NMPR
BD_immune07_375069,aneuploid,Tumor_epithelial,NMPR
BD_immune07_179680,aneuploid,Tumor_epithelial,NMPR
BD_immune07_708703,aneuploid,Tumor_epithelial,NMPR
BD_immune07_418462,aneuploid,Tumor_epithelial,NMPR
BD_immune07_743806,aneuploid,Tumor_epithelial,NMPR
BD_immune07_488447,aneuploid,Tumor_epithelial,NMPR
BD_immune07_172185,aneuploid,Tumor_epithelial,NMPR
BD_immune07_662420,aneuploid,Tumor_epithelial,NMPR
BD_immune07_658586,aneuploid,Tumor_epithelial,NMPR
BD_immune07_249273,aneuploid,Tumor_epithelial,NMPR
BD_immune07_455206,aneuploid,Tumor_epithelial,NMPR
BD_immune07_872189,aneuploid,Tumor_epithelial,NMPR
BD_immune07_120641,aneuploid,Tumor_epithelial,NMPR
BD_immune07_555668,aneuploid,Tumor_epithelial,NMPR
BD_immune07_518452,aneuploid,Tumor_epithelial,NMPR
BD_immune07_130603,aneuploid,Tumor_epithelial,NMPR
BD_immune07_290181,aneuploid,Tumor_epithelial,NMPR
BD_immune07_727183,aneuploid,Tumor_epithelial,NMPR
BD_immune07_829120,aneuploid,Tumor_epithelial,NMPR
BD_immune07_721104,aneuploid,Tumor_epithelial,NMPR
BD_immune07_11488,aneuploid,Tumor_epithelial,NMPR
BD_immune07_774873,aneuploid,Tumor_epithelial,NMPR
BD_immune07_610263,aneuploid,Tumor_epithelial,NMPR
BD_immune07_543385,aneuploid,Tumor_epithelial,NMPR
BD_immune07_779249,aneuploid,Tumor_epithelial,NMPR
BD_immune07_103489,aneuploid,Tumor_epithelial,NMPR
BD_immune07_870936,aneuploid,Tumor_epithelial,NMPR
BD_immune07_286997,aneuploid,Tumor_epithelial,NMPR
BD_immune07_262757,aneuploid,Tumor_epithelial,NMPR
BD_immune07_620263,aneuploid,Tumor_epithelial,NMPR
BD_immune07_95765,aneuploid,Tumor_epithelial,NMPR
BD_immune07_240027,aneuploid,Tumor_epithelial,NMPR
BD_immune07_242513,aneuploid,Tumor_epithelial,NMPR
BD_immune07_57081,aneuploid,Tumor_epithelial,NMPR
BD_immune07_265743,aneuploid,Tumor_epithelial,NMPR
BD_immune07_687149,aneuploid,Tumor_epithelial,NMPR
BD_immune07_122101,aneuploid,Tumor_epithelial,NMPR
BD_immune07_580566,aneuploid,Tumor_epithelial,NMPR
BD_immune07_515617,aneuploid,Tumor_epithelial,NMPR
BD_immune07_751598,aneuploid,Tumor_epithelial,NMPR
BD_immune07_311594,aneuploid,Tumor_epithelial,NMPR
BD_immune07_238055,aneuploid,Tumor_epithelial,NMPR
BD_immune07_532759,aneuploid,Tumor_epithelial,NMPR
BD_immune07_257034,aneuploid,Tumor_epithelial,NMPR
BD_immune07_97057,aneuploid,Tumor_epithelial,NMPR
BD_immune07_196174,aneuploid,Tumor_epithelial,NMPR
BD_immune07_494600,aneuploid,Tumor_epithelial,NMPR
BD_immune07_623885,aneuploid,Tumor_epithelial,NMPR
BD_immune07_136681,aneuploid,Tumor_epithelial,NMPR
BD_immune07_482380,aneuploid,Tumor_epithelial,NMPR
BD_immune07_866152,aneuploid,Tumor_epithelial,NMPR
BD_immune07_484135,aneuploid,Tumor_epithelial,NMPR
BD_immune07_780853,aneuploid,Tumor_epithelial,NMPR
BD_immune07_475346,aneuploid,Tumor_epithelial,NMPR
BD_immune07_91671,aneuploid,Tumor_epithelial,NMPR
BD_immune07_570519,aneuploid,Tumor_epithelial,NMPR
BD_immune07_827546,aneuploid,Tumor_epithelial,NMPR
BD_immune07_148559,aneuploid,Tumor_epithelial,NMPR
BD_immune07_862133,aneuploid,Tumor_epithelial,NMPR
BD_immune07_800287,aneuploid,Tumor_epithelial,NMPR
BD_immune07_673095,aneuploid,Tumor_epithelial,NMPR
BD_immune07_130183,aneuploid,Tumor_epithelial,NMPR
BD_immune07_59013,aneuploid,Tumor_epithelial,NMPR
BD_immune07_673442,aneuploid,Tumor_epithelial,NMPR
BD_immune07_528907,aneuploid,Tumor_epithelial,NMPR
BD_immune07_377369,aneuploid,Tumor_epithelial,NMPR
BD_immune07_780730,aneuploid,Tumor_epithelial,NMPR
BD_immune07_607455,aneuploid,Tumor_epithelial,NMPR
BD_immune07_586906,aneuploid,Tumor_epithelial,NMPR
BD_immune07_462054,aneuploid,Tumor_epithelial,NMPR
BD_immune07_733725,aneuploid,Tumor_epithelial,NMPR
BD_immune07_102617,aneuploid,Tumor_epithelial,NMPR
BD_immune07_270053,aneuploid,Tumor_epithelial,NMPR
BD_immune07_236983,aneuploid,Tumor_epithelial,NMPR
BD_immune07_83596,aneuploid,Tumor_epithelial,NMPR
BD_immune07_860689,aneuploid,Tumor_epithelial,NMPR
BD_immune07_31862,aneuploid,Tumor_epithelial,NMPR
BD_immune07_674652,aneuploid,Tumor_epithelial,NMPR
BD_immune07_503682,aneuploid,Tumor_epithelial,NMPR
BD_immune07_814895,aneuploid,Tumor_epithelial,NMPR
BD_immune07_138665,aneuploid,Tumor_epithelial,NMPR
BD_immune07_106804,aneuploid,Tumor_epithelial,NMPR
BD_immune07_357984,aneuploid,Tumor_epithelial,NMPR
BD_immune07_792972,aneuploid,Tumor_epithelial,NMPR
BD_immune07_55772,aneuploid,Tumor_epithelial,NMPR
BD_immune07_685289,aneuploid,Tumor_epithelial,NMPR
BD_immune07_486484,aneuploid,Tumor_epithelial,NMPR
BD_immune07_192017,aneuploid,Tumor_epithelial,NMPR
BD_immune07_276254,aneuploid,Tumor_epithelial,NMPR
BD_immune07_410609,aneuploid,Tumor_epithelial,NMPR
BD_immune07_397981,aneuploid,Tumor_epithelial,NMPR
BD_immune07_183823,aneuploid,Tumor_epithelial,NMPR
BD_immune07_640819,aneuploid,Tumor_epithelial,NMPR
BD_immune07_859807,aneuploid,Tumor_epithelial,NMPR
BD_immune07_497909,aneuploid,Tumor_epithelial,NMPR
BD_immune07_296325,aneuploid,Tumor_epithelial,NMPR
BD_immune07_762666,aneuploid,Tumor_epithelial,NMPR
BD_immune07_811422,aneuploid,Tumor_epithelial,NMPR
BD_immune07_569695,aneuploid,Tumor_epithelial,NMPR
BD_immune07_767078,aneuploid,Tumor_epithelial,NMPR
BD_immune07_825395,aneuploid,Tumor_epithelial,NMPR
BD_immune07_469877,aneuploid,Tumor_epithelial,NMPR
BD_immune07_520440,aneuploid,Tumor_epithelial,NMPR
BD_immune07_742908,aneuploid,Tumor_epithelial,NMPR
BD_immune07_8877,aneuploid,Tumor_epithelial,NMPR
BD_immune07_589060,aneuploid,Tumor_epithelial,NMPR
BD_immune07_402788,aneuploid,Tumor_epithelial,NMPR
BD_immune07_442861,aneuploid,Tumor_epithelial,NMPR
BD_immune07_884403,aneuploid,Tumor_epithelial,NMPR
BD_immune07_313797,aneuploid,Tumor_epithelial,NMPR
BD_immune07_518464,aneuploid,Tumor_epithelial,NMPR
BD_immune07_179838,aneuploid,Tumor_epithelial,NMPR
BD_immune07_312384,aneuploid,Tumor_epithelial,NMPR
BD_immune07_382955,aneuploid,Tumor_epithelial,NMPR
BD_immune07_176975,aneuploid,Tumor_epithelial,NMPR
BD_immune07_854184,aneuploid,Tumor_epithelial,NMPR
BD_immune07_709864,aneuploid,Tumor_epithelial,NMPR
BD_immune07_104185,aneuploid,Tumor_epithelial,NMPR
BD_immune07_633751,aneuploid,Tumor_epithelial,NMPR
BD_immune07_670113,aneuploid,Tumor_epithelial,NMPR
BD_immune07_803959,aneuploid,Tumor_epithelial,NMPR
BD_immune07_881106,aneuploid,Tumor_epithelial,NMPR
BD_immune07_476913,aneuploid,Tumor_epithelial,NMPR
BD_immune07_243447,aneuploid,Tumor_epithelial,NMPR
BD_immune07_496421,aneuploid,Tumor_epithelial,NMPR
BD_immune07_860128,aneuploid,Tumor_epithelial,NMPR
BD_immune07_276741,aneuploid,Tumor_epithelial,NMPR
BD_immune07_254372,aneuploid,Tumor_epithelial,NMPR
BD_immune07_41101,aneuploid,Tumor_epithelial,NMPR
BD_immune07_87962,aneuploid,Tumor_epithelial,NMPR
BD_immune07_757201,aneuploid,Tumor_epithelial,NMPR
BD_immune07_306468,aneuploid,Tumor_epithelial,NMPR
BD_immune07_640200,aneuploid,Tumor_epithelial,NMPR
BD_immune07_755646,aneuploid,Tumor_epithelial,NMPR
BD_immune07_602098,aneuploid,Tumor_epithelial,NMPR
BD_immune07_736204,aneuploid,Tumor_epithelial,NMPR
BD_immune07_344874,aneuploid,Tumor_epithelial,NMPR
BD_immune07_522573,aneuploid,Tumor_epithelial,NMPR
BD_immune07_232659,aneuploid,Tumor_epithelial,NMPR
BD_immune07_684192,aneuploid,Tumor_epithelial,NMPR
BD_immune07_104991,aneuploid,Tumor_epithelial,NMPR
BD_immune07_620823,aneuploid,Tumor_epithelial,NMPR
BD_immune07_65357,aneuploid,Tumor_epithelial,NMPR
BD_immune07_387987,aneuploid,Tumor_epithelial,NMPR
BD_immune07_741888,aneuploid,Tumor_epithelial,NMPR
BD_immune07_784495,aneuploid,Tumor_epithelial,NMPR
BD_immune07_567236,aneuploid,Tumor_epithelial,NMPR
BD_immune07_626909,aneuploid,Tumor_epithelial,NMPR
BD_immune07_367028,aneuploid,Tumor_epithelial,NMPR
BD_immune07_369560,aneuploid,Tumor_epithelial,NMPR
BD_immune07_218042,aneuploid,Tumor_epithelial,NMPR
BD_immune07_812234,aneuploid,Tumor_epithelial,NMPR
BD_immune07_485819,aneuploid,Tumor_epithelial,NMPR
BD_immune07_438893,aneuploid,Tumor_epithelial,NMPR
BD_immune07_242646,aneuploid,Tumor_epithelial,NMPR
BD_immune07_636267,aneuploid,Tumor_epithelial,NMPR
BD_immune07_391859,aneuploid,Tumor_epithelial,NMPR
BD_immune07_71498,aneuploid,Tumor_epithelial,NMPR
BD_immune07_78573,aneuploid,Tumor_epithelial,NMPR
BD_immune07_234442,aneuploid,Tumor_epithelial,NMPR
BD_immune07_264909,aneuploid,Tumor_epithelial,NMPR
BD_immune07_205097,aneuploid,Tumor_epithelial,NMPR
BD_immune07_39,aneuploid,Tumor_epithelial,NMPR
BD_immune07_199076,aneuploid,Tumor_epithelial,NMPR
BD_immune07_317684,aneuploid,Tumor_epithelial,NMPR
BD_immune07_104525,aneuploid,Tumor_epithelial,NMPR
BD_immune07_805617,aneuploid,Tumor_epithelial,NMPR
BD_immune07_339077,aneuploid,Tumor_epithelial,NMPR
BD_immune07_582756,aneuploid,Tumor_epithelial,NMPR
BD_immune07_420000,aneuploid,Tumor_epithelial,NMPR
BD_immune07_585565,aneuploid,Tumor_epithelial,NMPR
BD_immune07_746539,aneuploid,Tumor_epithelial,NMPR
BD_immune07_262640,aneuploid,Tumor_epithelial,NMPR
BD_immune07_770245,aneuploid,Tumor_epithelial,NMPR
BD_immune07_396735,aneuploid,Tumor_epithelial,NMPR
BD_immune07_700495,aneuploid,Tumor_epithelial,NMPR
BD_immune07_38980,aneuploid,Tumor_epithelial,NMPR
BD_immune07_8805,aneuploid,Tumor_epithelial,NMPR
BD_immune07_395362,aneuploid,Tumor_epithelial,NMPR
BD_immune07_776845,aneuploid,Tumor_epithelial,NMPR
BD_immune07_832659,aneuploid,Tumor_epithelial,NMPR
BD_immune07_815108,aneuploid,Tumor_epithelial,NMPR
BD_immune07_192213,aneuploid,Tumor_epithelial,NMPR
BD_immune07_721105,aneuploid,Tumor_epithelial,NMPR
BD_immune07_107544,aneuploid,Tumor_epithelial,NMPR
BD_immune07_326077,aneuploid,Tumor_epithelial,NMPR
BD_immune07_258458,aneuploid,Tumor_epithelial,NMPR
BD_immune07_743382,aneuploid,Tumor_epithelial,NMPR
BD_immune07_622071,aneuploid,Tumor_epithelial,NMPR
BD_immune07_503162,aneuploid,Tumor_epithelial,NMPR
BD_immune07_422694,aneuploid,Tumor_epithelial,NMPR
BD_immune07_682443,aneuploid,Tumor_epithelial,NMPR
BD_immune07_326769,aneuploid,Tumor_epithelial,NMPR
BD_immune07_445371,aneuploid,Tumor_epithelial,NMPR
BD_immune07_691657,aneuploid,Tumor_epithelial,NMPR
BD_immune07_604711,aneuploid,Tumor_epithelial,NMPR
BD_immune07_795037,aneuploid,Tumor_epithelial,NMPR
BD_immune07_387310,aneuploid,Tumor_epithelial,NMPR
BD_immune07_221524,aneuploid,Tumor_epithelial,NMPR
BD_immune07_471990,aneuploid,Tumor_epithelial,NMPR
BD_immune07_493356,aneuploid,Tumor_epithelial,NMPR
BD_immune07_97668,aneuploid,Tumor_epithelial,NMPR
BD_immune07_35651,aneuploid,Tumor_epithelial,NMPR
BD_immune07_42689,aneuploid,Tumor_epithelial,NMPR
BD_immune07_258228,aneuploid,Tumor_epithelial,NMPR
BD_immune07_328987,aneuploid,Tumor_epithelial,NMPR
BD_immune07_167478,aneuploid,Tumor_epithelial,NMPR
BD_immune07_381046,aneuploid,Tumor_epithelial,NMPR
BD_immune07_415450,aneuploid,Tumor_epithelial,NMPR
BD_immune07_505914,aneuploid,Tumor_epithelial,NMPR
BD_immune07_643341,aneuploid,Tumor_epithelial,NMPR
BD_immune07_402604,aneuploid,Tumor_epithelial,NMPR
BD_immune07_745211,aneuploid,Tumor_epithelial,NMPR
BD_immune07_265828,aneuploid,Tumor_epithelial,NMPR
BD_immune07_169818,aneuploid,Tumor_epithelial,NMPR
BD_immune07_435697,aneuploid,Tumor_epithelial,NMPR
BD_immune07_483122,aneuploid,Tumor_epithelial,NMPR
BD_immune07_68859,aneuploid,Tumor_epithelial,NMPR
BD_immune07_114290,aneuploid,Tumor_epithelial,NMPR
BD_immune07_418217,aneuploid,Tumor_epithelial,NMPR
BD_immune07_640780,aneuploid,Tumor_epithelial,NMPR
BD_immune07_801855,aneuploid,Tumor_epithelial,NMPR
BD_immune07_3973,aneuploid,Tumor_epithelial,NMPR
BD_immune07_524805,aneuploid,Tumor_epithelial,NMPR
BD_immune07_649594,aneuploid,Tumor_epithelial,NMPR
BD_immune07_239269,aneuploid,Tumor_epithelial,NMPR
BD_immune07_464786,aneuploid,Tumor_epithelial,NMPR
BD_immune07_845621,aneuploid,Tumor_epithelial,NMPR
BD_immune07_308443,aneuploid,Tumor_epithelial,NMPR
BD_immune07_738686,aneuploid,Tumor_epithelial,NMPR
BD_immune07_416214,aneuploid,Tumor_epithelial,NMPR
BD_immune07_91564,aneuploid,Tumor_epithelial,NMPR
BD_immune07_423444,aneuploid,Tumor_epithelial,NMPR
BD_immune07_739155,aneuploid,Tumor_epithelial,NMPR
BD_immune07_279334,aneuploid,Tumor_epithelial,NMPR
BD_immune07_275193,aneuploid,Tumor_epithelial,NMPR
BD_immune07_355206,aneuploid,Tumor_epithelial,NMPR
BD_immune07_488735,aneuploid,Tumor_epithelial,NMPR
BD_immune07_369864,aneuploid,Tumor_epithelial,NMPR
BD_immune07_54683,aneuploid,Tumor_epithelial,NMPR
BD_immune07_22366,aneuploid,Tumor_epithelial,NMPR
BD_immune07_39395,aneuploid,Tumor_epithelial,NMPR
BD_immune07_553846,aneuploid,Tumor_epithelial,NMPR
BD_immune07_403776,aneuploid,Tumor_epithelial,NMPR
BD_immune07_244934,aneuploid,Tumor_epithelial,NMPR
BD_immune07_198402,aneuploid,Tumor_epithelial,NMPR
BD_immune07_286912,aneuploid,Tumor_epithelial,NMPR
BD_immune07_866903,aneuploid,Tumor_epithelial,NMPR
BD_immune07_169465,aneuploid,Tumor_epithelial,NMPR
BD_immune07_567530,aneuploid,Tumor_epithelial,NMPR
BD_immune07_858039,aneuploid,Tumor_epithelial,NMPR
BD_immune07_306116,aneuploid,Tumor_epithelial,NMPR
BD_immune07_199538,aneuploid,Tumor_epithelial,NMPR
BD_immune07_151389,aneuploid,Tumor_epithelial,NMPR
BD_immune07_831114,aneuploid,Tumor_epithelial,NMPR
BD_immune07_305890,aneuploid,Tumor_epithelial,NMPR
BD_immune07_79679,aneuploid,Tumor_epithelial,NMPR
BD_immune07_823269,aneuploid,Tumor_epithelial,NMPR
BD_immune07_331359,aneuploid,Tumor_epithelial,NMPR
BD_immune07_770189,aneuploid,Tumor_epithelial,NMPR
BD_immune07_763766,aneuploid,Tumor_epithelial,NMPR
BD_immune07_586895,aneuploid,Tumor_epithelial,NMPR
BD_immune07_676396,aneuploid,Tumor_epithelial,NMPR
BD_immune07_771860,aneuploid,Tumor_epithelial,NMPR
BD_immune07_515093,aneuploid,Tumor_epithelial,NMPR
BD_immune07_516250,aneuploid,Tumor_epithelial,NMPR
BD_immune07_25923,aneuploid,Tumor_epithelial,NMPR
BD_immune07_118647,aneuploid,Tumor_epithelial,NMPR
BD_immune07_875924,aneuploid,Tumor_epithelial,NMPR
BD_immune07_703285,aneuploid,Tumor_epithelial,NMPR
BD_immune07_496919,aneuploid,Tumor_epithelial,NMPR
BD_immune07_473549,aneuploid,Tumor_epithelial,NMPR
BD_immune07_644734,aneuploid,Tumor_epithelial,NMPR
BD_immune07_447771,aneuploid,Tumor_epithelial,NMPR
BD_immune07_509439,aneuploid,Tumor_epithelial,NMPR
BD_immune07_537273,aneuploid,Tumor_epithelial,NMPR
BD_immune07_617305,aneuploid,Tumor_epithelial,NMPR
BD_immune07_823991,aneuploid,Tumor_epithelial,NMPR
BD_immune07_415194,aneuploid,Tumor_epithelial,NMPR
BD_immune07_527195,aneuploid,Tumor_epithelial,NMPR
BD_immune07_44850,aneuploid,Tumor_epithelial,NMPR
BD_immune07_535454,aneuploid,Tumor_epithelial,NMPR
BD_immune07_761645,aneuploid,Tumor_epithelial,NMPR
BD_immune07_843098,aneuploid,Tumor_epithelial,NMPR
BD_immune07_708596,aneuploid,Tumor_epithelial,NMPR
BD_immune07_7457,aneuploid,Tumor_epithelial,NMPR
BD_immune07_273802,aneuploid,Tumor_epithelial,NMPR
BD_immune07_564951,aneuploid,Tumor_epithelial,NMPR
BD_immune07_322676,aneuploid,Tumor_epithelial,NMPR
BD_immune07_632027,aneuploid,Tumor_epithelial,NMPR
BD_immune07_458876,aneuploid,Tumor_epithelial,NMPR
BD_immune07_447379,aneuploid,Tumor_epithelial,NMPR
BD_immune07_762914,aneuploid,Tumor_epithelial,NMPR
BD_immune07_601410,aneuploid,Tumor_epithelial,NMPR
BD_immune07_632343,aneuploid,Tumor_epithelial,NMPR
BD_immune07_310874,aneuploid,Tumor_epithelial,NMPR
BD_immune07_57829,aneuploid,Tumor_epithelial,NMPR
BD_immune07_641228,aneuploid,Tumor_epithelial,NMPR
BD_immune07_145800,aneuploid,Tumor_epithelial,NMPR
BD_immune07_483093,aneuploid,Tumor_epithelial,NMPR
BD_immune07_98945,aneuploid,Tumor_epithelial,NMPR
BD_immune07_163326,aneuploid,Tumor_epithelial,NMPR
BD_immune07_492841,aneuploid,Tumor_epithelial,NMPR
BD_immune07_687552,aneuploid,Tumor_epithelial,NMPR
BD_immune07_823314,aneuploid,Tumor_epithelial,NMPR
BD_immune07_564249,aneuploid,Tumor_epithelial,NMPR
BD_immune07_785588,aneuploid,Tumor_epithelial,NMPR
BD_immune07_302520,aneuploid,Tumor_epithelial,NMPR
BD_immune07_174343,aneuploid,Tumor_epithelial,NMPR
BD_immune07_780630,aneuploid,Tumor_epithelial,NMPR
BD_immune07_121993,aneuploid,Tumor_epithelial,NMPR
BD_immune07_562195,aneuploid,Tumor_epithelial,NMPR
BD_immune07_789043,aneuploid,Tumor_epithelial,NMPR
BD_immune07_458210,aneuploid,Tumor_epithelial,NMPR
BD_immune07_98972,aneuploid,Tumor_epithelial,NMPR
BD_immune07_717133,aneuploid,Tumor_epithelial,NMPR
BD_immune07_463840,aneuploid,Tumor_epithelial,NMPR
BD_immune07_870205,aneuploid,Tumor_epithelial,NMPR
BD_immune07_505247,aneuploid,Tumor_epithelial,NMPR
BD_immune07_538229,aneuploid,Tumor_epithelial,NMPR
BD_immune07_642785,aneuploid,Tumor_epithelial,NMPR
BD_immune07_333489,aneuploid,Tumor_epithelial,NMPR
BD_immune07_3843,aneuploid,Tumor_epithelial,NMPR
BD_immune07_642190,aneuploid,Tumor_epithelial,NMPR
BD_immune07_484214,aneuploid,Tumor_epithelial,NMPR
BD_immune07_195917,aneuploid,Tumor_epithelial,NMPR
BD_immune07_97130,aneuploid,Tumor_epithelial,NMPR
BD_immune07_667579,aneuploid,Tumor_epithelial,NMPR
BD_immune07_157619,aneuploid,Tumor_epithelial,NMPR
BD_immune07_489976,aneuploid,Tumor_epithelial,NMPR
BD_immune07_522533,aneuploid,Tumor_epithelial,NMPR
BD_immune07_445133,aneuploid,Tumor_epithelial,NMPR
BD_immune07_862797,aneuploid,Tumor_epithelial,NMPR
BD_immune07_612990,aneuploid,Tumor_epithelial,NMPR
BD_immune07_7473,aneuploid,Tumor_epithelial,NMPR
BD_immune07_735730,aneuploid,Tumor_epithelial,NMPR
BD_immune07_639381,aneuploid,Tumor_epithelial,NMPR
BD_immune07_667042,aneuploid,Tumor_epithelial,NMPR
BD_immune07_712656,aneuploid,Tumor_epithelial,NMPR
BD_immune07_688117,aneuploid,Tumor_epithelial,NMPR
BD_immune07_731506,aneuploid,Tumor_epithelial,NMPR
BD_immune07_634642,aneuploid,Tumor_epithelial,NMPR
BD_immune07_183671,aneuploid,Tumor_epithelial,NMPR
BD_immune07_168107,aneuploid,Tumor_epithelial,NMPR
BD_immune07_16065,aneuploid,Tumor_epithelial,NMPR
BD_immune07_689872,aneuploid,Tumor_epithelial,NMPR
BD_immune07_384161,aneuploid,Tumor_epithelial,NMPR
BD_immune07_874867,aneuploid,Tumor_epithelial,NMPR
BD_immune07_570531,aneuploid,Tumor_epithelial,NMPR
BD_immune07_340755,aneuploid,Tumor_epithelial,NMPR
BD_immune07_499069,aneuploid,Tumor_epithelial,NMPR
BD_immune07_580972,aneuploid,Tumor_epithelial,NMPR
BD_immune07_87608,aneuploid,Tumor_epithelial,NMPR
BD_immune07_225565,aneuploid,Tumor_epithelial,NMPR
BD_immune07_124366,aneuploid,Tumor_epithelial,NMPR
BD_immune07_494604,aneuploid,Tumor_epithelial,NMPR
BD_immune07_491917,aneuploid,Tumor_epithelial,NMPR
BD_immune07_336353,aneuploid,Tumor_epithelial,NMPR
BD_immune07_82809,aneuploid,Tumor_epithelial,NMPR
BD_immune07_738053,aneuploid,Tumor_epithelial,NMPR
BD_immune07_496465,aneuploid,Tumor_epithelial,NMPR
BD_immune07_616493,aneuploid,Tumor_epithelial,NMPR
BD_immune07_862185,aneuploid,Tumor_epithelial,NMPR
BD_immune07_396159,aneuploid,Tumor_epithelial,NMPR
BD_immune07_469314,aneuploid,Tumor_epithelial,NMPR
BD_immune07_562531,aneuploid,Tumor_epithelial,NMPR
BD_immune07_310216,aneuploid,Tumor_epithelial,NMPR
BD_immune07_4465,aneuploid,Tumor_epithelial,NMPR
BD_immune07_587055,aneuploid,Tumor_epithelial,NMPR
BD_immune07_704264,aneuploid,Tumor_epithelial,NMPR
BD_immune07_91864,aneuploid,Tumor_epithelial,NMPR
BD_immune07_67449,aneuploid,Tumor_epithelial,NMPR
BD_immune07_265646,aneuploid,Tumor_epithelial,NMPR
BD_immune07_434953,aneuploid,Tumor_epithelial,NMPR
BD_immune07_164392,aneuploid,Tumor_epithelial,NMPR
BD_immune07_848609,aneuploid,Tumor_epithelial,NMPR
BD_immune07_125015,aneuploid,Tumor_epithelial,NMPR
BD_immune07_471495,aneuploid,Tumor_epithelial,NMPR
BD_immune07_297367,aneuploid,Tumor_epithelial,NMPR
BD_immune07_639696,aneuploid,Tumor_epithelial,NMPR
BD_immune07_524866,aneuploid,Tumor_epithelial,NMPR
BD_immune07_562502,aneuploid,Tumor_epithelial,NMPR
BD_immune07_83822,aneuploid,Tumor_epithelial,NMPR
BD_immune07_158457,aneuploid,Tumor_epithelial,NMPR
BD_immune07_26161,aneuploid,Tumor_epithelial,NMPR
BD_immune07_345964,aneuploid,Tumor_epithelial,NMPR
BD_immune07_416025,aneuploid,Tumor_epithelial,NMPR
BD_immune07_178965,aneuploid,Tumor_epithelial,NMPR
BD_immune07_804355,aneuploid,Tumor_epithelial,NMPR
BD_immune07_465551,aneuploid,Tumor_epithelial,NMPR
BD_immune07_115925,aneuploid,Tumor_epithelial,NMPR
BD_immune07_143143,aneuploid,Tumor_epithelial,NMPR
BD_immune07_60032,aneuploid,Tumor_epithelial,NMPR
BD_immune07_310052,aneuploid,Tumor_epithelial,NMPR
BD_immune07_745163,aneuploid,Tumor_epithelial,NMPR
BD_immune07_639254,aneuploid,Tumor_epithelial,NMPR
BD_immune07_293732,aneuploid,Tumor_epithelial,NMPR
BD_immune07_169787,aneuploid,Tumor_epithelial,NMPR
BD_immune07_810617,aneuploid,Tumor_epithelial,NMPR
BD_immune07_881323,aneuploid,Tumor_epithelial,NMPR
BD_immune07_691947,aneuploid,Tumor_epithelial,NMPR
BD_immune07_322285,aneuploid,Tumor_epithelial,NMPR
BD_immune07_123717,aneuploid,Tumor_epithelial,NMPR
BD_immune07_698777,aneuploid,Tumor_epithelial,NMPR
BD_immune07_745556,aneuploid,Tumor_epithelial,NMPR
BD_immune07_258701,aneuploid,Tumor_epithelial,NMPR
BD_immune07_18475,aneuploid,Tumor_epithelial,NMPR
BD_immune07_643935,aneuploid,Tumor_epithelial,NMPR
BD_immune07_560348,aneuploid,Tumor_epithelial,NMPR
BD_immune07_306931,aneuploid,Tumor_epithelial,NMPR
BD_immune07_746160,aneuploid,Tumor_epithelial,NMPR
BD_immune07_130923,aneuploid,Tumor_epithelial,NMPR
BD_immune07_88776,aneuploid,Tumor_epithelial,NMPR
BD_immune07_493015,aneuploid,Tumor_epithelial,NMPR
BD_immune07_384149,aneuploid,Tumor_epithelial,NMPR
BD_immune07_37501,aneuploid,Tumor_epithelial,NMPR
BD_immune07_177397,aneuploid,Tumor_epithelial,NMPR
BD_immune07_561472,aneuploid,Tumor_epithelial,NMPR
BD_immune07_667246,aneuploid,Tumor_epithelial,NMPR
BD_immune07_561764,aneuploid,Tumor_epithelial,NMPR
BD_immune07_639271,aneuploid,Tumor_epithelial,NMPR
BD_immune07_633173,aneuploid,Tumor_epithelial,NMPR
BD_immune07_456382,aneuploid,Tumor_epithelial,NMPR
BD_immune07_808653,aneuploid,Tumor_epithelial,NMPR
BD_immune07_640964,aneuploid,Tumor_epithelial,NMPR
BD_immune07_728844,aneuploid,Tumor_epithelial,NMPR
BD_immune07_8186,aneuploid,Tumor_epithelial,NMPR
BD_immune07_485014,aneuploid,Tumor_epithelial,NMPR
BD_immune07_86341,aneuploid,Tumor_epithelial,NMPR
BD_immune07_379035,aneuploid,Tumor_epithelial,NMPR
BD_immune07_850570,aneuploid,Tumor_epithelial,NMPR
BD_immune07_436964,aneuploid,Tumor_epithelial,NMPR
BD_immune07_571124,aneuploid,Tumor_epithelial,NMPR
BD_immune07_534808,aneuploid,Tumor_epithelial,NMPR
BD_immune07_879802,aneuploid,Tumor_epithelial,NMPR
BD_immune07_661552,aneuploid,Tumor_epithelial,NMPR
BD_immune07_418079,aneuploid,Tumor_epithelial,NMPR
BD_immune07_868311,aneuploid,Tumor_epithelial,NMPR
BD_immune07_12337,aneuploid,Tumor_epithelial,NMPR
BD_immune07_791350,aneuploid,Tumor_epithelial,NMPR
BD_immune07_760759,aneuploid,Tumor_epithelial,NMPR
BD_immune07_300388,aneuploid,Tumor_epithelial,NMPR
BD_immune07_95786,aneuploid,Tumor_epithelial,NMPR
BD_immune07_72313,aneuploid,Tumor_epithelial,NMPR
BD_immune07_312655,aneuploid,Tumor_epithelial,NMPR
BD_immune07_525711,aneuploid,Tumor_epithelial,NMPR
BD_immune07_225069,aneuploid,Tumor_epithelial,NMPR
BD_immune07_154952,aneuploid,Tumor_epithelial,NMPR
BD_immune07_53712,aneuploid,Tumor_epithelial,NMPR
BD_immune07_109512,aneuploid,Tumor_epithelial,NMPR
BD_immune07_402382,aneuploid,Tumor_epithelial,NMPR
BD_immune07_283850,aneuploid,Tumor_epithelial,NMPR
BD_immune07_706323,aneuploid,Tumor_epithelial,NMPR
BD_immune07_90770,aneuploid,Tumor_epithelial,NMPR
BD_immune07_594621,aneuploid,Tumor_epithelial,NMPR
BD_immune07_22548,aneuploid,Tumor_epithelial,NMPR
BD_immune07_643407,aneuploid,Tumor_epithelial,NMPR
BD_immune07_305843,aneuploid,Tumor_epithelial,NMPR
BD_immune07_812461,aneuploid,Tumor_epithelial,NMPR
BD_immune07_285275,aneuploid,Tumor_epithelial,NMPR
BD_immune07_102072,aneuploid,Tumor_epithelial,NMPR
BD_immune07_501594,aneuploid,Tumor_epithelial,NMPR
BD_immune07_693058,aneuploid,Tumor_epithelial,NMPR
BD_immune07_534747,aneuploid,Tumor_epithelial,NMPR
BD_immune07_790614,aneuploid,Tumor_epithelial,NMPR
BD_immune07_597002,aneuploid,Tumor_epithelial,NMPR
BD_immune07_870666,aneuploid,Tumor_epithelial,NMPR
BD_immune07_711224,aneuploid,Tumor_epithelial,NMPR
BD_immune07_604181,aneuploid,Tumor_epithelial,NMPR
BD_immune07_169715,aneuploid,Tumor_epithelial,NMPR
BD_immune07_27945,aneuploid,Tumor_epithelial,NMPR
BD_immune07_168721,aneuploid,Tumor_epithelial,NMPR
BD_immune07_808071,aneuploid,Tumor_epithelial,NMPR
BD_immune07_820920,aneuploid,Tumor_epithelial,NMPR
BD_immune07_667341,aneuploid,Tumor_epithelial,NMPR
BD_immune07_684797,aneuploid,Tumor_epithelial,NMPR
BD_immune07_399941,aneuploid,Tumor_epithelial,NMPR
BD_immune07_863244,aneuploid,Tumor_epithelial,NMPR
BD_immune07_710824,aneuploid,Tumor_epithelial,NMPR
BD_immune07_722905,aneuploid,Tumor_epithelial,NMPR
BD_immune07_644013,aneuploid,Tumor_epithelial,NMPR
BD_immune07_269629,aneuploid,Tumor_epithelial,NMPR
BD_immune07_764072,aneuploid,Tumor_epithelial,NMPR
BD_immune07_819026,aneuploid,Tumor_epithelial,NMPR
BD_immune07_623786,aneuploid,Tumor_epithelial,NMPR
BD_immune07_517399,aneuploid,Tumor_epithelial,NMPR
BD_immune07_463031,aneuploid,Tumor_epithelial,NMPR
BD_immune07_91101,aneuploid,Tumor_epithelial,NMPR
BD_immune07_861501,aneuploid,Tumor_epithelial,NMPR
BD_immune07_4270,aneuploid,Tumor_epithelial,NMPR
BD_immune07_376626,aneuploid,Tumor_epithelial,NMPR
BD_immune07_17261,aneuploid,Tumor_epithelial,NMPR
BD_immune07_868188,aneuploid,Tumor_epithelial,NMPR
BD_immune07_417268,aneuploid,Tumor_epithelial,NMPR
BD_immune07_662110,aneuploid,Tumor_epithelial,NMPR
BD_immune07_588259,aneuploid,Tumor_epithelial,NMPR
BD_immune07_675930,aneuploid,Tumor_epithelial,NMPR
BD_immune07_537950,aneuploid,Tumor_epithelial,NMPR
BD_immune07_657065,aneuploid,Tumor_epithelial,NMPR
BD_immune07_782119,aneuploid,Tumor_epithelial,NMPR
BD_immune07_446011,aneuploid,Tumor_epithelial,NMPR
BD_immune07_526258,aneuploid,Tumor_epithelial,NMPR
BD_immune07_671561,aneuploid,Tumor_epithelial,NMPR
BD_immune07_489870,aneuploid,Tumor_epithelial,NMPR
BD_immune07_743556,aneuploid,Tumor_epithelial,NMPR
BD_immune07_179587,aneuploid,Tumor_epithelial,NMPR
BD_immune07_432269,aneuploid,Tumor_epithelial,NMPR
BD_immune07_570934,aneuploid,Tumor_epithelial,NMPR
BD_immune07_836034,aneuploid,Tumor_epithelial,NMPR
BD_immune07_392682,aneuploid,Tumor_epithelial,NMPR
BD_immune07_570213,aneuploid,Tumor_epithelial,NMPR
BD_immune07_585322,aneuploid,Tumor_epithelial,NMPR
BD_immune07_749644,aneuploid,Tumor_epithelial,NMPR
BD_immune07_245712,aneuploid,Tumor_epithelial,NMPR
BD_immune07_710038,aneuploid,Tumor_epithelial,NMPR
BD_immune07_700522,aneuploid,Tumor_epithelial,NMPR
BD_immune07_14031,aneuploid,Tumor_epithelial,NMPR
BD_immune07_286754,aneuploid,Tumor_epithelial,NMPR
BD_immune07_282254,aneuploid,Tumor_epithelial,NMPR
BD_immune07_416445,aneuploid,Tumor_epithelial,NMPR
BD_immune07_600625,aneuploid,Tumor_epithelial,NMPR
BD_immune07_307653,aneuploid,Tumor_epithelial,NMPR
BD_immune07_325962,aneuploid,Tumor_epithelial,NMPR
BD_immune07_111879,aneuploid,Tumor_epithelial,NMPR
BD_immune07_135186,aneuploid,Tumor_epithelial,NMPR
BD_immune07_636579,aneuploid,Tumor_epithelial,NMPR
BD_immune07_109225,aneuploid,Tumor_epithelial,NMPR
BD_immune07_376630,aneuploid,Tumor_epithelial,NMPR
BD_immune07_86565,aneuploid,Tumor_epithelial,NMPR
BD_immune07_664023,aneuploid,Tumor_epithelial,NMPR
BD_immune07_527545,aneuploid,Tumor_epithelial,NMPR
BD_immune07_532368,aneuploid,Tumor_epithelial,NMPR
BD_immune07_83379,aneuploid,Tumor_epithelial,NMPR
BD_immune07_286935,aneuploid,Tumor_epithelial,NMPR
BD_immune07_672425,aneuploid,Tumor_epithelial,NMPR
BD_immune07_659408,aneuploid,Tumor_epithelial,NMPR
BD_immune07_432404,aneuploid,Tumor_epithelial,NMPR
BD_immune07_245062,aneuploid,Tumor_epithelial,NMPR
BD_immune07_194302,aneuploid,Tumor_epithelial,NMPR
BD_immune07_782983,aneuploid,Tumor_epithelial,NMPR
BD_immune07_83749,aneuploid,Tumor_epithelial,NMPR
BD_immune07_784499,aneuploid,Tumor_epithelial,NMPR
BD_immune07_193061,aneuploid,Tumor_epithelial,NMPR
BD_immune07_347056,aneuploid,Tumor_epithelial,NMPR
BD_immune07_96192,aneuploid,Tumor_epithelial,NMPR
BD_immune07_417783,aneuploid,Tumor_epithelial,NMPR
BD_immune07_613643,aneuploid,Tumor_epithelial,NMPR
BD_immune07_883552,aneuploid,Tumor_epithelial,NMPR
BD_immune07_785729,aneuploid,Tumor_epithelial,NMPR
BD_immune07_107963,aneuploid,Tumor_epithelial,NMPR
BD_immune07_214111,aneuploid,Tumor_epithelial,NMPR
BD_immune07_247231,aneuploid,Tumor_epithelial,NMPR
BD_immune07_438855,aneuploid,Tumor_epithelial,NMPR
BD_immune07_149527,aneuploid,Tumor_epithelial,NMPR
BD_immune07_729577,aneuploid,Tumor_epithelial,NMPR
BD_immune07_250516,aneuploid,Tumor_epithelial,NMPR
BD_immune07_436631,diploid,Ciliated_epithelial,NMPR
BD_immune07_452331,aneuploid,Tumor_epithelial,NMPR
BD_immune07_539596,aneuploid,Tumor_epithelial,NMPR
BD_immune07_407255,aneuploid,Tumor_epithelial,NMPR
BD_immune07_528455,aneuploid,Tumor_epithelial,NMPR
BD_immune07_123349,aneuploid,Tumor_epithelial,NMPR
BD_immune07_239743,aneuploid,Tumor_epithelial,NMPR
BD_immune07_428732,aneuploid,Tumor_epithelial,NMPR
BD_immune07_114116,aneuploid,Tumor_epithelial,NMPR
BD_immune07_403087,aneuploid,Tumor_epithelial,NMPR
BD_immune07_115257,aneuploid,Tumor_epithelial,NMPR
BD_immune07_96038,aneuploid,Tumor_epithelial,NMPR
BD_immune07_256649,aneuploid,Tumor_epithelial,NMPR
BD_immune07_877795,aneuploid,Tumor_epithelial,NMPR
BD_immune07_11035,aneuploid,Tumor_epithelial,NMPR
BD_immune07_478814,aneuploid,Tumor_epithelial,NMPR
BD_immune07_256021,aneuploid,Tumor_epithelial,NMPR
BD_immune07_33039,aneuploid,Tumor_epithelial,NMPR
BD_immune07_824308,aneuploid,Tumor_epithelial,NMPR
BD_immune07_756110,aneuploid,Tumor_epithelial,NMPR
BD_immune07_796242,diploid,Ciliated_epithelial,NMPR
BD_immune09_738635,aneuploid,Tumor_epithelial,NMPR
BD_immune09_333213,aneuploid,Tumor_epithelial,NMPR
BD_immune09_52643,aneuploid,Tumor_epithelial,NMPR
BD_immune11_78177,diploid,Ciliated_epithelial,MPR
BD_immune11_127184,diploid,Ciliated_epithelial,MPR
BD_immune11_465550,diploid,Ciliated_epithelial,MPR
BD_immune11_129854,diploid,Ciliated_epithelial,MPR
BD_immune11_655868,diploid,Ciliated_epithelial,MPR
BD_immune11_741571,diploid,Ciliated_epithelial,MPR
BD_immune11_594514,diploid,Ciliated_epithelial,MPR
BD_immune11_430145,diploid,Ciliated_epithelial,MPR
BD_immune11_714781,diploid,Ciliated_epithelial,MPR
BD_immune11_517070,diploid,Ciliated_epithelial,MPR
BD_immune11_435036,diploid,Ciliated_epithelial,MPR
BD_immune11_585794,diploid,Ciliated_epithelial,MPR
BD_immune11_387986,diploid,Ciliated_epithelial,MPR
BD_immune11_585313,diploid,Ciliated_epithelial,MPR
BD_immune11_851522,diploid,Ciliated_epithelial,MPR
BD_immune11_111584,diploid,Ciliated_epithelial,MPR
BD_immune11_728668,diploid,Ciliated_epithelial,MPR
BD_immune11_496681,diploid,Ciliated_epithelial,MPR
BD_immune11_769451,diploid,Ciliated_epithelial,MPR
BD_immune11_506169,diploid,Ciliated_epithelial,MPR
BD_immune11_376321,diploid,Ciliated_epithelial,MPR
BD_immune11_807506,diploid,Ciliated_epithelial,MPR
BD_immune11_709930,diploid,Ciliated_epithelial,MPR
BD_immune11_591231,diploid,Ciliated_epithelial,MPR
BD_immune11_324928,diploid,Ciliated_epithelial,MPR
BD_immune11_32838,diploid,Ciliated_epithelial,MPR
BD_immune11_591232,diploid,Ciliated_epithelial,MPR
BD_immune11_688050,diploid,Ciliated_epithelial,MPR
BD_immune11_456616,diploid,Ciliated_epithelial,MPR
BD_immune11_797208,diploid,Ciliated_epithelial,MPR
BD_immune11_524136,diploid,Ciliated_epithelial,MPR
BD_immune11_52398,diploid,Ciliated_epithelial,MPR
BD_immune11_636890,diploid,Ciliated_epithelial,MPR
BD_immune11_173014,diploid,Ciliated_epithelial,MPR
BD_immune11_38494,diploid,Ciliated_epithelial,MPR
BD_immune11_66903,diploid,Ciliated_epithelial,MPR
BD_immune11_104179,diploid,Ciliated_epithelial,MPR
BD_immune11_465297,diploid,Ciliated_epithelial,MPR
BD_immune11_675786,diploid,Ciliated_epithelial,MPR
BD_immune11_513452,diploid,Ciliated_epithelial,MPR
BD_immune11_150201,diploid,Ciliated_epithelial,MPR
BD_immune11_671271,diploid,Ciliated_epithelial,MPR
BD_immune11_448450,diploid,Ciliated_epithelial,MPR
BD_immune11_158447,diploid,Ciliated_epithelial,MPR
BD_immune11_358858,diploid,Ciliated_epithelial,MPR
BD_immune11_47918,diploid,Ciliated_epithelial,MPR
BD_immune11_436879,diploid,Ciliated_epithelial,MPR
BD_immune11_233240,diploid,Ciliated_epithelial,MPR
BD_immune11_174871,diploid,Ciliated_epithelial,MPR
BD_immune11_818712,diploid,Ciliated_epithelial,MPR
BD_immune11_665043,diploid,Ciliated_epithelial,MPR
BD_immune11_15235,diploid,Ciliated_epithelial,MPR
BD_immune11_382510,diploid,Ciliated_epithelial,MPR
BD_immune11_418392,diploid,Ciliated_epithelial,MPR
BD_immune11_95035,diploid,Ciliated_epithelial,MPR
BD_immune11_617113,diploid,Ciliated_epithelial,MPR
BD_immune11_112914,diploid,Ciliated_epithelial,MPR
BD_immune11_382703,diploid,Ciliated_epithelial,MPR
BD_immune11_728900,diploid,Ciliated_epithelial,MPR
BD_immune11_492361,diploid,Ciliated_epithelial,MPR
BD_immune11_635903,diploid,Ciliated_epithelial,MPR
BD_immune11_248087,diploid,Ciliated_epithelial,MPR
BD_immune11_839316,diploid,Ciliated_epithelial,MPR
BD_immune11_380435,diploid,Ciliated_epithelial,MPR
BD_immune11_582593,diploid,Ciliated_epithelial,MPR
BD_immune11_622608,diploid,Ciliated_epithelial,MPR
BD_immune11_498493,diploid,Ciliated_epithelial,MPR
BD_immune11_414783,diploid,Ciliated_epithelial,MPR
BD_immune11_65855,diploid,Ciliated_epithelial,MPR
BD_immune11_61982,diploid,Ciliated_epithelial,MPR
BD_immune11_882059,diploid,Ciliated_epithelial,MPR
BD_immune11_638589,diploid,Ciliated_epithelial,MPR
BD_immune11_1429,diploid,Ciliated_epithelial,MPR
BD_immune11_70104,diploid,Ciliated_epithelial,MPR
BD_immune11_41387,diploid,Ciliated_epithelial,MPR
BD_immune11_7131,diploid,Ciliated_epithelial,MPR
BD_immune11_877867,diploid,Ciliated_epithelial,MPR
BD_immune11_487890,diploid,Ciliated_epithelial,MPR
BD_immune11_354081,diploid,Ciliated_epithelial,MPR
BD_immune11_546898,diploid,Ciliated_epithelial,MPR
BD_immune11_419734,diploid,Ciliated_epithelial,MPR
BD_immune11_802374,diploid,Ciliated_epithelial,MPR
BD_immune11_88695,diploid,Ciliated_epithelial,MPR
BD_immune11_233804,diploid,Ciliated_epithelial,MPR
BD_immune11_2285,diploid,Ciliated_epithelial,MPR
BD_immune11_848730,diploid,Ciliated_epithelial,MPR
BD_immune11_402531,diploid,Ciliated_epithelial,MPR
BD_immune11_119670,diploid,Ciliated_epithelial,MPR
BD_immune11_90592,diploid,Ciliated_epithelial,MPR
BD_immune11_620021,diploid,Ciliated_epithelial,MPR
BD_immune11_116239,diploid,Ciliated_epithelial,MPR
BD_immune11_496667,diploid,Ciliated_epithelial,MPR
BD_immune11_172824,diploid,Ciliated_epithelial,MPR
BD_immune11_99323,diploid,Ciliated_epithelial,MPR
BD_immune11_241411,diploid,Ciliated_epithelial,MPR
BD_immune11_525212,diploid,Ciliated_epithelial,MPR
BD_immune11_863832,diploid,Ciliated_epithelial,MPR
BD_immune11_426386,diploid,Ciliated_epithelial,MPR
BD_immune11_871409,diploid,Ciliated_epithelial,MPR
BD_immune11_807795,diploid,Ciliated_epithelial,MPR
BD_immune11_355788,diploid,Ciliated_epithelial,MPR
BD_immune11_166152,diploid,Ciliated_epithelial,MPR
BD_immune11_301340,diploid,Ciliated_epithelial,MPR
BD_immune11_236910,diploid,Ciliated_epithelial,MPR
BD_immune11_342313,diploid,Ciliated_epithelial,MPR
BD_immune11_499164,diploid,Ciliated_epithelial,MPR
BD_immune11_142421,diploid,Ciliated_epithelial,MPR
BD_immune11_356021,diploid,Ciliated_epithelial,MPR
BD_immune11_755192,diploid,Ciliated_epithelial,MPR
BD_immune11_646441,diploid,Ciliated_epithelial,MPR
BD_immune11_706217,diploid,Ciliated_epithelial,MPR
BD_immune11_788399,diploid,Ciliated_epithelial,MPR
BD_immune11_398221,diploid,Ciliated_epithelial,MPR
BD_immune11_498670,diploid,Ciliated_epithelial,MPR
BD_immune11_844330,diploid,Ciliated_epithelial,MPR
BD_immune11_34209,diploid,Ciliated_epithelial,MPR
BD_immune11_89351,diploid,Ciliated_epithelial,MPR
BD_immune11_646451,diploid,Ciliated_epithelial,MPR
BD_immune11_233942,diploid,Ciliated_epithelial,MPR
BD_immune11_353334,diploid,Ciliated_epithelial,MPR
BD_immune11_721954,diploid,Ciliated_epithelial,MPR
BD_immune11_263208,diploid,Ciliated_epithelial,MPR
BD_immune11_874426,diploid,Ciliated_epithelial,MPR
BD_immune11_530325,diploid,Ciliated_epithelial,MPR
BD_immune11_156190,diploid,Ciliated_epithelial,MPR
BD_immune11_478753,diploid,Ciliated_epithelial,MPR
BD_immune11_857982,diploid,Ciliated_epithelial,MPR
BD_immune11_215452,diploid,Ciliated_epithelial,MPR
BD_immune11_463155,diploid,Ciliated_epithelial,MPR
BD_immune11_354113,diploid,Ciliated_epithelial,MPR
BD_immune11_570891,diploid,Ciliated_epithelial,MPR
BD_immune11_604003,diploid,Ciliated_epithelial,MPR
BD_immune11_565026,diploid,Ciliated_epithelial,MPR
BD_immune11_517833,diploid,Ciliated_epithelial,MPR
BD_immune11_79210,diploid,Ciliated_epithelial,MPR
BD_immune11_645010,diploid,Ciliated_epithelial,MPR
BD_immune11_138877,diploid,Ciliated_epithelial,MPR
BD_immune11_141938,diploid,Ciliated_epithelial,MPR
BD_immune11_191820,diploid,Ciliated_epithelial,MPR
BD_immune11_162836,diploid,Ciliated_epithelial,MPR
BD_immune11_73376,diploid,Ciliated_epithelial,MPR
BD_immune11_73348,diploid,Ciliated_epithelial,MPR
BD_immune11_514597,diploid,Ciliated_epithelial,MPR
BD_immune11_866065,diploid,Ciliated_epithelial,MPR
BD_immune11_256984,diploid,Ciliated_epithelial,MPR
BD_immune11_243467,diploid,Ciliated_epithelial,MPR
BD_immune11_767373,diploid,Ciliated_epithelial,MPR
BD_immune11_824510,diploid,Ciliated_epithelial,MPR
BD_immune11_797833,diploid,Ciliated_epithelial,MPR
BD_immune11_253222,diploid,Ciliated_epithelial,MPR
BD_immune11_730603,diploid,Ciliated_epithelial,MPR
BD_immune11_158309,diploid,Ciliated_epithelial,MPR
BD_immune11_494425,diploid,Ciliated_epithelial,MPR
BD_immune11_260569,diploid,Ciliated_epithelial,MPR
BD_immune11_165577,diploid,Ciliated_epithelial,MPR
BD_immune11_365453,diploid,Ciliated_epithelial,MPR
BD_immune11_11846,diploid,Ciliated_epithelial,MPR
BD_immune11_64475,diploid,Ciliated_epithelial,MPR
BD_immune11_37375,diploid,Ciliated_epithelial,MPR
BD_immune11_690629,diploid,Ciliated_epithelial,MPR
BD_immune11_53351,diploid,Ciliated_epithelial,MPR
BD_immune11_560386,diploid,Ciliated_epithelial,MPR
BD_immune11_477525,diploid,Ciliated_epithelial,MPR
BD_immune11_843037,diploid,Ciliated_epithelial,MPR
BD_immune11_385482,diploid,Ciliated_epithelial,MPR
BD_immune11_856686,diploid,Ciliated_epithelial,MPR
BD_immune11_408883,diploid,Ciliated_epithelial,MPR
BD_immune11_408225,diploid,Ciliated_epithelial,MPR
BD_immune11_137305,diploid,Ciliated_epithelial,MPR
BD_immune11_476332,diploid,Ciliated_epithelial,MPR
BD_immune11_234873,diploid,Ciliated_epithelial,MPR
BD_immune11_131460,diploid,Ciliated_epithelial,MPR
BD_immune11_820879,diploid,Ciliated_epithelial,MPR
BD_immune11_686119,diploid,Ciliated_epithelial,MPR
BD_immune11_230454,diploid,Ciliated_epithelial,MPR
BD_immune11_578189,diploid,Ciliated_epithelial,MPR
BD_immune11_551719,diploid,Ciliated_epithelial,MPR
BD_immune11_234230,diploid,Ciliated_epithelial,MPR
BD_immune11_388616,diploid,Ciliated_epithelial,MPR
BD_immune11_186194,diploid,Ciliated_epithelial,MPR
BD_immune11_708051,diploid,Ciliated_epithelial,MPR
BD_immune11_672030,diploid,Ciliated_epithelial,MPR
BD_immune11_125948,diploid,Ciliated_epithelial,MPR
BD_immune11_432245,diploid,Ciliated_epithelial,MPR
BD_immune11_197401,diploid,Ciliated_epithelial,MPR
BD_immune11_207187,diploid,Ciliated_epithelial,MPR
BD_immune11_647814,diploid,Ciliated_epithelial,MPR
BD_immune11_31730,diploid,Ciliated_epithelial,MPR
BD_immune11_759039,diploid,Ciliated_epithelial,MPR
BD_immune11_104504,diploid,Ciliated_epithelial,MPR
BD_immune11_19457,diploid,Ciliated_epithelial,MPR
BD_immune11_873872,diploid,Ciliated_epithelial,MPR
BD_immune11_382133,diploid,Ciliated_epithelial,MPR
BD_immune11_169117,diploid,Ciliated_epithelial,MPR
BD_immune11_535923,diploid,Ciliated_epithelial,MPR
BD_immune11_773863,diploid,Ciliated_epithelial,MPR
BD_immune11_657058,diploid,Ciliated_epithelial,MPR
BD_immune11_880965,diploid,Ciliated_epithelial,MPR
BD_immune11_347230,diploid,Ciliated_epithelial,MPR
BD_immune11_314738,diploid,Ciliated_epithelial,MPR
BD_immune11_851398,diploid,Ciliated_epithelial,MPR
BD_immune11_227739,diploid,Ciliated_epithelial,MPR
BD_immune11_773809,diploid,Ciliated_epithelial,MPR
BD_immune11_5678,diploid,Ciliated_epithelial,MPR
BD_immune12_347497,diploid,Ciliated_epithelial,NMPR
BD_immune12_770597,diploid,Ciliated_epithelial,NMPR
BD_immune12_435307,diploid,Ciliated_epithelial,NMPR
BD_immune12_794646,diploid,Ciliated_epithelial,NMPR
BD_immune12_487429,diploid,Ciliated_epithelial,NMPR
BD_immune12_373941,diploid,Ciliated_epithelial,NMPR
BD_immune12_241771,diploid,Ciliated_epithelial,NMPR
BD_immune12_432275,diploid,Ciliated_epithelial,NMPR
BD_immune12_707488,diploid,Ciliated_epithelial,NMPR
BD_immune12_772414,diploid,Ciliated_epithelial,NMPR
BD_immune12_605279,diploid,Ciliated_epithelial,NMPR
BD_immune12_809503,diploid,Ciliated_epithelial,NMPR
BD_immune12_345386,diploid,Ciliated_epithelial,NMPR
BD_immune12_115619,diploid,Ciliated_epithelial,NMPR
BD_immune12_87408,diploid,Ciliated_epithelial,NMPR
BD_immune12_474762,diploid,Ciliated_epithelial,NMPR
BD_immune12_161584,diploid,Ciliated_epithelial,NMPR
BD_immune12_65192,diploid,Ciliated_epithelial,NMPR
BD_immune12_700435,diploid,Ciliated_epithelial,NMPR
BD_immune12_136734,diploid,Ciliated_epithelial,NMPR
BD_immune12_883714,diploid,Ciliated_epithelial,NMPR
BD_immune12_508351,diploid,Ciliated_epithelial,NMPR
BD_immune12_485318,diploid,Ciliated_epithelial,NMPR
BD_immune12_255726,diploid,Ciliated_epithelial,NMPR
BD_immune12_472802,diploid,Ciliated_epithelial,NMPR
BD_immune12_602666,diploid,Ciliated_epithelial,NMPR
BD_immune12_332776,diploid,Ciliated_epithelial,NMPR
BD_immune12_672441,diploid,Ciliated_epithelial,NMPR
BD_immune12_184681,diploid,Ciliated_epithelial,NMPR
BD_immune12_142312,diploid,Ciliated_epithelial,NMPR
BD_immune12_576569,diploid,Ciliated_epithelial,NMPR
BD_immune12_104410,diploid,Ciliated_epithelial,NMPR
BD_immune12_517420,diploid,Ciliated_epithelial,NMPR
BD_immune12_443865,diploid,Ciliated_epithelial,NMPR
BD_immune12_688790,diploid,Ciliated_epithelial,NMPR
BD_immune12_856035,diploid,Ciliated_epithelial,NMPR
BD_immune12_161631,diploid,Ciliated_epithelial,NMPR
BD_immune12_567735,diploid,Ciliated_epithelial,NMPR
BD_immune12_214307,diploid,Ciliated_epithelial,NMPR
BD_immune12_652233,diploid,Ciliated_epithelial,NMPR
BD_immune12_24826,diploid,Ciliated_epithelial,NMPR
BD_immune12_206917,diploid,Ciliated_epithelial,NMPR
BD_immune12_267025,diploid,Ciliated_epithelial,NMPR
BD_immune12_430775,diploid,Ciliated_epithelial,NMPR
BD_immune12_444223,diploid,Ciliated_epithelial,NMPR
BD_immune12_374877,diploid,Ciliated_epithelial,NMPR
BD_immune12_146886,diploid,Ciliated_epithelial,NMPR
BD_immune12_564314,diploid,Ciliated_epithelial,NMPR
BD_immune13_39365,diploid,Ciliated_epithelial,NMPR
BD_immune14_647651,diploid,Ciliated_epithelial,MPR
BD_immune14_486333,diploid,Ciliated_epithelial,MPR
BD_immune14_425767,diploid,Ciliated_epithelial,MPR
BD_immune14_662536,diploid,Ciliated_epithelial,MPR
BD_immune14_653962,diploid,Ciliated_epithelial,MPR
BD_immune14_843297,diploid,Ciliated_epithelial,MPR
BD_immune14_799760,diploid,Ciliated_epithelial,MPR
BD_immune14_573048,diploid,Ciliated_epithelial,MPR
BD_immune14_540649,diploid,Ciliated_epithelial,MPR
BD_immune14_477134,diploid,Ciliated_epithelial,MPR
BD_immune14_68493,diploid,Ciliated_epithelial,MPR
BD_immune14_844765,diploid,Ciliated_epithelial,MPR
BD_immune14_828505,diploid,Ciliated_epithelial,MPR
BD_immune14_505664,diploid,Ciliated_epithelial,MPR
BD_immune14_411892,diploid,Ciliated_epithelial,MPR
BD_immune14_533330,diploid,Ciliated_epithelial,MPR
BD_immune14_874713,diploid,Ciliated_epithelial,MPR
BD_immune14_623031,diploid,Ciliated_epithelial,MPR
BD_immune14_532013,diploid,Ciliated_epithelial,MPR
BD_immune14_2495,diploid,Ciliated_epithelial,MPR
BD_immune14_206004,diploid,Ciliated_epithelial,MPR
BD_immune14_68312,diploid,Ciliated_epithelial,MPR
BD_immune14_42112,diploid,Ciliated_epithelial,MPR
BD_immune14_48989,diploid,Ciliated_epithelial,MPR
BD_immune14_312909,diploid,Ciliated_epithelial,MPR
BD_immune14_679768,diploid,Ciliated_epithelial,MPR
BD_immune14_182776,diploid,Ciliated_epithelial,MPR
BD_immune14_79961,diploid,Ciliated_epithelial,MPR
BD_immune14_375322,diploid,Ciliated_epithelial,MPR
BD_immune14_551142,diploid,Ciliated_epithelial,MPR
BD_immune14_781868,diploid,Ciliated_epithelial,MPR
BD_immune14_40314,diploid,Ciliated_epithelial,MPR
BD_immune14_522363,diploid,Ciliated_epithelial,MPR
BD_immune14_711711,diploid,Ciliated_epithelial,MPR
BD_immune14_703899,diploid,Ciliated_epithelial,MPR
BD_immune14_240162,diploid,Ciliated_epithelial,MPR
BD_immune14_153489,diploid,Ciliated_epithelial,MPR
BD_immune14_787243,diploid,Ciliated_epithelial,MPR
BD_immune14_479440,diploid,Ciliated_epithelial,MPR
BD_immune14_141831,diploid,Ciliated_epithelial,MPR
BD_immune14_181950,diploid,Ciliated_epithelial,MPR
BD_immune14_385869,diploid,Ciliated_epithelial,MPR
BD_immune14_751788,diploid,Ciliated_epithelial,MPR
BD_immune14_882277,diploid,Ciliated_epithelial,MPR
BD_immune14_109363,diploid,Ciliated_epithelial,MPR
BD_immune14_778400,diploid,Ciliated_epithelial,MPR
BD_immune14_246806,diploid,Ciliated_epithelial,MPR
BD_immune14_266198,diploid,Ciliated_epithelial,MPR
BD_immune14_171750,diploid,Ciliated_epithelial,MPR
BD_immune14_364733,diploid,Ciliated_epithelial,MPR
BD_immune14_768991,diploid,Ciliated_epithelial,MPR
BD_immune14_338290,diploid,Ciliated_epithelial,MPR
BD_immune14_697684,diploid,Ciliated_epithelial,MPR
BD_immune14_296461,diploid,Ciliated_epithelial,MPR
BD_immune14_695818,diploid,Ciliated_epithelial,MPR
BD_immune14_625531,diploid,Ciliated_epithelial,MPR
BD_immune14_381194,diploid,Ciliated_epithelial,MPR
BD_immune14_454305,diploid,Ciliated_epithelial,MPR
BD_immune14_572827,diploid,Ciliated_epithelial,MPR
BD_immune14_431363,diploid,Ciliated_epithelial,MPR
BD_immune14_464089,diploid,Ciliated_epithelial,MPR
BD_immune14_563968,diploid,Ciliated_epithelial,MPR
BD_immune14_164388,diploid,Ciliated_epithelial,MPR
BD_immune14_78618,diploid,Ciliated_epithelial,MPR
BD_immune14_856109,diploid,Ciliated_epithelial,MPR
BD_immune14_777286,diploid,Ciliated_epithelial,MPR
BD_immune14_88178,diploid,Ciliated_epithelial,MPR
BD_immune14_72607,diploid,Ciliated_epithelial,MPR
BD_immune14_862325,diploid,Ciliated_epithelial,MPR
BD_immune14_601230,diploid,Ciliated_epithelial,MPR
BD_immune14_865742,diploid,Ciliated_epithelial,MPR
BD_immune14_306487,diploid,Ciliated_epithelial,MPR
BD_immune14_270629,diploid,Ciliated_epithelial,MPR
BD_immune14_97882,diploid,Ciliated_epithelial,MPR
BD_immune14_505733,diploid,Ciliated_epithelial,MPR
BD_immune14_225446,diploid,Ciliated_epithelial,MPR
BD_immune14_319390,diploid,Ciliated_epithelial,MPR
BD_immune14_294203,diploid,Ciliated_epithelial,MPR
BD_immune14_659950,diploid,Ciliated_epithelial,MPR
BD_immune14_560049,diploid,Ciliated_epithelial,MPR
BD_immune14_397636,diploid,Ciliated_epithelial,MPR
BD_immune14_680671,diploid,Ciliated_epithelial,MPR
BD_immune14_717151,diploid,Ciliated_epithelial,MPR
BD_immune14_170840,diploid,Ciliated_epithelial,MPR
BD_immune14_293819,diploid,Ciliated_epithelial,MPR
BD_immune14_205968,diploid,Ciliated_epithelial,MPR
BD_immune14_134165,diploid,Ciliated_epithelial,MPR
BD_immune14_408863,diploid,Ciliated_epithelial,MPR
BD_immune14_671606,diploid,Ciliated_epithelial,MPR
BD_immune14_784725,diploid,Ciliated_epithelial,MPR
BD_immune14_876157,diploid,Ciliated_epithelial,MPR
BD_immune14_838818,diploid,Ciliated_epithelial,MPR
BD_immune14_475703,diploid,Ciliated_epithelial,MPR
BD_immune14_553739,diploid,Ciliated_epithelial,MPR
BD_immune14_431395,diploid,Ciliated_epithelial,MPR
BD_immune14_590844,diploid,Ciliated_epithelial,MPR
BD_immune14_283944,diploid,Ciliated_epithelial,MPR
BD_immune14_851755,diploid,Ciliated_epithelial,MPR
BD_immune14_470913,diploid,Ciliated_epithelial,MPR
BD_immune14_635890,diploid,Ciliated_epithelial,MPR
BD_immune14_436957,diploid,Ciliated_epithelial,MPR
BD_immune14_223775,diploid,Ciliated_epithelial,MPR
BD_immune14_128126,diploid,Ciliated_epithelial,MPR
BD_immune14_281560,diploid,Ciliated_epithelial,MPR
BD_immune14_723492,diploid,Ciliated_epithelial,MPR
BD_immune14_504512,diploid,Ciliated_epithelial,MPR
BD_immune14_532178,diploid,Ciliated_epithelial,MPR
BD_immune14_395182,diploid,Ciliated_epithelial,MPR
BD_immune14_879190,diploid,Ciliated_epithelial,MPR
BD_immune14_829151,diploid,Ciliated_epithelial,MPR
BD_immune14_834822,diploid,Ciliated_epithelial,MPR
BD_immune14_853782,diploid,Ciliated_epithelial,MPR
BD_immune15_425901,diploid,Ciliated_epithelial,NMPR
BD_immune15_730534,diploid,Ciliated_epithelial,NMPR
BD_immune15_182945,diploid,Ciliated_epithelial,NMPR
BD_immune15_716454,diploid,Ciliated_epithelial,NMPR
BD_immune15_217527,diploid,Ciliated_epithelial,NMPR
BD_immune15_172422,diploid,Ciliated_epithelial,NMPR
BD_immune15_850540,diploid,Ciliated_epithelial,NMPR
BD_immune15_320639,diploid,Ciliated_epithelial,NMPR
BD_immune15_270336,diploid,Ciliated_epithelial,NMPR
BD_immune15_127864,diploid,Ciliated_epithelial,NMPR
BD_immune15_735723,diploid,Ciliated_epithelial,NMPR
BD_immune15_852140,diploid,Ciliated_epithelial,NMPR
BD_immune15_346445,diploid,Ciliated_epithelial,NMPR
BD_immune15_218558,diploid,Ciliated_epithelial,NMPR
BD_immune15_399664,diploid,Ciliated_epithelial,NMPR
BD_immune15_516665,diploid,Ciliated_epithelial,NMPR
BD_immune15_139372,diploid,Ciliated_epithelial,NMPR
BD_immune15_864594,diploid,Ciliated_epithelial,NMPR
BD_immune15_651368,diploid,Ciliated_epithelial,NMPR
BD_immune15_6748,diploid,Ciliated_epithelial,NMPR
BD_immune15_752216,diploid,Ciliated_epithelial,NMPR
BD_immune15_3758,diploid,Ciliated_epithelial,NMPR
BD_immune15_247072,diploid,Ciliated_epithelial,NMPR
BD_immune15_430040,diploid,Ciliated_epithelial,NMPR
BD_immune15_28900,diploid,Ciliated_epithelial,NMPR
BD_immune15_305040,diploid,Ciliated_epithelial,NMPR
BD_immune15_182005,diploid,Ciliated_epithelial,NMPR
BD_immune15_430052,diploid,Ciliated_epithelial,NMPR
BD_immune15_762511,diploid,Ciliated_epithelial,NMPR
BD_immune15_297523,diploid,Ciliated_epithelial,NMPR
BD_immune15_482173,diploid,Ciliated_epithelial,NMPR
BD_immune15_451356,diploid,Ciliated_epithelial,NMPR
BD_immune15_172808,diploid,Ciliated_epithelial,NMPR
BD_immune15_681879,diploid,Ciliated_epithelial,NMPR
BD_immune15_330399,diploid,Ciliated_epithelial,NMPR
BD_immune15_9343,diploid,Ciliated_epithelial,NMPR
BD_immune15_44632,diploid,Ciliated_epithelial,NMPR
BD_immune15_49470,diploid,Ciliated_epithelial,NMPR
BD_immune15_490799,diploid,Ciliated_epithelial,NMPR
BD_immune15_296500,diploid,Ciliated_epithelial,NMPR
BD_immune15_303995,diploid,Ciliated_epithelial,NMPR
BD_immune15_756421,diploid,Ciliated_epithelial,NMPR
BD_immune15_478215,diploid,Ciliated_epithelial,NMPR
BD_immune15_234861,diploid,Ciliated_epithelial,NMPR
BD_immune15_279133,diploid,Ciliated_epithelial,NMPR
BD_immune15_819301,diploid,Ciliated_epithelial,NMPR
BD_immune15_262976,diploid,Ciliated_epithelial,NMPR
BD_immune15_625255,diploid,Ciliated_epithelial,NMPR
BD_immune15_522632,diploid,Ciliated_epithelial,NMPR
BD_immune15_454574,diploid,Ciliated_epithelial,NMPR
BD_immune15_771423,diploid,Ciliated_epithelial,NMPR
BD_immune15_391053,diploid,Ciliated_epithelial,NMPR
BD_immune15_743970,diploid,Ciliated_epithelial,NMPR
BD_immune15_334078,diploid,Ciliated_epithelial,NMPR
BD_immune15_173039,diploid,Ciliated_epithelial,NMPR
BD_immune15_53101,diploid,Ciliated_epithelial,NMPR
BD_immune15_25994,diploid,Ciliated_epithelial,NMPR
BD_immune15_703199,diploid,Ciliated_epithelial,NMPR
BD_immune15_161844,diploid,Ciliated_epithelial,NMPR
BD_immune15_817148,diploid,Ciliated_epithelial,NMPR
BD_immune15_226074,diploid,Ciliated_epithelial,NMPR
BD_immune15_89246,diploid,Ciliated_epithelial,NMPR
BD_immune15_254973,diploid,Ciliated_epithelial,NMPR
BD_immune15_611385,diploid,Ciliated_epithelial,NMPR
BD_immune15_443175,diploid,Ciliated_epithelial,NMPR
BD_immune15_476018,diploid,Ciliated_epithelial,NMPR
BD_immune15_307971,diploid,Ciliated_epithelial,NMPR
BD_immune15_316730,diploid,Ciliated_epithelial,NMPR
BD_immune15_808896,diploid,Ciliated_epithelial,NMPR
BD_immune15_340292,diploid,Ciliated_epithelial,NMPR
BD_immune15_63122,diploid,Ciliated_epithelial,NMPR
BD_immune15_250693,diploid,Ciliated_epithelial,NMPR
BD_immune15_590202,diploid,Ciliated_epithelial,NMPR
BD_immune15_150783,diploid,Ciliated_epithelial,NMPR
BD_immune15_101810,diploid,Ciliated_epithelial,NMPR
BD_immune15_636560,diploid,Ciliated_epithelial,NMPR
BD_immune15_412134,diploid,Ciliated_epithelial,NMPR
BD_immune15_476680,diploid,Ciliated_epithelial,NMPR
BD_immune15_396367,diploid,Ciliated_epithelial,NMPR
BD_immune15_333227,diploid,Ciliated_epithelial,NMPR
BD_immune15_692880,diploid,Ciliated_epithelial,NMPR
BD_immune15_527333,diploid,Ciliated_epithelial,NMPR
BD_immune15_320223,diploid,Ciliated_epithelial,NMPR
BD_immune15_9475,diploid,Ciliated_epithelial,NMPR
BD_immune15_450924,diploid,Ciliated_epithelial,NMPR
BD_immune15_184518,diploid,Ciliated_epithelial,NMPR
BD_immune15_882196,diploid,Ciliated_epithelial,NMPR
BD_immune15_269107,diploid,Ciliated_epithelial,NMPR
BD_immune15_171646,diploid,Ciliated_epithelial,NMPR
BD_immune15_3982,diploid,Ciliated_epithelial,NMPR
BD_immune15_78112,diploid,Ciliated_epithelial,NMPR
BD_immune15_221847,diploid,Ciliated_epithelial,NMPR
BD_immune15_117369,diploid,Ciliated_epithelial,NMPR
BD_immune15_737463,diploid,Ciliated_epithelial,NMPR
BD_immune15_396037,diploid,Ciliated_epithelial,NMPR
BD_immune15_761832,diploid,Ciliated_epithelial,NMPR
BD_immune15_595178,diploid,Ciliated_epithelial,NMPR
BD_immune15_394517,diploid,Ciliated_epithelial,NMPR
BD_immune15_248262,diploid,Ciliated_epithelial,NMPR
BD_immune15_639533,diploid,Ciliated_epithelial,NMPR
BD_immune15_63173,diploid,Ciliated_epithelial,NMPR
BD_immune15_366755,diploid,Ciliated_epithelial,NMPR
BD_immune15_178914,diploid,Ciliated_epithelial,NMPR
BD_immune15_612147,diploid,Ciliated_epithelial,NMPR
BD_immune15_834727,diploid,Ciliated_epithelial,NMPR
BD_immune15_572535,diploid,Ciliated_epithelial,NMPR
BD_immune15_875093,diploid,Ciliated_epithelial,NMPR
BD_immune15_654577,diploid,Ciliated_epithelial,NMPR
BD_immune15_503793,diploid,Ciliated_epithelial,NMPR
BD_immune15_256682,diploid,Ciliated_epithelial,NMPR
BD_immune15_138701,diploid,Ciliated_epithelial,NMPR
BD_immune15_31435,diploid,Ciliated_epithelial,NMPR
BD_immune15_637030,diploid,Ciliated_epithelial,NMPR
BD_immune15_19962,diploid,Ciliated_epithelial,NMPR
BD_immune15_206837,diploid,Ciliated_epithelial,NMPR
BD_immune15_528297,diploid,Ciliated_epithelial,NMPR
BD_immune15_529438,diploid,Ciliated_epithelial,NMPR
BD_immune15_646895,diploid,Ciliated_epithelial,NMPR
BD_immune15_50158,diploid,Ciliated_epithelial,NMPR
BD_immune15_603233,diploid,Ciliated_epithelial,NMPR
BD_immune15_541606,diploid,Ciliated_epithelial,NMPR
BD_immune15_645599,diploid,Ciliated_epithelial,NMPR
BD_immune15_429657,diploid,Ciliated_epithelial,NMPR
BD_immune15_334962,diploid,Ciliated_epithelial,NMPR
BD_immune15_228416,diploid,Ciliated_epithelial,NMPR
BD_immune15_478884,diploid,Ciliated_epithelial,NMPR
BD_immune15_325615,diploid,Ciliated_epithelial,NMPR
BD_immune15_825730,diploid,Ciliated_epithelial,NMPR
BD_immune15_870703,diploid,Ciliated_epithelial,NMPR
BD_immune15_426255,diploid,Ciliated_epithelial,NMPR
BD_immune15_619364,diploid,Ciliated_epithelial,NMPR
BD_immune15_727488,diploid,Ciliated_epithelial,NMPR
BD_immune15_620803,diploid,Ciliated_epithelial,NMPR
BD_immune15_413230,diploid,Ciliated_epithelial,NMPR
BD_immune15_205747,diploid,Ciliated_epithelial,NMPR
BD_immune15_252746,diploid,Ciliated_epithelial,NMPR
BD_immune15_681904,diploid,Ciliated_epithelial,NMPR
BD_immune15_123040,diploid,Ciliated_epithelial,NMPR
BD_immune15_296485,diploid,Ciliated_epithelial,NMPR
BD_immune15_484620,diploid,Ciliated_epithelial,NMPR
BD_immune15_374255,diploid,Ciliated_epithelial,NMPR
BD_immune15_493727,diploid,Ciliated_epithelial,NMPR
BD_immune15_456821,diploid,Ciliated_epithelial,NMPR
BD_immune15_399033,diploid,Ciliated_epithelial,NMPR
BD_immune07_864651,aneuploid,Tumor_epithelial,NMPR
BD_immune07_4766,aneuploid,Tumor_epithelial,NMPR
BD_immune07_647897,aneuploid,Tumor_epithelial,NMPR
BD_immune07_267097,aneuploid,Tumor_epithelial,NMPR
BD_immune07_105386,aneuploid,Tumor_epithelial,NMPR
BD_immune07_57014,aneuploid,Tumor_epithelial,NMPR
BD_immune07_807441,aneuploid,Tumor_epithelial,NMPR
BD_immune07_422696,aneuploid,Tumor_epithelial,NMPR
BD_immune07_412305,aneuploid,Tumor_epithelial,NMPR
BD_immune11_594190,diploid,Ciliated_epithelial,MPR
BD_immune11_637603,diploid,Ciliated_epithelial,MPR
BD_immune02_571486,not.defined,Ciliated_epithelial,NMPR
BD_immune02_335965,not.defined,Ciliated_epithelial,NMPR
BD_immune04_252496,not.defined,Ciliated_epithelial,NMPR
BD_immune07_587296,not.defined,Tumor_epithelial,NMPR
BD_immune07_486443,not.defined,Tumor_epithelial,NMPR
BD_immune11_766428,not.defined,Ciliated_epithelial,MPR
BD_immune11_663724,not.defined,Ciliated_epithelial,MPR
BD_immune12_416906,not.defined,Ciliated_epithelial,NMPR
BD_immune12_700276,not.defined,Ciliated_epithelial,NMPR
BD_immune14_6093,not.defined,Ciliated_epithelial,MPR
BD_immune14_690113,not.defined,Ciliated_epithelial,MPR
BD_immune15_38400,not.defined,Ciliated_epithelial,NMPR
BD_immune15_522628,not.defined,Ciliated_epithelial,NMPR
BD_immune15_722389,not.defined,Ciliated_epithelial,NMPR
BD_immune15_703490,not.defined,Ciliated_epithelial,NMPR
BD_immune15_381817,not.defined,Ciliated_epithelial,NMPR
