cell,final_group,scevan_group,CytoTRACE2_Score,CytoTRACE2_Potency,response,cell_type
BD_immune03_676003,normal_MPR,normal_MPR,0.0761778890580977,Differentiated,MPR,Tumor_epithelial_basal
BD_immune04_639050,Ciliated,Ciliated,0.05080380612751,Differentiated,NMPR,Ciliated_epithelial
BD_immune07_325601,tumor_NMPR,tumor_NMPR,0.584035421886131,Multipotent,NMPR,Tumor_epithelial
BD_immune07_486630,tumor_NMPR,tumor_NMPR,0.520285932332196,Multipotent,NMPR,Tumor_epithelial
BD_immune07_524588,tumor_NMPR,tumor_NMPR,0.44204142292054,Oligopotent,NMPR,Tumor_epithelial
BD_immune07_178927,normal_NMPR,normal_NMPR,0.250275590449123,Unipotent,NMPR,Tumor_epithelial_basal
BD_immune07_255916,normal_NMPR,normal_NMPR,0.235684836076743,Unipotent,NMPR,Tumor_epithelial_basal
BD_immune07_133124,normal_NMPR,normal_NMPR,0.136542625117503,Differentiated,NMPR,Tumor_epithelial_basal
BD_immune07_374609,normal_NMPR,normal_NMPR,0.215831787462069,Unipotent,NMPR,Tumor_epithelial_basal
BD_immune07_138392,normal_NMPR,normal_NMPR,0.161915747839225,Differentiated,NMPR,Tumor_epithelial_basal
BD_immune07_554970,normal_NMPR,normal_NMPR,0.184958589607738,Unipotent,NMPR,Tumor_epithelial_basal
BD_immune07_338911,normal_NMPR,normal_NMPR,0.34023355253485,Oligopotent,NMPR,Tumor_epithelial_basal
BD_immune07_287210,normal_NMPR,normal_NMPR,0.284387098622665,Unipotent,NMPR,Tumor_epithelial_basal
BD_immune07_193907,normal_NMPR,normal_NMPR,0.25090258322577,Unipotent,NMPR,Tumor_epithelial_basal
BD_immune07_51729,normal_NMPR,normal_NMPR,0.140577027141435,Differentiated,NMPR,Tumor_epithelial_basal
BD_immune07_184511,normal_NMPR,normal_NMPR,0.0701868378131064,Differentiated,NMPR,Tumor_epithelial_AT2
BD_immune07_416755,normal_NMPR,normal_NMPR,0.0773107852056978,Differentiated,NMPR,Tumor_epithelial_AT2
BD_immune07_479921,normal_NMPR,normal_NMPR,0.252209232807598,Unipotent,NMPR,Tumor_epithelial_basal
BD_immune07_842495,,,0.0717081953902109,Differentiated,NMPR,Tumor_epithelial_AT2
BD_immune07_849847,normal_NMPR,normal_NMPR,0.0728217349745419,Differentiated,NMPR,Tumor_epithelial_AT2
BD_immune07_796347,normal_NMPR,normal_NMPR,0.0905684557681183,Differentiated,NMPR,Tumor_epithelial_AT2
BD_immune07_492754,,,0.0728599198929631,Differentiated,NMPR,Tumor_epithelial_AT2
BD_immune07_462980,normal_NMPR,normal_NMPR,0.0622002963168961,Differentiated,NMPR,Tumor_epithelial_AT2
BD_immune05_42629,normal_NMPR,EMT_NMPR,0.185866939861357,Unipotent,NMPR,Tumor_epithelial_EMT
BD_immune05_362136,normal_NMPR,EMT_NMPR,0.0926122946858673,Differentiated,NMPR,Tumor_epithelial_EMT
BD_immune05_94152,normal_NMPR,EMT_NMPR,0.0685142561238499,Differentiated,NMPR,Tumor_epithelial_EMT
BD_immune05_649032,normal_NMPR,EMT_NMPR,0.103866262173185,Differentiated,NMPR,Tumor_epithelial_EMT
BD_immune05_615714,normal_NMPR,EMT_NMPR,0.209415359251022,Unipotent,NMPR,Tumor_epithelial_EMT
BD_immune05_122121,normal_NMPR,EMT_NMPR,0.0666473903179831,Differentiated,NMPR,Tumor_epithelial_EMT
BD_immune05_879952,normal_NMPR,EMT_NMPR,0.105546331488445,Differentiated,NMPR,Tumor_epithelial_EMT
BD_immune05_849226,normal_NMPR,EMT_NMPR,0.0855129487819751,Differentiated,NMPR,Tumor_epithelial_EMT
BD_immune05_502067,normal_NMPR,EMT_NMPR,0.0446441641484003,Differentiated,NMPR,Tumor_epithelial_EMT
BD_immune05_565621,normal_NMPR,EMT_NMPR,0.0745400211134604,Differentiated,NMPR,Tumor_epithelial_EMT
BD_immune05_360458,normal_NMPR,EMT_NMPR,0.135778603790371,Differentiated,NMPR,Tumor_epithelial_EMT
BD_immune05_444244,normal_NMPR,EMT_NMPR,0.100076276245102,Differentiated,NMPR,Tumor_epithelial_EMT
BD_immune05_346707,normal_NMPR,EMT_NMPR,0.118323591062173,Differentiated,NMPR,Tumor_epithelial_EMT
BD_immune05_595859,normal_NMPR,EMT_NMPR,0.104491170783443,Differentiated,NMPR,Tumor_epithelial_EMT
BD_immune05_808709,normal_NMPR,EMT_NMPR,0.0970573576158801,Differentiated,NMPR,Tumor_epithelial_EMT
BD_immune05_66644,normal_NMPR,EMT_NMPR,0.088134566952228,Differentiated,NMPR,Tumor_epithelial_EMT
BD_immune05_32326,normal_NMPR,EMT_NMPR,0.106535539115675,Differentiated,NMPR,Tumor_epithelial_EMT
BD_immune05_692519,normal_NMPR,EMT_NMPR,0.120872538382027,Differentiated,NMPR,Tumor_epithelial_EMT
BD_immune05_63065,normal_NMPR,EMT_NMPR,0.082786888222422,Differentiated,NMPR,Tumor_epithelial_EMT
BD_immune05_582065,normal_NMPR,EMT_NMPR,0.144437026485957,Differentiated,NMPR,Tumor_epithelial_EMT
BD_immune05_614821,normal_NMPR,EMT_NMPR,0.0989076375025145,Differentiated,NMPR,Tumor_epithelial_EMT
BD_immune05_262382,normal_NMPR,EMT_NMPR,0.132864361787884,Differentiated,NMPR,Tumor_epithelial_EMT
BD_immune05_818209,normal_NMPR,EMT_NMPR,0.100464142409838,Differentiated,NMPR,Tumor_epithelial_EMT
BD_immune05_622085,normal_NMPR,EMT_NMPR,0.0939042582333448,Differentiated,NMPR,Tumor_epithelial_EMT
BD_immune05_147288,normal_NMPR,EMT_NMPR,0.0728589602770037,Differentiated,NMPR,Tumor_epithelial_EMT
BD_immune05_32417,normal_NMPR,EMT_NMPR,0.122340644957283,Differentiated,NMPR,Tumor_epithelial_EMT
BD_immune05_767860,normal_NMPR,EMT_NMPR,0.0996680080590627,Differentiated,NMPR,Tumor_epithelial_EMT
BD_immune05_760949,normal_NMPR,EMT_NMPR,0.107219126049236,Differentiated,NMPR,Tumor_epithelial_EMT
BD_immune05_719303,normal_NMPR,EMT_NMPR,0.106644848464054,Differentiated,NMPR,Tumor_epithelial_EMT
BD_immune05_835016,normal_NMPR,EMT_NMPR,0.0668533362414459,Differentiated,NMPR,Tumor_epithelial_EMT
BD_immune05_306211,normal_NMPR,EMT_NMPR,0.100983111887163,Differentiated,NMPR,Tumor_epithelial_EMT
BD_immune05_35807,normal_NMPR,EMT_NMPR,0.10088559884684,Differentiated,NMPR,Tumor_epithelial_EMT
BD_immune05_794029,normal_NMPR,EMT_NMPR,0.0652989267618586,Differentiated,NMPR,Tumor_epithelial_EMT
BD_immune05_390406,normal_NMPR,EMT_NMPR,0.0443742832341926,Differentiated,NMPR,Tumor_epithelial_EMT
BD_immune05_358660,normal_NMPR,EMT_NMPR,0.0422528107365249,Differentiated,NMPR,Tumor_epithelial_EMT
BD_immune05_881750,normal_NMPR,EMT_NMPR,0.0968927165585606,Differentiated,NMPR,Tumor_epithelial_EMT
BD_immune05_214055,normal_NMPR,EMT_NMPR,0.109059752681041,Differentiated,NMPR,Tumor_epithelial_EMT
BD_immune05_80790,normal_NMPR,EMT_NMPR,0.0546453087236996,Differentiated,NMPR,Tumor_epithelial_EMT
BD_immune05_9371,normal_NMPR,EMT_NMPR,0.108022781244327,Differentiated,NMPR,Tumor_epithelial_EMT
BD_immune05_874218,normal_NMPR,EMT_NMPR,0.102948446697399,Differentiated,NMPR,Tumor_epithelial_EMT
BD_immune05_75493,normal_NMPR,EMT_NMPR,0.119084446824732,Differentiated,NMPR,Tumor_epithelial_EMT
BD_immune05_417661,normal_NMPR,EMT_NMPR,0.121479277338389,Differentiated,NMPR,Tumor_epithelial_EMT
BD_immune05_472967,normal_NMPR,EMT_NMPR,0.0835950850339877,Differentiated,NMPR,Tumor_epithelial_EMT
BD_immune05_448014,normal_NMPR,EMT_NMPR,0.11576674554532,Differentiated,NMPR,Tumor_epithelial_EMT
BD_immune05_483152,normal_NMPR,EMT_NMPR,0.084922986697486,Differentiated,NMPR,Tumor_epithelial_EMT
BD_immune05_530591,normal_NMPR,EMT_NMPR,0.0695875125986797,Differentiated,NMPR,Tumor_epithelial_EMT
BD_immune05_234970,normal_NMPR,EMT_NMPR,0.0471770336138643,Differentiated,NMPR,Tumor_epithelial_EMT
BD_immune05_99306,normal_NMPR,EMT_NMPR,0.103940540941744,Differentiated,NMPR,Tumor_epithelial_EMT
BD_immune05_712045,normal_NMPR,EMT_NMPR,0.101148908923083,Differentiated,NMPR,Tumor_epithelial_EMT
BD_immune05_151132,normal_NMPR,EMT_NMPR,0.0666786622758951,Differentiated,NMPR,Tumor_epithelial_EMT
BD_immune05_119883,normal_NMPR,EMT_NMPR,0.0926937010290509,Differentiated,NMPR,Tumor_epithelial_EMT
BD_immune05_98275,normal_NMPR,EMT_NMPR,0.0926277295448329,Differentiated,NMPR,Tumor_epithelial_EMT
BD_immune05_279153,normal_NMPR,EMT_NMPR,0.088536073075385,Differentiated,NMPR,Tumor_epithelial_EMT
BD_immune05_588920,normal_NMPR,EMT_NMPR,0.0907408712179237,Differentiated,NMPR,Tumor_epithelial_EMT
BD_immune05_322665,normal_NMPR,EMT_NMPR,0.0810919693442584,Differentiated,NMPR,Tumor_epithelial_EMT
BD_immune05_5241,normal_NMPR,EMT_NMPR,0.106017529479075,Differentiated,NMPR,Tumor_epithelial_EMT
BD_immune05_623288,normal_NMPR,EMT_NMPR,0.114206125390752,Differentiated,NMPR,Tumor_epithelial_EMT
BD_immune05_34830,normal_NMPR,EMT_NMPR,0.113493859728643,Differentiated,NMPR,Tumor_epithelial_EMT
BD_immune05_37044,normal_NMPR,EMT_NMPR,0.0593963474043365,Differentiated,NMPR,Tumor_epithelial_EMT
BD_immune05_503311,normal_NMPR,EMT_NMPR,0.060019960224733,Differentiated,NMPR,Tumor_epithelial_EMT
BD_immune05_63125,normal_NMPR,EMT_NMPR,0.0959088542726117,Differentiated,NMPR,Tumor_epithelial_EMT
BD_immune05_538823,normal_NMPR,EMT_NMPR,0.108196886337224,Differentiated,NMPR,Tumor_epithelial_EMT
BD_immune05_687178,normal_NMPR,EMT_NMPR,0.07363371742298,Differentiated,NMPR,Tumor_epithelial_EMT
BD_immune05_403093,normal_NMPR,EMT_NMPR,0.0954849899118122,Differentiated,NMPR,Tumor_epithelial_EMT
BD_immune05_315757,normal_NMPR,EMT_NMPR,0.0992615111303759,Differentiated,NMPR,Tumor_epithelial_EMT
BD_immune05_611374,normal_NMPR,EMT_NMPR,0.0908171950224426,Differentiated,NMPR,Tumor_epithelial_EMT
BD_immune05_63067,normal_NMPR,EMT_NMPR,0.0650959502938084,Differentiated,NMPR,Tumor_epithelial_EMT
BD_immune05_367732,normal_NMPR,EMT_NMPR,0.0507287119866672,Differentiated,NMPR,Tumor_epithelial_EMT
BD_immune05_619779,normal_NMPR,EMT_NMPR,0.0752235934776345,Differentiated,NMPR,Tumor_epithelial_EMT
BD_immune05_268067,normal_NMPR,EMT_NMPR,0.0928678053934108,Differentiated,NMPR,Tumor_epithelial_EMT
BD_immune05_51889,normal_NMPR,EMT_NMPR,0.117104008866945,Differentiated,NMPR,Tumor_epithelial_EMT
BD_immune05_723048,normal_NMPR,EMT_NMPR,0.0607615544690165,Differentiated,NMPR,Tumor_epithelial_EMT
BD_immune05_806425,normal_NMPR,EMT_NMPR,0.0807909740262718,Differentiated,NMPR,Tumor_epithelial_EMT
BD_immune05_310369,normal_NMPR,EMT_NMPR,0.0981480568875689,Differentiated,NMPR,Tumor_epithelial_EMT
BD_immune05_496076,normal_NMPR,EMT_NMPR,0.0911926860838851,Differentiated,NMPR,Tumor_epithelial_EMT
BD_immune05_319892,normal_NMPR,EMT_NMPR,0.101942791885384,Differentiated,NMPR,Tumor_epithelial_EMT
BD_immune05_776295,normal_NMPR,EMT_NMPR,0.103739370680772,Differentiated,NMPR,Tumor_epithelial_EMT
BD_immune05_598754,normal_NMPR,EMT_NMPR,0.108554716046102,Differentiated,NMPR,Tumor_epithelial_EMT
BD_immune05_435634,normal_NMPR,EMT_NMPR,0.103634875528329,Differentiated,NMPR,Tumor_epithelial_EMT
BD_immune05_118475,normal_NMPR,EMT_NMPR,0.109761812592905,Differentiated,NMPR,Tumor_epithelial_EMT
BD_immune05_502731,normal_NMPR,EMT_NMPR,0.1027263206589,Differentiated,NMPR,Tumor_epithelial_EMT
BD_immune05_56376,normal_NMPR,EMT_NMPR,0.0578418561070463,Differentiated,NMPR,Tumor_epithelial_EMT
BD_immune05_458374,normal_NMPR,EMT_NMPR,0.0962788776529049,Differentiated,NMPR,Tumor_epithelial_EMT
BD_immune05_153336,normal_NMPR,EMT_NMPR,0.0960728048913866,Differentiated,NMPR,Tumor_epithelial_EMT
BD_immune05_167373,normal_NMPR,EMT_NMPR,0.103913509134851,Differentiated,NMPR,Tumor_epithelial_EMT
BD_immune05_99039,normal_NMPR,EMT_NMPR,0.0963385874919174,Differentiated,NMPR,Tumor_epithelial_EMT
BD_immune05_870045,normal_NMPR,EMT_NMPR,0.0818903107993095,Differentiated,NMPR,Tumor_epithelial_EMT
BD_immune05_854486,normal_NMPR,EMT_NMPR,0.0831623430151708,Differentiated,NMPR,Tumor_epithelial_EMT
BD_immune05_704090,normal_NMPR,EMT_NMPR,0.0821837913383927,Differentiated,NMPR,Tumor_epithelial_EMT
BD_immune05_47498,normal_NMPR,EMT_NMPR,0.0842841241203236,Differentiated,NMPR,Tumor_epithelial_EMT
BD_immune05_435886,normal_NMPR,EMT_NMPR,0.0944300915485631,Differentiated,NMPR,Tumor_epithelial_EMT
BD_immune05_450255,normal_NMPR,EMT_NMPR,0.102090211230275,Differentiated,NMPR,Tumor_epithelial_EMT
BD_immune05_168846,normal_NMPR,EMT_NMPR,0.110687164441486,Differentiated,NMPR,Tumor_epithelial_EMT
BD_immune05_843146,normal_NMPR,EMT_NMPR,0.0634778846983694,Differentiated,NMPR,Tumor_epithelial_EMT
BD_immune05_766012,normal_NMPR,EMT_NMPR,0.0843995215084011,Differentiated,NMPR,Tumor_epithelial_EMT
BD_immune05_709322,normal_NMPR,EMT_NMPR,0.0852785523291975,Differentiated,NMPR,Tumor_epithelial_EMT
BD_immune05_419952,normal_NMPR,EMT_NMPR,0.0929074126527663,Differentiated,NMPR,Tumor_epithelial_EMT
BD_immune05_722878,normal_NMPR,EMT_NMPR,0.0677431003566663,Differentiated,NMPR,Tumor_epithelial_EMT
BD_immune05_666305,normal_NMPR,EMT_NMPR,0.0722288121896753,Differentiated,NMPR,Tumor_epithelial_EMT
BD_immune05_238346,normal_NMPR,EMT_NMPR,0.0811096769321327,Differentiated,NMPR,Tumor_epithelial_EMT
BD_immune05_734980,normal_NMPR,EMT_NMPR,0.103059489584541,Differentiated,NMPR,Tumor_epithelial_EMT
BD_immune05_570546,normal_NMPR,EMT_NMPR,0.107672245227389,Differentiated,NMPR,Tumor_epithelial_EMT
BD_immune05_275770,normal_NMPR,EMT_NMPR,0.066112701056209,Differentiated,NMPR,Tumor_epithelial_EMT
BD_immune05_632976,normal_NMPR,EMT_NMPR,0.106851218891929,Differentiated,NMPR,Tumor_epithelial_EMT
BD_immune05_180690,normal_NMPR,EMT_NMPR,0.0646514893326454,Differentiated,NMPR,Tumor_epithelial_EMT
BD_immune05_715396,normal_NMPR,EMT_NMPR,0.0589954597757287,Differentiated,NMPR,Tumor_epithelial_EMT
BD_immune05_748081,normal_NMPR,EMT_NMPR,0.0929392525748176,Differentiated,NMPR,Tumor_epithelial_EMT
BD_immune05_539455,normal_NMPR,EMT_NMPR,0.0883751577827046,Differentiated,NMPR,Tumor_epithelial_EMT
BD_immune05_594377,normal_NMPR,EMT_NMPR,0.0603483867264241,Differentiated,NMPR,Tumor_epithelial_EMT
BD_immune05_252162,normal_NMPR,EMT_NMPR,0.0934271600919644,Differentiated,NMPR,Tumor_epithelial_EMT
BD_immune05_462673,normal_NMPR,EMT_NMPR,0.062225138241822,Differentiated,NMPR,Tumor_epithelial_EMT
BD_immune05_216467,normal_NMPR,EMT_NMPR,0.0831299177894197,Differentiated,NMPR,Tumor_epithelial_EMT
BD_immune05_13322,normal_NMPR,EMT_NMPR,0.0636779741744019,Differentiated,NMPR,Tumor_epithelial_EMT
BD_immune05_674400,normal_NMPR,EMT_NMPR,0.0711592262392779,Differentiated,NMPR,Tumor_epithelial_EMT
BD_immune05_680855,normal_NMPR,EMT_NMPR,0.0941122296838584,Differentiated,NMPR,Tumor_epithelial_EMT
BD_immune05_591383,normal_NMPR,EMT_NMPR,0.0907817996038981,Differentiated,NMPR,Tumor_epithelial_EMT
BD_immune05_505493,normal_NMPR,EMT_NMPR,0.0984090485374531,Differentiated,NMPR,Tumor_epithelial_EMT
BD_immune05_119623,normal_NMPR,EMT_NMPR,0.0814803470211025,Differentiated,NMPR,Tumor_epithelial_EMT
BD_immune05_838586,normal_NMPR,EMT_NMPR,0.0669228203605174,Differentiated,NMPR,Tumor_epithelial_EMT
BD_immune05_219419,normal_NMPR,EMT_NMPR,0.0948564328962292,Differentiated,NMPR,Tumor_epithelial_EMT
BD_immune05_385954,normal_NMPR,EMT_NMPR,0.114425215279337,Differentiated,NMPR,Tumor_epithelial_EMT
BD_immune05_706618,normal_NMPR,EMT_NMPR,0.0734312883667664,Differentiated,NMPR,Tumor_epithelial_EMT
BD_immune05_181886,normal_NMPR,EMT_NMPR,0.116014330367575,Differentiated,NMPR,Tumor_epithelial_EMT
BD_immune05_272063,normal_NMPR,EMT_NMPR,0.0721104907275208,Differentiated,NMPR,Tumor_epithelial_EMT
BD_immune05_309299,normal_NMPR,EMT_NMPR,0.100492018709995,Differentiated,NMPR,Tumor_epithelial_EMT
BD_immune08_837002,normal_NMPR,EMT_NMPR,0.0787821747406574,Differentiated,NMPR,Tumor_epithelial_EMT
BD_immune11_759492,Ciliated,Ciliated,0.0931446642509228,Differentiated,MPR,Ciliated_epithelial
BD_immune11_17759,Ciliated,Ciliated,0.0899085477324669,Differentiated,MPR,Ciliated_epithelial
BD_immune11_880050,Ciliated,Ciliated,0.119124015220948,Differentiated,MPR,Ciliated_epithelial
BD_immune11_765009,Ciliated,Ciliated,0.0484141895822802,Differentiated,MPR,Ciliated_epithelial
BD_immune11_414642,Ciliated,Ciliated,0.0321731021768793,Differentiated,MPR,Ciliated_epithelial
BD_immune11_747329,Ciliated,Ciliated,0.101220746540994,Differentiated,MPR,Ciliated_epithelial
BD_immune12_174836,Ciliated,Ciliated,0.100112521947588,Differentiated,NMPR,Ciliated_epithelial
BD_immune12_581908,normal_NMPR,EMT_NMPR,0.0891204934694037,Differentiated,NMPR,Tumor_epithelial_EMT
BD_immune12_747669,normal_NMPR,EMT_NMPR,0.0882947440550301,Differentiated,NMPR,Tumor_epithelial_EMT
BD_immune12_697869,normal_NMPR,EMT_NMPR,0.0580045757495612,Differentiated,NMPR,Tumor_epithelial_EMT
BD_immune12_439856,normal_NMPR,EMT_NMPR,0.089075353951387,Differentiated,NMPR,Tumor_epithelial_EMT
BD_immune12_527621,normal_NMPR,EMT_NMPR,0.0873814145152423,Differentiated,NMPR,Tumor_epithelial_EMT
BD_immune12_277931,normal_NMPR,EMT_NMPR,0.0763391150866305,Differentiated,NMPR,Tumor_epithelial_EMT
BD_immune12_365627,normal_NMPR,EMT_NMPR,0.0832907825057665,Differentiated,NMPR,Tumor_epithelial_EMT
BD_immune12_114793,normal_NMPR,EMT_NMPR,0.0936104661545951,Differentiated,NMPR,Tumor_epithelial_EMT
BD_immune12_48432,normal_NMPR,EMT_NMPR,0.0763777510446692,Differentiated,NMPR,Tumor_epithelial_EMT
BD_immune12_184577,normal_NMPR,EMT_NMPR,0.108060965144484,Differentiated,NMPR,Tumor_epithelial_EMT
BD_immune12_778458,normal_NMPR,EMT_NMPR,0.0958005935132841,Differentiated,NMPR,Tumor_epithelial_EMT
BD_immune12_479045,normal_NMPR,EMT_NMPR,0.110104940747224,Differentiated,NMPR,Tumor_epithelial_EMT
BD_immune12_29577,normal_NMPR,EMT_NMPR,0.0906285582383248,Differentiated,NMPR,Tumor_epithelial_EMT
BD_immune12_850724,normal_NMPR,EMT_NMPR,0.110277318084648,Differentiated,NMPR,Tumor_epithelial_EMT
BD_immune12_292312,normal_NMPR,EMT_NMPR,0.0852741118571606,Differentiated,NMPR,Tumor_epithelial_EMT
BD_immune12_833475,normal_NMPR,EMT_NMPR,0.0822344359797238,Differentiated,NMPR,Tumor_epithelial_EMT
BD_immune12_672873,normal_NMPR,EMT_NMPR,0.0837538102941011,Differentiated,NMPR,Tumor_epithelial_EMT
BD_immune12_739950,normal_NMPR,EMT_NMPR,0.0643558154374454,Differentiated,NMPR,Tumor_epithelial_EMT
BD_immune12_485192,normal_NMPR,EMT_NMPR,0.0907919156464993,Differentiated,NMPR,Tumor_epithelial_EMT
BD_immune12_496574,normal_NMPR,EMT_NMPR,0.113228610616203,Differentiated,NMPR,Tumor_epithelial_EMT
BD_immune12_400593,normal_NMPR,EMT_NMPR,0.0841652513191132,Differentiated,NMPR,Tumor_epithelial_EMT
BD_immune12_743184,normal_NMPR,EMT_NMPR,0.0771919991224602,Differentiated,NMPR,Tumor_epithelial_EMT
BD_immune15_694272,Ciliated,Ciliated,0.0854890564738926,Differentiated,NMPR,Ciliated_epithelial
BD_immune03_407665,normal_MPR,normal_MPR,0.243122993674171,Unipotent,MPR,Tumor_epithelial_basal
BD_immune11_36226,Ciliated,Ciliated,0.0651215277397897,Differentiated,MPR,Ciliated_epithelial
BD_immune15_760103,Ciliated,Ciliated,0.110804467246727,Differentiated,NMPR,Ciliated_epithelial
BD_immune03_735829,normal_MPR,normal_MPR,0.118737019352236,Differentiated,MPR,Tumor_epithelial_basal
BD_immune03_697938,normal_MPR,normal_MPR,0.113559209740216,Differentiated,MPR,Tumor_epithelial_basal
BD_immune07_219480,normal_NMPR,normal_NMPR,0.0453283323739674,Differentiated,NMPR,Tumor_epithelial_AT2
BD_immune07_656927,normal_NMPR,normal_NMPR,0.0640363916741331,Differentiated,NMPR,Tumor_epithelial_AT2
BD_immune05_28083,normal_NMPR,EMT_NMPR,0.134232391810974,Differentiated,NMPR,Tumor_epithelial_EMT
BD_immune05_777709,normal_NMPR,EMT_NMPR,0.0766635639457643,Differentiated,NMPR,Tumor_epithelial_EMT
BD_immune11_34677,Ciliated,Ciliated,0.0520429902196583,Differentiated,MPR,Ciliated_epithelial
BD_immune11_702976,Ciliated,Ciliated,0.0939255593784841,Differentiated,MPR,Ciliated_epithelial
BD_immune12_198292,normal_NMPR,EMT_NMPR,0.112018334809631,Differentiated,NMPR,Tumor_epithelial_EMT
BD_immune05_296004,normal_NMPR,EMT_NMPR,0.0476410573419433,Differentiated,NMPR,Tumor_epithelial_EMT
BD_immune05_31470,normal_NMPR,EMT_NMPR,0.145891974733516,Differentiated,NMPR,Tumor_epithelial_EMT
BD_immune05_761571,normal_NMPR,EMT_NMPR,0.0614771305541221,Differentiated,NMPR,Tumor_epithelial_EMT
BD_immune05_131288,normal_NMPR,EMT_NMPR,0.0638896903958065,Differentiated,NMPR,Tumor_epithelial_EMT
BD_immune05_625899,normal_NMPR,EMT_NMPR,0.0629628161493339,Differentiated,NMPR,Tumor_epithelial_EMT
BD_immune05_95186,normal_NMPR,EMT_NMPR,0.141496914743395,Differentiated,NMPR,Tumor_epithelial_EMT
BD_immune05_629931,normal_NMPR,EMT_NMPR,0.0620836780976235,Differentiated,NMPR,Tumor_epithelial_EMT
BD_immune05_432187,normal_NMPR,EMT_NMPR,0.0444665095367339,Differentiated,NMPR,Tumor_epithelial_EMT
BD_immune05_179317,normal_NMPR,EMT_NMPR,0.0602819772728294,Differentiated,NMPR,Tumor_epithelial_EMT
BD_immune05_202240,normal_NMPR,EMT_NMPR,0.0763200564608174,Differentiated,NMPR,Tumor_epithelial_EMT
BD_immune05_69515,normal_NMPR,EMT_NMPR,0.065930709599304,Differentiated,NMPR,Tumor_epithelial_EMT
BD_immune05_608889,normal_NMPR,EMT_NMPR,0.076181026148431,Differentiated,NMPR,Tumor_epithelial_EMT
BD_immune05_642828,normal_NMPR,EMT_NMPR,0.0590496160503438,Differentiated,NMPR,Tumor_epithelial_EMT
BD_immune05_426455,normal_NMPR,EMT_NMPR,0.060661966165453,Differentiated,NMPR,Tumor_epithelial_EMT
BD_immune05_251084,normal_NMPR,EMT_NMPR,0.0358843713547221,Differentiated,NMPR,Tumor_epithelial_EMT
BD_immune05_584678,normal_NMPR,EMT_NMPR,0.0620977946456296,Differentiated,NMPR,Tumor_epithelial_EMT
BD_immune05_751758,normal_NMPR,EMT_NMPR,0.0621215366070274,Differentiated,NMPR,Tumor_epithelial_EMT
BD_immune05_544605,normal_NMPR,EMT_NMPR,0.0331276923913315,Differentiated,NMPR,Tumor_epithelial_EMT
BD_immune05_152294,normal_NMPR,EMT_NMPR,0.0619412945513031,Differentiated,NMPR,Tumor_epithelial_EMT
BD_immune11_248823,Ciliated,Ciliated,0.0552827460247054,Differentiated,MPR,Ciliated_epithelial
BD_immune12_612241,Ciliated,Ciliated,0.0409654068525163,Differentiated,NMPR,Ciliated_epithelial
BD_immune15_566461,Ciliated,Ciliated,0.0344805989849858,Differentiated,NMPR,Ciliated_epithelial
BD_immune15_282771,Ciliated,Ciliated,0.0356100201362583,Differentiated,NMPR,Ciliated_epithelial
BD_immune15_595835,Ciliated,Ciliated,0.0500185539999656,Differentiated,NMPR,Ciliated_epithelial
BD_immune15_854328,Ciliated,Ciliated,0.0433568235586233,Differentiated,NMPR,Ciliated_epithelial
BD_immune02_255160,normal_NMPR,normal_NMPR,0.0651711374993348,Differentiated,NMPR,Tumor_epithelial_AT2
BD_immune02_458665,normal_NMPR,normal_NMPR,0.0845288924468535,Differentiated,NMPR,Tumor_epithelial_AT2
BD_immune02_841503,Ciliated,Ciliated,0.0837303054998913,Differentiated,NMPR,Ciliated_epithelial
BD_immune02_650062,Ciliated,Ciliated,0.0241644234800877,Differentiated,NMPR,Ciliated_epithelial
BD_immune02_63353,normal_NMPR,normal_NMPR,0.0983023270363095,Differentiated,NMPR,Tumor_epithelial_AT2
BD_immune02_809518,normal_NMPR,normal_NMPR,0.108071824840976,Differentiated,NMPR,Tumor_epithelial_AT2
BD_immune02_332007,normal_NMPR,normal_NMPR,0.0879786533351052,Differentiated,NMPR,Tumor_epithelial_AT2
BD_immune02_547733,normal_NMPR,normal_NMPR,0.074879151725493,Differentiated,NMPR,Tumor_epithelial_AT2
BD_immune02_52620,normal_NMPR,normal_NMPR,0.0840359507801866,Differentiated,NMPR,Tumor_epithelial_AT2
BD_immune02_580235,Ciliated,Ciliated,0.0458568761124477,Differentiated,NMPR,Ciliated_epithelial
BD_immune02_150648,normal_NMPR,normal_NMPR,0.0546087756509306,Differentiated,NMPR,Tumor_epithelial_AT2
BD_immune02_299979,normal_NMPR,normal_NMPR,0.0575738739418839,Differentiated,NMPR,Tumor_epithelial_AT2
BD_immune02_419615,normal_NMPR,normal_NMPR,0.0901496913279238,Differentiated,NMPR,Tumor_epithelial_AT2
BD_immune02_772522,normal_NMPR,normal_NMPR,0.102698548461794,Differentiated,NMPR,Tumor_epithelial_AT2
BD_immune02_277584,Ciliated,Ciliated,0.0842253482154229,Differentiated,NMPR,Ciliated_epithelial
BD_immune02_664521,normal_NMPR,normal_NMPR,0.0485014284119994,Differentiated,NMPR,Tumor_epithelial_AT2
BD_immune02_366892,normal_NMPR,normal_NMPR,0.152611875243702,Differentiated,NMPR,Tumor_epithelial_AT2
BD_immune02_226455,normal_NMPR,normal_NMPR,0.10007918402604,Differentiated,NMPR,Tumor_epithelial_AT2
BD_immune02_827779,normal_NMPR,normal_NMPR,0.0438942081792042,Differentiated,NMPR,Tumor_epithelial_AT2
BD_immune02_371328,normal_NMPR,normal_NMPR,0.0232806050830899,Differentiated,NMPR,Tumor_epithelial_AT2
BD_immune02_232307,normal_NMPR,normal_NMPR,0.05291041858104,Differentiated,NMPR,Tumor_epithelial_AT2
BD_immune02_415089,normal_NMPR,normal_NMPR,0.0690334616055916,Differentiated,NMPR,Tumor_epithelial_AT2
BD_immune02_634340,Ciliated,Ciliated,0.0985962099428419,Differentiated,NMPR,Ciliated_epithelial
BD_immune02_73791,Ciliated,Ciliated,0.0683084779170571,Differentiated,NMPR,Ciliated_epithelial
BD_immune02_877298,normal_NMPR,normal_NMPR,0.0100631958539788,Differentiated,NMPR,Tumor_epithelial_AT2
BD_immune02_835239,normal_NMPR,normal_NMPR,0.0230819094308729,Differentiated,NMPR,Tumor_epithelial_AT2
BD_immune02_598462,normal_NMPR,normal_NMPR,0.108032830069805,Differentiated,NMPR,Tumor_epithelial_AT2
BD_immune02_541043,normal_NMPR,normal_NMPR,0.0701311419952822,Differentiated,NMPR,Tumor_epithelial_AT2
BD_immune02_435522,normal_NMPR,normal_NMPR,0.111825958831215,Differentiated,NMPR,Tumor_epithelial_AT2
BD_immune02_342916,Ciliated,Ciliated,0.127160261609193,Differentiated,NMPR,Ciliated_epithelial
BD_immune02_68237,normal_NMPR,normal_NMPR,0.065953475547791,Differentiated,NMPR,Tumor_epithelial_AT2
BD_immune02_688149,normal_NMPR,normal_NMPR,0.0527115530845793,Differentiated,NMPR,Tumor_epithelial_AT2
BD_immune02_350647,normal_NMPR,normal_NMPR,0.0397276500404731,Differentiated,NMPR,Tumor_epithelial_AT2
BD_immune02_838837,normal_NMPR,normal_NMPR,0.106246270871261,Differentiated,NMPR,Tumor_epithelial_AT2
BD_immune02_810235,normal_NMPR,normal_NMPR,0.0923711389994978,Differentiated,NMPR,Tumor_epithelial_AT2
BD_immune02_718013,normal_NMPR,normal_NMPR,0.0649465106443869,Differentiated,NMPR,Tumor_epithelial_AT2
BD_immune02_290626,normal_NMPR,normal_NMPR,0.1097500420104,Differentiated,NMPR,Tumor_epithelial_AT2
BD_immune02_707297,normal_NMPR,normal_NMPR,0.0576931252258311,Differentiated,NMPR,Tumor_epithelial_AT2
BD_immune02_208136,normal_NMPR,normal_NMPR,0.0670640907043587,Differentiated,NMPR,Tumor_epithelial_AT2
BD_immune02_15844,normal_NMPR,normal_NMPR,0.0794964720791006,Differentiated,NMPR,Tumor_epithelial_AT2
BD_immune02_147763,normal_NMPR,normal_NMPR,0.0748667892289238,Differentiated,NMPR,Tumor_epithelial_AT2
BD_immune02_168002,normal_NMPR,normal_NMPR,0.0816012342116203,Differentiated,NMPR,Tumor_epithelial_AT2
BD_immune02_137372,normal_NMPR,normal_NMPR,0.0498816570685464,Differentiated,NMPR,Tumor_epithelial_AT2
BD_immune02_195368,normal_NMPR,normal_NMPR,0.0551684459437608,Differentiated,NMPR,Tumor_epithelial_AT2
BD_immune02_858231,normal_NMPR,normal_NMPR,0.055167299645597,Differentiated,NMPR,Tumor_epithelial_AT2
BD_immune02_223368,normal_NMPR,normal_NMPR,0.137186251871364,Differentiated,NMPR,Tumor_epithelial_AT2
BD_immune02_522966,normal_NMPR,normal_NMPR,0.0628346215985468,Differentiated,NMPR,Tumor_epithelial_AT2
BD_immune02_542100,normal_NMPR,normal_NMPR,0.0686697141362756,Differentiated,NMPR,Tumor_epithelial_AT2
BD_immune02_796018,normal_NMPR,normal_NMPR,0.0901917394360335,Differentiated,NMPR,Tumor_epithelial_AT2
BD_immune02_566454,normal_NMPR,normal_NMPR,0.159135001726267,Differentiated,NMPR,Tumor_epithelial_AT2
BD_immune02_163944,normal_NMPR,normal_NMPR,0.0381226026745412,Differentiated,NMPR,Tumor_epithelial_AT2
BD_immune02_750020,normal_NMPR,normal_NMPR,0.0766577736844464,Differentiated,NMPR,Tumor_epithelial_AT2
BD_immune02_377618,normal_NMPR,normal_NMPR,0.0459752765432364,Differentiated,NMPR,Tumor_epithelial_AT2
BD_immune02_342459,normal_NMPR,normal_NMPR,0.0637244687859404,Differentiated,NMPR,Tumor_epithelial_AT2
BD_immune02_363556,normal_NMPR,normal_NMPR,0.0667947292247143,Differentiated,NMPR,Tumor_epithelial_AT2
BD_immune02_430306,normal_NMPR,normal_NMPR,0.0208964845344621,Differentiated,NMPR,Tumor_epithelial_AT2
BD_immune02_168064,normal_NMPR,normal_NMPR,0.040435882582049,Differentiated,NMPR,Tumor_epithelial_AT2
BD_immune02_790283,normal_NMPR,normal_NMPR,0.156116397457082,Differentiated,NMPR,Tumor_epithelial_AT2
BD_immune02_842539,normal_NMPR,normal_NMPR,0.196637191278796,Unipotent,NMPR,Tumor_epithelial_AT2
BD_immune02_619650,normal_NMPR,normal_NMPR,0.0405193729009083,Differentiated,NMPR,Tumor_epithelial_AT2
BD_immune02_794462,normal_NMPR,normal_NMPR,0.0490660008577835,Differentiated,NMPR,Tumor_epithelial_AT2
BD_immune02_200484,normal_NMPR,normal_NMPR,0.112218686708646,Differentiated,NMPR,Tumor_epithelial_AT2
BD_immune02_600452,normal_NMPR,normal_NMPR,0.0476370143740677,Differentiated,NMPR,Tumor_epithelial_AT2
BD_immune02_670194,normal_NMPR,normal_NMPR,0.131968444428367,Differentiated,NMPR,Tumor_epithelial_AT2
BD_immune02_295023,normal_NMPR,normal_NMPR,0.0738391177386334,Differentiated,NMPR,Tumor_epithelial_AT2
BD_immune02_675622,normal_NMPR,normal_NMPR,0.0936289914815107,Differentiated,NMPR,Tumor_epithelial_AT2
BD_immune02_100732,normal_NMPR,normal_NMPR,0.0406567826701196,Differentiated,NMPR,Tumor_epithelial_AT2
BD_immune02_105374,normal_NMPR,normal_NMPR,0.134422114036368,Differentiated,NMPR,Tumor_epithelial_AT2
BD_immune02_786513,normal_NMPR,normal_NMPR,0.12072371424268,Differentiated,NMPR,Tumor_epithelial_AT2
BD_immune02_271388,normal_NMPR,normal_NMPR,0.0401518357985247,Differentiated,NMPR,Tumor_epithelial_AT2
BD_immune02_277424,normal_NMPR,normal_NMPR,0.102125500836739,Differentiated,NMPR,Tumor_epithelial_AT2
BD_immune02_180961,normal_NMPR,normal_NMPR,0.0877777104585387,Differentiated,NMPR,Tumor_epithelial_AT2
BD_immune02_83855,normal_NMPR,normal_NMPR,0.129322086812592,Differentiated,NMPR,Tumor_epithelial_AT2
BD_immune02_800352,normal_NMPR,normal_NMPR,0.131937156092132,Differentiated,NMPR,Tumor_epithelial_AT2
BD_immune02_707662,normal_NMPR,normal_NMPR,0.0456012856978909,Differentiated,NMPR,Tumor_epithelial_AT2
BD_immune02_328604,normal_NMPR,normal_NMPR,0.0786707168188887,Differentiated,NMPR,Tumor_epithelial_AT2
BD_immune02_369022,normal_NMPR,normal_NMPR,0.145819853004254,Differentiated,NMPR,Tumor_epithelial_AT2
BD_immune02_121536,normal_NMPR,normal_NMPR,0.132282154557833,Differentiated,NMPR,Tumor_epithelial_AT2
BD_immune02_173791,normal_NMPR,normal_NMPR,0.078849210282523,Differentiated,NMPR,Tumor_epithelial_AT2
BD_immune02_578005,normal_NMPR,normal_NMPR,0.086792562139787,Differentiated,NMPR,Tumor_epithelial_AT2
BD_immune02_155705,normal_NMPR,normal_NMPR,0.112116605681421,Differentiated,NMPR,Tumor_epithelial_AT2
BD_immune02_834876,normal_NMPR,normal_NMPR,0.140917496512157,Differentiated,NMPR,Tumor_epithelial_AT2
BD_immune02_444935,normal_NMPR,normal_NMPR,0.10586444698114,Differentiated,NMPR,Tumor_epithelial_AT2
BD_immune02_555298,normal_NMPR,normal_NMPR,0.117153910400381,Differentiated,NMPR,Tumor_epithelial_AT2
BD_immune02_716126,normal_NMPR,normal_NMPR,0.0929032608920557,Differentiated,NMPR,Tumor_epithelial_AT2
BD_immune02_321671,normal_NMPR,normal_NMPR,0.0978726674930706,Differentiated,NMPR,Tumor_epithelial_AT2
BD_immune02_143160,normal_NMPR,normal_NMPR,0.094828937540317,Differentiated,NMPR,Tumor_epithelial_AT2
BD_immune02_162143,normal_NMPR,normal_NMPR,0.0821913047561736,Differentiated,NMPR,Tumor_epithelial_AT2
BD_immune02_642494,,,0.129691882980678,Differentiated,NMPR,Tumor_epithelial_AT2
BD_immune02_13866,Ciliated,Ciliated,0.0169496144630491,Differentiated,NMPR,Ciliated_epithelial
BD_immune02_571486,Ciliated,Ciliated,0.039907957205665,Differentiated,NMPR,Ciliated_epithelial
BD_immune02_810346,normal_NMPR,normal_NMPR,0.103617295898647,Differentiated,NMPR,Tumor_epithelial_AT2
BD_immune02_427285,normal_NMPR,normal_NMPR,0.0449602484576384,Differentiated,NMPR,Tumor_epithelial_AT2
BD_immune02_458992,normal_NMPR,normal_NMPR,0.0495973669142344,Differentiated,NMPR,Tumor_epithelial_AT2
BD_immune02_401551,normal_NMPR,normal_NMPR,0.0292341508014711,Differentiated,NMPR,Tumor_epithelial_AT2
BD_immune02_13423,,,0.0991935342464062,Differentiated,NMPR,Tumor_epithelial_AT2
BD_immune02_179190,,,0.132056414812245,Differentiated,NMPR,Tumor_epithelial_AT2
BD_immune02_399843,normal_NMPR,normal_NMPR,0.0681213668587007,Differentiated,NMPR,Tumor_epithelial_AT2
BD_immune02_226574,normal_NMPR,normal_NMPR,0.0368267889120624,Differentiated,NMPR,Tumor_epithelial_AT2
BD_immune02_671107,normal_NMPR,normal_NMPR,0.0619620019096744,Differentiated,NMPR,Tumor_epithelial_AT2
BD_immune02_299189,normal_NMPR,normal_NMPR,0.110813257620995,Differentiated,NMPR,Tumor_epithelial_AT2
BD_immune02_34476,normal_NMPR,normal_NMPR,0.0723199112038667,Differentiated,NMPR,Tumor_epithelial_AT2
BD_immune02_505427,normal_NMPR,normal_NMPR,0.0704061948314363,Differentiated,NMPR,Tumor_epithelial_AT2
BD_immune02_29691,,,0.0852464683453441,Differentiated,NMPR,Tumor_epithelial_AT2
BD_immune02_692902,normal_NMPR,normal_NMPR,0.122219613856969,Differentiated,NMPR,Tumor_epithelial_AT2
BD_immune02_513053,normal_NMPR,normal_NMPR,0.0473950990560419,Differentiated,NMPR,Tumor_epithelial_AT2
BD_immune02_160660,normal_NMPR,normal_NMPR,0.0433394433284329,Differentiated,NMPR,Tumor_epithelial_AT2
BD_immune02_755957,normal_NMPR,normal_NMPR,0.123000933823975,Differentiated,NMPR,Tumor_epithelial_AT2
BD_immune02_196980,,,0.0876039222694073,Differentiated,NMPR,Tumor_epithelial_AT2
BD_immune02_364820,normal_NMPR,normal_NMPR,0.105453007801716,Differentiated,NMPR,Tumor_epithelial_AT2
BD_immune02_666214,,,0.041591818752156,Differentiated,NMPR,Tumor_epithelial_AT2
BD_immune02_459632,normal_NMPR,normal_NMPR,0.0615681542493779,Differentiated,NMPR,Tumor_epithelial_AT2
BD_immune02_30921,,,0.102108438052757,Differentiated,NMPR,Tumor_epithelial_AT2
BD_immune02_818585,,,0.0284515059868842,Differentiated,NMPR,Tumor_epithelial_AT2
BD_immune02_335965,Ciliated,Ciliated,0.0490507678870803,Differentiated,NMPR,Ciliated_epithelial
BD_immune02_434151,normal_NMPR,normal_NMPR,0.0582536441940981,Differentiated,NMPR,Tumor_epithelial_AT2
BD_immune02_38291,,,0.0495716572735006,Differentiated,NMPR,Tumor_epithelial_AT2
BD_immune02_200787,,,0.0441085417292376,Differentiated,NMPR,Tumor_epithelial_AT2
BD_immune02_538017,,,0.175709510870312,Unipotent,NMPR,Tumor_epithelial_AT2
BD_immune02_794734,,,0.0410940269948821,Differentiated,NMPR,Tumor_epithelial_AT2
BD_immune02_329174,normal_NMPR,normal_NMPR,0.0423058936653302,Differentiated,NMPR,Tumor_epithelial_AT2
BD_immune02_679749,,,0.0502460798098685,Differentiated,NMPR,Tumor_epithelial_AT2
BD_immune02_492247,,,0.040490748894517,Differentiated,NMPR,Tumor_epithelial_AT2
BD_immune02_566281,,,0.0612131424827873,Differentiated,NMPR,Tumor_epithelial_AT2
BD_immune02_319195,,,0.125848937907439,Differentiated,NMPR,Tumor_epithelial_AT2
BD_immune02_215688,,,0.0386342052416473,Differentiated,NMPR,Tumor_epithelial_AT2
BD_immune02_615347,normal_NMPR,normal_NMPR,0.0994242902108504,Differentiated,NMPR,Tumor_epithelial_AT2
BD_immune02_746610,,,0.0418165862446487,Differentiated,NMPR,Tumor_epithelial_AT2
BD_immune03_3335,tumor_MPR,tumor_MPR,0.335417825787798,Oligopotent,MPR,Tumor_epithelial_basal
BD_immune03_641120,tumor_MPR,tumor_MPR,0.437910534696503,Oligopotent,MPR,Tumor_epithelial_basal
BD_immune03_698551,tumor_MPR,tumor_MPR,0.439102971072696,Oligopotent,MPR,Tumor_epithelial_basal
BD_immune03_167147,tumor_MPR,tumor_MPR,0.429384018061101,Oligopotent,MPR,Tumor_epithelial_basal
BD_immune03_800426,tumor_MPR,tumor_MPR,0.531991594315925,Multipotent,MPR,Tumor_epithelial_basal
BD_immune03_75258,tumor_MPR,tumor_MPR,0.614900590997706,Multipotent,MPR,Tumor_epithelial_basal
BD_immune03_675453,tumor_MPR,tumor_MPR,0.616777412978903,Multipotent,MPR,Tumor_epithelial_basal
BD_immune03_25130,tumor_MPR,tumor_MPR,0.569016107794653,Multipotent,MPR,Tumor_epithelial_basal
BD_immune03_522163,tumor_MPR,tumor_MPR,0.60896622213291,Multipotent,MPR,Tumor_epithelial_basal
BD_immune03_477890,tumor_MPR,tumor_MPR,0.601462344548531,Multipotent,MPR,Tumor_epithelial_basal
BD_immune03_650851,tumor_MPR,tumor_MPR,0.582728442117931,Multipotent,MPR,Tumor_epithelial_basal
BD_immune03_748968,tumor_MPR,tumor_MPR,0.486495450242901,Oligopotent,MPR,Tumor_epithelial_basal
BD_immune03_156584,tumor_MPR,tumor_MPR,0.478020121053221,Oligopotent,MPR,Tumor_epithelial_basal
BD_immune03_433327,tumor_MPR,tumor_MPR,0.463665462488322,Oligopotent,MPR,Tumor_epithelial_basal
BD_immune03_75025,tumor_MPR,tumor_MPR,0.652796867939157,Multipotent,MPR,Tumor_epithelial_basal
BD_immune03_639848,tumor_MPR,tumor_MPR,0.501365659121004,Multipotent,MPR,Tumor_epithelial_basal
BD_immune03_826935,tumor_MPR,tumor_MPR,0.628639206136951,Multipotent,MPR,Tumor_epithelial_basal
BD_immune03_828252,tumor_MPR,tumor_MPR,0.561269567172561,Multipotent,MPR,Tumor_epithelial_basal
BD_immune03_729777,tumor_MPR,tumor_MPR,0.659635042046085,Multipotent,MPR,Tumor_epithelial_basal
BD_immune03_766555,tumor_MPR,tumor_MPR,0.595602290362057,Multipotent,MPR,Tumor_epithelial_basal
BD_immune03_272469,tumor_MPR,tumor_MPR,0.645604302289448,Multipotent,MPR,Tumor_epithelial_basal
BD_immune03_656489,tumor_MPR,tumor_MPR,0.641101062145135,Multipotent,MPR,Tumor_epithelial_basal
BD_immune03_690144,tumor_MPR,tumor_MPR,0.464218282084859,Oligopotent,MPR,Tumor_epithelial_basal
BD_immune03_184086,tumor_MPR,tumor_MPR,0.652062862476408,Multipotent,MPR,Tumor_epithelial_basal
BD_immune03_701380,tumor_MPR,tumor_MPR,0.607175314342929,Multipotent,MPR,Tumor_epithelial_basal
BD_immune03_158016,tumor_MPR,tumor_MPR,0.642637860136187,Multipotent,MPR,Tumor_epithelial_basal
BD_immune03_36581,tumor_MPR,tumor_MPR,0.644467501921237,Multipotent,MPR,Tumor_epithelial_basal
BD_immune03_189314,tumor_MPR,tumor_MPR,0.54240779039388,Multipotent,MPR,Tumor_epithelial_basal
BD_immune03_715860,tumor_MPR,tumor_MPR,0.479545805741403,Oligopotent,MPR,Tumor_epithelial_basal
BD_immune03_839739,tumor_MPR,tumor_MPR,0.49012959687589,Oligopotent,MPR,Tumor_epithelial_basal
BD_immune03_433772,tumor_MPR,tumor_MPR,0.444978092376647,Oligopotent,MPR,Tumor_epithelial_basal
BD_immune03_626125,tumor_MPR,tumor_MPR,0.550775658481081,Multipotent,MPR,Tumor_epithelial_basal
BD_immune03_570833,tumor_MPR,tumor_MPR,0.640098972774979,Multipotent,MPR,Tumor_epithelial_basal
BD_immune03_739370,tumor_MPR,tumor_MPR,0.588809917874761,Multipotent,MPR,Tumor_epithelial_basal
BD_immune03_171439,tumor_MPR,tumor_MPR,0.608657379277874,Multipotent,MPR,Tumor_epithelial_basal
BD_immune03_53055,tumor_MPR,tumor_MPR,0.600269955744626,Multipotent,MPR,Tumor_epithelial_basal
BD_immune03_417908,tumor_MPR,tumor_MPR,0.577634061698073,Multipotent,MPR,Tumor_epithelial_basal
BD_immune03_763414,tumor_MPR,tumor_MPR,0.525426110899054,Multipotent,MPR,Tumor_epithelial_basal
BD_immune03_406131,tumor_MPR,tumor_MPR,0.589589663551184,Multipotent,MPR,Tumor_epithelial_basal
BD_immune03_293417,tumor_MPR,tumor_MPR,0.650191058475179,Multipotent,MPR,Tumor_epithelial_basal
BD_immune03_533018,tumor_MPR,tumor_MPR,0.611677145904939,Multipotent,MPR,Tumor_epithelial_basal
BD_immune03_524375,tumor_MPR,tumor_MPR,0.616041389833929,Multipotent,MPR,Tumor_epithelial_basal
BD_immune03_549332,tumor_MPR,tumor_MPR,0.637958980296836,Multipotent,MPR,Tumor_epithelial_basal
BD_immune03_858105,tumor_MPR,tumor_MPR,0.619562330971892,Multipotent,MPR,Tumor_epithelial_basal
BD_immune03_225707,tumor_MPR,tumor_MPR,0.649587112203211,Multipotent,MPR,Tumor_epithelial_basal
BD_immune03_191446,tumor_MPR,tumor_MPR,0.623113483866628,Multipotent,MPR,Tumor_epithelial_basal
BD_immune03_243390,tumor_MPR,tumor_MPR,0.579339235323686,Multipotent,MPR,Tumor_epithelial_basal
BD_immune03_235756,tumor_MPR,tumor_MPR,0.456004406691068,Oligopotent,MPR,Tumor_epithelial_basal
BD_immune03_795329,tumor_MPR,tumor_MPR,0.562130887641087,Multipotent,MPR,Tumor_epithelial_basal
BD_immune03_176164,tumor_MPR,tumor_MPR,0.540359448178272,Multipotent,MPR,Tumor_epithelial_basal
BD_immune03_720595,tumor_MPR,tumor_MPR,0.583292162260224,Multipotent,MPR,Tumor_epithelial_basal
BD_immune03_359594,tumor_MPR,tumor_MPR,0.516841145422378,Multipotent,MPR,Tumor_epithelial_basal
BD_immune03_496837,tumor_MPR,tumor_MPR,0.557573922226452,Multipotent,MPR,Tumor_epithelial_basal
BD_immune03_42199,tumor_MPR,tumor_MPR,0.640194283876395,Multipotent,MPR,Tumor_epithelial_basal
BD_immune03_129296,tumor_MPR,tumor_MPR,0.610206215202746,Multipotent,MPR,Tumor_epithelial_basal
BD_immune03_111892,tumor_MPR,tumor_MPR,0.603841607231389,Multipotent,MPR,Tumor_epithelial_basal
BD_immune03_254462,tumor_MPR,tumor_MPR,0.615592028016472,Multipotent,MPR,Tumor_epithelial_basal
BD_immune03_19479,tumor_MPR,tumor_MPR,0.610787306917199,Multipotent,MPR,Tumor_epithelial_basal
BD_immune03_102028,tumor_MPR,tumor_MPR,0.596601146276468,Multipotent,MPR,Tumor_epithelial_basal
BD_immune03_507453,tumor_MPR,tumor_MPR,0.582927981163656,Multipotent,MPR,Tumor_epithelial_basal
BD_immune03_754925,tumor_MPR,tumor_MPR,0.569098827530305,Multipotent,MPR,Tumor_epithelial_basal
BD_immune03_202811,tumor_MPR,tumor_MPR,0.598966031634269,Multipotent,MPR,Tumor_epithelial_basal
BD_immune03_5010,tumor_MPR,tumor_MPR,0.643821188359907,Multipotent,MPR,Tumor_epithelial_basal
BD_immune03_30499,tumor_MPR,tumor_MPR,0.451248250476417,Oligopotent,MPR,Tumor_epithelial_basal
BD_immune03_466041,tumor_MPR,tumor_MPR,0.649850076618762,Multipotent,MPR,Tumor_epithelial_basal
BD_immune03_481375,tumor_MPR,tumor_MPR,0.608136679359877,Multipotent,MPR,Tumor_epithelial_basal
BD_immune03_760505,tumor_MPR,tumor_MPR,0.620062041035766,Multipotent,MPR,Tumor_epithelial_basal
BD_immune03_378383,tumor_MPR,tumor_MPR,0.527796863463688,Multipotent,MPR,Tumor_epithelial_basal
BD_immune03_229120,tumor_MPR,tumor_MPR,0.614491058226333,Multipotent,MPR,Tumor_epithelial_basal
BD_immune03_299571,tumor_MPR,tumor_MPR,0.490742191677265,Oligopotent,MPR,Tumor_epithelial_basal
BD_immune03_795970,tumor_MPR,tumor_MPR,0.640013114484584,Multipotent,MPR,Tumor_epithelial_basal
BD_immune03_8645,tumor_MPR,tumor_MPR,0.62847258902361,Multipotent,MPR,Tumor_epithelial_basal
BD_immune03_774942,tumor_MPR,tumor_MPR,0.524189812434565,Multipotent,MPR,Tumor_epithelial_basal
BD_immune03_720319,tumor_MPR,tumor_MPR,0.46490592557409,Oligopotent,MPR,Tumor_epithelial_basal
BD_immune03_213902,tumor_MPR,tumor_MPR,0.454203255813482,Oligopotent,MPR,Tumor_epithelial_basal
BD_immune03_766788,tumor_MPR,tumor_MPR,0.539392389530853,Multipotent,MPR,Tumor_epithelial_basal
BD_immune03_718736,tumor_MPR,tumor_MPR,0.483429423767187,Oligopotent,MPR,Tumor_epithelial_basal
BD_immune03_682803,tumor_MPR,tumor_MPR,0.634691715160651,Multipotent,MPR,Tumor_epithelial_basal
BD_immune03_152880,tumor_MPR,tumor_MPR,0.563164531649065,Multipotent,MPR,Tumor_epithelial_basal
BD_immune03_839808,tumor_MPR,tumor_MPR,0.629389327014255,Multipotent,MPR,Tumor_epithelial_basal
BD_immune03_400911,tumor_MPR,tumor_MPR,0.647842554488011,Multipotent,MPR,Tumor_epithelial_basal
BD_immune03_722995,tumor_MPR,tumor_MPR,0.548173001517422,Multipotent,MPR,Tumor_epithelial_basal
BD_immune03_637638,tumor_MPR,tumor_MPR,0.636046998395409,Multipotent,MPR,Tumor_epithelial_basal
BD_immune03_72396,tumor_MPR,tumor_MPR,0.655941510108618,Multipotent,MPR,Tumor_epithelial_basal
BD_immune03_782223,tumor_MPR,tumor_MPR,0.662610606721642,Multipotent,MPR,Tumor_epithelial_basal
BD_immune03_696126,tumor_MPR,tumor_MPR,0.651356233962716,Multipotent,MPR,Tumor_epithelial_basal
BD_immune03_592931,tumor_MPR,tumor_MPR,0.625251749678384,Multipotent,MPR,Tumor_epithelial_basal
BD_immune03_492992,tumor_MPR,tumor_MPR,0.552071138431457,Multipotent,MPR,Tumor_epithelial_basal
BD_immune03_317995,normal_MPR,normal_MPR,0.101474318514684,Differentiated,MPR,Tumor_epithelial_AT2
BD_immune03_525157,tumor_MPR,tumor_MPR,0.514707330188561,Multipotent,MPR,Tumor_epithelial_basal
BD_immune03_170978,tumor_MPR,tumor_MPR,0.574518982362629,Multipotent,MPR,Tumor_epithelial_basal
BD_immune03_789637,tumor_MPR,tumor_MPR,0.61569238169136,Multipotent,MPR,Tumor_epithelial_basal
BD_immune03_729828,tumor_MPR,tumor_MPR,0.643756196038263,Multipotent,MPR,Tumor_epithelial_basal
BD_immune03_477067,tumor_MPR,tumor_MPR,0.511994559391638,Multipotent,MPR,Tumor_epithelial_basal
BD_immune03_400474,tumor_MPR,tumor_MPR,0.55893823487829,Multipotent,MPR,Tumor_epithelial_basal
BD_immune03_110517,tumor_MPR,tumor_MPR,0.660308933659544,Multipotent,MPR,Tumor_epithelial_basal
BD_immune03_211657,tumor_MPR,tumor_MPR,0.46780950755082,Oligopotent,MPR,Tumor_epithelial_basal
BD_immune03_612565,tumor_MPR,tumor_MPR,0.480025703156693,Oligopotent,MPR,Tumor_epithelial_basal
BD_immune03_709503,tumor_MPR,tumor_MPR,0.593037396353859,Multipotent,MPR,Tumor_epithelial_basal
BD_immune03_22409,tumor_MPR,tumor_MPR,0.428555416808411,Oligopotent,MPR,Tumor_epithelial_basal
BD_immune03_523217,tumor_MPR,tumor_MPR,0.645545514047553,Multipotent,MPR,Tumor_epithelial_basal
BD_immune03_45478,tumor_MPR,tumor_MPR,0.635270177847988,Multipotent,MPR,Tumor_epithelial_basal
BD_immune03_116393,tumor_MPR,tumor_MPR,0.55574861773821,Multipotent,MPR,Tumor_epithelial_basal
BD_immune03_86853,tumor_MPR,tumor_MPR,0.628947056014752,Multipotent,MPR,Tumor_epithelial_basal
BD_immune03_39021,tumor_MPR,tumor_MPR,0.654746630597444,Multipotent,MPR,Tumor_epithelial_basal
BD_immune03_775198,tumor_MPR,tumor_MPR,0.59953879798818,Multipotent,MPR,Tumor_epithelial_basal
BD_immune03_76497,tumor_MPR,tumor_MPR,0.522257549799347,Multipotent,MPR,Tumor_epithelial_basal
BD_immune03_313567,tumor_MPR,tumor_MPR,0.594000087539853,Multipotent,MPR,Tumor_epithelial_basal
BD_immune03_421629,tumor_MPR,tumor_MPR,0.613650730628485,Multipotent,MPR,Tumor_epithelial_basal
BD_immune03_596904,tumor_MPR,tumor_MPR,0.551802904489318,Multipotent,MPR,Tumor_epithelial_basal
BD_immune03_272116,tumor_MPR,tumor_MPR,0.614712239655075,Multipotent,MPR,Tumor_epithelial_basal
BD_immune03_371066,tumor_MPR,tumor_MPR,0.662373664030458,Multipotent,MPR,Tumor_epithelial_basal
BD_immune03_511504,tumor_MPR,tumor_MPR,0.637046480085918,Multipotent,MPR,Tumor_epithelial_basal
BD_immune03_583,tumor_MPR,tumor_MPR,0.655372524631395,Multipotent,MPR,Tumor_epithelial_basal
BD_immune03_151697,tumor_MPR,tumor_MPR,0.658278176320203,Multipotent,MPR,Tumor_epithelial_basal
BD_immune03_228470,tumor_MPR,tumor_MPR,0.642071725692489,Multipotent,MPR,Tumor_epithelial_basal
BD_immune03_518038,tumor_MPR,tumor_MPR,0.655168914882536,Multipotent,MPR,Tumor_epithelial_basal
BD_immune03_433481,tumor_MPR,tumor_MPR,0.58645460988259,Multipotent,MPR,Tumor_epithelial_basal
BD_immune03_433636,tumor_MPR,tumor_MPR,0.627800290812063,Multipotent,MPR,Tumor_epithelial_basal
BD_immune03_176798,tumor_MPR,tumor_MPR,0.52028463652405,Multipotent,MPR,Tumor_epithelial_basal
BD_immune03_477657,tumor_MPR,tumor_MPR,0.632972363843585,Multipotent,MPR,Tumor_epithelial_basal
BD_immune03_254107,tumor_MPR,tumor_MPR,0.61516148784031,Multipotent,MPR,Tumor_epithelial_basal
BD_immune03_7958,tumor_MPR,tumor_MPR,0.642527779140887,Multipotent,MPR,Tumor_epithelial_basal
BD_immune03_768533,tumor_MPR,tumor_MPR,0.626924814836121,Multipotent,MPR,Tumor_epithelial_basal
BD_immune03_279135,tumor_MPR,tumor_MPR,0.475426692498296,Oligopotent,MPR,Tumor_epithelial_basal
BD_immune03_176424,tumor_MPR,tumor_MPR,0.647340490556835,Multipotent,MPR,Tumor_epithelial_basal
BD_immune03_775566,tumor_MPR,tumor_MPR,0.585873131242001,Multipotent,MPR,Tumor_epithelial_basal
BD_immune03_378237,tumor_MPR,tumor_MPR,0.659634486915137,Multipotent,MPR,Tumor_epithelial_basal
BD_immune03_357376,tumor_MPR,tumor_MPR,0.626829328350571,Multipotent,MPR,Tumor_epithelial_basal
BD_immune03_30189,tumor_MPR,tumor_MPR,0.589728043042148,Multipotent,MPR,Tumor_epithelial_basal
BD_immune03_716888,tumor_MPR,tumor_MPR,0.451206719050116,Oligopotent,MPR,Tumor_epithelial_basal
BD_immune03_590688,tumor_MPR,tumor_MPR,0.634937695634272,Multipotent,MPR,Tumor_epithelial_basal
BD_immune03_610735,tumor_MPR,tumor_MPR,0.486206578876521,Oligopotent,MPR,Tumor_epithelial_basal
BD_immune03_752555,tumor_MPR,tumor_MPR,0.600884954030369,Multipotent,MPR,Tumor_epithelial_basal
BD_immune03_589227,tumor_MPR,tumor_MPR,0.639626790863516,Multipotent,MPR,Tumor_epithelial_basal
BD_immune03_483187,tumor_MPR,tumor_MPR,0.561883126221065,Multipotent,MPR,Tumor_epithelial_basal
BD_immune03_834490,tumor_MPR,tumor_MPR,0.556654833321869,Multipotent,MPR,Tumor_epithelial_basal
BD_immune03_698745,tumor_MPR,tumor_MPR,0.600870897843798,Multipotent,MPR,Tumor_epithelial_basal
BD_immune03_496313,tumor_MPR,tumor_MPR,0.650411138029063,Multipotent,MPR,Tumor_epithelial_basal
BD_immune03_761442,tumor_MPR,tumor_MPR,0.616701399765202,Multipotent,MPR,Tumor_epithelial_basal
BD_immune03_271536,tumor_MPR,tumor_MPR,0.595173940532646,Multipotent,MPR,Tumor_epithelial_basal
BD_immune03_562294,tumor_MPR,tumor_MPR,0.652748222986993,Multipotent,MPR,Tumor_epithelial_basal
BD_immune03_865367,tumor_MPR,tumor_MPR,0.553206628137049,Multipotent,MPR,Tumor_epithelial_basal
BD_immune03_783278,tumor_MPR,tumor_MPR,0.555007665212517,Multipotent,MPR,Tumor_epithelial_basal
BD_immune03_99581,tumor_MPR,tumor_MPR,0.64620247803624,Multipotent,MPR,Tumor_epithelial_basal
BD_immune03_566809,tumor_MPR,tumor_MPR,0.649661907660496,Multipotent,MPR,Tumor_epithelial_basal
BD_immune03_704037,tumor_MPR,tumor_MPR,0.641973852655538,Multipotent,MPR,Tumor_epithelial_basal
BD_immune03_54915,tumor_MPR,tumor_MPR,0.455405270986525,Oligopotent,MPR,Tumor_epithelial_basal
BD_immune03_815392,tumor_MPR,tumor_MPR,0.484858055004938,Oligopotent,MPR,Tumor_epithelial_basal
BD_immune03_117409,tumor_MPR,tumor_MPR,0.476286350077172,Oligopotent,MPR,Tumor_epithelial_basal
BD_immune03_21732,tumor_MPR,tumor_MPR,0.655281196811973,Multipotent,MPR,Tumor_epithelial_basal
BD_immune03_877845,tumor_MPR,tumor_MPR,0.616745898926037,Multipotent,MPR,Tumor_epithelial_basal
BD_immune03_546128,tumor_MPR,tumor_MPR,0.646576769044357,Multipotent,MPR,Tumor_epithelial_basal
BD_immune03_408890,tumor_MPR,tumor_MPR,0.656466417035394,Multipotent,MPR,Tumor_epithelial_basal
BD_immune03_613128,tumor_MPR,tumor_MPR,0.647954177521307,Multipotent,MPR,Tumor_epithelial_basal
BD_immune03_186757,tumor_MPR,tumor_MPR,0.521078624151672,Multipotent,MPR,Tumor_epithelial_basal
BD_immune03_756253,tumor_MPR,tumor_MPR,0.59136063324147,Multipotent,MPR,Tumor_epithelial_basal
BD_immune03_379009,tumor_MPR,tumor_MPR,0.651276066127438,Multipotent,MPR,Tumor_epithelial_basal
BD_immune03_78079,tumor_MPR,tumor_MPR,0.572081264063345,Multipotent,MPR,Tumor_epithelial_basal
BD_immune03_580559,tumor_MPR,tumor_MPR,0.430443915865791,Oligopotent,MPR,Tumor_epithelial_basal
BD_immune03_814459,tumor_MPR,tumor_MPR,0.545056392991116,Multipotent,MPR,Tumor_epithelial_basal
BD_immune03_442949,tumor_MPR,tumor_MPR,0.59064889009961,Multipotent,MPR,Tumor_epithelial_basal
BD_immune03_544928,tumor_MPR,tumor_MPR,0.647573283373366,Multipotent,MPR,Tumor_epithelial_basal
BD_immune03_498977,tumor_MPR,tumor_MPR,0.520123667951818,Multipotent,MPR,Tumor_epithelial_basal
BD_immune03_398582,tumor_MPR,tumor_MPR,0.458655149311956,Oligopotent,MPR,Tumor_epithelial_basal
BD_immune03_160487,tumor_MPR,tumor_MPR,0.59832890901589,Multipotent,MPR,Tumor_epithelial_basal
BD_immune03_65650,tumor_MPR,tumor_MPR,0.602955068154343,Multipotent,MPR,Tumor_epithelial_basal
BD_immune03_600454,tumor_MPR,tumor_MPR,0.593566251648845,Multipotent,MPR,Tumor_epithelial_basal
BD_immune03_733769,tumor_MPR,tumor_MPR,0.573850906773285,Multipotent,MPR,Tumor_epithelial_basal
BD_immune03_88761,tumor_MPR,tumor_MPR,0.596342751700601,Multipotent,MPR,Tumor_epithelial_basal
BD_immune03_146489,tumor_MPR,tumor_MPR,0.565544197766108,Multipotent,MPR,Tumor_epithelial_basal
BD_immune03_731730,tumor_MPR,tumor_MPR,0.640369823771648,Multipotent,MPR,Tumor_epithelial_basal
BD_immune03_176373,tumor_MPR,tumor_MPR,0.564858694571158,Multipotent,MPR,Tumor_epithelial_basal
BD_immune03_772544,tumor_MPR,tumor_MPR,0.623369237787304,Multipotent,MPR,Tumor_epithelial_basal
BD_immune03_658332,tumor_MPR,tumor_MPR,0.566212455769384,Multipotent,MPR,Tumor_epithelial_basal
BD_immune03_419838,tumor_MPR,tumor_MPR,0.565510074262865,Multipotent,MPR,Tumor_epithelial_basal
BD_immune03_357962,tumor_MPR,tumor_MPR,0.55172674087731,Multipotent,MPR,Tumor_epithelial_basal
BD_immune03_135864,tumor_MPR,tumor_MPR,0.557562617662963,Multipotent,MPR,Tumor_epithelial_basal
BD_immune03_671429,tumor_MPR,tumor_MPR,0.563276581965135,Multipotent,MPR,Tumor_epithelial_basal
BD_immune03_684812,tumor_MPR,tumor_MPR,0.638149866039532,Multipotent,MPR,Tumor_epithelial_basal
BD_immune03_500777,tumor_MPR,tumor_MPR,0.568092703559243,Multipotent,MPR,Tumor_epithelial_basal
BD_immune03_559234,tumor_MPR,tumor_MPR,0.572334878561235,Multipotent,MPR,Tumor_epithelial_basal
BD_immune03_814409,tumor_MPR,tumor_MPR,0.619654984952548,Multipotent,MPR,Tumor_epithelial_basal
BD_immune03_811833,tumor_MPR,tumor_MPR,0.583094554033569,Multipotent,MPR,Tumor_epithelial_basal
BD_immune03_50086,normal_MPR,normal_MPR,0.0916258372329595,Differentiated,MPR,Tumor_epithelial_AT2
BD_immune03_549757,tumor_MPR,tumor_MPR,0.564852706605402,Multipotent,MPR,Tumor_epithelial_basal
BD_immune03_148871,tumor_MPR,tumor_MPR,0.592591482308062,Multipotent,MPR,Tumor_epithelial_basal
BD_immune03_483762,tumor_MPR,tumor_MPR,0.606917875468098,Multipotent,MPR,Tumor_epithelial_basal
BD_immune03_875430,tumor_MPR,tumor_MPR,0.627785809620242,Multipotent,MPR,Tumor_epithelial_basal
BD_immune03_772551,tumor_MPR,tumor_MPR,0.448835407148678,Oligopotent,MPR,Tumor_epithelial_basal
BD_immune03_477697,tumor_MPR,tumor_MPR,0.655299340706288,Multipotent,MPR,Tumor_epithelial_basal
BD_immune03_510038,tumor_MPR,tumor_MPR,0.651347996153942,Multipotent,MPR,Tumor_epithelial_basal
BD_immune03_485516,tumor_MPR,tumor_MPR,0.611047684849704,Multipotent,MPR,Tumor_epithelial_basal
BD_immune03_597286,tumor_MPR,tumor_MPR,0.618242032728324,Multipotent,MPR,Tumor_epithelial_basal
BD_immune03_17559,tumor_MPR,tumor_MPR,0.616906810748037,Multipotent,MPR,Tumor_epithelial_basal
BD_immune03_760051,tumor_MPR,tumor_MPR,0.608318020891377,Multipotent,MPR,Tumor_epithelial_basal
BD_immune03_484510,tumor_MPR,tumor_MPR,0.612629567641946,Multipotent,MPR,Tumor_epithelial_basal
BD_immune03_450884,tumor_MPR,tumor_MPR,0.64897490869373,Multipotent,MPR,Tumor_epithelial_basal
BD_immune03_743313,tumor_MPR,tumor_MPR,0.595425824216447,Multipotent,MPR,Tumor_epithelial_basal
BD_immune03_538826,tumor_MPR,tumor_MPR,0.466987106290842,Oligopotent,MPR,Tumor_epithelial_basal
BD_immune03_119691,tumor_MPR,tumor_MPR,0.561210966926704,Multipotent,MPR,Tumor_epithelial_basal
BD_immune03_44130,tumor_MPR,tumor_MPR,0.622954678189007,Multipotent,MPR,Tumor_epithelial_basal
BD_immune03_439346,tumor_MPR,tumor_MPR,0.581771135825968,Multipotent,MPR,Tumor_epithelial_basal
BD_immune03_720612,tumor_MPR,tumor_MPR,0.592734372799936,Multipotent,MPR,Tumor_epithelial_basal
BD_immune03_738028,tumor_MPR,tumor_MPR,0.569493203059962,Multipotent,MPR,Tumor_epithelial_basal
BD_immune03_361698,tumor_MPR,tumor_MPR,0.594535423362299,Multipotent,MPR,Tumor_epithelial_basal
BD_immune03_542600,tumor_MPR,tumor_MPR,0.582135341227237,Multipotent,MPR,Tumor_epithelial_basal
BD_immune03_310561,tumor_MPR,tumor_MPR,0.591336712088463,Multipotent,MPR,Tumor_epithelial_basal
BD_immune03_402523,tumor_MPR,tumor_MPR,0.613766325713632,Multipotent,MPR,Tumor_epithelial_basal
BD_immune03_60539,tumor_MPR,tumor_MPR,0.613680376719474,Multipotent,MPR,Tumor_epithelial_basal
BD_immune03_849195,tumor_MPR,tumor_MPR,0.572451360962932,Multipotent,MPR,Tumor_epithelial_basal
BD_immune03_352095,tumor_MPR,tumor_MPR,0.594956306798439,Multipotent,MPR,Tumor_epithelial_basal
BD_immune03_230289,tumor_MPR,tumor_MPR,0.460173286981662,Oligopotent,MPR,Tumor_epithelial_basal
BD_immune03_503828,tumor_MPR,tumor_MPR,0.472366228600995,Oligopotent,MPR,Tumor_epithelial_basal
BD_immune03_585381,tumor_MPR,tumor_MPR,0.640854510534623,Multipotent,MPR,Tumor_epithelial_basal
BD_immune03_253065,tumor_MPR,tumor_MPR,0.57648977009388,Multipotent,MPR,Tumor_epithelial_basal
BD_immune03_59075,tumor_MPR,tumor_MPR,0.440383396022669,Oligopotent,MPR,Tumor_epithelial_basal
BD_immune03_465073,tumor_MPR,tumor_MPR,0.465556609082936,Oligopotent,MPR,Tumor_epithelial_basal
BD_immune03_434774,tumor_MPR,tumor_MPR,0.651103743594386,Multipotent,MPR,Tumor_epithelial_basal
BD_immune03_262763,tumor_MPR,tumor_MPR,0.648997158537724,Multipotent,MPR,Tumor_epithelial_basal
BD_immune03_94857,tumor_MPR,tumor_MPR,0.653531103988847,Multipotent,MPR,Tumor_epithelial_basal
BD_immune03_220635,tumor_MPR,tumor_MPR,0.583418427154722,Multipotent,MPR,Tumor_epithelial_basal
BD_immune03_673092,tumor_MPR,tumor_MPR,0.605371688487748,Multipotent,MPR,Tumor_epithelial_basal
BD_immune03_100871,tumor_MPR,tumor_MPR,0.544703815470032,Multipotent,MPR,Tumor_epithelial_basal
BD_immune03_376426,tumor_MPR,tumor_MPR,0.627939941484061,Multipotent,MPR,Tumor_epithelial_basal
BD_immune03_90682,tumor_MPR,tumor_MPR,0.593780087203914,Multipotent,MPR,Tumor_epithelial_basal
BD_immune03_763659,tumor_MPR,tumor_MPR,0.486946719169172,Oligopotent,MPR,Tumor_epithelial_basal
BD_immune03_10583,tumor_MPR,tumor_MPR,0.616618285860202,Multipotent,MPR,Tumor_epithelial_basal
BD_immune03_812450,tumor_MPR,tumor_MPR,0.557084076825229,Multipotent,MPR,Tumor_epithelial_basal
BD_immune03_47503,tumor_MPR,tumor_MPR,0.583190319436567,Multipotent,MPR,Tumor_epithelial_basal
BD_immune03_162280,tumor_MPR,tumor_MPR,0.470453583253384,Oligopotent,MPR,Tumor_epithelial_basal
BD_immune03_384887,tumor_MPR,tumor_MPR,0.603767819517722,Multipotent,MPR,Tumor_epithelial_basal
BD_immune03_283884,tumor_MPR,tumor_MPR,0.617354352134423,Multipotent,MPR,Tumor_epithelial_basal
BD_immune03_861844,tumor_MPR,tumor_MPR,0.586643889170247,Multipotent,MPR,Tumor_epithelial_basal
BD_immune03_100501,tumor_MPR,tumor_MPR,0.592981918152658,Multipotent,MPR,Tumor_epithelial_basal
BD_immune03_307321,tumor_MPR,tumor_MPR,0.442350246612667,Oligopotent,MPR,Tumor_epithelial_basal
BD_immune03_533793,tumor_MPR,tumor_MPR,0.447287493733202,Oligopotent,MPR,Tumor_epithelial_basal
BD_immune03_688133,tumor_MPR,tumor_MPR,0.540911828507224,Multipotent,MPR,Tumor_epithelial_basal
BD_immune03_547067,tumor_MPR,tumor_MPR,0.569908598888115,Multipotent,MPR,Tumor_epithelial_basal
BD_immune03_705215,tumor_MPR,tumor_MPR,0.639580510961559,Multipotent,MPR,Tumor_epithelial_basal
BD_immune03_130709,tumor_MPR,tumor_MPR,0.564340498177016,Multipotent,MPR,Tumor_epithelial_basal
BD_immune03_399711,tumor_MPR,tumor_MPR,0.573649134332062,Multipotent,MPR,Tumor_epithelial_basal
BD_immune03_167991,tumor_MPR,tumor_MPR,0.517555406681268,Multipotent,MPR,Tumor_epithelial_basal
BD_immune03_92546,tumor_MPR,tumor_MPR,0.663668859577575,Multipotent,MPR,Tumor_epithelial_basal
BD_immune03_48117,tumor_MPR,tumor_MPR,0.463312968717489,Oligopotent,MPR,Tumor_epithelial_basal
BD_immune03_15669,tumor_MPR,tumor_MPR,0.55527693856059,Multipotent,MPR,Tumor_epithelial_basal
BD_immune03_284046,tumor_MPR,tumor_MPR,0.61186500288453,Multipotent,MPR,Tumor_epithelial_basal
BD_immune03_144316,tumor_MPR,tumor_MPR,0.452540433036259,Oligopotent,MPR,Tumor_epithelial_basal
BD_immune03_404205,tumor_MPR,tumor_MPR,0.468844818854848,Oligopotent,MPR,Tumor_epithelial_basal
BD_immune03_13050,tumor_MPR,tumor_MPR,0.568279909398522,Multipotent,MPR,Tumor_epithelial_basal
BD_immune03_319377,tumor_MPR,tumor_MPR,0.622940661896091,Multipotent,MPR,Tumor_epithelial_basal
BD_immune03_858972,tumor_MPR,tumor_MPR,0.569337330623547,Multipotent,MPR,Tumor_epithelial_basal
BD_immune03_478072,tumor_MPR,tumor_MPR,0.646901154006068,Multipotent,MPR,Tumor_epithelial_basal
BD_immune03_132750,tumor_MPR,tumor_MPR,0.585110622424605,Multipotent,MPR,Tumor_epithelial_basal
BD_immune03_769233,tumor_MPR,tumor_MPR,0.613196507001531,Multipotent,MPR,Tumor_epithelial_basal
BD_immune03_817341,tumor_MPR,tumor_MPR,0.526035243136634,Multipotent,MPR,Tumor_epithelial_basal
BD_immune03_211361,tumor_MPR,tumor_MPR,0.561746288455962,Multipotent,MPR,Tumor_epithelial_basal
BD_immune03_399602,tumor_MPR,tumor_MPR,0.604875524460498,Multipotent,MPR,Tumor_epithelial_basal
BD_immune03_546799,tumor_MPR,tumor_MPR,0.647972560123855,Multipotent,MPR,Tumor_epithelial_basal
BD_immune03_485733,tumor_MPR,tumor_MPR,0.612176617469879,Multipotent,MPR,Tumor_epithelial_basal
BD_immune03_359646,tumor_MPR,tumor_MPR,0.577718735334978,Multipotent,MPR,Tumor_epithelial_basal
BD_immune03_815124,tumor_MPR,tumor_MPR,0.546316986465251,Multipotent,MPR,Tumor_epithelial_basal
BD_immune03_643558,tumor_MPR,tumor_MPR,0.579863915947012,Multipotent,MPR,Tumor_epithelial_basal
BD_immune03_47684,normal_MPR,normal_MPR,0.0955775736306267,Differentiated,MPR,Tumor_epithelial_AT2
BD_immune03_687065,tumor_MPR,tumor_MPR,0.589089179001628,Multipotent,MPR,Tumor_epithelial_basal
BD_immune03_765224,tumor_MPR,tumor_MPR,0.612609282226161,Multipotent,MPR,Tumor_epithelial_basal
BD_immune03_292675,tumor_MPR,tumor_MPR,0.508466266273171,Multipotent,MPR,Tumor_epithelial_basal
BD_immune03_642715,tumor_MPR,tumor_MPR,0.568859643520815,Multipotent,MPR,Tumor_epithelial_basal
BD_immune03_64347,tumor_MPR,tumor_MPR,0.650991936233642,Multipotent,MPR,Tumor_epithelial_basal
BD_immune03_837751,tumor_MPR,tumor_MPR,0.611021414881821,Multipotent,MPR,Tumor_epithelial_basal
BD_immune03_51974,tumor_MPR,tumor_MPR,0.602741032584139,Multipotent,MPR,Tumor_epithelial_basal
BD_immune03_121601,tumor_MPR,tumor_MPR,0.608506107643892,Multipotent,MPR,Tumor_epithelial_basal
BD_immune03_206285,tumor_MPR,tumor_MPR,0.641293356564283,Multipotent,MPR,Tumor_epithelial_basal
BD_immune03_26537,tumor_MPR,tumor_MPR,0.469288879526371,Oligopotent,MPR,Tumor_epithelial_basal
BD_immune03_696300,tumor_MPR,tumor_MPR,0.63161601798851,Multipotent,MPR,Tumor_epithelial_basal
BD_immune03_549588,tumor_MPR,tumor_MPR,0.485178026966484,Oligopotent,MPR,Tumor_epithelial_basal
BD_immune03_548328,tumor_MPR,tumor_MPR,0.533269142001429,Multipotent,MPR,Tumor_epithelial_basal
BD_immune03_535207,tumor_MPR,tumor_MPR,0.55274598027007,Multipotent,MPR,Tumor_epithelial_basal
BD_immune03_743387,tumor_MPR,tumor_MPR,0.629257269636625,Multipotent,MPR,Tumor_epithelial_basal
BD_immune03_393970,tumor_MPR,tumor_MPR,0.464075585269216,Oligopotent,MPR,Tumor_epithelial_basal
BD_immune03_734470,tumor_MPR,tumor_MPR,0.653108746374401,Multipotent,MPR,Tumor_epithelial_basal
BD_immune03_120017,tumor_MPR,tumor_MPR,0.595028080961446,Multipotent,MPR,Tumor_epithelial_basal
BD_immune03_723433,tumor_MPR,tumor_MPR,0.425556263082164,Oligopotent,MPR,Tumor_epithelial_basal
BD_immune03_535533,tumor_MPR,tumor_MPR,0.452279882062799,Oligopotent,MPR,Tumor_epithelial_basal
BD_immune03_646780,tumor_MPR,tumor_MPR,0.612437721126391,Multipotent,MPR,Tumor_epithelial_basal
BD_immune03_40314,tumor_MPR,tumor_MPR,0.618424054125786,Multipotent,MPR,Tumor_epithelial_basal
BD_immune03_648454,tumor_MPR,tumor_MPR,0.566950219250711,Multipotent,MPR,Tumor_epithelial_basal
BD_immune03_358973,tumor_MPR,tumor_MPR,0.600521796214995,Multipotent,MPR,Tumor_epithelial_basal
BD_immune03_536063,tumor_MPR,tumor_MPR,0.443189558848933,Oligopotent,MPR,Tumor_epithelial_basal
BD_immune03_798197,tumor_MPR,tumor_MPR,0.550336721201171,Multipotent,MPR,Tumor_epithelial_basal
BD_immune03_744851,tumor_MPR,tumor_MPR,0.65415323460731,Multipotent,MPR,Tumor_epithelial_basal
BD_immune03_264242,tumor_MPR,tumor_MPR,0.61780582416566,Multipotent,MPR,Tumor_epithelial_basal
BD_immune03_684716,tumor_MPR,tumor_MPR,0.563417309528712,Multipotent,MPR,Tumor_epithelial_basal
BD_immune03_411078,tumor_MPR,tumor_MPR,0.473794310667038,Oligopotent,MPR,Tumor_epithelial_basal
BD_immune03_551089,tumor_MPR,tumor_MPR,0.592736350654695,Multipotent,MPR,Tumor_epithelial_basal
BD_immune03_122509,tumor_MPR,tumor_MPR,0.622438044460629,Multipotent,MPR,Tumor_epithelial_basal
BD_immune03_859397,tumor_MPR,tumor_MPR,0.637456459947166,Multipotent,MPR,Tumor_epithelial_basal
BD_immune03_252023,tumor_MPR,tumor_MPR,0.652766098640495,Multipotent,MPR,Tumor_epithelial_basal
BD_immune03_451843,tumor_MPR,tumor_MPR,0.611867336849692,Multipotent,MPR,Tumor_epithelial_basal
BD_immune03_746151,tumor_MPR,tumor_MPR,0.52468581594989,Multipotent,MPR,Tumor_epithelial_basal
BD_immune03_442313,tumor_MPR,tumor_MPR,0.649266946481864,Multipotent,MPR,Tumor_epithelial_basal
BD_immune03_653932,tumor_MPR,tumor_MPR,0.565282426677589,Multipotent,MPR,Tumor_epithelial_basal
BD_immune03_679286,tumor_MPR,tumor_MPR,0.466046451859594,Oligopotent,MPR,Tumor_epithelial_basal
BD_immune03_783512,tumor_MPR,tumor_MPR,0.59869540534843,Multipotent,MPR,Tumor_epithelial_basal
BD_immune03_462111,tumor_MPR,tumor_MPR,0.455634419362243,Oligopotent,MPR,Tumor_epithelial_basal
BD_immune03_693369,tumor_MPR,tumor_MPR,0.618659205488412,Multipotent,MPR,Tumor_epithelial_basal
BD_immune03_737541,tumor_MPR,tumor_MPR,0.606737372875821,Multipotent,MPR,Tumor_epithelial_basal
BD_immune03_870226,tumor_MPR,tumor_MPR,0.584196664326637,Multipotent,MPR,Tumor_epithelial_basal
BD_immune03_541120,tumor_MPR,tumor_MPR,0.483367438480992,Oligopotent,MPR,Tumor_epithelial_basal
BD_immune03_191902,tumor_MPR,tumor_MPR,0.457263330554496,Oligopotent,MPR,Tumor_epithelial_basal
BD_immune03_548975,tumor_MPR,tumor_MPR,0.625778524139889,Multipotent,MPR,Tumor_epithelial_basal
BD_immune03_165321,tumor_MPR,tumor_MPR,0.474603153659692,Oligopotent,MPR,Tumor_epithelial_basal
BD_immune03_759907,tumor_MPR,tumor_MPR,0.643587829493591,Multipotent,MPR,Tumor_epithelial_basal
BD_immune03_270133,tumor_MPR,tumor_MPR,0.583495639810692,Multipotent,MPR,Tumor_epithelial_basal
BD_immune03_172805,tumor_MPR,tumor_MPR,0.580341677493063,Multipotent,MPR,Tumor_epithelial_basal
BD_immune03_615271,tumor_MPR,tumor_MPR,0.455737047309341,Oligopotent,MPR,Tumor_epithelial_basal
BD_immune03_717536,tumor_MPR,tumor_MPR,0.616488745551834,Multipotent,MPR,Tumor_epithelial_basal
BD_immune03_637041,normal_MPR,normal_MPR,0.120309866602048,Differentiated,MPR,Tumor_epithelial_AT2
BD_immune03_432206,tumor_MPR,tumor_MPR,0.619739482923062,Multipotent,MPR,Tumor_epithelial_basal
BD_immune03_599766,tumor_MPR,tumor_MPR,0.630818242332542,Multipotent,MPR,Tumor_epithelial_basal
BD_immune03_164628,tumor_MPR,tumor_MPR,0.536391428271887,Multipotent,MPR,Tumor_epithelial_basal
BD_immune03_261720,tumor_MPR,tumor_MPR,0.566915901847773,Multipotent,MPR,Tumor_epithelial_basal
BD_immune03_876207,tumor_MPR,tumor_MPR,0.463108722242225,Oligopotent,MPR,Tumor_epithelial_basal
BD_immune03_199274,tumor_MPR,tumor_MPR,0.579419293735017,Multipotent,MPR,Tumor_epithelial_basal
BD_immune03_424493,tumor_MPR,tumor_MPR,0.649120353371359,Multipotent,MPR,Tumor_epithelial_basal
BD_immune03_53606,tumor_MPR,tumor_MPR,0.579804742134549,Multipotent,MPR,Tumor_epithelial_basal
BD_immune03_278780,tumor_MPR,tumor_MPR,0.626348510300147,Multipotent,MPR,Tumor_epithelial_basal
BD_immune03_745171,tumor_MPR,tumor_MPR,0.595521265647773,Multipotent,MPR,Tumor_epithelial_basal
BD_immune03_106576,tumor_MPR,tumor_MPR,0.593752902268587,Multipotent,MPR,Tumor_epithelial_basal
BD_immune03_21406,tumor_MPR,tumor_MPR,0.537841647493898,Multipotent,MPR,Tumor_epithelial_basal
BD_immune03_473768,tumor_MPR,tumor_MPR,0.64354002088912,Multipotent,MPR,Tumor_epithelial_basal
BD_immune03_835127,tumor_MPR,tumor_MPR,0.55538012674991,Multipotent,MPR,Tumor_epithelial_basal
BD_immune03_731484,normal_MPR,normal_MPR,0.0532619436350354,Differentiated,MPR,Tumor_epithelial_AT2
BD_immune03_122162,tumor_MPR,tumor_MPR,0.634442677036401,Multipotent,MPR,Tumor_epithelial_basal
BD_immune03_203362,tumor_MPR,tumor_MPR,0.475368584757191,Oligopotent,MPR,Tumor_epithelial_basal
BD_immune03_445856,tumor_MPR,tumor_MPR,0.60960235415603,Multipotent,MPR,Tumor_epithelial_basal
BD_immune03_662860,tumor_MPR,tumor_MPR,0.616510160123155,Multipotent,MPR,Tumor_epithelial_basal
BD_immune03_412575,tumor_MPR,tumor_MPR,0.596141814551356,Multipotent,MPR,Tumor_epithelial_basal
BD_immune03_531375,tumor_MPR,tumor_MPR,0.5702144074528,Multipotent,MPR,Tumor_epithelial_basal
BD_immune03_332506,tumor_MPR,tumor_MPR,0.592779910252402,Multipotent,MPR,Tumor_epithelial_basal
BD_immune03_404173,tumor_MPR,tumor_MPR,0.59483841323361,Multipotent,MPR,Tumor_epithelial_basal
BD_immune03_604856,tumor_MPR,tumor_MPR,0.588211160725084,Multipotent,MPR,Tumor_epithelial_basal
BD_immune03_279821,tumor_MPR,tumor_MPR,0.57133108060884,Multipotent,MPR,Tumor_epithelial_basal
BD_immune03_811253,tumor_MPR,tumor_MPR,0.574326342348406,Multipotent,MPR,Tumor_epithelial_basal
BD_immune03_658762,tumor_MPR,tumor_MPR,0.592829264603181,Multipotent,MPR,Tumor_epithelial_basal
BD_immune03_825158,tumor_MPR,tumor_MPR,0.571009227893474,Multipotent,MPR,Tumor_epithelial_basal
BD_immune03_188086,tumor_MPR,tumor_MPR,0.567699596059809,Multipotent,MPR,Tumor_epithelial_basal
BD_immune03_764079,tumor_MPR,tumor_MPR,0.288761817591538,Unipotent,MPR,Tumor_epithelial_basal
BD_immune03_379752,tumor_MPR,tumor_MPR,0.448705169503262,Oligopotent,MPR,Tumor_epithelial_basal
BD_immune03_857401,tumor_MPR,tumor_MPR,0.557437657154615,Multipotent,MPR,Tumor_epithelial_basal
BD_immune03_589180,tumor_MPR,tumor_MPR,0.397094620729946,Oligopotent,MPR,Tumor_epithelial_basal
BD_immune03_736038,tumor_MPR,tumor_MPR,0.443923708280614,Oligopotent,MPR,Tumor_epithelial_basal
BD_immune03_386850,normal_MPR,normal_MPR,0.0638837152220504,Differentiated,MPR,Tumor_epithelial_AT2
BD_immune03_72103,tumor_MPR,tumor_MPR,0.581725571331961,Multipotent,MPR,Tumor_epithelial_basal
BD_immune03_712669,tumor_MPR,tumor_MPR,0.658087310826118,Multipotent,MPR,Tumor_epithelial_basal
BD_immune03_857095,tumor_MPR,tumor_MPR,0.651046904175436,Multipotent,MPR,Tumor_epithelial_basal
BD_immune03_682940,tumor_MPR,tumor_MPR,0.545283537671789,Multipotent,MPR,Tumor_epithelial_basal
BD_immune03_871084,tumor_MPR,tumor_MPR,0.567027335117056,Multipotent,MPR,Tumor_epithelial_basal
BD_immune03_745130,tumor_MPR,tumor_MPR,0.563905767898854,Multipotent,MPR,Tumor_epithelial_basal
BD_immune03_18025,tumor_MPR,tumor_MPR,0.570106591726351,Multipotent,MPR,Tumor_epithelial_basal
BD_immune03_861179,tumor_MPR,tumor_MPR,0.596383885571034,Multipotent,MPR,Tumor_epithelial_basal
BD_immune03_62786,tumor_MPR,tumor_MPR,0.626867941845894,Multipotent,MPR,Tumor_epithelial_basal
BD_immune03_309875,tumor_MPR,tumor_MPR,0.604420019345479,Multipotent,MPR,Tumor_epithelial_basal
BD_immune03_485305,tumor_MPR,tumor_MPR,0.645318933981713,Multipotent,MPR,Tumor_epithelial_basal
BD_immune03_698635,tumor_MPR,tumor_MPR,0.582722909465969,Multipotent,MPR,Tumor_epithelial_basal
BD_immune03_450484,tumor_MPR,tumor_MPR,0.643183268700524,Multipotent,MPR,Tumor_epithelial_basal
BD_immune03_21904,tumor_MPR,tumor_MPR,0.612548936683387,Multipotent,MPR,Tumor_epithelial_basal
BD_immune03_264427,tumor_MPR,tumor_MPR,0.594966614373354,Multipotent,MPR,Tumor_epithelial_basal
BD_immune03_188194,tumor_MPR,tumor_MPR,0.610140328797611,Multipotent,MPR,Tumor_epithelial_basal
BD_immune03_129881,tumor_MPR,tumor_MPR,0.463615440583764,Oligopotent,MPR,Tumor_epithelial_basal
BD_immune03_879651,tumor_MPR,tumor_MPR,0.563848045225921,Multipotent,MPR,Tumor_epithelial_basal
BD_immune03_73201,tumor_MPR,tumor_MPR,0.485767137958545,Oligopotent,MPR,Tumor_epithelial_basal
BD_immune03_36749,tumor_MPR,tumor_MPR,0.565708670632896,Multipotent,MPR,Tumor_epithelial_basal
BD_immune03_629469,tumor_MPR,tumor_MPR,0.467781802067025,Oligopotent,MPR,Tumor_epithelial_basal
BD_immune03_812182,tumor_MPR,tumor_MPR,0.444487425227402,Oligopotent,MPR,Tumor_epithelial_basal
BD_immune03_799194,normal_MPR,normal_MPR,0.081849058124007,Differentiated,MPR,Tumor_epithelial_AT2
BD_immune03_612427,tumor_MPR,tumor_MPR,0.571516406639329,Multipotent,MPR,Tumor_epithelial_basal
BD_immune03_785902,tumor_MPR,tumor_MPR,0.613022892053901,Multipotent,MPR,Tumor_epithelial_basal
BD_immune03_383068,tumor_MPR,tumor_MPR,0.583807821581276,Multipotent,MPR,Tumor_epithelial_basal
BD_immune03_726383,tumor_MPR,tumor_MPR,0.642820908411582,Multipotent,MPR,Tumor_epithelial_basal
BD_immune03_35097,tumor_MPR,tumor_MPR,0.57500133725983,Multipotent,MPR,Tumor_epithelial_basal
BD_immune03_305029,tumor_MPR,tumor_MPR,0.460383010098354,Oligopotent,MPR,Tumor_epithelial_basal
BD_immune03_238580,normal_MPR,normal_MPR,0.0713905211166846,Differentiated,MPR,Tumor_epithelial_AT2
BD_immune03_341896,tumor_MPR,tumor_MPR,0.554888644156389,Multipotent,MPR,Tumor_epithelial_basal
BD_immune03_523985,,,0.635162492099585,Multipotent,MPR,Tumor_epithelial_basal
BD_immune03_494344,tumor_MPR,tumor_MPR,0.586401465632388,Multipotent,MPR,Tumor_epithelial_basal
BD_immune03_440723,tumor_MPR,tumor_MPR,0.61077627196141,Multipotent,MPR,Tumor_epithelial_basal
BD_immune03_180569,tumor_MPR,tumor_MPR,0.566027896407101,Multipotent,MPR,Tumor_epithelial_basal
BD_immune03_862092,tumor_MPR,tumor_MPR,0.643871119928761,Multipotent,MPR,Tumor_epithelial_basal
BD_immune03_843264,normal_MPR,normal_MPR,0.116213896279355,Differentiated,MPR,Tumor_epithelial_AT2
BD_immune03_717585,tumor_MPR,tumor_MPR,0.612295347194021,Multipotent,MPR,Tumor_epithelial_basal
BD_immune03_214939,tumor_MPR,tumor_MPR,0.526295577033664,Multipotent,MPR,Tumor_epithelial_basal
BD_immune03_191785,tumor_MPR,tumor_MPR,0.49117133515626,Oligopotent,MPR,Tumor_epithelial_basal
BD_immune03_57114,tumor_MPR,tumor_MPR,0.542714223220873,Multipotent,MPR,Tumor_epithelial_basal
BD_immune03_675680,tumor_MPR,tumor_MPR,0.554284847268889,Multipotent,MPR,Tumor_epithelial_basal
BD_immune03_864756,tumor_MPR,tumor_MPR,0.650663283825415,Multipotent,MPR,Tumor_epithelial_basal
BD_immune03_594129,tumor_MPR,tumor_MPR,0.520513397926903,Multipotent,MPR,Tumor_epithelial_basal
BD_immune03_289538,tumor_MPR,tumor_MPR,0.568123029989622,Multipotent,MPR,Tumor_epithelial_basal
BD_immune03_540577,tumor_MPR,tumor_MPR,0.568499287924691,Multipotent,MPR,Tumor_epithelial_basal
BD_immune03_541986,tumor_MPR,tumor_MPR,0.642350043159163,Multipotent,MPR,Tumor_epithelial_basal
BD_immune03_93942,tumor_MPR,tumor_MPR,0.646316466602545,Multipotent,MPR,Tumor_epithelial_basal
BD_immune03_588453,tumor_MPR,tumor_MPR,0.647025834309211,Multipotent,MPR,Tumor_epithelial_basal
BD_immune03_297081,tumor_MPR,tumor_MPR,0.486602564390288,Oligopotent,MPR,Tumor_epithelial_basal
BD_immune03_631632,tumor_MPR,tumor_MPR,0.547209723257275,Multipotent,MPR,Tumor_epithelial_basal
BD_immune03_218592,tumor_MPR,tumor_MPR,0.548378050755804,Multipotent,MPR,Tumor_epithelial_basal
BD_immune03_6914,normal_MPR,normal_MPR,0.117248964688376,Differentiated,MPR,Tumor_epithelial_AT2
BD_immune03_322469,tumor_MPR,tumor_MPR,0.564796174210599,Multipotent,MPR,Tumor_epithelial_basal
BD_immune03_431451,tumor_MPR,tumor_MPR,0.60601570561918,Multipotent,MPR,Tumor_epithelial_basal
BD_immune03_53502,tumor_MPR,tumor_MPR,0.537158268227574,Multipotent,MPR,Tumor_epithelial_basal
BD_immune03_646720,,,0.51193621768227,Multipotent,MPR,Tumor_epithelial_basal
BD_immune03_649733,tumor_MPR,tumor_MPR,0.431384151326599,Oligopotent,MPR,Tumor_epithelial_basal
BD_immune03_882602,tumor_MPR,tumor_MPR,0.536264235031646,Multipotent,MPR,Tumor_epithelial_basal
BD_immune03_762561,tumor_MPR,tumor_MPR,0.473770628958556,Oligopotent,MPR,Tumor_epithelial_basal
BD_immune03_177635,tumor_MPR,tumor_MPR,0.600348612279207,Multipotent,MPR,Tumor_epithelial_basal
BD_immune03_237098,tumor_MPR,tumor_MPR,0.657859967190504,Multipotent,MPR,Tumor_epithelial_basal
BD_immune03_381940,normal_MPR,normal_MPR,0.0463108863229547,Differentiated,MPR,Tumor_epithelial_AT2
BD_immune03_510199,normal_MPR,normal_MPR,0.136017691472814,Differentiated,MPR,Tumor_epithelial_AT2
BD_immune03_818447,,,0.610545044539445,Multipotent,MPR,Tumor_epithelial_basal
BD_immune03_52497,tumor_MPR,tumor_MPR,0.469195209499867,Oligopotent,MPR,Tumor_epithelial_basal
BD_immune03_509878,tumor_MPR,tumor_MPR,0.62317465043329,Multipotent,MPR,Tumor_epithelial_basal
BD_immune03_721622,tumor_MPR,tumor_MPR,0.383780232673996,Oligopotent,MPR,Tumor_epithelial_basal
BD_immune03_845563,tumor_MPR,tumor_MPR,0.458312187018638,Oligopotent,MPR,Tumor_epithelial_basal
BD_immune03_234717,tumor_MPR,tumor_MPR,0.411223272546079,Oligopotent,MPR,Tumor_epithelial_basal
BD_immune03_734130,tumor_MPR,tumor_MPR,0.548049056032434,Multipotent,MPR,Tumor_epithelial_basal
BD_immune03_322683,tumor_MPR,tumor_MPR,0.479269210788177,Oligopotent,MPR,Tumor_epithelial_basal
BD_immune03_444502,tumor_MPR,tumor_MPR,0.528369651437126,Multipotent,MPR,Tumor_epithelial_basal
BD_immune03_300019,tumor_MPR,tumor_MPR,0.545730048675671,Multipotent,MPR,Tumor_epithelial_basal
BD_immune03_816380,tumor_MPR,tumor_MPR,0.543488843520256,Multipotent,MPR,Tumor_epithelial_basal
BD_immune03_23422,,,0.564771306093554,Multipotent,MPR,Tumor_epithelial_basal
BD_immune03_576054,tumor_MPR,tumor_MPR,0.539917417803568,Multipotent,MPR,Tumor_epithelial_basal
BD_immune03_5768,,,0.462340094215295,Oligopotent,MPR,Tumor_epithelial_basal
BD_immune03_563384,tumor_MPR,tumor_MPR,0.463939144345958,Oligopotent,MPR,Tumor_epithelial_basal
BD_immune03_133637,tumor_MPR,tumor_MPR,0.474870662931556,Oligopotent,MPR,Tumor_epithelial_basal
BD_immune03_647940,tumor_MPR,tumor_MPR,0.428115959829832,Oligopotent,MPR,Tumor_epithelial_basal
BD_immune03_566713,tumor_MPR,tumor_MPR,0.410514828957051,Oligopotent,MPR,Tumor_epithelial_basal
BD_immune03_767573,tumor_MPR,tumor_MPR,0.588389733716283,Multipotent,MPR,Tumor_epithelial_basal
BD_immune03_757170,tumor_MPR,tumor_MPR,0.450681058243351,Oligopotent,MPR,Tumor_epithelial_basal
BD_immune03_210257,tumor_MPR,tumor_MPR,0.602700665357958,Multipotent,MPR,Tumor_epithelial_basal
BD_immune03_411761,tumor_MPR,tumor_MPR,0.567275617637149,Multipotent,MPR,Tumor_epithelial_basal
BD_immune03_371054,tumor_MPR,tumor_MPR,0.478123002301699,Oligopotent,MPR,Tumor_epithelial_basal
BD_immune03_242930,tumor_MPR,tumor_MPR,0.616141193982575,Multipotent,MPR,Tumor_epithelial_basal
BD_immune03_882339,tumor_MPR,tumor_MPR,0.564594704443393,Multipotent,MPR,Tumor_epithelial_basal
BD_immune03_657565,tumor_MPR,tumor_MPR,0.548476353356871,Multipotent,MPR,Tumor_epithelial_basal
BD_immune03_104899,tumor_MPR,tumor_MPR,0.575414211061179,Multipotent,MPR,Tumor_epithelial_basal
BD_immune03_14947,tumor_MPR,tumor_MPR,0.587301241399554,Multipotent,MPR,Tumor_epithelial_basal
BD_immune03_766297,tumor_MPR,tumor_MPR,0.463134581663185,Oligopotent,MPR,Tumor_epithelial_basal
BD_immune03_800285,tumor_MPR,tumor_MPR,0.538940058716404,Multipotent,MPR,Tumor_epithelial_basal
BD_immune03_613243,tumor_MPR,tumor_MPR,0.481550946230217,Oligopotent,MPR,Tumor_epithelial_basal
BD_immune03_480368,tumor_MPR,tumor_MPR,0.580225726940211,Multipotent,MPR,Tumor_epithelial_basal
BD_immune03_67504,tumor_MPR,tumor_MPR,0.56611109597876,Multipotent,MPR,Tumor_epithelial_basal
BD_immune03_458596,tumor_MPR,tumor_MPR,0.615537184616433,Multipotent,MPR,Tumor_epithelial_basal
BD_immune03_55699,normal_MPR,normal_MPR,0.0598662689365676,Differentiated,MPR,Tumor_epithelial_AT2
BD_immune03_361199,tumor_MPR,tumor_MPR,0.646544511887403,Multipotent,MPR,Tumor_epithelial_basal
BD_immune03_168410,tumor_MPR,tumor_MPR,0.447509760020324,Oligopotent,MPR,Tumor_epithelial_basal
BD_immune03_196465,tumor_MPR,tumor_MPR,0.485668178843785,Oligopotent,MPR,Tumor_epithelial_basal
BD_immune03_265570,tumor_MPR,tumor_MPR,0.523508887774191,Multipotent,MPR,Tumor_epithelial_basal
BD_immune03_371850,tumor_MPR,tumor_MPR,0.592713114006034,Multipotent,MPR,Tumor_epithelial_basal
BD_immune03_883538,tumor_MPR,tumor_MPR,0.562948622102211,Multipotent,MPR,Tumor_epithelial_basal
BD_immune03_655011,tumor_MPR,tumor_MPR,0.612675903002505,Multipotent,MPR,Tumor_epithelial_basal
BD_immune03_88047,tumor_MPR,tumor_MPR,0.607832994035939,Multipotent,MPR,Tumor_epithelial_basal
BD_immune03_449049,tumor_MPR,tumor_MPR,0.573282460302608,Multipotent,MPR,Tumor_epithelial_basal
BD_immune03_541039,tumor_MPR,tumor_MPR,0.558972718887378,Multipotent,MPR,Tumor_epithelial_basal
BD_immune03_339231,tumor_MPR,tumor_MPR,0.57165095303906,Multipotent,MPR,Tumor_epithelial_basal
BD_immune03_338359,tumor_MPR,tumor_MPR,0.508004203896341,Multipotent,MPR,Tumor_epithelial_basal
BD_immune03_727841,tumor_MPR,tumor_MPR,0.488258342355205,Oligopotent,MPR,Tumor_epithelial_basal
BD_immune03_430637,tumor_MPR,tumor_MPR,0.486086977719395,Oligopotent,MPR,Tumor_epithelial_basal
BD_immune03_74541,normal_MPR,normal_MPR,0.100865270942017,Differentiated,MPR,Tumor_epithelial_AT2
BD_immune03_126139,tumor_MPR,tumor_MPR,0.545157405339604,Multipotent,MPR,Tumor_epithelial_basal
BD_immune03_279622,tumor_MPR,tumor_MPR,0.592042564301931,Multipotent,MPR,Tumor_epithelial_basal
BD_immune03_138113,tumor_MPR,tumor_MPR,0.53106828501938,Multipotent,MPR,Tumor_epithelial_basal
BD_immune03_793302,tumor_MPR,tumor_MPR,0.398055981701475,Oligopotent,MPR,Tumor_epithelial_basal
BD_immune03_756629,tumor_MPR,tumor_MPR,0.483848346227248,Oligopotent,MPR,Tumor_epithelial_basal
BD_immune03_360603,normal_MPR,normal_MPR,0.0657018958342683,Differentiated,MPR,Tumor_epithelial_AT2
BD_immune03_233885,tumor_MPR,tumor_MPR,0.650567335869013,Multipotent,MPR,Tumor_epithelial_basal
BD_immune03_501031,tumor_MPR,tumor_MPR,0.528648092977691,Multipotent,MPR,Tumor_epithelial_basal
BD_immune03_337442,tumor_MPR,tumor_MPR,0.594906654733502,Multipotent,MPR,Tumor_epithelial_basal
BD_immune03_755647,tumor_MPR,tumor_MPR,0.536896314147554,Multipotent,MPR,Tumor_epithelial_basal
BD_immune03_350243,tumor_MPR,tumor_MPR,0.565708026012121,Multipotent,MPR,Tumor_epithelial_basal
BD_immune03_358779,tumor_MPR,tumor_MPR,0.656596515567319,Multipotent,MPR,Tumor_epithelial_basal
BD_immune03_124833,tumor_MPR,tumor_MPR,0.573539512338545,Multipotent,MPR,Tumor_epithelial_basal
BD_immune03_439886,tumor_MPR,tumor_MPR,0.620362636174572,Multipotent,MPR,Tumor_epithelial_basal
BD_immune03_881505,tumor_MPR,tumor_MPR,0.456165157242171,Oligopotent,MPR,Tumor_epithelial_basal
BD_immune03_820668,normal_MPR,normal_MPR,0.133448073714339,Differentiated,MPR,Tumor_epithelial_AT2
BD_immune03_460144,tumor_MPR,tumor_MPR,0.536058343680022,Multipotent,MPR,Tumor_epithelial_basal
BD_immune03_227982,normal_MPR,normal_MPR,0.132429989122433,Differentiated,MPR,Tumor_epithelial_AT2
BD_immune03_1431,normal_MPR,normal_MPR,0.0985536361533377,Differentiated,MPR,Tumor_epithelial_AT2
BD_immune03_733242,tumor_MPR,tumor_MPR,0.659234274370133,Multipotent,MPR,Tumor_epithelial_basal
BD_immune03_8808,tumor_MPR,tumor_MPR,0.565458244664125,Multipotent,MPR,Tumor_epithelial_basal
BD_immune03_62820,tumor_MPR,tumor_MPR,0.563834229931801,Multipotent,MPR,Tumor_epithelial_basal
BD_immune03_555621,tumor_MPR,tumor_MPR,0.574174291512176,Multipotent,MPR,Tumor_epithelial_basal
BD_immune03_588674,tumor_MPR,tumor_MPR,0.457542826807961,Oligopotent,MPR,Tumor_epithelial_basal
BD_immune03_821672,tumor_MPR,tumor_MPR,0.53316817737486,Multipotent,MPR,Tumor_epithelial_basal
BD_immune03_57194,normal_MPR,normal_MPR,0.0900530860097232,Differentiated,MPR,Tumor_epithelial_AT2
BD_immune03_325865,tumor_MPR,tumor_MPR,0.538868541907959,Multipotent,MPR,Tumor_epithelial_basal
BD_immune03_75445,tumor_MPR,tumor_MPR,0.620404252224596,Multipotent,MPR,Tumor_epithelial_basal
BD_immune03_556761,tumor_MPR,tumor_MPR,0.659956704438506,Multipotent,MPR,Tumor_epithelial_basal
BD_immune03_81307,normal_MPR,normal_MPR,0.0643006654761561,Differentiated,MPR,Tumor_epithelial_AT2
BD_immune03_724441,tumor_MPR,tumor_MPR,0.474679974475578,Oligopotent,MPR,Tumor_epithelial_basal
BD_immune03_715604,tumor_MPR,tumor_MPR,0.624185986607259,Multipotent,MPR,Tumor_epithelial_basal
BD_immune03_874882,tumor_MPR,tumor_MPR,0.465340180405622,Oligopotent,MPR,Tumor_epithelial_basal
BD_immune03_753623,tumor_MPR,tumor_MPR,0.486742397169775,Oligopotent,MPR,Tumor_epithelial_basal
BD_immune03_847118,tumor_MPR,tumor_MPR,0.51978663387757,Multipotent,MPR,Tumor_epithelial_basal
BD_immune03_244564,tumor_MPR,tumor_MPR,0.543937065666141,Multipotent,MPR,Tumor_epithelial_basal
BD_immune03_376677,tumor_MPR,tumor_MPR,0.422299011158231,Oligopotent,MPR,Tumor_epithelial_basal
BD_immune03_867225,tumor_MPR,tumor_MPR,0.524783347220949,Multipotent,MPR,Tumor_epithelial_basal
BD_immune03_634668,normal_MPR,normal_MPR,0.110547932835955,Differentiated,MPR,Tumor_epithelial_AT2
BD_immune03_562215,tumor_MPR,tumor_MPR,0.518785999265328,Multipotent,MPR,Tumor_epithelial_basal
BD_immune03_616094,normal_MPR,normal_MPR,0.135871325098331,Differentiated,MPR,Tumor_epithelial_AT2
BD_immune03_592068,tumor_MPR,tumor_MPR,0.621765493567466,Multipotent,MPR,Tumor_epithelial_basal
BD_immune03_460064,tumor_MPR,tumor_MPR,0.555706290931071,Multipotent,MPR,Tumor_epithelial_basal
BD_immune03_129389,normal_MPR,normal_MPR,0.0718771597503759,Differentiated,MPR,Tumor_epithelial_AT2
BD_immune03_794082,tumor_MPR,tumor_MPR,0.47914495142492,Oligopotent,MPR,Tumor_epithelial_basal
BD_immune03_609218,tumor_MPR,tumor_MPR,0.523476324456273,Multipotent,MPR,Tumor_epithelial_basal
BD_immune03_677823,normal_MPR,normal_MPR,0.175344332811854,Unipotent,MPR,Tumor_epithelial_AT2
BD_immune03_747054,tumor_MPR,tumor_MPR,0.532174333766041,Multipotent,MPR,Tumor_epithelial_basal
BD_immune03_877014,tumor_MPR,tumor_MPR,0.501256303757631,Multipotent,MPR,Tumor_epithelial_basal
BD_immune03_297659,,,0.601615662178579,Multipotent,MPR,Tumor_epithelial_basal
BD_immune03_690459,tumor_MPR,tumor_MPR,0.614470595011202,Multipotent,MPR,Tumor_epithelial_basal
BD_immune03_509162,tumor_MPR,tumor_MPR,0.544086774476614,Multipotent,MPR,Tumor_epithelial_basal
BD_immune03_107714,tumor_MPR,tumor_MPR,0.47413204768472,Oligopotent,MPR,Tumor_epithelial_basal
BD_immune03_833248,normal_MPR,normal_MPR,0.134494228920017,Differentiated,MPR,Tumor_epithelial_AT2
BD_immune03_605648,normal_MPR,normal_MPR,0.113735471006046,Differentiated,MPR,Tumor_epithelial_AT2
BD_immune03_598870,normal_MPR,normal_MPR,0.225917896801939,Unipotent,MPR,Tumor_epithelial_AT2
BD_immune03_849264,tumor_MPR,tumor_MPR,0.590177420381409,Multipotent,MPR,Tumor_epithelial_basal
BD_immune03_522326,tumor_MPR,tumor_MPR,0.482688431763585,Oligopotent,MPR,Tumor_epithelial_basal
BD_immune03_143260,normal_MPR,normal_MPR,0.203635010434658,Unipotent,MPR,Tumor_epithelial_AT2
BD_immune03_315640,tumor_MPR,tumor_MPR,0.554337747665345,Multipotent,MPR,Tumor_epithelial_basal
BD_immune03_296978,tumor_MPR,tumor_MPR,0.493435904248975,Oligopotent,MPR,Tumor_epithelial_basal
BD_immune03_61879,normal_MPR,normal_MPR,0.116454515885343,Differentiated,MPR,Tumor_epithelial_AT2
BD_immune03_176336,tumor_MPR,tumor_MPR,0.496650044929489,Oligopotent,MPR,Tumor_epithelial_basal
BD_immune03_122998,tumor_MPR,tumor_MPR,0.527938835321025,Multipotent,MPR,Tumor_epithelial_basal
BD_immune03_8786,normal_MPR,normal_MPR,0.177801657057791,Unipotent,MPR,Tumor_epithelial_AT2
BD_immune03_788290,tumor_MPR,tumor_MPR,0.52686588262539,Multipotent,MPR,Tumor_epithelial_basal
BD_immune03_248350,Ciliated,Ciliated,0.0669686259216255,Differentiated,MPR,Ciliated_epithelial
BD_immune03_363479,normal_MPR,normal_MPR,0.121146592737629,Differentiated,MPR,Tumor_epithelial_AT2
BD_immune03_524132,tumor_MPR,tumor_MPR,0.479977733079321,Oligopotent,MPR,Tumor_epithelial_basal
BD_immune03_242960,tumor_MPR,tumor_MPR,0.489125843327162,Oligopotent,MPR,Tumor_epithelial_basal
BD_immune03_422195,tumor_MPR,tumor_MPR,0.545951022516783,Multipotent,MPR,Tumor_epithelial_basal
BD_immune03_680787,tumor_MPR,tumor_MPR,0.50866896734968,Multipotent,MPR,Tumor_epithelial_basal
BD_immune03_63271,normal_MPR,normal_MPR,0.040170323900146,Differentiated,MPR,Tumor_epithelial_AT2
BD_immune03_9196,tumor_MPR,tumor_MPR,0.537238408416234,Multipotent,MPR,Tumor_epithelial_basal
BD_immune03_362788,normal_MPR,normal_MPR,0.152421600252612,Differentiated,MPR,Tumor_epithelial_AT2
BD_immune03_723770,normal_MPR,normal_MPR,0.100721080554774,Differentiated,MPR,Tumor_epithelial_AT2
BD_immune03_388582,normal_MPR,normal_MPR,0.0714997626412214,Differentiated,MPR,Tumor_epithelial_AT2
BD_immune03_829838,normal_MPR,normal_MPR,0.140637777596678,Differentiated,MPR,Tumor_epithelial_AT2
BD_immune03_855588,tumor_MPR,tumor_MPR,0.601203747475831,Multipotent,MPR,Tumor_epithelial_basal
BD_immune03_141370,normal_MPR,normal_MPR,0.111521964032893,Differentiated,MPR,Tumor_epithelial_AT2
BD_immune03_594085,normal_MPR,normal_MPR,0.0446595175937749,Differentiated,MPR,Tumor_epithelial_AT2
BD_immune03_22349,normal_MPR,normal_MPR,0.0719951408905767,Differentiated,MPR,Tumor_epithelial_AT2
BD_immune03_698089,normal_MPR,normal_MPR,0.150090486155815,Differentiated,MPR,Tumor_epithelial_AT2
BD_immune03_685879,normal_MPR,normal_MPR,0.0990574818662242,Differentiated,MPR,Tumor_epithelial_AT2
BD_immune03_516905,normal_MPR,normal_MPR,0.152901818686546,Differentiated,MPR,Tumor_epithelial_AT2
BD_immune03_576449,normal_MPR,normal_MPR,0.439684868841419,Oligopotent,MPR,Tumor_epithelial_basal
BD_immune03_711995,normal_MPR,normal_MPR,0.453798236750687,Oligopotent,MPR,Tumor_epithelial_basal
BD_immune03_738486,normal_MPR,normal_MPR,0.147074144088579,Differentiated,MPR,Tumor_epithelial_AT2
BD_immune03_479724,tumor_MPR,tumor_MPR,0.626558290018703,Multipotent,MPR,Tumor_epithelial_basal
BD_immune03_144995,normal_MPR,normal_MPR,0.0962298833898526,Differentiated,MPR,Tumor_epithelial_AT2
BD_immune03_380019,normal_MPR,normal_MPR,0.107394613534354,Differentiated,MPR,Tumor_epithelial_AT2
BD_immune03_109107,normal_MPR,normal_MPR,0.225411294232171,Unipotent,MPR,Tumor_epithelial_AT2
BD_immune03_58079,normal_MPR,normal_MPR,0.0685935083015559,Differentiated,MPR,Tumor_epithelial_AT2
BD_immune03_490597,normal_MPR,normal_MPR,0.487053694984474,Oligopotent,MPR,Tumor_epithelial_basal
BD_immune03_198237,normal_MPR,normal_MPR,0.0923875869850398,Differentiated,MPR,Tumor_epithelial_AT2
BD_immune03_317885,normal_MPR,normal_MPR,0.43069524771769,Oligopotent,MPR,Tumor_epithelial_basal
BD_immune03_389078,normal_MPR,normal_MPR,0.100127970196312,Differentiated,MPR,Tumor_epithelial_AT2
BD_immune03_239446,tumor_MPR,tumor_MPR,0.613765406717173,Multipotent,MPR,Tumor_epithelial_basal
BD_immune03_719961,normal_MPR,normal_MPR,0.0217511900460701,Differentiated,MPR,Tumor_epithelial_AT2
BD_immune03_439546,normal_MPR,normal_MPR,0.124010504856383,Differentiated,MPR,Tumor_epithelial_AT2
BD_immune03_337281,normal_MPR,normal_MPR,0.470659480854224,Oligopotent,MPR,Tumor_epithelial_basal
BD_immune03_676358,normal_MPR,normal_MPR,0.111661178582318,Differentiated,MPR,Tumor_epithelial_AT2
BD_immune03_827670,normal_MPR,normal_MPR,0.466106819177946,Oligopotent,MPR,Tumor_epithelial_basal
BD_immune03_688047,normal_MPR,normal_MPR,0.0983430839814936,Differentiated,MPR,Tumor_epithelial_AT2
BD_immune03_620367,normal_MPR,normal_MPR,0.370691506018566,Oligopotent,MPR,Tumor_epithelial_basal
BD_immune03_799415,normal_MPR,normal_MPR,0.513998541043971,Multipotent,MPR,Tumor_epithelial_basal
BD_immune03_592102,normal_MPR,normal_MPR,0.129199508815223,Differentiated,MPR,Tumor_epithelial_AT2
BD_immune03_605834,normal_MPR,normal_MPR,0.112661095171038,Differentiated,MPR,Tumor_epithelial_AT2
BD_immune03_850167,normal_MPR,normal_MPR,0.114252425209108,Differentiated,MPR,Tumor_epithelial_AT2
BD_immune03_558353,normal_MPR,normal_MPR,0.103948819886538,Differentiated,MPR,Tumor_epithelial_AT2
BD_immune03_542457,normal_MPR,normal_MPR,0.469296640372814,Oligopotent,MPR,Tumor_epithelial_basal
BD_immune03_319776,normal_MPR,normal_MPR,0.143669139010483,Differentiated,MPR,Tumor_epithelial_AT2
BD_immune03_496704,normal_MPR,normal_MPR,0.130038919846228,Differentiated,MPR,Tumor_epithelial_AT2
BD_immune03_384150,normal_MPR,normal_MPR,0.200847323284159,Unipotent,MPR,Tumor_epithelial_AT2
BD_immune03_665808,normal_MPR,normal_MPR,0.577124127172243,Multipotent,MPR,Tumor_epithelial_basal
BD_immune03_129144,normal_MPR,normal_MPR,0.489396869257037,Oligopotent,MPR,Tumor_epithelial_basal
BD_immune03_451296,normal_MPR,normal_MPR,0.465607347803283,Oligopotent,MPR,Tumor_epithelial_basal
BD_immune03_162979,normal_MPR,normal_MPR,0.455620153849615,Oligopotent,MPR,Tumor_epithelial_basal
BD_immune03_210814,normal_MPR,normal_MPR,0.438553061886281,Oligopotent,MPR,Tumor_epithelial_basal
BD_immune03_518500,normal_MPR,normal_MPR,0.0321518910276004,Differentiated,MPR,Tumor_epithelial_AT2
BD_immune03_197719,normal_MPR,normal_MPR,0.143334134904029,Differentiated,MPR,Tumor_epithelial_AT2
BD_immune03_797433,normal_MPR,normal_MPR,0.479060648289176,Oligopotent,MPR,Tumor_epithelial_basal
BD_immune03_488481,normal_MPR,normal_MPR,0.522122072383298,Multipotent,MPR,Tumor_epithelial_basal
BD_immune03_57265,normal_MPR,normal_MPR,0.475249132289515,Oligopotent,MPR,Tumor_epithelial_basal
BD_immune03_595410,normal_MPR,normal_MPR,0.479467986225006,Oligopotent,MPR,Tumor_epithelial_basal
BD_immune03_653278,normal_MPR,normal_MPR,0.472536470840273,Oligopotent,MPR,Tumor_epithelial_basal
BD_immune03_524603,normal_MPR,normal_MPR,0.491905249129582,Oligopotent,MPR,Tumor_epithelial_basal
BD_immune03_535928,normal_MPR,normal_MPR,0.47265232721425,Oligopotent,MPR,Tumor_epithelial_basal
BD_immune03_273768,normal_MPR,normal_MPR,0.522552201234062,Multipotent,MPR,Tumor_epithelial_basal
BD_immune03_428111,normal_MPR,normal_MPR,0.523986950315535,Multipotent,MPR,Tumor_epithelial_basal
BD_immune03_684545,normal_MPR,normal_MPR,0.493314434291648,Oligopotent,MPR,Tumor_epithelial_basal
BD_immune03_151452,normal_MPR,normal_MPR,0.505664276754706,Multipotent,MPR,Tumor_epithelial_basal
BD_immune03_15605,normal_MPR,normal_MPR,0.126035683044615,Differentiated,MPR,Tumor_epithelial_AT2
BD_immune03_688512,normal_MPR,normal_MPR,0.111227634747663,Differentiated,MPR,Tumor_epithelial_AT2
BD_immune03_181030,normal_MPR,normal_MPR,0.420613128090316,Oligopotent,MPR,Tumor_epithelial_basal
BD_immune03_730911,normal_MPR,normal_MPR,0.484039276097452,Oligopotent,MPR,Tumor_epithelial_basal
BD_immune03_568403,normal_MPR,normal_MPR,0.467733607157319,Oligopotent,MPR,Tumor_epithelial_basal
BD_immune03_854149,normal_MPR,normal_MPR,0.532160217828757,Multipotent,MPR,Tumor_epithelial_basal
BD_immune03_302418,normal_MPR,normal_MPR,0.470370330207931,Oligopotent,MPR,Tumor_epithelial_basal
BD_immune03_697391,normal_MPR,normal_MPR,0.115846163373794,Differentiated,MPR,Tumor_epithelial_AT2
BD_immune03_107908,normal_MPR,normal_MPR,0.372028377560442,Oligopotent,MPR,Tumor_epithelial_basal
BD_immune03_264615,normal_MPR,normal_MPR,0.486811274941513,Oligopotent,MPR,Tumor_epithelial_basal
BD_immune03_105583,normal_MPR,normal_MPR,0.435084916000539,Oligopotent,MPR,Tumor_epithelial_basal
BD_immune03_133295,normal_MPR,normal_MPR,0.459029705968254,Oligopotent,MPR,Tumor_epithelial_basal
BD_immune03_402155,normal_MPR,normal_MPR,0.530059087264754,Multipotent,MPR,Tumor_epithelial_basal
BD_immune03_460622,normal_MPR,normal_MPR,0.472853558867469,Oligopotent,MPR,Tumor_epithelial_basal
BD_immune03_741565,normal_MPR,normal_MPR,0.403743920234865,Oligopotent,MPR,Tumor_epithelial_basal
BD_immune03_2736,normal_MPR,normal_MPR,0.460218848511286,Oligopotent,MPR,Tumor_epithelial_basal
BD_immune03_309520,normal_MPR,normal_MPR,0.0741154321633364,Differentiated,MPR,Tumor_epithelial_AT2
BD_immune03_856168,normal_MPR,normal_MPR,0.371737680497848,Oligopotent,MPR,Tumor_epithelial_basal
BD_immune03_400849,normal_MPR,normal_MPR,0.552354241865571,Multipotent,MPR,Tumor_epithelial_basal
BD_immune03_224696,normal_MPR,normal_MPR,0.464332674608201,Oligopotent,MPR,Tumor_epithelial_basal
BD_immune03_37954,normal_MPR,normal_MPR,0.492022696641658,Oligopotent,MPR,Tumor_epithelial_basal
BD_immune03_707364,normal_MPR,normal_MPR,0.51909680691282,Multipotent,MPR,Tumor_epithelial_basal
BD_immune03_34419,normal_MPR,normal_MPR,0.112683638047193,Differentiated,MPR,Tumor_epithelial_AT2
BD_immune03_205235,normal_MPR,normal_MPR,0.497054706046976,Oligopotent,MPR,Tumor_epithelial_basal
BD_immune03_794780,normal_MPR,normal_MPR,0.097214746080172,Differentiated,MPR,Tumor_epithelial_AT2
BD_immune03_217314,normal_MPR,normal_MPR,0.36286990800591,Oligopotent,MPR,Tumor_epithelial_basal
BD_immune03_848024,normal_MPR,normal_MPR,0.486218122312987,Oligopotent,MPR,Tumor_epithelial_basal
BD_immune03_293744,normal_MPR,normal_MPR,0.528252390711092,Multipotent,MPR,Tumor_epithelial_basal
BD_immune03_64313,normal_MPR,normal_MPR,0.46938721885454,Oligopotent,MPR,Tumor_epithelial_basal
BD_immune03_312194,normal_MPR,normal_MPR,0.469273094083789,Oligopotent,MPR,Tumor_epithelial_basal
BD_immune03_778181,,,0.55145728059199,Multipotent,MPR,Tumor_epithelial_basal
BD_immune03_457439,normal_MPR,normal_MPR,0.130644721863311,Differentiated,MPR,Tumor_epithelial_AT2
BD_immune03_624379,normal_MPR,normal_MPR,0.120219920831481,Differentiated,MPR,Tumor_epithelial_AT2
BD_immune03_455820,normal_MPR,normal_MPR,0.0620223972114191,Differentiated,MPR,Tumor_epithelial_AT2
BD_immune03_339517,normal_MPR,normal_MPR,0.448433255378986,Oligopotent,MPR,Tumor_epithelial_basal
BD_immune03_201660,normal_MPR,normal_MPR,0.47555821579464,Oligopotent,MPR,Tumor_epithelial_basal
BD_immune03_692647,normal_MPR,normal_MPR,0.42560406826703,Oligopotent,MPR,Tumor_epithelial_basal
BD_immune03_290861,normal_MPR,normal_MPR,0.0819880528498132,Differentiated,MPR,Tumor_epithelial_AT2
BD_immune03_750471,normal_MPR,normal_MPR,0.464584453303292,Oligopotent,MPR,Tumor_epithelial_basal
BD_immune03_836890,normal_MPR,normal_MPR,0.133414832793739,Differentiated,MPR,Tumor_epithelial_AT2
BD_immune03_386888,normal_MPR,normal_MPR,0.434660214246929,Oligopotent,MPR,Tumor_epithelial_basal
BD_immune03_1827,normal_MPR,normal_MPR,0.47408316229487,Oligopotent,MPR,Tumor_epithelial_basal
BD_immune03_475883,normal_MPR,normal_MPR,0.479455206057426,Oligopotent,MPR,Tumor_epithelial_basal
BD_immune03_420676,normal_MPR,normal_MPR,0.436877930061736,Oligopotent,MPR,Tumor_epithelial_basal
BD_immune03_840556,normal_MPR,normal_MPR,0.483335374804864,Oligopotent,MPR,Tumor_epithelial_basal
BD_immune03_325485,normal_MPR,normal_MPR,0.465910717218976,Oligopotent,MPR,Tumor_epithelial_basal
BD_immune03_752680,normal_MPR,normal_MPR,0.396901039445702,Oligopotent,MPR,Tumor_epithelial_basal
BD_immune03_381771,normal_MPR,normal_MPR,0.369150566046811,Oligopotent,MPR,Tumor_epithelial_basal
BD_immune03_498406,normal_MPR,normal_MPR,0.55700612135196,Multipotent,MPR,Tumor_epithelial_basal
BD_immune03_91394,normal_MPR,normal_MPR,0.47054579209386,Oligopotent,MPR,Tumor_epithelial_basal
BD_immune03_513447,normal_MPR,normal_MPR,0.428811396469082,Oligopotent,MPR,Tumor_epithelial_basal
BD_immune03_800859,normal_MPR,normal_MPR,0.481000795352924,Oligopotent,MPR,Tumor_epithelial_basal
BD_immune03_795817,normal_MPR,normal_MPR,0.517581560270239,Multipotent,MPR,Tumor_epithelial_basal
BD_immune03_81421,normal_MPR,normal_MPR,0.485251120028093,Oligopotent,MPR,Tumor_epithelial_basal
BD_immune03_694373,normal_MPR,normal_MPR,0.425324580464635,Oligopotent,MPR,Tumor_epithelial_basal
BD_immune03_278484,normal_MPR,normal_MPR,0.372310295306423,Oligopotent,MPR,Tumor_epithelial_basal
BD_immune03_510434,normal_MPR,normal_MPR,0.44889253617939,Oligopotent,MPR,Tumor_epithelial_basal
BD_immune03_184035,normal_MPR,normal_MPR,0.437640646657537,Oligopotent,MPR,Tumor_epithelial_basal
BD_immune03_78080,normal_MPR,normal_MPR,0.602735893187305,Multipotent,MPR,Tumor_epithelial_basal
BD_immune03_576735,normal_MPR,normal_MPR,0.447312360220172,Oligopotent,MPR,Tumor_epithelial_basal
BD_immune03_621254,normal_MPR,normal_MPR,0.471295296626,Oligopotent,MPR,Tumor_epithelial_basal
BD_immune03_720989,normal_MPR,normal_MPR,0.564470246557486,Multipotent,MPR,Tumor_epithelial_basal
BD_immune03_567803,normal_MPR,normal_MPR,0.447550541292997,Oligopotent,MPR,Tumor_epithelial_basal
BD_immune03_558210,normal_MPR,normal_MPR,0.47010193388196,Oligopotent,MPR,Tumor_epithelial_basal
BD_immune03_731749,normal_MPR,normal_MPR,0.456289066775536,Oligopotent,MPR,Tumor_epithelial_basal
BD_immune03_433141,normal_MPR,normal_MPR,0.417433155090314,Oligopotent,MPR,Tumor_epithelial_basal
BD_immune03_637323,normal_MPR,normal_MPR,0.434250932008192,Oligopotent,MPR,Tumor_epithelial_basal
BD_immune03_785325,normal_MPR,normal_MPR,0.41096690117915,Oligopotent,MPR,Tumor_epithelial_basal
BD_immune03_167801,normal_MPR,normal_MPR,0.455294366546967,Oligopotent,MPR,Tumor_epithelial_basal
BD_immune03_39610,normal_MPR,normal_MPR,0.374119980768563,Oligopotent,MPR,Tumor_epithelial_basal
BD_immune03_433105,normal_MPR,normal_MPR,0.365843006056386,Oligopotent,MPR,Tumor_epithelial_basal
BD_immune03_159591,normal_MPR,normal_MPR,0.715074250325675,Pluripotent,MPR,Tumor_epithelial_basal
BD_immune03_239364,normal_MPR,normal_MPR,0.477273041921037,Oligopotent,MPR,Tumor_epithelial_basal
BD_immune03_821545,normal_MPR,normal_MPR,0.384485561097243,Oligopotent,MPR,Tumor_epithelial_basal
BD_immune03_824055,normal_MPR,normal_MPR,0.496544007090735,Oligopotent,MPR,Tumor_epithelial_basal
BD_immune03_220624,normal_MPR,normal_MPR,0.462317328979214,Oligopotent,MPR,Tumor_epithelial_basal
BD_immune03_593206,normal_MPR,normal_MPR,0.472082771404011,Oligopotent,MPR,Tumor_epithelial_basal
BD_immune03_466612,normal_MPR,normal_MPR,0.446463930251303,Oligopotent,MPR,Tumor_epithelial_basal
BD_immune03_146105,normal_MPR,normal_MPR,0.354414272737009,Oligopotent,MPR,Tumor_epithelial_basal
BD_immune03_302402,,,0.468427068622828,Oligopotent,MPR,Tumor_epithelial_basal
BD_immune03_460617,,,0.440492058515149,Oligopotent,MPR,Tumor_epithelial_basal
BD_immune03_822666,,,0.469029607638046,Oligopotent,MPR,Tumor_epithelial_basal
BD_immune03_36915,normal_MPR,normal_MPR,0.459997937833303,Oligopotent,MPR,Tumor_epithelial_basal
BD_immune03_114453,normal_MPR,normal_MPR,0.414061020663921,Oligopotent,MPR,Tumor_epithelial_basal
BD_immune03_621203,normal_MPR,normal_MPR,0.470286717180628,Oligopotent,MPR,Tumor_epithelial_basal
BD_immune03_211973,normal_MPR,normal_MPR,0.532209483335346,Multipotent,MPR,Tumor_epithelial_basal
BD_immune03_588729,normal_MPR,normal_MPR,0.540226351386242,Multipotent,MPR,Tumor_epithelial_basal
BD_immune03_246795,normal_MPR,normal_MPR,0.326753235764828,Unipotent,MPR,Tumor_epithelial_basal
BD_immune03_595413,normal_MPR,normal_MPR,0.474863933762617,Oligopotent,MPR,Tumor_epithelial_basal
BD_immune03_179501,normal_MPR,normal_MPR,0.443874037458752,Oligopotent,MPR,Tumor_epithelial_basal
BD_immune03_643231,normal_MPR,normal_MPR,0.408893566215987,Oligopotent,MPR,Tumor_epithelial_basal
BD_immune03_487664,,,0.44912264948934,Oligopotent,MPR,Tumor_epithelial_basal
BD_immune03_511216,,,0.523870434644948,Multipotent,MPR,Tumor_epithelial_basal
BD_immune03_848065,normal_MPR,normal_MPR,0.454061759335813,Oligopotent,MPR,Tumor_epithelial_basal
BD_immune03_383672,normal_MPR,normal_MPR,0.483523790366232,Oligopotent,MPR,Tumor_epithelial_basal
BD_immune03_439021,normal_MPR,normal_MPR,0.452833492614595,Oligopotent,MPR,Tumor_epithelial_basal
BD_immune03_214953,normal_MPR,normal_MPR,0.385139735600197,Oligopotent,MPR,Tumor_epithelial_basal
BD_immune03_36176,normal_MPR,normal_MPR,0.438785645835102,Oligopotent,MPR,Tumor_epithelial_basal
BD_immune03_329648,normal_MPR,normal_MPR,0.484162420605021,Oligopotent,MPR,Tumor_epithelial_basal
BD_immune03_211062,normal_MPR,normal_MPR,0.392265823089577,Oligopotent,MPR,Tumor_epithelial_basal
BD_immune03_314675,normal_MPR,normal_MPR,0.346439374165469,Oligopotent,MPR,Tumor_epithelial_basal
BD_immune03_165927,normal_MPR,normal_MPR,0.43859670105796,Oligopotent,MPR,Tumor_epithelial_basal
BD_immune03_68104,normal_MPR,normal_MPR,0.39645589062823,Oligopotent,MPR,Tumor_epithelial_basal
BD_immune03_507713,normal_MPR,normal_MPR,0.0921045686974574,Differentiated,MPR,Tumor_epithelial_AT2
BD_immune03_544522,normal_MPR,normal_MPR,0.0515674746123921,Differentiated,MPR,Tumor_epithelial_AT2
BD_immune03_65724,normal_MPR,normal_MPR,0.412138677841967,Oligopotent,MPR,Tumor_epithelial_basal
BD_immune03_372269,,,0.426385975372875,Oligopotent,MPR,Tumor_epithelial_basal
BD_immune03_859827,normal_MPR,normal_MPR,0.448638640223702,Oligopotent,MPR,Tumor_epithelial_basal
BD_immune03_52169,normal_MPR,normal_MPR,0.41822181182435,Oligopotent,MPR,Tumor_epithelial_basal
BD_immune03_542493,,,0.409870246248153,Oligopotent,MPR,Tumor_epithelial_basal
BD_immune03_860254,normal_MPR,normal_MPR,0.419734170747625,Oligopotent,MPR,Tumor_epithelial_basal
BD_immune03_672263,normal_MPR,normal_MPR,0.458310270092562,Oligopotent,MPR,Tumor_epithelial_basal
BD_immune03_766683,normal_MPR,normal_MPR,0.47043368671282,Oligopotent,MPR,Tumor_epithelial_basal
BD_immune03_812145,normal_MPR,normal_MPR,0.446524582325134,Oligopotent,MPR,Tumor_epithelial_basal
BD_immune03_322655,normal_MPR,normal_MPR,0.35699802221792,Oligopotent,MPR,Tumor_epithelial_basal
BD_immune03_522533,normal_MPR,normal_MPR,0.296085497783211,Unipotent,MPR,Tumor_epithelial_basal
BD_immune03_162501,normal_MPR,normal_MPR,0.471956359593267,Oligopotent,MPR,Tumor_epithelial_basal
BD_immune03_188103,,,0.325656277447171,Unipotent,MPR,Tumor_epithelial_basal
BD_immune03_43110,normal_MPR,normal_MPR,0.1471664298822,Differentiated,MPR,Tumor_epithelial_AT2
BD_immune03_62996,normal_MPR,normal_MPR,0.477451350025726,Oligopotent,MPR,Tumor_epithelial_basal
BD_immune03_146594,normal_MPR,normal_MPR,0.262859431102181,Unipotent,MPR,Tumor_epithelial_basal
BD_immune03_640169,normal_MPR,normal_MPR,0.363014370126909,Oligopotent,MPR,Tumor_epithelial_basal
BD_immune03_796026,normal_MPR,normal_MPR,0.431489714862594,Oligopotent,MPR,Tumor_epithelial_basal
BD_immune03_670826,normal_MPR,normal_MPR,0.403772893118788,Oligopotent,MPR,Tumor_epithelial_basal
BD_immune03_523138,normal_MPR,normal_MPR,0.37792287658567,Oligopotent,MPR,Tumor_epithelial_basal
BD_immune03_759567,,,0.327034528031362,Unipotent,MPR,Tumor_epithelial_basal
BD_immune03_72924,normal_MPR,normal_MPR,0.440625123331641,Oligopotent,MPR,Tumor_epithelial_basal
BD_immune03_559413,,,0.419191737067251,Oligopotent,MPR,Tumor_epithelial_basal
BD_immune03_884172,normal_MPR,normal_MPR,0.43669579156907,Oligopotent,MPR,Tumor_epithelial_basal
BD_immune03_470727,normal_MPR,normal_MPR,0.399087216883042,Oligopotent,MPR,Tumor_epithelial_basal
BD_immune03_428847,normal_MPR,normal_MPR,0.481211731866984,Oligopotent,MPR,Tumor_epithelial_basal
BD_immune03_830705,,,0.452049822331557,Oligopotent,MPR,Tumor_epithelial_basal
BD_immune03_747818,normal_MPR,normal_MPR,0.430427636551321,Oligopotent,MPR,Tumor_epithelial_basal
BD_immune03_481078,,,0.346697120781322,Oligopotent,MPR,Tumor_epithelial_basal
BD_immune03_152402,normal_MPR,normal_MPR,0.374835578161231,Oligopotent,MPR,Tumor_epithelial_basal
BD_immune03_217762,normal_MPR,normal_MPR,0.471835420351293,Oligopotent,MPR,Tumor_epithelial_basal
BD_immune03_115149,normal_MPR,normal_MPR,0.478053409878573,Oligopotent,MPR,Tumor_epithelial_basal
BD_immune03_121224,,,0.438063090802289,Oligopotent,MPR,Tumor_epithelial_basal
BD_immune03_120151,normal_MPR,normal_MPR,0.420297119404914,Oligopotent,MPR,Tumor_epithelial_basal
BD_immune03_701859,,,0.406651394519534,Oligopotent,MPR,Tumor_epithelial_basal
BD_immune03_597244,,,0.403581434354668,Oligopotent,MPR,Tumor_epithelial_basal
BD_immune03_218294,,,0.425429762768995,Oligopotent,MPR,Tumor_epithelial_basal
BD_immune03_727244,,,0.369737250006353,Oligopotent,MPR,Tumor_epithelial_basal
BD_immune03_286075,normal_MPR,normal_MPR,0.395451110069729,Oligopotent,MPR,Tumor_epithelial_basal
BD_immune03_613399,,,0.392606298328988,Oligopotent,MPR,Tumor_epithelial_basal
BD_immune03_187399,normal_MPR,normal_MPR,0.387658166952271,Oligopotent,MPR,Tumor_epithelial_basal
BD_immune03_44539,normal_MPR,normal_MPR,0.46872295978289,Oligopotent,MPR,Tumor_epithelial_basal
BD_immune03_705637,normal_MPR,normal_MPR,0.264048863028897,Unipotent,MPR,Tumor_epithelial_AT2
BD_immune03_689053,normal_MPR,normal_MPR,0.432407498578095,Oligopotent,MPR,Tumor_epithelial_basal
BD_immune03_796658,normal_MPR,normal_MPR,0.447449853225627,Oligopotent,MPR,Tumor_epithelial_basal
BD_immune03_357644,,,0.438563566333635,Oligopotent,MPR,Tumor_epithelial_basal
BD_immune03_780204,normal_MPR,normal_MPR,0.461513399410966,Oligopotent,MPR,Tumor_epithelial_basal
BD_immune03_208158,,,0.383055881031047,Oligopotent,MPR,Tumor_epithelial_basal
BD_immune03_540987,normal_MPR,normal_MPR,0.284776034192024,Unipotent,MPR,Tumor_epithelial_basal
BD_immune03_516903,,,0.39908325248753,Oligopotent,MPR,Tumor_epithelial_basal
BD_immune03_832654,normal_MPR,normal_MPR,0.40122882307304,Oligopotent,MPR,Tumor_epithelial_basal
BD_immune03_637206,normal_MPR,normal_MPR,0.392394330162861,Oligopotent,MPR,Tumor_epithelial_basal
BD_immune03_83746,,,0.284741805768044,Unipotent,MPR,Tumor_epithelial_basal
BD_immune03_738958,normal_MPR,normal_MPR,0.443338459244659,Oligopotent,MPR,Tumor_epithelial_basal
BD_immune03_850555,normal_MPR,normal_MPR,0.418727079304152,Oligopotent,MPR,Tumor_epithelial_basal
BD_immune03_840885,normal_MPR,normal_MPR,0.363312729409557,Oligopotent,MPR,Tumor_epithelial_basal
BD_immune03_30433,normal_MPR,normal_MPR,0.413053923823564,Oligopotent,MPR,Tumor_epithelial_basal
BD_immune03_69073,,,0.352726201175087,Oligopotent,MPR,Tumor_epithelial_basal
BD_immune03_392731,normal_MPR,normal_MPR,0.403840352745921,Oligopotent,MPR,Tumor_epithelial_basal
BD_immune03_317989,normal_MPR,normal_MPR,0.498201660011863,Oligopotent,MPR,Tumor_epithelial_basal
BD_immune03_283923,,,0.390521171979775,Oligopotent,MPR,Tumor_epithelial_basal
BD_immune03_717422,,,0.452588228720089,Oligopotent,MPR,Tumor_epithelial_basal
BD_immune03_849854,,,0.338836938714294,Oligopotent,MPR,Tumor_epithelial_basal
BD_immune03_114811,normal_MPR,normal_MPR,0.331311358037001,Unipotent,MPR,Tumor_epithelial_basal
BD_immune03_71950,normal_MPR,normal_MPR,0.385080329377006,Oligopotent,MPR,Tumor_epithelial_basal
BD_immune03_440973,,,0.468454746793955,Oligopotent,MPR,Tumor_epithelial_basal
BD_immune03_798039,,,0.36262457806553,Oligopotent,MPR,Tumor_epithelial_basal
BD_immune03_388977,,,0.33995597373366,Oligopotent,MPR,Tumor_epithelial_basal
BD_immune03_313720,,,0.439465777071445,Oligopotent,MPR,Tumor_epithelial_basal
BD_immune03_354368,,,0.426873294800591,Oligopotent,MPR,Tumor_epithelial_basal
BD_immune03_402535,,,0.552680981100103,Multipotent,MPR,Tumor_epithelial_basal
BD_immune03_232657,,,0.45720908798115,Oligopotent,MPR,Tumor_epithelial_basal
BD_immune03_751912,,,0.327079044858327,Unipotent,MPR,Tumor_epithelial_basal
BD_immune03_187437,,,0.441955995711392,Oligopotent,MPR,Tumor_epithelial_basal
BD_immune03_414773,,,0.402591364036363,Oligopotent,MPR,Tumor_epithelial_basal
BD_immune03_692650,,,0.404341632509994,Oligopotent,MPR,Tumor_epithelial_basal
BD_immune03_209185,normal_MPR,normal_MPR,0.477113996497543,Oligopotent,MPR,Tumor_epithelial_basal
BD_immune03_49877,,,0.438963519520846,Oligopotent,MPR,Tumor_epithelial_basal
BD_immune03_188964,normal_MPR,normal_MPR,0.32078898566774,Unipotent,MPR,Tumor_epithelial_basal
BD_immune03_826754,normal_MPR,normal_MPR,0.463547697339359,Oligopotent,MPR,Tumor_epithelial_basal
BD_immune03_287603,normal_MPR,normal_MPR,0.0664123602514038,Differentiated,MPR,Tumor_epithelial_AT2
BD_immune03_210691,,,0.28830912345284,Unipotent,MPR,Tumor_epithelial_basal
BD_immune03_61413,,,0.371452691710235,Oligopotent,MPR,Tumor_epithelial_basal
BD_immune03_140120,,,0.431112178429118,Oligopotent,MPR,Tumor_epithelial_basal
BD_immune03_662179,,,0.403255883656705,Oligopotent,MPR,Tumor_epithelial_basal
BD_immune03_360360,normal_MPR,normal_MPR,0.291354002861295,Unipotent,MPR,Tumor_epithelial_basal
BD_immune03_383391,normal_MPR,normal_MPR,0.42537321185749,Oligopotent,MPR,Tumor_epithelial_basal
BD_immune03_102353,,,0.412016289052995,Oligopotent,MPR,Tumor_epithelial_basal
BD_immune03_30472,,,0.364001535444662,Oligopotent,MPR,Tumor_epithelial_basal
BD_immune03_427661,normal_MPR,normal_MPR,0.36263661488582,Oligopotent,MPR,Tumor_epithelial_basal
BD_immune03_156791,,,0.361766722610107,Oligopotent,MPR,Tumor_epithelial_basal
BD_immune03_629781,,,0.407420864791223,Oligopotent,MPR,Tumor_epithelial_basal
BD_immune03_406157,,,0.337352584568859,Oligopotent,MPR,Tumor_epithelial_basal
BD_immune03_753882,,,0.439466189051986,Oligopotent,MPR,Tumor_epithelial_basal
BD_immune03_186961,normal_MPR,normal_MPR,0.460650363423717,Oligopotent,MPR,Tumor_epithelial_basal
BD_immune03_375879,,,0.322626464971546,Unipotent,MPR,Tumor_epithelial_basal
BD_immune03_707713,normal_MPR,normal_MPR,0.296757495480573,Unipotent,MPR,Tumor_epithelial_basal
BD_immune03_829276,,,0.438182148271092,Oligopotent,MPR,Tumor_epithelial_basal
BD_immune03_203490,,,0.0426043523432971,Differentiated,MPR,Tumor_epithelial_AT2
BD_immune03_117481,normal_MPR,normal_MPR,0.423447326443211,Oligopotent,MPR,Tumor_epithelial_basal
BD_immune03_777311,,,0.309053046070128,Unipotent,MPR,Tumor_epithelial_basal
BD_immune03_785031,normal_MPR,normal_MPR,0.427900467817581,Oligopotent,MPR,Tumor_epithelial_basal
BD_immune03_371789,,,0.398473859106355,Oligopotent,MPR,Tumor_epithelial_basal
BD_immune03_6672,,,0.320367019996188,Unipotent,MPR,Tumor_epithelial_basal
BD_immune03_198348,,,0.459587269948255,Oligopotent,MPR,Tumor_epithelial_basal
BD_immune03_216169,,,0.142630298937832,Differentiated,MPR,Tumor_epithelial_AT2
BD_immune03_375649,,,0.392194928231882,Oligopotent,MPR,Tumor_epithelial_basal
BD_immune03_67993,normal_MPR,normal_MPR,0.400825439514154,Oligopotent,MPR,Tumor_epithelial_basal
BD_immune03_801242,normal_MPR,normal_MPR,0.465700870257753,Oligopotent,MPR,Tumor_epithelial_basal
BD_immune03_393298,normal_MPR,normal_MPR,0.0712320216421605,Differentiated,MPR,Tumor_epithelial_AT2
BD_immune03_645938,,,0.429201406149812,Oligopotent,MPR,Tumor_epithelial_basal
BD_immune03_649301,,,0.486548162259914,Oligopotent,MPR,Tumor_epithelial_basal
BD_immune03_296245,,,0.300365538059927,Unipotent,MPR,Tumor_epithelial_basal
BD_immune03_545775,,,0.458172558745007,Oligopotent,MPR,Tumor_epithelial_basal
BD_immune03_877161,,,0.423787165490967,Oligopotent,MPR,Tumor_epithelial_basal
BD_immune03_163252,normal_MPR,normal_MPR,0.342864608941907,Oligopotent,MPR,Tumor_epithelial_basal
BD_immune03_75060,,,0.391277664973531,Oligopotent,MPR,Tumor_epithelial_basal
BD_immune03_179064,,,0.479451283769616,Oligopotent,MPR,Tumor_epithelial_basal
BD_immune03_589013,,,0.394970333527222,Oligopotent,MPR,Tumor_epithelial_basal
BD_immune03_249721,,,0.376924926630598,Oligopotent,MPR,Tumor_epithelial_basal
BD_immune03_91091,,,0.392587458331251,Oligopotent,MPR,Tumor_epithelial_basal
BD_immune03_741367,normal_MPR,normal_MPR,0.251076086620219,Unipotent,MPR,Tumor_epithelial_basal
BD_immune03_750624,,,0.390537639234848,Oligopotent,MPR,Tumor_epithelial_basal
BD_immune03_24158,normal_MPR,normal_MPR,0.298995666465621,Unipotent,MPR,Tumor_epithelial_basal
BD_immune03_839659,,,0.36316844615048,Oligopotent,MPR,Tumor_epithelial_basal
BD_immune03_484355,,,0.417098510221616,Oligopotent,MPR,Tumor_epithelial_basal
BD_immune03_852802,,,0.448312021489766,Oligopotent,MPR,Tumor_epithelial_basal
BD_immune03_334693,,,0.157619493477391,Differentiated,MPR,Tumor_epithelial_basal
BD_immune03_711196,,,0.272757666223575,Unipotent,MPR,Tumor_epithelial_basal
BD_immune03_395151,normal_MPR,normal_MPR,0.383966589410868,Oligopotent,MPR,Tumor_epithelial_basal
BD_immune03_438085,normal_MPR,normal_MPR,0.462823493668467,Oligopotent,MPR,Tumor_epithelial_basal
BD_immune03_39071,,,0.293671488362992,Unipotent,MPR,Tumor_epithelial_basal
BD_immune03_689163,,,0.35299095381085,Oligopotent,MPR,Tumor_epithelial_basal
BD_immune03_858951,,,0.436764453423701,Oligopotent,MPR,Tumor_epithelial_basal
BD_immune03_563501,,,0.455750983696113,Oligopotent,MPR,Tumor_epithelial_basal
BD_immune03_594287,,,0.426845446588345,Oligopotent,MPR,Tumor_epithelial_basal
BD_immune03_247819,normal_MPR,normal_MPR,0.320600485667873,Unipotent,MPR,Tumor_epithelial_basal
BD_immune03_362217,,,0.406917869312468,Oligopotent,MPR,Tumor_epithelial_basal
BD_immune03_164957,,,0.289689104850395,Unipotent,MPR,Tumor_epithelial_basal
BD_immune03_607292,,,0.466763533559115,Oligopotent,MPR,Tumor_epithelial_basal
BD_immune03_331530,normal_MPR,normal_MPR,0.480752700185518,Oligopotent,MPR,Tumor_epithelial_basal
BD_immune03_625958,,,0.443578500719927,Oligopotent,MPR,Tumor_epithelial_basal
BD_immune03_637571,,,0.35332361369132,Oligopotent,MPR,Tumor_epithelial_basal
BD_immune03_211525,,,0.378885099912565,Oligopotent,MPR,Tumor_epithelial_basal
BD_immune03_524535,normal_MPR,normal_MPR,0.332376658347087,Unipotent,MPR,Tumor_epithelial_basal
BD_immune03_700745,normal_MPR,normal_MPR,0.422969567899716,Oligopotent,MPR,Tumor_epithelial_basal
BD_immune03_245750,normal_MPR,normal_MPR,0.396117849334384,Oligopotent,MPR,Tumor_epithelial_basal
BD_immune03_683237,,,0.3049197885412,Unipotent,MPR,Tumor_epithelial_basal
BD_immune03_385026,normal_MPR,normal_MPR,0.366129960428644,Oligopotent,MPR,Tumor_epithelial_basal
BD_immune03_795383,,,0.356425962252643,Oligopotent,MPR,Tumor_epithelial_basal
BD_immune03_277733,,,0.420281356649563,Oligopotent,MPR,Tumor_epithelial_basal
BD_immune03_586175,normal_MPR,normal_MPR,0.309991056605459,Unipotent,MPR,Tumor_epithelial_basal
BD_immune03_171159,normal_MPR,normal_MPR,0.449127506302853,Oligopotent,MPR,Tumor_epithelial_basal
BD_immune03_96643,,,0.41235561091496,Oligopotent,MPR,Tumor_epithelial_basal
BD_immune03_114479,,,0.348973462590008,Oligopotent,MPR,Tumor_epithelial_basal
BD_immune03_533625,normal_MPR,normal_MPR,0.338243093076523,Oligopotent,MPR,Tumor_epithelial_basal
BD_immune03_794625,normal_MPR,normal_MPR,0.447100893719183,Oligopotent,MPR,Tumor_epithelial_basal
BD_immune03_630240,normal_MPR,normal_MPR,0.460038674453737,Oligopotent,MPR,Tumor_epithelial_basal
BD_immune03_303046,normal_MPR,normal_MPR,0.438226011775629,Oligopotent,MPR,Tumor_epithelial_basal
BD_immune03_212180,,,0.428847269184841,Oligopotent,MPR,Tumor_epithelial_basal
BD_immune03_574934,,,0.412017160194198,Oligopotent,MPR,Tumor_epithelial_basal
BD_immune03_859117,normal_MPR,normal_MPR,0.33617577666229,Oligopotent,MPR,Tumor_epithelial_basal
BD_immune03_86135,,,0.365645097987788,Oligopotent,MPR,Tumor_epithelial_basal
BD_immune03_11950,,,0.459604823952814,Oligopotent,MPR,Tumor_epithelial_basal
BD_immune03_80903,normal_MPR,normal_MPR,0.374462394000799,Oligopotent,MPR,Tumor_epithelial_basal
BD_immune03_417863,,,0.399010780983226,Oligopotent,MPR,Tumor_epithelial_basal
BD_immune03_339662,,,0.398981593468301,Oligopotent,MPR,Tumor_epithelial_basal
BD_immune03_16347,,,0.4100505654164,Oligopotent,MPR,Tumor_epithelial_basal
BD_immune03_377972,,,0.303499865907521,Unipotent,MPR,Tumor_epithelial_basal
BD_immune03_465970,,,0.43021291827953,Oligopotent,MPR,Tumor_epithelial_basal
BD_immune03_666681,,,0.0234792701100263,Differentiated,MPR,Tumor_epithelial_AT2
BD_immune03_80679,,,0.441795716258297,Oligopotent,MPR,Tumor_epithelial_basal
BD_immune03_449131,,,0.328430383285754,Unipotent,MPR,Tumor_epithelial_basal
BD_immune03_508122,,,0.250340220488451,Unipotent,MPR,Tumor_epithelial_basal
BD_immune03_42689,,,0.476381097624518,Oligopotent,MPR,Tumor_epithelial_basal
BD_immune03_856372,,,0.415981315001788,Oligopotent,MPR,Tumor_epithelial_basal
BD_immune03_16108,,,0.366322647526979,Oligopotent,MPR,Tumor_epithelial_basal
BD_immune03_867748,,,0.323255466723792,Unipotent,MPR,Tumor_epithelial_basal
BD_immune03_509911,,,0.392046457574976,Oligopotent,MPR,Tumor_epithelial_basal
BD_immune03_321833,,,0.375029471935755,Oligopotent,MPR,Tumor_epithelial_basal
BD_immune03_150289,normal_MPR,normal_MPR,0.256899260440194,Unipotent,MPR,Tumor_epithelial_basal
BD_immune03_831970,,,0.312601293984058,Unipotent,MPR,Tumor_epithelial_basal
BD_immune03_208095,,,0.37427734748673,Oligopotent,MPR,Tumor_epithelial_basal
BD_immune03_32391,normal_MPR,normal_MPR,0.354212652769531,Oligopotent,MPR,Tumor_epithelial_basal
BD_immune03_191567,normal_MPR,normal_MPR,0.41912258094223,Oligopotent,MPR,Tumor_epithelial_basal
BD_immune03_873689,,,0.453310351942624,Oligopotent,MPR,Tumor_epithelial_basal
BD_immune03_157152,,,0.467750874914998,Oligopotent,MPR,Tumor_epithelial_basal
BD_immune03_233040,normal_MPR,normal_MPR,0.356209701008117,Oligopotent,MPR,Tumor_epithelial_basal
BD_immune03_609855,,,0.396809271001887,Oligopotent,MPR,Tumor_epithelial_basal
BD_immune03_846261,normal_MPR,normal_MPR,0.383344633490526,Oligopotent,MPR,Tumor_epithelial_basal
BD_immune03_372819,,,0.347724994293201,Oligopotent,MPR,Tumor_epithelial_basal
BD_immune03_350899,,,0.195572102188138,Unipotent,MPR,Tumor_epithelial_AT2
BD_immune03_380593,,,0.347367198631998,Oligopotent,MPR,Tumor_epithelial_basal
BD_immune03_759341,,,0.291993363524046,Unipotent,MPR,Tumor_epithelial_basal
BD_immune03_865994,,,0.397239506608604,Oligopotent,MPR,Tumor_epithelial_basal
BD_immune03_539320,normal_MPR,normal_MPR,0.293162223562609,Unipotent,MPR,Tumor_epithelial_basal
BD_immune03_357260,,,0.479209640460955,Oligopotent,MPR,Tumor_epithelial_basal
BD_immune03_454248,,,0.376532824535335,Oligopotent,MPR,Tumor_epithelial_basal
BD_immune03_792727,,,0.37242875750056,Oligopotent,MPR,Tumor_epithelial_basal
BD_immune03_660199,,,0.347100142307768,Oligopotent,MPR,Tumor_epithelial_basal
BD_immune03_706956,normal_MPR,normal_MPR,0.280174608415787,Unipotent,MPR,Tumor_epithelial_basal
BD_immune03_204732,,,0.43060717409714,Oligopotent,MPR,Tumor_epithelial_basal
BD_immune03_515038,normal_MPR,normal_MPR,0.446023997630646,Oligopotent,MPR,Tumor_epithelial_basal
BD_immune03_16256,,,0.350698924908573,Oligopotent,MPR,Tumor_epithelial_basal
BD_immune03_88133,,,0.422761992417826,Oligopotent,MPR,Tumor_epithelial_basal
BD_immune03_755387,,,0.319074573501398,Unipotent,MPR,Tumor_epithelial_basal
BD_immune03_771025,normal_MPR,normal_MPR,0.29605162700434,Unipotent,MPR,Tumor_epithelial_basal
BD_immune03_747079,,,0.383704814517779,Oligopotent,MPR,Tumor_epithelial_basal
BD_immune03_438920,,,0.374286578513431,Oligopotent,MPR,Tumor_epithelial_basal
BD_immune03_606055,normal_MPR,normal_MPR,0.411934122589136,Oligopotent,MPR,Tumor_epithelial_basal
BD_immune03_658856,,,0.3676288386055,Oligopotent,MPR,Tumor_epithelial_basal
BD_immune03_312225,,,0.248079778214798,Unipotent,MPR,Tumor_epithelial_basal
BD_immune03_649410,,,0.403695734434804,Oligopotent,MPR,Tumor_epithelial_basal
BD_immune03_107263,,,0.420692600265148,Oligopotent,MPR,Tumor_epithelial_basal
BD_immune03_615952,,,0.375021345374241,Oligopotent,MPR,Tumor_epithelial_basal
BD_immune03_75305,,,0.350411650369691,Oligopotent,MPR,Tumor_epithelial_basal
BD_immune03_201473,,,0.456148371539662,Oligopotent,MPR,Tumor_epithelial_basal
BD_immune03_723368,,,0.325041205283264,Unipotent,MPR,Tumor_epithelial_basal
BD_immune03_452627,normal_MPR,normal_MPR,0.319110391395086,Unipotent,MPR,Tumor_epithelial_basal
BD_immune03_413677,,,0.343184128538407,Oligopotent,MPR,Tumor_epithelial_basal
BD_immune03_723420,,,0.344194006623942,Oligopotent,MPR,Tumor_epithelial_basal
BD_immune03_225945,,,0.403426298024736,Oligopotent,MPR,Tumor_epithelial_basal
BD_immune03_389177,,,0.420581167710914,Oligopotent,MPR,Tumor_epithelial_basal
BD_immune03_424712,,,0.42005500811642,Oligopotent,MPR,Tumor_epithelial_basal
BD_immune03_668261,,,0.16019742516911,Differentiated,MPR,Tumor_epithelial_basal
BD_immune03_768552,,,0.361397558791034,Oligopotent,MPR,Tumor_epithelial_basal
BD_immune03_189057,,,0.374644949775015,Oligopotent,MPR,Tumor_epithelial_basal
BD_immune03_275643,,,0.439728056029704,Oligopotent,MPR,Tumor_epithelial_basal
BD_immune03_432218,,,0.382213167723638,Oligopotent,MPR,Tumor_epithelial_basal
BD_immune03_298581,,,0.327137205262688,Unipotent,MPR,Tumor_epithelial_basal
BD_immune03_474150,normal_MPR,normal_MPR,0.389056373323204,Oligopotent,MPR,Tumor_epithelial_basal
BD_immune03_519566,,,0.344366900478609,Oligopotent,MPR,Tumor_epithelial_basal
BD_immune03_297521,,,0.292318992903028,Unipotent,MPR,Tumor_epithelial_basal
BD_immune03_47441,,,0.294291907218355,Unipotent,MPR,Tumor_epithelial_basal
BD_immune03_700190,,,0.358741103658788,Oligopotent,MPR,Tumor_epithelial_basal
BD_immune03_352581,normal_MPR,normal_MPR,0.116316815140075,Differentiated,MPR,Tumor_epithelial_AT2
BD_immune03_27828,,,0.159446282302969,Differentiated,MPR,Tumor_epithelial_basal
BD_immune03_393915,,,0.291403456636383,Unipotent,MPR,Tumor_epithelial_AT2
BD_immune03_801339,,,0.261503631984754,Unipotent,MPR,Tumor_epithelial_basal
BD_immune03_291202,,,0.298368682565316,Unipotent,MPR,Tumor_epithelial_basal
BD_immune03_828357,,,0.283523904633361,Unipotent,MPR,Tumor_epithelial_basal
BD_immune03_466327,,,0.288975060750515,Unipotent,MPR,Tumor_epithelial_basal
BD_immune03_283492,,,0.24393785301734,Unipotent,MPR,Tumor_epithelial_basal
BD_immune03_865635,,,0.351428473545528,Oligopotent,MPR,Tumor_epithelial_basal
BD_immune03_424586,,,0.323421123560074,Unipotent,MPR,Tumor_epithelial_basal
BD_immune03_652158,,,0.310707968768344,Unipotent,MPR,Tumor_epithelial_basal
BD_immune03_94744,,,0.355146751809802,Oligopotent,MPR,Tumor_epithelial_basal
BD_immune03_356256,,,0.358227314492871,Oligopotent,MPR,Tumor_epithelial_basal
BD_immune03_110391,,,0.403372248703391,Oligopotent,MPR,Tumor_epithelial_basal
BD_immune03_276619,,,0.35294809958632,Oligopotent,MPR,Tumor_epithelial_basal
BD_immune03_6532,normal_MPR,normal_MPR,0.368026009518503,Oligopotent,MPR,Tumor_epithelial_basal
BD_immune03_817167,,,0.352155514302023,Oligopotent,MPR,Tumor_epithelial_basal
BD_immune03_398053,,,0.35878824608484,Oligopotent,MPR,Tumor_epithelial_basal
BD_immune03_504193,,,0.389114441595999,Oligopotent,MPR,Tumor_epithelial_basal
BD_immune03_94030,,,0.430602459555385,Oligopotent,MPR,Tumor_epithelial_basal
BD_immune03_728101,,,0.234801786349974,Unipotent,MPR,Tumor_epithelial_basal
BD_immune03_553522,,,0.358470727465172,Oligopotent,MPR,Tumor_epithelial_basal
BD_immune03_122518,,,0.357596144068147,Oligopotent,MPR,Tumor_epithelial_basal
BD_immune03_825766,,,0.452936800334528,Oligopotent,MPR,Tumor_epithelial_basal
BD_immune03_81833,,,0.259544189849014,Unipotent,MPR,Tumor_epithelial_basal
BD_immune03_52368,,,0.309587270390503,Unipotent,MPR,Tumor_epithelial_basal
BD_immune03_430884,,,0.388694504176166,Oligopotent,MPR,Tumor_epithelial_basal
BD_immune03_381794,,,0.432082473271239,Oligopotent,MPR,Tumor_epithelial_basal
BD_immune03_172645,,,0.315744457791474,Unipotent,MPR,Tumor_epithelial_basal
BD_immune03_188858,,,0.305422868345482,Unipotent,MPR,Tumor_epithelial_basal
BD_immune03_872564,,,0.315373084231898,Unipotent,MPR,Tumor_epithelial_basal
BD_immune03_583571,normal_MPR,normal_MPR,0.369226816279656,Oligopotent,MPR,Tumor_epithelial_basal
BD_immune03_787011,,,0.472592357277019,Oligopotent,MPR,Tumor_epithelial_basal
BD_immune03_516551,,,0.303445650010831,Unipotent,MPR,Tumor_epithelial_basal
BD_immune03_237013,,,0.370774363742734,Oligopotent,MPR,Tumor_epithelial_basal
BD_immune03_840296,,,0.320705961415612,Unipotent,MPR,Tumor_epithelial_basal
BD_immune03_396994,normal_MPR,normal_MPR,0.366921468387836,Oligopotent,MPR,Tumor_epithelial_basal
BD_immune03_43021,,,0.344830817060446,Oligopotent,MPR,Tumor_epithelial_basal
BD_immune03_157835,,,0.452593442576283,Oligopotent,MPR,Tumor_epithelial_basal
BD_immune03_41894,,,0.359538816094101,Oligopotent,MPR,Tumor_epithelial_basal
BD_immune03_528116,normal_MPR,normal_MPR,0.43642319321412,Oligopotent,MPR,Tumor_epithelial_basal
BD_immune03_660825,,,0.354744221318939,Oligopotent,MPR,Tumor_epithelial_basal
BD_immune03_202852,,,0.289025327697422,Unipotent,MPR,Tumor_epithelial_basal
BD_immune03_74995,,,0.277913952122053,Unipotent,MPR,Tumor_epithelial_basal
BD_immune03_97993,,,0.384836812849778,Oligopotent,MPR,Tumor_epithelial_basal
BD_immune03_93317,normal_MPR,normal_MPR,0.391693606532576,Oligopotent,MPR,Tumor_epithelial_basal
BD_immune03_650167,,,0.302735630178659,Unipotent,MPR,Tumor_epithelial_basal
BD_immune03_208940,,,0.431843595404112,Oligopotent,MPR,Tumor_epithelial_basal
BD_immune03_41408,,,0.414123705204362,Oligopotent,MPR,Tumor_epithelial_basal
BD_immune03_870376,,,0.372058452460196,Oligopotent,MPR,Tumor_epithelial_basal
BD_immune03_365299,,,0.264701581169786,Unipotent,MPR,Tumor_epithelial_basal
BD_immune03_746680,,,0.346954624062805,Oligopotent,MPR,Tumor_epithelial_basal
BD_immune03_381263,,,0.432807976840141,Oligopotent,MPR,Tumor_epithelial_basal
BD_immune03_204427,,,0.270592928122575,Unipotent,MPR,Tumor_epithelial_basal
BD_immune03_281113,,,0.265161707630046,Unipotent,MPR,Tumor_epithelial_basal
BD_immune03_237709,,,0.0534933510248561,Differentiated,MPR,Tumor_epithelial_AT2
BD_immune03_234479,,,0.394737905078504,Oligopotent,MPR,Tumor_epithelial_basal
BD_immune03_25460,,,0.358330043371411,Oligopotent,MPR,Tumor_epithelial_basal
BD_immune03_53620,,,0.399553571427998,Oligopotent,MPR,Tumor_epithelial_basal
BD_immune03_458856,,,0.297987110877867,Unipotent,MPR,Tumor_epithelial_basal
BD_immune03_756170,,,0.304428691387802,Unipotent,MPR,Tumor_epithelial_basal
BD_immune03_492975,normal_MPR,normal_MPR,0.265988136483619,Unipotent,MPR,Tumor_epithelial_basal
BD_immune03_295407,,,0.25965834574334,Unipotent,MPR,Tumor_epithelial_basal
BD_immune03_662690,,,0.217223192440414,Unipotent,MPR,Tumor_epithelial_basal
BD_immune03_2784,,,0.253344793547431,Unipotent,MPR,Tumor_epithelial_basal
BD_immune03_365160,,,0.287232897445661,Unipotent,MPR,Tumor_epithelial_basal
BD_immune03_97018,,,0.37505176249847,Oligopotent,MPR,Tumor_epithelial_basal
BD_immune03_793451,,,0.384584773077438,Oligopotent,MPR,Tumor_epithelial_basal
BD_immune03_305014,,,0.361091173573474,Oligopotent,MPR,Tumor_epithelial_basal
BD_immune03_740362,,,0.365782227532528,Oligopotent,MPR,Tumor_epithelial_basal
BD_immune03_233879,,,0.236932294208137,Unipotent,MPR,Tumor_epithelial_basal
BD_immune03_218892,normal_MPR,normal_MPR,0.0357671999559868,Differentiated,MPR,Tumor_epithelial_AT2
BD_immune03_845949,,,0.482471219821289,Oligopotent,MPR,Tumor_epithelial_basal
BD_immune03_170710,,,0.348760808341082,Oligopotent,MPR,Tumor_epithelial_basal
BD_immune03_720361,,,0.248370649135468,Unipotent,MPR,Tumor_epithelial_basal
BD_immune03_558882,,,0.307529382759322,Unipotent,MPR,Tumor_epithelial_basal
BD_immune03_276056,,,0.369886879360585,Oligopotent,MPR,Tumor_epithelial_basal
BD_immune03_859514,,,0.315916275141904,Unipotent,MPR,Tumor_epithelial_basal
BD_immune03_760919,,,0.25411041827983,Unipotent,MPR,Tumor_epithelial_basal
BD_immune03_91701,,,0.304337023677642,Unipotent,MPR,Tumor_epithelial_basal
BD_immune03_119216,,,0.354741019348147,Oligopotent,MPR,Tumor_epithelial_basal
BD_immune03_276039,,,0.295710761203216,Unipotent,MPR,Tumor_epithelial_basal
BD_immune03_822881,,,0.296855666257076,Unipotent,MPR,Tumor_epithelial_basal
BD_immune03_754903,,,0.234491551502005,Unipotent,MPR,Tumor_epithelial_basal
BD_immune03_779120,,,0.432498967976959,Oligopotent,MPR,Tumor_epithelial_basal
BD_immune03_779725,,,0.237765306617561,Unipotent,MPR,Tumor_epithelial_basal
BD_immune03_775526,,,0.278184276009076,Unipotent,MPR,Tumor_epithelial_basal
BD_immune03_842545,,,0.388407420030505,Oligopotent,MPR,Tumor_epithelial_basal
BD_immune03_786372,,,0.273766332584319,Unipotent,MPR,Tumor_epithelial_basal
BD_immune03_80338,,,0.358049470748765,Oligopotent,MPR,Tumor_epithelial_basal
BD_immune03_285096,,,0.337389532361102,Oligopotent,MPR,Tumor_epithelial_basal
BD_immune03_393221,,,0.259159824731221,Unipotent,MPR,Tumor_epithelial_basal
BD_immune03_488071,,,0.38244047376596,Oligopotent,MPR,Tumor_epithelial_basal
BD_immune03_806677,,,0.26899393963983,Unipotent,MPR,Tumor_epithelial_basal
BD_immune03_145237,,,0.24421423663343,Unipotent,MPR,Tumor_epithelial_basal
BD_immune03_716633,,,0.246743444451669,Unipotent,MPR,Tumor_epithelial_basal
BD_immune03_26142,,,0.368943760364505,Oligopotent,MPR,Tumor_epithelial_basal
BD_immune03_597953,,,0.4245587677391,Oligopotent,MPR,Tumor_epithelial_basal
BD_immune03_825385,,,0.330577990131034,Unipotent,MPR,Tumor_epithelial_basal
BD_immune03_816490,,,0.267214495981758,Unipotent,MPR,Tumor_epithelial_basal
BD_immune03_356361,,,0.310352276097703,Unipotent,MPR,Tumor_epithelial_basal
BD_immune03_830790,,,0.262537913070058,Unipotent,MPR,Tumor_epithelial_basal
BD_immune03_804543,,,0.246857459152498,Unipotent,MPR,Tumor_epithelial_basal
BD_immune03_616421,,,0.301612821881717,Unipotent,MPR,Tumor_epithelial_basal
BD_immune03_368603,,,0.297703094593744,Unipotent,MPR,Tumor_epithelial_basal
BD_immune03_129864,normal_MPR,normal_MPR,0.40175315819143,Oligopotent,MPR,Tumor_epithelial_basal
BD_immune03_868148,,,0.396236292609927,Oligopotent,MPR,Tumor_epithelial_basal
BD_immune03_710745,,,0.358681827058869,Oligopotent,MPR,Tumor_epithelial_basal
BD_immune03_441265,,,0.345525467314123,Oligopotent,MPR,Tumor_epithelial_basal
BD_immune03_504716,,,0.274803350861556,Unipotent,MPR,Tumor_epithelial_basal
BD_immune03_586749,,,0.333118534481785,Unipotent,MPR,Tumor_epithelial_basal
BD_immune03_632803,,,0.310420074460376,Unipotent,MPR,Tumor_epithelial_basal
BD_immune03_369978,,,0.315167359878623,Unipotent,MPR,Tumor_epithelial_basal
BD_immune03_651896,,,0.306346507245499,Unipotent,MPR,Tumor_epithelial_basal
BD_immune03_606072,,,0.233880571984241,Unipotent,MPR,Tumor_epithelial_basal
BD_immune03_279199,,,0.45478336357628,Oligopotent,MPR,Tumor_epithelial_basal
BD_immune03_216907,,,0.384480828449838,Oligopotent,MPR,Tumor_epithelial_basal
BD_immune03_303037,,,0.3674707121389,Oligopotent,MPR,Tumor_epithelial_basal
BD_immune03_793715,normal_MPR,normal_MPR,0.333092002101351,Unipotent,MPR,Tumor_epithelial_basal
BD_immune03_436539,,,0.4113265139522,Oligopotent,MPR,Tumor_epithelial_basal
BD_immune03_352076,,,0.398769849160922,Oligopotent,MPR,Tumor_epithelial_basal
BD_immune03_79604,,,0.286711932054689,Unipotent,MPR,Tumor_epithelial_basal
BD_immune03_847508,,,0.303103662387467,Unipotent,MPR,Tumor_epithelial_basal
BD_immune03_709183,,,0.329540674956783,Unipotent,MPR,Tumor_epithelial_basal
BD_immune03_648479,,,0.274002830383323,Unipotent,MPR,Tumor_epithelial_basal
BD_immune03_244261,,,0.378733820447367,Oligopotent,MPR,Tumor_epithelial_basal
BD_immune03_777609,,,0.310793795887264,Unipotent,MPR,Tumor_epithelial_basal
BD_immune03_575993,,,0.404994398039611,Oligopotent,MPR,Tumor_epithelial_basal
BD_immune03_363606,,,0.34742125096749,Oligopotent,MPR,Tumor_epithelial_basal
BD_immune04_106071,normal_NMPR,normal_NMPR,0.100040870238272,Differentiated,NMPR,Tumor_epithelial_AT2
BD_immune04_397649,Ciliated,Ciliated,0.0403730442378546,Differentiated,NMPR,Ciliated_epithelial
BD_immune04_757216,normal_NMPR,normal_NMPR,0.141348497210409,Differentiated,NMPR,Tumor_epithelial_AT2
BD_immune04_275547,normal_NMPR,normal_NMPR,0.102527428412636,Differentiated,NMPR,Tumor_epithelial_AT2
BD_immune04_215963,normal_NMPR,normal_NMPR,0.102940498319305,Differentiated,NMPR,Tumor_epithelial_AT2
BD_immune04_342549,normal_NMPR,normal_NMPR,0.0770602061102678,Differentiated,NMPR,Tumor_epithelial_AT2
BD_immune04_323652,normal_NMPR,normal_NMPR,0.0668928927190904,Differentiated,NMPR,Tumor_epithelial_AT2
BD_immune04_745329,normal_NMPR,normal_NMPR,0.10179697714761,Differentiated,NMPR,Tumor_epithelial_AT2
BD_immune04_151608,normal_NMPR,normal_NMPR,0.0318524076962085,Differentiated,NMPR,Tumor_epithelial_AT2
BD_immune04_721137,normal_NMPR,normal_NMPR,0.0474056914184113,Differentiated,NMPR,Tumor_epithelial_AT2
BD_immune04_354997,Ciliated,Ciliated,0.0877925890102597,Differentiated,NMPR,Ciliated_epithelial
BD_immune04_535948,normal_NMPR,normal_NMPR,0.00425928879014827,Differentiated,NMPR,Tumor_epithelial_AT2
BD_immune04_582057,normal_NMPR,normal_NMPR,0.0419389688193561,Differentiated,NMPR,Tumor_epithelial_AT2
BD_immune04_438137,normal_NMPR,normal_NMPR,0.0580129793893289,Differentiated,NMPR,Tumor_epithelial_AT2
BD_immune04_541404,normal_NMPR,normal_NMPR,0.0430975719656914,Differentiated,NMPR,Tumor_epithelial_AT2
BD_immune04_683013,normal_NMPR,normal_NMPR,0.00566282332301823,Differentiated,NMPR,Tumor_epithelial_AT2
BD_immune04_770298,normal_NMPR,normal_NMPR,0.0140402938547066,Differentiated,NMPR,Tumor_epithelial_AT2
BD_immune04_621532,normal_NMPR,normal_NMPR,0.0402736052282327,Differentiated,NMPR,Tumor_epithelial_AT2
BD_immune04_575141,normal_NMPR,normal_NMPR,0.0903983914813272,Differentiated,NMPR,Tumor_epithelial_AT2
BD_immune04_772304,normal_NMPR,normal_NMPR,0.0662986796839516,Differentiated,NMPR,Tumor_epithelial_AT2
BD_immune04_677209,normal_NMPR,normal_NMPR,0.0159656978825583,Differentiated,NMPR,Tumor_epithelial_AT2
BD_immune04_759899,normal_NMPR,normal_NMPR,0.102192579725342,Differentiated,NMPR,Tumor_epithelial_AT2
BD_immune04_42552,normal_NMPR,normal_NMPR,0.0555845632609389,Differentiated,NMPR,Tumor_epithelial_AT2
BD_immune04_803557,normal_NMPR,normal_NMPR,0.0389607835781766,Differentiated,NMPR,Tumor_epithelial_AT2
BD_immune04_300317,Ciliated,Ciliated,0.0510004531608087,Differentiated,NMPR,Ciliated_epithelial
BD_immune04_815875,normal_NMPR,normal_NMPR,0.0060011756495243,Differentiated,NMPR,Tumor_epithelial_AT2
BD_immune04_619613,normal_NMPR,normal_NMPR,0.0505445408414788,Differentiated,NMPR,Tumor_epithelial_AT2
BD_immune04_739381,normal_NMPR,normal_NMPR,0.0715945142185806,Differentiated,NMPR,Tumor_epithelial_AT2
BD_immune04_249553,normal_NMPR,normal_NMPR,0.0420671982015773,Differentiated,NMPR,Tumor_epithelial_AT2
BD_immune04_809126,Ciliated,Ciliated,0.130837652541351,Differentiated,NMPR,Ciliated_epithelial
BD_immune04_405013,normal_NMPR,normal_NMPR,0.00557393099393083,Differentiated,NMPR,Tumor_epithelial_AT2
BD_immune04_511445,normal_NMPR,normal_NMPR,0.0494278398706888,Differentiated,NMPR,Tumor_epithelial_AT2
BD_immune04_691251,normal_NMPR,normal_NMPR,0.0395333289818577,Differentiated,NMPR,Tumor_epithelial_AT2
BD_immune04_571754,normal_NMPR,normal_NMPR,0.0640298714869328,Differentiated,NMPR,Tumor_epithelial_AT2
BD_immune04_368444,normal_NMPR,normal_NMPR,0.110926768953674,Differentiated,NMPR,Tumor_epithelial_AT2
BD_immune04_528805,normal_NMPR,normal_NMPR,0.115510409794673,Differentiated,NMPR,Tumor_epithelial_AT2
BD_immune04_361365,Ciliated,Ciliated,0.134207523745114,Differentiated,NMPR,Ciliated_epithelial
BD_immune04_389573,normal_NMPR,normal_NMPR,0.0143186400058332,Differentiated,NMPR,Tumor_epithelial_AT2
BD_immune04_502598,normal_NMPR,normal_NMPR,0.112163225333884,Differentiated,NMPR,Tumor_epithelial_AT2
BD_immune04_521427,normal_NMPR,normal_NMPR,0.135021870508008,Differentiated,NMPR,Tumor_epithelial_AT2
BD_immune04_666811,normal_NMPR,normal_NMPR,0.118396459105166,Differentiated,NMPR,Tumor_epithelial_AT2
BD_immune04_443664,normal_NMPR,normal_NMPR,0.0315015404892581,Differentiated,NMPR,Tumor_epithelial_AT2
BD_immune04_501697,normal_NMPR,normal_NMPR,0.0660178424698173,Differentiated,NMPR,Tumor_epithelial_AT2
BD_immune04_270581,normal_NMPR,normal_NMPR,0.0473659064375949,Differentiated,NMPR,Tumor_epithelial_AT2
BD_immune04_382040,normal_NMPR,normal_NMPR,0.0407654476781489,Differentiated,NMPR,Tumor_epithelial_AT2
BD_immune04_173384,Ciliated,Ciliated,0.0897566254850277,Differentiated,NMPR,Ciliated_epithelial
BD_immune04_476885,normal_NMPR,normal_NMPR,0.0487775532894259,Differentiated,NMPR,Tumor_epithelial_AT2
BD_immune04_516438,normal_NMPR,normal_NMPR,0.0955258956948029,Differentiated,NMPR,Tumor_epithelial_AT2
BD_immune04_637103,normal_NMPR,normal_NMPR,0.0974351782361313,Differentiated,NMPR,Tumor_epithelial_AT2
BD_immune04_312267,normal_NMPR,normal_NMPR,0.0903823097359479,Differentiated,NMPR,Tumor_epithelial_AT2
BD_immune04_821412,normal_NMPR,normal_NMPR,0.101544483827516,Differentiated,NMPR,Tumor_epithelial_AT2
BD_immune04_685254,normal_NMPR,normal_NMPR,0.0509064890307962,Differentiated,NMPR,Tumor_epithelial_AT2
BD_immune04_229625,normal_NMPR,normal_NMPR,0.0948838620101067,Differentiated,NMPR,Tumor_epithelial_AT2
BD_immune04_617464,normal_NMPR,normal_NMPR,0.0138417687207438,Differentiated,NMPR,Tumor_epithelial_AT2
BD_immune04_617063,normal_NMPR,normal_NMPR,0.117392376268947,Differentiated,NMPR,Tumor_epithelial_AT2
BD_immune04_59496,normal_NMPR,normal_NMPR,0.0288439869700756,Differentiated,NMPR,Tumor_epithelial_AT2
BD_immune04_504541,normal_NMPR,normal_NMPR,0.0605817580393153,Differentiated,NMPR,Tumor_epithelial_AT2
BD_immune04_158209,normal_NMPR,normal_NMPR,0.0824140930565851,Differentiated,NMPR,Tumor_epithelial_AT2
BD_immune04_245247,normal_NMPR,normal_NMPR,0.0735274313273963,Differentiated,NMPR,Tumor_epithelial_AT2
BD_immune04_446696,normal_NMPR,normal_NMPR,0.111189729001912,Differentiated,NMPR,Tumor_epithelial_AT2
BD_immune04_359158,normal_NMPR,normal_NMPR,0.113148467508651,Differentiated,NMPR,Tumor_epithelial_AT2
BD_immune04_386473,normal_NMPR,normal_NMPR,0.142726604658044,Differentiated,NMPR,Tumor_epithelial_AT2
BD_immune04_781398,normal_NMPR,normal_NMPR,0.11982323656809,Differentiated,NMPR,Tumor_epithelial_AT2
BD_immune04_791546,normal_NMPR,normal_NMPR,0.132781301979599,Differentiated,NMPR,Tumor_epithelial_AT2
BD_immune04_394101,normal_NMPR,normal_NMPR,0.103922048865091,Differentiated,NMPR,Tumor_epithelial_AT2
BD_immune04_871007,normal_NMPR,normal_NMPR,0.142455292293741,Differentiated,NMPR,Tumor_epithelial_AT2
BD_immune04_237235,normal_NMPR,normal_NMPR,0.0327588524572415,Differentiated,NMPR,Tumor_epithelial_AT2
BD_immune04_717102,normal_NMPR,normal_NMPR,0.22296586180778,Unipotent,NMPR,Tumor_epithelial_AT2
BD_immune04_422164,normal_NMPR,normal_NMPR,0.142590793598784,Differentiated,NMPR,Tumor_epithelial_AT2
BD_immune04_522104,normal_NMPR,normal_NMPR,0.0619346711862931,Differentiated,NMPR,Tumor_epithelial_AT2
BD_immune04_224125,normal_NMPR,normal_NMPR,0.0557648073316896,Differentiated,NMPR,Tumor_epithelial_AT2
BD_immune04_407942,normal_NMPR,normal_NMPR,0.0875263564901715,Differentiated,NMPR,Tumor_epithelial_AT2
BD_immune04_635176,normal_NMPR,normal_NMPR,0.0334884945192232,Differentiated,NMPR,Tumor_epithelial_AT2
BD_immune04_462955,normal_NMPR,normal_NMPR,0.124266303737541,Differentiated,NMPR,Tumor_epithelial_AT2
BD_immune04_600505,normal_NMPR,normal_NMPR,0.0535368393343572,Differentiated,NMPR,Tumor_epithelial_AT2
BD_immune04_724024,normal_NMPR,normal_NMPR,0.0755479016416172,Differentiated,NMPR,Tumor_epithelial_AT2
BD_immune04_508731,normal_NMPR,normal_NMPR,0.0269203886409423,Differentiated,NMPR,Tumor_epithelial_AT2
BD_immune04_601470,normal_NMPR,normal_NMPR,0.0798750991397453,Differentiated,NMPR,Tumor_epithelial_AT2
BD_immune04_384481,normal_NMPR,normal_NMPR,0.114644688131794,Differentiated,NMPR,Tumor_epithelial_AT2
BD_immune04_218317,normal_NMPR,normal_NMPR,0.144166083174541,Differentiated,NMPR,Tumor_epithelial_AT2
BD_immune04_373757,normal_NMPR,normal_NMPR,0.12563882679285,Differentiated,NMPR,Tumor_epithelial_AT2
BD_immune04_721679,normal_NMPR,normal_NMPR,0.0348604427172224,Differentiated,NMPR,Tumor_epithelial_AT2
BD_immune04_816137,normal_NMPR,normal_NMPR,0.0414537991402154,Differentiated,NMPR,Tumor_epithelial_AT2
BD_immune04_48122,normal_NMPR,normal_NMPR,0.126365451217499,Differentiated,NMPR,Tumor_epithelial_AT2
BD_immune04_671060,normal_NMPR,normal_NMPR,0.131349567229297,Differentiated,NMPR,Tumor_epithelial_AT2
BD_immune04_91860,normal_NMPR,normal_NMPR,0.107519051617456,Differentiated,NMPR,Tumor_epithelial_AT2
BD_immune04_191759,normal_NMPR,normal_NMPR,0.0370718839629028,Differentiated,NMPR,Tumor_epithelial_AT2
BD_immune04_483749,normal_NMPR,normal_NMPR,0.101306928414105,Differentiated,NMPR,Tumor_epithelial_AT2
BD_immune04_258680,normal_NMPR,normal_NMPR,0.0732531768864411,Differentiated,NMPR,Tumor_epithelial_AT2
BD_immune04_671546,normal_NMPR,normal_NMPR,0.0171376294906029,Differentiated,NMPR,Tumor_epithelial_AT2
BD_immune04_181655,normal_NMPR,normal_NMPR,0.0403863214427835,Differentiated,NMPR,Tumor_epithelial_AT2
BD_immune04_470041,normal_NMPR,normal_NMPR,0.0258782433181855,Differentiated,NMPR,Tumor_epithelial_AT2
BD_immune04_359582,normal_NMPR,normal_NMPR,0.0185998965223609,Differentiated,NMPR,Tumor_epithelial_AT2
BD_immune04_169171,normal_NMPR,normal_NMPR,0.0695537802350827,Differentiated,NMPR,Tumor_epithelial_AT2
BD_immune04_266783,normal_NMPR,normal_NMPR,0.134531573389271,Differentiated,NMPR,Tumor_epithelial_AT2
BD_immune04_265666,normal_NMPR,normal_NMPR,0.101045397859379,Differentiated,NMPR,Tumor_epithelial_AT2
BD_immune04_256672,normal_NMPR,normal_NMPR,0.106218418873542,Differentiated,NMPR,Tumor_epithelial_AT2
BD_immune04_119682,normal_NMPR,normal_NMPR,0.041460476399419,Differentiated,NMPR,Tumor_epithelial_AT2
BD_immune04_867797,normal_NMPR,normal_NMPR,0.0509838867109309,Differentiated,NMPR,Tumor_epithelial_AT2
BD_immune04_399094,normal_NMPR,normal_NMPR,0.105096646795989,Differentiated,NMPR,Tumor_epithelial_AT2
BD_immune04_576315,normal_NMPR,normal_NMPR,0.0328162708402551,Differentiated,NMPR,Tumor_epithelial_AT2
BD_immune04_239686,normal_NMPR,normal_NMPR,0.0250625198322282,Differentiated,NMPR,Tumor_epithelial_AT2
BD_immune04_849380,normal_NMPR,normal_NMPR,0.0586557286662752,Differentiated,NMPR,Tumor_epithelial_AT2
BD_immune04_169178,normal_NMPR,normal_NMPR,0.0373530356250014,Differentiated,NMPR,Tumor_epithelial_AT2
BD_immune04_539832,normal_NMPR,normal_NMPR,0.0946606198565978,Differentiated,NMPR,Tumor_epithelial_AT2
BD_immune04_266721,normal_NMPR,normal_NMPR,0.0257815528511581,Differentiated,NMPR,Tumor_epithelial_AT2
BD_immune04_550755,normal_NMPR,normal_NMPR,0.0971663506043924,Differentiated,NMPR,Tumor_epithelial_AT2
BD_immune04_293314,normal_NMPR,normal_NMPR,0.0594388681728457,Differentiated,NMPR,Tumor_epithelial_AT2
BD_immune04_28325,Ciliated,Ciliated,0.0687442658584335,Differentiated,NMPR,Ciliated_epithelial
BD_immune04_57720,normal_NMPR,normal_NMPR,0.0486201295120635,Differentiated,NMPR,Tumor_epithelial_AT2
BD_immune04_51512,normal_NMPR,normal_NMPR,0.0464410096568574,Differentiated,NMPR,Tumor_epithelial_AT2
BD_immune04_600862,normal_NMPR,normal_NMPR,0.0657568548271002,Differentiated,NMPR,Tumor_epithelial_AT2
BD_immune04_278621,normal_NMPR,normal_NMPR,0.0459979739154999,Differentiated,NMPR,Tumor_epithelial_AT2
BD_immune04_9952,normal_NMPR,normal_NMPR,0.0340110610739301,Differentiated,NMPR,Tumor_epithelial_AT2
BD_immune04_790398,normal_NMPR,normal_NMPR,0.0398772705271381,Differentiated,NMPR,Tumor_epithelial_AT2
BD_immune04_727537,normal_NMPR,normal_NMPR,0.0363610204952379,Differentiated,NMPR,Tumor_epithelial_AT2
BD_immune04_327918,normal_NMPR,normal_NMPR,0.0627997317340384,Differentiated,NMPR,Tumor_epithelial_AT2
BD_immune04_595044,normal_NMPR,normal_NMPR,0.0205117413515833,Differentiated,NMPR,Tumor_epithelial_AT2
BD_immune04_619357,normal_NMPR,normal_NMPR,0.0289584293342032,Differentiated,NMPR,Tumor_epithelial_AT2
BD_immune04_527847,Ciliated,Ciliated,0.050059855018234,Differentiated,NMPR,Ciliated_epithelial
BD_immune04_548799,normal_NMPR,normal_NMPR,0.0703506213519749,Differentiated,NMPR,Tumor_epithelial_AT2
BD_immune04_730176,normal_NMPR,normal_NMPR,0.0882232393061704,Differentiated,NMPR,Tumor_epithelial_AT2
BD_immune04_243277,normal_NMPR,normal_NMPR,0.0782611288308007,Differentiated,NMPR,Tumor_epithelial_AT2
BD_immune04_847080,normal_NMPR,normal_NMPR,0.0765297217603604,Differentiated,NMPR,Tumor_epithelial_AT2
BD_immune04_522295,normal_NMPR,normal_NMPR,0.0454262553929152,Differentiated,NMPR,Tumor_epithelial_AT2
BD_immune04_745194,normal_NMPR,normal_NMPR,0.0377379040774733,Differentiated,NMPR,Tumor_epithelial_AT2
BD_immune04_322601,Ciliated,Ciliated,0.0442762413768998,Differentiated,NMPR,Ciliated_epithelial
BD_immune04_830147,,,0.0183946408808621,Differentiated,NMPR,Tumor_epithelial_AT2
BD_immune04_30469,normal_NMPR,normal_NMPR,0.0642532604228157,Differentiated,NMPR,Tumor_epithelial_AT2
BD_immune04_336975,,,0.0922108555408328,Differentiated,NMPR,Tumor_epithelial_AT2
BD_immune04_589802,normal_NMPR,normal_NMPR,0.0174938122332634,Differentiated,NMPR,Tumor_epithelial_AT2
BD_immune04_508784,,,0.0366165057680713,Differentiated,NMPR,Tumor_epithelial_AT2
BD_immune04_534717,normal_NMPR,normal_NMPR,0.0371446244316204,Differentiated,NMPR,Tumor_epithelial_AT2
BD_immune04_742951,,,0.0792311585508659,Differentiated,NMPR,Tumor_epithelial_AT2
BD_immune04_849036,,,0.0497908906006647,Differentiated,NMPR,Tumor_epithelial_AT2
BD_immune04_491057,,,0.0444468877761047,Differentiated,NMPR,Tumor_epithelial_AT2
BD_immune04_252496,Ciliated,Ciliated,0.0314067598841131,Differentiated,NMPR,Ciliated_epithelial
BD_immune04_279467,,,0.0390353921344062,Differentiated,NMPR,Tumor_epithelial_AT2
BD_immune04_687559,,,0.0444842322930367,Differentiated,NMPR,Tumor_epithelial_AT2
BD_immune04_794140,Ciliated,Ciliated,0.063017343580613,Differentiated,NMPR,Ciliated_epithelial
BD_immune04_702662,,,0.0322049411820823,Differentiated,NMPR,Tumor_epithelial_AT2
BD_immune04_856058,,,0.0232962138966936,Differentiated,NMPR,Tumor_epithelial_AT2
BD_immune04_467064,,,0.0485301821033444,Differentiated,NMPR,Tumor_epithelial_AT2
BD_immune04_148572,normal_NMPR,normal_NMPR,0.0815218447997368,Differentiated,NMPR,Tumor_epithelial_AT2
BD_immune04_257854,,,0.05302379879985,Differentiated,NMPR,Tumor_epithelial_AT2
BD_immune04_237439,normal_NMPR,normal_NMPR,0.0231893307033385,Differentiated,NMPR,Tumor_epithelial_AT2
BD_immune04_684320,normal_NMPR,normal_NMPR,0.0431546178641619,Differentiated,NMPR,Tumor_epithelial_AT2
BD_immune04_511523,,,0.0381664526522055,Differentiated,NMPR,Tumor_epithelial_AT2
BD_immune04_258042,,,0.0429420995126201,Differentiated,NMPR,Tumor_epithelial_AT2
BD_immune04_562966,,,0.0598910675681775,Differentiated,NMPR,Tumor_epithelial_AT2
BD_immune04_720634,,,0.0713464493350671,Differentiated,NMPR,Tumor_epithelial_AT2
BD_immune04_84457,,,0.0461718424928177,Differentiated,NMPR,Tumor_epithelial_AT2
BD_immune04_406845,,,0.0552729986819757,Differentiated,NMPR,Tumor_epithelial_AT2
BD_immune04_488866,,,0.0680669068807294,Differentiated,NMPR,Tumor_epithelial_AT2
BD_immune04_427427,,,0.0669636338951366,Differentiated,NMPR,Tumor_epithelial_AT2
BD_immune04_63547,,,0.0795132592262678,Differentiated,NMPR,Tumor_epithelial_AT2
BD_immune07_52841,tumor_NMPR,tumor_NMPR,0.76413186722128,Pluripotent,NMPR,Tumor_epithelial
BD_immune07_90853,tumor_NMPR,tumor_NMPR,0.605154171975192,Multipotent,NMPR,Tumor_epithelial
BD_immune07_822868,tumor_NMPR,tumor_NMPR,0.587168552903786,Multipotent,NMPR,Tumor_epithelial
BD_immune07_581023,tumor_NMPR,tumor_NMPR,0.59079919386775,Multipotent,NMPR,Tumor_epithelial
BD_immune07_50303,tumor_NMPR,tumor_NMPR,0.55203923741288,Multipotent,NMPR,Tumor_epithelial
BD_immune07_732046,tumor_NMPR,tumor_NMPR,0.413372920843577,Oligopotent,NMPR,Tumor_epithelial
BD_immune07_70202,tumor_NMPR,tumor_NMPR,0.32226506690894,Unipotent,NMPR,Tumor_epithelial
BD_immune07_617497,tumor_NMPR,tumor_NMPR,0.517869707291353,Multipotent,NMPR,Tumor_epithelial
BD_immune07_688769,tumor_NMPR,tumor_NMPR,0.544935526432043,Multipotent,NMPR,Tumor_epithelial
BD_immune07_30085,tumor_NMPR,tumor_NMPR,0.517250286247611,Multipotent,NMPR,Tumor_epithelial
BD_immune07_180790,tumor_NMPR,tumor_NMPR,0.625752487308856,Multipotent,NMPR,Tumor_epithelial
BD_immune07_252606,tumor_NMPR,tumor_NMPR,0.485719298111223,Oligopotent,NMPR,Tumor_epithelial
BD_immune07_269714,tumor_NMPR,tumor_NMPR,0.15803340734091,Differentiated,NMPR,Tumor_epithelial
BD_immune07_196777,tumor_NMPR,tumor_NMPR,0.524170529842176,Multipotent,NMPR,Tumor_epithelial
BD_immune07_121066,tumor_NMPR,tumor_NMPR,0.467215020544248,Oligopotent,NMPR,Tumor_epithelial
BD_immune07_474584,tumor_NMPR,tumor_NMPR,0.551805015365601,Multipotent,NMPR,Tumor_epithelial
BD_immune07_599161,tumor_NMPR,tumor_NMPR,0.63608323687505,Multipotent,NMPR,Tumor_epithelial
BD_immune07_813844,tumor_NMPR,tumor_NMPR,0.477351792754822,Oligopotent,NMPR,Tumor_epithelial
BD_immune07_651741,tumor_NMPR,tumor_NMPR,0.555112261780753,Multipotent,NMPR,Tumor_epithelial
BD_immune07_51975,tumor_NMPR,tumor_NMPR,0.604179940731726,Multipotent,NMPR,Tumor_epithelial
BD_immune07_99888,tumor_NMPR,tumor_NMPR,0.601493385690517,Multipotent,NMPR,Tumor_epithelial
BD_immune07_18685,tumor_NMPR,tumor_NMPR,0.572681290385824,Multipotent,NMPR,Tumor_epithelial
BD_immune07_376523,tumor_NMPR,tumor_NMPR,0.550067728377321,Multipotent,NMPR,Tumor_epithelial
BD_immune07_736816,tumor_NMPR,tumor_NMPR,0.433723205107773,Oligopotent,NMPR,Tumor_epithelial
BD_immune07_310204,tumor_NMPR,tumor_NMPR,0.156834281648969,Differentiated,NMPR,Tumor_epithelial
BD_immune07_604736,tumor_NMPR,tumor_NMPR,0.46176821518846,Oligopotent,NMPR,Tumor_epithelial
BD_immune07_855806,tumor_NMPR,tumor_NMPR,0.536122226142161,Multipotent,NMPR,Tumor_epithelial
BD_immune07_633499,tumor_NMPR,tumor_NMPR,0.455693884625129,Oligopotent,NMPR,Tumor_epithelial
BD_immune07_12148,tumor_NMPR,tumor_NMPR,0.47349590105093,Oligopotent,NMPR,Tumor_epithelial
BD_immune07_148927,tumor_NMPR,tumor_NMPR,0.588453783595347,Multipotent,NMPR,Tumor_epithelial
BD_immune07_206146,tumor_NMPR,tumor_NMPR,0.469542968080797,Oligopotent,NMPR,Tumor_epithelial
BD_immune07_103595,tumor_NMPR,tumor_NMPR,0.553267883197375,Multipotent,NMPR,Tumor_epithelial
BD_immune07_306144,tumor_NMPR,tumor_NMPR,0.541872050169308,Multipotent,NMPR,Tumor_epithelial
BD_immune07_819459,tumor_NMPR,tumor_NMPR,0.473694091605205,Oligopotent,NMPR,Tumor_epithelial
BD_immune07_314532,tumor_NMPR,tumor_NMPR,0.418202483181439,Oligopotent,NMPR,Tumor_epithelial
BD_immune07_225812,tumor_NMPR,tumor_NMPR,0.58449317845793,Multipotent,NMPR,Tumor_epithelial
BD_immune07_80339,tumor_NMPR,tumor_NMPR,0.519555265152176,Multipotent,NMPR,Tumor_epithelial
BD_immune07_274613,tumor_NMPR,tumor_NMPR,0.157109678863558,Differentiated,NMPR,Tumor_epithelial
BD_immune07_111431,tumor_NMPR,tumor_NMPR,0.404868347931486,Oligopotent,NMPR,Tumor_epithelial
BD_immune07_452220,tumor_NMPR,tumor_NMPR,0.368867449606684,Oligopotent,NMPR,Tumor_epithelial
BD_immune07_689157,tumor_NMPR,tumor_NMPR,0.49390349756856,Oligopotent,NMPR,Tumor_epithelial
BD_immune07_759760,tumor_NMPR,tumor_NMPR,0.414234991069847,Oligopotent,NMPR,Tumor_epithelial
BD_immune07_474604,tumor_NMPR,tumor_NMPR,0.489186871522891,Oligopotent,NMPR,Tumor_epithelial
BD_immune07_841417,tumor_NMPR,tumor_NMPR,0.622327153545081,Multipotent,NMPR,Tumor_epithelial
BD_immune07_356402,tumor_NMPR,tumor_NMPR,0.552050886679877,Multipotent,NMPR,Tumor_epithelial
BD_immune07_682448,tumor_NMPR,tumor_NMPR,0.412271420763044,Oligopotent,NMPR,Tumor_epithelial
BD_immune07_209705,tumor_NMPR,tumor_NMPR,0.410411317634188,Oligopotent,NMPR,Tumor_epithelial
BD_immune07_420239,tumor_NMPR,tumor_NMPR,0.402201563298631,Oligopotent,NMPR,Tumor_epithelial
BD_immune07_742820,tumor_NMPR,tumor_NMPR,0.499637414243011,Oligopotent,NMPR,Tumor_epithelial
BD_immune07_502013,tumor_NMPR,tumor_NMPR,0.576841595494322,Multipotent,NMPR,Tumor_epithelial
BD_immune07_632286,tumor_NMPR,tumor_NMPR,0.504323432756946,Multipotent,NMPR,Tumor_epithelial
BD_immune07_848580,tumor_NMPR,tumor_NMPR,0.56517550165356,Multipotent,NMPR,Tumor_epithelial
BD_immune07_162009,tumor_NMPR,tumor_NMPR,0.561428700116111,Multipotent,NMPR,Tumor_epithelial
BD_immune07_211233,tumor_NMPR,tumor_NMPR,0.376322025113526,Oligopotent,NMPR,Tumor_epithelial
BD_immune07_356805,tumor_NMPR,tumor_NMPR,0.468198480575759,Oligopotent,NMPR,Tumor_epithelial
BD_immune07_437897,tumor_NMPR,tumor_NMPR,0.623611694335281,Multipotent,NMPR,Tumor_epithelial
BD_immune07_493081,tumor_NMPR,tumor_NMPR,0.59446625222513,Multipotent,NMPR,Tumor_epithelial
BD_immune07_468879,tumor_NMPR,tumor_NMPR,0.487235906231506,Oligopotent,NMPR,Tumor_epithelial
BD_immune07_93500,tumor_NMPR,tumor_NMPR,0.555589818874303,Multipotent,NMPR,Tumor_epithelial
BD_immune07_210322,tumor_NMPR,tumor_NMPR,0.535250573706419,Multipotent,NMPR,Tumor_epithelial
BD_immune07_484080,tumor_NMPR,tumor_NMPR,0.546596591860765,Multipotent,NMPR,Tumor_epithelial
BD_immune07_564292,tumor_NMPR,tumor_NMPR,0.398983142286121,Oligopotent,NMPR,Tumor_epithelial
BD_immune07_217084,tumor_NMPR,tumor_NMPR,0.44843093891025,Oligopotent,NMPR,Tumor_epithelial
BD_immune07_32883,tumor_NMPR,tumor_NMPR,0.536153145100918,Multipotent,NMPR,Tumor_epithelial
BD_immune07_102272,tumor_NMPR,tumor_NMPR,0.583010968070497,Multipotent,NMPR,Tumor_epithelial
BD_immune07_815881,tumor_NMPR,tumor_NMPR,0.621181895691374,Multipotent,NMPR,Tumor_epithelial
BD_immune07_765983,tumor_NMPR,tumor_NMPR,0.556629170834278,Multipotent,NMPR,Tumor_epithelial
BD_immune07_83433,tumor_NMPR,tumor_NMPR,0.552187719977263,Multipotent,NMPR,Tumor_epithelial
BD_immune07_476319,tumor_NMPR,tumor_NMPR,0.573837091110891,Multipotent,NMPR,Tumor_epithelial
BD_immune07_495143,tumor_NMPR,tumor_NMPR,0.401302525196546,Oligopotent,NMPR,Tumor_epithelial
BD_immune07_808412,tumor_NMPR,tumor_NMPR,0.566615089833887,Multipotent,NMPR,Tumor_epithelial
BD_immune07_772721,tumor_NMPR,tumor_NMPR,0.463225460155016,Oligopotent,NMPR,Tumor_epithelial
BD_immune07_810064,tumor_NMPR,tumor_NMPR,0.526833705538529,Multipotent,NMPR,Tumor_epithelial
BD_immune07_532085,tumor_NMPR,tumor_NMPR,0.641438477281312,Multipotent,NMPR,Tumor_epithelial
BD_immune07_311944,tumor_NMPR,tumor_NMPR,0.557823034423141,Multipotent,NMPR,Tumor_epithelial
BD_immune07_189196,tumor_NMPR,tumor_NMPR,0.618215006546239,Multipotent,NMPR,Tumor_epithelial
BD_immune07_139021,tumor_NMPR,tumor_NMPR,0.568247319271121,Multipotent,NMPR,Tumor_epithelial
BD_immune07_457179,tumor_NMPR,tumor_NMPR,0.55876177154108,Multipotent,NMPR,Tumor_epithelial
BD_immune07_467513,tumor_NMPR,tumor_NMPR,0.568964277214208,Multipotent,NMPR,Tumor_epithelial
BD_immune07_43370,tumor_NMPR,tumor_NMPR,0.592840099793712,Multipotent,NMPR,Tumor_epithelial
BD_immune07_682964,tumor_NMPR,tumor_NMPR,0.442597624866704,Oligopotent,NMPR,Tumor_epithelial
BD_immune07_103299,tumor_NMPR,tumor_NMPR,0.549711676974704,Multipotent,NMPR,Tumor_epithelial
BD_immune07_723572,tumor_NMPR,tumor_NMPR,0.553374750742276,Multipotent,NMPR,Tumor_epithelial
BD_immune07_405556,tumor_NMPR,tumor_NMPR,0.486782186558774,Oligopotent,NMPR,Tumor_epithelial
BD_immune07_271685,tumor_NMPR,tumor_NMPR,0.495591166235086,Oligopotent,NMPR,Tumor_epithelial
BD_immune07_844457,tumor_NMPR,tumor_NMPR,0.438735573736551,Oligopotent,NMPR,Tumor_epithelial
BD_immune07_501458,tumor_NMPR,tumor_NMPR,0.614927764226613,Multipotent,NMPR,Tumor_epithelial
BD_immune07_864567,tumor_NMPR,tumor_NMPR,0.493580253305638,Oligopotent,NMPR,Tumor_epithelial
BD_immune07_204286,tumor_NMPR,tumor_NMPR,0.428693207428988,Oligopotent,NMPR,Tumor_epithelial
BD_immune07_112754,tumor_NMPR,tumor_NMPR,0.489753920283585,Oligopotent,NMPR,Tumor_epithelial
BD_immune07_123200,tumor_NMPR,tumor_NMPR,0.399920229037223,Oligopotent,NMPR,Tumor_epithelial
BD_immune07_93730,tumor_NMPR,tumor_NMPR,0.461022526692726,Oligopotent,NMPR,Tumor_epithelial
BD_immune07_215196,tumor_NMPR,tumor_NMPR,0.779493598267788,Pluripotent,NMPR,Tumor_epithelial
BD_immune07_407828,tumor_NMPR,tumor_NMPR,0.549829546345573,Multipotent,NMPR,Tumor_epithelial
BD_immune07_784855,tumor_NMPR,tumor_NMPR,0.509426733545946,Multipotent,NMPR,Tumor_epithelial
BD_immune07_612839,tumor_NMPR,tumor_NMPR,0.513400069664273,Multipotent,NMPR,Tumor_epithelial
BD_immune07_177905,tumor_NMPR,tumor_NMPR,0.45126890409484,Oligopotent,NMPR,Tumor_epithelial
BD_immune07_143792,tumor_NMPR,tumor_NMPR,0.523278116800165,Multipotent,NMPR,Tumor_epithelial
BD_immune07_353533,tumor_NMPR,tumor_NMPR,0.268689785482203,Unipotent,NMPR,Tumor_epithelial
BD_immune07_580810,tumor_NMPR,tumor_NMPR,0.41362222897473,Oligopotent,NMPR,Tumor_epithelial
BD_immune07_30383,tumor_NMPR,tumor_NMPR,0.485384033719794,Oligopotent,NMPR,Tumor_epithelial
BD_immune07_288078,tumor_NMPR,tumor_NMPR,0.37372456080913,Oligopotent,NMPR,Tumor_epithelial
BD_immune07_125464,tumor_NMPR,tumor_NMPR,0.550486380264052,Multipotent,NMPR,Tumor_epithelial
BD_immune07_268124,tumor_NMPR,tumor_NMPR,0.544507533598523,Multipotent,NMPR,Tumor_epithelial
BD_immune07_273923,tumor_NMPR,tumor_NMPR,0.556848007363125,Multipotent,NMPR,Tumor_epithelial
BD_immune07_135723,tumor_NMPR,tumor_NMPR,0.551525500971104,Multipotent,NMPR,Tumor_epithelial
BD_immune07_31921,tumor_NMPR,tumor_NMPR,0.547996914546456,Multipotent,NMPR,Tumor_epithelial
BD_immune07_241720,tumor_NMPR,tumor_NMPR,0.599144756430032,Multipotent,NMPR,Tumor_epithelial
BD_immune07_49085,tumor_NMPR,tumor_NMPR,0.541107206490411,Multipotent,NMPR,Tumor_epithelial
BD_immune07_441419,tumor_NMPR,tumor_NMPR,0.30110876897013,Unipotent,NMPR,Tumor_epithelial
BD_immune07_633418,tumor_NMPR,tumor_NMPR,0.430265837066831,Oligopotent,NMPR,Tumor_epithelial
BD_immune07_812578,tumor_NMPR,tumor_NMPR,0.462646142796565,Oligopotent,NMPR,Tumor_epithelial
BD_immune07_804047,tumor_NMPR,tumor_NMPR,0.311571172160724,Unipotent,NMPR,Tumor_epithelial
BD_immune07_231760,tumor_NMPR,tumor_NMPR,0.524200041147734,Multipotent,NMPR,Tumor_epithelial
BD_immune07_581003,tumor_NMPR,tumor_NMPR,0.546601183898732,Multipotent,NMPR,Tumor_epithelial
BD_immune07_246165,tumor_NMPR,tumor_NMPR,0.60714228444725,Multipotent,NMPR,Tumor_epithelial
BD_immune07_611056,tumor_NMPR,tumor_NMPR,0.456907818081983,Oligopotent,NMPR,Tumor_epithelial
BD_immune07_421243,tumor_NMPR,tumor_NMPR,0.583439452428491,Multipotent,NMPR,Tumor_epithelial
BD_immune07_128227,tumor_NMPR,tumor_NMPR,0.521739429766747,Multipotent,NMPR,Tumor_epithelial
BD_immune07_757656,tumor_NMPR,tumor_NMPR,0.545674873456948,Multipotent,NMPR,Tumor_epithelial
BD_immune07_292215,tumor_NMPR,tumor_NMPR,0.481669014043017,Oligopotent,NMPR,Tumor_epithelial
BD_immune07_184648,tumor_NMPR,tumor_NMPR,0.761566191561359,Pluripotent,NMPR,Tumor_epithelial
BD_immune07_550754,tumor_NMPR,tumor_NMPR,0.417321767927988,Oligopotent,NMPR,Tumor_epithelial
BD_immune07_554963,tumor_NMPR,tumor_NMPR,0.497863648806035,Oligopotent,NMPR,Tumor_epithelial
BD_immune07_382689,tumor_NMPR,tumor_NMPR,0.545049610658947,Multipotent,NMPR,Tumor_epithelial
BD_immune07_150006,tumor_NMPR,tumor_NMPR,0.464095130867241,Oligopotent,NMPR,Tumor_epithelial
BD_immune07_214714,tumor_NMPR,tumor_NMPR,0.429307378537338,Oligopotent,NMPR,Tumor_epithelial
BD_immune07_181748,tumor_NMPR,tumor_NMPR,0.509670047651332,Multipotent,NMPR,Tumor_epithelial
BD_immune07_695966,tumor_NMPR,tumor_NMPR,0.430584056488944,Oligopotent,NMPR,Tumor_epithelial
BD_immune07_793429,tumor_NMPR,tumor_NMPR,0.557714542032068,Multipotent,NMPR,Tumor_epithelial
BD_immune07_508699,tumor_NMPR,tumor_NMPR,0.594457422838235,Multipotent,NMPR,Tumor_epithelial
BD_immune07_520877,tumor_NMPR,tumor_NMPR,0.570371273820322,Multipotent,NMPR,Tumor_epithelial
BD_immune07_305931,tumor_NMPR,tumor_NMPR,0.606876426953169,Multipotent,NMPR,Tumor_epithelial
BD_immune07_101968,tumor_NMPR,tumor_NMPR,0.578193631200793,Multipotent,NMPR,Tumor_epithelial
BD_immune07_251196,tumor_NMPR,tumor_NMPR,0.622480762270437,Multipotent,NMPR,Tumor_epithelial
BD_immune07_276224,tumor_NMPR,tumor_NMPR,0.581940566957533,Multipotent,NMPR,Tumor_epithelial
BD_immune07_474891,tumor_NMPR,tumor_NMPR,0.481671131446622,Oligopotent,NMPR,Tumor_epithelial
BD_immune07_306217,tumor_NMPR,tumor_NMPR,0.576264549852322,Multipotent,NMPR,Tumor_epithelial
BD_immune07_349016,tumor_NMPR,tumor_NMPR,0.459042456418478,Oligopotent,NMPR,Tumor_epithelial
BD_immune07_506697,tumor_NMPR,tumor_NMPR,0.351393746861903,Oligopotent,NMPR,Tumor_epithelial
BD_immune07_634788,tumor_NMPR,tumor_NMPR,0.542216294368153,Multipotent,NMPR,Tumor_epithelial
BD_immune07_407691,tumor_NMPR,tumor_NMPR,0.499241211734142,Oligopotent,NMPR,Tumor_epithelial
BD_immune07_313963,tumor_NMPR,tumor_NMPR,0.600155413451464,Multipotent,NMPR,Tumor_epithelial
BD_immune07_155349,tumor_NMPR,tumor_NMPR,0.184757243167683,Unipotent,NMPR,Tumor_epithelial
BD_immune07_35840,tumor_NMPR,tumor_NMPR,0.519715824012885,Multipotent,NMPR,Tumor_epithelial
BD_immune07_186675,tumor_NMPR,tumor_NMPR,0.579540597199579,Multipotent,NMPR,Tumor_epithelial
BD_immune07_715454,tumor_NMPR,tumor_NMPR,0.551414165778398,Multipotent,NMPR,Tumor_epithelial
BD_immune07_517126,tumor_NMPR,tumor_NMPR,0.44528918429866,Oligopotent,NMPR,Tumor_epithelial
BD_immune07_383379,tumor_NMPR,tumor_NMPR,0.427151102394092,Oligopotent,NMPR,Tumor_epithelial
BD_immune07_388107,tumor_NMPR,tumor_NMPR,0.441564101376617,Oligopotent,NMPR,Tumor_epithelial
BD_immune07_248053,tumor_NMPR,tumor_NMPR,0.576898813764294,Multipotent,NMPR,Tumor_epithelial
BD_immune07_425626,tumor_NMPR,tumor_NMPR,0.476751036284632,Oligopotent,NMPR,Tumor_epithelial
BD_immune07_210019,tumor_NMPR,tumor_NMPR,0.606653812361314,Multipotent,NMPR,Tumor_epithelial
BD_immune07_42078,tumor_NMPR,tumor_NMPR,0.570719819218217,Multipotent,NMPR,Tumor_epithelial
BD_immune07_623323,tumor_NMPR,tumor_NMPR,0.488326207364268,Oligopotent,NMPR,Tumor_epithelial
BD_immune07_832169,tumor_NMPR,tumor_NMPR,0.589231321725595,Multipotent,NMPR,Tumor_epithelial
BD_immune07_520839,tumor_NMPR,tumor_NMPR,0.435541164685121,Oligopotent,NMPR,Tumor_epithelial
BD_immune07_505034,tumor_NMPR,tumor_NMPR,0.466083482826387,Oligopotent,NMPR,Tumor_epithelial
BD_immune07_653519,tumor_NMPR,tumor_NMPR,0.521067168021886,Multipotent,NMPR,Tumor_epithelial
BD_immune07_466093,tumor_NMPR,tumor_NMPR,0.401449648541875,Oligopotent,NMPR,Tumor_epithelial
BD_immune07_78116,tumor_NMPR,tumor_NMPR,0.377726883233296,Oligopotent,NMPR,Tumor_epithelial
BD_immune07_680225,tumor_NMPR,tumor_NMPR,0.407123286376681,Oligopotent,NMPR,Tumor_epithelial
BD_immune07_520331,tumor_NMPR,tumor_NMPR,0.450451169123744,Oligopotent,NMPR,Tumor_epithelial
BD_immune07_373931,tumor_NMPR,tumor_NMPR,0.157208159337893,Differentiated,NMPR,Tumor_epithelial
BD_immune07_560527,tumor_NMPR,tumor_NMPR,0.499093153494464,Oligopotent,NMPR,Tumor_epithelial
BD_immune07_249145,tumor_NMPR,tumor_NMPR,0.50958897347594,Multipotent,NMPR,Tumor_epithelial
BD_immune07_556530,tumor_NMPR,tumor_NMPR,0.387930718339124,Oligopotent,NMPR,Tumor_epithelial
BD_immune07_129762,tumor_NMPR,tumor_NMPR,0.588657056917305,Multipotent,NMPR,Tumor_epithelial
BD_immune07_805182,tumor_NMPR,tumor_NMPR,0.536263236164675,Multipotent,NMPR,Tumor_epithelial
BD_immune07_692488,tumor_NMPR,tumor_NMPR,0.429559716274599,Oligopotent,NMPR,Tumor_epithelial
BD_immune07_656447,tumor_NMPR,tumor_NMPR,0.782170025242212,Pluripotent,NMPR,Tumor_epithelial
BD_immune07_580324,tumor_NMPR,tumor_NMPR,0.661417272760765,Multipotent,NMPR,Tumor_epithelial
BD_immune07_10253,tumor_NMPR,tumor_NMPR,0.367320924421343,Oligopotent,NMPR,Tumor_epithelial
BD_immune07_180036,tumor_NMPR,tumor_NMPR,0.511082758538228,Multipotent,NMPR,Tumor_epithelial
BD_immune07_830175,tumor_NMPR,tumor_NMPR,0.477090543981463,Oligopotent,NMPR,Tumor_epithelial
BD_immune07_9819,tumor_NMPR,tumor_NMPR,0.404703259569342,Oligopotent,NMPR,Tumor_epithelial
BD_immune07_733512,tumor_NMPR,tumor_NMPR,0.466443515093185,Oligopotent,NMPR,Tumor_epithelial
BD_immune07_13972,tumor_NMPR,tumor_NMPR,0.551011240714002,Multipotent,NMPR,Tumor_epithelial
BD_immune07_418211,tumor_NMPR,tumor_NMPR,0.41057476739522,Oligopotent,NMPR,Tumor_epithelial
BD_immune07_514684,tumor_NMPR,tumor_NMPR,0.454324357615588,Oligopotent,NMPR,Tumor_epithelial
BD_immune07_600299,tumor_NMPR,tumor_NMPR,0.298614794948577,Unipotent,NMPR,Tumor_epithelial
BD_immune07_693682,tumor_NMPR,tumor_NMPR,0.241430270214403,Unipotent,NMPR,Tumor_epithelial
BD_immune07_335430,tumor_NMPR,tumor_NMPR,0.464953762549582,Oligopotent,NMPR,Tumor_epithelial
BD_immune07_631544,tumor_NMPR,tumor_NMPR,0.560358121976883,Multipotent,NMPR,Tumor_epithelial
BD_immune07_237651,tumor_NMPR,tumor_NMPR,0.485451511986602,Oligopotent,NMPR,Tumor_epithelial
BD_immune07_284280,tumor_NMPR,tumor_NMPR,0.523759757594423,Multipotent,NMPR,Tumor_epithelial
BD_immune07_717293,tumor_NMPR,tumor_NMPR,0.512104486429095,Multipotent,NMPR,Tumor_epithelial
BD_immune07_19728,tumor_NMPR,tumor_NMPR,0.624345680333162,Multipotent,NMPR,Tumor_epithelial
BD_immune07_721092,tumor_NMPR,tumor_NMPR,0.474155444773547,Oligopotent,NMPR,Tumor_epithelial
BD_immune07_556050,tumor_NMPR,tumor_NMPR,0.519492546099259,Multipotent,NMPR,Tumor_epithelial
BD_immune07_62376,tumor_NMPR,tumor_NMPR,0.562547127682129,Multipotent,NMPR,Tumor_epithelial
BD_immune07_258831,tumor_NMPR,tumor_NMPR,0.615458526791167,Multipotent,NMPR,Tumor_epithelial
BD_immune07_4605,tumor_NMPR,tumor_NMPR,0.510434984090131,Multipotent,NMPR,Tumor_epithelial
BD_immune07_803974,tumor_NMPR,tumor_NMPR,0.516556978414834,Multipotent,NMPR,Tumor_epithelial
BD_immune07_833601,tumor_NMPR,tumor_NMPR,0.26125779503393,Unipotent,NMPR,Tumor_epithelial
BD_immune07_232545,tumor_NMPR,tumor_NMPR,0.405233369775734,Oligopotent,NMPR,Tumor_epithelial
BD_immune07_709324,tumor_NMPR,tumor_NMPR,0.625596806131294,Multipotent,NMPR,Tumor_epithelial
BD_immune07_785044,tumor_NMPR,tumor_NMPR,0.713581402804719,Pluripotent,NMPR,Tumor_epithelial
BD_immune07_489126,tumor_NMPR,tumor_NMPR,0.54986696370004,Multipotent,NMPR,Tumor_epithelial
BD_immune07_798676,tumor_NMPR,tumor_NMPR,0.277931681797216,Unipotent,NMPR,Tumor_epithelial
BD_immune07_160657,tumor_NMPR,tumor_NMPR,0.615706805935198,Multipotent,NMPR,Tumor_epithelial
BD_immune07_305842,tumor_NMPR,tumor_NMPR,0.528131764128647,Multipotent,NMPR,Tumor_epithelial
BD_immune07_200132,tumor_NMPR,tumor_NMPR,0.59677617267999,Multipotent,NMPR,Tumor_epithelial
BD_immune07_271202,tumor_NMPR,tumor_NMPR,0.412562549574538,Oligopotent,NMPR,Tumor_epithelial
BD_immune07_182072,tumor_NMPR,tumor_NMPR,0.354588836056152,Oligopotent,NMPR,Tumor_epithelial
BD_immune07_876613,tumor_NMPR,tumor_NMPR,0.230521173224515,Unipotent,NMPR,Tumor_epithelial
BD_immune07_172163,tumor_NMPR,tumor_NMPR,0.579040089533641,Multipotent,NMPR,Tumor_epithelial
BD_immune07_380013,tumor_NMPR,tumor_NMPR,0.795684223536279,Pluripotent,NMPR,Tumor_epithelial
BD_immune07_848229,tumor_NMPR,tumor_NMPR,0.582065840714228,Multipotent,NMPR,Tumor_epithelial
BD_immune07_416245,tumor_NMPR,tumor_NMPR,0.606883282481408,Multipotent,NMPR,Tumor_epithelial
BD_immune07_469453,tumor_NMPR,tumor_NMPR,0.261451211163958,Unipotent,NMPR,Tumor_epithelial
BD_immune07_376445,tumor_NMPR,tumor_NMPR,0.539878279184497,Multipotent,NMPR,Tumor_epithelial
BD_immune07_101992,tumor_NMPR,tumor_NMPR,0.552210255868362,Multipotent,NMPR,Tumor_epithelial
BD_immune07_71210,tumor_NMPR,tumor_NMPR,0.497465863351787,Oligopotent,NMPR,Tumor_epithelial
BD_immune07_821490,tumor_NMPR,tumor_NMPR,0.591716891075381,Multipotent,NMPR,Tumor_epithelial
BD_immune07_315779,tumor_NMPR,tumor_NMPR,0.691875896134402,Pluripotent,NMPR,Tumor_epithelial
BD_immune07_42051,tumor_NMPR,tumor_NMPR,0.492259131185572,Oligopotent,NMPR,Tumor_epithelial
BD_immune07_723784,tumor_NMPR,tumor_NMPR,0.596492947269941,Multipotent,NMPR,Tumor_epithelial
BD_immune07_328151,tumor_NMPR,tumor_NMPR,0.788741092090267,Pluripotent,NMPR,Tumor_epithelial
BD_immune07_87918,tumor_NMPR,tumor_NMPR,0.470061087582418,Oligopotent,NMPR,Tumor_epithelial
BD_immune07_49534,tumor_NMPR,tumor_NMPR,0.635675830380288,Multipotent,NMPR,Tumor_epithelial
BD_immune07_368012,tumor_NMPR,tumor_NMPR,0.59054036983787,Multipotent,NMPR,Tumor_epithelial
BD_immune07_601787,tumor_NMPR,tumor_NMPR,0.418607987522053,Oligopotent,NMPR,Tumor_epithelial
BD_immune07_231682,tumor_NMPR,tumor_NMPR,0.566724004600541,Multipotent,NMPR,Tumor_epithelial
BD_immune07_243529,tumor_NMPR,tumor_NMPR,0.381237577085781,Oligopotent,NMPR,Tumor_epithelial
BD_immune07_115810,tumor_NMPR,tumor_NMPR,0.520936599744297,Multipotent,NMPR,Tumor_epithelial
BD_immune07_818504,tumor_NMPR,tumor_NMPR,0.186593037570204,Unipotent,NMPR,Tumor_epithelial
BD_immune07_712183,tumor_NMPR,tumor_NMPR,0.446551892265654,Oligopotent,NMPR,Tumor_epithelial
BD_immune07_400290,tumor_NMPR,tumor_NMPR,0.542106232114195,Multipotent,NMPR,Tumor_epithelial
BD_immune07_714899,tumor_NMPR,tumor_NMPR,0.62982301483896,Multipotent,NMPR,Tumor_epithelial
BD_immune07_232553,tumor_NMPR,tumor_NMPR,0.579194281311769,Multipotent,NMPR,Tumor_epithelial
BD_immune07_29648,tumor_NMPR,tumor_NMPR,0.269148338957617,Unipotent,NMPR,Tumor_epithelial
BD_immune07_281706,tumor_NMPR,tumor_NMPR,0.614855592438283,Multipotent,NMPR,Tumor_epithelial
BD_immune07_495632,tumor_NMPR,tumor_NMPR,0.509704184565036,Multipotent,NMPR,Tumor_epithelial
BD_immune07_609480,tumor_NMPR,tumor_NMPR,0.600264610500583,Multipotent,NMPR,Tumor_epithelial
BD_immune07_824764,tumor_NMPR,tumor_NMPR,0.3698907951482,Oligopotent,NMPR,Tumor_epithelial
BD_immune07_20983,tumor_NMPR,tumor_NMPR,0.543312615950529,Multipotent,NMPR,Tumor_epithelial
BD_immune07_101874,tumor_NMPR,tumor_NMPR,0.397819136884568,Oligopotent,NMPR,Tumor_epithelial
BD_immune07_749460,tumor_NMPR,tumor_NMPR,0.501687505966014,Multipotent,NMPR,Tumor_epithelial
BD_immune07_625311,tumor_NMPR,tumor_NMPR,0.541917757034143,Multipotent,NMPR,Tumor_epithelial
BD_immune07_33221,tumor_NMPR,tumor_NMPR,0.273814874865134,Unipotent,NMPR,Tumor_epithelial
BD_immune07_4621,tumor_NMPR,tumor_NMPR,0.453779169383636,Oligopotent,NMPR,Tumor_epithelial
BD_immune07_575462,tumor_NMPR,tumor_NMPR,0.428970485004143,Oligopotent,NMPR,Tumor_epithelial
BD_immune07_754635,tumor_NMPR,tumor_NMPR,0.379725083989028,Oligopotent,NMPR,Tumor_epithelial
BD_immune07_292891,tumor_NMPR,tumor_NMPR,0.453607910767427,Oligopotent,NMPR,Tumor_epithelial
BD_immune07_709073,tumor_NMPR,tumor_NMPR,0.588367737464458,Multipotent,NMPR,Tumor_epithelial
BD_immune07_324387,tumor_NMPR,tumor_NMPR,0.462904798864734,Oligopotent,NMPR,Tumor_epithelial
BD_immune07_277786,tumor_NMPR,tumor_NMPR,0.187720212887291,Unipotent,NMPR,Tumor_epithelial
BD_immune07_649357,tumor_NMPR,tumor_NMPR,0.536123825847875,Multipotent,NMPR,Tumor_epithelial
BD_immune07_826750,tumor_NMPR,tumor_NMPR,0.708144585673915,Pluripotent,NMPR,Tumor_epithelial
BD_immune07_767163,tumor_NMPR,tumor_NMPR,0.595057379581385,Multipotent,NMPR,Tumor_epithelial
BD_immune07_150914,tumor_NMPR,tumor_NMPR,0.506395905485206,Multipotent,NMPR,Tumor_epithelial
BD_immune07_604350,tumor_NMPR,tumor_NMPR,0.596995974577288,Multipotent,NMPR,Tumor_epithelial
BD_immune07_760559,tumor_NMPR,tumor_NMPR,0.440591552709217,Oligopotent,NMPR,Tumor_epithelial
BD_immune07_596633,tumor_NMPR,tumor_NMPR,0.577475383978029,Multipotent,NMPR,Tumor_epithelial
BD_immune07_820371,tumor_NMPR,tumor_NMPR,0.43617391951356,Oligopotent,NMPR,Tumor_epithelial
BD_immune07_203747,tumor_NMPR,tumor_NMPR,0.597935892257631,Multipotent,NMPR,Tumor_epithelial
BD_immune07_317986,tumor_NMPR,tumor_NMPR,0.444550274022445,Oligopotent,NMPR,Tumor_epithelial
BD_immune07_840093,tumor_NMPR,tumor_NMPR,0.445202933817482,Oligopotent,NMPR,Tumor_epithelial
BD_immune07_270615,tumor_NMPR,tumor_NMPR,0.4043506678867,Oligopotent,NMPR,Tumor_epithelial
BD_immune07_734382,tumor_NMPR,tumor_NMPR,0.717354187777879,Pluripotent,NMPR,Tumor_epithelial
BD_immune07_67608,tumor_NMPR,tumor_NMPR,0.576664180096937,Multipotent,NMPR,Tumor_epithelial
BD_immune07_331053,tumor_NMPR,tumor_NMPR,0.55473528949539,Multipotent,NMPR,Tumor_epithelial
BD_immune07_536211,tumor_NMPR,tumor_NMPR,0.53406754744088,Multipotent,NMPR,Tumor_epithelial
BD_immune07_535244,tumor_NMPR,tumor_NMPR,0.214629137581105,Unipotent,NMPR,Tumor_epithelial
BD_immune07_698344,tumor_NMPR,tumor_NMPR,0.421858342315109,Oligopotent,NMPR,Tumor_epithelial
BD_immune07_302458,tumor_NMPR,tumor_NMPR,0.587239357072522,Multipotent,NMPR,Tumor_epithelial
BD_immune07_649913,tumor_NMPR,tumor_NMPR,0.480266025779373,Oligopotent,NMPR,Tumor_epithelial
BD_immune07_253723,tumor_NMPR,tumor_NMPR,0.28979078425239,Unipotent,NMPR,Tumor_epithelial
BD_immune07_833374,tumor_NMPR,tumor_NMPR,0.522119821494538,Multipotent,NMPR,Tumor_epithelial
BD_immune07_69285,tumor_NMPR,tumor_NMPR,0.247220292952342,Unipotent,NMPR,Tumor_epithelial
BD_immune07_385601,tumor_NMPR,tumor_NMPR,0.330183682412919,Unipotent,NMPR,Tumor_epithelial
BD_immune07_192896,tumor_NMPR,tumor_NMPR,0.488677722732676,Oligopotent,NMPR,Tumor_epithelial
BD_immune07_879857,tumor_NMPR,tumor_NMPR,0.175499833307956,Unipotent,NMPR,Tumor_epithelial
BD_immune07_425228,tumor_NMPR,tumor_NMPR,0.239886663305029,Unipotent,NMPR,Tumor_epithelial
BD_immune07_69657,tumor_NMPR,tumor_NMPR,0.360561647904464,Oligopotent,NMPR,Tumor_epithelial
BD_immune07_720298,tumor_NMPR,tumor_NMPR,0.598699038230399,Multipotent,NMPR,Tumor_epithelial
BD_immune07_134225,tumor_NMPR,tumor_NMPR,0.413401651711526,Oligopotent,NMPR,Tumor_epithelial
BD_immune07_7693,tumor_NMPR,tumor_NMPR,0.408323811804372,Oligopotent,NMPR,Tumor_epithelial
BD_immune07_404848,tumor_NMPR,tumor_NMPR,0.526384388279826,Multipotent,NMPR,Tumor_epithelial
BD_immune07_117315,tumor_NMPR,tumor_NMPR,0.551986383944173,Multipotent,NMPR,Tumor_epithelial
BD_immune07_15208,tumor_NMPR,tumor_NMPR,0.454672221830379,Oligopotent,NMPR,Tumor_epithelial
BD_immune07_728918,tumor_NMPR,tumor_NMPR,0.623624052340874,Multipotent,NMPR,Tumor_epithelial
BD_immune07_19875,tumor_NMPR,tumor_NMPR,0.408463676042334,Oligopotent,NMPR,Tumor_epithelial
BD_immune07_424577,tumor_NMPR,tumor_NMPR,0.591242335646875,Multipotent,NMPR,Tumor_epithelial
BD_immune07_101562,tumor_NMPR,tumor_NMPR,0.449168662131318,Oligopotent,NMPR,Tumor_epithelial
BD_immune07_338703,tumor_NMPR,tumor_NMPR,0.501036089352878,Multipotent,NMPR,Tumor_epithelial
BD_immune07_569266,tumor_NMPR,tumor_NMPR,0.441757440797945,Oligopotent,NMPR,Tumor_epithelial
BD_immune07_168562,tumor_NMPR,tumor_NMPR,0.566375449104925,Multipotent,NMPR,Tumor_epithelial
BD_immune07_874024,tumor_NMPR,tumor_NMPR,0.45157922007534,Oligopotent,NMPR,Tumor_epithelial
BD_immune07_732743,tumor_NMPR,tumor_NMPR,0.586157165163036,Multipotent,NMPR,Tumor_epithelial
BD_immune07_585592,tumor_NMPR,tumor_NMPR,0.536339090250249,Multipotent,NMPR,Tumor_epithelial
BD_immune07_391395,tumor_NMPR,tumor_NMPR,0.544616927922213,Multipotent,NMPR,Tumor_epithelial
BD_immune07_359054,tumor_NMPR,tumor_NMPR,0.494488437488846,Oligopotent,NMPR,Tumor_epithelial
BD_immune07_203604,tumor_NMPR,tumor_NMPR,0.417014694515347,Oligopotent,NMPR,Tumor_epithelial
BD_immune07_345310,tumor_NMPR,tumor_NMPR,0.562991708162082,Multipotent,NMPR,Tumor_epithelial
BD_immune07_719809,tumor_NMPR,tumor_NMPR,0.293644533525673,Unipotent,NMPR,Tumor_epithelial
BD_immune07_787351,tumor_NMPR,tumor_NMPR,0.502835148270557,Multipotent,NMPR,Tumor_epithelial
BD_immune07_724392,tumor_NMPR,tumor_NMPR,0.451588893767645,Oligopotent,NMPR,Tumor_epithelial
BD_immune07_461474,tumor_NMPR,tumor_NMPR,0.59688043663752,Multipotent,NMPR,Tumor_epithelial
BD_immune07_697361,tumor_NMPR,tumor_NMPR,0.308256264973321,Unipotent,NMPR,Tumor_epithelial
BD_immune07_778284,tumor_NMPR,tumor_NMPR,0.575664129298398,Multipotent,NMPR,Tumor_epithelial
BD_immune07_374425,tumor_NMPR,tumor_NMPR,0.307325893370858,Unipotent,NMPR,Tumor_epithelial
BD_immune07_365447,tumor_NMPR,tumor_NMPR,0.438589781234807,Oligopotent,NMPR,Tumor_epithelial
BD_immune07_12229,tumor_NMPR,tumor_NMPR,0.368786868110177,Oligopotent,NMPR,Tumor_epithelial
BD_immune07_625172,tumor_NMPR,tumor_NMPR,0.489878375063333,Oligopotent,NMPR,Tumor_epithelial
BD_immune07_67387,tumor_NMPR,tumor_NMPR,0.433690786419757,Oligopotent,NMPR,Tumor_epithelial
BD_immune07_196191,tumor_NMPR,tumor_NMPR,0.515742420382557,Multipotent,NMPR,Tumor_epithelial
BD_immune07_135205,tumor_NMPR,tumor_NMPR,0.555408330562758,Multipotent,NMPR,Tumor_epithelial
BD_immune07_258660,tumor_NMPR,tumor_NMPR,0.569165471605992,Multipotent,NMPR,Tumor_epithelial
BD_immune07_528755,tumor_NMPR,tumor_NMPR,0.243159752244921,Unipotent,NMPR,Tumor_epithelial
BD_immune07_61307,tumor_NMPR,tumor_NMPR,0.587623461600042,Multipotent,NMPR,Tumor_epithelial
BD_immune07_432504,tumor_NMPR,tumor_NMPR,0.259392108544076,Unipotent,NMPR,Tumor_epithelial
BD_immune07_445211,tumor_NMPR,tumor_NMPR,0.541899724398676,Multipotent,NMPR,Tumor_epithelial
BD_immune07_366466,tumor_NMPR,tumor_NMPR,0.473100143668711,Oligopotent,NMPR,Tumor_epithelial
BD_immune07_41245,normal_NMPR,normal_NMPR,0.24651036675917,Unipotent,NMPR,Tumor_epithelial_AT2
BD_immune07_591265,tumor_NMPR,tumor_NMPR,0.606569043853244,Multipotent,NMPR,Tumor_epithelial
BD_immune07_213792,tumor_NMPR,tumor_NMPR,0.40031566141019,Oligopotent,NMPR,Tumor_epithelial
BD_immune07_5946,tumor_NMPR,tumor_NMPR,0.599725506362498,Multipotent,NMPR,Tumor_epithelial
BD_immune07_853814,tumor_NMPR,tumor_NMPR,0.34731329386154,Oligopotent,NMPR,Tumor_epithelial
BD_immune07_446100,tumor_NMPR,tumor_NMPR,0.491375833340308,Oligopotent,NMPR,Tumor_epithelial
BD_immune07_1934,tumor_NMPR,tumor_NMPR,0.314585887916935,Unipotent,NMPR,Tumor_epithelial
BD_immune07_449387,tumor_NMPR,tumor_NMPR,0.602154075990202,Multipotent,NMPR,Tumor_epithelial
BD_immune07_726223,tumor_NMPR,tumor_NMPR,0.435568809306029,Oligopotent,NMPR,Tumor_epithelial
BD_immune07_872888,tumor_NMPR,tumor_NMPR,0.527825144763266,Multipotent,NMPR,Tumor_epithelial
BD_immune07_777216,tumor_NMPR,tumor_NMPR,0.56785171683263,Multipotent,NMPR,Tumor_epithelial
BD_immune07_165533,tumor_NMPR,tumor_NMPR,0.604622406958127,Multipotent,NMPR,Tumor_epithelial
BD_immune07_97241,tumor_NMPR,tumor_NMPR,0.697420538607522,Pluripotent,NMPR,Tumor_epithelial
BD_immune07_388944,tumor_NMPR,tumor_NMPR,0.409492494509354,Oligopotent,NMPR,Tumor_epithelial
BD_immune07_41569,tumor_NMPR,tumor_NMPR,0.478565345327102,Oligopotent,NMPR,Tumor_epithelial
BD_immune07_654029,tumor_NMPR,tumor_NMPR,0.537120381547881,Multipotent,NMPR,Tumor_epithelial
BD_immune07_392398,tumor_NMPR,tumor_NMPR,0.549965929615971,Multipotent,NMPR,Tumor_epithelial
BD_immune07_242723,tumor_NMPR,tumor_NMPR,0.571793606145838,Multipotent,NMPR,Tumor_epithelial
BD_immune07_701678,tumor_NMPR,tumor_NMPR,0.279002105664738,Unipotent,NMPR,Tumor_epithelial
BD_immune07_843347,tumor_NMPR,tumor_NMPR,0.539171874471817,Multipotent,NMPR,Tumor_epithelial
BD_immune07_552976,tumor_NMPR,tumor_NMPR,0.388597737813315,Oligopotent,NMPR,Tumor_epithelial
BD_immune07_4937,tumor_NMPR,tumor_NMPR,0.567035070488329,Multipotent,NMPR,Tumor_epithelial
BD_immune07_6707,tumor_NMPR,tumor_NMPR,0.393132478305432,Oligopotent,NMPR,Tumor_epithelial
BD_immune07_235004,tumor_NMPR,tumor_NMPR,0.267992570880672,Unipotent,NMPR,Tumor_epithelial
BD_immune07_15016,tumor_NMPR,tumor_NMPR,0.671391428940782,Pluripotent,NMPR,Tumor_epithelial
BD_immune07_303013,tumor_NMPR,tumor_NMPR,0.544868794662054,Multipotent,NMPR,Tumor_epithelial
BD_immune07_487568,tumor_NMPR,tumor_NMPR,0.612626268213614,Multipotent,NMPR,Tumor_epithelial
BD_immune07_206302,tumor_NMPR,tumor_NMPR,0.479077642345645,Oligopotent,NMPR,Tumor_epithelial
BD_immune07_742404,tumor_NMPR,tumor_NMPR,0.201369694984513,Unipotent,NMPR,Tumor_epithelial
BD_immune07_191277,tumor_NMPR,tumor_NMPR,0.604068324992065,Multipotent,NMPR,Tumor_epithelial
BD_immune07_388235,tumor_NMPR,tumor_NMPR,0.48369085803296,Oligopotent,NMPR,Tumor_epithelial
BD_immune07_867108,tumor_NMPR,tumor_NMPR,0.547237512036884,Multipotent,NMPR,Tumor_epithelial
BD_immune07_362912,tumor_NMPR,tumor_NMPR,0.46151174973206,Oligopotent,NMPR,Tumor_epithelial
BD_immune07_604199,tumor_NMPR,tumor_NMPR,0.444966151192848,Oligopotent,NMPR,Tumor_epithelial
BD_immune07_584328,normal_NMPR,normal_NMPR,0.23091177750628,Unipotent,NMPR,Tumor_epithelial_AT2
BD_immune07_342031,tumor_NMPR,tumor_NMPR,0.280797445813042,Unipotent,NMPR,Tumor_epithelial
BD_immune07_193052,tumor_NMPR,tumor_NMPR,0.514617457848419,Multipotent,NMPR,Tumor_epithelial
BD_immune07_162566,tumor_NMPR,tumor_NMPR,0.548355487948246,Multipotent,NMPR,Tumor_epithelial
BD_immune07_444108,tumor_NMPR,tumor_NMPR,0.405972548300824,Oligopotent,NMPR,Tumor_epithelial
BD_immune07_409621,tumor_NMPR,tumor_NMPR,0.624201200585879,Multipotent,NMPR,Tumor_epithelial
BD_immune07_375801,tumor_NMPR,tumor_NMPR,0.359056501937253,Oligopotent,NMPR,Tumor_epithelial
BD_immune07_122508,tumor_NMPR,tumor_NMPR,0.584820998996037,Multipotent,NMPR,Tumor_epithelial
BD_immune07_307363,tumor_NMPR,tumor_NMPR,0.508479907234313,Multipotent,NMPR,Tumor_epithelial
BD_immune07_202869,tumor_NMPR,tumor_NMPR,0.556895097095748,Multipotent,NMPR,Tumor_epithelial
BD_immune07_239377,tumor_NMPR,tumor_NMPR,0.545009486909969,Multipotent,NMPR,Tumor_epithelial
BD_immune07_588806,tumor_NMPR,tumor_NMPR,0.574424110839485,Multipotent,NMPR,Tumor_epithelial
BD_immune07_531527,tumor_NMPR,tumor_NMPR,0.562289586106102,Multipotent,NMPR,Tumor_epithelial
BD_immune07_393053,tumor_NMPR,tumor_NMPR,0.623306308854884,Multipotent,NMPR,Tumor_epithelial
BD_immune07_469208,tumor_NMPR,tumor_NMPR,0.45705965067901,Oligopotent,NMPR,Tumor_epithelial
BD_immune07_238357,tumor_NMPR,tumor_NMPR,0.364532784919063,Oligopotent,NMPR,Tumor_epithelial
BD_immune07_220842,tumor_NMPR,tumor_NMPR,0.524454548293878,Multipotent,NMPR,Tumor_epithelial
BD_immune07_39495,tumor_NMPR,tumor_NMPR,0.46582688011126,Oligopotent,NMPR,Tumor_epithelial
BD_immune07_786107,tumor_NMPR,tumor_NMPR,0.610090993635222,Multipotent,NMPR,Tumor_epithelial
BD_immune07_75024,tumor_NMPR,tumor_NMPR,0.157266743814525,Differentiated,NMPR,Tumor_epithelial
BD_immune07_495368,tumor_NMPR,tumor_NMPR,0.438244303235433,Oligopotent,NMPR,Tumor_epithelial
BD_immune07_662183,tumor_NMPR,tumor_NMPR,0.264935081062604,Unipotent,NMPR,Tumor_epithelial
BD_immune07_741401,tumor_NMPR,tumor_NMPR,0.555949106697197,Multipotent,NMPR,Tumor_epithelial
BD_immune07_866170,tumor_NMPR,tumor_NMPR,0.525482904425121,Multipotent,NMPR,Tumor_epithelial
BD_immune07_584941,tumor_NMPR,tumor_NMPR,0.505463176686817,Multipotent,NMPR,Tumor_epithelial
BD_immune07_273907,tumor_NMPR,tumor_NMPR,0.595635680447187,Multipotent,NMPR,Tumor_epithelial
BD_immune07_49022,tumor_NMPR,tumor_NMPR,0.530430819472595,Multipotent,NMPR,Tumor_epithelial
BD_immune07_249411,tumor_NMPR,tumor_NMPR,0.529015612306356,Multipotent,NMPR,Tumor_epithelial
BD_immune07_472160,tumor_NMPR,tumor_NMPR,0.226972774244785,Unipotent,NMPR,Tumor_epithelial
BD_immune07_508540,tumor_NMPR,tumor_NMPR,0.55743224571795,Multipotent,NMPR,Tumor_epithelial
BD_immune07_383787,tumor_NMPR,tumor_NMPR,0.565081361522029,Multipotent,NMPR,Tumor_epithelial
BD_immune07_370778,tumor_NMPR,tumor_NMPR,0.532174632477443,Multipotent,NMPR,Tumor_epithelial
BD_immune07_576602,tumor_NMPR,tumor_NMPR,0.510698805062161,Multipotent,NMPR,Tumor_epithelial
BD_immune07_44697,tumor_NMPR,tumor_NMPR,0.621220110963519,Multipotent,NMPR,Tumor_epithelial
BD_immune07_175206,tumor_NMPR,tumor_NMPR,0.467551295756601,Oligopotent,NMPR,Tumor_epithelial
BD_immune07_806566,tumor_NMPR,tumor_NMPR,0.59659978458076,Multipotent,NMPR,Tumor_epithelial
BD_immune07_855210,tumor_NMPR,tumor_NMPR,0.623922143796879,Multipotent,NMPR,Tumor_epithelial
BD_immune07_557950,tumor_NMPR,tumor_NMPR,0.497143465630091,Oligopotent,NMPR,Tumor_epithelial
BD_immune07_548424,tumor_NMPR,tumor_NMPR,0.564850376174168,Multipotent,NMPR,Tumor_epithelial
BD_immune07_491427,tumor_NMPR,tumor_NMPR,0.229383524262767,Unipotent,NMPR,Tumor_epithelial
BD_immune07_37416,tumor_NMPR,tumor_NMPR,0.468085418394406,Oligopotent,NMPR,Tumor_epithelial
BD_immune07_617710,tumor_NMPR,tumor_NMPR,0.462931448404151,Oligopotent,NMPR,Tumor_epithelial
BD_immune07_463956,tumor_NMPR,tumor_NMPR,0.495938554640727,Oligopotent,NMPR,Tumor_epithelial
BD_immune07_27869,tumor_NMPR,tumor_NMPR,0.377838062651575,Oligopotent,NMPR,Tumor_epithelial
BD_immune07_377605,tumor_NMPR,tumor_NMPR,0.597081747870335,Multipotent,NMPR,Tumor_epithelial
BD_immune07_806366,tumor_NMPR,tumor_NMPR,0.482506452651698,Oligopotent,NMPR,Tumor_epithelial
BD_immune07_822671,tumor_NMPR,tumor_NMPR,0.270066091028565,Unipotent,NMPR,Tumor_epithelial
BD_immune07_605236,tumor_NMPR,tumor_NMPR,0.427608786186101,Oligopotent,NMPR,Tumor_epithelial
BD_immune07_507909,tumor_NMPR,tumor_NMPR,0.5161462574403,Multipotent,NMPR,Tumor_epithelial
BD_immune07_39078,tumor_NMPR,tumor_NMPR,0.428445977070309,Oligopotent,NMPR,Tumor_epithelial
BD_immune07_68930,tumor_NMPR,tumor_NMPR,0.594011025576301,Multipotent,NMPR,Tumor_epithelial
BD_immune07_322699,tumor_NMPR,tumor_NMPR,0.54009933153547,Multipotent,NMPR,Tumor_epithelial
BD_immune07_377512,tumor_NMPR,tumor_NMPR,0.384693636635167,Oligopotent,NMPR,Tumor_epithelial
BD_immune07_718277,tumor_NMPR,tumor_NMPR,0.48834631385858,Oligopotent,NMPR,Tumor_epithelial
BD_immune07_93902,tumor_NMPR,tumor_NMPR,0.52871091623074,Multipotent,NMPR,Tumor_epithelial
BD_immune07_198039,tumor_NMPR,tumor_NMPR,0.509927101386504,Multipotent,NMPR,Tumor_epithelial
BD_immune07_586808,tumor_NMPR,tumor_NMPR,0.501329984645547,Multipotent,NMPR,Tumor_epithelial
BD_immune07_823296,tumor_NMPR,tumor_NMPR,0.476860552713512,Oligopotent,NMPR,Tumor_epithelial
BD_immune07_243469,tumor_NMPR,tumor_NMPR,0.542836560203832,Multipotent,NMPR,Tumor_epithelial
BD_immune07_602680,tumor_NMPR,tumor_NMPR,0.565164795216388,Multipotent,NMPR,Tumor_epithelial
BD_immune07_263252,tumor_NMPR,tumor_NMPR,0.431726665738654,Oligopotent,NMPR,Tumor_epithelial
BD_immune07_212732,tumor_NMPR,tumor_NMPR,0.426728022104935,Oligopotent,NMPR,Tumor_epithelial
BD_immune07_285569,tumor_NMPR,tumor_NMPR,0.449689140160034,Oligopotent,NMPR,Tumor_epithelial
BD_immune07_80336,tumor_NMPR,tumor_NMPR,0.545583667423659,Multipotent,NMPR,Tumor_epithelial
BD_immune07_157349,tumor_NMPR,tumor_NMPR,0.62030870008886,Multipotent,NMPR,Tumor_epithelial
BD_immune07_361317,tumor_NMPR,tumor_NMPR,0.419441694556558,Oligopotent,NMPR,Tumor_epithelial
BD_immune07_504314,tumor_NMPR,tumor_NMPR,0.608556691604571,Multipotent,NMPR,Tumor_epithelial
BD_immune07_706314,tumor_NMPR,tumor_NMPR,0.401958261465327,Oligopotent,NMPR,Tumor_epithelial
BD_immune07_813647,tumor_NMPR,tumor_NMPR,0.262669715882392,Unipotent,NMPR,Tumor_epithelial
BD_immune07_835644,tumor_NMPR,tumor_NMPR,0.562695224817113,Multipotent,NMPR,Tumor_epithelial
BD_immune07_251607,tumor_NMPR,tumor_NMPR,0.272185418480746,Unipotent,NMPR,Tumor_epithelial
BD_immune07_53529,tumor_NMPR,tumor_NMPR,0.342488431808254,Oligopotent,NMPR,Tumor_epithelial
BD_immune07_814734,tumor_NMPR,tumor_NMPR,0.436847299851544,Oligopotent,NMPR,Tumor_epithelial
BD_immune07_512004,tumor_NMPR,tumor_NMPR,0.621643949164605,Multipotent,NMPR,Tumor_epithelial
BD_immune07_66109,tumor_NMPR,tumor_NMPR,0.521772316104532,Multipotent,NMPR,Tumor_epithelial
BD_immune07_89055,tumor_NMPR,tumor_NMPR,0.528684010327052,Multipotent,NMPR,Tumor_epithelial
BD_immune07_367080,tumor_NMPR,tumor_NMPR,0.235636856251096,Unipotent,NMPR,Tumor_epithelial
BD_immune07_781136,tumor_NMPR,tumor_NMPR,0.561944929578642,Multipotent,NMPR,Tumor_epithelial
BD_immune07_496150,tumor_NMPR,tumor_NMPR,0.516158744232412,Multipotent,NMPR,Tumor_epithelial
BD_immune07_610025,tumor_NMPR,tumor_NMPR,0.31071801787548,Unipotent,NMPR,Tumor_epithelial
BD_immune07_268475,tumor_NMPR,tumor_NMPR,0.449495367083688,Oligopotent,NMPR,Tumor_epithelial
BD_immune07_11452,tumor_NMPR,tumor_NMPR,0.512024168114466,Multipotent,NMPR,Tumor_epithelial
BD_immune07_204052,tumor_NMPR,tumor_NMPR,0.44331500279538,Oligopotent,NMPR,Tumor_epithelial
BD_immune07_230884,tumor_NMPR,tumor_NMPR,0.511243928666256,Multipotent,NMPR,Tumor_epithelial
BD_immune07_764063,tumor_NMPR,tumor_NMPR,0.586902464893541,Multipotent,NMPR,Tumor_epithelial
BD_immune07_260736,tumor_NMPR,tumor_NMPR,0.381614836112453,Oligopotent,NMPR,Tumor_epithelial
BD_immune07_5608,tumor_NMPR,tumor_NMPR,0.156589808452851,Differentiated,NMPR,Tumor_epithelial
BD_immune07_786255,tumor_NMPR,tumor_NMPR,0.44435435927254,Oligopotent,NMPR,Tumor_epithelial
BD_immune07_508635,tumor_NMPR,tumor_NMPR,0.611535792716111,Multipotent,NMPR,Tumor_epithelial
BD_immune07_799512,tumor_NMPR,tumor_NMPR,0.391408342561813,Oligopotent,NMPR,Tumor_epithelial
BD_immune07_817449,tumor_NMPR,tumor_NMPR,0.35720101498505,Oligopotent,NMPR,Tumor_epithelial
BD_immune07_296152,tumor_NMPR,tumor_NMPR,0.504683152049266,Multipotent,NMPR,Tumor_epithelial
BD_immune07_409217,tumor_NMPR,tumor_NMPR,0.433315987344938,Oligopotent,NMPR,Tumor_epithelial
BD_immune07_208733,tumor_NMPR,tumor_NMPR,0.69858122804906,Pluripotent,NMPR,Tumor_epithelial
BD_immune07_444846,tumor_NMPR,tumor_NMPR,0.474202181616277,Oligopotent,NMPR,Tumor_epithelial
BD_immune07_429546,tumor_NMPR,tumor_NMPR,0.477995769906844,Oligopotent,NMPR,Tumor_epithelial
BD_immune07_867157,tumor_NMPR,tumor_NMPR,0.572370623110373,Multipotent,NMPR,Tumor_epithelial
BD_immune07_824214,tumor_NMPR,tumor_NMPR,0.393104906637722,Oligopotent,NMPR,Tumor_epithelial
BD_immune07_411884,tumor_NMPR,tumor_NMPR,0.398322053631484,Oligopotent,NMPR,Tumor_epithelial
BD_immune07_883599,tumor_NMPR,tumor_NMPR,0.609278526647067,Multipotent,NMPR,Tumor_epithelial
BD_immune07_163966,tumor_NMPR,tumor_NMPR,0.438695815183378,Oligopotent,NMPR,Tumor_epithelial
BD_immune07_503116,tumor_NMPR,tumor_NMPR,0.607888951391342,Multipotent,NMPR,Tumor_epithelial
BD_immune07_806525,tumor_NMPR,tumor_NMPR,0.235703258532831,Unipotent,NMPR,Tumor_epithelial
BD_immune07_43867,tumor_NMPR,tumor_NMPR,0.576572472960711,Multipotent,NMPR,Tumor_epithelial
BD_immune07_243936,tumor_NMPR,tumor_NMPR,0.380862466931634,Oligopotent,NMPR,Tumor_epithelial
BD_immune07_213966,tumor_NMPR,tumor_NMPR,0.563404734556417,Multipotent,NMPR,Tumor_epithelial
BD_immune07_466394,tumor_NMPR,tumor_NMPR,0.536891647701703,Multipotent,NMPR,Tumor_epithelial
BD_immune07_300627,tumor_NMPR,tumor_NMPR,0.415230445188187,Oligopotent,NMPR,Tumor_epithelial
BD_immune07_135582,tumor_NMPR,tumor_NMPR,0.564977936262706,Multipotent,NMPR,Tumor_epithelial
BD_immune07_483963,tumor_NMPR,tumor_NMPR,0.457096285781676,Oligopotent,NMPR,Tumor_epithelial
BD_immune07_368622,tumor_NMPR,tumor_NMPR,0.539977336599316,Multipotent,NMPR,Tumor_epithelial
BD_immune07_14859,tumor_NMPR,tumor_NMPR,0.551829402558778,Multipotent,NMPR,Tumor_epithelial
BD_immune07_862005,tumor_NMPR,tumor_NMPR,0.530144307782848,Multipotent,NMPR,Tumor_epithelial
BD_immune07_858143,tumor_NMPR,tumor_NMPR,0.415544954466569,Oligopotent,NMPR,Tumor_epithelial
BD_immune07_805908,tumor_NMPR,tumor_NMPR,0.417186833208992,Oligopotent,NMPR,Tumor_epithelial
BD_immune07_545891,tumor_NMPR,tumor_NMPR,0.54829240040885,Multipotent,NMPR,Tumor_epithelial
BD_immune07_305635,tumor_NMPR,tumor_NMPR,0.488570253382154,Oligopotent,NMPR,Tumor_epithelial
BD_immune07_512397,tumor_NMPR,tumor_NMPR,0.465019466909478,Oligopotent,NMPR,Tumor_epithelial
BD_immune07_449830,tumor_NMPR,tumor_NMPR,0.477114766949169,Oligopotent,NMPR,Tumor_epithelial
BD_immune07_101737,tumor_NMPR,tumor_NMPR,0.398506130141324,Oligopotent,NMPR,Tumor_epithelial
BD_immune07_503491,tumor_NMPR,tumor_NMPR,0.523249366760832,Multipotent,NMPR,Tumor_epithelial
BD_immune07_505686,tumor_NMPR,tumor_NMPR,0.398085206681116,Oligopotent,NMPR,Tumor_epithelial
BD_immune07_29023,normal_NMPR,normal_NMPR,0.118705693899756,Differentiated,NMPR,Tumor_epithelial_AT2
BD_immune07_415827,tumor_NMPR,tumor_NMPR,0.463675883420615,Oligopotent,NMPR,Tumor_epithelial
BD_immune07_138183,tumor_NMPR,tumor_NMPR,0.38949905492133,Oligopotent,NMPR,Tumor_epithelial
BD_immune07_530853,tumor_NMPR,tumor_NMPR,0.521542066767716,Multipotent,NMPR,Tumor_epithelial
BD_immune07_5541,tumor_NMPR,tumor_NMPR,0.385644259780401,Oligopotent,NMPR,Tumor_epithelial
BD_immune07_209123,tumor_NMPR,tumor_NMPR,0.557740391598505,Multipotent,NMPR,Tumor_epithelial
BD_immune07_352147,tumor_NMPR,tumor_NMPR,0.449581032245513,Oligopotent,NMPR,Tumor_epithelial
BD_immune07_10998,tumor_NMPR,tumor_NMPR,0.512660008801709,Multipotent,NMPR,Tumor_epithelial
BD_immune07_272367,tumor_NMPR,tumor_NMPR,0.482368962681367,Oligopotent,NMPR,Tumor_epithelial
BD_immune07_357477,tumor_NMPR,tumor_NMPR,0.364511480825414,Oligopotent,NMPR,Tumor_epithelial
BD_immune07_190938,tumor_NMPR,tumor_NMPR,0.460287866552902,Oligopotent,NMPR,Tumor_epithelial
BD_immune07_492702,tumor_NMPR,tumor_NMPR,0.415183311007513,Oligopotent,NMPR,Tumor_epithelial
BD_immune07_401845,tumor_NMPR,tumor_NMPR,0.627081682198222,Multipotent,NMPR,Tumor_epithelial
BD_immune07_402064,tumor_NMPR,tumor_NMPR,0.394875055989893,Oligopotent,NMPR,Tumor_epithelial
BD_immune07_812197,tumor_NMPR,tumor_NMPR,0.545555701971446,Multipotent,NMPR,Tumor_epithelial
BD_immune07_80736,tumor_NMPR,tumor_NMPR,0.604063763853288,Multipotent,NMPR,Tumor_epithelial
BD_immune07_147643,tumor_NMPR,tumor_NMPR,0.308629129300873,Unipotent,NMPR,Tumor_epithelial
BD_immune07_143762,tumor_NMPR,tumor_NMPR,0.642528281894442,Multipotent,NMPR,Tumor_epithelial
BD_immune07_644691,tumor_NMPR,tumor_NMPR,0.522646639863001,Multipotent,NMPR,Tumor_epithelial
BD_immune07_765728,tumor_NMPR,tumor_NMPR,0.445926154106811,Oligopotent,NMPR,Tumor_epithelial
BD_immune07_853511,tumor_NMPR,tumor_NMPR,0.216087310611877,Unipotent,NMPR,Tumor_epithelial
BD_immune07_429051,tumor_NMPR,tumor_NMPR,0.391534409467206,Oligopotent,NMPR,Tumor_epithelial
BD_immune07_113108,tumor_NMPR,tumor_NMPR,0.477401509278161,Oligopotent,NMPR,Tumor_epithelial
BD_immune07_462776,tumor_NMPR,tumor_NMPR,0.432977840797292,Oligopotent,NMPR,Tumor_epithelial
BD_immune07_152830,tumor_NMPR,tumor_NMPR,0.564035603594376,Multipotent,NMPR,Tumor_epithelial
BD_immune07_784100,tumor_NMPR,tumor_NMPR,0.545136306687382,Multipotent,NMPR,Tumor_epithelial
BD_immune07_50465,tumor_NMPR,tumor_NMPR,0.526400051656453,Multipotent,NMPR,Tumor_epithelial
BD_immune07_244082,tumor_NMPR,tumor_NMPR,0.517533319191501,Multipotent,NMPR,Tumor_epithelial
BD_immune07_725041,tumor_NMPR,tumor_NMPR,0.567449018161241,Multipotent,NMPR,Tumor_epithelial
BD_immune07_8882,tumor_NMPR,tumor_NMPR,0.390208885251576,Oligopotent,NMPR,Tumor_epithelial
BD_immune07_614963,tumor_NMPR,tumor_NMPR,0.543038307024565,Multipotent,NMPR,Tumor_epithelial
BD_immune07_794199,tumor_NMPR,tumor_NMPR,0.228591709368023,Unipotent,NMPR,Tumor_epithelial
BD_immune07_587606,tumor_NMPR,tumor_NMPR,0.587237820834536,Multipotent,NMPR,Tumor_epithelial
BD_immune07_365450,tumor_NMPR,tumor_NMPR,0.45117569675238,Oligopotent,NMPR,Tumor_epithelial
BD_immune07_120201,tumor_NMPR,tumor_NMPR,0.392411653245045,Oligopotent,NMPR,Tumor_epithelial
BD_immune07_246726,tumor_NMPR,tumor_NMPR,0.447314872464891,Oligopotent,NMPR,Tumor_epithelial
BD_immune07_317309,tumor_NMPR,tumor_NMPR,0.628400743862257,Multipotent,NMPR,Tumor_epithelial
BD_immune07_699792,tumor_NMPR,tumor_NMPR,0.423086554940005,Oligopotent,NMPR,Tumor_epithelial
BD_immune07_203512,tumor_NMPR,tumor_NMPR,0.540951650718417,Multipotent,NMPR,Tumor_epithelial
BD_immune07_302835,tumor_NMPR,tumor_NMPR,0.578855252826053,Multipotent,NMPR,Tumor_epithelial
BD_immune07_104017,tumor_NMPR,tumor_NMPR,0.334239768480238,Oligopotent,NMPR,Tumor_epithelial
BD_immune07_230992,tumor_NMPR,tumor_NMPR,0.401588671492483,Oligopotent,NMPR,Tumor_epithelial
BD_immune07_747528,tumor_NMPR,tumor_NMPR,0.466663653595581,Oligopotent,NMPR,Tumor_epithelial
BD_immune07_473007,tumor_NMPR,tumor_NMPR,0.529634471620162,Multipotent,NMPR,Tumor_epithelial
BD_immune07_589829,tumor_NMPR,tumor_NMPR,0.527012505411704,Multipotent,NMPR,Tumor_epithelial
BD_immune07_667943,tumor_NMPR,tumor_NMPR,0.624518359666455,Multipotent,NMPR,Tumor_epithelial
BD_immune07_174355,tumor_NMPR,tumor_NMPR,0.59600939870354,Multipotent,NMPR,Tumor_epithelial
BD_immune07_412522,tumor_NMPR,tumor_NMPR,0.451693765869899,Oligopotent,NMPR,Tumor_epithelial
BD_immune07_616993,tumor_NMPR,tumor_NMPR,0.475816036108614,Oligopotent,NMPR,Tumor_epithelial
BD_immune07_474722,tumor_NMPR,tumor_NMPR,0.413079535159171,Oligopotent,NMPR,Tumor_epithelial
BD_immune07_485640,tumor_NMPR,tumor_NMPR,0.516189876191374,Multipotent,NMPR,Tumor_epithelial
BD_immune07_185469,tumor_NMPR,tumor_NMPR,0.556935433230471,Multipotent,NMPR,Tumor_epithelial
BD_immune07_186925,tumor_NMPR,tumor_NMPR,0.481505473261826,Oligopotent,NMPR,Tumor_epithelial
BD_immune07_861421,tumor_NMPR,tumor_NMPR,0.457111485764516,Oligopotent,NMPR,Tumor_epithelial
BD_immune07_20376,tumor_NMPR,tumor_NMPR,0.633848006632839,Multipotent,NMPR,Tumor_epithelial
BD_immune07_308938,tumor_NMPR,tumor_NMPR,0.209238727041148,Unipotent,NMPR,Tumor_epithelial
BD_immune07_389275,tumor_NMPR,tumor_NMPR,0.550822086602739,Multipotent,NMPR,Tumor_epithelial
BD_immune07_657865,tumor_NMPR,tumor_NMPR,0.578137378081027,Multipotent,NMPR,Tumor_epithelial
BD_immune07_230558,tumor_NMPR,tumor_NMPR,0.517393135781277,Multipotent,NMPR,Tumor_epithelial
BD_immune07_749986,tumor_NMPR,tumor_NMPR,0.406489718125106,Oligopotent,NMPR,Tumor_epithelial
BD_immune07_348846,tumor_NMPR,tumor_NMPR,0.564963768152737,Multipotent,NMPR,Tumor_epithelial
BD_immune07_188917,tumor_NMPR,tumor_NMPR,0.507267220258714,Multipotent,NMPR,Tumor_epithelial
BD_immune07_2021,tumor_NMPR,tumor_NMPR,0.483841476341941,Oligopotent,NMPR,Tumor_epithelial
BD_immune07_833931,tumor_NMPR,tumor_NMPR,0.405837512207049,Oligopotent,NMPR,Tumor_epithelial
BD_immune07_62898,tumor_NMPR,tumor_NMPR,0.567247554405267,Multipotent,NMPR,Tumor_epithelial
BD_immune07_678288,tumor_NMPR,tumor_NMPR,0.462115766000785,Oligopotent,NMPR,Tumor_epithelial
BD_immune07_176311,tumor_NMPR,tumor_NMPR,0.366191761573557,Oligopotent,NMPR,Tumor_epithelial
BD_immune07_857622,tumor_NMPR,tumor_NMPR,0.46681340639961,Oligopotent,NMPR,Tumor_epithelial
BD_immune07_647284,tumor_NMPR,tumor_NMPR,0.561595699091954,Multipotent,NMPR,Tumor_epithelial
BD_immune07_684868,tumor_NMPR,tumor_NMPR,0.379263182463687,Oligopotent,NMPR,Tumor_epithelial
BD_immune07_478595,tumor_NMPR,tumor_NMPR,0.449986350685076,Oligopotent,NMPR,Tumor_epithelial
BD_immune07_339533,tumor_NMPR,tumor_NMPR,0.548064357124599,Multipotent,NMPR,Tumor_epithelial
BD_immune07_856420,tumor_NMPR,tumor_NMPR,0.373467685278899,Oligopotent,NMPR,Tumor_epithelial
BD_immune07_723591,tumor_NMPR,tumor_NMPR,0.520618923122139,Multipotent,NMPR,Tumor_epithelial
BD_immune07_289382,tumor_NMPR,tumor_NMPR,0.34814702685419,Oligopotent,NMPR,Tumor_epithelial
BD_immune07_318540,tumor_NMPR,tumor_NMPR,0.597005298859048,Multipotent,NMPR,Tumor_epithelial
BD_immune07_687020,tumor_NMPR,tumor_NMPR,0.425077380429162,Oligopotent,NMPR,Tumor_epithelial
BD_immune07_207459,tumor_NMPR,tumor_NMPR,0.561105622077738,Multipotent,NMPR,Tumor_epithelial
BD_immune07_484720,tumor_NMPR,tumor_NMPR,0.63739973900089,Multipotent,NMPR,Tumor_epithelial
BD_immune07_300943,tumor_NMPR,tumor_NMPR,0.455166611701497,Oligopotent,NMPR,Tumor_epithelial
BD_immune07_214096,tumor_NMPR,tumor_NMPR,0.539915571805064,Multipotent,NMPR,Tumor_epithelial
BD_immune07_548013,tumor_NMPR,tumor_NMPR,0.623123559341731,Multipotent,NMPR,Tumor_epithelial
BD_immune07_505016,tumor_NMPR,tumor_NMPR,0.507535100543984,Multipotent,NMPR,Tumor_epithelial
BD_immune07_787684,tumor_NMPR,tumor_NMPR,0.452757784686599,Oligopotent,NMPR,Tumor_epithelial
BD_immune07_438348,tumor_NMPR,tumor_NMPR,0.274064731119852,Unipotent,NMPR,Tumor_epithelial
BD_immune07_613044,tumor_NMPR,tumor_NMPR,0.473531652933359,Oligopotent,NMPR,Tumor_epithelial
BD_immune07_427946,tumor_NMPR,tumor_NMPR,0.602439063128259,Multipotent,NMPR,Tumor_epithelial
BD_immune07_870272,tumor_NMPR,tumor_NMPR,0.571646661023453,Multipotent,NMPR,Tumor_epithelial
BD_immune07_231244,tumor_NMPR,tumor_NMPR,0.551359454032273,Multipotent,NMPR,Tumor_epithelial
BD_immune07_419041,tumor_NMPR,tumor_NMPR,0.514045123045649,Multipotent,NMPR,Tumor_epithelial
BD_immune07_189667,tumor_NMPR,tumor_NMPR,0.443583281160548,Oligopotent,NMPR,Tumor_epithelial
BD_immune07_670566,tumor_NMPR,tumor_NMPR,0.445369264873083,Oligopotent,NMPR,Tumor_epithelial
BD_immune07_245095,tumor_NMPR,tumor_NMPR,0.619602576448527,Multipotent,NMPR,Tumor_epithelial
BD_immune07_836399,tumor_NMPR,tumor_NMPR,0.551170768983171,Multipotent,NMPR,Tumor_epithelial
BD_immune07_756907,tumor_NMPR,tumor_NMPR,0.608598689867623,Multipotent,NMPR,Tumor_epithelial
BD_immune07_697238,tumor_NMPR,tumor_NMPR,0.450786919961946,Oligopotent,NMPR,Tumor_epithelial
BD_immune07_168138,tumor_NMPR,tumor_NMPR,0.532596180169856,Multipotent,NMPR,Tumor_epithelial
BD_immune07_42019,tumor_NMPR,tumor_NMPR,0.43256322429209,Oligopotent,NMPR,Tumor_epithelial
BD_immune07_701793,tumor_NMPR,tumor_NMPR,0.439379836104449,Oligopotent,NMPR,Tumor_epithelial
BD_immune07_544200,tumor_NMPR,tumor_NMPR,0.58438465349176,Multipotent,NMPR,Tumor_epithelial
BD_immune07_772514,tumor_NMPR,tumor_NMPR,0.527234898574311,Multipotent,NMPR,Tumor_epithelial
BD_immune07_672448,tumor_NMPR,tumor_NMPR,0.516018719673945,Multipotent,NMPR,Tumor_epithelial
BD_immune07_422867,tumor_NMPR,tumor_NMPR,0.524345446906375,Multipotent,NMPR,Tumor_epithelial
BD_immune07_802224,tumor_NMPR,tumor_NMPR,0.405130974230825,Oligopotent,NMPR,Tumor_epithelial
BD_immune07_816716,tumor_NMPR,tumor_NMPR,0.211650668324478,Unipotent,NMPR,Tumor_epithelial
BD_immune07_826214,tumor_NMPR,tumor_NMPR,0.376449328831631,Oligopotent,NMPR,Tumor_epithelial
BD_immune07_16543,tumor_NMPR,tumor_NMPR,0.607544711553077,Multipotent,NMPR,Tumor_epithelial
BD_immune07_574625,tumor_NMPR,tumor_NMPR,0.524988481305996,Multipotent,NMPR,Tumor_epithelial
BD_immune07_340833,tumor_NMPR,tumor_NMPR,0.533038573167991,Multipotent,NMPR,Tumor_epithelial
BD_immune07_805981,tumor_NMPR,tumor_NMPR,0.432884416448531,Oligopotent,NMPR,Tumor_epithelial
BD_immune07_365808,tumor_NMPR,tumor_NMPR,0.441685358007174,Oligopotent,NMPR,Tumor_epithelial
BD_immune07_696436,tumor_NMPR,tumor_NMPR,0.369660352268063,Oligopotent,NMPR,Tumor_epithelial
BD_immune07_691916,tumor_NMPR,tumor_NMPR,0.387605910955681,Oligopotent,NMPR,Tumor_epithelial
BD_immune07_606421,tumor_NMPR,tumor_NMPR,0.553919440823695,Multipotent,NMPR,Tumor_epithelial
BD_immune07_498196,tumor_NMPR,tumor_NMPR,0.556111257694071,Multipotent,NMPR,Tumor_epithelial
BD_immune07_140422,tumor_NMPR,tumor_NMPR,0.308494313125147,Unipotent,NMPR,Tumor_epithelial
BD_immune07_810716,tumor_NMPR,tumor_NMPR,0.323475205016579,Unipotent,NMPR,Tumor_epithelial
BD_immune07_524840,tumor_NMPR,tumor_NMPR,0.570749424318265,Multipotent,NMPR,Tumor_epithelial
BD_immune07_874903,tumor_NMPR,tumor_NMPR,0.609762378651101,Multipotent,NMPR,Tumor_epithelial
BD_immune07_184516,tumor_NMPR,tumor_NMPR,0.558243973914631,Multipotent,NMPR,Tumor_epithelial
BD_immune07_424225,tumor_NMPR,tumor_NMPR,0.370774129129457,Oligopotent,NMPR,Tumor_epithelial
BD_immune07_508514,tumor_NMPR,tumor_NMPR,0.385769482370034,Oligopotent,NMPR,Tumor_epithelial
BD_immune07_637039,tumor_NMPR,tumor_NMPR,0.461142002342479,Oligopotent,NMPR,Tumor_epithelial
BD_immune07_87959,tumor_NMPR,tumor_NMPR,0.536997870976261,Multipotent,NMPR,Tumor_epithelial
BD_immune07_269421,tumor_NMPR,tumor_NMPR,0.614528342913033,Multipotent,NMPR,Tumor_epithelial
BD_immune07_118283,tumor_NMPR,tumor_NMPR,0.506433450320733,Multipotent,NMPR,Tumor_epithelial
BD_immune07_429779,tumor_NMPR,tumor_NMPR,0.281803187297028,Unipotent,NMPR,Tumor_epithelial
BD_immune07_810913,tumor_NMPR,tumor_NMPR,0.491828398538629,Oligopotent,NMPR,Tumor_epithelial
BD_immune07_567431,tumor_NMPR,tumor_NMPR,0.590376437226274,Multipotent,NMPR,Tumor_epithelial
BD_immune07_381012,tumor_NMPR,tumor_NMPR,0.439075244590508,Oligopotent,NMPR,Tumor_epithelial
BD_immune07_627977,tumor_NMPR,tumor_NMPR,0.42939000560686,Oligopotent,NMPR,Tumor_epithelial
BD_immune07_8532,tumor_NMPR,tumor_NMPR,0.304149993391578,Unipotent,NMPR,Tumor_epithelial
BD_immune07_168993,tumor_NMPR,tumor_NMPR,0.41033745128208,Oligopotent,NMPR,Tumor_epithelial
BD_immune07_377534,tumor_NMPR,tumor_NMPR,0.589047341113802,Multipotent,NMPR,Tumor_epithelial
BD_immune07_528321,tumor_NMPR,tumor_NMPR,0.55772053805687,Multipotent,NMPR,Tumor_epithelial
BD_immune07_521155,tumor_NMPR,tumor_NMPR,0.572290171867316,Multipotent,NMPR,Tumor_epithelial
BD_immune07_478428,tumor_NMPR,tumor_NMPR,0.588453739591324,Multipotent,NMPR,Tumor_epithelial
BD_immune07_308048,normal_NMPR,normal_NMPR,0.0969055717811811,Differentiated,NMPR,Tumor_epithelial_AT2
BD_immune07_308944,tumor_NMPR,tumor_NMPR,0.157699295924423,Differentiated,NMPR,Tumor_epithelial
BD_immune07_744019,tumor_NMPR,tumor_NMPR,0.605623038790356,Multipotent,NMPR,Tumor_epithelial
BD_immune07_66998,tumor_NMPR,tumor_NMPR,0.510033579370844,Multipotent,NMPR,Tumor_epithelial
BD_immune07_13599,tumor_NMPR,tumor_NMPR,0.525523678759303,Multipotent,NMPR,Tumor_epithelial
BD_immune07_515702,tumor_NMPR,tumor_NMPR,0.145938839067345,Differentiated,NMPR,Tumor_epithelial
BD_immune07_829861,tumor_NMPR,tumor_NMPR,0.55569026215545,Multipotent,NMPR,Tumor_epithelial
BD_immune07_117068,tumor_NMPR,tumor_NMPR,0.490761389263983,Oligopotent,NMPR,Tumor_epithelial
BD_immune07_181890,tumor_NMPR,tumor_NMPR,0.466542264777225,Oligopotent,NMPR,Tumor_epithelial
BD_immune07_170327,tumor_NMPR,tumor_NMPR,0.623109711654557,Multipotent,NMPR,Tumor_epithelial
BD_immune07_30241,tumor_NMPR,tumor_NMPR,0.548495724397367,Multipotent,NMPR,Tumor_epithelial
BD_immune07_323240,tumor_NMPR,tumor_NMPR,0.435868277628695,Oligopotent,NMPR,Tumor_epithelial
BD_immune07_520936,tumor_NMPR,tumor_NMPR,0.208755500217193,Unipotent,NMPR,Tumor_epithelial
BD_immune07_146299,tumor_NMPR,tumor_NMPR,0.574499614013003,Multipotent,NMPR,Tumor_epithelial
BD_immune07_732258,tumor_NMPR,tumor_NMPR,0.404909767797678,Oligopotent,NMPR,Tumor_epithelial
BD_immune07_577162,tumor_NMPR,tumor_NMPR,0.56328962282599,Multipotent,NMPR,Tumor_epithelial
BD_immune07_187871,tumor_NMPR,tumor_NMPR,0.391944088352118,Oligopotent,NMPR,Tumor_epithelial
BD_immune07_220521,tumor_NMPR,tumor_NMPR,0.614264595881139,Multipotent,NMPR,Tumor_epithelial
BD_immune07_288658,tumor_NMPR,tumor_NMPR,0.315599321131888,Unipotent,NMPR,Tumor_epithelial
BD_immune07_325731,tumor_NMPR,tumor_NMPR,0.552605413211767,Multipotent,NMPR,Tumor_epithelial
BD_immune07_525840,tumor_NMPR,tumor_NMPR,0.507804940321421,Multipotent,NMPR,Tumor_epithelial
BD_immune07_43710,tumor_NMPR,tumor_NMPR,0.56906529032141,Multipotent,NMPR,Tumor_epithelial
BD_immune07_178671,tumor_NMPR,tumor_NMPR,0.581628736787628,Multipotent,NMPR,Tumor_epithelial
BD_immune07_127399,tumor_NMPR,tumor_NMPR,0.457804803907217,Oligopotent,NMPR,Tumor_epithelial
BD_immune07_410068,tumor_NMPR,tumor_NMPR,0.529046318726317,Multipotent,NMPR,Tumor_epithelial
BD_immune07_849335,tumor_NMPR,tumor_NMPR,0.492469163561416,Oligopotent,NMPR,Tumor_epithelial
BD_immune07_732596,tumor_NMPR,tumor_NMPR,0.366585004415299,Oligopotent,NMPR,Tumor_epithelial
BD_immune07_99975,tumor_NMPR,tumor_NMPR,0.429708735097514,Oligopotent,NMPR,Tumor_epithelial
BD_immune07_555750,tumor_NMPR,tumor_NMPR,0.259144330866478,Unipotent,NMPR,Tumor_epithelial
BD_immune07_240187,tumor_NMPR,tumor_NMPR,0.514411741755887,Multipotent,NMPR,Tumor_epithelial
BD_immune07_344588,tumor_NMPR,tumor_NMPR,0.546214474030452,Multipotent,NMPR,Tumor_epithelial
BD_immune07_72837,tumor_NMPR,tumor_NMPR,0.540251284774272,Multipotent,NMPR,Tumor_epithelial
BD_immune07_597886,tumor_NMPR,tumor_NMPR,0.574711377323882,Multipotent,NMPR,Tumor_epithelial
BD_immune07_146941,tumor_NMPR,tumor_NMPR,0.474839727667343,Oligopotent,NMPR,Tumor_epithelial
BD_immune07_91536,tumor_NMPR,tumor_NMPR,0.449594651325085,Oligopotent,NMPR,Tumor_epithelial
BD_immune07_2897,tumor_NMPR,tumor_NMPR,0.558743333005104,Multipotent,NMPR,Tumor_epithelial
BD_immune07_230846,tumor_NMPR,tumor_NMPR,0.523123773455842,Multipotent,NMPR,Tumor_epithelial
BD_immune07_746215,tumor_NMPR,tumor_NMPR,0.412221146252682,Oligopotent,NMPR,Tumor_epithelial
BD_immune07_234207,tumor_NMPR,tumor_NMPR,0.538607927039328,Multipotent,NMPR,Tumor_epithelial
BD_immune07_464748,tumor_NMPR,tumor_NMPR,0.412154857150756,Oligopotent,NMPR,Tumor_epithelial
BD_immune07_327159,tumor_NMPR,tumor_NMPR,0.59326592638898,Multipotent,NMPR,Tumor_epithelial
BD_immune07_175557,tumor_NMPR,tumor_NMPR,0.520550863682727,Multipotent,NMPR,Tumor_epithelial
BD_immune07_117479,tumor_NMPR,tumor_NMPR,0.578884322469684,Multipotent,NMPR,Tumor_epithelial
BD_immune07_350774,tumor_NMPR,tumor_NMPR,0.604974886674302,Multipotent,NMPR,Tumor_epithelial
BD_immune07_591792,tumor_NMPR,tumor_NMPR,0.249257945779999,Unipotent,NMPR,Tumor_epithelial
BD_immune07_734555,tumor_NMPR,tumor_NMPR,0.419511012333807,Oligopotent,NMPR,Tumor_epithelial
BD_immune07_59818,tumor_NMPR,tumor_NMPR,0.598930010580869,Multipotent,NMPR,Tumor_epithelial
BD_immune07_536184,tumor_NMPR,tumor_NMPR,0.544526690994229,Multipotent,NMPR,Tumor_epithelial
BD_immune07_53097,tumor_NMPR,tumor_NMPR,0.424803628287873,Oligopotent,NMPR,Tumor_epithelial
BD_immune07_659873,tumor_NMPR,tumor_NMPR,0.150529009750331,Differentiated,NMPR,Tumor_epithelial
BD_immune07_574992,tumor_NMPR,tumor_NMPR,0.436963598027826,Oligopotent,NMPR,Tumor_epithelial
BD_immune07_882217,tumor_NMPR,tumor_NMPR,0.28363242071635,Unipotent,NMPR,Tumor_epithelial
BD_immune07_166640,tumor_NMPR,tumor_NMPR,0.557700059067243,Multipotent,NMPR,Tumor_epithelial
BD_immune07_31238,tumor_NMPR,tumor_NMPR,0.550319434261635,Multipotent,NMPR,Tumor_epithelial
BD_immune07_125408,tumor_NMPR,tumor_NMPR,0.41173782444151,Oligopotent,NMPR,Tumor_epithelial
BD_immune07_464090,tumor_NMPR,tumor_NMPR,0.463269252072621,Oligopotent,NMPR,Tumor_epithelial
BD_immune07_422688,tumor_NMPR,tumor_NMPR,0.56654214822099,Multipotent,NMPR,Tumor_epithelial
BD_immune07_261290,tumor_NMPR,tumor_NMPR,0.418398108247322,Oligopotent,NMPR,Tumor_epithelial
BD_immune07_186421,tumor_NMPR,tumor_NMPR,0.575386975492357,Multipotent,NMPR,Tumor_epithelial
BD_immune07_701883,tumor_NMPR,tumor_NMPR,0.516732049572693,Multipotent,NMPR,Tumor_epithelial
BD_immune07_363586,tumor_NMPR,tumor_NMPR,0.563326524939933,Multipotent,NMPR,Tumor_epithelial
BD_immune07_69320,tumor_NMPR,tumor_NMPR,0.534880833944518,Multipotent,NMPR,Tumor_epithelial
BD_immune07_497768,tumor_NMPR,tumor_NMPR,0.438660146816043,Oligopotent,NMPR,Tumor_epithelial
BD_immune07_158420,tumor_NMPR,tumor_NMPR,0.55060775671699,Multipotent,NMPR,Tumor_epithelial
BD_immune07_369042,tumor_NMPR,tumor_NMPR,0.474025362279323,Oligopotent,NMPR,Tumor_epithelial
BD_immune07_355135,tumor_NMPR,tumor_NMPR,0.184596343194092,Unipotent,NMPR,Tumor_epithelial
BD_immune07_734916,tumor_NMPR,tumor_NMPR,0.665656729446151,Multipotent,NMPR,Tumor_epithelial
BD_immune07_81568,tumor_NMPR,tumor_NMPR,0.43681188846881,Oligopotent,NMPR,Tumor_epithelial
BD_immune07_673395,tumor_NMPR,tumor_NMPR,0.412203057957475,Oligopotent,NMPR,Tumor_epithelial
BD_immune07_453531,tumor_NMPR,tumor_NMPR,0.204682372111583,Unipotent,NMPR,Tumor_epithelial
BD_immune07_583752,tumor_NMPR,tumor_NMPR,0.256712632888685,Unipotent,NMPR,Tumor_epithelial
BD_immune07_362037,tumor_NMPR,tumor_NMPR,0.512069004205768,Multipotent,NMPR,Tumor_epithelial
BD_immune07_823533,tumor_NMPR,tumor_NMPR,0.59655981236097,Multipotent,NMPR,Tumor_epithelial
BD_immune07_342760,tumor_NMPR,tumor_NMPR,0.606970642973225,Multipotent,NMPR,Tumor_epithelial
BD_immune07_185022,tumor_NMPR,tumor_NMPR,0.555044837011787,Multipotent,NMPR,Tumor_epithelial
BD_immune07_607561,normal_NMPR,normal_NMPR,0.0841405789110281,Differentiated,NMPR,Tumor_epithelial_AT2
BD_immune07_23282,normal_NMPR,normal_NMPR,0.242252274886643,Unipotent,NMPR,Tumor_epithelial_AT2
BD_immune07_836682,tumor_NMPR,tumor_NMPR,0.407714328029646,Oligopotent,NMPR,Tumor_epithelial
BD_immune07_62955,tumor_NMPR,tumor_NMPR,0.567270439581618,Multipotent,NMPR,Tumor_epithelial
BD_immune07_829594,tumor_NMPR,tumor_NMPR,0.378104014815071,Oligopotent,NMPR,Tumor_epithelial
BD_immune07_498241,tumor_NMPR,tumor_NMPR,0.449025849999071,Oligopotent,NMPR,Tumor_epithelial
BD_immune07_331201,tumor_NMPR,tumor_NMPR,0.421013136495541,Oligopotent,NMPR,Tumor_epithelial
BD_immune07_181694,tumor_NMPR,tumor_NMPR,0.441674367474947,Oligopotent,NMPR,Tumor_epithelial
BD_immune07_642139,tumor_NMPR,tumor_NMPR,0.55218882875244,Multipotent,NMPR,Tumor_epithelial
BD_immune07_632323,tumor_NMPR,tumor_NMPR,0.4362816388782,Oligopotent,NMPR,Tumor_epithelial
BD_immune07_28664,tumor_NMPR,tumor_NMPR,0.272546586098221,Unipotent,NMPR,Tumor_epithelial
BD_immune07_459303,tumor_NMPR,tumor_NMPR,0.413074586886763,Oligopotent,NMPR,Tumor_epithelial
BD_immune07_367071,tumor_NMPR,tumor_NMPR,0.397081985935264,Oligopotent,NMPR,Tumor_epithelial
BD_immune07_355637,tumor_NMPR,tumor_NMPR,0.260177249976117,Unipotent,NMPR,Tumor_epithelial
BD_immune07_559002,tumor_NMPR,tumor_NMPR,0.568020932288174,Multipotent,NMPR,Tumor_epithelial
BD_immune07_271407,tumor_NMPR,tumor_NMPR,0.227647996798132,Unipotent,NMPR,Tumor_epithelial
BD_immune07_449390,tumor_NMPR,tumor_NMPR,0.531936274231727,Multipotent,NMPR,Tumor_epithelial
BD_immune07_150832,tumor_NMPR,tumor_NMPR,0.518848730727864,Multipotent,NMPR,Tumor_epithelial
BD_immune07_831412,tumor_NMPR,tumor_NMPR,0.517628236578257,Multipotent,NMPR,Tumor_epithelial
BD_immune07_477103,tumor_NMPR,tumor_NMPR,0.217479302821013,Unipotent,NMPR,Tumor_epithelial
BD_immune07_621257,tumor_NMPR,tumor_NMPR,0.559995573903531,Multipotent,NMPR,Tumor_epithelial
BD_immune07_269769,tumor_NMPR,tumor_NMPR,0.211188183266651,Unipotent,NMPR,Tumor_epithelial
BD_immune07_574348,tumor_NMPR,tumor_NMPR,0.520115691360051,Multipotent,NMPR,Tumor_epithelial
BD_immune07_299463,tumor_NMPR,tumor_NMPR,0.539692980290979,Multipotent,NMPR,Tumor_epithelial
BD_immune07_664814,tumor_NMPR,tumor_NMPR,0.267966411917964,Unipotent,NMPR,Tumor_epithelial
BD_immune07_665446,tumor_NMPR,tumor_NMPR,0.5504219237698,Multipotent,NMPR,Tumor_epithelial
BD_immune07_542782,tumor_NMPR,tumor_NMPR,0.454097815002484,Oligopotent,NMPR,Tumor_epithelial
BD_immune07_512718,tumor_NMPR,tumor_NMPR,0.44846603603891,Oligopotent,NMPR,Tumor_epithelial
BD_immune07_341007,tumor_NMPR,tumor_NMPR,0.52966078998624,Multipotent,NMPR,Tumor_epithelial
BD_immune07_114049,tumor_NMPR,tumor_NMPR,0.528813716840864,Multipotent,NMPR,Tumor_epithelial
BD_immune07_816809,tumor_NMPR,tumor_NMPR,0.582800477811862,Multipotent,NMPR,Tumor_epithelial
BD_immune07_75833,tumor_NMPR,tumor_NMPR,0.599826491661335,Multipotent,NMPR,Tumor_epithelial
BD_immune07_51521,tumor_NMPR,tumor_NMPR,0.565998126181323,Multipotent,NMPR,Tumor_epithelial
BD_immune07_383118,tumor_NMPR,tumor_NMPR,0.54630819343297,Multipotent,NMPR,Tumor_epithelial
BD_immune07_749407,tumor_NMPR,tumor_NMPR,0.564435527527212,Multipotent,NMPR,Tumor_epithelial
BD_immune07_551612,tumor_NMPR,tumor_NMPR,0.525317996478367,Multipotent,NMPR,Tumor_epithelial
BD_immune07_180445,tumor_NMPR,tumor_NMPR,0.440874959104197,Oligopotent,NMPR,Tumor_epithelial
BD_immune07_261971,tumor_NMPR,tumor_NMPR,0.588710467216733,Multipotent,NMPR,Tumor_epithelial
BD_immune07_231890,tumor_NMPR,tumor_NMPR,0.25025164428528,Unipotent,NMPR,Tumor_epithelial
BD_immune07_106056,tumor_NMPR,tumor_NMPR,0.362132198810457,Oligopotent,NMPR,Tumor_epithelial
BD_immune07_66189,tumor_NMPR,tumor_NMPR,0.435850563989796,Oligopotent,NMPR,Tumor_epithelial
BD_immune07_80340,tumor_NMPR,tumor_NMPR,0.422144287406096,Oligopotent,NMPR,Tumor_epithelial
BD_immune07_440225,tumor_NMPR,tumor_NMPR,0.205194797196808,Unipotent,NMPR,Tumor_epithelial
BD_immune07_553357,tumor_NMPR,tumor_NMPR,0.634610677529518,Multipotent,NMPR,Tumor_epithelial
BD_immune07_8329,tumor_NMPR,tumor_NMPR,0.171590584210109,Unipotent,NMPR,Tumor_epithelial
BD_immune07_440061,tumor_NMPR,tumor_NMPR,0.243528229831153,Unipotent,NMPR,Tumor_epithelial
BD_immune07_64495,tumor_NMPR,tumor_NMPR,0.461278475901668,Oligopotent,NMPR,Tumor_epithelial
BD_immune07_869193,tumor_NMPR,tumor_NMPR,0.468787569718269,Oligopotent,NMPR,Tumor_epithelial
BD_immune07_471564,tumor_NMPR,tumor_NMPR,0.594171864524681,Multipotent,NMPR,Tumor_epithelial
BD_immune07_317891,tumor_NMPR,tumor_NMPR,0.39243147115846,Oligopotent,NMPR,Tumor_epithelial
BD_immune07_198940,tumor_NMPR,tumor_NMPR,0.60433342622314,Multipotent,NMPR,Tumor_epithelial
BD_immune07_634187,tumor_NMPR,tumor_NMPR,0.260857346259271,Unipotent,NMPR,Tumor_epithelial
BD_immune07_434332,tumor_NMPR,tumor_NMPR,0.403996355981627,Oligopotent,NMPR,Tumor_epithelial
BD_immune07_271301,tumor_NMPR,tumor_NMPR,0.578842681755094,Multipotent,NMPR,Tumor_epithelial
BD_immune07_175839,tumor_NMPR,tumor_NMPR,0.58114726926545,Multipotent,NMPR,Tumor_epithelial
BD_immune07_85599,tumor_NMPR,tumor_NMPR,0.54874786255354,Multipotent,NMPR,Tumor_epithelial
BD_immune07_876109,tumor_NMPR,tumor_NMPR,0.307776827435867,Unipotent,NMPR,Tumor_epithelial
BD_immune07_394126,tumor_NMPR,tumor_NMPR,0.359840689398791,Oligopotent,NMPR,Tumor_epithelial
BD_immune07_623392,tumor_NMPR,tumor_NMPR,0.408094768277252,Oligopotent,NMPR,Tumor_epithelial
BD_immune07_795249,tumor_NMPR,tumor_NMPR,0.544355166020765,Multipotent,NMPR,Tumor_epithelial
BD_immune07_442558,tumor_NMPR,tumor_NMPR,0.5561135093507,Multipotent,NMPR,Tumor_epithelial
BD_immune07_339539,tumor_NMPR,tumor_NMPR,0.41565536533955,Oligopotent,NMPR,Tumor_epithelial
BD_immune07_617212,tumor_NMPR,tumor_NMPR,0.596131035070168,Multipotent,NMPR,Tumor_epithelial
BD_immune07_80353,tumor_NMPR,tumor_NMPR,0.421997605954489,Oligopotent,NMPR,Tumor_epithelial
BD_immune07_613114,tumor_NMPR,tumor_NMPR,0.403961843638644,Oligopotent,NMPR,Tumor_epithelial
BD_immune07_389510,tumor_NMPR,tumor_NMPR,0.557672845773209,Multipotent,NMPR,Tumor_epithelial
BD_immune07_796891,tumor_NMPR,tumor_NMPR,0.517491769333159,Multipotent,NMPR,Tumor_epithelial
BD_immune07_95990,tumor_NMPR,tumor_NMPR,0.514380488227371,Multipotent,NMPR,Tumor_epithelial
BD_immune07_500157,tumor_NMPR,tumor_NMPR,0.473214696325505,Oligopotent,NMPR,Tumor_epithelial
BD_immune07_249523,tumor_NMPR,tumor_NMPR,0.527357521563966,Multipotent,NMPR,Tumor_epithelial
BD_immune07_44006,tumor_NMPR,tumor_NMPR,0.380978351609629,Oligopotent,NMPR,Tumor_epithelial
BD_immune07_225392,tumor_NMPR,tumor_NMPR,0.402537023509833,Oligopotent,NMPR,Tumor_epithelial
BD_immune07_559309,tumor_NMPR,tumor_NMPR,0.55552033491871,Multipotent,NMPR,Tumor_epithelial
BD_immune07_798813,tumor_NMPR,tumor_NMPR,0.439359053740069,Oligopotent,NMPR,Tumor_epithelial
BD_immune07_497001,tumor_NMPR,tumor_NMPR,0.279716240640005,Unipotent,NMPR,Tumor_epithelial
BD_immune07_19800,tumor_NMPR,tumor_NMPR,0.440176255285219,Oligopotent,NMPR,Tumor_epithelial
BD_immune07_637292,tumor_NMPR,tumor_NMPR,0.364386807414739,Oligopotent,NMPR,Tumor_epithelial
BD_immune07_97285,tumor_NMPR,tumor_NMPR,0.41550048712083,Oligopotent,NMPR,Tumor_epithelial
BD_immune07_347429,tumor_NMPR,tumor_NMPR,0.526766833000213,Multipotent,NMPR,Tumor_epithelial
BD_immune07_693066,tumor_NMPR,tumor_NMPR,0.461178714635777,Oligopotent,NMPR,Tumor_epithelial
BD_immune07_273766,tumor_NMPR,tumor_NMPR,0.580446903238324,Multipotent,NMPR,Tumor_epithelial
BD_immune07_790987,tumor_NMPR,tumor_NMPR,0.289259376306226,Unipotent,NMPR,Tumor_epithelial
BD_immune07_433119,tumor_NMPR,tumor_NMPR,0.448653583845677,Oligopotent,NMPR,Tumor_epithelial
BD_immune07_647310,tumor_NMPR,tumor_NMPR,0.510197949645549,Multipotent,NMPR,Tumor_epithelial
BD_immune07_500616,tumor_NMPR,tumor_NMPR,0.275620118597695,Unipotent,NMPR,Tumor_epithelial
BD_immune07_328195,tumor_NMPR,tumor_NMPR,0.553194738544229,Multipotent,NMPR,Tumor_epithelial
BD_immune07_414296,tumor_NMPR,tumor_NMPR,0.364324899473009,Oligopotent,NMPR,Tumor_epithelial
BD_immune07_81352,tumor_NMPR,tumor_NMPR,0.474469508031421,Oligopotent,NMPR,Tumor_epithelial
BD_immune07_742364,tumor_NMPR,tumor_NMPR,0.509474741455521,Multipotent,NMPR,Tumor_epithelial
BD_immune07_108240,tumor_NMPR,tumor_NMPR,0.590810118799475,Multipotent,NMPR,Tumor_epithelial
BD_immune07_647389,tumor_NMPR,tumor_NMPR,0.490536432987578,Oligopotent,NMPR,Tumor_epithelial
BD_immune07_684821,tumor_NMPR,tumor_NMPR,0.485315568882314,Oligopotent,NMPR,Tumor_epithelial
BD_immune07_330241,tumor_NMPR,tumor_NMPR,0.455961445889528,Oligopotent,NMPR,Tumor_epithelial
BD_immune07_588013,tumor_NMPR,tumor_NMPR,0.528928256712198,Multipotent,NMPR,Tumor_epithelial
BD_immune07_683649,tumor_NMPR,tumor_NMPR,0.440429532470856,Oligopotent,NMPR,Tumor_epithelial
BD_immune07_411471,tumor_NMPR,tumor_NMPR,0.531286581041662,Multipotent,NMPR,Tumor_epithelial
BD_immune07_167195,tumor_NMPR,tumor_NMPR,0.422582794468896,Oligopotent,NMPR,Tumor_epithelial
BD_immune07_800763,tumor_NMPR,tumor_NMPR,0.441625361911279,Oligopotent,NMPR,Tumor_epithelial
BD_immune07_756577,tumor_NMPR,tumor_NMPR,0.461151701409615,Oligopotent,NMPR,Tumor_epithelial
BD_immune07_241898,tumor_NMPR,tumor_NMPR,0.571368104833053,Multipotent,NMPR,Tumor_epithelial
BD_immune07_165063,tumor_NMPR,tumor_NMPR,0.161751434927885,Differentiated,NMPR,Tumor_epithelial
BD_immune07_216018,tumor_NMPR,tumor_NMPR,0.387219927101533,Oligopotent,NMPR,Tumor_epithelial
BD_immune07_568792,normal_NMPR,normal_NMPR,0.107161417443128,Differentiated,NMPR,Tumor_epithelial_AT2
BD_immune07_153317,tumor_NMPR,tumor_NMPR,0.423144313324777,Oligopotent,NMPR,Tumor_epithelial
BD_immune07_752582,tumor_NMPR,tumor_NMPR,0.409911829971754,Oligopotent,NMPR,Tumor_epithelial
BD_immune07_704617,tumor_NMPR,tumor_NMPR,0.4151491189621,Oligopotent,NMPR,Tumor_epithelial
BD_immune07_16183,tumor_NMPR,tumor_NMPR,0.383723010631811,Oligopotent,NMPR,Tumor_epithelial
BD_immune07_695883,tumor_NMPR,tumor_NMPR,0.396176528315851,Oligopotent,NMPR,Tumor_epithelial
BD_immune07_675106,tumor_NMPR,tumor_NMPR,0.23516944337141,Unipotent,NMPR,Tumor_epithelial
BD_immune07_569003,tumor_NMPR,tumor_NMPR,0.517304240253023,Multipotent,NMPR,Tumor_epithelial
BD_immune07_479748,tumor_NMPR,tumor_NMPR,0.429396316988419,Oligopotent,NMPR,Tumor_epithelial
BD_immune07_713711,tumor_NMPR,tumor_NMPR,0.490305852332073,Oligopotent,NMPR,Tumor_epithelial
BD_immune07_695333,tumor_NMPR,tumor_NMPR,0.526620635938411,Multipotent,NMPR,Tumor_epithelial
BD_immune07_185513,tumor_NMPR,tumor_NMPR,0.597147613333948,Multipotent,NMPR,Tumor_epithelial
BD_immune07_357887,tumor_NMPR,tumor_NMPR,0.596575721340508,Multipotent,NMPR,Tumor_epithelial
BD_immune07_628918,tumor_NMPR,tumor_NMPR,0.52179084856489,Multipotent,NMPR,Tumor_epithelial
BD_immune07_767205,tumor_NMPR,tumor_NMPR,0.503081791345996,Multipotent,NMPR,Tumor_epithelial
BD_immune07_488653,tumor_NMPR,tumor_NMPR,0.364732903391781,Oligopotent,NMPR,Tumor_epithelial
BD_immune07_776680,tumor_NMPR,tumor_NMPR,0.52083022429024,Multipotent,NMPR,Tumor_epithelial
BD_immune07_299349,tumor_NMPR,tumor_NMPR,0.546235126028153,Multipotent,NMPR,Tumor_epithelial
BD_immune07_285191,tumor_NMPR,tumor_NMPR,0.570339858659945,Multipotent,NMPR,Tumor_epithelial
BD_immune07_303636,tumor_NMPR,tumor_NMPR,0.430981183203035,Oligopotent,NMPR,Tumor_epithelial
BD_immune07_216029,tumor_NMPR,tumor_NMPR,0.15632963179372,Differentiated,NMPR,Tumor_epithelial
BD_immune07_786018,tumor_NMPR,tumor_NMPR,0.326676912982141,Unipotent,NMPR,Tumor_epithelial
BD_immune07_797583,tumor_NMPR,tumor_NMPR,0.600251486766058,Multipotent,NMPR,Tumor_epithelial
BD_immune07_797650,tumor_NMPR,tumor_NMPR,0.446873733316557,Oligopotent,NMPR,Tumor_epithelial
BD_immune07_345033,tumor_NMPR,tumor_NMPR,0.372538037874869,Oligopotent,NMPR,Tumor_epithelial
BD_immune07_565055,tumor_NMPR,tumor_NMPR,0.598710583843547,Multipotent,NMPR,Tumor_epithelial
BD_immune07_164542,tumor_NMPR,tumor_NMPR,0.440050019779899,Oligopotent,NMPR,Tumor_epithelial
BD_immune07_376204,tumor_NMPR,tumor_NMPR,0.555132003659226,Multipotent,NMPR,Tumor_epithelial
BD_immune07_399180,tumor_NMPR,tumor_NMPR,0.515989694818661,Multipotent,NMPR,Tumor_epithelial
BD_immune07_280528,tumor_NMPR,tumor_NMPR,0.611460551361426,Multipotent,NMPR,Tumor_epithelial
BD_immune07_882844,tumor_NMPR,tumor_NMPR,0.409614110416947,Oligopotent,NMPR,Tumor_epithelial
BD_immune07_655368,tumor_NMPR,tumor_NMPR,0.53980787568339,Multipotent,NMPR,Tumor_epithelial
BD_immune07_707665,tumor_NMPR,tumor_NMPR,0.423999097822438,Oligopotent,NMPR,Tumor_epithelial
BD_immune07_804369,tumor_NMPR,tumor_NMPR,0.348812011218837,Oligopotent,NMPR,Tumor_epithelial
BD_immune07_645069,tumor_NMPR,tumor_NMPR,0.530923169826339,Multipotent,NMPR,Tumor_epithelial
BD_immune07_608361,tumor_NMPR,tumor_NMPR,0.451491587464053,Oligopotent,NMPR,Tumor_epithelial
BD_immune07_413236,tumor_NMPR,tumor_NMPR,0.370722411457651,Oligopotent,NMPR,Tumor_epithelial
BD_immune07_874751,tumor_NMPR,tumor_NMPR,0.535648676981452,Multipotent,NMPR,Tumor_epithelial
BD_immune07_86044,tumor_NMPR,tumor_NMPR,0.359835270135742,Oligopotent,NMPR,Tumor_epithelial
BD_immune07_193959,tumor_NMPR,tumor_NMPR,0.524735639658666,Multipotent,NMPR,Tumor_epithelial
BD_immune07_337503,tumor_NMPR,tumor_NMPR,0.457320315853823,Oligopotent,NMPR,Tumor_epithelial
BD_immune07_350280,tumor_NMPR,tumor_NMPR,0.564298716762292,Multipotent,NMPR,Tumor_epithelial
BD_immune07_739282,tumor_NMPR,tumor_NMPR,0.614858401539806,Multipotent,NMPR,Tumor_epithelial
BD_immune07_788830,tumor_NMPR,tumor_NMPR,0.417265044777504,Oligopotent,NMPR,Tumor_epithelial
BD_immune07_394895,tumor_NMPR,tumor_NMPR,0.561037710804985,Multipotent,NMPR,Tumor_epithelial
BD_immune07_55035,tumor_NMPR,tumor_NMPR,0.561143242697432,Multipotent,NMPR,Tumor_epithelial
BD_immune07_345794,tumor_NMPR,tumor_NMPR,0.554334086164377,Multipotent,NMPR,Tumor_epithelial
BD_immune07_129794,tumor_NMPR,tumor_NMPR,0.286689392945871,Unipotent,NMPR,Tumor_epithelial
BD_immune07_444261,tumor_NMPR,tumor_NMPR,0.455061828881371,Oligopotent,NMPR,Tumor_epithelial
BD_immune07_714447,tumor_NMPR,tumor_NMPR,0.510888479354007,Multipotent,NMPR,Tumor_epithelial
BD_immune07_651983,tumor_NMPR,tumor_NMPR,0.245678873501877,Unipotent,NMPR,Tumor_epithelial
BD_immune07_2131,tumor_NMPR,tumor_NMPR,0.453345210167312,Oligopotent,NMPR,Tumor_epithelial
BD_immune07_154059,tumor_NMPR,tumor_NMPR,0.590397228080724,Multipotent,NMPR,Tumor_epithelial
BD_immune07_308966,tumor_NMPR,tumor_NMPR,0.468737132161912,Oligopotent,NMPR,Tumor_epithelial
BD_immune07_87988,tumor_NMPR,tumor_NMPR,0.301271341612866,Unipotent,NMPR,Tumor_epithelial
BD_immune07_11427,tumor_NMPR,tumor_NMPR,0.275894251599202,Unipotent,NMPR,Tumor_epithelial
BD_immune07_674939,tumor_NMPR,tumor_NMPR,0.385786411115773,Oligopotent,NMPR,Tumor_epithelial
BD_immune07_76045,tumor_NMPR,tumor_NMPR,0.148011667639539,Differentiated,NMPR,Tumor_epithelial
BD_immune07_558289,tumor_NMPR,tumor_NMPR,0.287638671880774,Unipotent,NMPR,Tumor_epithelial
BD_immune07_386734,tumor_NMPR,tumor_NMPR,0.365383873364372,Oligopotent,NMPR,Tumor_epithelial
BD_immune07_164748,tumor_NMPR,tumor_NMPR,0.385076158613293,Oligopotent,NMPR,Tumor_epithelial
BD_immune07_130237,tumor_NMPR,tumor_NMPR,0.410464657845952,Oligopotent,NMPR,Tumor_epithelial
BD_immune07_59018,tumor_NMPR,tumor_NMPR,0.27409642792817,Unipotent,NMPR,Tumor_epithelial
BD_immune07_196790,tumor_NMPR,tumor_NMPR,0.280648627071683,Unipotent,NMPR,Tumor_epithelial
BD_immune07_417449,tumor_NMPR,tumor_NMPR,0.54653307307833,Multipotent,NMPR,Tumor_epithelial
BD_immune07_402209,tumor_NMPR,tumor_NMPR,0.552455352870106,Multipotent,NMPR,Tumor_epithelial
BD_immune07_347709,tumor_NMPR,tumor_NMPR,0.389858382638169,Oligopotent,NMPR,Tumor_epithelial
BD_immune07_203434,tumor_NMPR,tumor_NMPR,0.526311099752047,Multipotent,NMPR,Tumor_epithelial
BD_immune07_135046,tumor_NMPR,tumor_NMPR,0.531652486312834,Multipotent,NMPR,Tumor_epithelial
BD_immune07_593431,tumor_NMPR,tumor_NMPR,0.452444084914561,Oligopotent,NMPR,Tumor_epithelial
BD_immune07_836762,tumor_NMPR,tumor_NMPR,0.602497666041964,Multipotent,NMPR,Tumor_epithelial
BD_immune07_744455,tumor_NMPR,tumor_NMPR,0.534508748612178,Multipotent,NMPR,Tumor_epithelial
BD_immune07_803596,tumor_NMPR,tumor_NMPR,0.442498156715483,Oligopotent,NMPR,Tumor_epithelial
BD_immune07_150358,tumor_NMPR,tumor_NMPR,0.352620761262581,Oligopotent,NMPR,Tumor_epithelial
BD_immune07_820730,tumor_NMPR,tumor_NMPR,0.519511680955987,Multipotent,NMPR,Tumor_epithelial
BD_immune07_582205,tumor_NMPR,tumor_NMPR,0.5583898439716,Multipotent,NMPR,Tumor_epithelial
BD_immune07_150572,tumor_NMPR,tumor_NMPR,0.399902391123215,Oligopotent,NMPR,Tumor_epithelial
BD_immune07_50018,tumor_NMPR,tumor_NMPR,0.428845090427693,Oligopotent,NMPR,Tumor_epithelial
BD_immune07_277797,tumor_NMPR,tumor_NMPR,0.486373200817799,Oligopotent,NMPR,Tumor_epithelial
BD_immune07_626917,tumor_NMPR,tumor_NMPR,0.435209123026566,Oligopotent,NMPR,Tumor_epithelial
BD_immune07_801890,tumor_NMPR,tumor_NMPR,0.622469854214571,Multipotent,NMPR,Tumor_epithelial
BD_immune07_880299,tumor_NMPR,tumor_NMPR,0.577407850459349,Multipotent,NMPR,Tumor_epithelial
BD_immune07_747310,tumor_NMPR,tumor_NMPR,0.529499460135415,Multipotent,NMPR,Tumor_epithelial
BD_immune07_233026,tumor_NMPR,tumor_NMPR,0.457534398289668,Oligopotent,NMPR,Tumor_epithelial
BD_immune07_439971,tumor_NMPR,tumor_NMPR,0.581434740679458,Multipotent,NMPR,Tumor_epithelial
BD_immune07_836227,tumor_NMPR,tumor_NMPR,0.603388926880151,Multipotent,NMPR,Tumor_epithelial
BD_immune07_186458,normal_NMPR,normal_NMPR,0.284923132487352,Unipotent,NMPR,Tumor_epithelial_AT2
BD_immune07_421540,tumor_NMPR,tumor_NMPR,0.394333229732905,Oligopotent,NMPR,Tumor_epithelial
BD_immune07_718929,normal_NMPR,normal_NMPR,0.233988479774549,Unipotent,NMPR,Tumor_epithelial_AT2
BD_immune07_638262,tumor_NMPR,tumor_NMPR,0.398916248183882,Oligopotent,NMPR,Tumor_epithelial
BD_immune07_566309,tumor_NMPR,tumor_NMPR,0.40258438609658,Oligopotent,NMPR,Tumor_epithelial
BD_immune07_411380,tumor_NMPR,tumor_NMPR,0.578731146463087,Multipotent,NMPR,Tumor_epithelial
BD_immune07_178286,normal_NMPR,normal_NMPR,0.124390106211074,Differentiated,NMPR,Tumor_epithelial_AT2
BD_immune07_555868,tumor_NMPR,tumor_NMPR,0.384344946754648,Oligopotent,NMPR,Tumor_epithelial
BD_immune07_464576,tumor_NMPR,tumor_NMPR,0.485038228855259,Oligopotent,NMPR,Tumor_epithelial
BD_immune07_237401,tumor_NMPR,tumor_NMPR,0.612113967623854,Multipotent,NMPR,Tumor_epithelial
BD_immune07_353249,tumor_NMPR,tumor_NMPR,0.400163656711461,Oligopotent,NMPR,Tumor_epithelial
BD_immune07_193914,tumor_NMPR,tumor_NMPR,0.533377856067733,Multipotent,NMPR,Tumor_epithelial
BD_immune07_344025,tumor_NMPR,tumor_NMPR,0.387564896929826,Oligopotent,NMPR,Tumor_epithelial
BD_immune07_215061,tumor_NMPR,tumor_NMPR,0.490292173565357,Oligopotent,NMPR,Tumor_epithelial
BD_immune07_777233,tumor_NMPR,tumor_NMPR,0.533221465036412,Multipotent,NMPR,Tumor_epithelial
BD_immune07_447300,tumor_NMPR,tumor_NMPR,0.445044268982065,Oligopotent,NMPR,Tumor_epithelial
BD_immune07_443490,tumor_NMPR,tumor_NMPR,0.560712488966376,Multipotent,NMPR,Tumor_epithelial
BD_immune07_731275,tumor_NMPR,tumor_NMPR,0.554632848320806,Multipotent,NMPR,Tumor_epithelial
BD_immune07_787026,tumor_NMPR,tumor_NMPR,0.309198056400263,Unipotent,NMPR,Tumor_epithelial
BD_immune07_795706,tumor_NMPR,tumor_NMPR,0.483704989131922,Oligopotent,NMPR,Tumor_epithelial
BD_immune07_45815,tumor_NMPR,tumor_NMPR,0.377240475607577,Oligopotent,NMPR,Tumor_epithelial
BD_immune07_316781,tumor_NMPR,tumor_NMPR,0.536019960579218,Multipotent,NMPR,Tumor_epithelial
BD_immune07_476932,tumor_NMPR,tumor_NMPR,0.513603955064091,Multipotent,NMPR,Tumor_epithelial
BD_immune07_559041,tumor_NMPR,tumor_NMPR,0.487791806071202,Oligopotent,NMPR,Tumor_epithelial
BD_immune07_99858,tumor_NMPR,tumor_NMPR,0.433890023537861,Oligopotent,NMPR,Tumor_epithelial
BD_immune07_615541,tumor_NMPR,tumor_NMPR,0.518118352389399,Multipotent,NMPR,Tumor_epithelial
BD_immune07_638576,tumor_NMPR,tumor_NMPR,0.399302229608517,Oligopotent,NMPR,Tumor_epithelial
BD_immune07_154357,tumor_NMPR,tumor_NMPR,0.554514616148774,Multipotent,NMPR,Tumor_epithelial
BD_immune07_343216,tumor_NMPR,tumor_NMPR,0.519065375954978,Multipotent,NMPR,Tumor_epithelial
BD_immune07_572778,tumor_NMPR,tumor_NMPR,0.527704743101531,Multipotent,NMPR,Tumor_epithelial
BD_immune07_400034,tumor_NMPR,tumor_NMPR,0.622261133972882,Multipotent,NMPR,Tumor_epithelial
BD_immune07_108678,tumor_NMPR,tumor_NMPR,0.300187815817909,Unipotent,NMPR,Tumor_epithelial
BD_immune07_210169,tumor_NMPR,tumor_NMPR,0.464757701390701,Oligopotent,NMPR,Tumor_epithelial
BD_immune07_445025,tumor_NMPR,tumor_NMPR,0.391953734665031,Oligopotent,NMPR,Tumor_epithelial
BD_immune07_811107,tumor_NMPR,tumor_NMPR,0.318217126559933,Unipotent,NMPR,Tumor_epithelial
BD_immune07_647405,tumor_NMPR,tumor_NMPR,0.402265028297273,Oligopotent,NMPR,Tumor_epithelial
BD_immune07_765262,tumor_NMPR,tumor_NMPR,0.430633341286661,Oligopotent,NMPR,Tumor_epithelial
BD_immune07_761842,tumor_NMPR,tumor_NMPR,0.528835331166384,Multipotent,NMPR,Tumor_epithelial
BD_immune07_221943,tumor_NMPR,tumor_NMPR,0.430553322324399,Oligopotent,NMPR,Tumor_epithelial
BD_immune07_513837,tumor_NMPR,tumor_NMPR,0.521251335787458,Multipotent,NMPR,Tumor_epithelial
BD_immune07_325786,tumor_NMPR,tumor_NMPR,0.532930104413935,Multipotent,NMPR,Tumor_epithelial
BD_immune07_696274,tumor_NMPR,tumor_NMPR,0.407006570582406,Oligopotent,NMPR,Tumor_epithelial
BD_immune07_620276,tumor_NMPR,tumor_NMPR,0.481748479527208,Oligopotent,NMPR,Tumor_epithelial
BD_immune07_362117,tumor_NMPR,tumor_NMPR,0.548978992996581,Multipotent,NMPR,Tumor_epithelial
BD_immune07_468617,tumor_NMPR,tumor_NMPR,0.461039010566573,Oligopotent,NMPR,Tumor_epithelial
BD_immune07_625305,tumor_NMPR,tumor_NMPR,0.42496895299922,Oligopotent,NMPR,Tumor_epithelial
BD_immune07_467791,tumor_NMPR,tumor_NMPR,0.537115398914315,Multipotent,NMPR,Tumor_epithelial
BD_immune07_543316,tumor_NMPR,tumor_NMPR,0.523391650094519,Multipotent,NMPR,Tumor_epithelial
BD_immune07_713337,tumor_NMPR,tumor_NMPR,0.157559994736616,Differentiated,NMPR,Tumor_epithelial
BD_immune07_373277,tumor_NMPR,tumor_NMPR,0.592504413617407,Multipotent,NMPR,Tumor_epithelial
BD_immune07_332582,tumor_NMPR,tumor_NMPR,0.573027474401822,Multipotent,NMPR,Tumor_epithelial
BD_immune07_153947,tumor_NMPR,tumor_NMPR,0.624776656215626,Multipotent,NMPR,Tumor_epithelial
BD_immune07_811122,tumor_NMPR,tumor_NMPR,0.485130812619589,Oligopotent,NMPR,Tumor_epithelial
BD_immune07_162958,tumor_NMPR,tumor_NMPR,0.384274770695686,Oligopotent,NMPR,Tumor_epithelial
BD_immune07_435115,tumor_NMPR,tumor_NMPR,0.472395868987278,Oligopotent,NMPR,Tumor_epithelial
BD_immune07_123324,tumor_NMPR,tumor_NMPR,0.616767914783126,Multipotent,NMPR,Tumor_epithelial
BD_immune07_54767,tumor_NMPR,tumor_NMPR,0.574935409682346,Multipotent,NMPR,Tumor_epithelial
BD_immune07_598647,tumor_NMPR,tumor_NMPR,0.445179964805814,Oligopotent,NMPR,Tumor_epithelial
BD_immune07_457848,tumor_NMPR,tumor_NMPR,0.530867054981932,Multipotent,NMPR,Tumor_epithelial
BD_immune07_451997,tumor_NMPR,tumor_NMPR,0.52533075348689,Multipotent,NMPR,Tumor_epithelial
BD_immune07_441972,normal_NMPR,normal_NMPR,0.262350055736275,Unipotent,NMPR,Tumor_epithelial_AT2
BD_immune07_271267,tumor_NMPR,tumor_NMPR,0.463304976075861,Oligopotent,NMPR,Tumor_epithelial
BD_immune07_556178,tumor_NMPR,tumor_NMPR,0.561343002655516,Multipotent,NMPR,Tumor_epithelial
BD_immune07_420959,tumor_NMPR,tumor_NMPR,0.425517899165917,Oligopotent,NMPR,Tumor_epithelial
BD_immune07_65088,tumor_NMPR,tumor_NMPR,0.479619230155682,Oligopotent,NMPR,Tumor_epithelial
BD_immune07_738825,tumor_NMPR,tumor_NMPR,0.160923506478788,Differentiated,NMPR,Tumor_epithelial
BD_immune07_245012,tumor_NMPR,tumor_NMPR,0.295425851601876,Unipotent,NMPR,Tumor_epithelial
BD_immune07_242287,tumor_NMPR,tumor_NMPR,0.407777065572836,Oligopotent,NMPR,Tumor_epithelial
BD_immune07_444904,tumor_NMPR,tumor_NMPR,0.486296922106137,Oligopotent,NMPR,Tumor_epithelial
BD_immune07_439566,tumor_NMPR,tumor_NMPR,0.310607756464442,Unipotent,NMPR,Tumor_epithelial
BD_immune07_102979,tumor_NMPR,tumor_NMPR,0.573375811370158,Multipotent,NMPR,Tumor_epithelial
BD_immune07_871092,tumor_NMPR,tumor_NMPR,0.590184821001886,Multipotent,NMPR,Tumor_epithelial
BD_immune07_76030,tumor_NMPR,tumor_NMPR,0.352837581248507,Oligopotent,NMPR,Tumor_epithelial
BD_immune07_813973,tumor_NMPR,tumor_NMPR,0.564842110343109,Multipotent,NMPR,Tumor_epithelial
BD_immune07_432766,tumor_NMPR,tumor_NMPR,0.515737784212397,Multipotent,NMPR,Tumor_epithelial
BD_immune07_256662,tumor_NMPR,tumor_NMPR,0.452463081986554,Oligopotent,NMPR,Tumor_epithelial
BD_immune07_335914,tumor_NMPR,tumor_NMPR,0.52347647036842,Multipotent,NMPR,Tumor_epithelial
BD_immune07_295294,tumor_NMPR,tumor_NMPR,0.606933867503827,Multipotent,NMPR,Tumor_epithelial
BD_immune07_512491,tumor_NMPR,tumor_NMPR,0.568647438041158,Multipotent,NMPR,Tumor_epithelial
BD_immune07_831079,tumor_NMPR,tumor_NMPR,0.493122346371276,Oligopotent,NMPR,Tumor_epithelial
BD_immune07_720767,normal_NMPR,normal_NMPR,0.320273443482142,Unipotent,NMPR,Tumor_epithelial_AT2
BD_immune07_770551,normal_NMPR,normal_NMPR,0.129685454196588,Differentiated,NMPR,Tumor_epithelial_AT2
BD_immune07_447792,tumor_NMPR,tumor_NMPR,0.472964875375602,Oligopotent,NMPR,Tumor_epithelial
BD_immune07_220456,tumor_NMPR,tumor_NMPR,0.577874541614179,Multipotent,NMPR,Tumor_epithelial
BD_immune07_405773,tumor_NMPR,tumor_NMPR,0.55046152268457,Multipotent,NMPR,Tumor_epithelial
BD_immune07_33101,normal_NMPR,normal_NMPR,0.28698143863715,Unipotent,NMPR,Tumor_epithelial_AT2
BD_immune07_554188,tumor_NMPR,tumor_NMPR,0.384646802398308,Oligopotent,NMPR,Tumor_epithelial
BD_immune07_207880,tumor_NMPR,tumor_NMPR,0.406089331565864,Oligopotent,NMPR,Tumor_epithelial
BD_immune07_98135,tumor_NMPR,tumor_NMPR,0.445431882434986,Oligopotent,NMPR,Tumor_epithelial
BD_immune07_702191,tumor_NMPR,tumor_NMPR,0.291597974072249,Unipotent,NMPR,Tumor_epithelial
BD_immune07_60783,tumor_NMPR,tumor_NMPR,0.489071392865696,Oligopotent,NMPR,Tumor_epithelial
BD_immune07_586229,tumor_NMPR,tumor_NMPR,0.6083590590635,Multipotent,NMPR,Tumor_epithelial
BD_immune07_412996,tumor_NMPR,tumor_NMPR,0.465056949374931,Oligopotent,NMPR,Tumor_epithelial
BD_immune07_98428,tumor_NMPR,tumor_NMPR,0.418655471048396,Oligopotent,NMPR,Tumor_epithelial
BD_immune07_408272,tumor_NMPR,tumor_NMPR,0.557896843663597,Multipotent,NMPR,Tumor_epithelial
BD_immune07_195404,tumor_NMPR,tumor_NMPR,0.268046302644651,Unipotent,NMPR,Tumor_epithelial
BD_immune07_451614,tumor_NMPR,tumor_NMPR,0.549037586189095,Multipotent,NMPR,Tumor_epithelial
BD_immune07_837862,tumor_NMPR,tumor_NMPR,0.525678033869068,Multipotent,NMPR,Tumor_epithelial
BD_immune07_764888,tumor_NMPR,tumor_NMPR,0.522257513080935,Multipotent,NMPR,Tumor_epithelial
BD_immune07_157058,tumor_NMPR,tumor_NMPR,0.456820163144203,Oligopotent,NMPR,Tumor_epithelial
BD_immune07_703686,tumor_NMPR,tumor_NMPR,0.336822081132591,Oligopotent,NMPR,Tumor_epithelial
BD_immune07_146820,tumor_NMPR,tumor_NMPR,0.393190013490177,Oligopotent,NMPR,Tumor_epithelial
BD_immune07_718628,tumor_NMPR,tumor_NMPR,0.522724686824043,Multipotent,NMPR,Tumor_epithelial
BD_immune07_422189,tumor_NMPR,tumor_NMPR,0.252183332703613,Unipotent,NMPR,Tumor_epithelial
BD_immune07_678631,tumor_NMPR,tumor_NMPR,0.159805976527077,Differentiated,NMPR,Tumor_epithelial
BD_immune07_464852,tumor_NMPR,tumor_NMPR,0.580346336763782,Multipotent,NMPR,Tumor_epithelial
BD_immune07_782437,tumor_NMPR,tumor_NMPR,0.292959825705327,Unipotent,NMPR,Tumor_epithelial
BD_immune07_598252,tumor_NMPR,tumor_NMPR,0.269515299831447,Unipotent,NMPR,Tumor_epithelial
BD_immune07_582626,tumor_NMPR,tumor_NMPR,0.459664240332212,Oligopotent,NMPR,Tumor_epithelial
BD_immune07_586862,tumor_NMPR,tumor_NMPR,0.430540103087224,Oligopotent,NMPR,Tumor_epithelial
BD_immune07_646253,tumor_NMPR,tumor_NMPR,0.415065902576,Oligopotent,NMPR,Tumor_epithelial
BD_immune07_529118,tumor_NMPR,tumor_NMPR,0.593043426885957,Multipotent,NMPR,Tumor_epithelial
BD_immune07_234415,tumor_NMPR,tumor_NMPR,0.457501624981842,Oligopotent,NMPR,Tumor_epithelial
BD_immune07_147664,tumor_NMPR,tumor_NMPR,0.546392514451307,Multipotent,NMPR,Tumor_epithelial
BD_immune07_133442,tumor_NMPR,tumor_NMPR,0.571173817113886,Multipotent,NMPR,Tumor_epithelial
BD_immune07_742955,tumor_NMPR,tumor_NMPR,0.590975486238352,Multipotent,NMPR,Tumor_epithelial
BD_immune07_461196,tumor_NMPR,tumor_NMPR,0.487428501111396,Oligopotent,NMPR,Tumor_epithelial
BD_immune07_133563,tumor_NMPR,tumor_NMPR,0.385988917029865,Oligopotent,NMPR,Tumor_epithelial
BD_immune07_92226,tumor_NMPR,tumor_NMPR,0.242219596436924,Unipotent,NMPR,Tumor_epithelial
BD_immune07_660884,tumor_NMPR,tumor_NMPR,0.477779072010564,Oligopotent,NMPR,Tumor_epithelial
BD_immune07_82561,tumor_NMPR,tumor_NMPR,0.584889977758046,Multipotent,NMPR,Tumor_epithelial
BD_immune07_679917,tumor_NMPR,tumor_NMPR,0.561910274838954,Multipotent,NMPR,Tumor_epithelial
BD_immune07_725246,tumor_NMPR,tumor_NMPR,0.591892108926978,Multipotent,NMPR,Tumor_epithelial
BD_immune07_774008,tumor_NMPR,tumor_NMPR,0.540959781634767,Multipotent,NMPR,Tumor_epithelial
BD_immune07_119807,tumor_NMPR,tumor_NMPR,0.438372521736291,Oligopotent,NMPR,Tumor_epithelial
BD_immune07_341421,tumor_NMPR,tumor_NMPR,0.406278365817058,Oligopotent,NMPR,Tumor_epithelial
BD_immune07_195258,tumor_NMPR,tumor_NMPR,0.202723573900062,Unipotent,NMPR,Tumor_epithelial
BD_immune07_618173,tumor_NMPR,tumor_NMPR,0.420180961721228,Oligopotent,NMPR,Tumor_epithelial
BD_immune07_251854,tumor_NMPR,tumor_NMPR,0.580413845272688,Multipotent,NMPR,Tumor_epithelial
BD_immune07_335046,tumor_NMPR,tumor_NMPR,0.442242921966347,Oligopotent,NMPR,Tumor_epithelial
BD_immune07_666190,tumor_NMPR,tumor_NMPR,0.44723439199322,Oligopotent,NMPR,Tumor_epithelial
BD_immune07_11835,tumor_NMPR,tumor_NMPR,0.404234114764939,Oligopotent,NMPR,Tumor_epithelial
BD_immune07_334485,tumor_NMPR,tumor_NMPR,0.458096767430784,Oligopotent,NMPR,Tumor_epithelial
BD_immune07_14814,tumor_NMPR,tumor_NMPR,0.563012246226633,Multipotent,NMPR,Tumor_epithelial
BD_immune07_277166,tumor_NMPR,tumor_NMPR,0.41185549193137,Oligopotent,NMPR,Tumor_epithelial
BD_immune07_270115,tumor_NMPR,tumor_NMPR,0.422688396700439,Oligopotent,NMPR,Tumor_epithelial
BD_immune07_62570,tumor_NMPR,tumor_NMPR,0.479239911494046,Oligopotent,NMPR,Tumor_epithelial
BD_immune07_111367,tumor_NMPR,tumor_NMPR,0.559128666329197,Multipotent,NMPR,Tumor_epithelial
BD_immune07_538279,tumor_NMPR,tumor_NMPR,0.574345267973737,Multipotent,NMPR,Tumor_epithelial
BD_immune07_558678,tumor_NMPR,tumor_NMPR,0.404337332293303,Oligopotent,NMPR,Tumor_epithelial
BD_immune07_291614,tumor_NMPR,tumor_NMPR,0.394164547204585,Oligopotent,NMPR,Tumor_epithelial
BD_immune07_229329,tumor_NMPR,tumor_NMPR,0.477899882525649,Oligopotent,NMPR,Tumor_epithelial
BD_immune07_576809,tumor_NMPR,tumor_NMPR,0.524820971865876,Multipotent,NMPR,Tumor_epithelial
BD_immune07_333810,tumor_NMPR,tumor_NMPR,0.578285774491035,Multipotent,NMPR,Tumor_epithelial
BD_immune07_200771,tumor_NMPR,tumor_NMPR,0.485698948935862,Oligopotent,NMPR,Tumor_epithelial
BD_immune07_15089,tumor_NMPR,tumor_NMPR,0.261768658050634,Unipotent,NMPR,Tumor_epithelial
BD_immune07_754759,tumor_NMPR,tumor_NMPR,0.544825948323783,Multipotent,NMPR,Tumor_epithelial
BD_immune07_332716,tumor_NMPR,tumor_NMPR,0.415999592668787,Oligopotent,NMPR,Tumor_epithelial
BD_immune07_153812,tumor_NMPR,tumor_NMPR,0.475518219389432,Oligopotent,NMPR,Tumor_epithelial
BD_immune07_64302,tumor_NMPR,tumor_NMPR,0.550318585927244,Multipotent,NMPR,Tumor_epithelial
BD_immune07_841645,tumor_NMPR,tumor_NMPR,0.587241058464041,Multipotent,NMPR,Tumor_epithelial
BD_immune07_575953,tumor_NMPR,tumor_NMPR,0.364313325884484,Oligopotent,NMPR,Tumor_epithelial
BD_immune07_63383,tumor_NMPR,tumor_NMPR,0.58269616636003,Multipotent,NMPR,Tumor_epithelial
BD_immune07_883729,tumor_NMPR,tumor_NMPR,0.319780488103846,Unipotent,NMPR,Tumor_epithelial
BD_immune07_794581,tumor_NMPR,tumor_NMPR,0.460051598649474,Oligopotent,NMPR,Tumor_epithelial
BD_immune07_448832,tumor_NMPR,tumor_NMPR,0.443149308470804,Oligopotent,NMPR,Tumor_epithelial
BD_immune07_235188,tumor_NMPR,tumor_NMPR,0.451106902660035,Oligopotent,NMPR,Tumor_epithelial
BD_immune07_394565,tumor_NMPR,tumor_NMPR,0.449742376989633,Oligopotent,NMPR,Tumor_epithelial
BD_immune07_819204,tumor_NMPR,tumor_NMPR,0.465719767451816,Oligopotent,NMPR,Tumor_epithelial
BD_immune07_556280,tumor_NMPR,tumor_NMPR,0.559497965818179,Multipotent,NMPR,Tumor_epithelial
BD_immune07_392266,tumor_NMPR,tumor_NMPR,0.432425406271626,Oligopotent,NMPR,Tumor_epithelial
BD_immune07_539232,tumor_NMPR,tumor_NMPR,0.372366812719063,Oligopotent,NMPR,Tumor_epithelial
BD_immune07_741664,tumor_NMPR,tumor_NMPR,0.314277604123549,Unipotent,NMPR,Tumor_epithelial
BD_immune07_824534,tumor_NMPR,tumor_NMPR,0.199358143644727,Unipotent,NMPR,Tumor_epithelial
BD_immune07_802227,tumor_NMPR,tumor_NMPR,0.52542219169324,Multipotent,NMPR,Tumor_epithelial
BD_immune07_647774,tumor_NMPR,tumor_NMPR,0.474321184209202,Oligopotent,NMPR,Tumor_epithelial
BD_immune07_557365,tumor_NMPR,tumor_NMPR,0.548697176130741,Multipotent,NMPR,Tumor_epithelial
BD_immune07_87819,tumor_NMPR,tumor_NMPR,0.408324641603024,Oligopotent,NMPR,Tumor_epithelial
BD_immune07_144924,tumor_NMPR,tumor_NMPR,0.517101968273536,Multipotent,NMPR,Tumor_epithelial
BD_immune07_582806,tumor_NMPR,tumor_NMPR,0.601042746004703,Multipotent,NMPR,Tumor_epithelial
BD_immune07_238598,tumor_NMPR,tumor_NMPR,0.542929004463593,Multipotent,NMPR,Tumor_epithelial
BD_immune07_434357,tumor_NMPR,tumor_NMPR,0.51011904495647,Multipotent,NMPR,Tumor_epithelial
BD_immune07_576080,tumor_NMPR,tumor_NMPR,0.470145158452201,Oligopotent,NMPR,Tumor_epithelial
BD_immune07_374924,tumor_NMPR,tumor_NMPR,0.452737409723601,Oligopotent,NMPR,Tumor_epithelial
BD_immune07_651373,tumor_NMPR,tumor_NMPR,0.555697101516583,Multipotent,NMPR,Tumor_epithelial
BD_immune07_218962,tumor_NMPR,tumor_NMPR,0.468759382318092,Oligopotent,NMPR,Tumor_epithelial
BD_immune07_51530,tumor_NMPR,tumor_NMPR,0.602261545982934,Multipotent,NMPR,Tumor_epithelial
BD_immune07_341667,tumor_NMPR,tumor_NMPR,0.536948136573556,Multipotent,NMPR,Tumor_epithelial
BD_immune07_230921,tumor_NMPR,tumor_NMPR,0.49208244105043,Oligopotent,NMPR,Tumor_epithelial
BD_immune07_533239,tumor_NMPR,tumor_NMPR,0.573360575963913,Multipotent,NMPR,Tumor_epithelial
BD_immune07_336543,tumor_NMPR,tumor_NMPR,0.441187470066471,Oligopotent,NMPR,Tumor_epithelial
BD_immune07_551261,tumor_NMPR,tumor_NMPR,0.545630343515789,Multipotent,NMPR,Tumor_epithelial
BD_immune07_352609,tumor_NMPR,tumor_NMPR,0.768105299758499,Pluripotent,NMPR,Tumor_epithelial
BD_immune07_202315,tumor_NMPR,tumor_NMPR,0.520239734950168,Multipotent,NMPR,Tumor_epithelial
BD_immune07_391025,tumor_NMPR,tumor_NMPR,0.488093487864063,Oligopotent,NMPR,Tumor_epithelial
BD_immune07_466668,tumor_NMPR,tumor_NMPR,0.251871315120887,Unipotent,NMPR,Tumor_epithelial
BD_immune07_442704,tumor_NMPR,tumor_NMPR,0.544739943406244,Multipotent,NMPR,Tumor_epithelial
BD_immune07_209328,normal_NMPR,normal_NMPR,0.302167452057874,Unipotent,NMPR,Tumor_epithelial_AT2
BD_immune07_551670,tumor_NMPR,tumor_NMPR,0.420700667305104,Oligopotent,NMPR,Tumor_epithelial
BD_immune07_415736,tumor_NMPR,tumor_NMPR,0.453466297724837,Oligopotent,NMPR,Tumor_epithelial
BD_immune07_863096,tumor_NMPR,tumor_NMPR,0.431765364658501,Oligopotent,NMPR,Tumor_epithelial
BD_immune07_669459,tumor_NMPR,tumor_NMPR,0.567275939812571,Multipotent,NMPR,Tumor_epithelial
BD_immune07_457911,tumor_NMPR,tumor_NMPR,0.402965220644697,Oligopotent,NMPR,Tumor_epithelial
BD_immune07_303680,tumor_NMPR,tumor_NMPR,0.313877199110963,Unipotent,NMPR,Tumor_epithelial
BD_immune07_861256,tumor_NMPR,tumor_NMPR,0.520262152280943,Multipotent,NMPR,Tumor_epithelial
BD_immune07_348860,tumor_NMPR,tumor_NMPR,0.250756242511642,Unipotent,NMPR,Tumor_epithelial
BD_immune07_309956,tumor_NMPR,tumor_NMPR,0.156651524626297,Differentiated,NMPR,Tumor_epithelial
BD_immune07_338778,tumor_NMPR,tumor_NMPR,0.210002831266733,Unipotent,NMPR,Tumor_epithelial
BD_immune07_734272,tumor_NMPR,tumor_NMPR,0.447424394368844,Oligopotent,NMPR,Tumor_epithelial
BD_immune07_262255,tumor_NMPR,tumor_NMPR,0.458425961580759,Oligopotent,NMPR,Tumor_epithelial
BD_immune07_80925,tumor_NMPR,tumor_NMPR,0.399332895086714,Oligopotent,NMPR,Tumor_epithelial
BD_immune07_766530,tumor_NMPR,tumor_NMPR,0.474459175837969,Oligopotent,NMPR,Tumor_epithelial
BD_immune07_543994,tumor_NMPR,tumor_NMPR,0.285017273323979,Unipotent,NMPR,Tumor_epithelial
BD_immune07_21072,tumor_NMPR,tumor_NMPR,0.54501294525993,Multipotent,NMPR,Tumor_epithelial
BD_immune07_541345,tumor_NMPR,tumor_NMPR,0.434726489693519,Oligopotent,NMPR,Tumor_epithelial
BD_immune07_880557,tumor_NMPR,tumor_NMPR,0.517279718136099,Multipotent,NMPR,Tumor_epithelial
BD_immune07_432629,tumor_NMPR,tumor_NMPR,0.470569334257339,Oligopotent,NMPR,Tumor_epithelial
BD_immune07_532158,tumor_NMPR,tumor_NMPR,0.461821132273163,Oligopotent,NMPR,Tumor_epithelial
BD_immune07_806935,tumor_NMPR,tumor_NMPR,0.395326740418471,Oligopotent,NMPR,Tumor_epithelial
BD_immune07_160437,tumor_NMPR,tumor_NMPR,0.473316995130997,Oligopotent,NMPR,Tumor_epithelial
BD_immune07_298188,tumor_NMPR,tumor_NMPR,0.422620603800841,Oligopotent,NMPR,Tumor_epithelial
BD_immune07_113365,tumor_NMPR,tumor_NMPR,0.572783531795897,Multipotent,NMPR,Tumor_epithelial
BD_immune07_38585,tumor_NMPR,tumor_NMPR,0.368560738731299,Oligopotent,NMPR,Tumor_epithelial
BD_immune07_883015,tumor_NMPR,tumor_NMPR,0.409851193400509,Oligopotent,NMPR,Tumor_epithelial
BD_immune07_411273,tumor_NMPR,tumor_NMPR,0.228095907320362,Unipotent,NMPR,Tumor_epithelial
BD_immune07_318045,tumor_NMPR,tumor_NMPR,0.423203910608648,Oligopotent,NMPR,Tumor_epithelial
BD_immune07_251894,tumor_NMPR,tumor_NMPR,0.459498479267737,Oligopotent,NMPR,Tumor_epithelial
BD_immune07_582878,tumor_NMPR,tumor_NMPR,0.462082411751817,Oligopotent,NMPR,Tumor_epithelial
BD_immune07_633473,tumor_NMPR,tumor_NMPR,0.530457437233764,Multipotent,NMPR,Tumor_epithelial
BD_immune07_229735,tumor_NMPR,tumor_NMPR,0.477920137045404,Oligopotent,NMPR,Tumor_epithelial
BD_immune07_554624,tumor_NMPR,tumor_NMPR,0.522792692235205,Multipotent,NMPR,Tumor_epithelial
BD_immune07_800767,tumor_NMPR,tumor_NMPR,0.423633867737318,Oligopotent,NMPR,Tumor_epithelial
BD_immune07_599833,tumor_NMPR,tumor_NMPR,0.418585829997155,Oligopotent,NMPR,Tumor_epithelial
BD_immune07_538228,tumor_NMPR,tumor_NMPR,0.407882200676889,Oligopotent,NMPR,Tumor_epithelial
BD_immune07_52543,tumor_NMPR,tumor_NMPR,0.537509226151821,Multipotent,NMPR,Tumor_epithelial
BD_immune07_581921,tumor_NMPR,tumor_NMPR,0.571340382988276,Multipotent,NMPR,Tumor_epithelial
BD_immune07_490725,tumor_NMPR,tumor_NMPR,0.13947729206214,Differentiated,NMPR,Tumor_epithelial_basal
BD_immune07_556777,tumor_NMPR,tumor_NMPR,0.494764425877903,Oligopotent,NMPR,Tumor_epithelial
BD_immune07_557901,tumor_NMPR,tumor_NMPR,0.524423874600376,Multipotent,NMPR,Tumor_epithelial
BD_immune07_306798,tumor_NMPR,tumor_NMPR,0.31489597398587,Unipotent,NMPR,Tumor_epithelial
BD_immune07_548120,tumor_NMPR,tumor_NMPR,0.529928394614967,Multipotent,NMPR,Tumor_epithelial
BD_immune07_656452,tumor_NMPR,tumor_NMPR,0.56280343590262,Multipotent,NMPR,Tumor_epithelial
BD_immune07_363672,tumor_NMPR,tumor_NMPR,0.470967128759818,Oligopotent,NMPR,Tumor_epithelial
BD_immune07_805892,tumor_NMPR,tumor_NMPR,0.389329892264602,Oligopotent,NMPR,Tumor_epithelial
BD_immune07_244816,tumor_NMPR,tumor_NMPR,0.567835614917217,Multipotent,NMPR,Tumor_epithelial
BD_immune07_226882,tumor_NMPR,tumor_NMPR,0.53912101376249,Multipotent,NMPR,Tumor_epithelial
BD_immune07_330902,tumor_NMPR,tumor_NMPR,0.60386091250044,Multipotent,NMPR,Tumor_epithelial
BD_immune07_80632,tumor_NMPR,tumor_NMPR,0.527031289110486,Multipotent,NMPR,Tumor_epithelial
BD_immune07_451795,tumor_NMPR,tumor_NMPR,0.453360585680002,Oligopotent,NMPR,Tumor_epithelial
BD_immune07_158697,tumor_NMPR,tumor_NMPR,0.296700322398328,Unipotent,NMPR,Tumor_epithelial
BD_immune07_115446,tumor_NMPR,tumor_NMPR,0.532736957849178,Multipotent,NMPR,Tumor_epithelial
BD_immune07_449339,tumor_NMPR,tumor_NMPR,0.529923229018014,Multipotent,NMPR,Tumor_epithelial
BD_immune07_49059,tumor_NMPR,tumor_NMPR,0.377243369818091,Oligopotent,NMPR,Tumor_epithelial
BD_immune07_650501,tumor_NMPR,tumor_NMPR,0.181946990401503,Unipotent,NMPR,Tumor_epithelial
BD_immune07_159914,tumor_NMPR,tumor_NMPR,0.443604689691838,Oligopotent,NMPR,Tumor_epithelial
BD_immune07_470334,tumor_NMPR,tumor_NMPR,0.463549443702927,Oligopotent,NMPR,Tumor_epithelial
BD_immune07_300443,tumor_NMPR,tumor_NMPR,0.577313448213739,Multipotent,NMPR,Tumor_epithelial
BD_immune07_279971,tumor_NMPR,tumor_NMPR,0.435438445572639,Oligopotent,NMPR,Tumor_epithelial
BD_immune07_850933,tumor_NMPR,tumor_NMPR,0.409377887072703,Oligopotent,NMPR,Tumor_epithelial
BD_immune07_533611,tumor_NMPR,tumor_NMPR,0.493269548885439,Oligopotent,NMPR,Tumor_epithelial
BD_immune07_451941,tumor_NMPR,tumor_NMPR,0.411753191905497,Oligopotent,NMPR,Tumor_epithelial
BD_immune07_805842,tumor_NMPR,tumor_NMPR,0.53304645530678,Multipotent,NMPR,Tumor_epithelial
BD_immune07_228725,tumor_NMPR,tumor_NMPR,0.621324076199786,Multipotent,NMPR,Tumor_epithelial
BD_immune07_677206,tumor_NMPR,tumor_NMPR,0.569830384714113,Multipotent,NMPR,Tumor_epithelial
BD_immune07_820268,tumor_NMPR,tumor_NMPR,0.582076147681893,Multipotent,NMPR,Tumor_epithelial
BD_immune07_232348,tumor_NMPR,tumor_NMPR,0.44226446734384,Oligopotent,NMPR,Tumor_epithelial
BD_immune07_724574,tumor_NMPR,tumor_NMPR,0.442422897127938,Oligopotent,NMPR,Tumor_epithelial
BD_immune07_206185,tumor_NMPR,tumor_NMPR,0.560241470384471,Multipotent,NMPR,Tumor_epithelial
BD_immune07_14423,tumor_NMPR,tumor_NMPR,0.407831583002185,Oligopotent,NMPR,Tumor_epithelial
BD_immune07_570354,tumor_NMPR,tumor_NMPR,0.28277920837306,Unipotent,NMPR,Tumor_epithelial
BD_immune07_39578,tumor_NMPR,tumor_NMPR,0.611685960875788,Multipotent,NMPR,Tumor_epithelial
BD_immune07_632903,normal_NMPR,normal_NMPR,0.196296175664916,Unipotent,NMPR,Tumor_epithelial_AT2
BD_immune07_283483,tumor_NMPR,tumor_NMPR,0.591453307805125,Multipotent,NMPR,Tumor_epithelial
BD_immune07_309038,tumor_NMPR,tumor_NMPR,0.271722271313309,Unipotent,NMPR,Tumor_epithelial
BD_immune07_178787,tumor_NMPR,tumor_NMPR,0.558566641989156,Multipotent,NMPR,Tumor_epithelial
BD_immune07_643377,tumor_NMPR,tumor_NMPR,0.56434078303319,Multipotent,NMPR,Tumor_epithelial
BD_immune07_602219,tumor_NMPR,tumor_NMPR,0.608323984953247,Multipotent,NMPR,Tumor_epithelial
BD_immune07_498777,tumor_NMPR,tumor_NMPR,0.561884470753352,Multipotent,NMPR,Tumor_epithelial
BD_immune07_428675,tumor_NMPR,tumor_NMPR,0.561173827627851,Multipotent,NMPR,Tumor_epithelial
BD_immune07_591743,tumor_NMPR,tumor_NMPR,0.392425995980418,Oligopotent,NMPR,Tumor_epithelial
BD_immune07_688816,tumor_NMPR,tumor_NMPR,0.507757652222121,Multipotent,NMPR,Tumor_epithelial
BD_immune07_352709,normal_NMPR,normal_NMPR,0.249151860294029,Unipotent,NMPR,Tumor_epithelial_AT2
BD_immune07_611578,tumor_NMPR,tumor_NMPR,0.474251733603263,Oligopotent,NMPR,Tumor_epithelial
BD_immune07_316011,tumor_NMPR,tumor_NMPR,0.554832573791124,Multipotent,NMPR,Tumor_epithelial
BD_immune07_531173,tumor_NMPR,tumor_NMPR,0.539534225672834,Multipotent,NMPR,Tumor_epithelial
BD_immune07_823650,tumor_NMPR,tumor_NMPR,0.551485173014018,Multipotent,NMPR,Tumor_epithelial
BD_immune07_337482,tumor_NMPR,tumor_NMPR,0.43742123573883,Oligopotent,NMPR,Tumor_epithelial
BD_immune07_70593,tumor_NMPR,tumor_NMPR,0.520536282216699,Multipotent,NMPR,Tumor_epithelial
BD_immune07_327485,tumor_NMPR,tumor_NMPR,0.371965945531066,Oligopotent,NMPR,Tumor_epithelial
BD_immune07_5286,tumor_NMPR,tumor_NMPR,0.443250335494557,Oligopotent,NMPR,Tumor_epithelial
BD_immune07_883949,tumor_NMPR,tumor_NMPR,0.545234976007209,Multipotent,NMPR,Tumor_epithelial
BD_immune07_400410,tumor_NMPR,tumor_NMPR,0.426493002542214,Oligopotent,NMPR,Tumor_epithelial
BD_immune07_195107,tumor_NMPR,tumor_NMPR,0.387291738425422,Oligopotent,NMPR,Tumor_epithelial
BD_immune07_756061,tumor_NMPR,tumor_NMPR,0.185437178361721,Unipotent,NMPR,Tumor_epithelial
BD_immune07_145488,tumor_NMPR,tumor_NMPR,0.593429556488425,Multipotent,NMPR,Tumor_epithelial
BD_immune07_280867,tumor_NMPR,tumor_NMPR,0.15075943977554,Differentiated,NMPR,Tumor_epithelial
BD_immune07_428032,tumor_NMPR,tumor_NMPR,0.428790135346316,Oligopotent,NMPR,Tumor_epithelial
BD_immune07_634285,tumor_NMPR,tumor_NMPR,0.542003796580462,Multipotent,NMPR,Tumor_epithelial
BD_immune07_419657,tumor_NMPR,tumor_NMPR,0.643309438391417,Multipotent,NMPR,Tumor_epithelial
BD_immune07_71419,tumor_NMPR,tumor_NMPR,0.536152800958506,Multipotent,NMPR,Tumor_epithelial
BD_immune07_43100,tumor_NMPR,tumor_NMPR,0.553878921202858,Multipotent,NMPR,Tumor_epithelial
BD_immune07_837243,tumor_NMPR,tumor_NMPR,0.506105968462748,Multipotent,NMPR,Tumor_epithelial
BD_immune07_367467,tumor_NMPR,tumor_NMPR,0.515968517902044,Multipotent,NMPR,Tumor_epithelial
BD_immune07_272054,tumor_NMPR,tumor_NMPR,0.447842045756464,Oligopotent,NMPR,Tumor_epithelial
BD_immune07_735735,tumor_NMPR,tumor_NMPR,0.393076361406789,Oligopotent,NMPR,Tumor_epithelial
BD_immune07_297640,tumor_NMPR,tumor_NMPR,0.555110132798988,Multipotent,NMPR,Tumor_epithelial
BD_immune07_71372,tumor_NMPR,tumor_NMPR,0.3587304262239,Oligopotent,NMPR,Tumor_epithelial
BD_immune07_167556,tumor_NMPR,tumor_NMPR,0.545171019428908,Multipotent,NMPR,Tumor_epithelial
BD_immune07_835409,tumor_NMPR,tumor_NMPR,0.493715937158623,Oligopotent,NMPR,Tumor_epithelial
BD_immune07_393074,tumor_NMPR,tumor_NMPR,0.527597050448843,Multipotent,NMPR,Tumor_epithelial
BD_immune07_151148,tumor_NMPR,tumor_NMPR,0.547347633625996,Multipotent,NMPR,Tumor_epithelial
BD_immune07_145918,tumor_NMPR,tumor_NMPR,0.497553340218857,Oligopotent,NMPR,Tumor_epithelial
BD_immune07_398201,normal_NMPR,normal_NMPR,0.0929575437495373,Differentiated,NMPR,Tumor_epithelial_AT2
BD_immune07_31486,tumor_NMPR,tumor_NMPR,0.572968302183436,Multipotent,NMPR,Tumor_epithelial
BD_immune07_312984,tumor_NMPR,tumor_NMPR,0.626604362136675,Multipotent,NMPR,Tumor_epithelial
BD_immune07_297053,tumor_NMPR,tumor_NMPR,0.400585392777964,Oligopotent,NMPR,Tumor_epithelial
BD_immune07_186181,tumor_NMPR,tumor_NMPR,0.438421978789957,Oligopotent,NMPR,Tumor_epithelial
BD_immune07_539390,tumor_NMPR,tumor_NMPR,0.560664920389646,Multipotent,NMPR,Tumor_epithelial
BD_immune07_9157,tumor_NMPR,tumor_NMPR,0.592021251453951,Multipotent,NMPR,Tumor_epithelial
BD_immune07_152888,tumor_NMPR,tumor_NMPR,0.642048171666647,Multipotent,NMPR,Tumor_epithelial
BD_immune07_530846,tumor_NMPR,tumor_NMPR,0.407542088500907,Oligopotent,NMPR,Tumor_epithelial
BD_immune07_257007,tumor_NMPR,tumor_NMPR,0.587084138213433,Multipotent,NMPR,Tumor_epithelial
BD_immune07_726672,tumor_NMPR,tumor_NMPR,0.421890915777553,Oligopotent,NMPR,Tumor_epithelial
BD_immune07_364460,tumor_NMPR,tumor_NMPR,0.484793188894944,Oligopotent,NMPR,Tumor_epithelial
BD_immune07_452053,tumor_NMPR,tumor_NMPR,0.550668260020543,Multipotent,NMPR,Tumor_epithelial
BD_immune07_700642,tumor_NMPR,tumor_NMPR,0.252970387855074,Unipotent,NMPR,Tumor_epithelial
BD_immune07_402561,tumor_NMPR,tumor_NMPR,0.354509779567774,Oligopotent,NMPR,Tumor_epithelial
BD_immune07_571623,tumor_NMPR,tumor_NMPR,0.160563037547995,Differentiated,NMPR,Tumor_epithelial
BD_immune07_782360,tumor_NMPR,tumor_NMPR,0.523431493347374,Multipotent,NMPR,Tumor_epithelial
BD_immune07_352131,tumor_NMPR,tumor_NMPR,0.487372116832575,Oligopotent,NMPR,Tumor_epithelial
BD_immune07_855967,tumor_NMPR,tumor_NMPR,0.469993786571107,Oligopotent,NMPR,Tumor_epithelial
BD_immune07_849288,tumor_NMPR,tumor_NMPR,0.429018766687634,Oligopotent,NMPR,Tumor_epithelial
BD_immune07_406175,tumor_NMPR,tumor_NMPR,0.595902626725332,Multipotent,NMPR,Tumor_epithelial
BD_immune07_582026,tumor_NMPR,tumor_NMPR,0.416200662033274,Oligopotent,NMPR,Tumor_epithelial
BD_immune07_195778,tumor_NMPR,tumor_NMPR,0.555551913248099,Multipotent,NMPR,Tumor_epithelial
BD_immune07_749235,tumor_NMPR,tumor_NMPR,0.570250063079558,Multipotent,NMPR,Tumor_epithelial
BD_immune07_62331,tumor_NMPR,tumor_NMPR,0.595497698170019,Multipotent,NMPR,Tumor_epithelial
BD_immune07_590129,tumor_NMPR,tumor_NMPR,0.267985590733614,Unipotent,NMPR,Tumor_epithelial
BD_immune07_674609,tumor_NMPR,tumor_NMPR,0.521533511383191,Multipotent,NMPR,Tumor_epithelial
BD_immune07_738615,tumor_NMPR,tumor_NMPR,0.156848915685225,Differentiated,NMPR,Tumor_epithelial
BD_immune07_349251,tumor_NMPR,tumor_NMPR,0.445660373380752,Oligopotent,NMPR,Tumor_epithelial
BD_immune07_572732,tumor_NMPR,tumor_NMPR,0.598296052959801,Multipotent,NMPR,Tumor_epithelial
BD_immune07_498697,tumor_NMPR,tumor_NMPR,0.42505516711709,Oligopotent,NMPR,Tumor_epithelial
BD_immune07_861487,tumor_NMPR,tumor_NMPR,0.576200622507721,Multipotent,NMPR,Tumor_epithelial
BD_immune07_307955,tumor_NMPR,tumor_NMPR,0.441837032488136,Oligopotent,NMPR,Tumor_epithelial
BD_immune07_781849,tumor_NMPR,tumor_NMPR,0.564153733375838,Multipotent,NMPR,Tumor_epithelial
BD_immune07_502165,tumor_NMPR,tumor_NMPR,0.430781304356201,Oligopotent,NMPR,Tumor_epithelial
BD_immune07_380094,tumor_NMPR,tumor_NMPR,0.448388773932405,Oligopotent,NMPR,Tumor_epithelial
BD_immune07_881228,tumor_NMPR,tumor_NMPR,0.594125662839127,Multipotent,NMPR,Tumor_epithelial
BD_immune07_127084,tumor_NMPR,tumor_NMPR,0.4595502262133,Oligopotent,NMPR,Tumor_epithelial
BD_immune07_28927,tumor_NMPR,tumor_NMPR,0.548485003307744,Multipotent,NMPR,Tumor_epithelial
BD_immune07_139278,tumor_NMPR,tumor_NMPR,0.282820846900027,Unipotent,NMPR,Tumor_epithelial
BD_immune07_79628,tumor_NMPR,tumor_NMPR,0.400826117826144,Oligopotent,NMPR,Tumor_epithelial
BD_immune07_499269,tumor_NMPR,tumor_NMPR,0.45336199323291,Oligopotent,NMPR,Tumor_epithelial
BD_immune07_161114,tumor_NMPR,tumor_NMPR,0.564925197179689,Multipotent,NMPR,Tumor_epithelial
BD_immune07_291910,tumor_NMPR,tumor_NMPR,0.538339477183595,Multipotent,NMPR,Tumor_epithelial
BD_immune07_427765,tumor_NMPR,tumor_NMPR,0.618124153937454,Multipotent,NMPR,Tumor_epithelial
BD_immune07_736233,tumor_NMPR,tumor_NMPR,0.412153370012073,Oligopotent,NMPR,Tumor_epithelial
BD_immune07_534306,tumor_NMPR,tumor_NMPR,0.415835839727682,Oligopotent,NMPR,Tumor_epithelial
BD_immune07_179473,tumor_NMPR,tumor_NMPR,0.299586448799728,Unipotent,NMPR,Tumor_epithelial
BD_immune07_571119,tumor_NMPR,tumor_NMPR,0.560740827296978,Multipotent,NMPR,Tumor_epithelial
BD_immune07_240368,tumor_NMPR,tumor_NMPR,0.526032843125772,Multipotent,NMPR,Tumor_epithelial
BD_immune07_590442,tumor_NMPR,tumor_NMPR,0.240901114246611,Unipotent,NMPR,Tumor_epithelial
BD_immune07_166739,tumor_NMPR,tumor_NMPR,0.559950015060515,Multipotent,NMPR,Tumor_epithelial
BD_immune07_384564,tumor_NMPR,tumor_NMPR,0.468212021357535,Oligopotent,NMPR,Tumor_epithelial
BD_immune07_622397,tumor_NMPR,tumor_NMPR,0.432037621899557,Oligopotent,NMPR,Tumor_epithelial
BD_immune07_2558,tumor_NMPR,tumor_NMPR,0.498051425087426,Oligopotent,NMPR,Tumor_epithelial
BD_immune07_460248,tumor_NMPR,tumor_NMPR,0.384964287807209,Oligopotent,NMPR,Tumor_epithelial
BD_immune07_579145,tumor_NMPR,tumor_NMPR,0.507351841767614,Multipotent,NMPR,Tumor_epithelial
BD_immune07_397972,tumor_NMPR,tumor_NMPR,0.58500248688262,Multipotent,NMPR,Tumor_epithelial
BD_immune07_146715,tumor_NMPR,tumor_NMPR,0.50715209857987,Multipotent,NMPR,Tumor_epithelial
BD_immune07_614153,tumor_NMPR,tumor_NMPR,0.262748792364069,Unipotent,NMPR,Tumor_epithelial
BD_immune07_478344,tumor_NMPR,tumor_NMPR,0.533139923614453,Multipotent,NMPR,Tumor_epithelial
BD_immune07_566425,tumor_NMPR,tumor_NMPR,0.212166869368418,Unipotent,NMPR,Tumor_epithelial
BD_immune07_18119,tumor_NMPR,tumor_NMPR,0.379575866327293,Oligopotent,NMPR,Tumor_epithelial
BD_immune07_771010,tumor_NMPR,tumor_NMPR,0.739135033818173,Pluripotent,NMPR,Tumor_epithelial
BD_immune07_389282,normal_NMPR,normal_NMPR,0.271717395558827,Unipotent,NMPR,Tumor_epithelial_AT2
BD_immune07_296833,tumor_NMPR,tumor_NMPR,0.695808507459129,Pluripotent,NMPR,Tumor_epithelial
BD_immune07_396197,tumor_NMPR,tumor_NMPR,0.153347408258964,Differentiated,NMPR,Tumor_epithelial
BD_immune07_863812,tumor_NMPR,tumor_NMPR,0.520244558966452,Multipotent,NMPR,Tumor_epithelial
BD_immune07_806050,normal_NMPR,normal_NMPR,0.113333797148105,Differentiated,NMPR,Tumor_epithelial_AT2
BD_immune07_55758,tumor_NMPR,tumor_NMPR,0.594018547972732,Multipotent,NMPR,Tumor_epithelial
BD_immune07_827315,tumor_NMPR,tumor_NMPR,0.466050364532791,Oligopotent,NMPR,Tumor_epithelial
BD_immune07_527920,tumor_NMPR,tumor_NMPR,0.583816066662981,Multipotent,NMPR,Tumor_epithelial
BD_immune07_253038,tumor_NMPR,tumor_NMPR,0.563976504686786,Multipotent,NMPR,Tumor_epithelial
BD_immune07_718540,tumor_NMPR,tumor_NMPR,0.474608839293968,Oligopotent,NMPR,Tumor_epithelial
BD_immune07_671170,tumor_NMPR,tumor_NMPR,0.25533848773648,Unipotent,NMPR,Tumor_epithelial
BD_immune07_496303,tumor_NMPR,tumor_NMPR,0.575557768245037,Multipotent,NMPR,Tumor_epithelial
BD_immune07_62805,tumor_NMPR,tumor_NMPR,0.600129156391954,Multipotent,NMPR,Tumor_epithelial
BD_immune07_534516,tumor_NMPR,tumor_NMPR,0.41002538681419,Oligopotent,NMPR,Tumor_epithelial
BD_immune07_677944,tumor_NMPR,tumor_NMPR,0.433264108705295,Oligopotent,NMPR,Tumor_epithelial
BD_immune07_55422,tumor_NMPR,tumor_NMPR,0.321367843000791,Unipotent,NMPR,Tumor_epithelial
BD_immune07_657485,tumor_NMPR,tumor_NMPR,0.554349625985552,Multipotent,NMPR,Tumor_epithelial
BD_immune07_533919,tumor_NMPR,tumor_NMPR,0.467056699736553,Oligopotent,NMPR,Tumor_epithelial
BD_immune07_331223,tumor_NMPR,tumor_NMPR,0.27899132349418,Unipotent,NMPR,Tumor_epithelial
BD_immune07_150379,tumor_NMPR,tumor_NMPR,0.556250694023214,Multipotent,NMPR,Tumor_epithelial
BD_immune07_47662,tumor_NMPR,tumor_NMPR,0.240372668107518,Unipotent,NMPR,Tumor_epithelial
BD_immune07_394793,tumor_NMPR,tumor_NMPR,0.461885766953402,Oligopotent,NMPR,Tumor_epithelial
BD_immune07_779900,tumor_NMPR,tumor_NMPR,0.784494927887636,Pluripotent,NMPR,Tumor_epithelial
BD_immune07_844317,tumor_NMPR,tumor_NMPR,0.271647016370789,Unipotent,NMPR,Tumor_epithelial
BD_immune07_135700,tumor_NMPR,tumor_NMPR,0.537585110728083,Multipotent,NMPR,Tumor_epithelial
BD_immune07_851020,tumor_NMPR,tumor_NMPR,0.454166551552402,Oligopotent,NMPR,Tumor_epithelial
BD_immune07_359382,tumor_NMPR,tumor_NMPR,0.535172264276207,Multipotent,NMPR,Tumor_epithelial
BD_immune07_576163,tumor_NMPR,tumor_NMPR,0.44518947102272,Oligopotent,NMPR,Tumor_epithelial
BD_immune07_333277,tumor_NMPR,tumor_NMPR,0.459736538368516,Oligopotent,NMPR,Tumor_epithelial
BD_immune07_449013,tumor_NMPR,tumor_NMPR,0.375649329232907,Oligopotent,NMPR,Tumor_epithelial
BD_immune07_118394,tumor_NMPR,tumor_NMPR,0.546695167970657,Multipotent,NMPR,Tumor_epithelial
BD_immune07_646091,tumor_NMPR,tumor_NMPR,0.572127603098947,Multipotent,NMPR,Tumor_epithelial
BD_immune07_513227,tumor_NMPR,tumor_NMPR,0.251569217182912,Unipotent,NMPR,Tumor_epithelial
BD_immune07_317885,tumor_NMPR,tumor_NMPR,0.568972882086983,Multipotent,NMPR,Tumor_epithelial
BD_immune07_349491,tumor_NMPR,tumor_NMPR,0.406215326897474,Oligopotent,NMPR,Tumor_epithelial
BD_immune07_360256,tumor_NMPR,tumor_NMPR,0.474995280968805,Oligopotent,NMPR,Tumor_epithelial
BD_immune07_578902,tumor_NMPR,tumor_NMPR,0.516203934719122,Multipotent,NMPR,Tumor_epithelial
BD_immune07_156312,tumor_NMPR,tumor_NMPR,0.403933705980427,Oligopotent,NMPR,Tumor_epithelial
BD_immune07_640756,tumor_NMPR,tumor_NMPR,0.586263801526539,Multipotent,NMPR,Tumor_epithelial
BD_immune07_328515,tumor_NMPR,tumor_NMPR,0.365098805277029,Oligopotent,NMPR,Tumor_epithelial
BD_immune07_679010,tumor_NMPR,tumor_NMPR,0.39915143373554,Oligopotent,NMPR,Tumor_epithelial
BD_immune07_88408,tumor_NMPR,tumor_NMPR,0.606233735790875,Multipotent,NMPR,Tumor_epithelial
BD_immune07_375281,tumor_NMPR,tumor_NMPR,0.492713080364577,Oligopotent,NMPR,Tumor_epithelial
BD_immune07_504572,tumor_NMPR,tumor_NMPR,0.395668447495216,Oligopotent,NMPR,Tumor_epithelial
BD_immune07_158909,tumor_NMPR,tumor_NMPR,0.466118477101087,Oligopotent,NMPR,Tumor_epithelial
BD_immune07_344683,tumor_NMPR,tumor_NMPR,0.259812339024519,Unipotent,NMPR,Tumor_epithelial
BD_immune07_304651,tumor_NMPR,tumor_NMPR,0.459095397376013,Oligopotent,NMPR,Tumor_epithelial
BD_immune07_486751,tumor_NMPR,tumor_NMPR,0.553308621294082,Multipotent,NMPR,Tumor_epithelial
BD_immune07_249021,tumor_NMPR,tumor_NMPR,0.47282672626523,Oligopotent,NMPR,Tumor_epithelial
BD_immune07_756687,tumor_NMPR,tumor_NMPR,0.645507054305133,Multipotent,NMPR,Tumor_epithelial
BD_immune07_231900,tumor_NMPR,tumor_NMPR,0.418977681991592,Oligopotent,NMPR,Tumor_epithelial
BD_immune07_850251,tumor_NMPR,tumor_NMPR,0.470680345795264,Oligopotent,NMPR,Tumor_epithelial
BD_immune07_563837,tumor_NMPR,tumor_NMPR,0.357175799362684,Oligopotent,NMPR,Tumor_epithelial
BD_immune07_494959,tumor_NMPR,tumor_NMPR,0.476638466043059,Oligopotent,NMPR,Tumor_epithelial
BD_immune07_258788,tumor_NMPR,tumor_NMPR,0.543472336272509,Multipotent,NMPR,Tumor_epithelial
BD_immune07_601311,tumor_NMPR,tumor_NMPR,0.529444635531554,Multipotent,NMPR,Tumor_epithelial
BD_immune07_62263,tumor_NMPR,tumor_NMPR,0.508730520660926,Multipotent,NMPR,Tumor_epithelial
BD_immune07_330305,tumor_NMPR,tumor_NMPR,0.513312429641299,Multipotent,NMPR,Tumor_epithelial
BD_immune07_449683,tumor_NMPR,tumor_NMPR,0.190654089082474,Unipotent,NMPR,Tumor_epithelial
BD_immune07_801211,tumor_NMPR,tumor_NMPR,0.421047855762801,Oligopotent,NMPR,Tumor_epithelial
BD_immune07_753128,tumor_NMPR,tumor_NMPR,0.433292006327013,Oligopotent,NMPR,Tumor_epithelial
BD_immune07_149108,tumor_NMPR,tumor_NMPR,0.419548892463127,Oligopotent,NMPR,Tumor_epithelial
BD_immune07_366706,tumor_NMPR,tumor_NMPR,0.401715347717698,Oligopotent,NMPR,Tumor_epithelial
BD_immune07_647618,tumor_NMPR,tumor_NMPR,0.565541550071388,Multipotent,NMPR,Tumor_epithelial
BD_immune07_734943,tumor_NMPR,tumor_NMPR,0.621747164674031,Multipotent,NMPR,Tumor_epithelial
BD_immune07_684993,tumor_NMPR,tumor_NMPR,0.40750493907737,Oligopotent,NMPR,Tumor_epithelial
BD_immune07_522926,tumor_NMPR,tumor_NMPR,0.390246740678875,Oligopotent,NMPR,Tumor_epithelial
BD_immune07_580376,tumor_NMPR,tumor_NMPR,0.583374568293927,Multipotent,NMPR,Tumor_epithelial
BD_immune07_790,tumor_NMPR,tumor_NMPR,0.409416214295556,Oligopotent,NMPR,Tumor_epithelial
BD_immune07_720833,tumor_NMPR,tumor_NMPR,0.538748602309534,Multipotent,NMPR,Tumor_epithelial
BD_immune07_550446,tumor_NMPR,tumor_NMPR,0.47827089931377,Oligopotent,NMPR,Tumor_epithelial
BD_immune07_562901,tumor_NMPR,tumor_NMPR,0.629083615636258,Multipotent,NMPR,Tumor_epithelial
BD_immune07_130045,tumor_NMPR,tumor_NMPR,0.541109636212254,Multipotent,NMPR,Tumor_epithelial
BD_immune07_488851,tumor_NMPR,tumor_NMPR,0.421459537629449,Oligopotent,NMPR,Tumor_epithelial
BD_immune07_440092,tumor_NMPR,tumor_NMPR,0.552807524450857,Multipotent,NMPR,Tumor_epithelial
BD_immune07_753859,tumor_NMPR,tumor_NMPR,0.510444263568519,Multipotent,NMPR,Tumor_epithelial
BD_immune07_71451,tumor_NMPR,tumor_NMPR,0.46919215132264,Oligopotent,NMPR,Tumor_epithelial
BD_immune07_749167,tumor_NMPR,tumor_NMPR,0.151359144822509,Differentiated,NMPR,Tumor_epithelial
BD_immune07_179539,tumor_NMPR,tumor_NMPR,0.500328902594417,Multipotent,NMPR,Tumor_epithelial
BD_immune07_50720,tumor_NMPR,tumor_NMPR,0.530535647950332,Multipotent,NMPR,Tumor_epithelial
BD_immune07_513440,tumor_NMPR,tumor_NMPR,0.462388966809323,Oligopotent,NMPR,Tumor_epithelial
BD_immune07_91211,tumor_NMPR,tumor_NMPR,0.436406837004455,Oligopotent,NMPR,Tumor_epithelial
BD_immune07_838615,tumor_NMPR,tumor_NMPR,0.492945878724793,Oligopotent,NMPR,Tumor_epithelial
BD_immune07_705954,tumor_NMPR,tumor_NMPR,0.588359796498264,Multipotent,NMPR,Tumor_epithelial
BD_immune07_844615,tumor_NMPR,tumor_NMPR,0.437450035240369,Oligopotent,NMPR,Tumor_epithelial
BD_immune07_102992,tumor_NMPR,tumor_NMPR,0.253936184025842,Unipotent,NMPR,Tumor_epithelial
BD_immune07_94743,tumor_NMPR,tumor_NMPR,0.391285882225462,Oligopotent,NMPR,Tumor_epithelial
BD_immune07_662753,tumor_NMPR,tumor_NMPR,0.388351881744019,Oligopotent,NMPR,Tumor_epithelial
BD_immune07_809183,tumor_NMPR,tumor_NMPR,0.368043901943902,Oligopotent,NMPR,Tumor_epithelial
BD_immune07_407970,tumor_NMPR,tumor_NMPR,0.415987643519146,Oligopotent,NMPR,Tumor_epithelial
BD_immune07_774324,tumor_NMPR,tumor_NMPR,0.491669150335545,Oligopotent,NMPR,Tumor_epithelial
BD_immune07_850111,tumor_NMPR,tumor_NMPR,0.373584949857759,Oligopotent,NMPR,Tumor_epithelial
BD_immune07_165520,tumor_NMPR,tumor_NMPR,0.591607785960811,Multipotent,NMPR,Tumor_epithelial
BD_immune07_717176,tumor_NMPR,tumor_NMPR,0.492789570153619,Oligopotent,NMPR,Tumor_epithelial
BD_immune07_594849,tumor_NMPR,tumor_NMPR,0.161576341338332,Differentiated,NMPR,Tumor_epithelial
BD_immune07_273377,tumor_NMPR,tumor_NMPR,0.544300135106701,Multipotent,NMPR,Tumor_epithelial
BD_immune07_332500,tumor_NMPR,tumor_NMPR,0.305986980560377,Unipotent,NMPR,Tumor_epithelial
BD_immune07_399715,tumor_NMPR,tumor_NMPR,0.509710262571985,Multipotent,NMPR,Tumor_epithelial
BD_immune07_620619,tumor_NMPR,tumor_NMPR,0.45455776648117,Oligopotent,NMPR,Tumor_epithelial
BD_immune07_492817,tumor_NMPR,tumor_NMPR,0.520404485916172,Multipotent,NMPR,Tumor_epithelial
BD_immune07_826630,tumor_NMPR,tumor_NMPR,0.400770431906321,Oligopotent,NMPR,Tumor_epithelial
BD_immune07_125613,tumor_NMPR,tumor_NMPR,0.530656518785428,Multipotent,NMPR,Tumor_epithelial
BD_immune07_436691,tumor_NMPR,tumor_NMPR,0.484440876744769,Oligopotent,NMPR,Tumor_epithelial
BD_immune07_254287,tumor_NMPR,tumor_NMPR,0.561044092892781,Multipotent,NMPR,Tumor_epithelial
BD_immune07_824971,tumor_NMPR,tumor_NMPR,0.444571946254734,Oligopotent,NMPR,Tumor_epithelial
BD_immune07_207468,tumor_NMPR,tumor_NMPR,0.443169170261947,Oligopotent,NMPR,Tumor_epithelial
BD_immune07_432918,tumor_NMPR,tumor_NMPR,0.506949904538113,Multipotent,NMPR,Tumor_epithelial
BD_immune07_442210,tumor_NMPR,tumor_NMPR,0.470577004329946,Oligopotent,NMPR,Tumor_epithelial
BD_immune07_755404,tumor_NMPR,tumor_NMPR,0.557261743467242,Multipotent,NMPR,Tumor_epithelial
BD_immune07_222189,tumor_NMPR,tumor_NMPR,0.510233620422377,Multipotent,NMPR,Tumor_epithelial
BD_immune07_751250,tumor_NMPR,tumor_NMPR,0.532458838571542,Multipotent,NMPR,Tumor_epithelial
BD_immune07_446863,tumor_NMPR,tumor_NMPR,0.558394691083882,Multipotent,NMPR,Tumor_epithelial
BD_immune07_92499,tumor_NMPR,tumor_NMPR,0.398665935838916,Oligopotent,NMPR,Tumor_epithelial
BD_immune07_309120,tumor_NMPR,tumor_NMPR,0.382017062872402,Oligopotent,NMPR,Tumor_epithelial
BD_immune07_240517,tumor_NMPR,tumor_NMPR,0.528964127019393,Multipotent,NMPR,Tumor_epithelial
BD_immune07_161633,tumor_NMPR,tumor_NMPR,0.399182193789237,Oligopotent,NMPR,Tumor_epithelial
BD_immune07_555407,tumor_NMPR,tumor_NMPR,0.492830528875705,Oligopotent,NMPR,Tumor_epithelial
BD_immune07_835718,tumor_NMPR,tumor_NMPR,0.615549879016253,Multipotent,NMPR,Tumor_epithelial
BD_immune07_76926,tumor_NMPR,tumor_NMPR,0.22862760923609,Unipotent,NMPR,Tumor_epithelial
BD_immune07_841108,tumor_NMPR,tumor_NMPR,0.173917669057967,Unipotent,NMPR,Tumor_epithelial
BD_immune07_417163,tumor_NMPR,tumor_NMPR,0.310709638418742,Unipotent,NMPR,Tumor_epithelial
BD_immune07_227397,tumor_NMPR,tumor_NMPR,0.545474196114605,Multipotent,NMPR,Tumor_epithelial
BD_immune07_429447,tumor_NMPR,tumor_NMPR,0.454847502641578,Oligopotent,NMPR,Tumor_epithelial
BD_immune07_675341,tumor_NMPR,tumor_NMPR,0.547633954945612,Multipotent,NMPR,Tumor_epithelial
BD_immune07_277267,normal_NMPR,normal_NMPR,0.136541375043435,Differentiated,NMPR,Tumor_epithelial_AT2
BD_immune07_512703,tumor_NMPR,tumor_NMPR,0.429032529647544,Oligopotent,NMPR,Tumor_epithelial
BD_immune07_880103,tumor_NMPR,tumor_NMPR,0.148745971111406,Differentiated,NMPR,Tumor_epithelial
BD_immune07_456055,tumor_NMPR,tumor_NMPR,0.48870756557703,Oligopotent,NMPR,Tumor_epithelial
BD_immune07_572483,tumor_NMPR,tumor_NMPR,0.567242460135262,Multipotent,NMPR,Tumor_epithelial
BD_immune07_638301,tumor_NMPR,tumor_NMPR,0.412724874374295,Oligopotent,NMPR,Tumor_epithelial
BD_immune07_725720,tumor_NMPR,tumor_NMPR,0.531018398819003,Multipotent,NMPR,Tumor_epithelial
BD_immune07_614111,tumor_NMPR,tumor_NMPR,0.563544798814493,Multipotent,NMPR,Tumor_epithelial
BD_immune07_501642,tumor_NMPR,tumor_NMPR,0.353931277484333,Oligopotent,NMPR,Tumor_epithelial
BD_immune07_610640,tumor_NMPR,tumor_NMPR,0.556107753301617,Multipotent,NMPR,Tumor_epithelial
BD_immune07_745076,tumor_NMPR,tumor_NMPR,0.517857425089691,Multipotent,NMPR,Tumor_epithelial
BD_immune07_724806,tumor_NMPR,tumor_NMPR,0.435768000624762,Oligopotent,NMPR,Tumor_epithelial
BD_immune07_161519,tumor_NMPR,tumor_NMPR,0.533887637040699,Multipotent,NMPR,Tumor_epithelial
BD_immune07_551896,tumor_NMPR,tumor_NMPR,0.164526533620403,Differentiated,NMPR,Tumor_epithelial
BD_immune07_785771,tumor_NMPR,tumor_NMPR,0.282649813644028,Unipotent,NMPR,Tumor_epithelial
BD_immune07_460679,tumor_NMPR,tumor_NMPR,0.270198667378704,Unipotent,NMPR,Tumor_epithelial
BD_immune07_418516,tumor_NMPR,tumor_NMPR,0.187255700185724,Unipotent,NMPR,Tumor_epithelial
BD_immune07_186593,tumor_NMPR,tumor_NMPR,0.494740777263579,Oligopotent,NMPR,Tumor_epithelial
BD_immune07_74677,tumor_NMPR,tumor_NMPR,0.563009207727327,Multipotent,NMPR,Tumor_epithelial
BD_immune07_508050,tumor_NMPR,tumor_NMPR,0.250362621962664,Unipotent,NMPR,Tumor_epithelial
BD_immune07_715355,tumor_NMPR,tumor_NMPR,0.554873513891779,Multipotent,NMPR,Tumor_epithelial
BD_immune07_89813,tumor_NMPR,tumor_NMPR,0.274159447362259,Unipotent,NMPR,Tumor_epithelial
BD_immune07_292312,tumor_NMPR,tumor_NMPR,0.395527804687594,Oligopotent,NMPR,Tumor_epithelial
BD_immune07_74963,tumor_NMPR,tumor_NMPR,0.47036050837399,Oligopotent,NMPR,Tumor_epithelial
BD_immune07_485035,tumor_NMPR,tumor_NMPR,0.400932216475772,Oligopotent,NMPR,Tumor_epithelial
BD_immune07_335628,tumor_NMPR,tumor_NMPR,0.542264175482355,Multipotent,NMPR,Tumor_epithelial
BD_immune07_807215,tumor_NMPR,tumor_NMPR,0.473726317137441,Oligopotent,NMPR,Tumor_epithelial
BD_immune07_197614,tumor_NMPR,tumor_NMPR,0.399201069730716,Oligopotent,NMPR,Tumor_epithelial
BD_immune07_50291,tumor_NMPR,tumor_NMPR,0.368754732674723,Oligopotent,NMPR,Tumor_epithelial
BD_immune07_706120,tumor_NMPR,tumor_NMPR,0.495336053863658,Oligopotent,NMPR,Tumor_epithelial
BD_immune07_90923,tumor_NMPR,tumor_NMPR,0.425698393234859,Oligopotent,NMPR,Tumor_epithelial
BD_immune07_812464,tumor_NMPR,tumor_NMPR,0.430307012108387,Oligopotent,NMPR,Tumor_epithelial
BD_immune07_535671,tumor_NMPR,tumor_NMPR,0.26725999165046,Unipotent,NMPR,Tumor_epithelial
BD_immune07_566002,tumor_NMPR,tumor_NMPR,0.706128190708121,Pluripotent,NMPR,Tumor_epithelial
BD_immune07_723207,tumor_NMPR,tumor_NMPR,0.211030029394706,Unipotent,NMPR,Tumor_epithelial
BD_immune07_56616,tumor_NMPR,tumor_NMPR,0.294436684713014,Unipotent,NMPR,Tumor_epithelial
BD_immune07_630845,tumor_NMPR,tumor_NMPR,0.504593369264189,Multipotent,NMPR,Tumor_epithelial
BD_immune07_496292,tumor_NMPR,tumor_NMPR,0.514084232407688,Multipotent,NMPR,Tumor_epithelial
BD_immune07_348048,tumor_NMPR,tumor_NMPR,0.565859736095699,Multipotent,NMPR,Tumor_epithelial
BD_immune07_73849,tumor_NMPR,tumor_NMPR,0.283629811470717,Unipotent,NMPR,Tumor_epithelial
BD_immune07_768491,tumor_NMPR,tumor_NMPR,0.144360094057939,Differentiated,NMPR,Tumor_epithelial
BD_immune07_183804,tumor_NMPR,tumor_NMPR,0.574942870545502,Multipotent,NMPR,Tumor_epithelial
BD_immune07_837515,tumor_NMPR,tumor_NMPR,0.462408644485011,Oligopotent,NMPR,Tumor_epithelial
BD_immune07_422281,tumor_NMPR,tumor_NMPR,0.388271958788784,Oligopotent,NMPR,Tumor_epithelial
BD_immune07_869669,tumor_NMPR,tumor_NMPR,0.395950936965193,Oligopotent,NMPR,Tumor_epithelial
BD_immune07_392065,tumor_NMPR,tumor_NMPR,0.425731088966454,Oligopotent,NMPR,Tumor_epithelial
BD_immune07_157590,tumor_NMPR,tumor_NMPR,0.519162228532834,Multipotent,NMPR,Tumor_epithelial
BD_immune07_327083,tumor_NMPR,tumor_NMPR,0.618632036649125,Multipotent,NMPR,Tumor_epithelial
BD_immune07_754478,tumor_NMPR,tumor_NMPR,0.410696125499755,Oligopotent,NMPR,Tumor_epithelial
BD_immune07_678941,tumor_NMPR,tumor_NMPR,0.397694179053824,Oligopotent,NMPR,Tumor_epithelial
BD_immune07_488385,tumor_NMPR,tumor_NMPR,0.546577370281978,Multipotent,NMPR,Tumor_epithelial
BD_immune07_457063,tumor_NMPR,tumor_NMPR,0.584489897698857,Multipotent,NMPR,Tumor_epithelial
BD_immune07_95199,tumor_NMPR,tumor_NMPR,0.411742322609377,Oligopotent,NMPR,Tumor_epithelial
BD_immune07_667893,tumor_NMPR,tumor_NMPR,0.590802904897757,Multipotent,NMPR,Tumor_epithelial
BD_immune07_680065,tumor_NMPR,tumor_NMPR,0.48729817192229,Oligopotent,NMPR,Tumor_epithelial
BD_immune07_41471,tumor_NMPR,tumor_NMPR,0.271592547833196,Unipotent,NMPR,Tumor_epithelial
BD_immune07_694573,tumor_NMPR,tumor_NMPR,0.154732646130774,Differentiated,NMPR,Tumor_epithelial
BD_immune07_451359,tumor_NMPR,tumor_NMPR,0.406775393393445,Oligopotent,NMPR,Tumor_epithelial
BD_immune07_47614,tumor_NMPR,tumor_NMPR,0.552240435288728,Multipotent,NMPR,Tumor_epithelial
BD_immune07_740307,tumor_NMPR,tumor_NMPR,0.430438509085759,Oligopotent,NMPR,Tumor_epithelial
BD_immune07_323298,tumor_NMPR,tumor_NMPR,0.403960784538438,Oligopotent,NMPR,Tumor_epithelial
BD_immune07_463231,tumor_NMPR,tumor_NMPR,0.275393368531146,Unipotent,NMPR,Tumor_epithelial
BD_immune07_217232,normal_NMPR,normal_NMPR,0.135847031327583,Differentiated,NMPR,Tumor_epithelial_AT2
BD_immune07_440073,tumor_NMPR,tumor_NMPR,0.411651051961296,Oligopotent,NMPR,Tumor_epithelial
BD_immune07_844157,tumor_NMPR,tumor_NMPR,0.460360349875217,Oligopotent,NMPR,Tumor_epithelial
BD_immune07_747821,tumor_NMPR,tumor_NMPR,0.471895442863365,Oligopotent,NMPR,Tumor_epithelial
BD_immune07_669365,tumor_NMPR,tumor_NMPR,0.460472767056484,Oligopotent,NMPR,Tumor_epithelial
BD_immune07_105399,tumor_NMPR,tumor_NMPR,0.247438195529679,Unipotent,NMPR,Tumor_epithelial
BD_immune07_320447,tumor_NMPR,tumor_NMPR,0.475853365197369,Oligopotent,NMPR,Tumor_epithelial
BD_immune07_197905,tumor_NMPR,tumor_NMPR,0.585668040101137,Multipotent,NMPR,Tumor_epithelial
BD_immune07_270923,tumor_NMPR,tumor_NMPR,0.58592302797394,Multipotent,NMPR,Tumor_epithelial
BD_immune07_81813,tumor_NMPR,tumor_NMPR,0.25205364682074,Unipotent,NMPR,Tumor_epithelial
BD_immune07_395397,tumor_NMPR,tumor_NMPR,0.543241552131266,Multipotent,NMPR,Tumor_epithelial
BD_immune07_398479,tumor_NMPR,tumor_NMPR,0.439544407291357,Oligopotent,NMPR,Tumor_epithelial
BD_immune07_702923,tumor_NMPR,tumor_NMPR,0.375215955289357,Oligopotent,NMPR,Tumor_epithelial
BD_immune07_874239,tumor_NMPR,tumor_NMPR,0.562781794920584,Multipotent,NMPR,Tumor_epithelial
BD_immune07_428876,tumor_NMPR,tumor_NMPR,0.52260997187454,Multipotent,NMPR,Tumor_epithelial
BD_immune07_333639,tumor_NMPR,tumor_NMPR,0.443029147322881,Oligopotent,NMPR,Tumor_epithelial
BD_immune07_550150,tumor_NMPR,tumor_NMPR,0.512367200545121,Multipotent,NMPR,Tumor_epithelial
BD_immune07_719187,tumor_NMPR,tumor_NMPR,0.586335458591655,Multipotent,NMPR,Tumor_epithelial
BD_immune07_42448,tumor_NMPR,tumor_NMPR,0.358980235784246,Oligopotent,NMPR,Tumor_epithelial
BD_immune07_384923,tumor_NMPR,tumor_NMPR,0.403888377982015,Oligopotent,NMPR,Tumor_epithelial
BD_immune07_149253,tumor_NMPR,tumor_NMPR,0.604851213753857,Multipotent,NMPR,Tumor_epithelial
BD_immune07_67053,tumor_NMPR,tumor_NMPR,0.41302830977204,Oligopotent,NMPR,Tumor_epithelial
BD_immune07_743931,tumor_NMPR,tumor_NMPR,0.593252462156876,Multipotent,NMPR,Tumor_epithelial
BD_immune07_809455,tumor_NMPR,tumor_NMPR,0.408658090627954,Oligopotent,NMPR,Tumor_epithelial
BD_immune07_706802,tumor_NMPR,tumor_NMPR,0.429410149777563,Oligopotent,NMPR,Tumor_epithelial
BD_immune07_254583,tumor_NMPR,tumor_NMPR,0.595111805192036,Multipotent,NMPR,Tumor_epithelial
BD_immune07_148978,tumor_NMPR,tumor_NMPR,0.476778033525816,Oligopotent,NMPR,Tumor_epithelial
BD_immune07_690946,tumor_NMPR,tumor_NMPR,0.580333668705638,Multipotent,NMPR,Tumor_epithelial
BD_immune07_249481,tumor_NMPR,tumor_NMPR,0.407369318702643,Oligopotent,NMPR,Tumor_epithelial
BD_immune07_120899,normal_NMPR,normal_NMPR,0.132874244055963,Differentiated,NMPR,Tumor_epithelial_AT2
BD_immune07_165379,tumor_NMPR,tumor_NMPR,0.244934960850987,Unipotent,NMPR,Tumor_epithelial
BD_immune07_642240,tumor_NMPR,tumor_NMPR,0.450729897969911,Oligopotent,NMPR,Tumor_epithelial
BD_immune07_13319,tumor_NMPR,tumor_NMPR,0.615462787850936,Multipotent,NMPR,Tumor_epithelial
BD_immune07_734416,tumor_NMPR,tumor_NMPR,0.519275871981947,Multipotent,NMPR,Tumor_epithelial
BD_immune07_315025,tumor_NMPR,tumor_NMPR,0.472963348335672,Oligopotent,NMPR,Tumor_epithelial
BD_immune07_294960,tumor_NMPR,tumor_NMPR,0.49464440598791,Oligopotent,NMPR,Tumor_epithelial
BD_immune07_587054,tumor_NMPR,tumor_NMPR,0.397212681696994,Oligopotent,NMPR,Tumor_epithelial
BD_immune07_394973,tumor_NMPR,tumor_NMPR,0.629593843060228,Multipotent,NMPR,Tumor_epithelial
BD_immune07_593877,tumor_NMPR,tumor_NMPR,0.206327391195614,Unipotent,NMPR,Tumor_epithelial
BD_immune07_339948,tumor_NMPR,tumor_NMPR,0.540185428582213,Multipotent,NMPR,Tumor_epithelial
BD_immune07_646231,tumor_NMPR,tumor_NMPR,0.454195944402114,Oligopotent,NMPR,Tumor_epithelial
BD_immune07_558628,tumor_NMPR,tumor_NMPR,0.248208293052988,Unipotent,NMPR,Tumor_epithelial
BD_immune07_22986,tumor_NMPR,tumor_NMPR,0.500637799968925,Multipotent,NMPR,Tumor_epithelial
BD_immune07_790704,tumor_NMPR,tumor_NMPR,0.300385801196262,Unipotent,NMPR,Tumor_epithelial
BD_immune07_458458,tumor_NMPR,tumor_NMPR,0.387245695495577,Oligopotent,NMPR,Tumor_epithelial
BD_immune07_300794,tumor_NMPR,tumor_NMPR,0.152256648844451,Differentiated,NMPR,Tumor_epithelial
BD_immune07_666065,tumor_NMPR,tumor_NMPR,0.408157334749535,Oligopotent,NMPR,Tumor_epithelial
BD_immune07_423260,tumor_NMPR,tumor_NMPR,0.535486325101048,Multipotent,NMPR,Tumor_epithelial
BD_immune07_775394,tumor_NMPR,tumor_NMPR,0.398316558415389,Oligopotent,NMPR,Tumor_epithelial
BD_immune07_205942,tumor_NMPR,tumor_NMPR,0.587332400679512,Multipotent,NMPR,Tumor_epithelial
BD_immune07_775654,tumor_NMPR,tumor_NMPR,0.495630322225639,Oligopotent,NMPR,Tumor_epithelial
BD_immune07_803326,tumor_NMPR,tumor_NMPR,0.268608610542871,Unipotent,NMPR,Tumor_epithelial
BD_immune07_351535,tumor_NMPR,tumor_NMPR,0.219903014944471,Unipotent,NMPR,Tumor_epithelial
BD_immune07_323303,tumor_NMPR,tumor_NMPR,0.554806397191628,Multipotent,NMPR,Tumor_epithelial
BD_immune07_317647,tumor_NMPR,tumor_NMPR,0.556117782012586,Multipotent,NMPR,Tumor_epithelial
BD_immune07_616181,tumor_NMPR,tumor_NMPR,0.429896704018789,Oligopotent,NMPR,Tumor_epithelial
BD_immune07_249787,tumor_NMPR,tumor_NMPR,0.466861394661453,Oligopotent,NMPR,Tumor_epithelial
BD_immune07_448402,tumor_NMPR,tumor_NMPR,0.599246586616002,Multipotent,NMPR,Tumor_epithelial
BD_immune07_671689,tumor_NMPR,tumor_NMPR,0.406415428121012,Oligopotent,NMPR,Tumor_epithelial
BD_immune07_636852,tumor_NMPR,tumor_NMPR,0.262471399855516,Unipotent,NMPR,Tumor_epithelial
BD_immune07_633077,tumor_NMPR,tumor_NMPR,0.392827970032051,Oligopotent,NMPR,Tumor_epithelial
BD_immune07_414508,tumor_NMPR,tumor_NMPR,0.519587581947655,Multipotent,NMPR,Tumor_epithelial
BD_immune07_488535,tumor_NMPR,tumor_NMPR,0.467890426005976,Oligopotent,NMPR,Tumor_epithelial
BD_immune07_802725,tumor_NMPR,tumor_NMPR,0.464069627713346,Oligopotent,NMPR,Tumor_epithelial
BD_immune07_84065,tumor_NMPR,tumor_NMPR,0.189257935184566,Unipotent,NMPR,Tumor_epithelial
BD_immune07_776239,tumor_NMPR,tumor_NMPR,0.40465614443685,Oligopotent,NMPR,Tumor_epithelial
BD_immune07_628616,tumor_NMPR,tumor_NMPR,0.596048503304619,Multipotent,NMPR,Tumor_epithelial
BD_immune07_540447,tumor_NMPR,tumor_NMPR,0.591260806067879,Multipotent,NMPR,Tumor_epithelial
BD_immune07_681528,tumor_NMPR,tumor_NMPR,0.486970659355095,Oligopotent,NMPR,Tumor_epithelial
BD_immune07_713276,normal_NMPR,normal_NMPR,0.119451040356767,Differentiated,NMPR,Tumor_epithelial_AT2
BD_immune07_13470,tumor_NMPR,tumor_NMPR,0.380537162075674,Oligopotent,NMPR,Tumor_epithelial
BD_immune07_292166,tumor_NMPR,tumor_NMPR,0.488092581972197,Oligopotent,NMPR,Tumor_epithelial
BD_immune07_135783,tumor_NMPR,tumor_NMPR,0.401472948348285,Oligopotent,NMPR,Tumor_epithelial
BD_immune07_698618,tumor_NMPR,tumor_NMPR,0.219886625840555,Unipotent,NMPR,Tumor_epithelial
BD_immune07_414648,tumor_NMPR,tumor_NMPR,0.573075922854292,Multipotent,NMPR,Tumor_epithelial
BD_immune07_183651,tumor_NMPR,tumor_NMPR,0.533891501650504,Multipotent,NMPR,Tumor_epithelial
BD_immune07_871271,tumor_NMPR,tumor_NMPR,0.524321754164797,Multipotent,NMPR,Tumor_epithelial
BD_immune07_714267,tumor_NMPR,tumor_NMPR,0.508902877641872,Multipotent,NMPR,Tumor_epithelial
BD_immune07_36029,tumor_NMPR,tumor_NMPR,0.581922837560923,Multipotent,NMPR,Tumor_epithelial
BD_immune07_813992,tumor_NMPR,tumor_NMPR,0.421392364914335,Oligopotent,NMPR,Tumor_epithelial
BD_immune07_86755,tumor_NMPR,tumor_NMPR,0.43016470941822,Oligopotent,NMPR,Tumor_epithelial
BD_immune07_866330,tumor_NMPR,tumor_NMPR,0.552195837332742,Multipotent,NMPR,Tumor_epithelial
BD_immune07_413980,tumor_NMPR,tumor_NMPR,0.218063246063925,Unipotent,NMPR,Tumor_epithelial
BD_immune07_674701,tumor_NMPR,tumor_NMPR,0.435418909599286,Oligopotent,NMPR,Tumor_epithelial
BD_immune07_515029,tumor_NMPR,tumor_NMPR,0.534532260343744,Multipotent,NMPR,Tumor_epithelial
BD_immune07_331763,tumor_NMPR,tumor_NMPR,0.475795226632145,Oligopotent,NMPR,Tumor_epithelial
BD_immune07_766735,tumor_NMPR,tumor_NMPR,0.473141016562127,Oligopotent,NMPR,Tumor_epithelial
BD_immune07_336229,tumor_NMPR,tumor_NMPR,0.406427790843301,Oligopotent,NMPR,Tumor_epithelial
BD_immune07_152443,tumor_NMPR,tumor_NMPR,0.649258809035588,Multipotent,NMPR,Tumor_epithelial
BD_immune07_188038,normal_NMPR,normal_NMPR,0.102027244361059,Differentiated,NMPR,Tumor_epithelial_AT2
BD_immune07_867083,tumor_NMPR,tumor_NMPR,0.536201251627265,Multipotent,NMPR,Tumor_epithelial
BD_immune07_66675,tumor_NMPR,tumor_NMPR,0.423517739444615,Oligopotent,NMPR,Tumor_epithelial
BD_immune07_334490,tumor_NMPR,tumor_NMPR,0.442238911542956,Oligopotent,NMPR,Tumor_epithelial
BD_immune07_670636,tumor_NMPR,tumor_NMPR,0.558022555603329,Multipotent,NMPR,Tumor_epithelial
BD_immune07_359837,tumor_NMPR,tumor_NMPR,0.453778126518621,Oligopotent,NMPR,Tumor_epithelial
BD_immune07_721215,tumor_NMPR,tumor_NMPR,0.524756148191169,Multipotent,NMPR,Tumor_epithelial
BD_immune07_525392,tumor_NMPR,tumor_NMPR,0.46190268778793,Oligopotent,NMPR,Tumor_epithelial
BD_immune07_458776,tumor_NMPR,tumor_NMPR,0.372751109090223,Oligopotent,NMPR,Tumor_epithelial
BD_immune07_712822,tumor_NMPR,tumor_NMPR,0.411211386292977,Oligopotent,NMPR,Tumor_epithelial
BD_immune07_627609,tumor_NMPR,tumor_NMPR,0.421510563311273,Oligopotent,NMPR,Tumor_epithelial
BD_immune07_661410,tumor_NMPR,tumor_NMPR,0.417438008296061,Oligopotent,NMPR,Tumor_epithelial
BD_immune07_325662,tumor_NMPR,tumor_NMPR,0.457531837610847,Oligopotent,NMPR,Tumor_epithelial
BD_immune07_481743,tumor_NMPR,tumor_NMPR,0.467488669185121,Oligopotent,NMPR,Tumor_epithelial
BD_immune07_552032,tumor_NMPR,tumor_NMPR,0.399715482145297,Oligopotent,NMPR,Tumor_epithelial
BD_immune07_689123,tumor_NMPR,tumor_NMPR,0.511740350317036,Multipotent,NMPR,Tumor_epithelial
BD_immune07_530747,tumor_NMPR,tumor_NMPR,0.363406447225393,Oligopotent,NMPR,Tumor_epithelial
BD_immune07_239752,tumor_NMPR,tumor_NMPR,0.3694198763774,Oligopotent,NMPR,Tumor_epithelial
BD_immune07_641270,tumor_NMPR,tumor_NMPR,0.526420888131449,Multipotent,NMPR,Tumor_epithelial
BD_immune07_224222,normal_NMPR,normal_NMPR,0.18861454643663,Unipotent,NMPR,Tumor_epithelial_AT2
BD_immune07_255505,tumor_NMPR,tumor_NMPR,0.394736100197764,Oligopotent,NMPR,Tumor_epithelial
BD_immune07_595569,tumor_NMPR,tumor_NMPR,0.596139844080233,Multipotent,NMPR,Tumor_epithelial
BD_immune07_94508,tumor_NMPR,tumor_NMPR,0.353954755724103,Oligopotent,NMPR,Tumor_epithelial
BD_immune07_341000,tumor_NMPR,tumor_NMPR,0.56927014392206,Multipotent,NMPR,Tumor_epithelial
BD_immune07_714014,tumor_NMPR,tumor_NMPR,0.374563292699828,Oligopotent,NMPR,Tumor_epithelial
BD_immune07_542959,tumor_NMPR,tumor_NMPR,0.420637560664839,Oligopotent,NMPR,Tumor_epithelial
BD_immune07_461941,tumor_NMPR,tumor_NMPR,0.591997414605593,Multipotent,NMPR,Tumor_epithelial
BD_immune07_726578,tumor_NMPR,tumor_NMPR,0.365028525704464,Oligopotent,NMPR,Tumor_epithelial
BD_immune07_534266,tumor_NMPR,tumor_NMPR,0.515694860977811,Multipotent,NMPR,Tumor_epithelial
BD_immune07_27563,tumor_NMPR,tumor_NMPR,0.609669721324401,Multipotent,NMPR,Tumor_epithelial
BD_immune07_799532,tumor_NMPR,tumor_NMPR,0.287817491896285,Unipotent,NMPR,Tumor_epithelial
BD_immune07_91084,tumor_NMPR,tumor_NMPR,0.465585483370792,Oligopotent,NMPR,Tumor_epithelial
BD_immune07_38392,normal_NMPR,normal_NMPR,0.102963399502275,Differentiated,NMPR,Tumor_epithelial_AT2
BD_immune07_784235,tumor_NMPR,tumor_NMPR,0.552407313020351,Multipotent,NMPR,Tumor_epithelial
BD_immune07_735424,tumor_NMPR,tumor_NMPR,0.555017710294826,Multipotent,NMPR,Tumor_epithelial
BD_immune07_309346,tumor_NMPR,tumor_NMPR,0.231310084762219,Unipotent,NMPR,Tumor_epithelial
BD_immune07_191147,tumor_NMPR,tumor_NMPR,0.442901824808798,Oligopotent,NMPR,Tumor_epithelial
BD_immune07_817778,tumor_NMPR,tumor_NMPR,0.388556646820162,Oligopotent,NMPR,Tumor_epithelial
BD_immune07_719375,tumor_NMPR,tumor_NMPR,0.467136263218166,Oligopotent,NMPR,Tumor_epithelial
BD_immune07_41207,tumor_NMPR,tumor_NMPR,0.30299579658905,Unipotent,NMPR,Tumor_epithelial
BD_immune07_270781,tumor_NMPR,tumor_NMPR,0.571554301684681,Multipotent,NMPR,Tumor_epithelial
BD_immune07_467895,tumor_NMPR,tumor_NMPR,0.542146293441612,Multipotent,NMPR,Tumor_epithelial
BD_immune07_377084,tumor_NMPR,tumor_NMPR,0.588961240229791,Multipotent,NMPR,Tumor_epithelial
BD_immune07_213087,tumor_NMPR,tumor_NMPR,0.54267725469559,Multipotent,NMPR,Tumor_epithelial
BD_immune07_302198,tumor_NMPR,tumor_NMPR,0.571702306718123,Multipotent,NMPR,Tumor_epithelial
BD_immune07_744122,tumor_NMPR,tumor_NMPR,0.498207734179612,Oligopotent,NMPR,Tumor_epithelial
BD_immune07_620426,tumor_NMPR,tumor_NMPR,0.389369046592747,Oligopotent,NMPR,Tumor_epithelial
BD_immune07_631871,tumor_NMPR,tumor_NMPR,0.539032354299242,Multipotent,NMPR,Tumor_epithelial
BD_immune07_583440,tumor_NMPR,tumor_NMPR,0.397119531600547,Oligopotent,NMPR,Tumor_epithelial
BD_immune07_800645,tumor_NMPR,tumor_NMPR,0.37817097639135,Oligopotent,NMPR,Tumor_epithelial
BD_immune07_598337,tumor_NMPR,tumor_NMPR,0.371216570480135,Oligopotent,NMPR,Tumor_epithelial
BD_immune07_212190,tumor_NMPR,tumor_NMPR,0.215863192489013,Unipotent,NMPR,Tumor_epithelial
BD_immune07_234046,tumor_NMPR,tumor_NMPR,0.286250210611798,Unipotent,NMPR,Tumor_epithelial
BD_immune07_158351,tumor_NMPR,tumor_NMPR,0.364071622274728,Oligopotent,NMPR,Tumor_epithelial
BD_immune07_844835,tumor_NMPR,tumor_NMPR,0.570249016120002,Multipotent,NMPR,Tumor_epithelial
BD_immune07_554341,tumor_NMPR,tumor_NMPR,0.542010443230515,Multipotent,NMPR,Tumor_epithelial
BD_immune07_307354,tumor_NMPR,tumor_NMPR,0.558560054490511,Multipotent,NMPR,Tumor_epithelial
BD_immune07_471695,tumor_NMPR,tumor_NMPR,0.558761331588662,Multipotent,NMPR,Tumor_epithelial
BD_immune07_392667,tumor_NMPR,tumor_NMPR,0.52720343814804,Multipotent,NMPR,Tumor_epithelial
BD_immune07_524777,tumor_NMPR,tumor_NMPR,0.524122446355467,Multipotent,NMPR,Tumor_epithelial
BD_immune07_662252,tumor_NMPR,tumor_NMPR,0.518482891873568,Multipotent,NMPR,Tumor_epithelial
BD_immune07_518054,tumor_NMPR,tumor_NMPR,0.45465383712241,Oligopotent,NMPR,Tumor_epithelial
BD_immune07_363461,tumor_NMPR,tumor_NMPR,0.550789649010329,Multipotent,NMPR,Tumor_epithelial
BD_immune07_745176,tumor_NMPR,tumor_NMPR,0.5798941837575,Multipotent,NMPR,Tumor_epithelial
BD_immune07_275489,tumor_NMPR,tumor_NMPR,0.41472254951679,Oligopotent,NMPR,Tumor_epithelial
BD_immune07_785493,tumor_NMPR,tumor_NMPR,0.398536007471783,Oligopotent,NMPR,Tumor_epithelial
BD_immune07_415344,tumor_NMPR,tumor_NMPR,0.556746528955237,Multipotent,NMPR,Tumor_epithelial
BD_immune07_873412,tumor_NMPR,tumor_NMPR,0.540940785917617,Multipotent,NMPR,Tumor_epithelial
BD_immune07_313073,tumor_NMPR,tumor_NMPR,0.4417311774189,Oligopotent,NMPR,Tumor_epithelial
BD_immune07_818342,tumor_NMPR,tumor_NMPR,0.489869337928791,Oligopotent,NMPR,Tumor_epithelial
BD_immune07_22632,tumor_NMPR,tumor_NMPR,0.510919587446085,Multipotent,NMPR,Tumor_epithelial
BD_immune07_632878,tumor_NMPR,tumor_NMPR,0.374603582036386,Oligopotent,NMPR,Tumor_epithelial
BD_immune07_304228,tumor_NMPR,tumor_NMPR,0.530027990073587,Multipotent,NMPR,Tumor_epithelial
BD_immune07_826458,tumor_NMPR,tumor_NMPR,0.432110104729336,Oligopotent,NMPR,Tumor_epithelial
BD_immune07_58873,tumor_NMPR,tumor_NMPR,0.434609880912567,Oligopotent,NMPR,Tumor_epithelial
BD_immune07_480241,tumor_NMPR,tumor_NMPR,0.439937812162785,Oligopotent,NMPR,Tumor_epithelial
BD_immune07_198528,tumor_NMPR,tumor_NMPR,0.362105805303229,Oligopotent,NMPR,Tumor_epithelial
BD_immune07_847982,tumor_NMPR,tumor_NMPR,0.578481665788484,Multipotent,NMPR,Tumor_epithelial
BD_immune07_148915,tumor_NMPR,tumor_NMPR,0.520373484475833,Multipotent,NMPR,Tumor_epithelial
BD_immune07_289966,tumor_NMPR,tumor_NMPR,0.562549667254144,Multipotent,NMPR,Tumor_epithelial
BD_immune07_112327,tumor_NMPR,tumor_NMPR,0.385416513823854,Oligopotent,NMPR,Tumor_epithelial
BD_immune07_303195,tumor_NMPR,tumor_NMPR,0.283383476738273,Unipotent,NMPR,Tumor_epithelial
BD_immune07_725846,tumor_NMPR,tumor_NMPR,0.604749338739499,Multipotent,NMPR,Tumor_epithelial
BD_immune07_595162,tumor_NMPR,tumor_NMPR,0.417473975621046,Oligopotent,NMPR,Tumor_epithelial
BD_immune07_205352,tumor_NMPR,tumor_NMPR,0.445075324562882,Oligopotent,NMPR,Tumor_epithelial
BD_immune07_640366,tumor_NMPR,tumor_NMPR,0.443246340459236,Oligopotent,NMPR,Tumor_epithelial
BD_immune07_369780,tumor_NMPR,tumor_NMPR,0.541276712498575,Multipotent,NMPR,Tumor_epithelial
BD_immune07_873834,tumor_NMPR,tumor_NMPR,0.342402620201754,Oligopotent,NMPR,Tumor_epithelial
BD_immune07_555629,tumor_NMPR,tumor_NMPR,0.54225935631231,Multipotent,NMPR,Tumor_epithelial
BD_immune07_150553,tumor_NMPR,tumor_NMPR,0.450850442499548,Oligopotent,NMPR,Tumor_epithelial
BD_immune07_633818,tumor_NMPR,tumor_NMPR,0.461126198027354,Oligopotent,NMPR,Tumor_epithelial
BD_immune07_844750,normal_NMPR,normal_NMPR,0.208967651934441,Unipotent,NMPR,Tumor_epithelial_AT2
BD_immune07_66781,tumor_NMPR,tumor_NMPR,0.147529464481856,Differentiated,NMPR,Tumor_epithelial
BD_immune07_74265,tumor_NMPR,tumor_NMPR,0.586978493837064,Multipotent,NMPR,Tumor_epithelial
BD_immune07_804623,tumor_NMPR,tumor_NMPR,0.522783385187972,Multipotent,NMPR,Tumor_epithelial
BD_immune07_664315,tumor_NMPR,tumor_NMPR,0.339942187276745,Oligopotent,NMPR,Tumor_epithelial
BD_immune07_380032,tumor_NMPR,tumor_NMPR,0.529593345391503,Multipotent,NMPR,Tumor_epithelial
BD_immune07_324162,tumor_NMPR,tumor_NMPR,0.354575222425432,Oligopotent,NMPR,Tumor_epithelial
BD_immune07_645262,tumor_NMPR,tumor_NMPR,0.415454603197898,Oligopotent,NMPR,Tumor_epithelial
BD_immune07_553432,tumor_NMPR,tumor_NMPR,0.437050546498666,Oligopotent,NMPR,Tumor_epithelial
BD_immune07_536585,tumor_NMPR,tumor_NMPR,0.543568350832901,Multipotent,NMPR,Tumor_epithelial
BD_immune07_87050,tumor_NMPR,tumor_NMPR,0.509442895360399,Multipotent,NMPR,Tumor_epithelial
BD_immune07_338974,tumor_NMPR,tumor_NMPR,0.579095795127411,Multipotent,NMPR,Tumor_epithelial
BD_immune07_104468,tumor_NMPR,tumor_NMPR,0.15963376061514,Differentiated,NMPR,Tumor_epithelial
BD_immune07_332169,tumor_NMPR,tumor_NMPR,0.537615639299334,Multipotent,NMPR,Tumor_epithelial
BD_immune07_159923,tumor_NMPR,tumor_NMPR,0.372374306128329,Oligopotent,NMPR,Tumor_epithelial
BD_immune07_487494,tumor_NMPR,tumor_NMPR,0.55875878939263,Multipotent,NMPR,Tumor_epithelial
BD_immune07_121901,tumor_NMPR,tumor_NMPR,0.398459859567766,Oligopotent,NMPR,Tumor_epithelial
BD_immune07_753412,tumor_NMPR,tumor_NMPR,0.495989784378934,Oligopotent,NMPR,Tumor_epithelial
BD_immune07_166451,tumor_NMPR,tumor_NMPR,0.274299758818583,Unipotent,NMPR,Tumor_epithelial
BD_immune07_638517,tumor_NMPR,tumor_NMPR,0.423493817462892,Oligopotent,NMPR,Tumor_epithelial
BD_immune07_797680,tumor_NMPR,tumor_NMPR,0.422264666503557,Oligopotent,NMPR,Tumor_epithelial
BD_immune07_674002,tumor_NMPR,tumor_NMPR,0.556991899793551,Multipotent,NMPR,Tumor_epithelial
BD_immune07_244497,tumor_NMPR,tumor_NMPR,0.44352786263686,Oligopotent,NMPR,Tumor_epithelial
BD_immune07_49370,normal_NMPR,normal_NMPR,0.276593260993039,Unipotent,NMPR,Tumor_epithelial_AT2
BD_immune07_521201,tumor_NMPR,tumor_NMPR,0.430342671161616,Oligopotent,NMPR,Tumor_epithelial
BD_immune07_698410,tumor_NMPR,tumor_NMPR,0.559742714972256,Multipotent,NMPR,Tumor_epithelial
BD_immune07_376320,tumor_NMPR,tumor_NMPR,0.475463963752205,Oligopotent,NMPR,Tumor_epithelial
BD_immune07_183903,tumor_NMPR,tumor_NMPR,0.401913264483724,Oligopotent,NMPR,Tumor_epithelial
BD_immune07_100930,tumor_NMPR,tumor_NMPR,0.355321478852247,Oligopotent,NMPR,Tumor_epithelial
BD_immune07_870110,tumor_NMPR,tumor_NMPR,0.405941061350494,Oligopotent,NMPR,Tumor_epithelial
BD_immune07_242288,tumor_NMPR,tumor_NMPR,0.535413071607909,Multipotent,NMPR,Tumor_epithelial
BD_immune07_355490,tumor_NMPR,tumor_NMPR,0.262752362520087,Unipotent,NMPR,Tumor_epithelial
BD_immune07_314780,tumor_NMPR,tumor_NMPR,0.533860568807648,Multipotent,NMPR,Tumor_epithelial
BD_immune07_321740,tumor_NMPR,tumor_NMPR,0.396207861033328,Oligopotent,NMPR,Tumor_epithelial
BD_immune07_346884,tumor_NMPR,tumor_NMPR,0.552223292332687,Multipotent,NMPR,Tumor_epithelial
BD_immune07_476376,tumor_NMPR,tumor_NMPR,0.529482221070753,Multipotent,NMPR,Tumor_epithelial
BD_immune07_874983,normal_NMPR,normal_NMPR,0.277524545145244,Unipotent,NMPR,Tumor_epithelial_AT2
BD_immune07_855718,normal_NMPR,normal_NMPR,0.124934149835142,Differentiated,NMPR,Tumor_epithelial_AT2
BD_immune07_384313,tumor_NMPR,tumor_NMPR,0.406610975555038,Oligopotent,NMPR,Tumor_epithelial
BD_immune07_417724,tumor_NMPR,tumor_NMPR,0.507840591509263,Multipotent,NMPR,Tumor_epithelial
BD_immune07_30590,tumor_NMPR,tumor_NMPR,0.585428414773763,Multipotent,NMPR,Tumor_epithelial
BD_immune07_648395,tumor_NMPR,tumor_NMPR,0.545792993907092,Multipotent,NMPR,Tumor_epithelial
BD_immune07_467777,tumor_NMPR,tumor_NMPR,0.42445666476718,Oligopotent,NMPR,Tumor_epithelial
BD_immune07_419891,tumor_NMPR,tumor_NMPR,0.443933252145985,Oligopotent,NMPR,Tumor_epithelial
BD_immune07_684120,tumor_NMPR,tumor_NMPR,0.52588969327584,Multipotent,NMPR,Tumor_epithelial
BD_immune07_69501,tumor_NMPR,tumor_NMPR,0.235777763587108,Unipotent,NMPR,Tumor_epithelial
BD_immune07_851298,tumor_NMPR,tumor_NMPR,0.476430770653612,Oligopotent,NMPR,Tumor_epithelial
BD_immune07_65416,tumor_NMPR,tumor_NMPR,0.392991840991452,Oligopotent,NMPR,Tumor_epithelial
BD_immune07_429871,tumor_NMPR,tumor_NMPR,0.566324253085757,Multipotent,NMPR,Tumor_epithelial
BD_immune07_313309,tumor_NMPR,tumor_NMPR,0.598640475507477,Multipotent,NMPR,Tumor_epithelial
BD_immune07_619721,tumor_NMPR,tumor_NMPR,0.408232704327512,Oligopotent,NMPR,Tumor_epithelial
BD_immune07_781095,tumor_NMPR,tumor_NMPR,0.526287634452277,Multipotent,NMPR,Tumor_epithelial
BD_immune07_103669,tumor_NMPR,tumor_NMPR,0.579759323905094,Multipotent,NMPR,Tumor_epithelial
BD_immune07_97414,tumor_NMPR,tumor_NMPR,0.550469838967703,Multipotent,NMPR,Tumor_epithelial
BD_immune07_753792,tumor_NMPR,tumor_NMPR,0.557135782852751,Multipotent,NMPR,Tumor_epithelial
BD_immune07_19910,tumor_NMPR,tumor_NMPR,0.414263554798248,Oligopotent,NMPR,Tumor_epithelial
BD_immune07_38708,tumor_NMPR,tumor_NMPR,0.47102426876804,Oligopotent,NMPR,Tumor_epithelial
BD_immune07_670922,tumor_NMPR,tumor_NMPR,0.415002638615368,Oligopotent,NMPR,Tumor_epithelial
BD_immune07_154632,tumor_NMPR,tumor_NMPR,0.534404075162456,Multipotent,NMPR,Tumor_epithelial
BD_immune07_788027,tumor_NMPR,tumor_NMPR,0.576560311206274,Multipotent,NMPR,Tumor_epithelial
BD_immune07_865894,tumor_NMPR,tumor_NMPR,0.469058707942037,Oligopotent,NMPR,Tumor_epithelial
BD_immune07_144933,tumor_NMPR,tumor_NMPR,0.487175996949537,Oligopotent,NMPR,Tumor_epithelial
BD_immune07_740431,tumor_NMPR,tumor_NMPR,0.439350610894061,Oligopotent,NMPR,Tumor_epithelial
BD_immune07_181022,tumor_NMPR,tumor_NMPR,0.410810360603864,Oligopotent,NMPR,Tumor_epithelial
BD_immune07_644674,tumor_NMPR,tumor_NMPR,0.536539518542558,Multipotent,NMPR,Tumor_epithelial
BD_immune07_280519,tumor_NMPR,tumor_NMPR,0.568648411723483,Multipotent,NMPR,Tumor_epithelial
BD_immune07_356711,tumor_NMPR,tumor_NMPR,0.47305640761063,Oligopotent,NMPR,Tumor_epithelial
BD_immune07_266137,tumor_NMPR,tumor_NMPR,0.439798232072086,Oligopotent,NMPR,Tumor_epithelial
BD_immune07_668852,tumor_NMPR,tumor_NMPR,0.383280626725295,Oligopotent,NMPR,Tumor_epithelial
BD_immune07_324655,tumor_NMPR,tumor_NMPR,0.414663508712466,Oligopotent,NMPR,Tumor_epithelial
BD_immune07_285183,tumor_NMPR,tumor_NMPR,0.285529065041963,Unipotent,NMPR,Tumor_epithelial
BD_immune07_179817,tumor_NMPR,tumor_NMPR,0.44639886507386,Oligopotent,NMPR,Tumor_epithelial
BD_immune07_341463,tumor_NMPR,tumor_NMPR,0.400342690483712,Oligopotent,NMPR,Tumor_epithelial
BD_immune07_626005,tumor_NMPR,tumor_NMPR,0.52269611035752,Multipotent,NMPR,Tumor_epithelial
BD_immune07_579458,tumor_NMPR,tumor_NMPR,0.23972470726499,Unipotent,NMPR,Tumor_epithelial
BD_immune07_229416,tumor_NMPR,tumor_NMPR,0.19122670101231,Unipotent,NMPR,Tumor_epithelial
BD_immune07_597300,tumor_NMPR,tumor_NMPR,0.495459640914512,Oligopotent,NMPR,Tumor_epithelial
BD_immune07_224940,tumor_NMPR,tumor_NMPR,0.463962774888483,Oligopotent,NMPR,Tumor_epithelial
BD_immune07_351840,tumor_NMPR,tumor_NMPR,0.235779823999775,Unipotent,NMPR,Tumor_epithelial
BD_immune07_126441,tumor_NMPR,tumor_NMPR,0.457857024472491,Oligopotent,NMPR,Tumor_epithelial
BD_immune07_469122,tumor_NMPR,tumor_NMPR,0.214766555264085,Unipotent,NMPR,Tumor_epithelial
BD_immune07_851329,tumor_NMPR,tumor_NMPR,0.254476818498422,Unipotent,NMPR,Tumor_epithelial
BD_immune07_221272,tumor_NMPR,tumor_NMPR,0.544186263382335,Multipotent,NMPR,Tumor_epithelial
BD_immune07_371721,tumor_NMPR,tumor_NMPR,0.152017854527432,Differentiated,NMPR,Tumor_epithelial
BD_immune07_643383,tumor_NMPR,tumor_NMPR,0.416210630092817,Oligopotent,NMPR,Tumor_epithelial
BD_immune07_764272,tumor_NMPR,tumor_NMPR,0.582168715797627,Multipotent,NMPR,Tumor_epithelial
BD_immune07_81521,tumor_NMPR,tumor_NMPR,0.54421336470927,Multipotent,NMPR,Tumor_epithelial
BD_immune07_70374,normal_NMPR,normal_NMPR,0.0555312158981049,Differentiated,NMPR,Tumor_epithelial_AT2
BD_immune07_69552,tumor_NMPR,tumor_NMPR,0.381538244337559,Oligopotent,NMPR,Tumor_epithelial
BD_immune07_857268,tumor_NMPR,tumor_NMPR,0.180251145010523,Unipotent,NMPR,Tumor_epithelial
BD_immune07_303204,tumor_NMPR,tumor_NMPR,0.43205979199808,Oligopotent,NMPR,Tumor_epithelial
BD_immune07_281430,tumor_NMPR,tumor_NMPR,0.155695146415327,Differentiated,NMPR,Tumor_epithelial
BD_immune07_761518,tumor_NMPR,tumor_NMPR,0.527833487873415,Multipotent,NMPR,Tumor_epithelial
BD_immune07_304203,tumor_NMPR,tumor_NMPR,0.316044718193393,Unipotent,NMPR,Tumor_epithelial
BD_immune07_884115,tumor_NMPR,tumor_NMPR,0.14945118513976,Differentiated,NMPR,Tumor_epithelial
BD_immune07_793049,tumor_NMPR,tumor_NMPR,0.562541330994653,Multipotent,NMPR,Tumor_epithelial
BD_immune07_835579,tumor_NMPR,tumor_NMPR,0.564092996947003,Multipotent,NMPR,Tumor_epithelial
BD_immune07_424959,normal_NMPR,normal_NMPR,0.280679129298605,Unipotent,NMPR,Tumor_epithelial_AT2
BD_immune07_405469,tumor_NMPR,tumor_NMPR,0.357577821449878,Oligopotent,NMPR,Tumor_epithelial
BD_immune07_18396,tumor_NMPR,tumor_NMPR,0.590953573620784,Multipotent,NMPR,Tumor_epithelial
BD_immune07_109021,tumor_NMPR,tumor_NMPR,0.504727813464577,Multipotent,NMPR,Tumor_epithelial
BD_immune07_58169,tumor_NMPR,tumor_NMPR,0.443795346348728,Oligopotent,NMPR,Tumor_epithelial
BD_immune07_125714,normal_NMPR,normal_NMPR,0.282407952107302,Unipotent,NMPR,Tumor_epithelial_AT2
BD_immune07_91235,normal_NMPR,normal_NMPR,0.139879993712886,Differentiated,NMPR,Tumor_epithelial_AT2
BD_immune07_239293,tumor_NMPR,tumor_NMPR,0.44603113327848,Oligopotent,NMPR,Tumor_epithelial
BD_immune07_841297,tumor_NMPR,tumor_NMPR,0.529227318945449,Multipotent,NMPR,Tumor_epithelial
BD_immune07_655533,tumor_NMPR,tumor_NMPR,0.562678008176931,Multipotent,NMPR,Tumor_epithelial
BD_immune07_766828,tumor_NMPR,tumor_NMPR,0.539973156923682,Multipotent,NMPR,Tumor_epithelial
BD_immune07_279570,tumor_NMPR,tumor_NMPR,0.579685261044609,Multipotent,NMPR,Tumor_epithelial
BD_immune07_669407,tumor_NMPR,tumor_NMPR,0.436141768613908,Oligopotent,NMPR,Tumor_epithelial
BD_immune07_875275,tumor_NMPR,tumor_NMPR,0.51929689867369,Multipotent,NMPR,Tumor_epithelial
BD_immune07_262865,tumor_NMPR,tumor_NMPR,0.445975436991987,Oligopotent,NMPR,Tumor_epithelial
BD_immune07_93679,tumor_NMPR,tumor_NMPR,0.433286977863488,Oligopotent,NMPR,Tumor_epithelial
BD_immune07_683383,tumor_NMPR,tumor_NMPR,0.544991568839005,Multipotent,NMPR,Tumor_epithelial
BD_immune07_544192,tumor_NMPR,tumor_NMPR,0.495711161935292,Oligopotent,NMPR,Tumor_epithelial
BD_immune07_570244,tumor_NMPR,tumor_NMPR,0.514635592488867,Multipotent,NMPR,Tumor_epithelial
BD_immune07_8855,tumor_NMPR,tumor_NMPR,0.28662221176339,Unipotent,NMPR,Tumor_epithelial
BD_immune07_676714,tumor_NMPR,tumor_NMPR,0.435057950028203,Oligopotent,NMPR,Tumor_epithelial
BD_immune07_255834,tumor_NMPR,tumor_NMPR,0.580943269191638,Multipotent,NMPR,Tumor_epithelial
BD_immune07_473615,tumor_NMPR,tumor_NMPR,0.419407332162945,Oligopotent,NMPR,Tumor_epithelial
BD_immune07_231803,tumor_NMPR,tumor_NMPR,0.535648689256242,Multipotent,NMPR,Tumor_epithelial
BD_immune07_499095,normal_NMPR,normal_NMPR,0.101149097861382,Differentiated,NMPR,Tumor_epithelial_AT2
BD_immune07_246410,tumor_NMPR,tumor_NMPR,0.273787520606964,Unipotent,NMPR,Tumor_epithelial
BD_immune07_500018,tumor_NMPR,tumor_NMPR,0.466991795951781,Oligopotent,NMPR,Tumor_epithelial
BD_immune07_334530,tumor_NMPR,tumor_NMPR,0.27890830942709,Unipotent,NMPR,Tumor_epithelial
BD_immune07_551539,tumor_NMPR,tumor_NMPR,0.407863854327301,Oligopotent,NMPR,Tumor_epithelial
BD_immune07_741019,tumor_NMPR,tumor_NMPR,0.47259821101915,Oligopotent,NMPR,Tumor_epithelial
BD_immune07_355209,tumor_NMPR,tumor_NMPR,0.251888784026957,Unipotent,NMPR,Tumor_epithelial
BD_immune07_186570,tumor_NMPR,tumor_NMPR,0.407424867712392,Oligopotent,NMPR,Tumor_epithelial
BD_immune07_596164,tumor_NMPR,tumor_NMPR,0.437763906285389,Oligopotent,NMPR,Tumor_epithelial
BD_immune07_80032,tumor_NMPR,tumor_NMPR,0.438642778550017,Oligopotent,NMPR,Tumor_epithelial
BD_immune07_137921,tumor_NMPR,tumor_NMPR,0.53425977222481,Multipotent,NMPR,Tumor_epithelial
BD_immune07_403283,tumor_NMPR,tumor_NMPR,0.533825336447861,Multipotent,NMPR,Tumor_epithelial
BD_immune07_550239,tumor_NMPR,tumor_NMPR,0.445375247993417,Oligopotent,NMPR,Tumor_epithelial
BD_immune07_464537,tumor_NMPR,tumor_NMPR,0.304636918782889,Unipotent,NMPR,Tumor_epithelial
BD_immune07_641528,tumor_NMPR,tumor_NMPR,0.40807369744212,Oligopotent,NMPR,Tumor_epithelial
BD_immune07_882476,tumor_NMPR,tumor_NMPR,0.560689644305239,Multipotent,NMPR,Tumor_epithelial
BD_immune07_75075,tumor_NMPR,tumor_NMPR,0.555277529020322,Multipotent,NMPR,Tumor_epithelial
BD_immune07_216496,tumor_NMPR,tumor_NMPR,0.417456205275492,Oligopotent,NMPR,Tumor_epithelial
BD_immune07_343669,tumor_NMPR,tumor_NMPR,0.532804030101747,Multipotent,NMPR,Tumor_epithelial
BD_immune07_191414,tumor_NMPR,tumor_NMPR,0.381069197389325,Oligopotent,NMPR,Tumor_epithelial
BD_immune07_485756,normal_NMPR,normal_NMPR,0.189916335603674,Unipotent,NMPR,Tumor_epithelial_AT2
BD_immune07_205623,tumor_NMPR,tumor_NMPR,0.465873758430028,Oligopotent,NMPR,Tumor_epithelial
BD_immune07_277798,tumor_NMPR,tumor_NMPR,0.51757972097941,Multipotent,NMPR,Tumor_epithelial
BD_immune07_728310,tumor_NMPR,tumor_NMPR,0.528046464642389,Multipotent,NMPR,Tumor_epithelial
BD_immune07_669445,tumor_NMPR,tumor_NMPR,0.393061686079449,Oligopotent,NMPR,Tumor_epithelial
BD_immune07_679825,tumor_NMPR,tumor_NMPR,0.416282942908046,Oligopotent,NMPR,Tumor_epithelial
BD_immune07_574921,tumor_NMPR,tumor_NMPR,0.386428855266796,Oligopotent,NMPR,Tumor_epithelial
BD_immune07_497535,tumor_NMPR,tumor_NMPR,0.530024961832851,Multipotent,NMPR,Tumor_epithelial
BD_immune07_130173,tumor_NMPR,tumor_NMPR,0.553255657162093,Multipotent,NMPR,Tumor_epithelial
BD_immune07_571814,tumor_NMPR,tumor_NMPR,0.440458749533005,Oligopotent,NMPR,Tumor_epithelial
BD_immune07_719812,tumor_NMPR,tumor_NMPR,0.566292357594629,Multipotent,NMPR,Tumor_epithelial
BD_immune07_852151,normal_NMPR,normal_NMPR,0.179764639407266,Unipotent,NMPR,Tumor_epithelial_AT2
BD_immune07_350715,tumor_NMPR,tumor_NMPR,0.234478086583754,Unipotent,NMPR,Tumor_epithelial
BD_immune07_574025,tumor_NMPR,tumor_NMPR,0.433587102801271,Oligopotent,NMPR,Tumor_epithelial
BD_immune07_382356,tumor_NMPR,tumor_NMPR,0.575359144338811,Multipotent,NMPR,Tumor_epithelial
BD_immune07_77855,tumor_NMPR,tumor_NMPR,0.399534341974937,Oligopotent,NMPR,Tumor_epithelial
BD_immune07_461935,tumor_NMPR,tumor_NMPR,0.306133999823761,Unipotent,NMPR,Tumor_epithelial
BD_immune07_657810,tumor_NMPR,tumor_NMPR,0.483200283754075,Oligopotent,NMPR,Tumor_epithelial
BD_immune07_628055,tumor_NMPR,tumor_NMPR,0.204111424738086,Unipotent,NMPR,Tumor_epithelial
BD_immune07_573295,tumor_NMPR,tumor_NMPR,0.517989943520976,Multipotent,NMPR,Tumor_epithelial
BD_immune07_789029,tumor_NMPR,tumor_NMPR,0.432739024673788,Oligopotent,NMPR,Tumor_epithelial
BD_immune07_338359,tumor_NMPR,tumor_NMPR,0.544317861624673,Multipotent,NMPR,Tumor_epithelial
BD_immune07_464687,tumor_NMPR,tumor_NMPR,0.513255870007872,Multipotent,NMPR,Tumor_epithelial
BD_immune07_533248,tumor_NMPR,tumor_NMPR,0.541277360191297,Multipotent,NMPR,Tumor_epithelial
BD_immune07_138095,tumor_NMPR,tumor_NMPR,0.590146837743394,Multipotent,NMPR,Tumor_epithelial
BD_immune07_847205,tumor_NMPR,tumor_NMPR,0.575683832256002,Multipotent,NMPR,Tumor_epithelial
BD_immune07_567481,tumor_NMPR,tumor_NMPR,0.582182690041354,Multipotent,NMPR,Tumor_epithelial
BD_immune07_248578,tumor_NMPR,tumor_NMPR,0.579700847185521,Multipotent,NMPR,Tumor_epithelial
BD_immune07_224416,tumor_NMPR,tumor_NMPR,0.544886446884464,Multipotent,NMPR,Tumor_epithelial
BD_immune07_686289,tumor_NMPR,tumor_NMPR,0.513856418984153,Multipotent,NMPR,Tumor_epithelial
BD_immune07_712715,tumor_NMPR,tumor_NMPR,0.16124605507161,Differentiated,NMPR,Tumor_epithelial
BD_immune07_4305,tumor_NMPR,tumor_NMPR,0.506408780760821,Multipotent,NMPR,Tumor_epithelial
BD_immune07_364853,tumor_NMPR,tumor_NMPR,0.565515767572721,Multipotent,NMPR,Tumor_epithelial
BD_immune07_469817,tumor_NMPR,tumor_NMPR,0.42907838600329,Oligopotent,NMPR,Tumor_epithelial
BD_immune07_81371,tumor_NMPR,tumor_NMPR,0.548097791687827,Multipotent,NMPR,Tumor_epithelial
BD_immune07_160968,tumor_NMPR,tumor_NMPR,0.241487123107511,Unipotent,NMPR,Tumor_epithelial
BD_immune07_363543,normal_NMPR,normal_NMPR,0.213164316074737,Unipotent,NMPR,Tumor_epithelial_AT2
BD_immune07_243352,tumor_NMPR,tumor_NMPR,0.217999130634708,Unipotent,NMPR,Tumor_epithelial
BD_immune07_22159,normal_NMPR,normal_NMPR,0.228548313776329,Unipotent,NMPR,Tumor_epithelial_AT2
BD_immune07_883461,tumor_NMPR,tumor_NMPR,0.591470955752358,Multipotent,NMPR,Tumor_epithelial
BD_immune07_656763,tumor_NMPR,tumor_NMPR,0.23496508865812,Unipotent,NMPR,Tumor_epithelial
BD_immune07_742522,tumor_NMPR,tumor_NMPR,0.37067973471979,Oligopotent,NMPR,Tumor_epithelial
BD_immune07_756913,tumor_NMPR,tumor_NMPR,0.572976986919052,Multipotent,NMPR,Tumor_epithelial
BD_immune07_257096,tumor_NMPR,tumor_NMPR,0.418478964469732,Oligopotent,NMPR,Tumor_epithelial
BD_immune07_50496,tumor_NMPR,tumor_NMPR,0.47433262087609,Oligopotent,NMPR,Tumor_epithelial
BD_immune07_823722,tumor_NMPR,tumor_NMPR,0.61588733987317,Multipotent,NMPR,Tumor_epithelial
BD_immune07_819823,tumor_NMPR,tumor_NMPR,0.476078813483957,Oligopotent,NMPR,Tumor_epithelial
BD_immune07_119286,tumor_NMPR,tumor_NMPR,0.449537811224558,Oligopotent,NMPR,Tumor_epithelial
BD_immune07_359145,tumor_NMPR,tumor_NMPR,0.540225934610932,Multipotent,NMPR,Tumor_epithelial
BD_immune07_58352,tumor_NMPR,tumor_NMPR,0.591987394423249,Multipotent,NMPR,Tumor_epithelial
BD_immune07_770324,tumor_NMPR,tumor_NMPR,0.524938025626861,Multipotent,NMPR,Tumor_epithelial
BD_immune07_40117,tumor_NMPR,tumor_NMPR,0.612789989938221,Multipotent,NMPR,Tumor_epithelial
BD_immune07_550742,tumor_NMPR,tumor_NMPR,0.521979856167815,Multipotent,NMPR,Tumor_epithelial
BD_immune07_533500,normal_NMPR,normal_NMPR,0.155647924969063,Differentiated,NMPR,Tumor_epithelial_AT2
BD_immune07_758301,tumor_NMPR,tumor_NMPR,0.528684231668013,Multipotent,NMPR,Tumor_epithelial
BD_immune07_833403,tumor_NMPR,tumor_NMPR,0.522583142295063,Multipotent,NMPR,Tumor_epithelial
BD_immune07_323252,tumor_NMPR,tumor_NMPR,0.611601166395203,Multipotent,NMPR,Tumor_epithelial
BD_immune07_757834,tumor_NMPR,tumor_NMPR,0.594464670349263,Multipotent,NMPR,Tumor_epithelial
BD_immune07_155807,tumor_NMPR,tumor_NMPR,0.597180660927883,Multipotent,NMPR,Tumor_epithelial
BD_immune07_744278,tumor_NMPR,tumor_NMPR,0.373485007539263,Oligopotent,NMPR,Tumor_epithelial
BD_immune07_671388,tumor_NMPR,tumor_NMPR,0.479506822832735,Oligopotent,NMPR,Tumor_epithelial
BD_immune07_849886,tumor_NMPR,tumor_NMPR,0.160998650972725,Differentiated,NMPR,Tumor_epithelial
BD_immune07_727191,tumor_NMPR,tumor_NMPR,0.383279821123942,Oligopotent,NMPR,Tumor_epithelial
BD_immune07_357020,tumor_NMPR,tumor_NMPR,0.419083344497078,Oligopotent,NMPR,Tumor_epithelial
BD_immune07_143135,tumor_NMPR,tumor_NMPR,0.491221739436758,Oligopotent,NMPR,Tumor_epithelial
BD_immune07_311598,tumor_NMPR,tumor_NMPR,0.372441971831647,Oligopotent,NMPR,Tumor_epithelial
BD_immune07_675742,tumor_NMPR,tumor_NMPR,0.27288981079148,Unipotent,NMPR,Tumor_epithelial
BD_immune07_408285,tumor_NMPR,tumor_NMPR,0.42588353594807,Oligopotent,NMPR,Tumor_epithelial
BD_immune07_560870,tumor_NMPR,tumor_NMPR,0.597598817516371,Multipotent,NMPR,Tumor_epithelial
BD_immune07_266225,tumor_NMPR,tumor_NMPR,0.541229454414305,Multipotent,NMPR,Tumor_epithelial
BD_immune07_508332,tumor_NMPR,tumor_NMPR,0.43040458119443,Oligopotent,NMPR,Tumor_epithelial
BD_immune07_754283,tumor_NMPR,tumor_NMPR,0.424954884889429,Oligopotent,NMPR,Tumor_epithelial
BD_immune07_142936,tumor_NMPR,tumor_NMPR,0.48484843214974,Oligopotent,NMPR,Tumor_epithelial
BD_immune07_15476,tumor_NMPR,tumor_NMPR,0.570830016028095,Multipotent,NMPR,Tumor_epithelial
BD_immune07_383822,tumor_NMPR,tumor_NMPR,0.230683747752303,Unipotent,NMPR,Tumor_epithelial
BD_immune07_187359,tumor_NMPR,tumor_NMPR,0.19520678308161,Unipotent,NMPR,Tumor_epithelial
BD_immune07_685494,tumor_NMPR,tumor_NMPR,0.464336378024555,Oligopotent,NMPR,Tumor_epithelial
BD_immune07_182533,normal_NMPR,normal_NMPR,0.14926987000789,Differentiated,NMPR,Tumor_epithelial_AT2
BD_immune07_635682,normal_NMPR,normal_NMPR,0.202276510989075,Unipotent,NMPR,Tumor_epithelial_AT2
BD_immune07_402835,tumor_NMPR,tumor_NMPR,0.449971845769676,Oligopotent,NMPR,Tumor_epithelial
BD_immune07_600314,tumor_NMPR,tumor_NMPR,0.439215062935112,Oligopotent,NMPR,Tumor_epithelial
BD_immune07_528660,tumor_NMPR,tumor_NMPR,0.390627476845554,Oligopotent,NMPR,Tumor_epithelial
BD_immune07_400721,tumor_NMPR,tumor_NMPR,0.444330405731257,Oligopotent,NMPR,Tumor_epithelial
BD_immune07_574283,tumor_NMPR,tumor_NMPR,0.445748923044808,Oligopotent,NMPR,Tumor_epithelial
BD_immune07_880737,tumor_NMPR,tumor_NMPR,0.562564032883409,Multipotent,NMPR,Tumor_epithelial
BD_immune07_602668,tumor_NMPR,tumor_NMPR,0.508497718403123,Multipotent,NMPR,Tumor_epithelial
BD_immune07_672509,tumor_NMPR,tumor_NMPR,0.46548548553823,Oligopotent,NMPR,Tumor_epithelial
BD_immune07_284889,tumor_NMPR,tumor_NMPR,0.489375044222362,Oligopotent,NMPR,Tumor_epithelial
BD_immune07_405351,tumor_NMPR,tumor_NMPR,0.456560805782715,Oligopotent,NMPR,Tumor_epithelial
BD_immune07_630091,tumor_NMPR,tumor_NMPR,0.478815413621102,Oligopotent,NMPR,Tumor_epithelial
BD_immune07_604787,tumor_NMPR,tumor_NMPR,0.380613560167174,Oligopotent,NMPR,Tumor_epithelial
BD_immune07_385085,tumor_NMPR,tumor_NMPR,0.409225161622599,Oligopotent,NMPR,Tumor_epithelial
BD_immune07_735981,tumor_NMPR,tumor_NMPR,0.445921804763675,Oligopotent,NMPR,Tumor_epithelial
BD_immune07_411717,tumor_NMPR,tumor_NMPR,0.426025370156897,Oligopotent,NMPR,Tumor_epithelial
BD_immune07_768512,tumor_NMPR,tumor_NMPR,0.374393734476994,Oligopotent,NMPR,Tumor_epithelial
BD_immune07_18574,tumor_NMPR,tumor_NMPR,0.460737468815312,Oligopotent,NMPR,Tumor_epithelial
BD_immune07_556015,tumor_NMPR,tumor_NMPR,0.416990519540428,Oligopotent,NMPR,Tumor_epithelial
BD_immune07_87495,tumor_NMPR,tumor_NMPR,0.154873290273609,Differentiated,NMPR,Tumor_epithelial
BD_immune07_881686,tumor_NMPR,tumor_NMPR,0.575015105586653,Multipotent,NMPR,Tumor_epithelial
BD_immune07_214498,tumor_NMPR,tumor_NMPR,0.503022310398767,Multipotent,NMPR,Tumor_epithelial
BD_immune07_552559,tumor_NMPR,tumor_NMPR,0.461378849562228,Oligopotent,NMPR,Tumor_epithelial
BD_immune07_736595,tumor_NMPR,tumor_NMPR,0.379848052535392,Oligopotent,NMPR,Tumor_epithelial
BD_immune07_563595,tumor_NMPR,tumor_NMPR,0.505806242477861,Multipotent,NMPR,Tumor_epithelial
BD_immune07_638360,tumor_NMPR,tumor_NMPR,0.28556601405255,Unipotent,NMPR,Tumor_epithelial
BD_immune07_250862,normal_NMPR,normal_NMPR,0.155233595670093,Differentiated,NMPR,Tumor_epithelial_AT2
BD_immune07_721866,tumor_NMPR,tumor_NMPR,0.414939832870988,Oligopotent,NMPR,Tumor_epithelial
BD_immune07_434982,tumor_NMPR,tumor_NMPR,0.618892017407945,Multipotent,NMPR,Tumor_epithelial
BD_immune07_586503,tumor_NMPR,tumor_NMPR,0.485514395381971,Oligopotent,NMPR,Tumor_epithelial
BD_immune07_80935,tumor_NMPR,tumor_NMPR,0.407016486549754,Oligopotent,NMPR,Tumor_epithelial
BD_immune07_167716,tumor_NMPR,tumor_NMPR,0.446842613080354,Oligopotent,NMPR,Tumor_epithelial
BD_immune07_417477,tumor_NMPR,tumor_NMPR,0.469533303683103,Oligopotent,NMPR,Tumor_epithelial
BD_immune07_41187,tumor_NMPR,tumor_NMPR,0.484984325698788,Oligopotent,NMPR,Tumor_epithelial
BD_immune07_692024,tumor_NMPR,tumor_NMPR,0.544522524446692,Multipotent,NMPR,Tumor_epithelial
BD_immune07_846072,tumor_NMPR,tumor_NMPR,0.449246951660252,Oligopotent,NMPR,Tumor_epithelial
BD_immune07_31930,tumor_NMPR,tumor_NMPR,0.413310683370842,Oligopotent,NMPR,Tumor_epithelial
BD_immune07_513597,tumor_NMPR,tumor_NMPR,0.513467910426185,Multipotent,NMPR,Tumor_epithelial
BD_immune07_430859,tumor_NMPR,tumor_NMPR,0.36422596118214,Oligopotent,NMPR,Tumor_epithelial
BD_immune07_710452,normal_NMPR,normal_NMPR,0.122896820305304,Differentiated,NMPR,Tumor_epithelial_AT2
BD_immune07_497187,tumor_NMPR,tumor_NMPR,0.415457364251823,Oligopotent,NMPR,Tumor_epithelial
BD_immune07_84915,tumor_NMPR,tumor_NMPR,0.476997355429225,Oligopotent,NMPR,Tumor_epithelial
BD_immune07_850161,tumor_NMPR,tumor_NMPR,0.206986112100115,Unipotent,NMPR,Tumor_epithelial
BD_immune07_536354,tumor_NMPR,tumor_NMPR,0.202722428758501,Unipotent,NMPR,Tumor_epithelial
BD_immune07_525845,tumor_NMPR,tumor_NMPR,0.40109982533255,Oligopotent,NMPR,Tumor_epithelial
BD_immune07_293861,tumor_NMPR,tumor_NMPR,0.324637355002982,Unipotent,NMPR,Tumor_epithelial
BD_immune07_245721,tumor_NMPR,tumor_NMPR,0.447511781515114,Oligopotent,NMPR,Tumor_epithelial
BD_immune07_392655,tumor_NMPR,tumor_NMPR,0.559324024142142,Multipotent,NMPR,Tumor_epithelial
BD_immune07_730241,tumor_NMPR,tumor_NMPR,0.466422523477568,Oligopotent,NMPR,Tumor_epithelial
BD_immune07_156623,tumor_NMPR,tumor_NMPR,0.217402737442717,Unipotent,NMPR,Tumor_epithelial
BD_immune07_213517,tumor_NMPR,tumor_NMPR,0.251265107097397,Unipotent,NMPR,Tumor_epithelial
BD_immune07_448616,tumor_NMPR,tumor_NMPR,0.439258781856857,Oligopotent,NMPR,Tumor_epithelial
BD_immune07_822149,tumor_NMPR,tumor_NMPR,0.569948049445119,Multipotent,NMPR,Tumor_epithelial
BD_immune07_849747,tumor_NMPR,tumor_NMPR,0.480824662123029,Oligopotent,NMPR,Tumor_epithelial
BD_immune07_236260,tumor_NMPR,tumor_NMPR,0.423541862854536,Oligopotent,NMPR,Tumor_epithelial
BD_immune07_232027,tumor_NMPR,tumor_NMPR,0.252887039883877,Unipotent,NMPR,Tumor_epithelial
BD_immune07_449826,tumor_NMPR,tumor_NMPR,0.185886310074943,Unipotent,NMPR,Tumor_epithelial
BD_immune07_741832,normal_NMPR,normal_NMPR,0.152413027294683,Differentiated,NMPR,Tumor_epithelial_AT2
BD_immune07_145903,tumor_NMPR,tumor_NMPR,0.412866800235947,Oligopotent,NMPR,Tumor_epithelial
BD_immune07_284329,normal_NMPR,normal_NMPR,0.151518132623552,Differentiated,NMPR,Tumor_epithelial_AT2
BD_immune07_13891,tumor_NMPR,tumor_NMPR,0.197550639757956,Unipotent,NMPR,Tumor_epithelial
BD_immune07_454388,normal_NMPR,normal_NMPR,0.1425189983859,Differentiated,NMPR,Tumor_epithelial_AT2
BD_immune07_258881,tumor_NMPR,tumor_NMPR,0.517777007564075,Multipotent,NMPR,Tumor_epithelial
BD_immune07_786023,tumor_NMPR,tumor_NMPR,0.520783800616228,Multipotent,NMPR,Tumor_epithelial
BD_immune07_199851,tumor_NMPR,tumor_NMPR,0.301000983133939,Unipotent,NMPR,Tumor_epithelial
BD_immune07_249761,tumor_NMPR,tumor_NMPR,0.570819257984759,Multipotent,NMPR,Tumor_epithelial
BD_immune07_541988,tumor_NMPR,tumor_NMPR,0.513746958152516,Multipotent,NMPR,Tumor_epithelial
BD_immune07_428966,tumor_NMPR,tumor_NMPR,0.313538824725068,Unipotent,NMPR,Tumor_epithelial
BD_immune07_102016,tumor_NMPR,tumor_NMPR,0.296161384612671,Unipotent,NMPR,Tumor_epithelial
BD_immune07_568533,tumor_NMPR,tumor_NMPR,0.391993404084056,Oligopotent,NMPR,Tumor_epithelial
BD_immune07_487242,tumor_NMPR,tumor_NMPR,0.195487413082187,Unipotent,NMPR,Tumor_epithelial
BD_immune07_489674,tumor_NMPR,tumor_NMPR,0.286640586616413,Unipotent,NMPR,Tumor_epithelial
BD_immune07_397851,tumor_NMPR,tumor_NMPR,0.54959312460371,Multipotent,NMPR,Tumor_epithelial
BD_immune07_350738,tumor_NMPR,tumor_NMPR,0.531340028035632,Multipotent,NMPR,Tumor_epithelial
BD_immune07_258925,tumor_NMPR,tumor_NMPR,0.512319067361058,Multipotent,NMPR,Tumor_epithelial
BD_immune07_16246,tumor_NMPR,tumor_NMPR,0.541211012470336,Multipotent,NMPR,Tumor_epithelial
BD_immune07_15833,normal_NMPR,normal_NMPR,0.162016046789077,Differentiated,NMPR,Tumor_epithelial_AT2
BD_immune07_232147,tumor_NMPR,tumor_NMPR,0.320139754126743,Unipotent,NMPR,Tumor_epithelial
BD_immune07_486389,tumor_NMPR,tumor_NMPR,0.454885670829337,Oligopotent,NMPR,Tumor_epithelial
BD_immune07_396875,tumor_NMPR,tumor_NMPR,0.507841954859167,Multipotent,NMPR,Tumor_epithelial
BD_immune07_83817,tumor_NMPR,tumor_NMPR,0.539241953393661,Multipotent,NMPR,Tumor_epithelial
BD_immune07_311276,tumor_NMPR,tumor_NMPR,0.368065369777506,Oligopotent,NMPR,Tumor_epithelial
BD_immune07_40957,tumor_NMPR,tumor_NMPR,0.449842038057604,Oligopotent,NMPR,Tumor_epithelial
BD_immune07_201689,normal_NMPR,normal_NMPR,0.284027814383495,Unipotent,NMPR,Tumor_epithelial_AT2
BD_immune07_36804,tumor_NMPR,tumor_NMPR,0.480496754104807,Oligopotent,NMPR,Tumor_epithelial
BD_immune07_32075,tumor_NMPR,tumor_NMPR,0.464631647890819,Oligopotent,NMPR,Tumor_epithelial
BD_immune07_702308,tumor_NMPR,tumor_NMPR,0.448517074779433,Oligopotent,NMPR,Tumor_epithelial
BD_immune07_140034,tumor_NMPR,tumor_NMPR,0.455447637680021,Oligopotent,NMPR,Tumor_epithelial
BD_immune07_362072,normal_NMPR,normal_NMPR,0.230650727424082,Unipotent,NMPR,Tumor_epithelial_AT2
BD_immune07_277672,tumor_NMPR,tumor_NMPR,0.555332743696874,Multipotent,NMPR,Tumor_epithelial
BD_immune07_571820,tumor_NMPR,tumor_NMPR,0.617275023447824,Multipotent,NMPR,Tumor_epithelial
BD_immune07_389318,tumor_NMPR,tumor_NMPR,0.467437599693541,Oligopotent,NMPR,Tumor_epithelial
BD_immune07_161729,tumor_NMPR,tumor_NMPR,0.557274336639113,Multipotent,NMPR,Tumor_epithelial
BD_immune07_474790,tumor_NMPR,tumor_NMPR,0.416049354357894,Oligopotent,NMPR,Tumor_epithelial
BD_immune07_381890,tumor_NMPR,tumor_NMPR,0.164718501167192,Differentiated,NMPR,Tumor_epithelial
BD_immune07_432736,tumor_NMPR,tumor_NMPR,0.487154593876593,Oligopotent,NMPR,Tumor_epithelial
BD_immune07_832627,tumor_NMPR,tumor_NMPR,0.222651320089671,Unipotent,NMPR,Tumor_epithelial
BD_immune07_454663,tumor_NMPR,tumor_NMPR,0.518106488724234,Multipotent,NMPR,Tumor_epithelial
BD_immune07_540456,tumor_NMPR,tumor_NMPR,0.529144903166999,Multipotent,NMPR,Tumor_epithelial
BD_immune07_42233,tumor_NMPR,tumor_NMPR,0.44276037579997,Oligopotent,NMPR,Tumor_epithelial
BD_immune07_804180,tumor_NMPR,tumor_NMPR,0.496293315336157,Oligopotent,NMPR,Tumor_epithelial
BD_immune07_567998,tumor_NMPR,tumor_NMPR,0.440937661053556,Oligopotent,NMPR,Tumor_epithelial
BD_immune07_881935,tumor_NMPR,tumor_NMPR,0.469547694005742,Oligopotent,NMPR,Tumor_epithelial
BD_immune07_805623,tumor_NMPR,tumor_NMPR,0.575018098346144,Multipotent,NMPR,Tumor_epithelial
BD_immune07_667438,tumor_NMPR,tumor_NMPR,0.557661902911933,Multipotent,NMPR,Tumor_epithelial
BD_immune07_153207,tumor_NMPR,tumor_NMPR,0.15022666499265,Differentiated,NMPR,Tumor_epithelial
BD_immune07_5196,tumor_NMPR,tumor_NMPR,0.375900715322984,Oligopotent,NMPR,Tumor_epithelial
BD_immune07_215947,tumor_NMPR,tumor_NMPR,0.451821819035107,Oligopotent,NMPR,Tumor_epithelial
BD_immune07_7422,tumor_NMPR,tumor_NMPR,0.386253211500519,Oligopotent,NMPR,Tumor_epithelial
BD_immune07_663732,tumor_NMPR,tumor_NMPR,0.235954264437097,Unipotent,NMPR,Tumor_epithelial
BD_immune07_376884,normal_NMPR,normal_NMPR,0.197644423738054,Unipotent,NMPR,Tumor_epithelial_AT2
BD_immune07_878395,tumor_NMPR,tumor_NMPR,0.433166945257896,Oligopotent,NMPR,Tumor_epithelial
BD_immune07_761479,tumor_NMPR,tumor_NMPR,0.551043519669485,Multipotent,NMPR,Tumor_epithelial
BD_immune07_423380,tumor_NMPR,tumor_NMPR,0.343541142565895,Oligopotent,NMPR,Tumor_epithelial
BD_immune07_481945,tumor_NMPR,tumor_NMPR,0.584717694396989,Multipotent,NMPR,Tumor_epithelial
BD_immune07_524342,tumor_NMPR,tumor_NMPR,0.56362490442567,Multipotent,NMPR,Tumor_epithelial
BD_immune07_81810,tumor_NMPR,tumor_NMPR,0.279297936941176,Unipotent,NMPR,Tumor_epithelial
BD_immune07_634849,normal_NMPR,normal_NMPR,0.135621181578916,Differentiated,NMPR,Tumor_epithelial_AT2
BD_immune07_845419,normal_NMPR,normal_NMPR,0.222369227871995,Unipotent,NMPR,Tumor_epithelial_AT2
BD_immune07_180351,tumor_NMPR,tumor_NMPR,0.385117245879363,Oligopotent,NMPR,Tumor_epithelial
BD_immune07_854032,tumor_NMPR,tumor_NMPR,0.401962209476836,Oligopotent,NMPR,Tumor_epithelial
BD_immune07_596627,normal_NMPR,normal_NMPR,0.260602688302398,Unipotent,NMPR,Tumor_epithelial_AT2
BD_immune07_428702,tumor_NMPR,tumor_NMPR,0.401957744586553,Oligopotent,NMPR,Tumor_epithelial
BD_immune07_685511,tumor_NMPR,tumor_NMPR,0.268626806676397,Unipotent,NMPR,Tumor_epithelial
BD_immune07_137251,tumor_NMPR,tumor_NMPR,0.277700253600609,Unipotent,NMPR,Tumor_epithelial
BD_immune07_306295,tumor_NMPR,tumor_NMPR,0.484649932876077,Oligopotent,NMPR,Tumor_epithelial
BD_immune07_734241,tumor_NMPR,tumor_NMPR,0.501475493346521,Multipotent,NMPR,Tumor_epithelial
BD_immune07_660325,tumor_NMPR,tumor_NMPR,0.360568443035504,Oligopotent,NMPR,Tumor_epithelial
BD_immune07_28076,tumor_NMPR,tumor_NMPR,0.454337740618228,Oligopotent,NMPR,Tumor_epithelial
BD_immune07_851534,tumor_NMPR,tumor_NMPR,0.545614641112731,Multipotent,NMPR,Tumor_epithelial
BD_immune07_599893,normal_NMPR,normal_NMPR,0.163627976891155,Differentiated,NMPR,Tumor_epithelial_AT2
BD_immune07_556661,normal_NMPR,normal_NMPR,0.1818644130737,Unipotent,NMPR,Tumor_epithelial_AT2
BD_immune07_811659,tumor_NMPR,tumor_NMPR,0.394297197484014,Oligopotent,NMPR,Tumor_epithelial
BD_immune07_819523,tumor_NMPR,tumor_NMPR,0.586580254399813,Multipotent,NMPR,Tumor_epithelial
BD_immune07_186793,tumor_NMPR,tumor_NMPR,0.541551634870377,Multipotent,NMPR,Tumor_epithelial
BD_immune07_628464,tumor_NMPR,tumor_NMPR,0.423160023760143,Oligopotent,NMPR,Tumor_epithelial
BD_immune07_367099,tumor_NMPR,tumor_NMPR,0.246094645509746,Unipotent,NMPR,Tumor_epithelial
BD_immune07_34325,tumor_NMPR,tumor_NMPR,0.500828335281793,Multipotent,NMPR,Tumor_epithelial
BD_immune07_41273,tumor_NMPR,tumor_NMPR,0.482323867649174,Oligopotent,NMPR,Tumor_epithelial
BD_immune07_583763,tumor_NMPR,tumor_NMPR,0.530843532981973,Multipotent,NMPR,Tumor_epithelial
BD_immune07_753846,tumor_NMPR,tumor_NMPR,0.560250623738216,Multipotent,NMPR,Tumor_epithelial
BD_immune07_554943,tumor_NMPR,tumor_NMPR,0.554750931305517,Multipotent,NMPR,Tumor_epithelial
BD_immune07_108366,tumor_NMPR,tumor_NMPR,0.535466793001216,Multipotent,NMPR,Tumor_epithelial
BD_immune07_541989,tumor_NMPR,tumor_NMPR,0.301281579559771,Unipotent,NMPR,Tumor_epithelial
BD_immune07_324023,tumor_NMPR,tumor_NMPR,0.447996228778325,Oligopotent,NMPR,Tumor_epithelial
BD_immune07_810707,tumor_NMPR,tumor_NMPR,0.203775534009477,Unipotent,NMPR,Tumor_epithelial
BD_immune07_114536,tumor_NMPR,tumor_NMPR,0.442132194017775,Oligopotent,NMPR,Tumor_epithelial
BD_immune07_325800,tumor_NMPR,tumor_NMPR,0.407608727161716,Oligopotent,NMPR,Tumor_epithelial
BD_immune07_688761,tumor_NMPR,tumor_NMPR,0.529643417868813,Multipotent,NMPR,Tumor_epithelial
BD_immune07_810338,tumor_NMPR,tumor_NMPR,0.284008907963949,Unipotent,NMPR,Tumor_epithelial
BD_immune07_819036,tumor_NMPR,tumor_NMPR,0.364449622711211,Oligopotent,NMPR,Tumor_epithelial
BD_immune07_111860,tumor_NMPR,tumor_NMPR,0.440050070853194,Oligopotent,NMPR,Tumor_epithelial
BD_immune07_822056,tumor_NMPR,tumor_NMPR,0.456969316183144,Oligopotent,NMPR,Tumor_epithelial
BD_immune07_807349,tumor_NMPR,tumor_NMPR,0.423551046836546,Oligopotent,NMPR,Tumor_epithelial
BD_immune07_173365,tumor_NMPR,tumor_NMPR,0.544172321394254,Multipotent,NMPR,Tumor_epithelial
BD_immune07_840042,tumor_NMPR,tumor_NMPR,0.480078408954737,Oligopotent,NMPR,Tumor_epithelial
BD_immune07_87788,tumor_NMPR,tumor_NMPR,0.461631513520972,Oligopotent,NMPR,Tumor_epithelial
BD_immune07_634503,tumor_NMPR,tumor_NMPR,0.245467018238881,Unipotent,NMPR,Tumor_epithelial
BD_immune07_520564,tumor_NMPR,tumor_NMPR,0.46515269104899,Oligopotent,NMPR,Tumor_epithelial
BD_immune07_172610,tumor_NMPR,tumor_NMPR,0.532840105666003,Multipotent,NMPR,Tumor_epithelial
BD_immune07_770438,tumor_NMPR,tumor_NMPR,0.194243472811217,Unipotent,NMPR,Tumor_epithelial
BD_immune07_285794,tumor_NMPR,tumor_NMPR,0.570286769681455,Multipotent,NMPR,Tumor_epithelial
BD_immune07_247799,tumor_NMPR,tumor_NMPR,0.307020485613364,Unipotent,NMPR,Tumor_epithelial
BD_immune07_137584,tumor_NMPR,tumor_NMPR,0.271048835434694,Unipotent,NMPR,Tumor_epithelial
BD_immune07_127009,normal_NMPR,normal_NMPR,0.149439719531119,Differentiated,NMPR,Tumor_epithelial_AT2
BD_immune07_511415,tumor_NMPR,tumor_NMPR,0.47103251830946,Oligopotent,NMPR,Tumor_epithelial
BD_immune07_81725,tumor_NMPR,tumor_NMPR,0.511915034739377,Multipotent,NMPR,Tumor_epithelial
BD_immune07_674307,tumor_NMPR,tumor_NMPR,0.415491694986255,Oligopotent,NMPR,Tumor_epithelial
BD_immune07_663940,tumor_NMPR,tumor_NMPR,0.544738298005306,Multipotent,NMPR,Tumor_epithelial
BD_immune07_822913,tumor_NMPR,tumor_NMPR,0.534377694509529,Multipotent,NMPR,Tumor_epithelial
BD_immune07_445144,tumor_NMPR,tumor_NMPR,0.444753580553365,Oligopotent,NMPR,Tumor_epithelial
BD_immune07_759224,tumor_NMPR,tumor_NMPR,0.256817431058276,Unipotent,NMPR,Tumor_epithelial
BD_immune07_240204,tumor_NMPR,tumor_NMPR,0.489593371677891,Oligopotent,NMPR,Tumor_epithelial
BD_immune07_775102,tumor_NMPR,tumor_NMPR,0.532862585504993,Multipotent,NMPR,Tumor_epithelial
BD_immune07_244584,tumor_NMPR,tumor_NMPR,0.548525618077613,Multipotent,NMPR,Tumor_epithelial
BD_immune07_554734,tumor_NMPR,tumor_NMPR,0.438195976270386,Oligopotent,NMPR,Tumor_epithelial
BD_immune07_173344,tumor_NMPR,tumor_NMPR,0.227068693337007,Unipotent,NMPR,Tumor_epithelial
BD_immune07_350706,tumor_NMPR,tumor_NMPR,0.50252446313035,Multipotent,NMPR,Tumor_epithelial
BD_immune07_624665,tumor_NMPR,tumor_NMPR,0.350125327006403,Oligopotent,NMPR,Tumor_epithelial
BD_immune07_396927,tumor_NMPR,tumor_NMPR,0.399204114774667,Oligopotent,NMPR,Tumor_epithelial
BD_immune07_616730,tumor_NMPR,tumor_NMPR,0.416099034776517,Oligopotent,NMPR,Tumor_epithelial
BD_immune07_481282,tumor_NMPR,tumor_NMPR,0.540895691214419,Multipotent,NMPR,Tumor_epithelial
BD_immune07_718956,tumor_NMPR,tumor_NMPR,0.478983777373619,Oligopotent,NMPR,Tumor_epithelial
BD_immune07_369924,tumor_NMPR,tumor_NMPR,0.419098045054646,Oligopotent,NMPR,Tumor_epithelial
BD_immune07_86692,tumor_NMPR,tumor_NMPR,0.539440155392162,Multipotent,NMPR,Tumor_epithelial
BD_immune07_326678,tumor_NMPR,tumor_NMPR,0.566182816273992,Multipotent,NMPR,Tumor_epithelial
BD_immune07_542114,tumor_NMPR,tumor_NMPR,0.424828007631556,Oligopotent,NMPR,Tumor_epithelial
BD_immune07_479276,tumor_NMPR,tumor_NMPR,0.423164033708913,Oligopotent,NMPR,Tumor_epithelial
BD_immune07_284397,tumor_NMPR,tumor_NMPR,0.580392946610568,Multipotent,NMPR,Tumor_epithelial
BD_immune07_24757,tumor_NMPR,tumor_NMPR,0.569896982501721,Multipotent,NMPR,Tumor_epithelial
BD_immune07_803768,tumor_NMPR,tumor_NMPR,0.54936850793846,Multipotent,NMPR,Tumor_epithelial
BD_immune07_403567,tumor_NMPR,tumor_NMPR,0.55808540754022,Multipotent,NMPR,Tumor_epithelial
BD_immune07_663163,tumor_NMPR,tumor_NMPR,0.28977263093431,Unipotent,NMPR,Tumor_epithelial
BD_immune07_78885,tumor_NMPR,tumor_NMPR,0.429826318560512,Oligopotent,NMPR,Tumor_epithelial
BD_immune07_487733,tumor_NMPR,tumor_NMPR,0.472614539031858,Oligopotent,NMPR,Tumor_epithelial
BD_immune07_463732,tumor_NMPR,tumor_NMPR,0.445247000859418,Oligopotent,NMPR,Tumor_epithelial
BD_immune07_40966,tumor_NMPR,tumor_NMPR,0.578602601087108,Multipotent,NMPR,Tumor_epithelial
BD_immune07_584543,tumor_NMPR,tumor_NMPR,0.317284847565728,Unipotent,NMPR,Tumor_epithelial
BD_immune07_598124,tumor_NMPR,tumor_NMPR,0.542519287169076,Multipotent,NMPR,Tumor_epithelial
BD_immune07_841526,tumor_NMPR,tumor_NMPR,0.517553720521574,Multipotent,NMPR,Tumor_epithelial
BD_immune07_124312,normal_NMPR,normal_NMPR,0.131244713949269,Differentiated,NMPR,Tumor_epithelial_AT2
BD_immune07_756979,tumor_NMPR,tumor_NMPR,0.371283515992933,Oligopotent,NMPR,Tumor_epithelial
BD_immune07_254758,normal_NMPR,normal_NMPR,0.140297059898537,Differentiated,NMPR,Tumor_epithelial_AT2
BD_immune07_536414,tumor_NMPR,tumor_NMPR,0.441711152288833,Oligopotent,NMPR,Tumor_epithelial
BD_immune07_766948,tumor_NMPR,tumor_NMPR,0.452913383367882,Oligopotent,NMPR,Tumor_epithelial
BD_immune07_604494,tumor_NMPR,tumor_NMPR,0.292152251810365,Unipotent,NMPR,Tumor_epithelial
BD_immune07_761017,tumor_NMPR,tumor_NMPR,0.450712871302,Oligopotent,NMPR,Tumor_epithelial
BD_immune07_180009,tumor_NMPR,tumor_NMPR,0.41759516044014,Oligopotent,NMPR,Tumor_epithelial
BD_immune07_84679,tumor_NMPR,tumor_NMPR,0.292166812114429,Unipotent,NMPR,Tumor_epithelial
BD_immune07_668885,normal_NMPR,normal_NMPR,0.277836292758349,Unipotent,NMPR,Tumor_epithelial_AT2
BD_immune07_859769,tumor_NMPR,tumor_NMPR,0.541698779711719,Multipotent,NMPR,Tumor_epithelial
BD_immune07_372381,tumor_NMPR,tumor_NMPR,0.377946607120116,Oligopotent,NMPR,Tumor_epithelial
BD_immune07_688079,tumor_NMPR,tumor_NMPR,0.571076624414014,Multipotent,NMPR,Tumor_epithelial
BD_immune07_94317,tumor_NMPR,tumor_NMPR,0.203628443959233,Unipotent,NMPR,Tumor_epithelial
BD_immune07_868109,tumor_NMPR,tumor_NMPR,0.433027244317052,Oligopotent,NMPR,Tumor_epithelial
BD_immune07_594551,tumor_NMPR,tumor_NMPR,0.558599994725435,Multipotent,NMPR,Tumor_epithelial
BD_immune07_16579,tumor_NMPR,tumor_NMPR,0.463639909213591,Oligopotent,NMPR,Tumor_epithelial
BD_immune07_536999,tumor_NMPR,tumor_NMPR,0.522207606301805,Multipotent,NMPR,Tumor_epithelial
BD_immune07_491644,tumor_NMPR,tumor_NMPR,0.376752041951367,Oligopotent,NMPR,Tumor_epithelial
BD_immune07_801400,tumor_NMPR,tumor_NMPR,0.214942023225751,Unipotent,NMPR,Tumor_epithelial
BD_immune07_147028,tumor_NMPR,tumor_NMPR,0.494706180177994,Oligopotent,NMPR,Tumor_epithelial
BD_immune07_447530,tumor_NMPR,tumor_NMPR,0.431305379261646,Oligopotent,NMPR,Tumor_epithelial
BD_immune07_474379,tumor_NMPR,tumor_NMPR,0.572404310879822,Multipotent,NMPR,Tumor_epithelial
BD_immune07_791961,tumor_NMPR,tumor_NMPR,0.410283873439893,Oligopotent,NMPR,Tumor_epithelial
BD_immune07_446809,tumor_NMPR,tumor_NMPR,0.414355532116708,Oligopotent,NMPR,Tumor_epithelial
BD_immune07_34185,tumor_NMPR,tumor_NMPR,0.426224666610152,Oligopotent,NMPR,Tumor_epithelial
BD_immune07_874919,tumor_NMPR,tumor_NMPR,0.403442351295404,Oligopotent,NMPR,Tumor_epithelial
BD_immune07_469135,tumor_NMPR,tumor_NMPR,0.461888856888611,Oligopotent,NMPR,Tumor_epithelial
BD_immune07_78140,tumor_NMPR,tumor_NMPR,0.466290789835839,Oligopotent,NMPR,Tumor_epithelial
BD_immune07_91678,tumor_NMPR,tumor_NMPR,0.156594352712212,Differentiated,NMPR,Tumor_epithelial
BD_immune07_484425,tumor_NMPR,tumor_NMPR,0.484361271692691,Oligopotent,NMPR,Tumor_epithelial
BD_immune07_436275,tumor_NMPR,tumor_NMPR,0.581947413588226,Multipotent,NMPR,Tumor_epithelial
BD_immune07_358941,tumor_NMPR,tumor_NMPR,0.564487638613737,Multipotent,NMPR,Tumor_epithelial
BD_immune07_338818,tumor_NMPR,tumor_NMPR,0.378265548757196,Oligopotent,NMPR,Tumor_epithelial
BD_immune07_595165,tumor_NMPR,tumor_NMPR,0.526910721079258,Multipotent,NMPR,Tumor_epithelial
BD_immune07_144658,tumor_NMPR,tumor_NMPR,0.406379137189718,Oligopotent,NMPR,Tumor_epithelial
BD_immune07_656772,tumor_NMPR,tumor_NMPR,0.377356647183082,Oligopotent,NMPR,Tumor_epithelial
BD_immune07_403774,tumor_NMPR,tumor_NMPR,0.414919452945985,Oligopotent,NMPR,Tumor_epithelial
BD_immune07_127991,tumor_NMPR,tumor_NMPR,0.506053829694697,Multipotent,NMPR,Tumor_epithelial
BD_immune07_294156,tumor_NMPR,tumor_NMPR,0.497785192062751,Oligopotent,NMPR,Tumor_epithelial
BD_immune07_809497,tumor_NMPR,tumor_NMPR,0.381338150214121,Oligopotent,NMPR,Tumor_epithelial
BD_immune07_312672,tumor_NMPR,tumor_NMPR,0.174582169735122,Unipotent,NMPR,Tumor_epithelial
BD_immune07_268211,tumor_NMPR,tumor_NMPR,0.384413983806642,Oligopotent,NMPR,Tumor_epithelial
BD_immune07_63857,tumor_NMPR,tumor_NMPR,0.547055475099319,Multipotent,NMPR,Tumor_epithelial
BD_immune07_480931,tumor_NMPR,tumor_NMPR,0.42997250196738,Oligopotent,NMPR,Tumor_epithelial
BD_immune07_726622,tumor_NMPR,tumor_NMPR,0.235032875991559,Unipotent,NMPR,Tumor_epithelial
BD_immune07_741473,normal_NMPR,normal_NMPR,0.2761393638786,Unipotent,NMPR,Tumor_epithelial_AT2
BD_immune07_209772,tumor_NMPR,tumor_NMPR,0.480687606033026,Oligopotent,NMPR,Tumor_epithelial
BD_immune07_700506,tumor_NMPR,tumor_NMPR,0.448315692963702,Oligopotent,NMPR,Tumor_epithelial
BD_immune07_512032,tumor_NMPR,tumor_NMPR,0.554003940463978,Multipotent,NMPR,Tumor_epithelial
BD_immune07_447773,tumor_NMPR,tumor_NMPR,0.534937372681076,Multipotent,NMPR,Tumor_epithelial
BD_immune07_731649,tumor_NMPR,tumor_NMPR,0.475097556673633,Oligopotent,NMPR,Tumor_epithelial
BD_immune07_819802,tumor_NMPR,tumor_NMPR,0.270636761604143,Unipotent,NMPR,Tumor_epithelial
BD_immune07_250330,tumor_NMPR,tumor_NMPR,0.571496544445507,Multipotent,NMPR,Tumor_epithelial
BD_immune07_709971,tumor_NMPR,tumor_NMPR,0.587263292404366,Multipotent,NMPR,Tumor_epithelial
BD_immune07_170587,tumor_NMPR,tumor_NMPR,0.444125195666915,Oligopotent,NMPR,Tumor_epithelial
BD_immune07_39968,tumor_NMPR,tumor_NMPR,0.530501706152745,Multipotent,NMPR,Tumor_epithelial
BD_immune07_705298,tumor_NMPR,tumor_NMPR,0.459795182511955,Oligopotent,NMPR,Tumor_epithelial
BD_immune07_249894,tumor_NMPR,tumor_NMPR,0.427821045347846,Oligopotent,NMPR,Tumor_epithelial
BD_immune07_763844,tumor_NMPR,tumor_NMPR,0.551797901988902,Multipotent,NMPR,Tumor_epithelial
BD_immune07_645309,tumor_NMPR,tumor_NMPR,0.146829389814925,Differentiated,NMPR,Tumor_epithelial_basal
BD_immune07_613854,tumor_NMPR,tumor_NMPR,0.157856145273493,Differentiated,NMPR,Tumor_epithelial
BD_immune07_96617,tumor_NMPR,tumor_NMPR,0.522938746466212,Multipotent,NMPR,Tumor_epithelial
BD_immune07_443876,normal_NMPR,normal_NMPR,0.258484877914216,Unipotent,NMPR,Tumor_epithelial_AT2
BD_immune07_378517,tumor_NMPR,tumor_NMPR,0.532108602261128,Multipotent,NMPR,Tumor_epithelial
BD_immune07_457872,tumor_NMPR,tumor_NMPR,0.154132898435111,Differentiated,NMPR,Tumor_epithelial
BD_immune07_616863,tumor_NMPR,tumor_NMPR,0.380177455846526,Oligopotent,NMPR,Tumor_epithelial
BD_immune07_644568,tumor_NMPR,tumor_NMPR,0.547392377510772,Multipotent,NMPR,Tumor_epithelial
BD_immune07_789961,tumor_NMPR,tumor_NMPR,0.52635429296342,Multipotent,NMPR,Tumor_epithelial
BD_immune07_473310,tumor_NMPR,tumor_NMPR,0.374425834825736,Oligopotent,NMPR,Tumor_epithelial
BD_immune07_871584,tumor_NMPR,tumor_NMPR,0.431232642529241,Oligopotent,NMPR,Tumor_epithelial
BD_immune07_723233,tumor_NMPR,tumor_NMPR,0.411280129276579,Oligopotent,NMPR,Tumor_epithelial
BD_immune07_642132,tumor_NMPR,tumor_NMPR,0.585977362841285,Multipotent,NMPR,Tumor_epithelial
BD_immune07_364921,tumor_NMPR,tumor_NMPR,0.514691719710467,Multipotent,NMPR,Tumor_epithelial
BD_immune07_187451,normal_NMPR,normal_NMPR,0.146191564982511,Differentiated,NMPR,Tumor_epithelial_AT2
BD_immune07_562347,tumor_NMPR,tumor_NMPR,0.514739253773279,Multipotent,NMPR,Tumor_epithelial
BD_immune07_790630,tumor_NMPR,tumor_NMPR,0.55119663305187,Multipotent,NMPR,Tumor_epithelial
BD_immune07_677496,tumor_NMPR,tumor_NMPR,0.550432780151017,Multipotent,NMPR,Tumor_epithelial
BD_immune07_334602,tumor_NMPR,tumor_NMPR,0.481630146189599,Oligopotent,NMPR,Tumor_epithelial
BD_immune07_213689,tumor_NMPR,tumor_NMPR,0.47783155160584,Oligopotent,NMPR,Tumor_epithelial
BD_immune07_287277,tumor_NMPR,tumor_NMPR,0.51962579854619,Multipotent,NMPR,Tumor_epithelial
BD_immune07_793901,normal_NMPR,normal_NMPR,0.266237469962385,Unipotent,NMPR,Tumor_epithelial_AT2
BD_immune07_298160,tumor_NMPR,tumor_NMPR,0.40383702511709,Oligopotent,NMPR,Tumor_epithelial
BD_immune07_499249,tumor_NMPR,tumor_NMPR,0.410721994129134,Oligopotent,NMPR,Tumor_epithelial
BD_immune07_586756,tumor_NMPR,tumor_NMPR,0.475414479584558,Oligopotent,NMPR,Tumor_epithelial
BD_immune07_472845,tumor_NMPR,tumor_NMPR,0.415163421027135,Oligopotent,NMPR,Tumor_epithelial
BD_immune07_758406,normal_NMPR,normal_NMPR,0.379068748050351,Oligopotent,NMPR,Tumor_epithelial_basal
BD_immune07_253126,tumor_NMPR,tumor_NMPR,0.41454889368581,Oligopotent,NMPR,Tumor_epithelial
BD_immune07_546730,normal_NMPR,normal_NMPR,0.175301710270024,Unipotent,NMPR,Tumor_epithelial_AT2
BD_immune07_290458,tumor_NMPR,tumor_NMPR,0.420449422870764,Oligopotent,NMPR,Tumor_epithelial
BD_immune07_793041,tumor_NMPR,tumor_NMPR,0.396675519018897,Oligopotent,NMPR,Tumor_epithelial
BD_immune07_21988,tumor_NMPR,tumor_NMPR,0.522439074739375,Multipotent,NMPR,Tumor_epithelial
BD_immune07_783483,tumor_NMPR,tumor_NMPR,0.535629299201602,Multipotent,NMPR,Tumor_epithelial
BD_immune07_51053,tumor_NMPR,tumor_NMPR,0.415796773249007,Oligopotent,NMPR,Tumor_epithelial
BD_immune07_526979,tumor_NMPR,tumor_NMPR,0.420319858774382,Oligopotent,NMPR,Tumor_epithelial
BD_immune07_497829,tumor_NMPR,tumor_NMPR,0.518489211883143,Multipotent,NMPR,Tumor_epithelial
BD_immune07_114473,tumor_NMPR,tumor_NMPR,0.219599694578119,Unipotent,NMPR,Tumor_epithelial
BD_immune07_473000,tumor_NMPR,tumor_NMPR,0.456992823398922,Oligopotent,NMPR,Tumor_epithelial
BD_immune07_357717,tumor_NMPR,tumor_NMPR,0.535126983073817,Multipotent,NMPR,Tumor_epithelial
BD_immune07_457429,normal_NMPR,normal_NMPR,0.138004109548206,Differentiated,NMPR,Tumor_epithelial_AT2
BD_immune07_691596,normal_NMPR,normal_NMPR,0.153966849013226,Differentiated,NMPR,Tumor_epithelial_AT2
BD_immune07_151959,tumor_NMPR,tumor_NMPR,0.516014951087041,Multipotent,NMPR,Tumor_epithelial
BD_immune07_268942,tumor_NMPR,tumor_NMPR,0.487974851896071,Oligopotent,NMPR,Tumor_epithelial
BD_immune07_117832,tumor_NMPR,tumor_NMPR,0.57928281059432,Multipotent,NMPR,Tumor_epithelial
BD_immune07_105118,tumor_NMPR,tumor_NMPR,0.482193454089883,Oligopotent,NMPR,Tumor_epithelial
BD_immune07_568272,tumor_NMPR,tumor_NMPR,0.397249318226629,Oligopotent,NMPR,Tumor_epithelial
BD_immune07_264828,tumor_NMPR,tumor_NMPR,0.432216373982789,Oligopotent,NMPR,Tumor_epithelial
BD_immune07_338708,tumor_NMPR,tumor_NMPR,0.45631969421227,Oligopotent,NMPR,Tumor_epithelial
BD_immune07_524646,tumor_NMPR,tumor_NMPR,0.557592125197149,Multipotent,NMPR,Tumor_epithelial
BD_immune07_377022,tumor_NMPR,tumor_NMPR,0.468315262564434,Oligopotent,NMPR,Tumor_epithelial
BD_immune07_115457,tumor_NMPR,tumor_NMPR,0.518468158821669,Multipotent,NMPR,Tumor_epithelial
BD_immune07_754659,tumor_NMPR,tumor_NMPR,0.401356527124039,Oligopotent,NMPR,Tumor_epithelial
BD_immune07_662339,tumor_NMPR,tumor_NMPR,0.407278324716337,Oligopotent,NMPR,Tumor_epithelial
BD_immune07_622762,tumor_NMPR,tumor_NMPR,0.379058689903632,Oligopotent,NMPR,Tumor_epithelial
BD_immune07_748271,tumor_NMPR,tumor_NMPR,0.529295806927635,Multipotent,NMPR,Tumor_epithelial
BD_immune07_430476,tumor_NMPR,tumor_NMPR,0.408041569274005,Oligopotent,NMPR,Tumor_epithelial
BD_immune07_167382,tumor_NMPR,tumor_NMPR,0.404166959116674,Oligopotent,NMPR,Tumor_epithelial
BD_immune07_123734,tumor_NMPR,tumor_NMPR,0.449025532848508,Oligopotent,NMPR,Tumor_epithelial
BD_immune07_707825,tumor_NMPR,tumor_NMPR,0.550238806759597,Multipotent,NMPR,Tumor_epithelial
BD_immune07_731290,tumor_NMPR,tumor_NMPR,0.513970071031291,Multipotent,NMPR,Tumor_epithelial
BD_immune07_846,tumor_NMPR,tumor_NMPR,0.490518098863798,Oligopotent,NMPR,Tumor_epithelial
BD_immune07_883431,tumor_NMPR,tumor_NMPR,0.46219444738143,Oligopotent,NMPR,Tumor_epithelial
BD_immune07_133616,normal_NMPR,normal_NMPR,0.266308818500952,Unipotent,NMPR,Tumor_epithelial_AT2
BD_immune07_113483,tumor_NMPR,tumor_NMPR,0.179758194574753,Unipotent,NMPR,Tumor_epithelial
BD_immune07_320028,tumor_NMPR,tumor_NMPR,0.47595298381943,Oligopotent,NMPR,Tumor_epithelial
BD_immune07_881344,tumor_NMPR,tumor_NMPR,0.184132023150923,Unipotent,NMPR,Tumor_epithelial
BD_immune07_167399,tumor_NMPR,tumor_NMPR,0.552242405378173,Multipotent,NMPR,Tumor_epithelial
BD_immune07_568139,tumor_NMPR,tumor_NMPR,0.405652857989934,Oligopotent,NMPR,Tumor_epithelial
BD_immune07_702359,tumor_NMPR,tumor_NMPR,0.408017150093388,Oligopotent,NMPR,Tumor_epithelial
BD_immune07_742531,tumor_NMPR,tumor_NMPR,0.403881193303511,Oligopotent,NMPR,Tumor_epithelial
BD_immune07_851834,tumor_NMPR,tumor_NMPR,0.482008887974445,Oligopotent,NMPR,Tumor_epithelial
BD_immune07_55408,tumor_NMPR,tumor_NMPR,0.484478676719508,Oligopotent,NMPR,Tumor_epithelial
BD_immune07_16140,tumor_NMPR,tumor_NMPR,0.337441125637138,Oligopotent,NMPR,Tumor_epithelial
BD_immune07_819449,tumor_NMPR,tumor_NMPR,0.561640545826019,Multipotent,NMPR,Tumor_epithelial
BD_immune07_563425,tumor_NMPR,tumor_NMPR,0.328502551267367,Unipotent,NMPR,Tumor_epithelial
BD_immune07_232729,tumor_NMPR,tumor_NMPR,0.472836170767678,Oligopotent,NMPR,Tumor_epithelial
BD_immune07_46542,tumor_NMPR,tumor_NMPR,0.506099114492724,Multipotent,NMPR,Tumor_epithelial
BD_immune07_240902,tumor_NMPR,tumor_NMPR,0.39459970529727,Oligopotent,NMPR,Tumor_epithelial
BD_immune07_124240,normal_NMPR,normal_NMPR,0.261168268632959,Unipotent,NMPR,Tumor_epithelial_AT2
BD_immune07_739528,tumor_NMPR,tumor_NMPR,0.572698264609552,Multipotent,NMPR,Tumor_epithelial
BD_immune07_621074,tumor_NMPR,tumor_NMPR,0.557868889171446,Multipotent,NMPR,Tumor_epithelial
BD_immune07_686481,tumor_NMPR,tumor_NMPR,0.484996284689777,Oligopotent,NMPR,Tumor_epithelial
BD_immune07_876513,normal_NMPR,normal_NMPR,0.209470943685366,Unipotent,NMPR,Tumor_epithelial_AT2
BD_immune07_20220,tumor_NMPR,tumor_NMPR,0.537872580531945,Multipotent,NMPR,Tumor_epithelial
BD_immune07_282657,normal_NMPR,normal_NMPR,0.211233426968491,Unipotent,NMPR,Tumor_epithelial_AT2
BD_immune07_831512,tumor_NMPR,tumor_NMPR,0.520933109079772,Multipotent,NMPR,Tumor_epithelial
BD_immune07_62025,normal_NMPR,normal_NMPR,0.143855452280497,Differentiated,NMPR,Tumor_epithelial_AT2
BD_immune07_177118,normal_NMPR,normal_NMPR,0.192465896505459,Unipotent,NMPR,Tumor_epithelial_AT2
BD_immune07_796687,tumor_NMPR,tumor_NMPR,0.465958099339759,Oligopotent,NMPR,Tumor_epithelial
BD_immune07_354415,tumor_NMPR,tumor_NMPR,0.636643680500354,Multipotent,NMPR,Tumor_epithelial
BD_immune07_446979,tumor_NMPR,tumor_NMPR,0.427446697525961,Oligopotent,NMPR,Tumor_epithelial
BD_immune07_407917,tumor_NMPR,tumor_NMPR,0.553245434472241,Multipotent,NMPR,Tumor_epithelial
BD_immune07_847219,tumor_NMPR,tumor_NMPR,0.574567902512315,Multipotent,NMPR,Tumor_epithelial
BD_immune07_552584,normal_NMPR,normal_NMPR,0.214450371897591,Unipotent,NMPR,Tumor_epithelial_AT2
BD_immune07_585104,tumor_NMPR,tumor_NMPR,0.502699121470149,Multipotent,NMPR,Tumor_epithelial
BD_immune07_183636,tumor_NMPR,tumor_NMPR,0.434271104503371,Oligopotent,NMPR,Tumor_epithelial
BD_immune07_486064,tumor_NMPR,tumor_NMPR,0.457221552320665,Oligopotent,NMPR,Tumor_epithelial
BD_immune07_218298,tumor_NMPR,tumor_NMPR,0.52714203749972,Multipotent,NMPR,Tumor_epithelial
BD_immune07_775108,tumor_NMPR,tumor_NMPR,0.53305603483415,Multipotent,NMPR,Tumor_epithelial
BD_immune07_483690,tumor_NMPR,tumor_NMPR,0.147943331234736,Differentiated,NMPR,Tumor_epithelial
BD_immune07_883991,tumor_NMPR,tumor_NMPR,0.485460465207867,Oligopotent,NMPR,Tumor_epithelial
BD_immune07_74737,tumor_NMPR,tumor_NMPR,0.317625032797686,Unipotent,NMPR,Tumor_epithelial
BD_immune07_443425,tumor_NMPR,tumor_NMPR,0.445101189268189,Oligopotent,NMPR,Tumor_epithelial
BD_immune07_799173,tumor_NMPR,tumor_NMPR,0.428306825579356,Oligopotent,NMPR,Tumor_epithelial
BD_immune07_75401,tumor_NMPR,tumor_NMPR,0.399347411342211,Oligopotent,NMPR,Tumor_epithelial
BD_immune07_681495,tumor_NMPR,tumor_NMPR,0.600624514764394,Multipotent,NMPR,Tumor_epithelial
BD_immune07_467625,tumor_NMPR,tumor_NMPR,0.172061235166516,Unipotent,NMPR,Tumor_epithelial
BD_immune07_442309,normal_NMPR,normal_NMPR,0.111433502324214,Differentiated,NMPR,Tumor_epithelial_AT2
BD_immune07_125913,tumor_NMPR,tumor_NMPR,0.560605584528489,Multipotent,NMPR,Tumor_epithelial
BD_immune07_342410,tumor_NMPR,tumor_NMPR,0.598111602411244,Multipotent,NMPR,Tumor_epithelial
BD_immune07_424715,normal_NMPR,normal_NMPR,0.221709819022388,Unipotent,NMPR,Tumor_epithelial_AT2
BD_immune07_613477,tumor_NMPR,tumor_NMPR,0.446158317849077,Oligopotent,NMPR,Tumor_epithelial
BD_immune07_619849,tumor_NMPR,tumor_NMPR,0.547624437642674,Multipotent,NMPR,Tumor_epithelial
BD_immune07_633164,normal_NMPR,normal_NMPR,0.14694648586732,Differentiated,NMPR,Tumor_epithelial_AT2
BD_immune07_879180,tumor_NMPR,tumor_NMPR,0.514949784443731,Multipotent,NMPR,Tumor_epithelial
BD_immune07_780877,tumor_NMPR,tumor_NMPR,0.401592376115932,Oligopotent,NMPR,Tumor_epithelial
BD_immune07_877833,tumor_NMPR,tumor_NMPR,0.527074660214177,Multipotent,NMPR,Tumor_epithelial
BD_immune07_59584,tumor_NMPR,tumor_NMPR,0.55472856312517,Multipotent,NMPR,Tumor_epithelial
BD_immune07_659963,tumor_NMPR,tumor_NMPR,0.434507215382355,Oligopotent,NMPR,Tumor_epithelial
BD_immune07_726149,tumor_NMPR,tumor_NMPR,0.489340492169049,Oligopotent,NMPR,Tumor_epithelial
BD_immune07_671609,tumor_NMPR,tumor_NMPR,0.432257439577564,Oligopotent,NMPR,Tumor_epithelial
BD_immune07_729205,tumor_NMPR,tumor_NMPR,0.406519201695791,Oligopotent,NMPR,Tumor_epithelial
BD_immune07_83284,tumor_NMPR,tumor_NMPR,0.478645824820258,Oligopotent,NMPR,Tumor_epithelial
BD_immune07_720046,tumor_NMPR,tumor_NMPR,0.429283197028138,Oligopotent,NMPR,Tumor_epithelial
BD_immune07_662961,tumor_NMPR,tumor_NMPR,0.543830643343607,Multipotent,NMPR,Tumor_epithelial
BD_immune07_302457,tumor_NMPR,tumor_NMPR,0.451635578466527,Oligopotent,NMPR,Tumor_epithelial
BD_immune07_211458,tumor_NMPR,tumor_NMPR,0.455258058077844,Oligopotent,NMPR,Tumor_epithelial
BD_immune07_600369,tumor_NMPR,tumor_NMPR,0.237084732609148,Unipotent,NMPR,Tumor_epithelial
BD_immune07_757293,tumor_NMPR,tumor_NMPR,0.15943583682141,Differentiated,NMPR,Tumor_epithelial
BD_immune07_73865,tumor_NMPR,tumor_NMPR,0.596038837034712,Multipotent,NMPR,Tumor_epithelial
BD_immune07_741272,tumor_NMPR,tumor_NMPR,0.44405298366693,Oligopotent,NMPR,Tumor_epithelial
BD_immune07_632854,tumor_NMPR,tumor_NMPR,0.258014998857641,Unipotent,NMPR,Tumor_epithelial
BD_immune07_304610,tumor_NMPR,tumor_NMPR,0.401955576320993,Oligopotent,NMPR,Tumor_epithelial
BD_immune07_574601,tumor_NMPR,tumor_NMPR,0.430395124017983,Oligopotent,NMPR,Tumor_epithelial
BD_immune07_335149,tumor_NMPR,tumor_NMPR,0.461552465556957,Oligopotent,NMPR,Tumor_epithelial
BD_immune07_794367,tumor_NMPR,tumor_NMPR,0.412322458516244,Oligopotent,NMPR,Tumor_epithelial
BD_immune07_575288,tumor_NMPR,tumor_NMPR,0.586111111053216,Multipotent,NMPR,Tumor_epithelial
BD_immune07_36101,tumor_NMPR,tumor_NMPR,0.482927508977447,Oligopotent,NMPR,Tumor_epithelial
BD_immune07_36378,tumor_NMPR,tumor_NMPR,0.46774678815013,Oligopotent,NMPR,Tumor_epithelial
BD_immune07_549802,tumor_NMPR,tumor_NMPR,0.536164392406916,Multipotent,NMPR,Tumor_epithelial
BD_immune07_554783,tumor_NMPR,tumor_NMPR,0.381098094352789,Oligopotent,NMPR,Tumor_epithelial
BD_immune07_441124,tumor_NMPR,tumor_NMPR,0.18944651426017,Unipotent,NMPR,Tumor_epithelial
BD_immune07_607516,tumor_NMPR,tumor_NMPR,0.427352968551358,Oligopotent,NMPR,Tumor_epithelial
BD_immune07_10952,tumor_NMPR,tumor_NMPR,0.459959234370431,Oligopotent,NMPR,Tumor_epithelial
BD_immune07_584089,tumor_NMPR,tumor_NMPR,0.496449582119856,Oligopotent,NMPR,Tumor_epithelial
BD_immune07_843935,tumor_NMPR,tumor_NMPR,0.226829329432891,Unipotent,NMPR,Tumor_epithelial
BD_immune07_797274,tumor_NMPR,tumor_NMPR,0.354896966531312,Oligopotent,NMPR,Tumor_epithelial
BD_immune07_681389,tumor_NMPR,tumor_NMPR,0.471123345613199,Oligopotent,NMPR,Tumor_epithelial
BD_immune07_763499,tumor_NMPR,tumor_NMPR,0.357506544766641,Oligopotent,NMPR,Tumor_epithelial
BD_immune07_876640,tumor_NMPR,tumor_NMPR,0.576006823640216,Multipotent,NMPR,Tumor_epithelial
BD_immune07_827420,tumor_NMPR,tumor_NMPR,0.272261121838507,Unipotent,NMPR,Tumor_epithelial
BD_immune07_273853,tumor_NMPR,tumor_NMPR,0.402497906826318,Oligopotent,NMPR,Tumor_epithelial
BD_immune07_167876,tumor_NMPR,tumor_NMPR,0.321345209455222,Unipotent,NMPR,Tumor_epithelial
BD_immune07_340663,tumor_NMPR,tumor_NMPR,0.469573608901147,Oligopotent,NMPR,Tumor_epithelial
BD_immune07_739755,tumor_NMPR,tumor_NMPR,0.530741885296246,Multipotent,NMPR,Tumor_epithelial
BD_immune07_465389,tumor_NMPR,tumor_NMPR,0.289046636876935,Unipotent,NMPR,Tumor_epithelial
BD_immune07_246591,tumor_NMPR,tumor_NMPR,0.584627737914285,Multipotent,NMPR,Tumor_epithelial
BD_immune07_724274,tumor_NMPR,tumor_NMPR,0.474478988282505,Oligopotent,NMPR,Tumor_epithelial
BD_immune07_778297,tumor_NMPR,tumor_NMPR,0.339868155979176,Oligopotent,NMPR,Tumor_epithelial
BD_immune07_216878,tumor_NMPR,tumor_NMPR,0.583132947239744,Multipotent,NMPR,Tumor_epithelial
BD_immune07_469864,normal_NMPR,normal_NMPR,0.0943926064734379,Differentiated,NMPR,Tumor_epithelial_AT2
BD_immune07_813354,tumor_NMPR,tumor_NMPR,0.602693112447135,Multipotent,NMPR,Tumor_epithelial
BD_immune07_669186,tumor_NMPR,tumor_NMPR,0.416108114328144,Oligopotent,NMPR,Tumor_epithelial
BD_immune07_230838,tumor_NMPR,tumor_NMPR,0.408937267577499,Oligopotent,NMPR,Tumor_epithelial
BD_immune07_776312,normal_NMPR,normal_NMPR,0.24103143576584,Unipotent,NMPR,Tumor_epithelial_AT2
BD_immune07_256282,tumor_NMPR,tumor_NMPR,0.255931268238048,Unipotent,NMPR,Tumor_epithelial
BD_immune07_877223,tumor_NMPR,tumor_NMPR,0.442486122478588,Oligopotent,NMPR,Tumor_epithelial
BD_immune07_339007,tumor_NMPR,tumor_NMPR,0.198548749892752,Unipotent,NMPR,Tumor_epithelial
BD_immune07_453490,tumor_NMPR,tumor_NMPR,0.494929254659647,Oligopotent,NMPR,Tumor_epithelial
BD_immune07_3478,tumor_NMPR,tumor_NMPR,0.379934762429473,Oligopotent,NMPR,Tumor_epithelial
BD_immune07_370116,normal_NMPR,normal_NMPR,0.12207860045763,Differentiated,NMPR,Tumor_epithelial_AT2
BD_immune07_396430,tumor_NMPR,tumor_NMPR,0.438107357145477,Oligopotent,NMPR,Tumor_epithelial
BD_immune07_657674,tumor_NMPR,tumor_NMPR,0.147985266206278,Differentiated,NMPR,Tumor_epithelial
BD_immune07_385016,tumor_NMPR,tumor_NMPR,0.512377653025118,Multipotent,NMPR,Tumor_epithelial
BD_immune07_755200,tumor_NMPR,tumor_NMPR,0.465607423710601,Oligopotent,NMPR,Tumor_epithelial
BD_immune07_87636,tumor_NMPR,tumor_NMPR,0.745599879887571,Pluripotent,NMPR,Tumor_epithelial
BD_immune07_601413,tumor_NMPR,tumor_NMPR,0.562829936776696,Multipotent,NMPR,Tumor_epithelial
BD_immune07_43482,tumor_NMPR,tumor_NMPR,0.464806027925999,Oligopotent,NMPR,Tumor_epithelial
BD_immune07_477990,tumor_NMPR,tumor_NMPR,0.372601099319302,Oligopotent,NMPR,Tumor_epithelial
BD_immune07_674220,normal_NMPR,normal_NMPR,0.19375388454398,Unipotent,NMPR,Tumor_epithelial_AT2
BD_immune07_22156,tumor_NMPR,tumor_NMPR,0.536990643434373,Multipotent,NMPR,Tumor_epithelial
BD_immune07_334263,tumor_NMPR,tumor_NMPR,0.518989712260271,Multipotent,NMPR,Tumor_epithelial
BD_immune07_773900,tumor_NMPR,tumor_NMPR,0.509024305559055,Multipotent,NMPR,Tumor_epithelial
BD_immune07_369586,tumor_NMPR,tumor_NMPR,0.390015782316198,Oligopotent,NMPR,Tumor_epithelial
BD_immune07_320151,tumor_NMPR,tumor_NMPR,0.536872383469818,Multipotent,NMPR,Tumor_epithelial
BD_immune07_877071,tumor_NMPR,tumor_NMPR,0.515143960354771,Multipotent,NMPR,Tumor_epithelial
BD_immune07_546408,tumor_NMPR,tumor_NMPR,0.472870069922148,Oligopotent,NMPR,Tumor_epithelial
BD_immune07_741768,tumor_NMPR,tumor_NMPR,0.545543688263275,Multipotent,NMPR,Tumor_epithelial
BD_immune07_878373,tumor_NMPR,tumor_NMPR,0.534155925488588,Multipotent,NMPR,Tumor_epithelial
BD_immune07_131773,tumor_NMPR,tumor_NMPR,0.540380307039176,Multipotent,NMPR,Tumor_epithelial
BD_immune07_118044,tumor_NMPR,tumor_NMPR,0.412745328976976,Oligopotent,NMPR,Tumor_epithelial
BD_immune07_108069,tumor_NMPR,tumor_NMPR,0.628519601809899,Multipotent,NMPR,Tumor_epithelial
BD_immune07_816579,tumor_NMPR,tumor_NMPR,0.588871113133634,Multipotent,NMPR,Tumor_epithelial
BD_immune07_278358,tumor_NMPR,tumor_NMPR,0.437417250025369,Oligopotent,NMPR,Tumor_epithelial
BD_immune07_136528,tumor_NMPR,tumor_NMPR,0.40287177475972,Oligopotent,NMPR,Tumor_epithelial
BD_immune07_520538,tumor_NMPR,tumor_NMPR,0.437508587439618,Oligopotent,NMPR,Tumor_epithelial
BD_immune07_155814,tumor_NMPR,tumor_NMPR,0.4081051881565,Oligopotent,NMPR,Tumor_epithelial
BD_immune07_423830,tumor_NMPR,tumor_NMPR,0.240795802581044,Unipotent,NMPR,Tumor_epithelial
BD_immune07_426733,tumor_NMPR,tumor_NMPR,0.553324825362717,Multipotent,NMPR,Tumor_epithelial
BD_immune07_520655,tumor_NMPR,tumor_NMPR,0.550996367036655,Multipotent,NMPR,Tumor_epithelial
BD_immune07_441119,tumor_NMPR,tumor_NMPR,0.416836921255558,Oligopotent,NMPR,Tumor_epithelial
BD_immune07_194186,tumor_NMPR,tumor_NMPR,0.361086035876594,Oligopotent,NMPR,Tumor_epithelial
BD_immune07_443949,tumor_NMPR,tumor_NMPR,0.498463870473185,Oligopotent,NMPR,Tumor_epithelial
BD_immune07_570092,tumor_NMPR,tumor_NMPR,0.15350103181621,Differentiated,NMPR,Tumor_epithelial
BD_immune07_462286,tumor_NMPR,tumor_NMPR,0.538232493028885,Multipotent,NMPR,Tumor_epithelial
BD_immune07_484907,tumor_NMPR,tumor_NMPR,0.515921851485164,Multipotent,NMPR,Tumor_epithelial
BD_immune07_431459,tumor_NMPR,tumor_NMPR,0.507633310508687,Multipotent,NMPR,Tumor_epithelial
BD_immune07_209536,tumor_NMPR,tumor_NMPR,0.26656992880189,Unipotent,NMPR,Tumor_epithelial
BD_immune07_826213,normal_NMPR,normal_NMPR,0.23020791788916,Unipotent,NMPR,Tumor_epithelial_AT2
BD_immune07_47426,tumor_NMPR,tumor_NMPR,0.442724152904899,Oligopotent,NMPR,Tumor_epithelial
BD_immune07_360334,tumor_NMPR,tumor_NMPR,0.453316532625368,Oligopotent,NMPR,Tumor_epithelial
BD_immune07_447944,tumor_NMPR,tumor_NMPR,0.513434230909027,Multipotent,NMPR,Tumor_epithelial
BD_immune07_418823,normal_NMPR,normal_NMPR,0.228667602241875,Unipotent,NMPR,Tumor_epithelial_AT2
BD_immune07_309748,tumor_NMPR,tumor_NMPR,0.463379948600298,Oligopotent,NMPR,Tumor_epithelial
BD_immune07_216736,tumor_NMPR,tumor_NMPR,0.463983336026374,Oligopotent,NMPR,Tumor_epithelial
BD_immune07_825557,tumor_NMPR,tumor_NMPR,0.541293709077186,Multipotent,NMPR,Tumor_epithelial
BD_immune07_379111,normal_NMPR,normal_NMPR,0.142365721062743,Differentiated,NMPR,Tumor_epithelial_AT2
BD_immune07_627690,tumor_NMPR,tumor_NMPR,0.57366280442175,Multipotent,NMPR,Tumor_epithelial
BD_immune07_59802,tumor_NMPR,tumor_NMPR,0.535350822268119,Multipotent,NMPR,Tumor_epithelial
BD_immune07_320895,tumor_NMPR,tumor_NMPR,0.563277904592423,Multipotent,NMPR,Tumor_epithelial
BD_immune07_584815,tumor_NMPR,tumor_NMPR,0.554583279705219,Multipotent,NMPR,Tumor_epithelial
BD_immune07_280524,tumor_NMPR,tumor_NMPR,0.435659644165636,Oligopotent,NMPR,Tumor_epithelial
BD_immune07_309946,tumor_NMPR,tumor_NMPR,0.409897729049385,Oligopotent,NMPR,Tumor_epithelial
BD_immune07_11650,tumor_NMPR,tumor_NMPR,0.483184286032747,Oligopotent,NMPR,Tumor_epithelial
BD_immune07_875581,tumor_NMPR,tumor_NMPR,0.431577664568837,Oligopotent,NMPR,Tumor_epithelial
BD_immune07_659054,tumor_NMPR,tumor_NMPR,0.492432554500991,Oligopotent,NMPR,Tumor_epithelial
BD_immune07_482872,tumor_NMPR,tumor_NMPR,0.486233380356712,Oligopotent,NMPR,Tumor_epithelial
BD_immune07_793246,tumor_NMPR,tumor_NMPR,0.514371975341645,Multipotent,NMPR,Tumor_epithelial
BD_immune07_728519,tumor_NMPR,tumor_NMPR,0.450406582884735,Oligopotent,NMPR,Tumor_epithelial
BD_immune07_771982,tumor_NMPR,tumor_NMPR,0.376564619998069,Oligopotent,NMPR,Tumor_epithelial
BD_immune07_366577,tumor_NMPR,tumor_NMPR,0.461292944561133,Oligopotent,NMPR,Tumor_epithelial
BD_immune07_90311,tumor_NMPR,tumor_NMPR,0.452922905461815,Oligopotent,NMPR,Tumor_epithelial
BD_immune07_324687,tumor_NMPR,tumor_NMPR,0.522495261428112,Multipotent,NMPR,Tumor_epithelial
BD_immune07_200579,tumor_NMPR,tumor_NMPR,0.470329386694193,Oligopotent,NMPR,Tumor_epithelial
BD_immune07_836163,tumor_NMPR,tumor_NMPR,0.479626467224365,Oligopotent,NMPR,Tumor_epithelial
BD_immune07_167412,tumor_NMPR,tumor_NMPR,0.42134011836153,Oligopotent,NMPR,Tumor_epithelial
BD_immune07_617068,tumor_NMPR,tumor_NMPR,0.432313210310625,Oligopotent,NMPR,Tumor_epithelial
BD_immune07_436247,tumor_NMPR,tumor_NMPR,0.472599461563315,Oligopotent,NMPR,Tumor_epithelial
BD_immune07_290804,tumor_NMPR,tumor_NMPR,0.484484778869502,Oligopotent,NMPR,Tumor_epithelial
BD_immune07_177362,tumor_NMPR,tumor_NMPR,0.439771094759671,Oligopotent,NMPR,Tumor_epithelial
BD_immune07_510107,tumor_NMPR,tumor_NMPR,0.224217204768767,Unipotent,NMPR,Tumor_epithelial
BD_immune07_424820,tumor_NMPR,tumor_NMPR,0.460236466946791,Oligopotent,NMPR,Tumor_epithelial
BD_immune07_124488,normal_NMPR,normal_NMPR,0.290939487560092,Unipotent,NMPR,Tumor_epithelial_AT2
BD_immune07_845695,tumor_NMPR,tumor_NMPR,0.552269871436982,Multipotent,NMPR,Tumor_epithelial
BD_immune07_369827,tumor_NMPR,tumor_NMPR,0.52622051653245,Multipotent,NMPR,Tumor_epithelial
BD_immune07_396007,tumor_NMPR,tumor_NMPR,0.467302832140808,Oligopotent,NMPR,Tumor_epithelial
BD_immune07_250308,tumor_NMPR,tumor_NMPR,0.474726064971078,Oligopotent,NMPR,Tumor_epithelial
BD_immune07_755204,tumor_NMPR,tumor_NMPR,0.376061194698314,Oligopotent,NMPR,Tumor_epithelial
BD_immune07_167833,tumor_NMPR,tumor_NMPR,0.447124430214858,Oligopotent,NMPR,Tumor_epithelial
BD_immune07_519893,tumor_NMPR,tumor_NMPR,0.560950650239225,Multipotent,NMPR,Tumor_epithelial
BD_immune07_545587,tumor_NMPR,tumor_NMPR,0.357186558478722,Oligopotent,NMPR,Tumor_epithelial
BD_immune07_651769,tumor_NMPR,tumor_NMPR,0.480305722351871,Oligopotent,NMPR,Tumor_epithelial
BD_immune07_866089,tumor_NMPR,tumor_NMPR,0.446363024868535,Oligopotent,NMPR,Tumor_epithelial
BD_immune07_102537,tumor_NMPR,tumor_NMPR,0.359439241922855,Oligopotent,NMPR,Tumor_epithelial
BD_immune07_387126,tumor_NMPR,tumor_NMPR,0.469504466607871,Oligopotent,NMPR,Tumor_epithelial
BD_immune07_301595,tumor_NMPR,tumor_NMPR,0.382693985942718,Oligopotent,NMPR,Tumor_epithelial
BD_immune07_417903,normal_NMPR,normal_NMPR,0.161440292476164,Differentiated,NMPR,Tumor_epithelial_AT2
BD_immune07_130871,tumor_NMPR,tumor_NMPR,0.461583311811185,Oligopotent,NMPR,Tumor_epithelial
BD_immune07_764394,tumor_NMPR,tumor_NMPR,0.522858388685082,Multipotent,NMPR,Tumor_epithelial
BD_immune07_733879,tumor_NMPR,tumor_NMPR,0.559682627564639,Multipotent,NMPR,Tumor_epithelial
BD_immune07_135198,tumor_NMPR,tumor_NMPR,0.376900515614631,Oligopotent,NMPR,Tumor_epithelial
BD_immune07_651030,normal_NMPR,normal_NMPR,0.0900630444566063,Differentiated,NMPR,Tumor_epithelial_AT2
BD_immune07_367372,tumor_NMPR,tumor_NMPR,0.60378233314941,Multipotent,NMPR,Tumor_epithelial
BD_immune07_68593,tumor_NMPR,tumor_NMPR,0.442761777463474,Oligopotent,NMPR,Tumor_epithelial
BD_immune07_282973,tumor_NMPR,tumor_NMPR,0.402466999629089,Oligopotent,NMPR,Tumor_epithelial
BD_immune07_462078,tumor_NMPR,tumor_NMPR,0.403239009226958,Oligopotent,NMPR,Tumor_epithelial
BD_immune07_881535,tumor_NMPR,tumor_NMPR,0.40142296145973,Oligopotent,NMPR,Tumor_epithelial
BD_immune07_140417,tumor_NMPR,tumor_NMPR,0.378154185851207,Oligopotent,NMPR,Tumor_epithelial
BD_immune07_229437,tumor_NMPR,tumor_NMPR,0.460102264352676,Oligopotent,NMPR,Tumor_epithelial
BD_immune07_255902,tumor_NMPR,tumor_NMPR,0.594376581598318,Multipotent,NMPR,Tumor_epithelial
BD_immune07_719692,tumor_NMPR,tumor_NMPR,0.504330122695283,Multipotent,NMPR,Tumor_epithelial
BD_immune07_99022,tumor_NMPR,tumor_NMPR,0.427320357869538,Oligopotent,NMPR,Tumor_epithelial
BD_immune07_523880,tumor_NMPR,tumor_NMPR,0.595568714476109,Multipotent,NMPR,Tumor_epithelial
BD_immune07_769852,tumor_NMPR,tumor_NMPR,0.246809946690683,Unipotent,NMPR,Tumor_epithelial
BD_immune07_691660,tumor_NMPR,tumor_NMPR,0.425005263817136,Oligopotent,NMPR,Tumor_epithelial
BD_immune07_305002,tumor_NMPR,tumor_NMPR,0.466417966362096,Oligopotent,NMPR,Tumor_epithelial
BD_immune07_333984,tumor_NMPR,tumor_NMPR,0.508316251105163,Multipotent,NMPR,Tumor_epithelial
BD_immune07_600066,tumor_NMPR,tumor_NMPR,0.435975489687518,Oligopotent,NMPR,Tumor_epithelial
BD_immune07_700422,tumor_NMPR,tumor_NMPR,0.237887682497868,Unipotent,NMPR,Tumor_epithelial
BD_immune07_428628,normal_NMPR,normal_NMPR,0.13130083479648,Differentiated,NMPR,Tumor_epithelial_AT2
BD_immune07_583505,tumor_NMPR,tumor_NMPR,0.396688983502288,Oligopotent,NMPR,Tumor_epithelial
BD_immune07_282062,tumor_NMPR,tumor_NMPR,0.442308788642872,Oligopotent,NMPR,Tumor_epithelial
BD_immune07_273684,tumor_NMPR,tumor_NMPR,0.472992902403571,Oligopotent,NMPR,Tumor_epithelial
BD_immune07_412893,tumor_NMPR,tumor_NMPR,0.48381198377433,Oligopotent,NMPR,Tumor_epithelial
BD_immune07_543613,tumor_NMPR,tumor_NMPR,0.381824435134125,Oligopotent,NMPR,Tumor_epithelial
BD_immune07_203878,normal_NMPR,normal_NMPR,0.144448976998545,Differentiated,NMPR,Tumor_epithelial_AT2
BD_immune07_438736,tumor_NMPR,tumor_NMPR,0.281807974751979,Unipotent,NMPR,Tumor_epithelial
BD_immune07_346710,normal_NMPR,normal_NMPR,0.154441420428965,Differentiated,NMPR,Tumor_epithelial_AT2
BD_immune07_501601,tumor_NMPR,tumor_NMPR,0.473587752235318,Oligopotent,NMPR,Tumor_epithelial
BD_immune07_283310,tumor_NMPR,tumor_NMPR,0.27962146408315,Unipotent,NMPR,Tumor_epithelial
BD_immune07_855900,tumor_NMPR,tumor_NMPR,0.454042775905596,Oligopotent,NMPR,Tumor_epithelial
BD_immune07_291005,tumor_NMPR,tumor_NMPR,0.234249295687424,Unipotent,NMPR,Tumor_epithelial
BD_immune07_217723,tumor_NMPR,tumor_NMPR,0.442699643432418,Oligopotent,NMPR,Tumor_epithelial
BD_immune07_636957,tumor_NMPR,tumor_NMPR,0.542270186565998,Multipotent,NMPR,Tumor_epithelial
BD_immune07_700668,tumor_NMPR,tumor_NMPR,0.360911790825563,Oligopotent,NMPR,Tumor_epithelial
BD_immune07_548690,tumor_NMPR,tumor_NMPR,0.39599511141847,Oligopotent,NMPR,Tumor_epithelial
BD_immune07_176223,tumor_NMPR,tumor_NMPR,0.451794637035373,Oligopotent,NMPR,Tumor_epithelial
BD_immune07_150753,tumor_NMPR,tumor_NMPR,0.607383099390849,Multipotent,NMPR,Tumor_epithelial
BD_immune07_433721,tumor_NMPR,tumor_NMPR,0.590282977031633,Multipotent,NMPR,Tumor_epithelial
BD_immune07_398691,tumor_NMPR,tumor_NMPR,0.404452617877443,Oligopotent,NMPR,Tumor_epithelial
BD_immune07_45716,tumor_NMPR,tumor_NMPR,0.367960004579154,Oligopotent,NMPR,Tumor_epithelial
BD_immune07_761049,tumor_NMPR,tumor_NMPR,0.406157591596786,Oligopotent,NMPR,Tumor_epithelial
BD_immune07_600327,tumor_NMPR,tumor_NMPR,0.255030511138482,Unipotent,NMPR,Tumor_epithelial
BD_immune07_827624,tumor_NMPR,tumor_NMPR,0.271913324631166,Unipotent,NMPR,Tumor_epithelial
BD_immune07_485484,normal_NMPR,normal_NMPR,0.149687507751493,Differentiated,NMPR,Tumor_epithelial_AT2
BD_immune07_69296,tumor_NMPR,tumor_NMPR,0.543348880384598,Multipotent,NMPR,Tumor_epithelial
BD_immune07_442198,tumor_NMPR,tumor_NMPR,0.612674800766305,Multipotent,NMPR,Tumor_epithelial
BD_immune07_36257,tumor_NMPR,tumor_NMPR,0.449563057789223,Oligopotent,NMPR,Tumor_epithelial
BD_immune07_338336,tumor_NMPR,tumor_NMPR,0.257647622305606,Unipotent,NMPR,Tumor_epithelial
BD_immune07_591532,tumor_NMPR,tumor_NMPR,0.39212772610789,Oligopotent,NMPR,Tumor_epithelial
BD_immune07_184534,tumor_NMPR,tumor_NMPR,0.574636449004069,Multipotent,NMPR,Tumor_epithelial
BD_immune07_332538,tumor_NMPR,tumor_NMPR,0.147885815740757,Differentiated,NMPR,Tumor_epithelial
BD_immune07_21416,tumor_NMPR,tumor_NMPR,0.587124068218407,Multipotent,NMPR,Tumor_epithelial
BD_immune07_722992,tumor_NMPR,tumor_NMPR,0.399535730649329,Oligopotent,NMPR,Tumor_epithelial
BD_immune07_425448,tumor_NMPR,tumor_NMPR,0.451156165910985,Oligopotent,NMPR,Tumor_epithelial
BD_immune07_852438,tumor_NMPR,tumor_NMPR,0.564530806713514,Multipotent,NMPR,Tumor_epithelial
BD_immune07_758332,tumor_NMPR,tumor_NMPR,0.151293490305704,Differentiated,NMPR,Tumor_epithelial
BD_immune07_264673,tumor_NMPR,tumor_NMPR,0.271778195404326,Unipotent,NMPR,Tumor_epithelial
BD_immune07_579423,tumor_NMPR,tumor_NMPR,0.420584356814604,Oligopotent,NMPR,Tumor_epithelial
BD_immune07_675485,tumor_NMPR,tumor_NMPR,0.27431852497033,Unipotent,NMPR,Tumor_epithelial
BD_immune07_82960,normal_NMPR,normal_NMPR,0.145386326600845,Differentiated,NMPR,Tumor_epithelial_AT2
BD_immune07_40667,tumor_NMPR,tumor_NMPR,0.38828322371295,Oligopotent,NMPR,Tumor_epithelial
BD_immune07_508197,tumor_NMPR,tumor_NMPR,0.423897655041795,Oligopotent,NMPR,Tumor_epithelial
BD_immune07_254361,tumor_NMPR,tumor_NMPR,0.621309394912136,Multipotent,NMPR,Tumor_epithelial
BD_immune07_630669,tumor_NMPR,tumor_NMPR,0.475862440763571,Oligopotent,NMPR,Tumor_epithelial
BD_immune07_570800,tumor_NMPR,tumor_NMPR,0.196207068967823,Unipotent,NMPR,Tumor_epithelial
BD_immune07_819424,tumor_NMPR,tumor_NMPR,0.37518165579197,Oligopotent,NMPR,Tumor_epithelial
BD_immune07_9376,tumor_NMPR,tumor_NMPR,0.483259173645586,Oligopotent,NMPR,Tumor_epithelial
BD_immune07_775650,tumor_NMPR,tumor_NMPR,0.459086398521541,Oligopotent,NMPR,Tumor_epithelial
BD_immune07_574477,normal_NMPR,normal_NMPR,0.131464179303459,Differentiated,NMPR,Tumor_epithelial_AT2
BD_immune07_570474,normal_NMPR,normal_NMPR,0.158105016936731,Differentiated,NMPR,Tumor_epithelial_AT2
BD_immune07_379936,tumor_NMPR,tumor_NMPR,0.54502905484361,Multipotent,NMPR,Tumor_epithelial
BD_immune07_666470,tumor_NMPR,tumor_NMPR,0.416429867414456,Oligopotent,NMPR,Tumor_epithelial
BD_immune07_637804,tumor_NMPR,tumor_NMPR,0.359417051178323,Oligopotent,NMPR,Tumor_epithelial
BD_immune07_105765,tumor_NMPR,tumor_NMPR,0.354809374285636,Oligopotent,NMPR,Tumor_epithelial
BD_immune07_609369,tumor_NMPR,tumor_NMPR,0.433941124855001,Oligopotent,NMPR,Tumor_epithelial
BD_immune07_791707,tumor_NMPR,tumor_NMPR,0.452965264406545,Oligopotent,NMPR,Tumor_epithelial
BD_immune07_301527,tumor_NMPR,tumor_NMPR,0.433906398202434,Oligopotent,NMPR,Tumor_epithelial
BD_immune07_475765,tumor_NMPR,tumor_NMPR,0.402644112827895,Oligopotent,NMPR,Tumor_epithelial
BD_immune07_164128,tumor_NMPR,tumor_NMPR,0.361937357853546,Oligopotent,NMPR,Tumor_epithelial
BD_immune07_847180,tumor_NMPR,tumor_NMPR,0.542056123829753,Multipotent,NMPR,Tumor_epithelial
BD_immune07_741748,tumor_NMPR,tumor_NMPR,0.21073190961505,Unipotent,NMPR,Tumor_epithelial
BD_immune07_418436,tumor_NMPR,tumor_NMPR,0.228792958288012,Unipotent,NMPR,Tumor_epithelial
BD_immune07_161943,tumor_NMPR,tumor_NMPR,0.495484229842969,Oligopotent,NMPR,Tumor_epithelial
BD_immune07_577714,tumor_NMPR,tumor_NMPR,0.535187092759239,Multipotent,NMPR,Tumor_epithelial
BD_immune07_50859,tumor_NMPR,tumor_NMPR,0.431592120137241,Oligopotent,NMPR,Tumor_epithelial
BD_immune07_797521,tumor_NMPR,tumor_NMPR,0.551863602767828,Multipotent,NMPR,Tumor_epithelial
BD_immune07_391438,tumor_NMPR,tumor_NMPR,0.364822154012011,Oligopotent,NMPR,Tumor_epithelial
BD_immune07_812749,tumor_NMPR,tumor_NMPR,0.488116003603278,Oligopotent,NMPR,Tumor_epithelial
BD_immune07_763282,tumor_NMPR,tumor_NMPR,0.406752499391755,Oligopotent,NMPR,Tumor_epithelial
BD_immune07_682013,tumor_NMPR,tumor_NMPR,0.419886292891015,Oligopotent,NMPR,Tumor_epithelial
BD_immune07_131608,tumor_NMPR,tumor_NMPR,0.424544047804815,Oligopotent,NMPR,Tumor_epithelial
BD_immune07_673869,normal_NMPR,normal_NMPR,0.151553389352874,Differentiated,NMPR,Tumor_epithelial_AT2
BD_immune07_676149,tumor_NMPR,tumor_NMPR,0.518424315091939,Multipotent,NMPR,Tumor_epithelial
BD_immune07_256690,tumor_NMPR,tumor_NMPR,0.267610612106145,Unipotent,NMPR,Tumor_epithelial
BD_immune07_100270,tumor_NMPR,tumor_NMPR,0.407906638743197,Oligopotent,NMPR,Tumor_epithelial
BD_immune07_27598,tumor_NMPR,tumor_NMPR,0.432843893568151,Oligopotent,NMPR,Tumor_epithelial
BD_immune07_260695,tumor_NMPR,tumor_NMPR,0.223654561854294,Unipotent,NMPR,Tumor_epithelial
BD_immune07_740594,tumor_NMPR,tumor_NMPR,0.187061922914674,Unipotent,NMPR,Tumor_epithelial
BD_immune07_134150,tumor_NMPR,tumor_NMPR,0.51394839893283,Multipotent,NMPR,Tumor_epithelial
BD_immune07_56330,tumor_NMPR,tumor_NMPR,0.356071537868215,Oligopotent,NMPR,Tumor_epithelial
BD_immune07_472580,tumor_NMPR,tumor_NMPR,0.43649087386048,Oligopotent,NMPR,Tumor_epithelial
BD_immune07_24247,tumor_NMPR,tumor_NMPR,0.490153894127521,Oligopotent,NMPR,Tumor_epithelial
BD_immune07_168730,tumor_NMPR,tumor_NMPR,0.536788905245459,Multipotent,NMPR,Tumor_epithelial
BD_immune07_564691,tumor_NMPR,tumor_NMPR,0.58822687156862,Multipotent,NMPR,Tumor_epithelial
BD_immune07_489728,tumor_NMPR,tumor_NMPR,0.556140101965524,Multipotent,NMPR,Tumor_epithelial
BD_immune07_199642,tumor_NMPR,tumor_NMPR,0.400714460587836,Oligopotent,NMPR,Tumor_epithelial
BD_immune07_595552,tumor_NMPR,tumor_NMPR,0.391271673913714,Oligopotent,NMPR,Tumor_epithelial
BD_immune07_419636,tumor_NMPR,tumor_NMPR,0.571312553552801,Multipotent,NMPR,Tumor_epithelial
BD_immune07_96197,tumor_NMPR,tumor_NMPR,0.407486268140223,Oligopotent,NMPR,Tumor_epithelial
BD_immune07_87380,tumor_NMPR,tumor_NMPR,0.387784901525221,Oligopotent,NMPR,Tumor_epithelial
BD_immune07_486274,tumor_NMPR,tumor_NMPR,0.625017872262575,Multipotent,NMPR,Tumor_epithelial
BD_immune07_619373,tumor_NMPR,tumor_NMPR,0.508225289237749,Multipotent,NMPR,Tumor_epithelial
BD_immune07_170219,tumor_NMPR,tumor_NMPR,0.544287298751042,Multipotent,NMPR,Tumor_epithelial
BD_immune07_782097,tumor_NMPR,tumor_NMPR,0.54262232876123,Multipotent,NMPR,Tumor_epithelial
BD_immune07_874472,tumor_NMPR,tumor_NMPR,0.288956810081862,Unipotent,NMPR,Tumor_epithelial
BD_immune07_414982,tumor_NMPR,tumor_NMPR,0.576666436826242,Multipotent,NMPR,Tumor_epithelial
BD_immune07_340393,tumor_NMPR,tumor_NMPR,0.434451049544744,Oligopotent,NMPR,Tumor_epithelial
BD_immune07_459761,tumor_NMPR,tumor_NMPR,0.210326141512534,Unipotent,NMPR,Tumor_epithelial
BD_immune07_58424,tumor_NMPR,tumor_NMPR,0.434871664496206,Oligopotent,NMPR,Tumor_epithelial
BD_immune07_458789,tumor_NMPR,tumor_NMPR,0.241165412681649,Unipotent,NMPR,Tumor_epithelial
BD_immune07_685473,tumor_NMPR,tumor_NMPR,0.529975469623277,Multipotent,NMPR,Tumor_epithelial
BD_immune07_465852,tumor_NMPR,tumor_NMPR,0.302651485485613,Unipotent,NMPR,Tumor_epithelial
BD_immune07_30835,tumor_NMPR,tumor_NMPR,0.438513504783429,Oligopotent,NMPR,Tumor_epithelial
BD_immune07_256637,tumor_NMPR,tumor_NMPR,0.527849809504762,Multipotent,NMPR,Tumor_epithelial
BD_immune07_791347,tumor_NMPR,tumor_NMPR,0.518170270208136,Multipotent,NMPR,Tumor_epithelial
BD_immune07_191652,tumor_NMPR,tumor_NMPR,0.382176400935869,Oligopotent,NMPR,Tumor_epithelial
BD_immune07_806342,normal_NMPR,normal_NMPR,0.0745816122250432,Differentiated,NMPR,Tumor_epithelial_AT2
BD_immune07_139189,tumor_NMPR,tumor_NMPR,0.249720599027207,Unipotent,NMPR,Tumor_epithelial
BD_immune07_657086,normal_NMPR,normal_NMPR,0.191940144061236,Unipotent,NMPR,Tumor_epithelial_AT2
BD_immune07_203683,tumor_NMPR,tumor_NMPR,0.276561885207298,Unipotent,NMPR,Tumor_epithelial
BD_immune07_579446,tumor_NMPR,tumor_NMPR,0.47914818213542,Oligopotent,NMPR,Tumor_epithelial
BD_immune07_296763,normal_NMPR,normal_NMPR,0.239785459591741,Unipotent,NMPR,Tumor_epithelial_AT2
BD_immune07_378291,tumor_NMPR,tumor_NMPR,0.574509569596911,Multipotent,NMPR,Tumor_epithelial
BD_immune07_327984,tumor_NMPR,tumor_NMPR,0.477507411470975,Oligopotent,NMPR,Tumor_epithelial
BD_immune07_443919,tumor_NMPR,tumor_NMPR,0.565423038430673,Multipotent,NMPR,Tumor_epithelial
BD_immune07_791039,tumor_NMPR,tumor_NMPR,0.427162477859755,Oligopotent,NMPR,Tumor_epithelial
BD_immune07_145651,tumor_NMPR,tumor_NMPR,0.47769352978083,Oligopotent,NMPR,Tumor_epithelial
BD_immune07_515787,tumor_NMPR,tumor_NMPR,0.368424949029069,Oligopotent,NMPR,Tumor_epithelial
BD_immune07_389197,tumor_NMPR,tumor_NMPR,0.532199019163431,Multipotent,NMPR,Tumor_epithelial
BD_immune07_853372,tumor_NMPR,tumor_NMPR,0.43652640361661,Oligopotent,NMPR,Tumor_epithelial
BD_immune07_848047,tumor_NMPR,tumor_NMPR,0.486996853054694,Oligopotent,NMPR,Tumor_epithelial
BD_immune07_661585,normal_NMPR,normal_NMPR,0.228489404060321,Unipotent,NMPR,Tumor_epithelial_AT2
BD_immune07_306114,tumor_NMPR,tumor_NMPR,0.421335983907516,Oligopotent,NMPR,Tumor_epithelial
BD_immune07_137837,tumor_NMPR,tumor_NMPR,0.452093746113953,Oligopotent,NMPR,Tumor_epithelial
BD_immune07_457584,tumor_NMPR,tumor_NMPR,0.51339803660482,Multipotent,NMPR,Tumor_epithelial
BD_immune07_468799,tumor_NMPR,tumor_NMPR,0.582114088423965,Multipotent,NMPR,Tumor_epithelial
BD_immune07_101042,tumor_NMPR,tumor_NMPR,0.397145097173566,Oligopotent,NMPR,Tumor_epithelial
BD_immune07_461266,tumor_NMPR,tumor_NMPR,0.483193891712109,Oligopotent,NMPR,Tumor_epithelial
BD_immune07_859156,normal_NMPR,normal_NMPR,0.107995205097675,Differentiated,NMPR,Tumor_epithelial_AT2
BD_immune07_179826,tumor_NMPR,tumor_NMPR,0.409386854122435,Oligopotent,NMPR,Tumor_epithelial
BD_immune07_363900,normal_NMPR,normal_NMPR,0.162419798903308,Differentiated,NMPR,Tumor_epithelial_AT2
BD_immune07_321766,tumor_NMPR,tumor_NMPR,0.526470172719057,Multipotent,NMPR,Tumor_epithelial
BD_immune07_719696,tumor_NMPR,tumor_NMPR,0.491141758873362,Oligopotent,NMPR,Tumor_epithelial
BD_immune07_142016,tumor_NMPR,tumor_NMPR,0.601112721854799,Multipotent,NMPR,Tumor_epithelial
BD_immune07_797548,tumor_NMPR,tumor_NMPR,0.422752608898391,Oligopotent,NMPR,Tumor_epithelial
BD_immune07_75622,tumor_NMPR,tumor_NMPR,0.39706394257956,Oligopotent,NMPR,Tumor_epithelial
BD_immune07_298693,tumor_NMPR,tumor_NMPR,0.532553969050652,Multipotent,NMPR,Tumor_epithelial
BD_immune07_596970,tumor_NMPR,tumor_NMPR,0.160198566975687,Differentiated,NMPR,Tumor_epithelial
BD_immune07_368228,tumor_NMPR,tumor_NMPR,0.528970279985397,Multipotent,NMPR,Tumor_epithelial
BD_immune07_510538,tumor_NMPR,tumor_NMPR,0.478571555549999,Oligopotent,NMPR,Tumor_epithelial
BD_immune07_738715,tumor_NMPR,tumor_NMPR,0.556371033845797,Multipotent,NMPR,Tumor_epithelial
BD_immune07_142706,tumor_NMPR,tumor_NMPR,0.533094428262511,Multipotent,NMPR,Tumor_epithelial
BD_immune07_147728,tumor_NMPR,tumor_NMPR,0.609241790427705,Multipotent,NMPR,Tumor_epithelial
BD_immune07_301619,tumor_NMPR,tumor_NMPR,0.358948156552777,Oligopotent,NMPR,Tumor_epithelial
BD_immune07_181124,tumor_NMPR,tumor_NMPR,0.476785029696065,Oligopotent,NMPR,Tumor_epithelial
BD_immune07_32221,tumor_NMPR,tumor_NMPR,0.417642407026304,Oligopotent,NMPR,Tumor_epithelial
BD_immune07_175968,tumor_NMPR,tumor_NMPR,0.549669784445958,Multipotent,NMPR,Tumor_epithelial
BD_immune07_518335,tumor_NMPR,tumor_NMPR,0.460825642238806,Oligopotent,NMPR,Tumor_epithelial
BD_immune07_853817,tumor_NMPR,tumor_NMPR,0.272728915900568,Unipotent,NMPR,Tumor_epithelial
BD_immune07_421999,tumor_NMPR,tumor_NMPR,0.510092053581217,Multipotent,NMPR,Tumor_epithelial
BD_immune07_88128,tumor_NMPR,tumor_NMPR,0.286515899704358,Unipotent,NMPR,Tumor_epithelial
BD_immune07_859525,tumor_NMPR,tumor_NMPR,0.43870057270611,Oligopotent,NMPR,Tumor_epithelial
BD_immune07_377802,tumor_NMPR,tumor_NMPR,0.427821244888871,Oligopotent,NMPR,Tumor_epithelial
BD_immune07_243188,tumor_NMPR,tumor_NMPR,0.384897192264522,Oligopotent,NMPR,Tumor_epithelial
BD_immune07_180240,normal_NMPR,normal_NMPR,0.248390075011136,Unipotent,NMPR,Tumor_epithelial_AT2
BD_immune07_512091,tumor_NMPR,tumor_NMPR,0.356554891884733,Oligopotent,NMPR,Tumor_epithelial
BD_immune07_336481,tumor_NMPR,tumor_NMPR,0.480664145731965,Oligopotent,NMPR,Tumor_epithelial
BD_immune07_258467,tumor_NMPR,tumor_NMPR,0.558470999011918,Multipotent,NMPR,Tumor_epithelial
BD_immune07_289301,tumor_NMPR,tumor_NMPR,0.535191396742325,Multipotent,NMPR,Tumor_epithelial
BD_immune07_813129,tumor_NMPR,tumor_NMPR,0.394956281885007,Oligopotent,NMPR,Tumor_epithelial
BD_immune07_187379,tumor_NMPR,tumor_NMPR,0.596789395199633,Multipotent,NMPR,Tumor_epithelial
BD_immune07_278959,tumor_NMPR,tumor_NMPR,0.406359137255961,Oligopotent,NMPR,Tumor_epithelial
BD_immune07_850944,tumor_NMPR,tumor_NMPR,0.440973164990861,Oligopotent,NMPR,Tumor_epithelial
BD_immune07_172897,tumor_NMPR,tumor_NMPR,0.535228973005468,Multipotent,NMPR,Tumor_epithelial
BD_immune07_352215,tumor_NMPR,tumor_NMPR,0.488138053650182,Oligopotent,NMPR,Tumor_epithelial
BD_immune07_656545,tumor_NMPR,tumor_NMPR,0.480765060442932,Oligopotent,NMPR,Tumor_epithelial
BD_immune07_792757,tumor_NMPR,tumor_NMPR,0.613734538974716,Multipotent,NMPR,Tumor_epithelial
BD_immune07_759391,tumor_NMPR,tumor_NMPR,0.156103955144668,Differentiated,NMPR,Tumor_epithelial
BD_immune07_792185,tumor_NMPR,tumor_NMPR,0.402057190223153,Oligopotent,NMPR,Tumor_epithelial
BD_immune07_580114,tumor_NMPR,tumor_NMPR,0.274220512150865,Unipotent,NMPR,Tumor_epithelial
BD_immune07_130474,tumor_NMPR,tumor_NMPR,0.459064492187768,Oligopotent,NMPR,Tumor_epithelial
BD_immune07_329466,tumor_NMPR,tumor_NMPR,0.50893220255453,Multipotent,NMPR,Tumor_epithelial
BD_immune07_601137,tumor_NMPR,tumor_NMPR,0.549366963031677,Multipotent,NMPR,Tumor_epithelial
BD_immune07_669463,tumor_NMPR,tumor_NMPR,0.257754900404922,Unipotent,NMPR,Tumor_epithelial
BD_immune07_788062,tumor_NMPR,tumor_NMPR,0.563414616507716,Multipotent,NMPR,Tumor_epithelial
BD_immune07_370093,tumor_NMPR,tumor_NMPR,0.197697056385678,Unipotent,NMPR,Tumor_epithelial
BD_immune07_797588,tumor_NMPR,tumor_NMPR,0.411212294316566,Oligopotent,NMPR,Tumor_epithelial
BD_immune07_210242,tumor_NMPR,tumor_NMPR,0.527890378303815,Multipotent,NMPR,Tumor_epithelial
BD_immune07_93171,tumor_NMPR,tumor_NMPR,0.463598785144709,Oligopotent,NMPR,Tumor_epithelial
BD_immune07_59127,tumor_NMPR,tumor_NMPR,0.479647176240932,Oligopotent,NMPR,Tumor_epithelial
BD_immune07_237463,tumor_NMPR,tumor_NMPR,0.415213011663715,Oligopotent,NMPR,Tumor_epithelial
BD_immune07_286415,tumor_NMPR,tumor_NMPR,0.345419784771694,Oligopotent,NMPR,Tumor_epithelial
BD_immune07_62315,tumor_NMPR,tumor_NMPR,0.523323094772073,Multipotent,NMPR,Tumor_epithelial
BD_immune07_740989,tumor_NMPR,tumor_NMPR,0.416508598378342,Oligopotent,NMPR,Tumor_epithelial
BD_immune07_679086,tumor_NMPR,tumor_NMPR,0.4331014133564,Oligopotent,NMPR,Tumor_epithelial
BD_immune07_454963,tumor_NMPR,tumor_NMPR,0.44084605212016,Oligopotent,NMPR,Tumor_epithelial
BD_immune07_681729,tumor_NMPR,tumor_NMPR,0.304350634552755,Unipotent,NMPR,Tumor_epithelial
BD_immune07_699496,tumor_NMPR,tumor_NMPR,0.552149845432564,Multipotent,NMPR,Tumor_epithelial
BD_immune07_169981,tumor_NMPR,tumor_NMPR,0.600602346294924,Multipotent,NMPR,Tumor_epithelial
BD_immune07_348852,tumor_NMPR,tumor_NMPR,0.433177489963407,Oligopotent,NMPR,Tumor_epithelial
BD_immune07_706029,tumor_NMPR,tumor_NMPR,0.523833274933477,Multipotent,NMPR,Tumor_epithelial
BD_immune07_797722,tumor_NMPR,tumor_NMPR,0.50681774901264,Multipotent,NMPR,Tumor_epithelial
BD_immune07_156039,tumor_NMPR,tumor_NMPR,0.151840384825543,Differentiated,NMPR,Tumor_epithelial
BD_immune07_1645,normal_NMPR,normal_NMPR,0.162177393129141,Differentiated,NMPR,Tumor_epithelial_AT2
BD_immune07_391840,tumor_NMPR,tumor_NMPR,0.386060624460614,Oligopotent,NMPR,Tumor_epithelial
BD_immune07_837828,tumor_NMPR,tumor_NMPR,0.163267300684711,Differentiated,NMPR,Tumor_epithelial
BD_immune07_124216,tumor_NMPR,tumor_NMPR,0.482118587339569,Oligopotent,NMPR,Tumor_epithelial
BD_immune07_55993,tumor_NMPR,tumor_NMPR,0.493683905359802,Oligopotent,NMPR,Tumor_epithelial
BD_immune07_257360,tumor_NMPR,tumor_NMPR,0.30503917417983,Unipotent,NMPR,Tumor_epithelial
BD_immune07_432653,tumor_NMPR,tumor_NMPR,0.146810758296812,Differentiated,NMPR,Tumor_epithelial
BD_immune07_238111,tumor_NMPR,tumor_NMPR,0.517109123058371,Multipotent,NMPR,Tumor_epithelial
BD_immune07_312048,normal_NMPR,normal_NMPR,0.206915789010095,Unipotent,NMPR,Tumor_epithelial_AT2
BD_immune07_47851,tumor_NMPR,tumor_NMPR,0.256683024862194,Unipotent,NMPR,Tumor_epithelial
BD_immune07_301139,tumor_NMPR,tumor_NMPR,0.630263091887467,Multipotent,NMPR,Tumor_epithelial
BD_immune07_350751,tumor_NMPR,tumor_NMPR,0.316427974757165,Unipotent,NMPR,Tumor_epithelial
BD_immune07_392183,tumor_NMPR,tumor_NMPR,0.306828690659962,Unipotent,NMPR,Tumor_epithelial
BD_immune07_645004,tumor_NMPR,tumor_NMPR,0.328486387792885,Unipotent,NMPR,Tumor_epithelial
BD_immune07_788187,tumor_NMPR,tumor_NMPR,0.526708507378579,Multipotent,NMPR,Tumor_epithelial
BD_immune07_639841,tumor_NMPR,tumor_NMPR,0.452841338096888,Oligopotent,NMPR,Tumor_epithelial
BD_immune07_653627,tumor_NMPR,tumor_NMPR,0.468411805137169,Oligopotent,NMPR,Tumor_epithelial
BD_immune07_475523,tumor_NMPR,tumor_NMPR,0.295783705756677,Unipotent,NMPR,Tumor_epithelial
BD_immune07_209066,tumor_NMPR,tumor_NMPR,0.515911886267273,Multipotent,NMPR,Tumor_epithelial
BD_immune07_797633,tumor_NMPR,tumor_NMPR,0.527434147157603,Multipotent,NMPR,Tumor_epithelial
BD_immune07_526761,tumor_NMPR,tumor_NMPR,0.402404614789159,Oligopotent,NMPR,Tumor_epithelial
BD_immune07_15645,tumor_NMPR,tumor_NMPR,0.405876344702137,Oligopotent,NMPR,Tumor_epithelial
BD_immune07_658255,tumor_NMPR,tumor_NMPR,0.409255034062468,Oligopotent,NMPR,Tumor_epithelial
BD_immune07_169288,tumor_NMPR,tumor_NMPR,0.459139893867525,Oligopotent,NMPR,Tumor_epithelial
BD_immune07_219173,tumor_NMPR,tumor_NMPR,0.474485190022243,Oligopotent,NMPR,Tumor_epithelial
BD_immune07_23833,tumor_NMPR,tumor_NMPR,0.547510077862275,Multipotent,NMPR,Tumor_epithelial
BD_immune07_708109,tumor_NMPR,tumor_NMPR,0.421076177508766,Oligopotent,NMPR,Tumor_epithelial
BD_immune07_9431,tumor_NMPR,tumor_NMPR,0.428588821329405,Oligopotent,NMPR,Tumor_epithelial
BD_immune07_415633,tumor_NMPR,tumor_NMPR,0.529755051281339,Multipotent,NMPR,Tumor_epithelial
BD_immune07_7913,tumor_NMPR,tumor_NMPR,0.390417569818304,Oligopotent,NMPR,Tumor_epithelial
BD_immune07_814886,tumor_NMPR,tumor_NMPR,0.37770605388544,Oligopotent,NMPR,Tumor_epithelial
BD_immune07_253305,tumor_NMPR,tumor_NMPR,0.532069386596533,Multipotent,NMPR,Tumor_epithelial
BD_immune07_435691,tumor_NMPR,tumor_NMPR,0.432330018934923,Oligopotent,NMPR,Tumor_epithelial
BD_immune07_791637,tumor_NMPR,tumor_NMPR,0.433194262152843,Oligopotent,NMPR,Tumor_epithelial
BD_immune07_666619,tumor_NMPR,tumor_NMPR,0.307143448525586,Unipotent,NMPR,Tumor_epithelial
BD_immune07_565546,tumor_NMPR,tumor_NMPR,0.410316413257141,Oligopotent,NMPR,Tumor_epithelial
BD_immune07_658684,tumor_NMPR,tumor_NMPR,0.377349272204477,Oligopotent,NMPR,Tumor_epithelial
BD_immune07_835249,tumor_NMPR,tumor_NMPR,0.451855060535758,Oligopotent,NMPR,Tumor_epithelial
BD_immune07_67840,tumor_NMPR,tumor_NMPR,0.495981818557545,Oligopotent,NMPR,Tumor_epithelial
BD_immune07_387801,tumor_NMPR,tumor_NMPR,0.456813641880668,Oligopotent,NMPR,Tumor_epithelial
BD_immune07_807547,normal_NMPR,normal_NMPR,0.191756893770209,Unipotent,NMPR,Tumor_epithelial_AT2
BD_immune07_231618,tumor_NMPR,tumor_NMPR,0.24939423341927,Unipotent,NMPR,Tumor_epithelial
BD_immune07_551205,tumor_NMPR,tumor_NMPR,0.548545663026733,Multipotent,NMPR,Tumor_epithelial
BD_immune07_496262,tumor_NMPR,tumor_NMPR,0.21101433722584,Unipotent,NMPR,Tumor_epithelial
BD_immune07_347142,tumor_NMPR,tumor_NMPR,0.464088615225038,Oligopotent,NMPR,Tumor_epithelial
BD_immune07_107181,tumor_NMPR,tumor_NMPR,0.580785168454789,Multipotent,NMPR,Tumor_epithelial
BD_immune07_662217,tumor_NMPR,tumor_NMPR,0.421054039753562,Oligopotent,NMPR,Tumor_epithelial
BD_immune07_759534,tumor_NMPR,tumor_NMPR,0.456465951415211,Oligopotent,NMPR,Tumor_epithelial
BD_immune07_36823,tumor_NMPR,tumor_NMPR,0.448463227718645,Oligopotent,NMPR,Tumor_epithelial
BD_immune07_477313,tumor_NMPR,tumor_NMPR,0.405152441867903,Oligopotent,NMPR,Tumor_epithelial
BD_immune07_599804,tumor_NMPR,tumor_NMPR,0.382271712194289,Oligopotent,NMPR,Tumor_epithelial
BD_immune07_312002,tumor_NMPR,tumor_NMPR,0.506036686081627,Multipotent,NMPR,Tumor_epithelial
BD_immune07_436230,tumor_NMPR,tumor_NMPR,0.407607824497234,Oligopotent,NMPR,Tumor_epithelial
BD_immune07_22767,tumor_NMPR,tumor_NMPR,0.472591740190346,Oligopotent,NMPR,Tumor_epithelial
BD_immune07_775139,normal_NMPR,normal_NMPR,0.135161754094376,Differentiated,NMPR,Tumor_epithelial_AT2
BD_immune07_612583,tumor_NMPR,tumor_NMPR,0.408925795087006,Oligopotent,NMPR,Tumor_epithelial
BD_immune07_506635,tumor_NMPR,tumor_NMPR,0.359310542154194,Oligopotent,NMPR,Tumor_epithelial
BD_immune07_727747,tumor_NMPR,tumor_NMPR,0.413519158922141,Oligopotent,NMPR,Tumor_epithelial
BD_immune07_467108,tumor_NMPR,tumor_NMPR,0.620953725534028,Multipotent,NMPR,Tumor_epithelial
BD_immune07_457622,tumor_NMPR,tumor_NMPR,0.439228048866809,Oligopotent,NMPR,Tumor_epithelial
BD_immune07_113198,tumor_NMPR,tumor_NMPR,0.191187652489733,Unipotent,NMPR,Tumor_epithelial
BD_immune07_677033,tumor_NMPR,tumor_NMPR,0.447494276163058,Oligopotent,NMPR,Tumor_epithelial
BD_immune07_393664,tumor_NMPR,tumor_NMPR,0.201515155950524,Unipotent,NMPR,Tumor_epithelial
BD_immune07_422769,tumor_NMPR,tumor_NMPR,0.44718368079718,Oligopotent,NMPR,Tumor_epithelial
BD_immune07_130401,tumor_NMPR,tumor_NMPR,0.384569385829299,Oligopotent,NMPR,Tumor_epithelial
BD_immune07_220095,tumor_NMPR,tumor_NMPR,0.465379716377958,Oligopotent,NMPR,Tumor_epithelial
BD_immune07_545263,tumor_NMPR,tumor_NMPR,0.527564741658425,Multipotent,NMPR,Tumor_epithelial
BD_immune07_491047,tumor_NMPR,tumor_NMPR,0.232271083592946,Unipotent,NMPR,Tumor_epithelial
BD_immune07_28116,tumor_NMPR,tumor_NMPR,0.201540467826783,Unipotent,NMPR,Tumor_epithelial
BD_immune07_715658,tumor_NMPR,tumor_NMPR,0.447625963026677,Oligopotent,NMPR,Tumor_epithelial
BD_immune07_297377,tumor_NMPR,tumor_NMPR,0.16010649040301,Differentiated,NMPR,Tumor_epithelial
BD_immune07_714788,tumor_NMPR,tumor_NMPR,0.547834590820967,Multipotent,NMPR,Tumor_epithelial
BD_immune07_523295,tumor_NMPR,tumor_NMPR,0.496043332440562,Oligopotent,NMPR,Tumor_epithelial
BD_immune07_336147,tumor_NMPR,tumor_NMPR,0.608443949007461,Multipotent,NMPR,Tumor_epithelial
BD_immune07_36530,tumor_NMPR,tumor_NMPR,0.46159382300624,Oligopotent,NMPR,Tumor_epithelial
BD_immune07_16131,tumor_NMPR,tumor_NMPR,0.435565435262194,Oligopotent,NMPR,Tumor_epithelial
BD_immune07_624258,tumor_NMPR,tumor_NMPR,0.45392533428587,Oligopotent,NMPR,Tumor_epithelial
BD_immune07_135131,normal_NMPR,normal_NMPR,0.150207691633498,Differentiated,NMPR,Tumor_epithelial_AT2
BD_immune07_113731,tumor_NMPR,tumor_NMPR,0.419805873248958,Oligopotent,NMPR,Tumor_epithelial
BD_immune07_759989,normal_NMPR,normal_NMPR,0.275718229670047,Unipotent,NMPR,Tumor_epithelial_AT2
BD_immune07_587867,tumor_NMPR,tumor_NMPR,0.430924078412206,Oligopotent,NMPR,Tumor_epithelial
BD_immune07_279631,tumor_NMPR,tumor_NMPR,0.269881868895298,Unipotent,NMPR,Tumor_epithelial
BD_immune07_44142,normal_NMPR,normal_NMPR,0.218983212788858,Unipotent,NMPR,Tumor_epithelial_AT2
BD_immune07_50354,tumor_NMPR,tumor_NMPR,0.305526812111904,Unipotent,NMPR,Tumor_epithelial
BD_immune07_351118,tumor_NMPR,tumor_NMPR,0.39960467072045,Oligopotent,NMPR,Tumor_epithelial
BD_immune07_810522,tumor_NMPR,tumor_NMPR,0.539037813510556,Multipotent,NMPR,Tumor_epithelial
BD_immune07_542239,tumor_NMPR,tumor_NMPR,0.284184268514032,Unipotent,NMPR,Tumor_epithelial
BD_immune07_436732,tumor_NMPR,tumor_NMPR,0.248324600786312,Unipotent,NMPR,Tumor_epithelial
BD_immune07_184273,tumor_NMPR,tumor_NMPR,0.378572922009742,Oligopotent,NMPR,Tumor_epithelial
BD_immune07_548962,tumor_NMPR,tumor_NMPR,0.399502596562392,Oligopotent,NMPR,Tumor_epithelial
BD_immune07_144246,tumor_NMPR,tumor_NMPR,0.460885035560101,Oligopotent,NMPR,Tumor_epithelial
BD_immune07_418510,tumor_NMPR,tumor_NMPR,0.4053954824364,Oligopotent,NMPR,Tumor_epithelial
BD_immune07_865115,tumor_NMPR,tumor_NMPR,0.495140527919877,Oligopotent,NMPR,Tumor_epithelial
BD_immune07_558409,tumor_NMPR,tumor_NMPR,0.157858267350512,Differentiated,NMPR,Tumor_epithelial
BD_immune07_424676,tumor_NMPR,tumor_NMPR,0.25827856119538,Unipotent,NMPR,Tumor_epithelial
BD_immune07_74782,normal_NMPR,normal_NMPR,0.15501452723306,Differentiated,NMPR,Tumor_epithelial_AT2
BD_immune07_359151,tumor_NMPR,tumor_NMPR,0.202595399717609,Unipotent,NMPR,Tumor_epithelial
BD_immune07_518647,tumor_NMPR,tumor_NMPR,0.254846808161075,Unipotent,NMPR,Tumor_epithelial
BD_immune07_274815,tumor_NMPR,tumor_NMPR,0.2747412505207,Unipotent,NMPR,Tumor_epithelial
BD_immune07_435894,tumor_NMPR,tumor_NMPR,0.430366625279208,Oligopotent,NMPR,Tumor_epithelial
BD_immune07_378544,tumor_NMPR,tumor_NMPR,0.408007653453415,Oligopotent,NMPR,Tumor_epithelial
BD_immune07_530478,tumor_NMPR,tumor_NMPR,0.473034814887527,Oligopotent,NMPR,Tumor_epithelial
BD_immune07_19316,tumor_NMPR,tumor_NMPR,0.421756502992292,Oligopotent,NMPR,Tumor_epithelial
BD_immune07_403414,tumor_NMPR,tumor_NMPR,0.38727773211455,Oligopotent,NMPR,Tumor_epithelial
BD_immune07_125307,normal_NMPR,normal_NMPR,0.199784902191987,Unipotent,NMPR,Tumor_epithelial_AT2
BD_immune07_558179,tumor_NMPR,tumor_NMPR,0.489174401537057,Oligopotent,NMPR,Tumor_epithelial
BD_immune07_9391,normal_NMPR,normal_NMPR,0.113559139470352,Differentiated,NMPR,Tumor_epithelial_AT2
BD_immune07_640885,tumor_NMPR,tumor_NMPR,0.590400376463341,Multipotent,NMPR,Tumor_epithelial
BD_immune07_352064,normal_NMPR,normal_NMPR,0.157812876122359,Differentiated,NMPR,Tumor_epithelial_AT2
BD_immune07_849388,normal_NMPR,normal_NMPR,0.294468236337927,Unipotent,NMPR,Tumor_epithelial_AT2
BD_immune07_686627,tumor_NMPR,tumor_NMPR,0.438870588966964,Oligopotent,NMPR,Tumor_epithelial
BD_immune07_847114,tumor_NMPR,tumor_NMPR,0.475544795292487,Oligopotent,NMPR,Tumor_epithelial
BD_immune07_214970,tumor_NMPR,tumor_NMPR,0.181725898335879,Unipotent,NMPR,Tumor_epithelial
BD_immune07_767424,tumor_NMPR,tumor_NMPR,0.536995326142261,Multipotent,NMPR,Tumor_epithelial
BD_immune07_868721,tumor_NMPR,tumor_NMPR,0.607924570819321,Multipotent,NMPR,Tumor_epithelial
BD_immune07_762436,tumor_NMPR,tumor_NMPR,0.525005462095032,Multipotent,NMPR,Tumor_epithelial
BD_immune07_111016,tumor_NMPR,tumor_NMPR,0.521560099302504,Multipotent,NMPR,Tumor_epithelial
BD_immune07_240107,tumor_NMPR,tumor_NMPR,0.359066395819509,Oligopotent,NMPR,Tumor_epithelial
BD_immune07_734721,tumor_NMPR,tumor_NMPR,0.147369276388601,Differentiated,NMPR,Tumor_epithelial
BD_immune07_749598,tumor_NMPR,tumor_NMPR,0.301003208111396,Unipotent,NMPR,Tumor_epithelial
BD_immune07_9257,normal_NMPR,normal_NMPR,0.15875084271983,Differentiated,NMPR,Tumor_epithelial_AT2
BD_immune07_437116,tumor_NMPR,tumor_NMPR,0.489703117254322,Oligopotent,NMPR,Tumor_epithelial
BD_immune07_357506,tumor_NMPR,tumor_NMPR,0.497293773269498,Oligopotent,NMPR,Tumor_epithelial
BD_immune07_122028,tumor_NMPR,tumor_NMPR,0.36666465347807,Oligopotent,NMPR,Tumor_epithelial
BD_immune07_654295,normal_NMPR,normal_NMPR,0.22772483548571,Unipotent,NMPR,Tumor_epithelial_AT2
BD_immune07_504037,tumor_NMPR,tumor_NMPR,0.41588809679775,Oligopotent,NMPR,Tumor_epithelial
BD_immune07_50027,normal_NMPR,normal_NMPR,0.223635893210908,Unipotent,NMPR,Tumor_epithelial_AT2
BD_immune07_418661,tumor_NMPR,tumor_NMPR,0.407017847406649,Oligopotent,NMPR,Tumor_epithelial
BD_immune07_334538,tumor_NMPR,tumor_NMPR,0.545666394899204,Multipotent,NMPR,Tumor_epithelial
BD_immune07_757173,tumor_NMPR,tumor_NMPR,0.628083042771913,Multipotent,NMPR,Tumor_epithelial
BD_immune07_840341,tumor_NMPR,tumor_NMPR,0.522088477386045,Multipotent,NMPR,Tumor_epithelial
BD_immune07_148653,tumor_NMPR,tumor_NMPR,0.374935660858778,Oligopotent,NMPR,Tumor_epithelial
BD_immune07_462336,tumor_NMPR,tumor_NMPR,0.460785479189183,Oligopotent,NMPR,Tumor_epithelial
BD_immune07_295990,normal_NMPR,normal_NMPR,0.127883211652619,Differentiated,NMPR,Tumor_epithelial_AT2
BD_immune07_842760,tumor_NMPR,tumor_NMPR,0.598294947367578,Multipotent,NMPR,Tumor_epithelial
BD_immune07_634541,tumor_NMPR,tumor_NMPR,0.350388496441279,Oligopotent,NMPR,Tumor_epithelial
BD_immune07_117470,tumor_NMPR,tumor_NMPR,0.413743289026673,Oligopotent,NMPR,Tumor_epithelial
BD_immune07_335772,normal_NMPR,normal_NMPR,0.140055979553711,Differentiated,NMPR,Tumor_epithelial_AT2
BD_immune07_21955,tumor_NMPR,tumor_NMPR,0.5237975074937,Multipotent,NMPR,Tumor_epithelial
BD_immune07_672912,tumor_NMPR,tumor_NMPR,0.474471236389113,Oligopotent,NMPR,Tumor_epithelial
BD_immune07_283836,tumor_NMPR,tumor_NMPR,0.297989312089436,Unipotent,NMPR,Tumor_epithelial
BD_immune07_825423,tumor_NMPR,tumor_NMPR,0.455017344788179,Oligopotent,NMPR,Tumor_epithelial
BD_immune07_368996,tumor_NMPR,tumor_NMPR,0.389752423547397,Oligopotent,NMPR,Tumor_epithelial
BD_immune07_235516,tumor_NMPR,tumor_NMPR,0.465311288085607,Oligopotent,NMPR,Tumor_epithelial
BD_immune07_69002,normal_NMPR,normal_NMPR,0.210969290558695,Unipotent,NMPR,Tumor_epithelial_AT2
BD_immune07_594606,tumor_NMPR,tumor_NMPR,0.304588242331478,Unipotent,NMPR,Tumor_epithelial
BD_immune07_210023,tumor_NMPR,tumor_NMPR,0.404711755905591,Oligopotent,NMPR,Tumor_epithelial
BD_immune07_406834,tumor_NMPR,tumor_NMPR,0.405353720277957,Oligopotent,NMPR,Tumor_epithelial
BD_immune07_322340,tumor_NMPR,tumor_NMPR,0.146005109990982,Differentiated,NMPR,Tumor_epithelial
BD_immune07_514859,normal_NMPR,normal_NMPR,0.13025567977059,Differentiated,NMPR,Tumor_epithelial_AT2
BD_immune07_780646,tumor_NMPR,tumor_NMPR,0.575200134447704,Multipotent,NMPR,Tumor_epithelial
BD_immune07_12844,normal_NMPR,normal_NMPR,0.15371962272187,Differentiated,NMPR,Tumor_epithelial_AT2
BD_immune07_632392,tumor_NMPR,tumor_NMPR,0.46053324494379,Oligopotent,NMPR,Tumor_epithelial
BD_immune07_90289,tumor_NMPR,tumor_NMPR,0.430670568118804,Oligopotent,NMPR,Tumor_epithelial
BD_immune07_674636,normal_NMPR,normal_NMPR,0.152310838711549,Differentiated,NMPR,Tumor_epithelial_AT2
BD_immune07_667104,tumor_NMPR,tumor_NMPR,0.39307061338762,Oligopotent,NMPR,Tumor_epithelial
BD_immune07_743265,tumor_NMPR,tumor_NMPR,0.521935534437716,Multipotent,NMPR,Tumor_epithelial
BD_immune07_205604,normal_NMPR,normal_NMPR,0.201639776107192,Unipotent,NMPR,Tumor_epithelial_AT2
BD_immune07_6415,tumor_NMPR,tumor_NMPR,0.380196172137827,Oligopotent,NMPR,Tumor_epithelial
BD_immune07_498922,tumor_NMPR,tumor_NMPR,0.464425009981085,Oligopotent,NMPR,Tumor_epithelial
BD_immune07_558733,tumor_NMPR,tumor_NMPR,0.474476124609038,Oligopotent,NMPR,Tumor_epithelial
BD_immune07_644294,tumor_NMPR,tumor_NMPR,0.47340286408797,Oligopotent,NMPR,Tumor_epithelial
BD_immune07_286089,tumor_NMPR,tumor_NMPR,0.334673573799606,Oligopotent,NMPR,Tumor_epithelial
BD_immune07_147678,tumor_NMPR,tumor_NMPR,0.51462855019231,Multipotent,NMPR,Tumor_epithelial
BD_immune07_789849,tumor_NMPR,tumor_NMPR,0.548342870932939,Multipotent,NMPR,Tumor_epithelial
BD_immune07_860912,tumor_NMPR,tumor_NMPR,0.468305887496909,Oligopotent,NMPR,Tumor_epithelial
BD_immune07_79486,tumor_NMPR,tumor_NMPR,0.542227610694663,Multipotent,NMPR,Tumor_epithelial
BD_immune07_206577,tumor_NMPR,tumor_NMPR,0.419349071432957,Oligopotent,NMPR,Tumor_epithelial
BD_immune07_691688,tumor_NMPR,tumor_NMPR,0.350614877715589,Oligopotent,NMPR,Tumor_epithelial
BD_immune07_276396,tumor_NMPR,tumor_NMPR,0.528087891822083,Multipotent,NMPR,Tumor_epithelial
BD_immune07_814134,tumor_NMPR,tumor_NMPR,0.426460709077089,Oligopotent,NMPR,Tumor_epithelial
BD_immune07_637165,tumor_NMPR,tumor_NMPR,0.544527293015458,Multipotent,NMPR,Tumor_epithelial
BD_immune07_512197,tumor_NMPR,tumor_NMPR,0.38654320770358,Oligopotent,NMPR,Tumor_epithelial
BD_immune07_33775,tumor_NMPR,tumor_NMPR,0.455268216435526,Oligopotent,NMPR,Tumor_epithelial
BD_immune07_221921,tumor_NMPR,tumor_NMPR,0.385804738784743,Oligopotent,NMPR,Tumor_epithelial
BD_immune07_390308,tumor_NMPR,tumor_NMPR,0.525045589473766,Multipotent,NMPR,Tumor_epithelial
BD_immune07_204556,normal_NMPR,normal_NMPR,0.225379907538362,Unipotent,NMPR,Tumor_epithelial_AT2
BD_immune07_558041,normal_NMPR,normal_NMPR,0.234381685442906,Unipotent,NMPR,Tumor_epithelial_AT2
BD_immune07_311032,tumor_NMPR,tumor_NMPR,0.394385559732726,Oligopotent,NMPR,Tumor_epithelial_basal
BD_immune07_729696,tumor_NMPR,tumor_NMPR,0.407189340325266,Oligopotent,NMPR,Tumor_epithelial
BD_immune07_4911,tumor_NMPR,tumor_NMPR,0.37250526694004,Oligopotent,NMPR,Tumor_epithelial
BD_immune07_167675,tumor_NMPR,tumor_NMPR,0.337415782120122,Oligopotent,NMPR,Tumor_epithelial
BD_immune07_327340,tumor_NMPR,tumor_NMPR,0.539909358334753,Multipotent,NMPR,Tumor_epithelial
BD_immune07_49657,tumor_NMPR,tumor_NMPR,0.254613753373825,Unipotent,NMPR,Tumor_epithelial
BD_immune07_65771,tumor_NMPR,tumor_NMPR,0.29190943470066,Unipotent,NMPR,Tumor_epithelial
BD_immune07_741694,tumor_NMPR,tumor_NMPR,0.46981090987465,Oligopotent,NMPR,Tumor_epithelial
BD_immune07_350885,tumor_NMPR,tumor_NMPR,0.232985315095704,Unipotent,NMPR,Tumor_epithelial
BD_immune07_808556,tumor_NMPR,tumor_NMPR,0.604054247633085,Multipotent,NMPR,Tumor_epithelial
BD_immune07_87479,tumor_NMPR,tumor_NMPR,0.432289220196257,Oligopotent,NMPR,Tumor_epithelial
BD_immune07_59644,normal_NMPR,normal_NMPR,0.190483223666784,Unipotent,NMPR,Tumor_epithelial_AT2
BD_immune07_219885,tumor_NMPR,tumor_NMPR,0.472793202025457,Oligopotent,NMPR,Tumor_epithelial
BD_immune07_290505,normal_NMPR,normal_NMPR,0.124159313767335,Differentiated,NMPR,Tumor_epithelial_AT2
BD_immune07_842913,tumor_NMPR,tumor_NMPR,0.471404336317909,Oligopotent,NMPR,Tumor_epithelial
BD_immune07_192928,tumor_NMPR,tumor_NMPR,0.538583665293913,Multipotent,NMPR,Tumor_epithelial
BD_immune07_735828,tumor_NMPR,tumor_NMPR,0.473286078291492,Oligopotent,NMPR,Tumor_epithelial
BD_immune07_419381,tumor_NMPR,tumor_NMPR,0.26395211417906,Unipotent,NMPR,Tumor_epithelial
BD_immune07_780019,tumor_NMPR,tumor_NMPR,0.484284916480429,Oligopotent,NMPR,Tumor_epithelial
BD_immune07_333018,tumor_NMPR,tumor_NMPR,0.471409445035024,Oligopotent,NMPR,Tumor_epithelial
BD_immune07_695141,tumor_NMPR,tumor_NMPR,0.376379539018628,Oligopotent,NMPR,Tumor_epithelial
BD_immune07_560229,tumor_NMPR,tumor_NMPR,0.514759546105971,Multipotent,NMPR,Tumor_epithelial
BD_immune07_66334,tumor_NMPR,tumor_NMPR,0.226419456024045,Unipotent,NMPR,Tumor_epithelial
BD_immune07_572662,tumor_NMPR,tumor_NMPR,0.400971712522479,Oligopotent,NMPR,Tumor_epithelial
BD_immune07_683567,normal_NMPR,normal_NMPR,0.0800005648913377,Differentiated,NMPR,Tumor_epithelial_AT2
BD_immune07_278181,tumor_NMPR,tumor_NMPR,0.597118410110514,Multipotent,NMPR,Tumor_epithelial
BD_immune07_602859,tumor_NMPR,tumor_NMPR,0.513692805363153,Multipotent,NMPR,Tumor_epithelial
BD_immune07_699187,tumor_NMPR,tumor_NMPR,0.369107498012075,Oligopotent,NMPR,Tumor_epithelial
BD_immune07_496229,normal_NMPR,normal_NMPR,0.160749125521039,Differentiated,NMPR,Tumor_epithelial_AT2
BD_immune07_394915,tumor_NMPR,tumor_NMPR,0.550969990903895,Multipotent,NMPR,Tumor_epithelial
BD_immune07_353938,normal_NMPR,normal_NMPR,0.134368736096764,Differentiated,NMPR,Tumor_epithelial_AT2
BD_immune07_239261,tumor_NMPR,tumor_NMPR,0.482065991481458,Oligopotent,NMPR,Tumor_epithelial
BD_immune07_272239,tumor_NMPR,tumor_NMPR,0.40433010094913,Oligopotent,NMPR,Tumor_epithelial
BD_immune07_268938,tumor_NMPR,tumor_NMPR,0.442553612800776,Oligopotent,NMPR,Tumor_epithelial
BD_immune07_571301,tumor_NMPR,tumor_NMPR,0.478709189880234,Oligopotent,NMPR,Tumor_epithelial
BD_immune07_64574,tumor_NMPR,tumor_NMPR,0.374355221153617,Oligopotent,NMPR,Tumor_epithelial
BD_immune07_522583,tumor_NMPR,tumor_NMPR,0.407458887332139,Oligopotent,NMPR,Tumor_epithelial
BD_immune07_761288,tumor_NMPR,tumor_NMPR,0.558834310929466,Multipotent,NMPR,Tumor_epithelial
BD_immune07_831378,tumor_NMPR,tumor_NMPR,0.431873825756032,Oligopotent,NMPR,Tumor_epithelial
BD_immune07_643890,tumor_NMPR,tumor_NMPR,0.478812576471708,Oligopotent,NMPR,Tumor_epithelial
BD_immune07_298103,tumor_NMPR,tumor_NMPR,0.49159270959908,Oligopotent,NMPR,Tumor_epithelial
BD_immune07_768546,normal_NMPR,normal_NMPR,0.256434635828939,Unipotent,NMPR,Tumor_epithelial_AT2
BD_immune07_719282,tumor_NMPR,tumor_NMPR,0.398780526920924,Oligopotent,NMPR,Tumor_epithelial
BD_immune07_582536,normal_NMPR,normal_NMPR,0.221044921958146,Unipotent,NMPR,Tumor_epithelial_AT2
BD_immune07_286463,tumor_NMPR,tumor_NMPR,0.213023337261692,Unipotent,NMPR,Tumor_epithelial
BD_immune07_281560,tumor_NMPR,tumor_NMPR,0.277958546119771,Unipotent,NMPR,Tumor_epithelial
BD_immune07_880472,tumor_NMPR,tumor_NMPR,0.42297752590947,Oligopotent,NMPR,Tumor_epithelial
BD_immune07_359939,tumor_NMPR,tumor_NMPR,0.149831463790771,Differentiated,NMPR,Tumor_epithelial
BD_immune07_614411,normal_NMPR,normal_NMPR,0.238847727840316,Unipotent,NMPR,Tumor_epithelial_AT2
BD_immune07_265006,tumor_NMPR,tumor_NMPR,0.39261423384211,Oligopotent,NMPR,Tumor_epithelial
BD_immune07_381827,tumor_NMPR,tumor_NMPR,0.522174627808151,Multipotent,NMPR,Tumor_epithelial
BD_immune07_469202,tumor_NMPR,tumor_NMPR,0.463094311513557,Oligopotent,NMPR,Tumor_epithelial
BD_immune07_470492,tumor_NMPR,tumor_NMPR,0.446404530754835,Oligopotent,NMPR,Tumor_epithelial
BD_immune07_584234,tumor_NMPR,tumor_NMPR,0.414966675274221,Oligopotent,NMPR,Tumor_epithelial
BD_immune07_796603,tumor_NMPR,tumor_NMPR,0.412252244278361,Oligopotent,NMPR,Tumor_epithelial
BD_immune07_584845,tumor_NMPR,tumor_NMPR,0.430519823139445,Oligopotent,NMPR,Tumor_epithelial
BD_immune07_97078,tumor_NMPR,tumor_NMPR,0.406211250215009,Oligopotent,NMPR,Tumor_epithelial
BD_immune07_340219,normal_NMPR,normal_NMPR,0.146167735421146,Differentiated,NMPR,Tumor_epithelial_AT2
BD_immune07_390771,tumor_NMPR,tumor_NMPR,0.521317847318015,Multipotent,NMPR,Tumor_epithelial
BD_immune07_242675,tumor_NMPR,tumor_NMPR,0.439300078356349,Oligopotent,NMPR,Tumor_epithelial
BD_immune07_417196,tumor_NMPR,tumor_NMPR,0.421017225833592,Oligopotent,NMPR,Tumor_epithelial
BD_immune07_768058,tumor_NMPR,tumor_NMPR,0.530509363259869,Multipotent,NMPR,Tumor_epithelial
BD_immune07_777874,normal_NMPR,normal_NMPR,0.132136412122178,Differentiated,NMPR,Tumor_epithelial_AT2
BD_immune07_132321,tumor_NMPR,tumor_NMPR,0.427384510007949,Oligopotent,NMPR,Tumor_epithelial
BD_immune07_20516,tumor_NMPR,tumor_NMPR,0.515580381848649,Multipotent,NMPR,Tumor_epithelial
BD_immune07_820285,tumor_NMPR,tumor_NMPR,0.296995698477277,Unipotent,NMPR,Tumor_epithelial
BD_immune07_694897,tumor_NMPR,tumor_NMPR,0.442321547556807,Oligopotent,NMPR,Tumor_epithelial
BD_immune07_587296,,,0.493341642061328,Oligopotent,NMPR,Tumor_epithelial
BD_immune07_352221,normal_NMPR,normal_NMPR,0.223519271193158,Unipotent,NMPR,Tumor_epithelial_AT2
BD_immune07_369914,tumor_NMPR,tumor_NMPR,0.490451322191637,Oligopotent,NMPR,Tumor_epithelial
BD_immune07_796778,tumor_NMPR,tumor_NMPR,0.283418674460588,Unipotent,NMPR,Tumor_epithelial
BD_immune07_219017,tumor_NMPR,tumor_NMPR,0.44891748329631,Oligopotent,NMPR,Tumor_epithelial
BD_immune07_873058,tumor_NMPR,tumor_NMPR,0.379644964722392,Oligopotent,NMPR,Tumor_epithelial
BD_immune07_362797,normal_NMPR,normal_NMPR,0.157164908213876,Differentiated,NMPR,Tumor_epithelial_AT2
BD_immune07_214258,tumor_NMPR,tumor_NMPR,0.469352684637897,Oligopotent,NMPR,Tumor_epithelial
BD_immune07_458899,normal_NMPR,normal_NMPR,0.0901585073047729,Differentiated,NMPR,Tumor_epithelial_AT2
BD_immune07_340306,tumor_NMPR,tumor_NMPR,0.379843913281853,Oligopotent,NMPR,Tumor_epithelial
BD_immune07_537535,normal_NMPR,normal_NMPR,0.184994234541064,Unipotent,NMPR,Tumor_epithelial_AT2
BD_immune07_766055,normal_NMPR,normal_NMPR,0.178620202082277,Unipotent,NMPR,Tumor_epithelial_AT2
BD_immune07_57329,tumor_NMPR,tumor_NMPR,0.457519136639115,Oligopotent,NMPR,Tumor_epithelial
BD_immune07_474362,tumor_NMPR,tumor_NMPR,0.37138521427145,Oligopotent,NMPR,Tumor_epithelial
BD_immune07_786228,tumor_NMPR,tumor_NMPR,0.418739231003418,Oligopotent,NMPR,Tumor_epithelial
BD_immune07_444768,tumor_NMPR,tumor_NMPR,0.336010957565006,Oligopotent,NMPR,Tumor_epithelial
BD_immune07_808055,tumor_NMPR,tumor_NMPR,0.452252929396667,Oligopotent,NMPR,Tumor_epithelial
BD_immune07_378444,tumor_NMPR,tumor_NMPR,0.464593104194484,Oligopotent,NMPR,Tumor_epithelial
BD_immune07_687833,tumor_NMPR,tumor_NMPR,0.359762941812732,Oligopotent,NMPR,Tumor_epithelial
BD_immune07_586974,tumor_NMPR,tumor_NMPR,0.466085242645597,Oligopotent,NMPR,Tumor_epithelial
BD_immune07_269031,tumor_NMPR,tumor_NMPR,0.605565307849662,Multipotent,NMPR,Tumor_epithelial
BD_immune07_182916,tumor_NMPR,tumor_NMPR,0.135164543644008,Differentiated,NMPR,Tumor_epithelial
BD_immune07_521935,tumor_NMPR,tumor_NMPR,0.495189608336525,Oligopotent,NMPR,Tumor_epithelial
BD_immune07_807774,tumor_NMPR,tumor_NMPR,0.353749567671969,Oligopotent,NMPR,Tumor_epithelial
BD_immune07_422521,tumor_NMPR,tumor_NMPR,0.42400790524213,Oligopotent,NMPR,Tumor_epithelial
BD_immune07_811263,tumor_NMPR,tumor_NMPR,0.474889866596767,Oligopotent,NMPR,Tumor_epithelial
BD_immune07_746586,tumor_NMPR,tumor_NMPR,0.377840252156958,Oligopotent,NMPR,Tumor_epithelial
BD_immune07_133002,tumor_NMPR,tumor_NMPR,0.395420586643472,Oligopotent,NMPR,Tumor_epithelial
BD_immune07_253125,tumor_NMPR,tumor_NMPR,0.383908662731726,Oligopotent,NMPR,Tumor_epithelial
BD_immune07_585283,tumor_NMPR,tumor_NMPR,0.412726257632328,Oligopotent,NMPR,Tumor_epithelial
BD_immune07_314692,tumor_NMPR,tumor_NMPR,0.379830523021305,Oligopotent,NMPR,Tumor_epithelial
BD_immune07_356123,tumor_NMPR,tumor_NMPR,0.32613788933373,Unipotent,NMPR,Tumor_epithelial
BD_immune07_764581,tumor_NMPR,tumor_NMPR,0.448406044142065,Oligopotent,NMPR,Tumor_epithelial
BD_immune07_616280,tumor_NMPR,tumor_NMPR,0.170971876895241,Unipotent,NMPR,Tumor_epithelial
BD_immune07_880254,tumor_NMPR,tumor_NMPR,0.541904341582366,Multipotent,NMPR,Tumor_epithelial
BD_immune07_150878,tumor_NMPR,tumor_NMPR,0.400928889042431,Oligopotent,NMPR,Tumor_epithelial
BD_immune07_80113,tumor_NMPR,tumor_NMPR,0.311248654719347,Unipotent,NMPR,Tumor_epithelial
BD_immune07_396623,tumor_NMPR,tumor_NMPR,0.417986538678573,Oligopotent,NMPR,Tumor_epithelial
BD_immune07_148456,tumor_NMPR,tumor_NMPR,0.247371869206769,Unipotent,NMPR,Tumor_epithelial
BD_immune07_131610,tumor_NMPR,tumor_NMPR,0.457668117174407,Oligopotent,NMPR,Tumor_epithelial
BD_immune07_252085,tumor_NMPR,tumor_NMPR,0.511775886621413,Multipotent,NMPR,Tumor_epithelial
BD_immune07_503731,tumor_NMPR,tumor_NMPR,0.270705206654873,Unipotent,NMPR,Tumor_epithelial
BD_immune07_301557,tumor_NMPR,tumor_NMPR,0.442943854597905,Oligopotent,NMPR,Tumor_epithelial
BD_immune07_649674,tumor_NMPR,tumor_NMPR,0.492307483640996,Oligopotent,NMPR,Tumor_epithelial
BD_immune07_225285,tumor_NMPR,tumor_NMPR,0.392995458634906,Oligopotent,NMPR,Tumor_epithelial
BD_immune07_534456,tumor_NMPR,tumor_NMPR,0.454601332825471,Oligopotent,NMPR,Tumor_epithelial
BD_immune07_387737,tumor_NMPR,tumor_NMPR,0.435770148848919,Oligopotent,NMPR,Tumor_epithelial
BD_immune07_218633,normal_NMPR,normal_NMPR,0.100358812616684,Differentiated,NMPR,Tumor_epithelial_AT2
BD_immune07_266905,tumor_NMPR,tumor_NMPR,0.509975063911664,Multipotent,NMPR,Tumor_epithelial
BD_immune07_349756,tumor_NMPR,tumor_NMPR,0.145533605682136,Differentiated,NMPR,Tumor_epithelial
BD_immune07_293059,normal_NMPR,normal_NMPR,0.132502155994651,Differentiated,NMPR,Tumor_epithelial_AT2
BD_immune07_668696,tumor_NMPR,tumor_NMPR,0.406077381416731,Oligopotent,NMPR,Tumor_epithelial
BD_immune07_279328,tumor_NMPR,tumor_NMPR,0.431677059431205,Oligopotent,NMPR,Tumor_epithelial
BD_immune07_266833,tumor_NMPR,tumor_NMPR,0.487540657708517,Oligopotent,NMPR,Tumor_epithelial
BD_immune07_778594,tumor_NMPR,tumor_NMPR,0.435201710260818,Oligopotent,NMPR,Tumor_epithelial
BD_immune07_93173,tumor_NMPR,tumor_NMPR,0.416054802943313,Oligopotent,NMPR,Tumor_epithelial
BD_immune07_719369,tumor_NMPR,tumor_NMPR,0.406549796606244,Oligopotent,NMPR,Tumor_epithelial
BD_immune07_778790,normal_NMPR,normal_NMPR,0.132069333013796,Differentiated,NMPR,Tumor_epithelial_AT2
BD_immune07_9154,tumor_NMPR,tumor_NMPR,0.510558055713723,Multipotent,NMPR,Tumor_epithelial
BD_immune07_509818,tumor_NMPR,tumor_NMPR,0.436818955643664,Oligopotent,NMPR,Tumor_epithelial
BD_immune07_489096,tumor_NMPR,tumor_NMPR,0.50324818466447,Multipotent,NMPR,Tumor_epithelial
BD_immune07_668111,tumor_NMPR,tumor_NMPR,0.415862509092475,Oligopotent,NMPR,Tumor_epithelial
BD_immune07_224929,tumor_NMPR,tumor_NMPR,0.361000018415056,Oligopotent,NMPR,Tumor_epithelial
BD_immune07_850990,tumor_NMPR,tumor_NMPR,0.457953656366476,Oligopotent,NMPR,Tumor_epithelial
BD_immune07_523187,tumor_NMPR,tumor_NMPR,0.222636768170153,Unipotent,NMPR,Tumor_epithelial
BD_immune07_400981,tumor_NMPR,tumor_NMPR,0.402682857290508,Oligopotent,NMPR,Tumor_epithelial
BD_immune07_724560,tumor_NMPR,tumor_NMPR,0.52302945150235,Multipotent,NMPR,Tumor_epithelial
BD_immune07_15074,tumor_NMPR,tumor_NMPR,0.28234135776881,Unipotent,NMPR,Tumor_epithelial
BD_immune07_638349,tumor_NMPR,tumor_NMPR,0.345521800442685,Oligopotent,NMPR,Tumor_epithelial
BD_immune07_90294,tumor_NMPR,tumor_NMPR,0.491153233612586,Oligopotent,NMPR,Tumor_epithelial
BD_immune07_754982,tumor_NMPR,tumor_NMPR,0.4255625465094,Oligopotent,NMPR,Tumor_epithelial
BD_immune07_567156,tumor_NMPR,tumor_NMPR,0.140816280387138,Differentiated,NMPR,Tumor_epithelial
BD_immune07_626233,normal_NMPR,normal_NMPR,0.112199738664725,Differentiated,NMPR,Tumor_epithelial_AT2
BD_immune07_831491,tumor_NMPR,tumor_NMPR,0.214024628973284,Unipotent,NMPR,Tumor_epithelial
BD_immune07_753327,normal_NMPR,normal_NMPR,0.119105023137247,Differentiated,NMPR,Tumor_epithelial_AT2
BD_immune07_24117,tumor_NMPR,tumor_NMPR,0.298301052565571,Unipotent,NMPR,Tumor_epithelial
BD_immune07_831936,tumor_NMPR,tumor_NMPR,0.529049312709199,Multipotent,NMPR,Tumor_epithelial
BD_immune07_566316,tumor_NMPR,tumor_NMPR,0.422201098021249,Oligopotent,NMPR,Tumor_epithelial
BD_immune07_737549,tumor_NMPR,tumor_NMPR,0.405401273646838,Oligopotent,NMPR,Tumor_epithelial
BD_immune07_368558,tumor_NMPR,tumor_NMPR,0.425956412501329,Oligopotent,NMPR,Tumor_epithelial
BD_immune07_209784,tumor_NMPR,tumor_NMPR,0.213035416574098,Unipotent,NMPR,Tumor_epithelial
BD_immune07_752589,normal_NMPR,normal_NMPR,0.261168432698543,Unipotent,NMPR,Tumor_epithelial_AT2
BD_immune07_297746,tumor_NMPR,tumor_NMPR,0.466899950304226,Oligopotent,NMPR,Tumor_epithelial
BD_immune07_755636,tumor_NMPR,tumor_NMPR,0.514286963935663,Multipotent,NMPR,Tumor_epithelial
BD_immune07_150148,tumor_NMPR,tumor_NMPR,0.387666616930212,Oligopotent,NMPR,Tumor_epithelial
BD_immune07_806810,tumor_NMPR,tumor_NMPR,0.38536873756751,Oligopotent,NMPR,Tumor_epithelial
BD_immune07_546939,tumor_NMPR,tumor_NMPR,0.306573038431903,Unipotent,NMPR,Tumor_epithelial
BD_immune07_626878,tumor_NMPR,tumor_NMPR,0.542647795389769,Multipotent,NMPR,Tumor_epithelial
BD_immune07_726899,tumor_NMPR,tumor_NMPR,0.412468706953175,Oligopotent,NMPR,Tumor_epithelial
BD_immune07_331226,tumor_NMPR,tumor_NMPR,0.39139677520071,Oligopotent,NMPR,Tumor_epithelial
BD_immune07_296631,tumor_NMPR,tumor_NMPR,0.513980731070421,Multipotent,NMPR,Tumor_epithelial
BD_immune07_265271,tumor_NMPR,tumor_NMPR,0.464425309063246,Oligopotent,NMPR,Tumor_epithelial
BD_immune07_492974,tumor_NMPR,tumor_NMPR,0.261767190591217,Unipotent,NMPR,Tumor_epithelial
BD_immune07_447682,tumor_NMPR,tumor_NMPR,0.248034411615725,Unipotent,NMPR,Tumor_epithelial
BD_immune07_677857,tumor_NMPR,tumor_NMPR,0.399880851268957,Oligopotent,NMPR,Tumor_epithelial
BD_immune07_291425,tumor_NMPR,tumor_NMPR,0.569318549930697,Multipotent,NMPR,Tumor_epithelial
BD_immune07_718181,tumor_NMPR,tumor_NMPR,0.563950090029435,Multipotent,NMPR,Tumor_epithelial
BD_immune07_339828,tumor_NMPR,tumor_NMPR,0.34585305925202,Oligopotent,NMPR,Tumor_epithelial
BD_immune07_377756,tumor_NMPR,tumor_NMPR,0.407201190185225,Oligopotent,NMPR,Tumor_epithelial
BD_immune07_732217,tumor_NMPR,tumor_NMPR,0.419529566336846,Oligopotent,NMPR,Tumor_epithelial
BD_immune07_567601,tumor_NMPR,tumor_NMPR,0.438522197604731,Oligopotent,NMPR,Tumor_epithelial
BD_immune07_421163,tumor_NMPR,tumor_NMPR,0.144308066067785,Differentiated,NMPR,Tumor_epithelial
BD_immune07_192260,tumor_NMPR,tumor_NMPR,0.414217246163087,Oligopotent,NMPR,Tumor_epithelial
BD_immune07_683367,tumor_NMPR,tumor_NMPR,0.273313587937995,Unipotent,NMPR,Tumor_epithelial
BD_immune07_184653,tumor_NMPR,tumor_NMPR,0.589766593647166,Multipotent,NMPR,Tumor_epithelial
BD_immune07_815497,tumor_NMPR,tumor_NMPR,0.423230762581434,Oligopotent,NMPR,Tumor_epithelial
BD_immune07_94947,tumor_NMPR,tumor_NMPR,0.18255583859321,Unipotent,NMPR,Tumor_epithelial
BD_immune07_64355,normal_NMPR,normal_NMPR,0.195785908530006,Unipotent,NMPR,Tumor_epithelial_AT2
BD_immune07_686291,tumor_NMPR,tumor_NMPR,0.491984663156927,Oligopotent,NMPR,Tumor_epithelial
BD_immune07_669376,tumor_NMPR,tumor_NMPR,0.412901487741289,Oligopotent,NMPR,Tumor_epithelial
BD_immune07_669896,tumor_NMPR,tumor_NMPR,0.272783440514738,Unipotent,NMPR,Tumor_epithelial
BD_immune07_34188,normal_NMPR,normal_NMPR,0.0903828641339424,Differentiated,NMPR,Tumor_epithelial_AT2
BD_immune07_27640,tumor_NMPR,tumor_NMPR,0.415594881286727,Oligopotent,NMPR,Tumor_epithelial
BD_immune07_57744,tumor_NMPR,tumor_NMPR,0.189275736992088,Unipotent,NMPR,Tumor_epithelial
BD_immune07_640677,tumor_NMPR,tumor_NMPR,0.542188089616116,Multipotent,NMPR,Tumor_epithelial
BD_immune07_600052,tumor_NMPR,tumor_NMPR,0.426291404841344,Oligopotent,NMPR,Tumor_epithelial
BD_immune07_851086,normal_NMPR,normal_NMPR,0.155223320672881,Differentiated,NMPR,Tumor_epithelial_AT2
BD_immune07_849395,tumor_NMPR,tumor_NMPR,0.397409158073662,Oligopotent,NMPR,Tumor_epithelial
BD_immune07_311630,tumor_NMPR,tumor_NMPR,0.381848947516791,Oligopotent,NMPR,Tumor_epithelial
BD_immune07_442848,tumor_NMPR,tumor_NMPR,0.500383680925139,Multipotent,NMPR,Tumor_epithelial
BD_immune07_820008,tumor_NMPR,tumor_NMPR,0.41710820350382,Oligopotent,NMPR,Tumor_epithelial
BD_immune07_287750,normal_NMPR,normal_NMPR,0.0931381650310988,Differentiated,NMPR,Tumor_epithelial_AT2
BD_immune07_832401,tumor_NMPR,tumor_NMPR,0.199468019110696,Unipotent,NMPR,Tumor_epithelial
BD_immune07_114657,tumor_NMPR,tumor_NMPR,0.379043967107135,Oligopotent,NMPR,Tumor_epithelial
BD_immune07_867647,tumor_NMPR,tumor_NMPR,0.236858932193065,Unipotent,NMPR,Tumor_epithelial
BD_immune07_832780,tumor_NMPR,tumor_NMPR,0.36485402325497,Oligopotent,NMPR,Tumor_epithelial
BD_immune07_880123,tumor_NMPR,tumor_NMPR,0.382320797568753,Oligopotent,NMPR,Tumor_epithelial
BD_immune07_196406,normal_NMPR,normal_NMPR,0.243128632849554,Unipotent,NMPR,Tumor_epithelial_AT2
BD_immune07_812797,tumor_NMPR,tumor_NMPR,0.443474763240627,Oligopotent,NMPR,Tumor_epithelial
BD_immune07_206490,normal_NMPR,normal_NMPR,0.211466750790276,Unipotent,NMPR,Tumor_epithelial_AT2
BD_immune07_795160,tumor_NMPR,tumor_NMPR,0.343159822333749,Oligopotent,NMPR,Tumor_epithelial
BD_immune07_312352,tumor_NMPR,tumor_NMPR,0.390359659233518,Oligopotent,NMPR,Tumor_epithelial
BD_immune07_57262,tumor_NMPR,tumor_NMPR,0.529127921250046,Multipotent,NMPR,Tumor_epithelial
BD_immune07_743040,tumor_NMPR,tumor_NMPR,0.456595751515077,Oligopotent,NMPR,Tumor_epithelial
BD_immune07_74158,tumor_NMPR,tumor_NMPR,0.467778596585986,Oligopotent,NMPR,Tumor_epithelial
BD_immune07_88215,tumor_NMPR,tumor_NMPR,0.363034372805146,Oligopotent,NMPR,Tumor_epithelial
BD_immune07_638977,normal_NMPR,normal_NMPR,0.0897031800915765,Differentiated,NMPR,Tumor_epithelial_AT2
BD_immune07_607820,tumor_NMPR,tumor_NMPR,0.554879618071864,Multipotent,NMPR,Tumor_epithelial
BD_immune07_375069,tumor_NMPR,tumor_NMPR,0.514658379474387,Multipotent,NMPR,Tumor_epithelial
BD_immune07_179680,tumor_NMPR,tumor_NMPR,0.397369106443306,Oligopotent,NMPR,Tumor_epithelial
BD_immune07_708703,tumor_NMPR,tumor_NMPR,0.152523236081089,Differentiated,NMPR,Tumor_epithelial
BD_immune07_418462,tumor_NMPR,tumor_NMPR,0.459409210809651,Oligopotent,NMPR,Tumor_epithelial
BD_immune07_743806,tumor_NMPR,tumor_NMPR,0.429468410424274,Oligopotent,NMPR,Tumor_epithelial
BD_immune07_488447,tumor_NMPR,tumor_NMPR,0.149177562199212,Differentiated,NMPR,Tumor_epithelial
BD_immune07_172185,tumor_NMPR,tumor_NMPR,0.480320593628131,Oligopotent,NMPR,Tumor_epithelial
BD_immune07_662420,tumor_NMPR,tumor_NMPR,0.446926811004834,Oligopotent,NMPR,Tumor_epithelial
BD_immune07_658586,tumor_NMPR,tumor_NMPR,0.576278727468008,Multipotent,NMPR,Tumor_epithelial
BD_immune07_249273,tumor_NMPR,tumor_NMPR,0.258496735399044,Unipotent,NMPR,Tumor_epithelial
BD_immune07_455206,tumor_NMPR,tumor_NMPR,0.580917430334148,Multipotent,NMPR,Tumor_epithelial
BD_immune07_872189,tumor_NMPR,tumor_NMPR,0.382574601579538,Oligopotent,NMPR,Tumor_epithelial
BD_immune07_456784,normal_NMPR,normal_NMPR,0.137308586051917,Differentiated,NMPR,Tumor_epithelial_AT2
BD_immune07_353888,normal_NMPR,normal_NMPR,0.189744750650735,Unipotent,NMPR,Tumor_epithelial_AT2
BD_immune07_10270,normal_NMPR,normal_NMPR,0.175345675654943,Unipotent,NMPR,Tumor_epithelial_AT2
BD_immune07_120641,tumor_NMPR,tumor_NMPR,0.44672267486763,Oligopotent,NMPR,Tumor_epithelial
BD_immune07_555668,tumor_NMPR,tumor_NMPR,0.486131715516779,Oligopotent,NMPR,Tumor_epithelial
BD_immune07_518452,tumor_NMPR,tumor_NMPR,0.369215440754767,Oligopotent,NMPR,Tumor_epithelial
BD_immune07_130603,tumor_NMPR,tumor_NMPR,0.262929667748889,Unipotent,NMPR,Tumor_epithelial
BD_immune07_290181,tumor_NMPR,tumor_NMPR,0.146652716647738,Differentiated,NMPR,Tumor_epithelial
BD_immune07_727183,tumor_NMPR,tumor_NMPR,0.393915918560208,Oligopotent,NMPR,Tumor_epithelial
BD_immune07_829120,tumor_NMPR,tumor_NMPR,0.432414297244693,Oligopotent,NMPR,Tumor_epithelial
BD_immune07_721104,tumor_NMPR,tumor_NMPR,0.411037696878592,Oligopotent,NMPR,Tumor_epithelial
BD_immune07_11488,tumor_NMPR,tumor_NMPR,0.282459512984684,Unipotent,NMPR,Tumor_epithelial
BD_immune07_774873,tumor_NMPR,tumor_NMPR,0.376247532739143,Oligopotent,NMPR,Tumor_epithelial
BD_immune07_610263,tumor_NMPR,tumor_NMPR,0.472888899977279,Oligopotent,NMPR,Tumor_epithelial
BD_immune07_543385,tumor_NMPR,tumor_NMPR,0.571886494660974,Multipotent,NMPR,Tumor_epithelial
BD_immune07_779249,tumor_NMPR,tumor_NMPR,0.525607404734651,Multipotent,NMPR,Tumor_epithelial
BD_immune07_103489,tumor_NMPR,tumor_NMPR,0.449382000415798,Oligopotent,NMPR,Tumor_epithelial
BD_immune07_870936,tumor_NMPR,tumor_NMPR,0.411754059804558,Oligopotent,NMPR,Tumor_epithelial
BD_immune07_286997,tumor_NMPR,tumor_NMPR,0.438770881272858,Oligopotent,NMPR,Tumor_epithelial
BD_immune07_262757,tumor_NMPR,tumor_NMPR,0.409397156571015,Oligopotent,NMPR,Tumor_epithelial
BD_immune07_620263,tumor_NMPR,tumor_NMPR,0.149551314120984,Differentiated,NMPR,Tumor_epithelial
BD_immune07_95765,tumor_NMPR,tumor_NMPR,0.53164791473628,Multipotent,NMPR,Tumor_epithelial
BD_immune07_240027,tumor_NMPR,tumor_NMPR,0.399035158420599,Oligopotent,NMPR,Tumor_epithelial
BD_immune07_242513,tumor_NMPR,tumor_NMPR,0.44039758470466,Oligopotent,NMPR,Tumor_epithelial
BD_immune07_57081,tumor_NMPR,tumor_NMPR,0.29720910203851,Unipotent,NMPR,Tumor_epithelial
BD_immune07_519240,normal_NMPR,normal_NMPR,0.0870961331944097,Differentiated,NMPR,Tumor_epithelial_AT2
BD_immune07_174405,normal_NMPR,normal_NMPR,0.120388225422525,Differentiated,NMPR,Tumor_epithelial_AT2
BD_immune07_265743,tumor_NMPR,tumor_NMPR,0.349936432988847,Oligopotent,NMPR,Tumor_epithelial
BD_immune07_687149,tumor_NMPR,tumor_NMPR,0.453469839336894,Oligopotent,NMPR,Tumor_epithelial
BD_immune07_122101,tumor_NMPR,tumor_NMPR,0.44410092545656,Oligopotent,NMPR,Tumor_epithelial
BD_immune07_580566,tumor_NMPR,tumor_NMPR,0.475748358865811,Oligopotent,NMPR,Tumor_epithelial
BD_immune07_515617,tumor_NMPR,tumor_NMPR,0.27188469874653,Unipotent,NMPR,Tumor_epithelial
BD_immune07_751598,tumor_NMPR,tumor_NMPR,0.416351932492117,Oligopotent,NMPR,Tumor_epithelial
BD_immune07_273586,normal_NMPR,normal_NMPR,0.280099121785475,Unipotent,NMPR,Tumor_epithelial_AT2
BD_immune07_311594,tumor_NMPR,tumor_NMPR,0.455468558066011,Oligopotent,NMPR,Tumor_epithelial
BD_immune07_238055,tumor_NMPR,tumor_NMPR,0.370084212146611,Oligopotent,NMPR,Tumor_epithelial
BD_immune07_532759,tumor_NMPR,tumor_NMPR,0.474531342665328,Oligopotent,NMPR,Tumor_epithelial
BD_immune07_257034,tumor_NMPR,tumor_NMPR,0.238815102228501,Unipotent,NMPR,Tumor_epithelial
BD_immune07_265682,normal_NMPR,normal_NMPR,0.21390814888795,Unipotent,NMPR,Tumor_epithelial_AT2
BD_immune07_97057,tumor_NMPR,tumor_NMPR,0.457827948838495,Oligopotent,NMPR,Tumor_epithelial
BD_immune07_196174,tumor_NMPR,tumor_NMPR,0.449464230111381,Oligopotent,NMPR,Tumor_epithelial
BD_immune07_494600,tumor_NMPR,tumor_NMPR,0.491166116910553,Oligopotent,NMPR,Tumor_epithelial
BD_immune07_623885,tumor_NMPR,tumor_NMPR,0.454905466255107,Oligopotent,NMPR,Tumor_epithelial
BD_immune07_136681,tumor_NMPR,tumor_NMPR,0.469713250951899,Oligopotent,NMPR,Tumor_epithelial
BD_immune07_482380,tumor_NMPR,tumor_NMPR,0.61892128496029,Multipotent,NMPR,Tumor_epithelial
BD_immune07_170672,normal_NMPR,normal_NMPR,0.208578342117097,Unipotent,NMPR,Tumor_epithelial_AT2
BD_immune07_866152,tumor_NMPR,tumor_NMPR,0.363247048147177,Oligopotent,NMPR,Tumor_epithelial
BD_immune07_484135,tumor_NMPR,tumor_NMPR,0.57838522390376,Multipotent,NMPR,Tumor_epithelial
BD_immune07_780853,tumor_NMPR,tumor_NMPR,0.437891376613248,Oligopotent,NMPR,Tumor_epithelial
BD_immune07_475346,tumor_NMPR,tumor_NMPR,0.393272575490706,Oligopotent,NMPR,Tumor_epithelial
BD_immune07_91671,tumor_NMPR,tumor_NMPR,0.442015637061665,Oligopotent,NMPR,Tumor_epithelial
BD_immune07_570519,tumor_NMPR,tumor_NMPR,0.453335126208991,Oligopotent,NMPR,Tumor_epithelial
BD_immune07_827546,tumor_NMPR,tumor_NMPR,0.260690388648297,Unipotent,NMPR,Tumor_epithelial
BD_immune07_148559,tumor_NMPR,tumor_NMPR,0.402958231078971,Oligopotent,NMPR,Tumor_epithelial
BD_immune07_544152,normal_NMPR,normal_NMPR,0.30109714743644,Unipotent,NMPR,Tumor_epithelial_AT2
BD_immune07_862133,tumor_NMPR,tumor_NMPR,0.453995779423307,Oligopotent,NMPR,Tumor_epithelial
BD_immune07_800287,tumor_NMPR,tumor_NMPR,0.245503354086653,Unipotent,NMPR,Tumor_epithelial
BD_immune07_673095,tumor_NMPR,tumor_NMPR,0.37999733377117,Oligopotent,NMPR,Tumor_epithelial
BD_immune07_130183,tumor_NMPR,tumor_NMPR,0.471034773515067,Oligopotent,NMPR,Tumor_epithelial
BD_immune07_59013,tumor_NMPR,tumor_NMPR,0.444174520311673,Oligopotent,NMPR,Tumor_epithelial
BD_immune07_673442,tumor_NMPR,tumor_NMPR,0.535827170981702,Multipotent,NMPR,Tumor_epithelial
BD_immune07_528907,tumor_NMPR,tumor_NMPR,0.1863522935587,Unipotent,NMPR,Tumor_epithelial
BD_immune07_377369,tumor_NMPR,tumor_NMPR,0.411098931334722,Oligopotent,NMPR,Tumor_epithelial
BD_immune07_780730,tumor_NMPR,tumor_NMPR,0.374473181586517,Oligopotent,NMPR,Tumor_epithelial
BD_immune07_607455,tumor_NMPR,tumor_NMPR,0.524485490008142,Multipotent,NMPR,Tumor_epithelial
BD_immune07_542843,normal_NMPR,normal_NMPR,0.120510784901559,Differentiated,NMPR,Tumor_epithelial_AT2
BD_immune07_586906,tumor_NMPR,tumor_NMPR,0.39989424941088,Oligopotent,NMPR,Tumor_epithelial
BD_immune07_462054,tumor_NMPR,tumor_NMPR,0.503000904493183,Multipotent,NMPR,Tumor_epithelial
BD_immune07_172911,normal_NMPR,normal_NMPR,0.260397118625918,Unipotent,NMPR,Tumor_epithelial_AT2
BD_immune07_733725,tumor_NMPR,tumor_NMPR,0.413638836268212,Oligopotent,NMPR,Tumor_epithelial
BD_immune07_102617,tumor_NMPR,tumor_NMPR,0.26904514217993,Unipotent,NMPR,Tumor_epithelial
BD_immune07_270053,tumor_NMPR,tumor_NMPR,0.237970299000205,Unipotent,NMPR,Tumor_epithelial
BD_immune07_236983,tumor_NMPR,tumor_NMPR,0.449856283135084,Oligopotent,NMPR,Tumor_epithelial
BD_immune07_83596,tumor_NMPR,tumor_NMPR,0.40942673014329,Oligopotent,NMPR,Tumor_epithelial
BD_immune07_860689,tumor_NMPR,tumor_NMPR,0.454975183718411,Oligopotent,NMPR,Tumor_epithelial
BD_immune07_456309,normal_NMPR,normal_NMPR,0.231742395859732,Unipotent,NMPR,Tumor_epithelial_AT2
BD_immune07_31862,tumor_NMPR,tumor_NMPR,0.365859830754361,Oligopotent,NMPR,Tumor_epithelial
BD_immune07_674652,tumor_NMPR,tumor_NMPR,0.422435650255425,Oligopotent,NMPR,Tumor_epithelial
BD_immune07_503682,tumor_NMPR,tumor_NMPR,0.146928580485602,Differentiated,NMPR,Tumor_epithelial
BD_immune07_814895,tumor_NMPR,tumor_NMPR,0.398038806199287,Oligopotent,NMPR,Tumor_epithelial
BD_immune07_138665,tumor_NMPR,tumor_NMPR,0.254037375609142,Unipotent,NMPR,Tumor_epithelial
BD_immune07_106804,tumor_NMPR,tumor_NMPR,0.544475049915911,Multipotent,NMPR,Tumor_epithelial
BD_immune07_198160,normal_NMPR,normal_NMPR,0.123225797026874,Differentiated,NMPR,Tumor_epithelial_AT2
BD_immune07_164839,normal_NMPR,normal_NMPR,0.186998545983364,Unipotent,NMPR,Tumor_epithelial_AT2
BD_immune07_357984,tumor_NMPR,tumor_NMPR,0.535858928937822,Multipotent,NMPR,Tumor_epithelial
BD_immune07_792972,tumor_NMPR,tumor_NMPR,0.433596211362184,Oligopotent,NMPR,Tumor_epithelial
BD_immune07_55772,tumor_NMPR,tumor_NMPR,0.497996936201112,Oligopotent,NMPR,Tumor_epithelial
BD_immune07_685289,tumor_NMPR,tumor_NMPR,0.20396442813891,Unipotent,NMPR,Tumor_epithelial
BD_immune07_136141,tumor_NMPR,tumor_NMPR,0.145098650638184,Differentiated,NMPR,Tumor_epithelial_basal
BD_immune07_486484,tumor_NMPR,tumor_NMPR,0.427733105462016,Oligopotent,NMPR,Tumor_epithelial
BD_immune07_192017,tumor_NMPR,tumor_NMPR,0.418848185133506,Oligopotent,NMPR,Tumor_epithelial
BD_immune07_276254,tumor_NMPR,tumor_NMPR,0.344500243296275,Oligopotent,NMPR,Tumor_epithelial
BD_immune07_218955,tumor_NMPR,tumor_NMPR,0.144582634100509,Differentiated,NMPR,Tumor_epithelial_basal
BD_immune07_410609,tumor_NMPR,tumor_NMPR,0.457407799068173,Oligopotent,NMPR,Tumor_epithelial
BD_immune07_397981,tumor_NMPR,tumor_NMPR,0.489186428951381,Oligopotent,NMPR,Tumor_epithelial
BD_immune07_183823,tumor_NMPR,tumor_NMPR,0.482751728081014,Oligopotent,NMPR,Tumor_epithelial
BD_immune07_640819,tumor_NMPR,tumor_NMPR,0.472735191644448,Oligopotent,NMPR,Tumor_epithelial
BD_immune07_679387,normal_NMPR,normal_NMPR,0.147831914743189,Differentiated,NMPR,Tumor_epithelial_AT2
BD_immune07_859807,tumor_NMPR,tumor_NMPR,0.408850485497249,Oligopotent,NMPR,Tumor_epithelial
BD_immune07_497909,tumor_NMPR,tumor_NMPR,0.427989922318405,Oligopotent,NMPR,Tumor_epithelial
BD_immune07_296325,tumor_NMPR,tumor_NMPR,0.425694359722759,Oligopotent,NMPR,Tumor_epithelial
BD_immune07_811960,normal_NMPR,normal_NMPR,0.143165307612144,Differentiated,NMPR,Tumor_epithelial_AT2
BD_immune07_762666,tumor_NMPR,tumor_NMPR,0.533692068466585,Multipotent,NMPR,Tumor_epithelial
BD_immune07_811422,tumor_NMPR,tumor_NMPR,0.384833841731425,Oligopotent,NMPR,Tumor_epithelial
BD_immune07_569695,tumor_NMPR,tumor_NMPR,0.48007085679782,Oligopotent,NMPR,Tumor_epithelial
BD_immune07_767078,tumor_NMPR,tumor_NMPR,0.570357850556245,Multipotent,NMPR,Tumor_epithelial
BD_immune07_825395,tumor_NMPR,tumor_NMPR,0.219277110866823,Unipotent,NMPR,Tumor_epithelial
BD_immune07_469877,tumor_NMPR,tumor_NMPR,0.416133953929147,Oligopotent,NMPR,Tumor_epithelial
BD_immune07_520440,tumor_NMPR,tumor_NMPR,0.434578457364582,Oligopotent,NMPR,Tumor_epithelial
BD_immune07_742908,tumor_NMPR,tumor_NMPR,0.321075798863258,Unipotent,NMPR,Tumor_epithelial
BD_immune07_324915,normal_NMPR,normal_NMPR,0.144623719839086,Differentiated,NMPR,Tumor_epithelial_AT2
BD_immune07_8877,tumor_NMPR,tumor_NMPR,0.224223660660915,Unipotent,NMPR,Tumor_epithelial
BD_immune07_225441,normal_NMPR,normal_NMPR,0.194833561043355,Unipotent,NMPR,Tumor_epithelial_AT2
BD_immune07_589060,tumor_NMPR,tumor_NMPR,0.550324447424474,Multipotent,NMPR,Tumor_epithelial
BD_immune07_402788,tumor_NMPR,tumor_NMPR,0.395074532299375,Oligopotent,NMPR,Tumor_epithelial
BD_immune07_442861,tumor_NMPR,tumor_NMPR,0.49417519865396,Oligopotent,NMPR,Tumor_epithelial
BD_immune07_884403,tumor_NMPR,tumor_NMPR,0.464869838753117,Oligopotent,NMPR,Tumor_epithelial
BD_immune07_336940,normal_NMPR,normal_NMPR,0.259142848753202,Unipotent,NMPR,Tumor_epithelial_AT2
BD_immune07_313797,tumor_NMPR,tumor_NMPR,0.475593369062756,Oligopotent,NMPR,Tumor_epithelial
BD_immune07_518464,tumor_NMPR,tumor_NMPR,0.377107055249552,Oligopotent,NMPR,Tumor_epithelial
BD_immune07_483477,normal_NMPR,normal_NMPR,0.243285350080498,Unipotent,NMPR,Tumor_epithelial_AT2
BD_immune07_807298,normal_NMPR,normal_NMPR,0.190289620114114,Unipotent,NMPR,Tumor_epithelial_AT2
BD_immune07_179838,tumor_NMPR,tumor_NMPR,0.462793103145465,Oligopotent,NMPR,Tumor_epithelial
BD_immune07_771003,normal_NMPR,normal_NMPR,0.149391442515274,Differentiated,NMPR,Tumor_epithelial_AT2
BD_immune07_687607,normal_NMPR,normal_NMPR,0.0644033679002031,Differentiated,NMPR,Tumor_epithelial_AT2
BD_immune07_312384,tumor_NMPR,tumor_NMPR,0.431627120879074,Oligopotent,NMPR,Tumor_epithelial
BD_immune07_382955,tumor_NMPR,tumor_NMPR,0.145367598531086,Differentiated,NMPR,Tumor_epithelial
BD_immune07_176975,tumor_NMPR,tumor_NMPR,0.512255721239492,Multipotent,NMPR,Tumor_epithelial
BD_immune07_317790,normal_NMPR,normal_NMPR,0.113721959250771,Differentiated,NMPR,Tumor_epithelial_AT2
BD_immune07_545474,normal_NMPR,normal_NMPR,0.0690152982612679,Differentiated,NMPR,Tumor_epithelial_AT2
BD_immune07_811070,normal_NMPR,normal_NMPR,0.226930478682982,Unipotent,NMPR,Tumor_epithelial_AT2
BD_immune07_854184,tumor_NMPR,tumor_NMPR,0.388630253624422,Oligopotent,NMPR,Tumor_epithelial
BD_immune07_709864,tumor_NMPR,tumor_NMPR,0.404293816308692,Oligopotent,NMPR,Tumor_epithelial
BD_immune07_814243,normal_NMPR,normal_NMPR,0.146828833963582,Differentiated,NMPR,Tumor_epithelial_AT2
BD_immune07_104185,tumor_NMPR,tumor_NMPR,0.416079738654871,Oligopotent,NMPR,Tumor_epithelial
BD_immune07_633751,tumor_NMPR,tumor_NMPR,0.220046005793522,Unipotent,NMPR,Tumor_epithelial
BD_immune07_670113,tumor_NMPR,tumor_NMPR,0.415615910258258,Oligopotent,NMPR,Tumor_epithelial
BD_immune07_803959,tumor_NMPR,tumor_NMPR,0.365834141936848,Oligopotent,NMPR,Tumor_epithelial
BD_immune07_881106,tumor_NMPR,tumor_NMPR,0.415136014339861,Oligopotent,NMPR,Tumor_epithelial
BD_immune07_476913,tumor_NMPR,tumor_NMPR,0.47449283766683,Oligopotent,NMPR,Tumor_epithelial
BD_immune07_732195,normal_NMPR,normal_NMPR,0.246356111447575,Unipotent,NMPR,Tumor_epithelial_AT2
BD_immune07_243447,tumor_NMPR,tumor_NMPR,0.426485336937531,Oligopotent,NMPR,Tumor_epithelial
BD_immune07_496421,tumor_NMPR,tumor_NMPR,0.506079444884149,Multipotent,NMPR,Tumor_epithelial
BD_immune07_860128,tumor_NMPR,tumor_NMPR,0.517623535292614,Multipotent,NMPR,Tumor_epithelial
BD_immune07_276741,tumor_NMPR,tumor_NMPR,0.447230520992389,Oligopotent,NMPR,Tumor_epithelial
BD_immune07_625539,normal_NMPR,normal_NMPR,0.144250263608598,Differentiated,NMPR,Tumor_epithelial_AT2
BD_immune07_254372,tumor_NMPR,tumor_NMPR,0.515292679928128,Multipotent,NMPR,Tumor_epithelial
BD_immune07_23168,normal_NMPR,normal_NMPR,0.212100614288158,Unipotent,NMPR,Tumor_epithelial_AT2
BD_immune07_41101,tumor_NMPR,tumor_NMPR,0.190797644587364,Unipotent,NMPR,Tumor_epithelial
BD_immune07_87962,tumor_NMPR,tumor_NMPR,0.193859718042324,Unipotent,NMPR,Tumor_epithelial
BD_immune07_757201,tumor_NMPR,tumor_NMPR,0.485082639195842,Oligopotent,NMPR,Tumor_epithelial
BD_immune07_306468,tumor_NMPR,tumor_NMPR,0.149530162795151,Differentiated,NMPR,Tumor_epithelial
BD_immune07_640200,tumor_NMPR,tumor_NMPR,0.461558756200712,Oligopotent,NMPR,Tumor_epithelial
BD_immune07_755646,tumor_NMPR,tumor_NMPR,0.268501295775834,Unipotent,NMPR,Tumor_epithelial
BD_immune07_602098,tumor_NMPR,tumor_NMPR,0.356518749832813,Oligopotent,NMPR,Tumor_epithelial
BD_immune07_765829,normal_NMPR,normal_NMPR,0.153557494119623,Differentiated,NMPR,Tumor_epithelial_AT2
BD_immune07_665898,normal_NMPR,normal_NMPR,0.175517698851209,Unipotent,NMPR,Tumor_epithelial_AT2
BD_immune07_654568,normal_NMPR,normal_NMPR,0.157295849654972,Differentiated,NMPR,Tumor_epithelial_AT2
BD_immune07_736204,tumor_NMPR,tumor_NMPR,0.425395076985511,Oligopotent,NMPR,Tumor_epithelial
BD_immune07_344874,tumor_NMPR,tumor_NMPR,0.374195437914268,Oligopotent,NMPR,Tumor_epithelial
BD_immune07_522573,tumor_NMPR,tumor_NMPR,0.349064092692493,Oligopotent,NMPR,Tumor_epithelial
BD_immune07_413768,normal_NMPR,normal_NMPR,0.115682433583379,Differentiated,NMPR,Tumor_epithelial_AT2
BD_immune07_232659,tumor_NMPR,tumor_NMPR,0.520804143896349,Multipotent,NMPR,Tumor_epithelial
BD_immune07_756228,normal_NMPR,normal_NMPR,0.220016906655992,Unipotent,NMPR,Tumor_epithelial_AT2
BD_immune07_684192,tumor_NMPR,tumor_NMPR,0.424469664632937,Oligopotent,NMPR,Tumor_epithelial
BD_immune07_104991,tumor_NMPR,tumor_NMPR,0.385060438077144,Oligopotent,NMPR,Tumor_epithelial
BD_immune07_620823,tumor_NMPR,tumor_NMPR,0.396092493708863,Oligopotent,NMPR,Tumor_epithelial
BD_immune07_257891,normal_NMPR,normal_NMPR,0.120797104001588,Differentiated,NMPR,Tumor_epithelial_AT2
BD_immune07_65357,tumor_NMPR,tumor_NMPR,0.466413805213094,Oligopotent,NMPR,Tumor_epithelial
BD_immune07_387987,tumor_NMPR,tumor_NMPR,0.403808178954022,Oligopotent,NMPR,Tumor_epithelial
BD_immune07_741888,tumor_NMPR,tumor_NMPR,0.481904674148816,Oligopotent,NMPR,Tumor_epithelial
BD_immune07_784495,tumor_NMPR,tumor_NMPR,0.277819968247228,Unipotent,NMPR,Tumor_epithelial
BD_immune07_567236,tumor_NMPR,tumor_NMPR,0.365974281755112,Oligopotent,NMPR,Tumor_epithelial
BD_immune07_626909,tumor_NMPR,tumor_NMPR,0.473078308667683,Oligopotent,NMPR,Tumor_epithelial
BD_immune07_367028,tumor_NMPR,tumor_NMPR,0.406772536784205,Oligopotent,NMPR,Tumor_epithelial
BD_immune07_369560,tumor_NMPR,tumor_NMPR,0.366409079558779,Oligopotent,NMPR,Tumor_epithelial
BD_immune07_149027,normal_NMPR,normal_NMPR,0.175442692103394,Unipotent,NMPR,Tumor_epithelial_AT2
BD_immune07_218042,tumor_NMPR,tumor_NMPR,0.410563414045718,Oligopotent,NMPR,Tumor_epithelial
BD_immune07_812234,tumor_NMPR,tumor_NMPR,0.235294325782131,Unipotent,NMPR,Tumor_epithelial
BD_immune07_485819,tumor_NMPR,tumor_NMPR,0.464204266805622,Oligopotent,NMPR,Tumor_epithelial
BD_immune07_438893,tumor_NMPR,tumor_NMPR,0.43465160602791,Oligopotent,NMPR,Tumor_epithelial
BD_immune07_242646,tumor_NMPR,tumor_NMPR,0.620669985219152,Multipotent,NMPR,Tumor_epithelial
BD_immune07_636267,tumor_NMPR,tumor_NMPR,0.45065822916383,Oligopotent,NMPR,Tumor_epithelial
BD_immune07_776872,normal_NMPR,normal_NMPR,0.20386554754848,Unipotent,NMPR,Tumor_epithelial_AT2
BD_immune07_391859,tumor_NMPR,tumor_NMPR,0.338875212552852,Oligopotent,NMPR,Tumor_epithelial
BD_immune07_71498,tumor_NMPR,tumor_NMPR,0.475742308491186,Oligopotent,NMPR,Tumor_epithelial
BD_immune07_78573,tumor_NMPR,tumor_NMPR,0.429855845107042,Oligopotent,NMPR,Tumor_epithelial
BD_immune07_234442,tumor_NMPR,tumor_NMPR,0.414235549736231,Oligopotent,NMPR,Tumor_epithelial
BD_immune07_264909,tumor_NMPR,tumor_NMPR,0.49254884755626,Oligopotent,NMPR,Tumor_epithelial
BD_immune07_205097,tumor_NMPR,tumor_NMPR,0.412137881818566,Oligopotent,NMPR,Tumor_epithelial
BD_immune07_39,tumor_NMPR,tumor_NMPR,0.539466220675317,Multipotent,NMPR,Tumor_epithelial
BD_immune07_199076,tumor_NMPR,tumor_NMPR,0.390196403948384,Oligopotent,NMPR,Tumor_epithelial
BD_immune07_317684,tumor_NMPR,tumor_NMPR,0.417970216096499,Oligopotent,NMPR,Tumor_epithelial
BD_immune07_794108,normal_NMPR,normal_NMPR,0.0689125420833031,Differentiated,NMPR,Tumor_epithelial_AT2
BD_immune07_826075,normal_NMPR,normal_NMPR,0.147291630498897,Differentiated,NMPR,Tumor_epithelial_AT2
BD_immune07_269049,normal_NMPR,normal_NMPR,0.246828209780337,Unipotent,NMPR,Tumor_epithelial_AT2
BD_immune07_104525,tumor_NMPR,tumor_NMPR,0.175484474035889,Unipotent,NMPR,Tumor_epithelial
BD_immune07_370650,normal_NMPR,normal_NMPR,0.250226107044275,Unipotent,NMPR,Tumor_epithelial_AT2
BD_immune07_805617,tumor_NMPR,tumor_NMPR,0.427660265544624,Oligopotent,NMPR,Tumor_epithelial
BD_immune07_493284,normal_NMPR,normal_NMPR,0.145941629618011,Differentiated,NMPR,Tumor_epithelial_AT2
BD_immune07_339077,tumor_NMPR,tumor_NMPR,0.564753606795703,Multipotent,NMPR,Tumor_epithelial
BD_immune07_582756,tumor_NMPR,tumor_NMPR,0.43371501863003,Oligopotent,NMPR,Tumor_epithelial
BD_immune07_420000,tumor_NMPR,tumor_NMPR,0.357886182345872,Oligopotent,NMPR,Tumor_epithelial
BD_immune07_585565,tumor_NMPR,tumor_NMPR,0.44001566381277,Oligopotent,NMPR,Tumor_epithelial
BD_immune07_746539,tumor_NMPR,tumor_NMPR,0.417972642074551,Oligopotent,NMPR,Tumor_epithelial
BD_immune07_262640,tumor_NMPR,tumor_NMPR,0.394109290470311,Oligopotent,NMPR,Tumor_epithelial
BD_immune07_824034,normal_NMPR,normal_NMPR,0.222387858268163,Unipotent,NMPR,Tumor_epithelial_AT2
BD_immune07_770245,tumor_NMPR,tumor_NMPR,0.358629916240999,Oligopotent,NMPR,Tumor_epithelial
BD_immune07_396735,tumor_NMPR,tumor_NMPR,0.468685071154607,Oligopotent,NMPR,Tumor_epithelial
BD_immune07_460120,normal_NMPR,normal_NMPR,0.103770691292397,Differentiated,NMPR,Tumor_epithelial_AT2
BD_immune07_385387,normal_NMPR,normal_NMPR,0.193823675678367,Unipotent,NMPR,Tumor_epithelial_AT2
BD_immune07_642642,normal_NMPR,normal_NMPR,0.130839913802941,Differentiated,NMPR,Tumor_epithelial_AT2
BD_immune07_700495,tumor_NMPR,tumor_NMPR,0.467991437798165,Oligopotent,NMPR,Tumor_epithelial
BD_immune07_38980,tumor_NMPR,tumor_NMPR,0.27519749048403,Unipotent,NMPR,Tumor_epithelial
BD_immune07_8805,tumor_NMPR,tumor_NMPR,0.41024755522504,Oligopotent,NMPR,Tumor_epithelial
BD_immune07_395362,tumor_NMPR,tumor_NMPR,0.479804299860289,Oligopotent,NMPR,Tumor_epithelial
BD_immune07_90449,normal_NMPR,normal_NMPR,0.0745740666323892,Differentiated,NMPR,Tumor_epithelial_AT2
BD_immune07_776845,tumor_NMPR,tumor_NMPR,0.474758264054734,Oligopotent,NMPR,Tumor_epithelial
BD_immune07_832659,tumor_NMPR,tumor_NMPR,0.462528693723823,Oligopotent,NMPR,Tumor_epithelial
BD_immune07_815108,tumor_NMPR,tumor_NMPR,0.589158053293322,Multipotent,NMPR,Tumor_epithelial
BD_immune07_847714,normal_NMPR,normal_NMPR,0.229522651403713,Unipotent,NMPR,Tumor_epithelial_AT2
BD_immune07_813667,normal_NMPR,normal_NMPR,0.162861009195333,Differentiated,NMPR,Tumor_epithelial_AT2
BD_immune07_192213,tumor_NMPR,tumor_NMPR,0.383849642242411,Oligopotent,NMPR,Tumor_epithelial
BD_immune07_721105,tumor_NMPR,tumor_NMPR,0.330896566175835,Unipotent,NMPR,Tumor_epithelial
BD_immune07_107544,tumor_NMPR,tumor_NMPR,0.445973262908281,Oligopotent,NMPR,Tumor_epithelial
BD_immune07_326077,tumor_NMPR,tumor_NMPR,0.517957363453895,Multipotent,NMPR,Tumor_epithelial
BD_immune07_258458,tumor_NMPR,tumor_NMPR,0.219029683644158,Unipotent,NMPR,Tumor_epithelial
BD_immune07_743382,tumor_NMPR,tumor_NMPR,0.426969414560113,Oligopotent,NMPR,Tumor_epithelial
BD_immune07_622071,tumor_NMPR,tumor_NMPR,0.386668414845845,Oligopotent,NMPR,Tumor_epithelial
BD_immune07_503162,tumor_NMPR,tumor_NMPR,0.466414664423958,Oligopotent,NMPR,Tumor_epithelial
BD_immune07_36217,normal_NMPR,normal_NMPR,0.199768226639005,Unipotent,NMPR,Tumor_epithelial_AT2
BD_immune07_46748,normal_NMPR,normal_NMPR,0.131017465813446,Differentiated,NMPR,Tumor_epithelial_AT2
BD_immune07_422694,tumor_NMPR,tumor_NMPR,0.418906336709709,Oligopotent,NMPR,Tumor_epithelial
BD_immune07_114024,normal_NMPR,normal_NMPR,0.137639376159499,Differentiated,NMPR,Tumor_epithelial_AT2
BD_immune07_682443,tumor_NMPR,tumor_NMPR,0.462065447662832,Oligopotent,NMPR,Tumor_epithelial
BD_immune07_326769,tumor_NMPR,tumor_NMPR,0.362965900452578,Oligopotent,NMPR,Tumor_epithelial
BD_immune07_741925,normal_NMPR,normal_NMPR,0.101429784877609,Differentiated,NMPR,Tumor_epithelial_AT2
BD_immune07_445371,tumor_NMPR,tumor_NMPR,0.428687404041848,Oligopotent,NMPR,Tumor_epithelial
BD_immune07_691657,tumor_NMPR,tumor_NMPR,0.397372198745364,Oligopotent,NMPR,Tumor_epithelial
BD_immune07_370214,normal_NMPR,normal_NMPR,0.145186466902139,Differentiated,NMPR,Tumor_epithelial_AT2
BD_immune07_604711,tumor_NMPR,tumor_NMPR,0.371109533293861,Oligopotent,NMPR,Tumor_epithelial
BD_immune07_795037,tumor_NMPR,tumor_NMPR,0.426703429825712,Oligopotent,NMPR,Tumor_epithelial
BD_immune07_387310,tumor_NMPR,tumor_NMPR,0.421511173788833,Oligopotent,NMPR,Tumor_epithelial
BD_immune07_221524,tumor_NMPR,tumor_NMPR,0.460154771386466,Oligopotent,NMPR,Tumor_epithelial
BD_immune07_471990,tumor_NMPR,tumor_NMPR,0.513133542890224,Multipotent,NMPR,Tumor_epithelial
BD_immune07_493356,tumor_NMPR,tumor_NMPR,0.39129119444526,Oligopotent,NMPR,Tumor_epithelial
BD_immune07_97668,tumor_NMPR,tumor_NMPR,0.204541105890653,Unipotent,NMPR,Tumor_epithelial
BD_immune07_35651,tumor_NMPR,tumor_NMPR,0.544213193349941,Multipotent,NMPR,Tumor_epithelial
BD_immune07_42689,tumor_NMPR,tumor_NMPR,0.391064980173555,Oligopotent,NMPR,Tumor_epithelial
BD_immune07_258228,tumor_NMPR,tumor_NMPR,0.456429743655159,Oligopotent,NMPR,Tumor_epithelial
BD_immune07_86905,normal_NMPR,normal_NMPR,0.205439564070112,Unipotent,NMPR,Tumor_epithelial_AT2
BD_immune07_328987,tumor_NMPR,tumor_NMPR,0.416127520108175,Oligopotent,NMPR,Tumor_epithelial
BD_immune07_167478,tumor_NMPR,tumor_NMPR,0.408045594431475,Oligopotent,NMPR,Tumor_epithelial
BD_immune07_381046,tumor_NMPR,tumor_NMPR,0.373904994258551,Oligopotent,NMPR,Tumor_epithelial
BD_immune07_415450,tumor_NMPR,tumor_NMPR,0.423190871884735,Oligopotent,NMPR,Tumor_epithelial
BD_immune07_806041,normal_NMPR,normal_NMPR,0.227816516280467,Unipotent,NMPR,Tumor_epithelial_AT2
BD_immune07_505914,tumor_NMPR,tumor_NMPR,0.573526112300351,Multipotent,NMPR,Tumor_epithelial
BD_immune07_331454,normal_NMPR,normal_NMPR,0.220166044513854,Unipotent,NMPR,Tumor_epithelial_AT2
BD_immune07_145957,normal_NMPR,normal_NMPR,0.155866282016814,Differentiated,NMPR,Tumor_epithelial_AT2
BD_immune07_643341,tumor_NMPR,tumor_NMPR,0.541825501966173,Multipotent,NMPR,Tumor_epithelial
BD_immune07_402604,tumor_NMPR,tumor_NMPR,0.446002273744572,Oligopotent,NMPR,Tumor_epithelial
BD_immune07_745211,tumor_NMPR,tumor_NMPR,0.377571835474681,Oligopotent,NMPR,Tumor_epithelial
BD_immune07_265828,tumor_NMPR,tumor_NMPR,0.516451693407847,Multipotent,NMPR,Tumor_epithelial
BD_immune07_785604,normal_NMPR,normal_NMPR,0.207929174705965,Unipotent,NMPR,Tumor_epithelial_AT2
BD_immune07_169818,tumor_NMPR,tumor_NMPR,0.15068931152034,Differentiated,NMPR,Tumor_epithelial
BD_immune07_435697,tumor_NMPR,tumor_NMPR,0.366497023066815,Oligopotent,NMPR,Tumor_epithelial
BD_immune07_704086,normal_NMPR,normal_NMPR,0.130331614253748,Differentiated,NMPR,Tumor_epithelial_AT2
BD_immune07_483122,tumor_NMPR,tumor_NMPR,0.190370700884988,Unipotent,NMPR,Tumor_epithelial
BD_immune07_68859,tumor_NMPR,tumor_NMPR,0.399285065366234,Oligopotent,NMPR,Tumor_epithelial
BD_immune07_114290,tumor_NMPR,tumor_NMPR,0.427690600061407,Oligopotent,NMPR,Tumor_epithelial
BD_immune07_412662,normal_NMPR,normal_NMPR,0.143902135835148,Differentiated,NMPR,Tumor_epithelial_AT2
BD_immune07_418217,tumor_NMPR,tumor_NMPR,0.349384256981895,Oligopotent,NMPR,Tumor_epithelial
BD_immune07_472795,normal_NMPR,normal_NMPR,0.235390157877812,Unipotent,NMPR,Tumor_epithelial_AT2
BD_immune07_640780,tumor_NMPR,tumor_NMPR,0.451995520059559,Oligopotent,NMPR,Tumor_epithelial
BD_immune07_341831,normal_NMPR,normal_NMPR,0.215177885063879,Unipotent,NMPR,Tumor_epithelial_AT2
BD_immune07_651376,normal_NMPR,normal_NMPR,0.115809151705108,Differentiated,NMPR,Tumor_epithelial_AT2
BD_immune07_852249,normal_NMPR,normal_NMPR,0.219505169915756,Unipotent,NMPR,Tumor_epithelial_AT2
BD_immune07_801855,tumor_NMPR,tumor_NMPR,0.474674307028905,Oligopotent,NMPR,Tumor_epithelial
BD_immune07_3973,tumor_NMPR,tumor_NMPR,0.214770829394638,Unipotent,NMPR,Tumor_epithelial
BD_immune07_333680,normal_NMPR,normal_NMPR,0.252084312155639,Unipotent,NMPR,Tumor_epithelial_AT2
BD_immune07_524805,tumor_NMPR,tumor_NMPR,0.518907591580649,Multipotent,NMPR,Tumor_epithelial
BD_immune07_649594,tumor_NMPR,tumor_NMPR,0.509340732434663,Multipotent,NMPR,Tumor_epithelial
BD_immune07_239269,tumor_NMPR,tumor_NMPR,0.377733923223319,Oligopotent,NMPR,Tumor_epithelial
BD_immune07_464786,tumor_NMPR,tumor_NMPR,0.408794673400664,Oligopotent,NMPR,Tumor_epithelial
BD_immune07_845621,tumor_NMPR,tumor_NMPR,0.398544695518712,Oligopotent,NMPR,Tumor_epithelial
BD_immune07_713281,normal_NMPR,normal_NMPR,0.21045588867145,Unipotent,NMPR,Tumor_epithelial_AT2
BD_immune07_308443,tumor_NMPR,tumor_NMPR,0.426908356747829,Oligopotent,NMPR,Tumor_epithelial
BD_immune07_738686,tumor_NMPR,tumor_NMPR,0.557504865115973,Multipotent,NMPR,Tumor_epithelial
BD_immune07_12815,normal_NMPR,normal_NMPR,0.14945361854778,Differentiated,NMPR,Tumor_epithelial_AT2
BD_immune07_840471,normal_NMPR,normal_NMPR,0.0229086942634048,Differentiated,NMPR,Tumor_epithelial_AT2
BD_immune07_416214,tumor_NMPR,tumor_NMPR,0.557200468030745,Multipotent,NMPR,Tumor_epithelial
BD_immune07_91564,tumor_NMPR,tumor_NMPR,0.425085269144068,Oligopotent,NMPR,Tumor_epithelial
BD_immune07_4906,normal_NMPR,normal_NMPR,0.135271576851786,Differentiated,NMPR,Tumor_epithelial_AT2
BD_immune07_423444,tumor_NMPR,tumor_NMPR,0.419811243493903,Oligopotent,NMPR,Tumor_epithelial
BD_immune07_739155,tumor_NMPR,tumor_NMPR,0.508240203491055,Multipotent,NMPR,Tumor_epithelial
BD_immune07_279334,tumor_NMPR,tumor_NMPR,0.245994243869701,Unipotent,NMPR,Tumor_epithelial
BD_immune07_275193,tumor_NMPR,tumor_NMPR,0.432122087625731,Oligopotent,NMPR,Tumor_epithelial
BD_immune07_355206,tumor_NMPR,tumor_NMPR,0.251900658000039,Unipotent,NMPR,Tumor_epithelial
BD_immune07_488735,tumor_NMPR,tumor_NMPR,0.488985878924861,Oligopotent,NMPR,Tumor_epithelial
BD_immune07_369864,tumor_NMPR,tumor_NMPR,0.487337863257125,Oligopotent,NMPR,Tumor_epithelial
BD_immune07_54683,tumor_NMPR,tumor_NMPR,0.388131837506254,Oligopotent,NMPR,Tumor_epithelial
BD_immune07_22366,tumor_NMPR,tumor_NMPR,0.365180834151956,Oligopotent,NMPR,Tumor_epithelial
BD_immune07_364615,normal_NMPR,normal_NMPR,0.131804157861805,Differentiated,NMPR,Tumor_epithelial_AT2
BD_immune07_83929,normal_NMPR,normal_NMPR,0.139680844183387,Differentiated,NMPR,Tumor_epithelial_AT2
BD_immune07_39395,tumor_NMPR,tumor_NMPR,0.374545301705592,Oligopotent,NMPR,Tumor_epithelial
BD_immune07_627770,normal_NMPR,normal_NMPR,0.200485960889238,Unipotent,NMPR,Tumor_epithelial_AT2
BD_immune07_553846,tumor_NMPR,tumor_NMPR,0.375624483202844,Oligopotent,NMPR,Tumor_epithelial
BD_immune07_403776,tumor_NMPR,tumor_NMPR,0.446024965757304,Oligopotent,NMPR,Tumor_epithelial
BD_immune07_88108,normal_NMPR,normal_NMPR,0.103556094209119,Differentiated,NMPR,Tumor_epithelial_AT2
BD_immune07_131253,normal_NMPR,normal_NMPR,0.240104159070508,Unipotent,NMPR,Tumor_epithelial_AT2
BD_immune07_743217,normal_NMPR,normal_NMPR,0.269373733150662,Unipotent,NMPR,Tumor_epithelial_AT2
BD_immune07_244934,tumor_NMPR,tumor_NMPR,0.438231271816339,Oligopotent,NMPR,Tumor_epithelial
BD_immune07_198402,tumor_NMPR,tumor_NMPR,0.394963961054329,Oligopotent,NMPR,Tumor_epithelial
BD_immune07_588714,normal_NMPR,normal_NMPR,0.10118318598817,Differentiated,NMPR,Tumor_epithelial_AT2
BD_immune07_286912,tumor_NMPR,tumor_NMPR,0.387767054709823,Oligopotent,NMPR,Tumor_epithelial
BD_immune07_866903,tumor_NMPR,tumor_NMPR,0.371564940249503,Oligopotent,NMPR,Tumor_epithelial
BD_immune07_169465,tumor_NMPR,tumor_NMPR,0.309452330022851,Unipotent,NMPR,Tumor_epithelial
BD_immune07_567530,tumor_NMPR,tumor_NMPR,0.377000136999149,Oligopotent,NMPR,Tumor_epithelial
BD_immune07_858039,tumor_NMPR,tumor_NMPR,0.472850940750443,Oligopotent,NMPR,Tumor_epithelial
BD_immune07_306116,tumor_NMPR,tumor_NMPR,0.376155438599647,Oligopotent,NMPR,Tumor_epithelial
BD_immune07_199538,tumor_NMPR,tumor_NMPR,0.514197283548537,Multipotent,NMPR,Tumor_epithelial
BD_immune07_83597,normal_NMPR,normal_NMPR,0.154279593177628,Differentiated,NMPR,Tumor_epithelial_AT2
BD_immune07_151389,tumor_NMPR,tumor_NMPR,0.506921302868754,Multipotent,NMPR,Tumor_epithelial
BD_immune07_831114,tumor_NMPR,tumor_NMPR,0.470800262787987,Oligopotent,NMPR,Tumor_epithelial
BD_immune07_305890,tumor_NMPR,tumor_NMPR,0.514482520911341,Multipotent,NMPR,Tumor_epithelial
BD_immune07_184703,normal_NMPR,normal_NMPR,0.153336224056386,Differentiated,NMPR,Tumor_epithelial_AT2
BD_immune07_79679,tumor_NMPR,tumor_NMPR,0.260400025798648,Unipotent,NMPR,Tumor_epithelial
BD_immune07_823269,tumor_NMPR,tumor_NMPR,0.390209077798338,Oligopotent,NMPR,Tumor_epithelial
BD_immune07_331359,tumor_NMPR,tumor_NMPR,0.340273402138901,Oligopotent,NMPR,Tumor_epithelial
BD_immune07_770189,tumor_NMPR,tumor_NMPR,0.35777365304012,Oligopotent,NMPR,Tumor_epithelial
BD_immune07_763766,tumor_NMPR,tumor_NMPR,0.389556983471097,Oligopotent,NMPR,Tumor_epithelial
BD_immune07_586895,tumor_NMPR,tumor_NMPR,0.21303509694988,Unipotent,NMPR,Tumor_epithelial
BD_immune07_676396,tumor_NMPR,tumor_NMPR,0.491042686239268,Oligopotent,NMPR,Tumor_epithelial
BD_immune07_771860,tumor_NMPR,tumor_NMPR,0.39667638302066,Oligopotent,NMPR,Tumor_epithelial
BD_immune07_515093,tumor_NMPR,tumor_NMPR,0.531217122712618,Multipotent,NMPR,Tumor_epithelial
BD_immune07_516250,tumor_NMPR,tumor_NMPR,0.475493247896721,Oligopotent,NMPR,Tumor_epithelial
BD_immune07_25923,tumor_NMPR,tumor_NMPR,0.494370588524241,Oligopotent,NMPR,Tumor_epithelial
BD_immune07_118647,tumor_NMPR,tumor_NMPR,0.358443510540244,Oligopotent,NMPR,Tumor_epithelial
BD_immune07_875924,tumor_NMPR,tumor_NMPR,0.429445574919733,Oligopotent,NMPR,Tumor_epithelial
BD_immune07_703285,tumor_NMPR,tumor_NMPR,0.492751079761802,Oligopotent,NMPR,Tumor_epithelial
BD_immune07_496919,tumor_NMPR,tumor_NMPR,0.385335217648943,Oligopotent,NMPR,Tumor_epithelial
BD_immune07_473549,tumor_NMPR,tumor_NMPR,0.43360723942193,Oligopotent,NMPR,Tumor_epithelial
BD_immune07_644734,tumor_NMPR,tumor_NMPR,0.450397458608991,Oligopotent,NMPR,Tumor_epithelial
BD_immune07_447771,tumor_NMPR,tumor_NMPR,0.247605293642574,Unipotent,NMPR,Tumor_epithelial
BD_immune07_509439,tumor_NMPR,tumor_NMPR,0.471061237771628,Oligopotent,NMPR,Tumor_epithelial
BD_immune07_732595,normal_NMPR,normal_NMPR,0.194893314149126,Unipotent,NMPR,Tumor_epithelial_AT2
BD_immune07_537273,tumor_NMPR,tumor_NMPR,0.396697496484534,Oligopotent,NMPR,Tumor_epithelial
BD_immune07_617305,tumor_NMPR,tumor_NMPR,0.174556703667452,Unipotent,NMPR,Tumor_epithelial
BD_immune07_264031,normal_NMPR,normal_NMPR,0.190086476696075,Unipotent,NMPR,Tumor_epithelial_AT2
BD_immune07_198339,normal_NMPR,normal_NMPR,0.186818963947284,Unipotent,NMPR,Tumor_epithelial_AT2
BD_immune07_823991,tumor_NMPR,tumor_NMPR,0.385999747166499,Oligopotent,NMPR,Tumor_epithelial
BD_immune07_415194,tumor_NMPR,tumor_NMPR,0.298673426578962,Unipotent,NMPR,Tumor_epithelial
BD_immune07_527195,tumor_NMPR,tumor_NMPR,0.47524191084709,Oligopotent,NMPR,Tumor_epithelial
BD_immune07_44850,tumor_NMPR,tumor_NMPR,0.455214578149749,Oligopotent,NMPR,Tumor_epithelial
BD_immune07_535454,tumor_NMPR,tumor_NMPR,0.43060894928021,Oligopotent,NMPR,Tumor_epithelial
BD_immune07_761645,tumor_NMPR,tumor_NMPR,0.427787596659816,Oligopotent,NMPR,Tumor_epithelial
BD_immune07_843098,tumor_NMPR,tumor_NMPR,0.408904865813584,Oligopotent,NMPR,Tumor_epithelial
BD_immune07_708596,tumor_NMPR,tumor_NMPR,0.352898331368234,Oligopotent,NMPR,Tumor_epithelial
BD_immune07_7457,tumor_NMPR,tumor_NMPR,0.4553747063299,Oligopotent,NMPR,Tumor_epithelial
BD_immune07_526651,normal_NMPR,normal_NMPR,0.257462291277102,Unipotent,NMPR,Tumor_epithelial_AT2
BD_immune07_851215,normal_NMPR,normal_NMPR,0.203181200994642,Unipotent,NMPR,Tumor_epithelial_AT2
BD_immune07_811612,normal_NMPR,normal_NMPR,0.231261030360431,Unipotent,NMPR,Tumor_epithelial_AT2
BD_immune07_273802,tumor_NMPR,tumor_NMPR,0.355000575605824,Oligopotent,NMPR,Tumor_epithelial
BD_immune07_642489,tumor_NMPR,tumor_NMPR,0.238896276748907,Unipotent,NMPR,Tumor_epithelial_basal
BD_immune07_564951,tumor_NMPR,tumor_NMPR,0.584039019205218,Multipotent,NMPR,Tumor_epithelial
BD_immune07_322676,tumor_NMPR,tumor_NMPR,0.507473929190466,Multipotent,NMPR,Tumor_epithelial
BD_immune07_869112,normal_NMPR,normal_NMPR,0.235076241388048,Unipotent,NMPR,Tumor_epithelial_AT2
BD_immune07_632027,tumor_NMPR,tumor_NMPR,0.243463293419822,Unipotent,NMPR,Tumor_epithelial
BD_immune07_458876,tumor_NMPR,tumor_NMPR,0.430084972554182,Oligopotent,NMPR,Tumor_epithelial
BD_immune07_447379,tumor_NMPR,tumor_NMPR,0.359014214991226,Oligopotent,NMPR,Tumor_epithelial
BD_immune07_159664,normal_NMPR,normal_NMPR,0.211915739528839,Unipotent,NMPR,Tumor_epithelial_AT2
BD_immune07_762914,tumor_NMPR,tumor_NMPR,0.54985160406733,Multipotent,NMPR,Tumor_epithelial
BD_immune07_601410,tumor_NMPR,tumor_NMPR,0.524901038517053,Multipotent,NMPR,Tumor_epithelial
BD_immune07_632343,tumor_NMPR,tumor_NMPR,0.250271791754784,Unipotent,NMPR,Tumor_epithelial
BD_immune07_310874,tumor_NMPR,tumor_NMPR,0.243260399066216,Unipotent,NMPR,Tumor_epithelial
BD_immune07_57829,tumor_NMPR,tumor_NMPR,0.518850601945301,Multipotent,NMPR,Tumor_epithelial
BD_immune07_532270,tumor_NMPR,tumor_NMPR,0.160392655335737,Differentiated,NMPR,Tumor_epithelial_basal
BD_immune07_354293,normal_NMPR,normal_NMPR,0.113234845627118,Differentiated,NMPR,Tumor_epithelial_AT2
BD_immune07_422325,normal_NMPR,normal_NMPR,0.118221108041235,Differentiated,NMPR,Tumor_epithelial_AT2
BD_immune07_253935,normal_NMPR,normal_NMPR,0.0599393385720659,Differentiated,NMPR,Tumor_epithelial_AT2
BD_immune07_108792,normal_NMPR,normal_NMPR,0.205250600986966,Unipotent,NMPR,Tumor_epithelial_AT2
BD_immune07_3060,normal_NMPR,normal_NMPR,0.100507087624076,Differentiated,NMPR,Tumor_epithelial_AT2
BD_immune07_259981,normal_NMPR,normal_NMPR,0.187145575391436,Unipotent,NMPR,Tumor_epithelial_AT2
BD_immune07_39652,normal_NMPR,normal_NMPR,0.230308551881433,Unipotent,NMPR,Tumor_epithelial_AT2
BD_immune07_515296,normal_NMPR,normal_NMPR,0.117511400150442,Differentiated,NMPR,Tumor_epithelial_AT2
BD_immune07_641228,tumor_NMPR,tumor_NMPR,0.394716101336011,Oligopotent,NMPR,Tumor_epithelial
BD_immune07_145800,tumor_NMPR,tumor_NMPR,0.546097387165336,Multipotent,NMPR,Tumor_epithelial
BD_immune07_483093,tumor_NMPR,tumor_NMPR,0.411096896726489,Oligopotent,NMPR,Tumor_epithelial
BD_immune07_98945,tumor_NMPR,tumor_NMPR,0.322329165946201,Unipotent,NMPR,Tumor_epithelial
BD_immune07_440468,normal_NMPR,normal_NMPR,0.233763870730634,Unipotent,NMPR,Tumor_epithelial_AT2
BD_immune07_486443,,,0.567911823779177,Multipotent,NMPR,Tumor_epithelial
BD_immune07_163326,tumor_NMPR,tumor_NMPR,0.352897503589887,Oligopotent,NMPR,Tumor_epithelial
BD_immune07_492841,tumor_NMPR,tumor_NMPR,0.391242060362294,Oligopotent,NMPR,Tumor_epithelial
BD_immune07_687552,tumor_NMPR,tumor_NMPR,0.372601171099707,Oligopotent,NMPR,Tumor_epithelial
BD_immune07_303062,tumor_NMPR,tumor_NMPR,0.148288100153029,Differentiated,NMPR,Tumor_epithelial_basal
BD_immune07_823314,tumor_NMPR,tumor_NMPR,0.451011694684885,Oligopotent,NMPR,Tumor_epithelial
BD_immune07_564249,tumor_NMPR,tumor_NMPR,0.439040355640044,Oligopotent,NMPR,Tumor_epithelial
BD_immune07_785588,tumor_NMPR,tumor_NMPR,0.151813377549174,Differentiated,NMPR,Tumor_epithelial
BD_immune07_302520,tumor_NMPR,tumor_NMPR,0.342669650737398,Oligopotent,NMPR,Tumor_epithelial
BD_immune07_53182,normal_NMPR,normal_NMPR,0.158631640983968,Differentiated,NMPR,Tumor_epithelial_AT2
BD_immune07_726995,normal_NMPR,normal_NMPR,0.114509223079402,Differentiated,NMPR,Tumor_epithelial_AT2
BD_immune07_174343,tumor_NMPR,tumor_NMPR,0.455193605885501,Oligopotent,NMPR,Tumor_epithelial
BD_immune07_780630,tumor_NMPR,tumor_NMPR,0.393900903045843,Oligopotent,NMPR,Tumor_epithelial
BD_immune07_315691,normal_NMPR,normal_NMPR,0.13834354753117,Differentiated,NMPR,Tumor_epithelial_AT2
BD_immune07_479179,tumor_NMPR,tumor_NMPR,0.384282431953397,Oligopotent,NMPR,Tumor_epithelial_basal
BD_immune07_121993,tumor_NMPR,tumor_NMPR,0.477061201244531,Oligopotent,NMPR,Tumor_epithelial
BD_immune07_313674,normal_NMPR,normal_NMPR,0.168553870430971,Unipotent,NMPR,Tumor_epithelial_AT2
BD_immune07_562195,tumor_NMPR,tumor_NMPR,0.476478136352321,Oligopotent,NMPR,Tumor_epithelial
BD_immune07_789043,tumor_NMPR,tumor_NMPR,0.290062093103137,Unipotent,NMPR,Tumor_epithelial
BD_immune07_458210,tumor_NMPR,tumor_NMPR,0.456469511589193,Oligopotent,NMPR,Tumor_epithelial
BD_immune07_98972,tumor_NMPR,tumor_NMPR,0.436487587546082,Oligopotent,NMPR,Tumor_epithelial
BD_immune07_717133,tumor_NMPR,tumor_NMPR,0.287646096877495,Unipotent,NMPR,Tumor_epithelial
BD_immune07_463840,tumor_NMPR,tumor_NMPR,0.469383152892982,Oligopotent,NMPR,Tumor_epithelial
BD_immune07_870205,tumor_NMPR,tumor_NMPR,0.456639445674184,Oligopotent,NMPR,Tumor_epithelial
BD_immune07_196999,normal_NMPR,normal_NMPR,0.215197636555601,Unipotent,NMPR,Tumor_epithelial_AT2
BD_immune07_505247,tumor_NMPR,tumor_NMPR,0.444776330873117,Oligopotent,NMPR,Tumor_epithelial
BD_immune07_787964,normal_NMPR,normal_NMPR,0.10996895775686,Differentiated,NMPR,Tumor_epithelial_AT2
BD_immune07_292755,normal_NMPR,normal_NMPR,0.137126495833655,Differentiated,NMPR,Tumor_epithelial_AT2
BD_immune07_538229,tumor_NMPR,tumor_NMPR,0.405337716897571,Oligopotent,NMPR,Tumor_epithelial
BD_immune07_642785,tumor_NMPR,tumor_NMPR,0.410243796162857,Oligopotent,NMPR,Tumor_epithelial
BD_immune07_94090,normal_NMPR,normal_NMPR,0.132892594939908,Differentiated,NMPR,Tumor_epithelial_AT2
BD_immune07_178401,normal_NMPR,normal_NMPR,0.196854389706303,Unipotent,NMPR,Tumor_epithelial_AT2
BD_immune07_333489,tumor_NMPR,tumor_NMPR,0.435061044470834,Oligopotent,NMPR,Tumor_epithelial
BD_immune07_3843,tumor_NMPR,tumor_NMPR,0.466796165909723,Oligopotent,NMPR,Tumor_epithelial
BD_immune07_642190,tumor_NMPR,tumor_NMPR,0.430814097648048,Oligopotent,NMPR,Tumor_epithelial
BD_immune07_676831,normal_NMPR,normal_NMPR,0.0598597628675935,Differentiated,NMPR,Tumor_epithelial_AT2
BD_immune07_484214,tumor_NMPR,tumor_NMPR,0.44524166819245,Oligopotent,NMPR,Tumor_epithelial
BD_immune07_195917,tumor_NMPR,tumor_NMPR,0.151009766629416,Differentiated,NMPR,Tumor_epithelial
BD_immune07_97130,tumor_NMPR,tumor_NMPR,0.466039692675092,Oligopotent,NMPR,Tumor_epithelial
BD_immune07_667579,tumor_NMPR,tumor_NMPR,0.393043275667076,Oligopotent,NMPR,Tumor_epithelial
BD_immune07_281600,normal_NMPR,normal_NMPR,0.116091222409303,Differentiated,NMPR,Tumor_epithelial_AT2
BD_immune07_157619,tumor_NMPR,tumor_NMPR,0.419297310700296,Oligopotent,NMPR,Tumor_epithelial
BD_immune07_489976,tumor_NMPR,tumor_NMPR,0.394331990355053,Oligopotent,NMPR,Tumor_epithelial
BD_immune07_522533,tumor_NMPR,tumor_NMPR,0.567187058354028,Multipotent,NMPR,Tumor_epithelial
BD_immune07_802881,normal_NMPR,normal_NMPR,0.0913053546217769,Differentiated,NMPR,Tumor_epithelial_AT2
BD_immune07_445133,tumor_NMPR,tumor_NMPR,0.467446636549416,Oligopotent,NMPR,Tumor_epithelial
BD_immune07_862797,tumor_NMPR,tumor_NMPR,0.406501948059464,Oligopotent,NMPR,Tumor_epithelial
BD_immune07_612990,tumor_NMPR,tumor_NMPR,0.408646495106595,Oligopotent,NMPR,Tumor_epithelial
BD_immune07_121263,normal_NMPR,normal_NMPR,0.250163329909329,Unipotent,NMPR,Tumor_epithelial_AT2
BD_immune07_7473,tumor_NMPR,tumor_NMPR,0.425123917124738,Oligopotent,NMPR,Tumor_epithelial
BD_immune07_588070,normal_NMPR,normal_NMPR,0.0974833544674984,Differentiated,NMPR,Tumor_epithelial_AT2
BD_immune07_735730,tumor_NMPR,tumor_NMPR,0.133874581709799,Differentiated,NMPR,Tumor_epithelial
BD_immune07_580723,normal_NMPR,normal_NMPR,0.135295551307514,Differentiated,NMPR,Tumor_epithelial_AT2
BD_immune07_551849,normal_NMPR,normal_NMPR,0.0511565514635029,Differentiated,NMPR,Tumor_epithelial_AT2
BD_immune07_883459,normal_NMPR,normal_NMPR,0.232763672927498,Unipotent,NMPR,Tumor_epithelial_AT2
BD_immune07_92858,normal_NMPR,normal_NMPR,0.0562930790972546,Differentiated,NMPR,Tumor_epithelial_AT2
BD_immune07_639381,tumor_NMPR,tumor_NMPR,0.545855330684544,Multipotent,NMPR,Tumor_epithelial
BD_immune07_667042,tumor_NMPR,tumor_NMPR,0.245458111930898,Unipotent,NMPR,Tumor_epithelial
BD_immune07_712656,tumor_NMPR,tumor_NMPR,0.381516787440573,Oligopotent,NMPR,Tumor_epithelial
BD_immune07_389851,normal_NMPR,normal_NMPR,0.148815335789933,Differentiated,NMPR,Tumor_epithelial_AT2
BD_immune07_688117,tumor_NMPR,tumor_NMPR,0.619671372710626,Multipotent,NMPR,Tumor_epithelial
BD_immune07_731506,tumor_NMPR,tumor_NMPR,0.534845872660843,Multipotent,NMPR,Tumor_epithelial
BD_immune07_634642,tumor_NMPR,tumor_NMPR,0.412669646685718,Oligopotent,NMPR,Tumor_epithelial
BD_immune07_183671,tumor_NMPR,tumor_NMPR,0.426781119829177,Oligopotent,NMPR,Tumor_epithelial
BD_immune07_168107,tumor_NMPR,tumor_NMPR,0.154056140506108,Differentiated,NMPR,Tumor_epithelial
BD_immune07_16065,tumor_NMPR,tumor_NMPR,0.417253955852337,Oligopotent,NMPR,Tumor_epithelial
BD_immune07_689872,tumor_NMPR,tumor_NMPR,0.36976289639118,Oligopotent,NMPR,Tumor_epithelial
BD_immune07_384161,tumor_NMPR,tumor_NMPR,0.474208972230619,Oligopotent,NMPR,Tumor_epithelial
BD_immune07_206422,normal_NMPR,normal_NMPR,0.195985568090985,Unipotent,NMPR,Tumor_epithelial_AT2
BD_immune07_265931,normal_NMPR,normal_NMPR,0.189387739001965,Unipotent,NMPR,Tumor_epithelial_AT2
BD_immune07_174018,normal_NMPR,normal_NMPR,0.100905875483886,Differentiated,NMPR,Tumor_epithelial_AT2
BD_immune07_874867,tumor_NMPR,tumor_NMPR,0.407900279216776,Oligopotent,NMPR,Tumor_epithelial
BD_immune07_570531,tumor_NMPR,tumor_NMPR,0.492464651943207,Oligopotent,NMPR,Tumor_epithelial
BD_immune07_340755,tumor_NMPR,tumor_NMPR,0.390902001486659,Oligopotent,NMPR,Tumor_epithelial
BD_immune07_327152,normal_NMPR,normal_NMPR,0.0713759019911624,Differentiated,NMPR,Tumor_epithelial_AT2
BD_immune07_499069,tumor_NMPR,tumor_NMPR,0.440594205908571,Oligopotent,NMPR,Tumor_epithelial
BD_immune07_775056,normal_NMPR,normal_NMPR,0.183240366573833,Unipotent,NMPR,Tumor_epithelial_AT2
BD_immune07_741745,normal_NMPR,normal_NMPR,0.198980005187396,Unipotent,NMPR,Tumor_epithelial_AT2
BD_immune07_580972,tumor_NMPR,tumor_NMPR,0.4093923559363,Oligopotent,NMPR,Tumor_epithelial
BD_immune07_87608,tumor_NMPR,tumor_NMPR,0.418299636173164,Oligopotent,NMPR,Tumor_epithelial
BD_immune07_126919,normal_NMPR,normal_NMPR,0.125694996140628,Differentiated,NMPR,Tumor_epithelial_AT2
BD_immune07_225565,tumor_NMPR,tumor_NMPR,0.366758975921244,Oligopotent,NMPR,Tumor_epithelial
BD_immune07_124366,tumor_NMPR,tumor_NMPR,0.405323426757264,Oligopotent,NMPR,Tumor_epithelial
BD_immune07_494604,tumor_NMPR,tumor_NMPR,0.40715989962499,Oligopotent,NMPR,Tumor_epithelial
BD_immune07_491917,tumor_NMPR,tumor_NMPR,0.185418047964275,Unipotent,NMPR,Tumor_epithelial
BD_immune07_336353,tumor_NMPR,tumor_NMPR,0.399691148562933,Oligopotent,NMPR,Tumor_epithelial
BD_immune07_82809,tumor_NMPR,tumor_NMPR,0.393788858548371,Oligopotent,NMPR,Tumor_epithelial
BD_immune07_738053,tumor_NMPR,tumor_NMPR,0.43332711349436,Oligopotent,NMPR,Tumor_epithelial
BD_immune07_496465,tumor_NMPR,tumor_NMPR,0.443501194138553,Oligopotent,NMPR,Tumor_epithelial
BD_immune07_329012,normal_NMPR,normal_NMPR,0.0949341634491098,Differentiated,NMPR,Tumor_epithelial_AT2
BD_immune07_60069,normal_NMPR,normal_NMPR,0.235083572704041,Unipotent,NMPR,Tumor_epithelial_AT2
BD_immune07_537030,normal_NMPR,normal_NMPR,0.188919172407943,Unipotent,NMPR,Tumor_epithelial_AT2
BD_immune07_860998,normal_NMPR,normal_NMPR,0.188086089068138,Unipotent,NMPR,Tumor_epithelial_AT2
BD_immune07_490576,normal_NMPR,normal_NMPR,0.185056726842464,Unipotent,NMPR,Tumor_epithelial_AT2
BD_immune07_616493,tumor_NMPR,tumor_NMPR,0.380396081069772,Oligopotent,NMPR,Tumor_epithelial
BD_immune07_384579,normal_NMPR,normal_NMPR,0.0703271243437913,Differentiated,NMPR,Tumor_epithelial_AT2
BD_immune07_703814,normal_NMPR,normal_NMPR,0.135673470228883,Differentiated,NMPR,Tumor_epithelial_AT2
BD_immune07_862185,tumor_NMPR,tumor_NMPR,0.406587317623724,Oligopotent,NMPR,Tumor_epithelial
BD_immune07_396159,tumor_NMPR,tumor_NMPR,0.36646112607759,Oligopotent,NMPR,Tumor_epithelial
BD_immune07_777463,normal_NMPR,normal_NMPR,0.100655733276125,Differentiated,NMPR,Tumor_epithelial_AT2
BD_immune07_153521,normal_NMPR,normal_NMPR,0.0922518831259308,Differentiated,NMPR,Tumor_epithelial_AT2
BD_immune07_803979,normal_NMPR,normal_NMPR,0.146702206946099,Differentiated,NMPR,Tumor_epithelial_AT2
BD_immune07_469314,tumor_NMPR,tumor_NMPR,0.429874424384515,Oligopotent,NMPR,Tumor_epithelial
BD_immune07_669760,normal_NMPR,normal_NMPR,0.0936178118266989,Differentiated,NMPR,Tumor_epithelial_AT2
BD_immune07_814171,normal_NMPR,normal_NMPR,0.230008979547723,Unipotent,NMPR,Tumor_epithelial_AT2
BD_immune07_11988,normal_NMPR,normal_NMPR,0.116412420269907,Differentiated,NMPR,Tumor_epithelial_AT2
BD_immune07_564702,normal_NMPR,normal_NMPR,0.119978658606929,Differentiated,NMPR,Tumor_epithelial_AT2
BD_immune07_542035,normal_NMPR,normal_NMPR,0.260126688290871,Unipotent,NMPR,Tumor_epithelial_AT2
BD_immune07_562531,tumor_NMPR,tumor_NMPR,0.385824048934307,Oligopotent,NMPR,Tumor_epithelial
BD_immune07_310216,tumor_NMPR,tumor_NMPR,0.143811136643393,Differentiated,NMPR,Tumor_epithelial
BD_immune07_4465,tumor_NMPR,tumor_NMPR,0.515065228476233,Multipotent,NMPR,Tumor_epithelial
BD_immune07_257445,normal_NMPR,normal_NMPR,0.174381584896716,Unipotent,NMPR,Tumor_epithelial_AT2
BD_immune07_587055,tumor_NMPR,tumor_NMPR,0.460652518761705,Oligopotent,NMPR,Tumor_epithelial
BD_immune07_704264,tumor_NMPR,tumor_NMPR,0.376310939096668,Oligopotent,NMPR,Tumor_epithelial
BD_immune07_91864,tumor_NMPR,tumor_NMPR,0.396843059596646,Oligopotent,NMPR,Tumor_epithelial
BD_immune07_511525,normal_NMPR,normal_NMPR,0.21177658008823,Unipotent,NMPR,Tumor_epithelial_AT2
BD_immune07_67449,tumor_NMPR,tumor_NMPR,0.431130316729561,Oligopotent,NMPR,Tumor_epithelial
BD_immune07_34682,normal_NMPR,normal_NMPR,0.0778130112034358,Differentiated,NMPR,Tumor_epithelial_AT2
BD_immune07_702243,normal_NMPR,normal_NMPR,0.14416097516216,Differentiated,NMPR,Tumor_epithelial_AT2
BD_immune07_350477,normal_NMPR,normal_NMPR,0.203237778146268,Unipotent,NMPR,Tumor_epithelial_AT2
BD_immune07_265646,tumor_NMPR,tumor_NMPR,0.235269093044856,Unipotent,NMPR,Tumor_epithelial
BD_immune07_434953,tumor_NMPR,tumor_NMPR,0.373877806069615,Oligopotent,NMPR,Tumor_epithelial
BD_immune07_807370,normal_NMPR,normal_NMPR,0.114619229980143,Differentiated,NMPR,Tumor_epithelial_AT2
BD_immune07_164392,tumor_NMPR,tumor_NMPR,0.399830334076297,Oligopotent,NMPR,Tumor_epithelial
BD_immune07_848609,tumor_NMPR,tumor_NMPR,0.500782442897217,Multipotent,NMPR,Tumor_epithelial
BD_immune07_125015,tumor_NMPR,tumor_NMPR,0.370234948824294,Oligopotent,NMPR,Tumor_epithelial
BD_immune07_19271,normal_NMPR,normal_NMPR,0.0771387646962612,Differentiated,NMPR,Tumor_epithelial_AT2
BD_immune07_52456,normal_NMPR,normal_NMPR,0.099442927730883,Differentiated,NMPR,Tumor_epithelial_AT2
BD_immune07_471495,tumor_NMPR,tumor_NMPR,0.543241879508984,Multipotent,NMPR,Tumor_epithelial
BD_immune07_629604,normal_NMPR,normal_NMPR,0.0200051897057334,Differentiated,NMPR,Tumor_epithelial_AT2
BD_immune07_297367,tumor_NMPR,tumor_NMPR,0.457397019204209,Oligopotent,NMPR,Tumor_epithelial
BD_immune07_664190,normal_NMPR,normal_NMPR,0.149713288249033,Differentiated,NMPR,Tumor_epithelial_AT2
BD_immune07_639696,tumor_NMPR,tumor_NMPR,0.442187340270688,Oligopotent,NMPR,Tumor_epithelial
BD_immune07_524866,tumor_NMPR,tumor_NMPR,0.308013669010359,Unipotent,NMPR,Tumor_epithelial
BD_immune07_562502,tumor_NMPR,tumor_NMPR,0.48260071598947,Oligopotent,NMPR,Tumor_epithelial
BD_immune07_702982,normal_NMPR,normal_NMPR,0.135558564731886,Differentiated,NMPR,Tumor_epithelial_AT2
BD_immune07_551665,normal_NMPR,normal_NMPR,0.183703322630281,Unipotent,NMPR,Tumor_epithelial_AT2
BD_immune07_83822,tumor_NMPR,tumor_NMPR,0.273665545396624,Unipotent,NMPR,Tumor_epithelial
BD_immune07_153434,normal_NMPR,normal_NMPR,0.107950705056,Differentiated,NMPR,Tumor_epithelial_AT2
BD_immune07_307271,normal_NMPR,normal_NMPR,0.0975179835623227,Differentiated,NMPR,Tumor_epithelial_AT2
BD_immune07_760394,normal_NMPR,normal_NMPR,0.219153272180003,Unipotent,NMPR,Tumor_epithelial_AT2
BD_immune07_158457,tumor_NMPR,tumor_NMPR,0.393172816822362,Oligopotent,NMPR,Tumor_epithelial
BD_immune07_26161,tumor_NMPR,tumor_NMPR,0.437445561004491,Oligopotent,NMPR,Tumor_epithelial
BD_immune07_345964,tumor_NMPR,tumor_NMPR,0.422308470493802,Oligopotent,NMPR,Tumor_epithelial
BD_immune07_146748,normal_NMPR,normal_NMPR,0.17541953046921,Unipotent,NMPR,Tumor_epithelial_AT2
BD_immune07_416025,tumor_NMPR,tumor_NMPR,0.412849802919353,Oligopotent,NMPR,Tumor_epithelial
BD_immune07_429628,normal_NMPR,normal_NMPR,0.224778640744182,Unipotent,NMPR,Tumor_epithelial_AT2
BD_immune07_178965,tumor_NMPR,tumor_NMPR,0.408907773938023,Oligopotent,NMPR,Tumor_epithelial
BD_immune07_859782,normal_NMPR,normal_NMPR,0.214542626345212,Unipotent,NMPR,Tumor_epithelial_AT2
BD_immune07_486874,normal_NMPR,normal_NMPR,0.239116579871225,Unipotent,NMPR,Tumor_epithelial_AT2
BD_immune07_804355,tumor_NMPR,tumor_NMPR,0.420960255243575,Oligopotent,NMPR,Tumor_epithelial
BD_immune07_465551,tumor_NMPR,tumor_NMPR,0.554300883000725,Multipotent,NMPR,Tumor_epithelial
BD_immune07_303392,normal_NMPR,normal_NMPR,0.436154931748547,Oligopotent,NMPR,Tumor_epithelial_AT2
BD_immune07_115925,tumor_NMPR,tumor_NMPR,0.509785337799983,Multipotent,NMPR,Tumor_epithelial
BD_immune07_143143,tumor_NMPR,tumor_NMPR,0.450024822800698,Oligopotent,NMPR,Tumor_epithelial
BD_immune07_60032,tumor_NMPR,tumor_NMPR,0.456608645495948,Oligopotent,NMPR,Tumor_epithelial
BD_immune07_310052,tumor_NMPR,tumor_NMPR,0.421319018207164,Oligopotent,NMPR,Tumor_epithelial
BD_immune07_745163,tumor_NMPR,tumor_NMPR,0.394415484151926,Oligopotent,NMPR,Tumor_epithelial
BD_immune07_639254,tumor_NMPR,tumor_NMPR,0.414833219443155,Oligopotent,NMPR,Tumor_epithelial
BD_immune07_293732,tumor_NMPR,tumor_NMPR,0.389319436296007,Oligopotent,NMPR,Tumor_epithelial
BD_immune07_169787,tumor_NMPR,tumor_NMPR,0.408196793456006,Oligopotent,NMPR,Tumor_epithelial
BD_immune07_810617,tumor_NMPR,tumor_NMPR,0.262309597997254,Unipotent,NMPR,Tumor_epithelial
BD_immune07_881323,tumor_NMPR,tumor_NMPR,0.433749844268157,Oligopotent,NMPR,Tumor_epithelial
BD_immune07_774898,normal_NMPR,normal_NMPR,0.0938054672201065,Differentiated,NMPR,Tumor_epithelial_AT2
BD_immune07_691947,tumor_NMPR,tumor_NMPR,0.468676946565084,Oligopotent,NMPR,Tumor_epithelial
BD_immune07_232202,normal_NMPR,normal_NMPR,0.108384858958541,Differentiated,NMPR,Tumor_epithelial_AT2
BD_immune07_322285,tumor_NMPR,tumor_NMPR,0.261474168675295,Unipotent,NMPR,Tumor_epithelial
BD_immune07_123717,tumor_NMPR,tumor_NMPR,0.5227085832476,Multipotent,NMPR,Tumor_epithelial
BD_immune07_698777,tumor_NMPR,tumor_NMPR,0.525104971977133,Multipotent,NMPR,Tumor_epithelial
BD_immune07_596968,normal_NMPR,normal_NMPR,0.167409447642496,Unipotent,NMPR,Tumor_epithelial_AT2
BD_immune07_841135,normal_NMPR,normal_NMPR,0.108992070134613,Differentiated,NMPR,Tumor_epithelial_AT2
BD_immune07_864111,tumor_NMPR,tumor_NMPR,0.160265397723651,Differentiated,NMPR,Tumor_epithelial_basal
BD_immune07_745556,tumor_NMPR,tumor_NMPR,0.414777306182692,Oligopotent,NMPR,Tumor_epithelial
BD_immune07_420306,normal_NMPR,normal_NMPR,0.113322936021878,Differentiated,NMPR,Tumor_epithelial_AT2
BD_immune07_877093,normal_NMPR,normal_NMPR,0.199737386818231,Unipotent,NMPR,Tumor_epithelial_AT2
BD_immune07_390381,normal_NMPR,normal_NMPR,0.238392849444595,Unipotent,NMPR,Tumor_epithelial_AT2
BD_immune07_258701,tumor_NMPR,tumor_NMPR,0.438799289217571,Oligopotent,NMPR,Tumor_epithelial
BD_immune07_138361,normal_NMPR,normal_NMPR,0.235174007753967,Unipotent,NMPR,Tumor_epithelial_AT2
BD_immune07_18475,tumor_NMPR,tumor_NMPR,0.437087058228611,Oligopotent,NMPR,Tumor_epithelial
BD_immune07_643935,tumor_NMPR,tumor_NMPR,0.245360108101268,Unipotent,NMPR,Tumor_epithelial
BD_immune07_560348,tumor_NMPR,tumor_NMPR,0.352002516039693,Oligopotent,NMPR,Tumor_epithelial
BD_immune07_313257,normal_NMPR,normal_NMPR,0.099460459593837,Differentiated,NMPR,Tumor_epithelial_AT2
BD_immune07_616768,normal_NMPR,normal_NMPR,0.247886038967213,Unipotent,NMPR,Tumor_epithelial_AT2
BD_immune07_669603,tumor_NMPR,tumor_NMPR,0.149981347993163,Differentiated,NMPR,Tumor_epithelial_basal
BD_immune07_212151,normal_NMPR,normal_NMPR,0.197117992793663,Unipotent,NMPR,Tumor_epithelial_AT2
BD_immune07_80092,normal_NMPR,normal_NMPR,0.123343502326254,Differentiated,NMPR,Tumor_epithelial_AT2
BD_immune07_306931,tumor_NMPR,tumor_NMPR,0.433608724282494,Oligopotent,NMPR,Tumor_epithelial
BD_immune07_606163,normal_NMPR,normal_NMPR,0.113048042612076,Differentiated,NMPR,Tumor_epithelial_AT2
BD_immune07_746160,tumor_NMPR,tumor_NMPR,0.553229941516143,Multipotent,NMPR,Tumor_epithelial
BD_immune07_130923,tumor_NMPR,tumor_NMPR,0.184728756503984,Unipotent,NMPR,Tumor_epithelial
BD_immune07_795391,normal_NMPR,normal_NMPR,0.210451331448298,Unipotent,NMPR,Tumor_epithelial_AT2
BD_immune07_324553,tumor_NMPR,tumor_NMPR,0.148689348733698,Differentiated,NMPR,Tumor_epithelial_basal
BD_immune07_200137,normal_NMPR,normal_NMPR,0.143921241666552,Differentiated,NMPR,Tumor_epithelial_AT2
BD_immune07_88776,tumor_NMPR,tumor_NMPR,0.505666675351344,Multipotent,NMPR,Tumor_epithelial
BD_immune07_139850,normal_NMPR,normal_NMPR,0.172225699686252,Unipotent,NMPR,Tumor_epithelial_AT2
BD_immune07_411478,normal_NMPR,normal_NMPR,0.237922899889833,Unipotent,NMPR,Tumor_epithelial_AT2
BD_immune07_493015,tumor_NMPR,tumor_NMPR,0.43388143420034,Oligopotent,NMPR,Tumor_epithelial
BD_immune07_182778,normal_NMPR,normal_NMPR,0.149512286783723,Differentiated,NMPR,Tumor_epithelial_AT2
BD_immune07_384149,tumor_NMPR,tumor_NMPR,0.443092220735112,Oligopotent,NMPR,Tumor_epithelial
BD_immune07_37501,tumor_NMPR,tumor_NMPR,0.213774008051057,Unipotent,NMPR,Tumor_epithelial
BD_immune07_295314,normal_NMPR,normal_NMPR,0.172348069556656,Unipotent,NMPR,Tumor_epithelial_AT2
BD_immune07_177397,tumor_NMPR,tumor_NMPR,0.373978716691488,Oligopotent,NMPR,Tumor_epithelial
BD_immune07_536520,normal_NMPR,normal_NMPR,0.135978704648878,Differentiated,NMPR,Tumor_epithelial_AT2
BD_immune07_561472,tumor_NMPR,tumor_NMPR,0.236390045341945,Unipotent,NMPR,Tumor_epithelial
BD_immune07_778886,normal_NMPR,normal_NMPR,0.208231317299766,Unipotent,NMPR,Tumor_epithelial_AT2
BD_immune07_667246,tumor_NMPR,tumor_NMPR,0.480212999999085,Oligopotent,NMPR,Tumor_epithelial
BD_immune07_561764,tumor_NMPR,tumor_NMPR,0.451079738698748,Oligopotent,NMPR,Tumor_epithelial
BD_immune07_639271,tumor_NMPR,tumor_NMPR,0.371986354571844,Oligopotent,NMPR,Tumor_epithelial
BD_immune07_633173,tumor_NMPR,tumor_NMPR,0.479941704342694,Oligopotent,NMPR,Tumor_epithelial
BD_immune07_257838,normal_NMPR,normal_NMPR,0.138748804526919,Differentiated,NMPR,Tumor_epithelial_AT2
BD_immune07_456382,tumor_NMPR,tumor_NMPR,0.523281323605173,Multipotent,NMPR,Tumor_epithelial
BD_immune07_808653,tumor_NMPR,tumor_NMPR,0.171023066130759,Unipotent,NMPR,Tumor_epithelial
BD_immune07_640964,tumor_NMPR,tumor_NMPR,0.394518103042719,Oligopotent,NMPR,Tumor_epithelial
BD_immune07_450278,normal_NMPR,normal_NMPR,0.182048687834256,Unipotent,NMPR,Tumor_epithelial_AT2
BD_immune07_728844,tumor_NMPR,tumor_NMPR,0.266315857529325,Unipotent,NMPR,Tumor_epithelial
BD_immune07_8186,tumor_NMPR,tumor_NMPR,0.391334082217981,Oligopotent,NMPR,Tumor_epithelial
BD_immune07_502545,normal_NMPR,normal_NMPR,0.163119328791001,Differentiated,NMPR,Tumor_epithelial_AT2
BD_immune07_485014,tumor_NMPR,tumor_NMPR,0.210522743744533,Unipotent,NMPR,Tumor_epithelial
BD_immune07_86341,tumor_NMPR,tumor_NMPR,0.344813427033244,Oligopotent,NMPR,Tumor_epithelial
BD_immune07_413721,normal_NMPR,normal_NMPR,0.0969485744498244,Differentiated,NMPR,Tumor_epithelial_AT2
BD_immune07_210052,normal_NMPR,normal_NMPR,0.0523285345839199,Differentiated,NMPR,Tumor_epithelial_AT2
BD_immune07_258826,normal_NMPR,normal_NMPR,0.127629752702749,Differentiated,NMPR,Tumor_epithelial_AT2
BD_immune07_379035,tumor_NMPR,tumor_NMPR,0.19011876936844,Unipotent,NMPR,Tumor_epithelial
BD_immune07_877493,normal_NMPR,normal_NMPR,0.147824041150687,Differentiated,NMPR,Tumor_epithelial_AT2
BD_immune07_850570,tumor_NMPR,tumor_NMPR,0.345343880766658,Oligopotent,NMPR,Tumor_epithelial
BD_immune07_436964,tumor_NMPR,tumor_NMPR,0.375295399746246,Oligopotent,NMPR,Tumor_epithelial
BD_immune07_445453,normal_NMPR,normal_NMPR,0.159337801171136,Differentiated,NMPR,Tumor_epithelial_AT2
BD_immune07_838270,normal_NMPR,normal_NMPR,0.174222783421689,Unipotent,NMPR,Tumor_epithelial_AT2
BD_immune07_309201,normal_NMPR,normal_NMPR,0.106377984150931,Differentiated,NMPR,Tumor_epithelial_AT2
BD_immune07_578513,normal_NMPR,normal_NMPR,0.0523038917335702,Differentiated,NMPR,Tumor_epithelial_AT2
BD_immune07_354336,normal_NMPR,normal_NMPR,0.184960389918957,Unipotent,NMPR,Tumor_epithelial_AT2
BD_immune07_571124,tumor_NMPR,tumor_NMPR,0.144890361870907,Differentiated,NMPR,Tumor_epithelial
BD_immune07_631271,normal_NMPR,normal_NMPR,0.207393522875038,Unipotent,NMPR,Tumor_epithelial_AT2
BD_immune07_534808,tumor_NMPR,tumor_NMPR,0.212248733161962,Unipotent,NMPR,Tumor_epithelial
BD_immune07_879802,tumor_NMPR,tumor_NMPR,0.372207087005371,Oligopotent,NMPR,Tumor_epithelial
BD_immune07_732557,normal_NMPR,normal_NMPR,0.196748740847539,Unipotent,NMPR,Tumor_epithelial_AT2
BD_immune07_617372,normal_NMPR,normal_NMPR,0.144749519123932,Differentiated,NMPR,Tumor_epithelial_AT2
BD_immune07_661552,tumor_NMPR,tumor_NMPR,0.261935787035759,Unipotent,NMPR,Tumor_epithelial
BD_immune07_705808,normal_NMPR,normal_NMPR,0.184578137915148,Unipotent,NMPR,Tumor_epithelial_AT2
BD_immune07_418079,tumor_NMPR,tumor_NMPR,0.538385385541555,Multipotent,NMPR,Tumor_epithelial
BD_immune07_868311,tumor_NMPR,tumor_NMPR,0.47687594303554,Oligopotent,NMPR,Tumor_epithelial
BD_immune07_12337,tumor_NMPR,tumor_NMPR,0.423571897328779,Oligopotent,NMPR,Tumor_epithelial
BD_immune07_791350,tumor_NMPR,tumor_NMPR,0.452114471361573,Oligopotent,NMPR,Tumor_epithelial
BD_immune07_801632,normal_NMPR,normal_NMPR,0.0441525880958446,Differentiated,NMPR,Tumor_epithelial_AT2
BD_immune07_18569,normal_NMPR,normal_NMPR,0.164721844303329,Differentiated,NMPR,Tumor_epithelial_AT2
BD_immune07_760759,tumor_NMPR,tumor_NMPR,0.56378097303553,Multipotent,NMPR,Tumor_epithelial
BD_immune07_300388,tumor_NMPR,tumor_NMPR,0.449393784808416,Oligopotent,NMPR,Tumor_epithelial
BD_immune07_675479,normal_NMPR,normal_NMPR,0.237593025878328,Unipotent,NMPR,Tumor_epithelial_AT2
BD_immune07_95786,tumor_NMPR,tumor_NMPR,0.455848845856288,Oligopotent,NMPR,Tumor_epithelial
BD_immune07_135415,normal_NMPR,normal_NMPR,0.180353666121116,Unipotent,NMPR,Tumor_epithelial_AT2
BD_immune07_72313,tumor_NMPR,tumor_NMPR,0.410766226273442,Oligopotent,NMPR,Tumor_epithelial
BD_immune07_312655,tumor_NMPR,tumor_NMPR,0.287844550394382,Unipotent,NMPR,Tumor_epithelial
BD_immune07_226011,normal_NMPR,normal_NMPR,0.240426802624206,Unipotent,NMPR,Tumor_epithelial_AT2
BD_immune07_845309,normal_NMPR,normal_NMPR,0.218515148718393,Unipotent,NMPR,Tumor_epithelial_AT2
BD_immune07_370961,normal_NMPR,normal_NMPR,0.123055978857353,Differentiated,NMPR,Tumor_epithelial_AT2
BD_immune07_525711,tumor_NMPR,tumor_NMPR,0.263678284645539,Unipotent,NMPR,Tumor_epithelial
BD_immune07_703872,normal_NMPR,normal_NMPR,0.138844987364837,Differentiated,NMPR,Tumor_epithelial_AT2
BD_immune07_610078,normal_NMPR,normal_NMPR,0.228435090328946,Unipotent,NMPR,Tumor_epithelial_AT2
BD_immune07_225069,tumor_NMPR,tumor_NMPR,0.238172951377725,Unipotent,NMPR,Tumor_epithelial
BD_immune07_709181,normal_NMPR,normal_NMPR,0.147102717227276,Differentiated,NMPR,Tumor_epithelial_AT2
BD_immune07_154952,tumor_NMPR,tumor_NMPR,0.432951438049509,Oligopotent,NMPR,Tumor_epithelial
BD_immune07_142512,normal_NMPR,normal_NMPR,0.155906446367461,Differentiated,NMPR,Tumor_epithelial_AT2
BD_immune07_446004,normal_NMPR,normal_NMPR,0.149838418024787,Differentiated,NMPR,Tumor_epithelial_AT2
BD_immune07_53712,tumor_NMPR,tumor_NMPR,0.402641941316488,Oligopotent,NMPR,Tumor_epithelial
BD_immune07_232321,normal_NMPR,normal_NMPR,0.190114191143417,Unipotent,NMPR,Tumor_epithelial_AT2
BD_immune07_109512,tumor_NMPR,tumor_NMPR,0.470295116722613,Oligopotent,NMPR,Tumor_epithelial
BD_immune07_528564,normal_NMPR,normal_NMPR,0.212808289221367,Unipotent,NMPR,Tumor_epithelial_AT2
BD_immune07_402382,tumor_NMPR,tumor_NMPR,0.449685116852435,Oligopotent,NMPR,Tumor_epithelial
BD_immune07_581823,normal_NMPR,normal_NMPR,0.142418193371288,Differentiated,NMPR,Tumor_epithelial_AT2
BD_immune07_57898,normal_NMPR,normal_NMPR,0.242618576246189,Unipotent,NMPR,Tumor_epithelial_AT2
BD_immune07_283850,tumor_NMPR,tumor_NMPR,0.404489511869102,Oligopotent,NMPR,Tumor_epithelial
BD_immune07_706323,tumor_NMPR,tumor_NMPR,0.338576752311019,Oligopotent,NMPR,Tumor_epithelial
BD_immune07_90770,tumor_NMPR,tumor_NMPR,0.419700201821512,Oligopotent,NMPR,Tumor_epithelial
BD_immune07_594621,tumor_NMPR,tumor_NMPR,0.342112992728201,Oligopotent,NMPR,Tumor_epithelial
BD_immune07_413116,normal_NMPR,normal_NMPR,0.226463499988211,Unipotent,NMPR,Tumor_epithelial_AT2
BD_immune07_342702,normal_NMPR,normal_NMPR,0.190178572586801,Unipotent,NMPR,Tumor_epithelial_AT2
BD_immune07_722805,normal_NMPR,normal_NMPR,0.155361194920806,Differentiated,NMPR,Tumor_epithelial_AT2
BD_immune07_22548,tumor_NMPR,tumor_NMPR,0.460147472668351,Oligopotent,NMPR,Tumor_epithelial
BD_immune07_643407,tumor_NMPR,tumor_NMPR,0.37031120682157,Oligopotent,NMPR,Tumor_epithelial
BD_immune07_305843,tumor_NMPR,tumor_NMPR,0.34137533587166,Oligopotent,NMPR,Tumor_epithelial
BD_immune07_812461,tumor_NMPR,tumor_NMPR,0.246860533485749,Unipotent,NMPR,Tumor_epithelial
BD_immune07_285275,tumor_NMPR,tumor_NMPR,0.145649167708696,Differentiated,NMPR,Tumor_epithelial
BD_immune07_102072,tumor_NMPR,tumor_NMPR,0.41751206678179,Oligopotent,NMPR,Tumor_epithelial
BD_immune07_501594,tumor_NMPR,tumor_NMPR,0.40687226501602,Oligopotent,NMPR,Tumor_epithelial
BD_immune07_693058,tumor_NMPR,tumor_NMPR,0.15061674423308,Differentiated,NMPR,Tumor_epithelial
BD_immune07_766473,normal_NMPR,normal_NMPR,0.163322112163842,Differentiated,NMPR,Tumor_epithelial_AT2
BD_immune07_288224,normal_NMPR,normal_NMPR,0.19906676603783,Unipotent,NMPR,Tumor_epithelial_AT2
BD_immune07_534747,tumor_NMPR,tumor_NMPR,0.47946906084315,Oligopotent,NMPR,Tumor_epithelial
BD_immune07_790614,tumor_NMPR,tumor_NMPR,0.347844958001869,Oligopotent,NMPR,Tumor_epithelial
BD_immune07_655805,normal_NMPR,normal_NMPR,0.10476364108353,Differentiated,NMPR,Tumor_epithelial_AT2
BD_immune07_2006,normal_NMPR,normal_NMPR,0.056907332015494,Differentiated,NMPR,Tumor_epithelial_AT2
BD_immune07_428510,normal_NMPR,normal_NMPR,0.175256746656185,Unipotent,NMPR,Tumor_epithelial_AT2
BD_immune07_667176,normal_NMPR,normal_NMPR,0.132979353117342,Differentiated,NMPR,Tumor_epithelial_AT2
BD_immune07_23564,normal_NMPR,normal_NMPR,0.187606841929966,Unipotent,NMPR,Tumor_epithelial_AT2
BD_immune07_666659,normal_NMPR,normal_NMPR,0.13619037801596,Differentiated,NMPR,Tumor_epithelial_AT2
BD_immune07_713889,normal_NMPR,normal_NMPR,0.206249127259466,Unipotent,NMPR,Tumor_epithelial_AT2
BD_immune07_597002,tumor_NMPR,tumor_NMPR,0.386770498006253,Oligopotent,NMPR,Tumor_epithelial
BD_immune07_870666,tumor_NMPR,tumor_NMPR,0.3671606890979,Oligopotent,NMPR,Tumor_epithelial
BD_immune07_881611,normal_NMPR,normal_NMPR,0.160638835874676,Differentiated,NMPR,Tumor_epithelial_AT2
BD_immune07_711224,tumor_NMPR,tumor_NMPR,0.242452692936547,Unipotent,NMPR,Tumor_epithelial
BD_immune07_604181,tumor_NMPR,tumor_NMPR,0.571075668519111,Multipotent,NMPR,Tumor_epithelial
BD_immune07_402658,normal_NMPR,normal_NMPR,0.105520924150934,Differentiated,NMPR,Tumor_epithelial_AT2
BD_immune07_537111,normal_NMPR,normal_NMPR,0.202236171340103,Unipotent,NMPR,Tumor_epithelial_AT2
BD_immune07_169715,tumor_NMPR,tumor_NMPR,0.425834223574848,Oligopotent,NMPR,Tumor_epithelial
BD_immune07_27945,tumor_NMPR,tumor_NMPR,0.415274968137877,Oligopotent,NMPR,Tumor_epithelial
BD_immune07_732773,normal_NMPR,normal_NMPR,0.0871190814438898,Differentiated,NMPR,Tumor_epithelial_AT2
BD_immune07_312992,normal_NMPR,normal_NMPR,0.121850282374289,Differentiated,NMPR,Tumor_epithelial_AT2
BD_immune07_168721,tumor_NMPR,tumor_NMPR,0.411414273526954,Oligopotent,NMPR,Tumor_epithelial
BD_immune07_808071,tumor_NMPR,tumor_NMPR,0.211895398163512,Unipotent,NMPR,Tumor_epithelial
BD_immune07_820920,tumor_NMPR,tumor_NMPR,0.316140962668196,Unipotent,NMPR,Tumor_epithelial
BD_immune07_497469,normal_NMPR,normal_NMPR,0.222353519401089,Unipotent,NMPR,Tumor_epithelial_AT2
BD_immune07_667341,tumor_NMPR,tumor_NMPR,0.283999038920486,Unipotent,NMPR,Tumor_epithelial
BD_immune07_418348,normal_NMPR,normal_NMPR,0.199242312565681,Unipotent,NMPR,Tumor_epithelial_AT2
BD_immune07_396048,normal_NMPR,normal_NMPR,0.0716837914033256,Differentiated,NMPR,Tumor_epithelial_AT2
BD_immune07_814263,tumor_NMPR,tumor_NMPR,0.466177801868409,Oligopotent,NMPR,Tumor_epithelial_basal
BD_immune07_684797,tumor_NMPR,tumor_NMPR,0.417840891649333,Oligopotent,NMPR,Tumor_epithelial
BD_immune07_94322,normal_NMPR,normal_NMPR,0.177825400138098,Unipotent,NMPR,Tumor_epithelial_AT2
BD_immune07_553423,normal_NMPR,normal_NMPR,0.202423915373126,Unipotent,NMPR,Tumor_epithelial_AT2
BD_immune07_842807,normal_NMPR,normal_NMPR,0.26526664457631,Unipotent,NMPR,Tumor_epithelial_AT2
BD_immune07_583620,normal_NMPR,normal_NMPR,0.134638983439159,Differentiated,NMPR,Tumor_epithelial_AT2
BD_immune07_818314,normal_NMPR,normal_NMPR,0.19696613450502,Unipotent,NMPR,Tumor_epithelial_AT2
BD_immune07_399941,tumor_NMPR,tumor_NMPR,0.589558799553084,Multipotent,NMPR,Tumor_epithelial
BD_immune07_771872,normal_NMPR,normal_NMPR,0.0767966968262523,Differentiated,NMPR,Tumor_epithelial_AT2
BD_immune07_632872,normal_NMPR,normal_NMPR,0.235884604122326,Unipotent,NMPR,Tumor_epithelial_AT2
BD_immune07_863244,tumor_NMPR,tumor_NMPR,0.213883667528301,Unipotent,NMPR,Tumor_epithelial
BD_immune07_710824,tumor_NMPR,tumor_NMPR,0.307203415875289,Unipotent,NMPR,Tumor_epithelial
BD_immune07_722905,tumor_NMPR,tumor_NMPR,0.418333058033081,Oligopotent,NMPR,Tumor_epithelial
BD_immune07_644013,tumor_NMPR,tumor_NMPR,0.429882211068654,Oligopotent,NMPR,Tumor_epithelial
BD_immune07_311574,normal_NMPR,normal_NMPR,0.153719271149529,Differentiated,NMPR,Tumor_epithelial_AT2
BD_immune07_428806,normal_NMPR,normal_NMPR,0.159257663166426,Differentiated,NMPR,Tumor_epithelial_AT2
BD_immune07_269629,tumor_NMPR,tumor_NMPR,0.305306177949209,Unipotent,NMPR,Tumor_epithelial
BD_immune07_764072,tumor_NMPR,tumor_NMPR,0.443390844083328,Oligopotent,NMPR,Tumor_epithelial
BD_immune07_253946,normal_NMPR,normal_NMPR,0.236563787226435,Unipotent,NMPR,Tumor_epithelial_AT2
BD_immune07_819026,tumor_NMPR,tumor_NMPR,0.353718726915904,Oligopotent,NMPR,Tumor_epithelial
BD_immune07_683,normal_NMPR,normal_NMPR,0.123197679481186,Differentiated,NMPR,Tumor_epithelial_AT2
BD_immune07_875400,normal_NMPR,normal_NMPR,0.207703243409323,Unipotent,NMPR,Tumor_epithelial_AT2
BD_immune07_486106,normal_NMPR,normal_NMPR,0.124580461147225,Differentiated,NMPR,Tumor_epithelial_AT2
BD_immune07_232149,normal_NMPR,normal_NMPR,0.15284389003489,Differentiated,NMPR,Tumor_epithelial_AT2
BD_immune07_566725,normal_NMPR,normal_NMPR,0.138847074500458,Differentiated,NMPR,Tumor_epithelial_AT2
BD_immune07_623786,tumor_NMPR,tumor_NMPR,0.380898362091978,Oligopotent,NMPR,Tumor_epithelial
BD_immune07_517399,tumor_NMPR,tumor_NMPR,0.369109629990729,Oligopotent,NMPR,Tumor_epithelial
BD_immune07_336118,normal_NMPR,normal_NMPR,0.19156209475072,Unipotent,NMPR,Tumor_epithelial_AT2
BD_immune07_463031,tumor_NMPR,tumor_NMPR,0.236458311777401,Unipotent,NMPR,Tumor_epithelial
BD_immune07_688144,normal_NMPR,normal_NMPR,0.0910460108597371,Differentiated,NMPR,Tumor_epithelial_AT2
BD_immune07_784055,normal_NMPR,normal_NMPR,0.0972242300114536,Differentiated,NMPR,Tumor_epithelial_AT2
BD_immune07_91101,tumor_NMPR,tumor_NMPR,0.361883739095292,Oligopotent,NMPR,Tumor_epithelial
BD_immune07_861501,tumor_NMPR,tumor_NMPR,0.143626279947161,Differentiated,NMPR,Tumor_epithelial
BD_immune07_398372,normal_NMPR,normal_NMPR,0.177585937160997,Unipotent,NMPR,Tumor_epithelial_AT2
BD_immune07_318776,normal_NMPR,normal_NMPR,0.150887889960121,Differentiated,NMPR,Tumor_epithelial_AT2
BD_immune07_4279,normal_NMPR,normal_NMPR,0.091173232599349,Differentiated,NMPR,Tumor_epithelial_AT2
BD_immune07_305296,normal_NMPR,normal_NMPR,0.0989528505707676,Differentiated,NMPR,Tumor_epithelial_AT2
BD_immune07_523056,normal_NMPR,normal_NMPR,0.130436247150527,Differentiated,NMPR,Tumor_epithelial_AT2
BD_immune07_425599,tumor_NMPR,tumor_NMPR,0.138390552871348,Differentiated,NMPR,Tumor_epithelial_basal
BD_immune07_409605,normal_NMPR,normal_NMPR,0.200765218061578,Unipotent,NMPR,Tumor_epithelial_AT2
BD_immune07_4270,tumor_NMPR,tumor_NMPR,0.278491151648055,Unipotent,NMPR,Tumor_epithelial
BD_immune07_122491,normal_NMPR,normal_NMPR,0.115646807809649,Differentiated,NMPR,Tumor_epithelial_AT2
BD_immune07_376626,tumor_NMPR,tumor_NMPR,0.533946157620271,Multipotent,NMPR,Tumor_epithelial
BD_immune07_57367,normal_NMPR,normal_NMPR,0.174850050370129,Unipotent,NMPR,Tumor_epithelial_AT2
BD_immune07_282734,normal_NMPR,normal_NMPR,0.135481522469964,Differentiated,NMPR,Tumor_epithelial_AT2
BD_immune07_17261,tumor_NMPR,tumor_NMPR,0.375060262270306,Oligopotent,NMPR,Tumor_epithelial
BD_immune07_868188,tumor_NMPR,tumor_NMPR,0.237768597563938,Unipotent,NMPR,Tumor_epithelial
BD_immune07_417268,tumor_NMPR,tumor_NMPR,0.421795268341205,Oligopotent,NMPR,Tumor_epithelial
BD_immune07_48877,normal_NMPR,normal_NMPR,0.0693305396924608,Differentiated,NMPR,Tumor_epithelial_AT2
BD_immune07_662110,tumor_NMPR,tumor_NMPR,0.474741229584899,Oligopotent,NMPR,Tumor_epithelial
BD_immune07_707059,tumor_NMPR,tumor_NMPR,0.156833059475513,Differentiated,NMPR,Tumor_epithelial_basal
BD_immune07_588259,tumor_NMPR,tumor_NMPR,0.421798898046859,Oligopotent,NMPR,Tumor_epithelial
BD_immune07_734790,normal_NMPR,normal_NMPR,0.21500808744173,Unipotent,NMPR,Tumor_epithelial_AT2
BD_immune07_746331,tumor_NMPR,tumor_NMPR,0.147668675685978,Differentiated,NMPR,Tumor_epithelial_basal
BD_immune07_675930,tumor_NMPR,tumor_NMPR,0.424929523242618,Oligopotent,NMPR,Tumor_epithelial
BD_immune07_537950,tumor_NMPR,tumor_NMPR,0.163829268857613,Differentiated,NMPR,Tumor_epithelial
BD_immune07_657065,tumor_NMPR,tumor_NMPR,0.388992611409622,Oligopotent,NMPR,Tumor_epithelial
BD_immune07_884494,normal_NMPR,normal_NMPR,0.241328589265359,Unipotent,NMPR,Tumor_epithelial_AT2
BD_immune07_556304,normal_NMPR,normal_NMPR,0.154963816362489,Differentiated,NMPR,Tumor_epithelial_AT2
BD_immune07_185216,normal_NMPR,normal_NMPR,0.0488437111695956,Differentiated,NMPR,Tumor_epithelial_AT2
BD_immune07_782119,tumor_NMPR,tumor_NMPR,0.285462042669053,Unipotent,NMPR,Tumor_epithelial
BD_immune07_135076,normal_NMPR,normal_NMPR,0.163723433240812,Differentiated,NMPR,Tumor_epithelial_AT2
BD_immune07_446011,tumor_NMPR,tumor_NMPR,0.349141131281109,Oligopotent,NMPR,Tumor_epithelial
BD_immune07_365310,normal_NMPR,normal_NMPR,0.243204693413901,Unipotent,NMPR,Tumor_epithelial_AT2
BD_immune07_326248,normal_NMPR,normal_NMPR,0.155006059721724,Differentiated,NMPR,Tumor_epithelial_AT2
BD_immune07_526258,tumor_NMPR,tumor_NMPR,0.394766681534481,Oligopotent,NMPR,Tumor_epithelial
BD_immune07_250170,normal_NMPR,normal_NMPR,0.184228591187943,Unipotent,NMPR,Tumor_epithelial_AT2
BD_immune07_44414,normal_NMPR,normal_NMPR,0.158638995540917,Differentiated,NMPR,Tumor_epithelial_AT2
BD_immune07_671561,tumor_NMPR,tumor_NMPR,0.350690568348234,Oligopotent,NMPR,Tumor_epithelial
BD_immune07_486161,normal_NMPR,normal_NMPR,0.092342463610643,Differentiated,NMPR,Tumor_epithelial_AT2
BD_immune07_558048,normal_NMPR,normal_NMPR,0.201601292736543,Unipotent,NMPR,Tumor_epithelial_AT2
BD_immune07_489870,tumor_NMPR,tumor_NMPR,0.414608294611566,Oligopotent,NMPR,Tumor_epithelial
BD_immune07_743556,tumor_NMPR,tumor_NMPR,0.543790169056276,Multipotent,NMPR,Tumor_epithelial
BD_immune07_266889,normal_NMPR,normal_NMPR,0.198790001413742,Unipotent,NMPR,Tumor_epithelial_AT2
BD_immune07_179587,tumor_NMPR,tumor_NMPR,0.227600635762881,Unipotent,NMPR,Tumor_epithelial
BD_immune07_676783,normal_NMPR,normal_NMPR,0.112458121913973,Differentiated,NMPR,Tumor_epithelial_AT2
BD_immune07_151671,normal_NMPR,normal_NMPR,0.17729145176449,Unipotent,NMPR,Tumor_epithelial_AT2
BD_immune07_860189,normal_NMPR,normal_NMPR,0.108584764342931,Differentiated,NMPR,Tumor_epithelial_AT2
BD_immune07_392814,normal_NMPR,normal_NMPR,0.129084685429728,Differentiated,NMPR,Tumor_epithelial_AT2
BD_immune07_432269,tumor_NMPR,tumor_NMPR,0.286723896585877,Unipotent,NMPR,Tumor_epithelial
BD_immune07_552502,normal_NMPR,normal_NMPR,0.175314009274982,Unipotent,NMPR,Tumor_epithelial_AT2
BD_immune07_579512,normal_NMPR,normal_NMPR,0.264962462456509,Unipotent,NMPR,Tumor_epithelial_AT2
BD_immune07_570934,tumor_NMPR,tumor_NMPR,0.145312310165884,Differentiated,NMPR,Tumor_epithelial
BD_immune07_576690,tumor_NMPR,tumor_NMPR,0.426812474913441,Oligopotent,NMPR,Tumor_epithelial_basal
BD_immune07_836034,tumor_NMPR,tumor_NMPR,0.4106472473635,Oligopotent,NMPR,Tumor_epithelial
BD_immune07_767055,normal_NMPR,normal_NMPR,0.135214071324203,Differentiated,NMPR,Tumor_epithelial_AT2
BD_immune07_493324,normal_NMPR,normal_NMPR,0.176093524863448,Unipotent,NMPR,Tumor_epithelial_AT2
BD_immune07_868665,normal_NMPR,normal_NMPR,0.19799465601173,Unipotent,NMPR,Tumor_epithelial_AT2
BD_immune07_741175,normal_NMPR,normal_NMPR,0.242656156505244,Unipotent,NMPR,Tumor_epithelial_AT2
BD_immune07_392682,tumor_NMPR,tumor_NMPR,0.41340065819075,Oligopotent,NMPR,Tumor_epithelial
BD_immune07_570213,tumor_NMPR,tumor_NMPR,0.368155033110503,Oligopotent,NMPR,Tumor_epithelial
BD_immune07_804190,normal_NMPR,normal_NMPR,0.149414811889149,Differentiated,NMPR,Tumor_epithelial_AT2
BD_immune07_718753,normal_NMPR,normal_NMPR,0.199792282172152,Unipotent,NMPR,Tumor_epithelial_AT2
BD_immune07_585322,tumor_NMPR,tumor_NMPR,0.417605638946799,Oligopotent,NMPR,Tumor_epithelial
BD_immune07_749644,tumor_NMPR,tumor_NMPR,0.433746847993574,Oligopotent,NMPR,Tumor_epithelial
BD_immune07_428325,normal_NMPR,normal_NMPR,0.313396683071983,Unipotent,NMPR,Tumor_epithelial_AT2
BD_immune07_170091,tumor_NMPR,tumor_NMPR,0.159076401449964,Differentiated,NMPR,Tumor_epithelial_basal
BD_immune07_302008,tumor_NMPR,tumor_NMPR,0.416390046195174,Oligopotent,NMPR,Tumor_epithelial_basal
BD_immune07_245712,tumor_NMPR,tumor_NMPR,0.367327929644701,Oligopotent,NMPR,Tumor_epithelial
BD_immune07_859504,normal_NMPR,normal_NMPR,0.240980939253565,Unipotent,NMPR,Tumor_epithelial_AT2
BD_immune07_746368,normal_NMPR,normal_NMPR,0.120467638565148,Differentiated,NMPR,Tumor_epithelial_AT2
BD_immune07_710038,tumor_NMPR,tumor_NMPR,0.331136726198274,Unipotent,NMPR,Tumor_epithelial
BD_immune07_700522,tumor_NMPR,tumor_NMPR,0.370254242253243,Oligopotent,NMPR,Tumor_epithelial
BD_immune07_14031,tumor_NMPR,tumor_NMPR,0.344400474835347,Oligopotent,NMPR,Tumor_epithelial
BD_immune07_536546,normal_NMPR,normal_NMPR,0.0772227048523349,Differentiated,NMPR,Tumor_epithelial_AT2
BD_immune07_286754,tumor_NMPR,tumor_NMPR,0.507996576387261,Multipotent,NMPR,Tumor_epithelial
BD_immune07_243456,normal_NMPR,normal_NMPR,0.101834200556782,Differentiated,NMPR,Tumor_epithelial_AT2
BD_immune07_835651,normal_NMPR,normal_NMPR,0.289143610502643,Unipotent,NMPR,Tumor_epithelial_AT2
BD_immune07_858990,normal_NMPR,normal_NMPR,0.345232912743496,Oligopotent,NMPR,Tumor_epithelial_AT2
BD_immune07_275671,normal_NMPR,normal_NMPR,0.17583368845387,Unipotent,NMPR,Tumor_epithelial_AT2
BD_immune07_67206,normal_NMPR,normal_NMPR,0.11180914165261,Differentiated,NMPR,Tumor_epithelial_AT2
BD_immune07_63211,normal_NMPR,normal_NMPR,0.1387225017433,Differentiated,NMPR,Tumor_epithelial_AT2
BD_immune07_214830,normal_NMPR,normal_NMPR,0.224522675998048,Unipotent,NMPR,Tumor_epithelial_AT2
BD_immune07_282254,tumor_NMPR,tumor_NMPR,0.420941178340852,Oligopotent,NMPR,Tumor_epithelial
BD_immune07_416445,tumor_NMPR,tumor_NMPR,0.436105452354734,Oligopotent,NMPR,Tumor_epithelial
BD_immune07_278672,tumor_NMPR,tumor_NMPR,0.150019923836848,Differentiated,NMPR,Tumor_epithelial_basal
BD_immune07_600625,tumor_NMPR,tumor_NMPR,0.194901324060489,Unipotent,NMPR,Tumor_epithelial
BD_immune07_307653,tumor_NMPR,tumor_NMPR,0.355424441651284,Oligopotent,NMPR,Tumor_epithelial
BD_immune07_573081,normal_NMPR,normal_NMPR,0.124848888203312,Differentiated,NMPR,Tumor_epithelial_AT2
BD_immune07_325962,tumor_NMPR,tumor_NMPR,0.528238039388727,Multipotent,NMPR,Tumor_epithelial
BD_immune07_111879,tumor_NMPR,tumor_NMPR,0.379194103843573,Oligopotent,NMPR,Tumor_epithelial
BD_immune07_618291,normal_NMPR,normal_NMPR,0.189883924203859,Unipotent,NMPR,Tumor_epithelial_AT2
BD_immune07_427373,normal_NMPR,normal_NMPR,0.0594623122920061,Differentiated,NMPR,Tumor_epithelial_AT2
BD_immune07_199026,normal_NMPR,normal_NMPR,0.212688639749173,Unipotent,NMPR,Tumor_epithelial_AT2
BD_immune07_834906,normal_NMPR,normal_NMPR,0.195693530585076,Unipotent,NMPR,Tumor_epithelial_AT2
BD_immune07_135186,tumor_NMPR,tumor_NMPR,0.472128229738913,Oligopotent,NMPR,Tumor_epithelial
BD_immune07_78203,normal_NMPR,normal_NMPR,0.182186981132004,Unipotent,NMPR,Tumor_epithelial_AT2
BD_immune07_636579,tumor_NMPR,tumor_NMPR,0.407564446729491,Oligopotent,NMPR,Tumor_epithelial
BD_immune07_109225,tumor_NMPR,tumor_NMPR,0.435770908845658,Oligopotent,NMPR,Tumor_epithelial
BD_immune07_376630,tumor_NMPR,tumor_NMPR,0.500210505785333,Multipotent,NMPR,Tumor_epithelial
BD_immune07_423926,normal_NMPR,normal_NMPR,0.156301363445155,Differentiated,NMPR,Tumor_epithelial_AT2
BD_immune07_78503,normal_NMPR,normal_NMPR,0.152716204197706,Differentiated,NMPR,Tumor_epithelial_AT2
BD_immune07_86565,tumor_NMPR,tumor_NMPR,0.296854054515202,Unipotent,NMPR,Tumor_epithelial
BD_immune07_774951,normal_NMPR,normal_NMPR,0.0785512796444836,Differentiated,NMPR,Tumor_epithelial_AT2
BD_immune07_664023,tumor_NMPR,tumor_NMPR,0.145868684271079,Differentiated,NMPR,Tumor_epithelial
BD_immune07_527545,tumor_NMPR,tumor_NMPR,0.46206363964587,Oligopotent,NMPR,Tumor_epithelial
BD_immune07_670060,normal_NMPR,normal_NMPR,0.0807610199245039,Differentiated,NMPR,Tumor_epithelial_AT2
BD_immune07_574997,normal_NMPR,normal_NMPR,0.198265618028966,Unipotent,NMPR,Tumor_epithelial_AT2
BD_immune07_532368,tumor_NMPR,tumor_NMPR,0.457157593730239,Oligopotent,NMPR,Tumor_epithelial
BD_immune07_83379,tumor_NMPR,tumor_NMPR,0.380551278062427,Oligopotent,NMPR,Tumor_epithelial
BD_immune07_598037,normal_NMPR,normal_NMPR,0.144479935687095,Differentiated,NMPR,Tumor_epithelial_AT2
BD_immune07_286935,tumor_NMPR,tumor_NMPR,0.474799289357123,Oligopotent,NMPR,Tumor_epithelial
BD_immune07_195304,normal_NMPR,normal_NMPR,0.145416470656576,Differentiated,NMPR,Tumor_epithelial_AT2
BD_immune07_623045,normal_NMPR,normal_NMPR,0.146122826426295,Differentiated,NMPR,Tumor_epithelial_AT2
BD_immune07_672425,tumor_NMPR,tumor_NMPR,0.394495360581331,Oligopotent,NMPR,Tumor_epithelial
BD_immune07_659408,tumor_NMPR,tumor_NMPR,0.355965109538665,Oligopotent,NMPR,Tumor_epithelial
BD_immune07_432404,tumor_NMPR,tumor_NMPR,0.175300670958368,Unipotent,NMPR,Tumor_epithelial
BD_immune07_263174,normal_NMPR,normal_NMPR,0.0284399145306349,Differentiated,NMPR,Tumor_epithelial_AT2
BD_immune07_839354,normal_NMPR,normal_NMPR,0.115046705318864,Differentiated,NMPR,Tumor_epithelial_AT2
BD_immune07_320816,normal_NMPR,normal_NMPR,0.158808395229284,Differentiated,NMPR,Tumor_epithelial_AT2
BD_immune07_245062,tumor_NMPR,tumor_NMPR,0.475679529708597,Oligopotent,NMPR,Tumor_epithelial
BD_immune07_854153,normal_NMPR,normal_NMPR,0.118535710488186,Differentiated,NMPR,Tumor_epithelial_AT2
BD_immune07_194302,tumor_NMPR,tumor_NMPR,0.35279898707844,Oligopotent,NMPR,Tumor_epithelial
BD_immune07_782983,tumor_NMPR,tumor_NMPR,0.346978817574311,Oligopotent,NMPR,Tumor_epithelial
BD_immune07_83749,tumor_NMPR,tumor_NMPR,0.352875098283836,Oligopotent,NMPR,Tumor_epithelial
BD_immune07_407395,normal_NMPR,normal_NMPR,0.345157930746524,Oligopotent,NMPR,Tumor_epithelial_AT2
BD_immune07_698097,normal_NMPR,normal_NMPR,0.21325187697058,Unipotent,NMPR,Tumor_epithelial_AT2
BD_immune07_784499,tumor_NMPR,tumor_NMPR,0.434676092119962,Oligopotent,NMPR,Tumor_epithelial
BD_immune07_492131,tumor_NMPR,tumor_NMPR,0.181018299117645,Unipotent,NMPR,Tumor_epithelial_basal
BD_immune07_392260,normal_NMPR,normal_NMPR,0.264320552091965,Unipotent,NMPR,Tumor_epithelial_AT2
BD_immune07_373833,normal_NMPR,normal_NMPR,0.195256823153817,Unipotent,NMPR,Tumor_epithelial_AT2
BD_immune07_515914,tumor_NMPR,tumor_NMPR,0.144114983010612,Differentiated,NMPR,Tumor_epithelial_basal
BD_immune07_740340,normal_NMPR,normal_NMPR,0.15365890511922,Differentiated,NMPR,Tumor_epithelial_AT2
BD_immune07_193061,tumor_NMPR,tumor_NMPR,0.402614232135294,Oligopotent,NMPR,Tumor_epithelial
BD_immune07_53216,normal_NMPR,normal_NMPR,0.348515471479184,Oligopotent,NMPR,Tumor_epithelial_AT2
BD_immune07_544820,tumor_NMPR,tumor_NMPR,0.181778230951065,Unipotent,NMPR,Tumor_epithelial_basal
BD_immune07_176494,normal_NMPR,normal_NMPR,0.269102624246551,Unipotent,NMPR,Tumor_epithelial_AT2
BD_immune07_437154,normal_NMPR,normal_NMPR,0.148694574346158,Differentiated,NMPR,Tumor_epithelial_AT2
BD_immune07_347056,tumor_NMPR,tumor_NMPR,0.271549287401713,Unipotent,NMPR,Tumor_epithelial
BD_immune07_96192,tumor_NMPR,tumor_NMPR,0.295753914549167,Unipotent,NMPR,Tumor_epithelial
BD_immune07_417783,tumor_NMPR,tumor_NMPR,0.346000919732399,Oligopotent,NMPR,Tumor_epithelial
BD_immune07_798493,normal_NMPR,normal_NMPR,0.104545296367686,Differentiated,NMPR,Tumor_epithelial_AT2
BD_immune07_425310,normal_NMPR,normal_NMPR,0.135084476374864,Differentiated,NMPR,Tumor_epithelial_AT2
BD_immune07_608265,normal_NMPR,normal_NMPR,0.0710031934388828,Differentiated,NMPR,Tumor_epithelial_AT2
BD_immune07_613643,tumor_NMPR,tumor_NMPR,0.36634453195697,Oligopotent,NMPR,Tumor_epithelial
BD_immune07_883552,tumor_NMPR,tumor_NMPR,0.391765922711194,Oligopotent,NMPR,Tumor_epithelial
BD_immune07_543959,normal_NMPR,normal_NMPR,0.196703859832083,Unipotent,NMPR,Tumor_epithelial_AT2
BD_immune07_785729,tumor_NMPR,tumor_NMPR,0.21145476926635,Unipotent,NMPR,Tumor_epithelial
BD_immune07_549109,normal_NMPR,normal_NMPR,0.0572096671640358,Differentiated,NMPR,Tumor_epithelial_AT2
BD_immune07_651884,normal_NMPR,normal_NMPR,0.0727545836064416,Differentiated,NMPR,Tumor_epithelial_AT2
BD_immune07_333307,normal_NMPR,normal_NMPR,0.270952299097743,Unipotent,NMPR,Tumor_epithelial_AT2
BD_immune07_110714,normal_NMPR,normal_NMPR,0.15517539695331,Differentiated,NMPR,Tumor_epithelial_AT2
BD_immune07_107963,tumor_NMPR,tumor_NMPR,0.365080331711143,Oligopotent,NMPR,Tumor_epithelial
BD_immune07_214111,tumor_NMPR,tumor_NMPR,0.423659567985226,Oligopotent,NMPR,Tumor_epithelial
BD_immune07_175556,normal_NMPR,normal_NMPR,0.191191128915007,Unipotent,NMPR,Tumor_epithelial_AT2
BD_immune07_247231,tumor_NMPR,tumor_NMPR,0.411854094931846,Oligopotent,NMPR,Tumor_epithelial
BD_immune07_442249,normal_NMPR,normal_NMPR,0.0473043598060048,Differentiated,NMPR,Tumor_epithelial_AT2
BD_immune07_779097,normal_NMPR,normal_NMPR,0.180820728206542,Unipotent,NMPR,Tumor_epithelial_AT2
BD_immune07_438855,tumor_NMPR,tumor_NMPR,0.560709538617517,Multipotent,NMPR,Tumor_epithelial
BD_immune07_238394,normal_NMPR,normal_NMPR,0.282590909827289,Unipotent,NMPR,Tumor_epithelial_AT2
BD_immune07_149527,tumor_NMPR,tumor_NMPR,0.287825336443372,Unipotent,NMPR,Tumor_epithelial
BD_immune07_276637,normal_NMPR,normal_NMPR,0.180624481023312,Unipotent,NMPR,Tumor_epithelial_AT2
BD_immune07_7981,normal_NMPR,normal_NMPR,0.244832191309188,Unipotent,NMPR,Tumor_epithelial_AT2
BD_immune07_805620,normal_NMPR,normal_NMPR,0.200028200111203,Unipotent,NMPR,Tumor_epithelial_AT2
BD_immune07_729577,tumor_NMPR,tumor_NMPR,0.146905838756978,Differentiated,NMPR,Tumor_epithelial
BD_immune07_250516,tumor_NMPR,tumor_NMPR,0.235920952334998,Unipotent,NMPR,Tumor_epithelial
BD_immune07_301546,normal_NMPR,normal_NMPR,0.154634045527954,Differentiated,NMPR,Tumor_epithelial_AT2
BD_immune07_228529,normal_NMPR,normal_NMPR,0.128383000394405,Differentiated,NMPR,Tumor_epithelial_AT2
BD_immune07_779273,normal_NMPR,normal_NMPR,0.136299313245246,Differentiated,NMPR,Tumor_epithelial_AT2
BD_immune07_436631,Ciliated,Ciliated,0.0815603721515539,Differentiated,NMPR,Ciliated_epithelial
BD_immune07_665336,normal_NMPR,normal_NMPR,0.20010000333368,Unipotent,NMPR,Tumor_epithelial_AT2
BD_immune07_452331,tumor_NMPR,tumor_NMPR,0.310490062287361,Unipotent,NMPR,Tumor_epithelial
BD_immune07_788951,normal_NMPR,normal_NMPR,0.226011199626009,Unipotent,NMPR,Tumor_epithelial_basal
BD_immune07_539596,normal_NMPR,normal_NMPR,0.295565300990655,Unipotent,NMPR,Tumor_epithelial
BD_immune07_407255,tumor_NMPR,tumor_NMPR,0.309687353180507,Unipotent,NMPR,Tumor_epithelial
BD_immune07_528455,tumor_NMPR,tumor_NMPR,0.333206450249062,Unipotent,NMPR,Tumor_epithelial
BD_immune07_123349,tumor_NMPR,tumor_NMPR,0.37400577077499,Oligopotent,NMPR,Tumor_epithelial
BD_immune07_239743,tumor_NMPR,tumor_NMPR,0.321818282954586,Unipotent,NMPR,Tumor_epithelial
BD_immune07_448332,tumor_NMPR,tumor_NMPR,0.349595777131787,Oligopotent,NMPR,Tumor_epithelial_basal
BD_immune07_428732,tumor_NMPR,tumor_NMPR,0.399564729987197,Oligopotent,NMPR,Tumor_epithelial
BD_immune07_224099,normal_NMPR,normal_NMPR,0.115773063327593,Differentiated,NMPR,Tumor_epithelial_AT2
BD_immune07_94314,normal_NMPR,normal_NMPR,0.215751073107459,Unipotent,NMPR,Tumor_epithelial_AT2
BD_immune07_114116,tumor_NMPR,tumor_NMPR,0.228572770252729,Unipotent,NMPR,Tumor_epithelial
BD_immune07_684690,normal_NMPR,normal_NMPR,0.215105718079336,Unipotent,NMPR,Tumor_epithelial_AT2
BD_immune07_761927,normal_NMPR,normal_NMPR,0.135160550148759,Differentiated,NMPR,Tumor_epithelial_AT2
BD_immune07_666701,,,0.2107554622249,Unipotent,NMPR,Tumor_epithelial_basal
BD_immune07_610941,normal_NMPR,normal_NMPR,0.0822552762212037,Differentiated,NMPR,Tumor_epithelial_AT2
BD_immune07_518126,normal_NMPR,normal_NMPR,0.283188334457019,Unipotent,NMPR,Tumor_epithelial_AT2
BD_immune07_22131,normal_NMPR,normal_NMPR,0.275974997824096,Unipotent,NMPR,Tumor_epithelial_AT2
BD_immune07_170220,normal_NMPR,normal_NMPR,0.254582549063004,Unipotent,NMPR,Tumor_epithelial_AT2
BD_immune07_403087,tumor_NMPR,tumor_NMPR,0.352581665651031,Oligopotent,NMPR,Tumor_epithelial
BD_immune07_115257,tumor_NMPR,tumor_NMPR,0.362194046734869,Oligopotent,NMPR,Tumor_epithelial
BD_immune07_96038,tumor_NMPR,tumor_NMPR,0.250103858344313,Unipotent,NMPR,Tumor_epithelial
BD_immune07_98166,normal_NMPR,normal_NMPR,0.28173200720384,Unipotent,NMPR,Tumor_epithelial_AT2
BD_immune07_566282,normal_NMPR,normal_NMPR,0.191158391035669,Unipotent,NMPR,Tumor_epithelial_AT2
BD_immune07_374885,normal_NMPR,normal_NMPR,0.116661933055621,Differentiated,NMPR,Tumor_epithelial_AT2
BD_immune07_862950,normal_NMPR,normal_NMPR,0.18324297520994,Unipotent,NMPR,Tumor_epithelial_AT2
BD_immune07_204591,normal_NMPR,normal_NMPR,0.1496305000708,Differentiated,NMPR,Tumor_epithelial_AT2
BD_immune07_256649,tumor_NMPR,tumor_NMPR,0.362240381823409,Oligopotent,NMPR,Tumor_epithelial
BD_immune07_609204,normal_NMPR,normal_NMPR,0.161864031507198,Differentiated,NMPR,Tumor_epithelial_basal
BD_immune07_877795,tumor_NMPR,tumor_NMPR,0.388832995273219,Oligopotent,NMPR,Tumor_epithelial
BD_immune07_759871,normal_NMPR,normal_NMPR,0.0413063837805078,Differentiated,NMPR,Tumor_epithelial_AT2
BD_immune07_11035,normal_NMPR,normal_NMPR,0.401108502982732,Oligopotent,NMPR,Tumor_epithelial
BD_immune07_478814,normal_NMPR,normal_NMPR,0.381993306373231,Oligopotent,NMPR,Tumor_epithelial
BD_immune07_486644,normal_NMPR,normal_NMPR,0.0906355684788385,Differentiated,NMPR,Tumor_epithelial_AT2
BD_immune07_161985,normal_NMPR,normal_NMPR,0.142488307640387,Differentiated,NMPR,Tumor_epithelial_AT2
BD_immune07_410414,normal_NMPR,normal_NMPR,0.148538425762441,Differentiated,NMPR,Tumor_epithelial_AT2
BD_immune07_427635,normal_NMPR,normal_NMPR,0.217779423812531,Unipotent,NMPR,Tumor_epithelial_AT2
BD_immune07_256021,normal_NMPR,normal_NMPR,0.212236084267203,Unipotent,NMPR,Tumor_epithelial
BD_immune07_678879,normal_NMPR,normal_NMPR,0.139292037296772,Differentiated,NMPR,Tumor_epithelial_basal
BD_immune07_686408,normal_NMPR,normal_NMPR,0.149561084915971,Differentiated,NMPR,Tumor_epithelial_basal
BD_immune07_172650,normal_NMPR,normal_NMPR,0.241056866960697,Unipotent,NMPR,Tumor_epithelial_AT2
BD_immune07_388405,normal_NMPR,normal_NMPR,0.068888166023206,Differentiated,NMPR,Tumor_epithelial_AT2
BD_immune07_33039,normal_NMPR,normal_NMPR,0.2745128738734,Unipotent,NMPR,Tumor_epithelial
BD_immune07_27628,normal_NMPR,normal_NMPR,0.0744172284627911,Differentiated,NMPR,Tumor_epithelial_AT2
BD_immune07_163428,normal_NMPR,normal_NMPR,0.173327658334745,Unipotent,NMPR,Tumor_epithelial_AT2
BD_immune07_824308,normal_NMPR,normal_NMPR,0.311008895682478,Unipotent,NMPR,Tumor_epithelial
BD_immune07_881025,normal_NMPR,normal_NMPR,0.204696486591108,Unipotent,NMPR,Tumor_epithelial_basal
BD_immune07_106693,normal_NMPR,normal_NMPR,0.107991958267572,Differentiated,NMPR,Tumor_epithelial_AT2
BD_immune07_44529,normal_NMPR,normal_NMPR,0.208614323303545,Unipotent,NMPR,Tumor_epithelial_AT2
BD_immune07_756110,tumor_NMPR,tumor_NMPR,0.463628513328648,Oligopotent,NMPR,Tumor_epithelial
BD_immune07_511536,normal_NMPR,normal_NMPR,0.146361898624773,Differentiated,NMPR,Tumor_epithelial_AT2
BD_immune07_598913,normal_NMPR,normal_NMPR,0.182290437265256,Unipotent,NMPR,Tumor_epithelial_AT2
BD_immune07_254318,normal_NMPR,normal_NMPR,0.126820206404612,Differentiated,NMPR,Tumor_epithelial_AT2
BD_immune07_27252,normal_NMPR,normal_NMPR,0.273547767627928,Unipotent,NMPR,Tumor_epithelial_basal
BD_immune07_552497,normal_NMPR,normal_NMPR,0.093705956233941,Differentiated,NMPR,Tumor_epithelial_AT2
BD_immune07_211232,normal_NMPR,normal_NMPR,0.104240964355098,Differentiated,NMPR,Tumor_epithelial_AT2
BD_immune07_47711,normal_NMPR,normal_NMPR,0.0930764213717051,Differentiated,NMPR,Tumor_epithelial_AT2
BD_immune07_822880,normal_NMPR,normal_NMPR,0.264892221758141,Unipotent,NMPR,Tumor_epithelial_AT2
BD_immune07_17171,normal_NMPR,normal_NMPR,0.163274217129245,Differentiated,NMPR,Tumor_epithelial_AT2
BD_immune07_540130,normal_NMPR,normal_NMPR,0.360558445103666,Oligopotent,NMPR,Tumor_epithelial_basal
BD_immune07_88549,normal_NMPR,normal_NMPR,0.175616343433349,Unipotent,NMPR,Tumor_epithelial_basal
BD_immune07_740397,normal_NMPR,normal_NMPR,0.0875195019056477,Differentiated,NMPR,Tumor_epithelial_AT2
BD_immune07_265467,normal_NMPR,normal_NMPR,0.031707358777139,Differentiated,NMPR,Tumor_epithelial_AT2
BD_immune07_805496,normal_NMPR,normal_NMPR,0.241820890216673,Unipotent,NMPR,Tumor_epithelial_AT2
BD_immune07_624668,normal_NMPR,normal_NMPR,0.286468332465201,Unipotent,NMPR,Tumor_epithelial_AT2
BD_immune07_879616,normal_NMPR,normal_NMPR,0.13145748432292,Differentiated,NMPR,Tumor_epithelial_AT2
BD_immune07_610813,normal_NMPR,normal_NMPR,0.352851835578817,Oligopotent,NMPR,Tumor_epithelial_basal
BD_immune07_340598,normal_NMPR,normal_NMPR,0.264593147730854,Unipotent,NMPR,Tumor_epithelial_basal
BD_immune07_846282,normal_NMPR,normal_NMPR,0.0986803010087657,Differentiated,NMPR,Tumor_epithelial_AT2
BD_immune07_796242,Ciliated,Ciliated,0.0745311793889018,Differentiated,NMPR,Ciliated_epithelial
BD_immune05_160520,normal_NMPR,EMT_NMPR,0.360959582194474,Oligopotent,NMPR,Tumor_epithelial_EMT
BD_immune05_162939,normal_NMPR,EMT_NMPR,0.400463681695204,Oligopotent,NMPR,Tumor_epithelial_EMT
BD_immune05_450779,normal_NMPR,EMT_NMPR,0.437001468799588,Oligopotent,NMPR,Tumor_epithelial_EMT
BD_immune05_71158,normal_NMPR,EMT_NMPR,0.367432946520214,Oligopotent,NMPR,Tumor_epithelial_EMT
BD_immune05_466739,normal_NMPR,EMT_NMPR,0.427548373470277,Oligopotent,NMPR,Tumor_epithelial_EMT
BD_immune05_365407,normal_NMPR,EMT_NMPR,0.247005360038728,Unipotent,NMPR,Tumor_epithelial_EMT
BD_immune05_484446,normal_NMPR,EMT_NMPR,0.117989049524157,Differentiated,NMPR,Tumor_epithelial_EMT
BD_immune05_610542,normal_NMPR,EMT_NMPR,0.0923009994980439,Differentiated,NMPR,Tumor_epithelial_EMT
BD_immune05_440629,normal_NMPR,EMT_NMPR,0.426419046669586,Oligopotent,NMPR,Tumor_epithelial_EMT
BD_immune05_871895,normal_NMPR,EMT_NMPR,0.102756529340786,Differentiated,NMPR,Tumor_epithelial_EMT
BD_immune05_36936,normal_NMPR,EMT_NMPR,0.0810866752970827,Differentiated,NMPR,Tumor_epithelial_EMT
BD_immune05_686816,normal_NMPR,EMT_NMPR,0.101314364718595,Differentiated,NMPR,Tumor_epithelial_EMT
BD_immune05_474282,normal_NMPR,EMT_NMPR,0.440522957247034,Oligopotent,NMPR,Tumor_epithelial_EMT
BD_immune05_428905,normal_NMPR,EMT_NMPR,0.367192774652925,Oligopotent,NMPR,Tumor_epithelial_EMT
BD_immune05_401436,normal_NMPR,EMT_NMPR,0.31711371317707,Unipotent,NMPR,Tumor_epithelial_EMT
BD_immune05_267875,normal_NMPR,EMT_NMPR,0.437289119924517,Oligopotent,NMPR,Tumor_epithelial_EMT
BD_immune05_471917,normal_NMPR,EMT_NMPR,0.0660735794893694,Differentiated,NMPR,Tumor_epithelial_EMT
BD_immune05_328146,normal_NMPR,EMT_NMPR,0.282792020576777,Unipotent,NMPR,Tumor_epithelial_EMT
BD_immune05_439404,normal_NMPR,EMT_NMPR,0.513297228049889,Multipotent,NMPR,Tumor_epithelial_EMT
BD_immune05_693429,normal_NMPR,EMT_NMPR,0.185051948385682,Unipotent,NMPR,Tumor_epithelial_EMT
BD_immune05_846079,normal_NMPR,EMT_NMPR,0.115258063264884,Differentiated,NMPR,Tumor_epithelial_EMT
BD_immune05_465408,normal_NMPR,EMT_NMPR,0.511851062498612,Multipotent,NMPR,Tumor_epithelial_EMT
BD_immune05_637188,normal_NMPR,EMT_NMPR,0.387357224434762,Oligopotent,NMPR,Tumor_epithelial_EMT
BD_immune05_98982,normal_NMPR,EMT_NMPR,0.309070553244775,Unipotent,NMPR,Tumor_epithelial_EMT
BD_immune05_881362,normal_NMPR,EMT_NMPR,0.114698980820203,Differentiated,NMPR,Tumor_epithelial_EMT
BD_immune05_124006,normal_NMPR,EMT_NMPR,0.525922304190792,Multipotent,NMPR,Tumor_epithelial_EMT
BD_immune05_809485,normal_NMPR,EMT_NMPR,0.161674608454168,Differentiated,NMPR,Tumor_epithelial_EMT
BD_immune05_571158,normal_NMPR,EMT_NMPR,0.426126825887798,Oligopotent,NMPR,Tumor_epithelial_EMT
BD_immune05_714665,normal_NMPR,EMT_NMPR,0.271872708977094,Unipotent,NMPR,Tumor_epithelial_EMT
BD_immune05_551613,normal_NMPR,EMT_NMPR,0.195683100029708,Unipotent,NMPR,Tumor_epithelial_EMT
BD_immune05_413208,normal_NMPR,EMT_NMPR,0.509063653046775,Multipotent,NMPR,Tumor_epithelial_EMT
BD_immune05_65974,normal_NMPR,EMT_NMPR,0.511200762276961,Multipotent,NMPR,Tumor_epithelial_EMT
BD_immune05_268376,normal_NMPR,EMT_NMPR,0.400226170744188,Oligopotent,NMPR,Tumor_epithelial_EMT
BD_immune05_19286,normal_NMPR,EMT_NMPR,0.380582695708711,Oligopotent,NMPR,Tumor_epithelial_EMT
BD_immune05_45375,normal_NMPR,EMT_NMPR,0.10517138809227,Differentiated,NMPR,Tumor_epithelial_EMT
BD_immune05_509757,normal_NMPR,EMT_NMPR,0.12799146761685,Differentiated,NMPR,Tumor_epithelial_EMT
BD_immune05_734466,normal_NMPR,EMT_NMPR,0.278910764398099,Unipotent,NMPR,Tumor_epithelial_EMT
BD_immune05_542706,normal_NMPR,EMT_NMPR,0.305649948091459,Unipotent,NMPR,Tumor_epithelial_EMT
BD_immune05_538369,normal_NMPR,EMT_NMPR,0.356097885123746,Oligopotent,NMPR,Tumor_epithelial_EMT
BD_immune05_175160,normal_NMPR,EMT_NMPR,0.276425773342608,Unipotent,NMPR,Tumor_epithelial_EMT
BD_immune05_423611,normal_NMPR,EMT_NMPR,0.406377651970261,Oligopotent,NMPR,Tumor_epithelial_EMT
BD_immune05_146971,normal_NMPR,EMT_NMPR,0.40552913511602,Oligopotent,NMPR,Tumor_epithelial_EMT
BD_immune05_320016,normal_NMPR,EMT_NMPR,0.181137659706234,Unipotent,NMPR,Tumor_epithelial_EMT
BD_immune05_741376,normal_NMPR,EMT_NMPR,0.108139193420424,Differentiated,NMPR,Tumor_epithelial_EMT
BD_immune05_849865,normal_NMPR,EMT_NMPR,0.376644398035201,Oligopotent,NMPR,Tumor_epithelial_EMT
BD_immune05_294126,normal_NMPR,EMT_NMPR,0.053923115163374,Differentiated,NMPR,Tumor_epithelial_EMT
BD_immune05_353490,normal_NMPR,EMT_NMPR,0.387859808195347,Oligopotent,NMPR,Tumor_epithelial_EMT
BD_immune05_742352,normal_NMPR,EMT_NMPR,0.140968835984299,Differentiated,NMPR,Tumor_epithelial_EMT
BD_immune05_162519,normal_NMPR,EMT_NMPR,0.104296313640936,Differentiated,NMPR,Tumor_epithelial_EMT
BD_immune05_802525,normal_NMPR,EMT_NMPR,0.402437541515123,Oligopotent,NMPR,Tumor_epithelial_EMT
BD_immune05_486923,normal_NMPR,EMT_NMPR,0.250057044779718,Unipotent,NMPR,Tumor_epithelial_EMT
BD_immune05_766454,normal_NMPR,EMT_NMPR,0.395678076861918,Oligopotent,NMPR,Tumor_epithelial_EMT
BD_immune05_490488,normal_NMPR,EMT_NMPR,0.39105252579154,Oligopotent,NMPR,Tumor_epithelial_EMT
BD_immune05_767776,normal_NMPR,EMT_NMPR,0.30434332322676,Unipotent,NMPR,Tumor_epithelial_EMT
BD_immune05_165856,normal_NMPR,EMT_NMPR,0.427404216560862,Oligopotent,NMPR,Tumor_epithelial_EMT
BD_immune05_162238,normal_NMPR,EMT_NMPR,0.127936901481854,Differentiated,NMPR,Tumor_epithelial_EMT
BD_immune05_502940,normal_NMPR,EMT_NMPR,0.36498769226375,Oligopotent,NMPR,Tumor_epithelial_EMT
BD_immune05_542738,normal_NMPR,EMT_NMPR,0.113330729401941,Differentiated,NMPR,Tumor_epithelial_EMT
BD_immune05_512846,normal_NMPR,EMT_NMPR,0.267627244293132,Unipotent,NMPR,Tumor_epithelial_EMT
BD_immune05_466870,normal_NMPR,EMT_NMPR,0.103113227050294,Differentiated,NMPR,Tumor_epithelial_EMT
BD_immune05_6465,normal_NMPR,EMT_NMPR,0.35232032492103,Oligopotent,NMPR,Tumor_epithelial_EMT
BD_immune05_299032,normal_NMPR,EMT_NMPR,0.3927759241722,Oligopotent,NMPR,Tumor_epithelial_EMT
BD_immune05_696786,normal_NMPR,EMT_NMPR,0.432920312897565,Oligopotent,NMPR,Tumor_epithelial_EMT
BD_immune05_37638,normal_NMPR,EMT_NMPR,0.130736542354587,Differentiated,NMPR,Tumor_epithelial_EMT
BD_immune05_647690,normal_NMPR,EMT_NMPR,0.30205885193187,Unipotent,NMPR,Tumor_epithelial_EMT
BD_immune05_49757,normal_NMPR,EMT_NMPR,0.428800072486625,Oligopotent,NMPR,Tumor_epithelial_EMT
BD_immune05_462687,normal_NMPR,EMT_NMPR,0.118918581132337,Differentiated,NMPR,Tumor_epithelial_EMT
BD_immune05_73696,normal_NMPR,EMT_NMPR,0.438570414188973,Oligopotent,NMPR,Tumor_epithelial_EMT
BD_immune05_502980,normal_NMPR,EMT_NMPR,0.26065207758104,Unipotent,NMPR,Tumor_epithelial_EMT
BD_immune05_720272,normal_NMPR,EMT_NMPR,0.0901806872823124,Differentiated,NMPR,Tumor_epithelial_EMT
BD_immune05_842933,normal_NMPR,EMT_NMPR,0.108722072467316,Differentiated,NMPR,Tumor_epithelial_EMT
BD_immune05_609994,normal_NMPR,EMT_NMPR,0.340390466327562,Oligopotent,NMPR,Tumor_epithelial_EMT
BD_immune05_313303,normal_NMPR,EMT_NMPR,0.382061822772934,Oligopotent,NMPR,Tumor_epithelial_EMT
BD_immune05_188617,normal_NMPR,EMT_NMPR,0.0998835790016165,Differentiated,NMPR,Tumor_epithelial_EMT
BD_immune05_391135,normal_NMPR,EMT_NMPR,0.543796364558309,Multipotent,NMPR,Tumor_epithelial_EMT
BD_immune05_54910,normal_NMPR,EMT_NMPR,0.207993033250889,Unipotent,NMPR,Tumor_epithelial_EMT
BD_immune05_701605,normal_NMPR,EMT_NMPR,0.402737270633638,Oligopotent,NMPR,Tumor_epithelial_EMT
BD_immune05_413464,normal_NMPR,EMT_NMPR,0.278340774530353,Unipotent,NMPR,Tumor_epithelial_EMT
BD_immune05_716558,normal_NMPR,EMT_NMPR,0.0887514239950703,Differentiated,NMPR,Tumor_epithelial_EMT
BD_immune05_305300,normal_NMPR,EMT_NMPR,0.431902943786114,Oligopotent,NMPR,Tumor_epithelial_EMT
BD_immune05_305060,normal_NMPR,EMT_NMPR,0.104142119920635,Differentiated,NMPR,Tumor_epithelial_EMT
BD_immune05_434845,normal_NMPR,EMT_NMPR,0.508194096744592,Multipotent,NMPR,Tumor_epithelial_EMT
BD_immune05_80311,normal_NMPR,EMT_NMPR,0.126758704543156,Differentiated,NMPR,Tumor_epithelial_EMT
BD_immune05_673766,normal_NMPR,EMT_NMPR,0.243938033300566,Unipotent,NMPR,Tumor_epithelial_EMT
BD_immune05_428598,normal_NMPR,EMT_NMPR,0.382429972463959,Oligopotent,NMPR,Tumor_epithelial_EMT
BD_immune05_222563,normal_NMPR,EMT_NMPR,0.117685140403292,Differentiated,NMPR,Tumor_epithelial_EMT
BD_immune05_848924,normal_NMPR,EMT_NMPR,0.0627340947668531,Differentiated,NMPR,Tumor_epithelial_EMT
BD_immune05_787499,normal_NMPR,EMT_NMPR,0.401516528574005,Oligopotent,NMPR,Tumor_epithelial_EMT
BD_immune05_763055,normal_NMPR,EMT_NMPR,0.238499129773653,Unipotent,NMPR,Tumor_epithelial_EMT
BD_immune05_657990,normal_NMPR,EMT_NMPR,0.288950557555594,Unipotent,NMPR,Tumor_epithelial_EMT
BD_immune05_326238,normal_NMPR,EMT_NMPR,0.437233699038243,Oligopotent,NMPR,Tumor_epithelial_EMT
BD_immune05_744189,normal_NMPR,EMT_NMPR,0.264098261463113,Unipotent,NMPR,Tumor_epithelial_EMT
BD_immune05_268321,normal_NMPR,EMT_NMPR,0.275749229130654,Unipotent,NMPR,Tumor_epithelial_EMT
BD_immune05_684166,normal_NMPR,EMT_NMPR,0.346614202931135,Oligopotent,NMPR,Tumor_epithelial_EMT
BD_immune05_657769,normal_NMPR,EMT_NMPR,0.44692724916233,Oligopotent,NMPR,Tumor_epithelial_EMT
BD_immune05_331305,normal_NMPR,EMT_NMPR,0.240775060324074,Unipotent,NMPR,Tumor_epithelial_EMT
BD_immune05_554236,normal_NMPR,EMT_NMPR,0.338362822204555,Oligopotent,NMPR,Tumor_epithelial_EMT
BD_immune05_560449,normal_NMPR,EMT_NMPR,0.202497915736958,Unipotent,NMPR,Tumor_epithelial_EMT
BD_immune05_750224,normal_NMPR,EMT_NMPR,0.132468755149401,Differentiated,NMPR,Tumor_epithelial_EMT
BD_immune05_834438,normal_NMPR,EMT_NMPR,0.125258423882371,Differentiated,NMPR,Tumor_epithelial_EMT
BD_immune05_99004,normal_NMPR,EMT_NMPR,0.511069667967112,Multipotent,NMPR,Tumor_epithelial_EMT
BD_immune05_266430,normal_NMPR,EMT_NMPR,0.223231026341542,Unipotent,NMPR,Tumor_epithelial_EMT
BD_immune05_319054,normal_NMPR,EMT_NMPR,0.114082232729943,Differentiated,NMPR,Tumor_epithelial_EMT
BD_immune05_259172,normal_NMPR,EMT_NMPR,0.449151539258404,Oligopotent,NMPR,Tumor_epithelial_EMT
BD_immune05_854816,normal_NMPR,EMT_NMPR,0.0984094064257928,Differentiated,NMPR,Tumor_epithelial_EMT
BD_immune05_203171,normal_NMPR,EMT_NMPR,0.368819655021177,Oligopotent,NMPR,Tumor_epithelial_EMT
BD_immune05_71679,normal_NMPR,EMT_NMPR,0.215912580543923,Unipotent,NMPR,Tumor_epithelial_EMT
BD_immune05_270659,normal_NMPR,EMT_NMPR,0.124648888742656,Differentiated,NMPR,Tumor_epithelial_EMT
BD_immune05_824234,normal_NMPR,EMT_NMPR,0.116810264785426,Differentiated,NMPR,Tumor_epithelial_EMT
BD_immune05_86937,normal_NMPR,EMT_NMPR,0.117727964762165,Differentiated,NMPR,Tumor_epithelial_EMT
BD_immune05_733651,normal_NMPR,EMT_NMPR,0.511605903822852,Multipotent,NMPR,Tumor_epithelial_EMT
BD_immune05_300144,normal_NMPR,EMT_NMPR,0.0758801167130031,Differentiated,NMPR,Tumor_epithelial_EMT
BD_immune05_319109,normal_NMPR,EMT_NMPR,0.109693763980838,Differentiated,NMPR,Tumor_epithelial_EMT
BD_immune05_627003,normal_NMPR,EMT_NMPR,0.105991532350175,Differentiated,NMPR,Tumor_epithelial_EMT
BD_immune05_862068,normal_NMPR,EMT_NMPR,0.437961629485502,Oligopotent,NMPR,Tumor_epithelial_EMT
BD_immune05_775936,normal_NMPR,EMT_NMPR,0.50926346454012,Multipotent,NMPR,Tumor_epithelial_EMT
BD_immune05_136135,normal_NMPR,EMT_NMPR,0.515664968184085,Multipotent,NMPR,Tumor_epithelial_EMT
BD_immune05_500106,normal_NMPR,EMT_NMPR,0.0856484375253018,Differentiated,NMPR,Tumor_epithelial_EMT
BD_immune05_38601,normal_NMPR,EMT_NMPR,0.0750881939725419,Differentiated,NMPR,Tumor_epithelial_EMT
BD_immune05_541963,normal_NMPR,EMT_NMPR,0.268614396132727,Unipotent,NMPR,Tumor_epithelial_EMT
BD_immune05_137971,normal_NMPR,EMT_NMPR,0.271105655358678,Unipotent,NMPR,Tumor_epithelial_EMT
BD_immune05_448522,normal_NMPR,EMT_NMPR,0.145203099551666,Differentiated,NMPR,Tumor_epithelial_EMT
BD_immune05_371320,normal_NMPR,EMT_NMPR,0.122268225074004,Differentiated,NMPR,Tumor_epithelial_EMT
BD_immune05_858826,normal_NMPR,EMT_NMPR,0.466458183936,Oligopotent,NMPR,Tumor_epithelial_EMT
BD_immune05_208903,normal_NMPR,EMT_NMPR,0.302689871877678,Unipotent,NMPR,Tumor_epithelial_EMT
BD_immune05_95273,normal_NMPR,EMT_NMPR,0.0972150686417926,Differentiated,NMPR,Tumor_epithelial_EMT
BD_immune05_624944,normal_NMPR,EMT_NMPR,0.113091895281127,Differentiated,NMPR,Tumor_epithelial_EMT
BD_immune05_413394,normal_NMPR,EMT_NMPR,0.260402710549783,Unipotent,NMPR,Tumor_epithelial_EMT
BD_immune05_176382,normal_NMPR,EMT_NMPR,0.121637355532696,Differentiated,NMPR,Tumor_epithelial_EMT
BD_immune05_646059,normal_NMPR,EMT_NMPR,0.1509655692554,Differentiated,NMPR,Tumor_epithelial_EMT
BD_immune05_99074,normal_NMPR,EMT_NMPR,0.369187106831612,Oligopotent,NMPR,Tumor_epithelial_EMT
BD_immune05_810734,normal_NMPR,EMT_NMPR,0.415269299222848,Oligopotent,NMPR,Tumor_epithelial_EMT
BD_immune05_721984,normal_NMPR,EMT_NMPR,0.088768777796369,Differentiated,NMPR,Tumor_epithelial_EMT
BD_immune05_108333,normal_NMPR,EMT_NMPR,0.286949125799402,Unipotent,NMPR,Tumor_epithelial_EMT
BD_immune05_178580,normal_NMPR,EMT_NMPR,0.264560460993871,Unipotent,NMPR,Tumor_epithelial_EMT
BD_immune05_66768,normal_NMPR,EMT_NMPR,0.110573173645811,Differentiated,NMPR,Tumor_epithelial_EMT
BD_immune05_155101,normal_NMPR,EMT_NMPR,0.514782968247118,Multipotent,NMPR,Tumor_epithelial_EMT
BD_immune05_400155,normal_NMPR,EMT_NMPR,0.238111811197424,Unipotent,NMPR,Tumor_epithelial_EMT
BD_immune05_15741,normal_NMPR,EMT_NMPR,0.122580706094919,Differentiated,NMPR,Tumor_epithelial_EMT
BD_immune05_155599,normal_NMPR,EMT_NMPR,0.189068848256624,Unipotent,NMPR,Tumor_epithelial_EMT
BD_immune05_396008,normal_NMPR,EMT_NMPR,0.120462613104897,Differentiated,NMPR,Tumor_epithelial_EMT
BD_immune05_739384,normal_NMPR,EMT_NMPR,0.146106731234919,Differentiated,NMPR,Tumor_epithelial_EMT
BD_immune05_74159,normal_NMPR,EMT_NMPR,0.396698756471742,Oligopotent,NMPR,Tumor_epithelial_EMT
BD_immune05_573686,normal_NMPR,EMT_NMPR,0.321793730307641,Unipotent,NMPR,Tumor_epithelial_EMT
BD_immune05_424033,normal_NMPR,EMT_NMPR,0.113977488380824,Differentiated,NMPR,Tumor_epithelial_EMT
BD_immune05_403091,normal_NMPR,EMT_NMPR,0.367916837629954,Oligopotent,NMPR,Tumor_epithelial_EMT
BD_immune05_183257,normal_NMPR,EMT_NMPR,0.114302373439382,Differentiated,NMPR,Tumor_epithelial_EMT
BD_immune05_551187,normal_NMPR,EMT_NMPR,0.0912755747449599,Differentiated,NMPR,Tumor_epithelial_EMT
BD_immune05_338564,normal_NMPR,EMT_NMPR,0.423951429574431,Oligopotent,NMPR,Tumor_epithelial_EMT
BD_immune05_294798,normal_NMPR,EMT_NMPR,0.241656307980307,Unipotent,NMPR,Tumor_epithelial_EMT
BD_immune05_167255,normal_NMPR,EMT_NMPR,0.243581084658459,Unipotent,NMPR,Tumor_epithelial_EMT
BD_immune05_365183,normal_NMPR,EMT_NMPR,0.374507683202791,Oligopotent,NMPR,Tumor_epithelial_EMT
BD_immune05_881149,normal_NMPR,EMT_NMPR,0.123189956708204,Differentiated,NMPR,Tumor_epithelial_EMT
BD_immune05_48954,normal_NMPR,EMT_NMPR,0.109409778805602,Differentiated,NMPR,Tumor_epithelial_EMT
BD_immune05_413068,normal_NMPR,EMT_NMPR,0.18671156347715,Unipotent,NMPR,Tumor_epithelial_EMT
BD_immune05_492977,normal_NMPR,EMT_NMPR,0.235801629909774,Unipotent,NMPR,Tumor_epithelial_EMT
BD_immune05_837863,normal_NMPR,EMT_NMPR,0.0779650240888509,Differentiated,NMPR,Tumor_epithelial_EMT
BD_immune05_140969,normal_NMPR,EMT_NMPR,0.201505127623453,Unipotent,NMPR,Tumor_epithelial_EMT
BD_immune05_821190,normal_NMPR,EMT_NMPR,0.122363179870822,Differentiated,NMPR,Tumor_epithelial_EMT
BD_immune05_311373,normal_NMPR,EMT_NMPR,0.418648701710882,Oligopotent,NMPR,Tumor_epithelial_EMT
BD_immune05_739721,normal_NMPR,EMT_NMPR,0.119682095664534,Differentiated,NMPR,Tumor_epithelial_EMT
BD_immune05_424003,normal_NMPR,EMT_NMPR,0.341666040943644,Oligopotent,NMPR,Tumor_epithelial_EMT
BD_immune05_752254,normal_NMPR,EMT_NMPR,0.380966718272375,Oligopotent,NMPR,Tumor_epithelial_EMT
BD_immune05_756664,normal_NMPR,EMT_NMPR,0.387080760024854,Oligopotent,NMPR,Tumor_epithelial_EMT
BD_immune05_128742,normal_NMPR,EMT_NMPR,0.2656291713089,Unipotent,NMPR,Tumor_epithelial_EMT
BD_immune05_261386,normal_NMPR,EMT_NMPR,0.13663296841915,Differentiated,NMPR,Tumor_epithelial_EMT
BD_immune05_168503,normal_NMPR,EMT_NMPR,0.38024826691417,Oligopotent,NMPR,Tumor_epithelial_EMT
BD_immune05_339586,normal_NMPR,EMT_NMPR,0.130095600555125,Differentiated,NMPR,Tumor_epithelial_EMT
BD_immune05_316255,normal_NMPR,EMT_NMPR,0.0698000100459251,Differentiated,NMPR,Tumor_epithelial_EMT
BD_immune05_331407,normal_NMPR,EMT_NMPR,0.112787179545451,Differentiated,NMPR,Tumor_epithelial_EMT
BD_immune05_68128,normal_NMPR,EMT_NMPR,0.187777048116225,Unipotent,NMPR,Tumor_epithelial_EMT
BD_immune05_741494,normal_NMPR,EMT_NMPR,0.101322926042159,Differentiated,NMPR,Tumor_epithelial_EMT
BD_immune05_295953,normal_NMPR,EMT_NMPR,0.509582242508795,Multipotent,NMPR,Tumor_epithelial_EMT
BD_immune05_282045,normal_NMPR,EMT_NMPR,0.2696463864134,Unipotent,NMPR,Tumor_epithelial_EMT
BD_immune05_137877,normal_NMPR,EMT_NMPR,0.0716490296681215,Differentiated,NMPR,Tumor_epithelial_EMT
BD_immune05_243646,normal_NMPR,EMT_NMPR,0.126624307370734,Differentiated,NMPR,Tumor_epithelial_EMT
BD_immune05_460448,normal_NMPR,EMT_NMPR,0.0871848275041056,Differentiated,NMPR,Tumor_epithelial_EMT
BD_immune05_335505,normal_NMPR,EMT_NMPR,0.371689965954064,Oligopotent,NMPR,Tumor_epithelial_EMT
BD_immune05_702359,normal_NMPR,EMT_NMPR,0.104170133072631,Differentiated,NMPR,Tumor_epithelial_EMT
BD_immune05_452357,normal_NMPR,EMT_NMPR,0.124423143125453,Differentiated,NMPR,Tumor_epithelial_EMT
BD_immune05_239486,normal_NMPR,EMT_NMPR,0.128628646105108,Differentiated,NMPR,Tumor_epithelial_EMT
BD_immune05_84858,normal_NMPR,EMT_NMPR,0.115245121343224,Differentiated,NMPR,Tumor_epithelial_EMT
BD_immune05_595663,normal_NMPR,EMT_NMPR,0.067462240657047,Differentiated,NMPR,Tumor_epithelial_EMT
BD_immune05_459637,normal_NMPR,EMT_NMPR,0.279026565628857,Unipotent,NMPR,Tumor_epithelial_EMT
BD_immune05_750562,normal_NMPR,EMT_NMPR,0.101937972282153,Differentiated,NMPR,Tumor_epithelial_EMT
BD_immune05_182737,normal_NMPR,EMT_NMPR,0.154791077493918,Differentiated,NMPR,Tumor_epithelial_EMT
BD_immune05_151798,normal_NMPR,EMT_NMPR,0.186348596586275,Unipotent,NMPR,Tumor_epithelial_EMT
BD_immune05_632202,normal_NMPR,EMT_NMPR,0.358083739655123,Oligopotent,NMPR,Tumor_epithelial_EMT
BD_immune05_835766,normal_NMPR,EMT_NMPR,0.120230220622841,Differentiated,NMPR,Tumor_epithelial_EMT
BD_immune05_19602,normal_NMPR,EMT_NMPR,0.122622055899557,Differentiated,NMPR,Tumor_epithelial_EMT
BD_immune05_189315,normal_NMPR,EMT_NMPR,0.132703728932739,Differentiated,NMPR,Tumor_epithelial_EMT
BD_immune05_78225,normal_NMPR,EMT_NMPR,0.0998407305660238,Differentiated,NMPR,Tumor_epithelial_EMT
BD_immune05_170900,normal_NMPR,EMT_NMPR,0.145857453461778,Differentiated,NMPR,Tumor_epithelial_EMT
BD_immune05_176099,normal_NMPR,EMT_NMPR,0.227680202473846,Unipotent,NMPR,Tumor_epithelial_EMT
BD_immune05_115513,normal_NMPR,EMT_NMPR,0.279891778231121,Unipotent,NMPR,Tumor_epithelial_EMT
BD_immune05_868270,normal_NMPR,EMT_NMPR,0.14397543899171,Differentiated,NMPR,Tumor_epithelial_EMT
BD_immune05_267022,normal_NMPR,EMT_NMPR,0.0743401661628358,Differentiated,NMPR,Tumor_epithelial_EMT
BD_immune05_859496,normal_NMPR,EMT_NMPR,0.120242115821402,Differentiated,NMPR,Tumor_epithelial_EMT
BD_immune05_479174,normal_NMPR,EMT_NMPR,0.109996353018945,Differentiated,NMPR,Tumor_epithelial_EMT
BD_immune05_49608,normal_NMPR,EMT_NMPR,0.139698732947656,Differentiated,NMPR,Tumor_epithelial_EMT
BD_immune05_423452,normal_NMPR,EMT_NMPR,0.326773820107919,Unipotent,NMPR,Tumor_epithelial_EMT
BD_immune05_239649,normal_NMPR,EMT_NMPR,0.340990102770764,Oligopotent,NMPR,Tumor_epithelial_EMT
BD_immune05_761411,normal_NMPR,EMT_NMPR,0.0871117201006945,Differentiated,NMPR,Tumor_epithelial_EMT
BD_immune05_636295,normal_NMPR,EMT_NMPR,0.280157139655389,Unipotent,NMPR,Tumor_epithelial_EMT
BD_immune05_667242,normal_NMPR,EMT_NMPR,0.113589056680565,Differentiated,NMPR,Tumor_epithelial_EMT
BD_immune05_445996,normal_NMPR,EMT_NMPR,0.131859947513306,Differentiated,NMPR,Tumor_epithelial_EMT
BD_immune05_178902,normal_NMPR,EMT_NMPR,0.203060152586004,Unipotent,NMPR,Tumor_epithelial_EMT
BD_immune05_27371,normal_NMPR,EMT_NMPR,0.123980579270046,Differentiated,NMPR,Tumor_epithelial_EMT
BD_immune05_420961,normal_NMPR,EMT_NMPR,0.325299112151781,Unipotent,NMPR,Tumor_epithelial_EMT
BD_immune05_311510,normal_NMPR,EMT_NMPR,0.424865785764305,Oligopotent,NMPR,Tumor_epithelial_EMT
BD_immune05_334763,normal_NMPR,EMT_NMPR,0.110599942627916,Differentiated,NMPR,Tumor_epithelial_EMT
BD_immune05_454352,normal_NMPR,EMT_NMPR,0.338726459768437,Oligopotent,NMPR,Tumor_epithelial_EMT
BD_immune05_348199,normal_NMPR,EMT_NMPR,0.113760817581035,Differentiated,NMPR,Tumor_epithelial_EMT
BD_immune05_764678,normal_NMPR,EMT_NMPR,0.121113581471655,Differentiated,NMPR,Tumor_epithelial_EMT
BD_immune05_437457,normal_NMPR,EMT_NMPR,0.0870741375195893,Differentiated,NMPR,Tumor_epithelial_EMT
BD_immune05_852776,normal_NMPR,EMT_NMPR,0.0902820656728241,Differentiated,NMPR,Tumor_epithelial_EMT
BD_immune05_17653,normal_NMPR,EMT_NMPR,0.193401809087433,Unipotent,NMPR,Tumor_epithelial_EMT
BD_immune05_2113,normal_NMPR,EMT_NMPR,0.27130475153801,Unipotent,NMPR,Tumor_epithelial_EMT
BD_immune05_274730,normal_NMPR,EMT_NMPR,0.115938508145021,Differentiated,NMPR,Tumor_epithelial_EMT
BD_immune05_593343,normal_NMPR,EMT_NMPR,0.301548735155228,Unipotent,NMPR,Tumor_epithelial_EMT
BD_immune05_638229,normal_NMPR,EMT_NMPR,0.455216189408653,Oligopotent,NMPR,Tumor_epithelial_EMT
BD_immune05_249691,normal_NMPR,EMT_NMPR,0.051466979834886,Differentiated,NMPR,Tumor_epithelial_EMT
BD_immune05_331555,normal_NMPR,EMT_NMPR,0.354110148025368,Oligopotent,NMPR,Tumor_epithelial_EMT
BD_immune05_803586,normal_NMPR,EMT_NMPR,0.214723650025286,Unipotent,NMPR,Tumor_epithelial_EMT
BD_immune05_624273,normal_NMPR,EMT_NMPR,0.149363963014004,Differentiated,NMPR,Tumor_epithelial_EMT
BD_immune05_379350,normal_NMPR,EMT_NMPR,0.111037506500495,Differentiated,NMPR,Tumor_epithelial_EMT
BD_immune05_797619,normal_NMPR,EMT_NMPR,0.328441975338703,Unipotent,NMPR,Tumor_epithelial_EMT
BD_immune05_282465,normal_NMPR,EMT_NMPR,0.327078406420224,Unipotent,NMPR,Tumor_epithelial_EMT
BD_immune05_627898,normal_NMPR,EMT_NMPR,0.0754941286265536,Differentiated,NMPR,Tumor_epithelial_EMT
BD_immune05_239725,normal_NMPR,EMT_NMPR,0.247025994430399,Unipotent,NMPR,Tumor_epithelial_EMT
BD_immune05_254561,normal_NMPR,EMT_NMPR,0.119839174318392,Differentiated,NMPR,Tumor_epithelial_EMT
BD_immune05_565977,normal_NMPR,EMT_NMPR,0.114901305784888,Differentiated,NMPR,Tumor_epithelial_EMT
BD_immune05_596974,normal_NMPR,EMT_NMPR,0.221092912400696,Unipotent,NMPR,Tumor_epithelial_EMT
BD_immune05_193632,normal_NMPR,EMT_NMPR,0.0845550436804819,Differentiated,NMPR,Tumor_epithelial_EMT
BD_immune05_383752,normal_NMPR,EMT_NMPR,0.107137216764469,Differentiated,NMPR,Tumor_epithelial_EMT
BD_immune05_306203,normal_NMPR,EMT_NMPR,0.200099208175339,Unipotent,NMPR,Tumor_epithelial_EMT
BD_immune05_324270,normal_NMPR,EMT_NMPR,0.0881752731347072,Differentiated,NMPR,Tumor_epithelial_EMT
BD_immune05_699294,normal_NMPR,EMT_NMPR,0.159567008907012,Differentiated,NMPR,Tumor_epithelial_EMT
BD_immune05_458815,normal_NMPR,EMT_NMPR,0.119333886394356,Differentiated,NMPR,Tumor_epithelial_EMT
BD_immune05_20792,normal_NMPR,EMT_NMPR,0.0911338589535661,Differentiated,NMPR,Tumor_epithelial_EMT
BD_immune05_290432,normal_NMPR,EMT_NMPR,0.125648748209756,Differentiated,NMPR,Tumor_epithelial_EMT
BD_immune05_733498,normal_NMPR,EMT_NMPR,0.284019265145169,Unipotent,NMPR,Tumor_epithelial_EMT
BD_immune05_295617,normal_NMPR,EMT_NMPR,0.278883682037511,Unipotent,NMPR,Tumor_epithelial_EMT
BD_immune05_127303,normal_NMPR,EMT_NMPR,0.226025411036694,Unipotent,NMPR,Tumor_epithelial_EMT
BD_immune05_402818,normal_NMPR,EMT_NMPR,0.0818262368983849,Differentiated,NMPR,Tumor_epithelial_EMT
BD_immune05_712762,normal_NMPR,EMT_NMPR,0.201330720219507,Unipotent,NMPR,Tumor_epithelial_EMT
BD_immune05_93070,normal_NMPR,EMT_NMPR,0.0749132388671302,Differentiated,NMPR,Tumor_epithelial_EMT
BD_immune05_851628,normal_NMPR,EMT_NMPR,0.145028921667272,Differentiated,NMPR,Tumor_epithelial_EMT
BD_immune05_605221,normal_NMPR,EMT_NMPR,0.0986983999060452,Differentiated,NMPR,Tumor_epithelial_EMT
BD_immune05_662683,normal_NMPR,EMT_NMPR,0.110104320126484,Differentiated,NMPR,Tumor_epithelial_EMT
BD_immune05_756519,normal_NMPR,EMT_NMPR,0.270409035223847,Unipotent,NMPR,Tumor_epithelial_EMT
BD_immune05_549535,normal_NMPR,EMT_NMPR,0.0956784257822887,Differentiated,NMPR,Tumor_epithelial_EMT
BD_immune05_560965,normal_NMPR,EMT_NMPR,0.512426427732317,Multipotent,NMPR,Tumor_epithelial_EMT
BD_immune05_612480,normal_NMPR,EMT_NMPR,0.371796315854131,Oligopotent,NMPR,Tumor_epithelial_EMT
BD_immune05_21159,normal_NMPR,EMT_NMPR,0.138845178473051,Differentiated,NMPR,Tumor_epithelial_EMT
BD_immune05_313173,normal_NMPR,EMT_NMPR,0.309801092289984,Unipotent,NMPR,Tumor_epithelial_EMT
BD_immune05_372229,normal_NMPR,EMT_NMPR,0.140048453673491,Differentiated,NMPR,Tumor_epithelial_EMT
BD_immune05_153016,normal_NMPR,EMT_NMPR,0.165383968913336,Differentiated,NMPR,Tumor_epithelial_EMT
BD_immune05_235398,normal_NMPR,EMT_NMPR,0.102499671386089,Differentiated,NMPR,Tumor_epithelial_EMT
BD_immune05_754300,normal_NMPR,EMT_NMPR,0.231390623344268,Unipotent,NMPR,Tumor_epithelial_EMT
BD_immune05_240006,normal_NMPR,EMT_NMPR,0.153827371300975,Differentiated,NMPR,Tumor_epithelial_EMT
BD_immune05_532881,normal_NMPR,EMT_NMPR,0.221573528998764,Unipotent,NMPR,Tumor_epithelial_EMT
BD_immune05_268305,normal_NMPR,EMT_NMPR,0.094541783185457,Differentiated,NMPR,Tumor_epithelial_EMT
BD_immune05_560312,normal_NMPR,EMT_NMPR,0.0752616525100084,Differentiated,NMPR,Tumor_epithelial_EMT
BD_immune05_378418,normal_NMPR,EMT_NMPR,0.0855263016999599,Differentiated,NMPR,Tumor_epithelial_EMT
BD_immune05_438506,normal_NMPR,EMT_NMPR,0.260514427162844,Unipotent,NMPR,Tumor_epithelial_EMT
BD_immune05_814505,normal_NMPR,EMT_NMPR,0.100128261598484,Differentiated,NMPR,Tumor_epithelial_EMT
BD_immune05_400867,normal_NMPR,EMT_NMPR,0.143881594987015,Differentiated,NMPR,Tumor_epithelial_EMT
BD_immune05_847058,normal_NMPR,EMT_NMPR,0.0376627598115769,Differentiated,NMPR,Tumor_epithelial_EMT
BD_immune05_199427,normal_NMPR,EMT_NMPR,0.0921161065064331,Differentiated,NMPR,Tumor_epithelial_EMT
BD_immune05_311153,normal_NMPR,EMT_NMPR,0.163900442418454,Differentiated,NMPR,Tumor_epithelial_EMT
BD_immune05_48823,normal_NMPR,EMT_NMPR,0.104401238363907,Differentiated,NMPR,Tumor_epithelial_EMT
BD_immune05_342199,normal_NMPR,EMT_NMPR,0.243034873264913,Unipotent,NMPR,Tumor_epithelial_EMT
BD_immune05_809140,normal_NMPR,EMT_NMPR,0.133035450876595,Differentiated,NMPR,Tumor_epithelial_EMT
BD_immune05_837377,normal_NMPR,EMT_NMPR,0.102081110584346,Differentiated,NMPR,Tumor_epithelial_EMT
BD_immune05_99064,normal_NMPR,EMT_NMPR,0.0716098024417989,Differentiated,NMPR,Tumor_epithelial_EMT
BD_immune05_847891,normal_NMPR,EMT_NMPR,0.108584090777994,Differentiated,NMPR,Tumor_epithelial_EMT
BD_immune05_488197,normal_NMPR,EMT_NMPR,0.0926802833073791,Differentiated,NMPR,Tumor_epithelial_EMT
BD_immune05_227957,normal_NMPR,EMT_NMPR,0.129781459345386,Differentiated,NMPR,Tumor_epithelial_EMT
BD_immune05_533939,normal_NMPR,EMT_NMPR,0.112564272441739,Differentiated,NMPR,Tumor_epithelial_EMT
BD_immune05_702215,normal_NMPR,EMT_NMPR,0.384606645955919,Oligopotent,NMPR,Tumor_epithelial_EMT
BD_immune05_428354,normal_NMPR,EMT_NMPR,0.206365184568822,Unipotent,NMPR,Tumor_epithelial_EMT
BD_immune05_737105,normal_NMPR,EMT_NMPR,0.325324073723073,Unipotent,NMPR,Tumor_epithelial_EMT
BD_immune05_388771,normal_NMPR,EMT_NMPR,0.342291619408524,Oligopotent,NMPR,Tumor_epithelial_EMT
BD_immune05_368087,normal_NMPR,EMT_NMPR,0.235374728185779,Unipotent,NMPR,Tumor_epithelial_EMT
BD_immune05_357277,normal_NMPR,EMT_NMPR,0.134706346317781,Differentiated,NMPR,Tumor_epithelial_EMT
BD_immune05_481505,normal_NMPR,EMT_NMPR,0.240302676057265,Unipotent,NMPR,Tumor_epithelial_EMT
BD_immune05_153445,normal_NMPR,EMT_NMPR,0.399810719204595,Oligopotent,NMPR,Tumor_epithelial_EMT
BD_immune05_153078,normal_NMPR,EMT_NMPR,0.256769010255913,Unipotent,NMPR,Tumor_epithelial_EMT
BD_immune05_433435,normal_NMPR,EMT_NMPR,0.107470307044246,Differentiated,NMPR,Tumor_epithelial_EMT
BD_immune05_807188,normal_NMPR,EMT_NMPR,0.245139931378394,Unipotent,NMPR,Tumor_epithelial_EMT
BD_immune05_609704,normal_NMPR,EMT_NMPR,0.145310826192389,Differentiated,NMPR,Tumor_epithelial_EMT
BD_immune05_211732,normal_NMPR,EMT_NMPR,0.139701373134385,Differentiated,NMPR,Tumor_epithelial_EMT
BD_immune05_600907,normal_NMPR,EMT_NMPR,0.117413331239616,Differentiated,NMPR,Tumor_epithelial_EMT
BD_immune05_17526,normal_NMPR,EMT_NMPR,0.125904296313839,Differentiated,NMPR,Tumor_epithelial_EMT
BD_immune05_301608,normal_NMPR,EMT_NMPR,0.246120856050951,Unipotent,NMPR,Tumor_epithelial_EMT
BD_immune05_429154,normal_NMPR,EMT_NMPR,0.132603062625756,Differentiated,NMPR,Tumor_epithelial_EMT
BD_immune05_510075,normal_NMPR,EMT_NMPR,0.105065752901855,Differentiated,NMPR,Tumor_epithelial_EMT
BD_immune05_176546,normal_NMPR,EMT_NMPR,0.0912654933932581,Differentiated,NMPR,Tumor_epithelial_EMT
BD_immune05_263056,normal_NMPR,EMT_NMPR,0.121570634358675,Differentiated,NMPR,Tumor_epithelial_EMT
BD_immune05_756749,normal_NMPR,EMT_NMPR,0.125329027656586,Differentiated,NMPR,Tumor_epithelial_EMT
BD_immune05_552542,normal_NMPR,EMT_NMPR,0.101190573685607,Differentiated,NMPR,Tumor_epithelial_EMT
BD_immune05_705567,normal_NMPR,EMT_NMPR,0.148668214052916,Differentiated,NMPR,Tumor_epithelial_EMT
BD_immune05_95112,normal_NMPR,EMT_NMPR,0.134398504192213,Differentiated,NMPR,Tumor_epithelial_EMT
BD_immune05_149176,normal_NMPR,EMT_NMPR,0.116106646499507,Differentiated,NMPR,Tumor_epithelial_EMT
BD_immune05_878749,normal_NMPR,EMT_NMPR,0.109568258590476,Differentiated,NMPR,Tumor_epithelial_EMT
BD_immune05_456222,normal_NMPR,EMT_NMPR,0.376486746413586,Oligopotent,NMPR,Tumor_epithelial_EMT
BD_immune05_238795,normal_NMPR,EMT_NMPR,0.117662486964856,Differentiated,NMPR,Tumor_epithelial_EMT
BD_immune05_227953,normal_NMPR,EMT_NMPR,0.0998155895143062,Differentiated,NMPR,Tumor_epithelial_EMT
BD_immune05_6318,normal_NMPR,EMT_NMPR,0.276336544384427,Unipotent,NMPR,Tumor_epithelial_EMT
BD_immune05_330063,normal_NMPR,EMT_NMPR,0.311933605697138,Unipotent,NMPR,Tumor_epithelial_EMT
BD_immune05_859127,normal_NMPR,EMT_NMPR,0.103147858006085,Differentiated,NMPR,Tumor_epithelial_EMT
BD_immune05_183255,normal_NMPR,EMT_NMPR,0.0678742861753691,Differentiated,NMPR,Tumor_epithelial_EMT
BD_immune05_555141,normal_NMPR,EMT_NMPR,0.126892686072844,Differentiated,NMPR,Tumor_epithelial_EMT
BD_immune05_410407,normal_NMPR,EMT_NMPR,0.106172666873475,Differentiated,NMPR,Tumor_epithelial_EMT
BD_immune05_36186,normal_NMPR,EMT_NMPR,0.216469985071065,Unipotent,NMPR,Tumor_epithelial_EMT
BD_immune05_583122,normal_NMPR,EMT_NMPR,0.120163960792931,Differentiated,NMPR,Tumor_epithelial_EMT
BD_immune05_483479,normal_NMPR,EMT_NMPR,0.121124276347551,Differentiated,NMPR,Tumor_epithelial_EMT
BD_immune05_637510,normal_NMPR,EMT_NMPR,0.131508315184207,Differentiated,NMPR,Tumor_epithelial_EMT
BD_immune05_510718,normal_NMPR,EMT_NMPR,0.0487949485196338,Differentiated,NMPR,Tumor_epithelial_EMT
BD_immune05_706248,normal_NMPR,EMT_NMPR,0.103965687909526,Differentiated,NMPR,Tumor_epithelial_EMT
BD_immune05_793976,normal_NMPR,EMT_NMPR,0.0556061215441887,Differentiated,NMPR,Tumor_epithelial_EMT
BD_immune05_529898,normal_NMPR,EMT_NMPR,0.290920328008283,Unipotent,NMPR,Tumor_epithelial_EMT
BD_immune05_689649,normal_NMPR,EMT_NMPR,0.0761183766595808,Differentiated,NMPR,Tumor_epithelial_EMT
BD_immune05_511197,normal_NMPR,EMT_NMPR,0.129787930504633,Differentiated,NMPR,Tumor_epithelial_EMT
BD_immune05_258323,normal_NMPR,EMT_NMPR,0.103658375667133,Differentiated,NMPR,Tumor_epithelial_EMT
BD_immune05_877731,normal_NMPR,EMT_NMPR,0.339510325251387,Oligopotent,NMPR,Tumor_epithelial_EMT
BD_immune05_202541,normal_NMPR,EMT_NMPR,0.279728489909721,Unipotent,NMPR,Tumor_epithelial_EMT
BD_immune05_147333,normal_NMPR,EMT_NMPR,0.121000048092302,Differentiated,NMPR,Tumor_epithelial_EMT
BD_immune05_434902,normal_NMPR,EMT_NMPR,0.0987302063328278,Differentiated,NMPR,Tumor_epithelial_EMT
BD_immune05_592681,normal_NMPR,EMT_NMPR,0.0965436593779441,Differentiated,NMPR,Tumor_epithelial_EMT
BD_immune05_394042,normal_NMPR,EMT_NMPR,0.180401853168758,Unipotent,NMPR,Tumor_epithelial_EMT
BD_immune05_182551,normal_NMPR,EMT_NMPR,0.181742219051191,Unipotent,NMPR,Tumor_epithelial_EMT
BD_immune05_588617,normal_NMPR,EMT_NMPR,0.293739384468891,Unipotent,NMPR,Tumor_epithelial_EMT
BD_immune05_523182,normal_NMPR,EMT_NMPR,0.121021468921433,Differentiated,NMPR,Tumor_epithelial_EMT
BD_immune05_440516,normal_NMPR,EMT_NMPR,0.0468851850266888,Differentiated,NMPR,Tumor_epithelial_EMT
BD_immune05_235502,normal_NMPR,EMT_NMPR,0.0861424362507687,Differentiated,NMPR,Tumor_epithelial_EMT
BD_immune05_312738,normal_NMPR,EMT_NMPR,0.125468062835787,Differentiated,NMPR,Tumor_epithelial_EMT
BD_immune05_450696,normal_NMPR,EMT_NMPR,0.105342132512773,Differentiated,NMPR,Tumor_epithelial_EMT
BD_immune05_301093,normal_NMPR,EMT_NMPR,0.131013714151731,Differentiated,NMPR,Tumor_epithelial_EMT
BD_immune05_204866,normal_NMPR,EMT_NMPR,0.199452818265148,Unipotent,NMPR,Tumor_epithelial_EMT
BD_immune05_322347,normal_NMPR,EMT_NMPR,0.0908688829612298,Differentiated,NMPR,Tumor_epithelial_EMT
BD_immune05_412937,normal_NMPR,EMT_NMPR,0.0940388569620105,Differentiated,NMPR,Tumor_epithelial_EMT
BD_immune05_783878,normal_NMPR,EMT_NMPR,0.372701436056504,Oligopotent,NMPR,Tumor_epithelial_EMT
BD_immune05_375136,normal_NMPR,EMT_NMPR,0.12341028488876,Differentiated,NMPR,Tumor_epithelial_EMT
BD_immune05_623361,normal_NMPR,EMT_NMPR,0.13791537853323,Differentiated,NMPR,Tumor_epithelial_EMT
BD_immune05_450697,normal_NMPR,EMT_NMPR,0.082987144798679,Differentiated,NMPR,Tumor_epithelial_EMT
BD_immune05_299551,normal_NMPR,EMT_NMPR,0.103223194863978,Differentiated,NMPR,Tumor_epithelial_EMT
BD_immune05_825778,normal_NMPR,EMT_NMPR,0.0889839229869102,Differentiated,NMPR,Tumor_epithelial_EMT
BD_immune05_845137,normal_NMPR,EMT_NMPR,0.0768608153844065,Differentiated,NMPR,Tumor_epithelial_EMT
BD_immune05_781813,normal_NMPR,EMT_NMPR,0.0535425473132304,Differentiated,NMPR,Tumor_epithelial_EMT
BD_immune05_797332,normal_NMPR,EMT_NMPR,0.0758731174043422,Differentiated,NMPR,Tumor_epithelial_EMT
BD_immune05_309364,normal_NMPR,EMT_NMPR,0.187848472596164,Unipotent,NMPR,Tumor_epithelial_EMT
BD_immune05_1251,normal_NMPR,EMT_NMPR,0.11845673141044,Differentiated,NMPR,Tumor_epithelial_EMT
BD_immune05_638237,normal_NMPR,EMT_NMPR,0.079728361435577,Differentiated,NMPR,Tumor_epithelial_EMT
BD_immune05_839036,normal_NMPR,EMT_NMPR,0.100543327572434,Differentiated,NMPR,Tumor_epithelial_EMT
BD_immune05_681592,normal_NMPR,EMT_NMPR,0.0866016968851072,Differentiated,NMPR,Tumor_epithelial_EMT
BD_immune05_14937,normal_NMPR,EMT_NMPR,0.0867005794095127,Differentiated,NMPR,Tumor_epithelial_EMT
BD_immune05_562237,normal_NMPR,EMT_NMPR,0.135084999451145,Differentiated,NMPR,Tumor_epithelial_EMT
BD_immune05_570384,normal_NMPR,EMT_NMPR,0.0767404710790662,Differentiated,NMPR,Tumor_epithelial_EMT
BD_immune05_193967,normal_NMPR,EMT_NMPR,0.0840167142529397,Differentiated,NMPR,Tumor_epithelial_EMT
BD_immune05_190151,normal_NMPR,EMT_NMPR,0.184265747683008,Unipotent,NMPR,Tumor_epithelial_EMT
BD_immune05_570812,normal_NMPR,EMT_NMPR,0.35763003318342,Oligopotent,NMPR,Tumor_epithelial_EMT
BD_immune05_424997,normal_NMPR,EMT_NMPR,0.0966922779868035,Differentiated,NMPR,Tumor_epithelial_EMT
BD_immune05_174164,normal_NMPR,EMT_NMPR,0.0917853275258978,Differentiated,NMPR,Tumor_epithelial_EMT
BD_immune05_740773,normal_NMPR,EMT_NMPR,0.105829273210601,Differentiated,NMPR,Tumor_epithelial_EMT
BD_immune05_704309,normal_NMPR,EMT_NMPR,0.0811218305522296,Differentiated,NMPR,Tumor_epithelial_EMT
BD_immune05_633254,normal_NMPR,EMT_NMPR,0.24207472509546,Unipotent,NMPR,Tumor_epithelial_EMT
BD_immune05_170733,normal_NMPR,EMT_NMPR,0.106183387589951,Differentiated,NMPR,Tumor_epithelial_EMT
BD_immune05_229909,normal_NMPR,EMT_NMPR,0.0364717676528995,Differentiated,NMPR,Tumor_epithelial_EMT
BD_immune05_738899,normal_NMPR,EMT_NMPR,0.0898820376685334,Differentiated,NMPR,Tumor_epithelial_EMT
BD_immune05_477407,normal_NMPR,EMT_NMPR,0.105878718811961,Differentiated,NMPR,Tumor_epithelial_EMT
BD_immune05_665644,normal_NMPR,EMT_NMPR,0.112954615959214,Differentiated,NMPR,Tumor_epithelial_EMT
BD_immune05_724327,normal_NMPR,EMT_NMPR,0.0797961460727016,Differentiated,NMPR,Tumor_epithelial_EMT
BD_immune05_629949,normal_NMPR,EMT_NMPR,0.0936765844063292,Differentiated,NMPR,Tumor_epithelial_EMT
BD_immune05_660897,normal_NMPR,EMT_NMPR,0.0724822167999207,Differentiated,NMPR,Tumor_epithelial_EMT
BD_immune05_501281,normal_NMPR,EMT_NMPR,0.105199096687204,Differentiated,NMPR,Tumor_epithelial_EMT
BD_immune05_66240,normal_NMPR,EMT_NMPR,0.10981375301844,Differentiated,NMPR,Tumor_epithelial_EMT
BD_immune05_731444,normal_NMPR,EMT_NMPR,0.132605809677963,Differentiated,NMPR,Tumor_epithelial_EMT
BD_immune05_795171,normal_NMPR,EMT_NMPR,0.216936046803145,Unipotent,NMPR,Tumor_epithelial_EMT
BD_immune05_876005,normal_NMPR,EMT_NMPR,0.134618540729183,Differentiated,NMPR,Tumor_epithelial_EMT
BD_immune05_747185,normal_NMPR,EMT_NMPR,0.0977881095444265,Differentiated,NMPR,Tumor_epithelial_EMT
BD_immune05_375503,normal_NMPR,EMT_NMPR,0.114036801861927,Differentiated,NMPR,Tumor_epithelial_EMT
BD_immune05_513021,normal_NMPR,EMT_NMPR,0.319402251723309,Unipotent,NMPR,Tumor_epithelial_EMT
BD_immune05_573907,normal_NMPR,EMT_NMPR,0.154468462501419,Differentiated,NMPR,Tumor_epithelial_EMT
BD_immune05_112027,normal_NMPR,EMT_NMPR,0.11778693543358,Differentiated,NMPR,Tumor_epithelial_EMT
BD_immune05_43273,normal_NMPR,EMT_NMPR,0.23597937285589,Unipotent,NMPR,Tumor_epithelial_EMT
BD_immune05_258778,normal_NMPR,EMT_NMPR,0.393848727506117,Oligopotent,NMPR,Tumor_epithelial_EMT
BD_immune05_694492,normal_NMPR,EMT_NMPR,0.0814709043028983,Differentiated,NMPR,Tumor_epithelial_EMT
BD_immune05_783840,normal_NMPR,EMT_NMPR,0.0965297645180682,Differentiated,NMPR,Tumor_epithelial_EMT
BD_immune05_721775,normal_NMPR,EMT_NMPR,0.141964196416774,Differentiated,NMPR,Tumor_epithelial_EMT
BD_immune05_56826,normal_NMPR,EMT_NMPR,0.416315367291678,Oligopotent,NMPR,Tumor_epithelial_EMT
BD_immune05_496831,normal_NMPR,EMT_NMPR,0.0921448671579151,Differentiated,NMPR,Tumor_epithelial_EMT
BD_immune05_295848,normal_NMPR,EMT_NMPR,0.254646421289332,Unipotent,NMPR,Tumor_epithelial_EMT
BD_immune05_740866,normal_NMPR,EMT_NMPR,0.289796712728504,Unipotent,NMPR,Tumor_epithelial_EMT
BD_immune05_336587,normal_NMPR,EMT_NMPR,0.082901700842509,Differentiated,NMPR,Tumor_epithelial_EMT
BD_immune05_666620,normal_NMPR,EMT_NMPR,0.410503614307754,Oligopotent,NMPR,Tumor_epithelial_EMT
BD_immune05_727177,normal_NMPR,EMT_NMPR,0.0925595284102967,Differentiated,NMPR,Tumor_epithelial_EMT
BD_immune05_160383,normal_NMPR,EMT_NMPR,0.115731879905271,Differentiated,NMPR,Tumor_epithelial_EMT
BD_immune05_102141,normal_NMPR,EMT_NMPR,0.137026516698134,Differentiated,NMPR,Tumor_epithelial_EMT
BD_immune05_327345,normal_NMPR,EMT_NMPR,0.101735827321086,Differentiated,NMPR,Tumor_epithelial_EMT
BD_immune05_206382,normal_NMPR,EMT_NMPR,0.112534211668491,Differentiated,NMPR,Tumor_epithelial_EMT
BD_immune05_61012,normal_NMPR,EMT_NMPR,0.0933666474779486,Differentiated,NMPR,Tumor_epithelial_EMT
BD_immune05_17578,normal_NMPR,EMT_NMPR,0.0851413333399029,Differentiated,NMPR,Tumor_epithelial_EMT
BD_immune05_290845,normal_NMPR,EMT_NMPR,0.102724155106154,Differentiated,NMPR,Tumor_epithelial_EMT
BD_immune05_632820,normal_NMPR,EMT_NMPR,0.52319194692127,Multipotent,NMPR,Tumor_epithelial_EMT
BD_immune05_590506,normal_NMPR,EMT_NMPR,0.101414106896144,Differentiated,NMPR,Tumor_epithelial_EMT
BD_immune05_668926,normal_NMPR,EMT_NMPR,0.0856620692616654,Differentiated,NMPR,Tumor_epithelial_EMT
BD_immune05_311788,normal_NMPR,EMT_NMPR,0.133286232095641,Differentiated,NMPR,Tumor_epithelial_EMT
BD_immune05_358108,normal_NMPR,EMT_NMPR,0.143882613063548,Differentiated,NMPR,Tumor_epithelial_EMT
BD_immune05_876011,normal_NMPR,EMT_NMPR,0.137883565783262,Differentiated,NMPR,Tumor_epithelial_EMT
BD_immune05_839500,normal_NMPR,EMT_NMPR,0.0935381082093344,Differentiated,NMPR,Tumor_epithelial_EMT
BD_immune05_137909,normal_NMPR,EMT_NMPR,0.131886964627637,Differentiated,NMPR,Tumor_epithelial_EMT
BD_immune05_304940,normal_NMPR,EMT_NMPR,0.188545177043424,Unipotent,NMPR,Tumor_epithelial_EMT
BD_immune05_159040,normal_NMPR,EMT_NMPR,0.066454564431323,Differentiated,NMPR,Tumor_epithelial_EMT
BD_immune05_186631,normal_NMPR,EMT_NMPR,0.0736160415336186,Differentiated,NMPR,Tumor_epithelial_EMT
BD_immune05_540158,normal_NMPR,EMT_NMPR,0.0783697106133328,Differentiated,NMPR,Tumor_epithelial_EMT
BD_immune05_424091,normal_NMPR,EMT_NMPR,0.359391710932411,Oligopotent,NMPR,Tumor_epithelial_EMT
BD_immune05_81388,normal_NMPR,EMT_NMPR,0.0948001633146147,Differentiated,NMPR,Tumor_epithelial_EMT
BD_immune05_288195,normal_NMPR,EMT_NMPR,0.124302252112066,Differentiated,NMPR,Tumor_epithelial_EMT
BD_immune05_642691,normal_NMPR,EMT_NMPR,0.0568251598157944,Differentiated,NMPR,Tumor_epithelial_EMT
BD_immune05_634328,normal_NMPR,EMT_NMPR,0.10150673506943,Differentiated,NMPR,Tumor_epithelial_EMT
BD_immune05_766954,normal_NMPR,EMT_NMPR,0.175756425691562,Unipotent,NMPR,Tumor_epithelial_EMT
BD_immune05_63253,normal_NMPR,EMT_NMPR,0.116790107251273,Differentiated,NMPR,Tumor_epithelial_EMT
BD_immune05_621366,normal_NMPR,EMT_NMPR,0.0790314347209044,Differentiated,NMPR,Tumor_epithelial_EMT
BD_immune05_536055,normal_NMPR,EMT_NMPR,0.105852655086994,Differentiated,NMPR,Tumor_epithelial_EMT
BD_immune05_408187,normal_NMPR,EMT_NMPR,0.263754747788566,Unipotent,NMPR,Tumor_epithelial_EMT
BD_immune05_645582,normal_NMPR,EMT_NMPR,0.0783924501200247,Differentiated,NMPR,Tumor_epithelial_EMT
BD_immune05_452052,normal_NMPR,EMT_NMPR,0.0843304828249116,Differentiated,NMPR,Tumor_epithelial_EMT
BD_immune05_758730,normal_NMPR,EMT_NMPR,0.217040028363176,Unipotent,NMPR,Tumor_epithelial_EMT
BD_immune05_349298,normal_NMPR,EMT_NMPR,0.0770747656347205,Differentiated,NMPR,Tumor_epithelial_EMT
BD_immune05_400899,normal_NMPR,EMT_NMPR,0.107470536582829,Differentiated,NMPR,Tumor_epithelial_EMT
BD_immune05_353042,normal_NMPR,EMT_NMPR,0.35249733073825,Oligopotent,NMPR,Tumor_epithelial_EMT
BD_immune05_383522,normal_NMPR,EMT_NMPR,0.107598434120279,Differentiated,NMPR,Tumor_epithelial_EMT
BD_immune05_289263,normal_NMPR,EMT_NMPR,0.2142298935151,Unipotent,NMPR,Tumor_epithelial_EMT
BD_immune05_478123,normal_NMPR,EMT_NMPR,0.108238431054237,Differentiated,NMPR,Tumor_epithelial_EMT
BD_immune05_270379,normal_NMPR,EMT_NMPR,0.0764058815985933,Differentiated,NMPR,Tumor_epithelial_EMT
BD_immune05_333513,normal_NMPR,EMT_NMPR,0.0464091250070364,Differentiated,NMPR,Tumor_epithelial_EMT
BD_immune05_496025,normal_NMPR,EMT_NMPR,0.0364942557034896,Differentiated,NMPR,Tumor_epithelial_EMT
BD_immune05_788235,normal_NMPR,EMT_NMPR,0.106243310373425,Differentiated,NMPR,Tumor_epithelial_EMT
BD_immune05_32635,normal_NMPR,EMT_NMPR,0.0318342913642953,Differentiated,NMPR,Tumor_epithelial_EMT
BD_immune05_579556,normal_NMPR,EMT_NMPR,0.2192891476756,Unipotent,NMPR,Tumor_epithelial_EMT
BD_immune05_672895,normal_NMPR,EMT_NMPR,0.0738601186538396,Differentiated,NMPR,Tumor_epithelial_EMT
BD_immune05_295252,normal_NMPR,EMT_NMPR,0.141178874894572,Differentiated,NMPR,Tumor_epithelial_EMT
BD_immune05_877687,normal_NMPR,EMT_NMPR,0.256337041349999,Unipotent,NMPR,Tumor_epithelial_EMT
BD_immune05_658811,normal_NMPR,EMT_NMPR,0.0914049730152895,Differentiated,NMPR,Tumor_epithelial_EMT
BD_immune05_848182,normal_NMPR,EMT_NMPR,0.0407936659017815,Differentiated,NMPR,Tumor_epithelial_EMT
BD_immune05_243828,normal_NMPR,EMT_NMPR,0.0654239720402254,Differentiated,NMPR,Tumor_epithelial_EMT
BD_immune05_659451,normal_NMPR,EMT_NMPR,0.236934650532727,Unipotent,NMPR,Tumor_epithelial_EMT
BD_immune05_731507,normal_NMPR,EMT_NMPR,0.104181642244803,Differentiated,NMPR,Tumor_epithelial_EMT
BD_immune05_762016,normal_NMPR,EMT_NMPR,0.302735595943861,Unipotent,NMPR,Tumor_epithelial_EMT
BD_immune05_247312,normal_NMPR,EMT_NMPR,0.0872558302070191,Differentiated,NMPR,Tumor_epithelial_EMT
BD_immune05_838187,normal_NMPR,EMT_NMPR,0.0997430879613074,Differentiated,NMPR,Tumor_epithelial_EMT
BD_immune05_693797,normal_NMPR,EMT_NMPR,0.0793016587721612,Differentiated,NMPR,Tumor_epithelial_EMT
BD_immune05_372744,normal_NMPR,EMT_NMPR,0.119988400861168,Differentiated,NMPR,Tumor_epithelial_EMT
BD_immune05_632981,normal_NMPR,EMT_NMPR,0.0783853213205941,Differentiated,NMPR,Tumor_epithelial_EMT
BD_immune05_584400,normal_NMPR,EMT_NMPR,0.0903462075605482,Differentiated,NMPR,Tumor_epithelial_EMT
BD_immune05_121853,normal_NMPR,EMT_NMPR,0.0736969865058851,Differentiated,NMPR,Tumor_epithelial_EMT
BD_immune05_571173,normal_NMPR,EMT_NMPR,0.0986203227447853,Differentiated,NMPR,Tumor_epithelial_EMT
BD_immune05_263171,normal_NMPR,EMT_NMPR,0.0997486597963318,Differentiated,NMPR,Tumor_epithelial_EMT
BD_immune05_130817,normal_NMPR,EMT_NMPR,0.0697807694642916,Differentiated,NMPR,Tumor_epithelial_EMT
BD_immune05_723983,normal_NMPR,EMT_NMPR,0.056513146492324,Differentiated,NMPR,Tumor_epithelial_EMT
BD_immune05_672172,normal_NMPR,EMT_NMPR,0.11293718857211,Differentiated,NMPR,Tumor_epithelial_EMT
BD_immune05_41211,normal_NMPR,EMT_NMPR,0.240593918144568,Unipotent,NMPR,Tumor_epithelial_EMT
BD_immune05_142486,normal_NMPR,EMT_NMPR,0.141386403347709,Differentiated,NMPR,Tumor_epithelial_EMT
BD_immune05_420301,normal_NMPR,EMT_NMPR,0.148103286157804,Differentiated,NMPR,Tumor_epithelial_EMT
BD_immune05_825421,normal_NMPR,EMT_NMPR,0.288853477372569,Unipotent,NMPR,Tumor_epithelial_EMT
BD_immune05_459141,normal_NMPR,EMT_NMPR,0.141470934284642,Differentiated,NMPR,Tumor_epithelial_EMT
BD_immune05_667092,normal_NMPR,EMT_NMPR,0.098493157162052,Differentiated,NMPR,Tumor_epithelial_EMT
BD_immune05_696016,normal_NMPR,normal_NMPR,0.140354160721527,Differentiated,NMPR,Tumor_epithelial_AT2
BD_immune05_645703,normal_NMPR,EMT_NMPR,0.114981864774153,Differentiated,NMPR,Tumor_epithelial_EMT
BD_immune05_437963,normal_NMPR,EMT_NMPR,0.276923219775364,Unipotent,NMPR,Tumor_epithelial_EMT
BD_immune05_75143,normal_NMPR,EMT_NMPR,0.114810700597067,Differentiated,NMPR,Tumor_epithelial_EMT
BD_immune05_880932,normal_NMPR,EMT_NMPR,0.083951466432447,Differentiated,NMPR,Tumor_epithelial_EMT
BD_immune05_598019,normal_NMPR,EMT_NMPR,0.141858775713818,Differentiated,NMPR,Tumor_epithelial_EMT
BD_immune05_188610,normal_NMPR,EMT_NMPR,0.0696171105090688,Differentiated,NMPR,Tumor_epithelial_EMT
BD_immune05_663231,normal_NMPR,EMT_NMPR,0.119985430687482,Differentiated,NMPR,Tumor_epithelial_EMT
BD_immune05_240390,normal_NMPR,EMT_NMPR,0.0310846673813397,Differentiated,NMPR,Tumor_epithelial_EMT
BD_immune05_540620,normal_NMPR,EMT_NMPR,0.0778791229008804,Differentiated,NMPR,Tumor_epithelial_EMT
BD_immune05_644659,normal_NMPR,EMT_NMPR,0.0822229726193695,Differentiated,NMPR,Tumor_epithelial_EMT
BD_immune05_370088,normal_NMPR,EMT_NMPR,0.0340694135245786,Differentiated,NMPR,Tumor_epithelial_EMT
BD_immune05_707678,normal_NMPR,EMT_NMPR,0.11688202559237,Differentiated,NMPR,Tumor_epithelial_EMT
BD_immune05_146772,normal_NMPR,EMT_NMPR,0.147015832703034,Differentiated,NMPR,Tumor_epithelial_EMT
BD_immune05_464992,normal_NMPR,EMT_NMPR,0.109155110340224,Differentiated,NMPR,Tumor_epithelial_EMT
BD_immune05_482313,normal_NMPR,EMT_NMPR,0.246559500341493,Unipotent,NMPR,Tumor_epithelial_EMT
BD_immune05_306542,normal_NMPR,EMT_NMPR,0.152018595832983,Differentiated,NMPR,Tumor_epithelial_EMT
BD_immune05_666296,normal_NMPR,EMT_NMPR,0.0641303851310068,Differentiated,NMPR,Tumor_epithelial_EMT
BD_immune05_88244,normal_NMPR,EMT_NMPR,0.153532019078807,Differentiated,NMPR,Tumor_epithelial_EMT
BD_immune05_795689,normal_NMPR,EMT_NMPR,0.256813126095571,Unipotent,NMPR,Tumor_epithelial_EMT
BD_immune05_153820,normal_NMPR,EMT_NMPR,0.0988683296102778,Differentiated,NMPR,Tumor_epithelial_EMT
BD_immune05_802471,normal_NMPR,EMT_NMPR,0.0316104939816658,Differentiated,NMPR,Tumor_epithelial_EMT
BD_immune05_350511,normal_NMPR,EMT_NMPR,0.0831887398730983,Differentiated,NMPR,Tumor_epithelial_EMT
BD_immune05_192632,normal_NMPR,EMT_NMPR,0.0633386201303925,Differentiated,NMPR,Tumor_epithelial_EMT
BD_immune05_797452,normal_NMPR,EMT_NMPR,0.0514475388771797,Differentiated,NMPR,Tumor_epithelial_EMT
BD_immune05_517651,normal_NMPR,EMT_NMPR,0.0910853729212116,Differentiated,NMPR,Tumor_epithelial_EMT
BD_immune05_514584,normal_NMPR,EMT_NMPR,0.181510469334288,Unipotent,NMPR,Tumor_epithelial_EMT
BD_immune05_833846,normal_NMPR,EMT_NMPR,0.0586589201781221,Differentiated,NMPR,Tumor_epithelial_EMT
BD_immune05_320855,normal_NMPR,EMT_NMPR,0.0888630410960114,Differentiated,NMPR,Tumor_epithelial_EMT
BD_immune05_262380,normal_NMPR,EMT_NMPR,0.0468239347695845,Differentiated,NMPR,Tumor_epithelial_EMT
BD_immune05_650220,normal_NMPR,EMT_NMPR,0.0848312852890858,Differentiated,NMPR,Tumor_epithelial_EMT
BD_immune05_838994,normal_NMPR,EMT_NMPR,0.0761307471935227,Differentiated,NMPR,Tumor_epithelial_EMT
BD_immune05_598041,normal_NMPR,EMT_NMPR,0.0935129978803477,Differentiated,NMPR,Tumor_epithelial_EMT
BD_immune05_764716,normal_NMPR,EMT_NMPR,0.105551230133839,Differentiated,NMPR,Tumor_epithelial_EMT
BD_immune05_22923,normal_NMPR,EMT_NMPR,0.114057092704534,Differentiated,NMPR,Tumor_epithelial_EMT
BD_immune05_691917,normal_NMPR,EMT_NMPR,0.121408875747922,Differentiated,NMPR,Tumor_epithelial_EMT
BD_immune05_90543,normal_NMPR,EMT_NMPR,0.190496867272424,Unipotent,NMPR,Tumor_epithelial_EMT
BD_immune05_184138,normal_NMPR,EMT_NMPR,0.0939838433544246,Differentiated,NMPR,Tumor_epithelial_EMT
BD_immune05_671601,normal_NMPR,EMT_NMPR,0.327301481348017,Unipotent,NMPR,Tumor_epithelial_EMT
BD_immune05_169642,normal_NMPR,EMT_NMPR,0.0877634502759996,Differentiated,NMPR,Tumor_epithelial_EMT
BD_immune05_538019,normal_NMPR,EMT_NMPR,0.111973434798812,Differentiated,NMPR,Tumor_epithelial_EMT
BD_immune05_418346,normal_NMPR,EMT_NMPR,0.0942859903976261,Differentiated,NMPR,Tumor_epithelial_EMT
BD_immune05_173146,normal_NMPR,EMT_NMPR,0.145295668968302,Differentiated,NMPR,Tumor_epithelial_EMT
BD_immune05_307129,normal_NMPR,EMT_NMPR,0.114448288161536,Differentiated,NMPR,Tumor_epithelial_EMT
BD_immune05_850322,normal_NMPR,EMT_NMPR,0.0785955316383509,Differentiated,NMPR,Tumor_epithelial_EMT
BD_immune05_277873,normal_NMPR,EMT_NMPR,0.107441229653802,Differentiated,NMPR,Tumor_epithelial_EMT
BD_immune05_710729,normal_NMPR,EMT_NMPR,0.135566438822617,Differentiated,NMPR,Tumor_epithelial_EMT
BD_immune05_446699,normal_NMPR,EMT_NMPR,0.13314533991834,Differentiated,NMPR,Tumor_epithelial_EMT
BD_immune05_273701,normal_NMPR,EMT_NMPR,0.101075044997043,Differentiated,NMPR,Tumor_epithelial_EMT
BD_immune05_668157,normal_NMPR,EMT_NMPR,0.0954507054839015,Differentiated,NMPR,Tumor_epithelial_EMT
BD_immune05_703503,normal_NMPR,EMT_NMPR,0.118294053758278,Differentiated,NMPR,Tumor_epithelial_EMT
BD_immune05_297239,normal_NMPR,EMT_NMPR,0.126562101340082,Differentiated,NMPR,Tumor_epithelial_EMT
BD_immune05_477056,normal_NMPR,EMT_NMPR,0.079283333454402,Differentiated,NMPR,Tumor_epithelial_EMT
BD_immune05_303871,normal_NMPR,EMT_NMPR,0.112531482516657,Differentiated,NMPR,Tumor_epithelial_EMT
BD_immune05_823914,normal_NMPR,EMT_NMPR,0.0674463258420455,Differentiated,NMPR,Tumor_epithelial_EMT
BD_immune05_663219,normal_NMPR,EMT_NMPR,0.0938415663210332,Differentiated,NMPR,Tumor_epithelial_EMT
BD_immune05_106560,normal_NMPR,EMT_NMPR,0.0997774314978677,Differentiated,NMPR,Tumor_epithelial_EMT
BD_immune05_660741,normal_NMPR,EMT_NMPR,0.0920251193359941,Differentiated,NMPR,Tumor_epithelial_EMT
BD_immune05_501126,normal_NMPR,EMT_NMPR,0.181014791452125,Unipotent,NMPR,Tumor_epithelial_EMT
BD_immune05_157276,normal_NMPR,EMT_NMPR,0.059702927261734,Differentiated,NMPR,Tumor_epithelial_EMT
BD_immune05_446112,normal_NMPR,EMT_NMPR,0.0726312415645652,Differentiated,NMPR,Tumor_epithelial_EMT
BD_immune05_819383,normal_NMPR,EMT_NMPR,0.0905274508484405,Differentiated,NMPR,Tumor_epithelial_EMT
BD_immune05_592285,normal_NMPR,EMT_NMPR,0.123712208691666,Differentiated,NMPR,Tumor_epithelial_EMT
BD_immune05_395631,normal_NMPR,EMT_NMPR,0.243849265990131,Unipotent,NMPR,Tumor_epithelial_EMT
BD_immune05_302266,normal_NMPR,EMT_NMPR,0.0654066042855037,Differentiated,NMPR,Tumor_epithelial_EMT
BD_immune05_585897,normal_NMPR,EMT_NMPR,0.0764164550010582,Differentiated,NMPR,Tumor_epithelial_EMT
BD_immune05_214949,normal_NMPR,EMT_NMPR,0.042578402709495,Differentiated,NMPR,Tumor_epithelial_EMT
BD_immune05_362051,normal_NMPR,EMT_NMPR,0.103648010569511,Differentiated,NMPR,Tumor_epithelial_EMT
BD_immune05_40311,normal_NMPR,EMT_NMPR,0.0963970426609485,Differentiated,NMPR,Tumor_epithelial_EMT
BD_immune05_537342,normal_NMPR,EMT_NMPR,0.130016347211353,Differentiated,NMPR,Tumor_epithelial_EMT
BD_immune05_732926,normal_NMPR,EMT_NMPR,0.0897421614316233,Differentiated,NMPR,Tumor_epithelial_EMT
BD_immune05_583479,normal_NMPR,EMT_NMPR,0.124768603357644,Differentiated,NMPR,Tumor_epithelial_EMT
BD_immune05_600167,normal_NMPR,EMT_NMPR,0.10025604517076,Differentiated,NMPR,Tumor_epithelial_EMT
BD_immune05_538957,normal_NMPR,EMT_NMPR,0.215378467221749,Unipotent,NMPR,Tumor_epithelial_EMT
BD_immune05_55055,normal_NMPR,EMT_NMPR,0.0871603597784383,Differentiated,NMPR,Tumor_epithelial_EMT
BD_immune05_763319,normal_NMPR,EMT_NMPR,0.0395324977458029,Differentiated,NMPR,Tumor_epithelial_EMT
BD_immune05_375811,normal_NMPR,EMT_NMPR,0.179961703937919,Unipotent,NMPR,Tumor_epithelial_EMT
BD_immune05_626924,normal_NMPR,EMT_NMPR,0.097661891434611,Differentiated,NMPR,Tumor_epithelial_EMT
BD_immune05_823370,normal_NMPR,EMT_NMPR,0.232193960779362,Unipotent,NMPR,Tumor_epithelial_EMT
BD_immune05_708090,normal_NMPR,EMT_NMPR,0.117977757028093,Differentiated,NMPR,Tumor_epithelial_EMT
BD_immune05_447927,normal_NMPR,EMT_NMPR,0.175885334182602,Unipotent,NMPR,Tumor_epithelial_EMT
BD_immune05_200127,normal_NMPR,EMT_NMPR,0.259088844896454,Unipotent,NMPR,Tumor_epithelial_EMT
BD_immune05_290984,normal_NMPR,EMT_NMPR,0.238011790422489,Unipotent,NMPR,Tumor_epithelial_EMT
BD_immune05_827887,normal_NMPR,EMT_NMPR,0.101355165551036,Differentiated,NMPR,Tumor_epithelial_EMT
BD_immune05_816152,normal_NMPR,EMT_NMPR,0.0944295534194977,Differentiated,NMPR,Tumor_epithelial_EMT
BD_immune05_529407,normal_NMPR,EMT_NMPR,0.12354057392051,Differentiated,NMPR,Tumor_epithelial_EMT
BD_immune05_288352,normal_NMPR,EMT_NMPR,0.0990406566233878,Differentiated,NMPR,Tumor_epithelial_EMT
BD_immune05_819695,normal_NMPR,EMT_NMPR,0.118786949423062,Differentiated,NMPR,Tumor_epithelial_EMT
BD_immune05_477714,normal_NMPR,EMT_NMPR,0.102540849156092,Differentiated,NMPR,Tumor_epithelial_EMT
BD_immune05_304236,normal_NMPR,EMT_NMPR,0.150682213978801,Differentiated,NMPR,Tumor_epithelial_EMT
BD_immune05_293286,normal_NMPR,EMT_NMPR,0.118878633714649,Differentiated,NMPR,Tumor_epithelial_EMT
BD_immune05_381963,normal_NMPR,EMT_NMPR,0.171576147787746,Unipotent,NMPR,Tumor_epithelial_EMT
BD_immune05_640020,normal_NMPR,normal_NMPR,0.0890426740864269,Differentiated,NMPR,Tumor_epithelial_AT2
BD_immune05_760782,normal_NMPR,EMT_NMPR,0.331763512224458,Unipotent,NMPR,Tumor_epithelial_EMT
BD_immune05_503279,normal_NMPR,EMT_NMPR,0.103709620080194,Differentiated,NMPR,Tumor_epithelial_EMT
BD_immune05_193790,normal_NMPR,EMT_NMPR,0.0476315420364997,Differentiated,NMPR,Tumor_epithelial_EMT
BD_immune05_665215,normal_NMPR,EMT_NMPR,0.124986127970235,Differentiated,NMPR,Tumor_epithelial_EMT
BD_immune05_51036,normal_NMPR,EMT_NMPR,0.0769210644369882,Differentiated,NMPR,Tumor_epithelial_EMT
BD_immune05_257048,normal_NMPR,EMT_NMPR,0.103959625837071,Differentiated,NMPR,Tumor_epithelial_EMT
BD_immune05_212316,normal_NMPR,EMT_NMPR,0.0450797500575153,Differentiated,NMPR,Tumor_epithelial_EMT
BD_immune05_190855,normal_NMPR,EMT_NMPR,0.112388389001719,Differentiated,NMPR,Tumor_epithelial_EMT
BD_immune05_296357,normal_NMPR,EMT_NMPR,0.0999046596697888,Differentiated,NMPR,Tumor_epithelial_EMT
BD_immune05_793775,normal_NMPR,normal_NMPR,0.0971375482922255,Differentiated,NMPR,Tumor_epithelial_AT2
BD_immune05_378377,normal_NMPR,EMT_NMPR,0.107065640028757,Differentiated,NMPR,Tumor_epithelial_EMT
BD_immune05_90487,normal_NMPR,EMT_NMPR,0.396962219896511,Oligopotent,NMPR,Tumor_epithelial_EMT
BD_immune05_72663,normal_NMPR,EMT_NMPR,0.100019151136471,Differentiated,NMPR,Tumor_epithelial_EMT
BD_immune05_69549,normal_NMPR,EMT_NMPR,0.0477788313056108,Differentiated,NMPR,Tumor_epithelial_EMT
BD_immune05_876895,normal_NMPR,EMT_NMPR,0.196088046781845,Unipotent,NMPR,Tumor_epithelial_EMT
BD_immune05_365725,normal_NMPR,EMT_NMPR,0.192871553332546,Unipotent,NMPR,Tumor_epithelial_EMT
BD_immune05_500690,normal_NMPR,EMT_NMPR,0.293462360622528,Unipotent,NMPR,Tumor_epithelial_EMT
BD_immune05_699719,normal_NMPR,EMT_NMPR,0.0687448417882299,Differentiated,NMPR,Tumor_epithelial_EMT
BD_immune05_292644,normal_NMPR,EMT_NMPR,0.169980343172683,Unipotent,NMPR,Tumor_epithelial_EMT
BD_immune05_314080,normal_NMPR,EMT_NMPR,0.124522173587248,Differentiated,NMPR,Tumor_epithelial_EMT
BD_immune05_81529,normal_NMPR,EMT_NMPR,0.235283580804682,Unipotent,NMPR,Tumor_epithelial_EMT
BD_immune05_839810,normal_NMPR,EMT_NMPR,0.0898547831851862,Differentiated,NMPR,Tumor_epithelial_EMT
BD_immune05_714154,normal_NMPR,EMT_NMPR,0.112772046564527,Differentiated,NMPR,Tumor_epithelial_EMT
BD_immune05_838683,normal_NMPR,EMT_NMPR,0.11661517195212,Differentiated,NMPR,Tumor_epithelial_EMT
BD_immune05_741080,normal_NMPR,EMT_NMPR,0.104908948372834,Differentiated,NMPR,Tumor_epithelial_EMT
BD_immune05_876226,normal_NMPR,EMT_NMPR,0.184914780486793,Unipotent,NMPR,Tumor_epithelial_EMT
BD_immune05_364945,normal_NMPR,EMT_NMPR,0.265491838915903,Unipotent,NMPR,Tumor_epithelial_EMT
BD_immune05_701228,normal_NMPR,EMT_NMPR,0.0535661823518518,Differentiated,NMPR,Tumor_epithelial_EMT
BD_immune05_781805,normal_NMPR,EMT_NMPR,0.247510656680031,Unipotent,NMPR,Tumor_epithelial_EMT
BD_immune05_635245,normal_NMPR,EMT_NMPR,0.117108585058447,Differentiated,NMPR,Tumor_epithelial_EMT
BD_immune05_782078,normal_NMPR,EMT_NMPR,0.128979009660513,Differentiated,NMPR,Tumor_epithelial_EMT
BD_immune05_314927,normal_NMPR,EMT_NMPR,0.303968394403594,Unipotent,NMPR,Tumor_epithelial_EMT
BD_immune05_873738,normal_NMPR,EMT_NMPR,0.191817216236403,Unipotent,NMPR,Tumor_epithelial_EMT
BD_immune05_547391,normal_NMPR,EMT_NMPR,0.0896413627500991,Differentiated,NMPR,Tumor_epithelial_EMT
BD_immune05_278123,normal_NMPR,EMT_NMPR,0.141007930817081,Differentiated,NMPR,Tumor_epithelial_EMT
BD_immune05_59440,normal_NMPR,EMT_NMPR,0.0694979913207103,Differentiated,NMPR,Tumor_epithelial_EMT
BD_immune05_355383,normal_NMPR,EMT_NMPR,0.0971814022180823,Differentiated,NMPR,Tumor_epithelial_EMT
BD_immune05_642267,normal_NMPR,EMT_NMPR,0.113931264118509,Differentiated,NMPR,Tumor_epithelial_EMT
BD_immune05_235272,normal_NMPR,EMT_NMPR,0.339300814336782,Oligopotent,NMPR,Tumor_epithelial_EMT
BD_immune05_679249,normal_NMPR,EMT_NMPR,0.113102878056926,Differentiated,NMPR,Tumor_epithelial_EMT
BD_immune05_271970,normal_NMPR,EMT_NMPR,0.0340562648520961,Differentiated,NMPR,Tumor_epithelial_EMT
BD_immune05_6447,normal_NMPR,EMT_NMPR,0.0518798629926687,Differentiated,NMPR,Tumor_epithelial_EMT
BD_immune05_486182,normal_NMPR,EMT_NMPR,0.0717896417175088,Differentiated,NMPR,Tumor_epithelial_EMT
BD_immune05_641948,normal_NMPR,EMT_NMPR,0.122765329378707,Differentiated,NMPR,Tumor_epithelial_EMT
BD_immune05_234693,normal_NMPR,EMT_NMPR,0.0889380349292455,Differentiated,NMPR,Tumor_epithelial_EMT
BD_immune05_310782,normal_NMPR,EMT_NMPR,0.0873352500759177,Differentiated,NMPR,Tumor_epithelial_EMT
BD_immune05_570272,normal_NMPR,EMT_NMPR,0.107032718477991,Differentiated,NMPR,Tumor_epithelial_EMT
BD_immune05_46616,normal_NMPR,EMT_NMPR,0.153004069145082,Differentiated,NMPR,Tumor_epithelial_EMT
BD_immune05_174181,normal_NMPR,EMT_NMPR,0.244783035743987,Unipotent,NMPR,Tumor_epithelial_EMT
BD_immune05_221516,normal_NMPR,EMT_NMPR,0.285814703152144,Unipotent,NMPR,Tumor_epithelial_EMT
BD_immune05_770570,normal_NMPR,EMT_NMPR,0.193102133272189,Unipotent,NMPR,Tumor_epithelial_EMT
BD_immune05_236508,normal_NMPR,EMT_NMPR,0.129629324980922,Differentiated,NMPR,Tumor_epithelial_EMT
BD_immune05_275633,normal_NMPR,EMT_NMPR,0.214377297078533,Unipotent,NMPR,Tumor_epithelial_EMT
BD_immune05_581922,normal_NMPR,EMT_NMPR,0.219033688244529,Unipotent,NMPR,Tumor_epithelial_EMT
BD_immune05_365960,normal_NMPR,EMT_NMPR,0.228510286125995,Unipotent,NMPR,Tumor_epithelial_EMT
BD_immune05_84883,normal_NMPR,EMT_NMPR,0.267443556706273,Unipotent,NMPR,Tumor_epithelial_EMT
BD_immune05_816545,normal_NMPR,EMT_NMPR,0.149245915830501,Differentiated,NMPR,Tumor_epithelial_EMT
BD_immune05_102886,normal_NMPR,EMT_NMPR,0.0762390058202885,Differentiated,NMPR,Tumor_epithelial_EMT
BD_immune05_315965,normal_NMPR,EMT_NMPR,0.242729422415127,Unipotent,NMPR,Tumor_epithelial_EMT
BD_immune05_43958,normal_NMPR,EMT_NMPR,0.134787264938446,Differentiated,NMPR,Tumor_epithelial_EMT
BD_immune05_12454,normal_NMPR,EMT_NMPR,0.171813595588966,Unipotent,NMPR,Tumor_epithelial_EMT
BD_immune05_381810,normal_NMPR,EMT_NMPR,0.215932488145896,Unipotent,NMPR,Tumor_epithelial_EMT
BD_immune05_66549,normal_NMPR,EMT_NMPR,0.213461901069763,Unipotent,NMPR,Tumor_epithelial_EMT
BD_immune05_852011,normal_NMPR,EMT_NMPR,0.271353529500385,Unipotent,NMPR,Tumor_epithelial_EMT
BD_immune05_203708,normal_NMPR,EMT_NMPR,0.084196829760609,Differentiated,NMPR,Tumor_epithelial_EMT
BD_immune05_269761,normal_NMPR,EMT_NMPR,0.1387410292617,Differentiated,NMPR,Tumor_epithelial_EMT
BD_immune05_752149,normal_NMPR,EMT_NMPR,0.248708727188318,Unipotent,NMPR,Tumor_epithelial_EMT
BD_immune05_64928,normal_NMPR,EMT_NMPR,0.204418256688259,Unipotent,NMPR,Tumor_epithelial_EMT
BD_immune05_361302,normal_NMPR,EMT_NMPR,0.23284379731994,Unipotent,NMPR,Tumor_epithelial_EMT
BD_immune05_413805,normal_NMPR,EMT_NMPR,0.139918709902047,Differentiated,NMPR,Tumor_epithelial_EMT
BD_immune05_526960,normal_NMPR,EMT_NMPR,0.10769037507066,Differentiated,NMPR,Tumor_epithelial_EMT
BD_immune05_778214,normal_NMPR,EMT_NMPR,0.0786998175950612,Differentiated,NMPR,Tumor_epithelial_EMT
BD_immune05_790875,normal_NMPR,EMT_NMPR,0.0910793985315322,Differentiated,NMPR,Tumor_epithelial_EMT
BD_immune05_98193,normal_NMPR,EMT_NMPR,0.0852270699091083,Differentiated,NMPR,Tumor_epithelial_EMT
BD_immune05_162617,normal_NMPR,EMT_NMPR,0.205523344434835,Unipotent,NMPR,Tumor_epithelial_EMT
BD_immune05_214752,normal_NMPR,EMT_NMPR,0.111498430478236,Differentiated,NMPR,Tumor_epithelial_EMT
BD_immune05_235065,normal_NMPR,EMT_NMPR,0.240969858806832,Unipotent,NMPR,Tumor_epithelial_EMT
BD_immune05_540570,normal_NMPR,normal_NMPR,0.0354126689642967,Differentiated,NMPR,Tumor_epithelial_AT2
BD_immune05_584725,normal_NMPR,EMT_NMPR,0.193772727542685,Unipotent,NMPR,Tumor_epithelial_EMT
BD_immune05_258158,normal_NMPR,EMT_NMPR,0.105852313634421,Differentiated,NMPR,Tumor_epithelial_EMT
BD_immune05_771504,normal_NMPR,EMT_NMPR,0.149512319929195,Differentiated,NMPR,Tumor_epithelial_EMT
BD_immune05_425010,normal_NMPR,EMT_NMPR,0.242834056238146,Unipotent,NMPR,Tumor_epithelial_EMT
BD_immune05_609515,normal_NMPR,EMT_NMPR,0.1396921783126,Differentiated,NMPR,Tumor_epithelial_EMT
BD_immune05_80017,normal_NMPR,EMT_NMPR,0.241777710352009,Unipotent,NMPR,Tumor_epithelial_EMT
BD_immune05_653260,normal_NMPR,EMT_NMPR,0.140466411392463,Differentiated,NMPR,Tumor_epithelial_EMT
BD_immune05_379782,normal_NMPR,EMT_NMPR,0.0669511228826306,Differentiated,NMPR,Tumor_epithelial_EMT
BD_immune05_424762,normal_NMPR,EMT_NMPR,0.138555573791681,Differentiated,NMPR,Tumor_epithelial_EMT
BD_immune05_140415,normal_NMPR,EMT_NMPR,0.141412997017983,Differentiated,NMPR,Tumor_epithelial_EMT
BD_immune05_734962,normal_NMPR,EMT_NMPR,0.210478500684288,Unipotent,NMPR,Tumor_epithelial_EMT
BD_immune05_105194,normal_NMPR,EMT_NMPR,0.253741376445315,Unipotent,NMPR,Tumor_epithelial_EMT
BD_immune05_667515,normal_NMPR,EMT_NMPR,0.401262919191895,Oligopotent,NMPR,Tumor_epithelial_EMT
BD_immune05_149553,normal_NMPR,EMT_NMPR,0.221671410230151,Unipotent,NMPR,Tumor_epithelial_EMT
BD_immune05_333788,normal_NMPR,EMT_NMPR,0.251838403586224,Unipotent,NMPR,Tumor_epithelial_EMT
BD_immune05_720297,normal_NMPR,EMT_NMPR,0.235849669307362,Unipotent,NMPR,Tumor_epithelial_EMT
BD_immune05_719760,normal_NMPR,EMT_NMPR,0.200627886506463,Unipotent,NMPR,Tumor_epithelial_EMT
BD_immune05_762473,normal_NMPR,EMT_NMPR,0.14961125516759,Differentiated,NMPR,Tumor_epithelial_EMT
BD_immune05_663671,normal_NMPR,EMT_NMPR,0.275708633449738,Unipotent,NMPR,Tumor_epithelial_EMT
BD_immune05_665921,normal_NMPR,EMT_NMPR,0.196735683137348,Unipotent,NMPR,Tumor_epithelial_EMT
BD_immune05_834074,normal_NMPR,EMT_NMPR,0.189518502236563,Unipotent,NMPR,Tumor_epithelial_EMT
BD_immune05_411107,normal_NMPR,EMT_NMPR,0.209507581294578,Unipotent,NMPR,Tumor_epithelial_EMT
BD_immune05_612426,normal_NMPR,EMT_NMPR,0.188924129269521,Unipotent,NMPR,Tumor_epithelial_EMT
BD_immune05_439908,normal_NMPR,EMT_NMPR,0.124946724750534,Differentiated,NMPR,Tumor_epithelial_EMT
BD_immune05_675778,normal_NMPR,EMT_NMPR,0.215177610600462,Unipotent,NMPR,Tumor_epithelial_EMT
BD_immune05_370010,normal_NMPR,EMT_NMPR,0.220910704874163,Unipotent,NMPR,Tumor_epithelial_EMT
BD_immune05_367236,normal_NMPR,EMT_NMPR,0.198663693281387,Unipotent,NMPR,Tumor_epithelial_EMT
BD_immune05_466147,normal_NMPR,EMT_NMPR,0.34754456884532,Oligopotent,NMPR,Tumor_epithelial_EMT
BD_immune05_493867,normal_NMPR,EMT_NMPR,0.285442409808335,Unipotent,NMPR,Tumor_epithelial_EMT
BD_immune05_2641,normal_NMPR,EMT_NMPR,0.16078806378657,Differentiated,NMPR,Tumor_epithelial_EMT
BD_immune05_358679,normal_NMPR,EMT_NMPR,0.129328629387946,Differentiated,NMPR,Tumor_epithelial_EMT
BD_immune05_655426,normal_NMPR,EMT_NMPR,0.228036014823016,Unipotent,NMPR,Tumor_epithelial_EMT
BD_immune05_57513,normal_NMPR,EMT_NMPR,0.229755440064529,Unipotent,NMPR,Tumor_epithelial_EMT
BD_immune05_130748,normal_NMPR,EMT_NMPR,0.251552369992266,Unipotent,NMPR,Tumor_epithelial_EMT
BD_immune05_769611,normal_NMPR,EMT_NMPR,0.117223726111195,Differentiated,NMPR,Tumor_epithelial_EMT
BD_immune05_33123,normal_NMPR,EMT_NMPR,0.278719370521386,Unipotent,NMPR,Tumor_epithelial_EMT
BD_immune05_605746,normal_NMPR,EMT_NMPR,0.0460017946936001,Differentiated,NMPR,Tumor_epithelial_EMT
BD_immune05_859593,normal_NMPR,EMT_NMPR,0.125133173502912,Differentiated,NMPR,Tumor_epithelial_EMT
BD_immune05_585956,normal_NMPR,EMT_NMPR,0.115634867676586,Differentiated,NMPR,Tumor_epithelial_EMT
BD_immune05_268133,normal_NMPR,EMT_NMPR,0.0691727890649651,Differentiated,NMPR,Tumor_epithelial_EMT
BD_immune05_706611,normal_NMPR,EMT_NMPR,0.12626077876462,Differentiated,NMPR,Tumor_epithelial_EMT
BD_immune05_777607,normal_NMPR,EMT_NMPR,0.227677324524456,Unipotent,NMPR,Tumor_epithelial_EMT
BD_immune05_519507,normal_NMPR,EMT_NMPR,0.216513643024903,Unipotent,NMPR,Tumor_epithelial_EMT
BD_immune05_777060,normal_NMPR,EMT_NMPR,0.272753894510531,Unipotent,NMPR,Tumor_epithelial_EMT
BD_immune05_740073,normal_NMPR,EMT_NMPR,0.176041351663874,Unipotent,NMPR,Tumor_epithelial_EMT
BD_immune05_815826,normal_NMPR,EMT_NMPR,0.273356717645599,Unipotent,NMPR,Tumor_epithelial_EMT
BD_immune05_70081,normal_NMPR,EMT_NMPR,0.206530584628646,Unipotent,NMPR,Tumor_epithelial_EMT
BD_immune05_457091,normal_NMPR,EMT_NMPR,0.11466261348332,Differentiated,NMPR,Tumor_epithelial_EMT
BD_immune05_487913,normal_NMPR,EMT_NMPR,0.151636878583142,Differentiated,NMPR,Tumor_epithelial_EMT
BD_immune05_145526,normal_NMPR,EMT_NMPR,0.213617046645726,Unipotent,NMPR,Tumor_epithelial_EMT
BD_immune05_702624,normal_NMPR,EMT_NMPR,0.0760251855083647,Differentiated,NMPR,Tumor_epithelial_EMT
BD_immune05_65315,normal_NMPR,EMT_NMPR,0.116008046232804,Differentiated,NMPR,Tumor_epithelial_EMT
BD_immune05_413747,normal_NMPR,EMT_NMPR,0.158557130219127,Differentiated,NMPR,Tumor_epithelial_EMT
BD_immune05_618781,normal_NMPR,EMT_NMPR,0.0991402551319137,Differentiated,NMPR,Tumor_epithelial_EMT
BD_immune05_320697,normal_NMPR,EMT_NMPR,0.248145228889397,Unipotent,NMPR,Tumor_epithelial_EMT
BD_immune05_817515,normal_NMPR,EMT_NMPR,0.197532575620358,Unipotent,NMPR,Tumor_epithelial_EMT
BD_immune05_583413,normal_NMPR,EMT_NMPR,0.140307080374053,Differentiated,NMPR,Tumor_epithelial_EMT
BD_immune05_827662,normal_NMPR,EMT_NMPR,0.299209250560697,Unipotent,NMPR,Tumor_epithelial_EMT
BD_immune05_323936,normal_NMPR,EMT_NMPR,0.350248394123462,Oligopotent,NMPR,Tumor_epithelial_EMT
BD_immune05_269155,normal_NMPR,EMT_NMPR,0.156903625075786,Differentiated,NMPR,Tumor_epithelial_EMT
BD_immune05_208721,normal_NMPR,EMT_NMPR,0.287078778133553,Unipotent,NMPR,Tumor_epithelial_EMT
BD_immune05_435072,normal_NMPR,EMT_NMPR,0.0947059755475579,Differentiated,NMPR,Tumor_epithelial_EMT
BD_immune05_804888,normal_NMPR,EMT_NMPR,0.151889622593192,Differentiated,NMPR,Tumor_epithelial_EMT
BD_immune05_864812,normal_NMPR,EMT_NMPR,0.0831954484452965,Differentiated,NMPR,Tumor_epithelial_EMT
BD_immune05_855879,normal_NMPR,EMT_NMPR,0.229760098721398,Unipotent,NMPR,Tumor_epithelial_EMT
BD_immune05_865017,normal_NMPR,EMT_NMPR,0.238000843137415,Unipotent,NMPR,Tumor_epithelial_EMT
BD_immune05_265746,normal_NMPR,EMT_NMPR,0.0847954386669744,Differentiated,NMPR,Tumor_epithelial_EMT
BD_immune05_144440,normal_NMPR,EMT_NMPR,0.299024403253391,Unipotent,NMPR,Tumor_epithelial_EMT
BD_immune05_205530,normal_NMPR,EMT_NMPR,0.219857580460032,Unipotent,NMPR,Tumor_epithelial_EMT
BD_immune05_311330,normal_NMPR,EMT_NMPR,0.324237230254086,Unipotent,NMPR,Tumor_epithelial_EMT
BD_immune05_841520,normal_NMPR,EMT_NMPR,0.281281531982822,Unipotent,NMPR,Tumor_epithelial_EMT
BD_immune05_97313,normal_NMPR,EMT_NMPR,0.246823391671335,Unipotent,NMPR,Tumor_epithelial_EMT
BD_immune05_782120,normal_NMPR,EMT_NMPR,0.255839438018778,Unipotent,NMPR,Tumor_epithelial_EMT
BD_immune05_97527,normal_NMPR,EMT_NMPR,0.133462991505028,Differentiated,NMPR,Tumor_epithelial_EMT
BD_immune05_119942,normal_NMPR,EMT_NMPR,0.283580813700237,Unipotent,NMPR,Tumor_epithelial_EMT
BD_immune05_398612,normal_NMPR,EMT_NMPR,0.10749013145009,Differentiated,NMPR,Tumor_epithelial_EMT
BD_immune05_224633,normal_NMPR,EMT_NMPR,0.191253965602103,Unipotent,NMPR,Tumor_epithelial_EMT
BD_immune05_341349,normal_NMPR,EMT_NMPR,0.131174733836101,Differentiated,NMPR,Tumor_epithelial_EMT
BD_immune05_798101,normal_NMPR,EMT_NMPR,0.120725793895067,Differentiated,NMPR,Tumor_epithelial_EMT
BD_immune05_281976,normal_NMPR,EMT_NMPR,0.272350216692523,Unipotent,NMPR,Tumor_epithelial_EMT
BD_immune05_583823,normal_NMPR,EMT_NMPR,0.141092938147166,Differentiated,NMPR,Tumor_epithelial_EMT
BD_immune05_48218,normal_NMPR,EMT_NMPR,0.182712231713165,Unipotent,NMPR,Tumor_epithelial_EMT
BD_immune05_254225,normal_NMPR,EMT_NMPR,0.22185922821836,Unipotent,NMPR,Tumor_epithelial_EMT
BD_immune05_379396,normal_NMPR,EMT_NMPR,0.387853352341153,Oligopotent,NMPR,Tumor_epithelial_EMT
BD_immune05_776755,normal_NMPR,EMT_NMPR,0.0756679301578813,Differentiated,NMPR,Tumor_epithelial_EMT
BD_immune05_883272,normal_NMPR,EMT_NMPR,0.154333448691211,Differentiated,NMPR,Tumor_epithelial_EMT
BD_immune05_709055,normal_NMPR,EMT_NMPR,0.123881149377089,Differentiated,NMPR,Tumor_epithelial_EMT
BD_immune05_494289,normal_NMPR,EMT_NMPR,0.294158051543396,Unipotent,NMPR,Tumor_epithelial_EMT
BD_immune05_223896,normal_NMPR,EMT_NMPR,0.0921815792167943,Differentiated,NMPR,Tumor_epithelial_EMT
BD_immune05_506657,normal_NMPR,EMT_NMPR,0.290377815244465,Unipotent,NMPR,Tumor_epithelial_EMT
BD_immune05_311950,normal_NMPR,EMT_NMPR,0.32077582224373,Unipotent,NMPR,Tumor_epithelial_EMT
BD_immune05_818556,normal_NMPR,EMT_NMPR,0.159930883544835,Differentiated,NMPR,Tumor_epithelial_EMT
BD_immune05_358583,normal_NMPR,EMT_NMPR,0.281882957828094,Unipotent,NMPR,Tumor_epithelial_EMT
BD_immune05_501019,normal_NMPR,EMT_NMPR,0.227670257472278,Unipotent,NMPR,Tumor_epithelial_EMT
BD_immune05_610755,normal_NMPR,EMT_NMPR,0.0985459201267715,Differentiated,NMPR,Tumor_epithelial_EMT
BD_immune05_752508,normal_NMPR,EMT_NMPR,0.062061801829147,Differentiated,NMPR,Tumor_epithelial_EMT
BD_immune05_319196,normal_NMPR,EMT_NMPR,0.261091332769329,Unipotent,NMPR,Tumor_epithelial_EMT
BD_immune05_313887,normal_NMPR,EMT_NMPR,0.245001984950516,Unipotent,NMPR,Tumor_epithelial_EMT
BD_immune05_722070,normal_NMPR,EMT_NMPR,0.189615566810416,Unipotent,NMPR,Tumor_epithelial_EMT
BD_immune05_606,normal_NMPR,EMT_NMPR,0.141110936030666,Differentiated,NMPR,Tumor_epithelial_EMT
BD_immune05_549328,normal_NMPR,EMT_NMPR,0.139966426143365,Differentiated,NMPR,Tumor_epithelial_EMT
BD_immune05_66698,normal_NMPR,EMT_NMPR,0.0365209822920614,Differentiated,NMPR,Tumor_epithelial_EMT
BD_immune05_60261,normal_NMPR,EMT_NMPR,0.217010871918811,Unipotent,NMPR,Tumor_epithelial_EMT
BD_immune05_722056,normal_NMPR,EMT_NMPR,0.107780121442591,Differentiated,NMPR,Tumor_epithelial_EMT
BD_immune05_550541,normal_NMPR,EMT_NMPR,0.387937074410904,Oligopotent,NMPR,Tumor_epithelial_EMT
BD_immune05_17405,normal_NMPR,EMT_NMPR,0.274079592917043,Unipotent,NMPR,Tumor_epithelial_EMT
BD_immune05_858345,normal_NMPR,EMT_NMPR,0.100649548194915,Differentiated,NMPR,Tumor_epithelial_EMT
BD_immune05_274077,normal_NMPR,EMT_NMPR,0.113810278702909,Differentiated,NMPR,Tumor_epithelial_EMT
BD_immune05_671715,normal_NMPR,EMT_NMPR,0.226351840741128,Unipotent,NMPR,Tumor_epithelial_EMT
BD_immune05_396787,normal_NMPR,EMT_NMPR,0.201853348976086,Unipotent,NMPR,Tumor_epithelial_EMT
BD_immune05_646273,normal_NMPR,EMT_NMPR,0.0755232558776311,Differentiated,NMPR,Tumor_epithelial_EMT
BD_immune05_113957,normal_NMPR,EMT_NMPR,0.261949839132526,Unipotent,NMPR,Tumor_epithelial_EMT
BD_immune05_312331,normal_NMPR,EMT_NMPR,0.138035072628793,Differentiated,NMPR,Tumor_epithelial_EMT
BD_immune05_786754,normal_NMPR,EMT_NMPR,0.179603269073433,Unipotent,NMPR,Tumor_epithelial_EMT
BD_immune05_23443,normal_NMPR,EMT_NMPR,0.250961529129842,Unipotent,NMPR,Tumor_epithelial_EMT
BD_immune05_497579,normal_NMPR,EMT_NMPR,0.122586576977155,Differentiated,NMPR,Tumor_epithelial_EMT
BD_immune05_318120,normal_NMPR,EMT_NMPR,0.185706298255833,Unipotent,NMPR,Tumor_epithelial_EMT
BD_immune05_217809,normal_NMPR,EMT_NMPR,0.0726542952536208,Differentiated,NMPR,Tumor_epithelial_EMT
BD_immune05_845582,normal_NMPR,EMT_NMPR,0.0970009161686645,Differentiated,NMPR,Tumor_epithelial_EMT
BD_immune05_652026,normal_NMPR,EMT_NMPR,0.186659004814962,Unipotent,NMPR,Tumor_epithelial_EMT
BD_immune05_758924,normal_NMPR,EMT_NMPR,0.310407258626767,Unipotent,NMPR,Tumor_epithelial_EMT
BD_immune05_183089,normal_NMPR,EMT_NMPR,0.0923129357910128,Differentiated,NMPR,Tumor_epithelial_EMT
BD_immune05_25321,normal_NMPR,EMT_NMPR,0.297663989733441,Unipotent,NMPR,Tumor_epithelial_EMT
BD_immune05_811047,normal_NMPR,EMT_NMPR,0.0896792808603765,Differentiated,NMPR,Tumor_epithelial_EMT
BD_immune05_799347,normal_NMPR,EMT_NMPR,0.0449417764786504,Differentiated,NMPR,Tumor_epithelial_EMT
BD_immune05_764376,normal_NMPR,EMT_NMPR,0.253118732190108,Unipotent,NMPR,Tumor_epithelial_EMT
BD_immune05_782981,normal_NMPR,EMT_NMPR,0.213170503223271,Unipotent,NMPR,Tumor_epithelial_EMT
BD_immune05_174218,normal_NMPR,EMT_NMPR,0.204819314657983,Unipotent,NMPR,Tumor_epithelial_EMT
BD_immune05_11097,normal_NMPR,EMT_NMPR,0.0924458865654043,Differentiated,NMPR,Tumor_epithelial_EMT
BD_immune05_403611,normal_NMPR,EMT_NMPR,0.197728841674131,Unipotent,NMPR,Tumor_epithelial_EMT
BD_immune05_537893,normal_NMPR,EMT_NMPR,0.168014560776351,Unipotent,NMPR,Tumor_epithelial_EMT
BD_immune05_504665,normal_NMPR,EMT_NMPR,0.0962948154624486,Differentiated,NMPR,Tumor_epithelial_EMT
BD_immune05_617783,normal_NMPR,EMT_NMPR,0.167538242126971,Unipotent,NMPR,Tumor_epithelial_EMT
BD_immune05_438537,normal_NMPR,EMT_NMPR,0.24322198396289,Unipotent,NMPR,Tumor_epithelial_EMT
BD_immune05_592248,normal_NMPR,EMT_NMPR,0.172645227252271,Unipotent,NMPR,Tumor_epithelial_EMT
BD_immune05_163692,normal_NMPR,EMT_NMPR,0.0987617566858909,Differentiated,NMPR,Tumor_epithelial_EMT
BD_immune05_848352,normal_NMPR,EMT_NMPR,0.0929434414052956,Differentiated,NMPR,Tumor_epithelial_EMT
BD_immune05_236789,normal_NMPR,EMT_NMPR,0.299270174151311,Unipotent,NMPR,Tumor_epithelial_EMT
BD_immune05_860119,normal_NMPR,EMT_NMPR,0.168003473648526,Unipotent,NMPR,Tumor_epithelial_EMT
BD_immune05_110755,normal_NMPR,EMT_NMPR,0.216913711365284,Unipotent,NMPR,Tumor_epithelial_EMT
BD_immune05_242540,normal_NMPR,EMT_NMPR,0.222781622276664,Unipotent,NMPR,Tumor_epithelial_EMT
BD_immune05_713195,normal_NMPR,EMT_NMPR,0.136913576962008,Differentiated,NMPR,Tumor_epithelial_EMT
BD_immune05_445976,normal_NMPR,EMT_NMPR,0.248247703028017,Unipotent,NMPR,Tumor_epithelial_EMT
BD_immune05_708673,normal_NMPR,EMT_NMPR,0.273309765477456,Unipotent,NMPR,Tumor_epithelial_EMT
BD_immune05_129540,normal_NMPR,EMT_NMPR,0.0791813178862614,Differentiated,NMPR,Tumor_epithelial_EMT
BD_immune05_286486,normal_NMPR,EMT_NMPR,0.0516606907850837,Differentiated,NMPR,Tumor_epithelial_EMT
BD_immune05_747010,normal_NMPR,EMT_NMPR,0.232177390923332,Unipotent,NMPR,Tumor_epithelial_EMT
BD_immune05_865500,normal_NMPR,EMT_NMPR,0.13191915012906,Differentiated,NMPR,Tumor_epithelial_EMT
BD_immune05_881733,normal_NMPR,EMT_NMPR,0.191348692521905,Unipotent,NMPR,Tumor_epithelial_EMT
BD_immune05_759693,normal_NMPR,EMT_NMPR,0.179746272082806,Unipotent,NMPR,Tumor_epithelial_EMT
BD_immune05_296647,normal_NMPR,EMT_NMPR,0.273637743094116,Unipotent,NMPR,Tumor_epithelial_EMT
BD_immune05_729252,normal_NMPR,EMT_NMPR,0.20641355927349,Unipotent,NMPR,Tumor_epithelial_EMT
BD_immune05_198682,normal_NMPR,EMT_NMPR,0.112775689131049,Differentiated,NMPR,Tumor_epithelial_EMT
BD_immune05_689802,normal_NMPR,EMT_NMPR,0.0451069532191398,Differentiated,NMPR,Tumor_epithelial_EMT
BD_immune05_731665,normal_NMPR,EMT_NMPR,0.29351211094685,Unipotent,NMPR,Tumor_epithelial_EMT
BD_immune05_728176,normal_NMPR,EMT_NMPR,0.159376900770516,Differentiated,NMPR,Tumor_epithelial_EMT
BD_immune05_116698,normal_NMPR,EMT_NMPR,0.0808296953995597,Differentiated,NMPR,Tumor_epithelial_EMT
BD_immune05_93198,normal_NMPR,EMT_NMPR,0.215257781437871,Unipotent,NMPR,Tumor_epithelial_EMT
BD_immune05_365084,normal_NMPR,EMT_NMPR,0.0775858047547123,Differentiated,NMPR,Tumor_epithelial_EMT
BD_immune05_826160,normal_NMPR,EMT_NMPR,0.26203542765304,Unipotent,NMPR,Tumor_epithelial_EMT
BD_immune05_780529,normal_NMPR,EMT_NMPR,0.157328316963361,Differentiated,NMPR,Tumor_epithelial_EMT
BD_immune05_805492,normal_NMPR,EMT_NMPR,0.254977144020944,Unipotent,NMPR,Tumor_epithelial_EMT
BD_immune05_770832,normal_NMPR,EMT_NMPR,0.270340988305349,Unipotent,NMPR,Tumor_epithelial_EMT
BD_immune05_225084,normal_NMPR,EMT_NMPR,0.256261088243791,Unipotent,NMPR,Tumor_epithelial_EMT
BD_immune05_65029,normal_NMPR,EMT_NMPR,0.1472198633715,Differentiated,NMPR,Tumor_epithelial_EMT
BD_immune05_686290,normal_NMPR,EMT_NMPR,0.0655101349306918,Differentiated,NMPR,Tumor_epithelial_EMT
BD_immune05_152146,normal_NMPR,EMT_NMPR,0.0412164917166396,Differentiated,NMPR,Tumor_epithelial_EMT
BD_immune05_169915,normal_NMPR,EMT_NMPR,0.135751126949427,Differentiated,NMPR,Tumor_epithelial_EMT
BD_immune05_441808,normal_NMPR,EMT_NMPR,0.332922332821488,Unipotent,NMPR,Tumor_epithelial_EMT
BD_immune05_313043,normal_NMPR,EMT_NMPR,0.225145678814486,Unipotent,NMPR,Tumor_epithelial_EMT
BD_immune05_873307,normal_NMPR,EMT_NMPR,0.154585680711119,Differentiated,NMPR,Tumor_epithelial_EMT
BD_immune05_852747,normal_NMPR,EMT_NMPR,0.0869981089062789,Differentiated,NMPR,Tumor_epithelial_EMT
BD_immune05_524488,normal_NMPR,EMT_NMPR,0.229949882225969,Unipotent,NMPR,Tumor_epithelial_EMT
BD_immune05_298562,normal_NMPR,EMT_NMPR,0.212827927484616,Unipotent,NMPR,Tumor_epithelial_EMT
BD_immune05_875017,normal_NMPR,EMT_NMPR,0.0843396630360736,Differentiated,NMPR,Tumor_epithelial_EMT
BD_immune05_708151,normal_NMPR,EMT_NMPR,0.188093421284053,Unipotent,NMPR,Tumor_epithelial_EMT
BD_immune05_833065,normal_NMPR,EMT_NMPR,0.090376116082837,Differentiated,NMPR,Tumor_epithelial_EMT
BD_immune05_450112,normal_NMPR,EMT_NMPR,0.192128571444792,Unipotent,NMPR,Tumor_epithelial_EMT
BD_immune05_553484,normal_NMPR,EMT_NMPR,0.204421200474324,Unipotent,NMPR,Tumor_epithelial_EMT
BD_immune05_583095,normal_NMPR,EMT_NMPR,0.102244114689909,Differentiated,NMPR,Tumor_epithelial_EMT
BD_immune05_408858,normal_NMPR,EMT_NMPR,0.198334836617371,Unipotent,NMPR,Tumor_epithelial_EMT
BD_immune05_880227,normal_NMPR,EMT_NMPR,0.213009094765956,Unipotent,NMPR,Tumor_epithelial_EMT
BD_immune05_769542,normal_NMPR,EMT_NMPR,0.127192392227316,Differentiated,NMPR,Tumor_epithelial_EMT
BD_immune05_16136,normal_NMPR,EMT_NMPR,0.0898379124254799,Differentiated,NMPR,Tumor_epithelial_EMT
BD_immune05_629920,normal_NMPR,EMT_NMPR,0.147504464163704,Differentiated,NMPR,Tumor_epithelial_EMT
BD_immune05_827897,normal_NMPR,EMT_NMPR,0.144268209831555,Differentiated,NMPR,Tumor_epithelial_EMT
BD_immune05_689853,normal_NMPR,EMT_NMPR,0.126282146078101,Differentiated,NMPR,Tumor_epithelial_EMT
BD_immune05_758375,normal_NMPR,EMT_NMPR,0.062569187488518,Differentiated,NMPR,Tumor_epithelial_EMT
BD_immune05_318967,normal_NMPR,EMT_NMPR,0.0665335141091106,Differentiated,NMPR,Tumor_epithelial_EMT
BD_immune05_489537,normal_NMPR,EMT_NMPR,0.100234295516091,Differentiated,NMPR,Tumor_epithelial_EMT
BD_immune05_228811,normal_NMPR,EMT_NMPR,0.0927313008397812,Differentiated,NMPR,Tumor_epithelial_EMT
BD_immune05_109515,normal_NMPR,EMT_NMPR,0.230923297285152,Unipotent,NMPR,Tumor_epithelial_EMT
BD_immune05_809570,normal_NMPR,EMT_NMPR,0.174568309297222,Unipotent,NMPR,Tumor_epithelial_EMT
BD_immune05_371026,normal_NMPR,EMT_NMPR,0.227250593555933,Unipotent,NMPR,Tumor_epithelial_EMT
BD_immune05_141585,normal_NMPR,EMT_NMPR,0.215987838689615,Unipotent,NMPR,Tumor_epithelial_EMT
BD_immune05_122765,normal_NMPR,EMT_NMPR,0.259446922363441,Unipotent,NMPR,Tumor_epithelial_EMT
BD_immune05_609454,normal_NMPR,EMT_NMPR,0.199738755562677,Unipotent,NMPR,Tumor_epithelial_EMT
BD_immune05_171593,normal_NMPR,EMT_NMPR,0.254959295994464,Unipotent,NMPR,Tumor_epithelial_EMT
BD_immune05_252272,normal_NMPR,EMT_NMPR,0.172320389541419,Unipotent,NMPR,Tumor_epithelial_EMT
BD_immune05_562703,normal_NMPR,EMT_NMPR,0.077852218512752,Differentiated,NMPR,Tumor_epithelial_EMT
BD_immune05_835667,normal_NMPR,EMT_NMPR,0.189826773071065,Unipotent,NMPR,Tumor_epithelial_EMT
BD_immune05_495441,normal_NMPR,EMT_NMPR,0.108905703165506,Differentiated,NMPR,Tumor_epithelial_EMT
BD_immune05_743822,normal_NMPR,EMT_NMPR,0.208143021728199,Unipotent,NMPR,Tumor_epithelial_EMT
BD_immune05_752689,normal_NMPR,EMT_NMPR,0.186870780643882,Unipotent,NMPR,Tumor_epithelial_EMT
BD_immune05_54186,normal_NMPR,EMT_NMPR,0.124683057337764,Differentiated,NMPR,Tumor_epithelial_EMT
BD_immune05_421886,normal_NMPR,EMT_NMPR,0.110740812293946,Differentiated,NMPR,Tumor_epithelial_EMT
BD_immune05_868268,normal_NMPR,EMT_NMPR,0.224632239136137,Unipotent,NMPR,Tumor_epithelial_EMT
BD_immune05_515371,normal_NMPR,EMT_NMPR,0.246058595264104,Unipotent,NMPR,Tumor_epithelial_EMT
BD_immune05_874261,normal_NMPR,EMT_NMPR,0.160261043672728,Differentiated,NMPR,Tumor_epithelial_EMT
BD_immune05_669257,normal_NMPR,EMT_NMPR,0.2197162104488,Unipotent,NMPR,Tumor_epithelial_EMT
BD_immune05_871766,normal_NMPR,EMT_NMPR,0.183170056930764,Unipotent,NMPR,Tumor_epithelial_EMT
BD_immune05_60789,normal_NMPR,EMT_NMPR,0.135651567597585,Differentiated,NMPR,Tumor_epithelial_EMT
BD_immune05_565498,normal_NMPR,EMT_NMPR,0.199574638808612,Unipotent,NMPR,Tumor_epithelial_EMT
BD_immune05_682846,normal_NMPR,EMT_NMPR,0.146775245717821,Differentiated,NMPR,Tumor_epithelial_EMT
BD_immune05_348363,normal_NMPR,EMT_NMPR,0.256284256985917,Unipotent,NMPR,Tumor_epithelial_EMT
BD_immune05_172186,normal_NMPR,EMT_NMPR,0.172668962140386,Unipotent,NMPR,Tumor_epithelial_EMT
BD_immune05_728079,normal_NMPR,EMT_NMPR,0.126884179934352,Differentiated,NMPR,Tumor_epithelial_EMT
BD_immune05_170399,normal_NMPR,EMT_NMPR,0.133739546597255,Differentiated,NMPR,Tumor_epithelial_EMT
BD_immune05_591519,normal_NMPR,EMT_NMPR,0.250573321223007,Unipotent,NMPR,Tumor_epithelial_EMT
BD_immune05_384262,normal_NMPR,EMT_NMPR,0.109414400268254,Differentiated,NMPR,Tumor_epithelial_EMT
BD_immune05_193929,normal_NMPR,EMT_NMPR,0.349849590835676,Oligopotent,NMPR,Tumor_epithelial_EMT
BD_immune05_468725,normal_NMPR,EMT_NMPR,0.130202302148088,Differentiated,NMPR,Tumor_epithelial_EMT
BD_immune05_840459,normal_NMPR,EMT_NMPR,0.250243714061483,Unipotent,NMPR,Tumor_epithelial_EMT
BD_immune05_757798,normal_NMPR,EMT_NMPR,0.208348028941362,Unipotent,NMPR,Tumor_epithelial_EMT
BD_immune05_410279,normal_NMPR,EMT_NMPR,0.092405830290124,Differentiated,NMPR,Tumor_epithelial_EMT
BD_immune05_147524,normal_NMPR,EMT_NMPR,0.348794105052744,Oligopotent,NMPR,Tumor_epithelial_EMT
BD_immune05_19005,normal_NMPR,EMT_NMPR,0.212602735923951,Unipotent,NMPR,Tumor_epithelial_EMT
BD_immune05_203619,normal_NMPR,EMT_NMPR,0.127635696952962,Differentiated,NMPR,Tumor_epithelial_EMT
BD_immune05_649143,normal_NMPR,EMT_NMPR,0.102434490308717,Differentiated,NMPR,Tumor_epithelial_EMT
BD_immune05_85286,normal_NMPR,EMT_NMPR,0.139203075824712,Differentiated,NMPR,Tumor_epithelial_EMT
BD_immune05_2841,normal_NMPR,EMT_NMPR,0.221040689449342,Unipotent,NMPR,Tumor_epithelial_EMT
BD_immune05_130082,normal_NMPR,EMT_NMPR,0.195361942078725,Unipotent,NMPR,Tumor_epithelial_EMT
BD_immune05_707176,normal_NMPR,EMT_NMPR,0.0642378794634232,Differentiated,NMPR,Tumor_epithelial_EMT
BD_immune05_722932,normal_NMPR,EMT_NMPR,0.191518036913653,Unipotent,NMPR,Tumor_epithelial_EMT
BD_immune05_839827,normal_NMPR,EMT_NMPR,0.226231635297191,Unipotent,NMPR,Tumor_epithelial_EMT
BD_immune05_176877,normal_NMPR,EMT_NMPR,0.0954891524527744,Differentiated,NMPR,Tumor_epithelial_EMT
BD_immune05_68825,normal_NMPR,EMT_NMPR,0.201513547827214,Unipotent,NMPR,Tumor_epithelial_EMT
BD_immune05_559746,normal_NMPR,EMT_NMPR,0.243644243008814,Unipotent,NMPR,Tumor_epithelial_EMT
BD_immune05_559083,normal_NMPR,EMT_NMPR,0.261907398938509,Unipotent,NMPR,Tumor_epithelial_EMT
BD_immune05_616496,normal_NMPR,EMT_NMPR,0.126637448247629,Differentiated,NMPR,Tumor_epithelial_EMT
BD_immune05_755697,normal_NMPR,EMT_NMPR,0.0636072046415,Differentiated,NMPR,Tumor_epithelial_EMT
BD_immune05_243382,normal_NMPR,EMT_NMPR,0.270532393402644,Unipotent,NMPR,Tumor_epithelial_EMT
BD_immune05_759718,normal_NMPR,EMT_NMPR,0.2405634436124,Unipotent,NMPR,Tumor_epithelial_EMT
BD_immune05_646693,normal_NMPR,EMT_NMPR,0.0714782848457907,Differentiated,NMPR,Tumor_epithelial_EMT
BD_immune05_591098,normal_NMPR,EMT_NMPR,0.149898200063812,Differentiated,NMPR,Tumor_epithelial_EMT
BD_immune05_1141,normal_NMPR,EMT_NMPR,0.310494332020678,Unipotent,NMPR,Tumor_epithelial_EMT
BD_immune05_576582,normal_NMPR,EMT_NMPR,0.275025548768693,Unipotent,NMPR,Tumor_epithelial_EMT
BD_immune05_538936,normal_NMPR,EMT_NMPR,0.200368639454084,Unipotent,NMPR,Tumor_epithelial_EMT
BD_immune05_668426,normal_NMPR,EMT_NMPR,0.266289456246401,Unipotent,NMPR,Tumor_epithelial_EMT
BD_immune05_359984,normal_NMPR,EMT_NMPR,0.120427989741568,Differentiated,NMPR,Tumor_epithelial_EMT
BD_immune05_726306,normal_NMPR,EMT_NMPR,0.0936626001607023,Differentiated,NMPR,Tumor_epithelial_EMT
BD_immune05_339269,normal_NMPR,EMT_NMPR,0.197330041876439,Unipotent,NMPR,Tumor_epithelial_EMT
BD_immune05_795873,normal_NMPR,EMT_NMPR,0.0900387099488181,Differentiated,NMPR,Tumor_epithelial_EMT
BD_immune05_730820,normal_NMPR,EMT_NMPR,0.253866895825083,Unipotent,NMPR,Tumor_epithelial_EMT
BD_immune05_258526,normal_NMPR,EMT_NMPR,0.11703099110516,Differentiated,NMPR,Tumor_epithelial_EMT
BD_immune05_41995,normal_NMPR,EMT_NMPR,0.240956865396275,Unipotent,NMPR,Tumor_epithelial_EMT
BD_immune05_273849,normal_NMPR,EMT_NMPR,0.268380063801582,Unipotent,NMPR,Tumor_epithelial_EMT
BD_immune05_196924,normal_NMPR,EMT_NMPR,0.204377728696976,Unipotent,NMPR,Tumor_epithelial_EMT
BD_immune05_871127,normal_NMPR,EMT_NMPR,0.232297395159912,Unipotent,NMPR,Tumor_epithelial_EMT
BD_immune05_213427,normal_NMPR,EMT_NMPR,0.173208211702277,Unipotent,NMPR,Tumor_epithelial_EMT
BD_immune05_614929,normal_NMPR,EMT_NMPR,0.087072920528623,Differentiated,NMPR,Tumor_epithelial_EMT
BD_immune05_176160,normal_NMPR,EMT_NMPR,0.178128360878905,Unipotent,NMPR,Tumor_epithelial_EMT
BD_immune05_773452,normal_NMPR,EMT_NMPR,0.104690343163372,Differentiated,NMPR,Tumor_epithelial_EMT
BD_immune05_466338,normal_NMPR,EMT_NMPR,0.209080793546473,Unipotent,NMPR,Tumor_epithelial_EMT
BD_immune05_488713,normal_NMPR,EMT_NMPR,0.0593830602363922,Differentiated,NMPR,Tumor_epithelial_EMT
BD_immune05_865426,normal_NMPR,EMT_NMPR,0.168515283332389,Unipotent,NMPR,Tumor_epithelial_EMT
BD_immune05_723327,normal_NMPR,EMT_NMPR,0.0778922622976744,Differentiated,NMPR,Tumor_epithelial_EMT
BD_immune05_587262,normal_NMPR,EMT_NMPR,0.0735406743287898,Differentiated,NMPR,Tumor_epithelial_EMT
BD_immune05_835950,normal_NMPR,EMT_NMPR,0.291546507307807,Unipotent,NMPR,Tumor_epithelial_EMT
BD_immune05_73240,normal_NMPR,EMT_NMPR,0.187267784083692,Unipotent,NMPR,Tumor_epithelial_EMT
BD_immune05_8868,normal_NMPR,EMT_NMPR,0.165594329761059,Differentiated,NMPR,Tumor_epithelial_EMT
BD_immune05_486677,normal_NMPR,EMT_NMPR,0.226401662745889,Unipotent,NMPR,Tumor_epithelial_EMT
BD_immune05_84751,normal_NMPR,EMT_NMPR,0.183647711882342,Unipotent,NMPR,Tumor_epithelial_EMT
BD_immune05_695966,normal_NMPR,EMT_NMPR,0.218076953756219,Unipotent,NMPR,Tumor_epithelial_EMT
BD_immune05_122968,normal_NMPR,EMT_NMPR,0.239061112018938,Unipotent,NMPR,Tumor_epithelial_EMT
BD_immune05_126670,normal_NMPR,EMT_NMPR,0.074361431931577,Differentiated,NMPR,Tumor_epithelial_EMT
BD_immune05_213830,normal_NMPR,EMT_NMPR,0.104562534162332,Differentiated,NMPR,Tumor_epithelial_EMT
BD_immune05_103282,normal_NMPR,EMT_NMPR,0.171127744254031,Unipotent,NMPR,Tumor_epithelial_EMT
BD_immune05_213329,normal_NMPR,EMT_NMPR,0.224451147823007,Unipotent,NMPR,Tumor_epithelial_EMT
BD_immune05_483680,normal_NMPR,EMT_NMPR,0.0676839311291992,Differentiated,NMPR,Tumor_epithelial_EMT
BD_immune05_150469,normal_NMPR,EMT_NMPR,0.0971234100079828,Differentiated,NMPR,Tumor_epithelial_EMT
BD_immune05_278271,normal_NMPR,EMT_NMPR,0.114971405893233,Differentiated,NMPR,Tumor_epithelial_EMT
BD_immune05_13833,normal_NMPR,EMT_NMPR,0.121463361984509,Differentiated,NMPR,Tumor_epithelial_EMT
BD_immune05_418693,normal_NMPR,EMT_NMPR,0.0937125155140516,Differentiated,NMPR,Tumor_epithelial_EMT
BD_immune05_389102,normal_NMPR,EMT_NMPR,0.242050481862874,Unipotent,NMPR,Tumor_epithelial_EMT
BD_immune05_120337,normal_NMPR,EMT_NMPR,0.238723072679253,Unipotent,NMPR,Tumor_epithelial_EMT
BD_immune05_699139,normal_NMPR,EMT_NMPR,0.175790036666173,Unipotent,NMPR,Tumor_epithelial_EMT
BD_immune05_241599,normal_NMPR,EMT_NMPR,0.159020623644859,Differentiated,NMPR,Tumor_epithelial_EMT
BD_immune05_311440,normal_NMPR,EMT_NMPR,0.135345444406505,Differentiated,NMPR,Tumor_epithelial_EMT
BD_immune05_692314,normal_NMPR,EMT_NMPR,0.136411102078973,Differentiated,NMPR,Tumor_epithelial_EMT
BD_immune05_737167,normal_NMPR,EMT_NMPR,0.172289732583149,Unipotent,NMPR,Tumor_epithelial_EMT
BD_immune05_120270,normal_NMPR,EMT_NMPR,0.0425787308708578,Differentiated,NMPR,Tumor_epithelial_EMT
BD_immune05_627090,normal_NMPR,EMT_NMPR,0.148437095022933,Differentiated,NMPR,Tumor_epithelial_EMT
BD_immune05_781542,normal_NMPR,EMT_NMPR,0.281296774650597,Unipotent,NMPR,Tumor_epithelial_EMT
BD_immune05_167424,normal_NMPR,EMT_NMPR,0.28549972041618,Unipotent,NMPR,Tumor_epithelial_EMT
BD_immune05_320521,normal_NMPR,EMT_NMPR,0.223640291546895,Unipotent,NMPR,Tumor_epithelial_EMT
BD_immune05_75742,normal_NMPR,EMT_NMPR,0.125506980069642,Differentiated,NMPR,Tumor_epithelial_EMT
BD_immune05_734897,normal_NMPR,EMT_NMPR,0.274965108035577,Unipotent,NMPR,Tumor_epithelial_EMT
BD_immune05_187281,normal_NMPR,EMT_NMPR,0.270336454896739,Unipotent,NMPR,Tumor_epithelial_EMT
BD_immune05_847441,normal_NMPR,EMT_NMPR,0.13394446297601,Differentiated,NMPR,Tumor_epithelial_EMT
BD_immune05_764571,normal_NMPR,EMT_NMPR,0.100495057541623,Differentiated,NMPR,Tumor_epithelial_EMT
BD_immune05_73578,normal_NMPR,EMT_NMPR,0.0918958510486901,Differentiated,NMPR,Tumor_epithelial_EMT
BD_immune05_448966,normal_NMPR,EMT_NMPR,0.0936201978450196,Differentiated,NMPR,Tumor_epithelial_EMT
BD_immune05_400784,normal_NMPR,EMT_NMPR,0.123280717318365,Differentiated,NMPR,Tumor_epithelial_EMT
BD_immune05_711111,normal_NMPR,EMT_NMPR,0.21827558114278,Unipotent,NMPR,Tumor_epithelial_EMT
BD_immune05_120306,normal_NMPR,EMT_NMPR,0.13197820863101,Differentiated,NMPR,Tumor_epithelial_EMT
BD_immune05_596956,normal_NMPR,EMT_NMPR,0.140008773865228,Differentiated,NMPR,Tumor_epithelial_EMT
BD_immune05_828669,normal_NMPR,EMT_NMPR,0.224503730196331,Unipotent,NMPR,Tumor_epithelial_EMT
BD_immune05_607771,normal_NMPR,EMT_NMPR,0.138737071443642,Differentiated,NMPR,Tumor_epithelial_EMT
BD_immune05_209315,normal_NMPR,EMT_NMPR,0.227547327284574,Unipotent,NMPR,Tumor_epithelial_EMT
BD_immune05_304841,normal_NMPR,EMT_NMPR,0.078953230576332,Differentiated,NMPR,Tumor_epithelial_EMT
BD_immune05_776717,normal_NMPR,EMT_NMPR,0.0579463452184069,Differentiated,NMPR,Tumor_epithelial_EMT
BD_immune05_497384,normal_NMPR,EMT_NMPR,0.208223746327709,Unipotent,NMPR,Tumor_epithelial_EMT
BD_immune05_485031,normal_NMPR,EMT_NMPR,0.23736289375368,Unipotent,NMPR,Tumor_epithelial_EMT
BD_immune05_298741,normal_NMPR,EMT_NMPR,0.202448891966402,Unipotent,NMPR,Tumor_epithelial_EMT
BD_immune05_123694,normal_NMPR,EMT_NMPR,0.0781110335629073,Differentiated,NMPR,Tumor_epithelial_EMT
BD_immune05_50189,normal_NMPR,EMT_NMPR,0.18832211954495,Unipotent,NMPR,Tumor_epithelial_EMT
BD_immune05_554554,normal_NMPR,EMT_NMPR,0.0810678338636727,Differentiated,NMPR,Tumor_epithelial_EMT
BD_immune05_86144,normal_NMPR,EMT_NMPR,0.276045150035637,Unipotent,NMPR,Tumor_epithelial_EMT
BD_immune05_400789,normal_NMPR,EMT_NMPR,0.172910433762423,Unipotent,NMPR,Tumor_epithelial_EMT
BD_immune05_412616,normal_NMPR,EMT_NMPR,0.0765227776799508,Differentiated,NMPR,Tumor_epithelial_EMT
BD_immune05_606659,normal_NMPR,EMT_NMPR,0.159020755956888,Differentiated,NMPR,Tumor_epithelial_EMT
BD_immune05_753121,normal_NMPR,EMT_NMPR,0.0602999497286765,Differentiated,NMPR,Tumor_epithelial_EMT
BD_immune05_580395,normal_NMPR,EMT_NMPR,0.0925576315587008,Differentiated,NMPR,Tumor_epithelial_EMT
BD_immune05_261839,normal_NMPR,EMT_NMPR,0.0816400570074013,Differentiated,NMPR,Tumor_epithelial_EMT
BD_immune05_689022,normal_NMPR,EMT_NMPR,0.0791516713847667,Differentiated,NMPR,Tumor_epithelial_EMT
BD_immune05_43764,normal_NMPR,EMT_NMPR,0.271204950324434,Unipotent,NMPR,Tumor_epithelial_EMT
BD_immune05_720028,normal_NMPR,EMT_NMPR,0.114142022657261,Differentiated,NMPR,Tumor_epithelial_EMT
BD_immune05_863181,normal_NMPR,EMT_NMPR,0.193768204449328,Unipotent,NMPR,Tumor_epithelial_EMT
BD_immune05_811451,normal_NMPR,EMT_NMPR,0.258623338091356,Unipotent,NMPR,Tumor_epithelial_EMT
BD_immune05_579881,normal_NMPR,EMT_NMPR,0.0801253338637037,Differentiated,NMPR,Tumor_epithelial_EMT
BD_immune05_117715,normal_NMPR,EMT_NMPR,0.209494436629652,Unipotent,NMPR,Tumor_epithelial_EMT
BD_immune05_569167,normal_NMPR,EMT_NMPR,0.069101316169215,Differentiated,NMPR,Tumor_epithelial_EMT
BD_immune05_106042,normal_NMPR,EMT_NMPR,0.193192099902782,Unipotent,NMPR,Tumor_epithelial_EMT
BD_immune05_196180,normal_NMPR,EMT_NMPR,0.149915133305888,Differentiated,NMPR,Tumor_epithelial_EMT
BD_immune05_15948,normal_NMPR,EMT_NMPR,0.217084864872417,Unipotent,NMPR,Tumor_epithelial_EMT
BD_immune05_604974,normal_NMPR,EMT_NMPR,0.154011547585912,Differentiated,NMPR,Tumor_epithelial_EMT
BD_immune05_40341,normal_NMPR,EMT_NMPR,0.15779838053205,Differentiated,NMPR,Tumor_epithelial_EMT
BD_immune05_615696,normal_NMPR,EMT_NMPR,0.116058722979647,Differentiated,NMPR,Tumor_epithelial_EMT
BD_immune05_267900,normal_NMPR,EMT_NMPR,0.200412969489129,Unipotent,NMPR,Tumor_epithelial_EMT
BD_immune05_402481,normal_NMPR,EMT_NMPR,0.13020162505848,Differentiated,NMPR,Tumor_epithelial_EMT
BD_immune05_260714,normal_NMPR,EMT_NMPR,0.235478738551027,Unipotent,NMPR,Tumor_epithelial_EMT
BD_immune05_590510,normal_NMPR,EMT_NMPR,0.259439847288788,Unipotent,NMPR,Tumor_epithelial_EMT
BD_immune05_487844,normal_NMPR,EMT_NMPR,0.10880932988834,Differentiated,NMPR,Tumor_epithelial_EMT
BD_immune05_816243,normal_NMPR,EMT_NMPR,0.256248816542687,Unipotent,NMPR,Tumor_epithelial_EMT
BD_immune05_845085,normal_NMPR,EMT_NMPR,0.210945048608201,Unipotent,NMPR,Tumor_epithelial_EMT
BD_immune05_543725,normal_NMPR,EMT_NMPR,0.234233168888059,Unipotent,NMPR,Tumor_epithelial_EMT
BD_immune05_267614,normal_NMPR,EMT_NMPR,0.275028499408261,Unipotent,NMPR,Tumor_epithelial_EMT
BD_immune05_116946,normal_NMPR,EMT_NMPR,0.183784848823987,Unipotent,NMPR,Tumor_epithelial_EMT
BD_immune05_406080,normal_NMPR,EMT_NMPR,0.0543337587618087,Differentiated,NMPR,Tumor_epithelial_EMT
BD_immune05_145310,normal_NMPR,EMT_NMPR,0.168287623426491,Unipotent,NMPR,Tumor_epithelial_EMT
BD_immune05_617954,normal_NMPR,EMT_NMPR,0.079066097901676,Differentiated,NMPR,Tumor_epithelial_EMT
BD_immune05_278796,normal_NMPR,EMT_NMPR,0.224469381575024,Unipotent,NMPR,Tumor_epithelial_EMT
BD_immune05_518104,normal_NMPR,EMT_NMPR,0.221004518233045,Unipotent,NMPR,Tumor_epithelial_EMT
BD_immune05_365618,normal_NMPR,EMT_NMPR,0.156208773711646,Differentiated,NMPR,Tumor_epithelial_EMT
BD_immune05_151699,normal_NMPR,EMT_NMPR,0.0973686458267782,Differentiated,NMPR,Tumor_epithelial_EMT
BD_immune05_6547,normal_NMPR,EMT_NMPR,0.125611300954843,Differentiated,NMPR,Tumor_epithelial_EMT
BD_immune05_240480,normal_NMPR,EMT_NMPR,0.183500213107209,Unipotent,NMPR,Tumor_epithelial_EMT
BD_immune05_580172,normal_NMPR,EMT_NMPR,0.227199543904288,Unipotent,NMPR,Tumor_epithelial_EMT
BD_immune05_86396,normal_NMPR,EMT_NMPR,0.101994258941446,Differentiated,NMPR,Tumor_epithelial_EMT
BD_immune05_173413,normal_NMPR,EMT_NMPR,0.271065744275501,Unipotent,NMPR,Tumor_epithelial_EMT
BD_immune05_463463,normal_NMPR,EMT_NMPR,0.187135364248555,Unipotent,NMPR,Tumor_epithelial_EMT
BD_immune05_560869,normal_NMPR,EMT_NMPR,0.232821895102592,Unipotent,NMPR,Tumor_epithelial_EMT
BD_immune05_582732,normal_NMPR,EMT_NMPR,0.234735817023365,Unipotent,NMPR,Tumor_epithelial_EMT
BD_immune05_63774,normal_NMPR,EMT_NMPR,0.258214462952883,Unipotent,NMPR,Tumor_epithelial_EMT
BD_immune05_83784,normal_NMPR,EMT_NMPR,0.189355652285358,Unipotent,NMPR,Tumor_epithelial_EMT
BD_immune05_587282,normal_NMPR,EMT_NMPR,0.219534443707296,Unipotent,NMPR,Tumor_epithelial_EMT
BD_immune05_275267,normal_NMPR,EMT_NMPR,0.0852447497407528,Differentiated,NMPR,Tumor_epithelial_EMT
BD_immune05_114067,normal_NMPR,EMT_NMPR,0.0692016645897375,Differentiated,NMPR,Tumor_epithelial_EMT
BD_immune05_368150,normal_NMPR,EMT_NMPR,0.215409999486262,Unipotent,NMPR,Tumor_epithelial_EMT
BD_immune05_259826,normal_NMPR,EMT_NMPR,0.0894834882369413,Differentiated,NMPR,Tumor_epithelial_EMT
BD_immune05_703901,normal_NMPR,EMT_NMPR,0.254207641609962,Unipotent,NMPR,Tumor_epithelial_EMT
BD_immune05_87379,normal_NMPR,EMT_NMPR,0.123492757522488,Differentiated,NMPR,Tumor_epithelial_EMT
BD_immune05_256645,normal_NMPR,EMT_NMPR,0.155062601584508,Differentiated,NMPR,Tumor_epithelial_EMT
BD_immune05_48207,normal_NMPR,EMT_NMPR,0.0676893904907612,Differentiated,NMPR,Tumor_epithelial_EMT
BD_immune05_825025,normal_NMPR,EMT_NMPR,0.15423209598048,Differentiated,NMPR,Tumor_epithelial_EMT
BD_immune05_782161,normal_NMPR,EMT_NMPR,0.086625475596612,Differentiated,NMPR,Tumor_epithelial_EMT
BD_immune05_845631,normal_NMPR,EMT_NMPR,0.11752224419214,Differentiated,NMPR,Tumor_epithelial_EMT
BD_immune05_90532,normal_NMPR,EMT_NMPR,0.0988585875516827,Differentiated,NMPR,Tumor_epithelial_EMT
BD_immune05_82710,normal_NMPR,EMT_NMPR,0.0754742668897316,Differentiated,NMPR,Tumor_epithelial_EMT
BD_immune05_125087,normal_NMPR,EMT_NMPR,0.0698637449299334,Differentiated,NMPR,Tumor_epithelial_EMT
BD_immune05_505345,normal_NMPR,EMT_NMPR,0.244357360553737,Unipotent,NMPR,Tumor_epithelial_EMT
BD_immune05_20023,normal_NMPR,EMT_NMPR,0.120789913589656,Differentiated,NMPR,Tumor_epithelial_EMT
BD_immune05_524227,normal_NMPR,EMT_NMPR,0.204498390756448,Unipotent,NMPR,Tumor_epithelial_EMT
BD_immune05_593460,normal_NMPR,EMT_NMPR,0.286057298339497,Unipotent,NMPR,Tumor_epithelial_EMT
BD_immune05_418559,normal_NMPR,EMT_NMPR,0.0989207387367025,Differentiated,NMPR,Tumor_epithelial_EMT
BD_immune05_81351,normal_NMPR,EMT_NMPR,0.235466978440685,Unipotent,NMPR,Tumor_epithelial_EMT
BD_immune05_484728,normal_NMPR,EMT_NMPR,0.0640227881725672,Differentiated,NMPR,Tumor_epithelial_EMT
BD_immune05_577591,normal_NMPR,EMT_NMPR,0.380149994067949,Oligopotent,NMPR,Tumor_epithelial_EMT
BD_immune05_881443,normal_NMPR,EMT_NMPR,0.0625417644758831,Differentiated,NMPR,Tumor_epithelial_EMT
BD_immune05_202969,normal_NMPR,EMT_NMPR,0.0709327150939314,Differentiated,NMPR,Tumor_epithelial_EMT
BD_immune05_671856,normal_NMPR,EMT_NMPR,0.10735251224075,Differentiated,NMPR,Tumor_epithelial_EMT
BD_immune05_10746,normal_NMPR,EMT_NMPR,0.174059551282921,Unipotent,NMPR,Tumor_epithelial_EMT
BD_immune05_35211,normal_NMPR,EMT_NMPR,0.102260109198096,Differentiated,NMPR,Tumor_epithelial_EMT
BD_immune05_142647,normal_NMPR,EMT_NMPR,0.105575224575024,Differentiated,NMPR,Tumor_epithelial_EMT
BD_immune05_499763,normal_NMPR,EMT_NMPR,0.142231948757961,Differentiated,NMPR,Tumor_epithelial_EMT
BD_immune05_59609,normal_NMPR,EMT_NMPR,0.108902733608455,Differentiated,NMPR,Tumor_epithelial_EMT
BD_immune05_157257,normal_NMPR,EMT_NMPR,0.211912125529408,Unipotent,NMPR,Tumor_epithelial_EMT
BD_immune05_177540,normal_NMPR,EMT_NMPR,0.18388468964417,Unipotent,NMPR,Tumor_epithelial_EMT
BD_immune05_358529,normal_NMPR,EMT_NMPR,0.0936710981970946,Differentiated,NMPR,Tumor_epithelial_EMT
BD_immune05_437003,normal_NMPR,EMT_NMPR,0.0482563668841994,Differentiated,NMPR,Tumor_epithelial_EMT
BD_immune05_781775,normal_NMPR,EMT_NMPR,0.128885218739403,Differentiated,NMPR,Tumor_epithelial_EMT
BD_immune05_550698,normal_NMPR,EMT_NMPR,0.054704970730177,Differentiated,NMPR,Tumor_epithelial_EMT
BD_immune05_239336,normal_NMPR,EMT_NMPR,0.0768881451243322,Differentiated,NMPR,Tumor_epithelial_EMT
BD_immune05_225629,normal_NMPR,EMT_NMPR,0.200265665735047,Unipotent,NMPR,Tumor_epithelial_EMT
BD_immune05_733410,normal_NMPR,EMT_NMPR,0.203522693803937,Unipotent,NMPR,Tumor_epithelial_EMT
BD_immune05_18326,normal_NMPR,EMT_NMPR,0.107111405719275,Differentiated,NMPR,Tumor_epithelial_EMT
BD_immune05_15532,normal_NMPR,EMT_NMPR,0.0530913166313492,Differentiated,NMPR,Tumor_epithelial_EMT
BD_immune05_149833,normal_NMPR,EMT_NMPR,0.0564315371209008,Differentiated,NMPR,Tumor_epithelial_EMT
BD_immune05_820201,normal_NMPR,EMT_NMPR,0.211527886684764,Unipotent,NMPR,Tumor_epithelial_EMT
BD_immune05_731032,normal_NMPR,EMT_NMPR,0.215007983850189,Unipotent,NMPR,Tumor_epithelial_EMT
BD_immune05_350786,normal_NMPR,EMT_NMPR,0.123055312663241,Differentiated,NMPR,Tumor_epithelial_EMT
BD_immune05_569452,normal_NMPR,EMT_NMPR,0.114275286276628,Differentiated,NMPR,Tumor_epithelial_EMT
BD_immune05_24104,normal_NMPR,EMT_NMPR,0.215919129514339,Unipotent,NMPR,Tumor_epithelial_EMT
BD_immune05_571024,normal_NMPR,EMT_NMPR,0.0662335309070542,Differentiated,NMPR,Tumor_epithelial_EMT
BD_immune05_781512,normal_NMPR,EMT_NMPR,0.12933383049094,Differentiated,NMPR,Tumor_epithelial_EMT
BD_immune05_161392,normal_NMPR,EMT_NMPR,0.134343776155979,Differentiated,NMPR,Tumor_epithelial_EMT
BD_immune05_592225,normal_NMPR,EMT_NMPR,0.0587936819942228,Differentiated,NMPR,Tumor_epithelial_EMT
BD_immune05_232040,normal_NMPR,EMT_NMPR,0.0440513688836441,Differentiated,NMPR,Tumor_epithelial_EMT
BD_immune05_333266,normal_NMPR,EMT_NMPR,0.148390945605731,Differentiated,NMPR,Tumor_epithelial_EMT
BD_immune05_81789,normal_NMPR,EMT_NMPR,0.249809570094986,Unipotent,NMPR,Tumor_epithelial_EMT
BD_immune05_610660,normal_NMPR,EMT_NMPR,0.106457402046044,Differentiated,NMPR,Tumor_epithelial_EMT
BD_immune05_457423,normal_NMPR,EMT_NMPR,0.197613539262317,Unipotent,NMPR,Tumor_epithelial_EMT
BD_immune05_125846,normal_NMPR,EMT_NMPR,0.145858028818138,Differentiated,NMPR,Tumor_epithelial_EMT
BD_immune05_706598,normal_NMPR,EMT_NMPR,0.173355406017718,Unipotent,NMPR,Tumor_epithelial_EMT
BD_immune05_433559,normal_NMPR,EMT_NMPR,0.10496926367131,Differentiated,NMPR,Tumor_epithelial_EMT
BD_immune05_774067,normal_NMPR,EMT_NMPR,0.180134054111856,Unipotent,NMPR,Tumor_epithelial_EMT
BD_immune05_412372,normal_NMPR,EMT_NMPR,0.0865673611653563,Differentiated,NMPR,Tumor_epithelial_EMT
BD_immune05_258178,normal_NMPR,EMT_NMPR,0.210502082670801,Unipotent,NMPR,Tumor_epithelial_EMT
BD_immune05_711515,normal_NMPR,EMT_NMPR,0.178879452212706,Unipotent,NMPR,Tumor_epithelial_EMT
BD_immune05_541181,normal_NMPR,EMT_NMPR,0.0896593714009702,Differentiated,NMPR,Tumor_epithelial_EMT
BD_immune05_20270,normal_NMPR,EMT_NMPR,0.0850985740418362,Differentiated,NMPR,Tumor_epithelial_EMT
BD_immune05_872406,normal_NMPR,EMT_NMPR,0.147266372426809,Differentiated,NMPR,Tumor_epithelial_EMT
BD_immune05_205459,normal_NMPR,EMT_NMPR,0.0744918683272167,Differentiated,NMPR,Tumor_epithelial_EMT
BD_immune05_27015,normal_NMPR,EMT_NMPR,0.0913393622909257,Differentiated,NMPR,Tumor_epithelial_EMT
BD_immune05_794973,normal_NMPR,EMT_NMPR,0.141611970275497,Differentiated,NMPR,Tumor_epithelial_EMT
BD_immune05_518014,normal_NMPR,EMT_NMPR,0.290041888770853,Unipotent,NMPR,Tumor_epithelial_EMT
BD_immune05_705964,normal_NMPR,EMT_NMPR,0.181014572695446,Unipotent,NMPR,Tumor_epithelial_EMT
BD_immune05_708462,normal_NMPR,EMT_NMPR,0.114029609652419,Differentiated,NMPR,Tumor_epithelial_EMT
BD_immune05_379887,normal_NMPR,EMT_NMPR,0.0796301762860881,Differentiated,NMPR,Tumor_epithelial_EMT
BD_immune05_622454,normal_NMPR,EMT_NMPR,0.188532302538751,Unipotent,NMPR,Tumor_epithelial_EMT
BD_immune05_273094,normal_NMPR,EMT_NMPR,0.173276767830173,Unipotent,NMPR,Tumor_epithelial_EMT
BD_immune05_182611,normal_NMPR,EMT_NMPR,0.137676101625125,Differentiated,NMPR,Tumor_epithelial_EMT
BD_immune05_312989,normal_NMPR,EMT_NMPR,0.164786420540094,Differentiated,NMPR,Tumor_epithelial_EMT
BD_immune05_68274,normal_NMPR,EMT_NMPR,0.284293424076405,Unipotent,NMPR,Tumor_epithelial_EMT
BD_immune05_798236,normal_NMPR,EMT_NMPR,0.275523833088358,Unipotent,NMPR,Tumor_epithelial_EMT
BD_immune05_364197,normal_NMPR,EMT_NMPR,0.103169379671232,Differentiated,NMPR,Tumor_epithelial_EMT
BD_immune05_806118,normal_NMPR,EMT_NMPR,0.0609344423643873,Differentiated,NMPR,Tumor_epithelial_EMT
BD_immune05_577415,normal_NMPR,EMT_NMPR,0.0951397313262212,Differentiated,NMPR,Tumor_epithelial_EMT
BD_immune05_321514,normal_NMPR,EMT_NMPR,0.0358012396613547,Differentiated,NMPR,Tumor_epithelial_EMT
BD_immune05_595985,normal_NMPR,EMT_NMPR,0.123160886821316,Differentiated,NMPR,Tumor_epithelial_EMT
BD_immune05_40147,normal_NMPR,EMT_NMPR,0.146681823593328,Differentiated,NMPR,Tumor_epithelial_EMT
BD_immune05_775741,normal_NMPR,EMT_NMPR,0.298423098023596,Unipotent,NMPR,Tumor_epithelial_EMT
BD_immune05_775556,normal_NMPR,EMT_NMPR,0.11664756515169,Differentiated,NMPR,Tumor_epithelial_EMT
BD_immune05_576612,normal_NMPR,EMT_NMPR,0.110841908247263,Differentiated,NMPR,Tumor_epithelial_EMT
BD_immune05_455021,normal_NMPR,EMT_NMPR,0.109414038436133,Differentiated,NMPR,Tumor_epithelial_EMT
BD_immune05_169930,normal_NMPR,EMT_NMPR,0.159191637454795,Differentiated,NMPR,Tumor_epithelial_EMT
BD_immune05_340423,normal_NMPR,EMT_NMPR,0.162852131669184,Differentiated,NMPR,Tumor_epithelial_EMT
BD_immune05_329336,normal_NMPR,EMT_NMPR,0.133152847269292,Differentiated,NMPR,Tumor_epithelial_EMT
BD_immune05_463992,normal_NMPR,EMT_NMPR,0.133456127200772,Differentiated,NMPR,Tumor_epithelial_EMT
BD_immune05_384481,normal_NMPR,EMT_NMPR,0.189682706805782,Unipotent,NMPR,Tumor_epithelial_EMT
BD_immune05_564810,normal_NMPR,EMT_NMPR,0.24046337744852,Unipotent,NMPR,Tumor_epithelial_EMT
BD_immune05_191867,normal_NMPR,EMT_NMPR,0.131738743938589,Differentiated,NMPR,Tumor_epithelial_EMT
BD_immune05_129358,normal_NMPR,EMT_NMPR,0.236315792161814,Unipotent,NMPR,Tumor_epithelial_EMT
BD_immune05_638351,normal_NMPR,EMT_NMPR,0.0815884470676964,Differentiated,NMPR,Tumor_epithelial_EMT
BD_immune05_740978,normal_NMPR,EMT_NMPR,0.194549364281753,Unipotent,NMPR,Tumor_epithelial_EMT
BD_immune05_382810,normal_NMPR,EMT_NMPR,0.108431443615615,Differentiated,NMPR,Tumor_epithelial_EMT
BD_immune05_568255,normal_NMPR,EMT_NMPR,0.102175768004063,Differentiated,NMPR,Tumor_epithelial_EMT
BD_immune05_277113,normal_NMPR,EMT_NMPR,0.198637413931981,Unipotent,NMPR,Tumor_epithelial_EMT
BD_immune05_588934,normal_NMPR,EMT_NMPR,0.0785348745390617,Differentiated,NMPR,Tumor_epithelial_EMT
BD_immune05_460082,normal_NMPR,EMT_NMPR,0.145609634636112,Differentiated,NMPR,Tumor_epithelial_EMT
BD_immune05_431405,normal_NMPR,EMT_NMPR,0.10580625537375,Differentiated,NMPR,Tumor_epithelial_EMT
BD_immune05_222816,normal_NMPR,EMT_NMPR,0.187275720438247,Unipotent,NMPR,Tumor_epithelial_EMT
BD_immune05_94823,normal_NMPR,EMT_NMPR,0.0791498904482129,Differentiated,NMPR,Tumor_epithelial_EMT
BD_immune05_757791,normal_NMPR,EMT_NMPR,0.124146869100755,Differentiated,NMPR,Tumor_epithelial_EMT
BD_immune05_640453,normal_NMPR,EMT_NMPR,0.125717513713492,Differentiated,NMPR,Tumor_epithelial_EMT
BD_immune05_275130,normal_NMPR,EMT_NMPR,0.136291177243856,Differentiated,NMPR,Tumor_epithelial_EMT
BD_immune05_447671,normal_NMPR,EMT_NMPR,0.16917441690861,Unipotent,NMPR,Tumor_epithelial_EMT
BD_immune05_314652,normal_NMPR,EMT_NMPR,0.0856218958291438,Differentiated,NMPR,Tumor_epithelial_EMT
BD_immune05_586029,normal_NMPR,EMT_NMPR,0.198863711643396,Unipotent,NMPR,Tumor_epithelial_EMT
BD_immune05_99800,normal_NMPR,EMT_NMPR,0.0719690100344872,Differentiated,NMPR,Tumor_epithelial_EMT
BD_immune05_831263,normal_NMPR,EMT_NMPR,0.0642617271189027,Differentiated,NMPR,Tumor_epithelial_EMT
BD_immune05_834605,normal_NMPR,EMT_NMPR,0.0590688784727031,Differentiated,NMPR,Tumor_epithelial_EMT
BD_immune05_312990,normal_NMPR,EMT_NMPR,0.131658333316305,Differentiated,NMPR,Tumor_epithelial_EMT
BD_immune05_128140,normal_NMPR,EMT_NMPR,0.0428393731256396,Differentiated,NMPR,Tumor_epithelial_EMT
BD_immune05_210437,normal_NMPR,EMT_NMPR,0.222672572880271,Unipotent,NMPR,Tumor_epithelial_EMT
BD_immune05_266215,normal_NMPR,EMT_NMPR,0.185128748294517,Unipotent,NMPR,Tumor_epithelial_EMT
BD_immune05_375597,normal_NMPR,EMT_NMPR,0.0880200889046695,Differentiated,NMPR,Tumor_epithelial_EMT
BD_immune05_442367,normal_NMPR,EMT_NMPR,0.0967567089325106,Differentiated,NMPR,Tumor_epithelial_EMT
BD_immune05_820711,normal_NMPR,EMT_NMPR,0.0861929176556654,Differentiated,NMPR,Tumor_epithelial_EMT
BD_immune05_20465,normal_NMPR,EMT_NMPR,0.192498777131372,Unipotent,NMPR,Tumor_epithelial_EMT
BD_immune05_55926,normal_NMPR,EMT_NMPR,0.111764326900299,Differentiated,NMPR,Tumor_epithelial_EMT
BD_immune05_724286,normal_NMPR,EMT_NMPR,0.0885676635820495,Differentiated,NMPR,Tumor_epithelial_EMT
BD_immune05_511086,normal_NMPR,EMT_NMPR,0.117618199956401,Differentiated,NMPR,Tumor_epithelial_EMT
BD_immune05_705460,normal_NMPR,EMT_NMPR,0.102316137258102,Differentiated,NMPR,Tumor_epithelial_EMT
BD_immune05_95039,normal_NMPR,EMT_NMPR,0.193062331813537,Unipotent,NMPR,Tumor_epithelial_EMT
BD_immune05_792953,normal_NMPR,EMT_NMPR,0.144565937504204,Differentiated,NMPR,Tumor_epithelial_EMT
BD_immune05_62737,normal_NMPR,EMT_NMPR,0.230486609153622,Unipotent,NMPR,Tumor_epithelial_EMT
BD_immune05_54036,normal_NMPR,EMT_NMPR,0.318882866925706,Unipotent,NMPR,Tumor_epithelial_EMT
BD_immune05_455819,normal_NMPR,EMT_NMPR,0.102519981423102,Differentiated,NMPR,Tumor_epithelial_EMT
BD_immune05_602329,normal_NMPR,EMT_NMPR,0.12450951560345,Differentiated,NMPR,Tumor_epithelial_EMT
BD_immune05_32142,normal_NMPR,EMT_NMPR,0.07486994881018,Differentiated,NMPR,Tumor_epithelial_EMT
BD_immune05_48158,normal_NMPR,EMT_NMPR,0.286006186418442,Unipotent,NMPR,Tumor_epithelial_EMT
BD_immune05_43403,normal_NMPR,EMT_NMPR,0.0859725571293627,Differentiated,NMPR,Tumor_epithelial_EMT
BD_immune05_800042,normal_NMPR,EMT_NMPR,0.110349485480181,Differentiated,NMPR,Tumor_epithelial_EMT
BD_immune05_737378,normal_NMPR,EMT_NMPR,0.180869462281246,Unipotent,NMPR,Tumor_epithelial_EMT
BD_immune05_845161,normal_NMPR,EMT_NMPR,0.226233022100257,Unipotent,NMPR,Tumor_epithelial_EMT
BD_immune05_580819,normal_NMPR,EMT_NMPR,0.124180633379498,Differentiated,NMPR,Tumor_epithelial_EMT
BD_immune05_618761,normal_NMPR,EMT_NMPR,0.0838694440025325,Differentiated,NMPR,Tumor_epithelial_EMT
BD_immune05_20945,normal_NMPR,EMT_NMPR,0.103712394623404,Differentiated,NMPR,Tumor_epithelial_EMT
BD_immune05_277525,normal_NMPR,EMT_NMPR,0.198099625886967,Unipotent,NMPR,Tumor_epithelial_EMT
BD_immune05_49585,normal_NMPR,EMT_NMPR,0.0623363986424273,Differentiated,NMPR,Tumor_epithelial_EMT
BD_immune05_465344,normal_NMPR,EMT_NMPR,0.0888313508422422,Differentiated,NMPR,Tumor_epithelial_EMT
BD_immune05_53339,normal_NMPR,EMT_NMPR,0.10333451432575,Differentiated,NMPR,Tumor_epithelial_EMT
BD_immune05_449932,normal_NMPR,EMT_NMPR,0.191921560031571,Unipotent,NMPR,Tumor_epithelial_EMT
BD_immune05_798227,normal_NMPR,EMT_NMPR,0.12315734903455,Differentiated,NMPR,Tumor_epithelial_EMT
BD_immune05_564749,normal_NMPR,EMT_NMPR,0.133610500368121,Differentiated,NMPR,Tumor_epithelial_EMT
BD_immune05_479305,normal_NMPR,EMT_NMPR,0.180765612288631,Unipotent,NMPR,Tumor_epithelial_EMT
BD_immune05_301414,normal_NMPR,EMT_NMPR,0.0462923870522286,Differentiated,NMPR,Tumor_epithelial_EMT
BD_immune05_527250,normal_NMPR,EMT_NMPR,0.134418019143945,Differentiated,NMPR,Tumor_epithelial_EMT
BD_immune05_853164,normal_NMPR,EMT_NMPR,0.128798111084128,Differentiated,NMPR,Tumor_epithelial_EMT
BD_immune05_255724,normal_NMPR,EMT_NMPR,0.103816711257245,Differentiated,NMPR,Tumor_epithelial_EMT
BD_immune05_682046,normal_NMPR,EMT_NMPR,0.205860730029533,Unipotent,NMPR,Tumor_epithelial_EMT
BD_immune05_64563,normal_NMPR,EMT_NMPR,0.0830624397402947,Differentiated,NMPR,Tumor_epithelial_EMT
BD_immune05_5462,normal_NMPR,EMT_NMPR,0.120033668900215,Differentiated,NMPR,Tumor_epithelial_EMT
BD_immune05_623014,normal_NMPR,EMT_NMPR,0.183105182873153,Unipotent,NMPR,Tumor_epithelial_EMT
BD_immune05_667948,normal_NMPR,EMT_NMPR,0.108630336968107,Differentiated,NMPR,Tumor_epithelial_EMT
BD_immune05_34071,normal_NMPR,EMT_NMPR,0.08314002048665,Differentiated,NMPR,Tumor_epithelial_EMT
BD_immune05_135574,normal_NMPR,EMT_NMPR,0.346132404299382,Oligopotent,NMPR,Tumor_epithelial_EMT
BD_immune05_605659,normal_NMPR,EMT_NMPR,0.210695415540024,Unipotent,NMPR,Tumor_epithelial_EMT
BD_immune05_337410,normal_NMPR,EMT_NMPR,0.283246675501945,Unipotent,NMPR,Tumor_epithelial_EMT
BD_immune05_532302,normal_NMPR,EMT_NMPR,0.115053837177858,Differentiated,NMPR,Tumor_epithelial_EMT
BD_immune05_226606,normal_NMPR,EMT_NMPR,0.218791360212176,Unipotent,NMPR,Tumor_epithelial_EMT
BD_immune05_349797,normal_NMPR,EMT_NMPR,0.26872948716692,Unipotent,NMPR,Tumor_epithelial_EMT
BD_immune05_638076,normal_NMPR,EMT_NMPR,0.215740802892297,Unipotent,NMPR,Tumor_epithelial_EMT
BD_immune05_290085,normal_NMPR,EMT_NMPR,0.105745412542728,Differentiated,NMPR,Tumor_epithelial_EMT
BD_immune05_79372,normal_NMPR,EMT_NMPR,0.095317558367898,Differentiated,NMPR,Tumor_epithelial_EMT
BD_immune05_522090,normal_NMPR,EMT_NMPR,0.137587985113469,Differentiated,NMPR,Tumor_epithelial_EMT
BD_immune05_679755,normal_NMPR,EMT_NMPR,0.168778868387297,Unipotent,NMPR,Tumor_epithelial_EMT
BD_immune05_769766,normal_NMPR,EMT_NMPR,0.153218921262992,Differentiated,NMPR,Tumor_epithelial_EMT
BD_immune05_660396,normal_NMPR,EMT_NMPR,0.19214568823754,Unipotent,NMPR,Tumor_epithelial_EMT
BD_immune05_764721,normal_NMPR,EMT_NMPR,0.149350638522261,Differentiated,NMPR,Tumor_epithelial_EMT
BD_immune05_823800,normal_NMPR,EMT_NMPR,0.227489985521239,Unipotent,NMPR,Tumor_epithelial_EMT
BD_immune05_261241,normal_NMPR,EMT_NMPR,0.0642030184325356,Differentiated,NMPR,Tumor_epithelial_EMT
BD_immune05_274384,normal_NMPR,EMT_NMPR,0.20910004075827,Unipotent,NMPR,Tumor_epithelial_EMT
BD_immune05_653482,normal_NMPR,EMT_NMPR,0.0608821736864182,Differentiated,NMPR,Tumor_epithelial_EMT
BD_immune05_621513,normal_NMPR,EMT_NMPR,0.0969988460345454,Differentiated,NMPR,Tumor_epithelial_EMT
BD_immune05_153532,normal_NMPR,EMT_NMPR,0.0597778603166659,Differentiated,NMPR,Tumor_epithelial_EMT
BD_immune05_513976,normal_NMPR,EMT_NMPR,0.0835919430030007,Differentiated,NMPR,Tumor_epithelial_EMT
BD_immune05_742832,normal_NMPR,EMT_NMPR,0.186270433468386,Unipotent,NMPR,Tumor_epithelial_EMT
BD_immune05_883687,normal_NMPR,EMT_NMPR,0.140181319004487,Differentiated,NMPR,Tumor_epithelial_EMT
BD_immune05_567714,normal_NMPR,EMT_NMPR,0.0458436614788337,Differentiated,NMPR,Tumor_epithelial_EMT
BD_immune05_207236,normal_NMPR,EMT_NMPR,0.196111907499359,Unipotent,NMPR,Tumor_epithelial_EMT
BD_immune05_322278,normal_NMPR,EMT_NMPR,0.189189013490683,Unipotent,NMPR,Tumor_epithelial_EMT
BD_immune05_765356,normal_NMPR,EMT_NMPR,0.243854394913383,Unipotent,NMPR,Tumor_epithelial_EMT
BD_immune05_797661,normal_NMPR,EMT_NMPR,0.228395061703409,Unipotent,NMPR,Tumor_epithelial_EMT
BD_immune05_665467,normal_NMPR,EMT_NMPR,0.0635450125924579,Differentiated,NMPR,Tumor_epithelial_EMT
BD_immune05_64000,normal_NMPR,EMT_NMPR,0.0569261348536724,Differentiated,NMPR,Tumor_epithelial_EMT
BD_immune05_484194,normal_NMPR,EMT_NMPR,0.0845703017334652,Differentiated,NMPR,Tumor_epithelial_EMT
BD_immune05_115073,normal_NMPR,EMT_NMPR,0.112525600475671,Differentiated,NMPR,Tumor_epithelial_EMT
BD_immune05_765312,normal_NMPR,EMT_NMPR,0.0606040105480597,Differentiated,NMPR,Tumor_epithelial_EMT
BD_immune05_82547,normal_NMPR,EMT_NMPR,0.224257184097329,Unipotent,NMPR,Tumor_epithelial_EMT
BD_immune05_763272,normal_NMPR,EMT_NMPR,0.0648422965410885,Differentiated,NMPR,Tumor_epithelial_EMT
BD_immune05_268619,normal_NMPR,EMT_NMPR,0.171223737940329,Unipotent,NMPR,Tumor_epithelial_EMT
BD_immune05_352968,normal_NMPR,EMT_NMPR,0.0788884111769321,Differentiated,NMPR,Tumor_epithelial_EMT
BD_immune05_651141,normal_NMPR,EMT_NMPR,0.1449902879019,Differentiated,NMPR,Tumor_epithelial_EMT
BD_immune05_129330,normal_NMPR,EMT_NMPR,0.0789074017446432,Differentiated,NMPR,Tumor_epithelial_EMT
BD_immune05_6111,normal_NMPR,EMT_NMPR,0.0735653700101472,Differentiated,NMPR,Tumor_epithelial_EMT
BD_immune05_608560,normal_NMPR,EMT_NMPR,0.225065806318626,Unipotent,NMPR,Tumor_epithelial_EMT
BD_immune05_265376,normal_NMPR,EMT_NMPR,0.147166628110767,Differentiated,NMPR,Tumor_epithelial_EMT
BD_immune05_80063,normal_NMPR,EMT_NMPR,0.0896368422509603,Differentiated,NMPR,Tumor_epithelial_EMT
BD_immune05_21500,normal_NMPR,EMT_NMPR,0.122215860317527,Differentiated,NMPR,Tumor_epithelial_EMT
BD_immune05_571105,normal_NMPR,EMT_NMPR,0.136204811071038,Differentiated,NMPR,Tumor_epithelial_EMT
BD_immune05_136971,normal_NMPR,EMT_NMPR,0.169439083938746,Unipotent,NMPR,Tumor_epithelial_EMT
BD_immune05_685179,normal_NMPR,EMT_NMPR,0.161470757163164,Differentiated,NMPR,Tumor_epithelial_EMT
BD_immune05_391123,normal_NMPR,EMT_NMPR,0.1366954254327,Differentiated,NMPR,Tumor_epithelial_EMT
BD_immune05_556334,normal_NMPR,EMT_NMPR,0.196858994278971,Unipotent,NMPR,Tumor_epithelial_EMT
BD_immune05_213528,normal_NMPR,EMT_NMPR,0.271380494234207,Unipotent,NMPR,Tumor_epithelial_EMT
BD_immune05_211095,normal_NMPR,EMT_NMPR,0.0534689450446186,Differentiated,NMPR,Tumor_epithelial_EMT
BD_immune05_101978,normal_NMPR,EMT_NMPR,0.0962518191326327,Differentiated,NMPR,Tumor_epithelial_EMT
BD_immune05_409227,normal_NMPR,EMT_NMPR,0.109244606817379,Differentiated,NMPR,Tumor_epithelial_EMT
BD_immune05_59826,normal_NMPR,EMT_NMPR,0.24615785635073,Unipotent,NMPR,Tumor_epithelial_EMT
BD_immune08_34046,normal_NMPR,normal_NMPR,0.0715578687977873,Differentiated,NMPR,Tumor_epithelial_AT2
BD_immune08_342376,normal_NMPR,normal_NMPR,0.0774598551735128,Differentiated,NMPR,Tumor_epithelial_AT2
BD_immune08_732603,normal_NMPR,normal_NMPR,0.0791571982224666,Differentiated,NMPR,Tumor_epithelial_AT2
BD_immune08_375481,normal_NMPR,normal_NMPR,0.072078296990117,Differentiated,NMPR,Tumor_epithelial_AT2
BD_immune08_469950,normal_NMPR,normal_NMPR,0.0738687907709768,Differentiated,NMPR,Tumor_epithelial_AT2
BD_immune08_718585,normal_NMPR,normal_NMPR,0.152777466364955,Differentiated,NMPR,Tumor_epithelial_AT2
BD_immune08_19272,normal_NMPR,normal_NMPR,0.0692079022549425,Differentiated,NMPR,Tumor_epithelial_AT2
BD_immune08_698403,normal_NMPR,normal_NMPR,0.0731492501680971,Differentiated,NMPR,Tumor_epithelial_AT2
BD_immune08_266449,normal_NMPR,normal_NMPR,0.0517643253915382,Differentiated,NMPR,Tumor_epithelial_AT2
BD_immune08_113807,normal_NMPR,normal_NMPR,0.084007260295774,Differentiated,NMPR,Tumor_epithelial_AT2
BD_immune08_162033,normal_NMPR,normal_NMPR,0.126128022616517,Differentiated,NMPR,Tumor_epithelial_AT2
BD_immune08_770231,normal_NMPR,normal_NMPR,0.08132855554543,Differentiated,NMPR,Tumor_epithelial_AT2
BD_immune08_183043,normal_NMPR,normal_NMPR,0.0721525925959841,Differentiated,NMPR,Tumor_epithelial_AT2
BD_immune08_850346,normal_NMPR,normal_NMPR,0.0599395110141889,Differentiated,NMPR,Tumor_epithelial_AT2
BD_immune08_801338,normal_NMPR,normal_NMPR,0.0544051855669769,Differentiated,NMPR,Tumor_epithelial_AT2
BD_immune08_392470,normal_NMPR,normal_NMPR,0.0671113334914979,Differentiated,NMPR,Tumor_epithelial_AT2
BD_immune08_18305,normal_NMPR,normal_NMPR,0.0897822126706557,Differentiated,NMPR,Tumor_epithelial_AT2
BD_immune08_786575,normal_NMPR,normal_NMPR,0.0685791189406325,Differentiated,NMPR,Tumor_epithelial_AT2
BD_immune08_578799,normal_NMPR,normal_NMPR,0.162474973613536,Differentiated,NMPR,Tumor_epithelial_AT2
BD_immune08_232087,normal_NMPR,normal_NMPR,0.127654848811041,Differentiated,NMPR,Tumor_epithelial_AT2
BD_immune08_564893,normal_NMPR,normal_NMPR,0.0834859723316523,Differentiated,NMPR,Tumor_epithelial_AT2
BD_immune08_577320,normal_NMPR,normal_NMPR,0.0788985094695684,Differentiated,NMPR,Tumor_epithelial_AT2
BD_immune08_747183,normal_NMPR,normal_NMPR,0.0400838394932382,Differentiated,NMPR,Tumor_epithelial_AT2
BD_immune08_281690,normal_NMPR,normal_NMPR,0.0651150837577581,Differentiated,NMPR,Tumor_epithelial_AT2
BD_immune08_508249,normal_NMPR,normal_NMPR,0.0403698150773768,Differentiated,NMPR,Tumor_epithelial_AT2
BD_immune08_637999,normal_NMPR,normal_NMPR,0.061681918612093,Differentiated,NMPR,Tumor_epithelial_AT2
BD_immune08_450383,normal_NMPR,normal_NMPR,0.0849994840026565,Differentiated,NMPR,Tumor_epithelial_AT2
BD_immune08_183911,normal_NMPR,normal_NMPR,0.0846704786570533,Differentiated,NMPR,Tumor_epithelial_AT2
BD_immune08_589773,normal_NMPR,normal_NMPR,0.0914328272881973,Differentiated,NMPR,Tumor_epithelial_AT2
BD_immune08_59889,normal_NMPR,normal_NMPR,0.0673157234577809,Differentiated,NMPR,Tumor_epithelial_AT2
BD_immune08_593406,normal_NMPR,normal_NMPR,0.075700683509793,Differentiated,NMPR,Tumor_epithelial_AT2
BD_immune08_257012,normal_NMPR,normal_NMPR,0.11946314918006,Differentiated,NMPR,Tumor_epithelial_AT2
BD_immune08_620511,normal_NMPR,normal_NMPR,0.0615933530103219,Differentiated,NMPR,Tumor_epithelial_AT2
BD_immune08_138099,normal_NMPR,normal_NMPR,0.0468349651486283,Differentiated,NMPR,Tumor_epithelial_AT2
BD_immune08_157731,normal_NMPR,normal_NMPR,0.0520721108637041,Differentiated,NMPR,Tumor_epithelial_AT2
BD_immune08_569495,normal_NMPR,normal_NMPR,0.138313358455596,Differentiated,NMPR,Tumor_epithelial_AT2
BD_immune08_49070,normal_NMPR,normal_NMPR,0.0448785547331886,Differentiated,NMPR,Tumor_epithelial_AT2
BD_immune08_120543,normal_NMPR,normal_NMPR,0.0339838640355816,Differentiated,NMPR,Tumor_epithelial_AT2
BD_immune08_356278,normal_NMPR,normal_NMPR,0.043006672476353,Differentiated,NMPR,Tumor_epithelial_AT2
BD_immune08_140300,normal_NMPR,normal_NMPR,0.0982898030375434,Differentiated,NMPR,Tumor_epithelial_AT2
BD_immune08_872461,normal_NMPR,normal_NMPR,0.0490678312487541,Differentiated,NMPR,Tumor_epithelial_AT2
BD_immune08_482420,normal_NMPR,normal_NMPR,0.10745202343237,Differentiated,NMPR,Tumor_epithelial_AT2
BD_immune08_531035,normal_NMPR,normal_NMPR,0.128932978316673,Differentiated,NMPR,Tumor_epithelial_AT2
BD_immune08_132952,normal_NMPR,normal_NMPR,0.109576268180419,Differentiated,NMPR,Tumor_epithelial_AT2
BD_immune08_343223,normal_NMPR,normal_NMPR,0.18275139246542,Unipotent,NMPR,Tumor_epithelial_AT2
BD_immune08_713656,normal_NMPR,normal_NMPR,0.270337902248969,Unipotent,NMPR,Tumor_epithelial_AT2
BD_immune08_345962,normal_NMPR,normal_NMPR,0.0595426630773115,Differentiated,NMPR,Tumor_epithelial_AT2
BD_immune08_491666,normal_NMPR,normal_NMPR,0.102034430102107,Differentiated,NMPR,Tumor_epithelial_AT2
BD_immune08_270165,normal_NMPR,normal_NMPR,0.0375819564757611,Differentiated,NMPR,Tumor_epithelial_AT2
BD_immune08_651375,normal_NMPR,normal_NMPR,0.21590757105592,Unipotent,NMPR,Tumor_epithelial_AT2
BD_immune08_517223,normal_NMPR,normal_NMPR,0.132383690119829,Differentiated,NMPR,Tumor_epithelial_AT2
BD_immune08_502894,normal_NMPR,normal_NMPR,0.0432065907719335,Differentiated,NMPR,Tumor_epithelial_AT2
BD_immune08_685461,normal_NMPR,normal_NMPR,0.0521630763144598,Differentiated,NMPR,Tumor_epithelial_AT2
BD_immune08_653049,normal_NMPR,normal_NMPR,0.305368564205538,Unipotent,NMPR,Tumor_epithelial_AT2
BD_immune08_474953,normal_NMPR,normal_NMPR,0.220102903931194,Unipotent,NMPR,Tumor_epithelial_AT2
BD_immune08_320857,normal_NMPR,normal_NMPR,0.0330488871968045,Differentiated,NMPR,Tumor_epithelial_AT2
BD_immune08_750915,normal_NMPR,normal_NMPR,0.119208448083065,Differentiated,NMPR,Tumor_epithelial_AT2
BD_immune08_635209,normal_NMPR,normal_NMPR,0.0472690997158643,Differentiated,NMPR,Tumor_epithelial_AT2
BD_immune08_342424,normal_NMPR,normal_NMPR,0.0493182545267791,Differentiated,NMPR,Tumor_epithelial_AT2
BD_immune08_232505,normal_NMPR,normal_NMPR,0.0675796652608856,Differentiated,NMPR,Tumor_epithelial_AT2
BD_immune08_68294,normal_NMPR,normal_NMPR,0.269023275981399,Unipotent,NMPR,Tumor_epithelial_AT2
BD_immune08_71743,normal_NMPR,normal_NMPR,0.178362962813772,Unipotent,NMPR,Tumor_epithelial_AT2
BD_immune08_625301,normal_NMPR,normal_NMPR,0.0543017847325234,Differentiated,NMPR,Tumor_epithelial_AT2
BD_immune08_837815,normal_NMPR,normal_NMPR,0.101706723262473,Differentiated,NMPR,Tumor_epithelial_AT2
BD_immune08_94199,normal_NMPR,normal_NMPR,0.146805742762826,Differentiated,NMPR,Tumor_epithelial_AT2
BD_immune08_550392,normal_NMPR,normal_NMPR,0.0507595585438631,Differentiated,NMPR,Tumor_epithelial_AT2
BD_immune08_435679,normal_NMPR,normal_NMPR,0.314973861116702,Unipotent,NMPR,Tumor_epithelial_AT2
BD_immune08_327439,normal_NMPR,normal_NMPR,0.244712596336631,Unipotent,NMPR,Tumor_epithelial_AT2
BD_immune08_56360,normal_NMPR,normal_NMPR,0.0424671710074974,Differentiated,NMPR,Tumor_epithelial_AT2
BD_immune08_217959,normal_NMPR,normal_NMPR,0.066295970595856,Differentiated,NMPR,Tumor_epithelial_AT2
BD_immune08_270177,normal_NMPR,normal_NMPR,0.09442842102314,Differentiated,NMPR,Tumor_epithelial_AT2
BD_immune08_455125,normal_NMPR,normal_NMPR,0.289758863453634,Unipotent,NMPR,Tumor_epithelial_AT2
BD_immune08_651426,normal_NMPR,normal_NMPR,0.0642313566535208,Differentiated,NMPR,Tumor_epithelial_AT2
BD_immune08_852047,normal_NMPR,normal_NMPR,0.144653158354004,Differentiated,NMPR,Tumor_epithelial_AT2
BD_immune08_288658,normal_NMPR,normal_NMPR,0.0748202677657014,Differentiated,NMPR,Tumor_epithelial_AT2
BD_immune08_368902,normal_NMPR,normal_NMPR,0.107224994365763,Differentiated,NMPR,Tumor_epithelial_AT2
BD_immune08_224362,normal_NMPR,normal_NMPR,0.0992976446374042,Differentiated,NMPR,Tumor_epithelial_AT2
BD_immune08_213025,normal_NMPR,normal_NMPR,0.112652514229953,Differentiated,NMPR,Tumor_epithelial_AT2
BD_immune08_827422,normal_NMPR,normal_NMPR,0.126216794165271,Differentiated,NMPR,Tumor_epithelial_AT2
BD_immune08_102234,normal_NMPR,normal_NMPR,0.0886176130551253,Differentiated,NMPR,Tumor_epithelial_AT2
BD_immune08_126670,normal_NMPR,normal_NMPR,0.152009998294332,Differentiated,NMPR,Tumor_epithelial_AT2
BD_immune08_49676,normal_NMPR,normal_NMPR,0.104747573386255,Differentiated,NMPR,Tumor_epithelial_AT2
BD_immune08_223505,normal_NMPR,normal_NMPR,0.107557063728605,Differentiated,NMPR,Tumor_epithelial_AT2
BD_immune08_310696,normal_NMPR,normal_NMPR,0.0950837411599073,Differentiated,NMPR,Tumor_epithelial_AT2
BD_immune08_834316,normal_NMPR,normal_NMPR,0.104111714184845,Differentiated,NMPR,Tumor_epithelial_AT2
BD_immune08_778143,normal_NMPR,normal_NMPR,0.152708208554748,Differentiated,NMPR,Tumor_epithelial_AT2
BD_immune08_159047,normal_NMPR,normal_NMPR,0.0965274180256246,Differentiated,NMPR,Tumor_epithelial_AT2
BD_immune08_27060,normal_NMPR,normal_NMPR,0.0744840057819668,Differentiated,NMPR,Tumor_epithelial_AT2
BD_immune08_461889,normal_NMPR,normal_NMPR,0.0396861302776762,Differentiated,NMPR,Tumor_epithelial_AT2
BD_immune08_122787,normal_NMPR,normal_NMPR,0.15316255778927,Differentiated,NMPR,Tumor_epithelial_AT2
BD_immune08_803832,normal_NMPR,normal_NMPR,0.0988947725740718,Differentiated,NMPR,Tumor_epithelial_AT2
BD_immune08_745485,normal_NMPR,normal_NMPR,0.15003487099554,Differentiated,NMPR,Tumor_epithelial_AT2
BD_immune08_638686,normal_NMPR,normal_NMPR,0.143571926132912,Differentiated,NMPR,Tumor_epithelial_AT2
BD_immune08_598265,normal_NMPR,normal_NMPR,0.132555248561879,Differentiated,NMPR,Tumor_epithelial_AT2
BD_immune08_230934,normal_NMPR,normal_NMPR,0.0500293053431083,Differentiated,NMPR,Tumor_epithelial_AT2
BD_immune08_558723,normal_NMPR,normal_NMPR,0.126793040638521,Differentiated,NMPR,Tumor_epithelial_AT2
BD_immune08_728843,normal_NMPR,normal_NMPR,0.12315650562893,Differentiated,NMPR,Tumor_epithelial_AT2
BD_immune08_324012,normal_NMPR,normal_NMPR,0.0395743786298482,Differentiated,NMPR,Tumor_epithelial_AT2
BD_immune08_219302,normal_NMPR,normal_NMPR,0.130486028301156,Differentiated,NMPR,Tumor_epithelial_AT2
BD_immune08_392913,normal_NMPR,normal_NMPR,0.0359934092341035,Differentiated,NMPR,Tumor_epithelial_AT2
BD_immune08_575919,normal_NMPR,normal_NMPR,0.121521027734913,Differentiated,NMPR,Tumor_epithelial_AT2
BD_immune08_232508,normal_NMPR,normal_NMPR,0.129300273906645,Differentiated,NMPR,Tumor_epithelial_AT2
BD_immune08_622494,normal_NMPR,normal_NMPR,0.124101863189668,Differentiated,NMPR,Tumor_epithelial_AT2
BD_immune08_459449,normal_NMPR,normal_NMPR,0.0485096055681801,Differentiated,NMPR,Tumor_epithelial_AT2
BD_immune08_838337,normal_NMPR,normal_NMPR,0.0997186250796816,Differentiated,NMPR,Tumor_epithelial_AT2
BD_immune08_326006,normal_NMPR,normal_NMPR,0.0685497170113104,Differentiated,NMPR,Tumor_epithelial_AT2
BD_immune08_805367,normal_NMPR,normal_NMPR,0.111960912874934,Differentiated,NMPR,Tumor_epithelial_AT2
BD_immune08_683614,normal_NMPR,normal_NMPR,0.104114278249923,Differentiated,NMPR,Tumor_epithelial_AT2
BD_immune08_526466,normal_NMPR,normal_NMPR,0.0612255264471395,Differentiated,NMPR,Tumor_epithelial_AT2
BD_immune08_747954,normal_NMPR,normal_NMPR,0.144908184780001,Differentiated,NMPR,Tumor_epithelial_AT2
BD_immune08_515319,normal_NMPR,normal_NMPR,0.0934339153386026,Differentiated,NMPR,Tumor_epithelial_AT2
BD_immune08_512923,normal_NMPR,normal_NMPR,0.0556888633596182,Differentiated,NMPR,Tumor_epithelial_AT2
BD_immune08_320604,normal_NMPR,normal_NMPR,0.0560716739601388,Differentiated,NMPR,Tumor_epithelial_AT2
BD_immune08_735350,normal_NMPR,normal_NMPR,0.0726068992320533,Differentiated,NMPR,Tumor_epithelial_AT2
BD_immune08_834790,normal_NMPR,normal_NMPR,0.0870586907845636,Differentiated,NMPR,Tumor_epithelial_AT2
BD_immune08_717037,normal_NMPR,normal_NMPR,0.0607135816601632,Differentiated,NMPR,Tumor_epithelial_AT2
BD_immune08_260131,normal_NMPR,normal_NMPR,0.0590573384392254,Differentiated,NMPR,Tumor_epithelial_AT2
BD_immune08_87984,normal_NMPR,normal_NMPR,0.0488051319483677,Differentiated,NMPR,Tumor_epithelial_AT2
BD_immune08_113832,,,0.0614132400719212,Differentiated,NMPR,Tumor_epithelial_AT2
BD_immune08_285350,normal_NMPR,normal_NMPR,0.0619209317127516,Differentiated,NMPR,Tumor_epithelial_AT2
BD_immune08_829647,,,0.0666442548565,Differentiated,NMPR,Tumor_epithelial_AT2
BD_immune08_244974,normal_NMPR,normal_NMPR,0.06575016536027,Differentiated,NMPR,Tumor_epithelial_AT2
BD_immune08_598200,normal_NMPR,normal_NMPR,0.125308353817464,Differentiated,NMPR,Tumor_epithelial_AT2
BD_immune08_366751,normal_NMPR,normal_NMPR,0.0641309455267995,Differentiated,NMPR,Tumor_epithelial_AT2
BD_immune08_231901,normal_NMPR,normal_NMPR,0.0411093523912903,Differentiated,NMPR,Tumor_epithelial_AT2
BD_immune08_306193,normal_NMPR,normal_NMPR,0.0380733512599773,Differentiated,NMPR,Tumor_epithelial_AT2
BD_immune08_193894,,,0.105452007113968,Differentiated,NMPR,Tumor_epithelial_AT2
BD_immune08_324274,normal_NMPR,normal_NMPR,0.0662199785301303,Differentiated,NMPR,Tumor_epithelial_AT2
BD_immune08_612392,normal_NMPR,normal_NMPR,0.0616789635860164,Differentiated,NMPR,Tumor_epithelial_AT2
BD_immune08_708228,normal_NMPR,normal_NMPR,0.130228634490897,Differentiated,NMPR,Tumor_epithelial_AT2
BD_immune08_748786,normal_NMPR,normal_NMPR,0.0486339474120436,Differentiated,NMPR,Tumor_epithelial_AT2
BD_immune08_877688,normal_NMPR,normal_NMPR,0.102657876590364,Differentiated,NMPR,Tumor_epithelial_AT2
BD_immune08_286268,normal_NMPR,normal_NMPR,0.0724919875917498,Differentiated,NMPR,Tumor_epithelial_AT2
BD_immune08_370215,,,0.155458975845119,Differentiated,NMPR,Tumor_epithelial_AT2
BD_immune08_451247,normal_NMPR,normal_NMPR,0.0449757948516915,Differentiated,NMPR,Tumor_epithelial_AT2
BD_immune08_90036,normal_NMPR,normal_NMPR,0.0788851282153661,Differentiated,NMPR,Tumor_epithelial_AT2
BD_immune08_530004,,,0.109025652390885,Differentiated,NMPR,Tumor_epithelial_AT2
BD_immune08_286411,,,0.0486131059272498,Differentiated,NMPR,Tumor_epithelial_AT2
BD_immune08_179,,,0.0333522374290655,Differentiated,NMPR,Tumor_epithelial_AT2
BD_immune08_649261,,,0.0636585414743993,Differentiated,NMPR,Tumor_epithelial_AT2
BD_immune08_221176,normal_NMPR,normal_NMPR,0.0708857957160451,Differentiated,NMPR,Tumor_epithelial_AT2
BD_immune08_736198,normal_NMPR,normal_NMPR,0.0623166433839964,Differentiated,NMPR,Tumor_epithelial_AT2
BD_immune08_483898,,,0.127430451690004,Differentiated,NMPR,Tumor_epithelial_AT2
BD_immune08_436010,,,0.101705197178322,Differentiated,NMPR,Tumor_epithelial_AT2
BD_immune08_845063,,,0.060419868018194,Differentiated,NMPR,Tumor_epithelial_AT2
BD_immune08_50882,,,0.068964295339105,Differentiated,NMPR,Tumor_epithelial_AT2
BD_immune08_547924,normal_NMPR,normal_NMPR,0.067719772342853,Differentiated,NMPR,Tumor_epithelial_AT2
BD_immune08_591195,normal_NMPR,normal_NMPR,0.0974465102033573,Differentiated,NMPR,Tumor_epithelial_AT2
BD_immune08_574348,normal_NMPR,normal_NMPR,0.0566646535027276,Differentiated,NMPR,Tumor_epithelial_AT2
BD_immune08_688654,,,0.051654731845947,Differentiated,NMPR,Tumor_epithelial_AT2
BD_immune08_276694,,,0.0536976549415046,Differentiated,NMPR,Tumor_epithelial_AT2
BD_immune08_771213,normal_NMPR,normal_NMPR,0.0883630997646682,Differentiated,NMPR,Tumor_epithelial_AT2
BD_immune08_235802,normal_NMPR,normal_NMPR,0.0621277795033742,Differentiated,NMPR,Tumor_epithelial_AT2
BD_immune08_604229,,,0.134565097387989,Differentiated,NMPR,Tumor_epithelial_AT2
BD_immune08_315075,,,0.0331045799485869,Differentiated,NMPR,Tumor_epithelial_AT2
BD_immune08_788157,normal_NMPR,normal_NMPR,0.0655877898009989,Differentiated,NMPR,Tumor_epithelial_AT2
BD_immune08_170754,,,0.057342298318978,Differentiated,NMPR,Tumor_epithelial_AT2
BD_immune08_874513,normal_NMPR,normal_NMPR,0.103897960822098,Differentiated,NMPR,Tumor_epithelial_AT2
BD_immune08_533734,,,0.0767844508756259,Differentiated,NMPR,Tumor_epithelial_AT2
BD_immune08_483082,normal_NMPR,normal_NMPR,0.0601574376978135,Differentiated,NMPR,Tumor_epithelial_AT2
BD_immune08_816933,normal_NMPR,normal_NMPR,0.0606007305508743,Differentiated,NMPR,Tumor_epithelial_AT2
BD_immune08_743219,,,0.0511340810857255,Differentiated,NMPR,Tumor_epithelial_AT2
BD_immune08_36024,,,0.0693186615237083,Differentiated,NMPR,Tumor_epithelial_AT2
BD_immune08_291106,,,0.0604552603723443,Differentiated,NMPR,Tumor_epithelial_AT2
BD_immune08_627738,,,0.0651141081403176,Differentiated,NMPR,Tumor_epithelial_AT2
BD_immune08_12990,,,0.126486478259727,Differentiated,NMPR,Tumor_epithelial_AT2
BD_immune08_360384,,,0.120939164477943,Differentiated,NMPR,Tumor_epithelial_AT2
BD_immune08_763667,,,0.0771566128840866,Differentiated,NMPR,Tumor_epithelial_AT2
BD_immune08_625731,normal_NMPR,normal_NMPR,0.0414000167231359,Differentiated,NMPR,Tumor_epithelial_AT2
BD_immune08_532707,,,0.056455747010224,Differentiated,NMPR,Tumor_epithelial_AT2
BD_immune08_524592,normal_NMPR,normal_NMPR,0.0623455552571183,Differentiated,NMPR,Tumor_epithelial_AT2
BD_immune08_704490,,,0.0641291662029662,Differentiated,NMPR,Tumor_epithelial_AT2
BD_immune08_792466,,,0.0737072349955875,Differentiated,NMPR,Tumor_epithelial_AT2
BD_immune08_212469,,,0.0514303695638393,Differentiated,NMPR,Tumor_epithelial_AT2
BD_immune08_284693,,,0.0501728270288629,Differentiated,NMPR,Tumor_epithelial_AT2
BD_immune08_596990,normal_NMPR,normal_NMPR,0.0562465597792695,Differentiated,NMPR,Tumor_epithelial_AT2
BD_immune08_287929,,,0.0536106635054487,Differentiated,NMPR,Tumor_epithelial_AT2
BD_immune09_646695,normal_NMPR,normal_NMPR,0.215276647102661,Unipotent,NMPR,Tumor_epithelial_basal
BD_immune09_352548,normal_NMPR,normal_NMPR,0.305966204586175,Unipotent,NMPR,Tumor_epithelial_basal
BD_immune09_189566,normal_NMPR,normal_NMPR,0.428033552132738,Oligopotent,NMPR,Tumor_epithelial_basal
BD_immune09_638638,normal_NMPR,normal_NMPR,0.1426503145399,Differentiated,NMPR,Tumor_epithelial_basal
BD_immune09_81915,normal_NMPR,normal_NMPR,0.434374146969351,Oligopotent,NMPR,Tumor_epithelial_basal
BD_immune09_605948,normal_NMPR,normal_NMPR,0.469454644917174,Oligopotent,NMPR,Tumor_epithelial_basal
BD_immune09_139519,normal_NMPR,normal_NMPR,0.396868926107201,Oligopotent,NMPR,Tumor_epithelial_basal
BD_immune09_605576,normal_NMPR,normal_NMPR,0.378676164225247,Oligopotent,NMPR,Tumor_epithelial_basal
BD_immune09_328287,normal_NMPR,normal_NMPR,0.388609808995584,Oligopotent,NMPR,Tumor_epithelial_basal
BD_immune09_85130,normal_NMPR,normal_NMPR,0.157371178841108,Differentiated,NMPR,Tumor_epithelial_basal
BD_immune09_182540,normal_NMPR,normal_NMPR,0.405702860790587,Oligopotent,NMPR,Tumor_epithelial_basal
BD_immune09_789865,normal_NMPR,normal_NMPR,0.264678007107785,Unipotent,NMPR,Tumor_epithelial_basal
BD_immune09_556921,normal_NMPR,normal_NMPR,0.52933067400212,Multipotent,NMPR,Tumor_epithelial_basal
BD_immune09_424558,normal_NMPR,normal_NMPR,0.480504248157405,Oligopotent,NMPR,Tumor_epithelial_basal
BD_immune09_19658,normal_NMPR,normal_NMPR,0.401718981839514,Oligopotent,NMPR,Tumor_epithelial_basal
BD_immune09_29937,normal_NMPR,normal_NMPR,0.408337087318522,Oligopotent,NMPR,Tumor_epithelial_basal
BD_immune09_335675,normal_NMPR,normal_NMPR,0.593502811674845,Multipotent,NMPR,Tumor_epithelial_basal
BD_immune09_145870,normal_NMPR,normal_NMPR,0.437274522569164,Oligopotent,NMPR,Tumor_epithelial_basal
BD_immune09_709366,normal_NMPR,normal_NMPR,0.412400897340279,Oligopotent,NMPR,Tumor_epithelial_basal
BD_immune09_508510,normal_NMPR,normal_NMPR,0.465149379509249,Oligopotent,NMPR,Tumor_epithelial_basal
BD_immune09_273582,normal_NMPR,normal_NMPR,0.418337765695768,Oligopotent,NMPR,Tumor_epithelial_basal
BD_immune09_467536,normal_NMPR,normal_NMPR,0.486947683447013,Oligopotent,NMPR,Tumor_epithelial_basal
BD_immune09_411126,normal_NMPR,normal_NMPR,0.490412086054148,Oligopotent,NMPR,Tumor_epithelial_basal
BD_immune09_395179,normal_NMPR,normal_NMPR,0.305773358105517,Unipotent,NMPR,Tumor_epithelial_basal
BD_immune09_386676,normal_NMPR,normal_NMPR,0.346899641835711,Oligopotent,NMPR,Tumor_epithelial_basal
BD_immune09_426034,normal_NMPR,normal_NMPR,0.380063535029379,Oligopotent,NMPR,Tumor_epithelial_basal
BD_immune09_160580,normal_NMPR,normal_NMPR,0.47102374376368,Oligopotent,NMPR,Tumor_epithelial_basal
BD_immune09_738635,normal_NMPR,normal_NMPR,0.191414264084963,Unipotent,NMPR,Tumor_epithelial
BD_immune09_72015,normal_NMPR,normal_NMPR,0.361186187492041,Oligopotent,NMPR,Tumor_epithelial_basal
BD_immune09_556102,normal_NMPR,normal_NMPR,0.440371474786807,Oligopotent,NMPR,Tumor_epithelial_basal
BD_immune09_391231,normal_NMPR,normal_NMPR,0.522252631589132,Multipotent,NMPR,Tumor_epithelial_basal
BD_immune09_816333,normal_NMPR,normal_NMPR,0.225080291835356,Unipotent,NMPR,Tumor_epithelial_basal
BD_immune09_469879,normal_NMPR,normal_NMPR,0.53447857010407,Multipotent,NMPR,Tumor_epithelial_basal
BD_immune09_16948,normal_NMPR,normal_NMPR,0.279685379667571,Unipotent,NMPR,Tumor_epithelial_basal
BD_immune09_791625,normal_NMPR,normal_NMPR,0.147448736480612,Differentiated,NMPR,Tumor_epithelial_basal
BD_immune09_178516,normal_NMPR,normal_NMPR,0.373354110438491,Oligopotent,NMPR,Tumor_epithelial_basal
BD_immune09_747825,normal_NMPR,normal_NMPR,0.42033989350809,Oligopotent,NMPR,Tumor_epithelial_basal
BD_immune09_604369,normal_NMPR,normal_NMPR,0.142964925961083,Differentiated,NMPR,Tumor_epithelial_basal
BD_immune09_553833,normal_NMPR,normal_NMPR,0.403796520441533,Oligopotent,NMPR,Tumor_epithelial_basal
BD_immune09_58908,normal_NMPR,normal_NMPR,0.402631290758758,Oligopotent,NMPR,Tumor_epithelial_basal
BD_immune09_867235,normal_NMPR,normal_NMPR,0.436640457264011,Oligopotent,NMPR,Tumor_epithelial_basal
BD_immune09_140334,normal_NMPR,normal_NMPR,0.281576245179518,Unipotent,NMPR,Tumor_epithelial_basal
BD_immune09_388870,normal_NMPR,normal_NMPR,0.568325912431892,Multipotent,NMPR,Tumor_epithelial_basal
BD_immune09_869382,normal_NMPR,normal_NMPR,0.465692365957034,Oligopotent,NMPR,Tumor_epithelial_basal
BD_immune09_579463,normal_NMPR,normal_NMPR,0.458870352611636,Oligopotent,NMPR,Tumor_epithelial_basal
BD_immune09_335924,normal_NMPR,normal_NMPR,0.207952413289905,Unipotent,NMPR,Tumor_epithelial_basal
BD_immune09_83089,normal_NMPR,normal_NMPR,0.311558462754204,Unipotent,NMPR,Tumor_epithelial_basal
BD_immune09_50007,normal_NMPR,normal_NMPR,0.398096989879229,Oligopotent,NMPR,Tumor_epithelial_basal
BD_immune09_333213,normal_NMPR,normal_NMPR,0.189336128625641,Unipotent,NMPR,Tumor_epithelial
BD_immune09_396189,normal_NMPR,normal_NMPR,0.157431893885963,Differentiated,NMPR,Tumor_epithelial_basal
BD_immune09_869402,normal_NMPR,normal_NMPR,0.249991704289348,Unipotent,NMPR,Tumor_epithelial_basal
BD_immune09_463310,normal_NMPR,normal_NMPR,0.196683444212732,Unipotent,NMPR,Tumor_epithelial_basal
BD_immune09_422255,normal_NMPR,normal_NMPR,0.524990139210592,Multipotent,NMPR,Tumor_epithelial_basal
BD_immune09_464421,normal_NMPR,normal_NMPR,0.432460613217788,Oligopotent,NMPR,Tumor_epithelial_basal
BD_immune09_732485,normal_NMPR,normal_NMPR,0.461025483989748,Oligopotent,NMPR,Tumor_epithelial_basal
BD_immune09_496987,normal_NMPR,normal_NMPR,0.149598753074222,Differentiated,NMPR,Tumor_epithelial_basal
BD_immune09_467822,normal_NMPR,normal_NMPR,0.562055152988686,Multipotent,NMPR,Tumor_epithelial_basal
BD_immune09_843432,normal_NMPR,normal_NMPR,0.236571952865046,Unipotent,NMPR,Tumor_epithelial_basal
BD_immune09_281933,normal_NMPR,normal_NMPR,0.254327183448716,Unipotent,NMPR,Tumor_epithelial_basal
BD_immune09_607924,normal_NMPR,normal_NMPR,0.43988211591766,Oligopotent,NMPR,Tumor_epithelial_basal
BD_immune09_630471,normal_NMPR,normal_NMPR,0.276202380410837,Unipotent,NMPR,Tumor_epithelial_basal
BD_immune09_879214,normal_NMPR,normal_NMPR,0.304950304427599,Unipotent,NMPR,Tumor_epithelial_basal
BD_immune09_508386,normal_NMPR,normal_NMPR,0.279116914095579,Unipotent,NMPR,Tumor_epithelial_basal
BD_immune09_756263,normal_NMPR,normal_NMPR,0.298659145387769,Unipotent,NMPR,Tumor_epithelial_basal
BD_immune09_602774,normal_NMPR,normal_NMPR,0.152161088103653,Differentiated,NMPR,Tumor_epithelial_basal
BD_immune09_571637,normal_NMPR,normal_NMPR,0.15772797611943,Differentiated,NMPR,Tumor_epithelial_basal
BD_immune09_495637,normal_NMPR,normal_NMPR,0.399132617795118,Oligopotent,NMPR,Tumor_epithelial_basal
BD_immune09_709373,normal_NMPR,normal_NMPR,0.26007371833258,Unipotent,NMPR,Tumor_epithelial_basal
BD_immune09_495078,normal_NMPR,normal_NMPR,0.452324301370944,Oligopotent,NMPR,Tumor_epithelial_basal
BD_immune09_653439,normal_NMPR,normal_NMPR,0.144610820568156,Differentiated,NMPR,Tumor_epithelial_basal
BD_immune09_477404,normal_NMPR,normal_NMPR,0.569953987082372,Multipotent,NMPR,Tumor_epithelial_basal
BD_immune09_166521,normal_NMPR,normal_NMPR,0.146504071754306,Differentiated,NMPR,Tumor_epithelial_basal
BD_immune09_542516,normal_NMPR,normal_NMPR,0.32670700070081,Unipotent,NMPR,Tumor_epithelial_basal
BD_immune09_719732,normal_NMPR,normal_NMPR,0.525684185751732,Multipotent,NMPR,Tumor_epithelial_basal
BD_immune09_772386,normal_NMPR,normal_NMPR,0.2038712660737,Unipotent,NMPR,Tumor_epithelial_basal
BD_immune09_184401,normal_NMPR,normal_NMPR,0.569846125012602,Multipotent,NMPR,Tumor_epithelial_basal
BD_immune09_538307,normal_NMPR,normal_NMPR,0.39095677823543,Oligopotent,NMPR,Tumor_epithelial_basal
BD_immune09_815524,normal_NMPR,normal_NMPR,0.367351187329594,Oligopotent,NMPR,Tumor_epithelial_basal
BD_immune09_427821,normal_NMPR,normal_NMPR,0.45286271437104,Oligopotent,NMPR,Tumor_epithelial_basal
BD_immune09_78152,normal_NMPR,normal_NMPR,0.217059670434613,Unipotent,NMPR,Tumor_epithelial_basal
BD_immune09_849714,normal_NMPR,normal_NMPR,0.23521547243252,Unipotent,NMPR,Tumor_epithelial_basal
BD_immune09_743640,normal_NMPR,normal_NMPR,0.565606396555003,Multipotent,NMPR,Tumor_epithelial_basal
BD_immune09_669556,normal_NMPR,normal_NMPR,0.310858477311582,Unipotent,NMPR,Tumor_epithelial_basal
BD_immune09_332519,normal_NMPR,normal_NMPR,0.293660212131441,Unipotent,NMPR,Tumor_epithelial_basal
BD_immune09_56074,normal_NMPR,normal_NMPR,0.473912599658825,Oligopotent,NMPR,Tumor_epithelial_basal
BD_immune09_237856,normal_NMPR,normal_NMPR,0.574020086605347,Multipotent,NMPR,Tumor_epithelial_basal
BD_immune09_687208,normal_NMPR,normal_NMPR,0.367765122632007,Oligopotent,NMPR,Tumor_epithelial_basal
BD_immune09_855546,normal_NMPR,normal_NMPR,0.251422162014397,Unipotent,NMPR,Tumor_epithelial_basal
BD_immune09_515867,normal_NMPR,normal_NMPR,0.313220932986612,Unipotent,NMPR,Tumor_epithelial_basal
BD_immune09_155625,normal_NMPR,normal_NMPR,0.578469885303149,Multipotent,NMPR,Tumor_epithelial_basal
BD_immune09_337465,normal_NMPR,normal_NMPR,0.24779915558521,Unipotent,NMPR,Tumor_epithelial_basal
BD_immune09_52643,normal_NMPR,normal_NMPR,0.147144307637449,Differentiated,NMPR,Tumor_epithelial
BD_immune09_768527,normal_NMPR,normal_NMPR,0.40396968451254,Oligopotent,NMPR,Tumor_epithelial_basal
BD_immune09_181449,normal_NMPR,normal_NMPR,0.409703863227861,Oligopotent,NMPR,Tumor_epithelial_basal
BD_immune09_234965,normal_NMPR,normal_NMPR,0.209716332728055,Unipotent,NMPR,Tumor_epithelial_basal
BD_immune09_699961,normal_NMPR,normal_NMPR,0.40765378113579,Oligopotent,NMPR,Tumor_epithelial_basal
BD_immune09_554061,normal_NMPR,normal_NMPR,0.208458627568699,Unipotent,NMPR,Tumor_epithelial_basal
BD_immune09_530387,normal_NMPR,normal_NMPR,0.586648546174296,Multipotent,NMPR,Tumor_epithelial_basal
BD_immune09_722162,normal_NMPR,normal_NMPR,0.131519776474925,Differentiated,NMPR,Tumor_epithelial_basal
BD_immune09_540941,normal_NMPR,normal_NMPR,0.271844620894439,Unipotent,NMPR,Tumor_epithelial_basal
BD_immune09_319300,normal_NMPR,normal_NMPR,0.375475254095826,Oligopotent,NMPR,Tumor_epithelial_basal
BD_immune09_357764,normal_NMPR,normal_NMPR,0.194081186592513,Unipotent,NMPR,Tumor_epithelial_basal
BD_immune09_631408,normal_NMPR,normal_NMPR,0.318430651585079,Unipotent,NMPR,Tumor_epithelial_basal
BD_immune09_101861,normal_NMPR,normal_NMPR,0.206375939767069,Unipotent,NMPR,Tumor_epithelial_basal
BD_immune09_607248,normal_NMPR,normal_NMPR,0.144315874808943,Differentiated,NMPR,Tumor_epithelial_basal
BD_immune09_755094,normal_NMPR,normal_NMPR,0.248583104497287,Unipotent,NMPR,Tumor_epithelial_basal
BD_immune09_22981,normal_NMPR,normal_NMPR,0.143521295538496,Differentiated,NMPR,Tumor_epithelial_basal
BD_immune09_634931,normal_NMPR,normal_NMPR,0.458633101164998,Oligopotent,NMPR,Tumor_epithelial_basal
BD_immune09_45327,normal_NMPR,normal_NMPR,0.1373455891413,Differentiated,NMPR,Tumor_epithelial_basal
BD_immune09_728599,normal_NMPR,normal_NMPR,0.157151024364995,Differentiated,NMPR,Tumor_epithelial_basal
BD_immune09_660218,normal_NMPR,normal_NMPR,0.263426326838757,Unipotent,NMPR,Tumor_epithelial_basal
BD_immune09_755728,normal_NMPR,normal_NMPR,0.234619439054455,Unipotent,NMPR,Tumor_epithelial_basal
BD_immune09_565638,normal_NMPR,normal_NMPR,0.449981934019812,Oligopotent,NMPR,Tumor_epithelial_basal
BD_immune09_216569,normal_NMPR,normal_NMPR,0.188928330109846,Unipotent,NMPR,Tumor_epithelial_basal
BD_immune09_72335,normal_NMPR,normal_NMPR,0.156992112093466,Differentiated,NMPR,Tumor_epithelial_basal
BD_immune09_221676,normal_NMPR,normal_NMPR,0.171566266306384,Unipotent,NMPR,Tumor_epithelial_basal
BD_immune09_100469,normal_NMPR,normal_NMPR,0.333282575128708,Unipotent,NMPR,Tumor_epithelial_basal
BD_immune09_44201,normal_NMPR,normal_NMPR,0.26517084463523,Unipotent,NMPR,Tumor_epithelial_basal
BD_immune09_287449,normal_NMPR,normal_NMPR,0.225789931758746,Unipotent,NMPR,Tumor_epithelial_basal
BD_immune09_455581,normal_NMPR,normal_NMPR,0.430100830800957,Oligopotent,NMPR,Tumor_epithelial_basal
BD_immune09_816895,normal_NMPR,normal_NMPR,0.142618034798047,Differentiated,NMPR,Tumor_epithelial_basal
BD_immune09_51513,normal_NMPR,normal_NMPR,0.167499685709957,Unipotent,NMPR,Tumor_epithelial_basal
BD_immune09_85302,normal_NMPR,normal_NMPR,0.234319339773406,Unipotent,NMPR,Tumor_epithelial_basal
BD_immune09_128140,normal_NMPR,normal_NMPR,0.237050055327329,Unipotent,NMPR,Tumor_epithelial_basal
BD_immune09_854377,normal_NMPR,normal_NMPR,0.307290564159778,Unipotent,NMPR,Tumor_epithelial_basal
BD_immune09_748967,normal_NMPR,normal_NMPR,0.275132476638698,Unipotent,NMPR,Tumor_epithelial_basal
BD_immune09_856137,normal_NMPR,normal_NMPR,0.195309110046987,Unipotent,NMPR,Tumor_epithelial_basal
BD_immune09_32672,normal_NMPR,normal_NMPR,0.254778000693616,Unipotent,NMPR,Tumor_epithelial_basal
BD_immune09_840205,normal_NMPR,normal_NMPR,0.273738727598679,Unipotent,NMPR,Tumor_epithelial_basal
BD_immune09_260,normal_NMPR,normal_NMPR,0.341706621315625,Oligopotent,NMPR,Tumor_epithelial_basal
BD_immune09_359378,normal_NMPR,normal_NMPR,0.218880665275027,Unipotent,NMPR,Tumor_epithelial_basal
BD_immune09_687052,normal_NMPR,normal_NMPR,0.266099093920709,Unipotent,NMPR,Tumor_epithelial_basal
BD_immune09_537320,normal_NMPR,normal_NMPR,0.2423047917636,Unipotent,NMPR,Tumor_epithelial_basal
BD_immune09_455514,normal_NMPR,normal_NMPR,0.238832828878517,Unipotent,NMPR,Tumor_epithelial_basal
BD_immune09_119622,normal_NMPR,normal_NMPR,0.287155168060636,Unipotent,NMPR,Tumor_epithelial_basal
BD_immune09_214158,normal_NMPR,normal_NMPR,0.249575498672632,Unipotent,NMPR,Tumor_epithelial_basal
BD_immune09_467660,normal_NMPR,normal_NMPR,0.283823627152978,Unipotent,NMPR,Tumor_epithelial_basal
BD_immune09_532585,normal_NMPR,normal_NMPR,0.230339309448012,Unipotent,NMPR,Tumor_epithelial_basal
BD_immune09_348756,normal_NMPR,normal_NMPR,0.226075291120791,Unipotent,NMPR,Tumor_epithelial_basal
BD_immune09_398274,normal_NMPR,normal_NMPR,0.232272314244106,Unipotent,NMPR,Tumor_epithelial_basal
BD_immune09_345180,normal_NMPR,normal_NMPR,0.294048337157875,Unipotent,NMPR,Tumor_epithelial_basal
BD_immune09_401178,normal_NMPR,normal_NMPR,0.247546139392262,Unipotent,NMPR,Tumor_epithelial_basal
BD_immune09_50037,normal_NMPR,normal_NMPR,0.233681411179785,Unipotent,NMPR,Tumor_epithelial_basal
BD_immune09_766138,normal_NMPR,normal_NMPR,0.33582875559662,Oligopotent,NMPR,Tumor_epithelial_basal
BD_immune09_802534,normal_NMPR,normal_NMPR,0.22179649672826,Unipotent,NMPR,Tumor_epithelial_basal
BD_immune09_67387,normal_NMPR,normal_NMPR,0.33528704425196,Oligopotent,NMPR,Tumor_epithelial_basal
BD_immune09_711887,normal_NMPR,normal_NMPR,0.248280604194113,Unipotent,NMPR,Tumor_epithelial_basal
BD_immune09_56417,normal_NMPR,normal_NMPR,0.131253899675006,Differentiated,NMPR,Tumor_epithelial_basal
BD_immune09_779630,normal_NMPR,normal_NMPR,0.300896743512686,Unipotent,NMPR,Tumor_epithelial_basal
BD_immune09_608601,normal_NMPR,normal_NMPR,0.296192104383155,Unipotent,NMPR,Tumor_epithelial_basal
BD_immune09_11874,normal_NMPR,normal_NMPR,0.243966599807473,Unipotent,NMPR,Tumor_epithelial_basal
BD_immune09_543528,normal_NMPR,normal_NMPR,0.342051732227173,Oligopotent,NMPR,Tumor_epithelial_basal
BD_immune09_137873,normal_NMPR,normal_NMPR,0.228805179865682,Unipotent,NMPR,Tumor_epithelial_basal
BD_immune09_158769,normal_NMPR,normal_NMPR,0.287957152110871,Unipotent,NMPR,Tumor_epithelial_basal
BD_immune09_496303,normal_NMPR,normal_NMPR,0.210137289323627,Unipotent,NMPR,Tumor_epithelial_basal
BD_immune09_574585,normal_NMPR,normal_NMPR,0.262048582087846,Unipotent,NMPR,Tumor_epithelial_basal
BD_immune09_223963,normal_NMPR,normal_NMPR,0.208759318262165,Unipotent,NMPR,Tumor_epithelial_basal
BD_immune09_355834,normal_NMPR,normal_NMPR,0.183452881764216,Unipotent,NMPR,Tumor_epithelial_basal
BD_immune09_352153,normal_NMPR,normal_NMPR,0.227130158071703,Unipotent,NMPR,Tumor_epithelial_basal
BD_immune09_830774,normal_NMPR,normal_NMPR,0.142337661594151,Differentiated,NMPR,Tumor_epithelial_basal
BD_immune09_342714,normal_NMPR,normal_NMPR,0.268488633663637,Unipotent,NMPR,Tumor_epithelial_basal
BD_immune09_801921,normal_NMPR,normal_NMPR,0.23609895078281,Unipotent,NMPR,Tumor_epithelial_basal
BD_immune09_354946,normal_NMPR,normal_NMPR,0.24147678318501,Unipotent,NMPR,Tumor_epithelial_basal
BD_immune09_301850,normal_NMPR,normal_NMPR,0.142373716453055,Differentiated,NMPR,Tumor_epithelial_basal
BD_immune09_720189,normal_NMPR,normal_NMPR,0.149559066341751,Differentiated,NMPR,Tumor_epithelial_basal
BD_immune09_719265,normal_NMPR,normal_NMPR,0.296799800882887,Unipotent,NMPR,Tumor_epithelial_basal
BD_immune09_756130,normal_NMPR,normal_NMPR,0.278680253733333,Unipotent,NMPR,Tumor_epithelial_basal
BD_immune09_461592,normal_NMPR,normal_NMPR,0.398214199664926,Oligopotent,NMPR,Tumor_epithelial_basal
BD_immune09_157839,normal_NMPR,normal_NMPR,0.234937238394179,Unipotent,NMPR,Tumor_epithelial_basal
BD_immune09_723730,normal_NMPR,normal_NMPR,0.224037120404155,Unipotent,NMPR,Tumor_epithelial_basal
BD_immune09_562593,,,0.215250832801789,Unipotent,NMPR,Tumor_epithelial_basal
BD_immune09_637393,normal_NMPR,normal_NMPR,0.14158837066752,Differentiated,NMPR,Tumor_epithelial_basal
BD_immune09_660992,normal_NMPR,normal_NMPR,0.296251595854686,Unipotent,NMPR,Tumor_epithelial_basal
BD_immune09_273279,normal_NMPR,normal_NMPR,0.229483658489289,Unipotent,NMPR,Tumor_epithelial_basal
BD_immune09_613366,normal_NMPR,normal_NMPR,0.266769412317602,Unipotent,NMPR,Tumor_epithelial_basal
BD_immune09_780623,normal_NMPR,normal_NMPR,0.208510951922104,Unipotent,NMPR,Tumor_epithelial_basal
BD_immune09_875177,,,0.214358190158008,Unipotent,NMPR,Tumor_epithelial_basal
BD_immune09_484164,normal_NMPR,normal_NMPR,0.193406576025331,Unipotent,NMPR,Tumor_epithelial_basal
BD_immune09_726857,,,0.24919263522666,Unipotent,NMPR,Tumor_epithelial_basal
BD_immune09_224113,normal_NMPR,normal_NMPR,0.197926788207255,Unipotent,NMPR,Tumor_epithelial_basal
BD_immune09_119150,normal_NMPR,normal_NMPR,0.31819494887467,Unipotent,NMPR,Tumor_epithelial_basal
BD_immune09_229368,normal_NMPR,normal_NMPR,0.215063093876852,Unipotent,NMPR,Tumor_epithelial_basal
BD_immune09_603330,normal_NMPR,normal_NMPR,0.216941632851152,Unipotent,NMPR,Tumor_epithelial_basal
BD_immune09_20975,normal_NMPR,normal_NMPR,0.197270618531993,Unipotent,NMPR,Tumor_epithelial_basal
BD_immune09_341397,normal_NMPR,normal_NMPR,0.135264507129931,Differentiated,NMPR,Tumor_epithelial_basal
BD_immune09_68463,normal_NMPR,normal_NMPR,0.197821039170001,Unipotent,NMPR,Tumor_epithelial_basal
BD_immune09_97061,normal_NMPR,normal_NMPR,0.231318499850795,Unipotent,NMPR,Tumor_epithelial_basal
BD_immune09_241583,,,0.14414068432759,Differentiated,NMPR,Tumor_epithelial_basal
BD_immune10_599689,normal_NMPR,normal_NMPR,0.450782335843889,Oligopotent,NMPR,Tumor_epithelial_basal
BD_immune10_455389,normal_NMPR,normal_NMPR,0.129790861744177,Differentiated,NMPR,Tumor_epithelial_basal
BD_immune10_9688,normal_NMPR,normal_NMPR,0.443962264411938,Oligopotent,NMPR,Tumor_epithelial_basal
BD_immune10_701660,normal_NMPR,normal_NMPR,0.371110820926768,Oligopotent,NMPR,Tumor_epithelial_basal
BD_immune10_420142,normal_NMPR,normal_NMPR,0.441271646594659,Oligopotent,NMPR,Tumor_epithelial_basal
BD_immune10_375860,normal_NMPR,normal_NMPR,0.139590409982607,Differentiated,NMPR,Tumor_epithelial_basal
BD_immune10_94199,normal_NMPR,normal_NMPR,0.261657760132221,Unipotent,NMPR,Tumor_epithelial_basal
BD_immune10_522853,normal_NMPR,normal_NMPR,0.478514343518813,Oligopotent,NMPR,Tumor_epithelial_basal
BD_immune10_467232,normal_NMPR,normal_NMPR,0.202445693304724,Unipotent,NMPR,Tumor_epithelial_basal
BD_immune10_298814,normal_NMPR,normal_NMPR,0.394075626669031,Oligopotent,NMPR,Tumor_epithelial_basal
BD_immune10_493556,normal_NMPR,normal_NMPR,0.454723398786348,Oligopotent,NMPR,Tumor_epithelial_basal
BD_immune10_850438,normal_NMPR,normal_NMPR,0.460138495669899,Oligopotent,NMPR,Tumor_epithelial_basal
BD_immune10_749154,normal_NMPR,normal_NMPR,0.284602816047521,Unipotent,NMPR,Tumor_epithelial_basal
BD_immune10_121914,normal_NMPR,normal_NMPR,0.403643446630577,Oligopotent,NMPR,Tumor_epithelial_basal
BD_immune10_269167,normal_NMPR,normal_NMPR,0.407565144599489,Oligopotent,NMPR,Tumor_epithelial_basal
BD_immune10_645293,normal_NMPR,normal_NMPR,0.403029360603657,Oligopotent,NMPR,Tumor_epithelial_basal
BD_immune10_75711,normal_NMPR,normal_NMPR,0.142012336854948,Differentiated,NMPR,Tumor_epithelial_basal
BD_immune10_480563,normal_NMPR,normal_NMPR,0.39259764759808,Oligopotent,NMPR,Tumor_epithelial_basal
BD_immune10_576892,normal_NMPR,normal_NMPR,0.44622752245257,Oligopotent,NMPR,Tumor_epithelial_basal
BD_immune10_270036,normal_NMPR,normal_NMPR,0.279718718246949,Unipotent,NMPR,Tumor_epithelial_basal
BD_immune10_824908,normal_NMPR,normal_NMPR,0.34487594834531,Oligopotent,NMPR,Tumor_epithelial_basal
BD_immune10_436642,normal_NMPR,normal_NMPR,0.377859187595262,Oligopotent,NMPR,Tumor_epithelial_basal
BD_immune10_660288,normal_NMPR,normal_NMPR,0.39056805702789,Oligopotent,NMPR,Tumor_epithelial_basal
BD_immune10_288449,normal_NMPR,normal_NMPR,0.357341984392753,Oligopotent,NMPR,Tumor_epithelial_basal
BD_immune10_144482,normal_NMPR,normal_NMPR,0.422441163016568,Oligopotent,NMPR,Tumor_epithelial_basal
BD_immune10_564664,normal_NMPR,normal_NMPR,0.285279591271334,Unipotent,NMPR,Tumor_epithelial_basal
BD_immune10_404089,normal_NMPR,normal_NMPR,0.40016862552135,Oligopotent,NMPR,Tumor_epithelial_basal
BD_immune10_132267,normal_NMPR,normal_NMPR,0.309732369729653,Unipotent,NMPR,Tumor_epithelial_basal
BD_immune10_45002,normal_NMPR,normal_NMPR,0.253300635828642,Unipotent,NMPR,Tumor_epithelial_basal
BD_immune10_703915,normal_NMPR,normal_NMPR,0.132743478388375,Differentiated,NMPR,Tumor_epithelial_basal
BD_immune10_687786,normal_NMPR,normal_NMPR,0.145546482692701,Differentiated,NMPR,Tumor_epithelial_basal
BD_immune10_607383,normal_NMPR,normal_NMPR,0.450963943179974,Oligopotent,NMPR,Tumor_epithelial_basal
BD_immune10_416593,normal_NMPR,normal_NMPR,0.418250866130686,Oligopotent,NMPR,Tumor_epithelial_basal
BD_immune10_590164,normal_NMPR,normal_NMPR,0.141326642160721,Differentiated,NMPR,Tumor_epithelial_basal
BD_immune10_452379,normal_NMPR,normal_NMPR,0.398977547229393,Oligopotent,NMPR,Tumor_epithelial_basal
BD_immune10_54123,normal_NMPR,normal_NMPR,0.397466153533224,Oligopotent,NMPR,Tumor_epithelial_basal
BD_immune10_69551,normal_NMPR,normal_NMPR,0.27773034173519,Unipotent,NMPR,Tumor_epithelial_basal
BD_immune10_352310,normal_NMPR,normal_NMPR,0.381706158141198,Oligopotent,NMPR,Tumor_epithelial_basal
BD_immune10_280893,normal_NMPR,normal_NMPR,0.139110977791841,Differentiated,NMPR,Tumor_epithelial_basal
BD_immune10_113911,normal_NMPR,normal_NMPR,0.290545600676054,Unipotent,NMPR,Tumor_epithelial_basal
BD_immune10_596957,normal_NMPR,normal_NMPR,0.403993576924076,Oligopotent,NMPR,Tumor_epithelial_basal
BD_immune10_364033,normal_NMPR,normal_NMPR,0.413727238259614,Oligopotent,NMPR,Tumor_epithelial_basal
BD_immune10_821980,normal_NMPR,normal_NMPR,0.371816435221938,Oligopotent,NMPR,Tumor_epithelial_basal
BD_immune10_430029,normal_NMPR,normal_NMPR,0.390451809697361,Oligopotent,NMPR,Tumor_epithelial_basal
BD_immune10_880327,normal_NMPR,normal_NMPR,0.404384669396709,Oligopotent,NMPR,Tumor_epithelial_basal
BD_immune10_218090,normal_NMPR,normal_NMPR,0.393471917396333,Oligopotent,NMPR,Tumor_epithelial_basal
BD_immune10_558031,normal_NMPR,normal_NMPR,0.374451257428302,Oligopotent,NMPR,Tumor_epithelial_basal
BD_immune10_391734,normal_NMPR,normal_NMPR,0.355321575269341,Oligopotent,NMPR,Tumor_epithelial_basal
BD_immune10_873486,normal_NMPR,normal_NMPR,0.38058998730183,Oligopotent,NMPR,Tumor_epithelial_basal
BD_immune10_824170,normal_NMPR,normal_NMPR,0.398010212248294,Oligopotent,NMPR,Tumor_epithelial_basal
BD_immune10_128347,normal_NMPR,normal_NMPR,0.319766383034245,Unipotent,NMPR,Tumor_epithelial_basal
BD_immune10_539155,normal_NMPR,normal_NMPR,0.387470734696955,Oligopotent,NMPR,Tumor_epithelial_basal
BD_immune10_135963,normal_NMPR,normal_NMPR,0.462591048476392,Oligopotent,NMPR,Tumor_epithelial_basal
BD_immune10_172273,normal_NMPR,normal_NMPR,0.256392843080335,Unipotent,NMPR,Tumor_epithelial_basal
BD_immune10_641830,normal_NMPR,normal_NMPR,0.139186301683674,Differentiated,NMPR,Tumor_epithelial_basal
BD_immune10_515089,normal_NMPR,normal_NMPR,0.397428861630794,Oligopotent,NMPR,Tumor_epithelial_basal
BD_immune10_54182,normal_NMPR,normal_NMPR,0.340507401738198,Oligopotent,NMPR,Tumor_epithelial_basal
BD_immune10_227877,normal_NMPR,normal_NMPR,0.35760739186667,Oligopotent,NMPR,Tumor_epithelial_basal
BD_immune10_761274,normal_NMPR,normal_NMPR,0.409112851569775,Oligopotent,NMPR,Tumor_epithelial_basal
BD_immune10_399765,normal_NMPR,normal_NMPR,0.415101598466409,Oligopotent,NMPR,Tumor_epithelial_basal
BD_immune10_256253,normal_NMPR,normal_NMPR,0.388494760007143,Oligopotent,NMPR,Tumor_epithelial_basal
BD_immune10_428736,normal_NMPR,normal_NMPR,0.281442990775664,Unipotent,NMPR,Tumor_epithelial_basal
BD_immune10_562794,normal_NMPR,normal_NMPR,0.385354171982991,Oligopotent,NMPR,Tumor_epithelial_basal
BD_immune10_474379,normal_NMPR,normal_NMPR,0.38356952982564,Oligopotent,NMPR,Tumor_epithelial_basal
BD_immune10_839107,normal_NMPR,normal_NMPR,0.396193257708519,Oligopotent,NMPR,Tumor_epithelial_basal
BD_immune10_271601,normal_NMPR,normal_NMPR,0.323002781444491,Unipotent,NMPR,Tumor_epithelial_basal
BD_immune10_163228,normal_NMPR,normal_NMPR,0.283343360834319,Unipotent,NMPR,Tumor_epithelial_basal
BD_immune10_324854,normal_NMPR,normal_NMPR,0.306724586180009,Unipotent,NMPR,Tumor_epithelial_basal
BD_immune10_300183,normal_NMPR,normal_NMPR,0.274502932726412,Unipotent,NMPR,Tumor_epithelial_basal
BD_immune10_380400,normal_NMPR,normal_NMPR,0.461169104914649,Oligopotent,NMPR,Tumor_epithelial_basal
BD_immune10_787255,normal_NMPR,normal_NMPR,0.460683364305613,Oligopotent,NMPR,Tumor_epithelial_basal
BD_immune10_845475,normal_NMPR,normal_NMPR,0.414041331407495,Oligopotent,NMPR,Tumor_epithelial_basal
BD_immune10_26033,normal_NMPR,normal_NMPR,0.360836782393263,Oligopotent,NMPR,Tumor_epithelial_basal
BD_immune10_398254,normal_NMPR,normal_NMPR,0.213652181358617,Unipotent,NMPR,Tumor_epithelial_basal
BD_immune10_745893,normal_NMPR,normal_NMPR,0.133057463074685,Differentiated,NMPR,Tumor_epithelial_basal
BD_immune10_518549,normal_NMPR,normal_NMPR,0.148172607071561,Differentiated,NMPR,Tumor_epithelial_basal
BD_immune10_854225,normal_NMPR,normal_NMPR,0.142040124561546,Differentiated,NMPR,Tumor_epithelial_basal
BD_immune10_833384,normal_NMPR,normal_NMPR,0.384720207601717,Oligopotent,NMPR,Tumor_epithelial_basal
BD_immune10_863847,normal_NMPR,normal_NMPR,0.380744396441394,Oligopotent,NMPR,Tumor_epithelial_basal
BD_immune10_480140,normal_NMPR,normal_NMPR,0.348717276101291,Oligopotent,NMPR,Tumor_epithelial_basal
BD_immune10_398580,normal_NMPR,normal_NMPR,0.392978117944855,Oligopotent,NMPR,Tumor_epithelial_basal
BD_immune10_793059,normal_NMPR,normal_NMPR,0.281713018270851,Unipotent,NMPR,Tumor_epithelial_basal
BD_immune10_98902,normal_NMPR,normal_NMPR,0.418284125614745,Oligopotent,NMPR,Tumor_epithelial_basal
BD_immune10_25031,normal_NMPR,normal_NMPR,0.132479653107289,Differentiated,NMPR,Tumor_epithelial_basal
BD_immune10_720933,normal_NMPR,normal_NMPR,0.36744208652666,Oligopotent,NMPR,Tumor_epithelial_basal
BD_immune10_472854,normal_NMPR,normal_NMPR,0.486566108008597,Oligopotent,NMPR,Tumor_epithelial_basal
BD_immune10_97648,normal_NMPR,normal_NMPR,0.459172799380229,Oligopotent,NMPR,Tumor_epithelial_basal
BD_immune10_247522,normal_NMPR,normal_NMPR,0.398551029904678,Oligopotent,NMPR,Tumor_epithelial_basal
BD_immune10_377528,normal_NMPR,normal_NMPR,0.414643604111833,Oligopotent,NMPR,Tumor_epithelial_basal
BD_immune10_331854,normal_NMPR,normal_NMPR,0.272074128332443,Unipotent,NMPR,Tumor_epithelial_basal
BD_immune10_799899,normal_NMPR,normal_NMPR,0.195957191662292,Unipotent,NMPR,Tumor_epithelial_basal
BD_immune10_737641,normal_NMPR,normal_NMPR,0.221127342899341,Unipotent,NMPR,Tumor_epithelial_basal
BD_immune10_490692,normal_NMPR,normal_NMPR,0.20564683156058,Unipotent,NMPR,Tumor_epithelial_basal
BD_immune10_516763,normal_NMPR,normal_NMPR,0.406819863942284,Oligopotent,NMPR,Tumor_epithelial_basal
BD_immune10_362032,normal_NMPR,normal_NMPR,0.093888054214375,Differentiated,NMPR,Tumor_epithelial_AT2
BD_immune10_21235,normal_NMPR,normal_NMPR,0.321732045635491,Unipotent,NMPR,Tumor_epithelial_basal
BD_immune10_105566,normal_NMPR,normal_NMPR,0.26019455090817,Unipotent,NMPR,Tumor_epithelial_basal
BD_immune10_708245,normal_NMPR,normal_NMPR,0.201161803082122,Unipotent,NMPR,Tumor_epithelial_basal
BD_immune10_529425,normal_NMPR,normal_NMPR,0.321303476729003,Unipotent,NMPR,Tumor_epithelial_basal
BD_immune10_145114,normal_NMPR,normal_NMPR,0.250567507490325,Unipotent,NMPR,Tumor_epithelial_basal
BD_immune10_460745,normal_NMPR,normal_NMPR,0.253852658906879,Unipotent,NMPR,Tumor_epithelial_basal
BD_immune10_545930,normal_NMPR,normal_NMPR,0.285688432609678,Unipotent,NMPR,Tumor_epithelial_basal
BD_immune10_401833,normal_NMPR,normal_NMPR,0.306249469323247,Unipotent,NMPR,Tumor_epithelial_basal
BD_immune10_531613,normal_NMPR,normal_NMPR,0.472690728850617,Oligopotent,NMPR,Tumor_epithelial_basal
BD_immune10_251532,normal_NMPR,normal_NMPR,0.268557504574401,Unipotent,NMPR,Tumor_epithelial_basal
BD_immune10_788263,normal_NMPR,normal_NMPR,0.151425446015649,Differentiated,NMPR,Tumor_epithelial_basal
BD_immune10_290638,normal_NMPR,normal_NMPR,0.373874300953917,Oligopotent,NMPR,Tumor_epithelial_basal
BD_immune10_806330,normal_NMPR,normal_NMPR,0.365878254607027,Oligopotent,NMPR,Tumor_epithelial_basal
BD_immune10_574984,normal_NMPR,normal_NMPR,0.259107001918683,Unipotent,NMPR,Tumor_epithelial_basal
BD_immune10_634341,normal_NMPR,normal_NMPR,0.121112670516102,Differentiated,NMPR,Tumor_epithelial_basal
BD_immune10_375576,normal_NMPR,normal_NMPR,0.28055939351047,Unipotent,NMPR,Tumor_epithelial_basal
BD_immune10_814221,normal_NMPR,normal_NMPR,0.246000020994951,Unipotent,NMPR,Tumor_epithelial_basal
BD_immune10_872968,normal_NMPR,normal_NMPR,0.293476893511435,Unipotent,NMPR,Tumor_epithelial_basal
BD_immune10_833158,normal_NMPR,normal_NMPR,0.32486284674532,Unipotent,NMPR,Tumor_epithelial_basal
BD_immune10_470748,normal_NMPR,normal_NMPR,0.341959603402905,Oligopotent,NMPR,Tumor_epithelial_basal
BD_immune10_503947,normal_NMPR,normal_NMPR,0.504697641088315,Multipotent,NMPR,Tumor_epithelial_basal
BD_immune10_605054,normal_NMPR,normal_NMPR,0.462081605124249,Oligopotent,NMPR,Tumor_epithelial_basal
BD_immune10_174697,normal_NMPR,normal_NMPR,0.329909320731983,Unipotent,NMPR,Tumor_epithelial_basal
BD_immune10_719991,normal_NMPR,normal_NMPR,0.212785259878506,Unipotent,NMPR,Tumor_epithelial_basal
BD_immune10_249793,normal_NMPR,normal_NMPR,0.437292585053266,Oligopotent,NMPR,Tumor_epithelial_basal
BD_immune10_399199,normal_NMPR,normal_NMPR,0.279798186411889,Unipotent,NMPR,Tumor_epithelial_basal
BD_immune10_781326,normal_NMPR,normal_NMPR,0.385153021023848,Oligopotent,NMPR,Tumor_epithelial_basal
BD_immune10_553502,normal_NMPR,normal_NMPR,0.303866625728339,Unipotent,NMPR,Tumor_epithelial_basal
BD_immune10_840452,normal_NMPR,normal_NMPR,0.313288067252041,Unipotent,NMPR,Tumor_epithelial_basal
BD_immune10_469726,normal_NMPR,normal_NMPR,0.272076383668494,Unipotent,NMPR,Tumor_epithelial_basal
BD_immune10_27483,normal_NMPR,normal_NMPR,0.474813178894165,Oligopotent,NMPR,Tumor_epithelial_basal
BD_immune10_876518,normal_NMPR,normal_NMPR,0.272488667812915,Unipotent,NMPR,Tumor_epithelial_basal
BD_immune10_471359,normal_NMPR,normal_NMPR,0.207929156726699,Unipotent,NMPR,Tumor_epithelial_basal
BD_immune10_782462,normal_NMPR,normal_NMPR,0.292653483259893,Unipotent,NMPR,Tumor_epithelial_basal
BD_immune10_6504,normal_NMPR,normal_NMPR,0.167029150134836,Unipotent,NMPR,Tumor_epithelial_basal
BD_immune10_549114,normal_NMPR,normal_NMPR,0.302224106598782,Unipotent,NMPR,Tumor_epithelial_basal
BD_immune10_50781,normal_NMPR,normal_NMPR,0.333679139941304,Oligopotent,NMPR,Tumor_epithelial_basal
BD_immune10_514567,normal_NMPR,normal_NMPR,0.207288907881101,Unipotent,NMPR,Tumor_epithelial_basal
BD_immune10_569756,normal_NMPR,normal_NMPR,0.374200293048464,Oligopotent,NMPR,Tumor_epithelial_basal
BD_immune10_648361,normal_NMPR,normal_NMPR,0.477931142632847,Oligopotent,NMPR,Tumor_epithelial_basal
BD_immune10_397106,normal_NMPR,normal_NMPR,0.107193661153464,Differentiated,NMPR,Tumor_epithelial_AT2
BD_immune10_845826,normal_NMPR,normal_NMPR,0.337605408457243,Oligopotent,NMPR,Tumor_epithelial_basal
BD_immune10_511743,normal_NMPR,normal_NMPR,0.14661258569883,Differentiated,NMPR,Tumor_epithelial_basal
BD_immune10_544496,normal_NMPR,normal_NMPR,0.32224748919113,Unipotent,NMPR,Tumor_epithelial_basal
BD_immune10_722844,normal_NMPR,normal_NMPR,0.386870786759752,Oligopotent,NMPR,Tumor_epithelial_basal
BD_immune10_861473,normal_NMPR,normal_NMPR,0.36240262980112,Oligopotent,NMPR,Tumor_epithelial_basal
BD_immune10_490098,normal_NMPR,normal_NMPR,0.306894045360641,Unipotent,NMPR,Tumor_epithelial_basal
BD_immune10_87116,normal_NMPR,normal_NMPR,0.294869451562457,Unipotent,NMPR,Tumor_epithelial_basal
BD_immune10_822801,normal_NMPR,normal_NMPR,0.249783868783869,Unipotent,NMPR,Tumor_epithelial_basal
BD_immune10_803425,normal_NMPR,normal_NMPR,0.305443161293538,Unipotent,NMPR,Tumor_epithelial_basal
BD_immune10_778765,normal_NMPR,normal_NMPR,0.329252996946684,Unipotent,NMPR,Tumor_epithelial_basal
BD_immune10_245493,normal_NMPR,normal_NMPR,0.360578460550268,Oligopotent,NMPR,Tumor_epithelial_basal
BD_immune10_161258,normal_NMPR,normal_NMPR,0.136914506940123,Differentiated,NMPR,Tumor_epithelial_basal
BD_immune10_880780,normal_NMPR,normal_NMPR,0.264228514309301,Unipotent,NMPR,Tumor_epithelial_basal
BD_immune10_220856,normal_NMPR,normal_NMPR,0.30757390366936,Unipotent,NMPR,Tumor_epithelial_basal
BD_immune10_28852,normal_NMPR,normal_NMPR,0.236358823523149,Unipotent,NMPR,Tumor_epithelial_basal
BD_immune10_729882,normal_NMPR,normal_NMPR,0.26376848561972,Unipotent,NMPR,Tumor_epithelial_basal
BD_immune10_815060,normal_NMPR,normal_NMPR,0.136954948805613,Differentiated,NMPR,Tumor_epithelial_basal
BD_immune10_284239,normal_NMPR,normal_NMPR,0.29595312780698,Unipotent,NMPR,Tumor_epithelial_basal
BD_immune10_831680,normal_NMPR,normal_NMPR,0.289557607741628,Unipotent,NMPR,Tumor_epithelial_basal
BD_immune10_412436,normal_NMPR,normal_NMPR,0.362034109276995,Oligopotent,NMPR,Tumor_epithelial_basal
BD_immune10_74927,normal_NMPR,normal_NMPR,0.362355990663147,Oligopotent,NMPR,Tumor_epithelial_basal
BD_immune10_855876,normal_NMPR,normal_NMPR,0.204940996951047,Unipotent,NMPR,Tumor_epithelial_basal
BD_immune10_556385,normal_NMPR,normal_NMPR,0.328233916815457,Unipotent,NMPR,Tumor_epithelial_basal
BD_immune10_51107,normal_NMPR,normal_NMPR,0.339704357617454,Oligopotent,NMPR,Tumor_epithelial_basal
BD_immune10_306029,normal_NMPR,normal_NMPR,0.103046599292233,Differentiated,NMPR,Tumor_epithelial_basal
BD_immune10_154999,normal_NMPR,normal_NMPR,0.223596810430857,Unipotent,NMPR,Tumor_epithelial_basal
BD_immune10_841299,normal_NMPR,normal_NMPR,0.208657366814815,Unipotent,NMPR,Tumor_epithelial_basal
BD_immune10_11420,normal_NMPR,normal_NMPR,0.206505801157724,Unipotent,NMPR,Tumor_epithelial_basal
BD_immune10_563111,normal_NMPR,normal_NMPR,0.256523631452205,Unipotent,NMPR,Tumor_epithelial_basal
BD_immune10_773704,,,0.240129673195192,Unipotent,NMPR,Tumor_epithelial_basal
BD_immune10_325172,,,0.334641381455946,Oligopotent,NMPR,Tumor_epithelial_basal
BD_immune10_354007,normal_NMPR,normal_NMPR,0.378315178153885,Oligopotent,NMPR,Tumor_epithelial_basal
BD_immune10_163441,normal_NMPR,normal_NMPR,0.237085881978612,Unipotent,NMPR,Tumor_epithelial_basal
BD_immune10_129788,normal_NMPR,normal_NMPR,0.21667228712246,Unipotent,NMPR,Tumor_epithelial_basal
BD_immune10_274530,normal_NMPR,normal_NMPR,0.345661591266589,Oligopotent,NMPR,Tumor_epithelial_basal
BD_immune10_279919,normal_NMPR,normal_NMPR,0.357730730730679,Oligopotent,NMPR,Tumor_epithelial_basal
BD_immune10_369753,normal_NMPR,normal_NMPR,0.270843212365905,Unipotent,NMPR,Tumor_epithelial_basal
BD_immune10_40077,normal_NMPR,normal_NMPR,0.212512266755822,Unipotent,NMPR,Tumor_epithelial_basal
BD_immune10_246989,normal_NMPR,normal_NMPR,0.270725137138793,Unipotent,NMPR,Tumor_epithelial_basal
BD_immune10_609720,normal_NMPR,normal_NMPR,0.274662259290747,Unipotent,NMPR,Tumor_epithelial_basal
BD_immune10_851767,normal_NMPR,normal_NMPR,0.327485535286832,Unipotent,NMPR,Tumor_epithelial_basal
BD_immune10_38621,normal_NMPR,normal_NMPR,0.141117680442137,Differentiated,NMPR,Tumor_epithelial_basal
BD_immune10_596752,normal_NMPR,normal_NMPR,0.397493735590816,Oligopotent,NMPR,Tumor_epithelial_basal
BD_immune10_743649,normal_NMPR,normal_NMPR,0.223843104780742,Unipotent,NMPR,Tumor_epithelial_basal
BD_immune10_247581,normal_NMPR,normal_NMPR,0.225550954234498,Unipotent,NMPR,Tumor_epithelial_basal
BD_immune10_544089,normal_NMPR,normal_NMPR,0.3096934775462,Unipotent,NMPR,Tumor_epithelial_basal
BD_immune10_712327,normal_NMPR,normal_NMPR,0.276865840554875,Unipotent,NMPR,Tumor_epithelial_basal
BD_immune10_474430,normal_NMPR,normal_NMPR,0.108518918698178,Differentiated,NMPR,Tumor_epithelial_AT2
BD_immune10_390713,normal_NMPR,normal_NMPR,0.273939557760497,Unipotent,NMPR,Tumor_epithelial_basal
BD_immune10_183885,normal_NMPR,normal_NMPR,0.264310181842412,Unipotent,NMPR,Tumor_epithelial_basal
BD_immune10_595282,normal_NMPR,normal_NMPR,0.255285285180692,Unipotent,NMPR,Tumor_epithelial_basal
BD_immune10_354653,normal_NMPR,normal_NMPR,0.295636528999874,Unipotent,NMPR,Tumor_epithelial_basal
BD_immune10_376210,normal_NMPR,normal_NMPR,0.28180465542713,Unipotent,NMPR,Tumor_epithelial_basal
BD_immune10_80700,normal_NMPR,normal_NMPR,0.356037377037164,Oligopotent,NMPR,Tumor_epithelial_basal
BD_immune10_36114,normal_NMPR,normal_NMPR,0.411428061035157,Oligopotent,NMPR,Tumor_epithelial_basal
BD_immune10_745259,normal_NMPR,normal_NMPR,0.376495624461208,Oligopotent,NMPR,Tumor_epithelial_basal
BD_immune10_247003,normal_NMPR,normal_NMPR,0.35112268410243,Oligopotent,NMPR,Tumor_epithelial_basal
BD_immune10_218075,normal_NMPR,normal_NMPR,0.256054000495398,Unipotent,NMPR,Tumor_epithelial_basal
BD_immune10_231321,normal_NMPR,normal_NMPR,0.199319491381561,Unipotent,NMPR,Tumor_epithelial_basal
BD_immune10_39947,normal_NMPR,normal_NMPR,0.220559862416414,Unipotent,NMPR,Tumor_epithelial_basal
BD_immune10_379846,normal_NMPR,normal_NMPR,0.200524336319561,Unipotent,NMPR,Tumor_epithelial_basal
BD_immune10_69101,normal_NMPR,normal_NMPR,0.399791060425308,Oligopotent,NMPR,Tumor_epithelial_basal
BD_immune10_510223,normal_NMPR,normal_NMPR,0.370228276823868,Oligopotent,NMPR,Tumor_epithelial_basal
BD_immune10_453751,normal_NMPR,normal_NMPR,0.0745105922453955,Differentiated,NMPR,Tumor_epithelial_basal
BD_immune10_808835,normal_NMPR,normal_NMPR,0.418170147851068,Oligopotent,NMPR,Tumor_epithelial_basal
BD_immune10_685183,normal_NMPR,normal_NMPR,0.209116549740082,Unipotent,NMPR,Tumor_epithelial_basal
BD_immune10_541177,normal_NMPR,normal_NMPR,0.275726649368261,Unipotent,NMPR,Tumor_epithelial_basal
BD_immune10_790176,,,0.252403106420788,Unipotent,NMPR,Tumor_epithelial_basal
BD_immune10_856252,normal_NMPR,normal_NMPR,0.295101113373322,Unipotent,NMPR,Tumor_epithelial_basal
BD_immune10_535545,normal_NMPR,normal_NMPR,0.264984381602481,Unipotent,NMPR,Tumor_epithelial_basal
BD_immune10_192465,normal_NMPR,normal_NMPR,0.239250547547875,Unipotent,NMPR,Tumor_epithelial_basal
BD_immune10_29359,,,0.137671386553213,Differentiated,NMPR,Tumor_epithelial_basal
BD_immune10_741318,normal_NMPR,normal_NMPR,0.378452819566421,Oligopotent,NMPR,Tumor_epithelial_basal
BD_immune10_551621,normal_NMPR,normal_NMPR,0.373074243687109,Oligopotent,NMPR,Tumor_epithelial_basal
BD_immune10_482029,normal_NMPR,normal_NMPR,0.260696898334968,Unipotent,NMPR,Tumor_epithelial_basal
BD_immune10_544082,normal_NMPR,normal_NMPR,0.130722843684003,Differentiated,NMPR,Tumor_epithelial_basal
BD_immune10_746905,normal_NMPR,normal_NMPR,0.374928395897911,Oligopotent,NMPR,Tumor_epithelial_basal
BD_immune10_275157,normal_NMPR,normal_NMPR,0.30304751531543,Unipotent,NMPR,Tumor_epithelial_basal
BD_immune10_566527,,,0.235417911151132,Unipotent,NMPR,Tumor_epithelial_basal
BD_immune10_629933,normal_NMPR,normal_NMPR,0.193103424232201,Unipotent,NMPR,Tumor_epithelial_basal
BD_immune10_316744,normal_NMPR,normal_NMPR,0.177263876045798,Unipotent,NMPR,Tumor_epithelial_basal
BD_immune10_227501,,,0.235246525160063,Unipotent,NMPR,Tumor_epithelial_basal
BD_immune10_174900,normal_NMPR,normal_NMPR,0.2369993755437,Unipotent,NMPR,Tumor_epithelial_basal
BD_immune10_56278,normal_NMPR,normal_NMPR,0.220754373088487,Unipotent,NMPR,Tumor_epithelial_basal
BD_immune10_698648,normal_NMPR,normal_NMPR,0.329403211483958,Unipotent,NMPR,Tumor_epithelial_basal
BD_immune10_197128,normal_NMPR,normal_NMPR,0.101662568813665,Differentiated,NMPR,Tumor_epithelial_basal
BD_immune10_630352,normal_NMPR,normal_NMPR,0.130275792485519,Differentiated,NMPR,Tumor_epithelial_basal
BD_immune10_66769,normal_NMPR,normal_NMPR,0.37839482293009,Oligopotent,NMPR,Tumor_epithelial_basal
BD_immune10_441325,normal_NMPR,normal_NMPR,0.135883875687169,Differentiated,NMPR,Tumor_epithelial_basal
BD_immune10_14828,normal_NMPR,normal_NMPR,0.256541740094925,Unipotent,NMPR,Tumor_epithelial_basal
BD_immune10_3673,normal_NMPR,normal_NMPR,0.192528446107781,Unipotent,NMPR,Tumor_epithelial_basal
BD_immune10_597549,normal_NMPR,normal_NMPR,0.374946402867549,Oligopotent,NMPR,Tumor_epithelial_basal
BD_immune10_678887,normal_NMPR,normal_NMPR,0.324248041464905,Unipotent,NMPR,Tumor_epithelial_basal
BD_immune10_107563,normal_NMPR,normal_NMPR,0.175216310494589,Unipotent,NMPR,Tumor_epithelial_basal
BD_immune10_204839,normal_NMPR,normal_NMPR,0.267078809078205,Unipotent,NMPR,Tumor_epithelial_basal
BD_immune10_43670,,,0.355465427265939,Oligopotent,NMPR,Tumor_epithelial_basal
BD_immune10_218518,normal_NMPR,normal_NMPR,0.291410695219849,Unipotent,NMPR,Tumor_epithelial_basal
BD_immune10_459378,normal_NMPR,normal_NMPR,0.289274092967125,Unipotent,NMPR,Tumor_epithelial_basal
BD_immune10_195102,normal_NMPR,normal_NMPR,0.111164995499708,Differentiated,NMPR,Tumor_epithelial_basal
BD_immune10_493629,normal_NMPR,normal_NMPR,0.255648565942711,Unipotent,NMPR,Tumor_epithelial_basal
BD_immune10_369235,normal_NMPR,normal_NMPR,0.0932390006061028,Differentiated,NMPR,Tumor_epithelial_basal
BD_immune10_740162,,,0.301784150126725,Unipotent,NMPR,Tumor_epithelial_basal
BD_immune10_554424,normal_NMPR,normal_NMPR,0.369416013301182,Oligopotent,NMPR,Tumor_epithelial_basal
BD_immune10_215409,normal_NMPR,normal_NMPR,0.188812196179614,Unipotent,NMPR,Tumor_epithelial_basal
BD_immune10_823046,,,0.206573081288961,Unipotent,NMPR,Tumor_epithelial_basal
BD_immune10_483256,normal_NMPR,normal_NMPR,0.30552546157666,Unipotent,NMPR,Tumor_epithelial_basal
BD_immune10_533903,normal_NMPR,normal_NMPR,0.281095180059342,Unipotent,NMPR,Tumor_epithelial_basal
BD_immune10_529751,normal_NMPR,normal_NMPR,0.301405434077156,Unipotent,NMPR,Tumor_epithelial_basal
BD_immune10_33275,,,0.192695312561771,Unipotent,NMPR,Tumor_epithelial_basal
BD_immune10_701966,normal_NMPR,normal_NMPR,0.202057420090066,Unipotent,NMPR,Tumor_epithelial_basal
BD_immune10_196841,,,0.193669040350433,Unipotent,NMPR,Tumor_epithelial_AT2
BD_immune10_870414,normal_NMPR,normal_NMPR,0.183290636848767,Unipotent,NMPR,Tumor_epithelial_basal
BD_immune10_165682,normal_NMPR,normal_NMPR,0.231181617893854,Unipotent,NMPR,Tumor_epithelial_basal
BD_immune10_353900,normal_NMPR,normal_NMPR,0.116230042173267,Differentiated,NMPR,Tumor_epithelial_basal
BD_immune10_208810,normal_NMPR,normal_NMPR,0.358046700925297,Oligopotent,NMPR,Tumor_epithelial_basal
BD_immune10_238138,,,0.202555945165443,Unipotent,NMPR,Tumor_epithelial_basal
BD_immune10_775049,normal_NMPR,normal_NMPR,0.136435834596691,Differentiated,NMPR,Tumor_epithelial_basal
BD_immune10_274495,normal_NMPR,normal_NMPR,0.126249957046741,Differentiated,NMPR,Tumor_epithelial_basal
BD_immune10_68570,normal_NMPR,normal_NMPR,0.304046472858334,Unipotent,NMPR,Tumor_epithelial_basal
BD_immune10_236699,,,0.299369907034378,Unipotent,NMPR,Tumor_epithelial_basal
BD_immune10_487753,normal_NMPR,normal_NMPR,0.0801749304718025,Differentiated,NMPR,Tumor_epithelial_AT2
BD_immune10_180761,normal_NMPR,normal_NMPR,0.276063543726457,Unipotent,NMPR,Tumor_epithelial_basal
BD_immune10_502547,,,0.407129577208599,Oligopotent,NMPR,Tumor_epithelial_basal
BD_immune10_19967,,,0.23928255080556,Unipotent,NMPR,Tumor_epithelial_basal
BD_immune10_388978,normal_NMPR,normal_NMPR,0.23610229696576,Unipotent,NMPR,Tumor_epithelial_basal
BD_immune10_727825,,,0.260031129858613,Unipotent,NMPR,Tumor_epithelial_basal
BD_immune10_618700,,,0.256211839169527,Unipotent,NMPR,Tumor_epithelial_basal
BD_immune10_857798,normal_NMPR,normal_NMPR,0.122002081204446,Differentiated,NMPR,Tumor_epithelial_basal
BD_immune10_745782,normal_NMPR,normal_NMPR,0.178842880214658,Unipotent,NMPR,Tumor_epithelial_basal
BD_immune10_268431,normal_NMPR,normal_NMPR,0.245234676658095,Unipotent,NMPR,Tumor_epithelial_basal
BD_immune10_407672,normal_NMPR,normal_NMPR,0.238174796179742,Unipotent,NMPR,Tumor_epithelial_basal
BD_immune10_586818,normal_NMPR,normal_NMPR,0.086767951121505,Differentiated,NMPR,Tumor_epithelial_basal
BD_immune10_583579,normal_NMPR,normal_NMPR,0.284318140152638,Unipotent,NMPR,Tumor_epithelial_basal
BD_immune10_748574,normal_NMPR,normal_NMPR,0.255049365928058,Unipotent,NMPR,Tumor_epithelial_basal
BD_immune10_305373,normal_NMPR,normal_NMPR,0.246172141483186,Unipotent,NMPR,Tumor_epithelial_basal
BD_immune10_251057,normal_NMPR,normal_NMPR,0.24880137104155,Unipotent,NMPR,Tumor_epithelial_basal
BD_immune10_436572,,,0.293919195556556,Unipotent,NMPR,Tumor_epithelial_basal
BD_immune10_346037,,,0.180344429627056,Unipotent,NMPR,Tumor_epithelial_basal
BD_immune10_692796,normal_NMPR,normal_NMPR,0.117989898179442,Differentiated,NMPR,Tumor_epithelial_basal
BD_immune10_605036,normal_NMPR,normal_NMPR,0.253759196322727,Unipotent,NMPR,Tumor_epithelial_basal
BD_immune10_112371,,,0.284787320320317,Unipotent,NMPR,Tumor_epithelial_basal
BD_immune10_336990,normal_NMPR,normal_NMPR,0.262781791654836,Unipotent,NMPR,Tumor_epithelial_basal
BD_immune10_560598,normal_NMPR,normal_NMPR,0.129558328860811,Differentiated,NMPR,Tumor_epithelial_basal
BD_immune10_542949,,,0.332355162256726,Unipotent,NMPR,Tumor_epithelial_basal
BD_immune10_777740,,,0.362545867483926,Oligopotent,NMPR,Tumor_epithelial_basal
BD_immune10_338408,,,0.243234819250978,Unipotent,NMPR,Tumor_epithelial_basal
BD_immune10_612205,,,0.138606203347043,Differentiated,NMPR,Tumor_epithelial_basal
BD_immune10_218438,,,0.323762147833659,Unipotent,NMPR,Tumor_epithelial_basal
BD_immune10_633453,,,0.171735191821531,Unipotent,NMPR,Tumor_epithelial_basal
BD_immune10_118032,,,0.204947879725212,Unipotent,NMPR,Tumor_epithelial_basal
BD_immune10_291686,,,0.263736008240894,Unipotent,NMPR,Tumor_epithelial_basal
BD_immune10_119071,,,0.316285258198358,Unipotent,NMPR,Tumor_epithelial_basal
BD_immune10_866768,,,0.186231795339656,Unipotent,NMPR,Tumor_epithelial_basal
BD_immune10_36458,,,0.133236900053638,Differentiated,NMPR,Tumor_epithelial_basal
BD_immune10_253550,,,0.250695542058134,Unipotent,NMPR,Tumor_epithelial_basal
BD_immune10_398282,normal_NMPR,normal_NMPR,0.13168557725327,Differentiated,NMPR,Tumor_epithelial_basal
BD_immune10_798032,,,0.281207082646592,Unipotent,NMPR,Tumor_epithelial_basal
BD_immune10_231048,,,0.105019764714801,Differentiated,NMPR,Tumor_epithelial_basal
BD_immune10_11497,normal_NMPR,normal_NMPR,0.116799473665464,Differentiated,NMPR,Tumor_epithelial_basal
BD_immune10_581662,,,0.246308406124761,Unipotent,NMPR,Tumor_epithelial_basal
BD_immune10_423481,,,0.115699311622769,Differentiated,NMPR,Tumor_epithelial_basal
BD_immune10_770566,normal_NMPR,normal_NMPR,0.263322372365877,Unipotent,NMPR,Tumor_epithelial_basal
BD_immune10_617027,,,0.277426831184446,Unipotent,NMPR,Tumor_epithelial_basal
BD_immune10_852775,normal_NMPR,normal_NMPR,0.139553000589076,Differentiated,NMPR,Tumor_epithelial_basal
BD_immune10_509062,,,0.134881708372877,Differentiated,NMPR,Tumor_epithelial_basal
BD_immune10_234752,normal_NMPR,normal_NMPR,0.137598849866415,Differentiated,NMPR,Tumor_epithelial_basal
BD_immune10_597600,normal_NMPR,normal_NMPR,0.42829602571095,Oligopotent,NMPR,Tumor_epithelial_basal
BD_immune10_414288,,,0.136067062975321,Differentiated,NMPR,Tumor_epithelial_basal
BD_immune10_60004,normal_NMPR,normal_NMPR,0.190884141807394,Unipotent,NMPR,Tumor_epithelial_basal
BD_immune10_36173,,,0.112703369823359,Differentiated,NMPR,Tumor_epithelial_basal
BD_immune10_89052,,,0.263676844497024,Unipotent,NMPR,Tumor_epithelial_basal
BD_immune10_270938,,,0.232262363073922,Unipotent,NMPR,Tumor_epithelial_basal
BD_immune10_858432,,,0.364569137519342,Oligopotent,NMPR,Tumor_epithelial_basal
BD_immune10_192136,normal_NMPR,normal_NMPR,0.185273593736574,Unipotent,NMPR,Tumor_epithelial_basal
BD_immune10_592912,normal_NMPR,normal_NMPR,0.126015017928493,Differentiated,NMPR,Tumor_epithelial_basal
BD_immune10_149584,,,0.12215990831379,Differentiated,NMPR,Tumor_epithelial_basal
BD_immune10_240796,normal_NMPR,normal_NMPR,0.197133605619063,Unipotent,NMPR,Tumor_epithelial_basal
BD_immune10_170591,normal_NMPR,normal_NMPR,0.202772923113431,Unipotent,NMPR,Tumor_epithelial_basal
BD_immune10_568107,,,0.153670923015675,Differentiated,NMPR,Tumor_epithelial_basal
BD_immune10_433624,,,0.113785687288034,Differentiated,NMPR,Tumor_epithelial_basal
BD_immune10_27396,normal_NMPR,normal_NMPR,0.150441470385076,Differentiated,NMPR,Tumor_epithelial_basal
BD_immune10_247523,normal_NMPR,normal_NMPR,0.122440286633424,Differentiated,NMPR,Tumor_epithelial_basal
BD_immune10_508722,,,0.375763234033723,Oligopotent,NMPR,Tumor_epithelial_basal
BD_immune10_369481,,,0.269597722327477,Unipotent,NMPR,Tumor_epithelial_basal
BD_immune10_165966,normal_NMPR,normal_NMPR,0.124872953263935,Differentiated,NMPR,Tumor_epithelial_basal
BD_immune10_77965,,,0.285828796580515,Unipotent,NMPR,Tumor_epithelial_basal
BD_immune10_131761,normal_NMPR,normal_NMPR,0.196960974506443,Unipotent,NMPR,Tumor_epithelial_basal
BD_immune10_816948,normal_NMPR,normal_NMPR,0.127922607407732,Differentiated,NMPR,Tumor_epithelial_basal
BD_immune10_507962,,,0.222519723802355,Unipotent,NMPR,Tumor_epithelial_basal
BD_immune11_78177,Ciliated,Ciliated,0.0420313568111028,Differentiated,MPR,Ciliated_epithelial
BD_immune11_578717,normal_MPR,normal_MPR,0.0180718182185157,Differentiated,MPR,Tumor_epithelial_AT2
BD_immune11_624002,normal_MPR,normal_MPR,0.0223492869154332,Differentiated,MPR,Tumor_epithelial_AT2
BD_immune11_127184,Ciliated,Ciliated,0.106017682556189,Differentiated,MPR,Ciliated_epithelial
BD_immune11_465550,Ciliated,Ciliated,0.0254518605710074,Differentiated,MPR,Ciliated_epithelial
BD_immune11_129854,Ciliated,Ciliated,0.0690676465657956,Differentiated,MPR,Ciliated_epithelial
BD_immune11_864475,normal_MPR,normal_MPR,0.02626804061861,Differentiated,MPR,Tumor_epithelial_AT2
BD_immune11_655868,Ciliated,Ciliated,0.0276667544101025,Differentiated,MPR,Ciliated_epithelial
BD_immune11_741571,Ciliated,Ciliated,0.0160796786073122,Differentiated,MPR,Ciliated_epithelial
BD_immune11_594514,Ciliated,Ciliated,0.0493931484925355,Differentiated,MPR,Ciliated_epithelial
BD_immune11_430145,Ciliated,Ciliated,0.111859963458427,Differentiated,MPR,Ciliated_epithelial
BD_immune11_834286,normal_MPR,normal_MPR,0.152699234093864,Differentiated,MPR,Tumor_epithelial_AT2
BD_immune11_714781,Ciliated,Ciliated,0.0796606838348429,Differentiated,MPR,Ciliated_epithelial
BD_immune11_517070,Ciliated,Ciliated,0.100800139988619,Differentiated,MPR,Ciliated_epithelial
BD_immune11_435036,Ciliated,Ciliated,0.0203099436961438,Differentiated,MPR,Ciliated_epithelial
BD_immune11_585794,Ciliated,Ciliated,0.0594742216402198,Differentiated,MPR,Ciliated_epithelial
BD_immune11_387986,Ciliated,Ciliated,0.0375028151456674,Differentiated,MPR,Ciliated_epithelial
BD_immune11_585313,Ciliated,Ciliated,0.119074616267034,Differentiated,MPR,Ciliated_epithelial
BD_immune11_851522,Ciliated,Ciliated,0.102849252452126,Differentiated,MPR,Ciliated_epithelial
BD_immune11_111584,Ciliated,Ciliated,0.0267472238558799,Differentiated,MPR,Ciliated_epithelial
BD_immune11_728668,Ciliated,Ciliated,0.0542065560553592,Differentiated,MPR,Ciliated_epithelial
BD_immune11_496681,Ciliated,Ciliated,0.0234743075009929,Differentiated,MPR,Ciliated_epithelial
BD_immune11_769451,Ciliated,Ciliated,0.0888421054011871,Differentiated,MPR,Ciliated_epithelial
BD_immune11_506169,Ciliated,Ciliated,0.0439627129648614,Differentiated,MPR,Ciliated_epithelial
BD_immune11_376321,Ciliated,Ciliated,0.0666736314128774,Differentiated,MPR,Ciliated_epithelial
BD_immune11_807506,Ciliated,Ciliated,0.0740939719617071,Differentiated,MPR,Ciliated_epithelial
BD_immune11_709930,Ciliated,Ciliated,0.0813563711020809,Differentiated,MPR,Ciliated_epithelial
BD_immune11_591231,Ciliated,Ciliated,0.0982897142493292,Differentiated,MPR,Ciliated_epithelial
BD_immune11_324928,Ciliated,Ciliated,0.10575827275692,Differentiated,MPR,Ciliated_epithelial
BD_immune11_32838,Ciliated,Ciliated,0.0760150893674643,Differentiated,MPR,Ciliated_epithelial
BD_immune11_591232,Ciliated,Ciliated,0.0592023837799031,Differentiated,MPR,Ciliated_epithelial
BD_immune11_98367,normal_MPR,normal_MPR,0.0161221685739831,Differentiated,MPR,Tumor_epithelial_AT2
BD_immune11_688050,Ciliated,Ciliated,0.0558499241542301,Differentiated,MPR,Ciliated_epithelial
BD_immune11_456616,Ciliated,Ciliated,0.0777551693113456,Differentiated,MPR,Ciliated_epithelial
BD_immune11_797208,Ciliated,Ciliated,0.118001979782767,Differentiated,MPR,Ciliated_epithelial
BD_immune11_524136,Ciliated,Ciliated,0.0233281930997325,Differentiated,MPR,Ciliated_epithelial
BD_immune11_52398,Ciliated,Ciliated,0.0141152383720993,Differentiated,MPR,Ciliated_epithelial
BD_immune11_636890,Ciliated,Ciliated,0.170180451120635,Unipotent,MPR,Ciliated_epithelial
BD_immune11_173014,Ciliated,Ciliated,0.0887575680783587,Differentiated,MPR,Ciliated_epithelial
BD_immune11_38494,Ciliated,Ciliated,0.0864081301611947,Differentiated,MPR,Ciliated_epithelial
BD_immune11_66903,Ciliated,Ciliated,0.0556119270046126,Differentiated,MPR,Ciliated_epithelial
BD_immune11_104179,Ciliated,Ciliated,0.106246300119884,Differentiated,MPR,Ciliated_epithelial
BD_immune11_295685,normal_MPR,normal_MPR,0.00977246318047444,Differentiated,MPR,Tumor_epithelial_AT2
BD_immune11_14693,normal_MPR,normal_MPR,0.00682255964881121,Differentiated,MPR,Tumor_epithelial_AT2
BD_immune11_455608,normal_MPR,normal_MPR,0.00513637883626936,Differentiated,MPR,Tumor_epithelial_AT2
BD_immune11_465297,Ciliated,Ciliated,0.0993157300441361,Differentiated,MPR,Ciliated_epithelial
BD_immune11_675786,Ciliated,Ciliated,0.0323730922623376,Differentiated,MPR,Ciliated_epithelial
BD_immune11_513452,Ciliated,Ciliated,0.0438659328904447,Differentiated,MPR,Ciliated_epithelial
BD_immune11_150201,Ciliated,Ciliated,0.100084580902126,Differentiated,MPR,Ciliated_epithelial
BD_immune11_671271,Ciliated,Ciliated,0.105509757703077,Differentiated,MPR,Ciliated_epithelial
BD_immune11_448450,Ciliated,Ciliated,0.00875177535243352,Differentiated,MPR,Ciliated_epithelial
BD_immune11_158447,Ciliated,Ciliated,0.102099373369089,Differentiated,MPR,Ciliated_epithelial
BD_immune11_358858,Ciliated,Ciliated,0.0662761091079754,Differentiated,MPR,Ciliated_epithelial
BD_immune11_47918,Ciliated,Ciliated,0.028773661766249,Differentiated,MPR,Ciliated_epithelial
BD_immune11_436879,Ciliated,Ciliated,0.0537099383662801,Differentiated,MPR,Ciliated_epithelial
BD_immune11_233240,Ciliated,Ciliated,0.0958349418373577,Differentiated,MPR,Ciliated_epithelial
BD_immune11_305407,normal_MPR,normal_MPR,0.00579362752657535,Differentiated,MPR,Tumor_epithelial_AT2
BD_immune11_174871,Ciliated,Ciliated,0.115250022073324,Differentiated,MPR,Ciliated_epithelial
BD_immune11_818712,Ciliated,Ciliated,0.0240845700241825,Differentiated,MPR,Ciliated_epithelial
BD_immune11_665043,Ciliated,Ciliated,0.0927879822216911,Differentiated,MPR,Ciliated_epithelial
BD_immune11_800298,normal_MPR,normal_MPR,0.0133878614854079,Differentiated,MPR,Tumor_epithelial_AT2
BD_immune11_15235,Ciliated,Ciliated,0.0943047108371272,Differentiated,MPR,Ciliated_epithelial
BD_immune11_382510,Ciliated,Ciliated,0.0671434157458985,Differentiated,MPR,Ciliated_epithelial
BD_immune11_418392,Ciliated,Ciliated,0.0454018490426067,Differentiated,MPR,Ciliated_epithelial
BD_immune11_734263,normal_MPR,normal_MPR,0.00810252304844124,Differentiated,MPR,Tumor_epithelial_AT2
BD_immune11_95035,Ciliated,Ciliated,0.0487084744307918,Differentiated,MPR,Ciliated_epithelial
BD_immune11_617113,Ciliated,Ciliated,0.106770729530002,Differentiated,MPR,Ciliated_epithelial
BD_immune11_112914,Ciliated,Ciliated,0.0919036853376674,Differentiated,MPR,Ciliated_epithelial
BD_immune11_382703,Ciliated,Ciliated,0.10595323386945,Differentiated,MPR,Ciliated_epithelial
BD_immune11_448391,normal_MPR,normal_MPR,0.0116463667298456,Differentiated,MPR,Tumor_epithelial_AT2
BD_immune11_728900,Ciliated,Ciliated,0.0341679059337352,Differentiated,MPR,Ciliated_epithelial
BD_immune11_492361,Ciliated,Ciliated,0.0615459606670877,Differentiated,MPR,Ciliated_epithelial
BD_immune11_125012,normal_MPR,normal_MPR,0.00790794133598915,Differentiated,MPR,Tumor_epithelial_AT2
BD_immune11_635903,Ciliated,Ciliated,0.109372367669263,Differentiated,MPR,Ciliated_epithelial
BD_immune11_248087,Ciliated,Ciliated,0.123176005404787,Differentiated,MPR,Ciliated_epithelial
BD_immune11_839316,Ciliated,Ciliated,0.105536285041719,Differentiated,MPR,Ciliated_epithelial
BD_immune11_833827,normal_MPR,normal_MPR,0.00904651905106621,Differentiated,MPR,Tumor_epithelial_AT2
BD_immune11_380435,Ciliated,Ciliated,0.0112672382063474,Differentiated,MPR,Ciliated_epithelial
BD_immune11_582593,Ciliated,Ciliated,0.0886563283814431,Differentiated,MPR,Ciliated_epithelial
BD_immune11_622608,Ciliated,Ciliated,0.0485082849861571,Differentiated,MPR,Ciliated_epithelial
BD_immune11_150970,normal_MPR,normal_MPR,0.00621019288873648,Differentiated,MPR,Tumor_epithelial_AT2
BD_immune11_498493,Ciliated,Ciliated,0.10297847590302,Differentiated,MPR,Ciliated_epithelial
BD_immune11_414783,Ciliated,Ciliated,0.0726173960029328,Differentiated,MPR,Ciliated_epithelial
BD_immune11_65855,Ciliated,Ciliated,0.117535003419621,Differentiated,MPR,Ciliated_epithelial
BD_immune11_722101,normal_MPR,normal_MPR,0.00205790598318086,Differentiated,MPR,Tumor_epithelial_AT2
BD_immune11_725971,normal_MPR,normal_MPR,0.00206395683036812,Differentiated,MPR,Tumor_epithelial_AT2
BD_immune11_825889,normal_MPR,normal_MPR,0.0333699495273424,Differentiated,MPR,Tumor_epithelial_AT2
BD_immune11_442523,normal_MPR,normal_MPR,0.0326069183908953,Differentiated,MPR,Tumor_epithelial_AT2
BD_immune11_61982,Ciliated,Ciliated,0.0561800611952973,Differentiated,MPR,Ciliated_epithelial
BD_immune11_882059,Ciliated,Ciliated,0.122585090535066,Differentiated,MPR,Ciliated_epithelial
BD_immune11_638589,Ciliated,Ciliated,0.0520363034448165,Differentiated,MPR,Ciliated_epithelial
BD_immune11_730775,normal_MPR,normal_MPR,0.00213349597840742,Differentiated,MPR,Tumor_epithelial_AT2
BD_immune11_1429,Ciliated,Ciliated,0.0868686578524187,Differentiated,MPR,Ciliated_epithelial
BD_immune11_816422,normal_MPR,normal_MPR,0.00944086904103563,Differentiated,MPR,Tumor_epithelial_AT2
BD_immune11_70104,Ciliated,Ciliated,0.0862394025556842,Differentiated,MPR,Ciliated_epithelial
BD_immune11_41387,Ciliated,Ciliated,0.0939964291747451,Differentiated,MPR,Ciliated_epithelial
BD_immune11_7131,Ciliated,Ciliated,0.0955686680349293,Differentiated,MPR,Ciliated_epithelial
BD_immune11_877867,Ciliated,Ciliated,0.0338855377175347,Differentiated,MPR,Ciliated_epithelial
BD_immune11_487890,Ciliated,Ciliated,0.0987531413873062,Differentiated,MPR,Ciliated_epithelial
BD_immune11_354081,Ciliated,Ciliated,0.0492707607176194,Differentiated,MPR,Ciliated_epithelial
BD_immune11_546898,Ciliated,Ciliated,0.0413083031720015,Differentiated,MPR,Ciliated_epithelial
BD_immune11_419734,Ciliated,Ciliated,0.0361743578876759,Differentiated,MPR,Ciliated_epithelial
BD_immune11_802374,Ciliated,Ciliated,0.0594375915224475,Differentiated,MPR,Ciliated_epithelial
BD_immune11_88695,Ciliated,Ciliated,0.0747996173381891,Differentiated,MPR,Ciliated_epithelial
BD_immune11_233313,normal_MPR,normal_MPR,0.0122691768731965,Differentiated,MPR,Tumor_epithelial_AT2
BD_immune11_746268,normal_MPR,normal_MPR,0.237013884171452,Unipotent,MPR,Tumor_epithelial_AT2
BD_immune11_357182,normal_MPR,normal_MPR,0.00871085844824375,Differentiated,MPR,Tumor_epithelial_AT2
BD_immune11_233804,Ciliated,Ciliated,0.0619391994667049,Differentiated,MPR,Ciliated_epithelial
BD_immune11_2285,Ciliated,Ciliated,0.0361528832170731,Differentiated,MPR,Ciliated_epithelial
BD_immune11_848730,Ciliated,Ciliated,0.0517455352590061,Differentiated,MPR,Ciliated_epithelial
BD_immune11_402531,Ciliated,Ciliated,0.093513620712674,Differentiated,MPR,Ciliated_epithelial
BD_immune11_119670,Ciliated,Ciliated,0.0679964751985638,Differentiated,MPR,Ciliated_epithelial
BD_immune11_373333,normal_MPR,normal_MPR,0.166687586475811,Unipotent,MPR,Tumor_epithelial_AT2
BD_immune11_245707,normal_MPR,normal_MPR,0.00778174276794931,Differentiated,MPR,Tumor_epithelial_AT2
BD_immune11_90592,Ciliated,Ciliated,0.0237380207538459,Differentiated,MPR,Ciliated_epithelial
BD_immune11_8857,normal_MPR,normal_MPR,0.0129096435423574,Differentiated,MPR,Tumor_epithelial_AT2
BD_immune11_620021,Ciliated,Ciliated,0.10975148777464,Differentiated,MPR,Ciliated_epithelial
BD_immune11_872534,normal_MPR,normal_MPR,0.0247126423210013,Differentiated,MPR,Tumor_epithelial_AT2
BD_immune11_116239,Ciliated,Ciliated,0.0286713901690752,Differentiated,MPR,Ciliated_epithelial
BD_immune11_496667,Ciliated,Ciliated,0.0806948540094017,Differentiated,MPR,Ciliated_epithelial
BD_immune11_172824,Ciliated,Ciliated,0.069575550455873,Differentiated,MPR,Ciliated_epithelial
BD_immune11_466536,normal_MPR,normal_MPR,0.068800124627573,Differentiated,MPR,Tumor_epithelial_AT2
BD_immune11_99323,Ciliated,Ciliated,0.0796647251622835,Differentiated,MPR,Ciliated_epithelial
BD_immune11_241411,Ciliated,Ciliated,0.0831752976426605,Differentiated,MPR,Ciliated_epithelial
BD_immune11_525212,Ciliated,Ciliated,0.10487604389614,Differentiated,MPR,Ciliated_epithelial
BD_immune11_863832,Ciliated,Ciliated,0.0789327916808643,Differentiated,MPR,Ciliated_epithelial
BD_immune11_426386,Ciliated,Ciliated,0.0641212946999452,Differentiated,MPR,Ciliated_epithelial
BD_immune11_871409,Ciliated,Ciliated,0.0430096336107958,Differentiated,MPR,Ciliated_epithelial
BD_immune11_807795,Ciliated,Ciliated,0.0292244548836256,Differentiated,MPR,Ciliated_epithelial
BD_immune11_355788,Ciliated,Ciliated,0.130717624037512,Differentiated,MPR,Ciliated_epithelial
BD_immune11_770299,normal_MPR,normal_MPR,0.00707177137566918,Differentiated,MPR,Tumor_epithelial_AT2
BD_immune11_166152,Ciliated,Ciliated,0.128574416042225,Differentiated,MPR,Ciliated_epithelial
BD_immune11_301340,Ciliated,Ciliated,0.0415531738668663,Differentiated,MPR,Ciliated_epithelial
BD_immune11_236910,Ciliated,Ciliated,0.137475599448209,Differentiated,MPR,Ciliated_epithelial
BD_immune11_342313,Ciliated,Ciliated,0.0553471553177147,Differentiated,MPR,Ciliated_epithelial
BD_immune11_499164,Ciliated,Ciliated,0.118658023676142,Differentiated,MPR,Ciliated_epithelial
BD_immune11_142421,Ciliated,Ciliated,0.128373867490273,Differentiated,MPR,Ciliated_epithelial
BD_immune11_356021,Ciliated,Ciliated,0.0960074237599693,Differentiated,MPR,Ciliated_epithelial
BD_immune11_755192,Ciliated,Ciliated,0.0534385864937298,Differentiated,MPR,Ciliated_epithelial
BD_immune11_535977,normal_MPR,normal_MPR,0.0846701932617622,Differentiated,MPR,Tumor_epithelial_AT2
BD_immune11_646441,Ciliated,Ciliated,0.0910777926560661,Differentiated,MPR,Ciliated_epithelial
BD_immune11_153420,normal_MPR,normal_MPR,0.0204902656408951,Differentiated,MPR,Tumor_epithelial_AT2
BD_immune11_706217,Ciliated,Ciliated,0.112947598920439,Differentiated,MPR,Ciliated_epithelial
BD_immune11_788399,Ciliated,Ciliated,0.126570387641727,Differentiated,MPR,Ciliated_epithelial
BD_immune11_417135,normal_MPR,normal_MPR,0.0163759265514324,Differentiated,MPR,Tumor_epithelial_AT2
BD_immune11_398221,Ciliated,Ciliated,0.109959858595421,Differentiated,MPR,Ciliated_epithelial
BD_immune11_498670,Ciliated,Ciliated,0.0513881989762402,Differentiated,MPR,Ciliated_epithelial
BD_immune11_687048,normal_MPR,normal_MPR,0.093930776231665,Differentiated,MPR,Tumor_epithelial_AT2
BD_immune11_844330,Ciliated,Ciliated,0.100240564887974,Differentiated,MPR,Ciliated_epithelial
BD_immune11_59879,normal_MPR,normal_MPR,0.0659101267083962,Differentiated,MPR,Tumor_epithelial_AT2
BD_immune11_34209,Ciliated,Ciliated,0.107664187569456,Differentiated,MPR,Ciliated_epithelial
BD_immune11_424411,normal_MPR,normal_MPR,0.0931304592410124,Differentiated,MPR,Tumor_epithelial_AT2
BD_immune11_819239,normal_MPR,normal_MPR,0.0628452941480336,Differentiated,MPR,Tumor_epithelial_AT2
BD_immune11_89351,Ciliated,Ciliated,0.0666993596403437,Differentiated,MPR,Ciliated_epithelial
BD_immune11_646451,Ciliated,Ciliated,0.0739433429561242,Differentiated,MPR,Ciliated_epithelial
BD_immune11_436644,normal_MPR,normal_MPR,0.00817149714726079,Differentiated,MPR,Tumor_epithelial_AT2
BD_immune11_233942,Ciliated,Ciliated,0.120106039929725,Differentiated,MPR,Ciliated_epithelial
BD_immune11_353334,Ciliated,Ciliated,0.0787955823094997,Differentiated,MPR,Ciliated_epithelial
BD_immune11_721954,Ciliated,Ciliated,0.0560437005295644,Differentiated,MPR,Ciliated_epithelial
BD_immune11_263208,Ciliated,Ciliated,0.115755501643763,Differentiated,MPR,Ciliated_epithelial
BD_immune11_287140,normal_MPR,normal_MPR,0.0625033907860419,Differentiated,MPR,Tumor_epithelial_AT2
BD_immune11_115816,normal_MPR,normal_MPR,0.033511141235009,Differentiated,MPR,Tumor_epithelial_AT2
BD_immune11_874426,Ciliated,Ciliated,0.127189752790407,Differentiated,MPR,Ciliated_epithelial
BD_immune11_530325,Ciliated,Ciliated,0.102416179681665,Differentiated,MPR,Ciliated_epithelial
BD_immune11_156190,Ciliated,Ciliated,0.090470710865489,Differentiated,MPR,Ciliated_epithelial
BD_immune11_478753,Ciliated,Ciliated,0.0581979999442152,Differentiated,MPR,Ciliated_epithelial
BD_immune11_443354,normal_MPR,normal_MPR,0.00246738967319685,Differentiated,MPR,Tumor_epithelial_AT2
BD_immune11_779629,normal_MPR,normal_MPR,0.0590381385033527,Differentiated,MPR,Tumor_epithelial_AT2
BD_immune11_390723,normal_MPR,normal_MPR,0.0753256229073051,Differentiated,MPR,Tumor_epithelial_AT2
BD_immune11_305525,normal_MPR,normal_MPR,0.0148389992127625,Differentiated,MPR,Tumor_epithelial_AT2
BD_immune11_140062,normal_MPR,normal_MPR,0.0197766026866794,Differentiated,MPR,Tumor_epithelial_AT2
BD_immune11_857982,Ciliated,Ciliated,0.0599427100053655,Differentiated,MPR,Ciliated_epithelial
BD_immune11_215452,Ciliated,Ciliated,0.121749972680811,Differentiated,MPR,Ciliated_epithelial
BD_immune11_20676,normal_MPR,normal_MPR,0.00750188740126479,Differentiated,MPR,Tumor_epithelial_AT2
BD_immune11_122662,normal_MPR,normal_MPR,0.125742740642235,Differentiated,MPR,Tumor_epithelial_AT2
BD_immune11_463155,Ciliated,Ciliated,0.0822286479804531,Differentiated,MPR,Ciliated_epithelial
BD_immune11_354113,Ciliated,Ciliated,0.102709163909899,Differentiated,MPR,Ciliated_epithelial
BD_immune11_89352,normal_MPR,normal_MPR,0.00580854718477748,Differentiated,MPR,Tumor_epithelial_AT2
BD_immune11_570891,Ciliated,Ciliated,0.0631802426818819,Differentiated,MPR,Ciliated_epithelial
BD_immune11_604003,Ciliated,Ciliated,0.116498897536024,Differentiated,MPR,Ciliated_epithelial
BD_immune11_565026,Ciliated,Ciliated,0.0776593951052022,Differentiated,MPR,Ciliated_epithelial
BD_immune11_517833,Ciliated,Ciliated,0.0800431179992808,Differentiated,MPR,Ciliated_epithelial
BD_immune11_79210,Ciliated,Ciliated,0.0802824659680299,Differentiated,MPR,Ciliated_epithelial
BD_immune11_645010,Ciliated,Ciliated,0.114484979362018,Differentiated,MPR,Ciliated_epithelial
BD_immune11_138877,Ciliated,Ciliated,0.0643071469811424,Differentiated,MPR,Ciliated_epithelial
BD_immune11_519710,normal_MPR,normal_MPR,0.0116650568922433,Differentiated,MPR,Tumor_epithelial_AT2
BD_immune11_141938,Ciliated,Ciliated,0.0615122283530567,Differentiated,MPR,Ciliated_epithelial
BD_immune11_582755,normal_MPR,normal_MPR,0.019835810669152,Differentiated,MPR,Tumor_epithelial_AT2
BD_immune11_852199,normal_MPR,normal_MPR,0.00940249688828325,Differentiated,MPR,Tumor_epithelial_AT2
BD_immune11_191820,Ciliated,Ciliated,0.0948007955699353,Differentiated,MPR,Ciliated_epithelial
BD_immune11_162836,Ciliated,Ciliated,0.110400876024278,Differentiated,MPR,Ciliated_epithelial
BD_immune11_73376,Ciliated,Ciliated,0.0926144832579298,Differentiated,MPR,Ciliated_epithelial
BD_immune11_73348,Ciliated,Ciliated,0.10267987493045,Differentiated,MPR,Ciliated_epithelial
BD_immune11_514597,Ciliated,Ciliated,0.0593975273585649,Differentiated,MPR,Ciliated_epithelial
BD_immune11_824522,normal_MPR,normal_MPR,0.0665924891755836,Differentiated,MPR,Tumor_epithelial_AT2
BD_immune11_661951,normal_MPR,normal_MPR,0.208265439323134,Unipotent,MPR,Tumor_epithelial_AT2
BD_immune11_866065,Ciliated,Ciliated,0.0798607698862458,Differentiated,MPR,Ciliated_epithelial
BD_immune11_256984,Ciliated,Ciliated,0.0787358381996559,Differentiated,MPR,Ciliated_epithelial
BD_immune11_243467,Ciliated,Ciliated,0.0710817709397955,Differentiated,MPR,Ciliated_epithelial
BD_immune11_50320,normal_MPR,normal_MPR,0.134434464347987,Differentiated,MPR,Tumor_epithelial_AT2
BD_immune11_767373,Ciliated,Ciliated,0.0435251925315478,Differentiated,MPR,Ciliated_epithelial
BD_immune11_603143,normal_MPR,normal_MPR,0.0418575829465559,Differentiated,MPR,Tumor_epithelial_AT2
BD_immune11_824510,Ciliated,Ciliated,0.0880631758539967,Differentiated,MPR,Ciliated_epithelial
BD_immune11_797833,Ciliated,Ciliated,0.0713185430138671,Differentiated,MPR,Ciliated_epithelial
BD_immune11_286058,normal_MPR,normal_MPR,0.087378888525888,Differentiated,MPR,Tumor_epithelial_AT2
BD_immune11_253222,Ciliated,Ciliated,0.0661267793036327,Differentiated,MPR,Ciliated_epithelial
BD_immune11_730603,Ciliated,Ciliated,0.0246827256694119,Differentiated,MPR,Ciliated_epithelial
BD_immune11_533839,normal_MPR,normal_MPR,0.00700664935152407,Differentiated,MPR,Tumor_epithelial_AT2
BD_immune11_158309,Ciliated,Ciliated,0.0677501805123905,Differentiated,MPR,Ciliated_epithelial
BD_immune11_455337,normal_MPR,normal_MPR,0.11024715957694,Differentiated,MPR,Tumor_epithelial_AT2
BD_immune11_494425,Ciliated,Ciliated,0.112661741671161,Differentiated,MPR,Ciliated_epithelial
BD_immune11_460410,normal_MPR,normal_MPR,0.0540511653219225,Differentiated,MPR,Tumor_epithelial_AT2
BD_immune11_260569,Ciliated,Ciliated,0.0969567146721969,Differentiated,MPR,Ciliated_epithelial
BD_immune11_165577,Ciliated,Ciliated,0.0647401365065944,Differentiated,MPR,Ciliated_epithelial
BD_immune11_365453,Ciliated,Ciliated,0.0354504913344639,Differentiated,MPR,Ciliated_epithelial
BD_immune11_11846,Ciliated,Ciliated,0.0894111801458842,Differentiated,MPR,Ciliated_epithelial
BD_immune11_64475,Ciliated,Ciliated,0.0990889034403118,Differentiated,MPR,Ciliated_epithelial
BD_immune11_37375,Ciliated,Ciliated,0.0747043159049341,Differentiated,MPR,Ciliated_epithelial
BD_immune11_690629,Ciliated,Ciliated,0.083011135551029,Differentiated,MPR,Ciliated_epithelial
BD_immune11_853762,normal_MPR,normal_MPR,0.0344857385412169,Differentiated,MPR,Tumor_epithelial_AT2
BD_immune11_53351,Ciliated,Ciliated,0.0926292495033914,Differentiated,MPR,Ciliated_epithelial
BD_immune11_63626,normal_MPR,normal_MPR,0.0155817684745817,Differentiated,MPR,Tumor_epithelial_AT2
BD_immune11_845777,normal_MPR,normal_MPR,0.0590812679816532,Differentiated,MPR,Tumor_epithelial_AT2
BD_immune11_560386,Ciliated,Ciliated,0.085220869001601,Differentiated,MPR,Ciliated_epithelial
BD_immune11_477525,Ciliated,Ciliated,0.0630588545843185,Differentiated,MPR,Ciliated_epithelial
BD_immune11_783489,normal_MPR,normal_MPR,0.0903878728134612,Differentiated,MPR,Tumor_epithelial_AT2
BD_immune11_843037,Ciliated,Ciliated,0.0637877256721751,Differentiated,MPR,Ciliated_epithelial
BD_immune11_568249,normal_MPR,normal_MPR,0.0122173303076822,Differentiated,MPR,Tumor_epithelial_AT2
BD_immune11_402595,normal_MPR,normal_MPR,0.0500787065854219,Differentiated,MPR,Tumor_epithelial_AT2
BD_immune11_207845,normal_MPR,normal_MPR,0.0718982551626656,Differentiated,MPR,Tumor_epithelial_AT2
BD_immune11_385482,Ciliated,Ciliated,0.0473022386742546,Differentiated,MPR,Ciliated_epithelial
BD_immune11_856686,Ciliated,Ciliated,0.0577255846901152,Differentiated,MPR,Ciliated_epithelial
BD_immune11_253438,normal_MPR,normal_MPR,0.10019955891538,Differentiated,MPR,Tumor_epithelial_AT2
BD_immune11_373619,normal_MPR,normal_MPR,0.110540078485853,Differentiated,MPR,Tumor_epithelial_AT2
BD_immune11_408883,Ciliated,Ciliated,0.0728255226028184,Differentiated,MPR,Ciliated_epithelial
BD_immune11_408225,Ciliated,Ciliated,0.108505796586214,Differentiated,MPR,Ciliated_epithelial
BD_immune11_137305,Ciliated,Ciliated,0.0546198443833712,Differentiated,MPR,Ciliated_epithelial
BD_immune11_476332,Ciliated,Ciliated,0.115136968963651,Differentiated,MPR,Ciliated_epithelial
BD_immune11_234873,Ciliated,Ciliated,0.0363663731865846,Differentiated,MPR,Ciliated_epithelial
BD_immune11_9947,normal_MPR,normal_MPR,0.0117316789396282,Differentiated,MPR,Tumor_epithelial_AT2
BD_immune11_131460,Ciliated,Ciliated,0.0735169039649784,Differentiated,MPR,Ciliated_epithelial
BD_immune11_748250,normal_MPR,normal_MPR,0.0978501113276257,Differentiated,MPR,Tumor_epithelial_AT2
BD_immune11_820879,Ciliated,Ciliated,0.0283840303253734,Differentiated,MPR,Ciliated_epithelial
BD_immune11_877334,normal_MPR,normal_MPR,0.0230996920107634,Differentiated,MPR,Tumor_epithelial_AT2
BD_immune11_231930,normal_MPR,normal_MPR,0.0441981164847116,Differentiated,MPR,Tumor_epithelial_AT2
BD_immune11_686119,Ciliated,Ciliated,0.0388750904379859,Differentiated,MPR,Ciliated_epithelial
BD_immune11_395744,normal_MPR,normal_MPR,0.0251317453998555,Differentiated,MPR,Tumor_epithelial_AT2
BD_immune11_129041,normal_MPR,normal_MPR,0.129169458732651,Differentiated,MPR,Tumor_epithelial_AT2
BD_immune11_189395,normal_MPR,normal_MPR,0.0266025710133924,Differentiated,MPR,Tumor_epithelial_AT2
BD_immune11_230454,Ciliated,Ciliated,0.0682082850580145,Differentiated,MPR,Ciliated_epithelial
BD_immune11_578189,Ciliated,Ciliated,0.0760105640018889,Differentiated,MPR,Ciliated_epithelial
BD_immune11_551719,Ciliated,Ciliated,0.0615326402490786,Differentiated,MPR,Ciliated_epithelial
BD_immune11_234230,Ciliated,Ciliated,0.0204402088455644,Differentiated,MPR,Ciliated_epithelial
BD_immune11_388616,Ciliated,Ciliated,0.103298797278648,Differentiated,MPR,Ciliated_epithelial
BD_immune11_765107,normal_MPR,normal_MPR,0.0423491223845039,Differentiated,MPR,Tumor_epithelial_AT2
BD_immune11_186194,Ciliated,Ciliated,0.0813521074439042,Differentiated,MPR,Ciliated_epithelial
BD_immune11_277219,normal_MPR,normal_MPR,0.0611961957857544,Differentiated,MPR,Tumor_epithelial_AT2
BD_immune11_708051,Ciliated,Ciliated,0.076064806477219,Differentiated,MPR,Ciliated_epithelial
BD_immune11_384156,normal_MPR,normal_MPR,0.0117134266684915,Differentiated,MPR,Tumor_epithelial_AT2
BD_immune11_117835,normal_MPR,normal_MPR,0.0174905335191112,Differentiated,MPR,Tumor_epithelial_AT2
BD_immune11_672030,Ciliated,Ciliated,0.0758926970257506,Differentiated,MPR,Ciliated_epithelial
BD_immune11_125948,Ciliated,Ciliated,0.0536494320886699,Differentiated,MPR,Ciliated_epithelial
BD_immune11_404598,normal_MPR,normal_MPR,0.0305191327520771,Differentiated,MPR,Tumor_epithelial_AT2
BD_immune11_432245,Ciliated,Ciliated,0.069144370476639,Differentiated,MPR,Ciliated_epithelial
BD_immune11_197401,Ciliated,Ciliated,0.0435985849989616,Differentiated,MPR,Ciliated_epithelial
BD_immune11_368662,normal_MPR,normal_MPR,0.124924761042696,Differentiated,MPR,Tumor_epithelial_AT2
BD_immune11_800031,normal_MPR,normal_MPR,0.0961287920504922,Differentiated,MPR,Tumor_epithelial_AT2
BD_immune11_754807,normal_MPR,normal_MPR,0.141191743983123,Differentiated,MPR,Tumor_epithelial_AT2
BD_immune11_207187,Ciliated,Ciliated,0.0374943007884834,Differentiated,MPR,Ciliated_epithelial
BD_immune11_647814,Ciliated,Ciliated,0.0127766356593779,Differentiated,MPR,Ciliated_epithelial
BD_immune11_31730,Ciliated,Ciliated,0.0189986579328676,Differentiated,MPR,Ciliated_epithelial
BD_immune11_168548,normal_MPR,normal_MPR,0.0296822393383138,Differentiated,MPR,Tumor_epithelial_AT2
BD_immune11_84697,normal_MPR,normal_MPR,0.0265709312033266,Differentiated,MPR,Tumor_epithelial_AT2
BD_immune11_1093,normal_MPR,normal_MPR,0.0783967775232434,Differentiated,MPR,Tumor_epithelial_AT2
BD_immune11_759039,Ciliated,Ciliated,0.0698908680553555,Differentiated,MPR,Ciliated_epithelial
BD_immune11_462643,normal_MPR,normal_MPR,0.0569724198400928,Differentiated,MPR,Tumor_epithelial_AT2
BD_immune11_216811,normal_MPR,normal_MPR,0.13508420493968,Differentiated,MPR,Tumor_epithelial_AT2
BD_immune11_104504,Ciliated,Ciliated,0.0252601586419177,Differentiated,MPR,Ciliated_epithelial
BD_immune11_19457,Ciliated,Ciliated,0.0379842993675248,Differentiated,MPR,Ciliated_epithelial
BD_immune11_873872,Ciliated,Ciliated,0.0345713239776932,Differentiated,MPR,Ciliated_epithelial
BD_immune11_42,normal_MPR,normal_MPR,0.111830440931002,Differentiated,MPR,Tumor_epithelial_AT2
BD_immune11_793580,normal_MPR,normal_MPR,0.219261228558513,Unipotent,MPR,Tumor_epithelial_AT2
BD_immune11_700850,normal_MPR,normal_MPR,0.0831169420535034,Differentiated,MPR,Tumor_epithelial_AT2
BD_immune11_382133,Ciliated,Ciliated,0.0483272322254288,Differentiated,MPR,Ciliated_epithelial
BD_immune11_82811,normal_MPR,normal_MPR,0.193860160334825,Unipotent,MPR,Tumor_epithelial_AT2
BD_immune11_805083,normal_MPR,normal_MPR,0.0242594705048658,Differentiated,MPR,Tumor_epithelial_AT2
BD_immune11_393445,normal_MPR,normal_MPR,0.0694896749576106,Differentiated,MPR,Tumor_epithelial_AT2
BD_immune11_499478,normal_MPR,normal_MPR,0.0566539846754246,Differentiated,MPR,Tumor_epithelial_AT2
BD_immune11_579363,normal_MPR,normal_MPR,0.0497940571386283,Differentiated,MPR,Tumor_epithelial_AT2
BD_immune11_169117,Ciliated,Ciliated,0.0397170136007732,Differentiated,MPR,Ciliated_epithelial
BD_immune11_374691,normal_MPR,normal_MPR,0.0209844361260393,Differentiated,MPR,Tumor_epithelial_AT2
BD_immune11_503419,normal_MPR,normal_MPR,0.0676157572072093,Differentiated,MPR,Tumor_epithelial_AT2
BD_immune11_384223,normal_MPR,normal_MPR,0.0443364518042978,Differentiated,MPR,Tumor_epithelial_AT2
BD_immune11_26643,normal_MPR,normal_MPR,0.146115688009187,Differentiated,MPR,Tumor_epithelial_AT2
BD_immune11_625306,normal_MPR,normal_MPR,0.146027604866802,Differentiated,MPR,Tumor_epithelial_AT2
BD_immune11_296602,normal_MPR,normal_MPR,0.0545224798530689,Differentiated,MPR,Tumor_epithelial_AT2
BD_immune11_628802,normal_MPR,normal_MPR,0.100988290641276,Differentiated,MPR,Tumor_epithelial_AT2
BD_immune11_535923,Ciliated,Ciliated,0.0335804111375624,Differentiated,MPR,Ciliated_epithelial
BD_immune11_432504,normal_MPR,normal_MPR,0.00724726675535521,Differentiated,MPR,Tumor_epithelial_AT2
BD_immune11_62127,normal_MPR,normal_MPR,0.059193910717618,Differentiated,MPR,Tumor_epithelial_AT2
BD_immune11_143949,normal_MPR,normal_MPR,0.129305256490461,Differentiated,MPR,Tumor_epithelial_AT2
BD_immune11_773863,Ciliated,Ciliated,0.0316333896305276,Differentiated,MPR,Ciliated_epithelial
BD_immune11_171633,normal_MPR,normal_MPR,0.133733675052979,Differentiated,MPR,Tumor_epithelial_AT2
BD_immune11_657058,Ciliated,Ciliated,0.0335487198102189,Differentiated,MPR,Ciliated_epithelial
BD_immune11_227705,normal_MPR,normal_MPR,0.0542485550469561,Differentiated,MPR,Tumor_epithelial_AT2
BD_immune11_880965,Ciliated,Ciliated,0.0243237749965066,Differentiated,MPR,Ciliated_epithelial
BD_immune11_643492,normal_MPR,normal_MPR,0.146893255656259,Differentiated,MPR,Tumor_epithelial_AT2
BD_immune11_783724,normal_MPR,normal_MPR,0.177858197430692,Unipotent,MPR,Tumor_epithelial_AT2
BD_immune11_744234,normal_MPR,normal_MPR,0.0129147404737781,Differentiated,MPR,Tumor_epithelial_AT2
BD_immune11_111230,normal_MPR,normal_MPR,0.124761200912605,Differentiated,MPR,Tumor_epithelial_AT2
BD_immune11_759577,normal_MPR,normal_MPR,0.0483689861941677,Differentiated,MPR,Tumor_epithelial_AT2
BD_immune11_59125,normal_MPR,normal_MPR,0.125044353317906,Differentiated,MPR,Tumor_epithelial_AT2
BD_immune11_339280,normal_MPR,normal_MPR,0.115467811662672,Differentiated,MPR,Tumor_epithelial_AT2
BD_immune11_46496,normal_MPR,normal_MPR,0.0906399287712607,Differentiated,MPR,Tumor_epithelial_AT2
BD_immune11_615347,normal_MPR,normal_MPR,0.119425764293103,Differentiated,MPR,Tumor_epithelial_AT2
BD_immune11_834914,normal_MPR,normal_MPR,0.0863231716280019,Differentiated,MPR,Tumor_epithelial_AT2
BD_immune11_347230,Ciliated,Ciliated,0.0581987146894064,Differentiated,MPR,Ciliated_epithelial
BD_immune11_255529,normal_MPR,normal_MPR,0.229485085244379,Unipotent,MPR,Tumor_epithelial_AT2
BD_immune11_204979,normal_MPR,normal_MPR,0.218279857741846,Unipotent,MPR,Tumor_epithelial_AT2
BD_immune11_671052,normal_MPR,normal_MPR,0.11184859624058,Differentiated,MPR,Tumor_epithelial_AT2
BD_immune11_140341,normal_MPR,normal_MPR,0.0394078533567978,Differentiated,MPR,Tumor_epithelial_AT2
BD_immune11_314738,Ciliated,Ciliated,0.0352080193863942,Differentiated,MPR,Ciliated_epithelial
BD_immune11_747856,normal_MPR,normal_MPR,0.145532509613354,Differentiated,MPR,Tumor_epithelial_AT2
BD_immune11_677292,normal_MPR,normal_MPR,0.0663504251349973,Differentiated,MPR,Tumor_epithelial_AT2
BD_immune11_868231,normal_MPR,normal_MPR,0.158285153836188,Differentiated,MPR,Tumor_epithelial_AT2
BD_immune11_491921,normal_MPR,normal_MPR,0.0753004345381697,Differentiated,MPR,Tumor_epithelial_AT2
BD_immune11_851398,Ciliated,Ciliated,0.00894772125983083,Differentiated,MPR,Ciliated_epithelial
BD_immune11_240635,normal_MPR,normal_MPR,0.183905097047664,Unipotent,MPR,Tumor_epithelial_AT2
BD_immune11_87647,normal_MPR,normal_MPR,0.0301014956460572,Differentiated,MPR,Tumor_epithelial_AT2
BD_immune11_227739,Ciliated,Ciliated,0.0559556231485827,Differentiated,MPR,Ciliated_epithelial
BD_immune11_132995,normal_MPR,normal_MPR,0.0332488479811192,Differentiated,MPR,Tumor_epithelial_AT2
BD_immune11_638417,normal_MPR,normal_MPR,0.0289997655829907,Differentiated,MPR,Tumor_epithelial_AT2
BD_immune11_800569,normal_MPR,normal_MPR,0.124433472562211,Differentiated,MPR,Tumor_epithelial_AT2
BD_immune11_390908,normal_MPR,normal_MPR,0.0225390729426336,Differentiated,MPR,Tumor_epithelial_AT2
BD_immune11_332153,normal_MPR,normal_MPR,0.0642308493585856,Differentiated,MPR,Tumor_epithelial_AT2
BD_immune11_32316,,,0.0303106672259339,Differentiated,MPR,Tumor_epithelial_AT2
BD_immune11_449986,normal_MPR,normal_MPR,0.0242906558983557,Differentiated,MPR,Tumor_epithelial_AT2
BD_immune11_773809,Ciliated,Ciliated,0.0475636662923727,Differentiated,MPR,Ciliated_epithelial
BD_immune11_5678,Ciliated,Ciliated,0.0428220684435042,Differentiated,MPR,Ciliated_epithelial
BD_immune11_766428,Ciliated,Ciliated,0.0525164589258646,Differentiated,MPR,Ciliated_epithelial
BD_immune11_663724,Ciliated,Ciliated,0.0408290848004856,Differentiated,MPR,Ciliated_epithelial
BD_immune12_5616,normal_NMPR,EMT_NMPR,0.196639136259325,Unipotent,NMPR,Tumor_epithelial_EMT
BD_immune12_183923,normal_NMPR,EMT_NMPR,0.0888437852921206,Differentiated,NMPR,Tumor_epithelial_EMT
BD_immune12_49348,normal_NMPR,EMT_NMPR,0.298573196742262,Unipotent,NMPR,Tumor_epithelial_EMT
BD_immune12_595441,normal_NMPR,EMT_NMPR,0.0728433307182463,Differentiated,NMPR,Tumor_epithelial_EMT
BD_immune12_817190,normal_NMPR,EMT_NMPR,0.0738104647792229,Differentiated,NMPR,Tumor_epithelial_EMT
BD_immune12_226907,normal_NMPR,EMT_NMPR,0.0901545835361313,Differentiated,NMPR,Tumor_epithelial_EMT
BD_immune12_324766,normal_NMPR,EMT_NMPR,0.112129036783928,Differentiated,NMPR,Tumor_epithelial_EMT
BD_immune12_484905,normal_NMPR,EMT_NMPR,0.0780493237882264,Differentiated,NMPR,Tumor_epithelial_EMT
BD_immune12_7271,normal_NMPR,EMT_NMPR,0.410033251251449,Oligopotent,NMPR,Tumor_epithelial_EMT
BD_immune12_407477,normal_NMPR,EMT_NMPR,0.2999246330563,Unipotent,NMPR,Tumor_epithelial_EMT
BD_immune12_163559,normal_NMPR,EMT_NMPR,0.0892998234658873,Differentiated,NMPR,Tumor_epithelial_EMT
BD_immune12_298864,normal_NMPR,EMT_NMPR,0.134097403070321,Differentiated,NMPR,Tumor_epithelial_EMT
BD_immune12_92761,normal_NMPR,EMT_NMPR,0.0998303550144386,Differentiated,NMPR,Tumor_epithelial_EMT
BD_immune12_713729,normal_NMPR,EMT_NMPR,0.0841202344035364,Differentiated,NMPR,Tumor_epithelial_EMT
BD_immune12_586935,normal_NMPR,EMT_NMPR,0.0882540082796406,Differentiated,NMPR,Tumor_epithelial_EMT
BD_immune12_250301,normal_NMPR,EMT_NMPR,0.120099979704749,Differentiated,NMPR,Tumor_epithelial_EMT
BD_immune12_538621,normal_NMPR,EMT_NMPR,0.100747867274974,Differentiated,NMPR,Tumor_epithelial_EMT
BD_immune12_295991,normal_NMPR,EMT_NMPR,0.0806289321568686,Differentiated,NMPR,Tumor_epithelial_EMT
BD_immune12_597385,normal_NMPR,EMT_NMPR,0.120265499735243,Differentiated,NMPR,Tumor_epithelial_EMT
BD_immune12_724959,normal_NMPR,EMT_NMPR,0.287810629652342,Unipotent,NMPR,Tumor_epithelial_EMT
BD_immune12_237547,normal_NMPR,EMT_NMPR,0.0711745371000759,Differentiated,NMPR,Tumor_epithelial_EMT
BD_immune12_381866,normal_NMPR,EMT_NMPR,0.0845170480077975,Differentiated,NMPR,Tumor_epithelial_EMT
BD_immune12_100946,normal_NMPR,EMT_NMPR,0.0787446452463144,Differentiated,NMPR,Tumor_epithelial_EMT
BD_immune12_303390,normal_NMPR,EMT_NMPR,0.108612709979529,Differentiated,NMPR,Tumor_epithelial_EMT
BD_immune12_561139,normal_NMPR,EMT_NMPR,0.0781548927500789,Differentiated,NMPR,Tumor_epithelial_EMT
BD_immune12_203154,normal_NMPR,EMT_NMPR,0.14444166090029,Differentiated,NMPR,Tumor_epithelial_EMT
BD_immune12_406466,normal_NMPR,EMT_NMPR,0.0792566011936919,Differentiated,NMPR,Tumor_epithelial_EMT
BD_immune12_205826,normal_NMPR,EMT_NMPR,0.0823693361299963,Differentiated,NMPR,Tumor_epithelial_EMT
BD_immune12_226007,normal_NMPR,EMT_NMPR,0.0945875183263148,Differentiated,NMPR,Tumor_epithelial_EMT
BD_immune12_652313,normal_NMPR,EMT_NMPR,0.13447281235817,Differentiated,NMPR,Tumor_epithelial_EMT
BD_immune12_34739,normal_NMPR,EMT_NMPR,0.0804670260813945,Differentiated,NMPR,Tumor_epithelial_EMT
BD_immune12_200135,normal_NMPR,EMT_NMPR,0.0947920370438961,Differentiated,NMPR,Tumor_epithelial_EMT
BD_immune12_271762,normal_NMPR,EMT_NMPR,0.0855329746946855,Differentiated,NMPR,Tumor_epithelial_EMT
BD_immune12_168070,normal_NMPR,EMT_NMPR,0.0893543967617122,Differentiated,NMPR,Tumor_epithelial_EMT
BD_immune12_733221,normal_NMPR,EMT_NMPR,0.0988203682232428,Differentiated,NMPR,Tumor_epithelial_EMT
BD_immune12_279826,normal_NMPR,EMT_NMPR,0.518506167281356,Multipotent,NMPR,Tumor_epithelial_EMT
BD_immune12_177874,normal_NMPR,EMT_NMPR,0.0840620298557482,Differentiated,NMPR,Tumor_epithelial_EMT
BD_immune12_520245,normal_NMPR,EMT_NMPR,0.152719550978248,Differentiated,NMPR,Tumor_epithelial_EMT
BD_immune12_77527,normal_NMPR,EMT_NMPR,0.0598520871306107,Differentiated,NMPR,Tumor_epithelial_EMT
BD_immune12_710717,normal_NMPR,EMT_NMPR,0.191847273779814,Unipotent,NMPR,Tumor_epithelial_EMT
BD_immune12_100057,normal_NMPR,EMT_NMPR,0.0745509579076285,Differentiated,NMPR,Tumor_epithelial_EMT
BD_immune12_161095,normal_NMPR,EMT_NMPR,0.52188518560205,Multipotent,NMPR,Tumor_epithelial_EMT
BD_immune12_491052,normal_NMPR,EMT_NMPR,0.299653098702004,Unipotent,NMPR,Tumor_epithelial_EMT
BD_immune12_776591,normal_NMPR,EMT_NMPR,0.0839892438774062,Differentiated,NMPR,Tumor_epithelial_EMT
BD_immune12_362818,normal_NMPR,EMT_NMPR,0.107920519566247,Differentiated,NMPR,Tumor_epithelial_EMT
BD_immune12_163264,normal_NMPR,EMT_NMPR,0.0850008250342815,Differentiated,NMPR,Tumor_epithelial_EMT
BD_immune12_42156,normal_NMPR,EMT_NMPR,0.111592693935129,Differentiated,NMPR,Tumor_epithelial_EMT
BD_immune12_22125,normal_NMPR,EMT_NMPR,0.356000665770291,Oligopotent,NMPR,Tumor_epithelial_EMT
BD_immune12_823016,normal_NMPR,EMT_NMPR,0.0796410431218744,Differentiated,NMPR,Tumor_epithelial_EMT
BD_immune12_788790,normal_NMPR,EMT_NMPR,0.0761811373077224,Differentiated,NMPR,Tumor_epithelial_EMT
BD_immune12_459044,normal_NMPR,EMT_NMPR,0.140261754436778,Differentiated,NMPR,Tumor_epithelial_EMT
BD_immune12_841420,normal_NMPR,EMT_NMPR,0.0775438952023982,Differentiated,NMPR,Tumor_epithelial_EMT
BD_immune12_252995,normal_NMPR,EMT_NMPR,0.0893545232839719,Differentiated,NMPR,Tumor_epithelial_EMT
BD_immune12_198340,normal_NMPR,EMT_NMPR,0.0706362320182959,Differentiated,NMPR,Tumor_epithelial_EMT
BD_immune12_337109,normal_NMPR,EMT_NMPR,0.312832152823202,Unipotent,NMPR,Tumor_epithelial_EMT
BD_immune12_330188,normal_NMPR,EMT_NMPR,0.321235139628751,Unipotent,NMPR,Tumor_epithelial_EMT
BD_immune12_31901,normal_NMPR,EMT_NMPR,0.0815656664417871,Differentiated,NMPR,Tumor_epithelial_EMT
BD_immune12_490374,normal_NMPR,EMT_NMPR,0.100361970195124,Differentiated,NMPR,Tumor_epithelial_EMT
BD_immune12_441320,normal_NMPR,EMT_NMPR,0.0627538553570418,Differentiated,NMPR,Tumor_epithelial_EMT
BD_immune12_580891,normal_NMPR,EMT_NMPR,0.0722901989962735,Differentiated,NMPR,Tumor_epithelial_EMT
BD_immune12_290654,normal_NMPR,EMT_NMPR,0.277029933307837,Unipotent,NMPR,Tumor_epithelial_EMT
BD_immune12_704613,normal_NMPR,EMT_NMPR,0.0697934638008727,Differentiated,NMPR,Tumor_epithelial_EMT
BD_immune12_735652,normal_NMPR,EMT_NMPR,0.097208434992629,Differentiated,NMPR,Tumor_epithelial_EMT
BD_immune12_33397,normal_NMPR,EMT_NMPR,0.101193511413966,Differentiated,NMPR,Tumor_epithelial_EMT
BD_immune12_404085,normal_NMPR,EMT_NMPR,0.0645444520731295,Differentiated,NMPR,Tumor_epithelial_EMT
BD_immune12_201412,normal_NMPR,EMT_NMPR,0.115524435069511,Differentiated,NMPR,Tumor_epithelial_EMT
BD_immune12_175755,normal_NMPR,EMT_NMPR,0.0720463791095241,Differentiated,NMPR,Tumor_epithelial_EMT
BD_immune12_194506,normal_NMPR,EMT_NMPR,0.0990138900368705,Differentiated,NMPR,Tumor_epithelial_EMT
BD_immune12_71475,normal_NMPR,EMT_NMPR,0.0849920932895564,Differentiated,NMPR,Tumor_epithelial_EMT
BD_immune12_707733,normal_NMPR,EMT_NMPR,0.0857226316743101,Differentiated,NMPR,Tumor_epithelial_EMT
BD_immune12_590206,normal_NMPR,EMT_NMPR,0.0636257181573919,Differentiated,NMPR,Tumor_epithelial_EMT
BD_immune12_178912,normal_NMPR,EMT_NMPR,0.266392553766889,Unipotent,NMPR,Tumor_epithelial_EMT
BD_immune12_715014,normal_NMPR,EMT_NMPR,0.0771871160327036,Differentiated,NMPR,Tumor_epithelial_EMT
BD_immune12_866755,normal_NMPR,EMT_NMPR,0.0741892140650282,Differentiated,NMPR,Tumor_epithelial_EMT
BD_immune12_382295,normal_NMPR,EMT_NMPR,0.148533484862201,Differentiated,NMPR,Tumor_epithelial_EMT
BD_immune12_559186,normal_NMPR,EMT_NMPR,0.0971093571044932,Differentiated,NMPR,Tumor_epithelial_EMT
BD_immune12_217186,normal_NMPR,normal_NMPR,0.100591242952375,Differentiated,NMPR,Tumor_epithelial_AT2
BD_immune12_634107,normal_NMPR,EMT_NMPR,0.0913737854289556,Differentiated,NMPR,Tumor_epithelial_EMT
BD_immune12_479122,normal_NMPR,EMT_NMPR,0.235779471467278,Unipotent,NMPR,Tumor_epithelial_EMT
BD_immune12_410750,normal_NMPR,EMT_NMPR,0.130331482203477,Differentiated,NMPR,Tumor_epithelial_EMT
BD_immune12_282576,normal_NMPR,EMT_NMPR,0.112404700492661,Differentiated,NMPR,Tumor_epithelial_EMT
BD_immune12_862176,normal_NMPR,EMT_NMPR,0.0587493041497463,Differentiated,NMPR,Tumor_epithelial_EMT
BD_immune12_649951,normal_NMPR,EMT_NMPR,0.119601571923249,Differentiated,NMPR,Tumor_epithelial_EMT
BD_immune12_298107,normal_NMPR,EMT_NMPR,0.398269617825952,Oligopotent,NMPR,Tumor_epithelial_EMT
BD_immune12_741106,normal_NMPR,EMT_NMPR,0.0693560256972558,Differentiated,NMPR,Tumor_epithelial_EMT
BD_immune12_293163,normal_NMPR,EMT_NMPR,0.0724042747543603,Differentiated,NMPR,Tumor_epithelial_EMT
BD_immune12_340504,normal_NMPR,EMT_NMPR,0.211798152474971,Unipotent,NMPR,Tumor_epithelial_EMT
BD_immune12_66411,normal_NMPR,EMT_NMPR,0.391800965451433,Oligopotent,NMPR,Tumor_epithelial_EMT
BD_immune12_826403,normal_NMPR,normal_NMPR,0.0658836468295852,Differentiated,NMPR,Tumor_epithelial_AT2
BD_immune12_247982,normal_NMPR,EMT_NMPR,0.0851337117152439,Differentiated,NMPR,Tumor_epithelial_EMT
BD_immune12_347497,Ciliated,Ciliated,0.0171300094161423,Differentiated,NMPR,Ciliated_epithelial
BD_immune12_653652,normal_NMPR,EMT_NMPR,0.0824123460268141,Differentiated,NMPR,Tumor_epithelial_EMT
BD_immune12_664229,normal_NMPR,EMT_NMPR,0.323595287097629,Unipotent,NMPR,Tumor_epithelial_EMT
BD_immune12_140489,normal_NMPR,EMT_NMPR,0.0498348613769405,Differentiated,NMPR,Tumor_epithelial_EMT
BD_immune12_326243,normal_NMPR,EMT_NMPR,0.113213529032383,Differentiated,NMPR,Tumor_epithelial_EMT
BD_immune12_738628,normal_NMPR,EMT_NMPR,0.076623146800828,Differentiated,NMPR,Tumor_epithelial_EMT
BD_immune12_770597,Ciliated,Ciliated,0.0772962044193953,Differentiated,NMPR,Ciliated_epithelial
BD_immune12_435307,Ciliated,Ciliated,0.0767204258613004,Differentiated,NMPR,Ciliated_epithelial
BD_immune12_794646,Ciliated,Ciliated,0.0519845586358275,Differentiated,NMPR,Ciliated_epithelial
BD_immune12_668902,normal_NMPR,EMT_NMPR,0.079779429251444,Differentiated,NMPR,Tumor_epithelial_EMT
BD_immune12_419699,normal_NMPR,EMT_NMPR,0.0869116987173854,Differentiated,NMPR,Tumor_epithelial_EMT
BD_immune12_492140,normal_NMPR,EMT_NMPR,0.0779842687081238,Differentiated,NMPR,Tumor_epithelial_EMT
BD_immune12_90973,normal_NMPR,EMT_NMPR,0.0780118095933647,Differentiated,NMPR,Tumor_epithelial_EMT
BD_immune12_487429,Ciliated,Ciliated,0.0793649135572679,Differentiated,NMPR,Ciliated_epithelial
BD_immune12_552175,normal_NMPR,normal_NMPR,0.0463870821802091,Differentiated,NMPR,Tumor_epithelial_AT2
BD_immune12_14151,normal_NMPR,normal_NMPR,0.00909707806815461,Differentiated,NMPR,Tumor_epithelial_AT2
BD_immune12_570263,normal_NMPR,EMT_NMPR,0.102367745093653,Differentiated,NMPR,Tumor_epithelial_EMT
BD_immune12_112581,normal_NMPR,EMT_NMPR,0.072416830101155,Differentiated,NMPR,Tumor_epithelial_EMT
BD_immune12_373941,Ciliated,Ciliated,0.0651909474665492,Differentiated,NMPR,Ciliated_epithelial
BD_immune12_332934,normal_NMPR,EMT_NMPR,0.112120152231696,Differentiated,NMPR,Tumor_epithelial_EMT
BD_immune12_241771,Ciliated,Ciliated,0.0977138452033773,Differentiated,NMPR,Ciliated_epithelial
BD_immune12_156369,normal_NMPR,normal_NMPR,0.0325934299499666,Differentiated,NMPR,Tumor_epithelial_AT2
BD_immune12_432275,Ciliated,Ciliated,0.0868164441114673,Differentiated,NMPR,Ciliated_epithelial
BD_immune12_707488,Ciliated,Ciliated,0.0471022708366475,Differentiated,NMPR,Ciliated_epithelial
BD_immune12_609137,normal_NMPR,EMT_NMPR,0.101981765222893,Differentiated,NMPR,Tumor_epithelial_EMT
BD_immune12_853340,normal_NMPR,EMT_NMPR,0.0996679011361066,Differentiated,NMPR,Tumor_epithelial_EMT
BD_immune12_772414,Ciliated,Ciliated,0.0398869829247865,Differentiated,NMPR,Ciliated_epithelial
BD_immune12_304374,normal_NMPR,EMT_NMPR,0.052718004691345,Differentiated,NMPR,Tumor_epithelial_EMT
BD_immune12_279818,normal_NMPR,EMT_NMPR,0.230240929482891,Unipotent,NMPR,Tumor_epithelial_EMT
BD_immune12_605279,Ciliated,Ciliated,0.0577981497690725,Differentiated,NMPR,Ciliated_epithelial
BD_immune12_592078,normal_NMPR,normal_NMPR,0.0248082517126103,Differentiated,NMPR,Tumor_epithelial_AT2
BD_immune12_809503,Ciliated,Ciliated,0.0586456587877787,Differentiated,NMPR,Ciliated_epithelial
BD_immune12_345386,Ciliated,Ciliated,0.110871493488546,Differentiated,NMPR,Ciliated_epithelial
BD_immune12_309610,normal_NMPR,EMT_NMPR,0.0953102182832521,Differentiated,NMPR,Tumor_epithelial_EMT
BD_immune12_115619,Ciliated,Ciliated,0.118294001506991,Differentiated,NMPR,Ciliated_epithelial
BD_immune12_87408,Ciliated,Ciliated,0.0718775773226395,Differentiated,NMPR,Ciliated_epithelial
BD_immune12_556316,normal_NMPR,normal_NMPR,0.0770586650516265,Differentiated,NMPR,Tumor_epithelial_AT2
BD_immune12_474762,Ciliated,Ciliated,0.0790070077412641,Differentiated,NMPR,Ciliated_epithelial
BD_immune12_75933,normal_NMPR,normal_NMPR,0.0661147359724268,Differentiated,NMPR,Tumor_epithelial_AT2
BD_immune12_157214,normal_NMPR,normal_NMPR,0.0898507103550531,Differentiated,NMPR,Tumor_epithelial_AT2
BD_immune12_161584,Ciliated,Ciliated,0.0798353723636118,Differentiated,NMPR,Ciliated_epithelial
BD_immune12_469852,normal_NMPR,normal_NMPR,0.102578061036839,Differentiated,NMPR,Tumor_epithelial_AT2
BD_immune12_483787,normal_NMPR,normal_NMPR,0.0208828613813832,Differentiated,NMPR,Tumor_epithelial_AT2
BD_immune12_219382,normal_NMPR,normal_NMPR,0.116002866772442,Differentiated,NMPR,Tumor_epithelial_AT2
BD_immune12_65192,Ciliated,Ciliated,0.0927437503370557,Differentiated,NMPR,Ciliated_epithelial
BD_immune12_700435,Ciliated,Ciliated,0.0934999223963547,Differentiated,NMPR,Ciliated_epithelial
BD_immune12_847763,normal_NMPR,normal_NMPR,0.0233297744855385,Differentiated,NMPR,Tumor_epithelial_AT2
BD_immune12_386232,normal_NMPR,normal_NMPR,0.110523780325776,Differentiated,NMPR,Tumor_epithelial_AT2
BD_immune12_136734,Ciliated,Ciliated,0.065431806679914,Differentiated,NMPR,Ciliated_epithelial
BD_immune12_226525,normal_NMPR,EMT_NMPR,0.0995768478400342,Differentiated,NMPR,Tumor_epithelial_EMT
BD_immune12_883714,Ciliated,Ciliated,0.108096982103292,Differentiated,NMPR,Ciliated_epithelial
BD_immune12_508351,Ciliated,Ciliated,0.0668206925606781,Differentiated,NMPR,Ciliated_epithelial
BD_immune12_485318,Ciliated,Ciliated,0.062254415581573,Differentiated,NMPR,Ciliated_epithelial
BD_immune12_255726,Ciliated,Ciliated,0.082001154826902,Differentiated,NMPR,Ciliated_epithelial
BD_immune12_513932,normal_NMPR,normal_NMPR,0.0205308721861966,Differentiated,NMPR,Tumor_epithelial_AT2
BD_immune12_68456,normal_NMPR,EMT_NMPR,0.125944720221194,Differentiated,NMPR,Tumor_epithelial_EMT
BD_immune12_472802,Ciliated,Ciliated,0.0949938301565712,Differentiated,NMPR,Ciliated_epithelial
BD_immune12_519966,normal_NMPR,normal_NMPR,0.0970614199646838,Differentiated,NMPR,Tumor_epithelial_AT2
BD_immune12_602666,Ciliated,Ciliated,0.0429910297791844,Differentiated,NMPR,Ciliated_epithelial
BD_immune12_332776,Ciliated,Ciliated,0.122759198904413,Differentiated,NMPR,Ciliated_epithelial
BD_immune12_672441,Ciliated,Ciliated,0.0745156611177559,Differentiated,NMPR,Ciliated_epithelial
BD_immune12_832822,normal_NMPR,normal_NMPR,0.0123468042715498,Differentiated,NMPR,Tumor_epithelial_AT2
BD_immune12_832170,normal_NMPR,normal_NMPR,0.0813508637944589,Differentiated,NMPR,Tumor_epithelial_AT2
BD_immune12_55196,normal_NMPR,EMT_NMPR,0.126067704027999,Differentiated,NMPR,Tumor_epithelial_EMT
BD_immune12_142048,normal_NMPR,normal_NMPR,0.0465221419585909,Differentiated,NMPR,Tumor_epithelial_AT2
BD_immune12_643736,normal_NMPR,EMT_NMPR,0.31712634142093,Unipotent,NMPR,Tumor_epithelial_EMT
BD_immune12_306885,normal_NMPR,normal_NMPR,0.0155828711759233,Differentiated,NMPR,Tumor_epithelial_AT2
BD_immune12_184681,Ciliated,Ciliated,0.0962212265600136,Differentiated,NMPR,Ciliated_epithelial
BD_immune12_537461,normal_NMPR,EMT_NMPR,0.045293869385753,Differentiated,NMPR,Tumor_epithelial_EMT
BD_immune12_427724,normal_NMPR,normal_NMPR,0.0461371566278583,Differentiated,NMPR,Tumor_epithelial_AT2
BD_immune12_476420,normal_NMPR,normal_NMPR,0.0565592930907581,Differentiated,NMPR,Tumor_epithelial_AT2
BD_immune12_166797,normal_NMPR,EMT_NMPR,0.12953167775643,Differentiated,NMPR,Tumor_epithelial_EMT
BD_immune12_217177,normal_NMPR,normal_NMPR,0.141767135653211,Differentiated,NMPR,Tumor_epithelial_AT2
BD_immune12_880363,normal_NMPR,normal_NMPR,0.115270880229101,Differentiated,NMPR,Tumor_epithelial_AT2
BD_immune12_215441,normal_NMPR,normal_NMPR,0.12557292750136,Differentiated,NMPR,Tumor_epithelial_AT2
BD_immune12_756367,normal_NMPR,normal_NMPR,0.0163501692344871,Differentiated,NMPR,Tumor_epithelial_AT2
BD_immune12_142312,Ciliated,Ciliated,0.0366428390612648,Differentiated,NMPR,Ciliated_epithelial
BD_immune12_150701,normal_NMPR,normal_NMPR,0.103496162683147,Differentiated,NMPR,Tumor_epithelial_AT2
BD_immune12_691047,normal_NMPR,EMT_NMPR,0.137767578624625,Differentiated,NMPR,Tumor_epithelial_EMT
BD_immune12_192082,normal_NMPR,EMT_NMPR,0.196856099430547,Unipotent,NMPR,Tumor_epithelial_EMT
BD_immune12_36253,normal_NMPR,normal_NMPR,0.0564089930324691,Differentiated,NMPR,Tumor_epithelial_AT2
BD_immune12_428633,normal_NMPR,EMT_NMPR,0.168356839537318,Unipotent,NMPR,Tumor_epithelial_EMT
BD_immune12_828066,normal_NMPR,EMT_NMPR,0.144227135663235,Differentiated,NMPR,Tumor_epithelial_EMT
BD_immune12_450660,normal_NMPR,EMT_NMPR,0.12558544211425,Differentiated,NMPR,Tumor_epithelial_EMT
BD_immune12_445394,normal_NMPR,EMT_NMPR,0.0564142362972358,Differentiated,NMPR,Tumor_epithelial_EMT
BD_immune12_520170,normal_NMPR,EMT_NMPR,0.0520884300739825,Differentiated,NMPR,Tumor_epithelial_EMT
BD_immune12_724377,normal_NMPR,normal_NMPR,0.146951650052625,Differentiated,NMPR,Tumor_epithelial_AT2
BD_immune12_224724,normal_NMPR,EMT_NMPR,0.111121855267935,Differentiated,NMPR,Tumor_epithelial_EMT
BD_immune12_141374,normal_NMPR,EMT_NMPR,0.259011290922935,Unipotent,NMPR,Tumor_epithelial_EMT
BD_immune12_811480,normal_NMPR,EMT_NMPR,0.236311410922329,Unipotent,NMPR,Tumor_epithelial_EMT
BD_immune12_335038,normal_NMPR,EMT_NMPR,0.145325187901798,Differentiated,NMPR,Tumor_epithelial_EMT
BD_immune12_507372,normal_NMPR,EMT_NMPR,0.104772080197831,Differentiated,NMPR,Tumor_epithelial_EMT
BD_immune12_656855,normal_NMPR,EMT_NMPR,0.137281075048471,Differentiated,NMPR,Tumor_epithelial_EMT
BD_immune12_337605,normal_NMPR,EMT_NMPR,0.0819726970292269,Differentiated,NMPR,Tumor_epithelial_EMT
BD_immune12_204120,normal_NMPR,EMT_NMPR,0.115944604370287,Differentiated,NMPR,Tumor_epithelial_EMT
BD_immune12_411988,normal_NMPR,EMT_NMPR,0.278011365997621,Unipotent,NMPR,Tumor_epithelial_EMT
BD_immune12_579025,normal_NMPR,normal_NMPR,0.120011185305085,Differentiated,NMPR,Tumor_epithelial_AT2
BD_immune12_363467,normal_NMPR,normal_NMPR,0.0956720522471832,Differentiated,NMPR,Tumor_epithelial_AT2
BD_immune12_522799,normal_NMPR,normal_NMPR,0.0712626977721764,Differentiated,NMPR,Tumor_epithelial_AT2
BD_immune12_576569,Ciliated,Ciliated,0.0191838929413297,Differentiated,NMPR,Ciliated_epithelial
BD_immune12_708421,normal_NMPR,normal_NMPR,0.0128394294102059,Differentiated,NMPR,Tumor_epithelial_AT2
BD_immune12_279120,normal_NMPR,normal_NMPR,0.0227820885916696,Differentiated,NMPR,Tumor_epithelial_AT2
BD_immune12_866832,normal_NMPR,normal_NMPR,0.0545492199245068,Differentiated,NMPR,Tumor_epithelial_AT2
BD_immune12_853302,normal_NMPR,EMT_NMPR,0.055759677286357,Differentiated,NMPR,Tumor_epithelial_EMT
BD_immune12_88837,normal_NMPR,EMT_NMPR,0.21847712590324,Unipotent,NMPR,Tumor_epithelial_EMT
BD_immune12_410900,normal_NMPR,EMT_NMPR,0.186740613844894,Unipotent,NMPR,Tumor_epithelial_EMT
BD_immune12_350321,normal_NMPR,EMT_NMPR,0.116066022175909,Differentiated,NMPR,Tumor_epithelial_EMT
BD_immune12_685479,normal_NMPR,normal_NMPR,0.0967041062992938,Differentiated,NMPR,Tumor_epithelial_AT2
BD_immune12_393981,normal_NMPR,EMT_NMPR,0.244178108816037,Unipotent,NMPR,Tumor_epithelial_EMT
BD_immune12_351796,normal_NMPR,normal_NMPR,0.147827004473772,Differentiated,NMPR,Tumor_epithelial_AT2
BD_immune12_13246,normal_NMPR,EMT_NMPR,0.174687340324035,Unipotent,NMPR,Tumor_epithelial_EMT
BD_immune12_46830,normal_NMPR,EMT_NMPR,0.0784853340527539,Differentiated,NMPR,Tumor_epithelial_EMT
BD_immune12_110790,normal_NMPR,EMT_NMPR,0.21326142396034,Unipotent,NMPR,Tumor_epithelial_EMT
BD_immune12_871284,normal_NMPR,EMT_NMPR,0.264491130249551,Unipotent,NMPR,Tumor_epithelial_EMT
BD_immune12_429771,normal_NMPR,EMT_NMPR,0.112278180662298,Differentiated,NMPR,Tumor_epithelial_EMT
BD_immune12_611097,normal_NMPR,EMT_NMPR,0.0924918279967733,Differentiated,NMPR,Tumor_epithelial_EMT
BD_immune12_41094,normal_NMPR,normal_NMPR,0.019781006401221,Differentiated,NMPR,Tumor_epithelial_AT2
BD_immune12_672056,normal_NMPR,EMT_NMPR,0.384856803127893,Oligopotent,NMPR,Tumor_epithelial_EMT
BD_immune12_513216,normal_NMPR,EMT_NMPR,0.244904450831581,Unipotent,NMPR,Tumor_epithelial_EMT
BD_immune12_206131,normal_NMPR,EMT_NMPR,0.118843055087796,Differentiated,NMPR,Tumor_epithelial_EMT
BD_immune12_750169,normal_NMPR,EMT_NMPR,0.201127997374326,Unipotent,NMPR,Tumor_epithelial_EMT
BD_immune12_641841,normal_NMPR,EMT_NMPR,0.11583692179214,Differentiated,NMPR,Tumor_epithelial_EMT
BD_immune12_563628,normal_NMPR,normal_NMPR,0.191163054043549,Unipotent,NMPR,Tumor_epithelial_AT2
BD_immune12_600518,normal_NMPR,EMT_NMPR,0.0811724954701012,Differentiated,NMPR,Tumor_epithelial_EMT
BD_immune12_797983,normal_NMPR,EMT_NMPR,0.122575107910126,Differentiated,NMPR,Tumor_epithelial_EMT
BD_immune12_633825,normal_NMPR,normal_NMPR,0.0496937390295994,Differentiated,NMPR,Tumor_epithelial_AT2
BD_immune12_611303,normal_NMPR,normal_NMPR,0.0555198669176035,Differentiated,NMPR,Tumor_epithelial_AT2
BD_immune12_390330,normal_NMPR,normal_NMPR,0.0719635636162011,Differentiated,NMPR,Tumor_epithelial_AT2
BD_immune12_205489,normal_NMPR,EMT_NMPR,0.147886531652745,Differentiated,NMPR,Tumor_epithelial_EMT
BD_immune12_777224,normal_NMPR,EMT_NMPR,0.115578812964778,Differentiated,NMPR,Tumor_epithelial_EMT
BD_immune12_114294,normal_NMPR,EMT_NMPR,0.191089260099478,Unipotent,NMPR,Tumor_epithelial_EMT
BD_immune12_632911,normal_NMPR,EMT_NMPR,0.069674422219412,Differentiated,NMPR,Tumor_epithelial_EMT
BD_immune12_744835,normal_NMPR,normal_NMPR,0.0528992855069679,Differentiated,NMPR,Tumor_epithelial_AT2
BD_immune12_306643,normal_NMPR,EMT_NMPR,0.116699661142374,Differentiated,NMPR,Tumor_epithelial_EMT
BD_immune12_460280,normal_NMPR,EMT_NMPR,0.0342299126246967,Differentiated,NMPR,Tumor_epithelial_EMT
BD_immune12_346652,normal_NMPR,EMT_NMPR,0.165248695678302,Differentiated,NMPR,Tumor_epithelial_EMT
BD_immune12_273349,normal_NMPR,EMT_NMPR,0.400068361771814,Oligopotent,NMPR,Tumor_epithelial_EMT
BD_immune12_840640,normal_NMPR,EMT_NMPR,0.201430319008022,Unipotent,NMPR,Tumor_epithelial_EMT
BD_immune12_546296,normal_NMPR,EMT_NMPR,0.245744704518618,Unipotent,NMPR,Tumor_epithelial_EMT
BD_immune12_853312,normal_NMPR,EMT_NMPR,0.254314517005069,Unipotent,NMPR,Tumor_epithelial_EMT
BD_immune12_877452,normal_NMPR,EMT_NMPR,0.0642414932262391,Differentiated,NMPR,Tumor_epithelial_EMT
BD_immune12_128784,normal_NMPR,EMT_NMPR,0.148828369600197,Differentiated,NMPR,Tumor_epithelial_EMT
BD_immune12_822210,normal_NMPR,normal_NMPR,0.0112029377537551,Differentiated,NMPR,Tumor_epithelial_AT2
BD_immune12_731014,normal_NMPR,EMT_NMPR,0.163544834255778,Differentiated,NMPR,Tumor_epithelial_EMT
BD_immune12_691993,normal_NMPR,EMT_NMPR,0.279949600026258,Unipotent,NMPR,Tumor_epithelial_EMT
BD_immune12_377095,normal_NMPR,EMT_NMPR,0.286707638876574,Unipotent,NMPR,Tumor_epithelial_EMT
BD_immune12_96976,normal_NMPR,EMT_NMPR,0.358377976415311,Oligopotent,NMPR,Tumor_epithelial_EMT
BD_immune12_666837,normal_NMPR,EMT_NMPR,0.0993374963668181,Differentiated,NMPR,Tumor_epithelial_EMT
BD_immune12_836211,normal_NMPR,EMT_NMPR,0.218594896064169,Unipotent,NMPR,Tumor_epithelial_EMT
BD_immune12_233000,normal_NMPR,EMT_NMPR,0.196112209271307,Unipotent,NMPR,Tumor_epithelial_EMT
BD_immune12_214866,normal_NMPR,EMT_NMPR,0.0790384878070644,Differentiated,NMPR,Tumor_epithelial_EMT
BD_immune12_831058,normal_NMPR,EMT_NMPR,0.319910238493383,Unipotent,NMPR,Tumor_epithelial_EMT
BD_immune12_623962,normal_NMPR,EMT_NMPR,0.0605809257920776,Differentiated,NMPR,Tumor_epithelial_EMT
BD_immune12_385811,normal_NMPR,EMT_NMPR,0.105551832822725,Differentiated,NMPR,Tumor_epithelial_EMT
BD_immune12_511551,normal_NMPR,EMT_NMPR,0.224019380235401,Unipotent,NMPR,Tumor_epithelial_EMT
BD_immune12_880703,normal_NMPR,EMT_NMPR,0.0991580916317972,Differentiated,NMPR,Tumor_epithelial_EMT
BD_immune12_104410,Ciliated,Ciliated,0.058923455073924,Differentiated,NMPR,Ciliated_epithelial
BD_immune12_502308,normal_NMPR,EMT_NMPR,0.0944444719126304,Differentiated,NMPR,Tumor_epithelial_EMT
BD_immune12_517420,Ciliated,Ciliated,0.0652934853667693,Differentiated,NMPR,Ciliated_epithelial
BD_immune12_489834,normal_NMPR,EMT_NMPR,0.228969367607258,Unipotent,NMPR,Tumor_epithelial_EMT
BD_immune12_337529,normal_NMPR,EMT_NMPR,0.0812520652710947,Differentiated,NMPR,Tumor_epithelial_EMT
BD_immune12_155212,normal_NMPR,EMT_NMPR,0.359524764328711,Oligopotent,NMPR,Tumor_epithelial_EMT
BD_immune12_443865,Ciliated,Ciliated,0.0333532951245941,Differentiated,NMPR,Ciliated_epithelial
BD_immune12_799199,normal_NMPR,EMT_NMPR,0.142972197618338,Differentiated,NMPR,Tumor_epithelial_EMT
BD_immune12_712007,normal_NMPR,EMT_NMPR,0.385382762407571,Oligopotent,NMPR,Tumor_epithelial_EMT
BD_immune12_221991,normal_NMPR,EMT_NMPR,0.0808859376809436,Differentiated,NMPR,Tumor_epithelial_EMT
BD_immune12_252776,normal_NMPR,EMT_NMPR,0.235159435765625,Unipotent,NMPR,Tumor_epithelial_EMT
BD_immune12_488630,normal_NMPR,EMT_NMPR,0.0820528459507814,Differentiated,NMPR,Tumor_epithelial_EMT
BD_immune12_225995,normal_NMPR,EMT_NMPR,0.191902616129684,Unipotent,NMPR,Tumor_epithelial_EMT
BD_immune12_312387,normal_NMPR,EMT_NMPR,0.0580549924971455,Differentiated,NMPR,Tumor_epithelial_EMT
BD_immune12_471883,normal_NMPR,EMT_NMPR,0.121919571200892,Differentiated,NMPR,Tumor_epithelial_EMT
BD_immune12_294575,normal_NMPR,EMT_NMPR,0.106797632172824,Differentiated,NMPR,Tumor_epithelial_EMT
BD_immune12_688790,Ciliated,Ciliated,0.0309229529425663,Differentiated,NMPR,Ciliated_epithelial
BD_immune12_59605,normal_NMPR,EMT_NMPR,0.0960198562287652,Differentiated,NMPR,Tumor_epithelial_EMT
BD_immune12_287489,normal_NMPR,EMT_NMPR,0.0530075665042235,Differentiated,NMPR,Tumor_epithelial_EMT
BD_immune12_774839,normal_NMPR,EMT_NMPR,0.0943821106638134,Differentiated,NMPR,Tumor_epithelial_EMT
BD_immune12_36323,normal_NMPR,normal_NMPR,0.00566311309557148,Differentiated,NMPR,Tumor_epithelial_AT2
BD_immune12_31479,normal_NMPR,EMT_NMPR,0.256591266637782,Unipotent,NMPR,Tumor_epithelial_EMT
BD_immune12_680179,normal_NMPR,EMT_NMPR,0.231708053388491,Unipotent,NMPR,Tumor_epithelial_EMT
BD_immune12_552582,normal_NMPR,EMT_NMPR,0.206726405476733,Unipotent,NMPR,Tumor_epithelial_EMT
BD_immune12_856035,Ciliated,Ciliated,0.020154576523255,Differentiated,NMPR,Ciliated_epithelial
BD_immune12_281041,normal_NMPR,EMT_NMPR,0.0529853670824037,Differentiated,NMPR,Tumor_epithelial_EMT
BD_immune12_235410,normal_NMPR,EMT_NMPR,0.0864106556740679,Differentiated,NMPR,Tumor_epithelial_EMT
BD_immune12_290135,normal_NMPR,EMT_NMPR,0.123537163030153,Differentiated,NMPR,Tumor_epithelial_EMT
BD_immune12_328665,normal_NMPR,EMT_NMPR,0.318278255816667,Unipotent,NMPR,Tumor_epithelial_EMT
BD_immune12_161631,Ciliated,Ciliated,0.0297001999493807,Differentiated,NMPR,Ciliated_epithelial
BD_immune12_481713,normal_NMPR,EMT_NMPR,0.0667269634770053,Differentiated,NMPR,Tumor_epithelial_EMT
BD_immune12_220280,normal_NMPR,normal_NMPR,0.0444026544069617,Differentiated,NMPR,Tumor_epithelial_AT2
BD_immune12_513545,normal_NMPR,EMT_NMPR,0.2901033617792,Unipotent,NMPR,Tumor_epithelial_EMT
BD_immune12_796749,normal_NMPR,EMT_NMPR,0.303812436099892,Unipotent,NMPR,Tumor_epithelial_EMT
BD_immune12_202854,normal_NMPR,EMT_NMPR,0.0612754143725254,Differentiated,NMPR,Tumor_epithelial_EMT
BD_immune12_266355,normal_NMPR,EMT_NMPR,0.104441385068719,Differentiated,NMPR,Tumor_epithelial_EMT
BD_immune12_567735,Ciliated,Ciliated,0.0396338476112071,Differentiated,NMPR,Ciliated_epithelial
BD_immune12_81555,normal_NMPR,EMT_NMPR,0.134423837559324,Differentiated,NMPR,Tumor_epithelial_EMT
BD_immune12_873758,normal_NMPR,EMT_NMPR,0.131891709463565,Differentiated,NMPR,Tumor_epithelial_EMT
BD_immune12_431514,normal_NMPR,EMT_NMPR,0.106587766751252,Differentiated,NMPR,Tumor_epithelial_EMT
BD_immune12_359163,normal_NMPR,EMT_NMPR,0.0950832010727132,Differentiated,NMPR,Tumor_epithelial_EMT
BD_immune12_536019,normal_NMPR,EMT_NMPR,0.181591181648762,Unipotent,NMPR,Tumor_epithelial_EMT
BD_immune12_536506,normal_NMPR,EMT_NMPR,0.10286321353117,Differentiated,NMPR,Tumor_epithelial_EMT
BD_immune12_565182,normal_NMPR,EMT_NMPR,0.133927327863404,Differentiated,NMPR,Tumor_epithelial_EMT
BD_immune12_347988,normal_NMPR,EMT_NMPR,0.222024480314643,Unipotent,NMPR,Tumor_epithelial_EMT
BD_immune12_653461,normal_NMPR,EMT_NMPR,0.152824419225139,Differentiated,NMPR,Tumor_epithelial_EMT
BD_immune12_699836,normal_NMPR,EMT_NMPR,0.100091941038578,Differentiated,NMPR,Tumor_epithelial_EMT
BD_immune12_805254,normal_NMPR,EMT_NMPR,0.27107558168061,Unipotent,NMPR,Tumor_epithelial_EMT
BD_immune12_67919,normal_NMPR,EMT_NMPR,0.108374078796761,Differentiated,NMPR,Tumor_epithelial_EMT
BD_immune12_278484,normal_NMPR,EMT_NMPR,0.215331807421874,Unipotent,NMPR,Tumor_epithelial_EMT
BD_immune12_569338,normal_NMPR,EMT_NMPR,0.101792038283638,Differentiated,NMPR,Tumor_epithelial_EMT
BD_immune12_369441,normal_NMPR,EMT_NMPR,0.115232467283908,Differentiated,NMPR,Tumor_epithelial_EMT
BD_immune12_807897,normal_NMPR,normal_NMPR,0.0258484838327011,Differentiated,NMPR,Tumor_epithelial_AT2
BD_immune12_65558,normal_NMPR,EMT_NMPR,0.126843952997361,Differentiated,NMPR,Tumor_epithelial_EMT
BD_immune12_214307,Ciliated,Ciliated,0.0107986777176344,Differentiated,NMPR,Ciliated_epithelial
BD_immune12_194618,normal_NMPR,EMT_NMPR,0.27779402602785,Unipotent,NMPR,Tumor_epithelial_EMT
BD_immune12_94767,normal_NMPR,EMT_NMPR,0.295410539656933,Unipotent,NMPR,Tumor_epithelial_EMT
BD_immune12_226063,normal_NMPR,EMT_NMPR,0.0999773432644674,Differentiated,NMPR,Tumor_epithelial_EMT
BD_immune12_730636,normal_NMPR,EMT_NMPR,0.0999215448966159,Differentiated,NMPR,Tumor_epithelial_EMT
BD_immune12_376981,normal_NMPR,EMT_NMPR,0.0813436567773078,Differentiated,NMPR,Tumor_epithelial_EMT
BD_immune12_6084,normal_NMPR,EMT_NMPR,0.09154683200389,Differentiated,NMPR,Tumor_epithelial_EMT
BD_immune12_169469,normal_NMPR,EMT_NMPR,0.0894130023166753,Differentiated,NMPR,Tumor_epithelial_EMT
BD_immune12_84910,normal_NMPR,EMT_NMPR,0.241719567292168,Unipotent,NMPR,Tumor_epithelial_EMT
BD_immune12_842042,normal_NMPR,EMT_NMPR,0.239713356897296,Unipotent,NMPR,Tumor_epithelial_EMT
BD_immune12_574602,normal_NMPR,normal_NMPR,0.098172828774252,Differentiated,NMPR,Tumor_epithelial_AT2
BD_immune12_214300,normal_NMPR,EMT_NMPR,0.0814102802578441,Differentiated,NMPR,Tumor_epithelial_EMT
BD_immune12_260014,normal_NMPR,EMT_NMPR,0.0987341849703221,Differentiated,NMPR,Tumor_epithelial_EMT
BD_immune12_183934,normal_NMPR,EMT_NMPR,0.136904253425156,Differentiated,NMPR,Tumor_epithelial_EMT
BD_immune12_878137,normal_NMPR,EMT_NMPR,0.193653677214189,Unipotent,NMPR,Tumor_epithelial_EMT
BD_immune12_253391,normal_NMPR,EMT_NMPR,0.0534959816630964,Differentiated,NMPR,Tumor_epithelial_EMT
BD_immune12_832101,normal_NMPR,EMT_NMPR,0.100904194473486,Differentiated,NMPR,Tumor_epithelial_EMT
BD_immune12_65519,normal_NMPR,EMT_NMPR,0.247262498719828,Unipotent,NMPR,Tumor_epithelial_EMT
BD_immune12_718274,normal_NMPR,EMT_NMPR,0.260366767402357,Unipotent,NMPR,Tumor_epithelial_EMT
BD_immune12_595590,normal_NMPR,EMT_NMPR,0.214694843223527,Unipotent,NMPR,Tumor_epithelial_EMT
BD_immune12_177548,normal_NMPR,EMT_NMPR,0.085502599629611,Differentiated,NMPR,Tumor_epithelial_EMT
BD_immune12_699063,normal_NMPR,EMT_NMPR,0.0675297642953883,Differentiated,NMPR,Tumor_epithelial_EMT
BD_immune12_563067,normal_NMPR,EMT_NMPR,0.0825713254696212,Differentiated,NMPR,Tumor_epithelial_EMT
BD_immune12_881695,normal_NMPR,EMT_NMPR,0.0916908463499341,Differentiated,NMPR,Tumor_epithelial_EMT
BD_immune12_285243,normal_NMPR,EMT_NMPR,0.0809796077237921,Differentiated,NMPR,Tumor_epithelial_EMT
BD_immune12_348699,normal_NMPR,EMT_NMPR,0.241202204157476,Unipotent,NMPR,Tumor_epithelial_EMT
BD_immune12_296278,normal_NMPR,normal_NMPR,0.0717133458503254,Differentiated,NMPR,Tumor_epithelial_AT2
BD_immune12_256085,normal_NMPR,normal_NMPR,0.0484252291348108,Differentiated,NMPR,Tumor_epithelial_AT2
BD_immune12_822701,normal_NMPR,EMT_NMPR,0.0484990784048457,Differentiated,NMPR,Tumor_epithelial_EMT
BD_immune12_139108,normal_NMPR,EMT_NMPR,0.0531643929728295,Differentiated,NMPR,Tumor_epithelial_EMT
BD_immune12_833633,normal_NMPR,normal_NMPR,0.111101814490008,Differentiated,NMPR,Tumor_epithelial_AT2
BD_immune12_387487,normal_NMPR,EMT_NMPR,0.253212479104442,Unipotent,NMPR,Tumor_epithelial_EMT
BD_immune12_223071,normal_NMPR,EMT_NMPR,0.0856686062100941,Differentiated,NMPR,Tumor_epithelial_EMT
BD_immune12_638673,normal_NMPR,EMT_NMPR,0.201839899736138,Unipotent,NMPR,Tumor_epithelial_EMT
BD_immune12_502762,normal_NMPR,EMT_NMPR,0.079968089719709,Differentiated,NMPR,Tumor_epithelial_EMT
BD_immune12_669330,normal_NMPR,EMT_NMPR,0.437310279102593,Oligopotent,NMPR,Tumor_epithelial_EMT
BD_immune12_523803,normal_NMPR,EMT_NMPR,0.102692094304389,Differentiated,NMPR,Tumor_epithelial_EMT
BD_immune12_819739,normal_NMPR,EMT_NMPR,0.0727890961603975,Differentiated,NMPR,Tumor_epithelial_EMT
BD_immune12_577058,normal_NMPR,EMT_NMPR,0.0526306278959574,Differentiated,NMPR,Tumor_epithelial_EMT
BD_immune12_561686,normal_NMPR,EMT_NMPR,0.242725142786531,Unipotent,NMPR,Tumor_epithelial_EMT
BD_immune12_449723,normal_NMPR,EMT_NMPR,0.0612889663667708,Differentiated,NMPR,Tumor_epithelial_EMT
BD_immune12_836980,normal_NMPR,EMT_NMPR,0.0513975086577343,Differentiated,NMPR,Tumor_epithelial_EMT
BD_immune12_93967,normal_NMPR,EMT_NMPR,0.107428753526296,Differentiated,NMPR,Tumor_epithelial_EMT
BD_immune12_420513,normal_NMPR,EMT_NMPR,0.0975306768462357,Differentiated,NMPR,Tumor_epithelial_EMT
BD_immune12_67290,normal_NMPR,EMT_NMPR,0.0978805938599822,Differentiated,NMPR,Tumor_epithelial_EMT
BD_immune12_605912,normal_NMPR,EMT_NMPR,0.218210720061415,Unipotent,NMPR,Tumor_epithelial_EMT
BD_immune12_449584,normal_NMPR,EMT_NMPR,0.114860158400711,Differentiated,NMPR,Tumor_epithelial_EMT
BD_immune12_272067,normal_NMPR,EMT_NMPR,0.0605280972938381,Differentiated,NMPR,Tumor_epithelial_EMT
BD_immune12_652233,Ciliated,Ciliated,0.00588601085014633,Differentiated,NMPR,Ciliated_epithelial
BD_immune12_768775,normal_NMPR,EMT_NMPR,0.120497817405595,Differentiated,NMPR,Tumor_epithelial_EMT
BD_immune12_510808,normal_NMPR,EMT_NMPR,0.0401183510582294,Differentiated,NMPR,Tumor_epithelial_EMT
BD_immune12_801145,normal_NMPR,EMT_NMPR,0.0631089304663205,Differentiated,NMPR,Tumor_epithelial_EMT
BD_immune12_561841,normal_NMPR,EMT_NMPR,0.0608314491860416,Differentiated,NMPR,Tumor_epithelial_EMT
BD_immune12_490037,normal_NMPR,EMT_NMPR,0.098851358477661,Differentiated,NMPR,Tumor_epithelial_EMT
BD_immune12_24826,Ciliated,Ciliated,0.00731219863690781,Differentiated,NMPR,Ciliated_epithelial
BD_immune12_206917,Ciliated,Ciliated,0.0321239060751655,Differentiated,NMPR,Ciliated_epithelial
BD_immune12_804455,normal_NMPR,EMT_NMPR,0.179490672808421,Unipotent,NMPR,Tumor_epithelial_EMT
BD_immune12_86558,normal_NMPR,EMT_NMPR,0.230098731219526,Unipotent,NMPR,Tumor_epithelial_EMT
BD_immune12_72393,normal_NMPR,EMT_NMPR,0.275033577828857,Unipotent,NMPR,Tumor_epithelial_EMT
BD_immune12_624210,normal_NMPR,EMT_NMPR,0.0883286933416673,Differentiated,NMPR,Tumor_epithelial_EMT
BD_immune12_884661,normal_NMPR,EMT_NMPR,0.0912703709617953,Differentiated,NMPR,Tumor_epithelial_EMT
BD_immune12_560395,normal_NMPR,EMT_NMPR,0.117123651179935,Differentiated,NMPR,Tumor_epithelial_EMT
BD_immune12_485513,normal_NMPR,EMT_NMPR,0.261428134717086,Unipotent,NMPR,Tumor_epithelial_EMT
BD_immune12_655354,normal_NMPR,EMT_NMPR,0.0692673860371807,Differentiated,NMPR,Tumor_epithelial_EMT
BD_immune12_747405,normal_NMPR,EMT_NMPR,0.113036003703522,Differentiated,NMPR,Tumor_epithelial_EMT
BD_immune12_662837,normal_NMPR,EMT_NMPR,0.219057288840939,Unipotent,NMPR,Tumor_epithelial_EMT
BD_immune12_587862,normal_NMPR,EMT_NMPR,0.118467783806922,Differentiated,NMPR,Tumor_epithelial_EMT
BD_immune12_267025,Ciliated,Ciliated,0.0376851887517122,Differentiated,NMPR,Ciliated_epithelial
BD_immune12_416906,Ciliated,Ciliated,0.0225926377258977,Differentiated,NMPR,Ciliated_epithelial
BD_immune12_348171,normal_NMPR,EMT_NMPR,0.0826310676711078,Differentiated,NMPR,Tumor_epithelial_EMT
BD_immune12_419076,normal_NMPR,EMT_NMPR,0.255477388459005,Unipotent,NMPR,Tumor_epithelial_EMT
BD_immune12_831180,normal_NMPR,EMT_NMPR,0.126342953770959,Differentiated,NMPR,Tumor_epithelial_EMT
BD_immune12_595607,normal_NMPR,EMT_NMPR,0.0756634976007527,Differentiated,NMPR,Tumor_epithelial_EMT
BD_immune12_662104,normal_NMPR,EMT_NMPR,0.0615691944200275,Differentiated,NMPR,Tumor_epithelial_EMT
BD_immune12_327647,normal_NMPR,EMT_NMPR,0.0524496591063124,Differentiated,NMPR,Tumor_epithelial_EMT
BD_immune12_29739,normal_NMPR,EMT_NMPR,0.046005602251313,Differentiated,NMPR,Tumor_epithelial_EMT
BD_immune12_131210,normal_NMPR,EMT_NMPR,0.142710146652304,Differentiated,NMPR,Tumor_epithelial_EMT
BD_immune12_723174,normal_NMPR,EMT_NMPR,0.247367258852282,Unipotent,NMPR,Tumor_epithelial_EMT
BD_immune12_864200,normal_NMPR,EMT_NMPR,0.0524691101514142,Differentiated,NMPR,Tumor_epithelial_EMT
BD_immune12_694658,normal_NMPR,EMT_NMPR,0.0755082746134421,Differentiated,NMPR,Tumor_epithelial_EMT
BD_immune12_475326,normal_NMPR,EMT_NMPR,0.110988948895436,Differentiated,NMPR,Tumor_epithelial_EMT
BD_immune12_120048,normal_NMPR,EMT_NMPR,0.10229946047135,Differentiated,NMPR,Tumor_epithelial_EMT
BD_immune12_313242,normal_NMPR,EMT_NMPR,0.0718718546258769,Differentiated,NMPR,Tumor_epithelial_EMT
BD_immune12_869490,normal_NMPR,EMT_NMPR,0.0783694987343571,Differentiated,NMPR,Tumor_epithelial_EMT
BD_immune12_430775,Ciliated,Ciliated,0.0489630287117536,Differentiated,NMPR,Ciliated_epithelial
BD_immune12_873614,normal_NMPR,EMT_NMPR,0.080974380549751,Differentiated,NMPR,Tumor_epithelial_EMT
BD_immune12_444223,Ciliated,Ciliated,0.084489727370892,Differentiated,NMPR,Ciliated_epithelial
BD_immune12_751397,normal_NMPR,EMT_NMPR,0.0644967601501544,Differentiated,NMPR,Tumor_epithelial_EMT
BD_immune12_824589,normal_NMPR,EMT_NMPR,0.0647002107350306,Differentiated,NMPR,Tumor_epithelial_EMT
BD_immune12_106820,normal_NMPR,EMT_NMPR,0.0550931122980157,Differentiated,NMPR,Tumor_epithelial_EMT
BD_immune12_235668,normal_NMPR,EMT_NMPR,0.0688808838389535,Differentiated,NMPR,Tumor_epithelial_EMT
BD_immune12_541975,normal_NMPR,EMT_NMPR,0.239900375933539,Unipotent,NMPR,Tumor_epithelial_EMT
BD_immune12_625895,normal_NMPR,EMT_NMPR,0.0676686878685399,Differentiated,NMPR,Tumor_epithelial_EMT
BD_immune12_374877,Ciliated,Ciliated,0.0789366285534994,Differentiated,NMPR,Ciliated_epithelial
BD_immune12_476856,normal_NMPR,normal_NMPR,0.0228213985707231,Differentiated,NMPR,Tumor_epithelial_AT2
BD_immune12_785103,normal_NMPR,EMT_NMPR,0.0821135632871212,Differentiated,NMPR,Tumor_epithelial_EMT
BD_immune12_278946,normal_NMPR,EMT_NMPR,0.244954586248738,Unipotent,NMPR,Tumor_epithelial_EMT
BD_immune12_497820,normal_NMPR,EMT_NMPR,0.0880069013674598,Differentiated,NMPR,Tumor_epithelial_EMT
BD_immune12_285816,normal_NMPR,EMT_NMPR,0.0496175264756614,Differentiated,NMPR,Tumor_epithelial_EMT
BD_immune12_814108,normal_NMPR,EMT_NMPR,0.122264124951489,Differentiated,NMPR,Tumor_epithelial_EMT
BD_immune12_146886,Ciliated,Ciliated,0.0271281157158499,Differentiated,NMPR,Ciliated_epithelial
BD_immune12_333843,normal_NMPR,EMT_NMPR,0.0793176749335053,Differentiated,NMPR,Tumor_epithelial_EMT
BD_immune12_798873,normal_NMPR,EMT_NMPR,0.0787765761079653,Differentiated,NMPR,Tumor_epithelial_EMT
BD_immune12_309730,normal_NMPR,EMT_NMPR,0.105535219272746,Differentiated,NMPR,Tumor_epithelial_EMT
BD_immune12_378279,normal_NMPR,EMT_NMPR,0.187670474485392,Unipotent,NMPR,Tumor_epithelial_EMT
BD_immune12_700803,normal_NMPR,EMT_NMPR,0.102086164405034,Differentiated,NMPR,Tumor_epithelial_EMT
BD_immune12_72790,normal_NMPR,EMT_NMPR,0.10318324659166,Differentiated,NMPR,Tumor_epithelial_EMT
BD_immune12_700276,Ciliated,Ciliated,0.0114488313852113,Differentiated,NMPR,Ciliated_epithelial
BD_immune12_264335,normal_NMPR,normal_NMPR,0.0325622214332046,Differentiated,NMPR,Tumor_epithelial_AT2
BD_immune12_233210,normal_NMPR,EMT_NMPR,0.0648731852641011,Differentiated,NMPR,Tumor_epithelial_EMT
BD_immune12_564314,Ciliated,Ciliated,0.00943987679572035,Differentiated,NMPR,Ciliated_epithelial
BD_immune12_62419,normal_NMPR,EMT_NMPR,0.0553368716068274,Differentiated,NMPR,Tumor_epithelial_EMT
BD_immune12_847615,normal_NMPR,EMT_NMPR,0.098934741058282,Differentiated,NMPR,Tumor_epithelial_EMT
BD_immune12_841836,normal_NMPR,EMT_NMPR,0.0840844496342212,Differentiated,NMPR,Tumor_epithelial_EMT
BD_immune12_421706,normal_NMPR,EMT_NMPR,0.122652697311545,Differentiated,NMPR,Tumor_epithelial_EMT
BD_immune12_205424,normal_NMPR,EMT_NMPR,0.15111702209719,Differentiated,NMPR,Tumor_epithelial_EMT
BD_immune12_528475,normal_NMPR,EMT_NMPR,0.0507031021605561,Differentiated,NMPR,Tumor_epithelial_EMT
BD_immune12_471896,normal_NMPR,EMT_NMPR,0.0930373390606532,Differentiated,NMPR,Tumor_epithelial_EMT
BD_immune13_666040,normal_NMPR,normal_NMPR,0.0867468578580968,Differentiated,NMPR,Tumor_epithelial_AT2
BD_immune13_683021,normal_NMPR,normal_NMPR,0.106265000384668,Differentiated,NMPR,Tumor_epithelial_AT2
BD_immune13_254337,normal_NMPR,normal_NMPR,0.137280614025734,Differentiated,NMPR,Tumor_epithelial_AT2
BD_immune13_39365,Ciliated,Ciliated,0.102807520701619,Differentiated,NMPR,Ciliated_epithelial
BD_immune13_449648,normal_NMPR,normal_NMPR,0.117836980284644,Differentiated,NMPR,Tumor_epithelial_AT2
BD_immune13_482875,normal_NMPR,normal_NMPR,0.124078999201717,Differentiated,NMPR,Tumor_epithelial_AT2
BD_immune13_776092,normal_NMPR,normal_NMPR,0.0849359561696184,Differentiated,NMPR,Tumor_epithelial_AT2
BD_immune13_178967,normal_NMPR,normal_NMPR,0.0450479933531399,Differentiated,NMPR,Tumor_epithelial_AT2
BD_immune13_783472,normal_NMPR,normal_NMPR,0.101692829757043,Differentiated,NMPR,Tumor_epithelial_AT2
BD_immune13_106787,normal_NMPR,normal_NMPR,0.0467579451785259,Differentiated,NMPR,Tumor_epithelial_AT2
BD_immune13_253917,normal_NMPR,normal_NMPR,0.0896494741353912,Differentiated,NMPR,Tumor_epithelial_AT2
BD_immune13_448806,normal_NMPR,normal_NMPR,0.206020916599808,Unipotent,NMPR,Tumor_epithelial_AT2
BD_immune13_598355,normal_NMPR,normal_NMPR,0.117818566259848,Differentiated,NMPR,Tumor_epithelial_AT2
BD_immune13_178496,normal_NMPR,normal_NMPR,0.0467640221334962,Differentiated,NMPR,Tumor_epithelial_AT2
BD_immune13_114773,tumor_NMPR,tumor_NMPR,0.580668538951907,Multipotent,NMPR,Tumor_epithelial_basal
BD_immune13_874682,normal_NMPR,normal_NMPR,0.0910286436851329,Differentiated,NMPR,Tumor_epithelial_AT2
BD_immune13_778898,normal_NMPR,normal_NMPR,0.0429686728653666,Differentiated,NMPR,Tumor_epithelial_AT2
BD_immune13_573372,normal_NMPR,normal_NMPR,0.0503529360550452,Differentiated,NMPR,Tumor_epithelial_AT2
BD_immune13_597431,normal_NMPR,normal_NMPR,0.222589392195998,Unipotent,NMPR,Tumor_epithelial_AT2
BD_immune13_27458,normal_NMPR,normal_NMPR,0.0841396174517603,Differentiated,NMPR,Tumor_epithelial_AT2
BD_immune13_185592,normal_NMPR,normal_NMPR,0.0655948593199416,Differentiated,NMPR,Tumor_epithelial_AT2
BD_immune13_204595,normal_NMPR,normal_NMPR,0.0904633714937508,Differentiated,NMPR,Tumor_epithelial_AT2
BD_immune13_293046,normal_NMPR,normal_NMPR,0.223394040928944,Unipotent,NMPR,Tumor_epithelial_AT2
BD_immune13_395074,normal_NMPR,normal_NMPR,0.181644263122149,Unipotent,NMPR,Tumor_epithelial_AT2
BD_immune13_655802,normal_NMPR,normal_NMPR,0.105165967016028,Differentiated,NMPR,Tumor_epithelial_AT2
BD_immune13_299252,normal_NMPR,normal_NMPR,0.152821566575031,Differentiated,NMPR,Tumor_epithelial_AT2
BD_immune13_434802,normal_NMPR,normal_NMPR,0.146780560351797,Differentiated,NMPR,Tumor_epithelial_AT2
BD_immune13_581345,normal_NMPR,normal_NMPR,0.026657470718376,Differentiated,NMPR,Tumor_epithelial_AT2
BD_immune13_546467,normal_NMPR,normal_NMPR,0.127706434140282,Differentiated,NMPR,Tumor_epithelial_AT2
BD_immune13_847984,normal_NMPR,normal_NMPR,0.0574597736565177,Differentiated,NMPR,Tumor_epithelial_AT2
BD_immune13_254951,normal_NMPR,normal_NMPR,0.134253016725219,Differentiated,NMPR,Tumor_epithelial_AT2
BD_immune14_558280,normal_MPR,normal_MPR,0.0163066471843333,Differentiated,MPR,Tumor_epithelial_AT2
BD_immune14_647651,Ciliated,Ciliated,0.105143490631216,Differentiated,MPR,Ciliated_epithelial
BD_immune14_486333,Ciliated,Ciliated,0.125578220894677,Differentiated,MPR,Ciliated_epithelial
BD_immune14_425767,Ciliated,Ciliated,0.0297860593309479,Differentiated,MPR,Ciliated_epithelial
BD_immune14_662536,Ciliated,Ciliated,0.0262981165884062,Differentiated,MPR,Ciliated_epithelial
BD_immune14_653962,Ciliated,Ciliated,0.106255084640699,Differentiated,MPR,Ciliated_epithelial
BD_immune14_843297,Ciliated,Ciliated,0.135557927351091,Differentiated,MPR,Ciliated_epithelial
BD_immune14_799760,Ciliated,Ciliated,0.102664928894929,Differentiated,MPR,Ciliated_epithelial
BD_immune14_573048,Ciliated,Ciliated,0.0866288448292455,Differentiated,MPR,Ciliated_epithelial
BD_immune14_540649,Ciliated,Ciliated,0.102468853958136,Differentiated,MPR,Ciliated_epithelial
BD_immune14_477134,Ciliated,Ciliated,0.0962980760060701,Differentiated,MPR,Ciliated_epithelial
BD_immune14_68493,Ciliated,Ciliated,0.102482736198673,Differentiated,MPR,Ciliated_epithelial
BD_immune14_844765,Ciliated,Ciliated,0.0318672151871332,Differentiated,MPR,Ciliated_epithelial
BD_immune14_647325,normal_MPR,normal_MPR,0.0439274380435341,Differentiated,MPR,Tumor_epithelial_AT2
BD_immune14_828505,Ciliated,Ciliated,0.127629618144361,Differentiated,MPR,Ciliated_epithelial
BD_immune14_505664,Ciliated,Ciliated,0.108469765014705,Differentiated,MPR,Ciliated_epithelial
BD_immune14_411892,Ciliated,Ciliated,0.0683328816591829,Differentiated,MPR,Ciliated_epithelial
BD_immune14_533330,Ciliated,Ciliated,0.103548933779637,Differentiated,MPR,Ciliated_epithelial
BD_immune14_874713,Ciliated,Ciliated,0.110159212230426,Differentiated,MPR,Ciliated_epithelial
BD_immune14_623031,Ciliated,Ciliated,0.0653445480948386,Differentiated,MPR,Ciliated_epithelial
BD_immune14_532013,Ciliated,Ciliated,0.100910079812212,Differentiated,MPR,Ciliated_epithelial
BD_immune14_2495,Ciliated,Ciliated,0.123086941718719,Differentiated,MPR,Ciliated_epithelial
BD_immune14_206004,Ciliated,Ciliated,0.0952710579697458,Differentiated,MPR,Ciliated_epithelial
BD_immune14_68312,Ciliated,Ciliated,0.105307198466914,Differentiated,MPR,Ciliated_epithelial
BD_immune14_815490,normal_MPR,normal_MPR,0.0641930961975059,Differentiated,MPR,Tumor_epithelial_AT2
BD_immune14_622700,normal_MPR,normal_MPR,0.0485347839532176,Differentiated,MPR,Tumor_epithelial_AT2
BD_immune14_42112,Ciliated,Ciliated,0.123385698663726,Differentiated,MPR,Ciliated_epithelial
BD_immune14_48989,Ciliated,Ciliated,0.124983765328414,Differentiated,MPR,Ciliated_epithelial
BD_immune14_312909,Ciliated,Ciliated,0.133260899363659,Differentiated,MPR,Ciliated_epithelial
BD_immune14_604591,normal_MPR,normal_MPR,0.0839146041977876,Differentiated,MPR,Tumor_epithelial_AT2
BD_immune14_679768,Ciliated,Ciliated,0.0915922880245912,Differentiated,MPR,Ciliated_epithelial
BD_immune14_182776,Ciliated,Ciliated,0.0963726198182936,Differentiated,MPR,Ciliated_epithelial
BD_immune14_79961,Ciliated,Ciliated,0.099800971520473,Differentiated,MPR,Ciliated_epithelial
BD_immune14_375322,Ciliated,Ciliated,0.0279141221398571,Differentiated,MPR,Ciliated_epithelial
BD_immune14_551142,Ciliated,Ciliated,0.102214440182219,Differentiated,MPR,Ciliated_epithelial
BD_immune14_781868,Ciliated,Ciliated,0.109744474275161,Differentiated,MPR,Ciliated_epithelial
BD_immune14_40314,Ciliated,Ciliated,0.0877828480637671,Differentiated,MPR,Ciliated_epithelial
BD_immune14_522363,Ciliated,Ciliated,0.0351249563129409,Differentiated,MPR,Ciliated_epithelial
BD_immune14_634157,tumor_MPR,tumor_MPR,0.176313979898051,Unipotent,MPR,Tumor_epithelial_basal
BD_immune14_711711,Ciliated,Ciliated,0.0516215266833872,Differentiated,MPR,Ciliated_epithelial
BD_immune14_703899,Ciliated,Ciliated,0.0728959529695242,Differentiated,MPR,Ciliated_epithelial
BD_immune14_240162,Ciliated,Ciliated,0.0692802513937671,Differentiated,MPR,Ciliated_epithelial
BD_immune14_153489,Ciliated,Ciliated,0.125972286556104,Differentiated,MPR,Ciliated_epithelial
BD_immune14_787243,Ciliated,Ciliated,0.135284791626773,Differentiated,MPR,Ciliated_epithelial
BD_immune14_479440,Ciliated,Ciliated,0.101677236517899,Differentiated,MPR,Ciliated_epithelial
BD_immune14_141831,Ciliated,Ciliated,0.119878151168476,Differentiated,MPR,Ciliated_epithelial
BD_immune14_181950,Ciliated,Ciliated,0.0697503448646146,Differentiated,MPR,Ciliated_epithelial
BD_immune14_385869,Ciliated,Ciliated,0.137063725413239,Differentiated,MPR,Ciliated_epithelial
BD_immune14_751788,Ciliated,Ciliated,0.0811297800666204,Differentiated,MPR,Ciliated_epithelial
BD_immune14_882277,Ciliated,Ciliated,0.124851063902014,Differentiated,MPR,Ciliated_epithelial
BD_immune14_109363,Ciliated,Ciliated,0.120190819709481,Differentiated,MPR,Ciliated_epithelial
BD_immune14_778400,Ciliated,Ciliated,0.0818003822462908,Differentiated,MPR,Ciliated_epithelial
BD_immune14_246806,Ciliated,Ciliated,0.117952996941975,Differentiated,MPR,Ciliated_epithelial
BD_immune14_266198,Ciliated,Ciliated,0.0722452995909799,Differentiated,MPR,Ciliated_epithelial
BD_immune14_764109,normal_MPR,normal_MPR,0.0620836296711524,Differentiated,MPR,Tumor_epithelial_AT2
BD_immune14_712942,normal_MPR,normal_MPR,0.0693193046245869,Differentiated,MPR,Tumor_epithelial_AT2
BD_immune14_706655,normal_MPR,normal_MPR,0.101647650224421,Differentiated,MPR,Tumor_epithelial_AT2
BD_immune14_171750,Ciliated,Ciliated,0.0983388503481246,Differentiated,MPR,Ciliated_epithelial
BD_immune14_364733,Ciliated,Ciliated,0.0444880262548924,Differentiated,MPR,Ciliated_epithelial
BD_immune14_768991,Ciliated,Ciliated,0.0549382016515196,Differentiated,MPR,Ciliated_epithelial
BD_immune14_338290,Ciliated,Ciliated,0.0856910289401755,Differentiated,MPR,Ciliated_epithelial
BD_immune14_697684,Ciliated,Ciliated,0.117634190878712,Differentiated,MPR,Ciliated_epithelial
BD_immune14_296461,Ciliated,Ciliated,0.0332268086023369,Differentiated,MPR,Ciliated_epithelial
BD_immune14_695818,Ciliated,Ciliated,0.107296258148777,Differentiated,MPR,Ciliated_epithelial
BD_immune14_625531,Ciliated,Ciliated,0.108286464710688,Differentiated,MPR,Ciliated_epithelial
BD_immune14_381194,Ciliated,Ciliated,0.248530859829001,Unipotent,MPR,Ciliated_epithelial
BD_immune14_454305,Ciliated,Ciliated,0.143948638286481,Differentiated,MPR,Ciliated_epithelial
BD_immune14_572827,Ciliated,Ciliated,0.0704806124285818,Differentiated,MPR,Ciliated_epithelial
BD_immune14_431363,Ciliated,Ciliated,0.0776612331538725,Differentiated,MPR,Ciliated_epithelial
BD_immune14_464089,Ciliated,Ciliated,0.0509174524803763,Differentiated,MPR,Ciliated_epithelial
BD_immune14_563968,Ciliated,Ciliated,0.0895322395453792,Differentiated,MPR,Ciliated_epithelial
BD_immune14_164388,Ciliated,Ciliated,0.0708925775980659,Differentiated,MPR,Ciliated_epithelial
BD_immune14_78618,Ciliated,Ciliated,0.0602099185285657,Differentiated,MPR,Ciliated_epithelial
BD_immune14_591717,normal_MPR,normal_MPR,0.0214475339297784,Differentiated,MPR,Tumor_epithelial_AT2
BD_immune14_48926,normal_MPR,normal_MPR,0.0192475684515877,Differentiated,MPR,Tumor_epithelial_AT2
BD_immune14_452523,normal_MPR,normal_MPR,0.0348049633175136,Differentiated,MPR,Tumor_epithelial_AT2
BD_immune14_856109,Ciliated,Ciliated,0.0342605477576271,Differentiated,MPR,Ciliated_epithelial
BD_immune14_486953,normal_MPR,normal_MPR,0.0912794357430159,Differentiated,MPR,Tumor_epithelial_AT2
BD_immune14_11794,normal_MPR,normal_MPR,0.0150094890748731,Differentiated,MPR,Tumor_epithelial_AT2
BD_immune14_332519,normal_MPR,normal_MPR,0.0264433332583005,Differentiated,MPR,Tumor_epithelial_AT2
BD_immune14_777286,Ciliated,Ciliated,0.119878202655962,Differentiated,MPR,Ciliated_epithelial
BD_immune14_88178,Ciliated,Ciliated,0.081367019417239,Differentiated,MPR,Ciliated_epithelial
BD_immune14_72607,Ciliated,Ciliated,0.222490597495698,Unipotent,MPR,Ciliated_epithelial
BD_immune14_862325,Ciliated,Ciliated,0.0665393163803404,Differentiated,MPR,Ciliated_epithelial
BD_immune14_386052,normal_MPR,normal_MPR,0.123605550037415,Differentiated,MPR,Tumor_epithelial_AT2
BD_immune14_601230,Ciliated,Ciliated,0.0995080003857516,Differentiated,MPR,Ciliated_epithelial
BD_immune14_244736,normal_MPR,normal_MPR,0.0168026721709587,Differentiated,MPR,Tumor_epithelial_AT2
BD_immune14_865742,Ciliated,Ciliated,0.130691278755986,Differentiated,MPR,Ciliated_epithelial
BD_immune14_306487,Ciliated,Ciliated,0.0777790319759697,Differentiated,MPR,Ciliated_epithelial
BD_immune14_270629,Ciliated,Ciliated,0.0800082819914158,Differentiated,MPR,Ciliated_epithelial
BD_immune14_307396,normal_MPR,normal_MPR,0.130303705050478,Differentiated,MPR,Tumor_epithelial_AT2
BD_immune14_97882,Ciliated,Ciliated,0.0908194893270132,Differentiated,MPR,Ciliated_epithelial
BD_immune14_505733,Ciliated,Ciliated,0.0901154896361999,Differentiated,MPR,Ciliated_epithelial
BD_immune14_327746,normal_MPR,normal_MPR,0.0185472886019275,Differentiated,MPR,Tumor_epithelial_AT2
BD_immune14_225446,Ciliated,Ciliated,0.0509907275475804,Differentiated,MPR,Ciliated_epithelial
BD_immune14_319390,Ciliated,Ciliated,0.0720887553761525,Differentiated,MPR,Ciliated_epithelial
BD_immune14_294203,Ciliated,Ciliated,0.092415054140951,Differentiated,MPR,Ciliated_epithelial
BD_immune14_659950,Ciliated,Ciliated,0.0742001935564135,Differentiated,MPR,Ciliated_epithelial
BD_immune14_487621,normal_MPR,normal_MPR,0.041225599278426,Differentiated,MPR,Tumor_epithelial_AT2
BD_immune14_351752,normal_MPR,normal_MPR,0.0104226986712847,Differentiated,MPR,Tumor_epithelial_AT2
BD_immune14_560049,Ciliated,Ciliated,0.0456368364156697,Differentiated,MPR,Ciliated_epithelial
BD_immune14_397636,Ciliated,Ciliated,0.107043465919259,Differentiated,MPR,Ciliated_epithelial
BD_immune14_492354,normal_MPR,normal_MPR,0.0578407877074882,Differentiated,MPR,Tumor_epithelial_AT2
BD_immune14_258026,normal_MPR,normal_MPR,0.0195525926070346,Differentiated,MPR,Tumor_epithelial_AT2
BD_immune14_680671,Ciliated,Ciliated,0.0453757019740159,Differentiated,MPR,Ciliated_epithelial
BD_immune14_717151,Ciliated,Ciliated,0.0472301156275739,Differentiated,MPR,Ciliated_epithelial
BD_immune14_698522,normal_MPR,normal_MPR,0.0255476059611387,Differentiated,MPR,Tumor_epithelial_AT2
BD_immune14_805741,normal_MPR,normal_MPR,0.0492783144211622,Differentiated,MPR,Tumor_epithelial_AT2
BD_immune14_170840,Ciliated,Ciliated,0.111993930975227,Differentiated,MPR,Ciliated_epithelial
BD_immune14_293819,Ciliated,Ciliated,0.117734628804844,Differentiated,MPR,Ciliated_epithelial
BD_immune14_205968,Ciliated,Ciliated,0.0875848791577294,Differentiated,MPR,Ciliated_epithelial
BD_immune14_721910,normal_MPR,normal_MPR,0.0570785012944986,Differentiated,MPR,Tumor_epithelial_AT2
BD_immune14_134165,Ciliated,Ciliated,0.0456697538324817,Differentiated,MPR,Ciliated_epithelial
BD_immune14_408863,Ciliated,Ciliated,0.0994458239390503,Differentiated,MPR,Ciliated_epithelial
BD_immune14_608673,normal_MPR,normal_MPR,0.0166146793128748,Differentiated,MPR,Tumor_epithelial_AT2
BD_immune14_729061,normal_MPR,normal_MPR,0.0698734815578345,Differentiated,MPR,Tumor_epithelial_AT2
BD_immune14_692820,normal_MPR,normal_MPR,0.121359906545288,Differentiated,MPR,Tumor_epithelial_AT2
BD_immune14_124827,normal_MPR,normal_MPR,0.0504432577172186,Differentiated,MPR,Tumor_epithelial_AT2
BD_immune14_671606,Ciliated,Ciliated,0.0855725026488468,Differentiated,MPR,Ciliated_epithelial
BD_immune14_789585,normal_MPR,normal_MPR,0.016655065784511,Differentiated,MPR,Tumor_epithelial_AT2
BD_immune14_654785,normal_MPR,normal_MPR,0.154441572113394,Differentiated,MPR,Tumor_epithelial_AT2
BD_immune14_830241,normal_MPR,normal_MPR,0.187226130941272,Unipotent,MPR,Tumor_epithelial_AT2
BD_immune14_823775,normal_MPR,normal_MPR,0.0832844321243161,Differentiated,MPR,Tumor_epithelial_AT2
BD_immune14_784725,Ciliated,Ciliated,0.057500149391498,Differentiated,MPR,Ciliated_epithelial
BD_immune14_793575,normal_MPR,normal_MPR,0.137422268528331,Differentiated,MPR,Tumor_epithelial_AT2
BD_immune14_450154,normal_MPR,normal_MPR,0.00957586713743516,Differentiated,MPR,Tumor_epithelial_AT2
BD_immune14_721967,normal_MPR,normal_MPR,0.0269257433565186,Differentiated,MPR,Tumor_epithelial_AT2
BD_immune14_194349,normal_MPR,normal_MPR,0.026624241930517,Differentiated,MPR,Tumor_epithelial_AT2
BD_immune14_294009,normal_MPR,normal_MPR,0.0662868186546521,Differentiated,MPR,Tumor_epithelial_AT2
BD_immune14_315400,normal_MPR,normal_MPR,0.0724180503769797,Differentiated,MPR,Tumor_epithelial_AT2
BD_immune14_876157,Ciliated,Ciliated,0.083487631728706,Differentiated,MPR,Ciliated_epithelial
BD_immune14_402022,normal_MPR,normal_MPR,0.140894132993107,Differentiated,MPR,Tumor_epithelial_AT2
BD_immune14_523855,normal_MPR,normal_MPR,0.0245897061223721,Differentiated,MPR,Tumor_epithelial_AT2
BD_immune14_57479,normal_MPR,normal_MPR,0.0563555203244697,Differentiated,MPR,Tumor_epithelial_AT2
BD_immune14_838818,Ciliated,Ciliated,0.154850197406993,Differentiated,MPR,Ciliated_epithelial
BD_immune14_671706,normal_MPR,normal_MPR,0.0170025278043553,Differentiated,MPR,Tumor_epithelial_AT2
BD_immune14_475703,Ciliated,Ciliated,0.0717113875749612,Differentiated,MPR,Ciliated_epithelial
BD_immune14_553739,Ciliated,Ciliated,0.101321561749853,Differentiated,MPR,Ciliated_epithelial
BD_immune14_723607,normal_MPR,normal_MPR,0.0884001801899816,Differentiated,MPR,Tumor_epithelial_AT2
BD_immune14_210298,normal_MPR,normal_MPR,0.0308290212378701,Differentiated,MPR,Tumor_epithelial_AT2
BD_immune14_637075,normal_MPR,normal_MPR,0.0414271642107333,Differentiated,MPR,Tumor_epithelial_AT2
BD_immune14_572965,normal_MPR,normal_MPR,0.0814988995059113,Differentiated,MPR,Tumor_epithelial_AT2
BD_immune14_431395,Ciliated,Ciliated,0.053837570553792,Differentiated,MPR,Ciliated_epithelial
BD_immune14_281950,normal_MPR,normal_MPR,0.0252737096698296,Differentiated,MPR,Tumor_epithelial_AT2
BD_immune14_519812,normal_MPR,normal_MPR,0.0241205122707522,Differentiated,MPR,Tumor_epithelial_AT2
BD_immune14_679454,normal_MPR,normal_MPR,0.0277420531216229,Differentiated,MPR,Tumor_epithelial_AT2
BD_immune14_709579,normal_MPR,normal_MPR,0.093566619589822,Differentiated,MPR,Tumor_epithelial_AT2
BD_immune14_240509,normal_MPR,normal_MPR,0.118809115741866,Differentiated,MPR,Tumor_epithelial_AT2
BD_immune14_573354,normal_MPR,normal_MPR,0.165857242673792,Differentiated,MPR,Tumor_epithelial_AT2
BD_immune14_143073,normal_MPR,normal_MPR,0.112807462322466,Differentiated,MPR,Tumor_epithelial_AT2
BD_immune14_252961,normal_MPR,normal_MPR,0.04419383712024,Differentiated,MPR,Tumor_epithelial_AT2
BD_immune14_504424,normal_MPR,normal_MPR,0.0982815748055475,Differentiated,MPR,Tumor_epithelial_AT2
BD_immune14_799252,normal_MPR,normal_MPR,0.0217827528891537,Differentiated,MPR,Tumor_epithelial_AT2
BD_immune14_590844,Ciliated,Ciliated,0.083041467786785,Differentiated,MPR,Ciliated_epithelial
BD_immune14_283944,Ciliated,Ciliated,0.0629766650308742,Differentiated,MPR,Ciliated_epithelial
BD_immune14_55693,normal_MPR,normal_MPR,0.0440084701386122,Differentiated,MPR,Tumor_epithelial_AT2
BD_immune14_732736,normal_MPR,normal_MPR,0.0324341857299416,Differentiated,MPR,Tumor_epithelial_AT2
BD_immune14_538300,normal_MPR,normal_MPR,0.0284300377171981,Differentiated,MPR,Tumor_epithelial_AT2
BD_immune14_851755,Ciliated,Ciliated,0.0621258764197156,Differentiated,MPR,Ciliated_epithelial
BD_immune14_470913,Ciliated,Ciliated,0.0593352468084198,Differentiated,MPR,Ciliated_epithelial
BD_immune14_635890,Ciliated,Ciliated,0.0511749587397422,Differentiated,MPR,Ciliated_epithelial
BD_immune14_439312,normal_MPR,normal_MPR,0.0417354608729056,Differentiated,MPR,Tumor_epithelial_AT2
BD_immune14_436957,Ciliated,Ciliated,0.0403974244471352,Differentiated,MPR,Ciliated_epithelial
BD_immune14_361340,normal_MPR,normal_MPR,0.00836376082805679,Differentiated,MPR,Tumor_epithelial_AT2
BD_immune14_572604,normal_MPR,normal_MPR,0.110998130050494,Differentiated,MPR,Tumor_epithelial_AT2
BD_immune14_223775,Ciliated,Ciliated,0.0295844103353387,Differentiated,MPR,Ciliated_epithelial
BD_immune14_764317,normal_MPR,normal_MPR,0.14550777565877,Differentiated,MPR,Tumor_epithelial_AT2
BD_immune14_128126,Ciliated,Ciliated,0.0215330546181692,Differentiated,MPR,Ciliated_epithelial
BD_immune14_75980,normal_MPR,normal_MPR,0.145377156947609,Differentiated,MPR,Tumor_epithelial_AT2
BD_immune14_596657,normal_MPR,normal_MPR,0.0462568836940314,Differentiated,MPR,Tumor_epithelial_AT2
BD_immune14_851458,normal_MPR,normal_MPR,0.138326643038667,Differentiated,MPR,Tumor_epithelial_AT2
BD_immune14_281560,Ciliated,Ciliated,0.0243953134696501,Differentiated,MPR,Ciliated_epithelial
BD_immune14_811281,,,0.101073870567453,Differentiated,MPR,Tumor_epithelial_AT2
BD_immune14_723492,Ciliated,Ciliated,0.0505762059776033,Differentiated,MPR,Ciliated_epithelial
BD_immune14_504512,Ciliated,Ciliated,0.026663247380434,Differentiated,MPR,Ciliated_epithelial
BD_immune14_532178,Ciliated,Ciliated,0.0267432395299738,Differentiated,MPR,Ciliated_epithelial
BD_immune14_395182,Ciliated,Ciliated,0.084498442037803,Differentiated,MPR,Ciliated_epithelial
BD_immune14_879190,Ciliated,Ciliated,0.0682808565468361,Differentiated,MPR,Ciliated_epithelial
BD_immune14_829151,Ciliated,Ciliated,0.0513313637365092,Differentiated,MPR,Ciliated_epithelial
BD_immune14_601542,normal_MPR,normal_MPR,0.0302571054747242,Differentiated,MPR,Tumor_epithelial_AT2
BD_immune14_6093,Ciliated,Ciliated,0.0609051094412987,Differentiated,MPR,Ciliated_epithelial
BD_immune14_141869,normal_MPR,normal_MPR,0.108202129707894,Differentiated,MPR,Tumor_epithelial_AT2
BD_immune14_834822,Ciliated,Ciliated,0.0708030051299866,Differentiated,MPR,Ciliated_epithelial
BD_immune14_853782,Ciliated,Ciliated,0.0411101999768556,Differentiated,MPR,Ciliated_epithelial
BD_immune14_603643,,,0.0406088249412954,Differentiated,MPR,Tumor_epithelial_AT2
BD_immune14_690113,Ciliated,Ciliated,0.0402309034435387,Differentiated,MPR,Ciliated_epithelial
BD_immune15_2307,normal_NMPR,normal_NMPR,0.0952909362664822,Differentiated,NMPR,Tumor_epithelial_AT2
BD_immune15_425901,Ciliated,Ciliated,0.0255965465618027,Differentiated,NMPR,Ciliated_epithelial
BD_immune15_730534,Ciliated,Ciliated,0.0640383967567185,Differentiated,NMPR,Ciliated_epithelial
BD_immune15_281495,normal_NMPR,normal_NMPR,0.0678714238835122,Differentiated,NMPR,Tumor_epithelial_AT2
BD_immune15_182945,Ciliated,Ciliated,0.0221006512099919,Differentiated,NMPR,Ciliated_epithelial
BD_immune15_614669,normal_NMPR,normal_NMPR,0.0517713105179745,Differentiated,NMPR,Tumor_epithelial_AT2
BD_immune15_597473,normal_NMPR,normal_NMPR,0.131345494185243,Differentiated,NMPR,Tumor_epithelial_AT2
BD_immune15_717708,normal_NMPR,normal_NMPR,0.106508333614315,Differentiated,NMPR,Tumor_epithelial_AT2
BD_immune15_716454,Ciliated,Ciliated,0.0325892690065468,Differentiated,NMPR,Ciliated_epithelial
BD_immune15_217527,Ciliated,Ciliated,0.0198303738059231,Differentiated,NMPR,Ciliated_epithelial
BD_immune15_772548,normal_NMPR,normal_NMPR,0.0920310506131158,Differentiated,NMPR,Tumor_epithelial_AT2
BD_immune15_172422,Ciliated,Ciliated,0.0270771892630831,Differentiated,NMPR,Ciliated_epithelial
BD_immune15_401797,normal_NMPR,normal_NMPR,0.0836676315326725,Differentiated,NMPR,Tumor_epithelial_AT2
BD_immune15_784573,normal_NMPR,normal_NMPR,0.0391387551066137,Differentiated,NMPR,Tumor_epithelial_AT2
BD_immune15_120838,normal_NMPR,normal_NMPR,0.009721450023965,Differentiated,NMPR,Tumor_epithelial_AT2
BD_immune15_729238,normal_NMPR,normal_NMPR,0.0725093299315826,Differentiated,NMPR,Tumor_epithelial_AT2
BD_immune15_850540,Ciliated,Ciliated,0.0233237093779268,Differentiated,NMPR,Ciliated_epithelial
BD_immune15_320639,Ciliated,Ciliated,0.0215923500209329,Differentiated,NMPR,Ciliated_epithelial
BD_immune15_478513,normal_NMPR,normal_NMPR,0.0778877059558456,Differentiated,NMPR,Tumor_epithelial_AT2
BD_immune15_65901,normal_NMPR,normal_NMPR,0.0289686956568101,Differentiated,NMPR,Tumor_epithelial_AT2
BD_immune15_696283,normal_NMPR,normal_NMPR,0.058173403470382,Differentiated,NMPR,Tumor_epithelial_AT2
BD_immune15_573806,normal_NMPR,normal_NMPR,0.00239272820567814,Differentiated,NMPR,Tumor_epithelial_AT2
BD_immune15_40940,normal_NMPR,normal_NMPR,0.0772992505423403,Differentiated,NMPR,Tumor_epithelial_AT2
BD_immune15_270336,Ciliated,Ciliated,0.047014710096484,Differentiated,NMPR,Ciliated_epithelial
BD_immune15_127864,Ciliated,Ciliated,0.0339985502385495,Differentiated,NMPR,Ciliated_epithelial
BD_immune15_735723,Ciliated,Ciliated,0.112820425692735,Differentiated,NMPR,Ciliated_epithelial
BD_immune15_386393,normal_NMPR,normal_NMPR,0.019086658935204,Differentiated,NMPR,Tumor_epithelial_AT2
BD_immune15_354517,normal_NMPR,normal_NMPR,0.0382803915264088,Differentiated,NMPR,Tumor_epithelial_AT2
BD_immune15_852140,Ciliated,Ciliated,0.0161459520271941,Differentiated,NMPR,Ciliated_epithelial
BD_immune15_346445,Ciliated,Ciliated,0.0279888330219673,Differentiated,NMPR,Ciliated_epithelial
BD_immune15_611979,normal_NMPR,normal_NMPR,0.0804266600134119,Differentiated,NMPR,Tumor_epithelial_AT2
BD_immune15_218558,Ciliated,Ciliated,0.0326789844458617,Differentiated,NMPR,Ciliated_epithelial
BD_immune15_399664,Ciliated,Ciliated,0.0125942471271577,Differentiated,NMPR,Ciliated_epithelial
BD_immune15_542515,normal_NMPR,normal_NMPR,0.0483686281505805,Differentiated,NMPR,Tumor_epithelial_AT2
BD_immune15_299789,normal_NMPR,normal_NMPR,0.0141000450310804,Differentiated,NMPR,Tumor_epithelial_AT2
BD_immune15_516665,Ciliated,Ciliated,0.0828789065363522,Differentiated,NMPR,Ciliated_epithelial
BD_immune15_98105,normal_NMPR,normal_NMPR,0.0785866117966478,Differentiated,NMPR,Tumor_epithelial_AT2
BD_immune15_436442,normal_NMPR,normal_NMPR,0.0266997439917064,Differentiated,NMPR,Tumor_epithelial_AT2
BD_immune15_139372,Ciliated,Ciliated,0.0958032548905653,Differentiated,NMPR,Ciliated_epithelial
BD_immune15_10050,normal_NMPR,normal_NMPR,0.00682930548732718,Differentiated,NMPR,Tumor_epithelial_AT2
BD_immune15_864594,Ciliated,Ciliated,0.0324267271541474,Differentiated,NMPR,Ciliated_epithelial
BD_immune15_651368,Ciliated,Ciliated,0.106570460183949,Differentiated,NMPR,Ciliated_epithelial
BD_immune15_6748,Ciliated,Ciliated,0.0479670141028858,Differentiated,NMPR,Ciliated_epithelial
BD_immune15_752216,Ciliated,Ciliated,0.12009382998382,Differentiated,NMPR,Ciliated_epithelial
BD_immune15_3758,Ciliated,Ciliated,0.0231866284500229,Differentiated,NMPR,Ciliated_epithelial
BD_immune15_393905,normal_NMPR,normal_NMPR,0.0129274960743489,Differentiated,NMPR,Tumor_epithelial_AT2
BD_immune15_247072,Ciliated,Ciliated,0.0615761001144261,Differentiated,NMPR,Ciliated_epithelial
BD_immune15_629743,normal_NMPR,normal_NMPR,0.0177850204006988,Differentiated,NMPR,Tumor_epithelial_AT2
BD_immune15_373852,normal_NMPR,normal_NMPR,0.0303626563842202,Differentiated,NMPR,Tumor_epithelial_AT2
BD_immune15_755709,normal_NMPR,normal_NMPR,0.0156609275031381,Differentiated,NMPR,Tumor_epithelial_AT2
BD_immune15_430040,Ciliated,Ciliated,0.00645357404669693,Differentiated,NMPR,Ciliated_epithelial
BD_immune15_742311,normal_NMPR,normal_NMPR,0.0175566620857628,Differentiated,NMPR,Tumor_epithelial_AT2
BD_immune15_176048,normal_NMPR,normal_NMPR,0.0733967473408488,Differentiated,NMPR,Tumor_epithelial_AT2
BD_immune15_28900,Ciliated,Ciliated,0.0290580420602266,Differentiated,NMPR,Ciliated_epithelial
BD_immune15_305040,Ciliated,Ciliated,0.0365623583421586,Differentiated,NMPR,Ciliated_epithelial
BD_immune15_732978,normal_NMPR,normal_NMPR,0.0955440882175425,Differentiated,NMPR,Tumor_epithelial_AT2
BD_immune15_182005,Ciliated,Ciliated,0.10404143960566,Differentiated,NMPR,Ciliated_epithelial
BD_immune15_430052,Ciliated,Ciliated,0.0883421691307997,Differentiated,NMPR,Ciliated_epithelial
BD_immune15_713310,normal_NMPR,normal_NMPR,0.0639208619024999,Differentiated,NMPR,Tumor_epithelial_AT2
BD_immune15_50258,normal_NMPR,normal_NMPR,0.0780396805554352,Differentiated,NMPR,Tumor_epithelial_AT2
BD_immune15_592982,normal_NMPR,normal_NMPR,0.0106426421175488,Differentiated,NMPR,Tumor_epithelial_AT2
BD_immune15_762511,Ciliated,Ciliated,0.115814057444174,Differentiated,NMPR,Ciliated_epithelial
BD_immune15_159169,normal_NMPR,normal_NMPR,0.0592973469080978,Differentiated,NMPR,Tumor_epithelial_AT2
BD_immune15_297523,Ciliated,Ciliated,0.0248523844490078,Differentiated,NMPR,Ciliated_epithelial
BD_immune15_482173,Ciliated,Ciliated,0.0294460962439388,Differentiated,NMPR,Ciliated_epithelial
BD_immune15_220316,normal_NMPR,normal_NMPR,0.056608277865168,Differentiated,NMPR,Tumor_epithelial_AT2
BD_immune15_631902,normal_NMPR,normal_NMPR,0.138901328425948,Differentiated,NMPR,Tumor_epithelial_AT2
BD_immune15_451356,Ciliated,Ciliated,0.0262400947528032,Differentiated,NMPR,Ciliated_epithelial
BD_immune15_172808,Ciliated,Ciliated,0.0281359857934202,Differentiated,NMPR,Ciliated_epithelial
BD_immune15_476765,normal_NMPR,normal_NMPR,0.0595789064533464,Differentiated,NMPR,Tumor_epithelial_AT2
BD_immune15_255167,normal_NMPR,normal_NMPR,0.0322651076554999,Differentiated,NMPR,Tumor_epithelial_AT2
BD_immune15_802245,normal_NMPR,normal_NMPR,0.0145509318545216,Differentiated,NMPR,Tumor_epithelial_AT2
BD_immune15_737563,normal_NMPR,normal_NMPR,0.0147843572845764,Differentiated,NMPR,Tumor_epithelial_AT2
BD_immune15_681879,Ciliated,Ciliated,0.0216343109462287,Differentiated,NMPR,Ciliated_epithelial
BD_immune15_736841,normal_NMPR,normal_NMPR,0.0673596257825577,Differentiated,NMPR,Tumor_epithelial_AT2
BD_immune15_385588,normal_NMPR,normal_NMPR,0.115557849738719,Differentiated,NMPR,Tumor_epithelial_AT2
BD_immune15_478922,normal_NMPR,normal_NMPR,0.0224210015238021,Differentiated,NMPR,Tumor_epithelial_AT2
BD_immune15_115341,normal_NMPR,normal_NMPR,0.0208875913979559,Differentiated,NMPR,Tumor_epithelial_AT2
BD_immune15_745021,normal_NMPR,normal_NMPR,0.1050671802871,Differentiated,NMPR,Tumor_epithelial_AT2
BD_immune15_662240,normal_NMPR,normal_NMPR,0.168613082992127,Unipotent,NMPR,Tumor_epithelial_AT2
BD_immune15_158439,normal_NMPR,normal_NMPR,0.0765365706796421,Differentiated,NMPR,Tumor_epithelial_AT2
BD_immune15_496979,normal_NMPR,normal_NMPR,0.0487071656542086,Differentiated,NMPR,Tumor_epithelial_AT2
BD_immune15_513255,normal_NMPR,normal_NMPR,0.0151316388806977,Differentiated,NMPR,Tumor_epithelial_AT2
BD_immune15_330399,Ciliated,Ciliated,0.0366342578864305,Differentiated,NMPR,Ciliated_epithelial
BD_immune15_55563,normal_NMPR,normal_NMPR,0.084885811588031,Differentiated,NMPR,Tumor_epithelial_AT2
BD_immune15_9343,Ciliated,Ciliated,0.0897554125141717,Differentiated,NMPR,Ciliated_epithelial
BD_immune15_845861,normal_NMPR,normal_NMPR,0.103639788838358,Differentiated,NMPR,Tumor_epithelial_AT2
BD_immune15_44632,Ciliated,Ciliated,0.0250241396050901,Differentiated,NMPR,Ciliated_epithelial
BD_immune15_49470,Ciliated,Ciliated,0.0766554046390525,Differentiated,NMPR,Ciliated_epithelial
BD_immune15_145146,normal_NMPR,normal_NMPR,0.232124993000509,Unipotent,NMPR,Tumor_epithelial_AT2
BD_immune15_490799,Ciliated,Ciliated,0.0218727195876723,Differentiated,NMPR,Ciliated_epithelial
BD_immune15_718726,normal_NMPR,normal_NMPR,0.00749777389083553,Differentiated,NMPR,Tumor_epithelial_AT2
BD_immune15_459743,normal_NMPR,normal_NMPR,0.0155429154438693,Differentiated,NMPR,Tumor_epithelial_AT2
BD_immune15_296500,Ciliated,Ciliated,0.0428905318078713,Differentiated,NMPR,Ciliated_epithelial
BD_immune15_659939,normal_NMPR,normal_NMPR,0.00825190456375004,Differentiated,NMPR,Tumor_epithelial_AT2
BD_immune15_46219,normal_NMPR,normal_NMPR,0.0456153860583871,Differentiated,NMPR,Tumor_epithelial_AT2
BD_immune15_227211,normal_NMPR,normal_NMPR,0.0522415268727706,Differentiated,NMPR,Tumor_epithelial_AT2
BD_immune15_303995,Ciliated,Ciliated,0.0340821326450548,Differentiated,NMPR,Ciliated_epithelial
BD_immune15_756421,Ciliated,Ciliated,0.106251297293771,Differentiated,NMPR,Ciliated_epithelial
BD_immune15_102713,normal_NMPR,normal_NMPR,0.0752741545775122,Differentiated,NMPR,Tumor_epithelial_AT2
BD_immune15_342738,normal_NMPR,normal_NMPR,0.081003370469561,Differentiated,NMPR,Tumor_epithelial_AT2
BD_immune15_742174,normal_NMPR,normal_NMPR,0.0319617263254859,Differentiated,NMPR,Tumor_epithelial_AT2
BD_immune15_478215,Ciliated,Ciliated,0.0481491789308272,Differentiated,NMPR,Ciliated_epithelial
BD_immune15_234861,Ciliated,Ciliated,0.032902995777856,Differentiated,NMPR,Ciliated_epithelial
BD_immune15_279133,Ciliated,Ciliated,0.0981082511325079,Differentiated,NMPR,Ciliated_epithelial
BD_immune15_771691,normal_NMPR,normal_NMPR,0.0048039976505247,Differentiated,NMPR,Tumor_epithelial_AT2
BD_immune15_298761,normal_NMPR,normal_NMPR,0.00353117519830455,Differentiated,NMPR,Tumor_epithelial_AT2
BD_immune15_819301,Ciliated,Ciliated,0.0385750842418745,Differentiated,NMPR,Ciliated_epithelial
BD_immune15_128533,normal_NMPR,normal_NMPR,0.0127686746145591,Differentiated,NMPR,Tumor_epithelial_AT2
BD_immune15_262976,Ciliated,Ciliated,0.0878754497568902,Differentiated,NMPR,Ciliated_epithelial
BD_immune15_21815,normal_NMPR,normal_NMPR,0.0106083940974146,Differentiated,NMPR,Tumor_epithelial_AT2
BD_immune15_569264,normal_NMPR,normal_NMPR,0.0163140447329169,Differentiated,NMPR,Tumor_epithelial_AT2
BD_immune15_195855,normal_NMPR,normal_NMPR,0.051704025255181,Differentiated,NMPR,Tumor_epithelial_AT2
BD_immune15_445713,normal_NMPR,normal_NMPR,0.0454426272475778,Differentiated,NMPR,Tumor_epithelial_AT2
BD_immune15_643370,normal_NMPR,normal_NMPR,0.0387141124872724,Differentiated,NMPR,Tumor_epithelial_AT2
BD_immune15_625255,Ciliated,Ciliated,0.105826412135236,Differentiated,NMPR,Ciliated_epithelial
BD_immune15_521721,normal_NMPR,normal_NMPR,0.00582326976301482,Differentiated,NMPR,Tumor_epithelial_AT2
BD_immune15_345008,normal_NMPR,normal_NMPR,0.0597062308394404,Differentiated,NMPR,Tumor_epithelial_AT2
BD_immune15_522632,Ciliated,Ciliated,0.0758495280738143,Differentiated,NMPR,Ciliated_epithelial
BD_immune15_186695,normal_NMPR,normal_NMPR,0.0343776598079343,Differentiated,NMPR,Tumor_epithelial_AT2
BD_immune15_690880,normal_NMPR,normal_NMPR,0.0155978619075759,Differentiated,NMPR,Tumor_epithelial_AT2
BD_immune15_739122,normal_NMPR,normal_NMPR,0.0440682635840202,Differentiated,NMPR,Tumor_epithelial_AT2
BD_immune15_877545,normal_NMPR,normal_NMPR,0.0481823707838434,Differentiated,NMPR,Tumor_epithelial_AT2
BD_immune15_778352,normal_NMPR,normal_NMPR,0.0893205922251891,Differentiated,NMPR,Tumor_epithelial_AT2
BD_immune15_454574,Ciliated,Ciliated,0.0724640812165565,Differentiated,NMPR,Ciliated_epithelial
BD_immune15_22392,normal_NMPR,normal_NMPR,0.00666218835123446,Differentiated,NMPR,Tumor_epithelial_AT2
BD_immune15_771423,Ciliated,Ciliated,0.126071236755644,Differentiated,NMPR,Ciliated_epithelial
BD_immune15_596509,normal_NMPR,normal_NMPR,0.229811453733536,Unipotent,NMPR,Tumor_epithelial_AT2
BD_immune15_162622,normal_NMPR,normal_NMPR,0.0446818043018387,Differentiated,NMPR,Tumor_epithelial_AT2
BD_immune15_391053,Ciliated,Ciliated,0.125837512900494,Differentiated,NMPR,Ciliated_epithelial
BD_immune15_871353,normal_NMPR,normal_NMPR,0.0508574050965269,Differentiated,NMPR,Tumor_epithelial_AT2
BD_immune15_171813,normal_NMPR,normal_NMPR,0.0823289998422695,Differentiated,NMPR,Tumor_epithelial_AT2
BD_immune15_81836,normal_NMPR,normal_NMPR,0.19153692250833,Unipotent,NMPR,Tumor_epithelial_AT2
BD_immune15_743970,Ciliated,Ciliated,0.101919477351213,Differentiated,NMPR,Ciliated_epithelial
BD_immune15_278969,normal_NMPR,normal_NMPR,0.0143476798608574,Differentiated,NMPR,Tumor_epithelial_AT2
BD_immune15_50211,normal_NMPR,normal_NMPR,0.0248966974916334,Differentiated,NMPR,Tumor_epithelial_AT2
BD_immune15_491246,normal_NMPR,normal_NMPR,0.00254850074915335,Differentiated,NMPR,Tumor_epithelial_AT2
BD_immune15_334078,Ciliated,Ciliated,0.0379616692975455,Differentiated,NMPR,Ciliated_epithelial
BD_immune15_173039,Ciliated,Ciliated,0.108445710031094,Differentiated,NMPR,Ciliated_epithelial
BD_immune15_344673,normal_NMPR,normal_NMPR,0.013730682580558,Differentiated,NMPR,Tumor_epithelial_AT2
BD_immune15_124462,normal_NMPR,normal_NMPR,0.196533527177456,Unipotent,NMPR,Tumor_epithelial_AT2
BD_immune15_277084,normal_NMPR,normal_NMPR,0.0111480606875088,Differentiated,NMPR,Tumor_epithelial_AT2
BD_immune15_197491,normal_NMPR,normal_NMPR,0.00447112685114128,Differentiated,NMPR,Tumor_epithelial_AT2
BD_immune15_476246,normal_NMPR,normal_NMPR,0.00102880420351421,Differentiated,NMPR,Tumor_epithelial_AT2
BD_immune15_53101,Ciliated,Ciliated,0.0184702705284655,Differentiated,NMPR,Ciliated_epithelial
BD_immune15_673957,normal_NMPR,normal_NMPR,0.0097445199728194,Differentiated,NMPR,Tumor_epithelial_AT2
BD_immune15_682696,normal_NMPR,normal_NMPR,0.00817379152102513,Differentiated,NMPR,Tumor_epithelial_AT2
BD_immune15_633758,normal_NMPR,normal_NMPR,0.0320302948796517,Differentiated,NMPR,Tumor_epithelial_AT2
BD_immune15_730998,normal_NMPR,normal_NMPR,0.0598666981960126,Differentiated,NMPR,Tumor_epithelial_AT2
BD_immune15_696993,normal_NMPR,normal_NMPR,0.0167577921846095,Differentiated,NMPR,Tumor_epithelial_AT2
BD_immune15_25994,Ciliated,Ciliated,0.0995306030335871,Differentiated,NMPR,Ciliated_epithelial
BD_immune15_191199,normal_NMPR,normal_NMPR,0.0280141487432375,Differentiated,NMPR,Tumor_epithelial_AT2
BD_immune15_579816,normal_NMPR,normal_NMPR,0.0212257449946663,Differentiated,NMPR,Tumor_epithelial_AT2
BD_immune15_81108,normal_NMPR,normal_NMPR,0.135328133402519,Differentiated,NMPR,Tumor_epithelial_AT2
BD_immune15_703199,Ciliated,Ciliated,0.0216546628141912,Differentiated,NMPR,Ciliated_epithelial
BD_immune15_780129,normal_NMPR,normal_NMPR,0.0633278479888758,Differentiated,NMPR,Tumor_epithelial_AT2
BD_immune15_738828,normal_NMPR,normal_NMPR,0.028390869847948,Differentiated,NMPR,Tumor_epithelial_AT2
BD_immune15_818875,normal_NMPR,normal_NMPR,0.0932161981588212,Differentiated,NMPR,Tumor_epithelial_AT2
BD_immune15_788248,normal_NMPR,normal_NMPR,0.032057328833881,Differentiated,NMPR,Tumor_epithelial_AT2
BD_immune15_161844,Ciliated,Ciliated,0.0339067620041368,Differentiated,NMPR,Ciliated_epithelial
BD_immune15_817148,Ciliated,Ciliated,0.0428950679761913,Differentiated,NMPR,Ciliated_epithelial
BD_immune15_28251,normal_NMPR,normal_NMPR,0.00295450756255464,Differentiated,NMPR,Tumor_epithelial_AT2
BD_immune15_409803,normal_NMPR,normal_NMPR,0.0567112279168675,Differentiated,NMPR,Tumor_epithelial_AT2
BD_immune15_16682,normal_NMPR,normal_NMPR,0.00131565538579175,Differentiated,NMPR,Tumor_epithelial_AT2
BD_immune15_540845,normal_NMPR,normal_NMPR,0.0463419718536164,Differentiated,NMPR,Tumor_epithelial_AT2
BD_immune15_803389,normal_NMPR,normal_NMPR,0.0125909638679865,Differentiated,NMPR,Tumor_epithelial_AT2
BD_immune15_774271,normal_NMPR,normal_NMPR,0.0022704862304962,Differentiated,NMPR,Tumor_epithelial_AT2
BD_immune15_226074,Ciliated,Ciliated,0.0540933846783654,Differentiated,NMPR,Ciliated_epithelial
BD_immune15_562613,normal_NMPR,normal_NMPR,0.0249087474050997,Differentiated,NMPR,Tumor_epithelial_AT2
BD_immune15_275751,normal_NMPR,normal_NMPR,0.0637392779653417,Differentiated,NMPR,Tumor_epithelial_AT2
BD_immune15_89246,Ciliated,Ciliated,0.0314130149037229,Differentiated,NMPR,Ciliated_epithelial
BD_immune15_166149,normal_NMPR,normal_NMPR,0.0138450813466653,Differentiated,NMPR,Tumor_epithelial_AT2
BD_immune15_120999,normal_NMPR,normal_NMPR,0.0195273281285564,Differentiated,NMPR,Tumor_epithelial_AT2
BD_immune15_697727,normal_NMPR,normal_NMPR,0.0256789752767464,Differentiated,NMPR,Tumor_epithelial_AT2
BD_immune15_784516,normal_NMPR,normal_NMPR,0.0110301323005236,Differentiated,NMPR,Tumor_epithelial_AT2
BD_immune15_254973,Ciliated,Ciliated,0.0953132836553281,Differentiated,NMPR,Ciliated_epithelial
BD_immune15_70197,normal_NMPR,normal_NMPR,0.0138606373229299,Differentiated,NMPR,Tumor_epithelial_AT2
BD_immune15_651653,normal_NMPR,normal_NMPR,0.0193367429127412,Differentiated,NMPR,Tumor_epithelial_AT2
BD_immune15_267667,normal_NMPR,normal_NMPR,0.0697625921174531,Differentiated,NMPR,Tumor_epithelial_AT2
BD_immune15_208897,normal_NMPR,normal_NMPR,0.0131284513788479,Differentiated,NMPR,Tumor_epithelial_AT2
BD_immune15_773891,normal_NMPR,normal_NMPR,0.0189087146029109,Differentiated,NMPR,Tumor_epithelial_AT2
BD_immune15_667081,normal_NMPR,normal_NMPR,0.204463552869804,Unipotent,NMPR,Tumor_epithelial_AT2
BD_immune15_801098,normal_NMPR,normal_NMPR,0.0012889370816024,Differentiated,NMPR,Tumor_epithelial_AT2
BD_immune15_584054,normal_NMPR,normal_NMPR,0.00877011814991137,Differentiated,NMPR,Tumor_epithelial_AT2
BD_immune15_297329,normal_NMPR,normal_NMPR,0.0416641664692127,Differentiated,NMPR,Tumor_epithelial_AT2
BD_immune15_674525,normal_NMPR,normal_NMPR,0.00258252098156989,Differentiated,NMPR,Tumor_epithelial_AT2
BD_immune15_621487,normal_NMPR,normal_NMPR,0.00176933399767671,Differentiated,NMPR,Tumor_epithelial_AT2
BD_immune15_789744,normal_NMPR,normal_NMPR,0.18712415300021,Unipotent,NMPR,Tumor_epithelial_AT2
BD_immune15_483924,normal_NMPR,normal_NMPR,0.0348957679023668,Differentiated,NMPR,Tumor_epithelial_AT2
BD_immune15_306217,normal_NMPR,normal_NMPR,0.0682499106851349,Differentiated,NMPR,Tumor_epithelial_AT2
BD_immune15_611385,Ciliated,Ciliated,0.0346138177049664,Differentiated,NMPR,Ciliated_epithelial
BD_immune15_411835,normal_NMPR,normal_NMPR,0.0171388554774592,Differentiated,NMPR,Tumor_epithelial_AT2
BD_immune15_568148,normal_NMPR,normal_NMPR,0.238335408979885,Unipotent,NMPR,Tumor_epithelial_AT2
BD_immune15_49532,normal_NMPR,normal_NMPR,0.0103103452723623,Differentiated,NMPR,Tumor_epithelial_AT2
BD_immune15_132324,normal_NMPR,normal_NMPR,0.0612822801110808,Differentiated,NMPR,Tumor_epithelial_AT2
BD_immune15_443175,Ciliated,Ciliated,0.186114646481121,Unipotent,NMPR,Ciliated_epithelial
BD_immune15_374546,normal_NMPR,normal_NMPR,0.0628175385343258,Differentiated,NMPR,Tumor_epithelial_AT2
BD_immune15_545699,normal_NMPR,normal_NMPR,0.0179010214075908,Differentiated,NMPR,Tumor_epithelial_AT2
BD_immune15_550305,normal_NMPR,normal_NMPR,0.0192085948651638,Differentiated,NMPR,Tumor_epithelial_AT2
BD_immune15_315576,normal_NMPR,normal_NMPR,0.0163548316049938,Differentiated,NMPR,Tumor_epithelial_AT2
BD_immune15_200054,normal_NMPR,normal_NMPR,0.0199888959016418,Differentiated,NMPR,Tumor_epithelial_AT2
BD_immune15_71543,normal_NMPR,normal_NMPR,0.0561267417536966,Differentiated,NMPR,Tumor_epithelial_AT2
BD_immune15_694960,normal_NMPR,normal_NMPR,0.02397477451535,Differentiated,NMPR,Tumor_epithelial_AT2
BD_immune15_453368,normal_NMPR,normal_NMPR,0.0130942453578972,Differentiated,NMPR,Tumor_epithelial_AT2
BD_immune15_737814,normal_NMPR,normal_NMPR,0.0313641916976952,Differentiated,NMPR,Tumor_epithelial_AT2
BD_immune15_524582,normal_NMPR,normal_NMPR,0.0256379392232675,Differentiated,NMPR,Tumor_epithelial_AT2
BD_immune15_747966,normal_NMPR,normal_NMPR,0.155828546038102,Differentiated,NMPR,Tumor_epithelial_AT2
BD_immune15_90172,normal_NMPR,normal_NMPR,0.0292187382543343,Differentiated,NMPR,Tumor_epithelial_AT2
BD_immune15_476018,Ciliated,Ciliated,0.0929316338953528,Differentiated,NMPR,Ciliated_epithelial
BD_immune15_748509,normal_NMPR,normal_NMPR,0.0108666586854407,Differentiated,NMPR,Tumor_epithelial_AT2
BD_immune15_307971,Ciliated,Ciliated,0.0352589245068089,Differentiated,NMPR,Ciliated_epithelial
BD_immune15_316730,Ciliated,Ciliated,0.0517937325447469,Differentiated,NMPR,Ciliated_epithelial
BD_immune15_798173,normal_NMPR,normal_NMPR,0.0576831487512823,Differentiated,NMPR,Tumor_epithelial_AT2
BD_immune15_688834,normal_NMPR,normal_NMPR,0.00311856598017151,Differentiated,NMPR,Tumor_epithelial_AT2
BD_immune15_750090,normal_NMPR,normal_NMPR,0.0444896753325265,Differentiated,NMPR,Tumor_epithelial_AT2
BD_immune15_808896,Ciliated,Ciliated,0.0676769115093819,Differentiated,NMPR,Ciliated_epithelial
BD_immune15_490461,normal_NMPR,normal_NMPR,0.0164026333999193,Differentiated,NMPR,Tumor_epithelial_AT2
BD_immune15_295929,normal_NMPR,normal_NMPR,0.0782769337574062,Differentiated,NMPR,Tumor_epithelial_AT2
BD_immune15_64574,normal_NMPR,normal_NMPR,0.0202388107814056,Differentiated,NMPR,Tumor_epithelial_AT2
BD_immune15_415896,normal_NMPR,normal_NMPR,0.0894148435570739,Differentiated,NMPR,Tumor_epithelial_AT2
BD_immune15_3089,normal_NMPR,normal_NMPR,0.0324818254162189,Differentiated,NMPR,Tumor_epithelial_basal
BD_immune15_791286,normal_NMPR,normal_NMPR,0.0355981269682968,Differentiated,NMPR,Tumor_epithelial_AT2
BD_immune15_781458,normal_NMPR,normal_NMPR,0.0352584808599178,Differentiated,NMPR,Tumor_epithelial_AT2
BD_immune15_265275,normal_NMPR,normal_NMPR,0.0132783533211149,Differentiated,NMPR,Tumor_epithelial_AT2
BD_immune15_511651,normal_NMPR,normal_NMPR,0.0399392304456807,Differentiated,NMPR,Tumor_epithelial_AT2
BD_immune15_549948,normal_NMPR,normal_NMPR,0.0126219175491217,Differentiated,NMPR,Tumor_epithelial_AT2
BD_immune15_748632,normal_NMPR,normal_NMPR,0.133607574497753,Differentiated,NMPR,Tumor_epithelial_AT2
BD_immune15_540854,normal_NMPR,normal_NMPR,0.00187857619535375,Differentiated,NMPR,Tumor_epithelial_AT2
BD_immune15_581897,normal_NMPR,normal_NMPR,0.0156284100788771,Differentiated,NMPR,Tumor_epithelial_AT2
BD_immune15_378940,normal_NMPR,normal_NMPR,0.0766326896679472,Differentiated,NMPR,Tumor_epithelial_AT2
BD_immune15_340292,Ciliated,Ciliated,0.0165765035559986,Differentiated,NMPR,Ciliated_epithelial
BD_immune15_101779,normal_NMPR,normal_NMPR,0.0893998869313975,Differentiated,NMPR,Tumor_epithelial_AT2
BD_immune15_309407,normal_NMPR,normal_NMPR,0.0149459105129286,Differentiated,NMPR,Tumor_epithelial_AT2
BD_immune15_32635,normal_NMPR,normal_NMPR,0.0283132908084848,Differentiated,NMPR,Tumor_epithelial_AT2
BD_immune15_230984,normal_NMPR,normal_NMPR,0.0772094716110865,Differentiated,NMPR,Tumor_epithelial_AT2
BD_immune15_406782,normal_NMPR,normal_NMPR,0.0220641651861339,Differentiated,NMPR,Tumor_epithelial_AT2
BD_immune15_832680,normal_NMPR,normal_NMPR,0.017287689099138,Differentiated,NMPR,Tumor_epithelial_AT2
BD_immune15_766473,normal_NMPR,normal_NMPR,0.0627105878388496,Differentiated,NMPR,Tumor_epithelial_AT2
BD_immune15_74187,normal_NMPR,normal_NMPR,0.0127353106306447,Differentiated,NMPR,Tumor_epithelial_AT2
BD_immune15_48922,normal_NMPR,normal_NMPR,0.0321556745867812,Differentiated,NMPR,Tumor_epithelial_AT2
BD_immune15_63122,Ciliated,Ciliated,0.0422393945572732,Differentiated,NMPR,Ciliated_epithelial
BD_immune15_650686,normal_NMPR,normal_NMPR,0.0823625290605292,Differentiated,NMPR,Tumor_epithelial_AT2
BD_immune15_545276,normal_NMPR,normal_NMPR,0.00692137924498303,Differentiated,NMPR,Tumor_epithelial_AT2
BD_immune15_250693,Ciliated,Ciliated,0.076283092823902,Differentiated,NMPR,Ciliated_epithelial
BD_immune15_846277,normal_NMPR,normal_NMPR,0.00823081668226405,Differentiated,NMPR,Tumor_epithelial_AT2
BD_immune15_643376,normal_NMPR,normal_NMPR,0.0306088603774912,Differentiated,NMPR,Tumor_epithelial_AT2
BD_immune15_467031,normal_NMPR,normal_NMPR,0.0137275042484528,Differentiated,NMPR,Tumor_epithelial_AT2
BD_immune15_244420,normal_NMPR,normal_NMPR,0.0313878879094228,Differentiated,NMPR,Tumor_epithelial_AT2
BD_immune15_731816,normal_NMPR,normal_NMPR,0.0129752007668267,Differentiated,NMPR,Tumor_epithelial_AT2
BD_immune15_187034,normal_NMPR,normal_NMPR,0.00648981916177671,Differentiated,NMPR,Tumor_epithelial_AT2
BD_immune15_419689,normal_NMPR,normal_NMPR,0.0172387492189285,Differentiated,NMPR,Tumor_epithelial_AT2
BD_immune15_590202,Ciliated,Ciliated,0.0572556285148314,Differentiated,NMPR,Ciliated_epithelial
BD_immune15_331254,normal_NMPR,normal_NMPR,0.0191714840222791,Differentiated,NMPR,Tumor_epithelial_AT2
BD_immune15_347346,normal_NMPR,normal_NMPR,0.0221734775275058,Differentiated,NMPR,Tumor_epithelial_AT2
BD_immune15_295480,normal_NMPR,normal_NMPR,0.0159648193431963,Differentiated,NMPR,Tumor_epithelial_AT2
BD_immune15_277296,normal_NMPR,normal_NMPR,0.0304894285771168,Differentiated,NMPR,Tumor_epithelial_AT2
BD_immune15_625318,normal_NMPR,normal_NMPR,0.00376952658206159,Differentiated,NMPR,Tumor_epithelial_AT2
BD_immune15_150783,Ciliated,Ciliated,0.0957603517392983,Differentiated,NMPR,Ciliated_epithelial
BD_immune15_229448,normal_NMPR,normal_NMPR,0.0395281579803577,Differentiated,NMPR,Tumor_epithelial_AT2
BD_immune15_233989,normal_NMPR,normal_NMPR,0.0297379168527373,Differentiated,NMPR,Tumor_epithelial_AT2
BD_immune15_101810,Ciliated,Ciliated,0.170996635354813,Unipotent,NMPR,Ciliated_epithelial
BD_immune15_658835,normal_NMPR,normal_NMPR,0.0127882250905282,Differentiated,NMPR,Tumor_epithelial_AT2
BD_immune15_632607,normal_NMPR,normal_NMPR,0.0263619992468166,Differentiated,NMPR,Tumor_epithelial_AT2
BD_immune15_321910,normal_NMPR,normal_NMPR,0.0106385873931485,Differentiated,NMPR,Tumor_epithelial_AT2
BD_immune15_34345,normal_NMPR,normal_NMPR,0.023403704042444,Differentiated,NMPR,Tumor_epithelial_AT2
BD_immune15_199293,normal_NMPR,normal_NMPR,0.0583012796208204,Differentiated,NMPR,Tumor_epithelial_AT2
BD_immune15_77015,normal_NMPR,normal_NMPR,0.0102645546275172,Differentiated,NMPR,Tumor_epithelial_AT2
BD_immune15_636560,Ciliated,Ciliated,0.0798192576607945,Differentiated,NMPR,Ciliated_epithelial
BD_immune15_412134,Ciliated,Ciliated,0.0607156418423757,Differentiated,NMPR,Ciliated_epithelial
BD_immune15_62280,normal_NMPR,normal_NMPR,0.0555736826511121,Differentiated,NMPR,Tumor_epithelial_AT2
BD_immune15_347707,normal_NMPR,normal_NMPR,0.00949059293839698,Differentiated,NMPR,Tumor_epithelial_AT2
BD_immune15_772479,normal_NMPR,normal_NMPR,0.00354430540236249,Differentiated,NMPR,Tumor_epithelial_AT2
BD_immune15_476680,Ciliated,Ciliated,0.104153914524019,Differentiated,NMPR,Ciliated_epithelial
BD_immune15_374956,normal_NMPR,normal_NMPR,0.0468248198619598,Differentiated,NMPR,Tumor_epithelial_AT2
BD_immune15_396367,Ciliated,Ciliated,0.0239936788148692,Differentiated,NMPR,Ciliated_epithelial
BD_immune15_667737,normal_NMPR,normal_NMPR,0.0845241300547945,Differentiated,NMPR,Tumor_epithelial_AT2
BD_immune15_333227,Ciliated,Ciliated,0.0577783582220223,Differentiated,NMPR,Ciliated_epithelial
BD_immune15_664481,normal_NMPR,normal_NMPR,0.006533047205944,Differentiated,NMPR,Tumor_epithelial_AT2
BD_immune15_800852,normal_NMPR,normal_NMPR,0.0583965882723039,Differentiated,NMPR,Tumor_epithelial_AT2
BD_immune15_47956,normal_NMPR,normal_NMPR,0.0814138138726979,Differentiated,NMPR,Tumor_epithelial_AT2
BD_immune15_283499,normal_NMPR,normal_NMPR,0.0241600834320745,Differentiated,NMPR,Tumor_epithelial_AT2
BD_immune15_692880,Ciliated,Ciliated,0.0428851630051316,Differentiated,NMPR,Ciliated_epithelial
BD_immune15_527333,Ciliated,Ciliated,0.0987703569866833,Differentiated,NMPR,Ciliated_epithelial
BD_immune15_368244,normal_NMPR,normal_NMPR,0.0357255415659568,Differentiated,NMPR,Tumor_epithelial_AT2
BD_immune15_320223,Ciliated,Ciliated,0.102432059016224,Differentiated,NMPR,Ciliated_epithelial
BD_immune15_216525,normal_NMPR,normal_NMPR,0.0706804139658336,Differentiated,NMPR,Tumor_epithelial_AT2
BD_immune15_9475,Ciliated,Ciliated,0.122023746919883,Differentiated,NMPR,Ciliated_epithelial
BD_immune15_450924,Ciliated,Ciliated,0.043069787654876,Differentiated,NMPR,Ciliated_epithelial
BD_immune15_663354,normal_NMPR,normal_NMPR,0.0162321121048694,Differentiated,NMPR,Tumor_epithelial_AT2
BD_immune15_437331,normal_NMPR,normal_NMPR,0.0877441499176469,Differentiated,NMPR,Tumor_epithelial_AT2
BD_immune15_431868,normal_NMPR,normal_NMPR,0.0107501858130423,Differentiated,NMPR,Tumor_epithelial_AT2
BD_immune15_209554,normal_NMPR,normal_NMPR,0.0308567722636043,Differentiated,NMPR,Tumor_epithelial_AT2
BD_immune15_229738,normal_NMPR,normal_NMPR,0.208338039945053,Unipotent,NMPR,Tumor_epithelial_AT2
BD_immune15_184518,Ciliated,Ciliated,0.0615989809464713,Differentiated,NMPR,Ciliated_epithelial
BD_immune15_497608,normal_NMPR,normal_NMPR,0.0225201215615021,Differentiated,NMPR,Tumor_epithelial_AT2
BD_immune15_519053,normal_NMPR,normal_NMPR,0.0251646576747659,Differentiated,NMPR,Tumor_epithelial_AT2
BD_immune15_736143,normal_NMPR,normal_NMPR,0.0484040271922806,Differentiated,NMPR,Tumor_epithelial_AT2
BD_immune15_399760,normal_NMPR,normal_NMPR,0.0130689424546928,Differentiated,NMPR,Tumor_epithelial_AT2
BD_immune15_296900,normal_NMPR,normal_NMPR,0.074716326496071,Differentiated,NMPR,Tumor_epithelial_AT2
BD_immune15_882196,Ciliated,Ciliated,0.0976042057016142,Differentiated,NMPR,Ciliated_epithelial
BD_immune15_619552,normal_NMPR,normal_NMPR,0.258742280802823,Unipotent,NMPR,Tumor_epithelial_AT2
BD_immune15_606782,normal_NMPR,normal_NMPR,0.102515230729075,Differentiated,NMPR,Tumor_epithelial_AT2
BD_immune15_579782,normal_NMPR,normal_NMPR,0.060744981231112,Differentiated,NMPR,Tumor_epithelial_AT2
BD_immune15_464792,normal_NMPR,normal_NMPR,0.0465321907889288,Differentiated,NMPR,Tumor_epithelial_AT2
BD_immune15_758122,normal_NMPR,normal_NMPR,0.00544307548842843,Differentiated,NMPR,Tumor_epithelial_AT2
BD_immune15_842213,normal_NMPR,normal_NMPR,0.0859881033244674,Differentiated,NMPR,Tumor_epithelial_AT2
BD_immune15_868240,normal_NMPR,normal_NMPR,0.0477859333872914,Differentiated,NMPR,Tumor_epithelial_AT2
BD_immune15_480901,normal_NMPR,normal_NMPR,0.0457783452929619,Differentiated,NMPR,Tumor_epithelial_AT2
BD_immune15_595317,normal_NMPR,normal_NMPR,0.0285457947297711,Differentiated,NMPR,Tumor_epithelial_AT2
BD_immune15_427872,normal_NMPR,normal_NMPR,0.062031428094818,Differentiated,NMPR,Tumor_epithelial_AT2
BD_immune15_269107,Ciliated,Ciliated,0.0802850167788129,Differentiated,NMPR,Ciliated_epithelial
BD_immune15_171646,Ciliated,Ciliated,0.144698605194832,Differentiated,NMPR,Ciliated_epithelial
BD_immune15_259797,normal_NMPR,normal_NMPR,0.13111618876862,Differentiated,NMPR,Tumor_epithelial_AT2
BD_immune15_211334,normal_NMPR,normal_NMPR,0.00115860325921328,Differentiated,NMPR,Tumor_epithelial_AT2
BD_immune15_786736,normal_NMPR,normal_NMPR,0.0509749095171171,Differentiated,NMPR,Tumor_epithelial_AT2
BD_immune15_104309,normal_NMPR,normal_NMPR,0.0382055500158045,Differentiated,NMPR,Tumor_epithelial_AT2
BD_immune15_3982,Ciliated,Ciliated,0.0799000187897016,Differentiated,NMPR,Ciliated_epithelial
BD_immune15_78112,Ciliated,Ciliated,0.053684753878942,Differentiated,NMPR,Ciliated_epithelial
BD_immune15_826593,normal_NMPR,normal_NMPR,0.0898513488596237,Differentiated,NMPR,Tumor_epithelial_AT2
BD_immune15_319244,normal_NMPR,normal_NMPR,0.00711547714436676,Differentiated,NMPR,Tumor_epithelial_AT2
BD_immune15_221847,Ciliated,Ciliated,0.0581877439676303,Differentiated,NMPR,Ciliated_epithelial
BD_immune15_117369,Ciliated,Ciliated,0.0656445645417861,Differentiated,NMPR,Ciliated_epithelial
BD_immune15_107315,normal_NMPR,normal_NMPR,0.0710510338281138,Differentiated,NMPR,Tumor_epithelial_AT2
BD_immune15_76803,normal_NMPR,normal_NMPR,0.0781961408910534,Differentiated,NMPR,Tumor_epithelial_AT2
BD_immune15_729094,normal_NMPR,normal_NMPR,0.00459799767397899,Differentiated,NMPR,Tumor_epithelial_AT2
BD_immune15_685362,normal_NMPR,normal_NMPR,0.090511792207857,Differentiated,NMPR,Tumor_epithelial_AT2
BD_immune15_783927,normal_NMPR,normal_NMPR,0.0095210362960752,Differentiated,NMPR,Tumor_epithelial_AT2
BD_immune15_449949,normal_NMPR,normal_NMPR,0.0801590522766412,Differentiated,NMPR,Tumor_epithelial_AT2
BD_immune15_737463,Ciliated,Ciliated,0.067673693129887,Differentiated,NMPR,Ciliated_epithelial
BD_immune15_396037,Ciliated,Ciliated,0.0631189997981401,Differentiated,NMPR,Ciliated_epithelial
BD_immune15_420344,normal_NMPR,normal_NMPR,0.05646754815285,Differentiated,NMPR,Tumor_epithelial_AT2
BD_immune15_761832,Ciliated,Ciliated,0.0609730749959874,Differentiated,NMPR,Ciliated_epithelial
BD_immune15_187862,normal_NMPR,normal_NMPR,0.0601268603527312,Differentiated,NMPR,Tumor_epithelial_AT2
BD_immune15_250867,normal_NMPR,normal_NMPR,0.0013371919697434,Differentiated,NMPR,Tumor_epithelial_AT2
BD_immune15_550160,normal_NMPR,normal_NMPR,0.058174441677713,Differentiated,NMPR,Tumor_epithelial_AT2
BD_immune15_237480,normal_NMPR,normal_NMPR,0.00641618796899762,Differentiated,NMPR,Tumor_epithelial_AT2
BD_immune15_135293,normal_NMPR,normal_NMPR,0.00374197624775604,Differentiated,NMPR,Tumor_epithelial_AT2
BD_immune15_92548,normal_NMPR,normal_NMPR,0.0531055465108829,Differentiated,NMPR,Tumor_epithelial_AT2
BD_immune15_664907,normal_NMPR,normal_NMPR,0.0397345099618299,Differentiated,NMPR,Tumor_epithelial_AT2
BD_immune15_212061,normal_NMPR,normal_NMPR,0.0392490019408699,Differentiated,NMPR,Tumor_epithelial_AT2
BD_immune15_595178,Ciliated,Ciliated,0.0629228665066944,Differentiated,NMPR,Ciliated_epithelial
BD_immune15_372395,normal_NMPR,normal_NMPR,0.0422603161524604,Differentiated,NMPR,Tumor_epithelial_AT2
BD_immune15_371482,normal_NMPR,normal_NMPR,0.0112034868391892,Differentiated,NMPR,Tumor_epithelial_AT2
BD_immune15_394517,Ciliated,Ciliated,0.0702902356223936,Differentiated,NMPR,Ciliated_epithelial
BD_immune15_19926,normal_NMPR,normal_NMPR,0.0128275096521691,Differentiated,NMPR,Tumor_epithelial_AT2
BD_immune15_319944,normal_NMPR,normal_NMPR,0.0333627979214718,Differentiated,NMPR,Tumor_epithelial_AT2
BD_immune15_15632,normal_NMPR,normal_NMPR,0.0682608751340602,Differentiated,NMPR,Tumor_epithelial_AT2
BD_immune15_248262,Ciliated,Ciliated,0.114870827106487,Differentiated,NMPR,Ciliated_epithelial
BD_immune15_790635,normal_NMPR,normal_NMPR,0.00304537586209617,Differentiated,NMPR,Tumor_epithelial_AT2
BD_immune15_639533,Ciliated,Ciliated,0.0599871255967937,Differentiated,NMPR,Ciliated_epithelial
BD_immune15_450977,normal_NMPR,normal_NMPR,0.0169103640106663,Differentiated,NMPR,Tumor_epithelial_AT2
BD_immune15_63173,Ciliated,Ciliated,0.0258353154145196,Differentiated,NMPR,Ciliated_epithelial
BD_immune15_877328,normal_NMPR,normal_NMPR,0.0136914279917672,Differentiated,NMPR,Tumor_epithelial_AT2
BD_immune15_366755,Ciliated,Ciliated,0.0574806089552681,Differentiated,NMPR,Ciliated_epithelial
BD_immune15_721161,normal_NMPR,normal_NMPR,0.0126602833851407,Differentiated,NMPR,Tumor_epithelial_AT2
BD_immune15_178914,Ciliated,Ciliated,0.0879995881980175,Differentiated,NMPR,Ciliated_epithelial
BD_immune15_419584,normal_NMPR,normal_NMPR,0.0438961621528441,Differentiated,NMPR,Tumor_epithelial_AT2
BD_immune15_681890,normal_NMPR,normal_NMPR,0.0709896871969419,Differentiated,NMPR,Tumor_epithelial_AT2
BD_immune15_165083,normal_NMPR,normal_NMPR,0.0506000730704966,Differentiated,NMPR,Tumor_epithelial_AT2
BD_immune15_504083,normal_NMPR,normal_NMPR,0.0616962286323998,Differentiated,NMPR,Tumor_epithelial_AT2
BD_immune15_612147,Ciliated,Ciliated,0.036661882654428,Differentiated,NMPR,Ciliated_epithelial
BD_immune15_757133,normal_NMPR,normal_NMPR,0.101094069149184,Differentiated,NMPR,Tumor_epithelial_AT2
BD_immune15_267127,normal_NMPR,normal_NMPR,0.0752400669695917,Differentiated,NMPR,Tumor_epithelial_AT2
BD_immune15_500825,normal_NMPR,normal_NMPR,0.0176684191027513,Differentiated,NMPR,Tumor_epithelial_AT2
BD_immune15_450811,normal_NMPR,normal_NMPR,0.0779066427931014,Differentiated,NMPR,Tumor_epithelial_AT2
BD_immune15_764055,normal_NMPR,normal_NMPR,0.0601542568766991,Differentiated,NMPR,Tumor_epithelial_AT2
BD_immune15_833922,normal_NMPR,normal_NMPR,0.0872367068520168,Differentiated,NMPR,Tumor_epithelial_AT2
BD_immune15_420793,normal_NMPR,normal_NMPR,0.0961371838320663,Differentiated,NMPR,Tumor_epithelial_AT2
BD_immune15_512925,normal_NMPR,normal_NMPR,0.0573112429857926,Differentiated,NMPR,Tumor_epithelial_AT2
BD_immune15_850642,normal_NMPR,normal_NMPR,0.00182352043091825,Differentiated,NMPR,Tumor_epithelial_AT2
BD_immune15_746363,normal_NMPR,normal_NMPR,0.0773172142186847,Differentiated,NMPR,Tumor_epithelial_AT2
BD_immune15_614531,normal_NMPR,normal_NMPR,0.0145609441661051,Differentiated,NMPR,Tumor_epithelial_AT2
BD_immune15_834727,Ciliated,Ciliated,0.0561369404072165,Differentiated,NMPR,Ciliated_epithelial
BD_immune15_660697,normal_NMPR,normal_NMPR,0.0304178515004804,Differentiated,NMPR,Tumor_epithelial_AT2
BD_immune15_250241,normal_NMPR,normal_NMPR,0.0260335686338274,Differentiated,NMPR,Tumor_epithelial_AT2
BD_immune15_673687,normal_NMPR,normal_NMPR,0.0166777138080704,Differentiated,NMPR,Tumor_epithelial_AT2
BD_immune15_129594,normal_NMPR,normal_NMPR,0.000930454448761973,Differentiated,NMPR,Tumor_epithelial_AT2
BD_immune15_787701,normal_NMPR,normal_NMPR,0.0905025024030744,Differentiated,NMPR,Tumor_epithelial_AT2
BD_immune15_314027,normal_NMPR,normal_NMPR,0.108653814447215,Differentiated,NMPR,Tumor_epithelial_AT2
BD_immune15_572535,Ciliated,Ciliated,0.0258499061266188,Differentiated,NMPR,Ciliated_epithelial
BD_immune15_107219,normal_NMPR,normal_NMPR,0.0609984239698521,Differentiated,NMPR,Tumor_epithelial_AT2
BD_immune15_480619,normal_NMPR,normal_NMPR,0.0368734991595136,Differentiated,NMPR,Tumor_epithelial_AT2
BD_immune15_875093,Ciliated,Ciliated,0.0202776465778731,Differentiated,NMPR,Ciliated_epithelial
BD_immune15_482767,normal_NMPR,normal_NMPR,0.0501916403616366,Differentiated,NMPR,Tumor_epithelial_AT2
BD_immune15_172439,normal_NMPR,normal_NMPR,0.0480925105300524,Differentiated,NMPR,Tumor_epithelial_AT2
BD_immune15_544365,normal_NMPR,normal_NMPR,0.118882944536266,Differentiated,NMPR,Tumor_epithelial_AT2
BD_immune15_654577,Ciliated,Ciliated,0.0738970834791589,Differentiated,NMPR,Ciliated_epithelial
BD_immune15_734870,normal_NMPR,normal_NMPR,0.0237154318910457,Differentiated,NMPR,Tumor_epithelial_AT2
BD_immune15_225885,normal_NMPR,normal_NMPR,0.0639994553838196,Differentiated,NMPR,Tumor_epithelial_AT2
BD_immune15_381469,normal_NMPR,normal_NMPR,0.0738468304012726,Differentiated,NMPR,Tumor_epithelial_AT2
BD_immune15_678066,normal_NMPR,normal_NMPR,0.00493575851032409,Differentiated,NMPR,Tumor_epithelial_AT2
BD_immune15_141583,normal_NMPR,normal_NMPR,0.0170685327574358,Differentiated,NMPR,Tumor_epithelial_AT2
BD_immune15_451168,normal_NMPR,normal_NMPR,0.10254286861962,Differentiated,NMPR,Tumor_epithelial_AT2
BD_immune15_652802,normal_NMPR,normal_NMPR,0.0652943425102969,Differentiated,NMPR,Tumor_epithelial_AT2
BD_immune15_81283,normal_NMPR,normal_NMPR,0.0874701512113817,Differentiated,NMPR,Tumor_epithelial_AT2
BD_immune15_220931,normal_NMPR,normal_NMPR,0.0228933175584348,Differentiated,NMPR,Tumor_epithelial_AT2
BD_immune15_884576,normal_NMPR,normal_NMPR,0.0229612826753362,Differentiated,NMPR,Tumor_epithelial_AT2
BD_immune15_461493,normal_NMPR,normal_NMPR,0.0318273185523126,Differentiated,NMPR,Tumor_epithelial_AT2
BD_immune15_643304,normal_NMPR,normal_NMPR,0.0167934581157312,Differentiated,NMPR,Tumor_epithelial_AT2
BD_immune15_615257,normal_NMPR,normal_NMPR,0.0251374963989032,Differentiated,NMPR,Tumor_epithelial_AT2
BD_immune15_841774,normal_NMPR,normal_NMPR,0.0651233441268627,Differentiated,NMPR,Tumor_epithelial_AT2
BD_immune15_615731,normal_NMPR,normal_NMPR,0.117446845677974,Differentiated,NMPR,Tumor_epithelial_AT2
BD_immune15_71872,normal_NMPR,normal_NMPR,0.0148623191523631,Differentiated,NMPR,Tumor_epithelial_AT2
BD_immune15_882829,normal_NMPR,normal_NMPR,0.0199815557222,Differentiated,NMPR,Tumor_epithelial_AT2
BD_immune15_530198,normal_NMPR,normal_NMPR,0.0680334292580361,Differentiated,NMPR,Tumor_epithelial_AT2
BD_immune15_503793,Ciliated,Ciliated,0.0438636078078599,Differentiated,NMPR,Ciliated_epithelial
BD_immune15_659390,normal_NMPR,normal_NMPR,0.0518389966802561,Differentiated,NMPR,Tumor_epithelial_AT2
BD_immune15_457748,normal_NMPR,normal_NMPR,0.0141320016452385,Differentiated,NMPR,Tumor_epithelial_AT2
BD_immune15_179065,normal_NMPR,normal_NMPR,0.0358479826981411,Differentiated,NMPR,Tumor_epithelial_AT2
BD_immune15_6630,normal_NMPR,normal_NMPR,0.0192674334999842,Differentiated,NMPR,Tumor_epithelial_AT2
BD_immune15_256682,Ciliated,Ciliated,0.0323799879565634,Differentiated,NMPR,Ciliated_epithelial
BD_immune15_474467,normal_NMPR,normal_NMPR,0.0185094517053805,Differentiated,NMPR,Tumor_epithelial_AT2
BD_immune15_410312,normal_NMPR,normal_NMPR,0.142509430036261,Differentiated,NMPR,Tumor_epithelial_AT2
BD_immune15_138701,Ciliated,Ciliated,0.073638720886039,Differentiated,NMPR,Ciliated_epithelial
BD_immune15_345493,normal_NMPR,normal_NMPR,0.0787739201140945,Differentiated,NMPR,Tumor_epithelial_AT2
BD_immune15_262347,normal_NMPR,normal_NMPR,0.0811996472318788,Differentiated,NMPR,Tumor_epithelial_AT2
BD_immune15_71565,normal_NMPR,normal_NMPR,0.0330566756776174,Differentiated,NMPR,Tumor_epithelial_AT2
BD_immune15_756583,normal_NMPR,normal_NMPR,0.0269558196933872,Differentiated,NMPR,Tumor_epithelial_AT2
BD_immune15_316717,normal_NMPR,normal_NMPR,0.0181513991379075,Differentiated,NMPR,Tumor_epithelial_AT2
BD_immune15_792890,normal_NMPR,normal_NMPR,0.0138399143288466,Differentiated,NMPR,Tumor_epithelial_AT2
BD_immune15_226960,normal_NMPR,normal_NMPR,0.11273063657542,Differentiated,NMPR,Tumor_epithelial_AT2
BD_immune15_427749,normal_NMPR,normal_NMPR,0.0907982003292537,Differentiated,NMPR,Tumor_epithelial_AT2
BD_immune15_875251,normal_NMPR,normal_NMPR,0.033652922961035,Differentiated,NMPR,Tumor_epithelial_AT2
BD_immune15_145603,normal_NMPR,normal_NMPR,0.0695337547361949,Differentiated,NMPR,Tumor_epithelial_AT2
BD_immune15_92797,normal_NMPR,normal_NMPR,0.118806250144363,Differentiated,NMPR,Tumor_epithelial_AT2
BD_immune15_403880,normal_NMPR,normal_NMPR,0.0611247018311383,Differentiated,NMPR,Tumor_epithelial_AT2
BD_immune15_776248,normal_NMPR,normal_NMPR,0.0970711184237604,Differentiated,NMPR,Tumor_epithelial_AT2
BD_immune15_238924,normal_NMPR,normal_NMPR,0.0563609267124499,Differentiated,NMPR,Tumor_epithelial_AT2
BD_immune15_68050,normal_NMPR,normal_NMPR,0.0133002956692498,Differentiated,NMPR,Tumor_epithelial_AT2
BD_immune15_600660,normal_NMPR,normal_NMPR,0.0820598280151132,Differentiated,NMPR,Tumor_epithelial_AT2
BD_immune15_32228,normal_NMPR,normal_NMPR,0.0377394530908748,Differentiated,NMPR,Tumor_epithelial_AT2
BD_immune15_249825,normal_NMPR,normal_NMPR,0.169320630549657,Unipotent,NMPR,Tumor_epithelial_AT2
BD_immune15_127359,normal_NMPR,normal_NMPR,0.00961594623617878,Differentiated,NMPR,Tumor_epithelial_AT2
BD_immune15_547976,normal_NMPR,normal_NMPR,0.0269131847828356,Differentiated,NMPR,Tumor_epithelial_AT2
BD_immune15_729439,normal_NMPR,normal_NMPR,0.0513309295101488,Differentiated,NMPR,Tumor_epithelial_AT2
BD_immune15_818269,normal_NMPR,normal_NMPR,0.0306415436776491,Differentiated,NMPR,Tumor_epithelial_AT2
BD_immune15_633715,normal_NMPR,normal_NMPR,0.00559301418225136,Differentiated,NMPR,Tumor_epithelial_AT2
BD_immune15_784533,normal_NMPR,normal_NMPR,0.0241812393218007,Differentiated,NMPR,Tumor_epithelial_AT2
BD_immune15_462861,normal_NMPR,normal_NMPR,0.0680438212102016,Differentiated,NMPR,Tumor_epithelial_AT2
BD_immune15_31435,Ciliated,Ciliated,0.06548624199516,Differentiated,NMPR,Ciliated_epithelial
BD_immune15_757123,normal_NMPR,normal_NMPR,0.0133225766122764,Differentiated,NMPR,Tumor_epithelial_AT2
BD_immune15_637030,Ciliated,Ciliated,0.067163152638461,Differentiated,NMPR,Ciliated_epithelial
BD_immune15_837621,normal_NMPR,normal_NMPR,0.0318592729007102,Differentiated,NMPR,Tumor_epithelial_AT2
BD_immune15_19962,Ciliated,Ciliated,0.0450180045198295,Differentiated,NMPR,Ciliated_epithelial
BD_immune15_847888,normal_NMPR,normal_NMPR,0.0500068583913473,Differentiated,NMPR,Tumor_epithelial_AT2
BD_immune15_699030,normal_NMPR,normal_NMPR,0.0294057355358104,Differentiated,NMPR,Tumor_epithelial_AT2
BD_immune15_301390,normal_NMPR,normal_NMPR,0.0311739238534894,Differentiated,NMPR,Tumor_epithelial_AT2
BD_immune15_846410,,,0.13830090379259,Differentiated,NMPR,Tumor_epithelial_AT2
BD_immune15_206837,Ciliated,Ciliated,0.0281776635986887,Differentiated,NMPR,Ciliated_epithelial
BD_immune15_518714,normal_NMPR,normal_NMPR,0.0603344555546288,Differentiated,NMPR,Tumor_epithelial_AT2
BD_immune15_504387,normal_NMPR,normal_NMPR,0.0608161064360826,Differentiated,NMPR,Tumor_epithelial_AT2
BD_immune15_799821,normal_NMPR,normal_NMPR,0.0700814651871557,Differentiated,NMPR,Tumor_epithelial_AT2
BD_immune15_51121,normal_NMPR,normal_NMPR,0.00427001682603011,Differentiated,NMPR,Tumor_epithelial_AT2
BD_immune15_528297,Ciliated,Ciliated,0.0508579583431117,Differentiated,NMPR,Ciliated_epithelial
BD_immune15_529438,Ciliated,Ciliated,0.0287483698720056,Differentiated,NMPR,Ciliated_epithelial
BD_immune15_596878,normal_NMPR,normal_NMPR,0.0303553511762154,Differentiated,NMPR,Tumor_epithelial_AT2
BD_immune15_646895,Ciliated,Ciliated,0.052516664416504,Differentiated,NMPR,Ciliated_epithelial
BD_immune15_50158,Ciliated,Ciliated,0.0233117994545484,Differentiated,NMPR,Ciliated_epithelial
BD_immune15_611680,normal_NMPR,normal_NMPR,0.0483267303950212,Differentiated,NMPR,Tumor_epithelial_AT2
BD_immune15_38400,Ciliated,Ciliated,0.02919975010992,Differentiated,NMPR,Ciliated_epithelial
BD_immune15_603233,Ciliated,Ciliated,0.0417918562120166,Differentiated,NMPR,Ciliated_epithelial
BD_immune15_541606,Ciliated,Ciliated,0.032326672809492,Differentiated,NMPR,Ciliated_epithelial
BD_immune15_477730,normal_NMPR,normal_NMPR,0.0550944004722412,Differentiated,NMPR,Tumor_epithelial_AT2
BD_immune15_802558,normal_NMPR,normal_NMPR,0.0230501629384533,Differentiated,NMPR,Tumor_epithelial_AT2
BD_immune15_372519,normal_NMPR,normal_NMPR,0.119569547867484,Differentiated,NMPR,Tumor_epithelial_AT2
BD_immune15_335207,normal_NMPR,normal_NMPR,0.0159564234372923,Differentiated,NMPR,Tumor_epithelial_AT2
BD_immune15_645599,Ciliated,Ciliated,0.0316621429060844,Differentiated,NMPR,Ciliated_epithelial
BD_immune15_429657,Ciliated,Ciliated,0.020357750667617,Differentiated,NMPR,Ciliated_epithelial
BD_immune15_88739,normal_NMPR,normal_NMPR,0.0714356918324131,Differentiated,NMPR,Tumor_epithelial_AT2
BD_immune15_334962,Ciliated,Ciliated,0.0357816664720874,Differentiated,NMPR,Ciliated_epithelial
BD_immune15_728299,normal_NMPR,normal_NMPR,0.00857148452077646,Differentiated,NMPR,Tumor_epithelial_AT2
BD_immune15_399746,normal_NMPR,normal_NMPR,0.0399672069592325,Differentiated,NMPR,Tumor_epithelial_AT2
BD_immune15_228416,Ciliated,Ciliated,0.0252958996129701,Differentiated,NMPR,Ciliated_epithelial
BD_immune15_241083,normal_NMPR,normal_NMPR,0.0152276355336037,Differentiated,NMPR,Tumor_epithelial_AT2
BD_immune15_84069,normal_NMPR,normal_NMPR,0.0281022495794329,Differentiated,NMPR,Tumor_epithelial_AT2
BD_immune15_59143,normal_NMPR,normal_NMPR,0.0898418696229112,Differentiated,NMPR,Tumor_epithelial_AT2
BD_immune15_478884,Ciliated,Ciliated,0.0401090216947757,Differentiated,NMPR,Ciliated_epithelial
BD_immune15_86756,normal_NMPR,normal_NMPR,0.0289441593960598,Differentiated,NMPR,Tumor_epithelial_AT2
BD_immune15_522628,Ciliated,Ciliated,0.0352588088508968,Differentiated,NMPR,Ciliated_epithelial
BD_immune15_325615,Ciliated,Ciliated,0.0318658743967311,Differentiated,NMPR,Ciliated_epithelial
BD_immune15_593814,normal_NMPR,normal_NMPR,0.0656662303203225,Differentiated,NMPR,Tumor_epithelial_AT2
BD_immune15_606649,normal_NMPR,normal_NMPR,0.086761356057304,Differentiated,NMPR,Tumor_epithelial_AT2
BD_immune15_596716,normal_NMPR,normal_NMPR,0.0988609491019596,Differentiated,NMPR,Tumor_epithelial_AT2
BD_immune15_471543,normal_NMPR,normal_NMPR,0.0175889282126111,Differentiated,NMPR,Tumor_epithelial_AT2
BD_immune15_825730,Ciliated,Ciliated,0.0715018684629096,Differentiated,NMPR,Ciliated_epithelial
BD_immune15_870703,Ciliated,Ciliated,0.0200350278996748,Differentiated,NMPR,Ciliated_epithelial
BD_immune15_247630,normal_NMPR,normal_NMPR,0.0529948133125757,Differentiated,NMPR,Tumor_epithelial_AT2
BD_immune15_488874,normal_NMPR,normal_NMPR,0.0439575981497894,Differentiated,NMPR,Tumor_epithelial_AT2
BD_immune15_426255,Ciliated,Ciliated,0.0247752798662962,Differentiated,NMPR,Ciliated_epithelial
BD_immune15_619364,Ciliated,Ciliated,0.0177920507533501,Differentiated,NMPR,Ciliated_epithelial
BD_immune15_727488,Ciliated,Ciliated,0.0146328793015815,Differentiated,NMPR,Ciliated_epithelial
BD_immune15_695518,normal_NMPR,normal_NMPR,0.0692223594874795,Differentiated,NMPR,Tumor_epithelial_AT2
BD_immune15_429931,normal_NMPR,normal_NMPR,0.0622743063966943,Differentiated,NMPR,Tumor_epithelial_AT2
BD_immune15_620803,Ciliated,Ciliated,0.0356864456226962,Differentiated,NMPR,Ciliated_epithelial
BD_immune15_99155,normal_NMPR,normal_NMPR,0.0762868791603328,Differentiated,NMPR,Tumor_epithelial_AT2
BD_immune15_257007,normal_NMPR,normal_NMPR,0.0523078712686988,Differentiated,NMPR,Tumor_epithelial_AT2
BD_immune15_215568,normal_NMPR,normal_NMPR,0.118371906912988,Differentiated,NMPR,Tumor_epithelial_AT2
BD_immune15_413230,Ciliated,Ciliated,0.0206491139553182,Differentiated,NMPR,Ciliated_epithelial
BD_immune15_399116,normal_NMPR,normal_NMPR,0.00503038172475143,Differentiated,NMPR,Tumor_epithelial_AT2
BD_immune15_367365,normal_NMPR,normal_NMPR,0.0565045702713284,Differentiated,NMPR,Tumor_epithelial_AT2
BD_immune15_205747,Ciliated,Ciliated,0.0477028717570255,Differentiated,NMPR,Ciliated_epithelial
BD_immune15_789819,normal_NMPR,normal_NMPR,0.0567600703349046,Differentiated,NMPR,Tumor_epithelial_AT2
BD_immune15_252746,Ciliated,Ciliated,0.0205384505817171,Differentiated,NMPR,Ciliated_epithelial
BD_immune15_681904,Ciliated,Ciliated,0.0234008366550383,Differentiated,NMPR,Ciliated_epithelial
BD_immune15_302545,normal_NMPR,normal_NMPR,0.0260544642373105,Differentiated,NMPR,Tumor_epithelial_AT2
BD_immune15_424006,normal_NMPR,normal_NMPR,0.0339316211438307,Differentiated,NMPR,Tumor_epithelial_AT2
BD_immune15_123040,Ciliated,Ciliated,0.0662520868116946,Differentiated,NMPR,Ciliated_epithelial
BD_immune15_296485,Ciliated,Ciliated,0.0240263797977143,Differentiated,NMPR,Ciliated_epithelial
BD_immune15_872378,,,0.0479935398648575,Differentiated,NMPR,Tumor_epithelial_AT2
BD_immune15_484620,Ciliated,Ciliated,0.0509432859686174,Differentiated,NMPR,Ciliated_epithelial
BD_immune15_374255,Ciliated,Ciliated,0.0797305535311771,Differentiated,NMPR,Ciliated_epithelial
BD_immune15_493727,Ciliated,Ciliated,0.0148595424342721,Differentiated,NMPR,Ciliated_epithelial
BD_immune15_456821,Ciliated,Ciliated,0.0185164516239022,Differentiated,NMPR,Ciliated_epithelial
BD_immune15_517165,,,0.0429649554647666,Differentiated,NMPR,Tumor_epithelial_AT2
BD_immune15_525379,,,0.0585159288748041,Differentiated,NMPR,Tumor_epithelial_AT2
BD_immune15_319169,,,0.0360671355953154,Differentiated,NMPR,Tumor_epithelial_AT2
BD_immune15_399033,Ciliated,Ciliated,0.0231612276493112,Differentiated,NMPR,Ciliated_epithelial
BD_immune15_324924,normal_NMPR,normal_NMPR,0.051304013254434,Differentiated,NMPR,Tumor_epithelial_AT2
BD_immune15_236663,normal_NMPR,normal_NMPR,0.0435716991070048,Differentiated,NMPR,Tumor_epithelial_AT2
BD_immune15_722389,Ciliated,Ciliated,0.0762638147296314,Differentiated,NMPR,Ciliated_epithelial
BD_immune15_341359,,,0.0707395968221936,Differentiated,NMPR,Tumor_epithelial_AT2
BD_immune15_636746,normal_NMPR,normal_NMPR,0.0285558428364152,Differentiated,NMPR,Tumor_epithelial_AT2
BD_immune15_397554,normal_NMPR,normal_NMPR,0.0365021548091232,Differentiated,NMPR,Tumor_epithelial_AT2
BD_immune15_15583,normal_NMPR,normal_NMPR,0.0755023961893524,Differentiated,NMPR,Tumor_epithelial_AT2
BD_immune15_626690,normal_NMPR,normal_NMPR,0.0302005838321452,Differentiated,NMPR,Tumor_epithelial_AT2
BD_immune15_378824,,,0.0603704525214735,Differentiated,NMPR,Tumor_epithelial_AT2
BD_immune15_326935,normal_NMPR,normal_NMPR,0.050054379413003,Differentiated,NMPR,Tumor_epithelial_AT2
BD_immune15_479318,normal_NMPR,normal_NMPR,0.0223669417855217,Differentiated,NMPR,Tumor_epithelial_AT2
BD_immune15_355216,normal_NMPR,normal_NMPR,0.0318548548819236,Differentiated,NMPR,Tumor_epithelial_AT2
BD_immune15_370598,,,0.0321980126707103,Differentiated,NMPR,Tumor_epithelial_AT2
BD_immune15_771964,normal_NMPR,normal_NMPR,0.0264616220906452,Differentiated,NMPR,Tumor_epithelial_AT2
BD_immune15_812599,,,0.0250551493041273,Differentiated,NMPR,Tumor_epithelial_AT2
BD_immune15_194658,,,0.0266300449362109,Differentiated,NMPR,Tumor_epithelial_AT2
BD_immune15_703490,Ciliated,Ciliated,0.0389780359800529,Differentiated,NMPR,Ciliated_epithelial
BD_immune15_381817,Ciliated,Ciliated,0.0603738837124967,Differentiated,NMPR,Ciliated_epithelial
BD_immune15_89535,,,0.0310820987147562,Differentiated,NMPR,Tumor_epithelial_AT2
BD_immune15_9614,normal_NMPR,normal_NMPR,0.0325177490364711,Differentiated,NMPR,Tumor_epithelial_AT2
BD_immune03_410068,normal_MPR,normal_MPR,0.0817114035946314,Differentiated,MPR,Tumor_epithelial_AT2
BD_immune07_210740,normal_NMPR,normal_NMPR,0.135872580759748,Differentiated,NMPR,Tumor_epithelial_AT2
BD_immune07_606068,normal_NMPR,normal_NMPR,0.140001239398408,Differentiated,NMPR,Tumor_epithelial_basal
BD_immune05_734194,normal_NMPR,EMT_NMPR,0.0656111428922027,Differentiated,NMPR,Tumor_epithelial_EMT
BD_immune05_348772,normal_NMPR,EMT_NMPR,0.128165119708452,Differentiated,NMPR,Tumor_epithelial_EMT
BD_immune07_161846,tumor_NMPR,tumor_NMPR,0.535624655202815,Multipotent,NMPR,Tumor_epithelial_basal
BD_immune07_864651,tumor_NMPR,tumor_NMPR,0.514679524867503,Multipotent,NMPR,Tumor_epithelial
BD_immune07_4766,tumor_NMPR,tumor_NMPR,0.525788528041115,Multipotent,NMPR,Tumor_epithelial
BD_immune07_647897,tumor_NMPR,tumor_NMPR,0.557525149225288,Multipotent,NMPR,Tumor_epithelial
BD_immune07_222789,tumor_NMPR,tumor_NMPR,0.436885683709467,Oligopotent,NMPR,Tumor_epithelial_basal
BD_immune07_267097,tumor_NMPR,tumor_NMPR,0.20475974820124,Unipotent,NMPR,Tumor_epithelial
BD_immune07_105386,tumor_NMPR,tumor_NMPR,0.155766852980137,Differentiated,NMPR,Tumor_epithelial
BD_immune07_57014,tumor_NMPR,tumor_NMPR,0.472400848997834,Oligopotent,NMPR,Tumor_epithelial
BD_immune07_807441,normal_NMPR,normal_NMPR,0.439218260068478,Oligopotent,NMPR,Tumor_epithelial
BD_immune07_422696,tumor_NMPR,tumor_NMPR,0.42475132118265,Oligopotent,NMPR,Tumor_epithelial
BD_immune07_412305,tumor_NMPR,tumor_NMPR,0.243830144298279,Unipotent,NMPR,Tumor_epithelial
BD_immune05_651720,normal_NMPR,normal_NMPR,0.306367211530685,Unipotent,NMPR,Tumor_epithelial_basal
BD_immune09_34983,normal_NMPR,normal_NMPR,0.283621020939943,Unipotent,NMPR,Tumor_epithelial_basal
BD_immune09_6732,normal_NMPR,normal_NMPR,0.304933345627287,Unipotent,NMPR,Tumor_epithelial_basal
BD_immune09_311353,normal_NMPR,normal_NMPR,0.283120791346845,Unipotent,NMPR,Tumor_epithelial_basal
BD_immune07_848115,normal_NMPR,normal_NMPR,0.232531355861005,Unipotent,NMPR,Tumor_epithelial_basal
BD_immune11_594190,Ciliated,Ciliated,0.0632961228702434,Differentiated,MPR,Ciliated_epithelial
BD_immune05_744408,normal_NMPR,EMT_NMPR,0.109237519392785,Differentiated,NMPR,Tumor_epithelial_EMT
BD_immune05_836521,normal_NMPR,EMT_NMPR,0.0535837235222928,Differentiated,NMPR,Tumor_epithelial_EMT
BD_immune11_637603,Ciliated,Ciliated,0.0911550184022469,Differentiated,MPR,Ciliated_epithelial
