cell,scevan_class,response
BD_immune03_676003,normal,MPR
BD_immune04_639050,normal,MPR
BD_immune11_759492,normal,MPR
BD_immune11_17759,normal,MPR
BD_immune11_880050,normal,MPR
BD_immune11_765009,normal,MPR
BD_immune11_414642,normal,MPR
BD_immune11_747329,normal,MPR
BD_immune12_174836,normal,MPR
BD_immune15_694272,normal,MPR
BD_immune03_407665,normal,MPR
BD_immune11_36226,normal,MPR
BD_immune15_760103,normal,MPR
BD_immune03_735829,normal,MPR
BD_immune03_697938,normal,MPR
BD_immune11_34677,normal,MPR
BD_immune11_702976,normal,MPR
BD_immune11_248823,normal,MPR
BD_immune12_612241,normal,MPR
BD_immune15_566461,normal,MPR
BD_immune15_282771,normal,MPR
BD_immune15_595835,normal,MPR
BD_immune15_854328,normal,MPR
BD_immune02_841503,normal,MPR
BD_immune02_650062,normal,MPR
BD_immune02_580235,normal,MPR
BD_immune02_277584,normal,MPR
BD_immune02_634340,normal,MPR
BD_immune02_73791,normal,MPR
BD_immune02_342916,normal,MPR
BD_immune02_13866,normal,MPR
BD_immune02_571486,normal,MPR
BD_immune02_335965,filtered,MPR
BD_immune03_3335,tumor,MPR
BD_immune03_641120,tumor,MPR
BD_immune03_698551,tumor,MPR
BD_immune03_167147,tumor,MPR
BD_immune03_800426,tumor,MPR
BD_immune03_75258,tumor,MPR
BD_immune03_675453,tumor,MPR
BD_immune03_25130,tumor,MPR
BD_immune03_522163,tumor,MPR
BD_immune03_477890,tumor,MPR
BD_immune03_650851,tumor,MPR
BD_immune03_748968,tumor,MPR
BD_immune03_156584,tumor,MPR
BD_immune03_433327,tumor,MPR
BD_immune03_75025,tumor,MPR
BD_immune03_639848,tumor,MPR
BD_immune03_826935,tumor,MPR
BD_immune03_828252,tumor,MPR
BD_immune03_729777,tumor,MPR
BD_immune03_766555,tumor,MPR
BD_immune03_272469,tumor,MPR
BD_immune03_656489,tumor,MPR
BD_immune03_690144,tumor,MPR
BD_immune03_184086,tumor,MPR
BD_immune03_701380,tumor,MPR
BD_immune03_158016,tumor,MPR
BD_immune03_36581,tumor,MPR
BD_immune03_189314,tumor,MPR
BD_immune03_715860,tumor,MPR
BD_immune03_839739,tumor,MPR
BD_immune03_433772,tumor,MPR
BD_immune03_626125,tumor,MPR
BD_immune03_570833,tumor,MPR
BD_immune03_739370,tumor,MPR
BD_immune03_171439,tumor,MPR
BD_immune03_53055,tumor,MPR
BD_immune03_417908,tumor,MPR
BD_immune03_763414,tumor,MPR
BD_immune03_406131,tumor,MPR
BD_immune03_293417,tumor,MPR
BD_immune03_533018,tumor,MPR
BD_immune03_524375,tumor,MPR
BD_immune03_549332,tumor,MPR
BD_immune03_858105,tumor,MPR
BD_immune03_225707,tumor,MPR
BD_immune03_191446,tumor,MPR
BD_immune03_243390,tumor,MPR
BD_immune03_235756,tumor,MPR
BD_immune03_795329,tumor,MPR
BD_immune03_176164,tumor,MPR
BD_immune03_720595,tumor,MPR
BD_immune03_359594,tumor,MPR
BD_immune03_496837,tumor,MPR
BD_immune03_42199,tumor,MPR
BD_immune03_129296,tumor,MPR
BD_immune03_111892,tumor,MPR
BD_immune03_254462,tumor,MPR
BD_immune03_19479,tumor,MPR
BD_immune03_102028,tumor,MPR
BD_immune03_507453,tumor,MPR
BD_immune03_754925,tumor,MPR
BD_immune03_202811,tumor,MPR
BD_immune03_5010,tumor,MPR
BD_immune03_30499,tumor,MPR
BD_immune03_466041,tumor,MPR
BD_immune03_481375,tumor,MPR
BD_immune03_760505,tumor,MPR
BD_immune03_378383,tumor,MPR
BD_immune03_229120,tumor,MPR
BD_immune03_299571,tumor,MPR
BD_immune03_795970,tumor,MPR
BD_immune03_8645,tumor,MPR
BD_immune03_774942,tumor,MPR
BD_immune03_720319,tumor,MPR
BD_immune03_213902,tumor,MPR
BD_immune03_766788,tumor,MPR
BD_immune03_718736,tumor,MPR
BD_immune03_682803,tumor,MPR
BD_immune03_152880,tumor,MPR
BD_immune03_839808,tumor,MPR
BD_immune03_400911,tumor,MPR
BD_immune03_722995,tumor,MPR
BD_immune03_637638,tumor,MPR
BD_immune03_72396,tumor,MPR
BD_immune03_782223,tumor,MPR
BD_immune03_696126,tumor,MPR
BD_immune03_592931,tumor,MPR
BD_immune03_492992,tumor,MPR
BD_immune03_317995,normal,MPR
BD_immune03_525157,tumor,MPR
BD_immune03_170978,tumor,MPR
BD_immune03_789637,tumor,MPR
BD_immune03_729828,tumor,MPR
BD_immune03_477067,tumor,MPR
BD_immune03_400474,tumor,MPR
BD_immune03_110517,tumor,MPR
BD_immune03_211657,tumor,MPR
BD_immune03_612565,tumor,MPR
BD_immune03_709503,tumor,MPR
BD_immune03_22409,tumor,MPR
BD_immune03_523217,tumor,MPR
BD_immune03_45478,tumor,MPR
BD_immune03_116393,tumor,MPR
BD_immune03_86853,tumor,MPR
BD_immune03_39021,tumor,MPR
BD_immune03_775198,tumor,MPR
BD_immune03_76497,tumor,MPR
BD_immune03_313567,tumor,MPR
BD_immune03_421629,tumor,MPR
BD_immune03_596904,tumor,MPR
BD_immune03_272116,tumor,MPR
BD_immune03_371066,tumor,MPR
BD_immune03_511504,tumor,MPR
BD_immune03_583,tumor,MPR
BD_immune03_151697,tumor,MPR
BD_immune03_228470,tumor,MPR
BD_immune03_518038,tumor,MPR
BD_immune03_433481,tumor,MPR
BD_immune03_433636,tumor,MPR
BD_immune03_176798,tumor,MPR
BD_immune03_477657,tumor,MPR
BD_immune03_254107,tumor,MPR
BD_immune03_7958,tumor,MPR
BD_immune03_768533,tumor,MPR
BD_immune03_279135,tumor,MPR
BD_immune03_176424,tumor,MPR
BD_immune03_775566,tumor,MPR
BD_immune03_378237,tumor,MPR
BD_immune03_357376,tumor,MPR
BD_immune03_30189,tumor,MPR
BD_immune03_716888,tumor,MPR
BD_immune03_590688,tumor,MPR
BD_immune03_610735,tumor,MPR
BD_immune03_752555,tumor,MPR
BD_immune03_589227,tumor,MPR
BD_immune03_483187,tumor,MPR
BD_immune03_834490,tumor,MPR
BD_immune03_698745,tumor,MPR
BD_immune03_496313,tumor,MPR
BD_immune03_761442,tumor,MPR
BD_immune03_271536,tumor,MPR
BD_immune03_562294,tumor,MPR
BD_immune03_865367,tumor,MPR
BD_immune03_783278,tumor,MPR
BD_immune03_99581,tumor,MPR
BD_immune03_566809,tumor,MPR
BD_immune03_704037,tumor,MPR
BD_immune03_54915,tumor,MPR
BD_immune03_815392,tumor,MPR
BD_immune03_117409,tumor,MPR
BD_immune03_21732,tumor,MPR
BD_immune03_877845,tumor,MPR
BD_immune03_546128,tumor,MPR
BD_immune03_408890,tumor,MPR
BD_immune03_613128,tumor,MPR
BD_immune03_186757,tumor,MPR
BD_immune03_756253,tumor,MPR
BD_immune03_379009,tumor,MPR
BD_immune03_78079,tumor,MPR
BD_immune03_580559,tumor,MPR
BD_immune03_814459,tumor,MPR
BD_immune03_442949,tumor,MPR
BD_immune03_544928,tumor,MPR
BD_immune03_498977,tumor,MPR
BD_immune03_398582,tumor,MPR
BD_immune03_160487,tumor,MPR
BD_immune03_65650,tumor,MPR
BD_immune03_600454,tumor,MPR
BD_immune03_733769,tumor,MPR
BD_immune03_88761,tumor,MPR
BD_immune03_146489,tumor,MPR
BD_immune03_731730,tumor,MPR
BD_immune03_176373,tumor,MPR
BD_immune03_772544,tumor,MPR
BD_immune03_658332,tumor,MPR
BD_immune03_419838,tumor,MPR
BD_immune03_357962,tumor,MPR
BD_immune03_135864,tumor,MPR
BD_immune03_671429,tumor,MPR
BD_immune03_684812,tumor,MPR
BD_immune03_500777,tumor,MPR
BD_immune03_559234,tumor,MPR
BD_immune03_814409,tumor,MPR
BD_immune03_811833,tumor,MPR
BD_immune03_50086,normal,MPR
BD_immune03_549757,tumor,MPR
BD_immune03_148871,tumor,MPR
BD_immune03_483762,tumor,MPR
BD_immune03_875430,tumor,MPR
BD_immune03_772551,tumor,MPR
BD_immune03_477697,tumor,MPR
BD_immune03_510038,tumor,MPR
BD_immune03_485516,tumor,MPR
BD_immune03_597286,tumor,MPR
BD_immune03_17559,tumor,MPR
BD_immune03_760051,tumor,MPR
BD_immune03_484510,tumor,MPR
BD_immune03_450884,tumor,MPR
BD_immune03_743313,tumor,MPR
BD_immune03_538826,tumor,MPR
BD_immune03_119691,tumor,MPR
BD_immune03_44130,tumor,MPR
BD_immune03_439346,tumor,MPR
BD_immune03_720612,tumor,MPR
BD_immune03_738028,tumor,MPR
BD_immune03_361698,tumor,MPR
BD_immune03_542600,tumor,MPR
BD_immune03_310561,tumor,MPR
BD_immune03_402523,tumor,MPR
BD_immune03_60539,tumor,MPR
BD_immune03_849195,tumor,MPR
BD_immune03_352095,tumor,MPR
BD_immune03_230289,tumor,MPR
BD_immune03_503828,tumor,MPR
BD_immune03_585381,tumor,MPR
BD_immune03_253065,tumor,MPR
BD_immune03_59075,tumor,MPR
BD_immune03_465073,tumor,MPR
BD_immune03_434774,tumor,MPR
BD_immune03_262763,tumor,MPR
BD_immune03_94857,tumor,MPR
BD_immune03_220635,tumor,MPR
BD_immune03_673092,tumor,MPR
BD_immune03_100871,tumor,MPR
BD_immune03_376426,tumor,MPR
BD_immune03_90682,tumor,MPR
BD_immune03_763659,tumor,MPR
BD_immune03_10583,tumor,MPR
BD_immune03_812450,tumor,MPR
BD_immune03_47503,tumor,MPR
BD_immune03_162280,tumor,MPR
BD_immune03_384887,tumor,MPR
BD_immune03_283884,tumor,MPR
BD_immune03_861844,tumor,MPR
BD_immune03_100501,tumor,MPR
BD_immune03_307321,tumor,MPR
BD_immune03_533793,tumor,MPR
BD_immune03_688133,tumor,MPR
BD_immune03_547067,tumor,MPR
BD_immune03_705215,tumor,MPR
BD_immune03_130709,tumor,MPR
BD_immune03_399711,tumor,MPR
BD_immune03_167991,tumor,MPR
BD_immune03_92546,tumor,MPR
BD_immune03_48117,tumor,MPR
BD_immune03_15669,tumor,MPR
BD_immune03_284046,tumor,MPR
BD_immune03_144316,tumor,MPR
BD_immune03_404205,tumor,MPR
BD_immune03_13050,tumor,MPR
BD_immune03_319377,tumor,MPR
BD_immune03_858972,tumor,MPR
BD_immune03_478072,tumor,MPR
BD_immune03_132750,tumor,MPR
BD_immune03_769233,tumor,MPR
BD_immune03_817341,tumor,MPR
BD_immune03_211361,tumor,MPR
BD_immune03_399602,tumor,MPR
BD_immune03_546799,tumor,MPR
BD_immune03_485733,tumor,MPR
BD_immune03_359646,tumor,MPR
BD_immune03_815124,tumor,MPR
BD_immune03_643558,tumor,MPR
BD_immune03_47684,normal,MPR
BD_immune03_687065,tumor,MPR
BD_immune03_765224,tumor,MPR
BD_immune03_292675,tumor,MPR
BD_immune03_642715,tumor,MPR
BD_immune03_64347,tumor,MPR
BD_immune03_837751,tumor,MPR
BD_immune03_51974,tumor,MPR
BD_immune03_121601,tumor,MPR
BD_immune03_206285,tumor,MPR
BD_immune03_26537,tumor,MPR
BD_immune03_696300,tumor,MPR
BD_immune03_549588,tumor,MPR
BD_immune03_548328,tumor,MPR
BD_immune03_535207,tumor,MPR
BD_immune03_743387,tumor,MPR
BD_immune03_393970,tumor,MPR
BD_immune03_734470,tumor,MPR
BD_immune03_120017,tumor,MPR
BD_immune03_723433,tumor,MPR
BD_immune03_535533,tumor,MPR
BD_immune03_646780,tumor,MPR
BD_immune03_40314,tumor,MPR
BD_immune03_648454,tumor,MPR
BD_immune03_358973,tumor,MPR
BD_immune03_536063,tumor,MPR
BD_immune03_798197,tumor,MPR
BD_immune03_744851,tumor,MPR
BD_immune03_264242,tumor,MPR
BD_immune03_684716,tumor,MPR
BD_immune03_411078,tumor,MPR
BD_immune03_551089,tumor,MPR
BD_immune03_122509,tumor,MPR
BD_immune03_859397,tumor,MPR
BD_immune03_252023,tumor,MPR
BD_immune03_451843,tumor,MPR
BD_immune03_746151,tumor,MPR
BD_immune03_442313,tumor,MPR
BD_immune03_653932,tumor,MPR
BD_immune03_679286,tumor,MPR
BD_immune03_783512,tumor,MPR
BD_immune03_462111,tumor,MPR
BD_immune03_693369,tumor,MPR
BD_immune03_737541,tumor,MPR
BD_immune03_870226,tumor,MPR
BD_immune03_541120,tumor,MPR
BD_immune03_191902,tumor,MPR
BD_immune03_548975,tumor,MPR
BD_immune03_165321,tumor,MPR
BD_immune03_759907,tumor,MPR
BD_immune03_270133,tumor,MPR
BD_immune03_172805,tumor,MPR
BD_immune03_615271,tumor,MPR
BD_immune03_717536,tumor,MPR
BD_immune03_637041,normal,MPR
BD_immune03_432206,tumor,MPR
BD_immune03_599766,tumor,MPR
BD_immune03_164628,tumor,MPR
BD_immune03_261720,tumor,MPR
BD_immune03_876207,tumor,MPR
BD_immune03_199274,tumor,MPR
BD_immune03_424493,tumor,MPR
BD_immune03_53606,tumor,MPR
BD_immune03_278780,tumor,MPR
BD_immune03_745171,tumor,MPR
BD_immune03_106576,tumor,MPR
BD_immune03_21406,tumor,MPR
BD_immune03_473768,tumor,MPR
BD_immune03_835127,tumor,MPR
BD_immune03_731484,normal,MPR
BD_immune03_122162,tumor,MPR
BD_immune03_203362,tumor,MPR
BD_immune03_445856,tumor,MPR
BD_immune03_662860,tumor,MPR
BD_immune03_412575,tumor,MPR
BD_immune03_531375,tumor,MPR
BD_immune03_332506,tumor,MPR
BD_immune03_404173,tumor,MPR
BD_immune03_604856,tumor,MPR
BD_immune03_279821,tumor,MPR
BD_immune03_811253,tumor,MPR
BD_immune03_658762,tumor,MPR
BD_immune03_825158,tumor,MPR
BD_immune03_188086,tumor,MPR
BD_immune03_764079,tumor,MPR
BD_immune03_379752,tumor,MPR
BD_immune03_857401,tumor,MPR
BD_immune03_589180,tumor,MPR
BD_immune03_736038,tumor,MPR
BD_immune03_386850,normal,MPR
BD_immune03_72103,tumor,MPR
BD_immune03_712669,tumor,MPR
BD_immune03_857095,tumor,MPR
BD_immune03_682940,tumor,MPR
BD_immune03_871084,tumor,MPR
BD_immune03_745130,tumor,MPR
BD_immune03_18025,tumor,MPR
BD_immune03_861179,tumor,MPR
BD_immune03_62786,tumor,MPR
BD_immune03_309875,tumor,MPR
BD_immune03_485305,tumor,MPR
BD_immune03_698635,tumor,MPR
BD_immune03_450484,tumor,MPR
BD_immune03_21904,tumor,MPR
BD_immune03_264427,tumor,MPR
BD_immune03_188194,tumor,MPR
BD_immune03_129881,tumor,MPR
BD_immune03_879651,tumor,MPR
BD_immune03_73201,tumor,MPR
BD_immune03_36749,tumor,MPR
BD_immune03_629469,tumor,MPR
BD_immune03_812182,tumor,MPR
BD_immune03_799194,normal,MPR
BD_immune03_612427,tumor,MPR
BD_immune03_785902,tumor,MPR
BD_immune03_383068,tumor,MPR
BD_immune03_726383,tumor,MPR
BD_immune03_35097,tumor,MPR
BD_immune03_305029,tumor,MPR
BD_immune03_238580,normal,MPR
BD_immune03_341896,tumor,MPR
BD_immune03_523985,filtered,MPR
BD_immune03_494344,tumor,MPR
BD_immune03_440723,tumor,MPR
BD_immune03_180569,tumor,MPR
BD_immune03_862092,tumor,MPR
BD_immune03_843264,normal,MPR
BD_immune03_717585,tumor,MPR
BD_immune03_214939,tumor,MPR
BD_immune03_191785,tumor,MPR
BD_immune03_57114,tumor,MPR
BD_immune03_675680,tumor,MPR
BD_immune03_864756,tumor,MPR
BD_immune03_594129,tumor,MPR
BD_immune03_289538,tumor,MPR
BD_immune03_540577,tumor,MPR
BD_immune03_541986,tumor,MPR
BD_immune03_93942,tumor,MPR
BD_immune03_588453,tumor,MPR
BD_immune03_297081,tumor,MPR
BD_immune03_631632,tumor,MPR
BD_immune03_218592,tumor,MPR
BD_immune03_6914,normal,MPR
BD_immune03_322469,tumor,MPR
BD_immune03_431451,tumor,MPR
BD_immune03_53502,tumor,MPR
BD_immune03_646720,filtered,MPR
BD_immune03_649733,tumor,MPR
BD_immune03_882602,tumor,MPR
BD_immune03_762561,tumor,MPR
BD_immune03_177635,tumor,MPR
BD_immune03_237098,tumor,MPR
BD_immune03_381940,normal,MPR
BD_immune03_510199,normal,MPR
BD_immune03_818447,filtered,MPR
BD_immune03_52497,tumor,MPR
BD_immune03_509878,tumor,MPR
BD_immune03_721622,tumor,MPR
BD_immune03_845563,tumor,MPR
BD_immune03_234717,tumor,MPR
BD_immune03_734130,tumor,MPR
BD_immune03_322683,tumor,MPR
BD_immune03_444502,tumor,MPR
BD_immune03_300019,tumor,MPR
BD_immune03_816380,tumor,MPR
BD_immune03_23422,filtered,MPR
BD_immune03_576054,tumor,MPR
BD_immune03_5768,filtered,MPR
BD_immune03_563384,tumor,MPR
BD_immune03_133637,tumor,MPR
BD_immune03_647940,tumor,MPR
BD_immune03_566713,tumor,MPR
BD_immune03_767573,tumor,MPR
BD_immune03_757170,tumor,MPR
BD_immune03_210257,tumor,MPR
BD_immune03_411761,tumor,MPR
BD_immune03_371054,tumor,MPR
BD_immune03_242930,tumor,MPR
BD_immune03_882339,tumor,MPR
BD_immune03_657565,tumor,MPR
BD_immune03_104899,tumor,MPR
BD_immune03_14947,tumor,MPR
BD_immune03_766297,tumor,MPR
BD_immune03_800285,tumor,MPR
BD_immune03_613243,tumor,MPR
BD_immune03_480368,tumor,MPR
BD_immune03_67504,tumor,MPR
BD_immune03_458596,tumor,MPR
BD_immune03_55699,normal,MPR
BD_immune03_361199,tumor,MPR
BD_immune03_168410,tumor,MPR
BD_immune03_196465,tumor,MPR
BD_immune03_265570,tumor,MPR
BD_immune03_371850,tumor,MPR
BD_immune03_883538,tumor,MPR
BD_immune03_655011,tumor,MPR
BD_immune03_88047,tumor,MPR
BD_immune03_449049,tumor,MPR
BD_immune03_541039,tumor,MPR
BD_immune03_339231,tumor,MPR
BD_immune03_338359,tumor,MPR
BD_immune03_727841,tumor,MPR
BD_immune03_430637,tumor,MPR
BD_immune03_74541,normal,MPR
BD_immune03_126139,tumor,MPR
BD_immune03_279622,tumor,MPR
BD_immune03_138113,tumor,MPR
BD_immune03_793302,tumor,MPR
BD_immune03_756629,tumor,MPR
BD_immune03_360603,normal,MPR
BD_immune03_233885,tumor,MPR
BD_immune03_501031,tumor,MPR
BD_immune03_337442,tumor,MPR
BD_immune03_755647,tumor,MPR
BD_immune03_350243,tumor,MPR
BD_immune03_358779,tumor,MPR
BD_immune03_124833,tumor,MPR
BD_immune03_439886,tumor,MPR
BD_immune03_881505,tumor,MPR
BD_immune03_820668,normal,MPR
BD_immune03_460144,tumor,MPR
BD_immune03_227982,normal,MPR
BD_immune03_1431,normal,MPR
BD_immune03_733242,tumor,MPR
BD_immune03_8808,tumor,MPR
BD_immune03_62820,tumor,MPR
BD_immune03_555621,tumor,MPR
BD_immune03_588674,tumor,MPR
BD_immune03_821672,tumor,MPR
BD_immune03_57194,normal,MPR
BD_immune03_325865,tumor,MPR
BD_immune03_75445,tumor,MPR
BD_immune03_556761,tumor,MPR
BD_immune03_81307,normal,MPR
BD_immune03_724441,tumor,MPR
BD_immune03_715604,tumor,MPR
BD_immune03_874882,tumor,MPR
BD_immune03_753623,tumor,MPR
BD_immune03_847118,tumor,MPR
BD_immune03_244564,tumor,MPR
BD_immune03_376677,tumor,MPR
BD_immune03_867225,tumor,MPR
BD_immune03_634668,normal,MPR
BD_immune03_562215,tumor,MPR
BD_immune03_616094,normal,MPR
BD_immune03_592068,tumor,MPR
BD_immune03_460064,tumor,MPR
BD_immune03_129389,normal,MPR
BD_immune03_794082,tumor,MPR
BD_immune03_609218,tumor,MPR
BD_immune03_677823,normal,MPR
BD_immune03_747054,tumor,MPR
BD_immune03_877014,tumor,MPR
BD_immune03_297659,filtered,MPR
BD_immune03_690459,tumor,MPR
BD_immune03_509162,tumor,MPR
BD_immune03_107714,tumor,MPR
BD_immune03_833248,normal,MPR
BD_immune03_605648,normal,MPR
BD_immune03_598870,normal,MPR
BD_immune03_849264,tumor,MPR
BD_immune03_522326,tumor,MPR
BD_immune03_143260,normal,MPR
BD_immune03_315640,tumor,MPR
BD_immune03_296978,tumor,MPR
BD_immune03_61879,normal,MPR
BD_immune03_176336,tumor,MPR
BD_immune03_122998,tumor,MPR
BD_immune03_8786,normal,MPR
BD_immune03_788290,tumor,MPR
BD_immune03_248350,normal,MPR
BD_immune03_363479,normal,MPR
BD_immune03_524132,tumor,MPR
BD_immune03_242960,tumor,MPR
BD_immune03_422195,tumor,MPR
BD_immune03_680787,tumor,MPR
BD_immune03_63271,normal,MPR
BD_immune03_9196,tumor,MPR
BD_immune03_362788,normal,MPR
BD_immune03_723770,normal,MPR
BD_immune03_388582,normal,MPR
BD_immune03_829838,normal,MPR
BD_immune03_855588,tumor,MPR
BD_immune03_141370,normal,MPR
BD_immune03_594085,normal,MPR
BD_immune03_22349,normal,MPR
BD_immune03_698089,normal,MPR
BD_immune03_685879,normal,MPR
BD_immune03_516905,normal,MPR
BD_immune03_576449,normal,MPR
BD_immune03_711995,normal,MPR
BD_immune03_738486,normal,MPR
BD_immune03_479724,tumor,MPR
BD_immune03_144995,normal,MPR
BD_immune03_380019,normal,MPR
BD_immune03_109107,normal,MPR
BD_immune03_58079,normal,MPR
BD_immune03_490597,normal,MPR
BD_immune03_198237,normal,MPR
BD_immune03_317885,normal,MPR
BD_immune03_389078,normal,MPR
BD_immune03_239446,tumor,MPR
BD_immune03_719961,normal,MPR
BD_immune03_439546,normal,MPR
BD_immune03_337281,normal,MPR
BD_immune03_676358,normal,MPR
BD_immune03_827670,normal,MPR
BD_immune03_688047,normal,MPR
BD_immune03_620367,normal,MPR
BD_immune03_799415,normal,MPR
BD_immune03_592102,normal,MPR
BD_immune03_605834,normal,MPR
BD_immune03_850167,normal,MPR
BD_immune03_558353,normal,MPR
BD_immune03_542457,normal,MPR
BD_immune03_319776,normal,MPR
BD_immune03_496704,normal,MPR
BD_immune03_384150,normal,MPR
BD_immune03_665808,normal,MPR
BD_immune03_129144,normal,MPR
BD_immune03_451296,normal,MPR
BD_immune03_162979,normal,MPR
BD_immune03_210814,normal,MPR
BD_immune03_518500,normal,MPR
BD_immune03_197719,normal,MPR
BD_immune03_797433,normal,MPR
BD_immune03_488481,normal,MPR
BD_immune03_57265,normal,MPR
BD_immune03_595410,normal,MPR
BD_immune03_653278,normal,MPR
BD_immune03_524603,normal,MPR
BD_immune03_535928,normal,MPR
BD_immune03_273768,normal,MPR
BD_immune03_428111,normal,MPR
BD_immune03_684545,normal,MPR
BD_immune03_151452,normal,MPR
BD_immune03_15605,normal,MPR
BD_immune03_688512,normal,MPR
BD_immune03_181030,normal,MPR
BD_immune03_730911,normal,MPR
BD_immune03_568403,normal,MPR
BD_immune03_854149,normal,MPR
BD_immune03_302418,normal,MPR
BD_immune03_697391,normal,MPR
BD_immune03_107908,normal,MPR
BD_immune03_264615,normal,MPR
BD_immune03_105583,normal,MPR
BD_immune03_133295,normal,MPR
BD_immune03_402155,normal,MPR
BD_immune03_460622,normal,MPR
BD_immune03_741565,normal,MPR
BD_immune03_2736,normal,MPR
BD_immune03_309520,normal,MPR
BD_immune03_856168,normal,MPR
BD_immune03_400849,normal,MPR
BD_immune03_224696,normal,MPR
BD_immune03_37954,normal,MPR
BD_immune03_707364,normal,MPR
BD_immune03_34419,normal,MPR
BD_immune03_205235,normal,MPR
BD_immune03_794780,normal,MPR
BD_immune03_217314,normal,MPR
BD_immune03_848024,normal,MPR
BD_immune03_293744,normal,MPR
BD_immune03_64313,normal,MPR
BD_immune03_312194,normal,MPR
BD_immune03_778181,filtered,MPR
BD_immune03_457439,normal,MPR
BD_immune03_624379,normal,MPR
BD_immune03_455820,normal,MPR
BD_immune03_339517,normal,MPR
BD_immune03_201660,normal,MPR
BD_immune03_692647,normal,MPR
BD_immune03_290861,normal,MPR
BD_immune03_750471,normal,MPR
BD_immune03_836890,normal,MPR
BD_immune03_386888,normal,MPR
BD_immune03_1827,normal,MPR
BD_immune03_475883,normal,MPR
BD_immune03_420676,normal,MPR
BD_immune03_840556,normal,MPR
BD_immune03_325485,normal,MPR
BD_immune03_752680,normal,MPR
BD_immune03_381771,normal,MPR
BD_immune03_498406,normal,MPR
BD_immune03_91394,normal,MPR
BD_immune03_513447,normal,MPR
BD_immune03_800859,normal,MPR
BD_immune03_795817,normal,MPR
BD_immune03_81421,normal,MPR
BD_immune03_694373,normal,MPR
BD_immune03_278484,normal,MPR
BD_immune03_510434,normal,MPR
BD_immune03_184035,normal,MPR
BD_immune03_78080,normal,MPR
BD_immune03_576735,normal,MPR
BD_immune03_621254,normal,MPR
BD_immune03_720989,normal,MPR
BD_immune03_567803,normal,MPR
BD_immune03_558210,normal,MPR
BD_immune03_731749,normal,MPR
BD_immune03_433141,normal,MPR
BD_immune03_637323,normal,MPR
BD_immune03_785325,normal,MPR
BD_immune03_167801,normal,MPR
BD_immune03_39610,normal,MPR
BD_immune03_433105,normal,MPR
BD_immune03_159591,normal,MPR
BD_immune03_239364,normal,MPR
BD_immune03_821545,normal,MPR
BD_immune03_824055,normal,MPR
BD_immune03_220624,normal,MPR
BD_immune03_593206,normal,MPR
BD_immune03_466612,normal,MPR
BD_immune03_146105,normal,MPR
BD_immune03_302402,filtered,MPR
BD_immune03_460617,filtered,MPR
BD_immune03_822666,filtered,MPR
BD_immune03_36915,normal,MPR
BD_immune03_114453,normal,MPR
BD_immune03_621203,normal,MPR
BD_immune03_211973,normal,MPR
BD_immune03_588729,normal,MPR
BD_immune03_246795,normal,MPR
BD_immune03_595413,normal,MPR
BD_immune03_179501,normal,MPR
BD_immune03_643231,normal,MPR
BD_immune03_487664,filtered,MPR
BD_immune03_511216,filtered,MPR
BD_immune03_848065,normal,MPR
BD_immune03_383672,normal,MPR
BD_immune03_439021,normal,MPR
BD_immune03_214953,normal,MPR
BD_immune03_36176,normal,MPR
BD_immune03_329648,normal,MPR
BD_immune03_211062,normal,MPR
BD_immune03_314675,normal,MPR
BD_immune03_165927,normal,MPR
BD_immune03_68104,normal,MPR
BD_immune03_507713,normal,MPR
BD_immune03_544522,normal,MPR
BD_immune03_65724,normal,MPR
BD_immune03_372269,filtered,MPR
BD_immune03_859827,normal,MPR
BD_immune03_52169,normal,MPR
BD_immune03_542493,filtered,MPR
BD_immune03_860254,normal,MPR
BD_immune03_672263,normal,MPR
BD_immune03_766683,normal,MPR
BD_immune03_812145,normal,MPR
BD_immune03_322655,normal,MPR
BD_immune03_522533,normal,MPR
BD_immune03_162501,normal,MPR
BD_immune03_188103,filtered,MPR
BD_immune03_43110,normal,MPR
BD_immune03_62996,normal,MPR
BD_immune03_146594,normal,MPR
BD_immune03_640169,normal,MPR
BD_immune03_796026,normal,MPR
BD_immune03_670826,normal,MPR
BD_immune03_523138,normal,MPR
BD_immune03_759567,filtered,MPR
BD_immune03_72924,normal,MPR
BD_immune03_559413,filtered,MPR
BD_immune03_884172,normal,MPR
BD_immune03_470727,normal,MPR
BD_immune03_428847,normal,MPR
BD_immune03_830705,filtered,MPR
BD_immune03_747818,normal,MPR
BD_immune03_481078,filtered,MPR
BD_immune03_152402,normal,MPR
BD_immune03_217762,normal,MPR
BD_immune03_115149,normal,MPR
BD_immune03_121224,filtered,MPR
BD_immune03_120151,normal,MPR
BD_immune03_701859,filtered,MPR
BD_immune03_597244,filtered,MPR
BD_immune03_218294,filtered,MPR
BD_immune03_727244,filtered,MPR
BD_immune03_286075,normal,MPR
BD_immune03_613399,filtered,MPR
BD_immune03_187399,normal,MPR
BD_immune03_44539,normal,MPR
BD_immune03_705637,normal,MPR
BD_immune03_689053,normal,MPR
BD_immune03_796658,normal,MPR
BD_immune03_357644,filtered,MPR
BD_immune03_780204,normal,MPR
BD_immune03_208158,filtered,MPR
BD_immune03_540987,normal,MPR
BD_immune03_516903,filtered,MPR
BD_immune03_832654,normal,MPR
BD_immune03_637206,normal,MPR
BD_immune03_83746,filtered,MPR
BD_immune03_738958,normal,MPR
BD_immune03_850555,normal,MPR
BD_immune03_840885,normal,MPR
BD_immune03_30433,normal,MPR
BD_immune03_69073,filtered,MPR
BD_immune03_392731,normal,MPR
BD_immune03_317989,normal,MPR
BD_immune03_283923,filtered,MPR
BD_immune03_717422,filtered,MPR
BD_immune03_849854,filtered,MPR
BD_immune03_114811,normal,MPR
BD_immune03_71950,normal,MPR
BD_immune03_440973,filtered,MPR
BD_immune03_798039,filtered,MPR
BD_immune03_388977,filtered,MPR
BD_immune03_313720,filtered,MPR
BD_immune03_354368,filtered,MPR
BD_immune03_402535,filtered,MPR
BD_immune03_232657,filtered,MPR
BD_immune03_751912,filtered,MPR
BD_immune03_187437,filtered,MPR
BD_immune03_414773,filtered,MPR
BD_immune03_692650,filtered,MPR
BD_immune03_209185,normal,MPR
BD_immune03_49877,filtered,MPR
BD_immune03_188964,normal,MPR
BD_immune03_826754,normal,MPR
BD_immune03_287603,normal,MPR
BD_immune03_210691,filtered,MPR
BD_immune03_61413,filtered,MPR
BD_immune03_140120,filtered,MPR
BD_immune03_662179,filtered,MPR
BD_immune03_360360,normal,MPR
BD_immune03_383391,normal,MPR
BD_immune03_102353,filtered,MPR
BD_immune03_30472,filtered,MPR
BD_immune03_427661,normal,MPR
BD_immune03_156791,filtered,MPR
BD_immune03_629781,filtered,MPR
BD_immune03_406157,filtered,MPR
BD_immune03_753882,filtered,MPR
BD_immune03_186961,normal,MPR
BD_immune03_375879,filtered,MPR
BD_immune03_707713,normal,MPR
BD_immune03_829276,filtered,MPR
BD_immune03_203490,filtered,MPR
BD_immune03_117481,normal,MPR
BD_immune03_777311,filtered,MPR
BD_immune03_785031,normal,MPR
BD_immune03_371789,filtered,MPR
BD_immune03_6672,filtered,MPR
BD_immune03_198348,filtered,MPR
BD_immune03_216169,filtered,MPR
BD_immune03_375649,filtered,MPR
BD_immune03_67993,normal,MPR
BD_immune03_801242,normal,MPR
BD_immune03_393298,normal,MPR
BD_immune03_645938,filtered,MPR
BD_immune03_649301,filtered,MPR
BD_immune03_296245,filtered,MPR
BD_immune03_545775,filtered,MPR
BD_immune03_877161,filtered,MPR
BD_immune03_163252,normal,MPR
BD_immune03_75060,filtered,MPR
BD_immune03_179064,filtered,MPR
BD_immune03_589013,filtered,MPR
BD_immune03_249721,filtered,MPR
BD_immune03_91091,filtered,MPR
BD_immune03_741367,normal,MPR
BD_immune03_750624,filtered,MPR
BD_immune03_24158,normal,MPR
BD_immune03_839659,filtered,MPR
BD_immune03_484355,filtered,MPR
BD_immune03_852802,filtered,MPR
BD_immune03_334693,filtered,MPR
BD_immune03_711196,filtered,MPR
BD_immune03_395151,normal,MPR
BD_immune03_438085,normal,MPR
BD_immune03_39071,filtered,MPR
BD_immune03_689163,filtered,MPR
BD_immune03_858951,filtered,MPR
BD_immune03_563501,filtered,MPR
BD_immune03_594287,filtered,MPR
BD_immune03_247819,normal,MPR
BD_immune03_362217,filtered,MPR
BD_immune03_164957,filtered,MPR
BD_immune03_607292,filtered,MPR
BD_immune03_331530,normal,MPR
BD_immune03_625958,filtered,MPR
BD_immune03_637571,filtered,MPR
BD_immune03_211525,filtered,MPR
BD_immune03_524535,normal,MPR
BD_immune03_700745,normal,MPR
BD_immune03_245750,normal,MPR
BD_immune03_683237,filtered,MPR
BD_immune03_385026,normal,MPR
BD_immune03_795383,filtered,MPR
BD_immune03_277733,filtered,MPR
BD_immune03_586175,normal,MPR
BD_immune03_171159,normal,MPR
BD_immune03_96643,filtered,MPR
BD_immune03_114479,filtered,MPR
BD_immune03_533625,normal,MPR
BD_immune03_794625,normal,MPR
BD_immune03_630240,normal,MPR
BD_immune03_303046,normal,MPR
BD_immune03_212180,filtered,MPR
BD_immune03_574934,filtered,MPR
BD_immune03_859117,normal,MPR
BD_immune03_86135,filtered,MPR
BD_immune03_11950,filtered,MPR
BD_immune03_80903,normal,MPR
BD_immune03_417863,filtered,MPR
BD_immune03_339662,filtered,MPR
BD_immune03_16347,filtered,MPR
BD_immune03_377972,filtered,MPR
BD_immune03_465970,filtered,MPR
BD_immune03_666681,filtered,MPR
BD_immune03_80679,filtered,MPR
BD_immune03_449131,filtered,MPR
BD_immune03_508122,filtered,MPR
BD_immune03_42689,filtered,MPR
BD_immune03_856372,filtered,MPR
BD_immune03_16108,filtered,MPR
BD_immune03_867748,filtered,MPR
BD_immune03_509911,filtered,MPR
BD_immune03_321833,filtered,MPR
BD_immune03_150289,normal,MPR
BD_immune03_831970,filtered,MPR
BD_immune03_208095,filtered,MPR
BD_immune03_32391,normal,MPR
BD_immune03_191567,normal,MPR
BD_immune03_873689,filtered,MPR
BD_immune03_157152,filtered,MPR
BD_immune03_233040,normal,MPR
BD_immune03_609855,filtered,MPR
BD_immune03_846261,normal,MPR
BD_immune03_372819,filtered,MPR
BD_immune03_350899,filtered,MPR
BD_immune03_380593,filtered,MPR
BD_immune03_759341,filtered,MPR
BD_immune03_865994,filtered,MPR
BD_immune03_539320,normal,MPR
BD_immune03_357260,filtered,MPR
BD_immune03_454248,filtered,MPR
BD_immune03_792727,filtered,MPR
BD_immune03_660199,filtered,MPR
BD_immune03_706956,normal,MPR
BD_immune03_204732,filtered,MPR
BD_immune03_515038,normal,MPR
BD_immune03_16256,filtered,MPR
BD_immune03_88133,filtered,MPR
BD_immune03_755387,filtered,MPR
BD_immune03_771025,normal,MPR
BD_immune03_747079,filtered,MPR
BD_immune03_438920,filtered,MPR
BD_immune03_606055,normal,MPR
BD_immune03_658856,filtered,MPR
BD_immune03_312225,filtered,MPR
BD_immune03_649410,filtered,MPR
BD_immune03_107263,filtered,MPR
BD_immune03_615952,filtered,MPR
BD_immune03_75305,filtered,MPR
BD_immune03_201473,filtered,MPR
BD_immune03_723368,filtered,MPR
BD_immune03_452627,normal,MPR
BD_immune03_413677,filtered,MPR
BD_immune03_723420,filtered,MPR
BD_immune03_225945,filtered,MPR
BD_immune03_389177,filtered,MPR
BD_immune03_424712,filtered,MPR
BD_immune03_668261,filtered,MPR
BD_immune03_768552,filtered,MPR
BD_immune03_189057,filtered,MPR
BD_immune03_275643,filtered,MPR
BD_immune03_432218,filtered,MPR
BD_immune03_298581,filtered,MPR
BD_immune03_474150,normal,MPR
BD_immune03_519566,filtered,MPR
BD_immune03_297521,filtered,MPR
BD_immune03_47441,filtered,MPR
BD_immune03_700190,filtered,MPR
BD_immune03_352581,normal,MPR
BD_immune03_27828,filtered,MPR
BD_immune03_393915,filtered,MPR
BD_immune03_801339,filtered,MPR
BD_immune03_291202,filtered,MPR
BD_immune03_828357,filtered,MPR
BD_immune03_466327,filtered,MPR
BD_immune03_283492,filtered,MPR
BD_immune03_865635,filtered,MPR
BD_immune03_424586,filtered,MPR
BD_immune03_652158,filtered,MPR
BD_immune03_94744,filtered,MPR
BD_immune03_356256,filtered,MPR
BD_immune03_110391,filtered,MPR
BD_immune03_276619,filtered,MPR
BD_immune03_6532,normal,MPR
BD_immune03_817167,filtered,MPR
BD_immune03_398053,filtered,MPR
BD_immune03_504193,filtered,MPR
BD_immune03_94030,filtered,MPR
BD_immune03_728101,filtered,MPR
BD_immune03_553522,filtered,MPR
BD_immune03_122518,filtered,MPR
BD_immune03_825766,filtered,MPR
BD_immune03_81833,filtered,MPR
BD_immune03_52368,filtered,MPR
BD_immune03_430884,filtered,MPR
BD_immune03_381794,filtered,MPR
BD_immune03_172645,filtered,MPR
BD_immune03_188858,filtered,MPR
BD_immune03_872564,filtered,MPR
BD_immune03_583571,normal,MPR
BD_immune03_787011,filtered,MPR
BD_immune03_516551,filtered,MPR
BD_immune03_237013,filtered,MPR
BD_immune03_840296,filtered,MPR
BD_immune03_396994,normal,MPR
BD_immune03_43021,filtered,MPR
BD_immune03_157835,filtered,MPR
BD_immune03_41894,filtered,MPR
BD_immune03_528116,normal,MPR
BD_immune03_660825,filtered,MPR
BD_immune03_202852,filtered,MPR
BD_immune03_74995,filtered,MPR
BD_immune03_97993,filtered,MPR
BD_immune03_93317,normal,MPR
BD_immune03_650167,filtered,MPR
BD_immune03_208940,filtered,MPR
BD_immune03_41408,filtered,MPR
BD_immune03_870376,filtered,MPR
BD_immune03_365299,filtered,MPR
BD_immune03_746680,filtered,MPR
BD_immune03_381263,filtered,MPR
BD_immune03_204427,filtered,MPR
BD_immune03_281113,filtered,MPR
BD_immune03_237709,filtered,MPR
BD_immune03_234479,filtered,MPR
BD_immune03_25460,filtered,MPR
BD_immune03_53620,filtered,MPR
BD_immune03_458856,filtered,MPR
BD_immune03_756170,filtered,MPR
BD_immune03_492975,normal,MPR
BD_immune03_295407,filtered,MPR
BD_immune03_662690,filtered,MPR
BD_immune03_2784,filtered,MPR
BD_immune03_365160,filtered,MPR
BD_immune03_97018,filtered,MPR
BD_immune03_793451,filtered,MPR
BD_immune03_305014,filtered,MPR
BD_immune03_740362,filtered,MPR
BD_immune03_233879,filtered,MPR
BD_immune03_218892,normal,MPR
BD_immune03_845949,filtered,MPR
BD_immune03_170710,filtered,MPR
BD_immune03_720361,filtered,MPR
BD_immune03_558882,filtered,MPR
BD_immune03_276056,filtered,MPR
BD_immune03_859514,filtered,MPR
BD_immune03_760919,filtered,MPR
BD_immune03_91701,filtered,MPR
BD_immune03_119216,filtered,MPR
BD_immune03_276039,filtered,MPR
BD_immune03_822881,filtered,MPR
BD_immune03_754903,filtered,MPR
BD_immune03_779120,filtered,MPR
BD_immune03_779725,filtered,MPR
BD_immune03_775526,filtered,MPR
BD_immune03_842545,filtered,MPR
BD_immune03_786372,filtered,MPR
BD_immune03_80338,filtered,MPR
BD_immune03_285096,filtered,MPR
BD_immune03_393221,filtered,MPR
BD_immune03_488071,filtered,MPR
BD_immune03_806677,filtered,MPR
BD_immune03_145237,filtered,MPR
BD_immune03_716633,filtered,MPR
BD_immune03_26142,filtered,MPR
BD_immune03_597953,filtered,MPR
BD_immune03_825385,filtered,MPR
BD_immune03_816490,filtered,MPR
BD_immune03_356361,filtered,MPR
BD_immune03_830790,filtered,MPR
BD_immune03_804543,filtered,MPR
BD_immune03_616421,filtered,MPR
BD_immune03_368603,filtered,MPR
BD_immune03_129864,normal,MPR
BD_immune03_868148,filtered,MPR
BD_immune03_710745,filtered,MPR
BD_immune03_441265,filtered,MPR
BD_immune03_504716,filtered,MPR
BD_immune03_586749,filtered,MPR
BD_immune03_632803,filtered,MPR
BD_immune03_369978,filtered,MPR
BD_immune03_651896,filtered,MPR
BD_immune03_606072,filtered,MPR
BD_immune03_279199,filtered,MPR
BD_immune03_216907,filtered,MPR
BD_immune03_303037,filtered,MPR
BD_immune03_793715,normal,MPR
BD_immune03_436539,filtered,MPR
BD_immune03_352076,filtered,MPR
BD_immune03_79604,filtered,MPR
BD_immune03_847508,filtered,MPR
BD_immune03_709183,filtered,MPR
BD_immune03_648479,filtered,MPR
BD_immune03_244261,filtered,MPR
BD_immune03_777609,filtered,MPR
BD_immune03_575993,filtered,MPR
BD_immune03_363606,filtered,MPR
BD_immune04_397649,normal,MPR
BD_immune04_354997,normal,MPR
BD_immune04_300317,normal,MPR
BD_immune04_809126,normal,MPR
BD_immune04_361365,normal,MPR
BD_immune04_173384,normal,MPR
BD_immune04_28325,normal,MPR
BD_immune04_527847,normal,MPR
BD_immune04_322601,normal,MPR
BD_immune04_252496,filtered,MPR
BD_immune04_794140,normal,MPR
BD_immune07_436631,normal,MPR
BD_immune07_796242,normal,MPR
BD_immune11_78177,normal,MPR
BD_immune11_578717,normal,MPR
BD_immune11_624002,normal,MPR
BD_immune11_127184,normal,MPR
BD_immune11_465550,normal,MPR
BD_immune11_129854,normal,MPR
BD_immune11_864475,normal,MPR
BD_immune11_655868,normal,MPR
BD_immune11_741571,normal,MPR
BD_immune11_594514,normal,MPR
BD_immune11_430145,normal,MPR
BD_immune11_834286,normal,MPR
BD_immune11_714781,normal,MPR
BD_immune11_517070,normal,MPR
BD_immune11_435036,normal,MPR
BD_immune11_585794,normal,MPR
BD_immune11_387986,normal,MPR
BD_immune11_585313,normal,MPR
BD_immune11_851522,normal,MPR
BD_immune11_111584,normal,MPR
BD_immune11_728668,normal,MPR
BD_immune11_496681,normal,MPR
BD_immune11_769451,normal,MPR
BD_immune11_506169,normal,MPR
BD_immune11_376321,normal,MPR
BD_immune11_807506,normal,MPR
BD_immune11_709930,normal,MPR
BD_immune11_591231,normal,MPR
BD_immune11_324928,normal,MPR
BD_immune11_32838,normal,MPR
BD_immune11_591232,normal,MPR
BD_immune11_98367,normal,MPR
BD_immune11_688050,normal,MPR
BD_immune11_456616,normal,MPR
BD_immune11_797208,normal,MPR
BD_immune11_524136,normal,MPR
BD_immune11_52398,normal,MPR
BD_immune11_636890,normal,MPR
BD_immune11_173014,normal,MPR
BD_immune11_38494,normal,MPR
BD_immune11_66903,normal,MPR
BD_immune11_104179,normal,MPR
BD_immune11_295685,normal,MPR
BD_immune11_14693,normal,MPR
BD_immune11_455608,normal,MPR
BD_immune11_465297,normal,MPR
BD_immune11_675786,normal,MPR
BD_immune11_513452,normal,MPR
BD_immune11_150201,normal,MPR
BD_immune11_671271,normal,MPR
BD_immune11_448450,normal,MPR
BD_immune11_158447,normal,MPR
BD_immune11_358858,normal,MPR
BD_immune11_47918,normal,MPR
BD_immune11_436879,normal,MPR
BD_immune11_233240,normal,MPR
BD_immune11_305407,normal,MPR
BD_immune11_174871,normal,MPR
BD_immune11_818712,normal,MPR
BD_immune11_665043,normal,MPR
BD_immune11_800298,normal,MPR
BD_immune11_15235,normal,MPR
BD_immune11_382510,normal,MPR
BD_immune11_418392,normal,MPR
BD_immune11_734263,normal,MPR
BD_immune11_95035,normal,MPR
BD_immune11_617113,normal,MPR
BD_immune11_112914,normal,MPR
BD_immune11_382703,normal,MPR
BD_immune11_448391,normal,MPR
BD_immune11_728900,normal,MPR
BD_immune11_492361,normal,MPR
BD_immune11_125012,normal,MPR
BD_immune11_635903,normal,MPR
BD_immune11_248087,normal,MPR
BD_immune11_839316,normal,MPR
BD_immune11_833827,normal,MPR
BD_immune11_380435,normal,MPR
BD_immune11_582593,normal,MPR
BD_immune11_622608,normal,MPR
BD_immune11_150970,normal,MPR
BD_immune11_498493,normal,MPR
BD_immune11_414783,normal,MPR
BD_immune11_65855,normal,MPR
BD_immune11_722101,normal,MPR
BD_immune11_725971,normal,MPR
BD_immune11_825889,normal,MPR
BD_immune11_442523,normal,MPR
BD_immune11_61982,normal,MPR
BD_immune11_882059,normal,MPR
BD_immune11_638589,normal,MPR
BD_immune11_730775,normal,MPR
BD_immune11_1429,normal,MPR
BD_immune11_816422,normal,MPR
BD_immune11_70104,normal,MPR
BD_immune11_41387,normal,MPR
BD_immune11_7131,normal,MPR
BD_immune11_877867,normal,MPR
BD_immune11_487890,normal,MPR
BD_immune11_354081,normal,MPR
BD_immune11_546898,normal,MPR
BD_immune11_419734,normal,MPR
BD_immune11_802374,normal,MPR
BD_immune11_88695,normal,MPR
BD_immune11_233313,normal,MPR
BD_immune11_746268,normal,MPR
BD_immune11_357182,normal,MPR
BD_immune11_233804,normal,MPR
BD_immune11_2285,normal,MPR
BD_immune11_848730,normal,MPR
BD_immune11_402531,normal,MPR
BD_immune11_119670,normal,MPR
BD_immune11_373333,normal,MPR
BD_immune11_245707,normal,MPR
BD_immune11_90592,normal,MPR
BD_immune11_8857,normal,MPR
BD_immune11_620021,normal,MPR
BD_immune11_872534,normal,MPR
BD_immune11_116239,normal,MPR
BD_immune11_496667,normal,MPR
BD_immune11_172824,normal,MPR
BD_immune11_466536,normal,MPR
BD_immune11_99323,normal,MPR
BD_immune11_241411,normal,MPR
BD_immune11_525212,normal,MPR
BD_immune11_863832,normal,MPR
BD_immune11_426386,normal,MPR
BD_immune11_871409,normal,MPR
BD_immune11_807795,normal,MPR
BD_immune11_355788,normal,MPR
BD_immune11_770299,normal,MPR
BD_immune11_166152,normal,MPR
BD_immune11_301340,normal,MPR
BD_immune11_236910,normal,MPR
BD_immune11_342313,normal,MPR
BD_immune11_499164,normal,MPR
BD_immune11_142421,normal,MPR
BD_immune11_356021,normal,MPR
BD_immune11_755192,normal,MPR
BD_immune11_535977,normal,MPR
BD_immune11_646441,normal,MPR
BD_immune11_153420,normal,MPR
BD_immune11_706217,normal,MPR
BD_immune11_788399,normal,MPR
BD_immune11_417135,normal,MPR
BD_immune11_398221,normal,MPR
BD_immune11_498670,normal,MPR
BD_immune11_687048,normal,MPR
BD_immune11_844330,normal,MPR
BD_immune11_59879,normal,MPR
BD_immune11_34209,normal,MPR
BD_immune11_424411,normal,MPR
BD_immune11_819239,normal,MPR
BD_immune11_89351,normal,MPR
BD_immune11_646451,normal,MPR
BD_immune11_436644,normal,MPR
BD_immune11_233942,normal,MPR
BD_immune11_353334,normal,MPR
BD_immune11_721954,normal,MPR
BD_immune11_263208,normal,MPR
BD_immune11_287140,normal,MPR
BD_immune11_115816,normal,MPR
BD_immune11_874426,normal,MPR
BD_immune11_530325,normal,MPR
BD_immune11_156190,normal,MPR
BD_immune11_478753,normal,MPR
BD_immune11_443354,normal,MPR
BD_immune11_779629,normal,MPR
BD_immune11_390723,normal,MPR
BD_immune11_305525,normal,MPR
BD_immune11_140062,normal,MPR
BD_immune11_857982,normal,MPR
BD_immune11_215452,normal,MPR
BD_immune11_20676,normal,MPR
BD_immune11_122662,normal,MPR
BD_immune11_463155,normal,MPR
BD_immune11_354113,normal,MPR
BD_immune11_89352,normal,MPR
BD_immune11_570891,normal,MPR
BD_immune11_604003,normal,MPR
BD_immune11_565026,normal,MPR
BD_immune11_517833,normal,MPR
BD_immune11_79210,normal,MPR
BD_immune11_645010,normal,MPR
BD_immune11_138877,normal,MPR
BD_immune11_519710,normal,MPR
BD_immune11_141938,normal,MPR
BD_immune11_582755,normal,MPR
BD_immune11_852199,normal,MPR
BD_immune11_191820,normal,MPR
BD_immune11_162836,normal,MPR
BD_immune11_73376,normal,MPR
BD_immune11_73348,normal,MPR
BD_immune11_514597,normal,MPR
BD_immune11_824522,normal,MPR
BD_immune11_661951,normal,MPR
BD_immune11_866065,normal,MPR
BD_immune11_256984,normal,MPR
BD_immune11_243467,normal,MPR
BD_immune11_50320,normal,MPR
BD_immune11_767373,normal,MPR
BD_immune11_603143,normal,MPR
BD_immune11_824510,normal,MPR
BD_immune11_797833,normal,MPR
BD_immune11_286058,normal,MPR
BD_immune11_253222,normal,MPR
BD_immune11_730603,normal,MPR
BD_immune11_533839,normal,MPR
BD_immune11_158309,normal,MPR
BD_immune11_455337,normal,MPR
BD_immune11_494425,normal,MPR
BD_immune11_460410,normal,MPR
BD_immune11_260569,normal,MPR
BD_immune11_165577,normal,MPR
BD_immune11_365453,normal,MPR
BD_immune11_11846,normal,MPR
BD_immune11_64475,normal,MPR
BD_immune11_37375,normal,MPR
BD_immune11_690629,normal,MPR
BD_immune11_853762,normal,MPR
BD_immune11_53351,normal,MPR
BD_immune11_63626,normal,MPR
BD_immune11_845777,normal,MPR
BD_immune11_560386,normal,MPR
BD_immune11_477525,normal,MPR
BD_immune11_783489,normal,MPR
BD_immune11_843037,normal,MPR
BD_immune11_568249,normal,MPR
BD_immune11_402595,normal,MPR
BD_immune11_207845,normal,MPR
BD_immune11_385482,normal,MPR
BD_immune11_856686,normal,MPR
BD_immune11_253438,normal,MPR
BD_immune11_373619,normal,MPR
BD_immune11_408883,normal,MPR
BD_immune11_408225,normal,MPR
BD_immune11_137305,normal,MPR
BD_immune11_476332,normal,MPR
BD_immune11_234873,normal,MPR
BD_immune11_9947,normal,MPR
BD_immune11_131460,normal,MPR
BD_immune11_748250,normal,MPR
BD_immune11_820879,normal,MPR
BD_immune11_877334,normal,MPR
BD_immune11_231930,normal,MPR
BD_immune11_686119,normal,MPR
BD_immune11_395744,normal,MPR
BD_immune11_129041,normal,MPR
BD_immune11_189395,normal,MPR
BD_immune11_230454,normal,MPR
BD_immune11_578189,normal,MPR
BD_immune11_551719,normal,MPR
BD_immune11_234230,normal,MPR
BD_immune11_388616,normal,MPR
BD_immune11_765107,normal,MPR
BD_immune11_186194,normal,MPR
BD_immune11_277219,normal,MPR
BD_immune11_708051,normal,MPR
BD_immune11_384156,normal,MPR
BD_immune11_117835,normal,MPR
BD_immune11_672030,normal,MPR
BD_immune11_125948,normal,MPR
BD_immune11_404598,normal,MPR
BD_immune11_432245,normal,MPR
BD_immune11_197401,normal,MPR
BD_immune11_368662,normal,MPR
BD_immune11_800031,normal,MPR
BD_immune11_754807,normal,MPR
BD_immune11_207187,normal,MPR
BD_immune11_647814,normal,MPR
BD_immune11_31730,normal,MPR
BD_immune11_168548,normal,MPR
BD_immune11_84697,normal,MPR
BD_immune11_1093,normal,MPR
BD_immune11_759039,normal,MPR
BD_immune11_462643,normal,MPR
BD_immune11_216811,normal,MPR
BD_immune11_104504,normal,MPR
BD_immune11_19457,normal,MPR
BD_immune11_873872,normal,MPR
BD_immune11_42,normal,MPR
BD_immune11_793580,normal,MPR
BD_immune11_700850,normal,MPR
BD_immune11_382133,normal,MPR
BD_immune11_82811,normal,MPR
BD_immune11_805083,normal,MPR
BD_immune11_393445,normal,MPR
BD_immune11_499478,normal,MPR
BD_immune11_579363,normal,MPR
BD_immune11_169117,normal,MPR
BD_immune11_374691,normal,MPR
BD_immune11_503419,normal,MPR
BD_immune11_384223,normal,MPR
BD_immune11_26643,normal,MPR
BD_immune11_625306,normal,MPR
BD_immune11_296602,normal,MPR
BD_immune11_628802,normal,MPR
BD_immune11_535923,normal,MPR
BD_immune11_432504,normal,MPR
BD_immune11_62127,normal,MPR
BD_immune11_143949,normal,MPR
BD_immune11_773863,normal,MPR
BD_immune11_171633,normal,MPR
BD_immune11_657058,normal,MPR
BD_immune11_227705,normal,MPR
BD_immune11_880965,normal,MPR
BD_immune11_643492,normal,MPR
BD_immune11_783724,normal,MPR
BD_immune11_744234,normal,MPR
BD_immune11_111230,normal,MPR
BD_immune11_759577,normal,MPR
BD_immune11_59125,normal,MPR
BD_immune11_339280,normal,MPR
BD_immune11_46496,normal,MPR
BD_immune11_615347,normal,MPR
BD_immune11_834914,normal,MPR
BD_immune11_347230,normal,MPR
BD_immune11_255529,normal,MPR
BD_immune11_204979,normal,MPR
BD_immune11_671052,normal,MPR
BD_immune11_140341,normal,MPR
BD_immune11_314738,normal,MPR
BD_immune11_747856,normal,MPR
BD_immune11_677292,normal,MPR
BD_immune11_868231,normal,MPR
BD_immune11_491921,normal,MPR
BD_immune11_851398,normal,MPR
BD_immune11_240635,normal,MPR
BD_immune11_87647,normal,MPR
BD_immune11_227739,normal,MPR
BD_immune11_132995,normal,MPR
BD_immune11_638417,normal,MPR
BD_immune11_800569,normal,MPR
BD_immune11_390908,normal,MPR
BD_immune11_332153,normal,MPR
BD_immune11_32316,filtered,MPR
BD_immune11_449986,normal,MPR
BD_immune11_773809,normal,MPR
BD_immune11_5678,normal,MPR
BD_immune11_766428,filtered,MPR
BD_immune11_663724,filtered,MPR
BD_immune12_347497,normal,MPR
BD_immune12_770597,normal,MPR
BD_immune12_435307,normal,MPR
BD_immune12_794646,normal,MPR
BD_immune12_487429,normal,MPR
BD_immune12_373941,normal,MPR
BD_immune12_241771,normal,MPR
BD_immune12_432275,normal,MPR
BD_immune12_707488,normal,MPR
BD_immune12_772414,normal,MPR
BD_immune12_605279,normal,MPR
BD_immune12_809503,normal,MPR
BD_immune12_345386,normal,MPR
BD_immune12_115619,normal,MPR
BD_immune12_87408,normal,MPR
BD_immune12_474762,normal,MPR
BD_immune12_161584,normal,MPR
BD_immune12_65192,normal,MPR
BD_immune12_700435,normal,MPR
BD_immune12_136734,normal,MPR
BD_immune12_883714,normal,MPR
BD_immune12_508351,normal,MPR
BD_immune12_485318,normal,MPR
BD_immune12_255726,normal,MPR
BD_immune12_472802,normal,MPR
BD_immune12_602666,normal,MPR
BD_immune12_332776,normal,MPR
BD_immune12_672441,normal,MPR
BD_immune12_184681,normal,MPR
BD_immune12_142312,normal,MPR
BD_immune12_576569,normal,MPR
BD_immune12_104410,normal,MPR
BD_immune12_517420,normal,MPR
BD_immune12_443865,normal,MPR
BD_immune12_688790,normal,MPR
BD_immune12_856035,normal,MPR
BD_immune12_161631,normal,MPR
BD_immune12_567735,normal,MPR
BD_immune12_214307,normal,MPR
BD_immune12_652233,normal,MPR
BD_immune12_24826,normal,MPR
BD_immune12_206917,normal,MPR
BD_immune12_267025,normal,MPR
BD_immune12_416906,normal,MPR
BD_immune12_430775,normal,MPR
BD_immune12_444223,normal,MPR
BD_immune12_374877,normal,MPR
BD_immune12_146886,normal,MPR
BD_immune12_700276,normal,MPR
BD_immune12_564314,filtered,MPR
BD_immune13_39365,normal,MPR
BD_immune14_558280,normal,MPR
BD_immune14_647651,normal,MPR
BD_immune14_486333,normal,MPR
BD_immune14_425767,normal,MPR
BD_immune14_662536,normal,MPR
BD_immune14_653962,normal,MPR
BD_immune14_843297,normal,MPR
BD_immune14_799760,normal,MPR
BD_immune14_573048,normal,MPR
BD_immune14_540649,normal,MPR
BD_immune14_477134,normal,MPR
BD_immune14_68493,normal,MPR
BD_immune14_844765,normal,MPR
BD_immune14_647325,normal,MPR
BD_immune14_828505,normal,MPR
BD_immune14_505664,normal,MPR
BD_immune14_411892,normal,MPR
BD_immune14_533330,normal,MPR
BD_immune14_874713,normal,MPR
BD_immune14_623031,normal,MPR
BD_immune14_532013,normal,MPR
BD_immune14_2495,normal,MPR
BD_immune14_206004,normal,MPR
BD_immune14_68312,normal,MPR
BD_immune14_815490,normal,MPR
BD_immune14_622700,normal,MPR
BD_immune14_42112,normal,MPR
BD_immune14_48989,normal,MPR
BD_immune14_312909,normal,MPR
BD_immune14_604591,normal,MPR
BD_immune14_679768,normal,MPR
BD_immune14_182776,normal,MPR
BD_immune14_79961,normal,MPR
BD_immune14_375322,normal,MPR
BD_immune14_551142,normal,MPR
BD_immune14_781868,normal,MPR
BD_immune14_40314,normal,MPR
BD_immune14_522363,normal,MPR
BD_immune14_634157,tumor,MPR
BD_immune14_711711,normal,MPR
BD_immune14_703899,normal,MPR
BD_immune14_240162,normal,MPR
BD_immune14_153489,normal,MPR
BD_immune14_787243,normal,MPR
BD_immune14_479440,normal,MPR
BD_immune14_141831,normal,MPR
BD_immune14_181950,normal,MPR
BD_immune14_385869,normal,MPR
BD_immune14_751788,normal,MPR
BD_immune14_882277,normal,MPR
BD_immune14_109363,normal,MPR
BD_immune14_778400,normal,MPR
BD_immune14_246806,normal,MPR
BD_immune14_266198,normal,MPR
BD_immune14_764109,normal,MPR
BD_immune14_712942,normal,MPR
BD_immune14_706655,normal,MPR
BD_immune14_171750,normal,MPR
BD_immune14_364733,normal,MPR
BD_immune14_768991,normal,MPR
BD_immune14_338290,normal,MPR
BD_immune14_697684,normal,MPR
BD_immune14_296461,normal,MPR
BD_immune14_695818,normal,MPR
BD_immune14_625531,normal,MPR
BD_immune14_381194,normal,MPR
BD_immune14_454305,normal,MPR
BD_immune14_572827,normal,MPR
BD_immune14_431363,normal,MPR
BD_immune14_464089,normal,MPR
BD_immune14_563968,normal,MPR
BD_immune14_164388,normal,MPR
BD_immune14_78618,normal,MPR
BD_immune14_591717,normal,MPR
BD_immune14_48926,normal,MPR
BD_immune14_452523,normal,MPR
BD_immune14_856109,normal,MPR
BD_immune14_486953,normal,MPR
BD_immune14_11794,normal,MPR
BD_immune14_332519,normal,MPR
BD_immune14_777286,normal,MPR
BD_immune14_88178,normal,MPR
BD_immune14_72607,normal,MPR
BD_immune14_862325,normal,MPR
BD_immune14_386052,normal,MPR
BD_immune14_601230,normal,MPR
BD_immune14_244736,normal,MPR
BD_immune14_865742,normal,MPR
BD_immune14_306487,normal,MPR
BD_immune14_270629,normal,MPR
BD_immune14_307396,normal,MPR
BD_immune14_97882,normal,MPR
BD_immune14_505733,normal,MPR
BD_immune14_327746,normal,MPR
BD_immune14_225446,normal,MPR
BD_immune14_319390,normal,MPR
BD_immune14_294203,normal,MPR
BD_immune14_659950,normal,MPR
BD_immune14_487621,normal,MPR
BD_immune14_351752,normal,MPR
BD_immune14_560049,normal,MPR
BD_immune14_397636,normal,MPR
BD_immune14_492354,normal,MPR
BD_immune14_258026,normal,MPR
BD_immune14_680671,normal,MPR
BD_immune14_717151,normal,MPR
BD_immune14_698522,normal,MPR
BD_immune14_805741,normal,MPR
BD_immune14_170840,normal,MPR
BD_immune14_293819,normal,MPR
BD_immune14_205968,normal,MPR
BD_immune14_721910,normal,MPR
BD_immune14_134165,normal,MPR
BD_immune14_408863,normal,MPR
BD_immune14_608673,normal,MPR
BD_immune14_729061,normal,MPR
BD_immune14_692820,normal,MPR
BD_immune14_124827,normal,MPR
BD_immune14_671606,normal,MPR
BD_immune14_789585,normal,MPR
BD_immune14_654785,normal,MPR
BD_immune14_830241,normal,MPR
BD_immune14_823775,normal,MPR
BD_immune14_784725,normal,MPR
BD_immune14_793575,normal,MPR
BD_immune14_450154,normal,MPR
BD_immune14_721967,normal,MPR
BD_immune14_194349,normal,MPR
BD_immune14_294009,normal,MPR
BD_immune14_315400,normal,MPR
BD_immune14_876157,normal,MPR
BD_immune14_402022,normal,MPR
BD_immune14_523855,normal,MPR
BD_immune14_57479,normal,MPR
BD_immune14_838818,normal,MPR
BD_immune14_671706,normal,MPR
BD_immune14_475703,normal,MPR
BD_immune14_553739,normal,MPR
BD_immune14_723607,normal,MPR
BD_immune14_210298,normal,MPR
BD_immune14_637075,normal,MPR
BD_immune14_572965,normal,MPR
BD_immune14_431395,normal,MPR
BD_immune14_281950,normal,MPR
BD_immune14_519812,normal,MPR
BD_immune14_679454,normal,MPR
BD_immune14_709579,normal,MPR
BD_immune14_240509,normal,MPR
BD_immune14_573354,normal,MPR
BD_immune14_143073,normal,MPR
BD_immune14_252961,normal,MPR
BD_immune14_504424,normal,MPR
BD_immune14_799252,normal,MPR
BD_immune14_590844,normal,MPR
BD_immune14_283944,normal,MPR
BD_immune14_55693,normal,MPR
BD_immune14_732736,normal,MPR
BD_immune14_538300,normal,MPR
BD_immune14_851755,normal,MPR
BD_immune14_470913,normal,MPR
BD_immune14_635890,normal,MPR
BD_immune14_439312,normal,MPR
BD_immune14_436957,normal,MPR
BD_immune14_361340,normal,MPR
BD_immune14_572604,normal,MPR
BD_immune14_223775,normal,MPR
BD_immune14_764317,normal,MPR
BD_immune14_128126,normal,MPR
BD_immune14_75980,normal,MPR
BD_immune14_596657,normal,MPR
BD_immune14_851458,normal,MPR
BD_immune14_281560,normal,MPR
BD_immune14_811281,filtered,MPR
BD_immune14_723492,normal,MPR
BD_immune14_504512,normal,MPR
BD_immune14_532178,normal,MPR
BD_immune14_395182,normal,MPR
BD_immune14_879190,normal,MPR
BD_immune14_829151,normal,MPR
BD_immune14_601542,normal,MPR
BD_immune14_6093,filtered,MPR
BD_immune14_141869,normal,MPR
BD_immune14_834822,normal,MPR
BD_immune14_853782,normal,MPR
BD_immune14_603643,filtered,MPR
BD_immune14_690113,filtered,MPR
BD_immune15_425901,normal,MPR
BD_immune15_730534,normal,MPR
BD_immune15_182945,normal,MPR
BD_immune15_716454,normal,MPR
BD_immune15_217527,normal,MPR
BD_immune15_172422,normal,MPR
BD_immune15_850540,normal,MPR
BD_immune15_320639,normal,MPR
BD_immune15_270336,normal,MPR
BD_immune15_127864,normal,MPR
BD_immune15_735723,normal,MPR
BD_immune15_852140,normal,MPR
BD_immune15_346445,normal,MPR
BD_immune15_218558,normal,MPR
BD_immune15_399664,normal,MPR
BD_immune15_516665,normal,MPR
BD_immune15_139372,normal,MPR
BD_immune15_864594,normal,MPR
BD_immune15_651368,normal,MPR
BD_immune15_6748,normal,MPR
BD_immune15_752216,normal,MPR
BD_immune15_3758,normal,MPR
BD_immune15_247072,normal,MPR
BD_immune15_430040,normal,MPR
BD_immune15_28900,normal,MPR
BD_immune15_305040,normal,MPR
BD_immune15_182005,normal,MPR
BD_immune15_430052,normal,MPR
BD_immune15_762511,normal,MPR
BD_immune15_297523,normal,MPR
BD_immune15_482173,normal,MPR
BD_immune15_451356,normal,MPR
BD_immune15_172808,normal,MPR
BD_immune15_681879,normal,MPR
BD_immune15_330399,normal,MPR
BD_immune15_9343,normal,MPR
BD_immune15_44632,normal,MPR
BD_immune15_49470,normal,MPR
BD_immune15_490799,normal,MPR
BD_immune15_296500,normal,MPR
BD_immune15_303995,normal,MPR
BD_immune15_756421,normal,MPR
BD_immune15_478215,normal,MPR
BD_immune15_234861,normal,MPR
BD_immune15_279133,normal,MPR
BD_immune15_819301,normal,MPR
BD_immune15_262976,normal,MPR
BD_immune15_625255,normal,MPR
BD_immune15_522632,normal,MPR
BD_immune15_454574,normal,MPR
BD_immune15_771423,normal,MPR
BD_immune15_391053,normal,MPR
BD_immune15_743970,normal,MPR
BD_immune15_334078,normal,MPR
BD_immune15_173039,normal,MPR
BD_immune15_53101,normal,MPR
BD_immune15_25994,normal,MPR
BD_immune15_703199,normal,MPR
BD_immune15_161844,normal,MPR
BD_immune15_817148,normal,MPR
BD_immune15_226074,normal,MPR
BD_immune15_89246,normal,MPR
BD_immune15_254973,normal,MPR
BD_immune15_611385,normal,MPR
BD_immune15_443175,normal,MPR
BD_immune15_476018,normal,MPR
BD_immune15_307971,normal,MPR
BD_immune15_316730,normal,MPR
BD_immune15_808896,normal,MPR
BD_immune15_340292,normal,MPR
BD_immune15_63122,normal,MPR
BD_immune15_250693,normal,MPR
BD_immune15_590202,normal,MPR
BD_immune15_150783,normal,MPR
BD_immune15_101810,normal,MPR
BD_immune15_636560,normal,MPR
BD_immune15_412134,normal,MPR
BD_immune15_476680,normal,MPR
BD_immune15_396367,normal,MPR
BD_immune15_333227,normal,MPR
BD_immune15_692880,normal,MPR
BD_immune15_527333,normal,MPR
BD_immune15_320223,normal,MPR
BD_immune15_9475,normal,MPR
BD_immune15_450924,normal,MPR
BD_immune15_184518,normal,MPR
BD_immune15_882196,normal,MPR
BD_immune15_269107,normal,MPR
BD_immune15_171646,normal,MPR
BD_immune15_3982,normal,MPR
BD_immune15_78112,normal,MPR
BD_immune15_221847,normal,MPR
BD_immune15_117369,normal,MPR
BD_immune15_737463,normal,MPR
BD_immune15_396037,normal,MPR
BD_immune15_761832,normal,MPR
BD_immune15_595178,normal,MPR
BD_immune15_394517,normal,MPR
BD_immune15_248262,normal,MPR
BD_immune15_639533,normal,MPR
BD_immune15_63173,normal,MPR
BD_immune15_366755,normal,MPR
BD_immune15_178914,normal,MPR
BD_immune15_612147,normal,MPR
BD_immune15_834727,normal,MPR
BD_immune15_572535,normal,MPR
BD_immune15_875093,normal,MPR
BD_immune15_654577,normal,MPR
BD_immune15_503793,normal,MPR
BD_immune15_256682,normal,MPR
BD_immune15_138701,normal,MPR
BD_immune15_31435,normal,MPR
BD_immune15_637030,normal,MPR
BD_immune15_19962,normal,MPR
BD_immune15_206837,normal,MPR
BD_immune15_528297,normal,MPR
BD_immune15_529438,normal,MPR
BD_immune15_646895,normal,MPR
BD_immune15_50158,normal,MPR
BD_immune15_38400,filtered,MPR
BD_immune15_603233,normal,MPR
BD_immune15_541606,normal,MPR
BD_immune15_645599,normal,MPR
BD_immune15_429657,normal,MPR
BD_immune15_334962,normal,MPR
BD_immune15_228416,normal,MPR
BD_immune15_478884,normal,MPR
BD_immune15_522628,normal,MPR
BD_immune15_325615,normal,MPR
BD_immune15_825730,normal,MPR
BD_immune15_870703,normal,MPR
BD_immune15_426255,normal,MPR
BD_immune15_619364,normal,MPR
BD_immune15_727488,normal,MPR
BD_immune15_620803,normal,MPR
BD_immune15_413230,normal,MPR
BD_immune15_205747,normal,MPR
BD_immune15_252746,normal,MPR
BD_immune15_681904,normal,MPR
BD_immune15_123040,normal,MPR
BD_immune15_296485,normal,MPR
BD_immune15_484620,normal,MPR
BD_immune15_374255,normal,MPR
BD_immune15_493727,normal,MPR
BD_immune15_456821,normal,MPR
BD_immune15_399033,normal,MPR
BD_immune15_722389,normal,MPR
BD_immune15_703490,filtered,MPR
BD_immune15_381817,filtered,MPR
BD_immune03_410068,normal,MPR
BD_immune11_594190,normal,MPR
BD_immune11_637603,normal,MPR
BD_immune04_639050,normal,NMPR
BD_immune07_325601,tumor,NMPR
BD_immune07_486630,tumor,NMPR
BD_immune07_524588,tumor,NMPR
BD_immune07_178927,normal,NMPR
BD_immune07_255916,normal,NMPR
BD_immune07_133124,normal,NMPR
BD_immune07_374609,normal,NMPR
BD_immune07_138392,normal,NMPR
BD_immune07_554970,normal,NMPR
BD_immune07_338911,normal,NMPR
BD_immune07_287210,normal,NMPR
BD_immune07_193907,normal,NMPR
BD_immune07_51729,normal,NMPR
BD_immune07_184511,normal,NMPR
BD_immune07_416755,normal,NMPR
BD_immune07_479921,normal,NMPR
BD_immune07_842495,filtered,NMPR
BD_immune07_849847,normal,NMPR
BD_immune07_796347,normal,NMPR
BD_immune07_492754,filtered,NMPR
BD_immune07_462980,normal,NMPR
BD_immune05_42629,normal,NMPR
BD_immune05_362136,normal,NMPR
BD_immune05_94152,normal,NMPR
BD_immune05_649032,normal,NMPR
BD_immune05_615714,normal,NMPR
BD_immune05_122121,normal,NMPR
BD_immune05_879952,normal,NMPR
BD_immune05_849226,normal,NMPR
BD_immune05_502067,normal,NMPR
BD_immune05_565621,normal,NMPR
BD_immune05_360458,normal,NMPR
BD_immune05_444244,normal,NMPR
BD_immune05_346707,normal,NMPR
BD_immune05_595859,normal,NMPR
BD_immune05_808709,normal,NMPR
BD_immune05_66644,normal,NMPR
BD_immune05_32326,normal,NMPR
BD_immune05_692519,normal,NMPR
BD_immune05_63065,normal,NMPR
BD_immune05_582065,normal,NMPR
BD_immune05_614821,normal,NMPR
BD_immune05_262382,normal,NMPR
BD_immune05_818209,normal,NMPR
BD_immune05_622085,normal,NMPR
BD_immune05_147288,normal,NMPR
BD_immune05_32417,normal,NMPR
BD_immune05_767860,normal,NMPR
BD_immune05_760949,normal,NMPR
BD_immune05_719303,normal,NMPR
BD_immune05_835016,normal,NMPR
BD_immune05_306211,normal,NMPR
BD_immune05_35807,normal,NMPR
BD_immune05_794029,normal,NMPR
BD_immune05_390406,normal,NMPR
BD_immune05_358660,normal,NMPR
BD_immune05_881750,normal,NMPR
BD_immune05_214055,normal,NMPR
BD_immune05_80790,normal,NMPR
BD_immune05_9371,normal,NMPR
BD_immune05_874218,normal,NMPR
BD_immune05_75493,normal,NMPR
BD_immune05_417661,normal,NMPR
BD_immune05_472967,normal,NMPR
BD_immune05_448014,normal,NMPR
BD_immune05_483152,normal,NMPR
BD_immune05_530591,normal,NMPR
BD_immune05_234970,normal,NMPR
BD_immune05_99306,normal,NMPR
BD_immune05_712045,normal,NMPR
BD_immune05_151132,normal,NMPR
BD_immune05_119883,normal,NMPR
BD_immune05_98275,normal,NMPR
BD_immune05_279153,normal,NMPR
BD_immune05_588920,normal,NMPR
BD_immune05_322665,normal,NMPR
BD_immune05_5241,normal,NMPR
BD_immune05_623288,normal,NMPR
BD_immune05_34830,normal,NMPR
BD_immune05_37044,normal,NMPR
BD_immune05_503311,normal,NMPR
BD_immune05_63125,normal,NMPR
BD_immune05_538823,normal,NMPR
BD_immune05_687178,normal,NMPR
BD_immune05_403093,normal,NMPR
BD_immune05_315757,normal,NMPR
BD_immune05_611374,normal,NMPR
BD_immune05_63067,normal,NMPR
BD_immune05_367732,normal,NMPR
BD_immune05_619779,normal,NMPR
BD_immune05_268067,normal,NMPR
BD_immune05_51889,normal,NMPR
BD_immune05_723048,normal,NMPR
BD_immune05_806425,normal,NMPR
BD_immune05_310369,normal,NMPR
BD_immune05_496076,normal,NMPR
BD_immune05_319892,normal,NMPR
BD_immune05_776295,normal,NMPR
BD_immune05_598754,normal,NMPR
BD_immune05_435634,normal,NMPR
BD_immune05_118475,normal,NMPR
BD_immune05_502731,normal,NMPR
BD_immune05_56376,normal,NMPR
BD_immune05_458374,normal,NMPR
BD_immune05_153336,normal,NMPR
BD_immune05_167373,normal,NMPR
BD_immune05_99039,normal,NMPR
BD_immune05_870045,normal,NMPR
BD_immune05_854486,normal,NMPR
BD_immune05_704090,normal,NMPR
BD_immune05_47498,normal,NMPR
BD_immune05_435886,normal,NMPR
BD_immune05_450255,normal,NMPR
BD_immune05_168846,normal,NMPR
BD_immune05_843146,normal,NMPR
BD_immune05_766012,normal,NMPR
BD_immune05_709322,normal,NMPR
BD_immune05_419952,normal,NMPR
BD_immune05_722878,filtered,NMPR
BD_immune05_666305,normal,NMPR
BD_immune05_238346,filtered,NMPR
BD_immune05_734980,filtered,NMPR
BD_immune05_570546,normal,NMPR
BD_immune05_275770,normal,NMPR
BD_immune05_632976,normal,NMPR
BD_immune05_180690,normal,NMPR
BD_immune05_715396,filtered,NMPR
BD_immune05_748081,normal,NMPR
BD_immune05_539455,normal,NMPR
BD_immune05_594377,normal,NMPR
BD_immune05_252162,normal,NMPR
BD_immune05_462673,normal,NMPR
BD_immune05_216467,normal,NMPR
BD_immune05_13322,normal,NMPR
BD_immune05_674400,filtered,NMPR
BD_immune05_680855,normal,NMPR
BD_immune05_591383,filtered,NMPR
BD_immune05_505493,normal,NMPR
BD_immune05_119623,filtered,NMPR
BD_immune05_838586,normal,NMPR
BD_immune05_219419,normal,NMPR
BD_immune05_385954,normal,NMPR
BD_immune05_706618,filtered,NMPR
BD_immune05_181886,normal,NMPR
BD_immune05_272063,normal,NMPR
BD_immune05_309299,normal,NMPR
BD_immune08_837002,normal,NMPR
BD_immune11_759492,normal,NMPR
BD_immune11_17759,normal,NMPR
BD_immune11_880050,normal,NMPR
BD_immune11_765009,normal,NMPR
BD_immune11_414642,normal,NMPR
BD_immune11_747329,normal,NMPR
BD_immune12_174836,normal,NMPR
BD_immune12_581908,normal,NMPR
BD_immune12_747669,normal,NMPR
BD_immune12_697869,normal,NMPR
BD_immune12_439856,normal,NMPR
BD_immune12_527621,normal,NMPR
BD_immune12_277931,normal,NMPR
BD_immune12_365627,normal,NMPR
BD_immune12_114793,normal,NMPR
BD_immune12_48432,normal,NMPR
BD_immune12_184577,normal,NMPR
BD_immune12_778458,normal,NMPR
BD_immune12_479045,normal,NMPR
BD_immune12_29577,normal,NMPR
BD_immune12_850724,normal,NMPR
BD_immune12_292312,normal,NMPR
BD_immune12_833475,filtered,NMPR
BD_immune12_672873,filtered,NMPR
BD_immune12_739950,normal,NMPR
BD_immune12_485192,normal,NMPR
BD_immune12_496574,normal,NMPR
BD_immune12_400593,normal,NMPR
BD_immune12_743184,normal,NMPR
BD_immune15_694272,normal,NMPR
BD_immune11_36226,normal,NMPR
BD_immune15_760103,normal,NMPR
BD_immune07_219480,normal,NMPR
BD_immune07_656927,normal,NMPR
BD_immune05_28083,normal,NMPR
BD_immune05_777709,normal,NMPR
BD_immune11_34677,normal,NMPR
BD_immune11_702976,normal,NMPR
BD_immune12_198292,normal,NMPR
BD_immune05_296004,normal,NMPR
BD_immune05_31470,normal,NMPR
BD_immune05_761571,normal,NMPR
BD_immune05_131288,normal,NMPR
BD_immune05_625899,normal,NMPR
BD_immune05_95186,normal,NMPR
BD_immune05_629931,normal,NMPR
BD_immune05_432187,normal,NMPR
BD_immune05_179317,normal,NMPR
BD_immune05_202240,normal,NMPR
BD_immune05_69515,normal,NMPR
BD_immune05_608889,normal,NMPR
BD_immune05_642828,filtered,NMPR
BD_immune05_426455,normal,NMPR
BD_immune05_251084,normal,NMPR
BD_immune05_584678,normal,NMPR
BD_immune05_751758,normal,NMPR
BD_immune05_544605,filtered,NMPR
BD_immune05_152294,filtered,NMPR
BD_immune11_248823,normal,NMPR
BD_immune12_612241,normal,NMPR
BD_immune15_566461,normal,NMPR
BD_immune15_282771,normal,NMPR
BD_immune15_595835,normal,NMPR
BD_immune15_854328,normal,NMPR
BD_immune02_255160,normal,NMPR
BD_immune02_458665,normal,NMPR
BD_immune02_841503,normal,NMPR
BD_immune02_650062,normal,NMPR
BD_immune02_63353,normal,NMPR
BD_immune02_809518,normal,NMPR
BD_immune02_332007,normal,NMPR
BD_immune02_547733,normal,NMPR
BD_immune02_52620,normal,NMPR
BD_immune02_580235,normal,NMPR
BD_immune02_150648,normal,NMPR
BD_immune02_299979,normal,NMPR
BD_immune02_419615,normal,NMPR
BD_immune02_772522,normal,NMPR
BD_immune02_277584,normal,NMPR
BD_immune02_664521,normal,NMPR
BD_immune02_366892,normal,NMPR
BD_immune02_226455,normal,NMPR
BD_immune02_827779,normal,NMPR
BD_immune02_371328,normal,NMPR
BD_immune02_232307,normal,NMPR
BD_immune02_415089,normal,NMPR
BD_immune02_634340,normal,NMPR
BD_immune02_73791,normal,NMPR
BD_immune02_877298,normal,NMPR
BD_immune02_835239,normal,NMPR
BD_immune02_598462,normal,NMPR
BD_immune02_541043,normal,NMPR
BD_immune02_435522,normal,NMPR
BD_immune02_342916,normal,NMPR
BD_immune02_68237,normal,NMPR
BD_immune02_688149,normal,NMPR
BD_immune02_350647,normal,NMPR
BD_immune02_838837,normal,NMPR
BD_immune02_810235,normal,NMPR
BD_immune02_718013,normal,NMPR
BD_immune02_290626,normal,NMPR
BD_immune02_707297,normal,NMPR
BD_immune02_208136,normal,NMPR
BD_immune02_15844,normal,NMPR
BD_immune02_147763,normal,NMPR
BD_immune02_168002,normal,NMPR
BD_immune02_137372,normal,NMPR
BD_immune02_195368,normal,NMPR
BD_immune02_858231,normal,NMPR
BD_immune02_223368,normal,NMPR
BD_immune02_522966,normal,NMPR
BD_immune02_542100,normal,NMPR
BD_immune02_796018,normal,NMPR
BD_immune02_566454,normal,NMPR
BD_immune02_163944,normal,NMPR
BD_immune02_750020,normal,NMPR
BD_immune02_377618,normal,NMPR
BD_immune02_342459,normal,NMPR
BD_immune02_363556,normal,NMPR
BD_immune02_430306,normal,NMPR
BD_immune02_168064,normal,NMPR
BD_immune02_790283,normal,NMPR
BD_immune02_842539,normal,NMPR
BD_immune02_619650,normal,NMPR
BD_immune02_794462,normal,NMPR
BD_immune02_200484,normal,NMPR
BD_immune02_600452,normal,NMPR
BD_immune02_670194,normal,NMPR
BD_immune02_295023,normal,NMPR
BD_immune02_675622,normal,NMPR
BD_immune02_100732,normal,NMPR
BD_immune02_105374,normal,NMPR
BD_immune02_786513,normal,NMPR
BD_immune02_271388,normal,NMPR
BD_immune02_277424,normal,NMPR
BD_immune02_180961,normal,NMPR
BD_immune02_83855,normal,NMPR
BD_immune02_800352,normal,NMPR
BD_immune02_707662,normal,NMPR
BD_immune02_328604,normal,NMPR
BD_immune02_369022,normal,NMPR
BD_immune02_121536,normal,NMPR
BD_immune02_173791,normal,NMPR
BD_immune02_578005,normal,NMPR
BD_immune02_155705,normal,NMPR
BD_immune02_834876,normal,NMPR
BD_immune02_444935,normal,NMPR
BD_immune02_555298,normal,NMPR
BD_immune02_716126,normal,NMPR
BD_immune02_321671,normal,NMPR
BD_immune02_143160,normal,NMPR
BD_immune02_162143,normal,NMPR
BD_immune02_642494,filtered,NMPR
BD_immune02_13866,normal,NMPR
BD_immune02_571486,filtered,NMPR
BD_immune02_810346,normal,NMPR
BD_immune02_427285,normal,NMPR
BD_immune02_458992,normal,NMPR
BD_immune02_401551,normal,NMPR
BD_immune02_13423,filtered,NMPR
BD_immune02_179190,filtered,NMPR
BD_immune02_399843,normal,NMPR
BD_immune02_226574,normal,NMPR
BD_immune02_671107,normal,NMPR
BD_immune02_299189,normal,NMPR
BD_immune02_34476,normal,NMPR
BD_immune02_505427,normal,NMPR
BD_immune02_29691,filtered,NMPR
BD_immune02_692902,normal,NMPR
BD_immune02_513053,normal,NMPR
BD_immune02_160660,normal,NMPR
BD_immune02_755957,normal,NMPR
BD_immune02_196980,filtered,NMPR
BD_immune02_364820,normal,NMPR
BD_immune02_666214,filtered,NMPR
BD_immune02_459632,normal,NMPR
BD_immune02_30921,filtered,NMPR
BD_immune02_818585,filtered,NMPR
BD_immune02_335965,filtered,NMPR
BD_immune02_434151,normal,NMPR
BD_immune02_38291,filtered,NMPR
BD_immune02_200787,filtered,NMPR
BD_immune02_538017,filtered,NMPR
BD_immune02_794734,filtered,NMPR
BD_immune02_329174,normal,NMPR
BD_immune02_679749,filtered,NMPR
BD_immune02_492247,filtered,NMPR
BD_immune02_566281,filtered,NMPR
BD_immune02_319195,filtered,NMPR
BD_immune02_215688,filtered,NMPR
BD_immune02_615347,normal,NMPR
BD_immune02_746610,filtered,NMPR
BD_immune03_248350,normal,NMPR
BD_immune04_106071,normal,NMPR
BD_immune04_397649,normal,NMPR
BD_immune04_757216,normal,NMPR
BD_immune04_275547,normal,NMPR
BD_immune04_215963,normal,NMPR
BD_immune04_342549,normal,NMPR
BD_immune04_323652,normal,NMPR
BD_immune04_745329,normal,NMPR
BD_immune04_151608,normal,NMPR
BD_immune04_721137,normal,NMPR
BD_immune04_354997,normal,NMPR
BD_immune04_535948,normal,NMPR
BD_immune04_582057,normal,NMPR
BD_immune04_438137,normal,NMPR
BD_immune04_541404,normal,NMPR
BD_immune04_683013,normal,NMPR
BD_immune04_770298,normal,NMPR
BD_immune04_621532,normal,NMPR
BD_immune04_575141,normal,NMPR
BD_immune04_772304,normal,NMPR
BD_immune04_677209,normal,NMPR
BD_immune04_759899,normal,NMPR
BD_immune04_42552,normal,NMPR
BD_immune04_803557,normal,NMPR
BD_immune04_300317,normal,NMPR
BD_immune04_815875,normal,NMPR
BD_immune04_619613,normal,NMPR
BD_immune04_739381,normal,NMPR
BD_immune04_249553,normal,NMPR
BD_immune04_809126,normal,NMPR
BD_immune04_405013,normal,NMPR
BD_immune04_511445,normal,NMPR
BD_immune04_691251,normal,NMPR
BD_immune04_571754,normal,NMPR
BD_immune04_368444,normal,NMPR
BD_immune04_528805,normal,NMPR
BD_immune04_361365,normal,NMPR
BD_immune04_389573,normal,NMPR
BD_immune04_502598,normal,NMPR
BD_immune04_521427,normal,NMPR
BD_immune04_666811,normal,NMPR
BD_immune04_443664,normal,NMPR
BD_immune04_501697,normal,NMPR
BD_immune04_270581,normal,NMPR
BD_immune04_382040,normal,NMPR
BD_immune04_173384,normal,NMPR
BD_immune04_476885,normal,NMPR
BD_immune04_516438,normal,NMPR
BD_immune04_637103,normal,NMPR
BD_immune04_312267,normal,NMPR
BD_immune04_821412,normal,NMPR
BD_immune04_685254,normal,NMPR
BD_immune04_229625,normal,NMPR
BD_immune04_617464,normal,NMPR
BD_immune04_617063,normal,NMPR
BD_immune04_59496,normal,NMPR
BD_immune04_504541,normal,NMPR
BD_immune04_158209,normal,NMPR
BD_immune04_245247,normal,NMPR
BD_immune04_446696,normal,NMPR
BD_immune04_359158,normal,NMPR
BD_immune04_386473,normal,NMPR
BD_immune04_781398,normal,NMPR
BD_immune04_791546,normal,NMPR
BD_immune04_394101,normal,NMPR
BD_immune04_871007,normal,NMPR
BD_immune04_237235,normal,NMPR
BD_immune04_717102,normal,NMPR
BD_immune04_422164,normal,NMPR
BD_immune04_522104,normal,NMPR
BD_immune04_224125,normal,NMPR
BD_immune04_407942,normal,NMPR
BD_immune04_635176,normal,NMPR
BD_immune04_462955,normal,NMPR
BD_immune04_600505,normal,NMPR
BD_immune04_724024,normal,NMPR
BD_immune04_508731,normal,NMPR
BD_immune04_601470,normal,NMPR
BD_immune04_384481,normal,NMPR
BD_immune04_218317,normal,NMPR
BD_immune04_373757,normal,NMPR
BD_immune04_721679,normal,NMPR
BD_immune04_816137,normal,NMPR
BD_immune04_48122,normal,NMPR
BD_immune04_671060,normal,NMPR
BD_immune04_91860,normal,NMPR
BD_immune04_191759,normal,NMPR
BD_immune04_483749,normal,NMPR
BD_immune04_258680,normal,NMPR
BD_immune04_671546,normal,NMPR
BD_immune04_181655,normal,NMPR
BD_immune04_470041,normal,NMPR
BD_immune04_359582,normal,NMPR
BD_immune04_169171,normal,NMPR
BD_immune04_266783,normal,NMPR
BD_immune04_265666,normal,NMPR
BD_immune04_256672,normal,NMPR
BD_immune04_119682,normal,NMPR
BD_immune04_867797,normal,NMPR
BD_immune04_399094,normal,NMPR
BD_immune04_576315,normal,NMPR
BD_immune04_239686,normal,NMPR
BD_immune04_849380,normal,NMPR
BD_immune04_169178,normal,NMPR
BD_immune04_539832,normal,NMPR
BD_immune04_266721,normal,NMPR
BD_immune04_550755,normal,NMPR
BD_immune04_293314,normal,NMPR
BD_immune04_28325,normal,NMPR
BD_immune04_57720,normal,NMPR
BD_immune04_51512,normal,NMPR
BD_immune04_600862,normal,NMPR
BD_immune04_278621,normal,NMPR
BD_immune04_9952,normal,NMPR
BD_immune04_790398,normal,NMPR
BD_immune04_727537,normal,NMPR
BD_immune04_327918,normal,NMPR
BD_immune04_595044,normal,NMPR
BD_immune04_619357,normal,NMPR
BD_immune04_527847,normal,NMPR
BD_immune04_548799,normal,NMPR
BD_immune04_730176,normal,NMPR
BD_immune04_243277,normal,NMPR
BD_immune04_847080,normal,NMPR
BD_immune04_522295,normal,NMPR
BD_immune04_745194,normal,NMPR
BD_immune04_322601,normal,NMPR
BD_immune04_830147,filtered,NMPR
BD_immune04_30469,normal,NMPR
BD_immune04_336975,filtered,NMPR
BD_immune04_589802,normal,NMPR
BD_immune04_508784,filtered,NMPR
BD_immune04_534717,normal,NMPR
BD_immune04_742951,filtered,NMPR
BD_immune04_849036,filtered,NMPR
BD_immune04_491057,filtered,NMPR
BD_immune04_252496,filtered,NMPR
BD_immune04_279467,filtered,NMPR
BD_immune04_687559,filtered,NMPR
BD_immune04_794140,normal,NMPR
BD_immune04_702662,filtered,NMPR
BD_immune04_856058,filtered,NMPR
BD_immune04_467064,filtered,NMPR
BD_immune04_148572,normal,NMPR
BD_immune04_257854,filtered,NMPR
BD_immune04_237439,normal,NMPR
BD_immune04_684320,normal,NMPR
BD_immune04_511523,filtered,NMPR
BD_immune04_258042,filtered,NMPR
BD_immune04_562966,filtered,NMPR
BD_immune04_720634,filtered,NMPR
BD_immune04_84457,filtered,NMPR
BD_immune04_406845,filtered,NMPR
BD_immune04_488866,filtered,NMPR
BD_immune04_427427,filtered,NMPR
BD_immune04_63547,filtered,NMPR
BD_immune07_52841,tumor,NMPR
BD_immune07_90853,tumor,NMPR
BD_immune07_822868,tumor,NMPR
BD_immune07_581023,tumor,NMPR
BD_immune07_50303,tumor,NMPR
BD_immune07_732046,tumor,NMPR
BD_immune07_70202,tumor,NMPR
BD_immune07_617497,tumor,NMPR
BD_immune07_688769,tumor,NMPR
BD_immune07_30085,tumor,NMPR
BD_immune07_180790,tumor,NMPR
BD_immune07_252606,tumor,NMPR
BD_immune07_269714,tumor,NMPR
BD_immune07_196777,tumor,NMPR
BD_immune07_121066,tumor,NMPR
BD_immune07_474584,tumor,NMPR
BD_immune07_599161,tumor,NMPR
BD_immune07_813844,tumor,NMPR
BD_immune07_651741,tumor,NMPR
BD_immune07_51975,tumor,NMPR
BD_immune07_99888,tumor,NMPR
BD_immune07_18685,tumor,NMPR
BD_immune07_376523,tumor,NMPR
BD_immune07_736816,tumor,NMPR
BD_immune07_310204,tumor,NMPR
BD_immune07_604736,tumor,NMPR
BD_immune07_855806,tumor,NMPR
BD_immune07_633499,tumor,NMPR
BD_immune07_12148,tumor,NMPR
BD_immune07_148927,tumor,NMPR
BD_immune07_206146,tumor,NMPR
BD_immune07_103595,tumor,NMPR
BD_immune07_306144,tumor,NMPR
BD_immune07_819459,tumor,NMPR
BD_immune07_314532,tumor,NMPR
BD_immune07_225812,tumor,NMPR
BD_immune07_80339,tumor,NMPR
BD_immune07_274613,tumor,NMPR
BD_immune07_111431,tumor,NMPR
BD_immune07_452220,tumor,NMPR
BD_immune07_689157,tumor,NMPR
BD_immune07_759760,tumor,NMPR
BD_immune07_474604,tumor,NMPR
BD_immune07_841417,tumor,NMPR
BD_immune07_356402,tumor,NMPR
BD_immune07_682448,tumor,NMPR
BD_immune07_209705,tumor,NMPR
BD_immune07_420239,tumor,NMPR
BD_immune07_742820,tumor,NMPR
BD_immune07_502013,tumor,NMPR
BD_immune07_632286,tumor,NMPR
BD_immune07_848580,tumor,NMPR
BD_immune07_162009,tumor,NMPR
BD_immune07_211233,tumor,NMPR
BD_immune07_356805,tumor,NMPR
BD_immune07_437897,tumor,NMPR
BD_immune07_493081,tumor,NMPR
BD_immune07_468879,tumor,NMPR
BD_immune07_93500,tumor,NMPR
BD_immune07_210322,tumor,NMPR
BD_immune07_484080,tumor,NMPR
BD_immune07_564292,tumor,NMPR
BD_immune07_217084,tumor,NMPR
BD_immune07_32883,tumor,NMPR
BD_immune07_102272,tumor,NMPR
BD_immune07_815881,tumor,NMPR
BD_immune07_765983,tumor,NMPR
BD_immune07_83433,tumor,NMPR
BD_immune07_476319,tumor,NMPR
BD_immune07_495143,tumor,NMPR
BD_immune07_808412,tumor,NMPR
BD_immune07_772721,tumor,NMPR
BD_immune07_810064,tumor,NMPR
BD_immune07_532085,tumor,NMPR
BD_immune07_311944,tumor,NMPR
BD_immune07_189196,tumor,NMPR
BD_immune07_139021,tumor,NMPR
BD_immune07_457179,tumor,NMPR
BD_immune07_467513,tumor,NMPR
BD_immune07_43370,tumor,NMPR
BD_immune07_682964,tumor,NMPR
BD_immune07_103299,tumor,NMPR
BD_immune07_723572,tumor,NMPR
BD_immune07_405556,tumor,NMPR
BD_immune07_271685,tumor,NMPR
BD_immune07_844457,tumor,NMPR
BD_immune07_501458,tumor,NMPR
BD_immune07_864567,tumor,NMPR
BD_immune07_204286,tumor,NMPR
BD_immune07_112754,tumor,NMPR
BD_immune07_123200,tumor,NMPR
BD_immune07_93730,tumor,NMPR
BD_immune07_215196,tumor,NMPR
BD_immune07_407828,tumor,NMPR
BD_immune07_784855,tumor,NMPR
BD_immune07_612839,tumor,NMPR
BD_immune07_177905,tumor,NMPR
BD_immune07_143792,tumor,NMPR
BD_immune07_353533,tumor,NMPR
BD_immune07_580810,tumor,NMPR
BD_immune07_30383,tumor,NMPR
BD_immune07_288078,tumor,NMPR
BD_immune07_125464,tumor,NMPR
BD_immune07_268124,tumor,NMPR
BD_immune07_273923,tumor,NMPR
BD_immune07_135723,tumor,NMPR
BD_immune07_31921,tumor,NMPR
BD_immune07_241720,tumor,NMPR
BD_immune07_49085,tumor,NMPR
BD_immune07_441419,tumor,NMPR
BD_immune07_633418,tumor,NMPR
BD_immune07_812578,tumor,NMPR
BD_immune07_804047,tumor,NMPR
BD_immune07_231760,tumor,NMPR
BD_immune07_581003,tumor,NMPR
BD_immune07_246165,tumor,NMPR
BD_immune07_611056,tumor,NMPR
BD_immune07_421243,tumor,NMPR
BD_immune07_128227,tumor,NMPR
BD_immune07_757656,tumor,NMPR
BD_immune07_292215,tumor,NMPR
BD_immune07_184648,tumor,NMPR
BD_immune07_550754,tumor,NMPR
BD_immune07_554963,tumor,NMPR
BD_immune07_382689,tumor,NMPR
BD_immune07_150006,tumor,NMPR
BD_immune07_214714,tumor,NMPR
BD_immune07_181748,tumor,NMPR
BD_immune07_695966,tumor,NMPR
BD_immune07_793429,tumor,NMPR
BD_immune07_508699,tumor,NMPR
BD_immune07_520877,tumor,NMPR
BD_immune07_305931,tumor,NMPR
BD_immune07_101968,tumor,NMPR
BD_immune07_251196,tumor,NMPR
BD_immune07_276224,tumor,NMPR
BD_immune07_474891,tumor,NMPR
BD_immune07_306217,tumor,NMPR
BD_immune07_349016,tumor,NMPR
BD_immune07_506697,tumor,NMPR
BD_immune07_634788,tumor,NMPR
BD_immune07_407691,tumor,NMPR
BD_immune07_313963,tumor,NMPR
BD_immune07_155349,tumor,NMPR
BD_immune07_35840,tumor,NMPR
BD_immune07_186675,tumor,NMPR
BD_immune07_715454,tumor,NMPR
BD_immune07_517126,tumor,NMPR
BD_immune07_383379,tumor,NMPR
BD_immune07_388107,tumor,NMPR
BD_immune07_248053,tumor,NMPR
BD_immune07_425626,tumor,NMPR
BD_immune07_210019,tumor,NMPR
BD_immune07_42078,tumor,NMPR
BD_immune07_623323,tumor,NMPR
BD_immune07_832169,tumor,NMPR
BD_immune07_520839,tumor,NMPR
BD_immune07_505034,tumor,NMPR
BD_immune07_653519,tumor,NMPR
BD_immune07_466093,tumor,NMPR
BD_immune07_78116,tumor,NMPR
BD_immune07_680225,tumor,NMPR
BD_immune07_520331,tumor,NMPR
BD_immune07_373931,tumor,NMPR
BD_immune07_560527,tumor,NMPR
BD_immune07_249145,tumor,NMPR
BD_immune07_556530,tumor,NMPR
BD_immune07_129762,tumor,NMPR
BD_immune07_805182,tumor,NMPR
BD_immune07_692488,tumor,NMPR
BD_immune07_656447,tumor,NMPR
BD_immune07_580324,tumor,NMPR
BD_immune07_10253,tumor,NMPR
BD_immune07_180036,tumor,NMPR
BD_immune07_830175,tumor,NMPR
BD_immune07_9819,tumor,NMPR
BD_immune07_733512,tumor,NMPR
BD_immune07_13972,tumor,NMPR
BD_immune07_418211,tumor,NMPR
BD_immune07_514684,tumor,NMPR
BD_immune07_600299,tumor,NMPR
BD_immune07_693682,tumor,NMPR
BD_immune07_335430,tumor,NMPR
BD_immune07_631544,tumor,NMPR
BD_immune07_237651,tumor,NMPR
BD_immune07_284280,tumor,NMPR
BD_immune07_717293,tumor,NMPR
BD_immune07_19728,tumor,NMPR
BD_immune07_721092,tumor,NMPR
BD_immune07_556050,tumor,NMPR
BD_immune07_62376,tumor,NMPR
BD_immune07_258831,tumor,NMPR
BD_immune07_4605,tumor,NMPR
BD_immune07_803974,tumor,NMPR
BD_immune07_833601,tumor,NMPR
BD_immune07_232545,tumor,NMPR
BD_immune07_709324,tumor,NMPR
BD_immune07_785044,tumor,NMPR
BD_immune07_489126,tumor,NMPR
BD_immune07_798676,tumor,NMPR
BD_immune07_160657,tumor,NMPR
BD_immune07_305842,tumor,NMPR
BD_immune07_200132,tumor,NMPR
BD_immune07_271202,tumor,NMPR
BD_immune07_182072,tumor,NMPR
BD_immune07_876613,tumor,NMPR
BD_immune07_172163,tumor,NMPR
BD_immune07_380013,tumor,NMPR
BD_immune07_848229,tumor,NMPR
BD_immune07_416245,tumor,NMPR
BD_immune07_469453,tumor,NMPR
BD_immune07_376445,tumor,NMPR
BD_immune07_101992,tumor,NMPR
BD_immune07_71210,tumor,NMPR
BD_immune07_821490,tumor,NMPR
BD_immune07_315779,tumor,NMPR
BD_immune07_42051,tumor,NMPR
BD_immune07_723784,tumor,NMPR
BD_immune07_328151,tumor,NMPR
BD_immune07_87918,tumor,NMPR
BD_immune07_49534,tumor,NMPR
BD_immune07_368012,tumor,NMPR
BD_immune07_601787,tumor,NMPR
BD_immune07_231682,tumor,NMPR
BD_immune07_243529,tumor,NMPR
BD_immune07_115810,tumor,NMPR
BD_immune07_818504,tumor,NMPR
BD_immune07_712183,tumor,NMPR
BD_immune07_400290,tumor,NMPR
BD_immune07_714899,tumor,NMPR
BD_immune07_232553,tumor,NMPR
BD_immune07_29648,tumor,NMPR
BD_immune07_281706,tumor,NMPR
BD_immune07_495632,tumor,NMPR
BD_immune07_609480,tumor,NMPR
BD_immune07_824764,tumor,NMPR
BD_immune07_20983,tumor,NMPR
BD_immune07_101874,tumor,NMPR
BD_immune07_749460,tumor,NMPR
BD_immune07_625311,tumor,NMPR
BD_immune07_33221,tumor,NMPR
BD_immune07_4621,tumor,NMPR
BD_immune07_575462,tumor,NMPR
BD_immune07_754635,tumor,NMPR
BD_immune07_292891,tumor,NMPR
BD_immune07_709073,tumor,NMPR
BD_immune07_324387,tumor,NMPR
BD_immune07_277786,tumor,NMPR
BD_immune07_649357,tumor,NMPR
BD_immune07_826750,tumor,NMPR
BD_immune07_767163,tumor,NMPR
BD_immune07_150914,tumor,NMPR
BD_immune07_604350,tumor,NMPR
BD_immune07_760559,tumor,NMPR
BD_immune07_596633,tumor,NMPR
BD_immune07_820371,tumor,NMPR
BD_immune07_203747,tumor,NMPR
BD_immune07_317986,tumor,NMPR
BD_immune07_840093,tumor,NMPR
BD_immune07_270615,tumor,NMPR
BD_immune07_734382,tumor,NMPR
BD_immune07_67608,tumor,NMPR
BD_immune07_331053,tumor,NMPR
BD_immune07_536211,tumor,NMPR
BD_immune07_535244,tumor,NMPR
BD_immune07_698344,tumor,NMPR
BD_immune07_302458,tumor,NMPR
BD_immune07_649913,tumor,NMPR
BD_immune07_253723,tumor,NMPR
BD_immune07_833374,tumor,NMPR
BD_immune07_69285,tumor,NMPR
BD_immune07_385601,tumor,NMPR
BD_immune07_192896,tumor,NMPR
BD_immune07_879857,tumor,NMPR
BD_immune07_425228,tumor,NMPR
BD_immune07_69657,tumor,NMPR
BD_immune07_720298,tumor,NMPR
BD_immune07_134225,tumor,NMPR
BD_immune07_7693,tumor,NMPR
BD_immune07_404848,tumor,NMPR
BD_immune07_117315,tumor,NMPR
BD_immune07_15208,tumor,NMPR
BD_immune07_728918,tumor,NMPR
BD_immune07_19875,tumor,NMPR
BD_immune07_424577,tumor,NMPR
BD_immune07_101562,tumor,NMPR
BD_immune07_338703,tumor,NMPR
BD_immune07_569266,tumor,NMPR
BD_immune07_168562,tumor,NMPR
BD_immune07_874024,tumor,NMPR
BD_immune07_732743,tumor,NMPR
BD_immune07_585592,tumor,NMPR
BD_immune07_391395,tumor,NMPR
BD_immune07_359054,tumor,NMPR
BD_immune07_203604,tumor,NMPR
BD_immune07_345310,tumor,NMPR
BD_immune07_719809,tumor,NMPR
BD_immune07_787351,tumor,NMPR
BD_immune07_724392,tumor,NMPR
BD_immune07_461474,tumor,NMPR
BD_immune07_697361,tumor,NMPR
BD_immune07_778284,tumor,NMPR
BD_immune07_374425,tumor,NMPR
BD_immune07_365447,tumor,NMPR
BD_immune07_12229,tumor,NMPR
BD_immune07_625172,tumor,NMPR
BD_immune07_67387,tumor,NMPR
BD_immune07_196191,tumor,NMPR
BD_immune07_135205,tumor,NMPR
BD_immune07_258660,tumor,NMPR
BD_immune07_528755,tumor,NMPR
BD_immune07_61307,tumor,NMPR
BD_immune07_432504,tumor,NMPR
BD_immune07_445211,tumor,NMPR
BD_immune07_366466,tumor,NMPR
BD_immune07_41245,normal,NMPR
BD_immune07_591265,tumor,NMPR
BD_immune07_213792,tumor,NMPR
BD_immune07_5946,tumor,NMPR
BD_immune07_853814,tumor,NMPR
BD_immune07_446100,tumor,NMPR
BD_immune07_1934,tumor,NMPR
BD_immune07_449387,tumor,NMPR
BD_immune07_726223,tumor,NMPR
BD_immune07_872888,tumor,NMPR
BD_immune07_777216,tumor,NMPR
BD_immune07_165533,tumor,NMPR
BD_immune07_97241,tumor,NMPR
BD_immune07_388944,tumor,NMPR
BD_immune07_41569,tumor,NMPR
BD_immune07_654029,tumor,NMPR
BD_immune07_392398,tumor,NMPR
BD_immune07_242723,tumor,NMPR
BD_immune07_701678,tumor,NMPR
BD_immune07_843347,tumor,NMPR
BD_immune07_552976,tumor,NMPR
BD_immune07_4937,tumor,NMPR
BD_immune07_6707,tumor,NMPR
BD_immune07_235004,tumor,NMPR
BD_immune07_15016,tumor,NMPR
BD_immune07_303013,tumor,NMPR
BD_immune07_487568,tumor,NMPR
BD_immune07_206302,tumor,NMPR
BD_immune07_742404,tumor,NMPR
BD_immune07_191277,tumor,NMPR
BD_immune07_388235,tumor,NMPR
BD_immune07_867108,tumor,NMPR
BD_immune07_362912,tumor,NMPR
BD_immune07_604199,tumor,NMPR
BD_immune07_584328,normal,NMPR
BD_immune07_342031,tumor,NMPR
BD_immune07_193052,tumor,NMPR
BD_immune07_162566,tumor,NMPR
BD_immune07_444108,tumor,NMPR
BD_immune07_409621,tumor,NMPR
BD_immune07_375801,tumor,NMPR
BD_immune07_122508,tumor,NMPR
BD_immune07_307363,tumor,NMPR
BD_immune07_202869,tumor,NMPR
BD_immune07_239377,tumor,NMPR
BD_immune07_588806,tumor,NMPR
BD_immune07_531527,tumor,NMPR
BD_immune07_393053,tumor,NMPR
BD_immune07_469208,tumor,NMPR
BD_immune07_238357,tumor,NMPR
BD_immune07_220842,tumor,NMPR
BD_immune07_39495,tumor,NMPR
BD_immune07_786107,tumor,NMPR
BD_immune07_75024,tumor,NMPR
BD_immune07_495368,tumor,NMPR
BD_immune07_662183,tumor,NMPR
BD_immune07_741401,tumor,NMPR
BD_immune07_866170,tumor,NMPR
BD_immune07_584941,tumor,NMPR
BD_immune07_273907,tumor,NMPR
BD_immune07_49022,tumor,NMPR
BD_immune07_249411,tumor,NMPR
BD_immune07_472160,tumor,NMPR
BD_immune07_508540,tumor,NMPR
BD_immune07_383787,tumor,NMPR
BD_immune07_370778,tumor,NMPR
BD_immune07_576602,tumor,NMPR
BD_immune07_44697,tumor,NMPR
BD_immune07_175206,tumor,NMPR
BD_immune07_806566,tumor,NMPR
BD_immune07_855210,tumor,NMPR
BD_immune07_557950,tumor,NMPR
BD_immune07_548424,tumor,NMPR
BD_immune07_491427,tumor,NMPR
BD_immune07_37416,tumor,NMPR
BD_immune07_617710,tumor,NMPR
BD_immune07_463956,tumor,NMPR
BD_immune07_27869,tumor,NMPR
BD_immune07_377605,tumor,NMPR
BD_immune07_806366,tumor,NMPR
BD_immune07_822671,tumor,NMPR
BD_immune07_605236,tumor,NMPR
BD_immune07_507909,tumor,NMPR
BD_immune07_39078,tumor,NMPR
BD_immune07_68930,tumor,NMPR
BD_immune07_322699,tumor,NMPR
BD_immune07_377512,tumor,NMPR
BD_immune07_718277,tumor,NMPR
BD_immune07_93902,tumor,NMPR
BD_immune07_198039,tumor,NMPR
BD_immune07_586808,tumor,NMPR
BD_immune07_823296,tumor,NMPR
BD_immune07_243469,tumor,NMPR
BD_immune07_602680,tumor,NMPR
BD_immune07_263252,tumor,NMPR
BD_immune07_212732,tumor,NMPR
BD_immune07_285569,tumor,NMPR
BD_immune07_80336,tumor,NMPR
BD_immune07_157349,tumor,NMPR
BD_immune07_361317,tumor,NMPR
BD_immune07_504314,tumor,NMPR
BD_immune07_706314,tumor,NMPR
BD_immune07_813647,tumor,NMPR
BD_immune07_835644,tumor,NMPR
BD_immune07_251607,tumor,NMPR
BD_immune07_53529,tumor,NMPR
BD_immune07_814734,tumor,NMPR
BD_immune07_512004,tumor,NMPR
BD_immune07_66109,tumor,NMPR
BD_immune07_89055,tumor,NMPR
BD_immune07_367080,tumor,NMPR
BD_immune07_781136,tumor,NMPR
BD_immune07_496150,tumor,NMPR
BD_immune07_610025,tumor,NMPR
BD_immune07_268475,tumor,NMPR
BD_immune07_11452,tumor,NMPR
BD_immune07_204052,tumor,NMPR
BD_immune07_230884,tumor,NMPR
BD_immune07_764063,tumor,NMPR
BD_immune07_260736,tumor,NMPR
BD_immune07_5608,tumor,NMPR
BD_immune07_786255,tumor,NMPR
BD_immune07_508635,tumor,NMPR
BD_immune07_799512,tumor,NMPR
BD_immune07_817449,tumor,NMPR
BD_immune07_296152,tumor,NMPR
BD_immune07_409217,tumor,NMPR
BD_immune07_208733,tumor,NMPR
BD_immune07_444846,tumor,NMPR
BD_immune07_429546,tumor,NMPR
BD_immune07_867157,tumor,NMPR
BD_immune07_824214,tumor,NMPR
BD_immune07_411884,tumor,NMPR
BD_immune07_883599,tumor,NMPR
BD_immune07_163966,tumor,NMPR
BD_immune07_503116,tumor,NMPR
BD_immune07_806525,tumor,NMPR
BD_immune07_43867,tumor,NMPR
BD_immune07_243936,tumor,NMPR
BD_immune07_213966,tumor,NMPR
BD_immune07_466394,tumor,NMPR
BD_immune07_300627,tumor,NMPR
BD_immune07_135582,tumor,NMPR
BD_immune07_483963,tumor,NMPR
BD_immune07_368622,tumor,NMPR
BD_immune07_14859,tumor,NMPR
BD_immune07_862005,tumor,NMPR
BD_immune07_858143,tumor,NMPR
BD_immune07_805908,tumor,NMPR
BD_immune07_545891,tumor,NMPR
BD_immune07_305635,tumor,NMPR
BD_immune07_512397,tumor,NMPR
BD_immune07_449830,tumor,NMPR
BD_immune07_101737,tumor,NMPR
BD_immune07_503491,tumor,NMPR
BD_immune07_505686,tumor,NMPR
BD_immune07_29023,normal,NMPR
BD_immune07_415827,tumor,NMPR
BD_immune07_138183,tumor,NMPR
BD_immune07_530853,tumor,NMPR
BD_immune07_5541,tumor,NMPR
BD_immune07_209123,tumor,NMPR
BD_immune07_352147,tumor,NMPR
BD_immune07_10998,tumor,NMPR
BD_immune07_272367,tumor,NMPR
BD_immune07_357477,tumor,NMPR
BD_immune07_190938,tumor,NMPR
BD_immune07_492702,tumor,NMPR
BD_immune07_401845,tumor,NMPR
BD_immune07_402064,tumor,NMPR
BD_immune07_812197,tumor,NMPR
BD_immune07_80736,tumor,NMPR
BD_immune07_147643,tumor,NMPR
BD_immune07_143762,tumor,NMPR
BD_immune07_644691,tumor,NMPR
BD_immune07_765728,tumor,NMPR
BD_immune07_853511,tumor,NMPR
BD_immune07_429051,tumor,NMPR
BD_immune07_113108,tumor,NMPR
BD_immune07_462776,tumor,NMPR
BD_immune07_152830,tumor,NMPR
BD_immune07_784100,tumor,NMPR
BD_immune07_50465,tumor,NMPR
BD_immune07_244082,tumor,NMPR
BD_immune07_725041,tumor,NMPR
BD_immune07_8882,tumor,NMPR
BD_immune07_614963,tumor,NMPR
BD_immune07_794199,tumor,NMPR
BD_immune07_587606,tumor,NMPR
BD_immune07_365450,tumor,NMPR
BD_immune07_120201,tumor,NMPR
BD_immune07_246726,tumor,NMPR
BD_immune07_317309,tumor,NMPR
BD_immune07_699792,tumor,NMPR
BD_immune07_203512,tumor,NMPR
BD_immune07_302835,tumor,NMPR
BD_immune07_104017,tumor,NMPR
BD_immune07_230992,tumor,NMPR
BD_immune07_747528,tumor,NMPR
BD_immune07_473007,tumor,NMPR
BD_immune07_589829,tumor,NMPR
BD_immune07_667943,tumor,NMPR
BD_immune07_174355,tumor,NMPR
BD_immune07_412522,tumor,NMPR
BD_immune07_616993,tumor,NMPR
BD_immune07_474722,tumor,NMPR
BD_immune07_485640,tumor,NMPR
BD_immune07_185469,tumor,NMPR
BD_immune07_186925,tumor,NMPR
BD_immune07_861421,tumor,NMPR
BD_immune07_20376,tumor,NMPR
BD_immune07_308938,tumor,NMPR
BD_immune07_389275,tumor,NMPR
BD_immune07_657865,tumor,NMPR
BD_immune07_230558,tumor,NMPR
BD_immune07_749986,tumor,NMPR
BD_immune07_348846,tumor,NMPR
BD_immune07_188917,tumor,NMPR
BD_immune07_2021,tumor,NMPR
BD_immune07_833931,tumor,NMPR
BD_immune07_62898,tumor,NMPR
BD_immune07_678288,tumor,NMPR
BD_immune07_176311,tumor,NMPR
BD_immune07_857622,tumor,NMPR
BD_immune07_647284,tumor,NMPR
BD_immune07_684868,tumor,NMPR
BD_immune07_478595,tumor,NMPR
BD_immune07_339533,tumor,NMPR
BD_immune07_856420,tumor,NMPR
BD_immune07_723591,tumor,NMPR
BD_immune07_289382,tumor,NMPR
BD_immune07_318540,tumor,NMPR
BD_immune07_687020,tumor,NMPR
BD_immune07_207459,tumor,NMPR
BD_immune07_484720,tumor,NMPR
BD_immune07_300943,tumor,NMPR
BD_immune07_214096,tumor,NMPR
BD_immune07_548013,tumor,NMPR
BD_immune07_505016,tumor,NMPR
BD_immune07_787684,tumor,NMPR
BD_immune07_438348,tumor,NMPR
BD_immune07_613044,tumor,NMPR
BD_immune07_427946,tumor,NMPR
BD_immune07_870272,tumor,NMPR
BD_immune07_231244,tumor,NMPR
BD_immune07_419041,tumor,NMPR
BD_immune07_189667,tumor,NMPR
BD_immune07_670566,tumor,NMPR
BD_immune07_245095,tumor,NMPR
BD_immune07_836399,tumor,NMPR
BD_immune07_756907,tumor,NMPR
BD_immune07_697238,tumor,NMPR
BD_immune07_168138,tumor,NMPR
BD_immune07_42019,tumor,NMPR
BD_immune07_701793,tumor,NMPR
BD_immune07_544200,tumor,NMPR
BD_immune07_772514,tumor,NMPR
BD_immune07_672448,tumor,NMPR
BD_immune07_422867,tumor,NMPR
BD_immune07_802224,tumor,NMPR
BD_immune07_816716,tumor,NMPR
BD_immune07_826214,tumor,NMPR
BD_immune07_16543,tumor,NMPR
BD_immune07_574625,tumor,NMPR
BD_immune07_340833,tumor,NMPR
BD_immune07_805981,tumor,NMPR
BD_immune07_365808,tumor,NMPR
BD_immune07_696436,tumor,NMPR
BD_immune07_691916,tumor,NMPR
BD_immune07_606421,tumor,NMPR
BD_immune07_498196,tumor,NMPR
BD_immune07_140422,tumor,NMPR
BD_immune07_810716,tumor,NMPR
BD_immune07_524840,tumor,NMPR
BD_immune07_874903,tumor,NMPR
BD_immune07_184516,tumor,NMPR
BD_immune07_424225,tumor,NMPR
BD_immune07_508514,tumor,NMPR
BD_immune07_637039,tumor,NMPR
BD_immune07_87959,tumor,NMPR
BD_immune07_269421,tumor,NMPR
BD_immune07_118283,tumor,NMPR
BD_immune07_429779,tumor,NMPR
BD_immune07_810913,tumor,NMPR
BD_immune07_567431,tumor,NMPR
BD_immune07_381012,tumor,NMPR
BD_immune07_627977,tumor,NMPR
BD_immune07_8532,tumor,NMPR
BD_immune07_168993,tumor,NMPR
BD_immune07_377534,tumor,NMPR
BD_immune07_528321,tumor,NMPR
BD_immune07_521155,tumor,NMPR
BD_immune07_478428,tumor,NMPR
BD_immune07_308048,normal,NMPR
BD_immune07_308944,tumor,NMPR
BD_immune07_744019,tumor,NMPR
BD_immune07_66998,tumor,NMPR
BD_immune07_13599,tumor,NMPR
BD_immune07_515702,tumor,NMPR
BD_immune07_829861,tumor,NMPR
BD_immune07_117068,tumor,NMPR
BD_immune07_181890,tumor,NMPR
BD_immune07_170327,tumor,NMPR
BD_immune07_30241,tumor,NMPR
BD_immune07_323240,tumor,NMPR
BD_immune07_520936,tumor,NMPR
BD_immune07_146299,tumor,NMPR
BD_immune07_732258,tumor,NMPR
BD_immune07_577162,tumor,NMPR
BD_immune07_187871,tumor,NMPR
BD_immune07_220521,tumor,NMPR
BD_immune07_288658,tumor,NMPR
BD_immune07_325731,tumor,NMPR
BD_immune07_525840,tumor,NMPR
BD_immune07_43710,tumor,NMPR
BD_immune07_178671,tumor,NMPR
BD_immune07_127399,tumor,NMPR
BD_immune07_410068,tumor,NMPR
BD_immune07_849335,tumor,NMPR
BD_immune07_732596,tumor,NMPR
BD_immune07_99975,tumor,NMPR
BD_immune07_555750,tumor,NMPR
BD_immune07_240187,tumor,NMPR
BD_immune07_344588,tumor,NMPR
BD_immune07_72837,tumor,NMPR
BD_immune07_597886,tumor,NMPR
BD_immune07_146941,tumor,NMPR
BD_immune07_91536,tumor,NMPR
BD_immune07_2897,tumor,NMPR
BD_immune07_230846,tumor,NMPR
BD_immune07_746215,tumor,NMPR
BD_immune07_234207,tumor,NMPR
BD_immune07_464748,tumor,NMPR
BD_immune07_327159,tumor,NMPR
BD_immune07_175557,tumor,NMPR
BD_immune07_117479,tumor,NMPR
BD_immune07_350774,tumor,NMPR
BD_immune07_591792,tumor,NMPR
BD_immune07_734555,tumor,NMPR
BD_immune07_59818,tumor,NMPR
BD_immune07_536184,tumor,NMPR
BD_immune07_53097,tumor,NMPR
BD_immune07_659873,tumor,NMPR
BD_immune07_574992,tumor,NMPR
BD_immune07_882217,tumor,NMPR
BD_immune07_166640,tumor,NMPR
BD_immune07_31238,tumor,NMPR
BD_immune07_125408,tumor,NMPR
BD_immune07_464090,tumor,NMPR
BD_immune07_422688,tumor,NMPR
BD_immune07_261290,tumor,NMPR
BD_immune07_186421,tumor,NMPR
BD_immune07_701883,tumor,NMPR
BD_immune07_363586,tumor,NMPR
BD_immune07_69320,tumor,NMPR
BD_immune07_497768,tumor,NMPR
BD_immune07_158420,tumor,NMPR
BD_immune07_369042,tumor,NMPR
BD_immune07_355135,tumor,NMPR
BD_immune07_734916,tumor,NMPR
BD_immune07_81568,tumor,NMPR
BD_immune07_673395,tumor,NMPR
BD_immune07_453531,tumor,NMPR
BD_immune07_583752,tumor,NMPR
BD_immune07_362037,tumor,NMPR
BD_immune07_823533,tumor,NMPR
BD_immune07_342760,tumor,NMPR
BD_immune07_185022,tumor,NMPR
BD_immune07_607561,normal,NMPR
BD_immune07_23282,normal,NMPR
BD_immune07_836682,tumor,NMPR
BD_immune07_62955,tumor,NMPR
BD_immune07_829594,tumor,NMPR
BD_immune07_498241,tumor,NMPR
BD_immune07_331201,tumor,NMPR
BD_immune07_181694,tumor,NMPR
BD_immune07_642139,tumor,NMPR
BD_immune07_632323,tumor,NMPR
BD_immune07_28664,tumor,NMPR
BD_immune07_459303,tumor,NMPR
BD_immune07_367071,tumor,NMPR
BD_immune07_355637,tumor,NMPR
BD_immune07_559002,tumor,NMPR
BD_immune07_271407,tumor,NMPR
BD_immune07_449390,tumor,NMPR
BD_immune07_150832,tumor,NMPR
BD_immune07_831412,tumor,NMPR
BD_immune07_477103,tumor,NMPR
BD_immune07_621257,tumor,NMPR
BD_immune07_269769,tumor,NMPR
BD_immune07_574348,tumor,NMPR
BD_immune07_299463,tumor,NMPR
BD_immune07_664814,tumor,NMPR
BD_immune07_665446,tumor,NMPR
BD_immune07_542782,tumor,NMPR
BD_immune07_512718,tumor,NMPR
BD_immune07_341007,tumor,NMPR
BD_immune07_114049,tumor,NMPR
BD_immune07_816809,tumor,NMPR
BD_immune07_75833,tumor,NMPR
BD_immune07_51521,tumor,NMPR
BD_immune07_383118,tumor,NMPR
BD_immune07_749407,tumor,NMPR
BD_immune07_551612,tumor,NMPR
BD_immune07_180445,tumor,NMPR
BD_immune07_261971,tumor,NMPR
BD_immune07_231890,tumor,NMPR
BD_immune07_106056,tumor,NMPR
BD_immune07_66189,tumor,NMPR
BD_immune07_80340,tumor,NMPR
BD_immune07_440225,tumor,NMPR
BD_immune07_553357,tumor,NMPR
BD_immune07_8329,tumor,NMPR
BD_immune07_440061,tumor,NMPR
BD_immune07_64495,tumor,NMPR
BD_immune07_869193,tumor,NMPR
BD_immune07_471564,tumor,NMPR
BD_immune07_317891,tumor,NMPR
BD_immune07_198940,tumor,NMPR
BD_immune07_634187,tumor,NMPR
BD_immune07_434332,tumor,NMPR
BD_immune07_271301,tumor,NMPR
BD_immune07_175839,tumor,NMPR
BD_immune07_85599,tumor,NMPR
BD_immune07_876109,tumor,NMPR
BD_immune07_394126,tumor,NMPR
BD_immune07_623392,tumor,NMPR
BD_immune07_795249,tumor,NMPR
BD_immune07_442558,tumor,NMPR
BD_immune07_339539,tumor,NMPR
BD_immune07_617212,tumor,NMPR
BD_immune07_80353,tumor,NMPR
BD_immune07_613114,tumor,NMPR
BD_immune07_389510,tumor,NMPR
BD_immune07_796891,tumor,NMPR
BD_immune07_95990,tumor,NMPR
BD_immune07_500157,tumor,NMPR
BD_immune07_249523,tumor,NMPR
BD_immune07_44006,tumor,NMPR
BD_immune07_225392,tumor,NMPR
BD_immune07_559309,tumor,NMPR
BD_immune07_798813,tumor,NMPR
BD_immune07_497001,tumor,NMPR
BD_immune07_19800,tumor,NMPR
BD_immune07_637292,tumor,NMPR
BD_immune07_97285,tumor,NMPR
BD_immune07_347429,tumor,NMPR
BD_immune07_693066,tumor,NMPR
BD_immune07_273766,tumor,NMPR
BD_immune07_790987,tumor,NMPR
BD_immune07_433119,tumor,NMPR
BD_immune07_647310,tumor,NMPR
BD_immune07_500616,tumor,NMPR
BD_immune07_328195,tumor,NMPR
BD_immune07_414296,tumor,NMPR
BD_immune07_81352,tumor,NMPR
BD_immune07_742364,tumor,NMPR
BD_immune07_108240,tumor,NMPR
BD_immune07_647389,tumor,NMPR
BD_immune07_684821,tumor,NMPR
BD_immune07_330241,tumor,NMPR
BD_immune07_588013,tumor,NMPR
BD_immune07_683649,tumor,NMPR
BD_immune07_411471,tumor,NMPR
BD_immune07_167195,tumor,NMPR
BD_immune07_800763,tumor,NMPR
BD_immune07_756577,tumor,NMPR
BD_immune07_241898,tumor,NMPR
BD_immune07_165063,tumor,NMPR
BD_immune07_216018,tumor,NMPR
BD_immune07_568792,normal,NMPR
BD_immune07_153317,tumor,NMPR
BD_immune07_752582,tumor,NMPR
BD_immune07_704617,tumor,NMPR
BD_immune07_16183,tumor,NMPR
BD_immune07_695883,tumor,NMPR
BD_immune07_675106,tumor,NMPR
BD_immune07_569003,tumor,NMPR
BD_immune07_479748,tumor,NMPR
BD_immune07_713711,tumor,NMPR
BD_immune07_695333,tumor,NMPR
BD_immune07_185513,tumor,NMPR
BD_immune07_357887,tumor,NMPR
BD_immune07_628918,tumor,NMPR
BD_immune07_767205,tumor,NMPR
BD_immune07_488653,tumor,NMPR
BD_immune07_776680,tumor,NMPR
BD_immune07_299349,tumor,NMPR
BD_immune07_285191,tumor,NMPR
BD_immune07_303636,tumor,NMPR
BD_immune07_216029,tumor,NMPR
BD_immune07_786018,tumor,NMPR
BD_immune07_797583,tumor,NMPR
BD_immune07_797650,tumor,NMPR
BD_immune07_345033,tumor,NMPR
BD_immune07_565055,tumor,NMPR
BD_immune07_164542,tumor,NMPR
BD_immune07_376204,tumor,NMPR
BD_immune07_399180,tumor,NMPR
BD_immune07_280528,tumor,NMPR
BD_immune07_882844,tumor,NMPR
BD_immune07_655368,tumor,NMPR
BD_immune07_707665,tumor,NMPR
BD_immune07_804369,tumor,NMPR
BD_immune07_645069,tumor,NMPR
BD_immune07_608361,tumor,NMPR
BD_immune07_413236,tumor,NMPR
BD_immune07_874751,tumor,NMPR
BD_immune07_86044,tumor,NMPR
BD_immune07_193959,tumor,NMPR
BD_immune07_337503,tumor,NMPR
BD_immune07_350280,tumor,NMPR
BD_immune07_739282,tumor,NMPR
BD_immune07_788830,tumor,NMPR
BD_immune07_394895,tumor,NMPR
BD_immune07_55035,tumor,NMPR
BD_immune07_345794,tumor,NMPR
BD_immune07_129794,tumor,NMPR
BD_immune07_444261,tumor,NMPR
BD_immune07_714447,tumor,NMPR
BD_immune07_651983,tumor,NMPR
BD_immune07_2131,tumor,NMPR
BD_immune07_154059,tumor,NMPR
BD_immune07_308966,tumor,NMPR
BD_immune07_87988,tumor,NMPR
BD_immune07_11427,tumor,NMPR
BD_immune07_674939,tumor,NMPR
BD_immune07_76045,tumor,NMPR
BD_immune07_558289,tumor,NMPR
BD_immune07_386734,tumor,NMPR
BD_immune07_164748,tumor,NMPR
BD_immune07_130237,tumor,NMPR
BD_immune07_59018,tumor,NMPR
BD_immune07_196790,tumor,NMPR
BD_immune07_417449,tumor,NMPR
BD_immune07_402209,tumor,NMPR
BD_immune07_347709,tumor,NMPR
BD_immune07_203434,tumor,NMPR
BD_immune07_135046,tumor,NMPR
BD_immune07_593431,tumor,NMPR
BD_immune07_836762,tumor,NMPR
BD_immune07_744455,tumor,NMPR
BD_immune07_803596,tumor,NMPR
BD_immune07_150358,tumor,NMPR
BD_immune07_820730,tumor,NMPR
BD_immune07_582205,tumor,NMPR
BD_immune07_150572,tumor,NMPR
BD_immune07_50018,tumor,NMPR
BD_immune07_277797,tumor,NMPR
BD_immune07_626917,tumor,NMPR
BD_immune07_801890,tumor,NMPR
BD_immune07_880299,tumor,NMPR
BD_immune07_747310,tumor,NMPR
BD_immune07_233026,tumor,NMPR
BD_immune07_439971,tumor,NMPR
BD_immune07_836227,tumor,NMPR
BD_immune07_186458,normal,NMPR
BD_immune07_421540,tumor,NMPR
BD_immune07_718929,normal,NMPR
BD_immune07_638262,tumor,NMPR
BD_immune07_566309,tumor,NMPR
BD_immune07_411380,tumor,NMPR
BD_immune07_178286,normal,NMPR
BD_immune07_555868,tumor,NMPR
BD_immune07_464576,tumor,NMPR
BD_immune07_237401,tumor,NMPR
BD_immune07_353249,tumor,NMPR
BD_immune07_193914,tumor,NMPR
BD_immune07_344025,tumor,NMPR
BD_immune07_215061,tumor,NMPR
BD_immune07_777233,tumor,NMPR
BD_immune07_447300,tumor,NMPR
BD_immune07_443490,tumor,NMPR
BD_immune07_731275,tumor,NMPR
BD_immune07_787026,tumor,NMPR
BD_immune07_795706,tumor,NMPR
BD_immune07_45815,tumor,NMPR
BD_immune07_316781,tumor,NMPR
BD_immune07_476932,tumor,NMPR
BD_immune07_559041,tumor,NMPR
BD_immune07_99858,tumor,NMPR
BD_immune07_615541,tumor,NMPR
BD_immune07_638576,tumor,NMPR
BD_immune07_154357,tumor,NMPR
BD_immune07_343216,tumor,NMPR
BD_immune07_572778,tumor,NMPR
BD_immune07_400034,tumor,NMPR
BD_immune07_108678,tumor,NMPR
BD_immune07_210169,tumor,NMPR
BD_immune07_445025,tumor,NMPR
BD_immune07_811107,tumor,NMPR
BD_immune07_647405,tumor,NMPR
BD_immune07_765262,tumor,NMPR
BD_immune07_761842,tumor,NMPR
BD_immune07_221943,tumor,NMPR
BD_immune07_513837,tumor,NMPR
BD_immune07_325786,tumor,NMPR
BD_immune07_696274,tumor,NMPR
BD_immune07_620276,tumor,NMPR
BD_immune07_362117,tumor,NMPR
BD_immune07_468617,tumor,NMPR
BD_immune07_625305,tumor,NMPR
BD_immune07_467791,tumor,NMPR
BD_immune07_543316,tumor,NMPR
BD_immune07_713337,tumor,NMPR
BD_immune07_373277,tumor,NMPR
BD_immune07_332582,tumor,NMPR
BD_immune07_153947,tumor,NMPR
BD_immune07_811122,tumor,NMPR
BD_immune07_162958,tumor,NMPR
BD_immune07_435115,tumor,NMPR
BD_immune07_123324,tumor,NMPR
BD_immune07_54767,tumor,NMPR
BD_immune07_598647,tumor,NMPR
BD_immune07_457848,tumor,NMPR
BD_immune07_451997,tumor,NMPR
BD_immune07_441972,normal,NMPR
BD_immune07_271267,tumor,NMPR
BD_immune07_556178,tumor,NMPR
BD_immune07_420959,tumor,NMPR
BD_immune07_65088,tumor,NMPR
BD_immune07_738825,tumor,NMPR
BD_immune07_245012,tumor,NMPR
BD_immune07_242287,tumor,NMPR
BD_immune07_444904,tumor,NMPR
BD_immune07_439566,tumor,NMPR
BD_immune07_102979,tumor,NMPR
BD_immune07_871092,tumor,NMPR
BD_immune07_76030,tumor,NMPR
BD_immune07_813973,tumor,NMPR
BD_immune07_432766,tumor,NMPR
BD_immune07_256662,tumor,NMPR
BD_immune07_335914,tumor,NMPR
BD_immune07_295294,tumor,NMPR
BD_immune07_512491,tumor,NMPR
BD_immune07_831079,tumor,NMPR
BD_immune07_720767,normal,NMPR
BD_immune07_770551,normal,NMPR
BD_immune07_447792,tumor,NMPR
BD_immune07_220456,tumor,NMPR
BD_immune07_405773,tumor,NMPR
BD_immune07_33101,normal,NMPR
BD_immune07_554188,tumor,NMPR
BD_immune07_207880,tumor,NMPR
BD_immune07_98135,tumor,NMPR
BD_immune07_702191,tumor,NMPR
BD_immune07_60783,tumor,NMPR
BD_immune07_586229,tumor,NMPR
BD_immune07_412996,tumor,NMPR
BD_immune07_98428,tumor,NMPR
BD_immune07_408272,tumor,NMPR
BD_immune07_195404,tumor,NMPR
BD_immune07_451614,tumor,NMPR
BD_immune07_837862,tumor,NMPR
BD_immune07_764888,tumor,NMPR
BD_immune07_157058,tumor,NMPR
BD_immune07_703686,tumor,NMPR
BD_immune07_146820,tumor,NMPR
BD_immune07_718628,tumor,NMPR
BD_immune07_422189,tumor,NMPR
BD_immune07_678631,tumor,NMPR
BD_immune07_464852,tumor,NMPR
BD_immune07_782437,tumor,NMPR
BD_immune07_598252,tumor,NMPR
BD_immune07_582626,tumor,NMPR
BD_immune07_586862,tumor,NMPR
BD_immune07_646253,tumor,NMPR
BD_immune07_529118,tumor,NMPR
BD_immune07_234415,tumor,NMPR
BD_immune07_147664,tumor,NMPR
BD_immune07_133442,tumor,NMPR
BD_immune07_742955,tumor,NMPR
BD_immune07_461196,tumor,NMPR
BD_immune07_133563,tumor,NMPR
BD_immune07_92226,tumor,NMPR
BD_immune07_660884,tumor,NMPR
BD_immune07_82561,tumor,NMPR
BD_immune07_679917,tumor,NMPR
BD_immune07_725246,tumor,NMPR
BD_immune07_774008,tumor,NMPR
BD_immune07_119807,tumor,NMPR
BD_immune07_341421,tumor,NMPR
BD_immune07_195258,tumor,NMPR
BD_immune07_618173,tumor,NMPR
BD_immune07_251854,tumor,NMPR
BD_immune07_335046,tumor,NMPR
BD_immune07_666190,tumor,NMPR
BD_immune07_11835,tumor,NMPR
BD_immune07_334485,tumor,NMPR
BD_immune07_14814,tumor,NMPR
BD_immune07_277166,tumor,NMPR
BD_immune07_270115,tumor,NMPR
BD_immune07_62570,tumor,NMPR
BD_immune07_111367,tumor,NMPR
BD_immune07_538279,tumor,NMPR
BD_immune07_558678,tumor,NMPR
BD_immune07_291614,tumor,NMPR
BD_immune07_229329,tumor,NMPR
BD_immune07_576809,tumor,NMPR
BD_immune07_333810,tumor,NMPR
BD_immune07_200771,tumor,NMPR
BD_immune07_15089,tumor,NMPR
BD_immune07_754759,tumor,NMPR
BD_immune07_332716,tumor,NMPR
BD_immune07_153812,tumor,NMPR
BD_immune07_64302,tumor,NMPR
BD_immune07_841645,tumor,NMPR
BD_immune07_575953,tumor,NMPR
BD_immune07_63383,tumor,NMPR
BD_immune07_883729,tumor,NMPR
BD_immune07_794581,tumor,NMPR
BD_immune07_448832,tumor,NMPR
BD_immune07_235188,tumor,NMPR
BD_immune07_394565,tumor,NMPR
BD_immune07_819204,tumor,NMPR
BD_immune07_556280,tumor,NMPR
BD_immune07_392266,tumor,NMPR
BD_immune07_539232,tumor,NMPR
BD_immune07_741664,tumor,NMPR
BD_immune07_824534,tumor,NMPR
BD_immune07_802227,tumor,NMPR
BD_immune07_647774,tumor,NMPR
BD_immune07_557365,tumor,NMPR
BD_immune07_87819,tumor,NMPR
BD_immune07_144924,tumor,NMPR
BD_immune07_582806,tumor,NMPR
BD_immune07_238598,tumor,NMPR
BD_immune07_434357,tumor,NMPR
BD_immune07_576080,tumor,NMPR
BD_immune07_374924,tumor,NMPR
BD_immune07_651373,tumor,NMPR
BD_immune07_218962,tumor,NMPR
BD_immune07_51530,tumor,NMPR
BD_immune07_341667,tumor,NMPR
BD_immune07_230921,tumor,NMPR
BD_immune07_533239,tumor,NMPR
BD_immune07_336543,tumor,NMPR
BD_immune07_551261,tumor,NMPR
BD_immune07_352609,tumor,NMPR
BD_immune07_202315,tumor,NMPR
BD_immune07_391025,tumor,NMPR
BD_immune07_466668,tumor,NMPR
BD_immune07_442704,tumor,NMPR
BD_immune07_209328,normal,NMPR
BD_immune07_551670,tumor,NMPR
BD_immune07_415736,tumor,NMPR
BD_immune07_863096,tumor,NMPR
BD_immune07_669459,tumor,NMPR
BD_immune07_457911,tumor,NMPR
BD_immune07_303680,tumor,NMPR
BD_immune07_861256,tumor,NMPR
BD_immune07_348860,tumor,NMPR
BD_immune07_309956,tumor,NMPR
BD_immune07_338778,tumor,NMPR
BD_immune07_734272,tumor,NMPR
BD_immune07_262255,tumor,NMPR
BD_immune07_80925,tumor,NMPR
BD_immune07_766530,tumor,NMPR
BD_immune07_543994,tumor,NMPR
BD_immune07_21072,tumor,NMPR
BD_immune07_541345,tumor,NMPR
BD_immune07_880557,tumor,NMPR
BD_immune07_432629,tumor,NMPR
BD_immune07_532158,tumor,NMPR
BD_immune07_806935,tumor,NMPR
BD_immune07_160437,tumor,NMPR
BD_immune07_298188,tumor,NMPR
BD_immune07_113365,tumor,NMPR
BD_immune07_38585,tumor,NMPR
BD_immune07_883015,tumor,NMPR
BD_immune07_411273,tumor,NMPR
BD_immune07_318045,tumor,NMPR
BD_immune07_251894,tumor,NMPR
BD_immune07_582878,tumor,NMPR
BD_immune07_633473,tumor,NMPR
BD_immune07_229735,tumor,NMPR
BD_immune07_554624,tumor,NMPR
BD_immune07_800767,tumor,NMPR
BD_immune07_599833,tumor,NMPR
BD_immune07_538228,tumor,NMPR
BD_immune07_52543,tumor,NMPR
BD_immune07_581921,tumor,NMPR
BD_immune07_490725,tumor,NMPR
BD_immune07_556777,tumor,NMPR
BD_immune07_557901,tumor,NMPR
BD_immune07_306798,tumor,NMPR
BD_immune07_548120,tumor,NMPR
BD_immune07_656452,tumor,NMPR
BD_immune07_363672,tumor,NMPR
BD_immune07_805892,tumor,NMPR
BD_immune07_244816,tumor,NMPR
BD_immune07_226882,tumor,NMPR
BD_immune07_330902,tumor,NMPR
BD_immune07_80632,tumor,NMPR
BD_immune07_451795,tumor,NMPR
BD_immune07_158697,tumor,NMPR
BD_immune07_115446,tumor,NMPR
BD_immune07_449339,tumor,NMPR
BD_immune07_49059,tumor,NMPR
BD_immune07_650501,tumor,NMPR
BD_immune07_159914,tumor,NMPR
BD_immune07_470334,tumor,NMPR
BD_immune07_300443,tumor,NMPR
BD_immune07_279971,tumor,NMPR
BD_immune07_850933,tumor,NMPR
BD_immune07_533611,tumor,NMPR
BD_immune07_451941,tumor,NMPR
BD_immune07_805842,tumor,NMPR
BD_immune07_228725,tumor,NMPR
BD_immune07_677206,tumor,NMPR
BD_immune07_820268,tumor,NMPR
BD_immune07_232348,tumor,NMPR
BD_immune07_724574,tumor,NMPR
BD_immune07_206185,tumor,NMPR
BD_immune07_14423,tumor,NMPR
BD_immune07_570354,tumor,NMPR
BD_immune07_39578,tumor,NMPR
BD_immune07_632903,normal,NMPR
BD_immune07_283483,tumor,NMPR
BD_immune07_309038,tumor,NMPR
BD_immune07_178787,tumor,NMPR
BD_immune07_643377,tumor,NMPR
BD_immune07_602219,tumor,NMPR
BD_immune07_498777,tumor,NMPR
BD_immune07_428675,tumor,NMPR
BD_immune07_591743,tumor,NMPR
BD_immune07_688816,tumor,NMPR
BD_immune07_352709,normal,NMPR
BD_immune07_611578,tumor,NMPR
BD_immune07_316011,tumor,NMPR
BD_immune07_531173,tumor,NMPR
BD_immune07_823650,tumor,NMPR
BD_immune07_337482,tumor,NMPR
BD_immune07_70593,tumor,NMPR
BD_immune07_327485,tumor,NMPR
BD_immune07_5286,tumor,NMPR
BD_immune07_883949,tumor,NMPR
BD_immune07_400410,tumor,NMPR
BD_immune07_195107,tumor,NMPR
BD_immune07_756061,tumor,NMPR
BD_immune07_145488,tumor,NMPR
BD_immune07_280867,tumor,NMPR
BD_immune07_428032,tumor,NMPR
BD_immune07_634285,tumor,NMPR
BD_immune07_419657,tumor,NMPR
BD_immune07_71419,tumor,NMPR
BD_immune07_43100,tumor,NMPR
BD_immune07_837243,tumor,NMPR
BD_immune07_367467,tumor,NMPR
BD_immune07_272054,tumor,NMPR
BD_immune07_735735,tumor,NMPR
BD_immune07_297640,tumor,NMPR
BD_immune07_71372,tumor,NMPR
BD_immune07_167556,tumor,NMPR
BD_immune07_835409,tumor,NMPR
BD_immune07_393074,tumor,NMPR
BD_immune07_151148,tumor,NMPR
BD_immune07_145918,tumor,NMPR
BD_immune07_398201,normal,NMPR
BD_immune07_31486,tumor,NMPR
BD_immune07_312984,tumor,NMPR
BD_immune07_297053,tumor,NMPR
BD_immune07_186181,tumor,NMPR
BD_immune07_539390,tumor,NMPR
BD_immune07_9157,tumor,NMPR
BD_immune07_152888,tumor,NMPR
BD_immune07_530846,tumor,NMPR
BD_immune07_257007,tumor,NMPR
BD_immune07_726672,tumor,NMPR
BD_immune07_364460,tumor,NMPR
BD_immune07_452053,tumor,NMPR
BD_immune07_700642,tumor,NMPR
BD_immune07_402561,tumor,NMPR
BD_immune07_571623,tumor,NMPR
BD_immune07_782360,tumor,NMPR
BD_immune07_352131,tumor,NMPR
BD_immune07_855967,tumor,NMPR
BD_immune07_849288,tumor,NMPR
BD_immune07_406175,tumor,NMPR
BD_immune07_582026,tumor,NMPR
BD_immune07_195778,tumor,NMPR
BD_immune07_749235,tumor,NMPR
BD_immune07_62331,tumor,NMPR
BD_immune07_590129,tumor,NMPR
BD_immune07_674609,tumor,NMPR
BD_immune07_738615,tumor,NMPR
BD_immune07_349251,tumor,NMPR
BD_immune07_572732,tumor,NMPR
BD_immune07_498697,tumor,NMPR
BD_immune07_861487,tumor,NMPR
BD_immune07_307955,tumor,NMPR
BD_immune07_781849,tumor,NMPR
BD_immune07_502165,tumor,NMPR
BD_immune07_380094,tumor,NMPR
BD_immune07_881228,tumor,NMPR
BD_immune07_127084,tumor,NMPR
BD_immune07_28927,tumor,NMPR
BD_immune07_139278,tumor,NMPR
BD_immune07_79628,tumor,NMPR
BD_immune07_499269,tumor,NMPR
BD_immune07_161114,tumor,NMPR
BD_immune07_291910,tumor,NMPR
BD_immune07_427765,tumor,NMPR
BD_immune07_736233,tumor,NMPR
BD_immune07_534306,tumor,NMPR
BD_immune07_179473,tumor,NMPR
BD_immune07_571119,tumor,NMPR
BD_immune07_240368,tumor,NMPR
BD_immune07_590442,tumor,NMPR
BD_immune07_166739,tumor,NMPR
BD_immune07_384564,tumor,NMPR
BD_immune07_622397,tumor,NMPR
BD_immune07_2558,tumor,NMPR
BD_immune07_460248,tumor,NMPR
BD_immune07_579145,tumor,NMPR
BD_immune07_397972,tumor,NMPR
BD_immune07_146715,tumor,NMPR
BD_immune07_614153,tumor,NMPR
BD_immune07_478344,tumor,NMPR
BD_immune07_566425,tumor,NMPR
BD_immune07_18119,tumor,NMPR
BD_immune07_771010,tumor,NMPR
BD_immune07_389282,normal,NMPR
BD_immune07_296833,tumor,NMPR
BD_immune07_396197,tumor,NMPR
BD_immune07_863812,tumor,NMPR
BD_immune07_806050,normal,NMPR
BD_immune07_55758,tumor,NMPR
BD_immune07_827315,tumor,NMPR
BD_immune07_527920,tumor,NMPR
BD_immune07_253038,tumor,NMPR
BD_immune07_718540,tumor,NMPR
BD_immune07_671170,tumor,NMPR
BD_immune07_496303,tumor,NMPR
BD_immune07_62805,tumor,NMPR
BD_immune07_534516,tumor,NMPR
BD_immune07_677944,tumor,NMPR
BD_immune07_55422,tumor,NMPR
BD_immune07_657485,tumor,NMPR
BD_immune07_533919,tumor,NMPR
BD_immune07_331223,tumor,NMPR
BD_immune07_150379,tumor,NMPR
BD_immune07_47662,tumor,NMPR
BD_immune07_394793,tumor,NMPR
BD_immune07_779900,tumor,NMPR
BD_immune07_844317,tumor,NMPR
BD_immune07_135700,tumor,NMPR
BD_immune07_851020,tumor,NMPR
BD_immune07_359382,tumor,NMPR
BD_immune07_576163,tumor,NMPR
BD_immune07_333277,tumor,NMPR
BD_immune07_449013,tumor,NMPR
BD_immune07_118394,tumor,NMPR
BD_immune07_646091,tumor,NMPR
BD_immune07_513227,tumor,NMPR
BD_immune07_317885,tumor,NMPR
BD_immune07_349491,tumor,NMPR
BD_immune07_360256,tumor,NMPR
BD_immune07_578902,tumor,NMPR
BD_immune07_156312,tumor,NMPR
BD_immune07_640756,tumor,NMPR
BD_immune07_328515,tumor,NMPR
BD_immune07_679010,tumor,NMPR
BD_immune07_88408,tumor,NMPR
BD_immune07_375281,tumor,NMPR
BD_immune07_504572,tumor,NMPR
BD_immune07_158909,tumor,NMPR
BD_immune07_344683,tumor,NMPR
BD_immune07_304651,tumor,NMPR
BD_immune07_486751,tumor,NMPR
BD_immune07_249021,tumor,NMPR
BD_immune07_756687,tumor,NMPR
BD_immune07_231900,tumor,NMPR
BD_immune07_850251,tumor,NMPR
BD_immune07_563837,tumor,NMPR
BD_immune07_494959,tumor,NMPR
BD_immune07_258788,tumor,NMPR
BD_immune07_601311,tumor,NMPR
BD_immune07_62263,tumor,NMPR
BD_immune07_330305,tumor,NMPR
BD_immune07_449683,tumor,NMPR
BD_immune07_801211,tumor,NMPR
BD_immune07_753128,tumor,NMPR
BD_immune07_149108,tumor,NMPR
BD_immune07_366706,tumor,NMPR
BD_immune07_647618,tumor,NMPR
BD_immune07_734943,tumor,NMPR
BD_immune07_684993,tumor,NMPR
BD_immune07_522926,tumor,NMPR
BD_immune07_580376,tumor,NMPR
BD_immune07_790,tumor,NMPR
BD_immune07_720833,tumor,NMPR
BD_immune07_550446,tumor,NMPR
BD_immune07_562901,tumor,NMPR
BD_immune07_130045,tumor,NMPR
BD_immune07_488851,tumor,NMPR
BD_immune07_440092,tumor,NMPR
BD_immune07_753859,tumor,NMPR
BD_immune07_71451,tumor,NMPR
BD_immune07_749167,tumor,NMPR
BD_immune07_179539,tumor,NMPR
BD_immune07_50720,tumor,NMPR
BD_immune07_513440,tumor,NMPR
BD_immune07_91211,tumor,NMPR
BD_immune07_838615,tumor,NMPR
BD_immune07_705954,tumor,NMPR
BD_immune07_844615,tumor,NMPR
BD_immune07_102992,tumor,NMPR
BD_immune07_94743,tumor,NMPR
BD_immune07_662753,tumor,NMPR
BD_immune07_809183,tumor,NMPR
BD_immune07_407970,tumor,NMPR
BD_immune07_774324,tumor,NMPR
BD_immune07_850111,tumor,NMPR
BD_immune07_165520,tumor,NMPR
BD_immune07_717176,tumor,NMPR
BD_immune07_594849,tumor,NMPR
BD_immune07_273377,tumor,NMPR
BD_immune07_332500,tumor,NMPR
BD_immune07_399715,tumor,NMPR
BD_immune07_620619,tumor,NMPR
BD_immune07_492817,tumor,NMPR
BD_immune07_826630,tumor,NMPR
BD_immune07_125613,tumor,NMPR
BD_immune07_436691,tumor,NMPR
BD_immune07_254287,tumor,NMPR
BD_immune07_824971,tumor,NMPR
BD_immune07_207468,tumor,NMPR
BD_immune07_432918,tumor,NMPR
BD_immune07_442210,tumor,NMPR
BD_immune07_755404,tumor,NMPR
BD_immune07_222189,tumor,NMPR
BD_immune07_751250,tumor,NMPR
BD_immune07_446863,tumor,NMPR
BD_immune07_92499,tumor,NMPR
BD_immune07_309120,tumor,NMPR
BD_immune07_240517,tumor,NMPR
BD_immune07_161633,tumor,NMPR
BD_immune07_555407,tumor,NMPR
BD_immune07_835718,tumor,NMPR
BD_immune07_76926,tumor,NMPR
BD_immune07_841108,tumor,NMPR
BD_immune07_417163,tumor,NMPR
BD_immune07_227397,tumor,NMPR
BD_immune07_429447,tumor,NMPR
BD_immune07_675341,tumor,NMPR
BD_immune07_277267,normal,NMPR
BD_immune07_512703,tumor,NMPR
BD_immune07_880103,tumor,NMPR
BD_immune07_456055,tumor,NMPR
BD_immune07_572483,tumor,NMPR
BD_immune07_638301,tumor,NMPR
BD_immune07_725720,tumor,NMPR
BD_immune07_614111,tumor,NMPR
BD_immune07_501642,tumor,NMPR
BD_immune07_610640,tumor,NMPR
BD_immune07_745076,tumor,NMPR
BD_immune07_724806,tumor,NMPR
BD_immune07_161519,tumor,NMPR
BD_immune07_551896,tumor,NMPR
BD_immune07_785771,tumor,NMPR
BD_immune07_460679,tumor,NMPR
BD_immune07_418516,tumor,NMPR
BD_immune07_186593,tumor,NMPR
BD_immune07_74677,tumor,NMPR
BD_immune07_508050,tumor,NMPR
BD_immune07_715355,tumor,NMPR
BD_immune07_89813,tumor,NMPR
BD_immune07_292312,tumor,NMPR
BD_immune07_74963,tumor,NMPR
BD_immune07_485035,tumor,NMPR
BD_immune07_335628,tumor,NMPR
BD_immune07_807215,tumor,NMPR
BD_immune07_197614,tumor,NMPR
BD_immune07_50291,tumor,NMPR
BD_immune07_706120,tumor,NMPR
BD_immune07_90923,tumor,NMPR
BD_immune07_812464,tumor,NMPR
BD_immune07_535671,tumor,NMPR
BD_immune07_566002,tumor,NMPR
BD_immune07_723207,tumor,NMPR
BD_immune07_56616,tumor,NMPR
BD_immune07_630845,tumor,NMPR
BD_immune07_496292,tumor,NMPR
BD_immune07_348048,tumor,NMPR
BD_immune07_73849,tumor,NMPR
BD_immune07_768491,tumor,NMPR
BD_immune07_183804,tumor,NMPR
BD_immune07_837515,tumor,NMPR
BD_immune07_422281,tumor,NMPR
BD_immune07_869669,tumor,NMPR
BD_immune07_392065,tumor,NMPR
BD_immune07_157590,tumor,NMPR
BD_immune07_327083,tumor,NMPR
BD_immune07_754478,tumor,NMPR
BD_immune07_678941,tumor,NMPR
BD_immune07_488385,tumor,NMPR
BD_immune07_457063,tumor,NMPR
BD_immune07_95199,tumor,NMPR
BD_immune07_667893,tumor,NMPR
BD_immune07_680065,tumor,NMPR
BD_immune07_41471,tumor,NMPR
BD_immune07_694573,tumor,NMPR
BD_immune07_451359,tumor,NMPR
BD_immune07_47614,tumor,NMPR
BD_immune07_740307,tumor,NMPR
BD_immune07_323298,tumor,NMPR
BD_immune07_463231,tumor,NMPR
BD_immune07_217232,normal,NMPR
BD_immune07_440073,tumor,NMPR
BD_immune07_844157,tumor,NMPR
BD_immune07_747821,tumor,NMPR
BD_immune07_669365,tumor,NMPR
BD_immune07_105399,tumor,NMPR
BD_immune07_320447,tumor,NMPR
BD_immune07_197905,tumor,NMPR
BD_immune07_270923,tumor,NMPR
BD_immune07_81813,tumor,NMPR
BD_immune07_395397,tumor,NMPR
BD_immune07_398479,tumor,NMPR
BD_immune07_702923,tumor,NMPR
BD_immune07_874239,tumor,NMPR
BD_immune07_428876,tumor,NMPR
BD_immune07_333639,tumor,NMPR
BD_immune07_550150,tumor,NMPR
BD_immune07_719187,tumor,NMPR
BD_immune07_42448,tumor,NMPR
BD_immune07_384923,tumor,NMPR
BD_immune07_149253,tumor,NMPR
BD_immune07_67053,tumor,NMPR
BD_immune07_743931,tumor,NMPR
BD_immune07_809455,tumor,NMPR
BD_immune07_706802,tumor,NMPR
BD_immune07_254583,tumor,NMPR
BD_immune07_148978,tumor,NMPR
BD_immune07_690946,tumor,NMPR
BD_immune07_249481,tumor,NMPR
BD_immune07_120899,normal,NMPR
BD_immune07_165379,tumor,NMPR
BD_immune07_642240,tumor,NMPR
BD_immune07_13319,tumor,NMPR
BD_immune07_734416,tumor,NMPR
BD_immune07_315025,tumor,NMPR
BD_immune07_294960,tumor,NMPR
BD_immune07_587054,tumor,NMPR
BD_immune07_394973,tumor,NMPR
BD_immune07_593877,tumor,NMPR
BD_immune07_339948,tumor,NMPR
BD_immune07_646231,tumor,NMPR
BD_immune07_558628,tumor,NMPR
BD_immune07_22986,tumor,NMPR
BD_immune07_790704,tumor,NMPR
BD_immune07_458458,tumor,NMPR
BD_immune07_300794,tumor,NMPR
BD_immune07_666065,tumor,NMPR
BD_immune07_423260,tumor,NMPR
BD_immune07_775394,tumor,NMPR
BD_immune07_205942,tumor,NMPR
BD_immune07_775654,tumor,NMPR
BD_immune07_803326,tumor,NMPR
BD_immune07_351535,tumor,NMPR
BD_immune07_323303,tumor,NMPR
BD_immune07_317647,tumor,NMPR
BD_immune07_616181,tumor,NMPR
BD_immune07_249787,tumor,NMPR
BD_immune07_448402,tumor,NMPR
BD_immune07_671689,tumor,NMPR
BD_immune07_636852,tumor,NMPR
BD_immune07_633077,tumor,NMPR
BD_immune07_414508,tumor,NMPR
BD_immune07_488535,tumor,NMPR
BD_immune07_802725,tumor,NMPR
BD_immune07_84065,tumor,NMPR
BD_immune07_776239,tumor,NMPR
BD_immune07_628616,tumor,NMPR
BD_immune07_540447,tumor,NMPR
BD_immune07_681528,tumor,NMPR
BD_immune07_713276,normal,NMPR
BD_immune07_13470,tumor,NMPR
BD_immune07_292166,tumor,NMPR
BD_immune07_135783,tumor,NMPR
BD_immune07_698618,tumor,NMPR
BD_immune07_414648,tumor,NMPR
BD_immune07_183651,tumor,NMPR
BD_immune07_871271,tumor,NMPR
BD_immune07_714267,tumor,NMPR
BD_immune07_36029,tumor,NMPR
BD_immune07_813992,tumor,NMPR
BD_immune07_86755,tumor,NMPR
BD_immune07_866330,tumor,NMPR
BD_immune07_413980,tumor,NMPR
BD_immune07_674701,tumor,NMPR
BD_immune07_515029,tumor,NMPR
BD_immune07_331763,tumor,NMPR
BD_immune07_766735,tumor,NMPR
BD_immune07_336229,tumor,NMPR
BD_immune07_152443,tumor,NMPR
BD_immune07_188038,normal,NMPR
BD_immune07_867083,tumor,NMPR
BD_immune07_66675,tumor,NMPR
BD_immune07_334490,tumor,NMPR
BD_immune07_670636,tumor,NMPR
BD_immune07_359837,tumor,NMPR
BD_immune07_721215,tumor,NMPR
BD_immune07_525392,tumor,NMPR
BD_immune07_458776,tumor,NMPR
BD_immune07_712822,tumor,NMPR
BD_immune07_627609,tumor,NMPR
BD_immune07_661410,tumor,NMPR
BD_immune07_325662,tumor,NMPR
BD_immune07_481743,tumor,NMPR
BD_immune07_552032,tumor,NMPR
BD_immune07_689123,tumor,NMPR
BD_immune07_530747,tumor,NMPR
BD_immune07_239752,tumor,NMPR
BD_immune07_641270,tumor,NMPR
BD_immune07_224222,normal,NMPR
BD_immune07_255505,tumor,NMPR
BD_immune07_595569,tumor,NMPR
BD_immune07_94508,tumor,NMPR
BD_immune07_341000,tumor,NMPR
BD_immune07_714014,tumor,NMPR
BD_immune07_542959,tumor,NMPR
BD_immune07_461941,tumor,NMPR
BD_immune07_726578,tumor,NMPR
BD_immune07_534266,tumor,NMPR
BD_immune07_27563,tumor,NMPR
BD_immune07_799532,tumor,NMPR
BD_immune07_91084,tumor,NMPR
BD_immune07_38392,normal,NMPR
BD_immune07_784235,tumor,NMPR
BD_immune07_735424,tumor,NMPR
BD_immune07_309346,tumor,NMPR
BD_immune07_191147,tumor,NMPR
BD_immune07_817778,tumor,NMPR
BD_immune07_719375,tumor,NMPR
BD_immune07_41207,tumor,NMPR
BD_immune07_270781,tumor,NMPR
BD_immune07_467895,tumor,NMPR
BD_immune07_377084,tumor,NMPR
BD_immune07_213087,tumor,NMPR
BD_immune07_302198,tumor,NMPR
BD_immune07_744122,tumor,NMPR
BD_immune07_620426,tumor,NMPR
BD_immune07_631871,tumor,NMPR
BD_immune07_583440,tumor,NMPR
BD_immune07_800645,tumor,NMPR
BD_immune07_598337,tumor,NMPR
BD_immune07_212190,tumor,NMPR
BD_immune07_234046,tumor,NMPR
BD_immune07_158351,tumor,NMPR
BD_immune07_844835,tumor,NMPR
BD_immune07_554341,tumor,NMPR
BD_immune07_307354,tumor,NMPR
BD_immune07_471695,tumor,NMPR
BD_immune07_392667,tumor,NMPR
BD_immune07_524777,tumor,NMPR
BD_immune07_662252,tumor,NMPR
BD_immune07_518054,tumor,NMPR
BD_immune07_363461,tumor,NMPR
BD_immune07_745176,tumor,NMPR
BD_immune07_275489,tumor,NMPR
BD_immune07_785493,tumor,NMPR
BD_immune07_415344,tumor,NMPR
BD_immune07_873412,tumor,NMPR
BD_immune07_313073,tumor,NMPR
BD_immune07_818342,tumor,NMPR
BD_immune07_22632,tumor,NMPR
BD_immune07_632878,tumor,NMPR
BD_immune07_304228,tumor,NMPR
BD_immune07_826458,tumor,NMPR
BD_immune07_58873,tumor,NMPR
BD_immune07_480241,tumor,NMPR
BD_immune07_198528,tumor,NMPR
BD_immune07_847982,tumor,NMPR
BD_immune07_148915,tumor,NMPR
BD_immune07_289966,tumor,NMPR
BD_immune07_112327,tumor,NMPR
BD_immune07_303195,tumor,NMPR
BD_immune07_725846,tumor,NMPR
BD_immune07_595162,tumor,NMPR
BD_immune07_205352,tumor,NMPR
BD_immune07_640366,tumor,NMPR
BD_immune07_369780,tumor,NMPR
BD_immune07_873834,tumor,NMPR
BD_immune07_555629,tumor,NMPR
BD_immune07_150553,tumor,NMPR
BD_immune07_633818,tumor,NMPR
BD_immune07_844750,normal,NMPR
BD_immune07_66781,tumor,NMPR
BD_immune07_74265,tumor,NMPR
BD_immune07_804623,tumor,NMPR
BD_immune07_664315,tumor,NMPR
BD_immune07_380032,tumor,NMPR
BD_immune07_324162,tumor,NMPR
BD_immune07_645262,tumor,NMPR
BD_immune07_553432,tumor,NMPR
BD_immune07_536585,tumor,NMPR
BD_immune07_87050,tumor,NMPR
BD_immune07_338974,tumor,NMPR
BD_immune07_104468,tumor,NMPR
BD_immune07_332169,tumor,NMPR
BD_immune07_159923,tumor,NMPR
BD_immune07_487494,tumor,NMPR
BD_immune07_121901,tumor,NMPR
BD_immune07_753412,tumor,NMPR
BD_immune07_166451,tumor,NMPR
BD_immune07_638517,tumor,NMPR
BD_immune07_797680,tumor,NMPR
BD_immune07_674002,tumor,NMPR
BD_immune07_244497,tumor,NMPR
BD_immune07_49370,normal,NMPR
BD_immune07_521201,tumor,NMPR
BD_immune07_698410,tumor,NMPR
BD_immune07_376320,tumor,NMPR
BD_immune07_183903,tumor,NMPR
BD_immune07_100930,tumor,NMPR
BD_immune07_870110,tumor,NMPR
BD_immune07_242288,tumor,NMPR
BD_immune07_355490,tumor,NMPR
BD_immune07_314780,tumor,NMPR
BD_immune07_321740,tumor,NMPR
BD_immune07_346884,tumor,NMPR
BD_immune07_476376,tumor,NMPR
BD_immune07_874983,normal,NMPR
BD_immune07_855718,normal,NMPR
BD_immune07_384313,tumor,NMPR
BD_immune07_417724,tumor,NMPR
BD_immune07_30590,tumor,NMPR
BD_immune07_648395,tumor,NMPR
BD_immune07_467777,tumor,NMPR
BD_immune07_419891,tumor,NMPR
BD_immune07_684120,tumor,NMPR
BD_immune07_69501,tumor,NMPR
BD_immune07_851298,tumor,NMPR
BD_immune07_65416,tumor,NMPR
BD_immune07_429871,tumor,NMPR
BD_immune07_313309,tumor,NMPR
BD_immune07_619721,tumor,NMPR
BD_immune07_781095,tumor,NMPR
BD_immune07_103669,tumor,NMPR
BD_immune07_97414,tumor,NMPR
BD_immune07_753792,tumor,NMPR
BD_immune07_19910,tumor,NMPR
BD_immune07_38708,tumor,NMPR
BD_immune07_670922,tumor,NMPR
BD_immune07_154632,tumor,NMPR
BD_immune07_788027,tumor,NMPR
BD_immune07_865894,tumor,NMPR
BD_immune07_144933,tumor,NMPR
BD_immune07_740431,tumor,NMPR
BD_immune07_181022,tumor,NMPR
BD_immune07_644674,tumor,NMPR
BD_immune07_280519,tumor,NMPR
BD_immune07_356711,tumor,NMPR
BD_immune07_266137,tumor,NMPR
BD_immune07_668852,tumor,NMPR
BD_immune07_324655,tumor,NMPR
BD_immune07_285183,tumor,NMPR
BD_immune07_179817,tumor,NMPR
BD_immune07_341463,tumor,NMPR
BD_immune07_626005,tumor,NMPR
BD_immune07_579458,tumor,NMPR
BD_immune07_229416,tumor,NMPR
BD_immune07_597300,tumor,NMPR
BD_immune07_224940,tumor,NMPR
BD_immune07_351840,tumor,NMPR
BD_immune07_126441,tumor,NMPR
BD_immune07_469122,tumor,NMPR
BD_immune07_851329,tumor,NMPR
BD_immune07_221272,tumor,NMPR
BD_immune07_371721,tumor,NMPR
BD_immune07_643383,tumor,NMPR
BD_immune07_764272,tumor,NMPR
BD_immune07_81521,tumor,NMPR
BD_immune07_70374,normal,NMPR
BD_immune07_69552,tumor,NMPR
BD_immune07_857268,tumor,NMPR
BD_immune07_303204,tumor,NMPR
BD_immune07_281430,tumor,NMPR
BD_immune07_761518,tumor,NMPR
BD_immune07_304203,tumor,NMPR
BD_immune07_884115,tumor,NMPR
BD_immune07_793049,tumor,NMPR
BD_immune07_835579,tumor,NMPR
BD_immune07_424959,normal,NMPR
BD_immune07_405469,tumor,NMPR
BD_immune07_18396,tumor,NMPR
BD_immune07_109021,tumor,NMPR
BD_immune07_58169,tumor,NMPR
BD_immune07_125714,normal,NMPR
BD_immune07_91235,normal,NMPR
BD_immune07_239293,tumor,NMPR
BD_immune07_841297,tumor,NMPR
BD_immune07_655533,tumor,NMPR
BD_immune07_766828,tumor,NMPR
BD_immune07_279570,tumor,NMPR
BD_immune07_669407,tumor,NMPR
BD_immune07_875275,tumor,NMPR
BD_immune07_262865,tumor,NMPR
BD_immune07_93679,tumor,NMPR
BD_immune07_683383,tumor,NMPR
BD_immune07_544192,tumor,NMPR
BD_immune07_570244,tumor,NMPR
BD_immune07_8855,tumor,NMPR
BD_immune07_676714,tumor,NMPR
BD_immune07_255834,tumor,NMPR
BD_immune07_473615,tumor,NMPR
BD_immune07_231803,tumor,NMPR
BD_immune07_499095,normal,NMPR
BD_immune07_246410,tumor,NMPR
BD_immune07_500018,tumor,NMPR
BD_immune07_334530,tumor,NMPR
BD_immune07_551539,tumor,NMPR
BD_immune07_741019,tumor,NMPR
BD_immune07_355209,tumor,NMPR
BD_immune07_186570,tumor,NMPR
BD_immune07_596164,tumor,NMPR
BD_immune07_80032,tumor,NMPR
BD_immune07_137921,tumor,NMPR
BD_immune07_403283,tumor,NMPR
BD_immune07_550239,tumor,NMPR
BD_immune07_464537,tumor,NMPR
BD_immune07_641528,tumor,NMPR
BD_immune07_882476,tumor,NMPR
BD_immune07_75075,tumor,NMPR
BD_immune07_216496,tumor,NMPR
BD_immune07_343669,tumor,NMPR
BD_immune07_191414,tumor,NMPR
BD_immune07_485756,normal,NMPR
BD_immune07_205623,tumor,NMPR
BD_immune07_277798,tumor,NMPR
BD_immune07_728310,tumor,NMPR
BD_immune07_669445,tumor,NMPR
BD_immune07_679825,tumor,NMPR
BD_immune07_574921,tumor,NMPR
BD_immune07_497535,tumor,NMPR
BD_immune07_130173,tumor,NMPR
BD_immune07_571814,tumor,NMPR
BD_immune07_719812,tumor,NMPR
BD_immune07_852151,normal,NMPR
BD_immune07_350715,tumor,NMPR
BD_immune07_574025,tumor,NMPR
BD_immune07_382356,tumor,NMPR
BD_immune07_77855,tumor,NMPR
BD_immune07_461935,tumor,NMPR
BD_immune07_657810,tumor,NMPR
BD_immune07_628055,tumor,NMPR
BD_immune07_573295,tumor,NMPR
BD_immune07_789029,tumor,NMPR
BD_immune07_338359,tumor,NMPR
BD_immune07_464687,tumor,NMPR
BD_immune07_533248,tumor,NMPR
BD_immune07_138095,tumor,NMPR
BD_immune07_847205,tumor,NMPR
BD_immune07_567481,tumor,NMPR
BD_immune07_248578,tumor,NMPR
BD_immune07_224416,tumor,NMPR
BD_immune07_686289,tumor,NMPR
BD_immune07_712715,tumor,NMPR
BD_immune07_4305,tumor,NMPR
BD_immune07_364853,tumor,NMPR
BD_immune07_469817,tumor,NMPR
BD_immune07_81371,tumor,NMPR
BD_immune07_160968,tumor,NMPR
BD_immune07_363543,normal,NMPR
BD_immune07_243352,tumor,NMPR
BD_immune07_22159,normal,NMPR
BD_immune07_883461,tumor,NMPR
BD_immune07_656763,tumor,NMPR
BD_immune07_742522,tumor,NMPR
BD_immune07_756913,tumor,NMPR
BD_immune07_257096,tumor,NMPR
BD_immune07_50496,tumor,NMPR
BD_immune07_823722,tumor,NMPR
BD_immune07_819823,tumor,NMPR
BD_immune07_119286,tumor,NMPR
BD_immune07_359145,tumor,NMPR
BD_immune07_58352,tumor,NMPR
BD_immune07_770324,tumor,NMPR
BD_immune07_40117,tumor,NMPR
BD_immune07_550742,tumor,NMPR
BD_immune07_533500,normal,NMPR
BD_immune07_758301,tumor,NMPR
BD_immune07_833403,tumor,NMPR
BD_immune07_323252,tumor,NMPR
BD_immune07_757834,tumor,NMPR
BD_immune07_155807,tumor,NMPR
BD_immune07_744278,tumor,NMPR
BD_immune07_671388,tumor,NMPR
BD_immune07_849886,tumor,NMPR
BD_immune07_727191,tumor,NMPR
BD_immune07_357020,tumor,NMPR
BD_immune07_143135,tumor,NMPR
BD_immune07_311598,tumor,NMPR
BD_immune07_675742,tumor,NMPR
BD_immune07_408285,tumor,NMPR
BD_immune07_560870,tumor,NMPR
BD_immune07_266225,tumor,NMPR
BD_immune07_508332,tumor,NMPR
BD_immune07_754283,tumor,NMPR
BD_immune07_142936,tumor,NMPR
BD_immune07_15476,tumor,NMPR
BD_immune07_383822,tumor,NMPR
BD_immune07_187359,tumor,NMPR
BD_immune07_685494,tumor,NMPR
BD_immune07_182533,normal,NMPR
BD_immune07_635682,normal,NMPR
BD_immune07_402835,tumor,NMPR
BD_immune07_600314,tumor,NMPR
BD_immune07_528660,tumor,NMPR
BD_immune07_400721,tumor,NMPR
BD_immune07_574283,tumor,NMPR
BD_immune07_880737,tumor,NMPR
BD_immune07_602668,tumor,NMPR
BD_immune07_672509,tumor,NMPR
BD_immune07_284889,tumor,NMPR
BD_immune07_405351,tumor,NMPR
BD_immune07_630091,tumor,NMPR
BD_immune07_604787,tumor,NMPR
BD_immune07_385085,tumor,NMPR
BD_immune07_735981,tumor,NMPR
BD_immune07_411717,tumor,NMPR
BD_immune07_768512,tumor,NMPR
BD_immune07_18574,tumor,NMPR
BD_immune07_556015,tumor,NMPR
BD_immune07_87495,tumor,NMPR
BD_immune07_881686,tumor,NMPR
BD_immune07_214498,tumor,NMPR
BD_immune07_552559,tumor,NMPR
BD_immune07_736595,tumor,NMPR
BD_immune07_563595,tumor,NMPR
BD_immune07_638360,tumor,NMPR
BD_immune07_250862,normal,NMPR
BD_immune07_721866,tumor,NMPR
BD_immune07_434982,tumor,NMPR
BD_immune07_586503,tumor,NMPR
BD_immune07_80935,tumor,NMPR
BD_immune07_167716,tumor,NMPR
BD_immune07_417477,tumor,NMPR
BD_immune07_41187,tumor,NMPR
BD_immune07_692024,tumor,NMPR
BD_immune07_846072,tumor,NMPR
BD_immune07_31930,tumor,NMPR
BD_immune07_513597,tumor,NMPR
BD_immune07_430859,tumor,NMPR
BD_immune07_710452,normal,NMPR
BD_immune07_497187,tumor,NMPR
BD_immune07_84915,tumor,NMPR
BD_immune07_850161,tumor,NMPR
BD_immune07_536354,tumor,NMPR
BD_immune07_525845,tumor,NMPR
BD_immune07_293861,tumor,NMPR
BD_immune07_245721,tumor,NMPR
BD_immune07_392655,tumor,NMPR
BD_immune07_730241,tumor,NMPR
BD_immune07_156623,tumor,NMPR
BD_immune07_213517,tumor,NMPR
BD_immune07_448616,tumor,NMPR
BD_immune07_822149,tumor,NMPR
BD_immune07_849747,tumor,NMPR
BD_immune07_236260,tumor,NMPR
BD_immune07_232027,tumor,NMPR
BD_immune07_449826,tumor,NMPR
BD_immune07_741832,normal,NMPR
BD_immune07_145903,tumor,NMPR
BD_immune07_284329,normal,NMPR
BD_immune07_13891,tumor,NMPR
BD_immune07_454388,normal,NMPR
BD_immune07_258881,tumor,NMPR
BD_immune07_786023,tumor,NMPR
BD_immune07_199851,tumor,NMPR
BD_immune07_249761,tumor,NMPR
BD_immune07_541988,tumor,NMPR
BD_immune07_428966,tumor,NMPR
BD_immune07_102016,tumor,NMPR
BD_immune07_568533,tumor,NMPR
BD_immune07_487242,tumor,NMPR
BD_immune07_489674,tumor,NMPR
BD_immune07_397851,tumor,NMPR
BD_immune07_350738,tumor,NMPR
BD_immune07_258925,tumor,NMPR
BD_immune07_16246,tumor,NMPR
BD_immune07_15833,normal,NMPR
BD_immune07_232147,tumor,NMPR
BD_immune07_486389,tumor,NMPR
BD_immune07_396875,tumor,NMPR
BD_immune07_83817,tumor,NMPR
BD_immune07_311276,tumor,NMPR
BD_immune07_40957,tumor,NMPR
BD_immune07_201689,normal,NMPR
BD_immune07_36804,tumor,NMPR
BD_immune07_32075,tumor,NMPR
BD_immune07_702308,tumor,NMPR
BD_immune07_140034,tumor,NMPR
BD_immune07_362072,normal,NMPR
BD_immune07_277672,tumor,NMPR
BD_immune07_571820,tumor,NMPR
BD_immune07_389318,tumor,NMPR
BD_immune07_161729,tumor,NMPR
BD_immune07_474790,tumor,NMPR
BD_immune07_381890,tumor,NMPR
BD_immune07_432736,tumor,NMPR
BD_immune07_832627,tumor,NMPR
BD_immune07_454663,tumor,NMPR
BD_immune07_540456,tumor,NMPR
BD_immune07_42233,tumor,NMPR
BD_immune07_804180,tumor,NMPR
BD_immune07_567998,tumor,NMPR
BD_immune07_881935,tumor,NMPR
BD_immune07_805623,tumor,NMPR
BD_immune07_667438,tumor,NMPR
BD_immune07_153207,tumor,NMPR
BD_immune07_5196,tumor,NMPR
BD_immune07_215947,tumor,NMPR
BD_immune07_7422,tumor,NMPR
BD_immune07_663732,tumor,NMPR
BD_immune07_376884,normal,NMPR
BD_immune07_878395,tumor,NMPR
BD_immune07_761479,tumor,NMPR
BD_immune07_423380,tumor,NMPR
BD_immune07_481945,tumor,NMPR
BD_immune07_524342,tumor,NMPR
BD_immune07_81810,tumor,NMPR
BD_immune07_634849,normal,NMPR
BD_immune07_845419,normal,NMPR
BD_immune07_180351,tumor,NMPR
BD_immune07_854032,tumor,NMPR
BD_immune07_596627,normal,NMPR
BD_immune07_428702,tumor,NMPR
BD_immune07_685511,tumor,NMPR
BD_immune07_137251,tumor,NMPR
BD_immune07_306295,tumor,NMPR
BD_immune07_734241,tumor,NMPR
BD_immune07_660325,tumor,NMPR
BD_immune07_28076,tumor,NMPR
BD_immune07_851534,tumor,NMPR
BD_immune07_599893,normal,NMPR
BD_immune07_556661,normal,NMPR
BD_immune07_811659,tumor,NMPR
BD_immune07_819523,tumor,NMPR
BD_immune07_186793,tumor,NMPR
BD_immune07_628464,tumor,NMPR
BD_immune07_367099,tumor,NMPR
BD_immune07_34325,tumor,NMPR
BD_immune07_41273,tumor,NMPR
BD_immune07_583763,tumor,NMPR
BD_immune07_753846,tumor,NMPR
BD_immune07_554943,tumor,NMPR
BD_immune07_108366,tumor,NMPR
BD_immune07_541989,tumor,NMPR
BD_immune07_324023,tumor,NMPR
BD_immune07_810707,tumor,NMPR
BD_immune07_114536,tumor,NMPR
BD_immune07_325800,tumor,NMPR
BD_immune07_688761,tumor,NMPR
BD_immune07_810338,tumor,NMPR
BD_immune07_819036,tumor,NMPR
BD_immune07_111860,tumor,NMPR
BD_immune07_822056,tumor,NMPR
BD_immune07_807349,tumor,NMPR
BD_immune07_173365,tumor,NMPR
BD_immune07_840042,tumor,NMPR
BD_immune07_87788,tumor,NMPR
BD_immune07_634503,tumor,NMPR
BD_immune07_520564,tumor,NMPR
BD_immune07_172610,tumor,NMPR
BD_immune07_770438,tumor,NMPR
BD_immune07_285794,tumor,NMPR
BD_immune07_247799,tumor,NMPR
BD_immune07_137584,tumor,NMPR
BD_immune07_127009,normal,NMPR
BD_immune07_511415,tumor,NMPR
BD_immune07_81725,tumor,NMPR
BD_immune07_674307,tumor,NMPR
BD_immune07_663940,tumor,NMPR
BD_immune07_822913,tumor,NMPR
BD_immune07_445144,tumor,NMPR
BD_immune07_759224,tumor,NMPR
BD_immune07_240204,tumor,NMPR
BD_immune07_775102,tumor,NMPR
BD_immune07_244584,tumor,NMPR
BD_immune07_554734,tumor,NMPR
BD_immune07_173344,tumor,NMPR
BD_immune07_350706,tumor,NMPR
BD_immune07_624665,tumor,NMPR
BD_immune07_396927,tumor,NMPR
BD_immune07_616730,tumor,NMPR
BD_immune07_481282,tumor,NMPR
BD_immune07_718956,tumor,NMPR
BD_immune07_369924,tumor,NMPR
BD_immune07_86692,tumor,NMPR
BD_immune07_326678,tumor,NMPR
BD_immune07_542114,tumor,NMPR
BD_immune07_479276,tumor,NMPR
BD_immune07_284397,tumor,NMPR
BD_immune07_24757,tumor,NMPR
BD_immune07_803768,tumor,NMPR
BD_immune07_403567,tumor,NMPR
BD_immune07_663163,tumor,NMPR
BD_immune07_78885,tumor,NMPR
BD_immune07_487733,tumor,NMPR
BD_immune07_463732,tumor,NMPR
BD_immune07_40966,tumor,NMPR
BD_immune07_584543,tumor,NMPR
BD_immune07_598124,tumor,NMPR
BD_immune07_841526,tumor,NMPR
BD_immune07_124312,normal,NMPR
BD_immune07_756979,tumor,NMPR
BD_immune07_254758,normal,NMPR
BD_immune07_536414,tumor,NMPR
BD_immune07_766948,tumor,NMPR
BD_immune07_604494,tumor,NMPR
BD_immune07_761017,tumor,NMPR
BD_immune07_180009,tumor,NMPR
BD_immune07_84679,tumor,NMPR
BD_immune07_668885,normal,NMPR
BD_immune07_859769,tumor,NMPR
BD_immune07_372381,tumor,NMPR
BD_immune07_688079,tumor,NMPR
BD_immune07_94317,tumor,NMPR
BD_immune07_868109,tumor,NMPR
BD_immune07_594551,tumor,NMPR
BD_immune07_16579,tumor,NMPR
BD_immune07_536999,tumor,NMPR
BD_immune07_491644,tumor,NMPR
BD_immune07_801400,tumor,NMPR
BD_immune07_147028,tumor,NMPR
BD_immune07_447530,tumor,NMPR
BD_immune07_474379,tumor,NMPR
BD_immune07_791961,tumor,NMPR
BD_immune07_446809,tumor,NMPR
BD_immune07_34185,tumor,NMPR
BD_immune07_874919,tumor,NMPR
BD_immune07_469135,tumor,NMPR
BD_immune07_78140,tumor,NMPR
BD_immune07_91678,tumor,NMPR
BD_immune07_484425,tumor,NMPR
BD_immune07_436275,tumor,NMPR
BD_immune07_358941,tumor,NMPR
BD_immune07_338818,tumor,NMPR
BD_immune07_595165,tumor,NMPR
BD_immune07_144658,tumor,NMPR
BD_immune07_656772,tumor,NMPR
BD_immune07_403774,tumor,NMPR
BD_immune07_127991,tumor,NMPR
BD_immune07_294156,tumor,NMPR
BD_immune07_809497,tumor,NMPR
BD_immune07_312672,tumor,NMPR
BD_immune07_268211,tumor,NMPR
BD_immune07_63857,tumor,NMPR
BD_immune07_480931,tumor,NMPR
BD_immune07_726622,tumor,NMPR
BD_immune07_741473,normal,NMPR
BD_immune07_209772,tumor,NMPR
BD_immune07_700506,tumor,NMPR
BD_immune07_512032,tumor,NMPR
BD_immune07_447773,tumor,NMPR
BD_immune07_731649,tumor,NMPR
BD_immune07_819802,tumor,NMPR
BD_immune07_250330,tumor,NMPR
BD_immune07_709971,tumor,NMPR
BD_immune07_170587,tumor,NMPR
BD_immune07_39968,tumor,NMPR
BD_immune07_705298,tumor,NMPR
BD_immune07_249894,tumor,NMPR
BD_immune07_763844,tumor,NMPR
BD_immune07_645309,tumor,NMPR
BD_immune07_613854,tumor,NMPR
BD_immune07_96617,tumor,NMPR
BD_immune07_443876,normal,NMPR
BD_immune07_378517,tumor,NMPR
BD_immune07_457872,tumor,NMPR
BD_immune07_616863,tumor,NMPR
BD_immune07_644568,tumor,NMPR
BD_immune07_789961,tumor,NMPR
BD_immune07_473310,tumor,NMPR
BD_immune07_871584,tumor,NMPR
BD_immune07_723233,tumor,NMPR
BD_immune07_642132,tumor,NMPR
BD_immune07_364921,tumor,NMPR
BD_immune07_187451,normal,NMPR
BD_immune07_562347,tumor,NMPR
BD_immune07_790630,tumor,NMPR
BD_immune07_677496,tumor,NMPR
BD_immune07_334602,tumor,NMPR
BD_immune07_213689,tumor,NMPR
BD_immune07_287277,tumor,NMPR
BD_immune07_793901,normal,NMPR
BD_immune07_298160,tumor,NMPR
BD_immune07_499249,tumor,NMPR
BD_immune07_586756,tumor,NMPR
BD_immune07_472845,tumor,NMPR
BD_immune07_758406,normal,NMPR
BD_immune07_253126,tumor,NMPR
BD_immune07_546730,normal,NMPR
BD_immune07_290458,tumor,NMPR
BD_immune07_793041,tumor,NMPR
BD_immune07_21988,tumor,NMPR
BD_immune07_783483,tumor,NMPR
BD_immune07_51053,tumor,NMPR
BD_immune07_526979,tumor,NMPR
BD_immune07_497829,tumor,NMPR
BD_immune07_114473,tumor,NMPR
BD_immune07_473000,tumor,NMPR
BD_immune07_357717,tumor,NMPR
BD_immune07_457429,normal,NMPR
BD_immune07_691596,normal,NMPR
BD_immune07_151959,tumor,NMPR
BD_immune07_268942,tumor,NMPR
BD_immune07_117832,tumor,NMPR
BD_immune07_105118,tumor,NMPR
BD_immune07_568272,tumor,NMPR
BD_immune07_264828,tumor,NMPR
BD_immune07_338708,tumor,NMPR
BD_immune07_524646,tumor,NMPR
BD_immune07_377022,tumor,NMPR
BD_immune07_115457,tumor,NMPR
BD_immune07_754659,tumor,NMPR
BD_immune07_662339,tumor,NMPR
BD_immune07_622762,tumor,NMPR
BD_immune07_748271,tumor,NMPR
BD_immune07_430476,tumor,NMPR
BD_immune07_167382,tumor,NMPR
BD_immune07_123734,tumor,NMPR
BD_immune07_707825,tumor,NMPR
BD_immune07_731290,tumor,NMPR
BD_immune07_846,tumor,NMPR
BD_immune07_883431,tumor,NMPR
BD_immune07_133616,normal,NMPR
BD_immune07_113483,tumor,NMPR
BD_immune07_320028,tumor,NMPR
BD_immune07_881344,tumor,NMPR
BD_immune07_167399,tumor,NMPR
BD_immune07_568139,tumor,NMPR
BD_immune07_702359,tumor,NMPR
BD_immune07_742531,tumor,NMPR
BD_immune07_851834,tumor,NMPR
BD_immune07_55408,tumor,NMPR
BD_immune07_16140,tumor,NMPR
BD_immune07_819449,tumor,NMPR
BD_immune07_563425,tumor,NMPR
BD_immune07_232729,tumor,NMPR
BD_immune07_46542,tumor,NMPR
BD_immune07_240902,tumor,NMPR
BD_immune07_124240,normal,NMPR
BD_immune07_739528,tumor,NMPR
BD_immune07_621074,tumor,NMPR
BD_immune07_686481,tumor,NMPR
BD_immune07_876513,normal,NMPR
BD_immune07_20220,tumor,NMPR
BD_immune07_282657,normal,NMPR
BD_immune07_831512,tumor,NMPR
BD_immune07_62025,normal,NMPR
BD_immune07_177118,normal,NMPR
BD_immune07_796687,tumor,NMPR
BD_immune07_354415,tumor,NMPR
BD_immune07_446979,tumor,NMPR
BD_immune07_407917,tumor,NMPR
BD_immune07_847219,tumor,NMPR
BD_immune07_552584,normal,NMPR
BD_immune07_585104,tumor,NMPR
BD_immune07_183636,tumor,NMPR
BD_immune07_486064,tumor,NMPR
BD_immune07_218298,tumor,NMPR
BD_immune07_775108,tumor,NMPR
BD_immune07_483690,tumor,NMPR
BD_immune07_883991,tumor,NMPR
BD_immune07_74737,tumor,NMPR
BD_immune07_443425,tumor,NMPR
BD_immune07_799173,tumor,NMPR
BD_immune07_75401,tumor,NMPR
BD_immune07_681495,tumor,NMPR
BD_immune07_467625,tumor,NMPR
BD_immune07_442309,normal,NMPR
BD_immune07_125913,tumor,NMPR
BD_immune07_342410,tumor,NMPR
BD_immune07_424715,normal,NMPR
BD_immune07_613477,tumor,NMPR
BD_immune07_619849,tumor,NMPR
BD_immune07_633164,normal,NMPR
BD_immune07_879180,tumor,NMPR
BD_immune07_780877,tumor,NMPR
BD_immune07_877833,tumor,NMPR
BD_immune07_59584,tumor,NMPR
BD_immune07_659963,tumor,NMPR
BD_immune07_726149,tumor,NMPR
BD_immune07_671609,tumor,NMPR
BD_immune07_729205,tumor,NMPR
BD_immune07_83284,tumor,NMPR
BD_immune07_720046,tumor,NMPR
BD_immune07_662961,tumor,NMPR
BD_immune07_302457,tumor,NMPR
BD_immune07_211458,tumor,NMPR
BD_immune07_600369,tumor,NMPR
BD_immune07_757293,tumor,NMPR
BD_immune07_73865,tumor,NMPR
BD_immune07_741272,tumor,NMPR
BD_immune07_632854,tumor,NMPR
BD_immune07_304610,tumor,NMPR
BD_immune07_574601,tumor,NMPR
BD_immune07_335149,tumor,NMPR
BD_immune07_794367,tumor,NMPR
BD_immune07_575288,tumor,NMPR
BD_immune07_36101,tumor,NMPR
BD_immune07_36378,tumor,NMPR
BD_immune07_549802,tumor,NMPR
BD_immune07_554783,tumor,NMPR
BD_immune07_441124,tumor,NMPR
BD_immune07_607516,tumor,NMPR
BD_immune07_10952,tumor,NMPR
BD_immune07_584089,tumor,NMPR
BD_immune07_843935,tumor,NMPR
BD_immune07_797274,tumor,NMPR
BD_immune07_681389,tumor,NMPR
BD_immune07_763499,tumor,NMPR
BD_immune07_876640,tumor,NMPR
BD_immune07_827420,tumor,NMPR
BD_immune07_273853,tumor,NMPR
BD_immune07_167876,tumor,NMPR
BD_immune07_340663,tumor,NMPR
BD_immune07_739755,tumor,NMPR
BD_immune07_465389,tumor,NMPR
BD_immune07_246591,tumor,NMPR
BD_immune07_724274,tumor,NMPR
BD_immune07_778297,tumor,NMPR
BD_immune07_216878,tumor,NMPR
BD_immune07_469864,normal,NMPR
BD_immune07_813354,tumor,NMPR
BD_immune07_669186,tumor,NMPR
BD_immune07_230838,tumor,NMPR
BD_immune07_776312,normal,NMPR
BD_immune07_256282,tumor,NMPR
BD_immune07_877223,tumor,NMPR
BD_immune07_339007,tumor,NMPR
BD_immune07_453490,tumor,NMPR
BD_immune07_3478,tumor,NMPR
BD_immune07_370116,normal,NMPR
BD_immune07_396430,tumor,NMPR
BD_immune07_657674,tumor,NMPR
BD_immune07_385016,tumor,NMPR
BD_immune07_755200,tumor,NMPR
BD_immune07_87636,tumor,NMPR
BD_immune07_601413,tumor,NMPR
BD_immune07_43482,tumor,NMPR
BD_immune07_477990,tumor,NMPR
BD_immune07_674220,normal,NMPR
BD_immune07_22156,tumor,NMPR
BD_immune07_334263,tumor,NMPR
BD_immune07_773900,tumor,NMPR
BD_immune07_369586,tumor,NMPR
BD_immune07_320151,tumor,NMPR
BD_immune07_877071,tumor,NMPR
BD_immune07_546408,tumor,NMPR
BD_immune07_741768,tumor,NMPR
BD_immune07_878373,tumor,NMPR
BD_immune07_131773,tumor,NMPR
BD_immune07_118044,tumor,NMPR
BD_immune07_108069,tumor,NMPR
BD_immune07_816579,tumor,NMPR
BD_immune07_278358,tumor,NMPR
BD_immune07_136528,tumor,NMPR
BD_immune07_520538,tumor,NMPR
BD_immune07_155814,tumor,NMPR
BD_immune07_423830,tumor,NMPR
BD_immune07_426733,tumor,NMPR
BD_immune07_520655,tumor,NMPR
BD_immune07_441119,tumor,NMPR
BD_immune07_194186,tumor,NMPR
BD_immune07_443949,tumor,NMPR
BD_immune07_570092,tumor,NMPR
BD_immune07_462286,tumor,NMPR
BD_immune07_484907,tumor,NMPR
BD_immune07_431459,tumor,NMPR
BD_immune07_209536,tumor,NMPR
BD_immune07_826213,normal,NMPR
BD_immune07_47426,tumor,NMPR
BD_immune07_360334,tumor,NMPR
BD_immune07_447944,tumor,NMPR
BD_immune07_418823,normal,NMPR
BD_immune07_309748,tumor,NMPR
BD_immune07_216736,tumor,NMPR
BD_immune07_825557,tumor,NMPR
BD_immune07_379111,normal,NMPR
BD_immune07_627690,tumor,NMPR
BD_immune07_59802,tumor,NMPR
BD_immune07_320895,tumor,NMPR
BD_immune07_584815,tumor,NMPR
BD_immune07_280524,tumor,NMPR
BD_immune07_309946,tumor,NMPR
BD_immune07_11650,tumor,NMPR
BD_immune07_875581,tumor,NMPR
BD_immune07_659054,tumor,NMPR
BD_immune07_482872,tumor,NMPR
BD_immune07_793246,tumor,NMPR
BD_immune07_728519,tumor,NMPR
BD_immune07_771982,tumor,NMPR
BD_immune07_366577,tumor,NMPR
BD_immune07_90311,tumor,NMPR
BD_immune07_324687,tumor,NMPR
BD_immune07_200579,tumor,NMPR
BD_immune07_836163,tumor,NMPR
BD_immune07_167412,tumor,NMPR
BD_immune07_617068,tumor,NMPR
BD_immune07_436247,tumor,NMPR
BD_immune07_290804,tumor,NMPR
BD_immune07_177362,tumor,NMPR
BD_immune07_510107,tumor,NMPR
BD_immune07_424820,tumor,NMPR
BD_immune07_124488,normal,NMPR
BD_immune07_845695,tumor,NMPR
BD_immune07_369827,tumor,NMPR
BD_immune07_396007,tumor,NMPR
BD_immune07_250308,tumor,NMPR
BD_immune07_755204,tumor,NMPR
BD_immune07_167833,tumor,NMPR
BD_immune07_519893,tumor,NMPR
BD_immune07_545587,tumor,NMPR
BD_immune07_651769,tumor,NMPR
BD_immune07_866089,tumor,NMPR
BD_immune07_102537,tumor,NMPR
BD_immune07_387126,tumor,NMPR
BD_immune07_301595,tumor,NMPR
BD_immune07_417903,normal,NMPR
BD_immune07_130871,tumor,NMPR
BD_immune07_764394,tumor,NMPR
BD_immune07_733879,tumor,NMPR
BD_immune07_135198,tumor,NMPR
BD_immune07_651030,normal,NMPR
BD_immune07_367372,tumor,NMPR
BD_immune07_68593,tumor,NMPR
BD_immune07_282973,tumor,NMPR
BD_immune07_462078,tumor,NMPR
BD_immune07_881535,tumor,NMPR
BD_immune07_140417,tumor,NMPR
BD_immune07_229437,tumor,NMPR
BD_immune07_255902,tumor,NMPR
BD_immune07_719692,tumor,NMPR
BD_immune07_99022,tumor,NMPR
BD_immune07_523880,tumor,NMPR
BD_immune07_769852,tumor,NMPR
BD_immune07_691660,tumor,NMPR
BD_immune07_305002,tumor,NMPR
BD_immune07_333984,tumor,NMPR
BD_immune07_600066,tumor,NMPR
BD_immune07_700422,tumor,NMPR
BD_immune07_428628,normal,NMPR
BD_immune07_583505,tumor,NMPR
BD_immune07_282062,tumor,NMPR
BD_immune07_273684,tumor,NMPR
BD_immune07_412893,tumor,NMPR
BD_immune07_543613,tumor,NMPR
BD_immune07_203878,normal,NMPR
BD_immune07_438736,tumor,NMPR
BD_immune07_346710,normal,NMPR
BD_immune07_501601,tumor,NMPR
BD_immune07_283310,tumor,NMPR
BD_immune07_855900,tumor,NMPR
BD_immune07_291005,tumor,NMPR
BD_immune07_217723,tumor,NMPR
BD_immune07_636957,tumor,NMPR
BD_immune07_700668,tumor,NMPR
BD_immune07_548690,tumor,NMPR
BD_immune07_176223,tumor,NMPR
BD_immune07_150753,tumor,NMPR
BD_immune07_433721,tumor,NMPR
BD_immune07_398691,tumor,NMPR
BD_immune07_45716,tumor,NMPR
BD_immune07_761049,tumor,NMPR
BD_immune07_600327,tumor,NMPR
BD_immune07_827624,tumor,NMPR
BD_immune07_485484,normal,NMPR
BD_immune07_69296,tumor,NMPR
BD_immune07_442198,tumor,NMPR
BD_immune07_36257,tumor,NMPR
BD_immune07_338336,tumor,NMPR
BD_immune07_591532,tumor,NMPR
BD_immune07_184534,tumor,NMPR
BD_immune07_332538,tumor,NMPR
BD_immune07_21416,tumor,NMPR
BD_immune07_722992,tumor,NMPR
BD_immune07_425448,tumor,NMPR
BD_immune07_852438,tumor,NMPR
BD_immune07_758332,tumor,NMPR
BD_immune07_264673,tumor,NMPR
BD_immune07_579423,tumor,NMPR
BD_immune07_675485,tumor,NMPR
BD_immune07_82960,normal,NMPR
BD_immune07_40667,tumor,NMPR
BD_immune07_508197,tumor,NMPR
BD_immune07_254361,tumor,NMPR
BD_immune07_630669,tumor,NMPR
BD_immune07_570800,tumor,NMPR
BD_immune07_819424,tumor,NMPR
BD_immune07_9376,tumor,NMPR
BD_immune07_775650,tumor,NMPR
BD_immune07_574477,normal,NMPR
BD_immune07_570474,normal,NMPR
BD_immune07_379936,tumor,NMPR
BD_immune07_666470,tumor,NMPR
BD_immune07_637804,tumor,NMPR
BD_immune07_105765,tumor,NMPR
BD_immune07_609369,tumor,NMPR
BD_immune07_791707,tumor,NMPR
BD_immune07_301527,tumor,NMPR
BD_immune07_475765,tumor,NMPR
BD_immune07_164128,tumor,NMPR
BD_immune07_847180,tumor,NMPR
BD_immune07_741748,tumor,NMPR
BD_immune07_418436,tumor,NMPR
BD_immune07_161943,tumor,NMPR
BD_immune07_577714,tumor,NMPR
BD_immune07_50859,tumor,NMPR
BD_immune07_797521,tumor,NMPR
BD_immune07_391438,tumor,NMPR
BD_immune07_812749,tumor,NMPR
BD_immune07_763282,tumor,NMPR
BD_immune07_682013,tumor,NMPR
BD_immune07_131608,tumor,NMPR
BD_immune07_673869,normal,NMPR
BD_immune07_676149,tumor,NMPR
BD_immune07_256690,tumor,NMPR
BD_immune07_100270,tumor,NMPR
BD_immune07_27598,tumor,NMPR
BD_immune07_260695,tumor,NMPR
BD_immune07_740594,tumor,NMPR
BD_immune07_134150,tumor,NMPR
BD_immune07_56330,tumor,NMPR
BD_immune07_472580,tumor,NMPR
BD_immune07_24247,tumor,NMPR
BD_immune07_168730,tumor,NMPR
BD_immune07_564691,tumor,NMPR
BD_immune07_489728,tumor,NMPR
BD_immune07_199642,tumor,NMPR
BD_immune07_595552,tumor,NMPR
BD_immune07_419636,tumor,NMPR
BD_immune07_96197,tumor,NMPR
BD_immune07_87380,tumor,NMPR
BD_immune07_486274,tumor,NMPR
BD_immune07_619373,tumor,NMPR
BD_immune07_170219,tumor,NMPR
BD_immune07_782097,tumor,NMPR
BD_immune07_874472,tumor,NMPR
BD_immune07_414982,tumor,NMPR
BD_immune07_340393,tumor,NMPR
BD_immune07_459761,tumor,NMPR
BD_immune07_58424,tumor,NMPR
BD_immune07_458789,tumor,NMPR
BD_immune07_685473,tumor,NMPR
BD_immune07_465852,tumor,NMPR
BD_immune07_30835,tumor,NMPR
BD_immune07_256637,tumor,NMPR
BD_immune07_791347,tumor,NMPR
BD_immune07_191652,tumor,NMPR
BD_immune07_806342,normal,NMPR
BD_immune07_139189,tumor,NMPR
BD_immune07_657086,normal,NMPR
BD_immune07_203683,tumor,NMPR
BD_immune07_579446,tumor,NMPR
BD_immune07_296763,normal,NMPR
BD_immune07_378291,tumor,NMPR
BD_immune07_327984,tumor,NMPR
BD_immune07_443919,tumor,NMPR
BD_immune07_791039,tumor,NMPR
BD_immune07_145651,tumor,NMPR
BD_immune07_515787,tumor,NMPR
BD_immune07_389197,tumor,NMPR
BD_immune07_853372,tumor,NMPR
BD_immune07_848047,tumor,NMPR
BD_immune07_661585,normal,NMPR
BD_immune07_306114,tumor,NMPR
BD_immune07_137837,tumor,NMPR
BD_immune07_457584,tumor,NMPR
BD_immune07_468799,tumor,NMPR
BD_immune07_101042,tumor,NMPR
BD_immune07_461266,tumor,NMPR
BD_immune07_859156,normal,NMPR
BD_immune07_179826,tumor,NMPR
BD_immune07_363900,normal,NMPR
BD_immune07_321766,tumor,NMPR
BD_immune07_719696,tumor,NMPR
BD_immune07_142016,tumor,NMPR
BD_immune07_797548,tumor,NMPR
BD_immune07_75622,tumor,NMPR
BD_immune07_298693,tumor,NMPR
BD_immune07_596970,tumor,NMPR
BD_immune07_368228,tumor,NMPR
BD_immune07_510538,tumor,NMPR
BD_immune07_738715,tumor,NMPR
BD_immune07_142706,tumor,NMPR
BD_immune07_147728,tumor,NMPR
BD_immune07_301619,tumor,NMPR
BD_immune07_181124,tumor,NMPR
BD_immune07_32221,tumor,NMPR
BD_immune07_175968,tumor,NMPR
BD_immune07_518335,tumor,NMPR
BD_immune07_853817,tumor,NMPR
BD_immune07_421999,tumor,NMPR
BD_immune07_88128,tumor,NMPR
BD_immune07_859525,tumor,NMPR
BD_immune07_377802,tumor,NMPR
BD_immune07_243188,tumor,NMPR
BD_immune07_180240,normal,NMPR
BD_immune07_512091,tumor,NMPR
BD_immune07_336481,tumor,NMPR
BD_immune07_258467,tumor,NMPR
BD_immune07_289301,tumor,NMPR
BD_immune07_813129,tumor,NMPR
BD_immune07_187379,tumor,NMPR
BD_immune07_278959,tumor,NMPR
BD_immune07_850944,tumor,NMPR
BD_immune07_172897,tumor,NMPR
BD_immune07_352215,tumor,NMPR
BD_immune07_656545,tumor,NMPR
BD_immune07_792757,tumor,NMPR
BD_immune07_759391,tumor,NMPR
BD_immune07_792185,tumor,NMPR
BD_immune07_580114,tumor,NMPR
BD_immune07_130474,tumor,NMPR
BD_immune07_329466,tumor,NMPR
BD_immune07_601137,tumor,NMPR
BD_immune07_669463,tumor,NMPR
BD_immune07_788062,tumor,NMPR
BD_immune07_370093,tumor,NMPR
BD_immune07_797588,tumor,NMPR
BD_immune07_210242,tumor,NMPR
BD_immune07_93171,tumor,NMPR
BD_immune07_59127,tumor,NMPR
BD_immune07_237463,tumor,NMPR
BD_immune07_286415,tumor,NMPR
BD_immune07_62315,tumor,NMPR
BD_immune07_740989,tumor,NMPR
BD_immune07_679086,tumor,NMPR
BD_immune07_454963,tumor,NMPR
BD_immune07_681729,tumor,NMPR
BD_immune07_699496,tumor,NMPR
BD_immune07_169981,tumor,NMPR
BD_immune07_348852,tumor,NMPR
BD_immune07_706029,tumor,NMPR
BD_immune07_797722,tumor,NMPR
BD_immune07_156039,tumor,NMPR
BD_immune07_1645,normal,NMPR
BD_immune07_391840,tumor,NMPR
BD_immune07_837828,tumor,NMPR
BD_immune07_124216,tumor,NMPR
BD_immune07_55993,tumor,NMPR
BD_immune07_257360,tumor,NMPR
BD_immune07_432653,tumor,NMPR
BD_immune07_238111,tumor,NMPR
BD_immune07_312048,normal,NMPR
BD_immune07_47851,tumor,NMPR
BD_immune07_301139,tumor,NMPR
BD_immune07_350751,tumor,NMPR
BD_immune07_392183,tumor,NMPR
BD_immune07_645004,tumor,NMPR
BD_immune07_788187,tumor,NMPR
BD_immune07_639841,tumor,NMPR
BD_immune07_653627,tumor,NMPR
BD_immune07_475523,tumor,NMPR
BD_immune07_209066,tumor,NMPR
BD_immune07_797633,tumor,NMPR
BD_immune07_526761,tumor,NMPR
BD_immune07_15645,tumor,NMPR
BD_immune07_658255,tumor,NMPR
BD_immune07_169288,tumor,NMPR
BD_immune07_219173,tumor,NMPR
BD_immune07_23833,tumor,NMPR
BD_immune07_708109,tumor,NMPR
BD_immune07_9431,tumor,NMPR
BD_immune07_415633,tumor,NMPR
BD_immune07_7913,tumor,NMPR
BD_immune07_814886,tumor,NMPR
BD_immune07_253305,tumor,NMPR
BD_immune07_435691,tumor,NMPR
BD_immune07_791637,tumor,NMPR
BD_immune07_666619,tumor,NMPR
BD_immune07_565546,tumor,NMPR
BD_immune07_658684,tumor,NMPR
BD_immune07_835249,tumor,NMPR
BD_immune07_67840,tumor,NMPR
BD_immune07_387801,tumor,NMPR
BD_immune07_807547,normal,NMPR
BD_immune07_231618,tumor,NMPR
BD_immune07_551205,tumor,NMPR
BD_immune07_496262,tumor,NMPR
BD_immune07_347142,tumor,NMPR
BD_immune07_107181,tumor,NMPR
BD_immune07_662217,tumor,NMPR
BD_immune07_759534,tumor,NMPR
BD_immune07_36823,tumor,NMPR
BD_immune07_477313,tumor,NMPR
BD_immune07_599804,tumor,NMPR
BD_immune07_312002,tumor,NMPR
BD_immune07_436230,tumor,NMPR
BD_immune07_22767,tumor,NMPR
BD_immune07_775139,normal,NMPR
BD_immune07_612583,tumor,NMPR
BD_immune07_506635,tumor,NMPR
BD_immune07_727747,tumor,NMPR
BD_immune07_467108,tumor,NMPR
BD_immune07_457622,tumor,NMPR
BD_immune07_113198,tumor,NMPR
BD_immune07_677033,tumor,NMPR
BD_immune07_393664,tumor,NMPR
BD_immune07_422769,tumor,NMPR
BD_immune07_130401,tumor,NMPR
BD_immune07_220095,tumor,NMPR
BD_immune07_545263,tumor,NMPR
BD_immune07_491047,tumor,NMPR
BD_immune07_28116,tumor,NMPR
BD_immune07_715658,tumor,NMPR
BD_immune07_297377,tumor,NMPR
BD_immune07_714788,tumor,NMPR
BD_immune07_523295,tumor,NMPR
BD_immune07_336147,tumor,NMPR
BD_immune07_36530,tumor,NMPR
BD_immune07_16131,tumor,NMPR
BD_immune07_624258,tumor,NMPR
BD_immune07_135131,normal,NMPR
BD_immune07_113731,tumor,NMPR
BD_immune07_759989,normal,NMPR
BD_immune07_587867,tumor,NMPR
BD_immune07_279631,tumor,NMPR
BD_immune07_44142,normal,NMPR
BD_immune07_50354,tumor,NMPR
BD_immune07_351118,tumor,NMPR
BD_immune07_810522,tumor,NMPR
BD_immune07_542239,tumor,NMPR
BD_immune07_436732,tumor,NMPR
BD_immune07_184273,tumor,NMPR
BD_immune07_548962,tumor,NMPR
BD_immune07_144246,tumor,NMPR
BD_immune07_418510,tumor,NMPR
BD_immune07_865115,tumor,NMPR
BD_immune07_558409,tumor,NMPR
BD_immune07_424676,tumor,NMPR
BD_immune07_74782,normal,NMPR
BD_immune07_359151,tumor,NMPR
BD_immune07_518647,tumor,NMPR
BD_immune07_274815,tumor,NMPR
BD_immune07_435894,tumor,NMPR
BD_immune07_378544,tumor,NMPR
BD_immune07_530478,tumor,NMPR
BD_immune07_19316,tumor,NMPR
BD_immune07_403414,tumor,NMPR
BD_immune07_125307,normal,NMPR
BD_immune07_558179,tumor,NMPR
BD_immune07_9391,normal,NMPR
BD_immune07_640885,tumor,NMPR
BD_immune07_352064,normal,NMPR
BD_immune07_849388,normal,NMPR
BD_immune07_686627,tumor,NMPR
BD_immune07_847114,tumor,NMPR
BD_immune07_214970,tumor,NMPR
BD_immune07_767424,tumor,NMPR
BD_immune07_868721,tumor,NMPR
BD_immune07_762436,tumor,NMPR
BD_immune07_111016,tumor,NMPR
BD_immune07_240107,tumor,NMPR
BD_immune07_734721,tumor,NMPR
BD_immune07_749598,tumor,NMPR
BD_immune07_9257,normal,NMPR
BD_immune07_437116,tumor,NMPR
BD_immune07_357506,tumor,NMPR
BD_immune07_122028,tumor,NMPR
BD_immune07_654295,normal,NMPR
BD_immune07_504037,tumor,NMPR
BD_immune07_50027,normal,NMPR
BD_immune07_418661,tumor,NMPR
BD_immune07_334538,tumor,NMPR
BD_immune07_757173,tumor,NMPR
BD_immune07_840341,tumor,NMPR
BD_immune07_148653,tumor,NMPR
BD_immune07_462336,tumor,NMPR
BD_immune07_295990,normal,NMPR
BD_immune07_842760,tumor,NMPR
BD_immune07_634541,tumor,NMPR
BD_immune07_117470,tumor,NMPR
BD_immune07_335772,normal,NMPR
BD_immune07_21955,tumor,NMPR
BD_immune07_672912,tumor,NMPR
BD_immune07_283836,tumor,NMPR
BD_immune07_825423,tumor,NMPR
BD_immune07_368996,tumor,NMPR
BD_immune07_235516,tumor,NMPR
BD_immune07_69002,normal,NMPR
BD_immune07_594606,tumor,NMPR
BD_immune07_210023,tumor,NMPR
BD_immune07_406834,tumor,NMPR
BD_immune07_322340,tumor,NMPR
BD_immune07_514859,normal,NMPR
BD_immune07_780646,tumor,NMPR
BD_immune07_12844,normal,NMPR
BD_immune07_632392,tumor,NMPR
BD_immune07_90289,tumor,NMPR
BD_immune07_674636,normal,NMPR
BD_immune07_667104,tumor,NMPR
BD_immune07_743265,tumor,NMPR
BD_immune07_205604,normal,NMPR
BD_immune07_6415,tumor,NMPR
BD_immune07_498922,tumor,NMPR
BD_immune07_558733,tumor,NMPR
BD_immune07_644294,tumor,NMPR
BD_immune07_286089,tumor,NMPR
BD_immune07_147678,tumor,NMPR
BD_immune07_789849,tumor,NMPR
BD_immune07_860912,tumor,NMPR
BD_immune07_79486,tumor,NMPR
BD_immune07_206577,tumor,NMPR
BD_immune07_691688,tumor,NMPR
BD_immune07_276396,tumor,NMPR
BD_immune07_814134,tumor,NMPR
BD_immune07_637165,tumor,NMPR
BD_immune07_512197,tumor,NMPR
BD_immune07_33775,tumor,NMPR
BD_immune07_221921,tumor,NMPR
BD_immune07_390308,tumor,NMPR
BD_immune07_204556,normal,NMPR
BD_immune07_558041,normal,NMPR
BD_immune07_311032,tumor,NMPR
BD_immune07_729696,tumor,NMPR
BD_immune07_4911,tumor,NMPR
BD_immune07_167675,tumor,NMPR
BD_immune07_327340,tumor,NMPR
BD_immune07_49657,tumor,NMPR
BD_immune07_65771,tumor,NMPR
BD_immune07_741694,tumor,NMPR
BD_immune07_350885,tumor,NMPR
BD_immune07_808556,tumor,NMPR
BD_immune07_87479,tumor,NMPR
BD_immune07_59644,normal,NMPR
BD_immune07_219885,tumor,NMPR
BD_immune07_290505,normal,NMPR
BD_immune07_842913,tumor,NMPR
BD_immune07_192928,tumor,NMPR
BD_immune07_735828,tumor,NMPR
BD_immune07_419381,tumor,NMPR
BD_immune07_780019,tumor,NMPR
BD_immune07_333018,tumor,NMPR
BD_immune07_695141,tumor,NMPR
BD_immune07_560229,tumor,NMPR
BD_immune07_66334,tumor,NMPR
BD_immune07_572662,tumor,NMPR
BD_immune07_683567,normal,NMPR
BD_immune07_278181,tumor,NMPR
BD_immune07_602859,tumor,NMPR
BD_immune07_699187,tumor,NMPR
BD_immune07_496229,normal,NMPR
BD_immune07_394915,tumor,NMPR
BD_immune07_353938,normal,NMPR
BD_immune07_239261,tumor,NMPR
BD_immune07_272239,tumor,NMPR
BD_immune07_268938,tumor,NMPR
BD_immune07_571301,tumor,NMPR
BD_immune07_64574,tumor,NMPR
BD_immune07_522583,tumor,NMPR
BD_immune07_761288,tumor,NMPR
BD_immune07_831378,tumor,NMPR
BD_immune07_643890,tumor,NMPR
BD_immune07_298103,tumor,NMPR
BD_immune07_768546,normal,NMPR
BD_immune07_719282,tumor,NMPR
BD_immune07_582536,normal,NMPR
BD_immune07_286463,tumor,NMPR
BD_immune07_281560,tumor,NMPR
BD_immune07_880472,tumor,NMPR
BD_immune07_359939,tumor,NMPR
BD_immune07_614411,normal,NMPR
BD_immune07_265006,tumor,NMPR
BD_immune07_381827,tumor,NMPR
BD_immune07_469202,tumor,NMPR
BD_immune07_470492,tumor,NMPR
BD_immune07_584234,tumor,NMPR
BD_immune07_796603,tumor,NMPR
BD_immune07_584845,tumor,NMPR
BD_immune07_97078,tumor,NMPR
BD_immune07_340219,normal,NMPR
BD_immune07_390771,tumor,NMPR
BD_immune07_242675,tumor,NMPR
BD_immune07_417196,tumor,NMPR
BD_immune07_768058,tumor,NMPR
BD_immune07_777874,normal,NMPR
BD_immune07_132321,tumor,NMPR
BD_immune07_20516,tumor,NMPR
BD_immune07_820285,tumor,NMPR
BD_immune07_694897,tumor,NMPR
BD_immune07_587296,filtered,NMPR
BD_immune07_352221,normal,NMPR
BD_immune07_369914,tumor,NMPR
BD_immune07_796778,tumor,NMPR
BD_immune07_219017,tumor,NMPR
BD_immune07_873058,tumor,NMPR
BD_immune07_362797,normal,NMPR
BD_immune07_214258,tumor,NMPR
BD_immune07_458899,normal,NMPR
BD_immune07_340306,tumor,NMPR
BD_immune07_537535,normal,NMPR
BD_immune07_766055,normal,NMPR
BD_immune07_57329,tumor,NMPR
BD_immune07_474362,tumor,NMPR
BD_immune07_786228,tumor,NMPR
BD_immune07_444768,tumor,NMPR
BD_immune07_808055,tumor,NMPR
BD_immune07_378444,tumor,NMPR
BD_immune07_687833,tumor,NMPR
BD_immune07_586974,tumor,NMPR
BD_immune07_269031,tumor,NMPR
BD_immune07_182916,tumor,NMPR
BD_immune07_521935,tumor,NMPR
BD_immune07_807774,tumor,NMPR
BD_immune07_422521,tumor,NMPR
BD_immune07_811263,tumor,NMPR
BD_immune07_746586,tumor,NMPR
BD_immune07_133002,tumor,NMPR
BD_immune07_253125,tumor,NMPR
BD_immune07_585283,tumor,NMPR
BD_immune07_314692,tumor,NMPR
BD_immune07_356123,tumor,NMPR
BD_immune07_764581,tumor,NMPR
BD_immune07_616280,tumor,NMPR
BD_immune07_880254,tumor,NMPR
BD_immune07_150878,tumor,NMPR
BD_immune07_80113,tumor,NMPR
BD_immune07_396623,tumor,NMPR
BD_immune07_148456,tumor,NMPR
BD_immune07_131610,tumor,NMPR
BD_immune07_252085,tumor,NMPR
BD_immune07_503731,tumor,NMPR
BD_immune07_301557,tumor,NMPR
BD_immune07_649674,tumor,NMPR
BD_immune07_225285,tumor,NMPR
BD_immune07_534456,tumor,NMPR
BD_immune07_387737,tumor,NMPR
BD_immune07_218633,normal,NMPR
BD_immune07_266905,tumor,NMPR
BD_immune07_349756,tumor,NMPR
BD_immune07_293059,normal,NMPR
BD_immune07_668696,tumor,NMPR
BD_immune07_279328,tumor,NMPR
BD_immune07_266833,tumor,NMPR
BD_immune07_778594,tumor,NMPR
BD_immune07_93173,tumor,NMPR
BD_immune07_719369,tumor,NMPR
BD_immune07_778790,normal,NMPR
BD_immune07_9154,tumor,NMPR
BD_immune07_509818,tumor,NMPR
BD_immune07_489096,tumor,NMPR
BD_immune07_668111,tumor,NMPR
BD_immune07_224929,tumor,NMPR
BD_immune07_850990,tumor,NMPR
BD_immune07_523187,tumor,NMPR
BD_immune07_400981,tumor,NMPR
BD_immune07_724560,tumor,NMPR
BD_immune07_15074,tumor,NMPR
BD_immune07_638349,tumor,NMPR
BD_immune07_90294,tumor,NMPR
BD_immune07_754982,tumor,NMPR
BD_immune07_567156,tumor,NMPR
BD_immune07_626233,normal,NMPR
BD_immune07_831491,tumor,NMPR
BD_immune07_753327,normal,NMPR
BD_immune07_24117,tumor,NMPR
BD_immune07_831936,tumor,NMPR
BD_immune07_566316,tumor,NMPR
BD_immune07_737549,tumor,NMPR
BD_immune07_368558,tumor,NMPR
BD_immune07_209784,tumor,NMPR
BD_immune07_752589,normal,NMPR
BD_immune07_297746,tumor,NMPR
BD_immune07_755636,tumor,NMPR
BD_immune07_150148,tumor,NMPR
BD_immune07_806810,tumor,NMPR
BD_immune07_546939,tumor,NMPR
BD_immune07_626878,tumor,NMPR
BD_immune07_726899,tumor,NMPR
BD_immune07_331226,tumor,NMPR
BD_immune07_296631,tumor,NMPR
BD_immune07_265271,tumor,NMPR
BD_immune07_492974,tumor,NMPR
BD_immune07_447682,tumor,NMPR
BD_immune07_677857,tumor,NMPR
BD_immune07_291425,tumor,NMPR
BD_immune07_718181,tumor,NMPR
BD_immune07_339828,tumor,NMPR
BD_immune07_377756,tumor,NMPR
BD_immune07_732217,tumor,NMPR
BD_immune07_567601,tumor,NMPR
BD_immune07_421163,tumor,NMPR
BD_immune07_192260,tumor,NMPR
BD_immune07_683367,tumor,NMPR
BD_immune07_184653,tumor,NMPR
BD_immune07_815497,tumor,NMPR
BD_immune07_94947,tumor,NMPR
BD_immune07_64355,normal,NMPR
BD_immune07_686291,tumor,NMPR
BD_immune07_669376,tumor,NMPR
BD_immune07_669896,tumor,NMPR
BD_immune07_34188,normal,NMPR
BD_immune07_27640,tumor,NMPR
BD_immune07_57744,tumor,NMPR
BD_immune07_640677,tumor,NMPR
BD_immune07_600052,tumor,NMPR
BD_immune07_851086,normal,NMPR
BD_immune07_849395,tumor,NMPR
BD_immune07_311630,tumor,NMPR
BD_immune07_442848,tumor,NMPR
BD_immune07_820008,tumor,NMPR
BD_immune07_287750,normal,NMPR
BD_immune07_832401,tumor,NMPR
BD_immune07_114657,tumor,NMPR
BD_immune07_867647,tumor,NMPR
BD_immune07_832780,tumor,NMPR
BD_immune07_880123,tumor,NMPR
BD_immune07_196406,normal,NMPR
BD_immune07_812797,tumor,NMPR
BD_immune07_206490,normal,NMPR
BD_immune07_795160,tumor,NMPR
BD_immune07_312352,tumor,NMPR
BD_immune07_57262,tumor,NMPR
BD_immune07_743040,tumor,NMPR
BD_immune07_74158,tumor,NMPR
BD_immune07_88215,tumor,NMPR
BD_immune07_638977,normal,NMPR
BD_immune07_607820,tumor,NMPR
BD_immune07_375069,tumor,NMPR
BD_immune07_179680,tumor,NMPR
BD_immune07_708703,tumor,NMPR
BD_immune07_418462,tumor,NMPR
BD_immune07_743806,tumor,NMPR
BD_immune07_488447,tumor,NMPR
BD_immune07_172185,tumor,NMPR
BD_immune07_662420,tumor,NMPR
BD_immune07_658586,tumor,NMPR
BD_immune07_249273,tumor,NMPR
BD_immune07_455206,tumor,NMPR
BD_immune07_872189,tumor,NMPR
BD_immune07_456784,normal,NMPR
BD_immune07_353888,normal,NMPR
BD_immune07_10270,normal,NMPR
BD_immune07_120641,tumor,NMPR
BD_immune07_555668,tumor,NMPR
BD_immune07_518452,tumor,NMPR
BD_immune07_130603,tumor,NMPR
BD_immune07_290181,tumor,NMPR
BD_immune07_727183,tumor,NMPR
BD_immune07_829120,tumor,NMPR
BD_immune07_721104,tumor,NMPR
BD_immune07_11488,tumor,NMPR
BD_immune07_774873,tumor,NMPR
BD_immune07_610263,tumor,NMPR
BD_immune07_543385,tumor,NMPR
BD_immune07_779249,tumor,NMPR
BD_immune07_103489,tumor,NMPR
BD_immune07_870936,tumor,NMPR
BD_immune07_286997,tumor,NMPR
BD_immune07_262757,tumor,NMPR
BD_immune07_620263,tumor,NMPR
BD_immune07_95765,tumor,NMPR
BD_immune07_240027,tumor,NMPR
BD_immune07_242513,tumor,NMPR
BD_immune07_57081,tumor,NMPR
BD_immune07_519240,normal,NMPR
BD_immune07_174405,normal,NMPR
BD_immune07_265743,tumor,NMPR
BD_immune07_687149,tumor,NMPR
BD_immune07_122101,tumor,NMPR
BD_immune07_580566,tumor,NMPR
BD_immune07_515617,tumor,NMPR
BD_immune07_751598,tumor,NMPR
BD_immune07_273586,normal,NMPR
BD_immune07_311594,tumor,NMPR
BD_immune07_238055,tumor,NMPR
BD_immune07_532759,tumor,NMPR
BD_immune07_257034,tumor,NMPR
BD_immune07_265682,normal,NMPR
BD_immune07_97057,tumor,NMPR
BD_immune07_196174,tumor,NMPR
BD_immune07_494600,tumor,NMPR
BD_immune07_623885,tumor,NMPR
BD_immune07_136681,tumor,NMPR
BD_immune07_482380,tumor,NMPR
BD_immune07_170672,normal,NMPR
BD_immune07_866152,tumor,NMPR
BD_immune07_484135,tumor,NMPR
BD_immune07_780853,tumor,NMPR
BD_immune07_475346,tumor,NMPR
BD_immune07_91671,tumor,NMPR
BD_immune07_570519,tumor,NMPR
BD_immune07_827546,tumor,NMPR
BD_immune07_148559,tumor,NMPR
BD_immune07_544152,normal,NMPR
BD_immune07_862133,tumor,NMPR
BD_immune07_800287,tumor,NMPR
BD_immune07_673095,tumor,NMPR
BD_immune07_130183,tumor,NMPR
BD_immune07_59013,tumor,NMPR
BD_immune07_673442,tumor,NMPR
BD_immune07_528907,tumor,NMPR
BD_immune07_377369,tumor,NMPR
BD_immune07_780730,tumor,NMPR
BD_immune07_607455,tumor,NMPR
BD_immune07_542843,normal,NMPR
BD_immune07_586906,tumor,NMPR
BD_immune07_462054,tumor,NMPR
BD_immune07_172911,normal,NMPR
BD_immune07_733725,tumor,NMPR
BD_immune07_102617,tumor,NMPR
BD_immune07_270053,tumor,NMPR
BD_immune07_236983,tumor,NMPR
BD_immune07_83596,tumor,NMPR
BD_immune07_860689,tumor,NMPR
BD_immune07_456309,normal,NMPR
BD_immune07_31862,tumor,NMPR
BD_immune07_674652,tumor,NMPR
BD_immune07_503682,tumor,NMPR
BD_immune07_814895,tumor,NMPR
BD_immune07_138665,tumor,NMPR
BD_immune07_106804,tumor,NMPR
BD_immune07_198160,normal,NMPR
BD_immune07_164839,normal,NMPR
BD_immune07_357984,tumor,NMPR
BD_immune07_792972,tumor,NMPR
BD_immune07_55772,tumor,NMPR
BD_immune07_685289,tumor,NMPR
BD_immune07_136141,tumor,NMPR
BD_immune07_486484,tumor,NMPR
BD_immune07_192017,tumor,NMPR
BD_immune07_276254,tumor,NMPR
BD_immune07_218955,tumor,NMPR
BD_immune07_410609,tumor,NMPR
BD_immune07_397981,tumor,NMPR
BD_immune07_183823,tumor,NMPR
BD_immune07_640819,tumor,NMPR
BD_immune07_679387,normal,NMPR
BD_immune07_859807,tumor,NMPR
BD_immune07_497909,tumor,NMPR
BD_immune07_296325,tumor,NMPR
BD_immune07_811960,normal,NMPR
BD_immune07_762666,tumor,NMPR
BD_immune07_811422,tumor,NMPR
BD_immune07_569695,tumor,NMPR
BD_immune07_767078,tumor,NMPR
BD_immune07_825395,tumor,NMPR
BD_immune07_469877,tumor,NMPR
BD_immune07_520440,tumor,NMPR
BD_immune07_742908,tumor,NMPR
BD_immune07_324915,normal,NMPR
BD_immune07_8877,tumor,NMPR
BD_immune07_225441,normal,NMPR
BD_immune07_589060,tumor,NMPR
BD_immune07_402788,tumor,NMPR
BD_immune07_442861,tumor,NMPR
BD_immune07_884403,tumor,NMPR
BD_immune07_336940,normal,NMPR
BD_immune07_313797,tumor,NMPR
BD_immune07_518464,tumor,NMPR
BD_immune07_483477,normal,NMPR
BD_immune07_807298,normal,NMPR
BD_immune07_179838,tumor,NMPR
BD_immune07_771003,normal,NMPR
BD_immune07_687607,normal,NMPR
BD_immune07_312384,tumor,NMPR
BD_immune07_382955,tumor,NMPR
BD_immune07_176975,tumor,NMPR
BD_immune07_317790,normal,NMPR
BD_immune07_545474,normal,NMPR
BD_immune07_811070,normal,NMPR
BD_immune07_854184,tumor,NMPR
BD_immune07_709864,tumor,NMPR
BD_immune07_814243,normal,NMPR
BD_immune07_104185,tumor,NMPR
BD_immune07_633751,tumor,NMPR
BD_immune07_670113,tumor,NMPR
BD_immune07_803959,tumor,NMPR
BD_immune07_881106,tumor,NMPR
BD_immune07_476913,tumor,NMPR
BD_immune07_732195,normal,NMPR
BD_immune07_243447,tumor,NMPR
BD_immune07_496421,tumor,NMPR
BD_immune07_860128,tumor,NMPR
BD_immune07_276741,tumor,NMPR
BD_immune07_625539,normal,NMPR
BD_immune07_254372,tumor,NMPR
BD_immune07_23168,normal,NMPR
BD_immune07_41101,tumor,NMPR
BD_immune07_87962,tumor,NMPR
BD_immune07_757201,tumor,NMPR
BD_immune07_306468,tumor,NMPR
BD_immune07_640200,tumor,NMPR
BD_immune07_755646,tumor,NMPR
BD_immune07_602098,tumor,NMPR
BD_immune07_765829,normal,NMPR
BD_immune07_665898,normal,NMPR
BD_immune07_654568,normal,NMPR
BD_immune07_736204,tumor,NMPR
BD_immune07_344874,tumor,NMPR
BD_immune07_522573,tumor,NMPR
BD_immune07_413768,normal,NMPR
BD_immune07_232659,tumor,NMPR
BD_immune07_756228,normal,NMPR
BD_immune07_684192,tumor,NMPR
BD_immune07_104991,tumor,NMPR
BD_immune07_620823,tumor,NMPR
BD_immune07_257891,normal,NMPR
BD_immune07_65357,tumor,NMPR
BD_immune07_387987,tumor,NMPR
BD_immune07_741888,tumor,NMPR
BD_immune07_784495,tumor,NMPR
BD_immune07_567236,tumor,NMPR
BD_immune07_626909,tumor,NMPR
BD_immune07_367028,tumor,NMPR
BD_immune07_369560,tumor,NMPR
BD_immune07_149027,normal,NMPR
BD_immune07_218042,tumor,NMPR
BD_immune07_812234,tumor,NMPR
BD_immune07_485819,tumor,NMPR
BD_immune07_438893,tumor,NMPR
BD_immune07_242646,tumor,NMPR
BD_immune07_636267,tumor,NMPR
BD_immune07_776872,normal,NMPR
BD_immune07_391859,tumor,NMPR
BD_immune07_71498,tumor,NMPR
BD_immune07_78573,tumor,NMPR
BD_immune07_234442,tumor,NMPR
BD_immune07_264909,tumor,NMPR
BD_immune07_205097,tumor,NMPR
BD_immune07_39,tumor,NMPR
BD_immune07_199076,tumor,NMPR
BD_immune07_317684,tumor,NMPR
BD_immune07_794108,normal,NMPR
BD_immune07_826075,normal,NMPR
BD_immune07_269049,normal,NMPR
BD_immune07_104525,tumor,NMPR
BD_immune07_370650,normal,NMPR
BD_immune07_805617,tumor,NMPR
BD_immune07_493284,normal,NMPR
BD_immune07_339077,tumor,NMPR
BD_immune07_582756,tumor,NMPR
BD_immune07_420000,tumor,NMPR
BD_immune07_585565,tumor,NMPR
BD_immune07_746539,tumor,NMPR
BD_immune07_262640,tumor,NMPR
BD_immune07_824034,normal,NMPR
BD_immune07_770245,tumor,NMPR
BD_immune07_396735,tumor,NMPR
BD_immune07_460120,normal,NMPR
BD_immune07_385387,normal,NMPR
BD_immune07_642642,normal,NMPR
BD_immune07_700495,tumor,NMPR
BD_immune07_38980,tumor,NMPR
BD_immune07_8805,tumor,NMPR
BD_immune07_395362,tumor,NMPR
BD_immune07_90449,normal,NMPR
BD_immune07_776845,tumor,NMPR
BD_immune07_832659,tumor,NMPR
BD_immune07_815108,tumor,NMPR
BD_immune07_847714,normal,NMPR
BD_immune07_813667,normal,NMPR
BD_immune07_192213,tumor,NMPR
BD_immune07_721105,tumor,NMPR
BD_immune07_107544,tumor,NMPR
BD_immune07_326077,tumor,NMPR
BD_immune07_258458,tumor,NMPR
BD_immune07_743382,tumor,NMPR
BD_immune07_622071,tumor,NMPR
BD_immune07_503162,tumor,NMPR
BD_immune07_36217,normal,NMPR
BD_immune07_46748,normal,NMPR
BD_immune07_422694,tumor,NMPR
BD_immune07_114024,normal,NMPR
BD_immune07_682443,tumor,NMPR
BD_immune07_326769,tumor,NMPR
BD_immune07_741925,normal,NMPR
BD_immune07_445371,tumor,NMPR
BD_immune07_691657,tumor,NMPR
BD_immune07_370214,normal,NMPR
BD_immune07_604711,tumor,NMPR
BD_immune07_795037,tumor,NMPR
BD_immune07_387310,tumor,NMPR
BD_immune07_221524,tumor,NMPR
BD_immune07_471990,tumor,NMPR
BD_immune07_493356,tumor,NMPR
BD_immune07_97668,tumor,NMPR
BD_immune07_35651,tumor,NMPR
BD_immune07_42689,tumor,NMPR
BD_immune07_258228,tumor,NMPR
BD_immune07_86905,normal,NMPR
BD_immune07_328987,tumor,NMPR
BD_immune07_167478,tumor,NMPR
BD_immune07_381046,tumor,NMPR
BD_immune07_415450,tumor,NMPR
BD_immune07_806041,normal,NMPR
BD_immune07_505914,tumor,NMPR
BD_immune07_331454,normal,NMPR
BD_immune07_145957,normal,NMPR
BD_immune07_643341,tumor,NMPR
BD_immune07_402604,tumor,NMPR
BD_immune07_745211,tumor,NMPR
BD_immune07_265828,tumor,NMPR
BD_immune07_785604,normal,NMPR
BD_immune07_169818,tumor,NMPR
BD_immune07_435697,tumor,NMPR
BD_immune07_704086,normal,NMPR
BD_immune07_483122,tumor,NMPR
BD_immune07_68859,tumor,NMPR
BD_immune07_114290,tumor,NMPR
BD_immune07_412662,normal,NMPR
BD_immune07_418217,tumor,NMPR
BD_immune07_472795,normal,NMPR
BD_immune07_640780,tumor,NMPR
BD_immune07_341831,normal,NMPR
BD_immune07_651376,normal,NMPR
BD_immune07_852249,normal,NMPR
BD_immune07_801855,tumor,NMPR
BD_immune07_3973,tumor,NMPR
BD_immune07_333680,normal,NMPR
BD_immune07_524805,tumor,NMPR
BD_immune07_649594,tumor,NMPR
BD_immune07_239269,tumor,NMPR
BD_immune07_464786,tumor,NMPR
BD_immune07_845621,tumor,NMPR
BD_immune07_713281,normal,NMPR
BD_immune07_308443,tumor,NMPR
BD_immune07_738686,tumor,NMPR
BD_immune07_12815,normal,NMPR
BD_immune07_840471,normal,NMPR
BD_immune07_416214,tumor,NMPR
BD_immune07_91564,tumor,NMPR
BD_immune07_4906,normal,NMPR
BD_immune07_423444,tumor,NMPR
BD_immune07_739155,tumor,NMPR
BD_immune07_279334,tumor,NMPR
BD_immune07_275193,tumor,NMPR
BD_immune07_355206,tumor,NMPR
BD_immune07_488735,tumor,NMPR
BD_immune07_369864,tumor,NMPR
BD_immune07_54683,tumor,NMPR
BD_immune07_22366,tumor,NMPR
BD_immune07_364615,normal,NMPR
BD_immune07_83929,normal,NMPR
BD_immune07_39395,tumor,NMPR
BD_immune07_627770,normal,NMPR
BD_immune07_553846,tumor,NMPR
BD_immune07_403776,tumor,NMPR
BD_immune07_88108,normal,NMPR
BD_immune07_131253,normal,NMPR
BD_immune07_743217,normal,NMPR
BD_immune07_244934,tumor,NMPR
BD_immune07_198402,tumor,NMPR
BD_immune07_588714,normal,NMPR
BD_immune07_286912,tumor,NMPR
BD_immune07_866903,tumor,NMPR
BD_immune07_169465,tumor,NMPR
BD_immune07_567530,tumor,NMPR
BD_immune07_858039,tumor,NMPR
BD_immune07_306116,tumor,NMPR
BD_immune07_199538,tumor,NMPR
BD_immune07_83597,normal,NMPR
BD_immune07_151389,tumor,NMPR
BD_immune07_831114,tumor,NMPR
BD_immune07_305890,tumor,NMPR
BD_immune07_184703,normal,NMPR
BD_immune07_79679,tumor,NMPR
BD_immune07_823269,tumor,NMPR
BD_immune07_331359,tumor,NMPR
BD_immune07_770189,tumor,NMPR
BD_immune07_763766,tumor,NMPR
BD_immune07_586895,tumor,NMPR
BD_immune07_676396,tumor,NMPR
BD_immune07_771860,tumor,NMPR
BD_immune07_515093,tumor,NMPR
BD_immune07_516250,tumor,NMPR
BD_immune07_25923,tumor,NMPR
BD_immune07_118647,tumor,NMPR
BD_immune07_875924,tumor,NMPR
BD_immune07_703285,tumor,NMPR
BD_immune07_496919,tumor,NMPR
BD_immune07_473549,tumor,NMPR
BD_immune07_644734,tumor,NMPR
BD_immune07_447771,tumor,NMPR
BD_immune07_509439,tumor,NMPR
BD_immune07_732595,normal,NMPR
BD_immune07_537273,tumor,NMPR
BD_immune07_617305,tumor,NMPR
BD_immune07_264031,normal,NMPR
BD_immune07_198339,normal,NMPR
BD_immune07_823991,tumor,NMPR
BD_immune07_415194,tumor,NMPR
BD_immune07_527195,tumor,NMPR
BD_immune07_44850,tumor,NMPR
BD_immune07_535454,tumor,NMPR
BD_immune07_761645,tumor,NMPR
BD_immune07_843098,tumor,NMPR
BD_immune07_708596,tumor,NMPR
BD_immune07_7457,tumor,NMPR
BD_immune07_526651,normal,NMPR
BD_immune07_851215,normal,NMPR
BD_immune07_811612,normal,NMPR
BD_immune07_273802,tumor,NMPR
BD_immune07_642489,tumor,NMPR
BD_immune07_564951,tumor,NMPR
BD_immune07_322676,tumor,NMPR
BD_immune07_869112,normal,NMPR
BD_immune07_632027,tumor,NMPR
BD_immune07_458876,tumor,NMPR
BD_immune07_447379,tumor,NMPR
BD_immune07_159664,normal,NMPR
BD_immune07_762914,tumor,NMPR
BD_immune07_601410,tumor,NMPR
BD_immune07_632343,tumor,NMPR
BD_immune07_310874,tumor,NMPR
BD_immune07_57829,tumor,NMPR
BD_immune07_532270,tumor,NMPR
BD_immune07_354293,normal,NMPR
BD_immune07_422325,normal,NMPR
BD_immune07_253935,normal,NMPR
BD_immune07_108792,normal,NMPR
BD_immune07_3060,normal,NMPR
BD_immune07_259981,normal,NMPR
BD_immune07_39652,normal,NMPR
BD_immune07_515296,normal,NMPR
BD_immune07_641228,tumor,NMPR
BD_immune07_145800,tumor,NMPR
BD_immune07_483093,tumor,NMPR
BD_immune07_98945,tumor,NMPR
BD_immune07_440468,normal,NMPR
BD_immune07_486443,filtered,NMPR
BD_immune07_163326,tumor,NMPR
BD_immune07_492841,tumor,NMPR
BD_immune07_687552,tumor,NMPR
BD_immune07_303062,tumor,NMPR
BD_immune07_823314,tumor,NMPR
BD_immune07_564249,tumor,NMPR
BD_immune07_785588,tumor,NMPR
BD_immune07_302520,tumor,NMPR
BD_immune07_53182,normal,NMPR
BD_immune07_726995,normal,NMPR
BD_immune07_174343,tumor,NMPR
BD_immune07_780630,tumor,NMPR
BD_immune07_315691,normal,NMPR
BD_immune07_479179,tumor,NMPR
BD_immune07_121993,tumor,NMPR
BD_immune07_313674,normal,NMPR
BD_immune07_562195,tumor,NMPR
BD_immune07_789043,tumor,NMPR
BD_immune07_458210,tumor,NMPR
BD_immune07_98972,tumor,NMPR
BD_immune07_717133,tumor,NMPR
BD_immune07_463840,tumor,NMPR
BD_immune07_870205,tumor,NMPR
BD_immune07_196999,normal,NMPR
BD_immune07_505247,tumor,NMPR
BD_immune07_787964,normal,NMPR
BD_immune07_292755,normal,NMPR
BD_immune07_538229,tumor,NMPR
BD_immune07_642785,tumor,NMPR
BD_immune07_94090,normal,NMPR
BD_immune07_178401,normal,NMPR
BD_immune07_333489,tumor,NMPR
BD_immune07_3843,tumor,NMPR
BD_immune07_642190,tumor,NMPR
BD_immune07_676831,normal,NMPR
BD_immune07_484214,tumor,NMPR
BD_immune07_195917,tumor,NMPR
BD_immune07_97130,tumor,NMPR
BD_immune07_667579,tumor,NMPR
BD_immune07_281600,normal,NMPR
BD_immune07_157619,tumor,NMPR
BD_immune07_489976,tumor,NMPR
BD_immune07_522533,tumor,NMPR
BD_immune07_802881,normal,NMPR
BD_immune07_445133,tumor,NMPR
BD_immune07_862797,tumor,NMPR
BD_immune07_612990,tumor,NMPR
BD_immune07_121263,normal,NMPR
BD_immune07_7473,tumor,NMPR
BD_immune07_588070,normal,NMPR
BD_immune07_735730,tumor,NMPR
BD_immune07_580723,normal,NMPR
BD_immune07_551849,normal,NMPR
BD_immune07_883459,normal,NMPR
BD_immune07_92858,normal,NMPR
BD_immune07_639381,tumor,NMPR
BD_immune07_667042,tumor,NMPR
BD_immune07_712656,tumor,NMPR
BD_immune07_389851,normal,NMPR
BD_immune07_688117,tumor,NMPR
BD_immune07_731506,tumor,NMPR
BD_immune07_634642,tumor,NMPR
BD_immune07_183671,tumor,NMPR
BD_immune07_168107,tumor,NMPR
BD_immune07_16065,tumor,NMPR
BD_immune07_689872,tumor,NMPR
BD_immune07_384161,tumor,NMPR
BD_immune07_206422,normal,NMPR
BD_immune07_265931,normal,NMPR
BD_immune07_174018,normal,NMPR
BD_immune07_874867,tumor,NMPR
BD_immune07_570531,tumor,NMPR
BD_immune07_340755,tumor,NMPR
BD_immune07_327152,normal,NMPR
BD_immune07_499069,tumor,NMPR
BD_immune07_775056,normal,NMPR
BD_immune07_741745,normal,NMPR
BD_immune07_580972,tumor,NMPR
BD_immune07_87608,tumor,NMPR
BD_immune07_126919,normal,NMPR
BD_immune07_225565,tumor,NMPR
BD_immune07_124366,tumor,NMPR
BD_immune07_494604,tumor,NMPR
BD_immune07_491917,tumor,NMPR
BD_immune07_336353,tumor,NMPR
BD_immune07_82809,tumor,NMPR
BD_immune07_738053,tumor,NMPR
BD_immune07_496465,tumor,NMPR
BD_immune07_329012,normal,NMPR
BD_immune07_60069,normal,NMPR
BD_immune07_537030,normal,NMPR
BD_immune07_860998,normal,NMPR
BD_immune07_490576,normal,NMPR
BD_immune07_616493,tumor,NMPR
BD_immune07_384579,normal,NMPR
BD_immune07_703814,normal,NMPR
BD_immune07_862185,tumor,NMPR
BD_immune07_396159,tumor,NMPR
BD_immune07_777463,normal,NMPR
BD_immune07_153521,normal,NMPR
BD_immune07_803979,normal,NMPR
BD_immune07_469314,tumor,NMPR
BD_immune07_669760,normal,NMPR
BD_immune07_814171,normal,NMPR
BD_immune07_11988,normal,NMPR
BD_immune07_564702,normal,NMPR
BD_immune07_542035,normal,NMPR
BD_immune07_562531,tumor,NMPR
BD_immune07_310216,tumor,NMPR
BD_immune07_4465,tumor,NMPR
BD_immune07_257445,normal,NMPR
BD_immune07_587055,tumor,NMPR
BD_immune07_704264,tumor,NMPR
BD_immune07_91864,tumor,NMPR
BD_immune07_511525,normal,NMPR
BD_immune07_67449,tumor,NMPR
BD_immune07_34682,normal,NMPR
BD_immune07_702243,normal,NMPR
BD_immune07_350477,normal,NMPR
BD_immune07_265646,tumor,NMPR
BD_immune07_434953,tumor,NMPR
BD_immune07_807370,normal,NMPR
BD_immune07_164392,tumor,NMPR
BD_immune07_848609,tumor,NMPR
BD_immune07_125015,tumor,NMPR
BD_immune07_19271,normal,NMPR
BD_immune07_52456,normal,NMPR
BD_immune07_471495,tumor,NMPR
BD_immune07_629604,normal,NMPR
BD_immune07_297367,tumor,NMPR
BD_immune07_664190,normal,NMPR
BD_immune07_639696,tumor,NMPR
BD_immune07_524866,tumor,NMPR
BD_immune07_562502,tumor,NMPR
BD_immune07_702982,normal,NMPR
BD_immune07_551665,normal,NMPR
BD_immune07_83822,tumor,NMPR
BD_immune07_153434,normal,NMPR
BD_immune07_307271,normal,NMPR
BD_immune07_760394,normal,NMPR
BD_immune07_158457,tumor,NMPR
BD_immune07_26161,tumor,NMPR
BD_immune07_345964,tumor,NMPR
BD_immune07_146748,normal,NMPR
BD_immune07_416025,tumor,NMPR
BD_immune07_429628,normal,NMPR
BD_immune07_178965,tumor,NMPR
BD_immune07_859782,normal,NMPR
BD_immune07_486874,normal,NMPR
BD_immune07_804355,tumor,NMPR
BD_immune07_465551,tumor,NMPR
BD_immune07_303392,normal,NMPR
BD_immune07_115925,tumor,NMPR
BD_immune07_143143,tumor,NMPR
BD_immune07_60032,tumor,NMPR
BD_immune07_310052,tumor,NMPR
BD_immune07_745163,tumor,NMPR
BD_immune07_639254,tumor,NMPR
BD_immune07_293732,tumor,NMPR
BD_immune07_169787,tumor,NMPR
BD_immune07_810617,tumor,NMPR
BD_immune07_881323,tumor,NMPR
BD_immune07_774898,normal,NMPR
BD_immune07_691947,tumor,NMPR
BD_immune07_232202,normal,NMPR
BD_immune07_322285,tumor,NMPR
BD_immune07_123717,tumor,NMPR
BD_immune07_698777,tumor,NMPR
BD_immune07_596968,normal,NMPR
BD_immune07_841135,normal,NMPR
BD_immune07_864111,tumor,NMPR
BD_immune07_745556,tumor,NMPR
BD_immune07_420306,normal,NMPR
BD_immune07_877093,normal,NMPR
BD_immune07_390381,normal,NMPR
BD_immune07_258701,tumor,NMPR
BD_immune07_138361,normal,NMPR
BD_immune07_18475,tumor,NMPR
BD_immune07_643935,tumor,NMPR
BD_immune07_560348,tumor,NMPR
BD_immune07_313257,normal,NMPR
BD_immune07_616768,normal,NMPR
BD_immune07_669603,tumor,NMPR
BD_immune07_212151,normal,NMPR
BD_immune07_80092,normal,NMPR
BD_immune07_306931,tumor,NMPR
BD_immune07_606163,normal,NMPR
BD_immune07_746160,tumor,NMPR
BD_immune07_130923,tumor,NMPR
BD_immune07_795391,normal,NMPR
BD_immune07_324553,tumor,NMPR
BD_immune07_200137,normal,NMPR
BD_immune07_88776,tumor,NMPR
BD_immune07_139850,normal,NMPR
BD_immune07_411478,normal,NMPR
BD_immune07_493015,tumor,NMPR
BD_immune07_182778,normal,NMPR
BD_immune07_384149,tumor,NMPR
BD_immune07_37501,tumor,NMPR
BD_immune07_295314,normal,NMPR
BD_immune07_177397,tumor,NMPR
BD_immune07_536520,normal,NMPR
BD_immune07_561472,tumor,NMPR
BD_immune07_778886,normal,NMPR
BD_immune07_667246,tumor,NMPR
BD_immune07_561764,tumor,NMPR
BD_immune07_639271,tumor,NMPR
BD_immune07_633173,tumor,NMPR
BD_immune07_257838,normal,NMPR
BD_immune07_456382,tumor,NMPR
BD_immune07_808653,tumor,NMPR
BD_immune07_640964,tumor,NMPR
BD_immune07_450278,normal,NMPR
BD_immune07_728844,tumor,NMPR
BD_immune07_8186,tumor,NMPR
BD_immune07_502545,normal,NMPR
BD_immune07_485014,tumor,NMPR
BD_immune07_86341,tumor,NMPR
BD_immune07_413721,normal,NMPR
BD_immune07_210052,normal,NMPR
BD_immune07_258826,normal,NMPR
BD_immune07_379035,tumor,NMPR
BD_immune07_877493,normal,NMPR
BD_immune07_850570,tumor,NMPR
BD_immune07_436964,tumor,NMPR
BD_immune07_445453,normal,NMPR
BD_immune07_838270,normal,NMPR
BD_immune07_309201,normal,NMPR
BD_immune07_578513,normal,NMPR
BD_immune07_354336,normal,NMPR
BD_immune07_571124,tumor,NMPR
BD_immune07_631271,normal,NMPR
BD_immune07_534808,tumor,NMPR
BD_immune07_879802,tumor,NMPR
BD_immune07_732557,normal,NMPR
BD_immune07_617372,normal,NMPR
BD_immune07_661552,tumor,NMPR
BD_immune07_705808,normal,NMPR
BD_immune07_418079,tumor,NMPR
BD_immune07_868311,tumor,NMPR
BD_immune07_12337,tumor,NMPR
BD_immune07_791350,tumor,NMPR
BD_immune07_801632,normal,NMPR
BD_immune07_18569,normal,NMPR
BD_immune07_760759,tumor,NMPR
BD_immune07_300388,tumor,NMPR
BD_immune07_675479,normal,NMPR
BD_immune07_95786,tumor,NMPR
BD_immune07_135415,normal,NMPR
BD_immune07_72313,tumor,NMPR
BD_immune07_312655,tumor,NMPR
BD_immune07_226011,normal,NMPR
BD_immune07_845309,normal,NMPR
BD_immune07_370961,normal,NMPR
BD_immune07_525711,tumor,NMPR
BD_immune07_703872,normal,NMPR
BD_immune07_610078,normal,NMPR
BD_immune07_225069,tumor,NMPR
BD_immune07_709181,normal,NMPR
BD_immune07_154952,tumor,NMPR
BD_immune07_142512,normal,NMPR
BD_immune07_446004,normal,NMPR
BD_immune07_53712,tumor,NMPR
BD_immune07_232321,normal,NMPR
BD_immune07_109512,tumor,NMPR
BD_immune07_528564,normal,NMPR
BD_immune07_402382,tumor,NMPR
BD_immune07_581823,normal,NMPR
BD_immune07_57898,normal,NMPR
BD_immune07_283850,tumor,NMPR
BD_immune07_706323,tumor,NMPR
BD_immune07_90770,tumor,NMPR
BD_immune07_594621,tumor,NMPR
BD_immune07_413116,normal,NMPR
BD_immune07_342702,normal,NMPR
BD_immune07_722805,normal,NMPR
BD_immune07_22548,tumor,NMPR
BD_immune07_643407,tumor,NMPR
BD_immune07_305843,tumor,NMPR
BD_immune07_812461,tumor,NMPR
BD_immune07_285275,tumor,NMPR
BD_immune07_102072,tumor,NMPR
BD_immune07_501594,tumor,NMPR
BD_immune07_693058,tumor,NMPR
BD_immune07_766473,normal,NMPR
BD_immune07_288224,normal,NMPR
BD_immune07_534747,tumor,NMPR
BD_immune07_790614,tumor,NMPR
BD_immune07_655805,normal,NMPR
BD_immune07_2006,normal,NMPR
BD_immune07_428510,normal,NMPR
BD_immune07_667176,normal,NMPR
BD_immune07_23564,normal,NMPR
BD_immune07_666659,normal,NMPR
BD_immune07_713889,normal,NMPR
BD_immune07_597002,tumor,NMPR
BD_immune07_870666,tumor,NMPR
BD_immune07_881611,normal,NMPR
BD_immune07_711224,tumor,NMPR
BD_immune07_604181,tumor,NMPR
BD_immune07_402658,normal,NMPR
BD_immune07_537111,normal,NMPR
BD_immune07_169715,tumor,NMPR
BD_immune07_27945,tumor,NMPR
BD_immune07_732773,normal,NMPR
BD_immune07_312992,normal,NMPR
BD_immune07_168721,tumor,NMPR
BD_immune07_808071,tumor,NMPR
BD_immune07_820920,tumor,NMPR
BD_immune07_497469,normal,NMPR
BD_immune07_667341,tumor,NMPR
BD_immune07_418348,normal,NMPR
BD_immune07_396048,normal,NMPR
BD_immune07_814263,tumor,NMPR
BD_immune07_684797,tumor,NMPR
BD_immune07_94322,normal,NMPR
BD_immune07_553423,normal,NMPR
BD_immune07_842807,normal,NMPR
BD_immune07_583620,normal,NMPR
BD_immune07_818314,normal,NMPR
BD_immune07_399941,tumor,NMPR
BD_immune07_771872,normal,NMPR
BD_immune07_632872,normal,NMPR
BD_immune07_863244,tumor,NMPR
BD_immune07_710824,tumor,NMPR
BD_immune07_722905,tumor,NMPR
BD_immune07_644013,tumor,NMPR
BD_immune07_311574,normal,NMPR
BD_immune07_428806,normal,NMPR
BD_immune07_269629,tumor,NMPR
BD_immune07_764072,tumor,NMPR
BD_immune07_253946,normal,NMPR
BD_immune07_819026,tumor,NMPR
BD_immune07_683,normal,NMPR
BD_immune07_875400,normal,NMPR
BD_immune07_486106,normal,NMPR
BD_immune07_232149,normal,NMPR
BD_immune07_566725,normal,NMPR
BD_immune07_623786,tumor,NMPR
BD_immune07_517399,tumor,NMPR
BD_immune07_336118,normal,NMPR
BD_immune07_463031,tumor,NMPR
BD_immune07_688144,normal,NMPR
BD_immune07_784055,normal,NMPR
BD_immune07_91101,tumor,NMPR
BD_immune07_861501,tumor,NMPR
BD_immune07_398372,normal,NMPR
BD_immune07_318776,normal,NMPR
BD_immune07_4279,normal,NMPR
BD_immune07_305296,normal,NMPR
BD_immune07_523056,normal,NMPR
BD_immune07_425599,tumor,NMPR
BD_immune07_409605,normal,NMPR
BD_immune07_4270,tumor,NMPR
BD_immune07_122491,normal,NMPR
BD_immune07_376626,tumor,NMPR
BD_immune07_57367,normal,NMPR
BD_immune07_282734,normal,NMPR
BD_immune07_17261,tumor,NMPR
BD_immune07_868188,tumor,NMPR
BD_immune07_417268,tumor,NMPR
BD_immune07_48877,normal,NMPR
BD_immune07_662110,tumor,NMPR
BD_immune07_707059,tumor,NMPR
BD_immune07_588259,tumor,NMPR
BD_immune07_734790,normal,NMPR
BD_immune07_746331,tumor,NMPR
BD_immune07_675930,tumor,NMPR
BD_immune07_537950,tumor,NMPR
BD_immune07_657065,tumor,NMPR
BD_immune07_884494,normal,NMPR
BD_immune07_556304,normal,NMPR
BD_immune07_185216,normal,NMPR
BD_immune07_782119,tumor,NMPR
BD_immune07_135076,normal,NMPR
BD_immune07_446011,tumor,NMPR
BD_immune07_365310,normal,NMPR
BD_immune07_326248,normal,NMPR
BD_immune07_526258,tumor,NMPR
BD_immune07_250170,normal,NMPR
BD_immune07_44414,normal,NMPR
BD_immune07_671561,tumor,NMPR
BD_immune07_486161,normal,NMPR
BD_immune07_558048,normal,NMPR
BD_immune07_489870,tumor,NMPR
BD_immune07_743556,tumor,NMPR
BD_immune07_266889,normal,NMPR
BD_immune07_179587,tumor,NMPR
BD_immune07_676783,normal,NMPR
BD_immune07_151671,normal,NMPR
BD_immune07_860189,normal,NMPR
BD_immune07_392814,normal,NMPR
BD_immune07_432269,tumor,NMPR
BD_immune07_552502,normal,NMPR
BD_immune07_579512,normal,NMPR
BD_immune07_570934,tumor,NMPR
BD_immune07_576690,tumor,NMPR
BD_immune07_836034,tumor,NMPR
BD_immune07_767055,normal,NMPR
BD_immune07_493324,normal,NMPR
BD_immune07_868665,normal,NMPR
BD_immune07_741175,normal,NMPR
BD_immune07_392682,tumor,NMPR
BD_immune07_570213,tumor,NMPR
BD_immune07_804190,normal,NMPR
BD_immune07_718753,normal,NMPR
BD_immune07_585322,tumor,NMPR
BD_immune07_749644,tumor,NMPR
BD_immune07_428325,normal,NMPR
BD_immune07_170091,tumor,NMPR
BD_immune07_302008,tumor,NMPR
BD_immune07_245712,tumor,NMPR
BD_immune07_859504,normal,NMPR
BD_immune07_746368,normal,NMPR
BD_immune07_710038,tumor,NMPR
BD_immune07_700522,tumor,NMPR
BD_immune07_14031,tumor,NMPR
BD_immune07_536546,normal,NMPR
BD_immune07_286754,tumor,NMPR
BD_immune07_243456,normal,NMPR
BD_immune07_835651,normal,NMPR
BD_immune07_858990,normal,NMPR
BD_immune07_275671,normal,NMPR
BD_immune07_67206,normal,NMPR
BD_immune07_63211,normal,NMPR
BD_immune07_214830,normal,NMPR
BD_immune07_282254,tumor,NMPR
BD_immune07_416445,tumor,NMPR
BD_immune07_278672,tumor,NMPR
BD_immune07_600625,tumor,NMPR
BD_immune07_307653,tumor,NMPR
BD_immune07_573081,normal,NMPR
BD_immune07_325962,tumor,NMPR
BD_immune07_111879,tumor,NMPR
BD_immune07_618291,normal,NMPR
BD_immune07_427373,normal,NMPR
BD_immune07_199026,normal,NMPR
BD_immune07_834906,normal,NMPR
BD_immune07_135186,tumor,NMPR
BD_immune07_78203,normal,NMPR
BD_immune07_636579,tumor,NMPR
BD_immune07_109225,tumor,NMPR
BD_immune07_376630,tumor,NMPR
BD_immune07_423926,normal,NMPR
BD_immune07_78503,normal,NMPR
BD_immune07_86565,tumor,NMPR
BD_immune07_774951,normal,NMPR
BD_immune07_664023,tumor,NMPR
BD_immune07_527545,tumor,NMPR
BD_immune07_670060,normal,NMPR
BD_immune07_574997,normal,NMPR
BD_immune07_532368,tumor,NMPR
BD_immune07_83379,tumor,NMPR
BD_immune07_598037,normal,NMPR
BD_immune07_286935,tumor,NMPR
BD_immune07_195304,normal,NMPR
BD_immune07_623045,normal,NMPR
BD_immune07_672425,tumor,NMPR
BD_immune07_659408,tumor,NMPR
BD_immune07_432404,tumor,NMPR
BD_immune07_263174,normal,NMPR
BD_immune07_839354,normal,NMPR
BD_immune07_320816,normal,NMPR
BD_immune07_245062,tumor,NMPR
BD_immune07_854153,normal,NMPR
BD_immune07_194302,tumor,NMPR
BD_immune07_782983,tumor,NMPR
BD_immune07_83749,tumor,NMPR
BD_immune07_407395,normal,NMPR
BD_immune07_698097,normal,NMPR
BD_immune07_784499,tumor,NMPR
BD_immune07_492131,tumor,NMPR
BD_immune07_392260,normal,NMPR
BD_immune07_373833,normal,NMPR
BD_immune07_515914,tumor,NMPR
BD_immune07_740340,normal,NMPR
BD_immune07_193061,tumor,NMPR
BD_immune07_53216,normal,NMPR
BD_immune07_544820,tumor,NMPR
BD_immune07_176494,normal,NMPR
BD_immune07_437154,normal,NMPR
BD_immune07_347056,tumor,NMPR
BD_immune07_96192,tumor,NMPR
BD_immune07_417783,tumor,NMPR
BD_immune07_798493,normal,NMPR
BD_immune07_425310,normal,NMPR
BD_immune07_608265,normal,NMPR
BD_immune07_613643,tumor,NMPR
BD_immune07_883552,tumor,NMPR
BD_immune07_543959,normal,NMPR
BD_immune07_785729,tumor,NMPR
BD_immune07_549109,normal,NMPR
BD_immune07_651884,normal,NMPR
BD_immune07_333307,normal,NMPR
BD_immune07_110714,normal,NMPR
BD_immune07_107963,tumor,NMPR
BD_immune07_214111,tumor,NMPR
BD_immune07_175556,normal,NMPR
BD_immune07_247231,tumor,NMPR
BD_immune07_442249,normal,NMPR
BD_immune07_779097,normal,NMPR
BD_immune07_438855,tumor,NMPR
BD_immune07_238394,normal,NMPR
BD_immune07_149527,tumor,NMPR
BD_immune07_276637,normal,NMPR
BD_immune07_7981,normal,NMPR
BD_immune07_805620,normal,NMPR
BD_immune07_729577,tumor,NMPR
BD_immune07_250516,tumor,NMPR
BD_immune07_301546,normal,NMPR
BD_immune07_228529,normal,NMPR
BD_immune07_779273,normal,NMPR
BD_immune07_436631,normal,NMPR
BD_immune07_665336,normal,NMPR
BD_immune07_452331,tumor,NMPR
BD_immune07_788951,normal,NMPR
BD_immune07_539596,normal,NMPR
BD_immune07_407255,tumor,NMPR
BD_immune07_528455,tumor,NMPR
BD_immune07_123349,tumor,NMPR
BD_immune07_239743,tumor,NMPR
BD_immune07_448332,tumor,NMPR
BD_immune07_428732,tumor,NMPR
BD_immune07_224099,normal,NMPR
BD_immune07_94314,normal,NMPR
BD_immune07_114116,tumor,NMPR
BD_immune07_684690,normal,NMPR
BD_immune07_761927,normal,NMPR
BD_immune07_666701,filtered,NMPR
BD_immune07_610941,normal,NMPR
BD_immune07_518126,normal,NMPR
BD_immune07_22131,normal,NMPR
BD_immune07_170220,normal,NMPR
BD_immune07_403087,tumor,NMPR
BD_immune07_115257,tumor,NMPR
BD_immune07_96038,tumor,NMPR
BD_immune07_98166,normal,NMPR
BD_immune07_566282,normal,NMPR
BD_immune07_374885,normal,NMPR
BD_immune07_862950,normal,NMPR
BD_immune07_204591,normal,NMPR
BD_immune07_256649,tumor,NMPR
BD_immune07_609204,normal,NMPR
BD_immune07_877795,tumor,NMPR
BD_immune07_759871,normal,NMPR
BD_immune07_11035,normal,NMPR
BD_immune07_478814,normal,NMPR
BD_immune07_486644,normal,NMPR
BD_immune07_161985,normal,NMPR
BD_immune07_410414,normal,NMPR
BD_immune07_427635,normal,NMPR
BD_immune07_256021,normal,NMPR
BD_immune07_678879,normal,NMPR
BD_immune07_686408,normal,NMPR
BD_immune07_172650,normal,NMPR
BD_immune07_388405,normal,NMPR
BD_immune07_33039,normal,NMPR
BD_immune07_27628,normal,NMPR
BD_immune07_163428,normal,NMPR
BD_immune07_824308,normal,NMPR
BD_immune07_881025,normal,NMPR
BD_immune07_106693,normal,NMPR
BD_immune07_44529,normal,NMPR
BD_immune07_756110,tumor,NMPR
BD_immune07_511536,normal,NMPR
BD_immune07_598913,normal,NMPR
BD_immune07_254318,normal,NMPR
BD_immune07_27252,normal,NMPR
BD_immune07_552497,normal,NMPR
BD_immune07_211232,normal,NMPR
BD_immune07_47711,normal,NMPR
BD_immune07_822880,normal,NMPR
BD_immune07_17171,normal,NMPR
BD_immune07_540130,normal,NMPR
BD_immune07_88549,normal,NMPR
BD_immune07_740397,normal,NMPR
BD_immune07_265467,normal,NMPR
BD_immune07_805496,normal,NMPR
BD_immune07_624668,normal,NMPR
BD_immune07_879616,normal,NMPR
BD_immune07_610813,normal,NMPR
BD_immune07_340598,normal,NMPR
BD_immune07_846282,normal,NMPR
BD_immune07_796242,normal,NMPR
BD_immune05_160520,normal,NMPR
BD_immune05_162939,normal,NMPR
BD_immune05_450779,normal,NMPR
BD_immune05_71158,normal,NMPR
BD_immune05_466739,normal,NMPR
BD_immune05_365407,normal,NMPR
BD_immune05_484446,normal,NMPR
BD_immune05_610542,normal,NMPR
BD_immune05_440629,normal,NMPR
BD_immune05_871895,normal,NMPR
BD_immune05_36936,normal,NMPR
BD_immune05_686816,normal,NMPR
BD_immune05_474282,normal,NMPR
BD_immune05_428905,normal,NMPR
BD_immune05_401436,normal,NMPR
BD_immune05_267875,normal,NMPR
BD_immune05_471917,normal,NMPR
BD_immune05_328146,normal,NMPR
BD_immune05_439404,normal,NMPR
BD_immune05_693429,normal,NMPR
BD_immune05_846079,normal,NMPR
BD_immune05_465408,normal,NMPR
BD_immune05_637188,normal,NMPR
BD_immune05_98982,normal,NMPR
BD_immune05_881362,normal,NMPR
BD_immune05_124006,normal,NMPR
BD_immune05_809485,normal,NMPR
BD_immune05_571158,normal,NMPR
BD_immune05_714665,normal,NMPR
BD_immune05_551613,normal,NMPR
BD_immune05_413208,normal,NMPR
BD_immune05_65974,normal,NMPR
BD_immune05_268376,normal,NMPR
BD_immune05_19286,normal,NMPR
BD_immune05_45375,normal,NMPR
BD_immune05_509757,normal,NMPR
BD_immune05_734466,normal,NMPR
BD_immune05_542706,normal,NMPR
BD_immune05_538369,normal,NMPR
BD_immune05_175160,normal,NMPR
BD_immune05_423611,normal,NMPR
BD_immune05_146971,normal,NMPR
BD_immune05_320016,normal,NMPR
BD_immune05_741376,normal,NMPR
BD_immune05_849865,normal,NMPR
BD_immune05_294126,normal,NMPR
BD_immune05_353490,normal,NMPR
BD_immune05_742352,normal,NMPR
BD_immune05_162519,normal,NMPR
BD_immune05_802525,normal,NMPR
BD_immune05_486923,normal,NMPR
BD_immune05_766454,normal,NMPR
BD_immune05_490488,normal,NMPR
BD_immune05_767776,normal,NMPR
BD_immune05_165856,normal,NMPR
BD_immune05_162238,normal,NMPR
BD_immune05_502940,normal,NMPR
BD_immune05_542738,normal,NMPR
BD_immune05_512846,normal,NMPR
BD_immune05_466870,normal,NMPR
BD_immune05_6465,normal,NMPR
BD_immune05_299032,normal,NMPR
BD_immune05_696786,normal,NMPR
BD_immune05_37638,normal,NMPR
BD_immune05_647690,normal,NMPR
BD_immune05_49757,normal,NMPR
BD_immune05_462687,normal,NMPR
BD_immune05_73696,normal,NMPR
BD_immune05_502980,normal,NMPR
BD_immune05_720272,normal,NMPR
BD_immune05_842933,normal,NMPR
BD_immune05_609994,normal,NMPR
BD_immune05_313303,normal,NMPR
BD_immune05_188617,normal,NMPR
BD_immune05_391135,normal,NMPR
BD_immune05_54910,normal,NMPR
BD_immune05_701605,normal,NMPR
BD_immune05_413464,normal,NMPR
BD_immune05_716558,normal,NMPR
BD_immune05_305300,normal,NMPR
BD_immune05_305060,normal,NMPR
BD_immune05_434845,normal,NMPR
BD_immune05_80311,normal,NMPR
BD_immune05_673766,normal,NMPR
BD_immune05_428598,normal,NMPR
BD_immune05_222563,normal,NMPR
BD_immune05_848924,normal,NMPR
BD_immune05_787499,normal,NMPR
BD_immune05_763055,normal,NMPR
BD_immune05_657990,normal,NMPR
BD_immune05_326238,normal,NMPR
BD_immune05_744189,normal,NMPR
BD_immune05_268321,normal,NMPR
BD_immune05_684166,normal,NMPR
BD_immune05_657769,normal,NMPR
BD_immune05_331305,normal,NMPR
BD_immune05_554236,normal,NMPR
BD_immune05_560449,normal,NMPR
BD_immune05_750224,normal,NMPR
BD_immune05_834438,normal,NMPR
BD_immune05_99004,normal,NMPR
BD_immune05_266430,normal,NMPR
BD_immune05_319054,normal,NMPR
BD_immune05_259172,normal,NMPR
BD_immune05_854816,normal,NMPR
BD_immune05_203171,normal,NMPR
BD_immune05_71679,normal,NMPR
BD_immune05_270659,normal,NMPR
BD_immune05_824234,normal,NMPR
BD_immune05_86937,normal,NMPR
BD_immune05_733651,normal,NMPR
BD_immune05_300144,normal,NMPR
BD_immune05_319109,normal,NMPR
BD_immune05_627003,normal,NMPR
BD_immune05_862068,normal,NMPR
BD_immune05_775936,normal,NMPR
BD_immune05_136135,normal,NMPR
BD_immune05_500106,normal,NMPR
BD_immune05_38601,normal,NMPR
BD_immune05_541963,normal,NMPR
BD_immune05_137971,normal,NMPR
BD_immune05_448522,normal,NMPR
BD_immune05_371320,normal,NMPR
BD_immune05_858826,normal,NMPR
BD_immune05_208903,normal,NMPR
BD_immune05_95273,normal,NMPR
BD_immune05_624944,normal,NMPR
BD_immune05_413394,normal,NMPR
BD_immune05_176382,normal,NMPR
BD_immune05_646059,normal,NMPR
BD_immune05_99074,normal,NMPR
BD_immune05_810734,normal,NMPR
BD_immune05_721984,normal,NMPR
BD_immune05_108333,normal,NMPR
BD_immune05_178580,normal,NMPR
BD_immune05_66768,normal,NMPR
BD_immune05_155101,normal,NMPR
BD_immune05_400155,normal,NMPR
BD_immune05_15741,normal,NMPR
BD_immune05_155599,normal,NMPR
BD_immune05_396008,normal,NMPR
BD_immune05_739384,normal,NMPR
BD_immune05_74159,normal,NMPR
BD_immune05_573686,normal,NMPR
BD_immune05_424033,normal,NMPR
BD_immune05_403091,normal,NMPR
BD_immune05_183257,normal,NMPR
BD_immune05_551187,normal,NMPR
BD_immune05_338564,normal,NMPR
BD_immune05_294798,normal,NMPR
BD_immune05_167255,normal,NMPR
BD_immune05_365183,normal,NMPR
BD_immune05_881149,normal,NMPR
BD_immune05_48954,normal,NMPR
BD_immune05_413068,normal,NMPR
BD_immune05_492977,normal,NMPR
BD_immune05_837863,normal,NMPR
BD_immune05_140969,normal,NMPR
BD_immune05_821190,normal,NMPR
BD_immune05_311373,normal,NMPR
BD_immune05_739721,normal,NMPR
BD_immune05_424003,normal,NMPR
BD_immune05_752254,normal,NMPR
BD_immune05_756664,normal,NMPR
BD_immune05_128742,normal,NMPR
BD_immune05_261386,normal,NMPR
BD_immune05_168503,normal,NMPR
BD_immune05_339586,normal,NMPR
BD_immune05_316255,normal,NMPR
BD_immune05_331407,normal,NMPR
BD_immune05_68128,normal,NMPR
BD_immune05_741494,normal,NMPR
BD_immune05_295953,normal,NMPR
BD_immune05_282045,normal,NMPR
BD_immune05_137877,normal,NMPR
BD_immune05_243646,normal,NMPR
BD_immune05_460448,normal,NMPR
BD_immune05_335505,normal,NMPR
BD_immune05_702359,normal,NMPR
BD_immune05_452357,normal,NMPR
BD_immune05_239486,normal,NMPR
BD_immune05_84858,normal,NMPR
BD_immune05_595663,normal,NMPR
BD_immune05_459637,normal,NMPR
BD_immune05_750562,normal,NMPR
BD_immune05_182737,normal,NMPR
BD_immune05_151798,normal,NMPR
BD_immune05_632202,normal,NMPR
BD_immune05_835766,normal,NMPR
BD_immune05_19602,normal,NMPR
BD_immune05_189315,normal,NMPR
BD_immune05_78225,normal,NMPR
BD_immune05_170900,normal,NMPR
BD_immune05_176099,normal,NMPR
BD_immune05_115513,normal,NMPR
BD_immune05_868270,normal,NMPR
BD_immune05_267022,normal,NMPR
BD_immune05_859496,normal,NMPR
BD_immune05_479174,normal,NMPR
BD_immune05_49608,normal,NMPR
BD_immune05_423452,normal,NMPR
BD_immune05_239649,normal,NMPR
BD_immune05_761411,normal,NMPR
BD_immune05_636295,normal,NMPR
BD_immune05_667242,normal,NMPR
BD_immune05_445996,normal,NMPR
BD_immune05_178902,normal,NMPR
BD_immune05_27371,normal,NMPR
BD_immune05_420961,normal,NMPR
BD_immune05_311510,normal,NMPR
BD_immune05_334763,normal,NMPR
BD_immune05_454352,normal,NMPR
BD_immune05_348199,normal,NMPR
BD_immune05_764678,normal,NMPR
BD_immune05_437457,normal,NMPR
BD_immune05_852776,normal,NMPR
BD_immune05_17653,normal,NMPR
BD_immune05_2113,normal,NMPR
BD_immune05_274730,normal,NMPR
BD_immune05_593343,normal,NMPR
BD_immune05_638229,normal,NMPR
BD_immune05_249691,normal,NMPR
BD_immune05_331555,normal,NMPR
BD_immune05_803586,normal,NMPR
BD_immune05_624273,normal,NMPR
BD_immune05_379350,normal,NMPR
BD_immune05_797619,normal,NMPR
BD_immune05_282465,normal,NMPR
BD_immune05_627898,normal,NMPR
BD_immune05_239725,normal,NMPR
BD_immune05_254561,normal,NMPR
BD_immune05_565977,normal,NMPR
BD_immune05_596974,normal,NMPR
BD_immune05_193632,normal,NMPR
BD_immune05_383752,normal,NMPR
BD_immune05_306203,normal,NMPR
BD_immune05_324270,normal,NMPR
BD_immune05_699294,normal,NMPR
BD_immune05_458815,normal,NMPR
BD_immune05_20792,normal,NMPR
BD_immune05_290432,normal,NMPR
BD_immune05_733498,normal,NMPR
BD_immune05_295617,normal,NMPR
BD_immune05_127303,normal,NMPR
BD_immune05_402818,normal,NMPR
BD_immune05_712762,normal,NMPR
BD_immune05_93070,normal,NMPR
BD_immune05_851628,normal,NMPR
BD_immune05_605221,normal,NMPR
BD_immune05_662683,normal,NMPR
BD_immune05_756519,normal,NMPR
BD_immune05_549535,normal,NMPR
BD_immune05_560965,normal,NMPR
BD_immune05_612480,normal,NMPR
BD_immune05_21159,normal,NMPR
BD_immune05_313173,normal,NMPR
BD_immune05_372229,normal,NMPR
BD_immune05_153016,normal,NMPR
BD_immune05_235398,normal,NMPR
BD_immune05_754300,normal,NMPR
BD_immune05_240006,normal,NMPR
BD_immune05_532881,normal,NMPR
BD_immune05_268305,normal,NMPR
BD_immune05_560312,normal,NMPR
BD_immune05_378418,normal,NMPR
BD_immune05_438506,normal,NMPR
BD_immune05_814505,normal,NMPR
BD_immune05_400867,normal,NMPR
BD_immune05_847058,normal,NMPR
BD_immune05_199427,normal,NMPR
BD_immune05_311153,normal,NMPR
BD_immune05_48823,normal,NMPR
BD_immune05_342199,normal,NMPR
BD_immune05_809140,normal,NMPR
BD_immune05_837377,normal,NMPR
BD_immune05_99064,normal,NMPR
BD_immune05_847891,normal,NMPR
BD_immune05_488197,normal,NMPR
BD_immune05_227957,normal,NMPR
BD_immune05_533939,normal,NMPR
BD_immune05_702215,normal,NMPR
BD_immune05_428354,normal,NMPR
BD_immune05_737105,normal,NMPR
BD_immune05_388771,normal,NMPR
BD_immune05_368087,normal,NMPR
BD_immune05_357277,normal,NMPR
BD_immune05_481505,normal,NMPR
BD_immune05_153445,normal,NMPR
BD_immune05_153078,normal,NMPR
BD_immune05_433435,normal,NMPR
BD_immune05_807188,normal,NMPR
BD_immune05_609704,normal,NMPR
BD_immune05_211732,normal,NMPR
BD_immune05_600907,normal,NMPR
BD_immune05_17526,normal,NMPR
BD_immune05_301608,normal,NMPR
BD_immune05_429154,normal,NMPR
BD_immune05_510075,normal,NMPR
BD_immune05_176546,normal,NMPR
BD_immune05_263056,normal,NMPR
BD_immune05_756749,normal,NMPR
BD_immune05_552542,normal,NMPR
BD_immune05_705567,normal,NMPR
BD_immune05_95112,normal,NMPR
BD_immune05_149176,normal,NMPR
BD_immune05_878749,normal,NMPR
BD_immune05_456222,normal,NMPR
BD_immune05_238795,normal,NMPR
BD_immune05_227953,normal,NMPR
BD_immune05_6318,normal,NMPR
BD_immune05_330063,normal,NMPR
BD_immune05_859127,normal,NMPR
BD_immune05_183255,normal,NMPR
BD_immune05_555141,normal,NMPR
BD_immune05_410407,normal,NMPR
BD_immune05_36186,normal,NMPR
BD_immune05_583122,normal,NMPR
BD_immune05_483479,normal,NMPR
BD_immune05_637510,normal,NMPR
BD_immune05_510718,normal,NMPR
BD_immune05_706248,normal,NMPR
BD_immune05_793976,normal,NMPR
BD_immune05_529898,normal,NMPR
BD_immune05_689649,normal,NMPR
BD_immune05_511197,normal,NMPR
BD_immune05_258323,normal,NMPR
BD_immune05_877731,normal,NMPR
BD_immune05_202541,normal,NMPR
BD_immune05_147333,normal,NMPR
BD_immune05_434902,normal,NMPR
BD_immune05_592681,normal,NMPR
BD_immune05_394042,normal,NMPR
BD_immune05_182551,normal,NMPR
BD_immune05_588617,normal,NMPR
BD_immune05_523182,normal,NMPR
BD_immune05_440516,normal,NMPR
BD_immune05_235502,normal,NMPR
BD_immune05_312738,normal,NMPR
BD_immune05_450696,normal,NMPR
BD_immune05_301093,normal,NMPR
BD_immune05_204866,normal,NMPR
BD_immune05_322347,normal,NMPR
BD_immune05_412937,normal,NMPR
BD_immune05_783878,normal,NMPR
BD_immune05_375136,normal,NMPR
BD_immune05_623361,normal,NMPR
BD_immune05_450697,normal,NMPR
BD_immune05_299551,normal,NMPR
BD_immune05_825778,normal,NMPR
BD_immune05_845137,normal,NMPR
BD_immune05_781813,normal,NMPR
BD_immune05_797332,normal,NMPR
BD_immune05_309364,normal,NMPR
BD_immune05_1251,normal,NMPR
BD_immune05_638237,normal,NMPR
BD_immune05_839036,normal,NMPR
BD_immune05_681592,normal,NMPR
BD_immune05_14937,normal,NMPR
BD_immune05_562237,normal,NMPR
BD_immune05_570384,normal,NMPR
BD_immune05_193967,normal,NMPR
BD_immune05_190151,normal,NMPR
BD_immune05_570812,normal,NMPR
BD_immune05_424997,normal,NMPR
BD_immune05_174164,normal,NMPR
BD_immune05_740773,normal,NMPR
BD_immune05_704309,normal,NMPR
BD_immune05_633254,normal,NMPR
BD_immune05_170733,normal,NMPR
BD_immune05_229909,normal,NMPR
BD_immune05_738899,normal,NMPR
BD_immune05_477407,normal,NMPR
BD_immune05_665644,normal,NMPR
BD_immune05_724327,normal,NMPR
BD_immune05_629949,normal,NMPR
BD_immune05_660897,normal,NMPR
BD_immune05_501281,normal,NMPR
BD_immune05_66240,normal,NMPR
BD_immune05_731444,normal,NMPR
BD_immune05_795171,normal,NMPR
BD_immune05_876005,normal,NMPR
BD_immune05_747185,normal,NMPR
BD_immune05_375503,normal,NMPR
BD_immune05_513021,normal,NMPR
BD_immune05_573907,normal,NMPR
BD_immune05_112027,normal,NMPR
BD_immune05_43273,normal,NMPR
BD_immune05_258778,normal,NMPR
BD_immune05_694492,normal,NMPR
BD_immune05_783840,normal,NMPR
BD_immune05_721775,normal,NMPR
BD_immune05_56826,normal,NMPR
BD_immune05_496831,normal,NMPR
BD_immune05_295848,normal,NMPR
BD_immune05_740866,normal,NMPR
BD_immune05_336587,normal,NMPR
BD_immune05_666620,normal,NMPR
BD_immune05_727177,normal,NMPR
BD_immune05_160383,normal,NMPR
BD_immune05_102141,normal,NMPR
BD_immune05_327345,normal,NMPR
BD_immune05_206382,normal,NMPR
BD_immune05_61012,normal,NMPR
BD_immune05_17578,normal,NMPR
BD_immune05_290845,normal,NMPR
BD_immune05_632820,normal,NMPR
BD_immune05_590506,normal,NMPR
BD_immune05_668926,normal,NMPR
BD_immune05_311788,normal,NMPR
BD_immune05_358108,normal,NMPR
BD_immune05_876011,normal,NMPR
BD_immune05_839500,normal,NMPR
BD_immune05_137909,normal,NMPR
BD_immune05_304940,normal,NMPR
BD_immune05_159040,normal,NMPR
BD_immune05_186631,normal,NMPR
BD_immune05_540158,normal,NMPR
BD_immune05_424091,normal,NMPR
BD_immune05_81388,normal,NMPR
BD_immune05_288195,normal,NMPR
BD_immune05_642691,normal,NMPR
BD_immune05_634328,normal,NMPR
BD_immune05_766954,normal,NMPR
BD_immune05_63253,normal,NMPR
BD_immune05_621366,normal,NMPR
BD_immune05_536055,normal,NMPR
BD_immune05_408187,normal,NMPR
BD_immune05_645582,normal,NMPR
BD_immune05_452052,normal,NMPR
BD_immune05_758730,normal,NMPR
BD_immune05_349298,normal,NMPR
BD_immune05_400899,normal,NMPR
BD_immune05_353042,normal,NMPR
BD_immune05_383522,normal,NMPR
BD_immune05_289263,normal,NMPR
BD_immune05_478123,normal,NMPR
BD_immune05_270379,normal,NMPR
BD_immune05_333513,normal,NMPR
BD_immune05_496025,normal,NMPR
BD_immune05_788235,normal,NMPR
BD_immune05_32635,normal,NMPR
BD_immune05_579556,normal,NMPR
BD_immune05_672895,normal,NMPR
BD_immune05_295252,normal,NMPR
BD_immune05_877687,normal,NMPR
BD_immune05_658811,normal,NMPR
BD_immune05_848182,normal,NMPR
BD_immune05_243828,normal,NMPR
BD_immune05_659451,normal,NMPR
BD_immune05_731507,normal,NMPR
BD_immune05_762016,normal,NMPR
BD_immune05_247312,normal,NMPR
BD_immune05_838187,normal,NMPR
BD_immune05_693797,normal,NMPR
BD_immune05_372744,normal,NMPR
BD_immune05_632981,normal,NMPR
BD_immune05_584400,normal,NMPR
BD_immune05_121853,normal,NMPR
BD_immune05_571173,normal,NMPR
BD_immune05_263171,normal,NMPR
BD_immune05_130817,normal,NMPR
BD_immune05_723983,normal,NMPR
BD_immune05_672172,normal,NMPR
BD_immune05_41211,normal,NMPR
BD_immune05_142486,normal,NMPR
BD_immune05_420301,normal,NMPR
BD_immune05_825421,normal,NMPR
BD_immune05_459141,normal,NMPR
BD_immune05_667092,normal,NMPR
BD_immune05_696016,normal,NMPR
BD_immune05_645703,normal,NMPR
BD_immune05_437963,normal,NMPR
BD_immune05_75143,normal,NMPR
BD_immune05_880932,normal,NMPR
BD_immune05_598019,normal,NMPR
BD_immune05_188610,normal,NMPR
BD_immune05_663231,normal,NMPR
BD_immune05_240390,normal,NMPR
BD_immune05_540620,normal,NMPR
BD_immune05_644659,normal,NMPR
BD_immune05_370088,normal,NMPR
BD_immune05_707678,normal,NMPR
BD_immune05_146772,normal,NMPR
BD_immune05_464992,normal,NMPR
BD_immune05_482313,normal,NMPR
BD_immune05_306542,normal,NMPR
BD_immune05_666296,normal,NMPR
BD_immune05_88244,normal,NMPR
BD_immune05_795689,normal,NMPR
BD_immune05_153820,normal,NMPR
BD_immune05_802471,normal,NMPR
BD_immune05_350511,normal,NMPR
BD_immune05_192632,normal,NMPR
BD_immune05_797452,normal,NMPR
BD_immune05_517651,normal,NMPR
BD_immune05_514584,normal,NMPR
BD_immune05_833846,normal,NMPR
BD_immune05_320855,normal,NMPR
BD_immune05_262380,normal,NMPR
BD_immune05_650220,normal,NMPR
BD_immune05_838994,normal,NMPR
BD_immune05_598041,normal,NMPR
BD_immune05_764716,normal,NMPR
BD_immune05_22923,normal,NMPR
BD_immune05_691917,normal,NMPR
BD_immune05_90543,normal,NMPR
BD_immune05_184138,normal,NMPR
BD_immune05_671601,normal,NMPR
BD_immune05_169642,normal,NMPR
BD_immune05_538019,normal,NMPR
BD_immune05_418346,normal,NMPR
BD_immune05_173146,normal,NMPR
BD_immune05_307129,normal,NMPR
BD_immune05_850322,normal,NMPR
BD_immune05_277873,normal,NMPR
BD_immune05_710729,normal,NMPR
BD_immune05_446699,normal,NMPR
BD_immune05_273701,normal,NMPR
BD_immune05_668157,normal,NMPR
BD_immune05_703503,normal,NMPR
BD_immune05_297239,normal,NMPR
BD_immune05_477056,normal,NMPR
BD_immune05_303871,normal,NMPR
BD_immune05_823914,normal,NMPR
BD_immune05_663219,normal,NMPR
BD_immune05_106560,normal,NMPR
BD_immune05_660741,normal,NMPR
BD_immune05_501126,normal,NMPR
BD_immune05_157276,normal,NMPR
BD_immune05_446112,normal,NMPR
BD_immune05_819383,normal,NMPR
BD_immune05_592285,normal,NMPR
BD_immune05_395631,normal,NMPR
BD_immune05_302266,normal,NMPR
BD_immune05_585897,normal,NMPR
BD_immune05_214949,normal,NMPR
BD_immune05_362051,normal,NMPR
BD_immune05_40311,normal,NMPR
BD_immune05_537342,normal,NMPR
BD_immune05_732926,normal,NMPR
BD_immune05_583479,normal,NMPR
BD_immune05_600167,normal,NMPR
BD_immune05_538957,normal,NMPR
BD_immune05_55055,normal,NMPR
BD_immune05_763319,normal,NMPR
BD_immune05_375811,normal,NMPR
BD_immune05_626924,normal,NMPR
BD_immune05_823370,normal,NMPR
BD_immune05_708090,normal,NMPR
BD_immune05_447927,normal,NMPR
BD_immune05_200127,normal,NMPR
BD_immune05_290984,normal,NMPR
BD_immune05_827887,normal,NMPR
BD_immune05_816152,normal,NMPR
BD_immune05_529407,normal,NMPR
BD_immune05_288352,normal,NMPR
BD_immune05_819695,normal,NMPR
BD_immune05_477714,normal,NMPR
BD_immune05_304236,normal,NMPR
BD_immune05_293286,normal,NMPR
BD_immune05_381963,normal,NMPR
BD_immune05_640020,normal,NMPR
BD_immune05_760782,normal,NMPR
BD_immune05_503279,normal,NMPR
BD_immune05_193790,normal,NMPR
BD_immune05_665215,normal,NMPR
BD_immune05_51036,normal,NMPR
BD_immune05_257048,normal,NMPR
BD_immune05_212316,normal,NMPR
BD_immune05_190855,normal,NMPR
BD_immune05_296357,normal,NMPR
BD_immune05_793775,normal,NMPR
BD_immune05_378377,normal,NMPR
BD_immune05_90487,normal,NMPR
BD_immune05_72663,normal,NMPR
BD_immune05_69549,normal,NMPR
BD_immune05_876895,normal,NMPR
BD_immune05_365725,normal,NMPR
BD_immune05_500690,normal,NMPR
BD_immune05_699719,normal,NMPR
BD_immune05_292644,normal,NMPR
BD_immune05_314080,normal,NMPR
BD_immune05_81529,normal,NMPR
BD_immune05_839810,normal,NMPR
BD_immune05_714154,normal,NMPR
BD_immune05_838683,normal,NMPR
BD_immune05_741080,normal,NMPR
BD_immune05_876226,normal,NMPR
BD_immune05_364945,normal,NMPR
BD_immune05_701228,normal,NMPR
BD_immune05_781805,normal,NMPR
BD_immune05_635245,normal,NMPR
BD_immune05_782078,normal,NMPR
BD_immune05_314927,normal,NMPR
BD_immune05_873738,normal,NMPR
BD_immune05_547391,normal,NMPR
BD_immune05_278123,normal,NMPR
BD_immune05_59440,normal,NMPR
BD_immune05_355383,normal,NMPR
BD_immune05_642267,normal,NMPR
BD_immune05_235272,normal,NMPR
BD_immune05_679249,normal,NMPR
BD_immune05_271970,normal,NMPR
BD_immune05_6447,normal,NMPR
BD_immune05_486182,normal,NMPR
BD_immune05_641948,normal,NMPR
BD_immune05_234693,normal,NMPR
BD_immune05_310782,normal,NMPR
BD_immune05_570272,normal,NMPR
BD_immune05_46616,normal,NMPR
BD_immune05_174181,normal,NMPR
BD_immune05_221516,normal,NMPR
BD_immune05_770570,normal,NMPR
BD_immune05_236508,normal,NMPR
BD_immune05_275633,normal,NMPR
BD_immune05_581922,normal,NMPR
BD_immune05_365960,normal,NMPR
BD_immune05_84883,normal,NMPR
BD_immune05_816545,normal,NMPR
BD_immune05_102886,normal,NMPR
BD_immune05_315965,normal,NMPR
BD_immune05_43958,normal,NMPR
BD_immune05_12454,normal,NMPR
BD_immune05_381810,normal,NMPR
BD_immune05_66549,normal,NMPR
BD_immune05_852011,normal,NMPR
BD_immune05_203708,normal,NMPR
BD_immune05_269761,normal,NMPR
BD_immune05_752149,normal,NMPR
BD_immune05_64928,normal,NMPR
BD_immune05_361302,normal,NMPR
BD_immune05_413805,normal,NMPR
BD_immune05_526960,normal,NMPR
BD_immune05_778214,normal,NMPR
BD_immune05_790875,normal,NMPR
BD_immune05_98193,normal,NMPR
BD_immune05_162617,normal,NMPR
BD_immune05_214752,normal,NMPR
BD_immune05_235065,normal,NMPR
BD_immune05_540570,normal,NMPR
BD_immune05_584725,normal,NMPR
BD_immune05_258158,normal,NMPR
BD_immune05_771504,normal,NMPR
BD_immune05_425010,normal,NMPR
BD_immune05_609515,normal,NMPR
BD_immune05_80017,normal,NMPR
BD_immune05_653260,normal,NMPR
BD_immune05_379782,normal,NMPR
BD_immune05_424762,normal,NMPR
BD_immune05_140415,normal,NMPR
BD_immune05_734962,normal,NMPR
BD_immune05_105194,normal,NMPR
BD_immune05_667515,normal,NMPR
BD_immune05_149553,normal,NMPR
BD_immune05_333788,normal,NMPR
BD_immune05_720297,normal,NMPR
BD_immune05_719760,normal,NMPR
BD_immune05_762473,normal,NMPR
BD_immune05_663671,normal,NMPR
BD_immune05_665921,normal,NMPR
BD_immune05_834074,normal,NMPR
BD_immune05_411107,normal,NMPR
BD_immune05_612426,normal,NMPR
BD_immune05_439908,normal,NMPR
BD_immune05_675778,normal,NMPR
BD_immune05_370010,normal,NMPR
BD_immune05_367236,normal,NMPR
BD_immune05_466147,normal,NMPR
BD_immune05_493867,normal,NMPR
BD_immune05_2641,normal,NMPR
BD_immune05_358679,normal,NMPR
BD_immune05_655426,normal,NMPR
BD_immune05_57513,normal,NMPR
BD_immune05_130748,normal,NMPR
BD_immune05_769611,normal,NMPR
BD_immune05_33123,normal,NMPR
BD_immune05_605746,normal,NMPR
BD_immune05_859593,normal,NMPR
BD_immune05_585956,normal,NMPR
BD_immune05_268133,normal,NMPR
BD_immune05_706611,normal,NMPR
BD_immune05_777607,normal,NMPR
BD_immune05_519507,normal,NMPR
BD_immune05_777060,normal,NMPR
BD_immune05_740073,normal,NMPR
BD_immune05_815826,normal,NMPR
BD_immune05_70081,normal,NMPR
BD_immune05_457091,normal,NMPR
BD_immune05_487913,normal,NMPR
BD_immune05_145526,normal,NMPR
BD_immune05_702624,normal,NMPR
BD_immune05_65315,normal,NMPR
BD_immune05_413747,normal,NMPR
BD_immune05_618781,normal,NMPR
BD_immune05_320697,normal,NMPR
BD_immune05_817515,normal,NMPR
BD_immune05_583413,normal,NMPR
BD_immune05_827662,normal,NMPR
BD_immune05_323936,normal,NMPR
BD_immune05_269155,normal,NMPR
BD_immune05_208721,normal,NMPR
BD_immune05_435072,normal,NMPR
BD_immune05_804888,normal,NMPR
BD_immune05_864812,normal,NMPR
BD_immune05_855879,normal,NMPR
BD_immune05_865017,normal,NMPR
BD_immune05_265746,normal,NMPR
BD_immune05_144440,normal,NMPR
BD_immune05_205530,normal,NMPR
BD_immune05_311330,normal,NMPR
BD_immune05_841520,normal,NMPR
BD_immune05_97313,normal,NMPR
BD_immune05_782120,normal,NMPR
BD_immune05_97527,normal,NMPR
BD_immune05_119942,normal,NMPR
BD_immune05_398612,normal,NMPR
BD_immune05_224633,normal,NMPR
BD_immune05_341349,normal,NMPR
BD_immune05_798101,normal,NMPR
BD_immune05_281976,normal,NMPR
BD_immune05_583823,normal,NMPR
BD_immune05_48218,normal,NMPR
BD_immune05_254225,normal,NMPR
BD_immune05_379396,normal,NMPR
BD_immune05_776755,normal,NMPR
BD_immune05_883272,normal,NMPR
BD_immune05_709055,normal,NMPR
BD_immune05_494289,normal,NMPR
BD_immune05_223896,normal,NMPR
BD_immune05_506657,normal,NMPR
BD_immune05_311950,normal,NMPR
BD_immune05_818556,normal,NMPR
BD_immune05_358583,normal,NMPR
BD_immune05_501019,normal,NMPR
BD_immune05_610755,normal,NMPR
BD_immune05_752508,normal,NMPR
BD_immune05_319196,normal,NMPR
BD_immune05_313887,normal,NMPR
BD_immune05_722070,normal,NMPR
BD_immune05_606,normal,NMPR
BD_immune05_549328,normal,NMPR
BD_immune05_66698,normal,NMPR
BD_immune05_60261,filtered,NMPR
BD_immune05_722056,normal,NMPR
BD_immune05_550541,normal,NMPR
BD_immune05_17405,normal,NMPR
BD_immune05_858345,normal,NMPR
BD_immune05_274077,normal,NMPR
BD_immune05_671715,normal,NMPR
BD_immune05_396787,normal,NMPR
BD_immune05_646273,normal,NMPR
BD_immune05_113957,normal,NMPR
BD_immune05_312331,normal,NMPR
BD_immune05_786754,normal,NMPR
BD_immune05_23443,normal,NMPR
BD_immune05_497579,normal,NMPR
BD_immune05_318120,normal,NMPR
BD_immune05_217809,normal,NMPR
BD_immune05_845582,normal,NMPR
BD_immune05_652026,normal,NMPR
BD_immune05_758924,normal,NMPR
BD_immune05_183089,normal,NMPR
BD_immune05_25321,normal,NMPR
BD_immune05_811047,normal,NMPR
BD_immune05_799347,normal,NMPR
BD_immune05_764376,normal,NMPR
BD_immune05_782981,normal,NMPR
BD_immune05_174218,normal,NMPR
BD_immune05_11097,normal,NMPR
BD_immune05_403611,normal,NMPR
BD_immune05_537893,normal,NMPR
BD_immune05_504665,normal,NMPR
BD_immune05_617783,normal,NMPR
BD_immune05_438537,normal,NMPR
BD_immune05_592248,normal,NMPR
BD_immune05_163692,normal,NMPR
BD_immune05_848352,normal,NMPR
BD_immune05_236789,normal,NMPR
BD_immune05_860119,normal,NMPR
BD_immune05_110755,normal,NMPR
BD_immune05_242540,normal,NMPR
BD_immune05_713195,normal,NMPR
BD_immune05_445976,normal,NMPR
BD_immune05_708673,normal,NMPR
BD_immune05_129540,normal,NMPR
BD_immune05_286486,normal,NMPR
BD_immune05_747010,normal,NMPR
BD_immune05_865500,normal,NMPR
BD_immune05_881733,normal,NMPR
BD_immune05_759693,normal,NMPR
BD_immune05_296647,normal,NMPR
BD_immune05_729252,normal,NMPR
BD_immune05_198682,normal,NMPR
BD_immune05_689802,normal,NMPR
BD_immune05_731665,normal,NMPR
BD_immune05_728176,normal,NMPR
BD_immune05_116698,normal,NMPR
BD_immune05_93198,normal,NMPR
BD_immune05_365084,normal,NMPR
BD_immune05_826160,normal,NMPR
BD_immune05_780529,normal,NMPR
BD_immune05_805492,normal,NMPR
BD_immune05_770832,normal,NMPR
BD_immune05_225084,normal,NMPR
BD_immune05_65029,normal,NMPR
BD_immune05_686290,normal,NMPR
BD_immune05_152146,normal,NMPR
BD_immune05_169915,normal,NMPR
BD_immune05_441808,normal,NMPR
BD_immune05_313043,normal,NMPR
BD_immune05_873307,normal,NMPR
BD_immune05_852747,normal,NMPR
BD_immune05_524488,normal,NMPR
BD_immune05_298562,normal,NMPR
BD_immune05_875017,normal,NMPR
BD_immune05_708151,normal,NMPR
BD_immune05_833065,normal,NMPR
BD_immune05_450112,normal,NMPR
BD_immune05_553484,normal,NMPR
BD_immune05_583095,normal,NMPR
BD_immune05_408858,normal,NMPR
BD_immune05_880227,normal,NMPR
BD_immune05_769542,normal,NMPR
BD_immune05_16136,normal,NMPR
BD_immune05_629920,normal,NMPR
BD_immune05_827897,normal,NMPR
BD_immune05_689853,normal,NMPR
BD_immune05_758375,normal,NMPR
BD_immune05_318967,normal,NMPR
BD_immune05_489537,normal,NMPR
BD_immune05_228811,normal,NMPR
BD_immune05_109515,normal,NMPR
BD_immune05_809570,normal,NMPR
BD_immune05_371026,normal,NMPR
BD_immune05_141585,normal,NMPR
BD_immune05_122765,normal,NMPR
BD_immune05_609454,normal,NMPR
BD_immune05_171593,normal,NMPR
BD_immune05_252272,normal,NMPR
BD_immune05_562703,normal,NMPR
BD_immune05_835667,normal,NMPR
BD_immune05_495441,normal,NMPR
BD_immune05_743822,normal,NMPR
BD_immune05_752689,normal,NMPR
BD_immune05_54186,normal,NMPR
BD_immune05_421886,normal,NMPR
BD_immune05_868268,normal,NMPR
BD_immune05_515371,normal,NMPR
BD_immune05_874261,normal,NMPR
BD_immune05_669257,normal,NMPR
BD_immune05_871766,normal,NMPR
BD_immune05_60789,normal,NMPR
BD_immune05_565498,normal,NMPR
BD_immune05_682846,normal,NMPR
BD_immune05_348363,normal,NMPR
BD_immune05_172186,normal,NMPR
BD_immune05_728079,normal,NMPR
BD_immune05_170399,normal,NMPR
BD_immune05_591519,normal,NMPR
BD_immune05_384262,normal,NMPR
BD_immune05_193929,normal,NMPR
BD_immune05_468725,normal,NMPR
BD_immune05_840459,normal,NMPR
BD_immune05_757798,normal,NMPR
BD_immune05_410279,normal,NMPR
BD_immune05_147524,normal,NMPR
BD_immune05_19005,normal,NMPR
BD_immune05_203619,normal,NMPR
BD_immune05_649143,normal,NMPR
BD_immune05_85286,normal,NMPR
BD_immune05_2841,normal,NMPR
BD_immune05_130082,normal,NMPR
BD_immune05_707176,normal,NMPR
BD_immune05_722932,normal,NMPR
BD_immune05_839827,normal,NMPR
BD_immune05_176877,normal,NMPR
BD_immune05_68825,normal,NMPR
BD_immune05_559746,normal,NMPR
BD_immune05_559083,normal,NMPR
BD_immune05_616496,normal,NMPR
BD_immune05_755697,normal,NMPR
BD_immune05_243382,normal,NMPR
BD_immune05_759718,normal,NMPR
BD_immune05_646693,normal,NMPR
BD_immune05_591098,normal,NMPR
BD_immune05_1141,normal,NMPR
BD_immune05_576582,normal,NMPR
BD_immune05_538936,normal,NMPR
BD_immune05_668426,normal,NMPR
BD_immune05_359984,normal,NMPR
BD_immune05_726306,normal,NMPR
BD_immune05_339269,normal,NMPR
BD_immune05_795873,normal,NMPR
BD_immune05_730820,normal,NMPR
BD_immune05_258526,normal,NMPR
BD_immune05_41995,normal,NMPR
BD_immune05_273849,normal,NMPR
BD_immune05_196924,normal,NMPR
BD_immune05_871127,normal,NMPR
BD_immune05_213427,normal,NMPR
BD_immune05_614929,normal,NMPR
BD_immune05_176160,normal,NMPR
BD_immune05_773452,normal,NMPR
BD_immune05_466338,normal,NMPR
BD_immune05_488713,normal,NMPR
BD_immune05_865426,normal,NMPR
BD_immune05_723327,normal,NMPR
BD_immune05_587262,normal,NMPR
BD_immune05_835950,normal,NMPR
BD_immune05_73240,normal,NMPR
BD_immune05_8868,normal,NMPR
BD_immune05_486677,normal,NMPR
BD_immune05_84751,normal,NMPR
BD_immune05_695966,normal,NMPR
BD_immune05_122968,normal,NMPR
BD_immune05_126670,normal,NMPR
BD_immune05_213830,normal,NMPR
BD_immune05_103282,normal,NMPR
BD_immune05_213329,normal,NMPR
BD_immune05_483680,normal,NMPR
BD_immune05_150469,normal,NMPR
BD_immune05_278271,normal,NMPR
BD_immune05_13833,normal,NMPR
BD_immune05_418693,normal,NMPR
BD_immune05_389102,normal,NMPR
BD_immune05_120337,normal,NMPR
BD_immune05_699139,normal,NMPR
BD_immune05_241599,normal,NMPR
BD_immune05_311440,normal,NMPR
BD_immune05_692314,normal,NMPR
BD_immune05_737167,normal,NMPR
BD_immune05_120270,normal,NMPR
BD_immune05_627090,normal,NMPR
BD_immune05_781542,normal,NMPR
BD_immune05_167424,normal,NMPR
BD_immune05_320521,normal,NMPR
BD_immune05_75742,normal,NMPR
BD_immune05_734897,normal,NMPR
BD_immune05_187281,normal,NMPR
BD_immune05_847441,normal,NMPR
BD_immune05_764571,normal,NMPR
BD_immune05_73578,normal,NMPR
BD_immune05_448966,normal,NMPR
BD_immune05_400784,normal,NMPR
BD_immune05_711111,normal,NMPR
BD_immune05_120306,normal,NMPR
BD_immune05_596956,normal,NMPR
BD_immune05_828669,normal,NMPR
BD_immune05_607771,normal,NMPR
BD_immune05_209315,normal,NMPR
BD_immune05_304841,normal,NMPR
BD_immune05_776717,normal,NMPR
BD_immune05_497384,normal,NMPR
BD_immune05_485031,normal,NMPR
BD_immune05_298741,normal,NMPR
BD_immune05_123694,normal,NMPR
BD_immune05_50189,filtered,NMPR
BD_immune05_554554,normal,NMPR
BD_immune05_86144,normal,NMPR
BD_immune05_400789,normal,NMPR
BD_immune05_412616,normal,NMPR
BD_immune05_606659,normal,NMPR
BD_immune05_753121,normal,NMPR
BD_immune05_580395,normal,NMPR
BD_immune05_261839,normal,NMPR
BD_immune05_689022,normal,NMPR
BD_immune05_43764,normal,NMPR
BD_immune05_720028,normal,NMPR
BD_immune05_863181,normal,NMPR
BD_immune05_811451,normal,NMPR
BD_immune05_579881,normal,NMPR
BD_immune05_117715,normal,NMPR
BD_immune05_569167,normal,NMPR
BD_immune05_106042,normal,NMPR
BD_immune05_196180,normal,NMPR
BD_immune05_15948,normal,NMPR
BD_immune05_604974,normal,NMPR
BD_immune05_40341,normal,NMPR
BD_immune05_615696,normal,NMPR
BD_immune05_267900,normal,NMPR
BD_immune05_402481,normal,NMPR
BD_immune05_260714,normal,NMPR
BD_immune05_590510,normal,NMPR
BD_immune05_487844,normal,NMPR
BD_immune05_816243,normal,NMPR
BD_immune05_845085,normal,NMPR
BD_immune05_543725,normal,NMPR
BD_immune05_267614,normal,NMPR
BD_immune05_116946,normal,NMPR
BD_immune05_406080,normal,NMPR
BD_immune05_145310,normal,NMPR
BD_immune05_617954,normal,NMPR
BD_immune05_278796,normal,NMPR
BD_immune05_518104,normal,NMPR
BD_immune05_365618,normal,NMPR
BD_immune05_151699,normal,NMPR
BD_immune05_6547,normal,NMPR
BD_immune05_240480,normal,NMPR
BD_immune05_580172,normal,NMPR
BD_immune05_86396,normal,NMPR
BD_immune05_173413,normal,NMPR
BD_immune05_463463,normal,NMPR
BD_immune05_560869,normal,NMPR
BD_immune05_582732,normal,NMPR
BD_immune05_63774,normal,NMPR
BD_immune05_83784,filtered,NMPR
BD_immune05_587282,normal,NMPR
BD_immune05_275267,normal,NMPR
BD_immune05_114067,normal,NMPR
BD_immune05_368150,filtered,NMPR
BD_immune05_259826,normal,NMPR
BD_immune05_703901,normal,NMPR
BD_immune05_87379,normal,NMPR
BD_immune05_256645,normal,NMPR
BD_immune05_48207,normal,NMPR
BD_immune05_825025,normal,NMPR
BD_immune05_782161,normal,NMPR
BD_immune05_845631,normal,NMPR
BD_immune05_90532,normal,NMPR
BD_immune05_82710,normal,NMPR
BD_immune05_125087,normal,NMPR
BD_immune05_505345,filtered,NMPR
BD_immune05_20023,normal,NMPR
BD_immune05_524227,normal,NMPR
BD_immune05_593460,normal,NMPR
BD_immune05_418559,normal,NMPR
BD_immune05_81351,normal,NMPR
BD_immune05_484728,normal,NMPR
BD_immune05_577591,normal,NMPR
BD_immune05_881443,normal,NMPR
BD_immune05_202969,normal,NMPR
BD_immune05_671856,normal,NMPR
BD_immune05_10746,normal,NMPR
BD_immune05_35211,normal,NMPR
BD_immune05_142647,normal,NMPR
BD_immune05_499763,normal,NMPR
BD_immune05_59609,normal,NMPR
BD_immune05_157257,normal,NMPR
BD_immune05_177540,normal,NMPR
BD_immune05_358529,normal,NMPR
BD_immune05_437003,normal,NMPR
BD_immune05_781775,normal,NMPR
BD_immune05_550698,normal,NMPR
BD_immune05_239336,normal,NMPR
BD_immune05_225629,normal,NMPR
BD_immune05_733410,normal,NMPR
BD_immune05_18326,normal,NMPR
BD_immune05_15532,normal,NMPR
BD_immune05_149833,normal,NMPR
BD_immune05_820201,normal,NMPR
BD_immune05_731032,filtered,NMPR
BD_immune05_350786,normal,NMPR
BD_immune05_569452,normal,NMPR
BD_immune05_24104,normal,NMPR
BD_immune05_571024,normal,NMPR
BD_immune05_781512,normal,NMPR
BD_immune05_161392,normal,NMPR
BD_immune05_592225,normal,NMPR
BD_immune05_232040,normal,NMPR
BD_immune05_333266,normal,NMPR
BD_immune05_81789,normal,NMPR
BD_immune05_610660,normal,NMPR
BD_immune05_457423,filtered,NMPR
BD_immune05_125846,filtered,NMPR
BD_immune05_706598,normal,NMPR
BD_immune05_433559,normal,NMPR
BD_immune05_774067,normal,NMPR
BD_immune05_412372,filtered,NMPR
BD_immune05_258178,normal,NMPR
BD_immune05_711515,normal,NMPR
BD_immune05_541181,normal,NMPR
BD_immune05_20270,normal,NMPR
BD_immune05_872406,filtered,NMPR
BD_immune05_205459,normal,NMPR
BD_immune05_27015,normal,NMPR
BD_immune05_794973,normal,NMPR
BD_immune05_518014,normal,NMPR
BD_immune05_705964,filtered,NMPR
BD_immune05_708462,filtered,NMPR
BD_immune05_379887,normal,NMPR
BD_immune05_622454,normal,NMPR
BD_immune05_273094,normal,NMPR
BD_immune05_182611,normal,NMPR
BD_immune05_312989,filtered,NMPR
BD_immune05_68274,normal,NMPR
BD_immune05_798236,normal,NMPR
BD_immune05_364197,normal,NMPR
BD_immune05_806118,normal,NMPR
BD_immune05_577415,normal,NMPR
BD_immune05_321514,normal,NMPR
BD_immune05_595985,normal,NMPR
BD_immune05_40147,normal,NMPR
BD_immune05_775741,normal,NMPR
BD_immune05_775556,filtered,NMPR
BD_immune05_576612,normal,NMPR
BD_immune05_455021,normal,NMPR
BD_immune05_169930,normal,NMPR
BD_immune05_340423,normal,NMPR
BD_immune05_329336,normal,NMPR
BD_immune05_463992,normal,NMPR
BD_immune05_384481,normal,NMPR
BD_immune05_564810,normal,NMPR
BD_immune05_191867,normal,NMPR
BD_immune05_129358,normal,NMPR
BD_immune05_638351,normal,NMPR
BD_immune05_740978,normal,NMPR
BD_immune05_382810,normal,NMPR
BD_immune05_568255,normal,NMPR
BD_immune05_277113,normal,NMPR
BD_immune05_588934,normal,NMPR
BD_immune05_460082,normal,NMPR
BD_immune05_431405,normal,NMPR
BD_immune05_222816,normal,NMPR
BD_immune05_94823,normal,NMPR
BD_immune05_757791,normal,NMPR
BD_immune05_640453,normal,NMPR
BD_immune05_275130,normal,NMPR
BD_immune05_447671,filtered,NMPR
BD_immune05_314652,normal,NMPR
BD_immune05_586029,normal,NMPR
BD_immune05_99800,normal,NMPR
BD_immune05_831263,normal,NMPR
BD_immune05_834605,normal,NMPR
BD_immune05_312990,filtered,NMPR
BD_immune05_128140,normal,NMPR
BD_immune05_210437,normal,NMPR
BD_immune05_266215,normal,NMPR
BD_immune05_375597,normal,NMPR
BD_immune05_442367,normal,NMPR
BD_immune05_820711,normal,NMPR
BD_immune05_20465,normal,NMPR
BD_immune05_55926,normal,NMPR
BD_immune05_724286,normal,NMPR
BD_immune05_511086,normal,NMPR
BD_immune05_705460,filtered,NMPR
BD_immune05_95039,normal,NMPR
BD_immune05_792953,normal,NMPR
BD_immune05_62737,filtered,NMPR
BD_immune05_54036,normal,NMPR
BD_immune05_455819,normal,NMPR
BD_immune05_602329,normal,NMPR
BD_immune05_32142,normal,NMPR
BD_immune05_48158,normal,NMPR
BD_immune05_43403,normal,NMPR
BD_immune05_800042,normal,NMPR
BD_immune05_737378,normal,NMPR
BD_immune05_845161,normal,NMPR
BD_immune05_580819,normal,NMPR
BD_immune05_618761,normal,NMPR
BD_immune05_20945,normal,NMPR
BD_immune05_277525,normal,NMPR
BD_immune05_49585,normal,NMPR
BD_immune05_465344,normal,NMPR
BD_immune05_53339,filtered,NMPR
BD_immune05_449932,normal,NMPR
BD_immune05_798227,filtered,NMPR
BD_immune05_564749,normal,NMPR
BD_immune05_479305,normal,NMPR
BD_immune05_301414,normal,NMPR
BD_immune05_527250,normal,NMPR
BD_immune05_853164,normal,NMPR
BD_immune05_255724,normal,NMPR
BD_immune05_682046,filtered,NMPR
BD_immune05_64563,normal,NMPR
BD_immune05_5462,normal,NMPR
BD_immune05_623014,normal,NMPR
BD_immune05_667948,filtered,NMPR
BD_immune05_34071,normal,NMPR
BD_immune05_135574,normal,NMPR
BD_immune05_605659,normal,NMPR
BD_immune05_337410,normal,NMPR
BD_immune05_532302,filtered,NMPR
BD_immune05_226606,filtered,NMPR
BD_immune05_349797,normal,NMPR
BD_immune05_638076,normal,NMPR
BD_immune05_290085,normal,NMPR
BD_immune05_79372,normal,NMPR
BD_immune05_522090,normal,NMPR
BD_immune05_679755,normal,NMPR
BD_immune05_769766,normal,NMPR
BD_immune05_660396,normal,NMPR
BD_immune05_764721,normal,NMPR
BD_immune05_823800,normal,NMPR
BD_immune05_261241,normal,NMPR
BD_immune05_274384,normal,NMPR
BD_immune05_653482,normal,NMPR
BD_immune05_621513,normal,NMPR
BD_immune05_153532,normal,NMPR
BD_immune05_513976,normal,NMPR
BD_immune05_742832,normal,NMPR
BD_immune05_883687,normal,NMPR
BD_immune05_567714,normal,NMPR
BD_immune05_207236,normal,NMPR
BD_immune05_322278,normal,NMPR
BD_immune05_765356,normal,NMPR
BD_immune05_797661,normal,NMPR
BD_immune05_665467,normal,NMPR
BD_immune05_64000,normal,NMPR
BD_immune05_484194,normal,NMPR
BD_immune05_115073,normal,NMPR
BD_immune05_765312,normal,NMPR
BD_immune05_82547,normal,NMPR
BD_immune05_763272,normal,NMPR
BD_immune05_268619,normal,NMPR
BD_immune05_352968,normal,NMPR
BD_immune05_651141,filtered,NMPR
BD_immune05_129330,normal,NMPR
BD_immune05_6111,normal,NMPR
BD_immune05_608560,normal,NMPR
BD_immune05_265376,normal,NMPR
BD_immune05_80063,normal,NMPR
BD_immune05_21500,normal,NMPR
BD_immune05_571105,normal,NMPR
BD_immune05_136971,normal,NMPR
BD_immune05_685179,normal,NMPR
BD_immune05_391123,filtered,NMPR
BD_immune05_556334,normal,NMPR
BD_immune05_213528,normal,NMPR
BD_immune05_211095,filtered,NMPR
BD_immune05_101978,normal,NMPR
BD_immune05_409227,normal,NMPR
BD_immune05_59826,normal,NMPR
BD_immune08_34046,normal,NMPR
BD_immune08_342376,normal,NMPR
BD_immune08_732603,normal,NMPR
BD_immune08_375481,normal,NMPR
BD_immune08_469950,normal,NMPR
BD_immune08_718585,normal,NMPR
BD_immune08_19272,normal,NMPR
BD_immune08_698403,normal,NMPR
BD_immune08_266449,normal,NMPR
BD_immune08_113807,normal,NMPR
BD_immune08_162033,normal,NMPR
BD_immune08_770231,normal,NMPR
BD_immune08_183043,normal,NMPR
BD_immune08_850346,normal,NMPR
BD_immune08_801338,normal,NMPR
BD_immune08_392470,normal,NMPR
BD_immune08_18305,normal,NMPR
BD_immune08_786575,normal,NMPR
BD_immune08_578799,normal,NMPR
BD_immune08_232087,normal,NMPR
BD_immune08_564893,normal,NMPR
BD_immune08_577320,normal,NMPR
BD_immune08_747183,normal,NMPR
BD_immune08_281690,normal,NMPR
BD_immune08_508249,normal,NMPR
BD_immune08_637999,normal,NMPR
BD_immune08_450383,normal,NMPR
BD_immune08_183911,normal,NMPR
BD_immune08_589773,normal,NMPR
BD_immune08_59889,normal,NMPR
BD_immune08_593406,normal,NMPR
BD_immune08_257012,normal,NMPR
BD_immune08_620511,normal,NMPR
BD_immune08_138099,normal,NMPR
BD_immune08_157731,normal,NMPR
BD_immune08_569495,normal,NMPR
BD_immune08_49070,normal,NMPR
BD_immune08_120543,normal,NMPR
BD_immune08_356278,normal,NMPR
BD_immune08_140300,normal,NMPR
BD_immune08_872461,normal,NMPR
BD_immune08_482420,normal,NMPR
BD_immune08_531035,normal,NMPR
BD_immune08_132952,normal,NMPR
BD_immune08_343223,normal,NMPR
BD_immune08_713656,normal,NMPR
BD_immune08_345962,normal,NMPR
BD_immune08_491666,normal,NMPR
BD_immune08_270165,normal,NMPR
BD_immune08_651375,normal,NMPR
BD_immune08_517223,normal,NMPR
BD_immune08_502894,normal,NMPR
BD_immune08_685461,normal,NMPR
BD_immune08_653049,normal,NMPR
BD_immune08_474953,normal,NMPR
BD_immune08_320857,normal,NMPR
BD_immune08_750915,normal,NMPR
BD_immune08_635209,normal,NMPR
BD_immune08_342424,normal,NMPR
BD_immune08_232505,normal,NMPR
BD_immune08_68294,normal,NMPR
BD_immune08_71743,normal,NMPR
BD_immune08_625301,normal,NMPR
BD_immune08_837815,normal,NMPR
BD_immune08_94199,normal,NMPR
BD_immune08_550392,normal,NMPR
BD_immune08_435679,normal,NMPR
BD_immune08_327439,normal,NMPR
BD_immune08_56360,normal,NMPR
BD_immune08_217959,normal,NMPR
BD_immune08_270177,normal,NMPR
BD_immune08_455125,normal,NMPR
BD_immune08_651426,normal,NMPR
BD_immune08_852047,normal,NMPR
BD_immune08_288658,normal,NMPR
BD_immune08_368902,normal,NMPR
BD_immune08_224362,normal,NMPR
BD_immune08_213025,normal,NMPR
BD_immune08_827422,normal,NMPR
BD_immune08_102234,normal,NMPR
BD_immune08_126670,normal,NMPR
BD_immune08_49676,normal,NMPR
BD_immune08_223505,normal,NMPR
BD_immune08_310696,normal,NMPR
BD_immune08_834316,normal,NMPR
BD_immune08_778143,normal,NMPR
BD_immune08_159047,normal,NMPR
BD_immune08_27060,normal,NMPR
BD_immune08_461889,normal,NMPR
BD_immune08_122787,normal,NMPR
BD_immune08_803832,normal,NMPR
BD_immune08_745485,normal,NMPR
BD_immune08_638686,normal,NMPR
BD_immune08_598265,normal,NMPR
BD_immune08_230934,normal,NMPR
BD_immune08_558723,normal,NMPR
BD_immune08_728843,normal,NMPR
BD_immune08_324012,normal,NMPR
BD_immune08_219302,normal,NMPR
BD_immune08_392913,normal,NMPR
BD_immune08_575919,normal,NMPR
BD_immune08_232508,normal,NMPR
BD_immune08_622494,normal,NMPR
BD_immune08_459449,normal,NMPR
BD_immune08_838337,normal,NMPR
BD_immune08_326006,normal,NMPR
BD_immune08_805367,normal,NMPR
BD_immune08_683614,normal,NMPR
BD_immune08_526466,normal,NMPR
BD_immune08_747954,normal,NMPR
BD_immune08_515319,normal,NMPR
BD_immune08_512923,normal,NMPR
BD_immune08_320604,normal,NMPR
BD_immune08_735350,normal,NMPR
BD_immune08_834790,normal,NMPR
BD_immune08_717037,normal,NMPR
BD_immune08_260131,normal,NMPR
BD_immune08_87984,normal,NMPR
BD_immune08_113832,filtered,NMPR
BD_immune08_285350,normal,NMPR
BD_immune08_829647,filtered,NMPR
BD_immune08_244974,normal,NMPR
BD_immune08_598200,normal,NMPR
BD_immune08_366751,normal,NMPR
BD_immune08_231901,normal,NMPR
BD_immune08_306193,normal,NMPR
BD_immune08_193894,filtered,NMPR
BD_immune08_324274,normal,NMPR
BD_immune08_612392,normal,NMPR
BD_immune08_708228,normal,NMPR
BD_immune08_748786,normal,NMPR
BD_immune08_877688,normal,NMPR
BD_immune08_286268,normal,NMPR
BD_immune08_370215,filtered,NMPR
BD_immune08_451247,normal,NMPR
BD_immune08_90036,normal,NMPR
BD_immune08_530004,filtered,NMPR
BD_immune08_286411,filtered,NMPR
BD_immune08_179,filtered,NMPR
BD_immune08_649261,filtered,NMPR
BD_immune08_221176,normal,NMPR
BD_immune08_736198,normal,NMPR
BD_immune08_483898,filtered,NMPR
BD_immune08_436010,filtered,NMPR
BD_immune08_845063,filtered,NMPR
BD_immune08_50882,filtered,NMPR
BD_immune08_547924,normal,NMPR
BD_immune08_591195,normal,NMPR
BD_immune08_574348,normal,NMPR
BD_immune08_688654,filtered,NMPR
BD_immune08_276694,filtered,NMPR
BD_immune08_771213,normal,NMPR
BD_immune08_235802,normal,NMPR
BD_immune08_604229,filtered,NMPR
BD_immune08_315075,filtered,NMPR
BD_immune08_788157,normal,NMPR
BD_immune08_170754,filtered,NMPR
BD_immune08_874513,normal,NMPR
BD_immune08_533734,filtered,NMPR
BD_immune08_483082,normal,NMPR
BD_immune08_816933,normal,NMPR
BD_immune08_743219,filtered,NMPR
BD_immune08_36024,filtered,NMPR
BD_immune08_291106,filtered,NMPR
BD_immune08_627738,filtered,NMPR
BD_immune08_12990,filtered,NMPR
BD_immune08_360384,filtered,NMPR
BD_immune08_763667,filtered,NMPR
BD_immune08_625731,normal,NMPR
BD_immune08_532707,filtered,NMPR
BD_immune08_524592,normal,NMPR
BD_immune08_704490,filtered,NMPR
BD_immune08_792466,filtered,NMPR
BD_immune08_212469,filtered,NMPR
BD_immune08_284693,filtered,NMPR
BD_immune08_596990,normal,NMPR
BD_immune08_287929,filtered,NMPR
BD_immune09_646695,normal,NMPR
BD_immune09_352548,normal,NMPR
BD_immune09_189566,normal,NMPR
BD_immune09_638638,normal,NMPR
BD_immune09_81915,normal,NMPR
BD_immune09_605948,normal,NMPR
BD_immune09_139519,normal,NMPR
BD_immune09_605576,normal,NMPR
BD_immune09_328287,normal,NMPR
BD_immune09_85130,normal,NMPR
BD_immune09_182540,normal,NMPR
BD_immune09_789865,normal,NMPR
BD_immune09_556921,normal,NMPR
BD_immune09_424558,normal,NMPR
BD_immune09_19658,normal,NMPR
BD_immune09_29937,normal,NMPR
BD_immune09_335675,normal,NMPR
BD_immune09_145870,normal,NMPR
BD_immune09_709366,normal,NMPR
BD_immune09_508510,normal,NMPR
BD_immune09_273582,normal,NMPR
BD_immune09_467536,normal,NMPR
BD_immune09_411126,normal,NMPR
BD_immune09_395179,normal,NMPR
BD_immune09_386676,normal,NMPR
BD_immune09_426034,normal,NMPR
BD_immune09_160580,normal,NMPR
BD_immune09_738635,normal,NMPR
BD_immune09_72015,normal,NMPR
BD_immune09_556102,normal,NMPR
BD_immune09_391231,normal,NMPR
BD_immune09_816333,normal,NMPR
BD_immune09_469879,normal,NMPR
BD_immune09_16948,normal,NMPR
BD_immune09_791625,normal,NMPR
BD_immune09_178516,normal,NMPR
BD_immune09_747825,normal,NMPR
BD_immune09_604369,normal,NMPR
BD_immune09_553833,normal,NMPR
BD_immune09_58908,normal,NMPR
BD_immune09_867235,normal,NMPR
BD_immune09_140334,normal,NMPR
BD_immune09_388870,normal,NMPR
BD_immune09_869382,normal,NMPR
BD_immune09_579463,normal,NMPR
BD_immune09_335924,normal,NMPR
BD_immune09_83089,normal,NMPR
BD_immune09_50007,normal,NMPR
BD_immune09_333213,normal,NMPR
BD_immune09_396189,normal,NMPR
BD_immune09_869402,normal,NMPR
BD_immune09_463310,normal,NMPR
BD_immune09_422255,normal,NMPR
BD_immune09_464421,normal,NMPR
BD_immune09_732485,normal,NMPR
BD_immune09_496987,normal,NMPR
BD_immune09_467822,normal,NMPR
BD_immune09_843432,normal,NMPR
BD_immune09_281933,normal,NMPR
BD_immune09_607924,normal,NMPR
BD_immune09_630471,normal,NMPR
BD_immune09_879214,normal,NMPR
BD_immune09_508386,normal,NMPR
BD_immune09_756263,normal,NMPR
BD_immune09_602774,normal,NMPR
BD_immune09_571637,normal,NMPR
BD_immune09_495637,normal,NMPR
BD_immune09_709373,normal,NMPR
BD_immune09_495078,normal,NMPR
BD_immune09_653439,normal,NMPR
BD_immune09_477404,normal,NMPR
BD_immune09_166521,normal,NMPR
BD_immune09_542516,normal,NMPR
BD_immune09_719732,normal,NMPR
BD_immune09_772386,normal,NMPR
BD_immune09_184401,normal,NMPR
BD_immune09_538307,normal,NMPR
BD_immune09_815524,normal,NMPR
BD_immune09_427821,normal,NMPR
BD_immune09_78152,normal,NMPR
BD_immune09_849714,normal,NMPR
BD_immune09_743640,normal,NMPR
BD_immune09_669556,normal,NMPR
BD_immune09_332519,normal,NMPR
BD_immune09_56074,normal,NMPR
BD_immune09_237856,normal,NMPR
BD_immune09_687208,normal,NMPR
BD_immune09_855546,normal,NMPR
BD_immune09_515867,normal,NMPR
BD_immune09_155625,normal,NMPR
BD_immune09_337465,normal,NMPR
BD_immune09_52643,normal,NMPR
BD_immune09_768527,normal,NMPR
BD_immune09_181449,normal,NMPR
BD_immune09_234965,normal,NMPR
BD_immune09_699961,normal,NMPR
BD_immune09_554061,normal,NMPR
BD_immune09_530387,normal,NMPR
BD_immune09_722162,normal,NMPR
BD_immune09_540941,normal,NMPR
BD_immune09_319300,normal,NMPR
BD_immune09_357764,normal,NMPR
BD_immune09_631408,normal,NMPR
BD_immune09_101861,normal,NMPR
BD_immune09_607248,normal,NMPR
BD_immune09_755094,normal,NMPR
BD_immune09_22981,normal,NMPR
BD_immune09_634931,normal,NMPR
BD_immune09_45327,normal,NMPR
BD_immune09_728599,normal,NMPR
BD_immune09_660218,normal,NMPR
BD_immune09_755728,normal,NMPR
BD_immune09_565638,normal,NMPR
BD_immune09_216569,normal,NMPR
BD_immune09_72335,normal,NMPR
BD_immune09_221676,normal,NMPR
BD_immune09_100469,normal,NMPR
BD_immune09_44201,normal,NMPR
BD_immune09_287449,normal,NMPR
BD_immune09_455581,normal,NMPR
BD_immune09_816895,normal,NMPR
BD_immune09_51513,normal,NMPR
BD_immune09_85302,normal,NMPR
BD_immune09_128140,normal,NMPR
BD_immune09_854377,normal,NMPR
BD_immune09_748967,normal,NMPR
BD_immune09_856137,normal,NMPR
BD_immune09_32672,normal,NMPR
BD_immune09_840205,normal,NMPR
BD_immune09_260,normal,NMPR
BD_immune09_359378,normal,NMPR
BD_immune09_687052,normal,NMPR
BD_immune09_537320,normal,NMPR
BD_immune09_455514,normal,NMPR
BD_immune09_119622,normal,NMPR
BD_immune09_214158,normal,NMPR
BD_immune09_467660,normal,NMPR
BD_immune09_532585,normal,NMPR
BD_immune09_348756,normal,NMPR
BD_immune09_398274,normal,NMPR
BD_immune09_345180,normal,NMPR
BD_immune09_401178,normal,NMPR
BD_immune09_50037,normal,NMPR
BD_immune09_766138,normal,NMPR
BD_immune09_802534,normal,NMPR
BD_immune09_67387,normal,NMPR
BD_immune09_711887,normal,NMPR
BD_immune09_56417,normal,NMPR
BD_immune09_779630,normal,NMPR
BD_immune09_608601,normal,NMPR
BD_immune09_11874,normal,NMPR
BD_immune09_543528,normal,NMPR
BD_immune09_137873,normal,NMPR
BD_immune09_158769,normal,NMPR
BD_immune09_496303,normal,NMPR
BD_immune09_574585,normal,NMPR
BD_immune09_223963,normal,NMPR
BD_immune09_355834,normal,NMPR
BD_immune09_352153,normal,NMPR
BD_immune09_830774,normal,NMPR
BD_immune09_342714,normal,NMPR
BD_immune09_801921,normal,NMPR
BD_immune09_354946,normal,NMPR
BD_immune09_301850,normal,NMPR
BD_immune09_720189,normal,NMPR
BD_immune09_719265,normal,NMPR
BD_immune09_756130,normal,NMPR
BD_immune09_461592,normal,NMPR
BD_immune09_157839,normal,NMPR
BD_immune09_723730,normal,NMPR
BD_immune09_562593,filtered,NMPR
BD_immune09_637393,normal,NMPR
BD_immune09_660992,normal,NMPR
BD_immune09_273279,normal,NMPR
BD_immune09_613366,normal,NMPR
BD_immune09_780623,normal,NMPR
BD_immune09_875177,filtered,NMPR
BD_immune09_484164,normal,NMPR
BD_immune09_726857,filtered,NMPR
BD_immune09_224113,normal,NMPR
BD_immune09_119150,normal,NMPR
BD_immune09_229368,normal,NMPR
BD_immune09_603330,normal,NMPR
BD_immune09_20975,normal,NMPR
BD_immune09_341397,normal,NMPR
BD_immune09_68463,normal,NMPR
BD_immune09_97061,normal,NMPR
BD_immune09_241583,filtered,NMPR
BD_immune10_599689,normal,NMPR
BD_immune10_455389,normal,NMPR
BD_immune10_9688,normal,NMPR
BD_immune10_701660,normal,NMPR
BD_immune10_420142,normal,NMPR
BD_immune10_375860,normal,NMPR
BD_immune10_94199,normal,NMPR
BD_immune10_522853,normal,NMPR
BD_immune10_467232,normal,NMPR
BD_immune10_298814,normal,NMPR
BD_immune10_493556,normal,NMPR
BD_immune10_850438,normal,NMPR
BD_immune10_749154,normal,NMPR
BD_immune10_121914,normal,NMPR
BD_immune10_269167,normal,NMPR
BD_immune10_645293,normal,NMPR
BD_immune10_75711,normal,NMPR
BD_immune10_480563,normal,NMPR
BD_immune10_576892,normal,NMPR
BD_immune10_270036,normal,NMPR
BD_immune10_824908,normal,NMPR
BD_immune10_436642,normal,NMPR
BD_immune10_660288,normal,NMPR
BD_immune10_288449,normal,NMPR
BD_immune10_144482,normal,NMPR
BD_immune10_564664,normal,NMPR
BD_immune10_404089,normal,NMPR
BD_immune10_132267,normal,NMPR
BD_immune10_45002,normal,NMPR
BD_immune10_703915,normal,NMPR
BD_immune10_687786,normal,NMPR
BD_immune10_607383,normal,NMPR
BD_immune10_416593,normal,NMPR
BD_immune10_590164,normal,NMPR
BD_immune10_452379,normal,NMPR
BD_immune10_54123,normal,NMPR
BD_immune10_69551,normal,NMPR
BD_immune10_352310,normal,NMPR
BD_immune10_280893,normal,NMPR
BD_immune10_113911,normal,NMPR
BD_immune10_596957,normal,NMPR
BD_immune10_364033,normal,NMPR
BD_immune10_821980,normal,NMPR
BD_immune10_430029,normal,NMPR
BD_immune10_880327,normal,NMPR
BD_immune10_218090,normal,NMPR
BD_immune10_558031,normal,NMPR
BD_immune10_391734,normal,NMPR
BD_immune10_873486,normal,NMPR
BD_immune10_824170,normal,NMPR
BD_immune10_128347,normal,NMPR
BD_immune10_539155,normal,NMPR
BD_immune10_135963,normal,NMPR
BD_immune10_172273,normal,NMPR
BD_immune10_641830,normal,NMPR
BD_immune10_515089,normal,NMPR
BD_immune10_54182,normal,NMPR
BD_immune10_227877,normal,NMPR
BD_immune10_761274,normal,NMPR
BD_immune10_399765,normal,NMPR
BD_immune10_256253,normal,NMPR
BD_immune10_428736,normal,NMPR
BD_immune10_562794,normal,NMPR
BD_immune10_474379,normal,NMPR
BD_immune10_839107,normal,NMPR
BD_immune10_271601,normal,NMPR
BD_immune10_163228,normal,NMPR
BD_immune10_324854,normal,NMPR
BD_immune10_300183,normal,NMPR
BD_immune10_380400,normal,NMPR
BD_immune10_787255,normal,NMPR
BD_immune10_845475,normal,NMPR
BD_immune10_26033,normal,NMPR
BD_immune10_398254,normal,NMPR
BD_immune10_745893,normal,NMPR
BD_immune10_518549,normal,NMPR
BD_immune10_854225,normal,NMPR
BD_immune10_833384,normal,NMPR
BD_immune10_863847,normal,NMPR
BD_immune10_480140,normal,NMPR
BD_immune10_398580,normal,NMPR
BD_immune10_793059,normal,NMPR
BD_immune10_98902,normal,NMPR
BD_immune10_25031,normal,NMPR
BD_immune10_720933,normal,NMPR
BD_immune10_472854,normal,NMPR
BD_immune10_97648,normal,NMPR
BD_immune10_247522,normal,NMPR
BD_immune10_377528,normal,NMPR
BD_immune10_331854,normal,NMPR
BD_immune10_799899,normal,NMPR
BD_immune10_737641,normal,NMPR
BD_immune10_490692,normal,NMPR
BD_immune10_516763,normal,NMPR
BD_immune10_362032,normal,NMPR
BD_immune10_21235,normal,NMPR
BD_immune10_105566,normal,NMPR
BD_immune10_708245,normal,NMPR
BD_immune10_529425,normal,NMPR
BD_immune10_145114,normal,NMPR
BD_immune10_460745,normal,NMPR
BD_immune10_545930,normal,NMPR
BD_immune10_401833,normal,NMPR
BD_immune10_531613,normal,NMPR
BD_immune10_251532,normal,NMPR
BD_immune10_788263,normal,NMPR
BD_immune10_290638,normal,NMPR
BD_immune10_806330,normal,NMPR
BD_immune10_574984,normal,NMPR
BD_immune10_634341,normal,NMPR
BD_immune10_375576,normal,NMPR
BD_immune10_814221,normal,NMPR
BD_immune10_872968,normal,NMPR
BD_immune10_833158,normal,NMPR
BD_immune10_470748,normal,NMPR
BD_immune10_503947,normal,NMPR
BD_immune10_605054,normal,NMPR
BD_immune10_174697,normal,NMPR
BD_immune10_719991,normal,NMPR
BD_immune10_249793,normal,NMPR
BD_immune10_399199,normal,NMPR
BD_immune10_781326,normal,NMPR
BD_immune10_553502,normal,NMPR
BD_immune10_840452,normal,NMPR
BD_immune10_469726,normal,NMPR
BD_immune10_27483,normal,NMPR
BD_immune10_876518,normal,NMPR
BD_immune10_471359,normal,NMPR
BD_immune10_782462,normal,NMPR
BD_immune10_6504,normal,NMPR
BD_immune10_549114,normal,NMPR
BD_immune10_50781,normal,NMPR
BD_immune10_514567,normal,NMPR
BD_immune10_569756,normal,NMPR
BD_immune10_648361,normal,NMPR
BD_immune10_397106,normal,NMPR
BD_immune10_845826,normal,NMPR
BD_immune10_511743,normal,NMPR
BD_immune10_544496,normal,NMPR
BD_immune10_722844,normal,NMPR
BD_immune10_861473,normal,NMPR
BD_immune10_490098,normal,NMPR
BD_immune10_87116,normal,NMPR
BD_immune10_822801,normal,NMPR
BD_immune10_803425,normal,NMPR
BD_immune10_778765,normal,NMPR
BD_immune10_245493,normal,NMPR
BD_immune10_161258,normal,NMPR
BD_immune10_880780,normal,NMPR
BD_immune10_220856,normal,NMPR
BD_immune10_28852,normal,NMPR
BD_immune10_729882,normal,NMPR
BD_immune10_815060,normal,NMPR
BD_immune10_284239,normal,NMPR
BD_immune10_831680,normal,NMPR
BD_immune10_412436,normal,NMPR
BD_immune10_74927,normal,NMPR
BD_immune10_855876,normal,NMPR
BD_immune10_556385,normal,NMPR
BD_immune10_51107,normal,NMPR
BD_immune10_306029,normal,NMPR
BD_immune10_154999,normal,NMPR
BD_immune10_841299,normal,NMPR
BD_immune10_11420,normal,NMPR
BD_immune10_563111,normal,NMPR
BD_immune10_773704,filtered,NMPR
BD_immune10_325172,filtered,NMPR
BD_immune10_354007,normal,NMPR
BD_immune10_163441,normal,NMPR
BD_immune10_129788,normal,NMPR
BD_immune10_274530,normal,NMPR
BD_immune10_279919,normal,NMPR
BD_immune10_369753,normal,NMPR
BD_immune10_40077,normal,NMPR
BD_immune10_246989,normal,NMPR
BD_immune10_609720,normal,NMPR
BD_immune10_851767,normal,NMPR
BD_immune10_38621,normal,NMPR
BD_immune10_596752,normal,NMPR
BD_immune10_743649,normal,NMPR
BD_immune10_247581,normal,NMPR
BD_immune10_544089,normal,NMPR
BD_immune10_712327,normal,NMPR
BD_immune10_474430,normal,NMPR
BD_immune10_390713,normal,NMPR
BD_immune10_183885,normal,NMPR
BD_immune10_595282,normal,NMPR
BD_immune10_354653,normal,NMPR
BD_immune10_376210,normal,NMPR
BD_immune10_80700,normal,NMPR
BD_immune10_36114,normal,NMPR
BD_immune10_745259,normal,NMPR
BD_immune10_247003,normal,NMPR
BD_immune10_218075,normal,NMPR
BD_immune10_231321,normal,NMPR
BD_immune10_39947,normal,NMPR
BD_immune10_379846,normal,NMPR
BD_immune10_69101,normal,NMPR
BD_immune10_510223,normal,NMPR
BD_immune10_453751,normal,NMPR
BD_immune10_808835,normal,NMPR
BD_immune10_685183,normal,NMPR
BD_immune10_541177,normal,NMPR
BD_immune10_790176,filtered,NMPR
BD_immune10_856252,normal,NMPR
BD_immune10_535545,normal,NMPR
BD_immune10_192465,normal,NMPR
BD_immune10_29359,filtered,NMPR
BD_immune10_741318,normal,NMPR
BD_immune10_551621,normal,NMPR
BD_immune10_482029,normal,NMPR
BD_immune10_544082,normal,NMPR
BD_immune10_746905,normal,NMPR
BD_immune10_275157,normal,NMPR
BD_immune10_566527,filtered,NMPR
BD_immune10_629933,normal,NMPR
BD_immune10_316744,normal,NMPR
BD_immune10_227501,filtered,NMPR
BD_immune10_174900,normal,NMPR
BD_immune10_56278,normal,NMPR
BD_immune10_698648,normal,NMPR
BD_immune10_197128,normal,NMPR
BD_immune10_630352,normal,NMPR
BD_immune10_66769,normal,NMPR
BD_immune10_441325,normal,NMPR
BD_immune10_14828,normal,NMPR
BD_immune10_3673,normal,NMPR
BD_immune10_597549,normal,NMPR
BD_immune10_678887,normal,NMPR
BD_immune10_107563,normal,NMPR
BD_immune10_204839,normal,NMPR
BD_immune10_43670,filtered,NMPR
BD_immune10_218518,normal,NMPR
BD_immune10_459378,normal,NMPR
BD_immune10_195102,normal,NMPR
BD_immune10_493629,normal,NMPR
BD_immune10_369235,normal,NMPR
BD_immune10_740162,filtered,NMPR
BD_immune10_554424,normal,NMPR
BD_immune10_215409,normal,NMPR
BD_immune10_823046,filtered,NMPR
BD_immune10_483256,normal,NMPR
BD_immune10_533903,normal,NMPR
BD_immune10_529751,normal,NMPR
BD_immune10_33275,filtered,NMPR
BD_immune10_701966,normal,NMPR
BD_immune10_196841,filtered,NMPR
BD_immune10_870414,normal,NMPR
BD_immune10_165682,normal,NMPR
BD_immune10_353900,normal,NMPR
BD_immune10_208810,normal,NMPR
BD_immune10_238138,filtered,NMPR
BD_immune10_775049,normal,NMPR
BD_immune10_274495,normal,NMPR
BD_immune10_68570,normal,NMPR
BD_immune10_236699,filtered,NMPR
BD_immune10_487753,normal,NMPR
BD_immune10_180761,normal,NMPR
BD_immune10_502547,filtered,NMPR
BD_immune10_19967,filtered,NMPR
BD_immune10_388978,normal,NMPR
BD_immune10_727825,filtered,NMPR
BD_immune10_618700,filtered,NMPR
BD_immune10_857798,normal,NMPR
BD_immune10_745782,normal,NMPR
BD_immune10_268431,normal,NMPR
BD_immune10_407672,normal,NMPR
BD_immune10_586818,normal,NMPR
BD_immune10_583579,normal,NMPR
BD_immune10_748574,normal,NMPR
BD_immune10_305373,normal,NMPR
BD_immune10_251057,normal,NMPR
BD_immune10_436572,filtered,NMPR
BD_immune10_346037,filtered,NMPR
BD_immune10_692796,normal,NMPR
BD_immune10_605036,normal,NMPR
BD_immune10_112371,filtered,NMPR
BD_immune10_336990,normal,NMPR
BD_immune10_560598,normal,NMPR
BD_immune10_542949,filtered,NMPR
BD_immune10_777740,filtered,NMPR
BD_immune10_338408,filtered,NMPR
BD_immune10_612205,filtered,NMPR
BD_immune10_218438,filtered,NMPR
BD_immune10_633453,filtered,NMPR
BD_immune10_118032,filtered,NMPR
BD_immune10_291686,filtered,NMPR
BD_immune10_119071,filtered,NMPR
BD_immune10_866768,filtered,NMPR
BD_immune10_36458,filtered,NMPR
BD_immune10_253550,filtered,NMPR
BD_immune10_398282,normal,NMPR
BD_immune10_798032,filtered,NMPR
BD_immune10_231048,filtered,NMPR
BD_immune10_11497,normal,NMPR
BD_immune10_581662,filtered,NMPR
BD_immune10_423481,filtered,NMPR
BD_immune10_770566,normal,NMPR
BD_immune10_617027,filtered,NMPR
BD_immune10_852775,normal,NMPR
BD_immune10_509062,filtered,NMPR
BD_immune10_234752,normal,NMPR
BD_immune10_597600,normal,NMPR
BD_immune10_414288,filtered,NMPR
BD_immune10_60004,normal,NMPR
BD_immune10_36173,filtered,NMPR
BD_immune10_89052,filtered,NMPR
BD_immune10_270938,filtered,NMPR
BD_immune10_858432,filtered,NMPR
BD_immune10_192136,normal,NMPR
BD_immune10_592912,normal,NMPR
BD_immune10_149584,filtered,NMPR
BD_immune10_240796,normal,NMPR
BD_immune10_170591,normal,NMPR
BD_immune10_568107,filtered,NMPR
BD_immune10_433624,filtered,NMPR
BD_immune10_27396,normal,NMPR
BD_immune10_247523,normal,NMPR
BD_immune10_508722,filtered,NMPR
BD_immune10_369481,filtered,NMPR
BD_immune10_165966,normal,NMPR
BD_immune10_77965,filtered,NMPR
BD_immune10_131761,normal,NMPR
BD_immune10_816948,normal,NMPR
BD_immune10_507962,filtered,NMPR
BD_immune11_78177,normal,NMPR
BD_immune11_127184,normal,NMPR
BD_immune11_465550,normal,NMPR
BD_immune11_129854,normal,NMPR
BD_immune11_655868,normal,NMPR
BD_immune11_741571,normal,NMPR
BD_immune11_594514,normal,NMPR
BD_immune11_430145,normal,NMPR
BD_immune11_714781,normal,NMPR
BD_immune11_517070,normal,NMPR
BD_immune11_435036,normal,NMPR
BD_immune11_585794,normal,NMPR
BD_immune11_387986,normal,NMPR
BD_immune11_585313,normal,NMPR
BD_immune11_851522,normal,NMPR
BD_immune11_111584,normal,NMPR
BD_immune11_728668,normal,NMPR
BD_immune11_496681,normal,NMPR
BD_immune11_769451,normal,NMPR
BD_immune11_506169,normal,NMPR
BD_immune11_376321,normal,NMPR
BD_immune11_807506,normal,NMPR
BD_immune11_709930,normal,NMPR
BD_immune11_591231,normal,NMPR
BD_immune11_324928,normal,NMPR
BD_immune11_32838,normal,NMPR
BD_immune11_591232,normal,NMPR
BD_immune11_688050,normal,NMPR
BD_immune11_456616,normal,NMPR
BD_immune11_797208,normal,NMPR
BD_immune11_524136,normal,NMPR
BD_immune11_52398,normal,NMPR
BD_immune11_636890,normal,NMPR
BD_immune11_173014,normal,NMPR
BD_immune11_38494,normal,NMPR
BD_immune11_66903,normal,NMPR
BD_immune11_104179,normal,NMPR
BD_immune11_465297,normal,NMPR
BD_immune11_675786,normal,NMPR
BD_immune11_513452,normal,NMPR
BD_immune11_150201,normal,NMPR
BD_immune11_671271,normal,NMPR
BD_immune11_448450,normal,NMPR
BD_immune11_158447,normal,NMPR
BD_immune11_358858,normal,NMPR
BD_immune11_47918,normal,NMPR
BD_immune11_436879,normal,NMPR
BD_immune11_233240,normal,NMPR
BD_immune11_174871,normal,NMPR
BD_immune11_818712,normal,NMPR
BD_immune11_665043,normal,NMPR
BD_immune11_15235,normal,NMPR
BD_immune11_382510,normal,NMPR
BD_immune11_418392,normal,NMPR
BD_immune11_95035,normal,NMPR
BD_immune11_617113,normal,NMPR
BD_immune11_112914,normal,NMPR
BD_immune11_382703,normal,NMPR
BD_immune11_728900,normal,NMPR
BD_immune11_492361,normal,NMPR
BD_immune11_635903,normal,NMPR
BD_immune11_248087,normal,NMPR
BD_immune11_839316,normal,NMPR
BD_immune11_380435,normal,NMPR
BD_immune11_582593,normal,NMPR
BD_immune11_622608,normal,NMPR
BD_immune11_498493,normal,NMPR
BD_immune11_414783,normal,NMPR
BD_immune11_65855,normal,NMPR
BD_immune11_61982,normal,NMPR
BD_immune11_882059,normal,NMPR
BD_immune11_638589,normal,NMPR
BD_immune11_1429,normal,NMPR
BD_immune11_70104,normal,NMPR
BD_immune11_41387,normal,NMPR
BD_immune11_7131,normal,NMPR
BD_immune11_877867,normal,NMPR
BD_immune11_487890,normal,NMPR
BD_immune11_354081,normal,NMPR
BD_immune11_546898,normal,NMPR
BD_immune11_419734,normal,NMPR
BD_immune11_802374,normal,NMPR
BD_immune11_88695,normal,NMPR
BD_immune11_233804,normal,NMPR
BD_immune11_2285,normal,NMPR
BD_immune11_848730,normal,NMPR
BD_immune11_402531,normal,NMPR
BD_immune11_119670,normal,NMPR
BD_immune11_90592,normal,NMPR
BD_immune11_620021,normal,NMPR
BD_immune11_116239,normal,NMPR
BD_immune11_496667,normal,NMPR
BD_immune11_172824,normal,NMPR
BD_immune11_99323,normal,NMPR
BD_immune11_241411,normal,NMPR
BD_immune11_525212,normal,NMPR
BD_immune11_863832,normal,NMPR
BD_immune11_426386,normal,NMPR
BD_immune11_871409,normal,NMPR
BD_immune11_807795,normal,NMPR
BD_immune11_355788,normal,NMPR
BD_immune11_166152,normal,NMPR
BD_immune11_301340,normal,NMPR
BD_immune11_236910,normal,NMPR
BD_immune11_342313,normal,NMPR
BD_immune11_499164,normal,NMPR
BD_immune11_142421,normal,NMPR
BD_immune11_356021,normal,NMPR
BD_immune11_755192,normal,NMPR
BD_immune11_646441,normal,NMPR
BD_immune11_706217,normal,NMPR
BD_immune11_788399,normal,NMPR
BD_immune11_398221,normal,NMPR
BD_immune11_498670,normal,NMPR
BD_immune11_844330,normal,NMPR
BD_immune11_34209,normal,NMPR
BD_immune11_89351,normal,NMPR
BD_immune11_646451,normal,NMPR
BD_immune11_233942,normal,NMPR
BD_immune11_353334,normal,NMPR
BD_immune11_721954,normal,NMPR
BD_immune11_263208,normal,NMPR
BD_immune11_874426,normal,NMPR
BD_immune11_530325,normal,NMPR
BD_immune11_156190,normal,NMPR
BD_immune11_478753,normal,NMPR
BD_immune11_857982,normal,NMPR
BD_immune11_215452,normal,NMPR
BD_immune11_463155,normal,NMPR
BD_immune11_354113,normal,NMPR
BD_immune11_570891,normal,NMPR
BD_immune11_604003,normal,NMPR
BD_immune11_565026,normal,NMPR
BD_immune11_517833,normal,NMPR
BD_immune11_79210,normal,NMPR
BD_immune11_645010,normal,NMPR
BD_immune11_138877,normal,NMPR
BD_immune11_141938,normal,NMPR
BD_immune11_191820,normal,NMPR
BD_immune11_162836,normal,NMPR
BD_immune11_73376,normal,NMPR
BD_immune11_73348,normal,NMPR
BD_immune11_514597,normal,NMPR
BD_immune11_866065,normal,NMPR
BD_immune11_256984,normal,NMPR
BD_immune11_243467,normal,NMPR
BD_immune11_767373,normal,NMPR
BD_immune11_824510,normal,NMPR
BD_immune11_797833,normal,NMPR
BD_immune11_253222,normal,NMPR
BD_immune11_730603,normal,NMPR
BD_immune11_158309,normal,NMPR
BD_immune11_494425,normal,NMPR
BD_immune11_260569,normal,NMPR
BD_immune11_165577,normal,NMPR
BD_immune11_365453,normal,NMPR
BD_immune11_11846,normal,NMPR
BD_immune11_64475,normal,NMPR
BD_immune11_37375,normal,NMPR
BD_immune11_690629,normal,NMPR
BD_immune11_53351,normal,NMPR
BD_immune11_560386,normal,NMPR
BD_immune11_477525,normal,NMPR
BD_immune11_843037,normal,NMPR
BD_immune11_385482,normal,NMPR
BD_immune11_856686,normal,NMPR
BD_immune11_408883,normal,NMPR
BD_immune11_408225,normal,NMPR
BD_immune11_137305,normal,NMPR
BD_immune11_476332,normal,NMPR
BD_immune11_234873,normal,NMPR
BD_immune11_131460,normal,NMPR
BD_immune11_820879,normal,NMPR
BD_immune11_686119,normal,NMPR
BD_immune11_230454,normal,NMPR
BD_immune11_578189,normal,NMPR
BD_immune11_551719,normal,NMPR
BD_immune11_234230,normal,NMPR
BD_immune11_388616,normal,NMPR
BD_immune11_186194,normal,NMPR
BD_immune11_708051,normal,NMPR
BD_immune11_672030,normal,NMPR
BD_immune11_125948,normal,NMPR
BD_immune11_432245,normal,NMPR
BD_immune11_197401,normal,NMPR
BD_immune11_207187,normal,NMPR
BD_immune11_647814,normal,NMPR
BD_immune11_31730,normal,NMPR
BD_immune11_759039,normal,NMPR
BD_immune11_104504,normal,NMPR
BD_immune11_19457,normal,NMPR
BD_immune11_873872,normal,NMPR
BD_immune11_382133,normal,NMPR
BD_immune11_169117,normal,NMPR
BD_immune11_535923,normal,NMPR
BD_immune11_773863,normal,NMPR
BD_immune11_657058,normal,NMPR
BD_immune11_880965,normal,NMPR
BD_immune11_347230,normal,NMPR
BD_immune11_314738,normal,NMPR
BD_immune11_851398,normal,NMPR
BD_immune11_227739,normal,NMPR
BD_immune11_773809,normal,NMPR
BD_immune11_5678,normal,NMPR
BD_immune11_766428,filtered,NMPR
BD_immune11_663724,filtered,NMPR
BD_immune12_5616,normal,NMPR
BD_immune12_183923,normal,NMPR
BD_immune12_49348,normal,NMPR
BD_immune12_595441,normal,NMPR
BD_immune12_817190,normal,NMPR
BD_immune12_226907,normal,NMPR
BD_immune12_324766,normal,NMPR
BD_immune12_484905,normal,NMPR
BD_immune12_7271,normal,NMPR
BD_immune12_407477,normal,NMPR
BD_immune12_163559,normal,NMPR
BD_immune12_298864,normal,NMPR
BD_immune12_92761,normal,NMPR
BD_immune12_713729,normal,NMPR
BD_immune12_586935,normal,NMPR
BD_immune12_250301,normal,NMPR
BD_immune12_538621,normal,NMPR
BD_immune12_295991,normal,NMPR
BD_immune12_597385,normal,NMPR
BD_immune12_724959,normal,NMPR
BD_immune12_237547,normal,NMPR
BD_immune12_381866,normal,NMPR
BD_immune12_100946,normal,NMPR
BD_immune12_303390,normal,NMPR
BD_immune12_561139,normal,NMPR
BD_immune12_203154,normal,NMPR
BD_immune12_406466,normal,NMPR
BD_immune12_205826,normal,NMPR
BD_immune12_226007,normal,NMPR
BD_immune12_652313,normal,NMPR
BD_immune12_34739,normal,NMPR
BD_immune12_200135,normal,NMPR
BD_immune12_271762,normal,NMPR
BD_immune12_168070,normal,NMPR
BD_immune12_733221,normal,NMPR
BD_immune12_279826,normal,NMPR
BD_immune12_177874,normal,NMPR
BD_immune12_520245,normal,NMPR
BD_immune12_77527,normal,NMPR
BD_immune12_710717,normal,NMPR
BD_immune12_100057,normal,NMPR
BD_immune12_161095,normal,NMPR
BD_immune12_491052,normal,NMPR
BD_immune12_776591,normal,NMPR
BD_immune12_362818,normal,NMPR
BD_immune12_163264,normal,NMPR
BD_immune12_42156,normal,NMPR
BD_immune12_22125,normal,NMPR
BD_immune12_823016,normal,NMPR
BD_immune12_788790,normal,NMPR
BD_immune12_459044,normal,NMPR
BD_immune12_841420,normal,NMPR
BD_immune12_252995,normal,NMPR
BD_immune12_198340,normal,NMPR
BD_immune12_337109,normal,NMPR
BD_immune12_330188,normal,NMPR
BD_immune12_31901,normal,NMPR
BD_immune12_490374,normal,NMPR
BD_immune12_441320,normal,NMPR
BD_immune12_580891,normal,NMPR
BD_immune12_290654,normal,NMPR
BD_immune12_704613,normal,NMPR
BD_immune12_735652,normal,NMPR
BD_immune12_33397,normal,NMPR
BD_immune12_404085,normal,NMPR
BD_immune12_201412,normal,NMPR
BD_immune12_175755,normal,NMPR
BD_immune12_194506,normal,NMPR
BD_immune12_71475,normal,NMPR
BD_immune12_707733,normal,NMPR
BD_immune12_590206,normal,NMPR
BD_immune12_178912,normal,NMPR
BD_immune12_715014,normal,NMPR
BD_immune12_866755,normal,NMPR
BD_immune12_382295,normal,NMPR
BD_immune12_559186,normal,NMPR
BD_immune12_217186,normal,NMPR
BD_immune12_634107,normal,NMPR
BD_immune12_479122,normal,NMPR
BD_immune12_410750,normal,NMPR
BD_immune12_282576,normal,NMPR
BD_immune12_862176,normal,NMPR
BD_immune12_649951,normal,NMPR
BD_immune12_298107,normal,NMPR
BD_immune12_741106,normal,NMPR
BD_immune12_293163,normal,NMPR
BD_immune12_340504,normal,NMPR
BD_immune12_66411,normal,NMPR
BD_immune12_826403,normal,NMPR
BD_immune12_247982,normal,NMPR
BD_immune12_347497,normal,NMPR
BD_immune12_653652,normal,NMPR
BD_immune12_664229,normal,NMPR
BD_immune12_140489,normal,NMPR
BD_immune12_326243,normal,NMPR
BD_immune12_738628,normal,NMPR
BD_immune12_770597,normal,NMPR
BD_immune12_435307,normal,NMPR
BD_immune12_794646,normal,NMPR
BD_immune12_668902,normal,NMPR
BD_immune12_419699,normal,NMPR
BD_immune12_492140,normal,NMPR
BD_immune12_90973,normal,NMPR
BD_immune12_487429,normal,NMPR
BD_immune12_552175,normal,NMPR
BD_immune12_14151,normal,NMPR
BD_immune12_570263,normal,NMPR
BD_immune12_112581,normal,NMPR
BD_immune12_373941,normal,NMPR
BD_immune12_332934,normal,NMPR
BD_immune12_241771,normal,NMPR
BD_immune12_156369,normal,NMPR
BD_immune12_432275,normal,NMPR
BD_immune12_707488,normal,NMPR
BD_immune12_609137,normal,NMPR
BD_immune12_853340,normal,NMPR
BD_immune12_772414,normal,NMPR
BD_immune12_304374,normal,NMPR
BD_immune12_279818,normal,NMPR
BD_immune12_605279,normal,NMPR
BD_immune12_592078,normal,NMPR
BD_immune12_809503,normal,NMPR
BD_immune12_345386,normal,NMPR
BD_immune12_309610,normal,NMPR
BD_immune12_115619,normal,NMPR
BD_immune12_87408,normal,NMPR
BD_immune12_556316,normal,NMPR
BD_immune12_474762,normal,NMPR
BD_immune12_75933,normal,NMPR
BD_immune12_157214,normal,NMPR
BD_immune12_161584,normal,NMPR
BD_immune12_469852,normal,NMPR
BD_immune12_483787,normal,NMPR
BD_immune12_219382,normal,NMPR
BD_immune12_65192,normal,NMPR
BD_immune12_700435,normal,NMPR
BD_immune12_847763,normal,NMPR
BD_immune12_386232,normal,NMPR
BD_immune12_136734,normal,NMPR
BD_immune12_226525,normal,NMPR
BD_immune12_883714,normal,NMPR
BD_immune12_508351,normal,NMPR
BD_immune12_485318,normal,NMPR
BD_immune12_255726,normal,NMPR
BD_immune12_513932,normal,NMPR
BD_immune12_68456,normal,NMPR
BD_immune12_472802,normal,NMPR
BD_immune12_519966,normal,NMPR
BD_immune12_602666,normal,NMPR
BD_immune12_332776,normal,NMPR
BD_immune12_672441,normal,NMPR
BD_immune12_832822,normal,NMPR
BD_immune12_832170,normal,NMPR
BD_immune12_55196,normal,NMPR
BD_immune12_142048,normal,NMPR
BD_immune12_643736,normal,NMPR
BD_immune12_306885,normal,NMPR
BD_immune12_184681,normal,NMPR
BD_immune12_537461,normal,NMPR
BD_immune12_427724,normal,NMPR
BD_immune12_476420,normal,NMPR
BD_immune12_166797,normal,NMPR
BD_immune12_217177,normal,NMPR
BD_immune12_880363,normal,NMPR
BD_immune12_215441,normal,NMPR
BD_immune12_756367,normal,NMPR
BD_immune12_142312,normal,NMPR
BD_immune12_150701,normal,NMPR
BD_immune12_691047,normal,NMPR
BD_immune12_192082,normal,NMPR
BD_immune12_36253,normal,NMPR
BD_immune12_428633,normal,NMPR
BD_immune12_828066,normal,NMPR
BD_immune12_450660,normal,NMPR
BD_immune12_445394,normal,NMPR
BD_immune12_520170,normal,NMPR
BD_immune12_724377,normal,NMPR
BD_immune12_224724,normal,NMPR
BD_immune12_141374,normal,NMPR
BD_immune12_811480,normal,NMPR
BD_immune12_335038,normal,NMPR
BD_immune12_507372,normal,NMPR
BD_immune12_656855,normal,NMPR
BD_immune12_337605,normal,NMPR
BD_immune12_204120,normal,NMPR
BD_immune12_411988,normal,NMPR
BD_immune12_579025,normal,NMPR
BD_immune12_363467,normal,NMPR
BD_immune12_522799,normal,NMPR
BD_immune12_576569,normal,NMPR
BD_immune12_708421,normal,NMPR
BD_immune12_279120,normal,NMPR
BD_immune12_866832,normal,NMPR
BD_immune12_853302,normal,NMPR
BD_immune12_88837,normal,NMPR
BD_immune12_410900,normal,NMPR
BD_immune12_350321,normal,NMPR
BD_immune12_685479,normal,NMPR
BD_immune12_393981,normal,NMPR
BD_immune12_351796,normal,NMPR
BD_immune12_13246,normal,NMPR
BD_immune12_46830,normal,NMPR
BD_immune12_110790,normal,NMPR
BD_immune12_871284,normal,NMPR
BD_immune12_429771,normal,NMPR
BD_immune12_611097,normal,NMPR
BD_immune12_41094,normal,NMPR
BD_immune12_672056,normal,NMPR
BD_immune12_513216,normal,NMPR
BD_immune12_206131,normal,NMPR
BD_immune12_750169,normal,NMPR
BD_immune12_641841,normal,NMPR
BD_immune12_563628,normal,NMPR
BD_immune12_600518,normal,NMPR
BD_immune12_797983,normal,NMPR
BD_immune12_633825,normal,NMPR
BD_immune12_611303,normal,NMPR
BD_immune12_390330,normal,NMPR
BD_immune12_205489,normal,NMPR
BD_immune12_777224,normal,NMPR
BD_immune12_114294,normal,NMPR
BD_immune12_632911,normal,NMPR
BD_immune12_744835,normal,NMPR
BD_immune12_306643,normal,NMPR
BD_immune12_460280,normal,NMPR
BD_immune12_346652,normal,NMPR
BD_immune12_273349,normal,NMPR
BD_immune12_840640,normal,NMPR
BD_immune12_546296,normal,NMPR
BD_immune12_853312,normal,NMPR
BD_immune12_877452,normal,NMPR
BD_immune12_128784,normal,NMPR
BD_immune12_822210,normal,NMPR
BD_immune12_731014,normal,NMPR
BD_immune12_691993,normal,NMPR
BD_immune12_377095,normal,NMPR
BD_immune12_96976,normal,NMPR
BD_immune12_666837,normal,NMPR
BD_immune12_836211,normal,NMPR
BD_immune12_233000,normal,NMPR
BD_immune12_214866,normal,NMPR
BD_immune12_831058,normal,NMPR
BD_immune12_623962,normal,NMPR
BD_immune12_385811,normal,NMPR
BD_immune12_511551,normal,NMPR
BD_immune12_880703,normal,NMPR
BD_immune12_104410,normal,NMPR
BD_immune12_502308,normal,NMPR
BD_immune12_517420,normal,NMPR
BD_immune12_489834,normal,NMPR
BD_immune12_337529,normal,NMPR
BD_immune12_155212,normal,NMPR
BD_immune12_443865,normal,NMPR
BD_immune12_799199,normal,NMPR
BD_immune12_712007,normal,NMPR
BD_immune12_221991,normal,NMPR
BD_immune12_252776,normal,NMPR
BD_immune12_488630,normal,NMPR
BD_immune12_225995,normal,NMPR
BD_immune12_312387,normal,NMPR
BD_immune12_471883,normal,NMPR
BD_immune12_294575,filtered,NMPR
BD_immune12_688790,normal,NMPR
BD_immune12_59605,normal,NMPR
BD_immune12_287489,normal,NMPR
BD_immune12_774839,normal,NMPR
BD_immune12_36323,normal,NMPR
BD_immune12_31479,normal,NMPR
BD_immune12_680179,normal,NMPR
BD_immune12_552582,normal,NMPR
BD_immune12_856035,normal,NMPR
BD_immune12_281041,normal,NMPR
BD_immune12_235410,normal,NMPR
BD_immune12_290135,normal,NMPR
BD_immune12_328665,normal,NMPR
BD_immune12_161631,normal,NMPR
BD_immune12_481713,normal,NMPR
BD_immune12_220280,normal,NMPR
BD_immune12_513545,normal,NMPR
BD_immune12_796749,normal,NMPR
BD_immune12_202854,normal,NMPR
BD_immune12_266355,filtered,NMPR
BD_immune12_567735,normal,NMPR
BD_immune12_81555,filtered,NMPR
BD_immune12_873758,filtered,NMPR
BD_immune12_431514,normal,NMPR
BD_immune12_359163,normal,NMPR
BD_immune12_536019,normal,NMPR
BD_immune12_536506,normal,NMPR
BD_immune12_565182,normal,NMPR
BD_immune12_347988,normal,NMPR
BD_immune12_653461,normal,NMPR
BD_immune12_699836,normal,NMPR
BD_immune12_805254,normal,NMPR
BD_immune12_67919,normal,NMPR
BD_immune12_278484,normal,NMPR
BD_immune12_569338,normal,NMPR
BD_immune12_369441,filtered,NMPR
BD_immune12_807897,normal,NMPR
BD_immune12_65558,filtered,NMPR
BD_immune12_214307,normal,NMPR
BD_immune12_194618,normal,NMPR
BD_immune12_94767,normal,NMPR
BD_immune12_226063,normal,NMPR
BD_immune12_730636,normal,NMPR
BD_immune12_376981,filtered,NMPR
BD_immune12_6084,normal,NMPR
BD_immune12_169469,normal,NMPR
BD_immune12_84910,normal,NMPR
BD_immune12_842042,normal,NMPR
BD_immune12_574602,normal,NMPR
BD_immune12_214300,normal,NMPR
BD_immune12_260014,filtered,NMPR
BD_immune12_183934,normal,NMPR
BD_immune12_878137,normal,NMPR
BD_immune12_253391,normal,NMPR
BD_immune12_832101,normal,NMPR
BD_immune12_65519,normal,NMPR
BD_immune12_718274,filtered,NMPR
BD_immune12_595590,normal,NMPR
BD_immune12_177548,filtered,NMPR
BD_immune12_699063,filtered,NMPR
BD_immune12_563067,normal,NMPR
BD_immune12_881695,normal,NMPR
BD_immune12_285243,filtered,NMPR
BD_immune12_348699,normal,NMPR
BD_immune12_296278,normal,NMPR
BD_immune12_256085,normal,NMPR
BD_immune12_822701,filtered,NMPR
BD_immune12_139108,filtered,NMPR
BD_immune12_833633,normal,NMPR
BD_immune12_387487,filtered,NMPR
BD_immune12_223071,filtered,NMPR
BD_immune12_638673,normal,NMPR
BD_immune12_502762,filtered,NMPR
BD_immune12_669330,normal,NMPR
BD_immune12_523803,filtered,NMPR
BD_immune12_819739,normal,NMPR
BD_immune12_577058,normal,NMPR
BD_immune12_561686,normal,NMPR
BD_immune12_449723,filtered,NMPR
BD_immune12_836980,filtered,NMPR
BD_immune12_93967,filtered,NMPR
BD_immune12_420513,filtered,NMPR
BD_immune12_67290,normal,NMPR
BD_immune12_605912,normal,NMPR
BD_immune12_449584,filtered,NMPR
BD_immune12_272067,filtered,NMPR
BD_immune12_652233,normal,NMPR
BD_immune12_768775,filtered,NMPR
BD_immune12_510808,normal,NMPR
BD_immune12_801145,filtered,NMPR
BD_immune12_561841,filtered,NMPR
BD_immune12_490037,filtered,NMPR
BD_immune12_24826,normal,NMPR
BD_immune12_206917,normal,NMPR
BD_immune12_804455,normal,NMPR
BD_immune12_86558,normal,NMPR
BD_immune12_72393,normal,NMPR
BD_immune12_624210,normal,NMPR
BD_immune12_884661,filtered,NMPR
BD_immune12_560395,filtered,NMPR
BD_immune12_485513,filtered,NMPR
BD_immune12_655354,filtered,NMPR
BD_immune12_747405,filtered,NMPR
BD_immune12_662837,normal,NMPR
BD_immune12_587862,filtered,NMPR
BD_immune12_267025,normal,NMPR
BD_immune12_416906,filtered,NMPR
BD_immune12_348171,filtered,NMPR
BD_immune12_419076,normal,NMPR
BD_immune12_831180,filtered,NMPR
BD_immune12_595607,filtered,NMPR
BD_immune12_662104,filtered,NMPR
BD_immune12_327647,filtered,NMPR
BD_immune12_29739,filtered,NMPR
BD_immune12_131210,filtered,NMPR
BD_immune12_723174,filtered,NMPR
BD_immune12_864200,filtered,NMPR
BD_immune12_694658,filtered,NMPR
BD_immune12_475326,normal,NMPR
BD_immune12_120048,filtered,NMPR
BD_immune12_313242,normal,NMPR
BD_immune12_869490,filtered,NMPR
BD_immune12_430775,normal,NMPR
BD_immune12_873614,filtered,NMPR
BD_immune12_444223,normal,NMPR
BD_immune12_751397,filtered,NMPR
BD_immune12_824589,filtered,NMPR
BD_immune12_106820,filtered,NMPR
BD_immune12_235668,filtered,NMPR
BD_immune12_541975,normal,NMPR
BD_immune12_625895,filtered,NMPR
BD_immune12_374877,filtered,NMPR
BD_immune12_476856,normal,NMPR
BD_immune12_785103,filtered,NMPR
BD_immune12_278946,normal,NMPR
BD_immune12_497820,filtered,NMPR
BD_immune12_285816,filtered,NMPR
BD_immune12_814108,filtered,NMPR
BD_immune12_146886,normal,NMPR
BD_immune12_333843,normal,NMPR
BD_immune12_798873,normal,NMPR
BD_immune12_309730,filtered,NMPR
BD_immune12_378279,filtered,NMPR
BD_immune12_700803,filtered,NMPR
BD_immune12_72790,filtered,NMPR
BD_immune12_700276,filtered,NMPR
BD_immune12_264335,normal,NMPR
BD_immune12_233210,filtered,NMPR
BD_immune12_564314,normal,NMPR
BD_immune12_62419,filtered,NMPR
BD_immune12_847615,normal,NMPR
BD_immune12_841836,filtered,NMPR
BD_immune12_421706,filtered,NMPR
BD_immune12_205424,filtered,NMPR
BD_immune12_528475,filtered,NMPR
BD_immune12_471896,normal,NMPR
BD_immune13_666040,normal,NMPR
BD_immune13_683021,normal,NMPR
BD_immune13_254337,normal,NMPR
BD_immune13_39365,normal,NMPR
BD_immune13_449648,normal,NMPR
BD_immune13_482875,normal,NMPR
BD_immune13_776092,normal,NMPR
BD_immune13_178967,normal,NMPR
BD_immune13_783472,normal,NMPR
BD_immune13_106787,normal,NMPR
BD_immune13_253917,normal,NMPR
BD_immune13_448806,normal,NMPR
BD_immune13_598355,normal,NMPR
BD_immune13_178496,normal,NMPR
BD_immune13_114773,tumor,NMPR
BD_immune13_874682,normal,NMPR
BD_immune13_778898,normal,NMPR
BD_immune13_573372,normal,NMPR
BD_immune13_597431,normal,NMPR
BD_immune13_27458,normal,NMPR
BD_immune13_185592,normal,NMPR
BD_immune13_204595,normal,NMPR
BD_immune13_293046,normal,NMPR
BD_immune13_395074,normal,NMPR
BD_immune13_655802,normal,NMPR
BD_immune13_299252,normal,NMPR
BD_immune13_434802,normal,NMPR
BD_immune13_581345,normal,NMPR
BD_immune13_546467,normal,NMPR
BD_immune13_847984,normal,NMPR
BD_immune13_254951,normal,NMPR
BD_immune14_647651,normal,NMPR
BD_immune14_486333,normal,NMPR
BD_immune14_425767,normal,NMPR
BD_immune14_662536,normal,NMPR
BD_immune14_653962,normal,NMPR
BD_immune14_843297,normal,NMPR
BD_immune14_799760,normal,NMPR
BD_immune14_573048,normal,NMPR
BD_immune14_540649,normal,NMPR
BD_immune14_477134,normal,NMPR
BD_immune14_68493,normal,NMPR
BD_immune14_844765,normal,NMPR
BD_immune14_828505,normal,NMPR
BD_immune14_505664,normal,NMPR
BD_immune14_411892,normal,NMPR
BD_immune14_533330,normal,NMPR
BD_immune14_874713,normal,NMPR
BD_immune14_623031,normal,NMPR
BD_immune14_532013,normal,NMPR
BD_immune14_2495,normal,NMPR
BD_immune14_206004,normal,NMPR
BD_immune14_68312,normal,NMPR
BD_immune14_42112,normal,NMPR
BD_immune14_48989,normal,NMPR
BD_immune14_312909,normal,NMPR
BD_immune14_679768,normal,NMPR
BD_immune14_182776,normal,NMPR
BD_immune14_79961,normal,NMPR
BD_immune14_375322,normal,NMPR
BD_immune14_551142,normal,NMPR
BD_immune14_781868,normal,NMPR
BD_immune14_40314,normal,NMPR
BD_immune14_522363,normal,NMPR
BD_immune14_711711,normal,NMPR
BD_immune14_703899,normal,NMPR
BD_immune14_240162,normal,NMPR
BD_immune14_153489,normal,NMPR
BD_immune14_787243,normal,NMPR
BD_immune14_479440,normal,NMPR
BD_immune14_141831,normal,NMPR
BD_immune14_181950,normal,NMPR
BD_immune14_385869,normal,NMPR
BD_immune14_751788,normal,NMPR
BD_immune14_882277,normal,NMPR
BD_immune14_109363,normal,NMPR
BD_immune14_778400,normal,NMPR
BD_immune14_246806,normal,NMPR
BD_immune14_266198,normal,NMPR
BD_immune14_171750,normal,NMPR
BD_immune14_364733,normal,NMPR
BD_immune14_768991,normal,NMPR
BD_immune14_338290,normal,NMPR
BD_immune14_697684,normal,NMPR
BD_immune14_296461,normal,NMPR
BD_immune14_695818,normal,NMPR
BD_immune14_625531,normal,NMPR
BD_immune14_381194,normal,NMPR
BD_immune14_454305,normal,NMPR
BD_immune14_572827,normal,NMPR
BD_immune14_431363,normal,NMPR
BD_immune14_464089,normal,NMPR
BD_immune14_563968,normal,NMPR
BD_immune14_164388,normal,NMPR
BD_immune14_78618,normal,NMPR
BD_immune14_856109,normal,NMPR
BD_immune14_777286,normal,NMPR
BD_immune14_88178,normal,NMPR
BD_immune14_72607,normal,NMPR
BD_immune14_862325,normal,NMPR
BD_immune14_601230,normal,NMPR
BD_immune14_865742,normal,NMPR
BD_immune14_306487,normal,NMPR
BD_immune14_270629,normal,NMPR
BD_immune14_97882,normal,NMPR
BD_immune14_505733,normal,NMPR
BD_immune14_225446,normal,NMPR
BD_immune14_319390,normal,NMPR
BD_immune14_294203,normal,NMPR
BD_immune14_659950,normal,NMPR
BD_immune14_560049,normal,NMPR
BD_immune14_397636,normal,NMPR
BD_immune14_680671,normal,NMPR
BD_immune14_717151,normal,NMPR
BD_immune14_170840,normal,NMPR
BD_immune14_293819,normal,NMPR
BD_immune14_205968,normal,NMPR
BD_immune14_134165,normal,NMPR
BD_immune14_408863,normal,NMPR
BD_immune14_671606,normal,NMPR
BD_immune14_784725,normal,NMPR
BD_immune14_876157,normal,NMPR
BD_immune14_838818,normal,NMPR
BD_immune14_475703,normal,NMPR
BD_immune14_553739,normal,NMPR
BD_immune14_431395,normal,NMPR
BD_immune14_590844,normal,NMPR
BD_immune14_283944,normal,NMPR
BD_immune14_851755,normal,NMPR
BD_immune14_470913,normal,NMPR
BD_immune14_635890,normal,NMPR
BD_immune14_436957,normal,NMPR
BD_immune14_223775,normal,NMPR
BD_immune14_128126,normal,NMPR
BD_immune14_281560,normal,NMPR
BD_immune14_723492,normal,NMPR
BD_immune14_504512,normal,NMPR
BD_immune14_532178,normal,NMPR
BD_immune14_395182,normal,NMPR
BD_immune14_879190,normal,NMPR
BD_immune14_829151,normal,NMPR
BD_immune14_6093,filtered,NMPR
BD_immune14_834822,normal,NMPR
BD_immune14_853782,filtered,NMPR
BD_immune14_690113,filtered,NMPR
BD_immune15_2307,normal,NMPR
BD_immune15_425901,normal,NMPR
BD_immune15_730534,normal,NMPR
BD_immune15_281495,normal,NMPR
BD_immune15_182945,normal,NMPR
BD_immune15_614669,normal,NMPR
BD_immune15_597473,normal,NMPR
BD_immune15_717708,normal,NMPR
BD_immune15_716454,normal,NMPR
BD_immune15_217527,normal,NMPR
BD_immune15_772548,normal,NMPR
BD_immune15_172422,normal,NMPR
BD_immune15_401797,normal,NMPR
BD_immune15_784573,normal,NMPR
BD_immune15_120838,normal,NMPR
BD_immune15_729238,normal,NMPR
BD_immune15_850540,normal,NMPR
BD_immune15_320639,normal,NMPR
BD_immune15_478513,normal,NMPR
BD_immune15_65901,normal,NMPR
BD_immune15_696283,normal,NMPR
BD_immune15_573806,normal,NMPR
BD_immune15_40940,normal,NMPR
BD_immune15_270336,normal,NMPR
BD_immune15_127864,normal,NMPR
BD_immune15_735723,normal,NMPR
BD_immune15_386393,normal,NMPR
BD_immune15_354517,normal,NMPR
BD_immune15_852140,normal,NMPR
BD_immune15_346445,normal,NMPR
BD_immune15_611979,normal,NMPR
BD_immune15_218558,normal,NMPR
BD_immune15_399664,normal,NMPR
BD_immune15_542515,normal,NMPR
BD_immune15_299789,normal,NMPR
BD_immune15_516665,normal,NMPR
BD_immune15_98105,normal,NMPR
BD_immune15_436442,normal,NMPR
BD_immune15_139372,normal,NMPR
BD_immune15_10050,normal,NMPR
BD_immune15_864594,normal,NMPR
BD_immune15_651368,normal,NMPR
BD_immune15_6748,normal,NMPR
BD_immune15_752216,normal,NMPR
BD_immune15_3758,normal,NMPR
BD_immune15_393905,normal,NMPR
BD_immune15_247072,normal,NMPR
BD_immune15_629743,normal,NMPR
BD_immune15_373852,normal,NMPR
BD_immune15_755709,normal,NMPR
BD_immune15_430040,normal,NMPR
BD_immune15_742311,normal,NMPR
BD_immune15_176048,normal,NMPR
BD_immune15_28900,normal,NMPR
BD_immune15_305040,normal,NMPR
BD_immune15_732978,normal,NMPR
BD_immune15_182005,normal,NMPR
BD_immune15_430052,normal,NMPR
BD_immune15_713310,normal,NMPR
BD_immune15_50258,normal,NMPR
BD_immune15_592982,normal,NMPR
BD_immune15_762511,normal,NMPR
BD_immune15_159169,normal,NMPR
BD_immune15_297523,normal,NMPR
BD_immune15_482173,normal,NMPR
BD_immune15_220316,normal,NMPR
BD_immune15_631902,normal,NMPR
BD_immune15_451356,normal,NMPR
BD_immune15_172808,normal,NMPR
BD_immune15_476765,normal,NMPR
BD_immune15_255167,normal,NMPR
BD_immune15_802245,normal,NMPR
BD_immune15_737563,normal,NMPR
BD_immune15_681879,normal,NMPR
BD_immune15_736841,normal,NMPR
BD_immune15_385588,normal,NMPR
BD_immune15_478922,normal,NMPR
BD_immune15_115341,normal,NMPR
BD_immune15_745021,normal,NMPR
BD_immune15_662240,normal,NMPR
BD_immune15_158439,normal,NMPR
BD_immune15_496979,normal,NMPR
BD_immune15_513255,normal,NMPR
BD_immune15_330399,normal,NMPR
BD_immune15_55563,normal,NMPR
BD_immune15_9343,normal,NMPR
BD_immune15_845861,normal,NMPR
BD_immune15_44632,normal,NMPR
BD_immune15_49470,normal,NMPR
BD_immune15_145146,normal,NMPR
BD_immune15_490799,normal,NMPR
BD_immune15_718726,normal,NMPR
BD_immune15_459743,normal,NMPR
BD_immune15_296500,normal,NMPR
BD_immune15_659939,normal,NMPR
BD_immune15_46219,normal,NMPR
BD_immune15_227211,normal,NMPR
BD_immune15_303995,normal,NMPR
BD_immune15_756421,normal,NMPR
BD_immune15_102713,normal,NMPR
BD_immune15_342738,normal,NMPR
BD_immune15_742174,normal,NMPR
BD_immune15_478215,normal,NMPR
BD_immune15_234861,normal,NMPR
BD_immune15_279133,normal,NMPR
BD_immune15_771691,normal,NMPR
BD_immune15_298761,normal,NMPR
BD_immune15_819301,normal,NMPR
BD_immune15_128533,normal,NMPR
BD_immune15_262976,normal,NMPR
BD_immune15_21815,normal,NMPR
BD_immune15_569264,normal,NMPR
BD_immune15_195855,normal,NMPR
BD_immune15_445713,normal,NMPR
BD_immune15_643370,normal,NMPR
BD_immune15_625255,normal,NMPR
BD_immune15_521721,normal,NMPR
BD_immune15_345008,normal,NMPR
BD_immune15_522632,normal,NMPR
BD_immune15_186695,normal,NMPR
BD_immune15_690880,normal,NMPR
BD_immune15_739122,normal,NMPR
BD_immune15_877545,normal,NMPR
BD_immune15_778352,normal,NMPR
BD_immune15_454574,normal,NMPR
BD_immune15_22392,normal,NMPR
BD_immune15_771423,normal,NMPR
BD_immune15_596509,normal,NMPR
BD_immune15_162622,normal,NMPR
BD_immune15_391053,normal,NMPR
BD_immune15_871353,normal,NMPR
BD_immune15_171813,normal,NMPR
BD_immune15_81836,normal,NMPR
BD_immune15_743970,normal,NMPR
BD_immune15_278969,normal,NMPR
BD_immune15_50211,normal,NMPR
BD_immune15_491246,normal,NMPR
BD_immune15_334078,normal,NMPR
BD_immune15_173039,normal,NMPR
BD_immune15_344673,normal,NMPR
BD_immune15_124462,normal,NMPR
BD_immune15_277084,normal,NMPR
BD_immune15_197491,normal,NMPR
BD_immune15_476246,normal,NMPR
BD_immune15_53101,normal,NMPR
BD_immune15_673957,normal,NMPR
BD_immune15_682696,normal,NMPR
BD_immune15_633758,normal,NMPR
BD_immune15_730998,normal,NMPR
BD_immune15_696993,normal,NMPR
BD_immune15_25994,normal,NMPR
BD_immune15_191199,normal,NMPR
BD_immune15_579816,normal,NMPR
BD_immune15_81108,normal,NMPR
BD_immune15_703199,normal,NMPR
BD_immune15_780129,normal,NMPR
BD_immune15_738828,normal,NMPR
BD_immune15_818875,normal,NMPR
BD_immune15_788248,normal,NMPR
BD_immune15_161844,normal,NMPR
BD_immune15_817148,normal,NMPR
BD_immune15_28251,normal,NMPR
BD_immune15_409803,normal,NMPR
BD_immune15_16682,normal,NMPR
BD_immune15_540845,normal,NMPR
BD_immune15_803389,normal,NMPR
BD_immune15_774271,normal,NMPR
BD_immune15_226074,normal,NMPR
BD_immune15_562613,normal,NMPR
BD_immune15_275751,normal,NMPR
BD_immune15_89246,normal,NMPR
BD_immune15_166149,normal,NMPR
BD_immune15_120999,normal,NMPR
BD_immune15_697727,normal,NMPR
BD_immune15_784516,normal,NMPR
BD_immune15_254973,normal,NMPR
BD_immune15_70197,normal,NMPR
BD_immune15_651653,normal,NMPR
BD_immune15_267667,normal,NMPR
BD_immune15_208897,normal,NMPR
BD_immune15_773891,normal,NMPR
BD_immune15_667081,normal,NMPR
BD_immune15_801098,normal,NMPR
BD_immune15_584054,normal,NMPR
BD_immune15_297329,normal,NMPR
BD_immune15_674525,normal,NMPR
BD_immune15_621487,normal,NMPR
BD_immune15_789744,normal,NMPR
BD_immune15_483924,normal,NMPR
BD_immune15_306217,normal,NMPR
BD_immune15_611385,normal,NMPR
BD_immune15_411835,normal,NMPR
BD_immune15_568148,normal,NMPR
BD_immune15_49532,normal,NMPR
BD_immune15_132324,normal,NMPR
BD_immune15_443175,normal,NMPR
BD_immune15_374546,normal,NMPR
BD_immune15_545699,normal,NMPR
BD_immune15_550305,normal,NMPR
BD_immune15_315576,normal,NMPR
BD_immune15_200054,normal,NMPR
BD_immune15_71543,normal,NMPR
BD_immune15_694960,normal,NMPR
BD_immune15_453368,normal,NMPR
BD_immune15_737814,normal,NMPR
BD_immune15_524582,normal,NMPR
BD_immune15_747966,normal,NMPR
BD_immune15_90172,normal,NMPR
BD_immune15_476018,normal,NMPR
BD_immune15_748509,normal,NMPR
BD_immune15_307971,normal,NMPR
BD_immune15_316730,normal,NMPR
BD_immune15_798173,normal,NMPR
BD_immune15_688834,normal,NMPR
BD_immune15_750090,normal,NMPR
BD_immune15_808896,normal,NMPR
BD_immune15_490461,normal,NMPR
BD_immune15_295929,normal,NMPR
BD_immune15_64574,normal,NMPR
BD_immune15_415896,normal,NMPR
BD_immune15_3089,normal,NMPR
BD_immune15_791286,normal,NMPR
BD_immune15_781458,normal,NMPR
BD_immune15_265275,normal,NMPR
BD_immune15_511651,normal,NMPR
BD_immune15_549948,normal,NMPR
BD_immune15_748632,normal,NMPR
BD_immune15_540854,normal,NMPR
BD_immune15_581897,normal,NMPR
BD_immune15_378940,normal,NMPR
BD_immune15_340292,normal,NMPR
BD_immune15_101779,normal,NMPR
BD_immune15_309407,normal,NMPR
BD_immune15_32635,normal,NMPR
BD_immune15_230984,normal,NMPR
BD_immune15_406782,normal,NMPR
BD_immune15_832680,normal,NMPR
BD_immune15_766473,normal,NMPR
BD_immune15_74187,normal,NMPR
BD_immune15_48922,normal,NMPR
BD_immune15_63122,normal,NMPR
BD_immune15_650686,normal,NMPR
BD_immune15_545276,normal,NMPR
BD_immune15_250693,normal,NMPR
BD_immune15_846277,normal,NMPR
BD_immune15_643376,normal,NMPR
BD_immune15_467031,normal,NMPR
BD_immune15_244420,normal,NMPR
BD_immune15_731816,normal,NMPR
BD_immune15_187034,normal,NMPR
BD_immune15_419689,normal,NMPR
BD_immune15_590202,normal,NMPR
BD_immune15_331254,normal,NMPR
BD_immune15_347346,normal,NMPR
BD_immune15_295480,normal,NMPR
BD_immune15_277296,normal,NMPR
BD_immune15_625318,normal,NMPR
BD_immune15_150783,normal,NMPR
BD_immune15_229448,normal,NMPR
BD_immune15_233989,normal,NMPR
BD_immune15_101810,normal,NMPR
BD_immune15_658835,normal,NMPR
BD_immune15_632607,normal,NMPR
BD_immune15_321910,normal,NMPR
BD_immune15_34345,normal,NMPR
BD_immune15_199293,normal,NMPR
BD_immune15_77015,normal,NMPR
BD_immune15_636560,normal,NMPR
BD_immune15_412134,normal,NMPR
BD_immune15_62280,normal,NMPR
BD_immune15_347707,normal,NMPR
BD_immune15_772479,normal,NMPR
BD_immune15_476680,normal,NMPR
BD_immune15_374956,normal,NMPR
BD_immune15_396367,normal,NMPR
BD_immune15_667737,normal,NMPR
BD_immune15_333227,normal,NMPR
BD_immune15_664481,normal,NMPR
BD_immune15_800852,normal,NMPR
BD_immune15_47956,normal,NMPR
BD_immune15_283499,normal,NMPR
BD_immune15_692880,normal,NMPR
BD_immune15_527333,normal,NMPR
BD_immune15_368244,normal,NMPR
BD_immune15_320223,normal,NMPR
BD_immune15_216525,normal,NMPR
BD_immune15_9475,normal,NMPR
BD_immune15_450924,normal,NMPR
BD_immune15_663354,normal,NMPR
BD_immune15_437331,normal,NMPR
BD_immune15_431868,normal,NMPR
BD_immune15_209554,normal,NMPR
BD_immune15_229738,normal,NMPR
BD_immune15_184518,normal,NMPR
BD_immune15_497608,normal,NMPR
BD_immune15_519053,normal,NMPR
BD_immune15_736143,normal,NMPR
BD_immune15_399760,normal,NMPR
BD_immune15_296900,normal,NMPR
BD_immune15_882196,normal,NMPR
BD_immune15_619552,normal,NMPR
BD_immune15_606782,normal,NMPR
BD_immune15_579782,normal,NMPR
BD_immune15_464792,normal,NMPR
BD_immune15_758122,normal,NMPR
BD_immune15_842213,normal,NMPR
BD_immune15_868240,normal,NMPR
BD_immune15_480901,normal,NMPR
BD_immune15_595317,normal,NMPR
BD_immune15_427872,normal,NMPR
BD_immune15_269107,normal,NMPR
BD_immune15_171646,normal,NMPR
BD_immune15_259797,normal,NMPR
BD_immune15_211334,normal,NMPR
BD_immune15_786736,normal,NMPR
BD_immune15_104309,normal,NMPR
BD_immune15_3982,normal,NMPR
BD_immune15_78112,normal,NMPR
BD_immune15_826593,normal,NMPR
BD_immune15_319244,normal,NMPR
BD_immune15_221847,normal,NMPR
BD_immune15_117369,normal,NMPR
BD_immune15_107315,normal,NMPR
BD_immune15_76803,normal,NMPR
BD_immune15_729094,normal,NMPR
BD_immune15_685362,normal,NMPR
BD_immune15_783927,normal,NMPR
BD_immune15_449949,normal,NMPR
BD_immune15_737463,normal,NMPR
BD_immune15_396037,normal,NMPR
BD_immune15_420344,normal,NMPR
BD_immune15_761832,normal,NMPR
BD_immune15_187862,normal,NMPR
BD_immune15_250867,normal,NMPR
BD_immune15_550160,normal,NMPR
BD_immune15_237480,normal,NMPR
BD_immune15_135293,normal,NMPR
BD_immune15_92548,normal,NMPR
BD_immune15_664907,normal,NMPR
BD_immune15_212061,normal,NMPR
BD_immune15_595178,normal,NMPR
BD_immune15_372395,normal,NMPR
BD_immune15_371482,normal,NMPR
BD_immune15_394517,normal,NMPR
BD_immune15_19926,normal,NMPR
BD_immune15_319944,normal,NMPR
BD_immune15_15632,normal,NMPR
BD_immune15_248262,normal,NMPR
BD_immune15_790635,normal,NMPR
BD_immune15_639533,normal,NMPR
BD_immune15_450977,normal,NMPR
BD_immune15_63173,normal,NMPR
BD_immune15_877328,normal,NMPR
BD_immune15_366755,normal,NMPR
BD_immune15_721161,normal,NMPR
BD_immune15_178914,normal,NMPR
BD_immune15_419584,normal,NMPR
BD_immune15_681890,normal,NMPR
BD_immune15_165083,normal,NMPR
BD_immune15_504083,normal,NMPR
BD_immune15_612147,normal,NMPR
BD_immune15_757133,normal,NMPR
BD_immune15_267127,normal,NMPR
BD_immune15_500825,normal,NMPR
BD_immune15_450811,normal,NMPR
BD_immune15_764055,normal,NMPR
BD_immune15_833922,normal,NMPR
BD_immune15_420793,normal,NMPR
BD_immune15_512925,normal,NMPR
BD_immune15_850642,normal,NMPR
BD_immune15_746363,normal,NMPR
BD_immune15_614531,normal,NMPR
BD_immune15_834727,normal,NMPR
BD_immune15_660697,normal,NMPR
BD_immune15_250241,normal,NMPR
BD_immune15_673687,normal,NMPR
BD_immune15_129594,normal,NMPR
BD_immune15_787701,normal,NMPR
BD_immune15_314027,normal,NMPR
BD_immune15_572535,normal,NMPR
BD_immune15_107219,normal,NMPR
BD_immune15_480619,normal,NMPR
BD_immune15_875093,normal,NMPR
BD_immune15_482767,normal,NMPR
BD_immune15_172439,normal,NMPR
BD_immune15_544365,normal,NMPR
BD_immune15_654577,normal,NMPR
BD_immune15_734870,normal,NMPR
BD_immune15_225885,normal,NMPR
BD_immune15_381469,normal,NMPR
BD_immune15_678066,normal,NMPR
BD_immune15_141583,normal,NMPR
BD_immune15_451168,normal,NMPR
BD_immune15_652802,normal,NMPR
BD_immune15_81283,normal,NMPR
BD_immune15_220931,normal,NMPR
BD_immune15_884576,normal,NMPR
BD_immune15_461493,normal,NMPR
BD_immune15_643304,normal,NMPR
BD_immune15_615257,normal,NMPR
BD_immune15_841774,normal,NMPR
BD_immune15_615731,normal,NMPR
BD_immune15_71872,normal,NMPR
BD_immune15_882829,normal,NMPR
BD_immune15_530198,normal,NMPR
BD_immune15_503793,normal,NMPR
BD_immune15_659390,normal,NMPR
BD_immune15_457748,normal,NMPR
BD_immune15_179065,normal,NMPR
BD_immune15_6630,normal,NMPR
BD_immune15_256682,normal,NMPR
BD_immune15_474467,normal,NMPR
BD_immune15_410312,normal,NMPR
BD_immune15_138701,normal,NMPR
BD_immune15_345493,normal,NMPR
BD_immune15_262347,normal,NMPR
BD_immune15_71565,normal,NMPR
BD_immune15_756583,normal,NMPR
BD_immune15_316717,normal,NMPR
BD_immune15_792890,normal,NMPR
BD_immune15_226960,normal,NMPR
BD_immune15_427749,normal,NMPR
BD_immune15_875251,normal,NMPR
BD_immune15_145603,normal,NMPR
BD_immune15_92797,normal,NMPR
BD_immune15_403880,normal,NMPR
BD_immune15_776248,normal,NMPR
BD_immune15_238924,normal,NMPR
BD_immune15_68050,normal,NMPR
BD_immune15_600660,normal,NMPR
BD_immune15_32228,normal,NMPR
BD_immune15_249825,normal,NMPR
BD_immune15_127359,normal,NMPR
BD_immune15_547976,normal,NMPR
BD_immune15_729439,normal,NMPR
BD_immune15_818269,normal,NMPR
BD_immune15_633715,normal,NMPR
BD_immune15_784533,normal,NMPR
BD_immune15_462861,normal,NMPR
BD_immune15_31435,normal,NMPR
BD_immune15_757123,normal,NMPR
BD_immune15_637030,normal,NMPR
BD_immune15_837621,normal,NMPR
BD_immune15_19962,normal,NMPR
BD_immune15_847888,normal,NMPR
BD_immune15_699030,normal,NMPR
BD_immune15_301390,normal,NMPR
BD_immune15_846410,filtered,NMPR
BD_immune15_206837,normal,NMPR
BD_immune15_518714,normal,NMPR
BD_immune15_504387,normal,NMPR
BD_immune15_799821,normal,NMPR
BD_immune15_51121,normal,NMPR
BD_immune15_528297,normal,NMPR
BD_immune15_529438,normal,NMPR
BD_immune15_596878,normal,NMPR
BD_immune15_646895,normal,NMPR
BD_immune15_50158,normal,NMPR
BD_immune15_611680,normal,NMPR
BD_immune15_38400,normal,NMPR
BD_immune15_603233,normal,NMPR
BD_immune15_541606,normal,NMPR
BD_immune15_477730,normal,NMPR
BD_immune15_802558,normal,NMPR
BD_immune15_372519,normal,NMPR
BD_immune15_335207,normal,NMPR
BD_immune15_645599,normal,NMPR
BD_immune15_429657,normal,NMPR
BD_immune15_88739,normal,NMPR
BD_immune15_334962,normal,NMPR
BD_immune15_728299,normal,NMPR
BD_immune15_399746,normal,NMPR
BD_immune15_228416,normal,NMPR
BD_immune15_241083,normal,NMPR
BD_immune15_84069,normal,NMPR
BD_immune15_59143,normal,NMPR
BD_immune15_478884,normal,NMPR
BD_immune15_86756,normal,NMPR
BD_immune15_522628,normal,NMPR
BD_immune15_325615,normal,NMPR
BD_immune15_593814,normal,NMPR
BD_immune15_606649,normal,NMPR
BD_immune15_596716,normal,NMPR
BD_immune15_471543,normal,NMPR
BD_immune15_825730,normal,NMPR
BD_immune15_870703,normal,NMPR
BD_immune15_247630,normal,NMPR
BD_immune15_488874,normal,NMPR
BD_immune15_426255,normal,NMPR
BD_immune15_619364,normal,NMPR
BD_immune15_727488,normal,NMPR
BD_immune15_695518,normal,NMPR
BD_immune15_429931,normal,NMPR
BD_immune15_620803,normal,NMPR
BD_immune15_99155,normal,NMPR
BD_immune15_257007,normal,NMPR
BD_immune15_215568,normal,NMPR
BD_immune15_413230,normal,NMPR
BD_immune15_399116,normal,NMPR
BD_immune15_367365,normal,NMPR
BD_immune15_205747,normal,NMPR
BD_immune15_789819,normal,NMPR
BD_immune15_252746,normal,NMPR
BD_immune15_681904,normal,NMPR
BD_immune15_302545,normal,NMPR
BD_immune15_424006,normal,NMPR
BD_immune15_123040,normal,NMPR
BD_immune15_296485,normal,NMPR
BD_immune15_872378,filtered,NMPR
BD_immune15_484620,normal,NMPR
BD_immune15_374255,normal,NMPR
BD_immune15_493727,normal,NMPR
BD_immune15_456821,normal,NMPR
BD_immune15_517165,filtered,NMPR
BD_immune15_525379,filtered,NMPR
BD_immune15_319169,filtered,NMPR
BD_immune15_399033,normal,NMPR
BD_immune15_324924,normal,NMPR
BD_immune15_236663,normal,NMPR
BD_immune15_722389,normal,NMPR
BD_immune15_341359,filtered,NMPR
BD_immune15_636746,normal,NMPR
BD_immune15_397554,normal,NMPR
BD_immune15_15583,normal,NMPR
BD_immune15_626690,normal,NMPR
BD_immune15_378824,filtered,NMPR
BD_immune15_326935,normal,NMPR
BD_immune15_479318,normal,NMPR
BD_immune15_355216,normal,NMPR
BD_immune15_370598,filtered,NMPR
BD_immune15_771964,normal,NMPR
BD_immune15_812599,filtered,NMPR
BD_immune15_194658,filtered,NMPR
BD_immune15_703490,filtered,NMPR
BD_immune15_381817,filtered,NMPR
BD_immune15_89535,filtered,NMPR
BD_immune15_9614,normal,NMPR
BD_immune07_210740,normal,NMPR
BD_immune07_606068,normal,NMPR
BD_immune05_734194,normal,NMPR
BD_immune05_348772,filtered,NMPR
BD_immune07_161846,tumor,NMPR
BD_immune07_864651,tumor,NMPR
BD_immune07_4766,tumor,NMPR
BD_immune07_647897,tumor,NMPR
BD_immune07_222789,tumor,NMPR
BD_immune07_267097,tumor,NMPR
BD_immune07_105386,tumor,NMPR
BD_immune07_57014,tumor,NMPR
BD_immune07_807441,normal,NMPR
BD_immune07_422696,tumor,NMPR
BD_immune07_412305,tumor,NMPR
BD_immune05_651720,normal,NMPR
BD_immune09_34983,normal,NMPR
BD_immune09_6732,normal,NMPR
BD_immune09_311353,normal,NMPR
BD_immune07_848115,normal,NMPR
BD_immune11_594190,normal,NMPR
BD_immune05_744408,normal,NMPR
BD_immune05_836521,normal,NMPR
BD_immune11_637603,normal,NMPR
