cell.names,copykat.pred,cell_type,response
BD_immune04_639050,diploid,Tumor_epithelial_EMT,NMPR
BD_immune05_42629,diploid,Tumor_epithelial_EMT,NMPR
BD_immune05_362136,diploid,Tumor_epithelial_EMT,NMPR
BD_immune05_94152,diploid,Tumor_epithelial_EMT,NMPR
BD_immune05_649032,diploid,Tumor_epithelial_EMT,NMPR
BD_immune05_615714,diploid,Tumor_epithelial_EMT,NMPR
BD_immune05_122121,diploid,Tumor_epithelial_EMT,NMPR
BD_immune05_879952,diploid,Tumor_epithelial_EMT,NMPR
BD_immune05_849226,diploid,Tumor_epithelial_EMT,NMPR
BD_immune05_502067,diploid,Tumor_epithelial_EMT,NMPR
BD_immune05_565621,diploid,Tumor_epithelial_EMT,NMPR
BD_immune05_360458,diploid,Tumor_epithelial_EMT,NMPR
BD_immune05_444244,diploid,Tumor_epithelial_EMT,NMPR
BD_immune05_346707,diploid,Tumor_epithelial_EMT,NMPR
BD_immune05_595859,diploid,Tumor_epithelial_EMT,NMPR
BD_immune05_808709,diploid,Tumor_epithelial_EMT,NMPR
BD_immune05_66644,diploid,Tumor_epithelial_EMT,NMPR
BD_immune05_32326,diploid,Tumor_epithelial_EMT,NMPR
BD_immune05_692519,diploid,Tumor_epithelial_EMT,NMPR
BD_immune05_63065,diploid,Tumor_epithelial_EMT,NMPR
BD_immune05_582065,diploid,Tumor_epithelial_EMT,NMPR
BD_immune05_614821,diploid,Tumor_epithelial_EMT,NMPR
BD_immune05_262382,diploid,Tumor_epithelial_EMT,NMPR
BD_immune05_818209,diploid,Tumor_epithelial_EMT,NMPR
BD_immune05_622085,diploid,Tumor_epithelial_EMT,NMPR
BD_immune05_147288,diploid,Tumor_epithelial_EMT,NMPR
BD_immune05_32417,diploid,Tumor_epithelial_EMT,NMPR
BD_immune05_767860,diploid,Tumor_epithelial_EMT,NMPR
BD_immune05_760949,diploid,Tumor_epithelial_EMT,NMPR
BD_immune05_719303,diploid,Tumor_epithelial_EMT,NMPR
BD_immune05_835016,diploid,Tumor_epithelial_EMT,NMPR
BD_immune05_306211,diploid,Tumor_epithelial_EMT,NMPR
BD_immune05_35807,diploid,Tumor_epithelial_EMT,NMPR
BD_immune05_794029,diploid,Tumor_epithelial_EMT,NMPR
BD_immune05_390406,diploid,Tumor_epithelial_EMT,NMPR
BD_immune05_358660,diploid,Tumor_epithelial_EMT,NMPR
BD_immune05_881750,diploid,Tumor_epithelial_EMT,NMPR
BD_immune05_214055,diploid,Tumor_epithelial_EMT,NMPR
BD_immune05_80790,diploid,Tumor_epithelial_EMT,NMPR
BD_immune05_9371,diploid,Tumor_epithelial_EMT,NMPR
BD_immune05_874218,diploid,Tumor_epithelial_EMT,NMPR
BD_immune05_75493,diploid,Tumor_epithelial_EMT,NMPR
BD_immune05_417661,diploid,Tumor_epithelial_EMT,NMPR
BD_immune05_472967,diploid,Tumor_epithelial_EMT,NMPR
BD_immune05_448014,diploid,Tumor_epithelial_EMT,NMPR
BD_immune05_483152,diploid,Tumor_epithelial_EMT,NMPR
BD_immune05_530591,diploid,Tumor_epithelial_EMT,NMPR
BD_immune05_234970,diploid,Tumor_epithelial_EMT,NMPR
BD_immune05_99306,diploid,Tumor_epithelial_EMT,NMPR
BD_immune05_712045,diploid,Tumor_epithelial_EMT,NMPR
BD_immune05_151132,diploid,Tumor_epithelial_EMT,NMPR
BD_immune05_119883,diploid,Tumor_epithelial_EMT,NMPR
BD_immune05_98275,diploid,Tumor_epithelial_EMT,NMPR
BD_immune05_279153,diploid,Tumor_epithelial_EMT,NMPR
BD_immune05_588920,diploid,Tumor_epithelial_EMT,NMPR
BD_immune05_322665,diploid,Tumor_epithelial_EMT,NMPR
BD_immune05_5241,diploid,Tumor_epithelial_EMT,NMPR
BD_immune05_623288,diploid,Tumor_epithelial_EMT,NMPR
BD_immune05_34830,diploid,Tumor_epithelial_EMT,NMPR
BD_immune05_37044,diploid,Tumor_epithelial_EMT,NMPR
BD_immune05_503311,diploid,Tumor_epithelial_EMT,NMPR
BD_immune05_63125,diploid,Tumor_epithelial_EMT,NMPR
BD_immune05_538823,diploid,Tumor_epithelial_EMT,NMPR
BD_immune05_687178,diploid,Tumor_epithelial_EMT,NMPR
BD_immune05_403093,diploid,Tumor_epithelial_EMT,NMPR
BD_immune05_315757,diploid,Tumor_epithelial_EMT,NMPR
BD_immune05_611374,diploid,Tumor_epithelial_EMT,NMPR
BD_immune05_63067,diploid,Tumor_epithelial_EMT,NMPR
BD_immune05_367732,diploid,Tumor_epithelial_EMT,NMPR
BD_immune05_619779,diploid,Tumor_epithelial_EMT,NMPR
BD_immune05_268067,diploid,Tumor_epithelial_EMT,NMPR
BD_immune05_51889,diploid,Tumor_epithelial_EMT,NMPR
BD_immune05_723048,diploid,Tumor_epithelial_EMT,NMPR
BD_immune05_806425,diploid,Tumor_epithelial_EMT,NMPR
BD_immune05_310369,diploid,Tumor_epithelial_EMT,NMPR
BD_immune05_496076,diploid,Tumor_epithelial_EMT,NMPR
BD_immune05_319892,diploid,Tumor_epithelial_EMT,NMPR
BD_immune05_776295,diploid,Tumor_epithelial_EMT,NMPR
BD_immune05_598754,diploid,Tumor_epithelial_EMT,NMPR
BD_immune05_435634,diploid,Tumor_epithelial_EMT,NMPR
BD_immune05_118475,diploid,Tumor_epithelial_EMT,NMPR
BD_immune05_502731,diploid,Tumor_epithelial_EMT,NMPR
BD_immune05_458374,diploid,Tumor_epithelial_EMT,NMPR
BD_immune05_153336,diploid,Tumor_epithelial_EMT,NMPR
BD_immune05_167373,diploid,Tumor_epithelial_EMT,NMPR
BD_immune05_870045,diploid,Tumor_epithelial_EMT,NMPR
BD_immune05_854486,diploid,Tumor_epithelial_EMT,NMPR
BD_immune05_47498,diploid,Tumor_epithelial_EMT,NMPR
BD_immune05_435886,diploid,Tumor_epithelial_EMT,NMPR
BD_immune05_450255,diploid,Tumor_epithelial_EMT,NMPR
BD_immune05_168846,diploid,Tumor_epithelial_EMT,NMPR
BD_immune05_843146,diploid,Tumor_epithelial_EMT,NMPR
BD_immune05_766012,diploid,Tumor_epithelial_EMT,NMPR
BD_immune05_709322,diploid,Tumor_epithelial_EMT,NMPR
BD_immune05_419952,diploid,Tumor_epithelial_EMT,NMPR
BD_immune05_722878,diploid,Tumor_epithelial_EMT,NMPR
BD_immune05_666305,diploid,Tumor_epithelial_EMT,NMPR
BD_immune05_570546,diploid,Tumor_epithelial_EMT,NMPR
BD_immune05_275770,diploid,Tumor_epithelial_EMT,NMPR
BD_immune05_632976,diploid,Tumor_epithelial_EMT,NMPR
BD_immune05_180690,diploid,Tumor_epithelial_EMT,NMPR
BD_immune05_748081,diploid,Tumor_epithelial_EMT,NMPR
BD_immune05_539455,diploid,Tumor_epithelial_EMT,NMPR
BD_immune05_594377,diploid,Tumor_epithelial_EMT,NMPR
BD_immune05_252162,diploid,Tumor_epithelial_EMT,NMPR
BD_immune05_462673,diploid,Tumor_epithelial_EMT,NMPR
BD_immune05_216467,diploid,Tumor_epithelial_EMT,NMPR
BD_immune05_13322,diploid,Tumor_epithelial_EMT,NMPR
BD_immune05_674400,diploid,Tumor_epithelial_EMT,NMPR
BD_immune05_680855,diploid,Tumor_epithelial_EMT,NMPR
BD_immune05_505493,diploid,Tumor_epithelial_EMT,NMPR
BD_immune05_838586,diploid,Tumor_epithelial_EMT,NMPR
BD_immune05_219419,diploid,Tumor_epithelial_EMT,NMPR
BD_immune05_385954,diploid,Tumor_epithelial_EMT,NMPR
BD_immune05_272063,diploid,Tumor_epithelial_EMT,NMPR
BD_immune08_837002,diploid,Tumor_epithelial_EMT,NMPR
BD_immune11_759492,diploid,Tumor_epithelial_EMT,NMPR
BD_immune11_17759,diploid,Tumor_epithelial_EMT,NMPR
BD_immune11_880050,diploid,Tumor_epithelial_EMT,NMPR
BD_immune11_765009,diploid,Tumor_epithelial_EMT,NMPR
BD_immune11_414642,diploid,Tumor_epithelial_EMT,NMPR
BD_immune11_747329,diploid,Tumor_epithelial_EMT,NMPR
BD_immune12_174836,diploid,Tumor_epithelial_EMT,NMPR
BD_immune12_581908,diploid,Tumor_epithelial_EMT,NMPR
BD_immune12_747669,diploid,Tumor_epithelial_EMT,NMPR
BD_immune12_697869,diploid,Tumor_epithelial_EMT,NMPR
BD_immune12_439856,diploid,Tumor_epithelial_EMT,NMPR
BD_immune12_527621,diploid,Tumor_epithelial_EMT,NMPR
BD_immune12_277931,diploid,Tumor_epithelial_EMT,NMPR
BD_immune12_365627,diploid,Tumor_epithelial_EMT,NMPR
BD_immune12_114793,diploid,Tumor_epithelial_EMT,NMPR
BD_immune12_48432,diploid,Tumor_epithelial_EMT,NMPR
BD_immune12_184577,diploid,Tumor_epithelial_EMT,NMPR
BD_immune12_778458,diploid,Tumor_epithelial_EMT,NMPR
BD_immune12_479045,diploid,Tumor_epithelial_EMT,NMPR
BD_immune12_29577,diploid,Tumor_epithelial_EMT,NMPR
BD_immune12_850724,diploid,Tumor_epithelial_EMT,NMPR
BD_immune12_739950,diploid,Tumor_epithelial_EMT,NMPR
BD_immune12_485192,diploid,Tumor_epithelial_EMT,NMPR
BD_immune12_400593,diploid,Tumor_epithelial_EMT,NMPR
BD_immune12_743184,diploid,Tumor_epithelial_EMT,NMPR
BD_immune15_694272,diploid,Tumor_epithelial_EMT,NMPR
BD_immune11_36226,diploid,Tumor_epithelial_EMT,NMPR
BD_immune15_760103,diploid,Tumor_epithelial_EMT,NMPR
BD_immune05_28083,diploid,Tumor_epithelial_EMT,NMPR
BD_immune05_777709,diploid,Tumor_epithelial_EMT,NMPR
BD_immune11_34677,diploid,Tumor_epithelial_EMT,NMPR
BD_immune11_702976,diploid,Tumor_epithelial_EMT,NMPR
BD_immune12_198292,diploid,Tumor_epithelial_EMT,NMPR
BD_immune05_296004,diploid,Tumor_epithelial_EMT,NMPR
BD_immune05_31470,diploid,Tumor_epithelial_EMT,NMPR
BD_immune05_761571,diploid,Tumor_epithelial_EMT,NMPR
BD_immune05_131288,diploid,Tumor_epithelial_EMT,NMPR
BD_immune05_625899,diploid,Tumor_epithelial_EMT,NMPR
BD_immune05_95186,diploid,Tumor_epithelial_EMT,NMPR
BD_immune05_629931,diploid,Tumor_epithelial_EMT,NMPR
BD_immune05_432187,diploid,Tumor_epithelial_EMT,NMPR
BD_immune05_179317,diploid,Tumor_epithelial_EMT,NMPR
BD_immune05_202240,diploid,Tumor_epithelial_EMT,NMPR
BD_immune05_69515,diploid,Tumor_epithelial_EMT,NMPR
BD_immune05_608889,diploid,Tumor_epithelial_EMT,NMPR
BD_immune05_426455,diploid,Tumor_epithelial_EMT,NMPR
BD_immune05_251084,diploid,Tumor_epithelial_EMT,NMPR
BD_immune05_584678,diploid,Tumor_epithelial_EMT,NMPR
BD_immune11_248823,diploid,Tumor_epithelial_EMT,NMPR
BD_immune12_612241,diploid,Tumor_epithelial_EMT,NMPR
BD_immune15_566461,diploid,Tumor_epithelial_EMT,NMPR
BD_immune15_282771,diploid,Tumor_epithelial_EMT,NMPR
BD_immune15_595835,diploid,Tumor_epithelial_EMT,NMPR
BD_immune15_854328,diploid,Tumor_epithelial_EMT,NMPR
BD_immune02_841503,diploid,Tumor_epithelial_EMT,NMPR
BD_immune02_650062,diploid,Tumor_epithelial_EMT,NMPR
BD_immune02_580235,diploid,Tumor_epithelial_EMT,NMPR
BD_immune02_277584,diploid,Tumor_epithelial_EMT,NMPR
BD_immune02_634340,diploid,Tumor_epithelial_EMT,NMPR
BD_immune02_73791,diploid,Tumor_epithelial_EMT,NMPR
BD_immune02_342916,diploid,Tumor_epithelial_EMT,NMPR
BD_immune02_13866,diploid,Tumor_epithelial_EMT,NMPR
BD_immune02_571486,diploid,Tumor_epithelial_EMT,NMPR
BD_immune03_248350,diploid,Tumor_epithelial_EMT,NMPR
BD_immune04_397649,diploid,Tumor_epithelial_EMT,NMPR
BD_immune04_354997,diploid,Tumor_epithelial_EMT,NMPR
BD_immune04_300317,diploid,Tumor_epithelial_EMT,NMPR
BD_immune04_809126,diploid,Tumor_epithelial_EMT,NMPR
BD_immune04_361365,diploid,Tumor_epithelial_EMT,NMPR
BD_immune04_173384,diploid,Tumor_epithelial_EMT,NMPR
BD_immune04_28325,diploid,Tumor_epithelial_EMT,NMPR
BD_immune04_527847,diploid,Tumor_epithelial_EMT,NMPR
BD_immune04_322601,diploid,Tumor_epithelial_EMT,NMPR
BD_immune04_794140,diploid,Tumor_epithelial_EMT,NMPR
BD_immune07_436631,diploid,Tumor_epithelial_EMT,NMPR
BD_immune07_796242,diploid,Tumor_epithelial_EMT,NMPR
BD_immune05_160520,aneuploid,Tumor_epithelial_EMT,NMPR
BD_immune05_162939,aneuploid,Tumor_epithelial_EMT,NMPR
BD_immune05_450779,aneuploid,Tumor_epithelial_EMT,NMPR
BD_immune05_71158,aneuploid,Tumor_epithelial_EMT,NMPR
BD_immune05_466739,aneuploid,Tumor_epithelial_EMT,NMPR
BD_immune05_365407,aneuploid,Tumor_epithelial_EMT,NMPR
BD_immune05_484446,aneuploid,Tumor_epithelial_EMT,NMPR
BD_immune05_610542,aneuploid,Tumor_epithelial_EMT,NMPR
BD_immune05_440629,aneuploid,Tumor_epithelial_EMT,NMPR
BD_immune05_871895,aneuploid,Tumor_epithelial_EMT,NMPR
BD_immune05_36936,aneuploid,Tumor_epithelial_EMT,NMPR
BD_immune05_686816,aneuploid,Tumor_epithelial_EMT,NMPR
BD_immune05_474282,aneuploid,Tumor_epithelial_EMT,NMPR
BD_immune05_428905,aneuploid,Tumor_epithelial_EMT,NMPR
BD_immune05_401436,aneuploid,Tumor_epithelial_EMT,NMPR
BD_immune05_267875,aneuploid,Tumor_epithelial_EMT,NMPR
BD_immune05_471917,aneuploid,Tumor_epithelial_EMT,NMPR
BD_immune05_328146,aneuploid,Tumor_epithelial_EMT,NMPR
BD_immune05_439404,aneuploid,Tumor_epithelial_EMT,NMPR
BD_immune05_693429,aneuploid,Tumor_epithelial_EMT,NMPR
BD_immune05_846079,aneuploid,Tumor_epithelial_EMT,NMPR
BD_immune05_465408,aneuploid,Tumor_epithelial_EMT,NMPR
BD_immune05_637188,aneuploid,Tumor_epithelial_EMT,NMPR
BD_immune05_98982,aneuploid,Tumor_epithelial_EMT,NMPR
BD_immune05_881362,aneuploid,Tumor_epithelial_EMT,NMPR
BD_immune05_124006,aneuploid,Tumor_epithelial_EMT,NMPR
BD_immune05_809485,aneuploid,Tumor_epithelial_EMT,NMPR
BD_immune05_571158,aneuploid,Tumor_epithelial_EMT,NMPR
BD_immune05_714665,aneuploid,Tumor_epithelial_EMT,NMPR
BD_immune05_551613,aneuploid,Tumor_epithelial_EMT,NMPR
BD_immune05_413208,aneuploid,Tumor_epithelial_EMT,NMPR
BD_immune05_65974,aneuploid,Tumor_epithelial_EMT,NMPR
BD_immune05_268376,aneuploid,Tumor_epithelial_EMT,NMPR
BD_immune05_19286,aneuploid,Tumor_epithelial_EMT,NMPR
BD_immune05_45375,aneuploid,Tumor_epithelial_EMT,NMPR
BD_immune05_509757,aneuploid,Tumor_epithelial_EMT,NMPR
BD_immune05_734466,aneuploid,Tumor_epithelial_EMT,NMPR
BD_immune05_542706,aneuploid,Tumor_epithelial_EMT,NMPR
BD_immune05_538369,aneuploid,Tumor_epithelial_EMT,NMPR
BD_immune05_175160,aneuploid,Tumor_epithelial_EMT,NMPR
BD_immune05_423611,aneuploid,Tumor_epithelial_EMT,NMPR
BD_immune05_146971,aneuploid,Tumor_epithelial_EMT,NMPR
BD_immune05_320016,aneuploid,Tumor_epithelial_EMT,NMPR
BD_immune05_741376,aneuploid,Tumor_epithelial_EMT,NMPR
BD_immune05_849865,aneuploid,Tumor_epithelial_EMT,NMPR
BD_immune05_294126,aneuploid,Tumor_epithelial_EMT,NMPR
BD_immune05_353490,aneuploid,Tumor_epithelial_EMT,NMPR
BD_immune05_742352,aneuploid,Tumor_epithelial_EMT,NMPR
BD_immune05_162519,aneuploid,Tumor_epithelial_EMT,NMPR
BD_immune05_802525,aneuploid,Tumor_epithelial_EMT,NMPR
BD_immune05_486923,aneuploid,Tumor_epithelial_EMT,NMPR
BD_immune05_766454,aneuploid,Tumor_epithelial_EMT,NMPR
BD_immune05_490488,aneuploid,Tumor_epithelial_EMT,NMPR
BD_immune05_767776,aneuploid,Tumor_epithelial_EMT,NMPR
BD_immune05_165856,aneuploid,Tumor_epithelial_EMT,NMPR
BD_immune05_162238,aneuploid,Tumor_epithelial_EMT,NMPR
BD_immune05_502940,aneuploid,Tumor_epithelial_EMT,NMPR
BD_immune05_542738,aneuploid,Tumor_epithelial_EMT,NMPR
BD_immune05_512846,aneuploid,Tumor_epithelial_EMT,NMPR
BD_immune05_466870,aneuploid,Tumor_epithelial_EMT,NMPR
BD_immune05_6465,aneuploid,Tumor_epithelial_EMT,NMPR
BD_immune05_299032,aneuploid,Tumor_epithelial_EMT,NMPR
BD_immune05_696786,aneuploid,Tumor_epithelial_EMT,NMPR
BD_immune05_37638,aneuploid,Tumor_epithelial_EMT,NMPR
BD_immune05_647690,aneuploid,Tumor_epithelial_EMT,NMPR
BD_immune05_49757,aneuploid,Tumor_epithelial_EMT,NMPR
BD_immune05_462687,aneuploid,Tumor_epithelial_EMT,NMPR
BD_immune05_73696,aneuploid,Tumor_epithelial_EMT,NMPR
BD_immune05_502980,aneuploid,Tumor_epithelial_EMT,NMPR
BD_immune05_720272,aneuploid,Tumor_epithelial_EMT,NMPR
BD_immune05_842933,aneuploid,Tumor_epithelial_EMT,NMPR
BD_immune05_609994,aneuploid,Tumor_epithelial_EMT,NMPR
BD_immune05_313303,aneuploid,Tumor_epithelial_EMT,NMPR
BD_immune05_188617,aneuploid,Tumor_epithelial_EMT,NMPR
BD_immune05_391135,aneuploid,Tumor_epithelial_EMT,NMPR
BD_immune05_54910,aneuploid,Tumor_epithelial_EMT,NMPR
BD_immune05_701605,aneuploid,Tumor_epithelial_EMT,NMPR
BD_immune05_413464,aneuploid,Tumor_epithelial_EMT,NMPR
BD_immune05_716558,aneuploid,Tumor_epithelial_EMT,NMPR
BD_immune05_305300,aneuploid,Tumor_epithelial_EMT,NMPR
BD_immune05_305060,aneuploid,Tumor_epithelial_EMT,NMPR
BD_immune05_434845,aneuploid,Tumor_epithelial_EMT,NMPR
BD_immune05_80311,aneuploid,Tumor_epithelial_EMT,NMPR
BD_immune05_673766,aneuploid,Tumor_epithelial_EMT,NMPR
BD_immune05_428598,aneuploid,Tumor_epithelial_EMT,NMPR
BD_immune05_222563,aneuploid,Tumor_epithelial_EMT,NMPR
BD_immune05_848924,aneuploid,Tumor_epithelial_EMT,NMPR
BD_immune05_787499,aneuploid,Tumor_epithelial_EMT,NMPR
BD_immune05_763055,aneuploid,Tumor_epithelial_EMT,NMPR
BD_immune05_657990,aneuploid,Tumor_epithelial_EMT,NMPR
BD_immune05_326238,aneuploid,Tumor_epithelial_EMT,NMPR
BD_immune05_744189,aneuploid,Tumor_epithelial_EMT,NMPR
BD_immune05_268321,aneuploid,Tumor_epithelial_EMT,NMPR
BD_immune05_684166,aneuploid,Tumor_epithelial_EMT,NMPR
BD_immune05_657769,aneuploid,Tumor_epithelial_EMT,NMPR
BD_immune05_331305,aneuploid,Tumor_epithelial_EMT,NMPR
BD_immune05_554236,aneuploid,Tumor_epithelial_EMT,NMPR
BD_immune05_560449,aneuploid,Tumor_epithelial_EMT,NMPR
BD_immune05_750224,aneuploid,Tumor_epithelial_EMT,NMPR
BD_immune05_834438,aneuploid,Tumor_epithelial_EMT,NMPR
BD_immune05_99004,aneuploid,Tumor_epithelial_EMT,NMPR
BD_immune05_266430,aneuploid,Tumor_epithelial_EMT,NMPR
BD_immune05_319054,aneuploid,Tumor_epithelial_EMT,NMPR
BD_immune05_259172,aneuploid,Tumor_epithelial_EMT,NMPR
BD_immune05_854816,aneuploid,Tumor_epithelial_EMT,NMPR
BD_immune05_203171,aneuploid,Tumor_epithelial_EMT,NMPR
BD_immune05_71679,aneuploid,Tumor_epithelial_EMT,NMPR
BD_immune05_270659,aneuploid,Tumor_epithelial_EMT,NMPR
BD_immune05_824234,aneuploid,Tumor_epithelial_EMT,NMPR
BD_immune05_86937,aneuploid,Tumor_epithelial_EMT,NMPR
BD_immune05_733651,aneuploid,Tumor_epithelial_EMT,NMPR
BD_immune05_300144,aneuploid,Tumor_epithelial_EMT,NMPR
BD_immune05_319109,aneuploid,Tumor_epithelial_EMT,NMPR
BD_immune05_627003,aneuploid,Tumor_epithelial_EMT,NMPR
BD_immune05_862068,aneuploid,Tumor_epithelial_EMT,NMPR
BD_immune05_775936,aneuploid,Tumor_epithelial_EMT,NMPR
BD_immune05_136135,aneuploid,Tumor_epithelial_EMT,NMPR
BD_immune05_500106,aneuploid,Tumor_epithelial_EMT,NMPR
BD_immune05_38601,aneuploid,Tumor_epithelial_EMT,NMPR
BD_immune05_541963,aneuploid,Tumor_epithelial_EMT,NMPR
BD_immune05_137971,aneuploid,Tumor_epithelial_EMT,NMPR
BD_immune05_448522,aneuploid,Tumor_epithelial_EMT,NMPR
BD_immune05_371320,aneuploid,Tumor_epithelial_EMT,NMPR
BD_immune05_858826,aneuploid,Tumor_epithelial_EMT,NMPR
BD_immune05_208903,aneuploid,Tumor_epithelial_EMT,NMPR
BD_immune05_95273,aneuploid,Tumor_epithelial_EMT,NMPR
BD_immune05_624944,aneuploid,Tumor_epithelial_EMT,NMPR
BD_immune05_413394,aneuploid,Tumor_epithelial_EMT,NMPR
BD_immune05_176382,aneuploid,Tumor_epithelial_EMT,NMPR
BD_immune05_646059,aneuploid,Tumor_epithelial_EMT,NMPR
BD_immune05_99074,aneuploid,Tumor_epithelial_EMT,NMPR
BD_immune05_810734,aneuploid,Tumor_epithelial_EMT,NMPR
BD_immune05_721984,aneuploid,Tumor_epithelial_EMT,NMPR
BD_immune05_108333,aneuploid,Tumor_epithelial_EMT,NMPR
BD_immune05_178580,aneuploid,Tumor_epithelial_EMT,NMPR
BD_immune05_66768,aneuploid,Tumor_epithelial_EMT,NMPR
BD_immune05_155101,aneuploid,Tumor_epithelial_EMT,NMPR
BD_immune05_400155,aneuploid,Tumor_epithelial_EMT,NMPR
BD_immune05_15741,aneuploid,Tumor_epithelial_EMT,NMPR
BD_immune05_155599,aneuploid,Tumor_epithelial_EMT,NMPR
BD_immune05_396008,aneuploid,Tumor_epithelial_EMT,NMPR
BD_immune05_739384,aneuploid,Tumor_epithelial_EMT,NMPR
BD_immune05_74159,aneuploid,Tumor_epithelial_EMT,NMPR
BD_immune05_573686,aneuploid,Tumor_epithelial_EMT,NMPR
BD_immune05_424033,aneuploid,Tumor_epithelial_EMT,NMPR
BD_immune05_403091,aneuploid,Tumor_epithelial_EMT,NMPR
BD_immune05_183257,aneuploid,Tumor_epithelial_EMT,NMPR
BD_immune05_551187,aneuploid,Tumor_epithelial_EMT,NMPR
BD_immune05_338564,aneuploid,Tumor_epithelial_EMT,NMPR
BD_immune05_294798,aneuploid,Tumor_epithelial_EMT,NMPR
BD_immune05_167255,aneuploid,Tumor_epithelial_EMT,NMPR
BD_immune05_365183,aneuploid,Tumor_epithelial_EMT,NMPR
BD_immune05_881149,aneuploid,Tumor_epithelial_EMT,NMPR
BD_immune05_48954,aneuploid,Tumor_epithelial_EMT,NMPR
BD_immune05_413068,aneuploid,Tumor_epithelial_EMT,NMPR
BD_immune05_492977,aneuploid,Tumor_epithelial_EMT,NMPR
BD_immune05_837863,aneuploid,Tumor_epithelial_EMT,NMPR
BD_immune05_140969,aneuploid,Tumor_epithelial_EMT,NMPR
BD_immune05_821190,aneuploid,Tumor_epithelial_EMT,NMPR
BD_immune05_311373,aneuploid,Tumor_epithelial_EMT,NMPR
BD_immune05_739721,aneuploid,Tumor_epithelial_EMT,NMPR
BD_immune05_424003,aneuploid,Tumor_epithelial_EMT,NMPR
BD_immune05_752254,aneuploid,Tumor_epithelial_EMT,NMPR
BD_immune05_756664,aneuploid,Tumor_epithelial_EMT,NMPR
BD_immune05_128742,aneuploid,Tumor_epithelial_EMT,NMPR
BD_immune05_261386,aneuploid,Tumor_epithelial_EMT,NMPR
BD_immune05_168503,aneuploid,Tumor_epithelial_EMT,NMPR
BD_immune05_339586,aneuploid,Tumor_epithelial_EMT,NMPR
BD_immune05_316255,aneuploid,Tumor_epithelial_EMT,NMPR
BD_immune05_331407,aneuploid,Tumor_epithelial_EMT,NMPR
BD_immune05_68128,aneuploid,Tumor_epithelial_EMT,NMPR
BD_immune05_741494,aneuploid,Tumor_epithelial_EMT,NMPR
BD_immune05_295953,aneuploid,Tumor_epithelial_EMT,NMPR
BD_immune05_282045,aneuploid,Tumor_epithelial_EMT,NMPR
BD_immune05_137877,aneuploid,Tumor_epithelial_EMT,NMPR
BD_immune05_243646,aneuploid,Tumor_epithelial_EMT,NMPR
BD_immune05_460448,aneuploid,Tumor_epithelial_EMT,NMPR
BD_immune05_335505,aneuploid,Tumor_epithelial_EMT,NMPR
BD_immune05_702359,aneuploid,Tumor_epithelial_EMT,NMPR
BD_immune05_452357,aneuploid,Tumor_epithelial_EMT,NMPR
BD_immune05_239486,aneuploid,Tumor_epithelial_EMT,NMPR
BD_immune05_84858,aneuploid,Tumor_epithelial_EMT,NMPR
BD_immune05_595663,aneuploid,Tumor_epithelial_EMT,NMPR
BD_immune05_459637,aneuploid,Tumor_epithelial_EMT,NMPR
BD_immune05_750562,aneuploid,Tumor_epithelial_EMT,NMPR
BD_immune05_182737,aneuploid,Tumor_epithelial_EMT,NMPR
BD_immune05_151798,aneuploid,Tumor_epithelial_EMT,NMPR
BD_immune05_632202,aneuploid,Tumor_epithelial_EMT,NMPR
BD_immune05_835766,aneuploid,Tumor_epithelial_EMT,NMPR
BD_immune05_19602,aneuploid,Tumor_epithelial_EMT,NMPR
BD_immune05_189315,aneuploid,Tumor_epithelial_EMT,NMPR
BD_immune05_78225,aneuploid,Tumor_epithelial_EMT,NMPR
BD_immune05_170900,aneuploid,Tumor_epithelial_EMT,NMPR
BD_immune05_176099,aneuploid,Tumor_epithelial_EMT,NMPR
BD_immune05_115513,aneuploid,Tumor_epithelial_EMT,NMPR
BD_immune05_868270,aneuploid,Tumor_epithelial_EMT,NMPR
BD_immune05_267022,aneuploid,Tumor_epithelial_EMT,NMPR
BD_immune05_859496,aneuploid,Tumor_epithelial_EMT,NMPR
BD_immune05_479174,aneuploid,Tumor_epithelial_EMT,NMPR
BD_immune05_49608,aneuploid,Tumor_epithelial_EMT,NMPR
BD_immune05_423452,aneuploid,Tumor_epithelial_EMT,NMPR
BD_immune05_239649,aneuploid,Tumor_epithelial_EMT,NMPR
BD_immune05_761411,aneuploid,Tumor_epithelial_EMT,NMPR
BD_immune05_636295,aneuploid,Tumor_epithelial_EMT,NMPR
BD_immune05_667242,aneuploid,Tumor_epithelial_EMT,NMPR
BD_immune05_445996,aneuploid,Tumor_epithelial_EMT,NMPR
BD_immune05_178902,aneuploid,Tumor_epithelial_EMT,NMPR
BD_immune05_27371,aneuploid,Tumor_epithelial_EMT,NMPR
BD_immune05_420961,aneuploid,Tumor_epithelial_EMT,NMPR
BD_immune05_311510,aneuploid,Tumor_epithelial_EMT,NMPR
BD_immune05_334763,aneuploid,Tumor_epithelial_EMT,NMPR
BD_immune05_454352,aneuploid,Tumor_epithelial_EMT,NMPR
BD_immune05_348199,aneuploid,Tumor_epithelial_EMT,NMPR
BD_immune05_764678,aneuploid,Tumor_epithelial_EMT,NMPR
BD_immune05_437457,aneuploid,Tumor_epithelial_EMT,NMPR
BD_immune05_852776,aneuploid,Tumor_epithelial_EMT,NMPR
BD_immune05_17653,aneuploid,Tumor_epithelial_EMT,NMPR
BD_immune05_2113,aneuploid,Tumor_epithelial_EMT,NMPR
BD_immune05_274730,aneuploid,Tumor_epithelial_EMT,NMPR
BD_immune05_593343,aneuploid,Tumor_epithelial_EMT,NMPR
BD_immune05_638229,aneuploid,Tumor_epithelial_EMT,NMPR
BD_immune05_249691,aneuploid,Tumor_epithelial_EMT,NMPR
BD_immune05_331555,aneuploid,Tumor_epithelial_EMT,NMPR
BD_immune05_803586,aneuploid,Tumor_epithelial_EMT,NMPR
BD_immune05_624273,aneuploid,Tumor_epithelial_EMT,NMPR
BD_immune05_379350,aneuploid,Tumor_epithelial_EMT,NMPR
BD_immune05_797619,aneuploid,Tumor_epithelial_EMT,NMPR
BD_immune05_282465,aneuploid,Tumor_epithelial_EMT,NMPR
BD_immune05_627898,aneuploid,Tumor_epithelial_EMT,NMPR
BD_immune05_239725,aneuploid,Tumor_epithelial_EMT,NMPR
BD_immune05_254561,aneuploid,Tumor_epithelial_EMT,NMPR
BD_immune05_565977,aneuploid,Tumor_epithelial_EMT,NMPR
BD_immune05_596974,aneuploid,Tumor_epithelial_EMT,NMPR
BD_immune05_193632,aneuploid,Tumor_epithelial_EMT,NMPR
BD_immune05_383752,aneuploid,Tumor_epithelial_EMT,NMPR
BD_immune05_306203,aneuploid,Tumor_epithelial_EMT,NMPR
BD_immune05_324270,aneuploid,Tumor_epithelial_EMT,NMPR
BD_immune05_699294,aneuploid,Tumor_epithelial_EMT,NMPR
BD_immune05_458815,aneuploid,Tumor_epithelial_EMT,NMPR
BD_immune05_20792,aneuploid,Tumor_epithelial_EMT,NMPR
BD_immune05_290432,aneuploid,Tumor_epithelial_EMT,NMPR
BD_immune05_733498,aneuploid,Tumor_epithelial_EMT,NMPR
BD_immune05_295617,aneuploid,Tumor_epithelial_EMT,NMPR
BD_immune05_127303,aneuploid,Tumor_epithelial_EMT,NMPR
BD_immune05_402818,aneuploid,Tumor_epithelial_EMT,NMPR
BD_immune05_712762,aneuploid,Tumor_epithelial_EMT,NMPR
BD_immune05_93070,aneuploid,Tumor_epithelial_EMT,NMPR
BD_immune05_851628,aneuploid,Tumor_epithelial_EMT,NMPR
BD_immune05_605221,aneuploid,Tumor_epithelial_EMT,NMPR
BD_immune05_662683,aneuploid,Tumor_epithelial_EMT,NMPR
BD_immune05_756519,aneuploid,Tumor_epithelial_EMT,NMPR
BD_immune05_549535,aneuploid,Tumor_epithelial_EMT,NMPR
BD_immune05_560965,aneuploid,Tumor_epithelial_EMT,NMPR
BD_immune05_612480,aneuploid,Tumor_epithelial_EMT,NMPR
BD_immune05_21159,aneuploid,Tumor_epithelial_EMT,NMPR
BD_immune05_313173,aneuploid,Tumor_epithelial_EMT,NMPR
BD_immune05_372229,aneuploid,Tumor_epithelial_EMT,NMPR
BD_immune05_153016,aneuploid,Tumor_epithelial_EMT,NMPR
BD_immune05_235398,aneuploid,Tumor_epithelial_EMT,NMPR
BD_immune05_754300,aneuploid,Tumor_epithelial_EMT,NMPR
BD_immune05_240006,aneuploid,Tumor_epithelial_EMT,NMPR
BD_immune05_532881,aneuploid,Tumor_epithelial_EMT,NMPR
BD_immune05_268305,aneuploid,Tumor_epithelial_EMT,NMPR
BD_immune05_560312,aneuploid,Tumor_epithelial_EMT,NMPR
BD_immune05_378418,aneuploid,Tumor_epithelial_EMT,NMPR
BD_immune05_438506,aneuploid,Tumor_epithelial_EMT,NMPR
BD_immune05_814505,aneuploid,Tumor_epithelial_EMT,NMPR
BD_immune05_400867,aneuploid,Tumor_epithelial_EMT,NMPR
BD_immune05_847058,aneuploid,Tumor_epithelial_EMT,NMPR
BD_immune05_199427,aneuploid,Tumor_epithelial_EMT,NMPR
BD_immune05_311153,aneuploid,Tumor_epithelial_EMT,NMPR
BD_immune05_48823,aneuploid,Tumor_epithelial_EMT,NMPR
BD_immune05_342199,aneuploid,Tumor_epithelial_EMT,NMPR
BD_immune05_809140,aneuploid,Tumor_epithelial_EMT,NMPR
BD_immune05_837377,aneuploid,Tumor_epithelial_EMT,NMPR
BD_immune05_99064,aneuploid,Tumor_epithelial_EMT,NMPR
BD_immune05_847891,aneuploid,Tumor_epithelial_EMT,NMPR
BD_immune05_488197,aneuploid,Tumor_epithelial_EMT,NMPR
BD_immune05_227957,aneuploid,Tumor_epithelial_EMT,NMPR
BD_immune05_533939,aneuploid,Tumor_epithelial_EMT,NMPR
BD_immune05_702215,aneuploid,Tumor_epithelial_EMT,NMPR
BD_immune05_428354,aneuploid,Tumor_epithelial_EMT,NMPR
BD_immune05_737105,aneuploid,Tumor_epithelial_EMT,NMPR
BD_immune05_388771,aneuploid,Tumor_epithelial_EMT,NMPR
BD_immune05_368087,aneuploid,Tumor_epithelial_EMT,NMPR
BD_immune05_357277,aneuploid,Tumor_epithelial_EMT,NMPR
BD_immune05_481505,aneuploid,Tumor_epithelial_EMT,NMPR
BD_immune05_153445,aneuploid,Tumor_epithelial_EMT,NMPR
BD_immune05_153078,aneuploid,Tumor_epithelial_EMT,NMPR
BD_immune05_433435,aneuploid,Tumor_epithelial_EMT,NMPR
BD_immune05_807188,aneuploid,Tumor_epithelial_EMT,NMPR
BD_immune05_609704,aneuploid,Tumor_epithelial_EMT,NMPR
BD_immune05_211732,aneuploid,Tumor_epithelial_EMT,NMPR
BD_immune05_600907,aneuploid,Tumor_epithelial_EMT,NMPR
BD_immune05_17526,aneuploid,Tumor_epithelial_EMT,NMPR
BD_immune05_301608,aneuploid,Tumor_epithelial_EMT,NMPR
BD_immune05_429154,aneuploid,Tumor_epithelial_EMT,NMPR
BD_immune05_510075,aneuploid,Tumor_epithelial_EMT,NMPR
BD_immune05_176546,aneuploid,Tumor_epithelial_EMT,NMPR
BD_immune05_263056,aneuploid,Tumor_epithelial_EMT,NMPR
BD_immune05_756749,aneuploid,Tumor_epithelial_EMT,NMPR
BD_immune05_552542,aneuploid,Tumor_epithelial_EMT,NMPR
BD_immune05_705567,aneuploid,Tumor_epithelial_EMT,NMPR
BD_immune05_95112,aneuploid,Tumor_epithelial_EMT,NMPR
BD_immune05_149176,aneuploid,Tumor_epithelial_EMT,NMPR
BD_immune05_878749,aneuploid,Tumor_epithelial_EMT,NMPR
BD_immune05_456222,aneuploid,Tumor_epithelial_EMT,NMPR
BD_immune05_238795,aneuploid,Tumor_epithelial_EMT,NMPR
BD_immune05_227953,aneuploid,Tumor_epithelial_EMT,NMPR
BD_immune05_6318,aneuploid,Tumor_epithelial_EMT,NMPR
BD_immune05_330063,aneuploid,Tumor_epithelial_EMT,NMPR
BD_immune05_859127,aneuploid,Tumor_epithelial_EMT,NMPR
BD_immune05_183255,aneuploid,Tumor_epithelial_EMT,NMPR
BD_immune05_555141,aneuploid,Tumor_epithelial_EMT,NMPR
BD_immune05_410407,aneuploid,Tumor_epithelial_EMT,NMPR
BD_immune05_36186,aneuploid,Tumor_epithelial_EMT,NMPR
BD_immune05_583122,aneuploid,Tumor_epithelial_EMT,NMPR
BD_immune05_483479,aneuploid,Tumor_epithelial_EMT,NMPR
BD_immune05_637510,aneuploid,Tumor_epithelial_EMT,NMPR
BD_immune05_510718,aneuploid,Tumor_epithelial_EMT,NMPR
BD_immune05_706248,aneuploid,Tumor_epithelial_EMT,NMPR
BD_immune05_793976,aneuploid,Tumor_epithelial_EMT,NMPR
BD_immune05_529898,aneuploid,Tumor_epithelial_EMT,NMPR
BD_immune05_689649,aneuploid,Tumor_epithelial_EMT,NMPR
BD_immune05_511197,aneuploid,Tumor_epithelial_EMT,NMPR
BD_immune05_258323,aneuploid,Tumor_epithelial_EMT,NMPR
BD_immune05_877731,aneuploid,Tumor_epithelial_EMT,NMPR
BD_immune05_202541,aneuploid,Tumor_epithelial_EMT,NMPR
BD_immune05_147333,aneuploid,Tumor_epithelial_EMT,NMPR
BD_immune05_434902,aneuploid,Tumor_epithelial_EMT,NMPR
BD_immune05_592681,aneuploid,Tumor_epithelial_EMT,NMPR
BD_immune05_394042,aneuploid,Tumor_epithelial_EMT,NMPR
BD_immune05_182551,aneuploid,Tumor_epithelial_EMT,NMPR
BD_immune05_588617,aneuploid,Tumor_epithelial_EMT,NMPR
BD_immune05_523182,aneuploid,Tumor_epithelial_EMT,NMPR
BD_immune05_440516,aneuploid,Tumor_epithelial_EMT,NMPR
BD_immune05_235502,aneuploid,Tumor_epithelial_EMT,NMPR
BD_immune05_312738,aneuploid,Tumor_epithelial_EMT,NMPR
BD_immune05_450696,aneuploid,Tumor_epithelial_EMT,NMPR
BD_immune05_301093,aneuploid,Tumor_epithelial_EMT,NMPR
BD_immune05_204866,aneuploid,Tumor_epithelial_EMT,NMPR
BD_immune05_322347,aneuploid,Tumor_epithelial_EMT,NMPR
BD_immune05_412937,aneuploid,Tumor_epithelial_EMT,NMPR
BD_immune05_783878,aneuploid,Tumor_epithelial_EMT,NMPR
BD_immune05_375136,aneuploid,Tumor_epithelial_EMT,NMPR
BD_immune05_623361,aneuploid,Tumor_epithelial_EMT,NMPR
BD_immune05_450697,aneuploid,Tumor_epithelial_EMT,NMPR
BD_immune05_299551,aneuploid,Tumor_epithelial_EMT,NMPR
BD_immune05_825778,aneuploid,Tumor_epithelial_EMT,NMPR
BD_immune05_845137,aneuploid,Tumor_epithelial_EMT,NMPR
BD_immune05_781813,aneuploid,Tumor_epithelial_EMT,NMPR
BD_immune05_797332,aneuploid,Tumor_epithelial_EMT,NMPR
BD_immune05_309364,aneuploid,Tumor_epithelial_EMT,NMPR
BD_immune05_1251,aneuploid,Tumor_epithelial_EMT,NMPR
BD_immune05_638237,aneuploid,Tumor_epithelial_EMT,NMPR
BD_immune05_839036,aneuploid,Tumor_epithelial_EMT,NMPR
BD_immune05_681592,aneuploid,Tumor_epithelial_EMT,NMPR
BD_immune05_14937,aneuploid,Tumor_epithelial_EMT,NMPR
BD_immune05_562237,aneuploid,Tumor_epithelial_EMT,NMPR
BD_immune05_570384,aneuploid,Tumor_epithelial_EMT,NMPR
BD_immune05_193967,aneuploid,Tumor_epithelial_EMT,NMPR
BD_immune05_190151,aneuploid,Tumor_epithelial_EMT,NMPR
BD_immune05_570812,aneuploid,Tumor_epithelial_EMT,NMPR
BD_immune05_424997,aneuploid,Tumor_epithelial_EMT,NMPR
BD_immune05_174164,aneuploid,Tumor_epithelial_EMT,NMPR
BD_immune05_740773,aneuploid,Tumor_epithelial_EMT,NMPR
BD_immune05_704309,aneuploid,Tumor_epithelial_EMT,NMPR
BD_immune05_633254,aneuploid,Tumor_epithelial_EMT,NMPR
BD_immune05_170733,aneuploid,Tumor_epithelial_EMT,NMPR
BD_immune05_229909,aneuploid,Tumor_epithelial_EMT,NMPR
BD_immune05_738899,aneuploid,Tumor_epithelial_EMT,NMPR
BD_immune05_477407,aneuploid,Tumor_epithelial_EMT,NMPR
BD_immune05_665644,aneuploid,Tumor_epithelial_EMT,NMPR
BD_immune05_724327,aneuploid,Tumor_epithelial_EMT,NMPR
BD_immune05_629949,aneuploid,Tumor_epithelial_EMT,NMPR
BD_immune05_660897,aneuploid,Tumor_epithelial_EMT,NMPR
BD_immune05_501281,aneuploid,Tumor_epithelial_EMT,NMPR
BD_immune05_66240,aneuploid,Tumor_epithelial_EMT,NMPR
BD_immune05_731444,aneuploid,Tumor_epithelial_EMT,NMPR
BD_immune05_795171,aneuploid,Tumor_epithelial_EMT,NMPR
BD_immune05_876005,aneuploid,Tumor_epithelial_EMT,NMPR
BD_immune05_747185,aneuploid,Tumor_epithelial_EMT,NMPR
BD_immune05_375503,aneuploid,Tumor_epithelial_EMT,NMPR
BD_immune05_513021,aneuploid,Tumor_epithelial_EMT,NMPR
BD_immune05_573907,aneuploid,Tumor_epithelial_EMT,NMPR
BD_immune05_112027,aneuploid,Tumor_epithelial_EMT,NMPR
BD_immune05_43273,aneuploid,Tumor_epithelial_EMT,NMPR
BD_immune05_258778,aneuploid,Tumor_epithelial_EMT,NMPR
BD_immune05_694492,aneuploid,Tumor_epithelial_EMT,NMPR
BD_immune05_783840,aneuploid,Tumor_epithelial_EMT,NMPR
BD_immune05_721775,aneuploid,Tumor_epithelial_EMT,NMPR
BD_immune05_56826,aneuploid,Tumor_epithelial_EMT,NMPR
BD_immune05_496831,aneuploid,Tumor_epithelial_EMT,NMPR
BD_immune05_295848,aneuploid,Tumor_epithelial_EMT,NMPR
BD_immune05_740866,aneuploid,Tumor_epithelial_EMT,NMPR
BD_immune05_336587,aneuploid,Tumor_epithelial_EMT,NMPR
BD_immune05_666620,aneuploid,Tumor_epithelial_EMT,NMPR
BD_immune05_727177,aneuploid,Tumor_epithelial_EMT,NMPR
BD_immune05_160383,aneuploid,Tumor_epithelial_EMT,NMPR
BD_immune05_102141,aneuploid,Tumor_epithelial_EMT,NMPR
BD_immune05_327345,aneuploid,Tumor_epithelial_EMT,NMPR
BD_immune05_206382,aneuploid,Tumor_epithelial_EMT,NMPR
BD_immune05_61012,aneuploid,Tumor_epithelial_EMT,NMPR
BD_immune05_17578,aneuploid,Tumor_epithelial_EMT,NMPR
BD_immune05_290845,aneuploid,Tumor_epithelial_EMT,NMPR
BD_immune05_632820,aneuploid,Tumor_epithelial_EMT,NMPR
BD_immune05_590506,aneuploid,Tumor_epithelial_EMT,NMPR
BD_immune05_668926,aneuploid,Tumor_epithelial_EMT,NMPR
BD_immune05_311788,aneuploid,Tumor_epithelial_EMT,NMPR
BD_immune05_358108,aneuploid,Tumor_epithelial_EMT,NMPR
BD_immune05_876011,aneuploid,Tumor_epithelial_EMT,NMPR
BD_immune05_839500,aneuploid,Tumor_epithelial_EMT,NMPR
BD_immune05_137909,aneuploid,Tumor_epithelial_EMT,NMPR
BD_immune05_304940,aneuploid,Tumor_epithelial_EMT,NMPR
BD_immune05_159040,aneuploid,Tumor_epithelial_EMT,NMPR
BD_immune05_186631,aneuploid,Tumor_epithelial_EMT,NMPR
BD_immune05_540158,aneuploid,Tumor_epithelial_EMT,NMPR
BD_immune05_424091,aneuploid,Tumor_epithelial_EMT,NMPR
BD_immune05_81388,aneuploid,Tumor_epithelial_EMT,NMPR
BD_immune05_288195,aneuploid,Tumor_epithelial_EMT,NMPR
BD_immune05_642691,aneuploid,Tumor_epithelial_EMT,NMPR
BD_immune05_634328,aneuploid,Tumor_epithelial_EMT,NMPR
BD_immune05_766954,aneuploid,Tumor_epithelial_EMT,NMPR
BD_immune05_63253,aneuploid,Tumor_epithelial_EMT,NMPR
BD_immune05_621366,aneuploid,Tumor_epithelial_EMT,NMPR
BD_immune05_536055,aneuploid,Tumor_epithelial_EMT,NMPR
BD_immune05_408187,aneuploid,Tumor_epithelial_EMT,NMPR
BD_immune05_645582,aneuploid,Tumor_epithelial_EMT,NMPR
BD_immune05_452052,aneuploid,Tumor_epithelial_EMT,NMPR
BD_immune05_758730,aneuploid,Tumor_epithelial_EMT,NMPR
BD_immune05_349298,aneuploid,Tumor_epithelial_EMT,NMPR
BD_immune05_400899,aneuploid,Tumor_epithelial_EMT,NMPR
BD_immune05_353042,aneuploid,Tumor_epithelial_EMT,NMPR
BD_immune05_383522,aneuploid,Tumor_epithelial_EMT,NMPR
BD_immune05_289263,aneuploid,Tumor_epithelial_EMT,NMPR
BD_immune05_478123,aneuploid,Tumor_epithelial_EMT,NMPR
BD_immune05_270379,aneuploid,Tumor_epithelial_EMT,NMPR
BD_immune05_333513,aneuploid,Tumor_epithelial_EMT,NMPR
BD_immune05_496025,aneuploid,Tumor_epithelial_EMT,NMPR
BD_immune05_788235,aneuploid,Tumor_epithelial_EMT,NMPR
BD_immune05_32635,aneuploid,Tumor_epithelial_EMT,NMPR
BD_immune05_579556,aneuploid,Tumor_epithelial_EMT,NMPR
BD_immune05_672895,aneuploid,Tumor_epithelial_EMT,NMPR
BD_immune05_295252,aneuploid,Tumor_epithelial_EMT,NMPR
BD_immune05_877687,aneuploid,Tumor_epithelial_EMT,NMPR
BD_immune05_658811,aneuploid,Tumor_epithelial_EMT,NMPR
BD_immune05_848182,aneuploid,Tumor_epithelial_EMT,NMPR
BD_immune05_243828,aneuploid,Tumor_epithelial_EMT,NMPR
BD_immune05_659451,aneuploid,Tumor_epithelial_EMT,NMPR
BD_immune05_731507,aneuploid,Tumor_epithelial_EMT,NMPR
BD_immune05_762016,aneuploid,Tumor_epithelial_EMT,NMPR
BD_immune05_247312,aneuploid,Tumor_epithelial_EMT,NMPR
BD_immune05_838187,diploid,Tumor_epithelial_EMT,NMPR
BD_immune05_693797,aneuploid,Tumor_epithelial_EMT,NMPR
BD_immune05_372744,aneuploid,Tumor_epithelial_EMT,NMPR
BD_immune05_632981,aneuploid,Tumor_epithelial_EMT,NMPR
BD_immune05_584400,aneuploid,Tumor_epithelial_EMT,NMPR
BD_immune05_121853,aneuploid,Tumor_epithelial_EMT,NMPR
BD_immune05_571173,aneuploid,Tumor_epithelial_EMT,NMPR
BD_immune05_263171,aneuploid,Tumor_epithelial_EMT,NMPR
BD_immune05_130817,aneuploid,Tumor_epithelial_EMT,NMPR
BD_immune05_723983,aneuploid,Tumor_epithelial_EMT,NMPR
BD_immune05_672172,aneuploid,Tumor_epithelial_EMT,NMPR
BD_immune05_41211,aneuploid,Tumor_epithelial_EMT,NMPR
BD_immune05_142486,aneuploid,Tumor_epithelial_EMT,NMPR
BD_immune05_420301,aneuploid,Tumor_epithelial_EMT,NMPR
BD_immune05_825421,aneuploid,Tumor_epithelial_EMT,NMPR
BD_immune05_459141,aneuploid,Tumor_epithelial_EMT,NMPR
BD_immune05_667092,aneuploid,Tumor_epithelial_EMT,NMPR
BD_immune05_645703,aneuploid,Tumor_epithelial_EMT,NMPR
BD_immune05_437963,aneuploid,Tumor_epithelial_EMT,NMPR
BD_immune05_75143,aneuploid,Tumor_epithelial_EMT,NMPR
BD_immune05_880932,aneuploid,Tumor_epithelial_EMT,NMPR
BD_immune05_598019,aneuploid,Tumor_epithelial_EMT,NMPR
BD_immune05_188610,aneuploid,Tumor_epithelial_EMT,NMPR
BD_immune05_663231,aneuploid,Tumor_epithelial_EMT,NMPR
BD_immune05_240390,aneuploid,Tumor_epithelial_EMT,NMPR
BD_immune05_540620,aneuploid,Tumor_epithelial_EMT,NMPR
BD_immune05_644659,aneuploid,Tumor_epithelial_EMT,NMPR
BD_immune05_370088,diploid,Tumor_epithelial_EMT,NMPR
BD_immune05_707678,aneuploid,Tumor_epithelial_EMT,NMPR
BD_immune05_146772,aneuploid,Tumor_epithelial_EMT,NMPR
BD_immune05_464992,diploid,Tumor_epithelial_EMT,NMPR
BD_immune05_482313,aneuploid,Tumor_epithelial_EMT,NMPR
BD_immune05_306542,aneuploid,Tumor_epithelial_EMT,NMPR
BD_immune05_666296,aneuploid,Tumor_epithelial_EMT,NMPR
BD_immune05_88244,aneuploid,Tumor_epithelial_EMT,NMPR
BD_immune05_795689,diploid,Tumor_epithelial_EMT,NMPR
BD_immune05_153820,aneuploid,Tumor_epithelial_EMT,NMPR
BD_immune05_802471,aneuploid,Tumor_epithelial_EMT,NMPR
BD_immune05_350511,aneuploid,Tumor_epithelial_EMT,NMPR
BD_immune05_192632,aneuploid,Tumor_epithelial_EMT,NMPR
BD_immune05_797452,aneuploid,Tumor_epithelial_EMT,NMPR
BD_immune05_517651,aneuploid,Tumor_epithelial_EMT,NMPR
BD_immune05_514584,diploid,Tumor_epithelial_EMT,NMPR
BD_immune05_833846,aneuploid,Tumor_epithelial_EMT,NMPR
BD_immune05_320855,aneuploid,Tumor_epithelial_EMT,NMPR
BD_immune05_262380,aneuploid,Tumor_epithelial_EMT,NMPR
BD_immune05_650220,aneuploid,Tumor_epithelial_EMT,NMPR
BD_immune05_838994,aneuploid,Tumor_epithelial_EMT,NMPR
BD_immune05_598041,diploid,Tumor_epithelial_EMT,NMPR
BD_immune05_764716,diploid,Tumor_epithelial_EMT,NMPR
BD_immune05_22923,aneuploid,Tumor_epithelial_EMT,NMPR
BD_immune05_691917,aneuploid,Tumor_epithelial_EMT,NMPR
BD_immune05_90543,aneuploid,Tumor_epithelial_EMT,NMPR
BD_immune05_184138,aneuploid,Tumor_epithelial_EMT,NMPR
BD_immune05_671601,aneuploid,Tumor_epithelial_EMT,NMPR
BD_immune05_169642,aneuploid,Tumor_epithelial_EMT,NMPR
BD_immune05_538019,aneuploid,Tumor_epithelial_EMT,NMPR
BD_immune05_418346,aneuploid,Tumor_epithelial_EMT,NMPR
BD_immune05_173146,aneuploid,Tumor_epithelial_EMT,NMPR
BD_immune05_307129,aneuploid,Tumor_epithelial_EMT,NMPR
BD_immune05_850322,aneuploid,Tumor_epithelial_EMT,NMPR
BD_immune05_277873,diploid,Tumor_epithelial_EMT,NMPR
BD_immune05_710729,aneuploid,Tumor_epithelial_EMT,NMPR
BD_immune05_446699,aneuploid,Tumor_epithelial_EMT,NMPR
BD_immune05_273701,aneuploid,Tumor_epithelial_EMT,NMPR
BD_immune05_668157,diploid,Tumor_epithelial_EMT,NMPR
BD_immune05_703503,aneuploid,Tumor_epithelial_EMT,NMPR
BD_immune05_297239,aneuploid,Tumor_epithelial_EMT,NMPR
BD_immune05_477056,aneuploid,Tumor_epithelial_EMT,NMPR
BD_immune05_303871,aneuploid,Tumor_epithelial_EMT,NMPR
BD_immune05_823914,diploid,Tumor_epithelial_EMT,NMPR
BD_immune05_663219,aneuploid,Tumor_epithelial_EMT,NMPR
BD_immune05_106560,aneuploid,Tumor_epithelial_EMT,NMPR
BD_immune05_660741,diploid,Tumor_epithelial_EMT,NMPR
BD_immune05_501126,aneuploid,Tumor_epithelial_EMT,NMPR
BD_immune05_157276,aneuploid,Tumor_epithelial_EMT,NMPR
BD_immune05_446112,aneuploid,Tumor_epithelial_EMT,NMPR
BD_immune05_819383,diploid,Tumor_epithelial_EMT,NMPR
BD_immune05_592285,diploid,Tumor_epithelial_EMT,NMPR
BD_immune05_395631,aneuploid,Tumor_epithelial_EMT,NMPR
BD_immune05_302266,diploid,Tumor_epithelial_EMT,NMPR
BD_immune05_585897,aneuploid,Tumor_epithelial_EMT,NMPR
BD_immune05_214949,aneuploid,Tumor_epithelial_EMT,NMPR
BD_immune05_362051,diploid,Tumor_epithelial_EMT,NMPR
BD_immune05_40311,aneuploid,Tumor_epithelial_EMT,NMPR
BD_immune05_537342,diploid,Tumor_epithelial_EMT,NMPR
BD_immune05_732926,diploid,Tumor_epithelial_EMT,NMPR
BD_immune05_583479,diploid,Tumor_epithelial_EMT,NMPR
BD_immune05_600167,diploid,Tumor_epithelial_EMT,NMPR
BD_immune05_538957,aneuploid,Tumor_epithelial_EMT,NMPR
BD_immune05_55055,diploid,Tumor_epithelial_EMT,NMPR
BD_immune05_763319,diploid,Tumor_epithelial_EMT,NMPR
BD_immune05_375811,aneuploid,Tumor_epithelial_EMT,NMPR
BD_immune05_626924,aneuploid,Tumor_epithelial_EMT,NMPR
BD_immune05_823370,diploid,Tumor_epithelial_EMT,NMPR
BD_immune05_708090,aneuploid,Tumor_epithelial_EMT,NMPR
BD_immune05_447927,diploid,Tumor_epithelial_EMT,NMPR
BD_immune05_200127,diploid,Tumor_epithelial_EMT,NMPR
BD_immune05_290984,diploid,Tumor_epithelial_EMT,NMPR
BD_immune05_827887,aneuploid,Tumor_epithelial_EMT,NMPR
BD_immune05_816152,diploid,Tumor_epithelial_EMT,NMPR
BD_immune05_529407,diploid,Tumor_epithelial_EMT,NMPR
BD_immune05_288352,diploid,Tumor_epithelial_EMT,NMPR
BD_immune05_819695,diploid,Tumor_epithelial_EMT,NMPR
BD_immune05_477714,diploid,Tumor_epithelial_EMT,NMPR
BD_immune05_304236,diploid,Tumor_epithelial_EMT,NMPR
BD_immune05_293286,diploid,Tumor_epithelial_EMT,NMPR
BD_immune05_381963,diploid,Tumor_epithelial_EMT,NMPR
BD_immune05_760782,diploid,Tumor_epithelial_EMT,NMPR
BD_immune05_503279,diploid,Tumor_epithelial_EMT,NMPR
BD_immune05_193790,diploid,Tumor_epithelial_EMT,NMPR
BD_immune05_665215,aneuploid,Tumor_epithelial_EMT,NMPR
BD_immune05_51036,diploid,Tumor_epithelial_EMT,NMPR
BD_immune05_257048,diploid,Tumor_epithelial_EMT,NMPR
BD_immune05_212316,diploid,Tumor_epithelial_EMT,NMPR
BD_immune05_190855,aneuploid,Tumor_epithelial_EMT,NMPR
BD_immune05_296357,diploid,Tumor_epithelial_EMT,NMPR
BD_immune05_378377,aneuploid,Tumor_epithelial_EMT,NMPR
BD_immune05_90487,diploid,Tumor_epithelial_EMT,NMPR
BD_immune05_72663,diploid,Tumor_epithelial_EMT,NMPR
BD_immune05_69549,diploid,Tumor_epithelial_EMT,NMPR
BD_immune05_876895,diploid,Tumor_epithelial_EMT,NMPR
BD_immune05_365725,diploid,Tumor_epithelial_EMT,NMPR
BD_immune05_500690,diploid,Tumor_epithelial_EMT,NMPR
BD_immune05_699719,diploid,Tumor_epithelial_EMT,NMPR
BD_immune05_292644,diploid,Tumor_epithelial_EMT,NMPR
BD_immune05_314080,diploid,Tumor_epithelial_EMT,NMPR
BD_immune05_81529,diploid,Tumor_epithelial_EMT,NMPR
BD_immune05_839810,diploid,Tumor_epithelial_EMT,NMPR
BD_immune05_714154,diploid,Tumor_epithelial_EMT,NMPR
BD_immune05_838683,diploid,Tumor_epithelial_EMT,NMPR
BD_immune05_741080,diploid,Tumor_epithelial_EMT,NMPR
BD_immune05_876226,aneuploid,Tumor_epithelial_EMT,NMPR
BD_immune05_364945,diploid,Tumor_epithelial_EMT,NMPR
BD_immune05_701228,diploid,Tumor_epithelial_EMT,NMPR
BD_immune05_781805,diploid,Tumor_epithelial_EMT,NMPR
BD_immune05_635245,diploid,Tumor_epithelial_EMT,NMPR
BD_immune05_782078,diploid,Tumor_epithelial_EMT,NMPR
BD_immune05_314927,diploid,Tumor_epithelial_EMT,NMPR
BD_immune05_873738,diploid,Tumor_epithelial_EMT,NMPR
BD_immune05_547391,diploid,Tumor_epithelial_EMT,NMPR
BD_immune05_278123,diploid,Tumor_epithelial_EMT,NMPR
BD_immune05_59440,diploid,Tumor_epithelial_EMT,NMPR
BD_immune05_355383,diploid,Tumor_epithelial_EMT,NMPR
BD_immune05_642267,diploid,Tumor_epithelial_EMT,NMPR
BD_immune05_235272,diploid,Tumor_epithelial_EMT,NMPR
BD_immune05_679249,aneuploid,Tumor_epithelial_EMT,NMPR
BD_immune05_271970,diploid,Tumor_epithelial_EMT,NMPR
BD_immune05_6447,diploid,Tumor_epithelial_EMT,NMPR
BD_immune05_486182,diploid,Tumor_epithelial_EMT,NMPR
BD_immune05_641948,diploid,Tumor_epithelial_EMT,NMPR
BD_immune05_234693,diploid,Tumor_epithelial_EMT,NMPR
BD_immune05_310782,diploid,Tumor_epithelial_EMT,NMPR
BD_immune05_570272,diploid,Tumor_epithelial_EMT,NMPR
BD_immune05_46616,diploid,Tumor_epithelial_EMT,NMPR
BD_immune05_174181,diploid,Tumor_epithelial_EMT,NMPR
BD_immune05_221516,diploid,Tumor_epithelial_EMT,NMPR
BD_immune05_770570,diploid,Tumor_epithelial_EMT,NMPR
BD_immune05_236508,diploid,Tumor_epithelial_EMT,NMPR
BD_immune05_275633,diploid,Tumor_epithelial_EMT,NMPR
BD_immune05_581922,diploid,Tumor_epithelial_EMT,NMPR
BD_immune05_365960,diploid,Tumor_epithelial_EMT,NMPR
BD_immune05_84883,diploid,Tumor_epithelial_EMT,NMPR
BD_immune05_816545,diploid,Tumor_epithelial_EMT,NMPR
BD_immune05_102886,diploid,Tumor_epithelial_EMT,NMPR
BD_immune05_315965,diploid,Tumor_epithelial_EMT,NMPR
BD_immune05_43958,diploid,Tumor_epithelial_EMT,NMPR
BD_immune05_12454,diploid,Tumor_epithelial_EMT,NMPR
BD_immune05_381810,diploid,Tumor_epithelial_EMT,NMPR
BD_immune05_66549,diploid,Tumor_epithelial_EMT,NMPR
BD_immune05_852011,diploid,Tumor_epithelial_EMT,NMPR
BD_immune05_203708,diploid,Tumor_epithelial_EMT,NMPR
BD_immune05_269761,diploid,Tumor_epithelial_EMT,NMPR
BD_immune05_752149,diploid,Tumor_epithelial_EMT,NMPR
BD_immune05_64928,diploid,Tumor_epithelial_EMT,NMPR
BD_immune05_361302,diploid,Tumor_epithelial_EMT,NMPR
BD_immune05_413805,diploid,Tumor_epithelial_EMT,NMPR
BD_immune05_526960,diploid,Tumor_epithelial_EMT,NMPR
BD_immune05_778214,diploid,Tumor_epithelial_EMT,NMPR
BD_immune05_790875,diploid,Tumor_epithelial_EMT,NMPR
BD_immune05_98193,diploid,Tumor_epithelial_EMT,NMPR
BD_immune05_162617,diploid,Tumor_epithelial_EMT,NMPR
BD_immune05_214752,diploid,Tumor_epithelial_EMT,NMPR
BD_immune05_235065,diploid,Tumor_epithelial_EMT,NMPR
BD_immune05_584725,diploid,Tumor_epithelial_EMT,NMPR
BD_immune05_258158,diploid,Tumor_epithelial_EMT,NMPR
BD_immune05_771504,diploid,Tumor_epithelial_EMT,NMPR
BD_immune05_425010,diploid,Tumor_epithelial_EMT,NMPR
BD_immune05_609515,diploid,Tumor_epithelial_EMT,NMPR
BD_immune05_80017,diploid,Tumor_epithelial_EMT,NMPR
BD_immune05_653260,diploid,Tumor_epithelial_EMT,NMPR
BD_immune05_379782,diploid,Tumor_epithelial_EMT,NMPR
BD_immune05_424762,diploid,Tumor_epithelial_EMT,NMPR
BD_immune05_140415,diploid,Tumor_epithelial_EMT,NMPR
BD_immune05_734962,diploid,Tumor_epithelial_EMT,NMPR
BD_immune05_105194,diploid,Tumor_epithelial_EMT,NMPR
BD_immune05_667515,diploid,Tumor_epithelial_EMT,NMPR
BD_immune05_149553,diploid,Tumor_epithelial_EMT,NMPR
BD_immune05_333788,diploid,Tumor_epithelial_EMT,NMPR
BD_immune05_720297,diploid,Tumor_epithelial_EMT,NMPR
BD_immune05_719760,diploid,Tumor_epithelial_EMT,NMPR
BD_immune05_762473,diploid,Tumor_epithelial_EMT,NMPR
BD_immune05_663671,diploid,Tumor_epithelial_EMT,NMPR
BD_immune05_665921,diploid,Tumor_epithelial_EMT,NMPR
BD_immune05_834074,diploid,Tumor_epithelial_EMT,NMPR
BD_immune05_411107,diploid,Tumor_epithelial_EMT,NMPR
BD_immune05_612426,diploid,Tumor_epithelial_EMT,NMPR
BD_immune05_439908,diploid,Tumor_epithelial_EMT,NMPR
BD_immune05_675778,diploid,Tumor_epithelial_EMT,NMPR
BD_immune05_370010,diploid,Tumor_epithelial_EMT,NMPR
BD_immune05_367236,diploid,Tumor_epithelial_EMT,NMPR
BD_immune05_466147,diploid,Tumor_epithelial_EMT,NMPR
BD_immune05_493867,diploid,Tumor_epithelial_EMT,NMPR
BD_immune05_2641,diploid,Tumor_epithelial_EMT,NMPR
BD_immune05_358679,diploid,Tumor_epithelial_EMT,NMPR
BD_immune05_655426,diploid,Tumor_epithelial_EMT,NMPR
BD_immune05_57513,diploid,Tumor_epithelial_EMT,NMPR
BD_immune05_130748,diploid,Tumor_epithelial_EMT,NMPR
BD_immune05_769611,diploid,Tumor_epithelial_EMT,NMPR
BD_immune05_33123,diploid,Tumor_epithelial_EMT,NMPR
BD_immune05_605746,diploid,Tumor_epithelial_EMT,NMPR
BD_immune05_859593,diploid,Tumor_epithelial_EMT,NMPR
BD_immune05_585956,diploid,Tumor_epithelial_EMT,NMPR
BD_immune05_268133,diploid,Tumor_epithelial_EMT,NMPR
BD_immune05_706611,diploid,Tumor_epithelial_EMT,NMPR
BD_immune05_777607,diploid,Tumor_epithelial_EMT,NMPR
BD_immune05_519507,diploid,Tumor_epithelial_EMT,NMPR
BD_immune05_777060,diploid,Tumor_epithelial_EMT,NMPR
BD_immune05_740073,diploid,Tumor_epithelial_EMT,NMPR
BD_immune05_815826,diploid,Tumor_epithelial_EMT,NMPR
BD_immune05_70081,diploid,Tumor_epithelial_EMT,NMPR
BD_immune05_457091,diploid,Tumor_epithelial_EMT,NMPR
BD_immune05_487913,diploid,Tumor_epithelial_EMT,NMPR
BD_immune05_145526,diploid,Tumor_epithelial_EMT,NMPR
BD_immune05_702624,diploid,Tumor_epithelial_EMT,NMPR
BD_immune05_65315,diploid,Tumor_epithelial_EMT,NMPR
BD_immune05_413747,diploid,Tumor_epithelial_EMT,NMPR
BD_immune05_618781,diploid,Tumor_epithelial_EMT,NMPR
BD_immune05_320697,diploid,Tumor_epithelial_EMT,NMPR
BD_immune05_817515,diploid,Tumor_epithelial_EMT,NMPR
BD_immune05_583413,diploid,Tumor_epithelial_EMT,NMPR
BD_immune05_827662,diploid,Tumor_epithelial_EMT,NMPR
BD_immune05_323936,diploid,Tumor_epithelial_EMT,NMPR
BD_immune05_269155,diploid,Tumor_epithelial_EMT,NMPR
BD_immune05_208721,diploid,Tumor_epithelial_EMT,NMPR
BD_immune05_435072,diploid,Tumor_epithelial_EMT,NMPR
BD_immune05_804888,diploid,Tumor_epithelial_EMT,NMPR
BD_immune05_864812,diploid,Tumor_epithelial_EMT,NMPR
BD_immune05_855879,diploid,Tumor_epithelial_EMT,NMPR
BD_immune05_865017,diploid,Tumor_epithelial_EMT,NMPR
BD_immune05_265746,diploid,Tumor_epithelial_EMT,NMPR
BD_immune05_144440,diploid,Tumor_epithelial_EMT,NMPR
BD_immune05_205530,diploid,Tumor_epithelial_EMT,NMPR
BD_immune05_311330,diploid,Tumor_epithelial_EMT,NMPR
BD_immune05_841520,diploid,Tumor_epithelial_EMT,NMPR
BD_immune05_97313,diploid,Tumor_epithelial_EMT,NMPR
BD_immune05_782120,diploid,Tumor_epithelial_EMT,NMPR
BD_immune05_97527,diploid,Tumor_epithelial_EMT,NMPR
BD_immune05_119942,diploid,Tumor_epithelial_EMT,NMPR
BD_immune05_398612,diploid,Tumor_epithelial_EMT,NMPR
BD_immune05_224633,diploid,Tumor_epithelial_EMT,NMPR
BD_immune05_341349,diploid,Tumor_epithelial_EMT,NMPR
BD_immune05_798101,diploid,Tumor_epithelial_EMT,NMPR
BD_immune05_281976,diploid,Tumor_epithelial_EMT,NMPR
BD_immune05_583823,diploid,Tumor_epithelial_EMT,NMPR
BD_immune05_48218,diploid,Tumor_epithelial_EMT,NMPR
BD_immune05_254225,diploid,Tumor_epithelial_EMT,NMPR
BD_immune05_379396,diploid,Tumor_epithelial_EMT,NMPR
BD_immune05_776755,diploid,Tumor_epithelial_EMT,NMPR
BD_immune05_883272,diploid,Tumor_epithelial_EMT,NMPR
BD_immune05_709055,diploid,Tumor_epithelial_EMT,NMPR
BD_immune05_494289,diploid,Tumor_epithelial_EMT,NMPR
BD_immune05_223896,diploid,Tumor_epithelial_EMT,NMPR
BD_immune05_506657,diploid,Tumor_epithelial_EMT,NMPR
BD_immune05_311950,diploid,Tumor_epithelial_EMT,NMPR
BD_immune05_818556,diploid,Tumor_epithelial_EMT,NMPR
BD_immune05_358583,diploid,Tumor_epithelial_EMT,NMPR
BD_immune05_501019,diploid,Tumor_epithelial_EMT,NMPR
BD_immune05_610755,diploid,Tumor_epithelial_EMT,NMPR
BD_immune05_752508,diploid,Tumor_epithelial_EMT,NMPR
BD_immune05_319196,diploid,Tumor_epithelial_EMT,NMPR
BD_immune05_313887,diploid,Tumor_epithelial_EMT,NMPR
BD_immune05_722070,diploid,Tumor_epithelial_EMT,NMPR
BD_immune05_606,diploid,Tumor_epithelial_EMT,NMPR
BD_immune05_549328,diploid,Tumor_epithelial_EMT,NMPR
BD_immune05_66698,diploid,Tumor_epithelial_EMT,NMPR
BD_immune05_722056,diploid,Tumor_epithelial_EMT,NMPR
BD_immune05_550541,diploid,Tumor_epithelial_EMT,NMPR
BD_immune05_17405,diploid,Tumor_epithelial_EMT,NMPR
BD_immune05_858345,diploid,Tumor_epithelial_EMT,NMPR
BD_immune05_274077,diploid,Tumor_epithelial_EMT,NMPR
BD_immune05_671715,diploid,Tumor_epithelial_EMT,NMPR
BD_immune05_396787,diploid,Tumor_epithelial_EMT,NMPR
BD_immune05_646273,diploid,Tumor_epithelial_EMT,NMPR
BD_immune05_113957,diploid,Tumor_epithelial_EMT,NMPR
BD_immune05_312331,diploid,Tumor_epithelial_EMT,NMPR
BD_immune05_786754,diploid,Tumor_epithelial_EMT,NMPR
BD_immune05_23443,diploid,Tumor_epithelial_EMT,NMPR
BD_immune05_497579,diploid,Tumor_epithelial_EMT,NMPR
BD_immune05_318120,diploid,Tumor_epithelial_EMT,NMPR
BD_immune05_217809,diploid,Tumor_epithelial_EMT,NMPR
BD_immune05_845582,diploid,Tumor_epithelial_EMT,NMPR
BD_immune05_652026,diploid,Tumor_epithelial_EMT,NMPR
BD_immune05_758924,diploid,Tumor_epithelial_EMT,NMPR
BD_immune05_183089,diploid,Tumor_epithelial_EMT,NMPR
BD_immune05_25321,diploid,Tumor_epithelial_EMT,NMPR
BD_immune05_811047,diploid,Tumor_epithelial_EMT,NMPR
BD_immune05_799347,diploid,Tumor_epithelial_EMT,NMPR
BD_immune05_764376,diploid,Tumor_epithelial_EMT,NMPR
BD_immune05_782981,diploid,Tumor_epithelial_EMT,NMPR
BD_immune05_174218,diploid,Tumor_epithelial_EMT,NMPR
BD_immune05_11097,diploid,Tumor_epithelial_EMT,NMPR
BD_immune05_403611,diploid,Tumor_epithelial_EMT,NMPR
BD_immune05_537893,diploid,Tumor_epithelial_EMT,NMPR
BD_immune05_504665,diploid,Tumor_epithelial_EMT,NMPR
BD_immune05_617783,diploid,Tumor_epithelial_EMT,NMPR
BD_immune05_438537,diploid,Tumor_epithelial_EMT,NMPR
BD_immune05_592248,diploid,Tumor_epithelial_EMT,NMPR
BD_immune05_163692,diploid,Tumor_epithelial_EMT,NMPR
BD_immune05_848352,diploid,Tumor_epithelial_EMT,NMPR
BD_immune05_236789,diploid,Tumor_epithelial_EMT,NMPR
BD_immune05_860119,diploid,Tumor_epithelial_EMT,NMPR
BD_immune05_110755,diploid,Tumor_epithelial_EMT,NMPR
BD_immune05_242540,diploid,Tumor_epithelial_EMT,NMPR
BD_immune05_713195,diploid,Tumor_epithelial_EMT,NMPR
BD_immune05_445976,diploid,Tumor_epithelial_EMT,NMPR
BD_immune05_708673,diploid,Tumor_epithelial_EMT,NMPR
BD_immune05_129540,diploid,Tumor_epithelial_EMT,NMPR
BD_immune05_286486,diploid,Tumor_epithelial_EMT,NMPR
BD_immune05_747010,diploid,Tumor_epithelial_EMT,NMPR
BD_immune05_865500,diploid,Tumor_epithelial_EMT,NMPR
BD_immune05_881733,diploid,Tumor_epithelial_EMT,NMPR
BD_immune05_759693,diploid,Tumor_epithelial_EMT,NMPR
BD_immune05_296647,diploid,Tumor_epithelial_EMT,NMPR
BD_immune05_729252,diploid,Tumor_epithelial_EMT,NMPR
BD_immune05_198682,diploid,Tumor_epithelial_EMT,NMPR
BD_immune05_689802,diploid,Tumor_epithelial_EMT,NMPR
BD_immune05_731665,diploid,Tumor_epithelial_EMT,NMPR
BD_immune05_728176,diploid,Tumor_epithelial_EMT,NMPR
BD_immune05_116698,diploid,Tumor_epithelial_EMT,NMPR
BD_immune05_93198,diploid,Tumor_epithelial_EMT,NMPR
BD_immune05_365084,diploid,Tumor_epithelial_EMT,NMPR
BD_immune05_826160,diploid,Tumor_epithelial_EMT,NMPR
BD_immune05_780529,diploid,Tumor_epithelial_EMT,NMPR
BD_immune05_805492,diploid,Tumor_epithelial_EMT,NMPR
BD_immune05_770832,diploid,Tumor_epithelial_EMT,NMPR
BD_immune05_225084,diploid,Tumor_epithelial_EMT,NMPR
BD_immune05_65029,diploid,Tumor_epithelial_EMT,NMPR
BD_immune05_686290,diploid,Tumor_epithelial_EMT,NMPR
BD_immune05_152146,diploid,Tumor_epithelial_EMT,NMPR
BD_immune05_169915,diploid,Tumor_epithelial_EMT,NMPR
BD_immune05_441808,diploid,Tumor_epithelial_EMT,NMPR
BD_immune05_873307,diploid,Tumor_epithelial_EMT,NMPR
BD_immune05_852747,diploid,Tumor_epithelial_EMT,NMPR
BD_immune05_524488,diploid,Tumor_epithelial_EMT,NMPR
BD_immune05_298562,diploid,Tumor_epithelial_EMT,NMPR
BD_immune05_875017,diploid,Tumor_epithelial_EMT,NMPR
BD_immune05_708151,diploid,Tumor_epithelial_EMT,NMPR
BD_immune05_833065,diploid,Tumor_epithelial_EMT,NMPR
BD_immune05_450112,diploid,Tumor_epithelial_EMT,NMPR
BD_immune05_553484,diploid,Tumor_epithelial_EMT,NMPR
BD_immune05_583095,diploid,Tumor_epithelial_EMT,NMPR
BD_immune05_408858,diploid,Tumor_epithelial_EMT,NMPR
BD_immune05_880227,diploid,Tumor_epithelial_EMT,NMPR
BD_immune05_769542,diploid,Tumor_epithelial_EMT,NMPR
BD_immune05_16136,diploid,Tumor_epithelial_EMT,NMPR
BD_immune05_629920,diploid,Tumor_epithelial_EMT,NMPR
BD_immune05_827897,diploid,Tumor_epithelial_EMT,NMPR
BD_immune05_689853,diploid,Tumor_epithelial_EMT,NMPR
BD_immune05_758375,diploid,Tumor_epithelial_EMT,NMPR
BD_immune05_318967,diploid,Tumor_epithelial_EMT,NMPR
BD_immune05_489537,diploid,Tumor_epithelial_EMT,NMPR
BD_immune05_228811,diploid,Tumor_epithelial_EMT,NMPR
BD_immune05_109515,diploid,Tumor_epithelial_EMT,NMPR
BD_immune05_809570,diploid,Tumor_epithelial_EMT,NMPR
BD_immune05_371026,diploid,Tumor_epithelial_EMT,NMPR
BD_immune05_141585,diploid,Tumor_epithelial_EMT,NMPR
BD_immune05_122765,diploid,Tumor_epithelial_EMT,NMPR
BD_immune05_609454,diploid,Tumor_epithelial_EMT,NMPR
BD_immune05_171593,diploid,Tumor_epithelial_EMT,NMPR
BD_immune05_252272,diploid,Tumor_epithelial_EMT,NMPR
BD_immune05_562703,diploid,Tumor_epithelial_EMT,NMPR
BD_immune05_835667,diploid,Tumor_epithelial_EMT,NMPR
BD_immune05_495441,diploid,Tumor_epithelial_EMT,NMPR
BD_immune05_743822,diploid,Tumor_epithelial_EMT,NMPR
BD_immune05_752689,diploid,Tumor_epithelial_EMT,NMPR
BD_immune05_54186,diploid,Tumor_epithelial_EMT,NMPR
BD_immune05_421886,diploid,Tumor_epithelial_EMT,NMPR
BD_immune05_868268,diploid,Tumor_epithelial_EMT,NMPR
BD_immune05_515371,diploid,Tumor_epithelial_EMT,NMPR
BD_immune05_874261,diploid,Tumor_epithelial_EMT,NMPR
BD_immune05_669257,diploid,Tumor_epithelial_EMT,NMPR
BD_immune05_871766,diploid,Tumor_epithelial_EMT,NMPR
BD_immune05_60789,diploid,Tumor_epithelial_EMT,NMPR
BD_immune05_565498,diploid,Tumor_epithelial_EMT,NMPR
BD_immune05_682846,diploid,Tumor_epithelial_EMT,NMPR
BD_immune05_348363,diploid,Tumor_epithelial_EMT,NMPR
BD_immune05_172186,diploid,Tumor_epithelial_EMT,NMPR
BD_immune05_728079,diploid,Tumor_epithelial_EMT,NMPR
BD_immune05_170399,diploid,Tumor_epithelial_EMT,NMPR
BD_immune05_591519,diploid,Tumor_epithelial_EMT,NMPR
BD_immune05_384262,diploid,Tumor_epithelial_EMT,NMPR
BD_immune05_193929,diploid,Tumor_epithelial_EMT,NMPR
BD_immune05_468725,diploid,Tumor_epithelial_EMT,NMPR
BD_immune05_840459,diploid,Tumor_epithelial_EMT,NMPR
BD_immune05_757798,diploid,Tumor_epithelial_EMT,NMPR
BD_immune05_410279,diploid,Tumor_epithelial_EMT,NMPR
BD_immune05_147524,diploid,Tumor_epithelial_EMT,NMPR
BD_immune05_19005,diploid,Tumor_epithelial_EMT,NMPR
BD_immune05_203619,diploid,Tumor_epithelial_EMT,NMPR
BD_immune05_649143,diploid,Tumor_epithelial_EMT,NMPR
BD_immune05_85286,diploid,Tumor_epithelial_EMT,NMPR
BD_immune05_2841,diploid,Tumor_epithelial_EMT,NMPR
BD_immune05_130082,diploid,Tumor_epithelial_EMT,NMPR
BD_immune05_707176,diploid,Tumor_epithelial_EMT,NMPR
BD_immune05_722932,diploid,Tumor_epithelial_EMT,NMPR
BD_immune05_839827,diploid,Tumor_epithelial_EMT,NMPR
BD_immune05_176877,diploid,Tumor_epithelial_EMT,NMPR
BD_immune05_68825,diploid,Tumor_epithelial_EMT,NMPR
BD_immune05_559746,diploid,Tumor_epithelial_EMT,NMPR
BD_immune05_559083,diploid,Tumor_epithelial_EMT,NMPR
BD_immune05_616496,diploid,Tumor_epithelial_EMT,NMPR
BD_immune05_755697,diploid,Tumor_epithelial_EMT,NMPR
BD_immune05_243382,diploid,Tumor_epithelial_EMT,NMPR
BD_immune05_759718,diploid,Tumor_epithelial_EMT,NMPR
BD_immune05_646693,diploid,Tumor_epithelial_EMT,NMPR
BD_immune05_591098,diploid,Tumor_epithelial_EMT,NMPR
BD_immune05_1141,diploid,Tumor_epithelial_EMT,NMPR
BD_immune05_576582,diploid,Tumor_epithelial_EMT,NMPR
BD_immune05_538936,diploid,Tumor_epithelial_EMT,NMPR
BD_immune05_668426,diploid,Tumor_epithelial_EMT,NMPR
BD_immune05_359984,diploid,Tumor_epithelial_EMT,NMPR
BD_immune05_726306,diploid,Tumor_epithelial_EMT,NMPR
BD_immune05_339269,diploid,Tumor_epithelial_EMT,NMPR
BD_immune05_795873,diploid,Tumor_epithelial_EMT,NMPR
BD_immune05_730820,diploid,Tumor_epithelial_EMT,NMPR
BD_immune05_258526,diploid,Tumor_epithelial_EMT,NMPR
BD_immune05_41995,diploid,Tumor_epithelial_EMT,NMPR
BD_immune05_273849,diploid,Tumor_epithelial_EMT,NMPR
BD_immune05_196924,diploid,Tumor_epithelial_EMT,NMPR
BD_immune05_871127,diploid,Tumor_epithelial_EMT,NMPR
BD_immune05_213427,diploid,Tumor_epithelial_EMT,NMPR
BD_immune05_614929,diploid,Tumor_epithelial_EMT,NMPR
BD_immune05_176160,diploid,Tumor_epithelial_EMT,NMPR
BD_immune05_773452,diploid,Tumor_epithelial_EMT,NMPR
BD_immune05_466338,diploid,Tumor_epithelial_EMT,NMPR
BD_immune05_488713,diploid,Tumor_epithelial_EMT,NMPR
BD_immune05_865426,diploid,Tumor_epithelial_EMT,NMPR
BD_immune05_723327,diploid,Tumor_epithelial_EMT,NMPR
BD_immune05_587262,diploid,Tumor_epithelial_EMT,NMPR
BD_immune05_835950,diploid,Tumor_epithelial_EMT,NMPR
BD_immune05_73240,diploid,Tumor_epithelial_EMT,NMPR
BD_immune05_8868,diploid,Tumor_epithelial_EMT,NMPR
BD_immune05_486677,diploid,Tumor_epithelial_EMT,NMPR
BD_immune05_84751,diploid,Tumor_epithelial_EMT,NMPR
BD_immune05_695966,diploid,Tumor_epithelial_EMT,NMPR
BD_immune05_122968,diploid,Tumor_epithelial_EMT,NMPR
BD_immune05_126670,diploid,Tumor_epithelial_EMT,NMPR
BD_immune05_213830,diploid,Tumor_epithelial_EMT,NMPR
BD_immune05_103282,diploid,Tumor_epithelial_EMT,NMPR
BD_immune05_213329,diploid,Tumor_epithelial_EMT,NMPR
BD_immune05_483680,diploid,Tumor_epithelial_EMT,NMPR
BD_immune05_150469,diploid,Tumor_epithelial_EMT,NMPR
BD_immune05_278271,diploid,Tumor_epithelial_EMT,NMPR
BD_immune05_13833,diploid,Tumor_epithelial_EMT,NMPR
BD_immune05_418693,diploid,Tumor_epithelial_EMT,NMPR
BD_immune05_120337,diploid,Tumor_epithelial_EMT,NMPR
BD_immune05_699139,diploid,Tumor_epithelial_EMT,NMPR
BD_immune05_241599,diploid,Tumor_epithelial_EMT,NMPR
BD_immune05_311440,diploid,Tumor_epithelial_EMT,NMPR
BD_immune05_692314,diploid,Tumor_epithelial_EMT,NMPR
BD_immune05_737167,diploid,Tumor_epithelial_EMT,NMPR
BD_immune05_120270,diploid,Tumor_epithelial_EMT,NMPR
BD_immune05_627090,diploid,Tumor_epithelial_EMT,NMPR
BD_immune05_781542,diploid,Tumor_epithelial_EMT,NMPR
BD_immune05_167424,diploid,Tumor_epithelial_EMT,NMPR
BD_immune05_320521,diploid,Tumor_epithelial_EMT,NMPR
BD_immune05_75742,diploid,Tumor_epithelial_EMT,NMPR
BD_immune05_734897,diploid,Tumor_epithelial_EMT,NMPR
BD_immune05_187281,diploid,Tumor_epithelial_EMT,NMPR
BD_immune05_847441,diploid,Tumor_epithelial_EMT,NMPR
BD_immune05_764571,diploid,Tumor_epithelial_EMT,NMPR
BD_immune05_73578,diploid,Tumor_epithelial_EMT,NMPR
BD_immune05_448966,diploid,Tumor_epithelial_EMT,NMPR
BD_immune05_400784,diploid,Tumor_epithelial_EMT,NMPR
BD_immune05_711111,diploid,Tumor_epithelial_EMT,NMPR
BD_immune05_120306,diploid,Tumor_epithelial_EMT,NMPR
BD_immune05_596956,diploid,Tumor_epithelial_EMT,NMPR
BD_immune05_828669,diploid,Tumor_epithelial_EMT,NMPR
BD_immune05_607771,diploid,Tumor_epithelial_EMT,NMPR
BD_immune05_209315,diploid,Tumor_epithelial_EMT,NMPR
BD_immune05_304841,diploid,Tumor_epithelial_EMT,NMPR
BD_immune05_776717,diploid,Tumor_epithelial_EMT,NMPR
BD_immune05_497384,diploid,Tumor_epithelial_EMT,NMPR
BD_immune05_485031,diploid,Tumor_epithelial_EMT,NMPR
BD_immune05_298741,diploid,Tumor_epithelial_EMT,NMPR
BD_immune05_123694,diploid,Tumor_epithelial_EMT,NMPR
BD_immune05_554554,diploid,Tumor_epithelial_EMT,NMPR
BD_immune05_86144,diploid,Tumor_epithelial_EMT,NMPR
BD_immune05_400789,diploid,Tumor_epithelial_EMT,NMPR
BD_immune05_412616,diploid,Tumor_epithelial_EMT,NMPR
BD_immune05_606659,diploid,Tumor_epithelial_EMT,NMPR
BD_immune05_753121,diploid,Tumor_epithelial_EMT,NMPR
BD_immune05_580395,diploid,Tumor_epithelial_EMT,NMPR
BD_immune05_261839,diploid,Tumor_epithelial_EMT,NMPR
BD_immune05_689022,diploid,Tumor_epithelial_EMT,NMPR
BD_immune05_43764,diploid,Tumor_epithelial_EMT,NMPR
BD_immune05_720028,diploid,Tumor_epithelial_EMT,NMPR
BD_immune05_863181,diploid,Tumor_epithelial_EMT,NMPR
BD_immune05_579881,diploid,Tumor_epithelial_EMT,NMPR
BD_immune05_117715,diploid,Tumor_epithelial_EMT,NMPR
BD_immune05_569167,diploid,Tumor_epithelial_EMT,NMPR
BD_immune05_106042,diploid,Tumor_epithelial_EMT,NMPR
BD_immune05_196180,diploid,Tumor_epithelial_EMT,NMPR
BD_immune05_15948,diploid,Tumor_epithelial_EMT,NMPR
BD_immune05_604974,diploid,Tumor_epithelial_EMT,NMPR
BD_immune05_40341,diploid,Tumor_epithelial_EMT,NMPR
BD_immune05_615696,diploid,Tumor_epithelial_EMT,NMPR
BD_immune05_267900,diploid,Tumor_epithelial_EMT,NMPR
BD_immune05_402481,diploid,Tumor_epithelial_EMT,NMPR
BD_immune05_260714,diploid,Tumor_epithelial_EMT,NMPR
BD_immune05_590510,diploid,Tumor_epithelial_EMT,NMPR
BD_immune05_816243,diploid,Tumor_epithelial_EMT,NMPR
BD_immune05_845085,diploid,Tumor_epithelial_EMT,NMPR
BD_immune05_543725,diploid,Tumor_epithelial_EMT,NMPR
BD_immune05_267614,diploid,Tumor_epithelial_EMT,NMPR
BD_immune05_116946,diploid,Tumor_epithelial_EMT,NMPR
BD_immune05_406080,diploid,Tumor_epithelial_EMT,NMPR
BD_immune05_145310,diploid,Tumor_epithelial_EMT,NMPR
BD_immune05_617954,diploid,Tumor_epithelial_EMT,NMPR
BD_immune05_278796,diploid,Tumor_epithelial_EMT,NMPR
BD_immune05_518104,diploid,Tumor_epithelial_EMT,NMPR
BD_immune05_365618,diploid,Tumor_epithelial_EMT,NMPR
BD_immune05_151699,diploid,Tumor_epithelial_EMT,NMPR
BD_immune05_6547,diploid,Tumor_epithelial_EMT,NMPR
BD_immune05_240480,diploid,Tumor_epithelial_EMT,NMPR
BD_immune05_580172,diploid,Tumor_epithelial_EMT,NMPR
BD_immune05_86396,diploid,Tumor_epithelial_EMT,NMPR
BD_immune05_173413,diploid,Tumor_epithelial_EMT,NMPR
BD_immune05_463463,diploid,Tumor_epithelial_EMT,NMPR
BD_immune05_560869,diploid,Tumor_epithelial_EMT,NMPR
BD_immune05_582732,diploid,Tumor_epithelial_EMT,NMPR
BD_immune05_63774,diploid,Tumor_epithelial_EMT,NMPR
BD_immune05_587282,diploid,Tumor_epithelial_EMT,NMPR
BD_immune05_275267,diploid,Tumor_epithelial_EMT,NMPR
BD_immune05_114067,diploid,Tumor_epithelial_EMT,NMPR
BD_immune05_368150,diploid,Tumor_epithelial_EMT,NMPR
BD_immune05_259826,diploid,Tumor_epithelial_EMT,NMPR
BD_immune05_703901,diploid,Tumor_epithelial_EMT,NMPR
BD_immune05_87379,diploid,Tumor_epithelial_EMT,NMPR
BD_immune05_256645,diploid,Tumor_epithelial_EMT,NMPR
BD_immune05_48207,diploid,Tumor_epithelial_EMT,NMPR
BD_immune05_825025,diploid,Tumor_epithelial_EMT,NMPR
BD_immune05_782161,diploid,Tumor_epithelial_EMT,NMPR
BD_immune05_845631,diploid,Tumor_epithelial_EMT,NMPR
BD_immune05_90532,diploid,Tumor_epithelial_EMT,NMPR
BD_immune05_82710,diploid,Tumor_epithelial_EMT,NMPR
BD_immune05_125087,diploid,Tumor_epithelial_EMT,NMPR
BD_immune05_20023,diploid,Tumor_epithelial_EMT,NMPR
BD_immune05_524227,diploid,Tumor_epithelial_EMT,NMPR
BD_immune05_593460,diploid,Tumor_epithelial_EMT,NMPR
BD_immune05_418559,diploid,Tumor_epithelial_EMT,NMPR
BD_immune05_81351,diploid,Tumor_epithelial_EMT,NMPR
BD_immune05_484728,diploid,Tumor_epithelial_EMT,NMPR
BD_immune05_577591,diploid,Tumor_epithelial_EMT,NMPR
BD_immune05_202969,diploid,Tumor_epithelial_EMT,NMPR
BD_immune05_671856,diploid,Tumor_epithelial_EMT,NMPR
BD_immune05_10746,diploid,Tumor_epithelial_EMT,NMPR
BD_immune05_35211,diploid,Tumor_epithelial_EMT,NMPR
BD_immune05_142647,diploid,Tumor_epithelial_EMT,NMPR
BD_immune05_499763,diploid,Tumor_epithelial_EMT,NMPR
BD_immune05_157257,diploid,Tumor_epithelial_EMT,NMPR
BD_immune05_177540,diploid,Tumor_epithelial_EMT,NMPR
BD_immune05_358529,diploid,Tumor_epithelial_EMT,NMPR
BD_immune05_437003,diploid,Tumor_epithelial_EMT,NMPR
BD_immune05_781775,diploid,Tumor_epithelial_EMT,NMPR
BD_immune05_550698,diploid,Tumor_epithelial_EMT,NMPR
BD_immune05_239336,diploid,Tumor_epithelial_EMT,NMPR
BD_immune05_225629,diploid,Tumor_epithelial_EMT,NMPR
BD_immune05_733410,diploid,Tumor_epithelial_EMT,NMPR
BD_immune05_18326,diploid,Tumor_epithelial_EMT,NMPR
BD_immune05_15532,diploid,Tumor_epithelial_EMT,NMPR
BD_immune05_149833,diploid,Tumor_epithelial_EMT,NMPR
BD_immune05_820201,diploid,Tumor_epithelial_EMT,NMPR
BD_immune05_350786,diploid,Tumor_epithelial_EMT,NMPR
BD_immune05_569452,diploid,Tumor_epithelial_EMT,NMPR
BD_immune05_24104,diploid,Tumor_epithelial_EMT,NMPR
BD_immune05_571024,diploid,Tumor_epithelial_EMT,NMPR
BD_immune05_781512,diploid,Tumor_epithelial_EMT,NMPR
BD_immune05_161392,diploid,Tumor_epithelial_EMT,NMPR
BD_immune05_592225,diploid,Tumor_epithelial_EMT,NMPR
BD_immune05_333266,diploid,Tumor_epithelial_EMT,NMPR
BD_immune05_81789,diploid,Tumor_epithelial_EMT,NMPR
BD_immune05_610660,diploid,Tumor_epithelial_EMT,NMPR
BD_immune05_706598,diploid,Tumor_epithelial_EMT,NMPR
BD_immune05_433559,diploid,Tumor_epithelial_EMT,NMPR
BD_immune05_774067,diploid,Tumor_epithelial_EMT,NMPR
BD_immune05_412372,diploid,Tumor_epithelial_EMT,NMPR
BD_immune05_258178,diploid,Tumor_epithelial_EMT,NMPR
BD_immune05_711515,diploid,Tumor_epithelial_EMT,NMPR
BD_immune05_541181,diploid,Tumor_epithelial_EMT,NMPR
BD_immune05_20270,diploid,Tumor_epithelial_EMT,NMPR
BD_immune05_205459,diploid,Tumor_epithelial_EMT,NMPR
BD_immune05_27015,diploid,Tumor_epithelial_EMT,NMPR
BD_immune05_794973,diploid,Tumor_epithelial_EMT,NMPR
BD_immune05_518014,diploid,Tumor_epithelial_EMT,NMPR
BD_immune05_705964,diploid,Tumor_epithelial_EMT,NMPR
BD_immune05_708462,diploid,Tumor_epithelial_EMT,NMPR
BD_immune05_379887,diploid,Tumor_epithelial_EMT,NMPR
BD_immune05_622454,diploid,Tumor_epithelial_EMT,NMPR
BD_immune05_273094,diploid,Tumor_epithelial_EMT,NMPR
BD_immune05_182611,diploid,Tumor_epithelial_EMT,NMPR
BD_immune05_68274,diploid,Tumor_epithelial_EMT,NMPR
BD_immune05_798236,diploid,Tumor_epithelial_EMT,NMPR
BD_immune05_364197,diploid,Tumor_epithelial_EMT,NMPR
BD_immune05_806118,diploid,Tumor_epithelial_EMT,NMPR
BD_immune05_577415,diploid,Tumor_epithelial_EMT,NMPR
BD_immune05_321514,diploid,Tumor_epithelial_EMT,NMPR
BD_immune05_595985,diploid,Tumor_epithelial_EMT,NMPR
BD_immune05_40147,diploid,Tumor_epithelial_EMT,NMPR
BD_immune05_775741,diploid,Tumor_epithelial_EMT,NMPR
BD_immune05_576612,diploid,Tumor_epithelial_EMT,NMPR
BD_immune05_455021,diploid,Tumor_epithelial_EMT,NMPR
BD_immune05_169930,diploid,Tumor_epithelial_EMT,NMPR
BD_immune05_340423,diploid,Tumor_epithelial_EMT,NMPR
BD_immune05_329336,diploid,Tumor_epithelial_EMT,NMPR
BD_immune05_463992,diploid,Tumor_epithelial_EMT,NMPR
BD_immune05_384481,diploid,Tumor_epithelial_EMT,NMPR
BD_immune05_564810,diploid,Tumor_epithelial_EMT,NMPR
BD_immune05_191867,diploid,Tumor_epithelial_EMT,NMPR
BD_immune05_129358,diploid,Tumor_epithelial_EMT,NMPR
BD_immune05_638351,diploid,Tumor_epithelial_EMT,NMPR
BD_immune05_740978,diploid,Tumor_epithelial_EMT,NMPR
BD_immune05_382810,diploid,Tumor_epithelial_EMT,NMPR
BD_immune05_568255,diploid,Tumor_epithelial_EMT,NMPR
BD_immune05_277113,diploid,Tumor_epithelial_EMT,NMPR
BD_immune05_588934,diploid,Tumor_epithelial_EMT,NMPR
BD_immune05_460082,diploid,Tumor_epithelial_EMT,NMPR
BD_immune05_431405,diploid,Tumor_epithelial_EMT,NMPR
BD_immune05_222816,diploid,Tumor_epithelial_EMT,NMPR
BD_immune05_94823,diploid,Tumor_epithelial_EMT,NMPR
BD_immune05_757791,diploid,Tumor_epithelial_EMT,NMPR
BD_immune05_640453,diploid,Tumor_epithelial_EMT,NMPR
BD_immune05_314652,diploid,Tumor_epithelial_EMT,NMPR
BD_immune05_586029,diploid,Tumor_epithelial_EMT,NMPR
BD_immune05_831263,diploid,Tumor_epithelial_EMT,NMPR
BD_immune05_834605,diploid,Tumor_epithelial_EMT,NMPR
BD_immune05_128140,diploid,Tumor_epithelial_EMT,NMPR
BD_immune05_210437,diploid,Tumor_epithelial_EMT,NMPR
BD_immune05_266215,diploid,Tumor_epithelial_EMT,NMPR
BD_immune05_375597,diploid,Tumor_epithelial_EMT,NMPR
BD_immune05_442367,diploid,Tumor_epithelial_EMT,NMPR
BD_immune05_820711,diploid,Tumor_epithelial_EMT,NMPR
BD_immune05_20465,diploid,Tumor_epithelial_EMT,NMPR
BD_immune05_55926,diploid,Tumor_epithelial_EMT,NMPR
BD_immune05_724286,diploid,Tumor_epithelial_EMT,NMPR
BD_immune05_511086,diploid,Tumor_epithelial_EMT,NMPR
BD_immune05_95039,diploid,Tumor_epithelial_EMT,NMPR
BD_immune05_792953,diploid,Tumor_epithelial_EMT,NMPR
BD_immune05_62737,diploid,Tumor_epithelial_EMT,NMPR
BD_immune05_54036,diploid,Tumor_epithelial_EMT,NMPR
BD_immune05_455819,diploid,Tumor_epithelial_EMT,NMPR
BD_immune05_602329,diploid,Tumor_epithelial_EMT,NMPR
BD_immune05_32142,diploid,Tumor_epithelial_EMT,NMPR
BD_immune05_48158,diploid,Tumor_epithelial_EMT,NMPR
BD_immune05_43403,diploid,Tumor_epithelial_EMT,NMPR
BD_immune05_800042,diploid,Tumor_epithelial_EMT,NMPR
BD_immune05_737378,diploid,Tumor_epithelial_EMT,NMPR
BD_immune05_845161,diploid,Tumor_epithelial_EMT,NMPR
BD_immune05_580819,diploid,Tumor_epithelial_EMT,NMPR
BD_immune05_618761,diploid,Tumor_epithelial_EMT,NMPR
BD_immune05_20945,diploid,Tumor_epithelial_EMT,NMPR
BD_immune05_277525,diploid,Tumor_epithelial_EMT,NMPR
BD_immune05_49585,diploid,Tumor_epithelial_EMT,NMPR
BD_immune05_465344,diploid,Tumor_epithelial_EMT,NMPR
BD_immune05_449932,diploid,Tumor_epithelial_EMT,NMPR
BD_immune05_564749,diploid,Tumor_epithelial_EMT,NMPR
BD_immune05_479305,diploid,Tumor_epithelial_EMT,NMPR
BD_immune05_301414,diploid,Tumor_epithelial_EMT,NMPR
BD_immune05_527250,diploid,Tumor_epithelial_EMT,NMPR
BD_immune05_853164,diploid,Tumor_epithelial_EMT,NMPR
BD_immune05_255724,diploid,Tumor_epithelial_EMT,NMPR
BD_immune05_682046,diploid,Tumor_epithelial_EMT,NMPR
BD_immune05_64563,diploid,Tumor_epithelial_EMT,NMPR
BD_immune05_5462,diploid,Tumor_epithelial_EMT,NMPR
BD_immune05_34071,diploid,Tumor_epithelial_EMT,NMPR
BD_immune05_135574,diploid,Tumor_epithelial_EMT,NMPR
BD_immune05_605659,diploid,Tumor_epithelial_EMT,NMPR
BD_immune05_337410,diploid,Tumor_epithelial_EMT,NMPR
BD_immune05_532302,diploid,Tumor_epithelial_EMT,NMPR
BD_immune05_349797,diploid,Tumor_epithelial_EMT,NMPR
BD_immune05_638076,diploid,Tumor_epithelial_EMT,NMPR
BD_immune05_290085,diploid,Tumor_epithelial_EMT,NMPR
BD_immune05_79372,diploid,Tumor_epithelial_EMT,NMPR
BD_immune05_522090,diploid,Tumor_epithelial_EMT,NMPR
BD_immune05_660396,diploid,Tumor_epithelial_EMT,NMPR
BD_immune05_764721,diploid,Tumor_epithelial_EMT,NMPR
BD_immune05_823800,diploid,Tumor_epithelial_EMT,NMPR
BD_immune05_261241,diploid,Tumor_epithelial_EMT,NMPR
BD_immune05_274384,diploid,Tumor_epithelial_EMT,NMPR
BD_immune05_653482,diploid,Tumor_epithelial_EMT,NMPR
BD_immune05_621513,diploid,Tumor_epithelial_EMT,NMPR
BD_immune05_153532,diploid,Tumor_epithelial_EMT,NMPR
BD_immune05_513976,diploid,Tumor_epithelial_EMT,NMPR
BD_immune05_742832,diploid,Tumor_epithelial_EMT,NMPR
BD_immune05_883687,diploid,Tumor_epithelial_EMT,NMPR
BD_immune05_567714,diploid,Tumor_epithelial_EMT,NMPR
BD_immune05_207236,diploid,Tumor_epithelial_EMT,NMPR
BD_immune05_322278,diploid,Tumor_epithelial_EMT,NMPR
BD_immune05_765356,diploid,Tumor_epithelial_EMT,NMPR
BD_immune05_797661,diploid,Tumor_epithelial_EMT,NMPR
BD_immune05_665467,diploid,Tumor_epithelial_EMT,NMPR
BD_immune05_64000,diploid,Tumor_epithelial_EMT,NMPR
BD_immune05_484194,diploid,Tumor_epithelial_EMT,NMPR
BD_immune05_115073,diploid,Tumor_epithelial_EMT,NMPR
BD_immune05_765312,diploid,Tumor_epithelial_EMT,NMPR
BD_immune05_82547,diploid,Tumor_epithelial_EMT,NMPR
BD_immune05_763272,diploid,Tumor_epithelial_EMT,NMPR
BD_immune05_268619,diploid,Tumor_epithelial_EMT,NMPR
BD_immune05_352968,diploid,Tumor_epithelial_EMT,NMPR
BD_immune05_129330,diploid,Tumor_epithelial_EMT,NMPR
BD_immune05_6111,diploid,Tumor_epithelial_EMT,NMPR
BD_immune05_608560,diploid,Tumor_epithelial_EMT,NMPR
BD_immune05_265376,diploid,Tumor_epithelial_EMT,NMPR
BD_immune05_80063,diploid,Tumor_epithelial_EMT,NMPR
BD_immune05_21500,diploid,Tumor_epithelial_EMT,NMPR
BD_immune05_571105,diploid,Tumor_epithelial_EMT,NMPR
BD_immune05_136971,diploid,Tumor_epithelial_EMT,NMPR
BD_immune05_685179,diploid,Tumor_epithelial_EMT,NMPR
BD_immune05_213528,diploid,Tumor_epithelial_EMT,NMPR
BD_immune05_101978,diploid,Tumor_epithelial_EMT,NMPR
BD_immune05_409227,diploid,Tumor_epithelial_EMT,NMPR
BD_immune05_59826,diploid,Tumor_epithelial_EMT,NMPR
BD_immune11_78177,diploid,Tumor_epithelial_EMT,NMPR
BD_immune11_127184,diploid,Tumor_epithelial_EMT,NMPR
BD_immune11_465550,diploid,Tumor_epithelial_EMT,NMPR
BD_immune11_129854,diploid,Tumor_epithelial_EMT,NMPR
BD_immune11_655868,diploid,Tumor_epithelial_EMT,NMPR
BD_immune11_741571,diploid,Tumor_epithelial_EMT,NMPR
BD_immune11_594514,diploid,Tumor_epithelial_EMT,NMPR
BD_immune11_430145,diploid,Tumor_epithelial_EMT,NMPR
BD_immune11_714781,diploid,Tumor_epithelial_EMT,NMPR
BD_immune11_517070,diploid,Tumor_epithelial_EMT,NMPR
BD_immune11_435036,diploid,Tumor_epithelial_EMT,NMPR
BD_immune11_585794,diploid,Tumor_epithelial_EMT,NMPR
BD_immune11_387986,diploid,Tumor_epithelial_EMT,NMPR
BD_immune11_585313,diploid,Tumor_epithelial_EMT,NMPR
BD_immune11_851522,diploid,Tumor_epithelial_EMT,NMPR
BD_immune11_111584,diploid,Tumor_epithelial_EMT,NMPR
BD_immune11_728668,diploid,Tumor_epithelial_EMT,NMPR
BD_immune11_496681,diploid,Tumor_epithelial_EMT,NMPR
BD_immune11_769451,diploid,Tumor_epithelial_EMT,NMPR
BD_immune11_506169,diploid,Tumor_epithelial_EMT,NMPR
BD_immune11_376321,diploid,Tumor_epithelial_EMT,NMPR
BD_immune11_807506,diploid,Tumor_epithelial_EMT,NMPR
BD_immune11_709930,diploid,Tumor_epithelial_EMT,NMPR
BD_immune11_591231,diploid,Tumor_epithelial_EMT,NMPR
BD_immune11_324928,diploid,Tumor_epithelial_EMT,NMPR
BD_immune11_32838,diploid,Tumor_epithelial_EMT,NMPR
BD_immune11_591232,diploid,Tumor_epithelial_EMT,NMPR
BD_immune11_688050,diploid,Tumor_epithelial_EMT,NMPR
BD_immune11_456616,diploid,Tumor_epithelial_EMT,NMPR
BD_immune11_797208,diploid,Tumor_epithelial_EMT,NMPR
BD_immune11_524136,diploid,Tumor_epithelial_EMT,NMPR
BD_immune11_52398,diploid,Tumor_epithelial_EMT,NMPR
BD_immune11_636890,diploid,Tumor_epithelial_EMT,NMPR
BD_immune11_173014,diploid,Tumor_epithelial_EMT,NMPR
BD_immune11_38494,diploid,Tumor_epithelial_EMT,NMPR
BD_immune11_66903,diploid,Tumor_epithelial_EMT,NMPR
BD_immune11_104179,diploid,Tumor_epithelial_EMT,NMPR
BD_immune11_465297,diploid,Tumor_epithelial_EMT,NMPR
BD_immune11_675786,diploid,Tumor_epithelial_EMT,NMPR
BD_immune11_513452,diploid,Tumor_epithelial_EMT,NMPR
BD_immune11_150201,diploid,Tumor_epithelial_EMT,NMPR
BD_immune11_671271,diploid,Tumor_epithelial_EMT,NMPR
BD_immune11_448450,diploid,Tumor_epithelial_EMT,NMPR
BD_immune11_158447,diploid,Tumor_epithelial_EMT,NMPR
BD_immune11_358858,diploid,Tumor_epithelial_EMT,NMPR
BD_immune11_47918,diploid,Tumor_epithelial_EMT,NMPR
BD_immune11_436879,diploid,Tumor_epithelial_EMT,NMPR
BD_immune11_233240,diploid,Tumor_epithelial_EMT,NMPR
BD_immune11_174871,diploid,Tumor_epithelial_EMT,NMPR
BD_immune11_818712,diploid,Tumor_epithelial_EMT,NMPR
BD_immune11_665043,diploid,Tumor_epithelial_EMT,NMPR
BD_immune11_15235,diploid,Tumor_epithelial_EMT,NMPR
BD_immune11_382510,diploid,Tumor_epithelial_EMT,NMPR
BD_immune11_418392,diploid,Tumor_epithelial_EMT,NMPR
BD_immune11_95035,diploid,Tumor_epithelial_EMT,NMPR
BD_immune11_617113,diploid,Tumor_epithelial_EMT,NMPR
BD_immune11_112914,diploid,Tumor_epithelial_EMT,NMPR
BD_immune11_382703,diploid,Tumor_epithelial_EMT,NMPR
BD_immune11_728900,diploid,Tumor_epithelial_EMT,NMPR
BD_immune11_492361,diploid,Tumor_epithelial_EMT,NMPR
BD_immune11_635903,diploid,Tumor_epithelial_EMT,NMPR
BD_immune11_248087,diploid,Tumor_epithelial_EMT,NMPR
BD_immune11_839316,diploid,Tumor_epithelial_EMT,NMPR
BD_immune11_380435,diploid,Tumor_epithelial_EMT,NMPR
BD_immune11_582593,diploid,Tumor_epithelial_EMT,NMPR
BD_immune11_622608,diploid,Tumor_epithelial_EMT,NMPR
BD_immune11_498493,diploid,Tumor_epithelial_EMT,NMPR
BD_immune11_414783,diploid,Tumor_epithelial_EMT,NMPR
BD_immune11_65855,diploid,Tumor_epithelial_EMT,NMPR
BD_immune11_61982,diploid,Tumor_epithelial_EMT,NMPR
BD_immune11_882059,diploid,Tumor_epithelial_EMT,NMPR
BD_immune11_638589,diploid,Tumor_epithelial_EMT,NMPR
BD_immune11_1429,diploid,Tumor_epithelial_EMT,NMPR
BD_immune11_70104,diploid,Tumor_epithelial_EMT,NMPR
BD_immune11_41387,diploid,Tumor_epithelial_EMT,NMPR
BD_immune11_7131,diploid,Tumor_epithelial_EMT,NMPR
BD_immune11_877867,diploid,Tumor_epithelial_EMT,NMPR
BD_immune11_487890,diploid,Tumor_epithelial_EMT,NMPR
BD_immune11_354081,diploid,Tumor_epithelial_EMT,NMPR
BD_immune11_546898,diploid,Tumor_epithelial_EMT,NMPR
BD_immune11_419734,diploid,Tumor_epithelial_EMT,NMPR
BD_immune11_802374,diploid,Tumor_epithelial_EMT,NMPR
BD_immune11_88695,diploid,Tumor_epithelial_EMT,NMPR
BD_immune11_233804,diploid,Tumor_epithelial_EMT,NMPR
BD_immune11_2285,diploid,Tumor_epithelial_EMT,NMPR
BD_immune11_848730,diploid,Tumor_epithelial_EMT,NMPR
BD_immune11_402531,diploid,Tumor_epithelial_EMT,NMPR
BD_immune11_119670,diploid,Tumor_epithelial_EMT,NMPR
BD_immune11_90592,diploid,Tumor_epithelial_EMT,NMPR
BD_immune11_620021,diploid,Tumor_epithelial_EMT,NMPR
BD_immune11_116239,diploid,Tumor_epithelial_EMT,NMPR
BD_immune11_496667,diploid,Tumor_epithelial_EMT,NMPR
BD_immune11_172824,diploid,Tumor_epithelial_EMT,NMPR
BD_immune11_99323,diploid,Tumor_epithelial_EMT,NMPR
BD_immune11_241411,diploid,Tumor_epithelial_EMT,NMPR
BD_immune11_525212,diploid,Tumor_epithelial_EMT,NMPR
BD_immune11_863832,diploid,Tumor_epithelial_EMT,NMPR
BD_immune11_426386,diploid,Tumor_epithelial_EMT,NMPR
BD_immune11_871409,diploid,Tumor_epithelial_EMT,NMPR
BD_immune11_807795,diploid,Tumor_epithelial_EMT,NMPR
BD_immune11_355788,diploid,Tumor_epithelial_EMT,NMPR
BD_immune11_166152,diploid,Tumor_epithelial_EMT,NMPR
BD_immune11_301340,diploid,Tumor_epithelial_EMT,NMPR
BD_immune11_236910,diploid,Tumor_epithelial_EMT,NMPR
BD_immune11_342313,diploid,Tumor_epithelial_EMT,NMPR
BD_immune11_499164,diploid,Tumor_epithelial_EMT,NMPR
BD_immune11_142421,diploid,Tumor_epithelial_EMT,NMPR
BD_immune11_356021,diploid,Tumor_epithelial_EMT,NMPR
BD_immune11_755192,diploid,Tumor_epithelial_EMT,NMPR
BD_immune11_646441,diploid,Tumor_epithelial_EMT,NMPR
BD_immune11_706217,diploid,Tumor_epithelial_EMT,NMPR
BD_immune11_788399,diploid,Tumor_epithelial_EMT,NMPR
BD_immune11_398221,diploid,Tumor_epithelial_EMT,NMPR
BD_immune11_498670,diploid,Tumor_epithelial_EMT,NMPR
BD_immune11_844330,diploid,Tumor_epithelial_EMT,NMPR
BD_immune11_34209,diploid,Tumor_epithelial_EMT,NMPR
BD_immune11_89351,diploid,Tumor_epithelial_EMT,NMPR
BD_immune11_646451,diploid,Tumor_epithelial_EMT,NMPR
BD_immune11_233942,diploid,Tumor_epithelial_EMT,NMPR
BD_immune11_353334,diploid,Tumor_epithelial_EMT,NMPR
BD_immune11_721954,diploid,Tumor_epithelial_EMT,NMPR
BD_immune11_263208,diploid,Tumor_epithelial_EMT,NMPR
BD_immune11_874426,diploid,Tumor_epithelial_EMT,NMPR
BD_immune11_530325,diploid,Tumor_epithelial_EMT,NMPR
BD_immune11_156190,diploid,Tumor_epithelial_EMT,NMPR
BD_immune11_478753,diploid,Tumor_epithelial_EMT,NMPR
BD_immune11_857982,diploid,Tumor_epithelial_EMT,NMPR
BD_immune11_215452,diploid,Tumor_epithelial_EMT,NMPR
BD_immune11_463155,diploid,Tumor_epithelial_EMT,NMPR
BD_immune11_354113,diploid,Tumor_epithelial_EMT,NMPR
BD_immune11_570891,diploid,Tumor_epithelial_EMT,NMPR
BD_immune11_604003,diploid,Tumor_epithelial_EMT,NMPR
BD_immune11_565026,diploid,Tumor_epithelial_EMT,NMPR
BD_immune11_517833,diploid,Tumor_epithelial_EMT,NMPR
BD_immune11_79210,diploid,Tumor_epithelial_EMT,NMPR
BD_immune11_645010,diploid,Tumor_epithelial_EMT,NMPR
BD_immune11_138877,diploid,Tumor_epithelial_EMT,NMPR
BD_immune11_141938,diploid,Tumor_epithelial_EMT,NMPR
BD_immune11_191820,diploid,Tumor_epithelial_EMT,NMPR
BD_immune11_162836,diploid,Tumor_epithelial_EMT,NMPR
BD_immune11_73376,diploid,Tumor_epithelial_EMT,NMPR
BD_immune11_73348,diploid,Tumor_epithelial_EMT,NMPR
BD_immune11_514597,diploid,Tumor_epithelial_EMT,NMPR
BD_immune11_866065,diploid,Tumor_epithelial_EMT,NMPR
BD_immune11_256984,diploid,Tumor_epithelial_EMT,NMPR
BD_immune11_243467,diploid,Tumor_epithelial_EMT,NMPR
BD_immune11_767373,diploid,Tumor_epithelial_EMT,NMPR
BD_immune11_824510,diploid,Tumor_epithelial_EMT,NMPR
BD_immune11_797833,diploid,Tumor_epithelial_EMT,NMPR
BD_immune11_253222,diploid,Tumor_epithelial_EMT,NMPR
BD_immune11_730603,diploid,Tumor_epithelial_EMT,NMPR
BD_immune11_158309,diploid,Tumor_epithelial_EMT,NMPR
BD_immune11_494425,diploid,Tumor_epithelial_EMT,NMPR
BD_immune11_260569,diploid,Tumor_epithelial_EMT,NMPR
BD_immune11_165577,diploid,Tumor_epithelial_EMT,NMPR
BD_immune11_365453,diploid,Tumor_epithelial_EMT,NMPR
BD_immune11_11846,diploid,Tumor_epithelial_EMT,NMPR
BD_immune11_64475,diploid,Tumor_epithelial_EMT,NMPR
BD_immune11_37375,diploid,Tumor_epithelial_EMT,NMPR
BD_immune11_690629,diploid,Tumor_epithelial_EMT,NMPR
BD_immune11_53351,diploid,Tumor_epithelial_EMT,NMPR
BD_immune11_560386,diploid,Tumor_epithelial_EMT,NMPR
BD_immune11_477525,diploid,Tumor_epithelial_EMT,NMPR
BD_immune11_843037,diploid,Tumor_epithelial_EMT,NMPR
BD_immune11_385482,diploid,Tumor_epithelial_EMT,NMPR
BD_immune11_856686,diploid,Tumor_epithelial_EMT,NMPR
BD_immune11_408883,diploid,Tumor_epithelial_EMT,NMPR
BD_immune11_408225,diploid,Tumor_epithelial_EMT,NMPR
BD_immune11_137305,diploid,Tumor_epithelial_EMT,NMPR
BD_immune11_476332,diploid,Tumor_epithelial_EMT,NMPR
BD_immune11_234873,diploid,Tumor_epithelial_EMT,NMPR
BD_immune11_131460,diploid,Tumor_epithelial_EMT,NMPR
BD_immune11_820879,diploid,Tumor_epithelial_EMT,NMPR
BD_immune11_686119,diploid,Tumor_epithelial_EMT,NMPR
BD_immune11_230454,diploid,Tumor_epithelial_EMT,NMPR
BD_immune11_578189,diploid,Tumor_epithelial_EMT,NMPR
BD_immune11_551719,diploid,Tumor_epithelial_EMT,NMPR
BD_immune11_234230,diploid,Tumor_epithelial_EMT,NMPR
BD_immune11_388616,diploid,Tumor_epithelial_EMT,NMPR
BD_immune11_186194,diploid,Tumor_epithelial_EMT,NMPR
BD_immune11_708051,diploid,Tumor_epithelial_EMT,NMPR
BD_immune11_672030,diploid,Tumor_epithelial_EMT,NMPR
BD_immune11_125948,diploid,Tumor_epithelial_EMT,NMPR
BD_immune11_432245,diploid,Tumor_epithelial_EMT,NMPR
BD_immune11_197401,diploid,Tumor_epithelial_EMT,NMPR
BD_immune11_207187,diploid,Tumor_epithelial_EMT,NMPR
BD_immune11_647814,diploid,Tumor_epithelial_EMT,NMPR
BD_immune11_31730,diploid,Tumor_epithelial_EMT,NMPR
BD_immune11_759039,diploid,Tumor_epithelial_EMT,NMPR
BD_immune11_104504,diploid,Tumor_epithelial_EMT,NMPR
BD_immune11_19457,diploid,Tumor_epithelial_EMT,NMPR
BD_immune11_873872,diploid,Tumor_epithelial_EMT,NMPR
BD_immune11_382133,diploid,Tumor_epithelial_EMT,NMPR
BD_immune11_169117,diploid,Tumor_epithelial_EMT,NMPR
BD_immune11_535923,diploid,Tumor_epithelial_EMT,NMPR
BD_immune11_773863,diploid,Tumor_epithelial_EMT,NMPR
BD_immune11_657058,diploid,Tumor_epithelial_EMT,NMPR
BD_immune11_880965,diploid,Tumor_epithelial_EMT,NMPR
BD_immune11_347230,diploid,Tumor_epithelial_EMT,NMPR
BD_immune11_314738,diploid,Tumor_epithelial_EMT,NMPR
BD_immune11_851398,diploid,Tumor_epithelial_EMT,NMPR
BD_immune11_227739,diploid,Tumor_epithelial_EMT,NMPR
BD_immune11_773809,diploid,Tumor_epithelial_EMT,NMPR
BD_immune11_5678,diploid,Tumor_epithelial_EMT,NMPR
BD_immune12_5616,aneuploid,Tumor_epithelial_EMT,NMPR
BD_immune12_183923,aneuploid,Tumor_epithelial_EMT,NMPR
BD_immune12_49348,aneuploid,Tumor_epithelial_EMT,NMPR
BD_immune12_595441,aneuploid,Tumor_epithelial_EMT,NMPR
BD_immune12_817190,aneuploid,Tumor_epithelial_EMT,NMPR
BD_immune12_226907,aneuploid,Tumor_epithelial_EMT,NMPR
BD_immune12_324766,aneuploid,Tumor_epithelial_EMT,NMPR
BD_immune12_484905,aneuploid,Tumor_epithelial_EMT,NMPR
BD_immune12_7271,aneuploid,Tumor_epithelial_EMT,NMPR
BD_immune12_407477,aneuploid,Tumor_epithelial_EMT,NMPR
BD_immune12_163559,aneuploid,Tumor_epithelial_EMT,NMPR
BD_immune12_298864,aneuploid,Tumor_epithelial_EMT,NMPR
BD_immune12_92761,aneuploid,Tumor_epithelial_EMT,NMPR
BD_immune12_713729,aneuploid,Tumor_epithelial_EMT,NMPR
BD_immune12_586935,aneuploid,Tumor_epithelial_EMT,NMPR
BD_immune12_250301,aneuploid,Tumor_epithelial_EMT,NMPR
BD_immune12_538621,aneuploid,Tumor_epithelial_EMT,NMPR
BD_immune12_295991,aneuploid,Tumor_epithelial_EMT,NMPR
BD_immune12_597385,aneuploid,Tumor_epithelial_EMT,NMPR
BD_immune12_724959,aneuploid,Tumor_epithelial_EMT,NMPR
BD_immune12_237547,aneuploid,Tumor_epithelial_EMT,NMPR
BD_immune12_381866,aneuploid,Tumor_epithelial_EMT,NMPR
BD_immune12_100946,aneuploid,Tumor_epithelial_EMT,NMPR
BD_immune12_303390,aneuploid,Tumor_epithelial_EMT,NMPR
BD_immune12_561139,aneuploid,Tumor_epithelial_EMT,NMPR
BD_immune12_203154,aneuploid,Tumor_epithelial_EMT,NMPR
BD_immune12_406466,aneuploid,Tumor_epithelial_EMT,NMPR
BD_immune12_205826,aneuploid,Tumor_epithelial_EMT,NMPR
BD_immune12_226007,aneuploid,Tumor_epithelial_EMT,NMPR
BD_immune12_652313,aneuploid,Tumor_epithelial_EMT,NMPR
BD_immune12_34739,aneuploid,Tumor_epithelial_EMT,NMPR
BD_immune12_200135,aneuploid,Tumor_epithelial_EMT,NMPR
BD_immune12_271762,aneuploid,Tumor_epithelial_EMT,NMPR
BD_immune12_168070,aneuploid,Tumor_epithelial_EMT,NMPR
BD_immune12_733221,aneuploid,Tumor_epithelial_EMT,NMPR
BD_immune12_279826,aneuploid,Tumor_epithelial_EMT,NMPR
BD_immune12_177874,aneuploid,Tumor_epithelial_EMT,NMPR
BD_immune12_520245,aneuploid,Tumor_epithelial_EMT,NMPR
BD_immune12_77527,aneuploid,Tumor_epithelial_EMT,NMPR
BD_immune12_710717,aneuploid,Tumor_epithelial_EMT,NMPR
BD_immune12_100057,aneuploid,Tumor_epithelial_EMT,NMPR
BD_immune12_161095,aneuploid,Tumor_epithelial_EMT,NMPR
BD_immune12_491052,aneuploid,Tumor_epithelial_EMT,NMPR
BD_immune12_776591,aneuploid,Tumor_epithelial_EMT,NMPR
BD_immune12_362818,aneuploid,Tumor_epithelial_EMT,NMPR
BD_immune12_163264,aneuploid,Tumor_epithelial_EMT,NMPR
BD_immune12_42156,aneuploid,Tumor_epithelial_EMT,NMPR
BD_immune12_22125,aneuploid,Tumor_epithelial_EMT,NMPR
BD_immune12_823016,aneuploid,Tumor_epithelial_EMT,NMPR
BD_immune12_788790,aneuploid,Tumor_epithelial_EMT,NMPR
BD_immune12_459044,aneuploid,Tumor_epithelial_EMT,NMPR
BD_immune12_841420,aneuploid,Tumor_epithelial_EMT,NMPR
BD_immune12_252995,aneuploid,Tumor_epithelial_EMT,NMPR
BD_immune12_198340,aneuploid,Tumor_epithelial_EMT,NMPR
BD_immune12_337109,aneuploid,Tumor_epithelial_EMT,NMPR
BD_immune12_330188,aneuploid,Tumor_epithelial_EMT,NMPR
BD_immune12_31901,aneuploid,Tumor_epithelial_EMT,NMPR
BD_immune12_490374,aneuploid,Tumor_epithelial_EMT,NMPR
BD_immune12_441320,aneuploid,Tumor_epithelial_EMT,NMPR
BD_immune12_580891,aneuploid,Tumor_epithelial_EMT,NMPR
BD_immune12_290654,aneuploid,Tumor_epithelial_EMT,NMPR
BD_immune12_704613,aneuploid,Tumor_epithelial_EMT,NMPR
BD_immune12_735652,aneuploid,Tumor_epithelial_EMT,NMPR
BD_immune12_33397,aneuploid,Tumor_epithelial_EMT,NMPR
BD_immune12_404085,aneuploid,Tumor_epithelial_EMT,NMPR
BD_immune12_201412,aneuploid,Tumor_epithelial_EMT,NMPR
BD_immune12_175755,aneuploid,Tumor_epithelial_EMT,NMPR
BD_immune12_194506,aneuploid,Tumor_epithelial_EMT,NMPR
BD_immune12_71475,aneuploid,Tumor_epithelial_EMT,NMPR
BD_immune12_707733,aneuploid,Tumor_epithelial_EMT,NMPR
BD_immune12_590206,aneuploid,Tumor_epithelial_EMT,NMPR
BD_immune12_178912,aneuploid,Tumor_epithelial_EMT,NMPR
BD_immune12_715014,aneuploid,Tumor_epithelial_EMT,NMPR
BD_immune12_866755,aneuploid,Tumor_epithelial_EMT,NMPR
BD_immune12_382295,aneuploid,Tumor_epithelial_EMT,NMPR
BD_immune12_559186,aneuploid,Tumor_epithelial_EMT,NMPR
BD_immune12_634107,aneuploid,Tumor_epithelial_EMT,NMPR
BD_immune12_479122,aneuploid,Tumor_epithelial_EMT,NMPR
BD_immune12_410750,aneuploid,Tumor_epithelial_EMT,NMPR
BD_immune12_282576,aneuploid,Tumor_epithelial_EMT,NMPR
BD_immune12_862176,aneuploid,Tumor_epithelial_EMT,NMPR
BD_immune12_649951,aneuploid,Tumor_epithelial_EMT,NMPR
BD_immune12_298107,aneuploid,Tumor_epithelial_EMT,NMPR
BD_immune12_741106,aneuploid,Tumor_epithelial_EMT,NMPR
BD_immune12_293163,aneuploid,Tumor_epithelial_EMT,NMPR
BD_immune12_340504,aneuploid,Tumor_epithelial_EMT,NMPR
BD_immune12_66411,aneuploid,Tumor_epithelial_EMT,NMPR
BD_immune12_247982,aneuploid,Tumor_epithelial_EMT,NMPR
BD_immune12_347497,diploid,Tumor_epithelial_EMT,NMPR
BD_immune12_653652,aneuploid,Tumor_epithelial_EMT,NMPR
BD_immune12_664229,aneuploid,Tumor_epithelial_EMT,NMPR
BD_immune12_140489,aneuploid,Tumor_epithelial_EMT,NMPR
BD_immune12_326243,aneuploid,Tumor_epithelial_EMT,NMPR
BD_immune12_738628,aneuploid,Tumor_epithelial_EMT,NMPR
BD_immune12_770597,diploid,Tumor_epithelial_EMT,NMPR
BD_immune12_435307,diploid,Tumor_epithelial_EMT,NMPR
BD_immune12_794646,diploid,Tumor_epithelial_EMT,NMPR
BD_immune12_668902,aneuploid,Tumor_epithelial_EMT,NMPR
BD_immune12_419699,aneuploid,Tumor_epithelial_EMT,NMPR
BD_immune12_492140,aneuploid,Tumor_epithelial_EMT,NMPR
BD_immune12_90973,aneuploid,Tumor_epithelial_EMT,NMPR
BD_immune12_487429,diploid,Tumor_epithelial_EMT,NMPR
BD_immune12_570263,aneuploid,Tumor_epithelial_EMT,NMPR
BD_immune12_112581,aneuploid,Tumor_epithelial_EMT,NMPR
BD_immune12_373941,diploid,Tumor_epithelial_EMT,NMPR
BD_immune12_332934,aneuploid,Tumor_epithelial_EMT,NMPR
BD_immune12_241771,diploid,Tumor_epithelial_EMT,NMPR
BD_immune12_432275,diploid,Tumor_epithelial_EMT,NMPR
BD_immune12_707488,diploid,Tumor_epithelial_EMT,NMPR
BD_immune12_609137,aneuploid,Tumor_epithelial_EMT,NMPR
BD_immune12_853340,aneuploid,Tumor_epithelial_EMT,NMPR
BD_immune12_772414,diploid,Tumor_epithelial_EMT,NMPR
BD_immune12_304374,aneuploid,Tumor_epithelial_EMT,NMPR
BD_immune12_279818,aneuploid,Tumor_epithelial_EMT,NMPR
BD_immune12_605279,diploid,Tumor_epithelial_EMT,NMPR
BD_immune12_809503,diploid,Tumor_epithelial_EMT,NMPR
BD_immune12_345386,diploid,Tumor_epithelial_EMT,NMPR
BD_immune12_309610,aneuploid,Tumor_epithelial_EMT,NMPR
BD_immune12_115619,diploid,Tumor_epithelial_EMT,NMPR
BD_immune12_87408,diploid,Tumor_epithelial_EMT,NMPR
BD_immune12_474762,diploid,Tumor_epithelial_EMT,NMPR
BD_immune12_161584,diploid,Tumor_epithelial_EMT,NMPR
BD_immune12_65192,diploid,Tumor_epithelial_EMT,NMPR
BD_immune12_700435,diploid,Tumor_epithelial_EMT,NMPR
BD_immune12_136734,diploid,Tumor_epithelial_EMT,NMPR
BD_immune12_226525,diploid,Tumor_epithelial_EMT,NMPR
BD_immune12_883714,diploid,Tumor_epithelial_EMT,NMPR
BD_immune12_508351,diploid,Tumor_epithelial_EMT,NMPR
BD_immune12_485318,diploid,Tumor_epithelial_EMT,NMPR
BD_immune12_255726,diploid,Tumor_epithelial_EMT,NMPR
BD_immune12_68456,aneuploid,Tumor_epithelial_EMT,NMPR
BD_immune12_472802,diploid,Tumor_epithelial_EMT,NMPR
BD_immune12_602666,diploid,Tumor_epithelial_EMT,NMPR
BD_immune12_332776,diploid,Tumor_epithelial_EMT,NMPR
BD_immune12_672441,diploid,Tumor_epithelial_EMT,NMPR
BD_immune12_55196,aneuploid,Tumor_epithelial_EMT,NMPR
BD_immune12_643736,aneuploid,Tumor_epithelial_EMT,NMPR
BD_immune12_184681,diploid,Tumor_epithelial_EMT,NMPR
BD_immune12_537461,aneuploid,Tumor_epithelial_EMT,NMPR
BD_immune12_166797,diploid,Tumor_epithelial_EMT,NMPR
BD_immune12_142312,diploid,Tumor_epithelial_EMT,NMPR
BD_immune12_691047,diploid,Tumor_epithelial_EMT,NMPR
BD_immune12_192082,diploid,Tumor_epithelial_EMT,NMPR
BD_immune12_428633,aneuploid,Tumor_epithelial_EMT,NMPR
BD_immune12_828066,aneuploid,Tumor_epithelial_EMT,NMPR
BD_immune12_450660,diploid,Tumor_epithelial_EMT,NMPR
BD_immune12_445394,diploid,Tumor_epithelial_EMT,NMPR
BD_immune12_520170,diploid,Tumor_epithelial_EMT,NMPR
BD_immune12_224724,diploid,Tumor_epithelial_EMT,NMPR
BD_immune12_141374,diploid,Tumor_epithelial_EMT,NMPR
BD_immune12_811480,diploid,Tumor_epithelial_EMT,NMPR
BD_immune12_335038,diploid,Tumor_epithelial_EMT,NMPR
BD_immune12_507372,diploid,Tumor_epithelial_EMT,NMPR
BD_immune12_656855,diploid,Tumor_epithelial_EMT,NMPR
BD_immune12_337605,diploid,Tumor_epithelial_EMT,NMPR
BD_immune12_204120,diploid,Tumor_epithelial_EMT,NMPR
BD_immune12_411988,diploid,Tumor_epithelial_EMT,NMPR
BD_immune12_576569,diploid,Tumor_epithelial_EMT,NMPR
BD_immune12_853302,diploid,Tumor_epithelial_EMT,NMPR
BD_immune12_88837,diploid,Tumor_epithelial_EMT,NMPR
BD_immune12_410900,diploid,Tumor_epithelial_EMT,NMPR
BD_immune12_350321,diploid,Tumor_epithelial_EMT,NMPR
BD_immune12_393981,diploid,Tumor_epithelial_EMT,NMPR
BD_immune12_13246,diploid,Tumor_epithelial_EMT,NMPR
BD_immune12_46830,diploid,Tumor_epithelial_EMT,NMPR
BD_immune12_110790,diploid,Tumor_epithelial_EMT,NMPR
BD_immune12_871284,diploid,Tumor_epithelial_EMT,NMPR
BD_immune12_429771,diploid,Tumor_epithelial_EMT,NMPR
BD_immune12_611097,diploid,Tumor_epithelial_EMT,NMPR
BD_immune12_672056,diploid,Tumor_epithelial_EMT,NMPR
BD_immune12_513216,diploid,Tumor_epithelial_EMT,NMPR
BD_immune12_206131,diploid,Tumor_epithelial_EMT,NMPR
BD_immune12_750169,diploid,Tumor_epithelial_EMT,NMPR
BD_immune12_641841,diploid,Tumor_epithelial_EMT,NMPR
BD_immune12_600518,diploid,Tumor_epithelial_EMT,NMPR
BD_immune12_797983,diploid,Tumor_epithelial_EMT,NMPR
BD_immune12_205489,diploid,Tumor_epithelial_EMT,NMPR
BD_immune12_777224,diploid,Tumor_epithelial_EMT,NMPR
BD_immune12_114294,diploid,Tumor_epithelial_EMT,NMPR
BD_immune12_632911,diploid,Tumor_epithelial_EMT,NMPR
BD_immune12_306643,diploid,Tumor_epithelial_EMT,NMPR
BD_immune12_460280,diploid,Tumor_epithelial_EMT,NMPR
BD_immune12_346652,diploid,Tumor_epithelial_EMT,NMPR
BD_immune12_273349,diploid,Tumor_epithelial_EMT,NMPR
BD_immune12_840640,diploid,Tumor_epithelial_EMT,NMPR
BD_immune12_546296,diploid,Tumor_epithelial_EMT,NMPR
BD_immune12_853312,diploid,Tumor_epithelial_EMT,NMPR
BD_immune12_877452,diploid,Tumor_epithelial_EMT,NMPR
BD_immune12_128784,diploid,Tumor_epithelial_EMT,NMPR
BD_immune12_731014,diploid,Tumor_epithelial_EMT,NMPR
BD_immune12_691993,diploid,Tumor_epithelial_EMT,NMPR
BD_immune12_377095,diploid,Tumor_epithelial_EMT,NMPR
BD_immune12_96976,diploid,Tumor_epithelial_EMT,NMPR
BD_immune12_666837,diploid,Tumor_epithelial_EMT,NMPR
BD_immune12_836211,diploid,Tumor_epithelial_EMT,NMPR
BD_immune12_233000,diploid,Tumor_epithelial_EMT,NMPR
BD_immune12_214866,diploid,Tumor_epithelial_EMT,NMPR
BD_immune12_831058,diploid,Tumor_epithelial_EMT,NMPR
BD_immune12_623962,diploid,Tumor_epithelial_EMT,NMPR
BD_immune12_385811,diploid,Tumor_epithelial_EMT,NMPR
BD_immune12_511551,diploid,Tumor_epithelial_EMT,NMPR
BD_immune12_880703,diploid,Tumor_epithelial_EMT,NMPR
BD_immune12_104410,diploid,Tumor_epithelial_EMT,NMPR
BD_immune12_502308,diploid,Tumor_epithelial_EMT,NMPR
BD_immune12_517420,diploid,Tumor_epithelial_EMT,NMPR
BD_immune12_489834,diploid,Tumor_epithelial_EMT,NMPR
BD_immune12_337529,diploid,Tumor_epithelial_EMT,NMPR
BD_immune12_155212,diploid,Tumor_epithelial_EMT,NMPR
BD_immune12_443865,diploid,Tumor_epithelial_EMT,NMPR
BD_immune12_799199,diploid,Tumor_epithelial_EMT,NMPR
BD_immune12_712007,diploid,Tumor_epithelial_EMT,NMPR
BD_immune12_221991,diploid,Tumor_epithelial_EMT,NMPR
BD_immune12_252776,diploid,Tumor_epithelial_EMT,NMPR
BD_immune12_488630,diploid,Tumor_epithelial_EMT,NMPR
BD_immune12_225995,diploid,Tumor_epithelial_EMT,NMPR
BD_immune12_312387,diploid,Tumor_epithelial_EMT,NMPR
BD_immune12_471883,diploid,Tumor_epithelial_EMT,NMPR
BD_immune12_688790,diploid,Tumor_epithelial_EMT,NMPR
BD_immune12_59605,diploid,Tumor_epithelial_EMT,NMPR
BD_immune12_287489,diploid,Tumor_epithelial_EMT,NMPR
BD_immune12_774839,diploid,Tumor_epithelial_EMT,NMPR
BD_immune12_31479,diploid,Tumor_epithelial_EMT,NMPR
BD_immune12_680179,diploid,Tumor_epithelial_EMT,NMPR
BD_immune12_552582,diploid,Tumor_epithelial_EMT,NMPR
BD_immune12_856035,diploid,Tumor_epithelial_EMT,NMPR
BD_immune12_281041,diploid,Tumor_epithelial_EMT,NMPR
BD_immune12_235410,diploid,Tumor_epithelial_EMT,NMPR
BD_immune12_290135,diploid,Tumor_epithelial_EMT,NMPR
BD_immune12_328665,diploid,Tumor_epithelial_EMT,NMPR
BD_immune12_161631,diploid,Tumor_epithelial_EMT,NMPR
BD_immune12_481713,diploid,Tumor_epithelial_EMT,NMPR
BD_immune12_513545,diploid,Tumor_epithelial_EMT,NMPR
BD_immune12_796749,diploid,Tumor_epithelial_EMT,NMPR
BD_immune12_202854,diploid,Tumor_epithelial_EMT,NMPR
BD_immune12_567735,diploid,Tumor_epithelial_EMT,NMPR
BD_immune12_431514,diploid,Tumor_epithelial_EMT,NMPR
BD_immune12_359163,diploid,Tumor_epithelial_EMT,NMPR
BD_immune12_536019,diploid,Tumor_epithelial_EMT,NMPR
BD_immune12_536506,diploid,Tumor_epithelial_EMT,NMPR
BD_immune12_565182,diploid,Tumor_epithelial_EMT,NMPR
BD_immune12_347988,diploid,Tumor_epithelial_EMT,NMPR
BD_immune12_653461,diploid,Tumor_epithelial_EMT,NMPR
BD_immune12_805254,diploid,Tumor_epithelial_EMT,NMPR
BD_immune12_67919,diploid,Tumor_epithelial_EMT,NMPR
BD_immune12_569338,diploid,Tumor_epithelial_EMT,NMPR
BD_immune12_214307,diploid,Tumor_epithelial_EMT,NMPR
BD_immune12_194618,diploid,Tumor_epithelial_EMT,NMPR
BD_immune12_94767,diploid,Tumor_epithelial_EMT,NMPR
BD_immune12_226063,diploid,Tumor_epithelial_EMT,NMPR
BD_immune12_730636,diploid,Tumor_epithelial_EMT,NMPR
BD_immune12_6084,diploid,Tumor_epithelial_EMT,NMPR
BD_immune12_169469,diploid,Tumor_epithelial_EMT,NMPR
BD_immune12_84910,diploid,Tumor_epithelial_EMT,NMPR
BD_immune12_842042,diploid,Tumor_epithelial_EMT,NMPR
BD_immune12_214300,diploid,Tumor_epithelial_EMT,NMPR
BD_immune12_183934,diploid,Tumor_epithelial_EMT,NMPR
BD_immune12_253391,diploid,Tumor_epithelial_EMT,NMPR
BD_immune12_832101,diploid,Tumor_epithelial_EMT,NMPR
BD_immune12_65519,diploid,Tumor_epithelial_EMT,NMPR
BD_immune12_595590,diploid,Tumor_epithelial_EMT,NMPR
BD_immune12_881695,diploid,Tumor_epithelial_EMT,NMPR
BD_immune12_348699,diploid,Tumor_epithelial_EMT,NMPR
BD_immune12_139108,diploid,Tumor_epithelial_EMT,NMPR
BD_immune12_638673,diploid,Tumor_epithelial_EMT,NMPR
BD_immune12_669330,diploid,Tumor_epithelial_EMT,NMPR
BD_immune12_819739,diploid,Tumor_epithelial_EMT,NMPR
BD_immune12_577058,diploid,Tumor_epithelial_EMT,NMPR
BD_immune12_561686,diploid,Tumor_epithelial_EMT,NMPR
BD_immune12_67290,diploid,Tumor_epithelial_EMT,NMPR
BD_immune12_652233,diploid,Tumor_epithelial_EMT,NMPR
BD_immune12_510808,diploid,Tumor_epithelial_EMT,NMPR
BD_immune12_24826,diploid,Tumor_epithelial_EMT,NMPR
BD_immune12_206917,diploid,Tumor_epithelial_EMT,NMPR
BD_immune12_804455,diploid,Tumor_epithelial_EMT,NMPR
BD_immune12_86558,diploid,Tumor_epithelial_EMT,NMPR
BD_immune12_72393,diploid,Tumor_epithelial_EMT,NMPR
BD_immune12_624210,diploid,Tumor_epithelial_EMT,NMPR
BD_immune12_267025,diploid,Tumor_epithelial_EMT,NMPR
BD_immune12_419076,diploid,Tumor_epithelial_EMT,NMPR
BD_immune12_475326,diploid,Tumor_epithelial_EMT,NMPR
BD_immune12_313242,diploid,Tumor_epithelial_EMT,NMPR
BD_immune12_430775,diploid,Tumor_epithelial_EMT,NMPR
BD_immune12_444223,diploid,Tumor_epithelial_EMT,NMPR
BD_immune12_541975,diploid,Tumor_epithelial_EMT,NMPR
BD_immune12_374877,diploid,Tumor_epithelial_EMT,NMPR
BD_immune12_278946,diploid,Tumor_epithelial_EMT,NMPR
BD_immune12_146886,diploid,Tumor_epithelial_EMT,NMPR
BD_immune12_333843,diploid,Tumor_epithelial_EMT,NMPR
BD_immune12_798873,diploid,Tumor_epithelial_EMT,NMPR
BD_immune12_847615,diploid,Tumor_epithelial_EMT,NMPR
BD_immune12_471896,diploid,Tumor_epithelial_EMT,NMPR
BD_immune13_39365,diploid,Tumor_epithelial_EMT,NMPR
BD_immune14_647651,diploid,Tumor_epithelial_EMT,NMPR
BD_immune14_486333,diploid,Tumor_epithelial_EMT,NMPR
BD_immune14_425767,diploid,Tumor_epithelial_EMT,NMPR
BD_immune14_662536,diploid,Tumor_epithelial_EMT,NMPR
BD_immune14_653962,diploid,Tumor_epithelial_EMT,NMPR
BD_immune14_843297,diploid,Tumor_epithelial_EMT,NMPR
BD_immune14_799760,diploid,Tumor_epithelial_EMT,NMPR
BD_immune14_573048,diploid,Tumor_epithelial_EMT,NMPR
BD_immune14_540649,diploid,Tumor_epithelial_EMT,NMPR
BD_immune14_477134,diploid,Tumor_epithelial_EMT,NMPR
BD_immune14_68493,diploid,Tumor_epithelial_EMT,NMPR
BD_immune14_844765,diploid,Tumor_epithelial_EMT,NMPR
BD_immune14_828505,diploid,Tumor_epithelial_EMT,NMPR
BD_immune14_505664,diploid,Tumor_epithelial_EMT,NMPR
BD_immune14_411892,diploid,Tumor_epithelial_EMT,NMPR
BD_immune14_533330,diploid,Tumor_epithelial_EMT,NMPR
BD_immune14_874713,diploid,Tumor_epithelial_EMT,NMPR
BD_immune14_623031,diploid,Tumor_epithelial_EMT,NMPR
BD_immune14_532013,diploid,Tumor_epithelial_EMT,NMPR
BD_immune14_2495,diploid,Tumor_epithelial_EMT,NMPR
BD_immune14_206004,diploid,Tumor_epithelial_EMT,NMPR
BD_immune14_68312,diploid,Tumor_epithelial_EMT,NMPR
BD_immune14_42112,diploid,Tumor_epithelial_EMT,NMPR
BD_immune14_48989,diploid,Tumor_epithelial_EMT,NMPR
BD_immune14_312909,diploid,Tumor_epithelial_EMT,NMPR
BD_immune14_679768,diploid,Tumor_epithelial_EMT,NMPR
BD_immune14_182776,diploid,Tumor_epithelial_EMT,NMPR
BD_immune14_79961,diploid,Tumor_epithelial_EMT,NMPR
BD_immune14_375322,diploid,Tumor_epithelial_EMT,NMPR
BD_immune14_551142,diploid,Tumor_epithelial_EMT,NMPR
BD_immune14_781868,diploid,Tumor_epithelial_EMT,NMPR
BD_immune14_40314,diploid,Tumor_epithelial_EMT,NMPR
BD_immune14_522363,diploid,Tumor_epithelial_EMT,NMPR
BD_immune14_711711,diploid,Tumor_epithelial_EMT,NMPR
BD_immune14_703899,diploid,Tumor_epithelial_EMT,NMPR
BD_immune14_240162,diploid,Tumor_epithelial_EMT,NMPR
BD_immune14_153489,diploid,Tumor_epithelial_EMT,NMPR
BD_immune14_787243,diploid,Tumor_epithelial_EMT,NMPR
BD_immune14_479440,diploid,Tumor_epithelial_EMT,NMPR
BD_immune14_141831,diploid,Tumor_epithelial_EMT,NMPR
BD_immune14_181950,diploid,Tumor_epithelial_EMT,NMPR
BD_immune14_385869,diploid,Tumor_epithelial_EMT,NMPR
BD_immune14_751788,diploid,Tumor_epithelial_EMT,NMPR
BD_immune14_882277,diploid,Tumor_epithelial_EMT,NMPR
BD_immune14_109363,diploid,Tumor_epithelial_EMT,NMPR
BD_immune14_778400,diploid,Tumor_epithelial_EMT,NMPR
BD_immune14_246806,diploid,Tumor_epithelial_EMT,NMPR
BD_immune14_266198,diploid,Tumor_epithelial_EMT,NMPR
BD_immune14_171750,diploid,Tumor_epithelial_EMT,NMPR
BD_immune14_364733,diploid,Tumor_epithelial_EMT,NMPR
BD_immune14_768991,diploid,Tumor_epithelial_EMT,NMPR
BD_immune14_338290,diploid,Tumor_epithelial_EMT,NMPR
BD_immune14_697684,diploid,Tumor_epithelial_EMT,NMPR
BD_immune14_296461,diploid,Tumor_epithelial_EMT,NMPR
BD_immune14_695818,diploid,Tumor_epithelial_EMT,NMPR
BD_immune14_625531,diploid,Tumor_epithelial_EMT,NMPR
BD_immune14_381194,diploid,Tumor_epithelial_EMT,NMPR
BD_immune14_454305,diploid,Tumor_epithelial_EMT,NMPR
BD_immune14_572827,diploid,Tumor_epithelial_EMT,NMPR
BD_immune14_431363,diploid,Tumor_epithelial_EMT,NMPR
BD_immune14_464089,diploid,Tumor_epithelial_EMT,NMPR
BD_immune14_563968,diploid,Tumor_epithelial_EMT,NMPR
BD_immune14_164388,diploid,Tumor_epithelial_EMT,NMPR
BD_immune14_78618,diploid,Tumor_epithelial_EMT,NMPR
BD_immune14_856109,diploid,Tumor_epithelial_EMT,NMPR
BD_immune14_777286,diploid,Tumor_epithelial_EMT,NMPR
BD_immune14_88178,diploid,Tumor_epithelial_EMT,NMPR
BD_immune14_72607,diploid,Tumor_epithelial_EMT,NMPR
BD_immune14_862325,diploid,Tumor_epithelial_EMT,NMPR
BD_immune14_601230,diploid,Tumor_epithelial_EMT,NMPR
BD_immune14_865742,diploid,Tumor_epithelial_EMT,NMPR
BD_immune14_306487,diploid,Tumor_epithelial_EMT,NMPR
BD_immune14_270629,diploid,Tumor_epithelial_EMT,NMPR
BD_immune14_97882,diploid,Tumor_epithelial_EMT,NMPR
BD_immune14_505733,diploid,Tumor_epithelial_EMT,NMPR
BD_immune14_225446,diploid,Tumor_epithelial_EMT,NMPR
BD_immune14_319390,diploid,Tumor_epithelial_EMT,NMPR
BD_immune14_294203,diploid,Tumor_epithelial_EMT,NMPR
BD_immune14_659950,diploid,Tumor_epithelial_EMT,NMPR
BD_immune14_560049,diploid,Tumor_epithelial_EMT,NMPR
BD_immune14_397636,diploid,Tumor_epithelial_EMT,NMPR
BD_immune14_680671,diploid,Tumor_epithelial_EMT,NMPR
BD_immune14_717151,diploid,Tumor_epithelial_EMT,NMPR
BD_immune14_170840,diploid,Tumor_epithelial_EMT,NMPR
BD_immune14_293819,diploid,Tumor_epithelial_EMT,NMPR
BD_immune14_205968,diploid,Tumor_epithelial_EMT,NMPR
BD_immune14_134165,diploid,Tumor_epithelial_EMT,NMPR
BD_immune14_408863,diploid,Tumor_epithelial_EMT,NMPR
BD_immune14_671606,diploid,Tumor_epithelial_EMT,NMPR
BD_immune14_784725,diploid,Tumor_epithelial_EMT,NMPR
BD_immune14_876157,diploid,Tumor_epithelial_EMT,NMPR
BD_immune14_838818,diploid,Tumor_epithelial_EMT,NMPR
BD_immune14_475703,diploid,Tumor_epithelial_EMT,NMPR
BD_immune14_553739,diploid,Tumor_epithelial_EMT,NMPR
BD_immune14_431395,diploid,Tumor_epithelial_EMT,NMPR
BD_immune14_590844,diploid,Tumor_epithelial_EMT,NMPR
BD_immune14_283944,diploid,Tumor_epithelial_EMT,NMPR
BD_immune14_851755,diploid,Tumor_epithelial_EMT,NMPR
BD_immune14_470913,diploid,Tumor_epithelial_EMT,NMPR
BD_immune14_635890,diploid,Tumor_epithelial_EMT,NMPR
BD_immune14_436957,diploid,Tumor_epithelial_EMT,NMPR
BD_immune14_223775,diploid,Tumor_epithelial_EMT,NMPR
BD_immune14_128126,diploid,Tumor_epithelial_EMT,NMPR
BD_immune14_281560,diploid,Tumor_epithelial_EMT,NMPR
BD_immune14_723492,diploid,Tumor_epithelial_EMT,NMPR
BD_immune14_504512,diploid,Tumor_epithelial_EMT,NMPR
BD_immune14_532178,diploid,Tumor_epithelial_EMT,NMPR
BD_immune14_395182,diploid,Tumor_epithelial_EMT,NMPR
BD_immune14_829151,diploid,Tumor_epithelial_EMT,NMPR
BD_immune14_834822,diploid,Tumor_epithelial_EMT,NMPR
BD_immune14_853782,diploid,Tumor_epithelial_EMT,NMPR
BD_immune15_425901,diploid,Tumor_epithelial_EMT,NMPR
BD_immune15_730534,diploid,Tumor_epithelial_EMT,NMPR
BD_immune15_182945,diploid,Tumor_epithelial_EMT,NMPR
BD_immune15_716454,diploid,Tumor_epithelial_EMT,NMPR
BD_immune15_217527,diploid,Tumor_epithelial_EMT,NMPR
BD_immune15_172422,diploid,Tumor_epithelial_EMT,NMPR
BD_immune15_850540,diploid,Tumor_epithelial_EMT,NMPR
BD_immune15_320639,diploid,Tumor_epithelial_EMT,NMPR
BD_immune15_270336,diploid,Tumor_epithelial_EMT,NMPR
BD_immune15_127864,diploid,Tumor_epithelial_EMT,NMPR
BD_immune15_735723,diploid,Tumor_epithelial_EMT,NMPR
BD_immune15_852140,diploid,Tumor_epithelial_EMT,NMPR
BD_immune15_346445,diploid,Tumor_epithelial_EMT,NMPR
BD_immune15_218558,diploid,Tumor_epithelial_EMT,NMPR
BD_immune15_399664,diploid,Tumor_epithelial_EMT,NMPR
BD_immune15_516665,diploid,Tumor_epithelial_EMT,NMPR
BD_immune15_139372,diploid,Tumor_epithelial_EMT,NMPR
BD_immune15_864594,diploid,Tumor_epithelial_EMT,NMPR
BD_immune15_651368,diploid,Tumor_epithelial_EMT,NMPR
BD_immune15_6748,diploid,Tumor_epithelial_EMT,NMPR
BD_immune15_752216,diploid,Tumor_epithelial_EMT,NMPR
BD_immune15_3758,diploid,Tumor_epithelial_EMT,NMPR
BD_immune15_247072,diploid,Tumor_epithelial_EMT,NMPR
BD_immune15_430040,diploid,Tumor_epithelial_EMT,NMPR
BD_immune15_28900,diploid,Tumor_epithelial_EMT,NMPR
BD_immune15_305040,diploid,Tumor_epithelial_EMT,NMPR
BD_immune15_182005,diploid,Tumor_epithelial_EMT,NMPR
BD_immune15_430052,diploid,Tumor_epithelial_EMT,NMPR
BD_immune15_762511,diploid,Tumor_epithelial_EMT,NMPR
BD_immune15_297523,diploid,Tumor_epithelial_EMT,NMPR
BD_immune15_482173,diploid,Tumor_epithelial_EMT,NMPR
BD_immune15_451356,diploid,Tumor_epithelial_EMT,NMPR
BD_immune15_172808,diploid,Tumor_epithelial_EMT,NMPR
BD_immune15_681879,diploid,Tumor_epithelial_EMT,NMPR
BD_immune15_330399,diploid,Tumor_epithelial_EMT,NMPR
BD_immune15_9343,diploid,Tumor_epithelial_EMT,NMPR
BD_immune15_44632,diploid,Tumor_epithelial_EMT,NMPR
BD_immune15_49470,diploid,Tumor_epithelial_EMT,NMPR
BD_immune15_490799,diploid,Tumor_epithelial_EMT,NMPR
BD_immune15_296500,diploid,Tumor_epithelial_EMT,NMPR
BD_immune15_303995,diploid,Tumor_epithelial_EMT,NMPR
BD_immune15_756421,diploid,Tumor_epithelial_EMT,NMPR
BD_immune15_478215,diploid,Tumor_epithelial_EMT,NMPR
BD_immune15_234861,diploid,Tumor_epithelial_EMT,NMPR
BD_immune15_279133,diploid,Tumor_epithelial_EMT,NMPR
BD_immune15_819301,diploid,Tumor_epithelial_EMT,NMPR
BD_immune15_262976,diploid,Tumor_epithelial_EMT,NMPR
BD_immune15_625255,diploid,Tumor_epithelial_EMT,NMPR
BD_immune15_522632,diploid,Tumor_epithelial_EMT,NMPR
BD_immune15_454574,diploid,Tumor_epithelial_EMT,NMPR
BD_immune15_771423,diploid,Tumor_epithelial_EMT,NMPR
BD_immune15_391053,diploid,Tumor_epithelial_EMT,NMPR
BD_immune15_743970,diploid,Tumor_epithelial_EMT,NMPR
BD_immune15_334078,diploid,Tumor_epithelial_EMT,NMPR
BD_immune15_173039,diploid,Tumor_epithelial_EMT,NMPR
BD_immune15_53101,diploid,Tumor_epithelial_EMT,NMPR
BD_immune15_25994,diploid,Tumor_epithelial_EMT,NMPR
BD_immune15_703199,diploid,Tumor_epithelial_EMT,NMPR
BD_immune15_161844,diploid,Tumor_epithelial_EMT,NMPR
BD_immune15_817148,diploid,Tumor_epithelial_EMT,NMPR
BD_immune15_226074,diploid,Tumor_epithelial_EMT,NMPR
BD_immune15_89246,diploid,Tumor_epithelial_EMT,NMPR
BD_immune15_254973,diploid,Tumor_epithelial_EMT,NMPR
BD_immune15_611385,diploid,Tumor_epithelial_EMT,NMPR
BD_immune15_443175,diploid,Tumor_epithelial_EMT,NMPR
BD_immune15_476018,diploid,Tumor_epithelial_EMT,NMPR
BD_immune15_307971,diploid,Tumor_epithelial_EMT,NMPR
BD_immune15_316730,diploid,Tumor_epithelial_EMT,NMPR
BD_immune15_808896,diploid,Tumor_epithelial_EMT,NMPR
BD_immune15_340292,diploid,Tumor_epithelial_EMT,NMPR
BD_immune15_63122,diploid,Tumor_epithelial_EMT,NMPR
BD_immune15_250693,diploid,Tumor_epithelial_EMT,NMPR
BD_immune15_590202,diploid,Tumor_epithelial_EMT,NMPR
BD_immune15_150783,diploid,Tumor_epithelial_EMT,NMPR
BD_immune15_101810,diploid,Tumor_epithelial_EMT,NMPR
BD_immune15_636560,diploid,Tumor_epithelial_EMT,NMPR
BD_immune15_412134,diploid,Tumor_epithelial_EMT,NMPR
BD_immune15_476680,diploid,Tumor_epithelial_EMT,NMPR
BD_immune15_396367,diploid,Tumor_epithelial_EMT,NMPR
BD_immune15_333227,diploid,Tumor_epithelial_EMT,NMPR
BD_immune15_692880,diploid,Tumor_epithelial_EMT,NMPR
BD_immune15_527333,diploid,Tumor_epithelial_EMT,NMPR
BD_immune15_320223,diploid,Tumor_epithelial_EMT,NMPR
BD_immune15_9475,diploid,Tumor_epithelial_EMT,NMPR
BD_immune15_450924,diploid,Tumor_epithelial_EMT,NMPR
BD_immune15_184518,diploid,Tumor_epithelial_EMT,NMPR
BD_immune15_882196,diploid,Tumor_epithelial_EMT,NMPR
BD_immune15_269107,diploid,Tumor_epithelial_EMT,NMPR
BD_immune15_171646,diploid,Tumor_epithelial_EMT,NMPR
BD_immune15_3982,diploid,Tumor_epithelial_EMT,NMPR
BD_immune15_78112,diploid,Tumor_epithelial_EMT,NMPR
BD_immune15_221847,diploid,Tumor_epithelial_EMT,NMPR
BD_immune15_117369,diploid,Tumor_epithelial_EMT,NMPR
BD_immune15_737463,diploid,Tumor_epithelial_EMT,NMPR
BD_immune15_396037,diploid,Tumor_epithelial_EMT,NMPR
BD_immune15_761832,diploid,Tumor_epithelial_EMT,NMPR
BD_immune15_595178,diploid,Tumor_epithelial_EMT,NMPR
BD_immune15_394517,diploid,Tumor_epithelial_EMT,NMPR
BD_immune15_248262,diploid,Tumor_epithelial_EMT,NMPR
BD_immune15_639533,diploid,Tumor_epithelial_EMT,NMPR
BD_immune15_63173,diploid,Tumor_epithelial_EMT,NMPR
BD_immune15_366755,diploid,Tumor_epithelial_EMT,NMPR
BD_immune15_178914,diploid,Tumor_epithelial_EMT,NMPR
BD_immune15_612147,diploid,Tumor_epithelial_EMT,NMPR
BD_immune15_834727,diploid,Tumor_epithelial_EMT,NMPR
BD_immune15_572535,diploid,Tumor_epithelial_EMT,NMPR
BD_immune15_875093,diploid,Tumor_epithelial_EMT,NMPR
BD_immune15_654577,diploid,Tumor_epithelial_EMT,NMPR
BD_immune15_503793,diploid,Tumor_epithelial_EMT,NMPR
BD_immune15_256682,diploid,Tumor_epithelial_EMT,NMPR
BD_immune15_138701,diploid,Tumor_epithelial_EMT,NMPR
BD_immune15_31435,diploid,Tumor_epithelial_EMT,NMPR
BD_immune15_637030,diploid,Tumor_epithelial_EMT,NMPR
BD_immune15_19962,diploid,Tumor_epithelial_EMT,NMPR
BD_immune15_206837,diploid,Tumor_epithelial_EMT,NMPR
BD_immune15_528297,diploid,Tumor_epithelial_EMT,NMPR
BD_immune15_529438,diploid,Tumor_epithelial_EMT,NMPR
BD_immune15_646895,diploid,Tumor_epithelial_EMT,NMPR
BD_immune15_50158,diploid,Tumor_epithelial_EMT,NMPR
BD_immune15_38400,diploid,Tumor_epithelial_EMT,NMPR
BD_immune15_603233,diploid,Tumor_epithelial_EMT,NMPR
BD_immune15_541606,diploid,Tumor_epithelial_EMT,NMPR
BD_immune15_645599,diploid,Tumor_epithelial_EMT,NMPR
BD_immune15_429657,diploid,Tumor_epithelial_EMT,NMPR
BD_immune15_334962,diploid,Tumor_epithelial_EMT,NMPR
BD_immune15_228416,diploid,Tumor_epithelial_EMT,NMPR
BD_immune15_478884,diploid,Tumor_epithelial_EMT,NMPR
BD_immune15_325615,diploid,Tumor_epithelial_EMT,NMPR
BD_immune15_825730,diploid,Tumor_epithelial_EMT,NMPR
BD_immune15_870703,diploid,Tumor_epithelial_EMT,NMPR
BD_immune15_426255,diploid,Tumor_epithelial_EMT,NMPR
BD_immune15_619364,diploid,Tumor_epithelial_EMT,NMPR
BD_immune15_727488,diploid,Tumor_epithelial_EMT,NMPR
BD_immune15_620803,diploid,Tumor_epithelial_EMT,NMPR
BD_immune15_413230,diploid,Tumor_epithelial_EMT,NMPR
BD_immune15_205747,diploid,Tumor_epithelial_EMT,NMPR
BD_immune15_252746,diploid,Tumor_epithelial_EMT,NMPR
BD_immune15_681904,diploid,Tumor_epithelial_EMT,NMPR
BD_immune15_123040,diploid,Tumor_epithelial_EMT,NMPR
BD_immune15_296485,diploid,Tumor_epithelial_EMT,NMPR
BD_immune15_484620,diploid,Tumor_epithelial_EMT,NMPR
BD_immune15_374255,diploid,Tumor_epithelial_EMT,NMPR
BD_immune15_493727,diploid,Tumor_epithelial_EMT,NMPR
BD_immune15_456821,diploid,Tumor_epithelial_EMT,NMPR
BD_immune15_399033,diploid,Tumor_epithelial_EMT,NMPR
BD_immune15_722389,diploid,Tumor_epithelial_EMT,NMPR
BD_immune05_734194,diploid,Tumor_epithelial_EMT,NMPR
BD_immune11_594190,diploid,Tumor_epithelial_EMT,NMPR
BD_immune05_744408,diploid,Tumor_epithelial_EMT,NMPR
BD_immune05_836521,diploid,Tumor_epithelial_EMT,NMPR
BD_immune11_637603,diploid,Tumor_epithelial_EMT,NMPR
BD_immune05_56376,not.defined,Tumor_epithelial_EMT,NMPR
BD_immune05_99039,not.defined,Tumor_epithelial_EMT,NMPR
BD_immune05_704090,not.defined,Tumor_epithelial_EMT,NMPR
BD_immune05_238346,not.defined,Tumor_epithelial_EMT,NMPR
BD_immune05_734980,not.defined,Tumor_epithelial_EMT,NMPR
BD_immune05_715396,not.defined,Tumor_epithelial_EMT,NMPR
BD_immune05_591383,not.defined,Tumor_epithelial_EMT,NMPR
BD_immune05_119623,not.defined,Tumor_epithelial_EMT,NMPR
BD_immune05_706618,not.defined,Tumor_epithelial_EMT,NMPR
BD_immune05_181886,not.defined,Tumor_epithelial_EMT,NMPR
BD_immune05_309299,not.defined,Tumor_epithelial_EMT,NMPR
BD_immune12_292312,not.defined,Tumor_epithelial_EMT,NMPR
BD_immune12_833475,not.defined,Tumor_epithelial_EMT,NMPR
BD_immune12_672873,not.defined,Tumor_epithelial_EMT,NMPR
BD_immune12_496574,not.defined,Tumor_epithelial_EMT,NMPR
BD_immune05_642828,not.defined,Tumor_epithelial_EMT,NMPR
BD_immune05_751758,not.defined,Tumor_epithelial_EMT,NMPR
BD_immune05_544605,not.defined,Tumor_epithelial_EMT,NMPR
BD_immune05_152294,not.defined,Tumor_epithelial_EMT,NMPR
BD_immune02_335965,not.defined,Tumor_epithelial_EMT,NMPR
BD_immune04_252496,not.defined,Tumor_epithelial_EMT,NMPR
BD_immune05_60261,not.defined,Tumor_epithelial_EMT,NMPR
BD_immune05_313043,not.defined,Tumor_epithelial_EMT,NMPR
BD_immune05_389102,not.defined,Tumor_epithelial_EMT,NMPR
BD_immune05_50189,not.defined,Tumor_epithelial_EMT,NMPR
BD_immune05_811451,not.defined,Tumor_epithelial_EMT,NMPR
BD_immune05_487844,not.defined,Tumor_epithelial_EMT,NMPR
BD_immune05_83784,not.defined,Tumor_epithelial_EMT,NMPR
BD_immune05_505345,not.defined,Tumor_epithelial_EMT,NMPR
BD_immune05_881443,not.defined,Tumor_epithelial_EMT,NMPR
BD_immune05_59609,not.defined,Tumor_epithelial_EMT,NMPR
BD_immune05_731032,not.defined,Tumor_epithelial_EMT,NMPR
BD_immune05_232040,not.defined,Tumor_epithelial_EMT,NMPR
BD_immune05_457423,not.defined,Tumor_epithelial_EMT,NMPR
BD_immune05_125846,not.defined,Tumor_epithelial_EMT,NMPR
BD_immune05_872406,not.defined,Tumor_epithelial_EMT,NMPR
BD_immune05_312989,not.defined,Tumor_epithelial_EMT,NMPR
BD_immune05_775556,not.defined,Tumor_epithelial_EMT,NMPR
BD_immune05_275130,not.defined,Tumor_epithelial_EMT,NMPR
BD_immune05_447671,not.defined,Tumor_epithelial_EMT,NMPR
BD_immune05_99800,not.defined,Tumor_epithelial_EMT,NMPR
BD_immune05_312990,not.defined,Tumor_epithelial_EMT,NMPR
BD_immune05_705460,not.defined,Tumor_epithelial_EMT,NMPR
BD_immune05_53339,not.defined,Tumor_epithelial_EMT,NMPR
BD_immune05_798227,not.defined,Tumor_epithelial_EMT,NMPR
BD_immune05_623014,not.defined,Tumor_epithelial_EMT,NMPR
BD_immune05_667948,not.defined,Tumor_epithelial_EMT,NMPR
BD_immune05_226606,not.defined,Tumor_epithelial_EMT,NMPR
BD_immune05_679755,not.defined,Tumor_epithelial_EMT,NMPR
BD_immune05_769766,not.defined,Tumor_epithelial_EMT,NMPR
BD_immune05_651141,not.defined,Tumor_epithelial_EMT,NMPR
BD_immune05_391123,not.defined,Tumor_epithelial_EMT,NMPR
BD_immune05_556334,not.defined,Tumor_epithelial_EMT,NMPR
BD_immune05_211095,not.defined,Tumor_epithelial_EMT,NMPR
BD_immune11_766428,not.defined,Tumor_epithelial_EMT,NMPR
BD_immune11_663724,not.defined,Tumor_epithelial_EMT,NMPR
BD_immune12_294575,not.defined,Tumor_epithelial_EMT,NMPR
BD_immune12_266355,not.defined,Tumor_epithelial_EMT,NMPR
BD_immune12_81555,not.defined,Tumor_epithelial_EMT,NMPR
BD_immune12_873758,not.defined,Tumor_epithelial_EMT,NMPR
BD_immune12_699836,not.defined,Tumor_epithelial_EMT,NMPR
BD_immune12_278484,not.defined,Tumor_epithelial_EMT,NMPR
BD_immune12_369441,not.defined,Tumor_epithelial_EMT,NMPR
BD_immune12_65558,not.defined,Tumor_epithelial_EMT,NMPR
BD_immune12_376981,not.defined,Tumor_epithelial_EMT,NMPR
BD_immune12_260014,not.defined,Tumor_epithelial_EMT,NMPR
BD_immune12_878137,not.defined,Tumor_epithelial_EMT,NMPR
BD_immune12_718274,not.defined,Tumor_epithelial_EMT,NMPR
BD_immune12_177548,not.defined,Tumor_epithelial_EMT,NMPR
BD_immune12_699063,not.defined,Tumor_epithelial_EMT,NMPR
BD_immune12_563067,not.defined,Tumor_epithelial_EMT,NMPR
BD_immune12_285243,not.defined,Tumor_epithelial_EMT,NMPR
BD_immune12_822701,not.defined,Tumor_epithelial_EMT,NMPR
BD_immune12_387487,not.defined,Tumor_epithelial_EMT,NMPR
BD_immune12_223071,not.defined,Tumor_epithelial_EMT,NMPR
BD_immune12_502762,not.defined,Tumor_epithelial_EMT,NMPR
BD_immune12_523803,not.defined,Tumor_epithelial_EMT,NMPR
BD_immune12_449723,not.defined,Tumor_epithelial_EMT,NMPR
BD_immune12_836980,not.defined,Tumor_epithelial_EMT,NMPR
BD_immune12_93967,not.defined,Tumor_epithelial_EMT,NMPR
BD_immune12_420513,not.defined,Tumor_epithelial_EMT,NMPR
BD_immune12_605912,not.defined,Tumor_epithelial_EMT,NMPR
BD_immune12_449584,not.defined,Tumor_epithelial_EMT,NMPR
BD_immune12_272067,not.defined,Tumor_epithelial_EMT,NMPR
BD_immune12_768775,not.defined,Tumor_epithelial_EMT,NMPR
BD_immune12_801145,not.defined,Tumor_epithelial_EMT,NMPR
BD_immune12_561841,not.defined,Tumor_epithelial_EMT,NMPR
BD_immune12_490037,not.defined,Tumor_epithelial_EMT,NMPR
BD_immune12_884661,not.defined,Tumor_epithelial_EMT,NMPR
BD_immune12_560395,not.defined,Tumor_epithelial_EMT,NMPR
BD_immune12_485513,not.defined,Tumor_epithelial_EMT,NMPR
BD_immune12_655354,not.defined,Tumor_epithelial_EMT,NMPR
BD_immune12_747405,not.defined,Tumor_epithelial_EMT,NMPR
BD_immune12_662837,not.defined,Tumor_epithelial_EMT,NMPR
BD_immune12_587862,not.defined,Tumor_epithelial_EMT,NMPR
BD_immune12_416906,not.defined,Tumor_epithelial_EMT,NMPR
BD_immune12_348171,not.defined,Tumor_epithelial_EMT,NMPR
BD_immune12_831180,not.defined,Tumor_epithelial_EMT,NMPR
BD_immune12_595607,not.defined,Tumor_epithelial_EMT,NMPR
BD_immune12_662104,not.defined,Tumor_epithelial_EMT,NMPR
BD_immune12_327647,not.defined,Tumor_epithelial_EMT,NMPR
BD_immune12_29739,not.defined,Tumor_epithelial_EMT,NMPR
BD_immune12_131210,not.defined,Tumor_epithelial_EMT,NMPR
BD_immune12_723174,not.defined,Tumor_epithelial_EMT,NMPR
BD_immune12_864200,not.defined,Tumor_epithelial_EMT,NMPR
BD_immune12_694658,not.defined,Tumor_epithelial_EMT,NMPR
BD_immune12_120048,not.defined,Tumor_epithelial_EMT,NMPR
BD_immune12_869490,not.defined,Tumor_epithelial_EMT,NMPR
BD_immune12_873614,not.defined,Tumor_epithelial_EMT,NMPR
BD_immune12_751397,not.defined,Tumor_epithelial_EMT,NMPR
BD_immune12_824589,not.defined,Tumor_epithelial_EMT,NMPR
BD_immune12_106820,not.defined,Tumor_epithelial_EMT,NMPR
BD_immune12_235668,not.defined,Tumor_epithelial_EMT,NMPR
BD_immune12_625895,not.defined,Tumor_epithelial_EMT,NMPR
BD_immune12_785103,not.defined,Tumor_epithelial_EMT,NMPR
BD_immune12_497820,not.defined,Tumor_epithelial_EMT,NMPR
BD_immune12_285816,not.defined,Tumor_epithelial_EMT,NMPR
BD_immune12_814108,not.defined,Tumor_epithelial_EMT,NMPR
BD_immune12_309730,not.defined,Tumor_epithelial_EMT,NMPR
BD_immune12_378279,not.defined,Tumor_epithelial_EMT,NMPR
BD_immune12_700803,not.defined,Tumor_epithelial_EMT,NMPR
BD_immune12_72790,not.defined,Tumor_epithelial_EMT,NMPR
BD_immune12_700276,not.defined,Tumor_epithelial_EMT,NMPR
BD_immune12_233210,not.defined,Tumor_epithelial_EMT,NMPR
BD_immune12_564314,not.defined,Tumor_epithelial_EMT,NMPR
BD_immune12_62419,not.defined,Tumor_epithelial_EMT,NMPR
BD_immune12_841836,not.defined,Tumor_epithelial_EMT,NMPR
BD_immune12_421706,not.defined,Tumor_epithelial_EMT,NMPR
BD_immune12_205424,not.defined,Tumor_epithelial_EMT,NMPR
BD_immune12_528475,not.defined,Tumor_epithelial_EMT,NMPR
BD_immune14_879190,not.defined,Tumor_epithelial_EMT,NMPR
BD_immune14_6093,not.defined,Tumor_epithelial_EMT,NMPR
BD_immune14_690113,not.defined,Tumor_epithelial_EMT,NMPR
BD_immune15_522628,not.defined,Tumor_epithelial_EMT,NMPR
BD_immune15_703490,not.defined,Tumor_epithelial_EMT,NMPR
BD_immune15_381817,not.defined,Tumor_epithelial_EMT,NMPR
BD_immune05_348772,not.defined,Tumor_epithelial_EMT,NMPR
BD_immune07_184511,aneuploid,Tumor_epithelial_AT2,NMPR
BD_immune07_416755,aneuploid,Tumor_epithelial_AT2,NMPR
BD_immune07_849847,aneuploid,Tumor_epithelial_AT2,NMPR
BD_immune07_796347,aneuploid,Tumor_epithelial_AT2,NMPR
BD_immune07_462980,aneuploid,Tumor_epithelial_AT2,NMPR
BD_immune07_219480,aneuploid,Tumor_epithelial_AT2,NMPR
BD_immune07_656927,aneuploid,Tumor_epithelial_AT2,NMPR
BD_immune02_255160,aneuploid,Tumor_epithelial_AT2,NMPR
BD_immune02_458665,aneuploid,Tumor_epithelial_AT2,NMPR
BD_immune02_63353,aneuploid,Tumor_epithelial_AT2,NMPR
BD_immune02_809518,aneuploid,Tumor_epithelial_AT2,NMPR
BD_immune02_332007,aneuploid,Tumor_epithelial_AT2,NMPR
BD_immune02_547733,aneuploid,Tumor_epithelial_AT2,NMPR
BD_immune02_52620,aneuploid,Tumor_epithelial_AT2,NMPR
BD_immune02_150648,aneuploid,Tumor_epithelial_AT2,NMPR
BD_immune02_299979,aneuploid,Tumor_epithelial_AT2,NMPR
BD_immune02_419615,aneuploid,Tumor_epithelial_AT2,NMPR
BD_immune02_772522,aneuploid,Tumor_epithelial_AT2,NMPR
BD_immune02_664521,aneuploid,Tumor_epithelial_AT2,NMPR
BD_immune02_366892,aneuploid,Tumor_epithelial_AT2,NMPR
BD_immune02_226455,aneuploid,Tumor_epithelial_AT2,NMPR
BD_immune02_827779,aneuploid,Tumor_epithelial_AT2,NMPR
BD_immune02_371328,aneuploid,Tumor_epithelial_AT2,NMPR
BD_immune02_232307,aneuploid,Tumor_epithelial_AT2,NMPR
BD_immune02_415089,aneuploid,Tumor_epithelial_AT2,NMPR
BD_immune02_877298,aneuploid,Tumor_epithelial_AT2,NMPR
BD_immune02_835239,aneuploid,Tumor_epithelial_AT2,NMPR
BD_immune02_598462,aneuploid,Tumor_epithelial_AT2,NMPR
BD_immune02_541043,aneuploid,Tumor_epithelial_AT2,NMPR
BD_immune02_435522,aneuploid,Tumor_epithelial_AT2,NMPR
BD_immune02_68237,aneuploid,Tumor_epithelial_AT2,NMPR
BD_immune02_688149,aneuploid,Tumor_epithelial_AT2,NMPR
BD_immune02_350647,aneuploid,Tumor_epithelial_AT2,NMPR
BD_immune02_838837,aneuploid,Tumor_epithelial_AT2,NMPR
BD_immune02_810235,aneuploid,Tumor_epithelial_AT2,NMPR
BD_immune02_718013,aneuploid,Tumor_epithelial_AT2,NMPR
BD_immune02_290626,aneuploid,Tumor_epithelial_AT2,NMPR
BD_immune02_707297,aneuploid,Tumor_epithelial_AT2,NMPR
BD_immune02_208136,aneuploid,Tumor_epithelial_AT2,NMPR
BD_immune02_15844,aneuploid,Tumor_epithelial_AT2,NMPR
BD_immune02_147763,aneuploid,Tumor_epithelial_AT2,NMPR
BD_immune02_168002,aneuploid,Tumor_epithelial_AT2,NMPR
BD_immune02_137372,aneuploid,Tumor_epithelial_AT2,NMPR
BD_immune02_195368,aneuploid,Tumor_epithelial_AT2,NMPR
BD_immune02_858231,aneuploid,Tumor_epithelial_AT2,NMPR
BD_immune02_223368,aneuploid,Tumor_epithelial_AT2,NMPR
BD_immune02_522966,aneuploid,Tumor_epithelial_AT2,NMPR
BD_immune02_542100,aneuploid,Tumor_epithelial_AT2,NMPR
BD_immune02_796018,aneuploid,Tumor_epithelial_AT2,NMPR
BD_immune02_566454,aneuploid,Tumor_epithelial_AT2,NMPR
BD_immune02_163944,aneuploid,Tumor_epithelial_AT2,NMPR
BD_immune02_750020,aneuploid,Tumor_epithelial_AT2,NMPR
BD_immune02_377618,aneuploid,Tumor_epithelial_AT2,NMPR
BD_immune02_342459,aneuploid,Tumor_epithelial_AT2,NMPR
BD_immune02_363556,aneuploid,Tumor_epithelial_AT2,NMPR
BD_immune02_430306,aneuploid,Tumor_epithelial_AT2,NMPR
BD_immune02_168064,aneuploid,Tumor_epithelial_AT2,NMPR
BD_immune02_790283,aneuploid,Tumor_epithelial_AT2,NMPR
BD_immune02_842539,aneuploid,Tumor_epithelial_AT2,NMPR
BD_immune02_619650,aneuploid,Tumor_epithelial_AT2,NMPR
BD_immune02_794462,aneuploid,Tumor_epithelial_AT2,NMPR
BD_immune02_200484,aneuploid,Tumor_epithelial_AT2,NMPR
BD_immune02_600452,aneuploid,Tumor_epithelial_AT2,NMPR
BD_immune02_670194,aneuploid,Tumor_epithelial_AT2,NMPR
BD_immune02_295023,aneuploid,Tumor_epithelial_AT2,NMPR
BD_immune02_675622,aneuploid,Tumor_epithelial_AT2,NMPR
BD_immune02_100732,aneuploid,Tumor_epithelial_AT2,NMPR
BD_immune02_105374,aneuploid,Tumor_epithelial_AT2,NMPR
BD_immune02_786513,aneuploid,Tumor_epithelial_AT2,NMPR
BD_immune02_271388,aneuploid,Tumor_epithelial_AT2,NMPR
BD_immune02_277424,aneuploid,Tumor_epithelial_AT2,NMPR
BD_immune02_180961,aneuploid,Tumor_epithelial_AT2,NMPR
BD_immune02_83855,aneuploid,Tumor_epithelial_AT2,NMPR
BD_immune02_800352,aneuploid,Tumor_epithelial_AT2,NMPR
BD_immune02_707662,aneuploid,Tumor_epithelial_AT2,NMPR
BD_immune02_328604,aneuploid,Tumor_epithelial_AT2,NMPR
BD_immune02_369022,aneuploid,Tumor_epithelial_AT2,NMPR
BD_immune02_121536,aneuploid,Tumor_epithelial_AT2,NMPR
BD_immune02_173791,aneuploid,Tumor_epithelial_AT2,NMPR
BD_immune02_578005,aneuploid,Tumor_epithelial_AT2,NMPR
BD_immune02_155705,aneuploid,Tumor_epithelial_AT2,NMPR
BD_immune02_834876,aneuploid,Tumor_epithelial_AT2,NMPR
BD_immune02_444935,aneuploid,Tumor_epithelial_AT2,NMPR
BD_immune02_555298,aneuploid,Tumor_epithelial_AT2,NMPR
BD_immune02_716126,aneuploid,Tumor_epithelial_AT2,NMPR
BD_immune02_321671,aneuploid,Tumor_epithelial_AT2,NMPR
BD_immune02_143160,aneuploid,Tumor_epithelial_AT2,NMPR
BD_immune02_810346,aneuploid,Tumor_epithelial_AT2,NMPR
BD_immune02_427285,aneuploid,Tumor_epithelial_AT2,NMPR
BD_immune02_458992,aneuploid,Tumor_epithelial_AT2,NMPR
BD_immune02_401551,aneuploid,Tumor_epithelial_AT2,NMPR
BD_immune02_399843,aneuploid,Tumor_epithelial_AT2,NMPR
BD_immune02_226574,aneuploid,Tumor_epithelial_AT2,NMPR
BD_immune02_671107,aneuploid,Tumor_epithelial_AT2,NMPR
BD_immune02_299189,aneuploid,Tumor_epithelial_AT2,NMPR
BD_immune02_34476,aneuploid,Tumor_epithelial_AT2,NMPR
BD_immune02_692902,aneuploid,Tumor_epithelial_AT2,NMPR
BD_immune02_513053,aneuploid,Tumor_epithelial_AT2,NMPR
BD_immune02_160660,aneuploid,Tumor_epithelial_AT2,NMPR
BD_immune02_364820,aneuploid,Tumor_epithelial_AT2,NMPR
BD_immune02_459632,aneuploid,Tumor_epithelial_AT2,NMPR
BD_immune02_434151,aneuploid,Tumor_epithelial_AT2,NMPR
BD_immune02_329174,aneuploid,Tumor_epithelial_AT2,NMPR
BD_immune02_615347,aneuploid,Tumor_epithelial_AT2,NMPR
BD_immune03_317995,aneuploid,Tumor_epithelial_AT2,MPR
BD_immune03_50086,aneuploid,Tumor_epithelial_AT2,MPR
BD_immune03_47684,aneuploid,Tumor_epithelial_AT2,MPR
BD_immune03_637041,aneuploid,Tumor_epithelial_AT2,MPR
BD_immune03_731484,aneuploid,Tumor_epithelial_AT2,MPR
BD_immune03_386850,aneuploid,Tumor_epithelial_AT2,MPR
BD_immune03_799194,aneuploid,Tumor_epithelial_AT2,MPR
BD_immune03_238580,aneuploid,Tumor_epithelial_AT2,MPR
BD_immune03_843264,aneuploid,Tumor_epithelial_AT2,MPR
BD_immune03_6914,aneuploid,Tumor_epithelial_AT2,MPR
BD_immune03_381940,aneuploid,Tumor_epithelial_AT2,MPR
BD_immune03_510199,aneuploid,Tumor_epithelial_AT2,MPR
BD_immune03_55699,aneuploid,Tumor_epithelial_AT2,MPR
BD_immune03_74541,aneuploid,Tumor_epithelial_AT2,MPR
BD_immune03_360603,aneuploid,Tumor_epithelial_AT2,MPR
BD_immune03_820668,aneuploid,Tumor_epithelial_AT2,MPR
BD_immune03_227982,aneuploid,Tumor_epithelial_AT2,MPR
BD_immune03_1431,aneuploid,Tumor_epithelial_AT2,MPR
BD_immune03_57194,aneuploid,Tumor_epithelial_AT2,MPR
BD_immune03_81307,aneuploid,Tumor_epithelial_AT2,MPR
BD_immune03_634668,aneuploid,Tumor_epithelial_AT2,MPR
BD_immune03_616094,aneuploid,Tumor_epithelial_AT2,MPR
BD_immune03_129389,aneuploid,Tumor_epithelial_AT2,MPR
BD_immune03_677823,aneuploid,Tumor_epithelial_AT2,MPR
BD_immune03_833248,aneuploid,Tumor_epithelial_AT2,MPR
BD_immune03_605648,aneuploid,Tumor_epithelial_AT2,MPR
BD_immune03_598870,aneuploid,Tumor_epithelial_AT2,MPR
BD_immune03_143260,aneuploid,Tumor_epithelial_AT2,MPR
BD_immune03_61879,aneuploid,Tumor_epithelial_AT2,MPR
BD_immune03_8786,aneuploid,Tumor_epithelial_AT2,MPR
BD_immune03_363479,aneuploid,Tumor_epithelial_AT2,MPR
BD_immune03_63271,aneuploid,Tumor_epithelial_AT2,MPR
BD_immune03_362788,aneuploid,Tumor_epithelial_AT2,MPR
BD_immune03_723770,aneuploid,Tumor_epithelial_AT2,MPR
BD_immune03_388582,aneuploid,Tumor_epithelial_AT2,MPR
BD_immune03_829838,aneuploid,Tumor_epithelial_AT2,MPR
BD_immune03_141370,aneuploid,Tumor_epithelial_AT2,MPR
BD_immune03_594085,aneuploid,Tumor_epithelial_AT2,MPR
BD_immune03_22349,aneuploid,Tumor_epithelial_AT2,MPR
BD_immune03_698089,aneuploid,Tumor_epithelial_AT2,MPR
BD_immune03_685879,aneuploid,Tumor_epithelial_AT2,MPR
BD_immune03_516905,aneuploid,Tumor_epithelial_AT2,MPR
BD_immune03_738486,aneuploid,Tumor_epithelial_AT2,MPR
BD_immune03_144995,aneuploid,Tumor_epithelial_AT2,MPR
BD_immune03_380019,aneuploid,Tumor_epithelial_AT2,MPR
BD_immune03_109107,aneuploid,Tumor_epithelial_AT2,MPR
BD_immune03_58079,aneuploid,Tumor_epithelial_AT2,MPR
BD_immune03_198237,aneuploid,Tumor_epithelial_AT2,MPR
BD_immune03_389078,aneuploid,Tumor_epithelial_AT2,MPR
BD_immune03_719961,aneuploid,Tumor_epithelial_AT2,MPR
BD_immune03_439546,aneuploid,Tumor_epithelial_AT2,MPR
BD_immune03_676358,aneuploid,Tumor_epithelial_AT2,MPR
BD_immune03_688047,aneuploid,Tumor_epithelial_AT2,MPR
BD_immune03_592102,aneuploid,Tumor_epithelial_AT2,MPR
BD_immune03_605834,aneuploid,Tumor_epithelial_AT2,MPR
BD_immune03_850167,aneuploid,Tumor_epithelial_AT2,MPR
BD_immune03_558353,aneuploid,Tumor_epithelial_AT2,MPR
BD_immune03_319776,aneuploid,Tumor_epithelial_AT2,MPR
BD_immune03_496704,aneuploid,Tumor_epithelial_AT2,MPR
BD_immune03_384150,aneuploid,Tumor_epithelial_AT2,MPR
BD_immune03_518500,aneuploid,Tumor_epithelial_AT2,MPR
BD_immune03_197719,aneuploid,Tumor_epithelial_AT2,MPR
BD_immune03_15605,aneuploid,Tumor_epithelial_AT2,MPR
BD_immune03_688512,aneuploid,Tumor_epithelial_AT2,MPR
BD_immune03_697391,aneuploid,Tumor_epithelial_AT2,MPR
BD_immune03_309520,aneuploid,Tumor_epithelial_AT2,MPR
BD_immune03_34419,aneuploid,Tumor_epithelial_AT2,MPR
BD_immune03_794780,aneuploid,Tumor_epithelial_AT2,MPR
BD_immune03_457439,aneuploid,Tumor_epithelial_AT2,MPR
BD_immune03_624379,aneuploid,Tumor_epithelial_AT2,MPR
BD_immune03_455820,aneuploid,Tumor_epithelial_AT2,MPR
BD_immune03_290861,aneuploid,Tumor_epithelial_AT2,MPR
BD_immune03_836890,aneuploid,Tumor_epithelial_AT2,MPR
BD_immune03_507713,aneuploid,Tumor_epithelial_AT2,MPR
BD_immune03_544522,aneuploid,Tumor_epithelial_AT2,MPR
BD_immune03_43110,aneuploid,Tumor_epithelial_AT2,MPR
BD_immune03_705637,aneuploid,Tumor_epithelial_AT2,MPR
BD_immune03_287603,aneuploid,Tumor_epithelial_AT2,MPR
BD_immune03_393298,aneuploid,Tumor_epithelial_AT2,MPR
BD_immune03_352581,aneuploid,Tumor_epithelial_AT2,MPR
BD_immune03_218892,aneuploid,Tumor_epithelial_AT2,MPR
BD_immune04_106071,aneuploid,Tumor_epithelial_AT2,NMPR
BD_immune04_757216,aneuploid,Tumor_epithelial_AT2,NMPR
BD_immune04_275547,aneuploid,Tumor_epithelial_AT2,NMPR
BD_immune04_215963,aneuploid,Tumor_epithelial_AT2,NMPR
BD_immune04_342549,aneuploid,Tumor_epithelial_AT2,NMPR
BD_immune04_323652,aneuploid,Tumor_epithelial_AT2,NMPR
BD_immune04_745329,aneuploid,Tumor_epithelial_AT2,NMPR
BD_immune04_151608,aneuploid,Tumor_epithelial_AT2,NMPR
BD_immune04_721137,aneuploid,Tumor_epithelial_AT2,NMPR
BD_immune04_535948,aneuploid,Tumor_epithelial_AT2,NMPR
BD_immune04_582057,aneuploid,Tumor_epithelial_AT2,NMPR
BD_immune04_438137,aneuploid,Tumor_epithelial_AT2,NMPR
BD_immune04_541404,aneuploid,Tumor_epithelial_AT2,NMPR
BD_immune04_683013,aneuploid,Tumor_epithelial_AT2,NMPR
BD_immune04_770298,aneuploid,Tumor_epithelial_AT2,NMPR
BD_immune04_621532,aneuploid,Tumor_epithelial_AT2,NMPR
BD_immune04_575141,aneuploid,Tumor_epithelial_AT2,NMPR
BD_immune04_772304,aneuploid,Tumor_epithelial_AT2,NMPR
BD_immune04_677209,aneuploid,Tumor_epithelial_AT2,NMPR
BD_immune04_759899,aneuploid,Tumor_epithelial_AT2,NMPR
BD_immune04_42552,aneuploid,Tumor_epithelial_AT2,NMPR
BD_immune04_803557,aneuploid,Tumor_epithelial_AT2,NMPR
BD_immune04_815875,aneuploid,Tumor_epithelial_AT2,NMPR
BD_immune04_619613,aneuploid,Tumor_epithelial_AT2,NMPR
BD_immune04_739381,aneuploid,Tumor_epithelial_AT2,NMPR
BD_immune04_249553,aneuploid,Tumor_epithelial_AT2,NMPR
BD_immune04_405013,aneuploid,Tumor_epithelial_AT2,NMPR
BD_immune04_511445,aneuploid,Tumor_epithelial_AT2,NMPR
BD_immune04_691251,aneuploid,Tumor_epithelial_AT2,NMPR
BD_immune04_571754,aneuploid,Tumor_epithelial_AT2,NMPR
BD_immune04_368444,aneuploid,Tumor_epithelial_AT2,NMPR
BD_immune04_528805,aneuploid,Tumor_epithelial_AT2,NMPR
BD_immune04_389573,aneuploid,Tumor_epithelial_AT2,NMPR
BD_immune04_502598,aneuploid,Tumor_epithelial_AT2,NMPR
BD_immune04_521427,aneuploid,Tumor_epithelial_AT2,NMPR
BD_immune04_666811,aneuploid,Tumor_epithelial_AT2,NMPR
BD_immune04_443664,aneuploid,Tumor_epithelial_AT2,NMPR
BD_immune04_501697,aneuploid,Tumor_epithelial_AT2,NMPR
BD_immune04_270581,aneuploid,Tumor_epithelial_AT2,NMPR
BD_immune04_382040,aneuploid,Tumor_epithelial_AT2,NMPR
BD_immune04_476885,aneuploid,Tumor_epithelial_AT2,NMPR
BD_immune04_516438,aneuploid,Tumor_epithelial_AT2,NMPR
BD_immune04_637103,aneuploid,Tumor_epithelial_AT2,NMPR
BD_immune04_312267,aneuploid,Tumor_epithelial_AT2,NMPR
BD_immune04_821412,aneuploid,Tumor_epithelial_AT2,NMPR
BD_immune04_685254,aneuploid,Tumor_epithelial_AT2,NMPR
BD_immune04_229625,aneuploid,Tumor_epithelial_AT2,NMPR
BD_immune04_617464,aneuploid,Tumor_epithelial_AT2,NMPR
BD_immune04_617063,aneuploid,Tumor_epithelial_AT2,NMPR
BD_immune04_59496,aneuploid,Tumor_epithelial_AT2,NMPR
BD_immune04_504541,aneuploid,Tumor_epithelial_AT2,NMPR
BD_immune04_158209,aneuploid,Tumor_epithelial_AT2,NMPR
BD_immune04_245247,aneuploid,Tumor_epithelial_AT2,NMPR
BD_immune04_446696,aneuploid,Tumor_epithelial_AT2,NMPR
BD_immune04_359158,aneuploid,Tumor_epithelial_AT2,NMPR
BD_immune04_386473,aneuploid,Tumor_epithelial_AT2,NMPR
BD_immune04_781398,aneuploid,Tumor_epithelial_AT2,NMPR
BD_immune04_791546,aneuploid,Tumor_epithelial_AT2,NMPR
BD_immune04_394101,aneuploid,Tumor_epithelial_AT2,NMPR
BD_immune04_871007,aneuploid,Tumor_epithelial_AT2,NMPR
BD_immune04_237235,aneuploid,Tumor_epithelial_AT2,NMPR
BD_immune04_717102,aneuploid,Tumor_epithelial_AT2,NMPR
BD_immune04_422164,aneuploid,Tumor_epithelial_AT2,NMPR
BD_immune04_522104,aneuploid,Tumor_epithelial_AT2,NMPR
BD_immune04_224125,aneuploid,Tumor_epithelial_AT2,NMPR
BD_immune04_407942,aneuploid,Tumor_epithelial_AT2,NMPR
BD_immune04_635176,aneuploid,Tumor_epithelial_AT2,NMPR
BD_immune04_462955,aneuploid,Tumor_epithelial_AT2,NMPR
BD_immune04_600505,aneuploid,Tumor_epithelial_AT2,NMPR
BD_immune04_724024,aneuploid,Tumor_epithelial_AT2,NMPR
BD_immune04_508731,aneuploid,Tumor_epithelial_AT2,NMPR
BD_immune04_601470,aneuploid,Tumor_epithelial_AT2,NMPR
BD_immune04_384481,aneuploid,Tumor_epithelial_AT2,NMPR
BD_immune04_218317,aneuploid,Tumor_epithelial_AT2,NMPR
BD_immune04_373757,aneuploid,Tumor_epithelial_AT2,NMPR
BD_immune04_721679,aneuploid,Tumor_epithelial_AT2,NMPR
BD_immune04_816137,aneuploid,Tumor_epithelial_AT2,NMPR
BD_immune04_48122,aneuploid,Tumor_epithelial_AT2,NMPR
BD_immune04_671060,aneuploid,Tumor_epithelial_AT2,NMPR
BD_immune04_91860,aneuploid,Tumor_epithelial_AT2,NMPR
BD_immune04_191759,aneuploid,Tumor_epithelial_AT2,NMPR
BD_immune04_483749,aneuploid,Tumor_epithelial_AT2,NMPR
BD_immune04_258680,aneuploid,Tumor_epithelial_AT2,NMPR
BD_immune04_671546,aneuploid,Tumor_epithelial_AT2,NMPR
BD_immune04_181655,aneuploid,Tumor_epithelial_AT2,NMPR
BD_immune04_470041,aneuploid,Tumor_epithelial_AT2,NMPR
BD_immune04_359582,aneuploid,Tumor_epithelial_AT2,NMPR
BD_immune04_169171,aneuploid,Tumor_epithelial_AT2,NMPR
BD_immune04_266783,aneuploid,Tumor_epithelial_AT2,NMPR
BD_immune04_265666,aneuploid,Tumor_epithelial_AT2,NMPR
BD_immune04_256672,aneuploid,Tumor_epithelial_AT2,NMPR
BD_immune04_119682,aneuploid,Tumor_epithelial_AT2,NMPR
BD_immune04_867797,aneuploid,Tumor_epithelial_AT2,NMPR
BD_immune04_399094,aneuploid,Tumor_epithelial_AT2,NMPR
BD_immune04_576315,aneuploid,Tumor_epithelial_AT2,NMPR
BD_immune04_239686,aneuploid,Tumor_epithelial_AT2,NMPR
BD_immune04_849380,aneuploid,Tumor_epithelial_AT2,NMPR
BD_immune04_169178,aneuploid,Tumor_epithelial_AT2,NMPR
BD_immune04_539832,aneuploid,Tumor_epithelial_AT2,NMPR
BD_immune04_266721,aneuploid,Tumor_epithelial_AT2,NMPR
BD_immune04_550755,aneuploid,Tumor_epithelial_AT2,NMPR
BD_immune04_293314,aneuploid,Tumor_epithelial_AT2,NMPR
BD_immune04_57720,aneuploid,Tumor_epithelial_AT2,NMPR
BD_immune04_51512,aneuploid,Tumor_epithelial_AT2,NMPR
BD_immune04_600862,aneuploid,Tumor_epithelial_AT2,NMPR
BD_immune04_278621,aneuploid,Tumor_epithelial_AT2,NMPR
BD_immune04_9952,aneuploid,Tumor_epithelial_AT2,NMPR
BD_immune04_790398,aneuploid,Tumor_epithelial_AT2,NMPR
BD_immune04_727537,aneuploid,Tumor_epithelial_AT2,NMPR
BD_immune04_327918,aneuploid,Tumor_epithelial_AT2,NMPR
BD_immune04_595044,aneuploid,Tumor_epithelial_AT2,NMPR
BD_immune04_619357,aneuploid,Tumor_epithelial_AT2,NMPR
BD_immune04_548799,aneuploid,Tumor_epithelial_AT2,NMPR
BD_immune04_730176,aneuploid,Tumor_epithelial_AT2,NMPR
BD_immune04_243277,aneuploid,Tumor_epithelial_AT2,NMPR
BD_immune04_847080,aneuploid,Tumor_epithelial_AT2,NMPR
BD_immune04_745194,aneuploid,Tumor_epithelial_AT2,NMPR
BD_immune04_30469,aneuploid,Tumor_epithelial_AT2,NMPR
BD_immune04_589802,aneuploid,Tumor_epithelial_AT2,NMPR
BD_immune04_534717,aneuploid,Tumor_epithelial_AT2,NMPR
BD_immune04_148572,aneuploid,Tumor_epithelial_AT2,NMPR
BD_immune04_684320,aneuploid,Tumor_epithelial_AT2,NMPR
BD_immune07_41245,aneuploid,Tumor_epithelial_AT2,NMPR
BD_immune07_584328,aneuploid,Tumor_epithelial_AT2,NMPR
BD_immune07_29023,aneuploid,Tumor_epithelial_AT2,NMPR
BD_immune07_308048,aneuploid,Tumor_epithelial_AT2,NMPR
BD_immune07_607561,aneuploid,Tumor_epithelial_AT2,NMPR
BD_immune07_23282,aneuploid,Tumor_epithelial_AT2,NMPR
BD_immune07_568792,aneuploid,Tumor_epithelial_AT2,NMPR
BD_immune07_186458,aneuploid,Tumor_epithelial_AT2,NMPR
BD_immune07_718929,aneuploid,Tumor_epithelial_AT2,NMPR
BD_immune07_178286,aneuploid,Tumor_epithelial_AT2,NMPR
BD_immune07_441972,aneuploid,Tumor_epithelial_AT2,NMPR
BD_immune07_720767,aneuploid,Tumor_epithelial_AT2,NMPR
BD_immune07_770551,aneuploid,Tumor_epithelial_AT2,NMPR
BD_immune07_33101,aneuploid,Tumor_epithelial_AT2,NMPR
BD_immune07_209328,aneuploid,Tumor_epithelial_AT2,NMPR
BD_immune07_632903,aneuploid,Tumor_epithelial_AT2,NMPR
BD_immune07_352709,aneuploid,Tumor_epithelial_AT2,NMPR
BD_immune07_398201,aneuploid,Tumor_epithelial_AT2,NMPR
BD_immune07_389282,aneuploid,Tumor_epithelial_AT2,NMPR
BD_immune07_806050,aneuploid,Tumor_epithelial_AT2,NMPR
BD_immune07_277267,aneuploid,Tumor_epithelial_AT2,NMPR
BD_immune07_217232,aneuploid,Tumor_epithelial_AT2,NMPR
BD_immune07_120899,aneuploid,Tumor_epithelial_AT2,NMPR
BD_immune07_713276,aneuploid,Tumor_epithelial_AT2,NMPR
BD_immune07_188038,aneuploid,Tumor_epithelial_AT2,NMPR
BD_immune07_224222,aneuploid,Tumor_epithelial_AT2,NMPR
BD_immune07_38392,aneuploid,Tumor_epithelial_AT2,NMPR
BD_immune07_844750,aneuploid,Tumor_epithelial_AT2,NMPR
BD_immune07_49370,aneuploid,Tumor_epithelial_AT2,NMPR
BD_immune07_874983,aneuploid,Tumor_epithelial_AT2,NMPR
BD_immune07_855718,aneuploid,Tumor_epithelial_AT2,NMPR
BD_immune07_70374,aneuploid,Tumor_epithelial_AT2,NMPR
BD_immune07_424959,aneuploid,Tumor_epithelial_AT2,NMPR
BD_immune07_125714,aneuploid,Tumor_epithelial_AT2,NMPR
BD_immune07_91235,aneuploid,Tumor_epithelial_AT2,NMPR
BD_immune07_499095,aneuploid,Tumor_epithelial_AT2,NMPR
BD_immune07_485756,aneuploid,Tumor_epithelial_AT2,NMPR
BD_immune07_852151,aneuploid,Tumor_epithelial_AT2,NMPR
BD_immune07_363543,aneuploid,Tumor_epithelial_AT2,NMPR
BD_immune07_22159,aneuploid,Tumor_epithelial_AT2,NMPR
BD_immune07_533500,aneuploid,Tumor_epithelial_AT2,NMPR
BD_immune07_182533,aneuploid,Tumor_epithelial_AT2,NMPR
BD_immune07_635682,aneuploid,Tumor_epithelial_AT2,NMPR
BD_immune07_250862,aneuploid,Tumor_epithelial_AT2,NMPR
BD_immune07_710452,aneuploid,Tumor_epithelial_AT2,NMPR
BD_immune07_741832,aneuploid,Tumor_epithelial_AT2,NMPR
BD_immune07_284329,aneuploid,Tumor_epithelial_AT2,NMPR
BD_immune07_454388,aneuploid,Tumor_epithelial_AT2,NMPR
BD_immune07_15833,aneuploid,Tumor_epithelial_AT2,NMPR
BD_immune07_201689,aneuploid,Tumor_epithelial_AT2,NMPR
BD_immune07_362072,aneuploid,Tumor_epithelial_AT2,NMPR
BD_immune07_376884,aneuploid,Tumor_epithelial_AT2,NMPR
BD_immune07_634849,aneuploid,Tumor_epithelial_AT2,NMPR
BD_immune07_845419,aneuploid,Tumor_epithelial_AT2,NMPR
BD_immune07_596627,aneuploid,Tumor_epithelial_AT2,NMPR
BD_immune07_599893,aneuploid,Tumor_epithelial_AT2,NMPR
BD_immune07_556661,aneuploid,Tumor_epithelial_AT2,NMPR
BD_immune07_127009,aneuploid,Tumor_epithelial_AT2,NMPR
BD_immune07_124312,aneuploid,Tumor_epithelial_AT2,NMPR
BD_immune07_254758,aneuploid,Tumor_epithelial_AT2,NMPR
BD_immune07_668885,aneuploid,Tumor_epithelial_AT2,NMPR
BD_immune07_741473,aneuploid,Tumor_epithelial_AT2,NMPR
BD_immune07_443876,aneuploid,Tumor_epithelial_AT2,NMPR
BD_immune07_187451,aneuploid,Tumor_epithelial_AT2,NMPR
BD_immune07_793901,aneuploid,Tumor_epithelial_AT2,NMPR
BD_immune07_546730,aneuploid,Tumor_epithelial_AT2,NMPR
BD_immune07_457429,aneuploid,Tumor_epithelial_AT2,NMPR
BD_immune07_691596,aneuploid,Tumor_epithelial_AT2,NMPR
BD_immune07_133616,aneuploid,Tumor_epithelial_AT2,NMPR
BD_immune07_124240,aneuploid,Tumor_epithelial_AT2,NMPR
BD_immune07_876513,aneuploid,Tumor_epithelial_AT2,NMPR
BD_immune07_282657,aneuploid,Tumor_epithelial_AT2,NMPR
BD_immune07_62025,aneuploid,Tumor_epithelial_AT2,NMPR
BD_immune07_177118,aneuploid,Tumor_epithelial_AT2,NMPR
BD_immune07_552584,aneuploid,Tumor_epithelial_AT2,NMPR
BD_immune07_442309,aneuploid,Tumor_epithelial_AT2,NMPR
BD_immune07_424715,aneuploid,Tumor_epithelial_AT2,NMPR
BD_immune07_633164,aneuploid,Tumor_epithelial_AT2,NMPR
BD_immune07_469864,aneuploid,Tumor_epithelial_AT2,NMPR
BD_immune07_776312,aneuploid,Tumor_epithelial_AT2,NMPR
BD_immune07_370116,aneuploid,Tumor_epithelial_AT2,NMPR
BD_immune07_674220,aneuploid,Tumor_epithelial_AT2,NMPR
BD_immune07_826213,aneuploid,Tumor_epithelial_AT2,NMPR
BD_immune07_418823,aneuploid,Tumor_epithelial_AT2,NMPR
BD_immune07_379111,aneuploid,Tumor_epithelial_AT2,NMPR
BD_immune07_124488,aneuploid,Tumor_epithelial_AT2,NMPR
BD_immune07_417903,aneuploid,Tumor_epithelial_AT2,NMPR
BD_immune07_651030,aneuploid,Tumor_epithelial_AT2,NMPR
BD_immune07_428628,aneuploid,Tumor_epithelial_AT2,NMPR
BD_immune07_203878,aneuploid,Tumor_epithelial_AT2,NMPR
BD_immune07_346710,aneuploid,Tumor_epithelial_AT2,NMPR
BD_immune07_485484,aneuploid,Tumor_epithelial_AT2,NMPR
BD_immune07_82960,aneuploid,Tumor_epithelial_AT2,NMPR
BD_immune07_574477,aneuploid,Tumor_epithelial_AT2,NMPR
BD_immune07_570474,aneuploid,Tumor_epithelial_AT2,NMPR
BD_immune07_673869,aneuploid,Tumor_epithelial_AT2,NMPR
BD_immune07_806342,aneuploid,Tumor_epithelial_AT2,NMPR
BD_immune07_657086,aneuploid,Tumor_epithelial_AT2,NMPR
BD_immune07_296763,aneuploid,Tumor_epithelial_AT2,NMPR
BD_immune07_661585,aneuploid,Tumor_epithelial_AT2,NMPR
BD_immune07_859156,aneuploid,Tumor_epithelial_AT2,NMPR
BD_immune07_363900,aneuploid,Tumor_epithelial_AT2,NMPR
BD_immune07_180240,aneuploid,Tumor_epithelial_AT2,NMPR
BD_immune07_1645,aneuploid,Tumor_epithelial_AT2,NMPR
BD_immune07_312048,aneuploid,Tumor_epithelial_AT2,NMPR
BD_immune07_807547,aneuploid,Tumor_epithelial_AT2,NMPR
BD_immune07_775139,aneuploid,Tumor_epithelial_AT2,NMPR
BD_immune07_135131,aneuploid,Tumor_epithelial_AT2,NMPR
BD_immune07_759989,aneuploid,Tumor_epithelial_AT2,NMPR
BD_immune07_44142,aneuploid,Tumor_epithelial_AT2,NMPR
BD_immune07_74782,aneuploid,Tumor_epithelial_AT2,NMPR
BD_immune07_125307,aneuploid,Tumor_epithelial_AT2,NMPR
BD_immune07_9391,aneuploid,Tumor_epithelial_AT2,NMPR
BD_immune07_352064,aneuploid,Tumor_epithelial_AT2,NMPR
BD_immune07_849388,aneuploid,Tumor_epithelial_AT2,NMPR
BD_immune07_9257,aneuploid,Tumor_epithelial_AT2,NMPR
BD_immune07_654295,aneuploid,Tumor_epithelial_AT2,NMPR
BD_immune07_50027,aneuploid,Tumor_epithelial_AT2,NMPR
BD_immune07_295990,aneuploid,Tumor_epithelial_AT2,NMPR
BD_immune07_335772,aneuploid,Tumor_epithelial_AT2,NMPR
BD_immune07_69002,aneuploid,Tumor_epithelial_AT2,NMPR
BD_immune07_514859,aneuploid,Tumor_epithelial_AT2,NMPR
BD_immune07_12844,aneuploid,Tumor_epithelial_AT2,NMPR
BD_immune07_674636,aneuploid,Tumor_epithelial_AT2,NMPR
BD_immune07_205604,aneuploid,Tumor_epithelial_AT2,NMPR
BD_immune07_204556,aneuploid,Tumor_epithelial_AT2,NMPR
BD_immune07_558041,aneuploid,Tumor_epithelial_AT2,NMPR
BD_immune07_59644,aneuploid,Tumor_epithelial_AT2,NMPR
BD_immune07_290505,aneuploid,Tumor_epithelial_AT2,NMPR
BD_immune07_683567,aneuploid,Tumor_epithelial_AT2,NMPR
BD_immune07_496229,aneuploid,Tumor_epithelial_AT2,NMPR
BD_immune07_353938,aneuploid,Tumor_epithelial_AT2,NMPR
BD_immune07_768546,aneuploid,Tumor_epithelial_AT2,NMPR
BD_immune07_582536,aneuploid,Tumor_epithelial_AT2,NMPR
BD_immune07_614411,aneuploid,Tumor_epithelial_AT2,NMPR
BD_immune07_340219,aneuploid,Tumor_epithelial_AT2,NMPR
BD_immune07_777874,aneuploid,Tumor_epithelial_AT2,NMPR
BD_immune07_352221,aneuploid,Tumor_epithelial_AT2,NMPR
BD_immune07_362797,aneuploid,Tumor_epithelial_AT2,NMPR
BD_immune07_458899,aneuploid,Tumor_epithelial_AT2,NMPR
BD_immune07_537535,aneuploid,Tumor_epithelial_AT2,NMPR
BD_immune07_766055,aneuploid,Tumor_epithelial_AT2,NMPR
BD_immune07_218633,aneuploid,Tumor_epithelial_AT2,NMPR
BD_immune07_293059,aneuploid,Tumor_epithelial_AT2,NMPR
BD_immune07_778790,aneuploid,Tumor_epithelial_AT2,NMPR
BD_immune07_626233,aneuploid,Tumor_epithelial_AT2,NMPR
BD_immune07_753327,aneuploid,Tumor_epithelial_AT2,NMPR
BD_immune07_752589,aneuploid,Tumor_epithelial_AT2,NMPR
BD_immune07_64355,aneuploid,Tumor_epithelial_AT2,NMPR
BD_immune07_34188,aneuploid,Tumor_epithelial_AT2,NMPR
BD_immune07_851086,aneuploid,Tumor_epithelial_AT2,NMPR
BD_immune07_287750,aneuploid,Tumor_epithelial_AT2,NMPR
BD_immune07_196406,aneuploid,Tumor_epithelial_AT2,NMPR
BD_immune07_206490,aneuploid,Tumor_epithelial_AT2,NMPR
BD_immune07_638977,aneuploid,Tumor_epithelial_AT2,NMPR
BD_immune07_456784,aneuploid,Tumor_epithelial_AT2,NMPR
BD_immune07_353888,aneuploid,Tumor_epithelial_AT2,NMPR
BD_immune07_10270,aneuploid,Tumor_epithelial_AT2,NMPR
BD_immune07_519240,aneuploid,Tumor_epithelial_AT2,NMPR
BD_immune07_174405,aneuploid,Tumor_epithelial_AT2,NMPR
BD_immune07_273586,aneuploid,Tumor_epithelial_AT2,NMPR
BD_immune07_265682,aneuploid,Tumor_epithelial_AT2,NMPR
BD_immune07_170672,aneuploid,Tumor_epithelial_AT2,NMPR
BD_immune07_544152,aneuploid,Tumor_epithelial_AT2,NMPR
BD_immune07_542843,aneuploid,Tumor_epithelial_AT2,NMPR
BD_immune07_172911,aneuploid,Tumor_epithelial_AT2,NMPR
BD_immune07_456309,aneuploid,Tumor_epithelial_AT2,NMPR
BD_immune07_198160,aneuploid,Tumor_epithelial_AT2,NMPR
BD_immune07_164839,aneuploid,Tumor_epithelial_AT2,NMPR
BD_immune07_679387,aneuploid,Tumor_epithelial_AT2,NMPR
BD_immune07_811960,aneuploid,Tumor_epithelial_AT2,NMPR
BD_immune07_324915,aneuploid,Tumor_epithelial_AT2,NMPR
BD_immune07_225441,aneuploid,Tumor_epithelial_AT2,NMPR
BD_immune07_336940,aneuploid,Tumor_epithelial_AT2,NMPR
BD_immune07_483477,aneuploid,Tumor_epithelial_AT2,NMPR
BD_immune07_807298,aneuploid,Tumor_epithelial_AT2,NMPR
BD_immune07_771003,aneuploid,Tumor_epithelial_AT2,NMPR
BD_immune07_687607,aneuploid,Tumor_epithelial_AT2,NMPR
BD_immune07_317790,aneuploid,Tumor_epithelial_AT2,NMPR
BD_immune07_545474,aneuploid,Tumor_epithelial_AT2,NMPR
BD_immune07_811070,aneuploid,Tumor_epithelial_AT2,NMPR
BD_immune07_814243,aneuploid,Tumor_epithelial_AT2,NMPR
BD_immune07_732195,aneuploid,Tumor_epithelial_AT2,NMPR
BD_immune07_625539,aneuploid,Tumor_epithelial_AT2,NMPR
BD_immune07_23168,aneuploid,Tumor_epithelial_AT2,NMPR
BD_immune07_765829,aneuploid,Tumor_epithelial_AT2,NMPR
BD_immune07_665898,aneuploid,Tumor_epithelial_AT2,NMPR
BD_immune07_654568,aneuploid,Tumor_epithelial_AT2,NMPR
BD_immune07_413768,aneuploid,Tumor_epithelial_AT2,NMPR
BD_immune07_756228,aneuploid,Tumor_epithelial_AT2,NMPR
BD_immune07_257891,aneuploid,Tumor_epithelial_AT2,NMPR
BD_immune07_149027,aneuploid,Tumor_epithelial_AT2,NMPR
BD_immune07_776872,aneuploid,Tumor_epithelial_AT2,NMPR
BD_immune07_794108,aneuploid,Tumor_epithelial_AT2,NMPR
BD_immune07_826075,aneuploid,Tumor_epithelial_AT2,NMPR
BD_immune07_269049,aneuploid,Tumor_epithelial_AT2,NMPR
BD_immune07_370650,aneuploid,Tumor_epithelial_AT2,NMPR
BD_immune07_493284,aneuploid,Tumor_epithelial_AT2,NMPR
BD_immune07_824034,aneuploid,Tumor_epithelial_AT2,NMPR
BD_immune07_460120,aneuploid,Tumor_epithelial_AT2,NMPR
BD_immune07_385387,aneuploid,Tumor_epithelial_AT2,NMPR
BD_immune07_642642,aneuploid,Tumor_epithelial_AT2,NMPR
BD_immune07_90449,aneuploid,Tumor_epithelial_AT2,NMPR
BD_immune07_847714,aneuploid,Tumor_epithelial_AT2,NMPR
BD_immune07_813667,aneuploid,Tumor_epithelial_AT2,NMPR
BD_immune07_36217,aneuploid,Tumor_epithelial_AT2,NMPR
BD_immune07_46748,aneuploid,Tumor_epithelial_AT2,NMPR
BD_immune07_114024,aneuploid,Tumor_epithelial_AT2,NMPR
BD_immune07_741925,aneuploid,Tumor_epithelial_AT2,NMPR
BD_immune07_370214,aneuploid,Tumor_epithelial_AT2,NMPR
BD_immune07_86905,aneuploid,Tumor_epithelial_AT2,NMPR
BD_immune07_806041,aneuploid,Tumor_epithelial_AT2,NMPR
BD_immune07_331454,aneuploid,Tumor_epithelial_AT2,NMPR
BD_immune07_145957,aneuploid,Tumor_epithelial_AT2,NMPR
BD_immune07_785604,aneuploid,Tumor_epithelial_AT2,NMPR
BD_immune07_704086,aneuploid,Tumor_epithelial_AT2,NMPR
BD_immune07_412662,aneuploid,Tumor_epithelial_AT2,NMPR
BD_immune07_472795,aneuploid,Tumor_epithelial_AT2,NMPR
BD_immune07_341831,aneuploid,Tumor_epithelial_AT2,NMPR
BD_immune07_651376,aneuploid,Tumor_epithelial_AT2,NMPR
BD_immune07_852249,aneuploid,Tumor_epithelial_AT2,NMPR
BD_immune07_333680,aneuploid,Tumor_epithelial_AT2,NMPR
BD_immune07_713281,aneuploid,Tumor_epithelial_AT2,NMPR
BD_immune07_12815,aneuploid,Tumor_epithelial_AT2,NMPR
BD_immune07_840471,aneuploid,Tumor_epithelial_AT2,NMPR
BD_immune07_4906,aneuploid,Tumor_epithelial_AT2,NMPR
BD_immune07_364615,aneuploid,Tumor_epithelial_AT2,NMPR
BD_immune07_83929,aneuploid,Tumor_epithelial_AT2,NMPR
BD_immune07_627770,aneuploid,Tumor_epithelial_AT2,NMPR
BD_immune07_88108,aneuploid,Tumor_epithelial_AT2,NMPR
BD_immune07_131253,aneuploid,Tumor_epithelial_AT2,NMPR
BD_immune07_743217,aneuploid,Tumor_epithelial_AT2,NMPR
BD_immune07_588714,aneuploid,Tumor_epithelial_AT2,NMPR
BD_immune07_83597,aneuploid,Tumor_epithelial_AT2,NMPR
BD_immune07_184703,aneuploid,Tumor_epithelial_AT2,NMPR
BD_immune07_732595,aneuploid,Tumor_epithelial_AT2,NMPR
BD_immune07_264031,aneuploid,Tumor_epithelial_AT2,NMPR
BD_immune07_198339,aneuploid,Tumor_epithelial_AT2,NMPR
BD_immune07_526651,aneuploid,Tumor_epithelial_AT2,NMPR
BD_immune07_851215,aneuploid,Tumor_epithelial_AT2,NMPR
BD_immune07_811612,aneuploid,Tumor_epithelial_AT2,NMPR
BD_immune07_869112,aneuploid,Tumor_epithelial_AT2,NMPR
BD_immune07_159664,aneuploid,Tumor_epithelial_AT2,NMPR
BD_immune07_354293,aneuploid,Tumor_epithelial_AT2,NMPR
BD_immune07_422325,aneuploid,Tumor_epithelial_AT2,NMPR
BD_immune07_253935,aneuploid,Tumor_epithelial_AT2,NMPR
BD_immune07_108792,aneuploid,Tumor_epithelial_AT2,NMPR
BD_immune07_3060,aneuploid,Tumor_epithelial_AT2,NMPR
BD_immune07_259981,aneuploid,Tumor_epithelial_AT2,NMPR
BD_immune07_39652,aneuploid,Tumor_epithelial_AT2,NMPR
BD_immune07_515296,aneuploid,Tumor_epithelial_AT2,NMPR
BD_immune07_440468,aneuploid,Tumor_epithelial_AT2,NMPR
BD_immune07_53182,aneuploid,Tumor_epithelial_AT2,NMPR
BD_immune07_726995,aneuploid,Tumor_epithelial_AT2,NMPR
BD_immune07_315691,aneuploid,Tumor_epithelial_AT2,NMPR
BD_immune07_313674,aneuploid,Tumor_epithelial_AT2,NMPR
BD_immune07_196999,aneuploid,Tumor_epithelial_AT2,NMPR
BD_immune07_787964,aneuploid,Tumor_epithelial_AT2,NMPR
BD_immune07_292755,aneuploid,Tumor_epithelial_AT2,NMPR
BD_immune07_94090,aneuploid,Tumor_epithelial_AT2,NMPR
BD_immune07_178401,aneuploid,Tumor_epithelial_AT2,NMPR
BD_immune07_676831,aneuploid,Tumor_epithelial_AT2,NMPR
BD_immune07_281600,aneuploid,Tumor_epithelial_AT2,NMPR
BD_immune07_802881,aneuploid,Tumor_epithelial_AT2,NMPR
BD_immune07_121263,aneuploid,Tumor_epithelial_AT2,NMPR
BD_immune07_588070,aneuploid,Tumor_epithelial_AT2,NMPR
BD_immune07_580723,aneuploid,Tumor_epithelial_AT2,NMPR
BD_immune07_551849,aneuploid,Tumor_epithelial_AT2,NMPR
BD_immune07_883459,aneuploid,Tumor_epithelial_AT2,NMPR
BD_immune07_92858,aneuploid,Tumor_epithelial_AT2,NMPR
BD_immune07_389851,aneuploid,Tumor_epithelial_AT2,NMPR
BD_immune07_206422,aneuploid,Tumor_epithelial_AT2,NMPR
BD_immune07_265931,aneuploid,Tumor_epithelial_AT2,NMPR
BD_immune07_174018,aneuploid,Tumor_epithelial_AT2,NMPR
BD_immune07_327152,aneuploid,Tumor_epithelial_AT2,NMPR
BD_immune07_775056,aneuploid,Tumor_epithelial_AT2,NMPR
BD_immune07_741745,aneuploid,Tumor_epithelial_AT2,NMPR
BD_immune07_126919,aneuploid,Tumor_epithelial_AT2,NMPR
BD_immune07_329012,aneuploid,Tumor_epithelial_AT2,NMPR
BD_immune07_60069,aneuploid,Tumor_epithelial_AT2,NMPR
BD_immune07_537030,aneuploid,Tumor_epithelial_AT2,NMPR
BD_immune07_860998,aneuploid,Tumor_epithelial_AT2,NMPR
BD_immune07_490576,aneuploid,Tumor_epithelial_AT2,NMPR
BD_immune07_384579,aneuploid,Tumor_epithelial_AT2,NMPR
BD_immune07_703814,aneuploid,Tumor_epithelial_AT2,NMPR
BD_immune07_777463,aneuploid,Tumor_epithelial_AT2,NMPR
BD_immune07_153521,aneuploid,Tumor_epithelial_AT2,NMPR
BD_immune07_803979,aneuploid,Tumor_epithelial_AT2,NMPR
BD_immune07_669760,aneuploid,Tumor_epithelial_AT2,NMPR
BD_immune07_814171,aneuploid,Tumor_epithelial_AT2,NMPR
BD_immune07_11988,aneuploid,Tumor_epithelial_AT2,NMPR
BD_immune07_564702,aneuploid,Tumor_epithelial_AT2,NMPR
BD_immune07_542035,aneuploid,Tumor_epithelial_AT2,NMPR
BD_immune07_257445,aneuploid,Tumor_epithelial_AT2,NMPR
BD_immune07_511525,aneuploid,Tumor_epithelial_AT2,NMPR
BD_immune07_34682,aneuploid,Tumor_epithelial_AT2,NMPR
BD_immune07_702243,aneuploid,Tumor_epithelial_AT2,NMPR
BD_immune07_350477,aneuploid,Tumor_epithelial_AT2,NMPR
BD_immune07_807370,aneuploid,Tumor_epithelial_AT2,NMPR
BD_immune07_19271,aneuploid,Tumor_epithelial_AT2,NMPR
BD_immune07_52456,aneuploid,Tumor_epithelial_AT2,NMPR
BD_immune07_629604,aneuploid,Tumor_epithelial_AT2,NMPR
BD_immune07_664190,aneuploid,Tumor_epithelial_AT2,NMPR
BD_immune07_702982,aneuploid,Tumor_epithelial_AT2,NMPR
BD_immune07_551665,aneuploid,Tumor_epithelial_AT2,NMPR
BD_immune07_153434,aneuploid,Tumor_epithelial_AT2,NMPR
BD_immune07_307271,aneuploid,Tumor_epithelial_AT2,NMPR
BD_immune07_760394,aneuploid,Tumor_epithelial_AT2,NMPR
BD_immune07_146748,aneuploid,Tumor_epithelial_AT2,NMPR
BD_immune07_429628,aneuploid,Tumor_epithelial_AT2,NMPR
BD_immune07_859782,aneuploid,Tumor_epithelial_AT2,NMPR
BD_immune07_486874,aneuploid,Tumor_epithelial_AT2,NMPR
BD_immune07_303392,aneuploid,Tumor_epithelial_AT2,NMPR
BD_immune07_774898,aneuploid,Tumor_epithelial_AT2,NMPR
BD_immune07_232202,aneuploid,Tumor_epithelial_AT2,NMPR
BD_immune07_596968,aneuploid,Tumor_epithelial_AT2,NMPR
BD_immune07_841135,aneuploid,Tumor_epithelial_AT2,NMPR
BD_immune07_420306,aneuploid,Tumor_epithelial_AT2,NMPR
BD_immune07_877093,aneuploid,Tumor_epithelial_AT2,NMPR
BD_immune07_390381,aneuploid,Tumor_epithelial_AT2,NMPR
BD_immune07_138361,aneuploid,Tumor_epithelial_AT2,NMPR
BD_immune07_313257,aneuploid,Tumor_epithelial_AT2,NMPR
BD_immune07_616768,aneuploid,Tumor_epithelial_AT2,NMPR
BD_immune07_212151,aneuploid,Tumor_epithelial_AT2,NMPR
BD_immune07_80092,aneuploid,Tumor_epithelial_AT2,NMPR
BD_immune07_606163,aneuploid,Tumor_epithelial_AT2,NMPR
BD_immune07_795391,aneuploid,Tumor_epithelial_AT2,NMPR
BD_immune07_200137,aneuploid,Tumor_epithelial_AT2,NMPR
BD_immune07_139850,aneuploid,Tumor_epithelial_AT2,NMPR
BD_immune07_411478,aneuploid,Tumor_epithelial_AT2,NMPR
BD_immune07_182778,aneuploid,Tumor_epithelial_AT2,NMPR
BD_immune07_295314,aneuploid,Tumor_epithelial_AT2,NMPR
BD_immune07_536520,aneuploid,Tumor_epithelial_AT2,NMPR
BD_immune07_778886,aneuploid,Tumor_epithelial_AT2,NMPR
BD_immune07_257838,aneuploid,Tumor_epithelial_AT2,NMPR
BD_immune07_450278,aneuploid,Tumor_epithelial_AT2,NMPR
BD_immune07_502545,aneuploid,Tumor_epithelial_AT2,NMPR
BD_immune07_413721,aneuploid,Tumor_epithelial_AT2,NMPR
BD_immune07_210052,aneuploid,Tumor_epithelial_AT2,NMPR
BD_immune07_258826,aneuploid,Tumor_epithelial_AT2,NMPR
BD_immune07_877493,aneuploid,Tumor_epithelial_AT2,NMPR
BD_immune07_445453,aneuploid,Tumor_epithelial_AT2,NMPR
BD_immune07_838270,aneuploid,Tumor_epithelial_AT2,NMPR
BD_immune07_309201,aneuploid,Tumor_epithelial_AT2,NMPR
BD_immune07_578513,aneuploid,Tumor_epithelial_AT2,NMPR
BD_immune07_354336,aneuploid,Tumor_epithelial_AT2,NMPR
BD_immune07_631271,aneuploid,Tumor_epithelial_AT2,NMPR
BD_immune07_732557,aneuploid,Tumor_epithelial_AT2,NMPR
BD_immune07_617372,aneuploid,Tumor_epithelial_AT2,NMPR
BD_immune07_705808,aneuploid,Tumor_epithelial_AT2,NMPR
BD_immune07_801632,aneuploid,Tumor_epithelial_AT2,NMPR
BD_immune07_18569,aneuploid,Tumor_epithelial_AT2,NMPR
BD_immune07_675479,aneuploid,Tumor_epithelial_AT2,NMPR
BD_immune07_135415,aneuploid,Tumor_epithelial_AT2,NMPR
BD_immune07_226011,aneuploid,Tumor_epithelial_AT2,NMPR
BD_immune07_845309,aneuploid,Tumor_epithelial_AT2,NMPR
BD_immune07_370961,aneuploid,Tumor_epithelial_AT2,NMPR
BD_immune07_703872,aneuploid,Tumor_epithelial_AT2,NMPR
BD_immune07_610078,aneuploid,Tumor_epithelial_AT2,NMPR
BD_immune07_709181,aneuploid,Tumor_epithelial_AT2,NMPR
BD_immune07_142512,aneuploid,Tumor_epithelial_AT2,NMPR
BD_immune07_446004,aneuploid,Tumor_epithelial_AT2,NMPR
BD_immune07_232321,aneuploid,Tumor_epithelial_AT2,NMPR
BD_immune07_528564,aneuploid,Tumor_epithelial_AT2,NMPR
BD_immune07_581823,aneuploid,Tumor_epithelial_AT2,NMPR
BD_immune07_57898,aneuploid,Tumor_epithelial_AT2,NMPR
BD_immune07_413116,aneuploid,Tumor_epithelial_AT2,NMPR
BD_immune07_342702,aneuploid,Tumor_epithelial_AT2,NMPR
BD_immune07_722805,aneuploid,Tumor_epithelial_AT2,NMPR
BD_immune07_766473,aneuploid,Tumor_epithelial_AT2,NMPR
BD_immune07_288224,aneuploid,Tumor_epithelial_AT2,NMPR
BD_immune07_655805,aneuploid,Tumor_epithelial_AT2,NMPR
BD_immune07_2006,aneuploid,Tumor_epithelial_AT2,NMPR
BD_immune07_428510,aneuploid,Tumor_epithelial_AT2,NMPR
BD_immune07_667176,aneuploid,Tumor_epithelial_AT2,NMPR
BD_immune07_23564,aneuploid,Tumor_epithelial_AT2,NMPR
BD_immune07_666659,aneuploid,Tumor_epithelial_AT2,NMPR
BD_immune07_713889,aneuploid,Tumor_epithelial_AT2,NMPR
BD_immune07_881611,aneuploid,Tumor_epithelial_AT2,NMPR
BD_immune07_402658,aneuploid,Tumor_epithelial_AT2,NMPR
BD_immune07_537111,aneuploid,Tumor_epithelial_AT2,NMPR
BD_immune07_732773,aneuploid,Tumor_epithelial_AT2,NMPR
BD_immune07_312992,aneuploid,Tumor_epithelial_AT2,NMPR
BD_immune07_497469,aneuploid,Tumor_epithelial_AT2,NMPR
BD_immune07_418348,aneuploid,Tumor_epithelial_AT2,NMPR
BD_immune07_396048,aneuploid,Tumor_epithelial_AT2,NMPR
BD_immune07_94322,aneuploid,Tumor_epithelial_AT2,NMPR
BD_immune07_553423,aneuploid,Tumor_epithelial_AT2,NMPR
BD_immune07_842807,aneuploid,Tumor_epithelial_AT2,NMPR
BD_immune07_583620,aneuploid,Tumor_epithelial_AT2,NMPR
BD_immune07_818314,aneuploid,Tumor_epithelial_AT2,NMPR
BD_immune07_771872,aneuploid,Tumor_epithelial_AT2,NMPR
BD_immune07_632872,aneuploid,Tumor_epithelial_AT2,NMPR
BD_immune07_311574,aneuploid,Tumor_epithelial_AT2,NMPR
BD_immune07_428806,aneuploid,Tumor_epithelial_AT2,NMPR
BD_immune07_253946,aneuploid,Tumor_epithelial_AT2,NMPR
BD_immune07_683,aneuploid,Tumor_epithelial_AT2,NMPR
BD_immune07_875400,aneuploid,Tumor_epithelial_AT2,NMPR
BD_immune07_486106,aneuploid,Tumor_epithelial_AT2,NMPR
BD_immune07_232149,aneuploid,Tumor_epithelial_AT2,NMPR
BD_immune07_566725,aneuploid,Tumor_epithelial_AT2,NMPR
BD_immune07_336118,aneuploid,Tumor_epithelial_AT2,NMPR
BD_immune07_688144,aneuploid,Tumor_epithelial_AT2,NMPR
BD_immune07_784055,aneuploid,Tumor_epithelial_AT2,NMPR
BD_immune07_398372,aneuploid,Tumor_epithelial_AT2,NMPR
BD_immune07_318776,aneuploid,Tumor_epithelial_AT2,NMPR
BD_immune07_4279,aneuploid,Tumor_epithelial_AT2,NMPR
BD_immune07_305296,aneuploid,Tumor_epithelial_AT2,NMPR
BD_immune07_523056,aneuploid,Tumor_epithelial_AT2,NMPR
BD_immune07_409605,aneuploid,Tumor_epithelial_AT2,NMPR
BD_immune07_122491,aneuploid,Tumor_epithelial_AT2,NMPR
BD_immune07_57367,aneuploid,Tumor_epithelial_AT2,NMPR
BD_immune07_282734,aneuploid,Tumor_epithelial_AT2,NMPR
BD_immune07_48877,aneuploid,Tumor_epithelial_AT2,NMPR
BD_immune07_734790,aneuploid,Tumor_epithelial_AT2,NMPR
BD_immune07_884494,aneuploid,Tumor_epithelial_AT2,NMPR
BD_immune07_556304,aneuploid,Tumor_epithelial_AT2,NMPR
BD_immune07_185216,aneuploid,Tumor_epithelial_AT2,NMPR
BD_immune07_135076,aneuploid,Tumor_epithelial_AT2,NMPR
BD_immune07_365310,aneuploid,Tumor_epithelial_AT2,NMPR
BD_immune07_326248,aneuploid,Tumor_epithelial_AT2,NMPR
BD_immune07_250170,aneuploid,Tumor_epithelial_AT2,NMPR
BD_immune07_44414,aneuploid,Tumor_epithelial_AT2,NMPR
BD_immune07_486161,aneuploid,Tumor_epithelial_AT2,NMPR
BD_immune07_558048,aneuploid,Tumor_epithelial_AT2,NMPR
BD_immune07_266889,aneuploid,Tumor_epithelial_AT2,NMPR
BD_immune07_676783,aneuploid,Tumor_epithelial_AT2,NMPR
BD_immune07_151671,aneuploid,Tumor_epithelial_AT2,NMPR
BD_immune07_860189,aneuploid,Tumor_epithelial_AT2,NMPR
BD_immune07_392814,aneuploid,Tumor_epithelial_AT2,NMPR
BD_immune07_552502,aneuploid,Tumor_epithelial_AT2,NMPR
BD_immune07_579512,aneuploid,Tumor_epithelial_AT2,NMPR
BD_immune07_767055,aneuploid,Tumor_epithelial_AT2,NMPR
BD_immune07_493324,aneuploid,Tumor_epithelial_AT2,NMPR
BD_immune07_868665,aneuploid,Tumor_epithelial_AT2,NMPR
BD_immune07_741175,aneuploid,Tumor_epithelial_AT2,NMPR
BD_immune07_804190,aneuploid,Tumor_epithelial_AT2,NMPR
BD_immune07_718753,aneuploid,Tumor_epithelial_AT2,NMPR
BD_immune07_428325,aneuploid,Tumor_epithelial_AT2,NMPR
BD_immune07_859504,aneuploid,Tumor_epithelial_AT2,NMPR
BD_immune07_746368,aneuploid,Tumor_epithelial_AT2,NMPR
BD_immune07_536546,aneuploid,Tumor_epithelial_AT2,NMPR
BD_immune07_243456,aneuploid,Tumor_epithelial_AT2,NMPR
BD_immune07_835651,aneuploid,Tumor_epithelial_AT2,NMPR
BD_immune07_858990,aneuploid,Tumor_epithelial_AT2,NMPR
BD_immune07_275671,aneuploid,Tumor_epithelial_AT2,NMPR
BD_immune07_67206,aneuploid,Tumor_epithelial_AT2,NMPR
BD_immune07_63211,aneuploid,Tumor_epithelial_AT2,NMPR
BD_immune07_214830,aneuploid,Tumor_epithelial_AT2,NMPR
BD_immune07_573081,aneuploid,Tumor_epithelial_AT2,NMPR
BD_immune07_618291,aneuploid,Tumor_epithelial_AT2,NMPR
BD_immune07_427373,aneuploid,Tumor_epithelial_AT2,NMPR
BD_immune07_199026,aneuploid,Tumor_epithelial_AT2,NMPR
BD_immune07_834906,aneuploid,Tumor_epithelial_AT2,NMPR
BD_immune07_78203,aneuploid,Tumor_epithelial_AT2,NMPR
BD_immune07_423926,aneuploid,Tumor_epithelial_AT2,NMPR
BD_immune07_78503,aneuploid,Tumor_epithelial_AT2,NMPR
BD_immune07_774951,aneuploid,Tumor_epithelial_AT2,NMPR
BD_immune07_670060,aneuploid,Tumor_epithelial_AT2,NMPR
BD_immune07_574997,aneuploid,Tumor_epithelial_AT2,NMPR
BD_immune07_598037,aneuploid,Tumor_epithelial_AT2,NMPR
BD_immune07_195304,aneuploid,Tumor_epithelial_AT2,NMPR
BD_immune07_623045,aneuploid,Tumor_epithelial_AT2,NMPR
BD_immune07_263174,aneuploid,Tumor_epithelial_AT2,NMPR
BD_immune07_839354,aneuploid,Tumor_epithelial_AT2,NMPR
BD_immune07_320816,aneuploid,Tumor_epithelial_AT2,NMPR
BD_immune07_854153,aneuploid,Tumor_epithelial_AT2,NMPR
BD_immune07_407395,aneuploid,Tumor_epithelial_AT2,NMPR
BD_immune07_698097,aneuploid,Tumor_epithelial_AT2,NMPR
BD_immune07_392260,aneuploid,Tumor_epithelial_AT2,NMPR
BD_immune07_373833,aneuploid,Tumor_epithelial_AT2,NMPR
BD_immune07_740340,aneuploid,Tumor_epithelial_AT2,NMPR
BD_immune07_53216,aneuploid,Tumor_epithelial_AT2,NMPR
BD_immune07_176494,aneuploid,Tumor_epithelial_AT2,NMPR
BD_immune07_437154,aneuploid,Tumor_epithelial_AT2,NMPR
BD_immune07_798493,aneuploid,Tumor_epithelial_AT2,NMPR
BD_immune07_425310,aneuploid,Tumor_epithelial_AT2,NMPR
BD_immune07_608265,aneuploid,Tumor_epithelial_AT2,NMPR
BD_immune07_543959,aneuploid,Tumor_epithelial_AT2,NMPR
BD_immune07_549109,aneuploid,Tumor_epithelial_AT2,NMPR
BD_immune07_651884,aneuploid,Tumor_epithelial_AT2,NMPR
BD_immune07_333307,aneuploid,Tumor_epithelial_AT2,NMPR
BD_immune07_110714,aneuploid,Tumor_epithelial_AT2,NMPR
BD_immune07_175556,aneuploid,Tumor_epithelial_AT2,NMPR
BD_immune07_442249,aneuploid,Tumor_epithelial_AT2,NMPR
BD_immune07_779097,aneuploid,Tumor_epithelial_AT2,NMPR
BD_immune07_238394,aneuploid,Tumor_epithelial_AT2,NMPR
BD_immune07_276637,aneuploid,Tumor_epithelial_AT2,NMPR
BD_immune07_7981,aneuploid,Tumor_epithelial_AT2,NMPR
BD_immune07_805620,aneuploid,Tumor_epithelial_AT2,NMPR
BD_immune07_301546,aneuploid,Tumor_epithelial_AT2,NMPR
BD_immune07_228529,aneuploid,Tumor_epithelial_AT2,NMPR
BD_immune07_779273,aneuploid,Tumor_epithelial_AT2,NMPR
BD_immune07_665336,aneuploid,Tumor_epithelial_AT2,NMPR
BD_immune07_224099,aneuploid,Tumor_epithelial_AT2,NMPR
BD_immune07_94314,aneuploid,Tumor_epithelial_AT2,NMPR
BD_immune07_684690,aneuploid,Tumor_epithelial_AT2,NMPR
BD_immune07_761927,aneuploid,Tumor_epithelial_AT2,NMPR
BD_immune07_610941,aneuploid,Tumor_epithelial_AT2,NMPR
BD_immune07_518126,aneuploid,Tumor_epithelial_AT2,NMPR
BD_immune07_22131,aneuploid,Tumor_epithelial_AT2,NMPR
BD_immune07_170220,aneuploid,Tumor_epithelial_AT2,NMPR
BD_immune07_98166,aneuploid,Tumor_epithelial_AT2,NMPR
BD_immune07_566282,aneuploid,Tumor_epithelial_AT2,NMPR
BD_immune07_374885,aneuploid,Tumor_epithelial_AT2,NMPR
BD_immune07_862950,aneuploid,Tumor_epithelial_AT2,NMPR
BD_immune07_204591,aneuploid,Tumor_epithelial_AT2,NMPR
BD_immune07_759871,aneuploid,Tumor_epithelial_AT2,NMPR
BD_immune07_486644,aneuploid,Tumor_epithelial_AT2,NMPR
BD_immune07_161985,aneuploid,Tumor_epithelial_AT2,NMPR
BD_immune07_410414,aneuploid,Tumor_epithelial_AT2,NMPR
BD_immune07_427635,aneuploid,Tumor_epithelial_AT2,NMPR
BD_immune07_172650,aneuploid,Tumor_epithelial_AT2,NMPR
BD_immune07_388405,aneuploid,Tumor_epithelial_AT2,NMPR
BD_immune07_27628,aneuploid,Tumor_epithelial_AT2,NMPR
BD_immune07_163428,aneuploid,Tumor_epithelial_AT2,NMPR
BD_immune07_106693,aneuploid,Tumor_epithelial_AT2,NMPR
BD_immune07_44529,aneuploid,Tumor_epithelial_AT2,NMPR
BD_immune07_511536,aneuploid,Tumor_epithelial_AT2,NMPR
BD_immune07_598913,aneuploid,Tumor_epithelial_AT2,NMPR
BD_immune07_254318,aneuploid,Tumor_epithelial_AT2,NMPR
BD_immune07_552497,aneuploid,Tumor_epithelial_AT2,NMPR
BD_immune07_211232,aneuploid,Tumor_epithelial_AT2,NMPR
BD_immune07_47711,aneuploid,Tumor_epithelial_AT2,NMPR
BD_immune07_822880,aneuploid,Tumor_epithelial_AT2,NMPR
BD_immune07_17171,aneuploid,Tumor_epithelial_AT2,NMPR
BD_immune07_740397,aneuploid,Tumor_epithelial_AT2,NMPR
BD_immune07_265467,aneuploid,Tumor_epithelial_AT2,NMPR
BD_immune07_805496,aneuploid,Tumor_epithelial_AT2,NMPR
BD_immune07_879616,aneuploid,Tumor_epithelial_AT2,NMPR
BD_immune07_846282,aneuploid,Tumor_epithelial_AT2,NMPR
BD_immune05_696016,aneuploid,Tumor_epithelial_AT2,NMPR
BD_immune05_640020,aneuploid,Tumor_epithelial_AT2,NMPR
BD_immune05_793775,aneuploid,Tumor_epithelial_AT2,NMPR
BD_immune05_540570,aneuploid,Tumor_epithelial_AT2,NMPR
BD_immune08_34046,aneuploid,Tumor_epithelial_AT2,NMPR
BD_immune08_342376,aneuploid,Tumor_epithelial_AT2,NMPR
BD_immune08_732603,aneuploid,Tumor_epithelial_AT2,NMPR
BD_immune08_375481,aneuploid,Tumor_epithelial_AT2,NMPR
BD_immune08_469950,aneuploid,Tumor_epithelial_AT2,NMPR
BD_immune08_718585,aneuploid,Tumor_epithelial_AT2,NMPR
BD_immune08_19272,aneuploid,Tumor_epithelial_AT2,NMPR
BD_immune08_698403,aneuploid,Tumor_epithelial_AT2,NMPR
BD_immune08_266449,aneuploid,Tumor_epithelial_AT2,NMPR
BD_immune08_113807,aneuploid,Tumor_epithelial_AT2,NMPR
BD_immune08_162033,aneuploid,Tumor_epithelial_AT2,NMPR
BD_immune08_770231,aneuploid,Tumor_epithelial_AT2,NMPR
BD_immune08_183043,aneuploid,Tumor_epithelial_AT2,NMPR
BD_immune08_850346,aneuploid,Tumor_epithelial_AT2,NMPR
BD_immune08_801338,aneuploid,Tumor_epithelial_AT2,NMPR
BD_immune08_392470,aneuploid,Tumor_epithelial_AT2,NMPR
BD_immune08_18305,aneuploid,Tumor_epithelial_AT2,NMPR
BD_immune08_786575,aneuploid,Tumor_epithelial_AT2,NMPR
BD_immune08_578799,aneuploid,Tumor_epithelial_AT2,NMPR
BD_immune08_232087,aneuploid,Tumor_epithelial_AT2,NMPR
BD_immune08_564893,aneuploid,Tumor_epithelial_AT2,NMPR
BD_immune08_577320,aneuploid,Tumor_epithelial_AT2,NMPR
BD_immune08_747183,aneuploid,Tumor_epithelial_AT2,NMPR
BD_immune08_281690,aneuploid,Tumor_epithelial_AT2,NMPR
BD_immune08_508249,aneuploid,Tumor_epithelial_AT2,NMPR
BD_immune08_637999,aneuploid,Tumor_epithelial_AT2,NMPR
BD_immune08_450383,aneuploid,Tumor_epithelial_AT2,NMPR
BD_immune08_183911,aneuploid,Tumor_epithelial_AT2,NMPR
BD_immune08_589773,aneuploid,Tumor_epithelial_AT2,NMPR
BD_immune08_59889,aneuploid,Tumor_epithelial_AT2,NMPR
BD_immune08_593406,aneuploid,Tumor_epithelial_AT2,NMPR
BD_immune08_257012,aneuploid,Tumor_epithelial_AT2,NMPR
BD_immune08_620511,aneuploid,Tumor_epithelial_AT2,NMPR
BD_immune08_138099,aneuploid,Tumor_epithelial_AT2,NMPR
BD_immune08_157731,aneuploid,Tumor_epithelial_AT2,NMPR
BD_immune08_569495,aneuploid,Tumor_epithelial_AT2,NMPR
BD_immune08_49070,aneuploid,Tumor_epithelial_AT2,NMPR
BD_immune08_120543,aneuploid,Tumor_epithelial_AT2,NMPR
BD_immune08_356278,aneuploid,Tumor_epithelial_AT2,NMPR
BD_immune08_140300,diploid,Tumor_epithelial_AT2,NMPR
BD_immune08_872461,aneuploid,Tumor_epithelial_AT2,NMPR
BD_immune08_482420,aneuploid,Tumor_epithelial_AT2,NMPR
BD_immune08_531035,aneuploid,Tumor_epithelial_AT2,NMPR
BD_immune08_132952,aneuploid,Tumor_epithelial_AT2,NMPR
BD_immune08_343223,aneuploid,Tumor_epithelial_AT2,NMPR
BD_immune08_713656,aneuploid,Tumor_epithelial_AT2,NMPR
BD_immune08_345962,aneuploid,Tumor_epithelial_AT2,NMPR
BD_immune08_491666,aneuploid,Tumor_epithelial_AT2,NMPR
BD_immune08_270165,aneuploid,Tumor_epithelial_AT2,NMPR
BD_immune08_651375,aneuploid,Tumor_epithelial_AT2,NMPR
BD_immune08_517223,aneuploid,Tumor_epithelial_AT2,NMPR
BD_immune08_502894,aneuploid,Tumor_epithelial_AT2,NMPR
BD_immune08_685461,aneuploid,Tumor_epithelial_AT2,NMPR
BD_immune08_653049,aneuploid,Tumor_epithelial_AT2,NMPR
BD_immune08_474953,aneuploid,Tumor_epithelial_AT2,NMPR
BD_immune08_320857,aneuploid,Tumor_epithelial_AT2,NMPR
BD_immune08_750915,aneuploid,Tumor_epithelial_AT2,NMPR
BD_immune08_635209,aneuploid,Tumor_epithelial_AT2,NMPR
BD_immune08_342424,aneuploid,Tumor_epithelial_AT2,NMPR
BD_immune08_232505,aneuploid,Tumor_epithelial_AT2,NMPR
BD_immune08_68294,aneuploid,Tumor_epithelial_AT2,NMPR
BD_immune08_71743,aneuploid,Tumor_epithelial_AT2,NMPR
BD_immune08_625301,aneuploid,Tumor_epithelial_AT2,NMPR
BD_immune08_837815,aneuploid,Tumor_epithelial_AT2,NMPR
BD_immune08_94199,aneuploid,Tumor_epithelial_AT2,NMPR
BD_immune08_550392,aneuploid,Tumor_epithelial_AT2,NMPR
BD_immune08_435679,aneuploid,Tumor_epithelial_AT2,NMPR
BD_immune08_327439,aneuploid,Tumor_epithelial_AT2,NMPR
BD_immune08_56360,aneuploid,Tumor_epithelial_AT2,NMPR
BD_immune08_217959,aneuploid,Tumor_epithelial_AT2,NMPR
BD_immune08_270177,aneuploid,Tumor_epithelial_AT2,NMPR
BD_immune08_455125,aneuploid,Tumor_epithelial_AT2,NMPR
BD_immune08_651426,aneuploid,Tumor_epithelial_AT2,NMPR
BD_immune08_852047,aneuploid,Tumor_epithelial_AT2,NMPR
BD_immune08_288658,aneuploid,Tumor_epithelial_AT2,NMPR
BD_immune08_368902,aneuploid,Tumor_epithelial_AT2,NMPR
BD_immune08_224362,aneuploid,Tumor_epithelial_AT2,NMPR
BD_immune08_213025,aneuploid,Tumor_epithelial_AT2,NMPR
BD_immune08_827422,aneuploid,Tumor_epithelial_AT2,NMPR
BD_immune08_102234,aneuploid,Tumor_epithelial_AT2,NMPR
BD_immune08_126670,aneuploid,Tumor_epithelial_AT2,NMPR
BD_immune08_49676,aneuploid,Tumor_epithelial_AT2,NMPR
BD_immune08_223505,aneuploid,Tumor_epithelial_AT2,NMPR
BD_immune08_310696,aneuploid,Tumor_epithelial_AT2,NMPR
BD_immune08_834316,aneuploid,Tumor_epithelial_AT2,NMPR
BD_immune08_778143,aneuploid,Tumor_epithelial_AT2,NMPR
BD_immune08_159047,aneuploid,Tumor_epithelial_AT2,NMPR
BD_immune08_27060,aneuploid,Tumor_epithelial_AT2,NMPR
BD_immune08_461889,aneuploid,Tumor_epithelial_AT2,NMPR
BD_immune08_122787,aneuploid,Tumor_epithelial_AT2,NMPR
BD_immune08_803832,aneuploid,Tumor_epithelial_AT2,NMPR
BD_immune08_745485,aneuploid,Tumor_epithelial_AT2,NMPR
BD_immune08_638686,aneuploid,Tumor_epithelial_AT2,NMPR
BD_immune08_598265,aneuploid,Tumor_epithelial_AT2,NMPR
BD_immune08_230934,aneuploid,Tumor_epithelial_AT2,NMPR
BD_immune08_558723,aneuploid,Tumor_epithelial_AT2,NMPR
BD_immune08_728843,aneuploid,Tumor_epithelial_AT2,NMPR
BD_immune08_324012,aneuploid,Tumor_epithelial_AT2,NMPR
BD_immune08_219302,aneuploid,Tumor_epithelial_AT2,NMPR
BD_immune08_392913,aneuploid,Tumor_epithelial_AT2,NMPR
BD_immune08_575919,aneuploid,Tumor_epithelial_AT2,NMPR
BD_immune08_232508,aneuploid,Tumor_epithelial_AT2,NMPR
BD_immune08_622494,aneuploid,Tumor_epithelial_AT2,NMPR
BD_immune08_459449,aneuploid,Tumor_epithelial_AT2,NMPR
BD_immune08_838337,aneuploid,Tumor_epithelial_AT2,NMPR
BD_immune08_326006,aneuploid,Tumor_epithelial_AT2,NMPR
BD_immune08_805367,aneuploid,Tumor_epithelial_AT2,NMPR
BD_immune08_683614,aneuploid,Tumor_epithelial_AT2,NMPR
BD_immune08_526466,aneuploid,Tumor_epithelial_AT2,NMPR
BD_immune08_515319,aneuploid,Tumor_epithelial_AT2,NMPR
BD_immune08_512923,aneuploid,Tumor_epithelial_AT2,NMPR
BD_immune08_320604,aneuploid,Tumor_epithelial_AT2,NMPR
BD_immune08_735350,aneuploid,Tumor_epithelial_AT2,NMPR
BD_immune08_834790,aneuploid,Tumor_epithelial_AT2,NMPR
BD_immune08_717037,aneuploid,Tumor_epithelial_AT2,NMPR
BD_immune08_260131,aneuploid,Tumor_epithelial_AT2,NMPR
BD_immune08_87984,aneuploid,Tumor_epithelial_AT2,NMPR
BD_immune08_285350,aneuploid,Tumor_epithelial_AT2,NMPR
BD_immune08_244974,aneuploid,Tumor_epithelial_AT2,NMPR
BD_immune08_598200,aneuploid,Tumor_epithelial_AT2,NMPR
BD_immune08_366751,aneuploid,Tumor_epithelial_AT2,NMPR
BD_immune08_306193,aneuploid,Tumor_epithelial_AT2,NMPR
BD_immune08_324274,aneuploid,Tumor_epithelial_AT2,NMPR
BD_immune08_708228,aneuploid,Tumor_epithelial_AT2,NMPR
BD_immune08_748786,aneuploid,Tumor_epithelial_AT2,NMPR
BD_immune08_877688,aneuploid,Tumor_epithelial_AT2,NMPR
BD_immune08_286268,aneuploid,Tumor_epithelial_AT2,NMPR
BD_immune08_221176,aneuploid,Tumor_epithelial_AT2,NMPR
BD_immune08_736198,aneuploid,Tumor_epithelial_AT2,NMPR
BD_immune08_547924,aneuploid,Tumor_epithelial_AT2,NMPR
BD_immune08_591195,aneuploid,Tumor_epithelial_AT2,NMPR
BD_immune08_574348,aneuploid,Tumor_epithelial_AT2,NMPR
BD_immune08_771213,aneuploid,Tumor_epithelial_AT2,NMPR
BD_immune08_235802,aneuploid,Tumor_epithelial_AT2,NMPR
BD_immune08_788157,aneuploid,Tumor_epithelial_AT2,NMPR
BD_immune08_874513,aneuploid,Tumor_epithelial_AT2,NMPR
BD_immune08_483082,aneuploid,Tumor_epithelial_AT2,NMPR
BD_immune08_816933,aneuploid,Tumor_epithelial_AT2,NMPR
BD_immune08_625731,aneuploid,Tumor_epithelial_AT2,NMPR
BD_immune08_524592,aneuploid,Tumor_epithelial_AT2,NMPR
BD_immune10_362032,aneuploid,Tumor_epithelial_AT2,NMPR
BD_immune10_397106,aneuploid,Tumor_epithelial_AT2,NMPR
BD_immune10_474430,aneuploid,Tumor_epithelial_AT2,NMPR
BD_immune10_487753,aneuploid,Tumor_epithelial_AT2,NMPR
BD_immune11_578717,aneuploid,Tumor_epithelial_AT2,MPR
BD_immune11_624002,aneuploid,Tumor_epithelial_AT2,MPR
BD_immune11_864475,aneuploid,Tumor_epithelial_AT2,MPR
BD_immune11_834286,diploid,Tumor_epithelial_AT2,MPR
BD_immune11_98367,aneuploid,Tumor_epithelial_AT2,MPR
BD_immune11_295685,aneuploid,Tumor_epithelial_AT2,MPR
BD_immune11_14693,aneuploid,Tumor_epithelial_AT2,MPR
BD_immune11_455608,aneuploid,Tumor_epithelial_AT2,MPR
BD_immune11_305407,aneuploid,Tumor_epithelial_AT2,MPR
BD_immune11_800298,aneuploid,Tumor_epithelial_AT2,MPR
BD_immune11_734263,aneuploid,Tumor_epithelial_AT2,MPR
BD_immune11_448391,aneuploid,Tumor_epithelial_AT2,MPR
BD_immune11_125012,aneuploid,Tumor_epithelial_AT2,MPR
BD_immune11_833827,aneuploid,Tumor_epithelial_AT2,MPR
BD_immune11_150970,aneuploid,Tumor_epithelial_AT2,MPR
BD_immune11_722101,aneuploid,Tumor_epithelial_AT2,MPR
BD_immune11_725971,aneuploid,Tumor_epithelial_AT2,MPR
BD_immune11_825889,aneuploid,Tumor_epithelial_AT2,MPR
BD_immune11_442523,aneuploid,Tumor_epithelial_AT2,MPR
BD_immune11_730775,aneuploid,Tumor_epithelial_AT2,MPR
BD_immune11_816422,aneuploid,Tumor_epithelial_AT2,MPR
BD_immune11_233313,aneuploid,Tumor_epithelial_AT2,MPR
BD_immune11_746268,aneuploid,Tumor_epithelial_AT2,MPR
BD_immune11_357182,aneuploid,Tumor_epithelial_AT2,MPR
BD_immune11_373333,aneuploid,Tumor_epithelial_AT2,MPR
BD_immune11_245707,aneuploid,Tumor_epithelial_AT2,MPR
BD_immune11_8857,aneuploid,Tumor_epithelial_AT2,MPR
BD_immune11_872534,aneuploid,Tumor_epithelial_AT2,MPR
BD_immune11_466536,aneuploid,Tumor_epithelial_AT2,MPR
BD_immune11_770299,aneuploid,Tumor_epithelial_AT2,MPR
BD_immune11_535977,aneuploid,Tumor_epithelial_AT2,MPR
BD_immune11_153420,aneuploid,Tumor_epithelial_AT2,MPR
BD_immune11_417135,aneuploid,Tumor_epithelial_AT2,MPR
BD_immune11_687048,aneuploid,Tumor_epithelial_AT2,MPR
BD_immune11_59879,aneuploid,Tumor_epithelial_AT2,MPR
BD_immune11_424411,aneuploid,Tumor_epithelial_AT2,MPR
BD_immune11_819239,aneuploid,Tumor_epithelial_AT2,MPR
BD_immune11_436644,aneuploid,Tumor_epithelial_AT2,MPR
BD_immune11_287140,aneuploid,Tumor_epithelial_AT2,MPR
BD_immune11_115816,aneuploid,Tumor_epithelial_AT2,MPR
BD_immune11_443354,aneuploid,Tumor_epithelial_AT2,MPR
BD_immune11_779629,aneuploid,Tumor_epithelial_AT2,MPR
BD_immune11_390723,aneuploid,Tumor_epithelial_AT2,MPR
BD_immune11_305525,aneuploid,Tumor_epithelial_AT2,MPR
BD_immune11_140062,aneuploid,Tumor_epithelial_AT2,MPR
BD_immune11_20676,aneuploid,Tumor_epithelial_AT2,MPR
BD_immune11_122662,aneuploid,Tumor_epithelial_AT2,MPR
BD_immune11_89352,aneuploid,Tumor_epithelial_AT2,MPR
BD_immune11_519710,aneuploid,Tumor_epithelial_AT2,MPR
BD_immune11_582755,aneuploid,Tumor_epithelial_AT2,MPR
BD_immune11_852199,aneuploid,Tumor_epithelial_AT2,MPR
BD_immune11_824522,aneuploid,Tumor_epithelial_AT2,MPR
BD_immune11_661951,aneuploid,Tumor_epithelial_AT2,MPR
BD_immune11_50320,aneuploid,Tumor_epithelial_AT2,MPR
BD_immune11_603143,aneuploid,Tumor_epithelial_AT2,MPR
BD_immune11_286058,aneuploid,Tumor_epithelial_AT2,MPR
BD_immune11_533839,aneuploid,Tumor_epithelial_AT2,MPR
BD_immune11_455337,aneuploid,Tumor_epithelial_AT2,MPR
BD_immune11_460410,aneuploid,Tumor_epithelial_AT2,MPR
BD_immune11_853762,aneuploid,Tumor_epithelial_AT2,MPR
BD_immune11_63626,aneuploid,Tumor_epithelial_AT2,MPR
BD_immune11_845777,aneuploid,Tumor_epithelial_AT2,MPR
BD_immune11_783489,aneuploid,Tumor_epithelial_AT2,MPR
BD_immune11_568249,aneuploid,Tumor_epithelial_AT2,MPR
BD_immune11_402595,aneuploid,Tumor_epithelial_AT2,MPR
BD_immune11_207845,aneuploid,Tumor_epithelial_AT2,MPR
BD_immune11_253438,aneuploid,Tumor_epithelial_AT2,MPR
BD_immune11_373619,aneuploid,Tumor_epithelial_AT2,MPR
BD_immune11_9947,aneuploid,Tumor_epithelial_AT2,MPR
BD_immune11_748250,aneuploid,Tumor_epithelial_AT2,MPR
BD_immune11_877334,aneuploid,Tumor_epithelial_AT2,MPR
BD_immune11_231930,aneuploid,Tumor_epithelial_AT2,MPR
BD_immune11_395744,aneuploid,Tumor_epithelial_AT2,MPR
BD_immune11_129041,aneuploid,Tumor_epithelial_AT2,MPR
BD_immune11_189395,aneuploid,Tumor_epithelial_AT2,MPR
BD_immune11_765107,aneuploid,Tumor_epithelial_AT2,MPR
BD_immune11_277219,aneuploid,Tumor_epithelial_AT2,MPR
BD_immune11_384156,aneuploid,Tumor_epithelial_AT2,MPR
BD_immune11_117835,aneuploid,Tumor_epithelial_AT2,MPR
BD_immune11_404598,aneuploid,Tumor_epithelial_AT2,MPR
BD_immune11_368662,aneuploid,Tumor_epithelial_AT2,MPR
BD_immune11_800031,aneuploid,Tumor_epithelial_AT2,MPR
BD_immune11_754807,aneuploid,Tumor_epithelial_AT2,MPR
BD_immune11_168548,aneuploid,Tumor_epithelial_AT2,MPR
BD_immune11_84697,aneuploid,Tumor_epithelial_AT2,MPR
BD_immune11_1093,aneuploid,Tumor_epithelial_AT2,MPR
BD_immune11_462643,aneuploid,Tumor_epithelial_AT2,MPR
BD_immune11_216811,aneuploid,Tumor_epithelial_AT2,MPR
BD_immune11_42,aneuploid,Tumor_epithelial_AT2,MPR
BD_immune11_793580,aneuploid,Tumor_epithelial_AT2,MPR
BD_immune11_700850,aneuploid,Tumor_epithelial_AT2,MPR
BD_immune11_82811,aneuploid,Tumor_epithelial_AT2,MPR
BD_immune11_805083,aneuploid,Tumor_epithelial_AT2,MPR
BD_immune11_393445,aneuploid,Tumor_epithelial_AT2,MPR
BD_immune11_499478,aneuploid,Tumor_epithelial_AT2,MPR
BD_immune11_579363,aneuploid,Tumor_epithelial_AT2,MPR
BD_immune11_374691,aneuploid,Tumor_epithelial_AT2,MPR
BD_immune11_503419,aneuploid,Tumor_epithelial_AT2,MPR
BD_immune11_384223,aneuploid,Tumor_epithelial_AT2,MPR
BD_immune11_26643,aneuploid,Tumor_epithelial_AT2,MPR
BD_immune11_625306,aneuploid,Tumor_epithelial_AT2,MPR
BD_immune11_296602,aneuploid,Tumor_epithelial_AT2,MPR
BD_immune11_628802,aneuploid,Tumor_epithelial_AT2,MPR
BD_immune11_432504,aneuploid,Tumor_epithelial_AT2,MPR
BD_immune11_62127,aneuploid,Tumor_epithelial_AT2,MPR
BD_immune11_143949,aneuploid,Tumor_epithelial_AT2,MPR
BD_immune11_171633,aneuploid,Tumor_epithelial_AT2,MPR
BD_immune11_227705,aneuploid,Tumor_epithelial_AT2,MPR
BD_immune11_643492,aneuploid,Tumor_epithelial_AT2,MPR
BD_immune11_783724,aneuploid,Tumor_epithelial_AT2,MPR
BD_immune11_744234,aneuploid,Tumor_epithelial_AT2,MPR
BD_immune11_111230,aneuploid,Tumor_epithelial_AT2,MPR
BD_immune11_759577,aneuploid,Tumor_epithelial_AT2,MPR
BD_immune11_59125,aneuploid,Tumor_epithelial_AT2,MPR
BD_immune11_339280,aneuploid,Tumor_epithelial_AT2,MPR
BD_immune11_46496,aneuploid,Tumor_epithelial_AT2,MPR
BD_immune11_615347,aneuploid,Tumor_epithelial_AT2,MPR
BD_immune11_834914,aneuploid,Tumor_epithelial_AT2,MPR
BD_immune11_255529,aneuploid,Tumor_epithelial_AT2,MPR
BD_immune11_204979,aneuploid,Tumor_epithelial_AT2,MPR
BD_immune11_671052,aneuploid,Tumor_epithelial_AT2,MPR
BD_immune11_140341,aneuploid,Tumor_epithelial_AT2,MPR
BD_immune11_747856,aneuploid,Tumor_epithelial_AT2,MPR
BD_immune11_677292,aneuploid,Tumor_epithelial_AT2,MPR
BD_immune11_868231,aneuploid,Tumor_epithelial_AT2,MPR
BD_immune11_491921,aneuploid,Tumor_epithelial_AT2,MPR
BD_immune11_240635,aneuploid,Tumor_epithelial_AT2,MPR
BD_immune11_87647,aneuploid,Tumor_epithelial_AT2,MPR
BD_immune11_132995,aneuploid,Tumor_epithelial_AT2,MPR
BD_immune11_638417,aneuploid,Tumor_epithelial_AT2,MPR
BD_immune11_800569,aneuploid,Tumor_epithelial_AT2,MPR
BD_immune11_390908,aneuploid,Tumor_epithelial_AT2,MPR
BD_immune11_332153,aneuploid,Tumor_epithelial_AT2,MPR
BD_immune12_217186,aneuploid,Tumor_epithelial_AT2,NMPR
BD_immune12_826403,aneuploid,Tumor_epithelial_AT2,NMPR
BD_immune12_552175,aneuploid,Tumor_epithelial_AT2,NMPR
BD_immune12_14151,aneuploid,Tumor_epithelial_AT2,NMPR
BD_immune12_156369,aneuploid,Tumor_epithelial_AT2,NMPR
BD_immune12_592078,aneuploid,Tumor_epithelial_AT2,NMPR
BD_immune12_556316,aneuploid,Tumor_epithelial_AT2,NMPR
BD_immune12_75933,aneuploid,Tumor_epithelial_AT2,NMPR
BD_immune12_157214,aneuploid,Tumor_epithelial_AT2,NMPR
BD_immune12_469852,aneuploid,Tumor_epithelial_AT2,NMPR
BD_immune12_483787,aneuploid,Tumor_epithelial_AT2,NMPR
BD_immune12_219382,aneuploid,Tumor_epithelial_AT2,NMPR
BD_immune12_847763,diploid,Tumor_epithelial_AT2,NMPR
BD_immune12_386232,aneuploid,Tumor_epithelial_AT2,NMPR
BD_immune12_513932,aneuploid,Tumor_epithelial_AT2,NMPR
BD_immune12_519966,aneuploid,Tumor_epithelial_AT2,NMPR
BD_immune12_832822,aneuploid,Tumor_epithelial_AT2,NMPR
BD_immune12_832170,aneuploid,Tumor_epithelial_AT2,NMPR
BD_immune12_142048,aneuploid,Tumor_epithelial_AT2,NMPR
BD_immune12_306885,aneuploid,Tumor_epithelial_AT2,NMPR
BD_immune12_427724,aneuploid,Tumor_epithelial_AT2,NMPR
BD_immune12_476420,aneuploid,Tumor_epithelial_AT2,NMPR
BD_immune12_217177,aneuploid,Tumor_epithelial_AT2,NMPR
BD_immune12_880363,aneuploid,Tumor_epithelial_AT2,NMPR
BD_immune12_215441,aneuploid,Tumor_epithelial_AT2,NMPR
BD_immune12_756367,aneuploid,Tumor_epithelial_AT2,NMPR
BD_immune12_150701,aneuploid,Tumor_epithelial_AT2,NMPR
BD_immune12_36253,aneuploid,Tumor_epithelial_AT2,NMPR
BD_immune12_724377,aneuploid,Tumor_epithelial_AT2,NMPR
BD_immune12_579025,aneuploid,Tumor_epithelial_AT2,NMPR
BD_immune12_363467,aneuploid,Tumor_epithelial_AT2,NMPR
BD_immune12_522799,aneuploid,Tumor_epithelial_AT2,NMPR
BD_immune12_708421,aneuploid,Tumor_epithelial_AT2,NMPR
BD_immune12_279120,aneuploid,Tumor_epithelial_AT2,NMPR
BD_immune12_866832,aneuploid,Tumor_epithelial_AT2,NMPR
BD_immune12_685479,aneuploid,Tumor_epithelial_AT2,NMPR
BD_immune12_351796,aneuploid,Tumor_epithelial_AT2,NMPR
BD_immune12_41094,aneuploid,Tumor_epithelial_AT2,NMPR
BD_immune12_563628,aneuploid,Tumor_epithelial_AT2,NMPR
BD_immune12_633825,aneuploid,Tumor_epithelial_AT2,NMPR
BD_immune12_611303,aneuploid,Tumor_epithelial_AT2,NMPR
BD_immune12_390330,aneuploid,Tumor_epithelial_AT2,NMPR
BD_immune12_744835,aneuploid,Tumor_epithelial_AT2,NMPR
BD_immune12_822210,aneuploid,Tumor_epithelial_AT2,NMPR
BD_immune12_36323,aneuploid,Tumor_epithelial_AT2,NMPR
BD_immune12_220280,aneuploid,Tumor_epithelial_AT2,NMPR
BD_immune12_807897,aneuploid,Tumor_epithelial_AT2,NMPR
BD_immune12_574602,aneuploid,Tumor_epithelial_AT2,NMPR
BD_immune12_296278,aneuploid,Tumor_epithelial_AT2,NMPR
BD_immune12_256085,aneuploid,Tumor_epithelial_AT2,NMPR
BD_immune12_833633,aneuploid,Tumor_epithelial_AT2,NMPR
BD_immune12_476856,aneuploid,Tumor_epithelial_AT2,NMPR
BD_immune12_264335,aneuploid,Tumor_epithelial_AT2,NMPR
BD_immune13_666040,aneuploid,Tumor_epithelial_AT2,NMPR
BD_immune13_683021,aneuploid,Tumor_epithelial_AT2,NMPR
BD_immune13_254337,aneuploid,Tumor_epithelial_AT2,NMPR
BD_immune13_449648,aneuploid,Tumor_epithelial_AT2,NMPR
BD_immune13_482875,aneuploid,Tumor_epithelial_AT2,NMPR
BD_immune13_776092,aneuploid,Tumor_epithelial_AT2,NMPR
BD_immune13_178967,aneuploid,Tumor_epithelial_AT2,NMPR
BD_immune13_783472,aneuploid,Tumor_epithelial_AT2,NMPR
BD_immune13_106787,aneuploid,Tumor_epithelial_AT2,NMPR
BD_immune13_253917,aneuploid,Tumor_epithelial_AT2,NMPR
BD_immune13_448806,aneuploid,Tumor_epithelial_AT2,NMPR
BD_immune13_598355,aneuploid,Tumor_epithelial_AT2,NMPR
BD_immune13_178496,aneuploid,Tumor_epithelial_AT2,NMPR
BD_immune13_874682,aneuploid,Tumor_epithelial_AT2,NMPR
BD_immune13_778898,aneuploid,Tumor_epithelial_AT2,NMPR
BD_immune13_573372,aneuploid,Tumor_epithelial_AT2,NMPR
BD_immune13_597431,aneuploid,Tumor_epithelial_AT2,NMPR
BD_immune13_27458,aneuploid,Tumor_epithelial_AT2,NMPR
BD_immune13_185592,aneuploid,Tumor_epithelial_AT2,NMPR
BD_immune13_204595,aneuploid,Tumor_epithelial_AT2,NMPR
BD_immune13_293046,aneuploid,Tumor_epithelial_AT2,NMPR
BD_immune13_395074,aneuploid,Tumor_epithelial_AT2,NMPR
BD_immune13_655802,aneuploid,Tumor_epithelial_AT2,NMPR
BD_immune13_299252,aneuploid,Tumor_epithelial_AT2,NMPR
BD_immune13_434802,aneuploid,Tumor_epithelial_AT2,NMPR
BD_immune13_581345,aneuploid,Tumor_epithelial_AT2,NMPR
BD_immune13_546467,aneuploid,Tumor_epithelial_AT2,NMPR
BD_immune13_847984,aneuploid,Tumor_epithelial_AT2,NMPR
BD_immune13_254951,aneuploid,Tumor_epithelial_AT2,NMPR
BD_immune14_558280,aneuploid,Tumor_epithelial_AT2,MPR
BD_immune14_647325,aneuploid,Tumor_epithelial_AT2,MPR
BD_immune14_815490,aneuploid,Tumor_epithelial_AT2,MPR
BD_immune14_622700,aneuploid,Tumor_epithelial_AT2,MPR
BD_immune14_604591,aneuploid,Tumor_epithelial_AT2,MPR
BD_immune14_764109,aneuploid,Tumor_epithelial_AT2,MPR
BD_immune14_712942,aneuploid,Tumor_epithelial_AT2,MPR
BD_immune14_706655,aneuploid,Tumor_epithelial_AT2,MPR
BD_immune14_591717,aneuploid,Tumor_epithelial_AT2,MPR
BD_immune14_48926,aneuploid,Tumor_epithelial_AT2,MPR
BD_immune14_452523,aneuploid,Tumor_epithelial_AT2,MPR
BD_immune14_486953,aneuploid,Tumor_epithelial_AT2,MPR
BD_immune14_11794,aneuploid,Tumor_epithelial_AT2,MPR
BD_immune14_332519,aneuploid,Tumor_epithelial_AT2,MPR
BD_immune14_386052,aneuploid,Tumor_epithelial_AT2,MPR
BD_immune14_244736,aneuploid,Tumor_epithelial_AT2,MPR
BD_immune14_307396,aneuploid,Tumor_epithelial_AT2,MPR
BD_immune14_327746,aneuploid,Tumor_epithelial_AT2,MPR
BD_immune14_487621,aneuploid,Tumor_epithelial_AT2,MPR
BD_immune14_351752,aneuploid,Tumor_epithelial_AT2,MPR
BD_immune14_492354,aneuploid,Tumor_epithelial_AT2,MPR
BD_immune14_258026,aneuploid,Tumor_epithelial_AT2,MPR
BD_immune14_698522,aneuploid,Tumor_epithelial_AT2,MPR
BD_immune14_805741,aneuploid,Tumor_epithelial_AT2,MPR
BD_immune14_721910,aneuploid,Tumor_epithelial_AT2,MPR
BD_immune14_608673,aneuploid,Tumor_epithelial_AT2,MPR
BD_immune14_729061,aneuploid,Tumor_epithelial_AT2,MPR
BD_immune14_692820,aneuploid,Tumor_epithelial_AT2,MPR
BD_immune14_124827,aneuploid,Tumor_epithelial_AT2,MPR
BD_immune14_789585,aneuploid,Tumor_epithelial_AT2,MPR
BD_immune14_654785,aneuploid,Tumor_epithelial_AT2,MPR
BD_immune14_830241,aneuploid,Tumor_epithelial_AT2,MPR
BD_immune14_823775,aneuploid,Tumor_epithelial_AT2,MPR
BD_immune14_793575,aneuploid,Tumor_epithelial_AT2,MPR
BD_immune14_450154,aneuploid,Tumor_epithelial_AT2,MPR
BD_immune14_721967,aneuploid,Tumor_epithelial_AT2,MPR
BD_immune14_194349,aneuploid,Tumor_epithelial_AT2,MPR
BD_immune14_294009,aneuploid,Tumor_epithelial_AT2,MPR
BD_immune14_315400,aneuploid,Tumor_epithelial_AT2,MPR
BD_immune14_402022,aneuploid,Tumor_epithelial_AT2,MPR
BD_immune14_523855,aneuploid,Tumor_epithelial_AT2,MPR
BD_immune14_57479,aneuploid,Tumor_epithelial_AT2,MPR
BD_immune14_671706,aneuploid,Tumor_epithelial_AT2,MPR
BD_immune14_723607,aneuploid,Tumor_epithelial_AT2,MPR
BD_immune14_210298,aneuploid,Tumor_epithelial_AT2,MPR
BD_immune14_637075,aneuploid,Tumor_epithelial_AT2,MPR
BD_immune14_572965,aneuploid,Tumor_epithelial_AT2,MPR
BD_immune14_281950,aneuploid,Tumor_epithelial_AT2,MPR
BD_immune14_519812,aneuploid,Tumor_epithelial_AT2,MPR
BD_immune14_679454,aneuploid,Tumor_epithelial_AT2,MPR
BD_immune14_709579,aneuploid,Tumor_epithelial_AT2,MPR
BD_immune14_240509,aneuploid,Tumor_epithelial_AT2,MPR
BD_immune14_573354,aneuploid,Tumor_epithelial_AT2,MPR
BD_immune14_143073,aneuploid,Tumor_epithelial_AT2,MPR
BD_immune14_252961,aneuploid,Tumor_epithelial_AT2,MPR
BD_immune14_504424,aneuploid,Tumor_epithelial_AT2,MPR
BD_immune14_799252,aneuploid,Tumor_epithelial_AT2,MPR
BD_immune14_55693,aneuploid,Tumor_epithelial_AT2,MPR
BD_immune14_732736,aneuploid,Tumor_epithelial_AT2,MPR
BD_immune14_538300,aneuploid,Tumor_epithelial_AT2,MPR
BD_immune14_361340,aneuploid,Tumor_epithelial_AT2,MPR
BD_immune14_572604,aneuploid,Tumor_epithelial_AT2,MPR
BD_immune14_764317,aneuploid,Tumor_epithelial_AT2,MPR
BD_immune14_75980,aneuploid,Tumor_epithelial_AT2,MPR
BD_immune14_596657,aneuploid,Tumor_epithelial_AT2,MPR
BD_immune14_851458,aneuploid,Tumor_epithelial_AT2,MPR
BD_immune14_601542,aneuploid,Tumor_epithelial_AT2,MPR
BD_immune14_141869,aneuploid,Tumor_epithelial_AT2,MPR
BD_immune15_2307,aneuploid,Tumor_epithelial_AT2,NMPR
BD_immune15_281495,aneuploid,Tumor_epithelial_AT2,NMPR
BD_immune15_614669,aneuploid,Tumor_epithelial_AT2,NMPR
BD_immune15_597473,aneuploid,Tumor_epithelial_AT2,NMPR
BD_immune15_717708,aneuploid,Tumor_epithelial_AT2,NMPR
BD_immune15_772548,aneuploid,Tumor_epithelial_AT2,NMPR
BD_immune15_401797,aneuploid,Tumor_epithelial_AT2,NMPR
BD_immune15_784573,aneuploid,Tumor_epithelial_AT2,NMPR
BD_immune15_120838,aneuploid,Tumor_epithelial_AT2,NMPR
BD_immune15_729238,aneuploid,Tumor_epithelial_AT2,NMPR
BD_immune15_478513,aneuploid,Tumor_epithelial_AT2,NMPR
BD_immune15_65901,aneuploid,Tumor_epithelial_AT2,NMPR
BD_immune15_696283,aneuploid,Tumor_epithelial_AT2,NMPR
BD_immune15_573806,aneuploid,Tumor_epithelial_AT2,NMPR
BD_immune15_40940,aneuploid,Tumor_epithelial_AT2,NMPR
BD_immune15_386393,aneuploid,Tumor_epithelial_AT2,NMPR
BD_immune15_354517,aneuploid,Tumor_epithelial_AT2,NMPR
BD_immune15_611979,aneuploid,Tumor_epithelial_AT2,NMPR
BD_immune15_542515,aneuploid,Tumor_epithelial_AT2,NMPR
BD_immune15_299789,aneuploid,Tumor_epithelial_AT2,NMPR
BD_immune15_98105,aneuploid,Tumor_epithelial_AT2,NMPR
BD_immune15_436442,aneuploid,Tumor_epithelial_AT2,NMPR
BD_immune15_10050,aneuploid,Tumor_epithelial_AT2,NMPR
BD_immune15_393905,aneuploid,Tumor_epithelial_AT2,NMPR
BD_immune15_629743,aneuploid,Tumor_epithelial_AT2,NMPR
BD_immune15_373852,aneuploid,Tumor_epithelial_AT2,NMPR
BD_immune15_755709,aneuploid,Tumor_epithelial_AT2,NMPR
BD_immune15_742311,aneuploid,Tumor_epithelial_AT2,NMPR
BD_immune15_176048,aneuploid,Tumor_epithelial_AT2,NMPR
BD_immune15_732978,aneuploid,Tumor_epithelial_AT2,NMPR
BD_immune15_713310,aneuploid,Tumor_epithelial_AT2,NMPR
BD_immune15_50258,aneuploid,Tumor_epithelial_AT2,NMPR
BD_immune15_592982,aneuploid,Tumor_epithelial_AT2,NMPR
BD_immune15_159169,aneuploid,Tumor_epithelial_AT2,NMPR
BD_immune15_220316,aneuploid,Tumor_epithelial_AT2,NMPR
BD_immune15_631902,aneuploid,Tumor_epithelial_AT2,NMPR
BD_immune15_476765,aneuploid,Tumor_epithelial_AT2,NMPR
BD_immune15_255167,aneuploid,Tumor_epithelial_AT2,NMPR
BD_immune15_802245,aneuploid,Tumor_epithelial_AT2,NMPR
BD_immune15_737563,aneuploid,Tumor_epithelial_AT2,NMPR
BD_immune15_736841,aneuploid,Tumor_epithelial_AT2,NMPR
BD_immune15_385588,aneuploid,Tumor_epithelial_AT2,NMPR
BD_immune15_478922,aneuploid,Tumor_epithelial_AT2,NMPR
BD_immune15_115341,aneuploid,Tumor_epithelial_AT2,NMPR
BD_immune15_745021,aneuploid,Tumor_epithelial_AT2,NMPR
BD_immune15_662240,aneuploid,Tumor_epithelial_AT2,NMPR
BD_immune15_158439,aneuploid,Tumor_epithelial_AT2,NMPR
BD_immune15_496979,aneuploid,Tumor_epithelial_AT2,NMPR
BD_immune15_513255,aneuploid,Tumor_epithelial_AT2,NMPR
BD_immune15_55563,aneuploid,Tumor_epithelial_AT2,NMPR
BD_immune15_845861,aneuploid,Tumor_epithelial_AT2,NMPR
BD_immune15_145146,aneuploid,Tumor_epithelial_AT2,NMPR
BD_immune15_718726,aneuploid,Tumor_epithelial_AT2,NMPR
BD_immune15_459743,aneuploid,Tumor_epithelial_AT2,NMPR
BD_immune15_659939,aneuploid,Tumor_epithelial_AT2,NMPR
BD_immune15_46219,aneuploid,Tumor_epithelial_AT2,NMPR
BD_immune15_227211,aneuploid,Tumor_epithelial_AT2,NMPR
BD_immune15_102713,aneuploid,Tumor_epithelial_AT2,NMPR
BD_immune15_342738,aneuploid,Tumor_epithelial_AT2,NMPR
BD_immune15_742174,aneuploid,Tumor_epithelial_AT2,NMPR
BD_immune15_771691,aneuploid,Tumor_epithelial_AT2,NMPR
BD_immune15_298761,aneuploid,Tumor_epithelial_AT2,NMPR
BD_immune15_128533,aneuploid,Tumor_epithelial_AT2,NMPR
BD_immune15_21815,aneuploid,Tumor_epithelial_AT2,NMPR
BD_immune15_569264,aneuploid,Tumor_epithelial_AT2,NMPR
BD_immune15_195855,aneuploid,Tumor_epithelial_AT2,NMPR
BD_immune15_445713,aneuploid,Tumor_epithelial_AT2,NMPR
BD_immune15_643370,aneuploid,Tumor_epithelial_AT2,NMPR
BD_immune15_521721,aneuploid,Tumor_epithelial_AT2,NMPR
BD_immune15_345008,aneuploid,Tumor_epithelial_AT2,NMPR
BD_immune15_186695,aneuploid,Tumor_epithelial_AT2,NMPR
BD_immune15_690880,aneuploid,Tumor_epithelial_AT2,NMPR
BD_immune15_739122,aneuploid,Tumor_epithelial_AT2,NMPR
BD_immune15_877545,aneuploid,Tumor_epithelial_AT2,NMPR
BD_immune15_778352,aneuploid,Tumor_epithelial_AT2,NMPR
BD_immune15_22392,aneuploid,Tumor_epithelial_AT2,NMPR
BD_immune15_596509,aneuploid,Tumor_epithelial_AT2,NMPR
BD_immune15_162622,aneuploid,Tumor_epithelial_AT2,NMPR
BD_immune15_871353,aneuploid,Tumor_epithelial_AT2,NMPR
BD_immune15_171813,aneuploid,Tumor_epithelial_AT2,NMPR
BD_immune15_81836,aneuploid,Tumor_epithelial_AT2,NMPR
BD_immune15_278969,aneuploid,Tumor_epithelial_AT2,NMPR
BD_immune15_50211,aneuploid,Tumor_epithelial_AT2,NMPR
BD_immune15_491246,aneuploid,Tumor_epithelial_AT2,NMPR
BD_immune15_344673,aneuploid,Tumor_epithelial_AT2,NMPR
BD_immune15_124462,aneuploid,Tumor_epithelial_AT2,NMPR
BD_immune15_277084,aneuploid,Tumor_epithelial_AT2,NMPR
BD_immune15_197491,aneuploid,Tumor_epithelial_AT2,NMPR
BD_immune15_476246,aneuploid,Tumor_epithelial_AT2,NMPR
BD_immune15_673957,aneuploid,Tumor_epithelial_AT2,NMPR
BD_immune15_682696,aneuploid,Tumor_epithelial_AT2,NMPR
BD_immune15_633758,aneuploid,Tumor_epithelial_AT2,NMPR
BD_immune15_730998,aneuploid,Tumor_epithelial_AT2,NMPR
BD_immune15_696993,aneuploid,Tumor_epithelial_AT2,NMPR
BD_immune15_191199,aneuploid,Tumor_epithelial_AT2,NMPR
BD_immune15_579816,aneuploid,Tumor_epithelial_AT2,NMPR
BD_immune15_81108,aneuploid,Tumor_epithelial_AT2,NMPR
BD_immune15_780129,diploid,Tumor_epithelial_AT2,NMPR
BD_immune15_738828,aneuploid,Tumor_epithelial_AT2,NMPR
BD_immune15_818875,aneuploid,Tumor_epithelial_AT2,NMPR
BD_immune15_788248,aneuploid,Tumor_epithelial_AT2,NMPR
BD_immune15_28251,aneuploid,Tumor_epithelial_AT2,NMPR
BD_immune15_409803,aneuploid,Tumor_epithelial_AT2,NMPR
BD_immune15_16682,aneuploid,Tumor_epithelial_AT2,NMPR
BD_immune15_540845,aneuploid,Tumor_epithelial_AT2,NMPR
BD_immune15_803389,aneuploid,Tumor_epithelial_AT2,NMPR
BD_immune15_774271,aneuploid,Tumor_epithelial_AT2,NMPR
BD_immune15_562613,aneuploid,Tumor_epithelial_AT2,NMPR
BD_immune15_275751,aneuploid,Tumor_epithelial_AT2,NMPR
BD_immune15_166149,aneuploid,Tumor_epithelial_AT2,NMPR
BD_immune15_120999,aneuploid,Tumor_epithelial_AT2,NMPR
BD_immune15_697727,aneuploid,Tumor_epithelial_AT2,NMPR
BD_immune15_784516,aneuploid,Tumor_epithelial_AT2,NMPR
BD_immune15_70197,aneuploid,Tumor_epithelial_AT2,NMPR
BD_immune15_651653,aneuploid,Tumor_epithelial_AT2,NMPR
BD_immune15_267667,aneuploid,Tumor_epithelial_AT2,NMPR
BD_immune15_208897,aneuploid,Tumor_epithelial_AT2,NMPR
BD_immune15_773891,aneuploid,Tumor_epithelial_AT2,NMPR
BD_immune15_667081,aneuploid,Tumor_epithelial_AT2,NMPR
BD_immune15_801098,aneuploid,Tumor_epithelial_AT2,NMPR
BD_immune15_584054,aneuploid,Tumor_epithelial_AT2,NMPR
BD_immune15_297329,aneuploid,Tumor_epithelial_AT2,NMPR
BD_immune15_674525,aneuploid,Tumor_epithelial_AT2,NMPR
BD_immune15_621487,aneuploid,Tumor_epithelial_AT2,NMPR
BD_immune15_789744,aneuploid,Tumor_epithelial_AT2,NMPR
BD_immune15_483924,aneuploid,Tumor_epithelial_AT2,NMPR
BD_immune15_306217,aneuploid,Tumor_epithelial_AT2,NMPR
BD_immune15_411835,aneuploid,Tumor_epithelial_AT2,NMPR
BD_immune15_568148,aneuploid,Tumor_epithelial_AT2,NMPR
BD_immune15_49532,aneuploid,Tumor_epithelial_AT2,NMPR
BD_immune15_132324,aneuploid,Tumor_epithelial_AT2,NMPR
BD_immune15_374546,aneuploid,Tumor_epithelial_AT2,NMPR
BD_immune15_545699,aneuploid,Tumor_epithelial_AT2,NMPR
BD_immune15_550305,aneuploid,Tumor_epithelial_AT2,NMPR
BD_immune15_315576,aneuploid,Tumor_epithelial_AT2,NMPR
BD_immune15_200054,aneuploid,Tumor_epithelial_AT2,NMPR
BD_immune15_71543,aneuploid,Tumor_epithelial_AT2,NMPR
BD_immune15_694960,aneuploid,Tumor_epithelial_AT2,NMPR
BD_immune15_453368,aneuploid,Tumor_epithelial_AT2,NMPR
BD_immune15_737814,aneuploid,Tumor_epithelial_AT2,NMPR
BD_immune15_524582,aneuploid,Tumor_epithelial_AT2,NMPR
BD_immune15_747966,aneuploid,Tumor_epithelial_AT2,NMPR
BD_immune15_90172,aneuploid,Tumor_epithelial_AT2,NMPR
BD_immune15_748509,aneuploid,Tumor_epithelial_AT2,NMPR
BD_immune15_798173,aneuploid,Tumor_epithelial_AT2,NMPR
BD_immune15_688834,aneuploid,Tumor_epithelial_AT2,NMPR
BD_immune15_750090,aneuploid,Tumor_epithelial_AT2,NMPR
BD_immune15_490461,aneuploid,Tumor_epithelial_AT2,NMPR
BD_immune15_295929,aneuploid,Tumor_epithelial_AT2,NMPR
BD_immune15_64574,aneuploid,Tumor_epithelial_AT2,NMPR
BD_immune15_415896,aneuploid,Tumor_epithelial_AT2,NMPR
BD_immune15_791286,aneuploid,Tumor_epithelial_AT2,NMPR
BD_immune15_781458,aneuploid,Tumor_epithelial_AT2,NMPR
BD_immune15_265275,aneuploid,Tumor_epithelial_AT2,NMPR
BD_immune15_511651,aneuploid,Tumor_epithelial_AT2,NMPR
BD_immune15_549948,aneuploid,Tumor_epithelial_AT2,NMPR
BD_immune15_748632,aneuploid,Tumor_epithelial_AT2,NMPR
BD_immune15_540854,aneuploid,Tumor_epithelial_AT2,NMPR
BD_immune15_581897,aneuploid,Tumor_epithelial_AT2,NMPR
BD_immune15_378940,aneuploid,Tumor_epithelial_AT2,NMPR
BD_immune15_101779,aneuploid,Tumor_epithelial_AT2,NMPR
BD_immune15_309407,aneuploid,Tumor_epithelial_AT2,NMPR
BD_immune15_32635,aneuploid,Tumor_epithelial_AT2,NMPR
BD_immune15_230984,aneuploid,Tumor_epithelial_AT2,NMPR
BD_immune15_406782,aneuploid,Tumor_epithelial_AT2,NMPR
BD_immune15_832680,aneuploid,Tumor_epithelial_AT2,NMPR
BD_immune15_766473,aneuploid,Tumor_epithelial_AT2,NMPR
BD_immune15_74187,aneuploid,Tumor_epithelial_AT2,NMPR
BD_immune15_48922,aneuploid,Tumor_epithelial_AT2,NMPR
BD_immune15_650686,aneuploid,Tumor_epithelial_AT2,NMPR
BD_immune15_545276,aneuploid,Tumor_epithelial_AT2,NMPR
BD_immune15_846277,aneuploid,Tumor_epithelial_AT2,NMPR
BD_immune15_643376,aneuploid,Tumor_epithelial_AT2,NMPR
BD_immune15_467031,aneuploid,Tumor_epithelial_AT2,NMPR
BD_immune15_244420,aneuploid,Tumor_epithelial_AT2,NMPR
BD_immune15_731816,aneuploid,Tumor_epithelial_AT2,NMPR
BD_immune15_187034,aneuploid,Tumor_epithelial_AT2,NMPR
BD_immune15_419689,aneuploid,Tumor_epithelial_AT2,NMPR
BD_immune15_331254,aneuploid,Tumor_epithelial_AT2,NMPR
BD_immune15_347346,aneuploid,Tumor_epithelial_AT2,NMPR
BD_immune15_295480,aneuploid,Tumor_epithelial_AT2,NMPR
BD_immune15_277296,aneuploid,Tumor_epithelial_AT2,NMPR
BD_immune15_625318,aneuploid,Tumor_epithelial_AT2,NMPR
BD_immune15_229448,aneuploid,Tumor_epithelial_AT2,NMPR
BD_immune15_233989,aneuploid,Tumor_epithelial_AT2,NMPR
BD_immune15_658835,aneuploid,Tumor_epithelial_AT2,NMPR
BD_immune15_632607,aneuploid,Tumor_epithelial_AT2,NMPR
BD_immune15_321910,aneuploid,Tumor_epithelial_AT2,NMPR
BD_immune15_34345,aneuploid,Tumor_epithelial_AT2,NMPR
BD_immune15_199293,aneuploid,Tumor_epithelial_AT2,NMPR
BD_immune15_77015,aneuploid,Tumor_epithelial_AT2,NMPR
BD_immune15_62280,aneuploid,Tumor_epithelial_AT2,NMPR
BD_immune15_347707,aneuploid,Tumor_epithelial_AT2,NMPR
BD_immune15_772479,aneuploid,Tumor_epithelial_AT2,NMPR
BD_immune15_374956,aneuploid,Tumor_epithelial_AT2,NMPR
BD_immune15_667737,aneuploid,Tumor_epithelial_AT2,NMPR
BD_immune15_664481,aneuploid,Tumor_epithelial_AT2,NMPR
BD_immune15_800852,aneuploid,Tumor_epithelial_AT2,NMPR
BD_immune15_47956,aneuploid,Tumor_epithelial_AT2,NMPR
BD_immune15_283499,aneuploid,Tumor_epithelial_AT2,NMPR
BD_immune15_368244,aneuploid,Tumor_epithelial_AT2,NMPR
BD_immune15_216525,aneuploid,Tumor_epithelial_AT2,NMPR
BD_immune15_663354,aneuploid,Tumor_epithelial_AT2,NMPR
BD_immune15_437331,aneuploid,Tumor_epithelial_AT2,NMPR
BD_immune15_431868,aneuploid,Tumor_epithelial_AT2,NMPR
BD_immune15_209554,aneuploid,Tumor_epithelial_AT2,NMPR
BD_immune15_229738,aneuploid,Tumor_epithelial_AT2,NMPR
BD_immune15_497608,aneuploid,Tumor_epithelial_AT2,NMPR
BD_immune15_519053,aneuploid,Tumor_epithelial_AT2,NMPR
BD_immune15_736143,aneuploid,Tumor_epithelial_AT2,NMPR
BD_immune15_399760,aneuploid,Tumor_epithelial_AT2,NMPR
BD_immune15_296900,aneuploid,Tumor_epithelial_AT2,NMPR
BD_immune15_619552,aneuploid,Tumor_epithelial_AT2,NMPR
BD_immune15_606782,aneuploid,Tumor_epithelial_AT2,NMPR
BD_immune15_579782,aneuploid,Tumor_epithelial_AT2,NMPR
BD_immune15_464792,aneuploid,Tumor_epithelial_AT2,NMPR
BD_immune15_758122,aneuploid,Tumor_epithelial_AT2,NMPR
BD_immune15_842213,aneuploid,Tumor_epithelial_AT2,NMPR
BD_immune15_868240,aneuploid,Tumor_epithelial_AT2,NMPR
BD_immune15_480901,aneuploid,Tumor_epithelial_AT2,NMPR
BD_immune15_595317,aneuploid,Tumor_epithelial_AT2,NMPR
BD_immune15_427872,aneuploid,Tumor_epithelial_AT2,NMPR
BD_immune15_259797,aneuploid,Tumor_epithelial_AT2,NMPR
BD_immune15_211334,aneuploid,Tumor_epithelial_AT2,NMPR
BD_immune15_786736,aneuploid,Tumor_epithelial_AT2,NMPR
BD_immune15_104309,aneuploid,Tumor_epithelial_AT2,NMPR
BD_immune15_826593,aneuploid,Tumor_epithelial_AT2,NMPR
BD_immune15_319244,aneuploid,Tumor_epithelial_AT2,NMPR
BD_immune15_107315,aneuploid,Tumor_epithelial_AT2,NMPR
BD_immune15_76803,aneuploid,Tumor_epithelial_AT2,NMPR
BD_immune15_729094,aneuploid,Tumor_epithelial_AT2,NMPR
BD_immune15_685362,aneuploid,Tumor_epithelial_AT2,NMPR
BD_immune15_783927,aneuploid,Tumor_epithelial_AT2,NMPR
BD_immune15_449949,aneuploid,Tumor_epithelial_AT2,NMPR
BD_immune15_420344,aneuploid,Tumor_epithelial_AT2,NMPR
BD_immune15_187862,aneuploid,Tumor_epithelial_AT2,NMPR
BD_immune15_250867,aneuploid,Tumor_epithelial_AT2,NMPR
BD_immune15_550160,aneuploid,Tumor_epithelial_AT2,NMPR
BD_immune15_237480,aneuploid,Tumor_epithelial_AT2,NMPR
BD_immune15_135293,aneuploid,Tumor_epithelial_AT2,NMPR
BD_immune15_92548,aneuploid,Tumor_epithelial_AT2,NMPR
BD_immune15_664907,aneuploid,Tumor_epithelial_AT2,NMPR
BD_immune15_212061,aneuploid,Tumor_epithelial_AT2,NMPR
BD_immune15_372395,aneuploid,Tumor_epithelial_AT2,NMPR
BD_immune15_371482,aneuploid,Tumor_epithelial_AT2,NMPR
BD_immune15_19926,aneuploid,Tumor_epithelial_AT2,NMPR
BD_immune15_319944,aneuploid,Tumor_epithelial_AT2,NMPR
BD_immune15_15632,aneuploid,Tumor_epithelial_AT2,NMPR
BD_immune15_790635,aneuploid,Tumor_epithelial_AT2,NMPR
BD_immune15_450977,aneuploid,Tumor_epithelial_AT2,NMPR
BD_immune15_877328,aneuploid,Tumor_epithelial_AT2,NMPR
BD_immune15_721161,aneuploid,Tumor_epithelial_AT2,NMPR
BD_immune15_419584,aneuploid,Tumor_epithelial_AT2,NMPR
BD_immune15_681890,aneuploid,Tumor_epithelial_AT2,NMPR
BD_immune15_165083,aneuploid,Tumor_epithelial_AT2,NMPR
BD_immune15_504083,aneuploid,Tumor_epithelial_AT2,NMPR
BD_immune15_757133,aneuploid,Tumor_epithelial_AT2,NMPR
BD_immune15_267127,aneuploid,Tumor_epithelial_AT2,NMPR
BD_immune15_500825,aneuploid,Tumor_epithelial_AT2,NMPR
BD_immune15_450811,aneuploid,Tumor_epithelial_AT2,NMPR
BD_immune15_764055,aneuploid,Tumor_epithelial_AT2,NMPR
BD_immune15_833922,aneuploid,Tumor_epithelial_AT2,NMPR
BD_immune15_420793,aneuploid,Tumor_epithelial_AT2,NMPR
BD_immune15_512925,aneuploid,Tumor_epithelial_AT2,NMPR
BD_immune15_850642,aneuploid,Tumor_epithelial_AT2,NMPR
BD_immune15_746363,aneuploid,Tumor_epithelial_AT2,NMPR
BD_immune15_614531,aneuploid,Tumor_epithelial_AT2,NMPR
BD_immune15_660697,aneuploid,Tumor_epithelial_AT2,NMPR
BD_immune15_250241,aneuploid,Tumor_epithelial_AT2,NMPR
BD_immune15_673687,aneuploid,Tumor_epithelial_AT2,NMPR
BD_immune15_129594,aneuploid,Tumor_epithelial_AT2,NMPR
BD_immune15_787701,aneuploid,Tumor_epithelial_AT2,NMPR
BD_immune15_314027,aneuploid,Tumor_epithelial_AT2,NMPR
BD_immune15_107219,aneuploid,Tumor_epithelial_AT2,NMPR
BD_immune15_480619,aneuploid,Tumor_epithelial_AT2,NMPR
BD_immune15_482767,aneuploid,Tumor_epithelial_AT2,NMPR
BD_immune15_172439,aneuploid,Tumor_epithelial_AT2,NMPR
BD_immune15_544365,aneuploid,Tumor_epithelial_AT2,NMPR
BD_immune15_734870,aneuploid,Tumor_epithelial_AT2,NMPR
BD_immune15_225885,aneuploid,Tumor_epithelial_AT2,NMPR
BD_immune15_381469,aneuploid,Tumor_epithelial_AT2,NMPR
BD_immune15_678066,aneuploid,Tumor_epithelial_AT2,NMPR
BD_immune15_141583,aneuploid,Tumor_epithelial_AT2,NMPR
BD_immune15_451168,aneuploid,Tumor_epithelial_AT2,NMPR
BD_immune15_652802,aneuploid,Tumor_epithelial_AT2,NMPR
BD_immune15_81283,aneuploid,Tumor_epithelial_AT2,NMPR
BD_immune15_220931,aneuploid,Tumor_epithelial_AT2,NMPR
BD_immune15_884576,aneuploid,Tumor_epithelial_AT2,NMPR
BD_immune15_461493,aneuploid,Tumor_epithelial_AT2,NMPR
BD_immune15_643304,aneuploid,Tumor_epithelial_AT2,NMPR
BD_immune15_615257,aneuploid,Tumor_epithelial_AT2,NMPR
BD_immune15_841774,aneuploid,Tumor_epithelial_AT2,NMPR
BD_immune15_615731,aneuploid,Tumor_epithelial_AT2,NMPR
BD_immune15_71872,aneuploid,Tumor_epithelial_AT2,NMPR
BD_immune15_882829,aneuploid,Tumor_epithelial_AT2,NMPR
BD_immune15_530198,aneuploid,Tumor_epithelial_AT2,NMPR
BD_immune15_659390,aneuploid,Tumor_epithelial_AT2,NMPR
BD_immune15_457748,aneuploid,Tumor_epithelial_AT2,NMPR
BD_immune15_179065,aneuploid,Tumor_epithelial_AT2,NMPR
BD_immune15_6630,aneuploid,Tumor_epithelial_AT2,NMPR
BD_immune15_474467,aneuploid,Tumor_epithelial_AT2,NMPR
BD_immune15_410312,aneuploid,Tumor_epithelial_AT2,NMPR
BD_immune15_345493,aneuploid,Tumor_epithelial_AT2,NMPR
BD_immune15_262347,aneuploid,Tumor_epithelial_AT2,NMPR
BD_immune15_71565,aneuploid,Tumor_epithelial_AT2,NMPR
BD_immune15_756583,aneuploid,Tumor_epithelial_AT2,NMPR
BD_immune15_316717,aneuploid,Tumor_epithelial_AT2,NMPR
BD_immune15_792890,aneuploid,Tumor_epithelial_AT2,NMPR
BD_immune15_226960,aneuploid,Tumor_epithelial_AT2,NMPR
BD_immune15_427749,aneuploid,Tumor_epithelial_AT2,NMPR
BD_immune15_875251,aneuploid,Tumor_epithelial_AT2,NMPR
BD_immune15_145603,aneuploid,Tumor_epithelial_AT2,NMPR
BD_immune15_92797,aneuploid,Tumor_epithelial_AT2,NMPR
BD_immune15_403880,aneuploid,Tumor_epithelial_AT2,NMPR
BD_immune15_776248,aneuploid,Tumor_epithelial_AT2,NMPR
BD_immune15_238924,aneuploid,Tumor_epithelial_AT2,NMPR
BD_immune15_68050,aneuploid,Tumor_epithelial_AT2,NMPR
BD_immune15_600660,aneuploid,Tumor_epithelial_AT2,NMPR
BD_immune15_32228,aneuploid,Tumor_epithelial_AT2,NMPR
BD_immune15_249825,aneuploid,Tumor_epithelial_AT2,NMPR
BD_immune15_127359,aneuploid,Tumor_epithelial_AT2,NMPR
BD_immune15_547976,aneuploid,Tumor_epithelial_AT2,NMPR
BD_immune15_729439,aneuploid,Tumor_epithelial_AT2,NMPR
BD_immune15_818269,aneuploid,Tumor_epithelial_AT2,NMPR
BD_immune15_633715,aneuploid,Tumor_epithelial_AT2,NMPR
BD_immune15_784533,aneuploid,Tumor_epithelial_AT2,NMPR
BD_immune15_462861,aneuploid,Tumor_epithelial_AT2,NMPR
BD_immune15_757123,aneuploid,Tumor_epithelial_AT2,NMPR
BD_immune15_837621,aneuploid,Tumor_epithelial_AT2,NMPR
BD_immune15_847888,aneuploid,Tumor_epithelial_AT2,NMPR
BD_immune15_699030,aneuploid,Tumor_epithelial_AT2,NMPR
BD_immune15_301390,aneuploid,Tumor_epithelial_AT2,NMPR
BD_immune15_518714,aneuploid,Tumor_epithelial_AT2,NMPR
BD_immune15_504387,aneuploid,Tumor_epithelial_AT2,NMPR
BD_immune15_799821,aneuploid,Tumor_epithelial_AT2,NMPR
BD_immune15_51121,aneuploid,Tumor_epithelial_AT2,NMPR
BD_immune15_596878,aneuploid,Tumor_epithelial_AT2,NMPR
BD_immune15_611680,aneuploid,Tumor_epithelial_AT2,NMPR
BD_immune15_477730,aneuploid,Tumor_epithelial_AT2,NMPR
BD_immune15_802558,aneuploid,Tumor_epithelial_AT2,NMPR
BD_immune15_372519,aneuploid,Tumor_epithelial_AT2,NMPR
BD_immune15_335207,aneuploid,Tumor_epithelial_AT2,NMPR
BD_immune15_88739,aneuploid,Tumor_epithelial_AT2,NMPR
BD_immune15_728299,aneuploid,Tumor_epithelial_AT2,NMPR
BD_immune15_399746,aneuploid,Tumor_epithelial_AT2,NMPR
BD_immune15_241083,aneuploid,Tumor_epithelial_AT2,NMPR
BD_immune15_84069,aneuploid,Tumor_epithelial_AT2,NMPR
BD_immune15_59143,aneuploid,Tumor_epithelial_AT2,NMPR
BD_immune15_86756,aneuploid,Tumor_epithelial_AT2,NMPR
BD_immune15_593814,aneuploid,Tumor_epithelial_AT2,NMPR
BD_immune15_606649,aneuploid,Tumor_epithelial_AT2,NMPR
BD_immune15_596716,aneuploid,Tumor_epithelial_AT2,NMPR
BD_immune15_471543,aneuploid,Tumor_epithelial_AT2,NMPR
BD_immune15_247630,aneuploid,Tumor_epithelial_AT2,NMPR
BD_immune15_488874,aneuploid,Tumor_epithelial_AT2,NMPR
BD_immune15_695518,aneuploid,Tumor_epithelial_AT2,NMPR
BD_immune15_429931,aneuploid,Tumor_epithelial_AT2,NMPR
BD_immune15_99155,aneuploid,Tumor_epithelial_AT2,NMPR
BD_immune15_257007,aneuploid,Tumor_epithelial_AT2,NMPR
BD_immune15_215568,aneuploid,Tumor_epithelial_AT2,NMPR
BD_immune15_399116,aneuploid,Tumor_epithelial_AT2,NMPR
BD_immune15_367365,aneuploid,Tumor_epithelial_AT2,NMPR
BD_immune15_789819,aneuploid,Tumor_epithelial_AT2,NMPR
BD_immune15_302545,aneuploid,Tumor_epithelial_AT2,NMPR
BD_immune15_424006,aneuploid,Tumor_epithelial_AT2,NMPR
BD_immune15_324924,aneuploid,Tumor_epithelial_AT2,NMPR
BD_immune15_236663,aneuploid,Tumor_epithelial_AT2,NMPR
BD_immune15_636746,aneuploid,Tumor_epithelial_AT2,NMPR
BD_immune15_397554,aneuploid,Tumor_epithelial_AT2,NMPR
BD_immune15_626690,aneuploid,Tumor_epithelial_AT2,NMPR
BD_immune15_326935,aneuploid,Tumor_epithelial_AT2,NMPR
BD_immune15_479318,aneuploid,Tumor_epithelial_AT2,NMPR
BD_immune15_355216,aneuploid,Tumor_epithelial_AT2,NMPR
BD_immune15_771964,aneuploid,Tumor_epithelial_AT2,NMPR
BD_immune15_9614,aneuploid,Tumor_epithelial_AT2,NMPR
BD_immune03_410068,aneuploid,Tumor_epithelial_AT2,MPR
BD_immune07_210740,aneuploid,Tumor_epithelial_AT2,NMPR
BD_immune07_842495,not.defined,Tumor_epithelial_AT2,NMPR
BD_immune07_492754,not.defined,Tumor_epithelial_AT2,NMPR
BD_immune02_162143,not.defined,Tumor_epithelial_AT2,NMPR
BD_immune02_642494,not.defined,Tumor_epithelial_AT2,NMPR
BD_immune02_13423,not.defined,Tumor_epithelial_AT2,NMPR
BD_immune02_179190,not.defined,Tumor_epithelial_AT2,NMPR
BD_immune02_505427,not.defined,Tumor_epithelial_AT2,NMPR
BD_immune02_29691,not.defined,Tumor_epithelial_AT2,NMPR
BD_immune02_755957,not.defined,Tumor_epithelial_AT2,NMPR
BD_immune02_196980,not.defined,Tumor_epithelial_AT2,NMPR
BD_immune02_666214,not.defined,Tumor_epithelial_AT2,NMPR
BD_immune02_30921,not.defined,Tumor_epithelial_AT2,NMPR
BD_immune02_818585,not.defined,Tumor_epithelial_AT2,NMPR
BD_immune02_38291,not.defined,Tumor_epithelial_AT2,NMPR
BD_immune02_200787,not.defined,Tumor_epithelial_AT2,NMPR
BD_immune02_538017,not.defined,Tumor_epithelial_AT2,NMPR
BD_immune02_794734,not.defined,Tumor_epithelial_AT2,NMPR
BD_immune02_679749,not.defined,Tumor_epithelial_AT2,NMPR
BD_immune02_492247,not.defined,Tumor_epithelial_AT2,NMPR
BD_immune02_566281,not.defined,Tumor_epithelial_AT2,NMPR
BD_immune02_319195,not.defined,Tumor_epithelial_AT2,NMPR
BD_immune02_215688,not.defined,Tumor_epithelial_AT2,NMPR
BD_immune02_746610,not.defined,Tumor_epithelial_AT2,NMPR
BD_immune03_203490,not.defined,Tumor_epithelial_AT2,MPR
BD_immune03_216169,not.defined,Tumor_epithelial_AT2,MPR
BD_immune03_666681,not.defined,Tumor_epithelial_AT2,MPR
BD_immune03_350899,not.defined,Tumor_epithelial_AT2,MPR
BD_immune03_393915,not.defined,Tumor_epithelial_AT2,MPR
BD_immune03_237709,not.defined,Tumor_epithelial_AT2,MPR
BD_immune04_522295,not.defined,Tumor_epithelial_AT2,NMPR
BD_immune04_830147,not.defined,Tumor_epithelial_AT2,NMPR
BD_immune04_336975,not.defined,Tumor_epithelial_AT2,NMPR
BD_immune04_508784,not.defined,Tumor_epithelial_AT2,NMPR
BD_immune04_742951,not.defined,Tumor_epithelial_AT2,NMPR
BD_immune04_849036,not.defined,Tumor_epithelial_AT2,NMPR
BD_immune04_491057,not.defined,Tumor_epithelial_AT2,NMPR
BD_immune04_279467,not.defined,Tumor_epithelial_AT2,NMPR
BD_immune04_687559,not.defined,Tumor_epithelial_AT2,NMPR
BD_immune04_702662,not.defined,Tumor_epithelial_AT2,NMPR
BD_immune04_856058,not.defined,Tumor_epithelial_AT2,NMPR
BD_immune04_467064,not.defined,Tumor_epithelial_AT2,NMPR
BD_immune04_257854,not.defined,Tumor_epithelial_AT2,NMPR
BD_immune04_237439,not.defined,Tumor_epithelial_AT2,NMPR
BD_immune04_511523,not.defined,Tumor_epithelial_AT2,NMPR
BD_immune04_258042,not.defined,Tumor_epithelial_AT2,NMPR
BD_immune04_562966,not.defined,Tumor_epithelial_AT2,NMPR
BD_immune04_720634,not.defined,Tumor_epithelial_AT2,NMPR
BD_immune04_84457,not.defined,Tumor_epithelial_AT2,NMPR
BD_immune04_406845,not.defined,Tumor_epithelial_AT2,NMPR
BD_immune04_488866,not.defined,Tumor_epithelial_AT2,NMPR
BD_immune04_427427,not.defined,Tumor_epithelial_AT2,NMPR
BD_immune04_63547,not.defined,Tumor_epithelial_AT2,NMPR
BD_immune07_624668,not.defined,Tumor_epithelial_AT2,NMPR
BD_immune08_747954,not.defined,Tumor_epithelial_AT2,NMPR
BD_immune08_113832,not.defined,Tumor_epithelial_AT2,NMPR
BD_immune08_829647,not.defined,Tumor_epithelial_AT2,NMPR
BD_immune08_231901,not.defined,Tumor_epithelial_AT2,NMPR
BD_immune08_193894,not.defined,Tumor_epithelial_AT2,NMPR
BD_immune08_612392,not.defined,Tumor_epithelial_AT2,NMPR
BD_immune08_370215,not.defined,Tumor_epithelial_AT2,NMPR
BD_immune08_451247,not.defined,Tumor_epithelial_AT2,NMPR
BD_immune08_90036,not.defined,Tumor_epithelial_AT2,NMPR
BD_immune08_530004,not.defined,Tumor_epithelial_AT2,NMPR
BD_immune08_286411,not.defined,Tumor_epithelial_AT2,NMPR
BD_immune08_179,not.defined,Tumor_epithelial_AT2,NMPR
BD_immune08_649261,not.defined,Tumor_epithelial_AT2,NMPR
BD_immune08_483898,not.defined,Tumor_epithelial_AT2,NMPR
BD_immune08_436010,not.defined,Tumor_epithelial_AT2,NMPR
BD_immune08_845063,not.defined,Tumor_epithelial_AT2,NMPR
BD_immune08_50882,not.defined,Tumor_epithelial_AT2,NMPR
BD_immune08_688654,not.defined,Tumor_epithelial_AT2,NMPR
BD_immune08_276694,not.defined,Tumor_epithelial_AT2,NMPR
BD_immune08_604229,not.defined,Tumor_epithelial_AT2,NMPR
BD_immune08_315075,not.defined,Tumor_epithelial_AT2,NMPR
BD_immune08_170754,not.defined,Tumor_epithelial_AT2,NMPR
BD_immune08_533734,not.defined,Tumor_epithelial_AT2,NMPR
BD_immune08_743219,not.defined,Tumor_epithelial_AT2,NMPR
BD_immune08_36024,not.defined,Tumor_epithelial_AT2,NMPR
BD_immune08_291106,not.defined,Tumor_epithelial_AT2,NMPR
BD_immune08_627738,not.defined,Tumor_epithelial_AT2,NMPR
BD_immune08_12990,not.defined,Tumor_epithelial_AT2,NMPR
BD_immune08_360384,not.defined,Tumor_epithelial_AT2,NMPR
BD_immune08_763667,not.defined,Tumor_epithelial_AT2,NMPR
BD_immune08_532707,not.defined,Tumor_epithelial_AT2,NMPR
BD_immune08_704490,not.defined,Tumor_epithelial_AT2,NMPR
BD_immune08_792466,not.defined,Tumor_epithelial_AT2,NMPR
BD_immune08_212469,not.defined,Tumor_epithelial_AT2,NMPR
BD_immune08_284693,not.defined,Tumor_epithelial_AT2,NMPR
BD_immune08_596990,not.defined,Tumor_epithelial_AT2,NMPR
BD_immune08_287929,not.defined,Tumor_epithelial_AT2,NMPR
BD_immune10_196841,not.defined,Tumor_epithelial_AT2,NMPR
BD_immune11_32316,not.defined,Tumor_epithelial_AT2,MPR
BD_immune11_449986,not.defined,Tumor_epithelial_AT2,MPR
BD_immune14_439312,not.defined,Tumor_epithelial_AT2,MPR
BD_immune14_811281,not.defined,Tumor_epithelial_AT2,MPR
BD_immune14_603643,not.defined,Tumor_epithelial_AT2,MPR
BD_immune15_846410,not.defined,Tumor_epithelial_AT2,NMPR
BD_immune15_872378,not.defined,Tumor_epithelial_AT2,NMPR
BD_immune15_517165,not.defined,Tumor_epithelial_AT2,NMPR
BD_immune15_525379,not.defined,Tumor_epithelial_AT2,NMPR
BD_immune15_319169,not.defined,Tumor_epithelial_AT2,NMPR
BD_immune15_341359,not.defined,Tumor_epithelial_AT2,NMPR
BD_immune15_15583,not.defined,Tumor_epithelial_AT2,NMPR
BD_immune15_378824,not.defined,Tumor_epithelial_AT2,NMPR
BD_immune15_370598,not.defined,Tumor_epithelial_AT2,NMPR
BD_immune15_812599,not.defined,Tumor_epithelial_AT2,NMPR
BD_immune15_194658,not.defined,Tumor_epithelial_AT2,NMPR
BD_immune15_89535,not.defined,Tumor_epithelial_AT2,NMPR
BD_immune03_676003,diploid,Tumor_epithelial_basal,MPR
BD_immune07_178927,diploid,Tumor_epithelial_basal,NMPR
BD_immune07_255916,diploid,Tumor_epithelial_basal,NMPR
BD_immune07_133124,diploid,Tumor_epithelial_basal,NMPR
BD_immune07_374609,diploid,Tumor_epithelial_basal,NMPR
BD_immune07_138392,diploid,Tumor_epithelial_basal,NMPR
BD_immune07_554970,diploid,Tumor_epithelial_basal,NMPR
BD_immune07_338911,diploid,Tumor_epithelial_basal,NMPR
BD_immune07_287210,diploid,Tumor_epithelial_basal,NMPR
BD_immune07_193907,diploid,Tumor_epithelial_basal,NMPR
BD_immune07_51729,diploid,Tumor_epithelial_basal,NMPR
BD_immune07_479921,diploid,Tumor_epithelial_basal,NMPR
BD_immune03_407665,diploid,Tumor_epithelial_basal,MPR
BD_immune03_735829,diploid,Tumor_epithelial_basal,MPR
BD_immune03_697938,diploid,Tumor_epithelial_basal,MPR
BD_immune03_3335,aneuploid,Tumor_epithelial_basal,MPR
BD_immune03_641120,aneuploid,Tumor_epithelial_basal,MPR
BD_immune03_698551,aneuploid,Tumor_epithelial_basal,MPR
BD_immune03_167147,aneuploid,Tumor_epithelial_basal,MPR
BD_immune03_800426,aneuploid,Tumor_epithelial_basal,MPR
BD_immune03_75258,aneuploid,Tumor_epithelial_basal,MPR
BD_immune03_675453,aneuploid,Tumor_epithelial_basal,MPR
BD_immune03_25130,aneuploid,Tumor_epithelial_basal,MPR
BD_immune03_522163,aneuploid,Tumor_epithelial_basal,MPR
BD_immune03_477890,aneuploid,Tumor_epithelial_basal,MPR
BD_immune03_650851,aneuploid,Tumor_epithelial_basal,MPR
BD_immune03_748968,aneuploid,Tumor_epithelial_basal,MPR
BD_immune03_156584,aneuploid,Tumor_epithelial_basal,MPR
BD_immune03_433327,aneuploid,Tumor_epithelial_basal,MPR
BD_immune03_75025,aneuploid,Tumor_epithelial_basal,MPR
BD_immune03_639848,aneuploid,Tumor_epithelial_basal,MPR
BD_immune03_826935,aneuploid,Tumor_epithelial_basal,MPR
BD_immune03_828252,aneuploid,Tumor_epithelial_basal,MPR
BD_immune03_729777,aneuploid,Tumor_epithelial_basal,MPR
BD_immune03_766555,aneuploid,Tumor_epithelial_basal,MPR
BD_immune03_272469,aneuploid,Tumor_epithelial_basal,MPR
BD_immune03_656489,aneuploid,Tumor_epithelial_basal,MPR
BD_immune03_690144,aneuploid,Tumor_epithelial_basal,MPR
BD_immune03_184086,aneuploid,Tumor_epithelial_basal,MPR
BD_immune03_701380,aneuploid,Tumor_epithelial_basal,MPR
BD_immune03_158016,aneuploid,Tumor_epithelial_basal,MPR
BD_immune03_36581,aneuploid,Tumor_epithelial_basal,MPR
BD_immune03_189314,aneuploid,Tumor_epithelial_basal,MPR
BD_immune03_715860,aneuploid,Tumor_epithelial_basal,MPR
BD_immune03_839739,aneuploid,Tumor_epithelial_basal,MPR
BD_immune03_433772,aneuploid,Tumor_epithelial_basal,MPR
BD_immune03_626125,aneuploid,Tumor_epithelial_basal,MPR
BD_immune03_570833,aneuploid,Tumor_epithelial_basal,MPR
BD_immune03_739370,aneuploid,Tumor_epithelial_basal,MPR
BD_immune03_171439,aneuploid,Tumor_epithelial_basal,MPR
BD_immune03_53055,aneuploid,Tumor_epithelial_basal,MPR
BD_immune03_417908,aneuploid,Tumor_epithelial_basal,MPR
BD_immune03_763414,aneuploid,Tumor_epithelial_basal,MPR
BD_immune03_406131,aneuploid,Tumor_epithelial_basal,MPR
BD_immune03_293417,aneuploid,Tumor_epithelial_basal,MPR
BD_immune03_533018,aneuploid,Tumor_epithelial_basal,MPR
BD_immune03_524375,aneuploid,Tumor_epithelial_basal,MPR
BD_immune03_549332,aneuploid,Tumor_epithelial_basal,MPR
BD_immune03_858105,aneuploid,Tumor_epithelial_basal,MPR
BD_immune03_225707,aneuploid,Tumor_epithelial_basal,MPR
BD_immune03_191446,aneuploid,Tumor_epithelial_basal,MPR
BD_immune03_243390,aneuploid,Tumor_epithelial_basal,MPR
BD_immune03_235756,aneuploid,Tumor_epithelial_basal,MPR
BD_immune03_795329,aneuploid,Tumor_epithelial_basal,MPR
BD_immune03_176164,aneuploid,Tumor_epithelial_basal,MPR
BD_immune03_720595,aneuploid,Tumor_epithelial_basal,MPR
BD_immune03_359594,aneuploid,Tumor_epithelial_basal,MPR
BD_immune03_496837,aneuploid,Tumor_epithelial_basal,MPR
BD_immune03_42199,aneuploid,Tumor_epithelial_basal,MPR
BD_immune03_129296,aneuploid,Tumor_epithelial_basal,MPR
BD_immune03_111892,aneuploid,Tumor_epithelial_basal,MPR
BD_immune03_254462,aneuploid,Tumor_epithelial_basal,MPR
BD_immune03_19479,aneuploid,Tumor_epithelial_basal,MPR
BD_immune03_102028,aneuploid,Tumor_epithelial_basal,MPR
BD_immune03_507453,aneuploid,Tumor_epithelial_basal,MPR
BD_immune03_754925,aneuploid,Tumor_epithelial_basal,MPR
BD_immune03_202811,aneuploid,Tumor_epithelial_basal,MPR
BD_immune03_5010,aneuploid,Tumor_epithelial_basal,MPR
BD_immune03_30499,aneuploid,Tumor_epithelial_basal,MPR
BD_immune03_466041,aneuploid,Tumor_epithelial_basal,MPR
BD_immune03_481375,aneuploid,Tumor_epithelial_basal,MPR
BD_immune03_760505,aneuploid,Tumor_epithelial_basal,MPR
BD_immune03_378383,aneuploid,Tumor_epithelial_basal,MPR
BD_immune03_229120,aneuploid,Tumor_epithelial_basal,MPR
BD_immune03_299571,aneuploid,Tumor_epithelial_basal,MPR
BD_immune03_795970,aneuploid,Tumor_epithelial_basal,MPR
BD_immune03_8645,aneuploid,Tumor_epithelial_basal,MPR
BD_immune03_774942,aneuploid,Tumor_epithelial_basal,MPR
BD_immune03_720319,aneuploid,Tumor_epithelial_basal,MPR
BD_immune03_213902,aneuploid,Tumor_epithelial_basal,MPR
BD_immune03_766788,aneuploid,Tumor_epithelial_basal,MPR
BD_immune03_718736,aneuploid,Tumor_epithelial_basal,MPR
BD_immune03_682803,aneuploid,Tumor_epithelial_basal,MPR
BD_immune03_152880,aneuploid,Tumor_epithelial_basal,MPR
BD_immune03_839808,aneuploid,Tumor_epithelial_basal,MPR
BD_immune03_400911,aneuploid,Tumor_epithelial_basal,MPR
BD_immune03_722995,aneuploid,Tumor_epithelial_basal,MPR
BD_immune03_637638,aneuploid,Tumor_epithelial_basal,MPR
BD_immune03_72396,aneuploid,Tumor_epithelial_basal,MPR
BD_immune03_782223,aneuploid,Tumor_epithelial_basal,MPR
BD_immune03_696126,aneuploid,Tumor_epithelial_basal,MPR
BD_immune03_592931,aneuploid,Tumor_epithelial_basal,MPR
BD_immune03_492992,aneuploid,Tumor_epithelial_basal,MPR
BD_immune03_525157,aneuploid,Tumor_epithelial_basal,MPR
BD_immune03_170978,aneuploid,Tumor_epithelial_basal,MPR
BD_immune03_789637,aneuploid,Tumor_epithelial_basal,MPR
BD_immune03_729828,aneuploid,Tumor_epithelial_basal,MPR
BD_immune03_477067,aneuploid,Tumor_epithelial_basal,MPR
BD_immune03_400474,aneuploid,Tumor_epithelial_basal,MPR
BD_immune03_110517,aneuploid,Tumor_epithelial_basal,MPR
BD_immune03_211657,aneuploid,Tumor_epithelial_basal,MPR
BD_immune03_612565,aneuploid,Tumor_epithelial_basal,MPR
BD_immune03_709503,aneuploid,Tumor_epithelial_basal,MPR
BD_immune03_22409,aneuploid,Tumor_epithelial_basal,MPR
BD_immune03_523217,aneuploid,Tumor_epithelial_basal,MPR
BD_immune03_45478,aneuploid,Tumor_epithelial_basal,MPR
BD_immune03_116393,aneuploid,Tumor_epithelial_basal,MPR
BD_immune03_86853,aneuploid,Tumor_epithelial_basal,MPR
BD_immune03_39021,aneuploid,Tumor_epithelial_basal,MPR
BD_immune03_775198,aneuploid,Tumor_epithelial_basal,MPR
BD_immune03_76497,aneuploid,Tumor_epithelial_basal,MPR
BD_immune03_313567,aneuploid,Tumor_epithelial_basal,MPR
BD_immune03_421629,aneuploid,Tumor_epithelial_basal,MPR
BD_immune03_596904,aneuploid,Tumor_epithelial_basal,MPR
BD_immune03_272116,aneuploid,Tumor_epithelial_basal,MPR
BD_immune03_371066,aneuploid,Tumor_epithelial_basal,MPR
BD_immune03_511504,aneuploid,Tumor_epithelial_basal,MPR
BD_immune03_583,aneuploid,Tumor_epithelial_basal,MPR
BD_immune03_151697,aneuploid,Tumor_epithelial_basal,MPR
BD_immune03_228470,aneuploid,Tumor_epithelial_basal,MPR
BD_immune03_518038,aneuploid,Tumor_epithelial_basal,MPR
BD_immune03_433481,aneuploid,Tumor_epithelial_basal,MPR
BD_immune03_433636,aneuploid,Tumor_epithelial_basal,MPR
BD_immune03_176798,aneuploid,Tumor_epithelial_basal,MPR
BD_immune03_477657,aneuploid,Tumor_epithelial_basal,MPR
BD_immune03_254107,aneuploid,Tumor_epithelial_basal,MPR
BD_immune03_7958,aneuploid,Tumor_epithelial_basal,MPR
BD_immune03_768533,aneuploid,Tumor_epithelial_basal,MPR
BD_immune03_279135,aneuploid,Tumor_epithelial_basal,MPR
BD_immune03_176424,aneuploid,Tumor_epithelial_basal,MPR
BD_immune03_775566,aneuploid,Tumor_epithelial_basal,MPR
BD_immune03_378237,aneuploid,Tumor_epithelial_basal,MPR
BD_immune03_357376,aneuploid,Tumor_epithelial_basal,MPR
BD_immune03_30189,aneuploid,Tumor_epithelial_basal,MPR
BD_immune03_716888,aneuploid,Tumor_epithelial_basal,MPR
BD_immune03_590688,aneuploid,Tumor_epithelial_basal,MPR
BD_immune03_610735,aneuploid,Tumor_epithelial_basal,MPR
BD_immune03_752555,aneuploid,Tumor_epithelial_basal,MPR
BD_immune03_589227,aneuploid,Tumor_epithelial_basal,MPR
BD_immune03_483187,aneuploid,Tumor_epithelial_basal,MPR
BD_immune03_834490,aneuploid,Tumor_epithelial_basal,MPR
BD_immune03_698745,aneuploid,Tumor_epithelial_basal,MPR
BD_immune03_496313,aneuploid,Tumor_epithelial_basal,MPR
BD_immune03_761442,aneuploid,Tumor_epithelial_basal,MPR
BD_immune03_271536,aneuploid,Tumor_epithelial_basal,MPR
BD_immune03_562294,aneuploid,Tumor_epithelial_basal,MPR
BD_immune03_865367,aneuploid,Tumor_epithelial_basal,MPR
BD_immune03_783278,aneuploid,Tumor_epithelial_basal,MPR
BD_immune03_99581,aneuploid,Tumor_epithelial_basal,MPR
BD_immune03_566809,aneuploid,Tumor_epithelial_basal,MPR
BD_immune03_704037,aneuploid,Tumor_epithelial_basal,MPR
BD_immune03_54915,aneuploid,Tumor_epithelial_basal,MPR
BD_immune03_815392,aneuploid,Tumor_epithelial_basal,MPR
BD_immune03_117409,aneuploid,Tumor_epithelial_basal,MPR
BD_immune03_21732,aneuploid,Tumor_epithelial_basal,MPR
BD_immune03_877845,aneuploid,Tumor_epithelial_basal,MPR
BD_immune03_546128,aneuploid,Tumor_epithelial_basal,MPR
BD_immune03_408890,aneuploid,Tumor_epithelial_basal,MPR
BD_immune03_613128,aneuploid,Tumor_epithelial_basal,MPR
BD_immune03_186757,aneuploid,Tumor_epithelial_basal,MPR
BD_immune03_756253,aneuploid,Tumor_epithelial_basal,MPR
BD_immune03_379009,aneuploid,Tumor_epithelial_basal,MPR
BD_immune03_78079,aneuploid,Tumor_epithelial_basal,MPR
BD_immune03_580559,aneuploid,Tumor_epithelial_basal,MPR
BD_immune03_814459,aneuploid,Tumor_epithelial_basal,MPR
BD_immune03_442949,aneuploid,Tumor_epithelial_basal,MPR
BD_immune03_544928,aneuploid,Tumor_epithelial_basal,MPR
BD_immune03_498977,aneuploid,Tumor_epithelial_basal,MPR
BD_immune03_398582,aneuploid,Tumor_epithelial_basal,MPR
BD_immune03_160487,aneuploid,Tumor_epithelial_basal,MPR
BD_immune03_65650,aneuploid,Tumor_epithelial_basal,MPR
BD_immune03_600454,aneuploid,Tumor_epithelial_basal,MPR
BD_immune03_733769,aneuploid,Tumor_epithelial_basal,MPR
BD_immune03_88761,aneuploid,Tumor_epithelial_basal,MPR
BD_immune03_146489,aneuploid,Tumor_epithelial_basal,MPR
BD_immune03_731730,aneuploid,Tumor_epithelial_basal,MPR
BD_immune03_176373,aneuploid,Tumor_epithelial_basal,MPR
BD_immune03_772544,aneuploid,Tumor_epithelial_basal,MPR
BD_immune03_658332,aneuploid,Tumor_epithelial_basal,MPR
BD_immune03_419838,aneuploid,Tumor_epithelial_basal,MPR
BD_immune03_357962,aneuploid,Tumor_epithelial_basal,MPR
BD_immune03_135864,aneuploid,Tumor_epithelial_basal,MPR
BD_immune03_671429,aneuploid,Tumor_epithelial_basal,MPR
BD_immune03_684812,aneuploid,Tumor_epithelial_basal,MPR
BD_immune03_500777,aneuploid,Tumor_epithelial_basal,MPR
BD_immune03_559234,aneuploid,Tumor_epithelial_basal,MPR
BD_immune03_814409,aneuploid,Tumor_epithelial_basal,MPR
BD_immune03_811833,aneuploid,Tumor_epithelial_basal,MPR
BD_immune03_549757,aneuploid,Tumor_epithelial_basal,MPR
BD_immune03_148871,aneuploid,Tumor_epithelial_basal,MPR
BD_immune03_483762,aneuploid,Tumor_epithelial_basal,MPR
BD_immune03_875430,aneuploid,Tumor_epithelial_basal,MPR
BD_immune03_772551,aneuploid,Tumor_epithelial_basal,MPR
BD_immune03_477697,aneuploid,Tumor_epithelial_basal,MPR
BD_immune03_510038,aneuploid,Tumor_epithelial_basal,MPR
BD_immune03_485516,aneuploid,Tumor_epithelial_basal,MPR
BD_immune03_597286,aneuploid,Tumor_epithelial_basal,MPR
BD_immune03_17559,aneuploid,Tumor_epithelial_basal,MPR
BD_immune03_760051,aneuploid,Tumor_epithelial_basal,MPR
BD_immune03_484510,aneuploid,Tumor_epithelial_basal,MPR
BD_immune03_450884,aneuploid,Tumor_epithelial_basal,MPR
BD_immune03_743313,aneuploid,Tumor_epithelial_basal,MPR
BD_immune03_538826,aneuploid,Tumor_epithelial_basal,MPR
BD_immune03_119691,aneuploid,Tumor_epithelial_basal,MPR
BD_immune03_44130,aneuploid,Tumor_epithelial_basal,MPR
BD_immune03_439346,aneuploid,Tumor_epithelial_basal,MPR
BD_immune03_720612,aneuploid,Tumor_epithelial_basal,MPR
BD_immune03_738028,aneuploid,Tumor_epithelial_basal,MPR
BD_immune03_361698,aneuploid,Tumor_epithelial_basal,MPR
BD_immune03_542600,aneuploid,Tumor_epithelial_basal,MPR
BD_immune03_310561,aneuploid,Tumor_epithelial_basal,MPR
BD_immune03_402523,aneuploid,Tumor_epithelial_basal,MPR
BD_immune03_60539,aneuploid,Tumor_epithelial_basal,MPR
BD_immune03_849195,aneuploid,Tumor_epithelial_basal,MPR
BD_immune03_352095,aneuploid,Tumor_epithelial_basal,MPR
BD_immune03_230289,aneuploid,Tumor_epithelial_basal,MPR
BD_immune03_503828,aneuploid,Tumor_epithelial_basal,MPR
BD_immune03_585381,aneuploid,Tumor_epithelial_basal,MPR
BD_immune03_253065,aneuploid,Tumor_epithelial_basal,MPR
BD_immune03_59075,aneuploid,Tumor_epithelial_basal,MPR
BD_immune03_465073,aneuploid,Tumor_epithelial_basal,MPR
BD_immune03_434774,aneuploid,Tumor_epithelial_basal,MPR
BD_immune03_262763,aneuploid,Tumor_epithelial_basal,MPR
BD_immune03_94857,aneuploid,Tumor_epithelial_basal,MPR
BD_immune03_220635,aneuploid,Tumor_epithelial_basal,MPR
BD_immune03_673092,aneuploid,Tumor_epithelial_basal,MPR
BD_immune03_100871,aneuploid,Tumor_epithelial_basal,MPR
BD_immune03_376426,aneuploid,Tumor_epithelial_basal,MPR
BD_immune03_90682,aneuploid,Tumor_epithelial_basal,MPR
BD_immune03_763659,aneuploid,Tumor_epithelial_basal,MPR
BD_immune03_10583,aneuploid,Tumor_epithelial_basal,MPR
BD_immune03_812450,aneuploid,Tumor_epithelial_basal,MPR
BD_immune03_47503,aneuploid,Tumor_epithelial_basal,MPR
BD_immune03_162280,aneuploid,Tumor_epithelial_basal,MPR
BD_immune03_384887,aneuploid,Tumor_epithelial_basal,MPR
BD_immune03_283884,aneuploid,Tumor_epithelial_basal,MPR
BD_immune03_861844,aneuploid,Tumor_epithelial_basal,MPR
BD_immune03_100501,aneuploid,Tumor_epithelial_basal,MPR
BD_immune03_307321,aneuploid,Tumor_epithelial_basal,MPR
BD_immune03_533793,aneuploid,Tumor_epithelial_basal,MPR
BD_immune03_688133,aneuploid,Tumor_epithelial_basal,MPR
BD_immune03_547067,aneuploid,Tumor_epithelial_basal,MPR
BD_immune03_705215,aneuploid,Tumor_epithelial_basal,MPR
BD_immune03_130709,aneuploid,Tumor_epithelial_basal,MPR
BD_immune03_399711,aneuploid,Tumor_epithelial_basal,MPR
BD_immune03_167991,aneuploid,Tumor_epithelial_basal,MPR
BD_immune03_92546,aneuploid,Tumor_epithelial_basal,MPR
BD_immune03_48117,aneuploid,Tumor_epithelial_basal,MPR
BD_immune03_15669,aneuploid,Tumor_epithelial_basal,MPR
BD_immune03_284046,aneuploid,Tumor_epithelial_basal,MPR
BD_immune03_144316,aneuploid,Tumor_epithelial_basal,MPR
BD_immune03_404205,aneuploid,Tumor_epithelial_basal,MPR
BD_immune03_13050,aneuploid,Tumor_epithelial_basal,MPR
BD_immune03_319377,aneuploid,Tumor_epithelial_basal,MPR
BD_immune03_858972,aneuploid,Tumor_epithelial_basal,MPR
BD_immune03_478072,aneuploid,Tumor_epithelial_basal,MPR
BD_immune03_132750,aneuploid,Tumor_epithelial_basal,MPR
BD_immune03_769233,aneuploid,Tumor_epithelial_basal,MPR
BD_immune03_817341,aneuploid,Tumor_epithelial_basal,MPR
BD_immune03_211361,aneuploid,Tumor_epithelial_basal,MPR
BD_immune03_399602,aneuploid,Tumor_epithelial_basal,MPR
BD_immune03_546799,aneuploid,Tumor_epithelial_basal,MPR
BD_immune03_485733,aneuploid,Tumor_epithelial_basal,MPR
BD_immune03_359646,aneuploid,Tumor_epithelial_basal,MPR
BD_immune03_815124,aneuploid,Tumor_epithelial_basal,MPR
BD_immune03_643558,aneuploid,Tumor_epithelial_basal,MPR
BD_immune03_687065,aneuploid,Tumor_epithelial_basal,MPR
BD_immune03_765224,aneuploid,Tumor_epithelial_basal,MPR
BD_immune03_292675,aneuploid,Tumor_epithelial_basal,MPR
BD_immune03_642715,aneuploid,Tumor_epithelial_basal,MPR
BD_immune03_64347,aneuploid,Tumor_epithelial_basal,MPR
BD_immune03_837751,aneuploid,Tumor_epithelial_basal,MPR
BD_immune03_51974,aneuploid,Tumor_epithelial_basal,MPR
BD_immune03_121601,aneuploid,Tumor_epithelial_basal,MPR
BD_immune03_206285,aneuploid,Tumor_epithelial_basal,MPR
BD_immune03_26537,aneuploid,Tumor_epithelial_basal,MPR
BD_immune03_696300,aneuploid,Tumor_epithelial_basal,MPR
BD_immune03_549588,aneuploid,Tumor_epithelial_basal,MPR
BD_immune03_548328,aneuploid,Tumor_epithelial_basal,MPR
BD_immune03_535207,aneuploid,Tumor_epithelial_basal,MPR
BD_immune03_743387,aneuploid,Tumor_epithelial_basal,MPR
BD_immune03_393970,aneuploid,Tumor_epithelial_basal,MPR
BD_immune03_734470,aneuploid,Tumor_epithelial_basal,MPR
BD_immune03_120017,aneuploid,Tumor_epithelial_basal,MPR
BD_immune03_723433,aneuploid,Tumor_epithelial_basal,MPR
BD_immune03_535533,aneuploid,Tumor_epithelial_basal,MPR
BD_immune03_646780,aneuploid,Tumor_epithelial_basal,MPR
BD_immune03_40314,aneuploid,Tumor_epithelial_basal,MPR
BD_immune03_648454,aneuploid,Tumor_epithelial_basal,MPR
BD_immune03_358973,aneuploid,Tumor_epithelial_basal,MPR
BD_immune03_536063,aneuploid,Tumor_epithelial_basal,MPR
BD_immune03_798197,aneuploid,Tumor_epithelial_basal,MPR
BD_immune03_744851,aneuploid,Tumor_epithelial_basal,MPR
BD_immune03_264242,aneuploid,Tumor_epithelial_basal,MPR
BD_immune03_684716,aneuploid,Tumor_epithelial_basal,MPR
BD_immune03_411078,aneuploid,Tumor_epithelial_basal,MPR
BD_immune03_551089,aneuploid,Tumor_epithelial_basal,MPR
BD_immune03_122509,aneuploid,Tumor_epithelial_basal,MPR
BD_immune03_859397,aneuploid,Tumor_epithelial_basal,MPR
BD_immune03_252023,aneuploid,Tumor_epithelial_basal,MPR
BD_immune03_451843,aneuploid,Tumor_epithelial_basal,MPR
BD_immune03_746151,aneuploid,Tumor_epithelial_basal,MPR
BD_immune03_442313,aneuploid,Tumor_epithelial_basal,MPR
BD_immune03_653932,aneuploid,Tumor_epithelial_basal,MPR
BD_immune03_679286,aneuploid,Tumor_epithelial_basal,MPR
BD_immune03_783512,aneuploid,Tumor_epithelial_basal,MPR
BD_immune03_462111,aneuploid,Tumor_epithelial_basal,MPR
BD_immune03_693369,aneuploid,Tumor_epithelial_basal,MPR
BD_immune03_737541,aneuploid,Tumor_epithelial_basal,MPR
BD_immune03_870226,aneuploid,Tumor_epithelial_basal,MPR
BD_immune03_541120,aneuploid,Tumor_epithelial_basal,MPR
BD_immune03_191902,aneuploid,Tumor_epithelial_basal,MPR
BD_immune03_548975,aneuploid,Tumor_epithelial_basal,MPR
BD_immune03_165321,aneuploid,Tumor_epithelial_basal,MPR
BD_immune03_759907,aneuploid,Tumor_epithelial_basal,MPR
BD_immune03_270133,aneuploid,Tumor_epithelial_basal,MPR
BD_immune03_172805,aneuploid,Tumor_epithelial_basal,MPR
BD_immune03_615271,aneuploid,Tumor_epithelial_basal,MPR
BD_immune03_717536,aneuploid,Tumor_epithelial_basal,MPR
BD_immune03_432206,aneuploid,Tumor_epithelial_basal,MPR
BD_immune03_599766,aneuploid,Tumor_epithelial_basal,MPR
BD_immune03_164628,aneuploid,Tumor_epithelial_basal,MPR
BD_immune03_261720,aneuploid,Tumor_epithelial_basal,MPR
BD_immune03_876207,aneuploid,Tumor_epithelial_basal,MPR
BD_immune03_199274,aneuploid,Tumor_epithelial_basal,MPR
BD_immune03_424493,aneuploid,Tumor_epithelial_basal,MPR
BD_immune03_53606,aneuploid,Tumor_epithelial_basal,MPR
BD_immune03_278780,aneuploid,Tumor_epithelial_basal,MPR
BD_immune03_745171,aneuploid,Tumor_epithelial_basal,MPR
BD_immune03_106576,aneuploid,Tumor_epithelial_basal,MPR
BD_immune03_21406,aneuploid,Tumor_epithelial_basal,MPR
BD_immune03_473768,aneuploid,Tumor_epithelial_basal,MPR
BD_immune03_835127,aneuploid,Tumor_epithelial_basal,MPR
BD_immune03_122162,aneuploid,Tumor_epithelial_basal,MPR
BD_immune03_203362,aneuploid,Tumor_epithelial_basal,MPR
BD_immune03_445856,aneuploid,Tumor_epithelial_basal,MPR
BD_immune03_662860,aneuploid,Tumor_epithelial_basal,MPR
BD_immune03_412575,aneuploid,Tumor_epithelial_basal,MPR
BD_immune03_531375,aneuploid,Tumor_epithelial_basal,MPR
BD_immune03_332506,aneuploid,Tumor_epithelial_basal,MPR
BD_immune03_404173,aneuploid,Tumor_epithelial_basal,MPR
BD_immune03_604856,aneuploid,Tumor_epithelial_basal,MPR
BD_immune03_279821,aneuploid,Tumor_epithelial_basal,MPR
BD_immune03_811253,aneuploid,Tumor_epithelial_basal,MPR
BD_immune03_658762,aneuploid,Tumor_epithelial_basal,MPR
BD_immune03_825158,aneuploid,Tumor_epithelial_basal,MPR
BD_immune03_188086,aneuploid,Tumor_epithelial_basal,MPR
BD_immune03_764079,aneuploid,Tumor_epithelial_basal,MPR
BD_immune03_379752,aneuploid,Tumor_epithelial_basal,MPR
BD_immune03_857401,aneuploid,Tumor_epithelial_basal,MPR
BD_immune03_589180,aneuploid,Tumor_epithelial_basal,MPR
BD_immune03_736038,aneuploid,Tumor_epithelial_basal,MPR
BD_immune03_72103,aneuploid,Tumor_epithelial_basal,MPR
BD_immune03_712669,aneuploid,Tumor_epithelial_basal,MPR
BD_immune03_857095,aneuploid,Tumor_epithelial_basal,MPR
BD_immune03_682940,aneuploid,Tumor_epithelial_basal,MPR
BD_immune03_871084,aneuploid,Tumor_epithelial_basal,MPR
BD_immune03_745130,aneuploid,Tumor_epithelial_basal,MPR
BD_immune03_18025,aneuploid,Tumor_epithelial_basal,MPR
BD_immune03_861179,aneuploid,Tumor_epithelial_basal,MPR
BD_immune03_62786,aneuploid,Tumor_epithelial_basal,MPR
BD_immune03_309875,aneuploid,Tumor_epithelial_basal,MPR
BD_immune03_485305,aneuploid,Tumor_epithelial_basal,MPR
BD_immune03_698635,aneuploid,Tumor_epithelial_basal,MPR
BD_immune03_450484,aneuploid,Tumor_epithelial_basal,MPR
BD_immune03_21904,aneuploid,Tumor_epithelial_basal,MPR
BD_immune03_264427,aneuploid,Tumor_epithelial_basal,MPR
BD_immune03_188194,aneuploid,Tumor_epithelial_basal,MPR
BD_immune03_129881,aneuploid,Tumor_epithelial_basal,MPR
BD_immune03_879651,aneuploid,Tumor_epithelial_basal,MPR
BD_immune03_73201,aneuploid,Tumor_epithelial_basal,MPR
BD_immune03_36749,aneuploid,Tumor_epithelial_basal,MPR
BD_immune03_629469,aneuploid,Tumor_epithelial_basal,MPR
BD_immune03_812182,aneuploid,Tumor_epithelial_basal,MPR
BD_immune03_612427,aneuploid,Tumor_epithelial_basal,MPR
BD_immune03_785902,aneuploid,Tumor_epithelial_basal,MPR
BD_immune03_383068,aneuploid,Tumor_epithelial_basal,MPR
BD_immune03_726383,aneuploid,Tumor_epithelial_basal,MPR
BD_immune03_35097,aneuploid,Tumor_epithelial_basal,MPR
BD_immune03_305029,aneuploid,Tumor_epithelial_basal,MPR
BD_immune03_341896,aneuploid,Tumor_epithelial_basal,MPR
BD_immune03_494344,aneuploid,Tumor_epithelial_basal,MPR
BD_immune03_440723,aneuploid,Tumor_epithelial_basal,MPR
BD_immune03_180569,aneuploid,Tumor_epithelial_basal,MPR
BD_immune03_862092,aneuploid,Tumor_epithelial_basal,MPR
BD_immune03_717585,aneuploid,Tumor_epithelial_basal,MPR
BD_immune03_214939,aneuploid,Tumor_epithelial_basal,MPR
BD_immune03_191785,aneuploid,Tumor_epithelial_basal,MPR
BD_immune03_57114,aneuploid,Tumor_epithelial_basal,MPR
BD_immune03_675680,aneuploid,Tumor_epithelial_basal,MPR
BD_immune03_864756,aneuploid,Tumor_epithelial_basal,MPR
BD_immune03_594129,aneuploid,Tumor_epithelial_basal,MPR
BD_immune03_289538,aneuploid,Tumor_epithelial_basal,MPR
BD_immune03_540577,aneuploid,Tumor_epithelial_basal,MPR
BD_immune03_541986,aneuploid,Tumor_epithelial_basal,MPR
BD_immune03_93942,aneuploid,Tumor_epithelial_basal,MPR
BD_immune03_588453,aneuploid,Tumor_epithelial_basal,MPR
BD_immune03_297081,aneuploid,Tumor_epithelial_basal,MPR
BD_immune03_631632,aneuploid,Tumor_epithelial_basal,MPR
BD_immune03_218592,aneuploid,Tumor_epithelial_basal,MPR
BD_immune03_322469,aneuploid,Tumor_epithelial_basal,MPR
BD_immune03_431451,aneuploid,Tumor_epithelial_basal,MPR
BD_immune03_53502,aneuploid,Tumor_epithelial_basal,MPR
BD_immune03_649733,aneuploid,Tumor_epithelial_basal,MPR
BD_immune03_882602,aneuploid,Tumor_epithelial_basal,MPR
BD_immune03_762561,aneuploid,Tumor_epithelial_basal,MPR
BD_immune03_177635,aneuploid,Tumor_epithelial_basal,MPR
BD_immune03_237098,aneuploid,Tumor_epithelial_basal,MPR
BD_immune03_52497,aneuploid,Tumor_epithelial_basal,MPR
BD_immune03_509878,aneuploid,Tumor_epithelial_basal,MPR
BD_immune03_721622,aneuploid,Tumor_epithelial_basal,MPR
BD_immune03_845563,aneuploid,Tumor_epithelial_basal,MPR
BD_immune03_234717,aneuploid,Tumor_epithelial_basal,MPR
BD_immune03_734130,aneuploid,Tumor_epithelial_basal,MPR
BD_immune03_322683,aneuploid,Tumor_epithelial_basal,MPR
BD_immune03_444502,aneuploid,Tumor_epithelial_basal,MPR
BD_immune03_300019,aneuploid,Tumor_epithelial_basal,MPR
BD_immune03_816380,aneuploid,Tumor_epithelial_basal,MPR
BD_immune03_576054,aneuploid,Tumor_epithelial_basal,MPR
BD_immune03_563384,aneuploid,Tumor_epithelial_basal,MPR
BD_immune03_133637,aneuploid,Tumor_epithelial_basal,MPR
BD_immune03_647940,aneuploid,Tumor_epithelial_basal,MPR
BD_immune03_566713,aneuploid,Tumor_epithelial_basal,MPR
BD_immune03_767573,aneuploid,Tumor_epithelial_basal,MPR
BD_immune03_757170,aneuploid,Tumor_epithelial_basal,MPR
BD_immune03_210257,aneuploid,Tumor_epithelial_basal,MPR
BD_immune03_411761,aneuploid,Tumor_epithelial_basal,MPR
BD_immune03_371054,aneuploid,Tumor_epithelial_basal,MPR
BD_immune03_242930,aneuploid,Tumor_epithelial_basal,MPR
BD_immune03_882339,aneuploid,Tumor_epithelial_basal,MPR
BD_immune03_657565,aneuploid,Tumor_epithelial_basal,MPR
BD_immune03_104899,aneuploid,Tumor_epithelial_basal,MPR
BD_immune03_14947,aneuploid,Tumor_epithelial_basal,MPR
BD_immune03_766297,aneuploid,Tumor_epithelial_basal,MPR
BD_immune03_800285,aneuploid,Tumor_epithelial_basal,MPR
BD_immune03_613243,aneuploid,Tumor_epithelial_basal,MPR
BD_immune03_480368,aneuploid,Tumor_epithelial_basal,MPR
BD_immune03_67504,aneuploid,Tumor_epithelial_basal,MPR
BD_immune03_458596,aneuploid,Tumor_epithelial_basal,MPR
BD_immune03_361199,aneuploid,Tumor_epithelial_basal,MPR
BD_immune03_168410,aneuploid,Tumor_epithelial_basal,MPR
BD_immune03_196465,aneuploid,Tumor_epithelial_basal,MPR
BD_immune03_265570,aneuploid,Tumor_epithelial_basal,MPR
BD_immune03_371850,aneuploid,Tumor_epithelial_basal,MPR
BD_immune03_883538,aneuploid,Tumor_epithelial_basal,MPR
BD_immune03_655011,aneuploid,Tumor_epithelial_basal,MPR
BD_immune03_88047,aneuploid,Tumor_epithelial_basal,MPR
BD_immune03_449049,aneuploid,Tumor_epithelial_basal,MPR
BD_immune03_541039,aneuploid,Tumor_epithelial_basal,MPR
BD_immune03_339231,aneuploid,Tumor_epithelial_basal,MPR
BD_immune03_338359,aneuploid,Tumor_epithelial_basal,MPR
BD_immune03_727841,aneuploid,Tumor_epithelial_basal,MPR
BD_immune03_430637,aneuploid,Tumor_epithelial_basal,MPR
BD_immune03_126139,aneuploid,Tumor_epithelial_basal,MPR
BD_immune03_279622,aneuploid,Tumor_epithelial_basal,MPR
BD_immune03_138113,aneuploid,Tumor_epithelial_basal,MPR
BD_immune03_793302,aneuploid,Tumor_epithelial_basal,MPR
BD_immune03_756629,aneuploid,Tumor_epithelial_basal,MPR
BD_immune03_233885,aneuploid,Tumor_epithelial_basal,MPR
BD_immune03_501031,aneuploid,Tumor_epithelial_basal,MPR
BD_immune03_337442,aneuploid,Tumor_epithelial_basal,MPR
BD_immune03_755647,aneuploid,Tumor_epithelial_basal,MPR
BD_immune03_350243,aneuploid,Tumor_epithelial_basal,MPR
BD_immune03_358779,aneuploid,Tumor_epithelial_basal,MPR
BD_immune03_124833,aneuploid,Tumor_epithelial_basal,MPR
BD_immune03_439886,aneuploid,Tumor_epithelial_basal,MPR
BD_immune03_881505,aneuploid,Tumor_epithelial_basal,MPR
BD_immune03_460144,aneuploid,Tumor_epithelial_basal,MPR
BD_immune03_733242,aneuploid,Tumor_epithelial_basal,MPR
BD_immune03_8808,aneuploid,Tumor_epithelial_basal,MPR
BD_immune03_62820,aneuploid,Tumor_epithelial_basal,MPR
BD_immune03_555621,aneuploid,Tumor_epithelial_basal,MPR
BD_immune03_588674,aneuploid,Tumor_epithelial_basal,MPR
BD_immune03_821672,aneuploid,Tumor_epithelial_basal,MPR
BD_immune03_325865,aneuploid,Tumor_epithelial_basal,MPR
BD_immune03_75445,aneuploid,Tumor_epithelial_basal,MPR
BD_immune03_556761,aneuploid,Tumor_epithelial_basal,MPR
BD_immune03_724441,aneuploid,Tumor_epithelial_basal,MPR
BD_immune03_715604,aneuploid,Tumor_epithelial_basal,MPR
BD_immune03_874882,aneuploid,Tumor_epithelial_basal,MPR
BD_immune03_753623,aneuploid,Tumor_epithelial_basal,MPR
BD_immune03_847118,aneuploid,Tumor_epithelial_basal,MPR
BD_immune03_244564,aneuploid,Tumor_epithelial_basal,MPR
BD_immune03_376677,aneuploid,Tumor_epithelial_basal,MPR
BD_immune03_867225,aneuploid,Tumor_epithelial_basal,MPR
BD_immune03_562215,aneuploid,Tumor_epithelial_basal,MPR
BD_immune03_592068,aneuploid,Tumor_epithelial_basal,MPR
BD_immune03_460064,aneuploid,Tumor_epithelial_basal,MPR
BD_immune03_794082,aneuploid,Tumor_epithelial_basal,MPR
BD_immune03_609218,aneuploid,Tumor_epithelial_basal,MPR
BD_immune03_747054,aneuploid,Tumor_epithelial_basal,MPR
BD_immune03_877014,aneuploid,Tumor_epithelial_basal,MPR
BD_immune03_690459,aneuploid,Tumor_epithelial_basal,MPR
BD_immune03_509162,aneuploid,Tumor_epithelial_basal,MPR
BD_immune03_107714,aneuploid,Tumor_epithelial_basal,MPR
BD_immune03_849264,aneuploid,Tumor_epithelial_basal,MPR
BD_immune03_522326,aneuploid,Tumor_epithelial_basal,MPR
BD_immune03_315640,aneuploid,Tumor_epithelial_basal,MPR
BD_immune03_296978,aneuploid,Tumor_epithelial_basal,MPR
BD_immune03_176336,diploid,Tumor_epithelial_basal,MPR
BD_immune03_122998,diploid,Tumor_epithelial_basal,MPR
BD_immune03_788290,aneuploid,Tumor_epithelial_basal,MPR
BD_immune03_524132,aneuploid,Tumor_epithelial_basal,MPR
BD_immune03_242960,diploid,Tumor_epithelial_basal,MPR
BD_immune03_422195,aneuploid,Tumor_epithelial_basal,MPR
BD_immune03_680787,aneuploid,Tumor_epithelial_basal,MPR
BD_immune03_9196,aneuploid,Tumor_epithelial_basal,MPR
BD_immune03_855588,aneuploid,Tumor_epithelial_basal,MPR
BD_immune03_576449,aneuploid,Tumor_epithelial_basal,MPR
BD_immune03_711995,diploid,Tumor_epithelial_basal,MPR
BD_immune03_479724,diploid,Tumor_epithelial_basal,MPR
BD_immune03_490597,diploid,Tumor_epithelial_basal,MPR
BD_immune03_317885,diploid,Tumor_epithelial_basal,MPR
BD_immune03_239446,diploid,Tumor_epithelial_basal,MPR
BD_immune03_337281,diploid,Tumor_epithelial_basal,MPR
BD_immune03_827670,diploid,Tumor_epithelial_basal,MPR
BD_immune03_620367,diploid,Tumor_epithelial_basal,MPR
BD_immune03_799415,aneuploid,Tumor_epithelial_basal,MPR
BD_immune03_542457,diploid,Tumor_epithelial_basal,MPR
BD_immune03_665808,diploid,Tumor_epithelial_basal,MPR
BD_immune03_129144,diploid,Tumor_epithelial_basal,MPR
BD_immune03_451296,diploid,Tumor_epithelial_basal,MPR
BD_immune03_162979,diploid,Tumor_epithelial_basal,MPR
BD_immune03_210814,diploid,Tumor_epithelial_basal,MPR
BD_immune03_797433,diploid,Tumor_epithelial_basal,MPR
BD_immune03_488481,diploid,Tumor_epithelial_basal,MPR
BD_immune03_57265,diploid,Tumor_epithelial_basal,MPR
BD_immune03_595410,diploid,Tumor_epithelial_basal,MPR
BD_immune03_653278,diploid,Tumor_epithelial_basal,MPR
BD_immune03_524603,diploid,Tumor_epithelial_basal,MPR
BD_immune03_535928,diploid,Tumor_epithelial_basal,MPR
BD_immune03_273768,diploid,Tumor_epithelial_basal,MPR
BD_immune03_428111,diploid,Tumor_epithelial_basal,MPR
BD_immune03_684545,diploid,Tumor_epithelial_basal,MPR
BD_immune03_151452,aneuploid,Tumor_epithelial_basal,MPR
BD_immune03_181030,diploid,Tumor_epithelial_basal,MPR
BD_immune03_730911,diploid,Tumor_epithelial_basal,MPR
BD_immune03_568403,diploid,Tumor_epithelial_basal,MPR
BD_immune03_854149,diploid,Tumor_epithelial_basal,MPR
BD_immune03_302418,diploid,Tumor_epithelial_basal,MPR
BD_immune03_107908,diploid,Tumor_epithelial_basal,MPR
BD_immune03_264615,diploid,Tumor_epithelial_basal,MPR
BD_immune03_105583,diploid,Tumor_epithelial_basal,MPR
BD_immune03_133295,diploid,Tumor_epithelial_basal,MPR
BD_immune03_402155,diploid,Tumor_epithelial_basal,MPR
BD_immune03_460622,diploid,Tumor_epithelial_basal,MPR
BD_immune03_741565,diploid,Tumor_epithelial_basal,MPR
BD_immune03_2736,diploid,Tumor_epithelial_basal,MPR
BD_immune03_856168,diploid,Tumor_epithelial_basal,MPR
BD_immune03_400849,diploid,Tumor_epithelial_basal,MPR
BD_immune03_224696,diploid,Tumor_epithelial_basal,MPR
BD_immune03_37954,diploid,Tumor_epithelial_basal,MPR
BD_immune03_707364,diploid,Tumor_epithelial_basal,MPR
BD_immune03_205235,diploid,Tumor_epithelial_basal,MPR
BD_immune03_217314,diploid,Tumor_epithelial_basal,MPR
BD_immune03_848024,diploid,Tumor_epithelial_basal,MPR
BD_immune03_293744,diploid,Tumor_epithelial_basal,MPR
BD_immune03_64313,diploid,Tumor_epithelial_basal,MPR
BD_immune03_312194,diploid,Tumor_epithelial_basal,MPR
BD_immune03_339517,diploid,Tumor_epithelial_basal,MPR
BD_immune03_201660,diploid,Tumor_epithelial_basal,MPR
BD_immune03_692647,diploid,Tumor_epithelial_basal,MPR
BD_immune03_750471,diploid,Tumor_epithelial_basal,MPR
BD_immune03_386888,diploid,Tumor_epithelial_basal,MPR
BD_immune03_1827,diploid,Tumor_epithelial_basal,MPR
BD_immune03_475883,diploid,Tumor_epithelial_basal,MPR
BD_immune03_420676,diploid,Tumor_epithelial_basal,MPR
BD_immune03_840556,diploid,Tumor_epithelial_basal,MPR
BD_immune03_325485,diploid,Tumor_epithelial_basal,MPR
BD_immune03_752680,diploid,Tumor_epithelial_basal,MPR
BD_immune03_381771,diploid,Tumor_epithelial_basal,MPR
BD_immune03_498406,diploid,Tumor_epithelial_basal,MPR
BD_immune03_91394,diploid,Tumor_epithelial_basal,MPR
BD_immune03_513447,diploid,Tumor_epithelial_basal,MPR
BD_immune03_800859,diploid,Tumor_epithelial_basal,MPR
BD_immune03_795817,diploid,Tumor_epithelial_basal,MPR
BD_immune03_81421,diploid,Tumor_epithelial_basal,MPR
BD_immune03_694373,diploid,Tumor_epithelial_basal,MPR
BD_immune03_278484,diploid,Tumor_epithelial_basal,MPR
BD_immune03_510434,diploid,Tumor_epithelial_basal,MPR
BD_immune03_184035,diploid,Tumor_epithelial_basal,MPR
BD_immune03_78080,diploid,Tumor_epithelial_basal,MPR
BD_immune03_576735,diploid,Tumor_epithelial_basal,MPR
BD_immune03_621254,diploid,Tumor_epithelial_basal,MPR
BD_immune03_720989,diploid,Tumor_epithelial_basal,MPR
BD_immune03_567803,diploid,Tumor_epithelial_basal,MPR
BD_immune03_558210,diploid,Tumor_epithelial_basal,MPR
BD_immune03_731749,diploid,Tumor_epithelial_basal,MPR
BD_immune03_433141,diploid,Tumor_epithelial_basal,MPR
BD_immune03_637323,diploid,Tumor_epithelial_basal,MPR
BD_immune03_785325,diploid,Tumor_epithelial_basal,MPR
BD_immune03_167801,diploid,Tumor_epithelial_basal,MPR
BD_immune03_39610,diploid,Tumor_epithelial_basal,MPR
BD_immune03_433105,diploid,Tumor_epithelial_basal,MPR
BD_immune03_159591,diploid,Tumor_epithelial_basal,MPR
BD_immune03_239364,diploid,Tumor_epithelial_basal,MPR
BD_immune03_821545,diploid,Tumor_epithelial_basal,MPR
BD_immune03_824055,diploid,Tumor_epithelial_basal,MPR
BD_immune03_220624,diploid,Tumor_epithelial_basal,MPR
BD_immune03_593206,diploid,Tumor_epithelial_basal,MPR
BD_immune03_466612,diploid,Tumor_epithelial_basal,MPR
BD_immune03_146105,diploid,Tumor_epithelial_basal,MPR
BD_immune03_36915,diploid,Tumor_epithelial_basal,MPR
BD_immune03_621203,diploid,Tumor_epithelial_basal,MPR
BD_immune03_211973,diploid,Tumor_epithelial_basal,MPR
BD_immune03_588729,diploid,Tumor_epithelial_basal,MPR
BD_immune03_246795,diploid,Tumor_epithelial_basal,MPR
BD_immune03_595413,diploid,Tumor_epithelial_basal,MPR
BD_immune03_179501,diploid,Tumor_epithelial_basal,MPR
BD_immune03_643231,diploid,Tumor_epithelial_basal,MPR
BD_immune03_848065,diploid,Tumor_epithelial_basal,MPR
BD_immune03_383672,diploid,Tumor_epithelial_basal,MPR
BD_immune03_439021,diploid,Tumor_epithelial_basal,MPR
BD_immune03_214953,diploid,Tumor_epithelial_basal,MPR
BD_immune03_36176,diploid,Tumor_epithelial_basal,MPR
BD_immune03_329648,diploid,Tumor_epithelial_basal,MPR
BD_immune03_211062,diploid,Tumor_epithelial_basal,MPR
BD_immune03_314675,diploid,Tumor_epithelial_basal,MPR
BD_immune03_165927,diploid,Tumor_epithelial_basal,MPR
BD_immune03_68104,diploid,Tumor_epithelial_basal,MPR
BD_immune03_65724,diploid,Tumor_epithelial_basal,MPR
BD_immune03_859827,diploid,Tumor_epithelial_basal,MPR
BD_immune03_52169,diploid,Tumor_epithelial_basal,MPR
BD_immune03_860254,diploid,Tumor_epithelial_basal,MPR
BD_immune03_672263,diploid,Tumor_epithelial_basal,MPR
BD_immune03_766683,diploid,Tumor_epithelial_basal,MPR
BD_immune03_812145,diploid,Tumor_epithelial_basal,MPR
BD_immune03_322655,diploid,Tumor_epithelial_basal,MPR
BD_immune03_522533,diploid,Tumor_epithelial_basal,MPR
BD_immune03_162501,diploid,Tumor_epithelial_basal,MPR
BD_immune03_62996,diploid,Tumor_epithelial_basal,MPR
BD_immune03_146594,diploid,Tumor_epithelial_basal,MPR
BD_immune03_640169,diploid,Tumor_epithelial_basal,MPR
BD_immune03_796026,diploid,Tumor_epithelial_basal,MPR
BD_immune03_670826,diploid,Tumor_epithelial_basal,MPR
BD_immune03_523138,diploid,Tumor_epithelial_basal,MPR
BD_immune03_72924,diploid,Tumor_epithelial_basal,MPR
BD_immune03_884172,diploid,Tumor_epithelial_basal,MPR
BD_immune03_470727,diploid,Tumor_epithelial_basal,MPR
BD_immune03_428847,diploid,Tumor_epithelial_basal,MPR
BD_immune03_747818,diploid,Tumor_epithelial_basal,MPR
BD_immune03_152402,diploid,Tumor_epithelial_basal,MPR
BD_immune03_115149,diploid,Tumor_epithelial_basal,MPR
BD_immune03_120151,diploid,Tumor_epithelial_basal,MPR
BD_immune03_286075,diploid,Tumor_epithelial_basal,MPR
BD_immune03_187399,diploid,Tumor_epithelial_basal,MPR
BD_immune03_44539,diploid,Tumor_epithelial_basal,MPR
BD_immune03_689053,diploid,Tumor_epithelial_basal,MPR
BD_immune03_796658,diploid,Tumor_epithelial_basal,MPR
BD_immune03_780204,diploid,Tumor_epithelial_basal,MPR
BD_immune03_540987,diploid,Tumor_epithelial_basal,MPR
BD_immune03_832654,diploid,Tumor_epithelial_basal,MPR
BD_immune03_637206,diploid,Tumor_epithelial_basal,MPR
BD_immune03_738958,diploid,Tumor_epithelial_basal,MPR
BD_immune03_840885,diploid,Tumor_epithelial_basal,MPR
BD_immune03_30433,diploid,Tumor_epithelial_basal,MPR
BD_immune03_114811,diploid,Tumor_epithelial_basal,MPR
BD_immune03_71950,diploid,Tumor_epithelial_basal,MPR
BD_immune03_209185,diploid,Tumor_epithelial_basal,MPR
BD_immune03_826754,diploid,Tumor_epithelial_basal,MPR
BD_immune03_383391,diploid,Tumor_epithelial_basal,MPR
BD_immune03_427661,diploid,Tumor_epithelial_basal,MPR
BD_immune03_707713,diploid,Tumor_epithelial_basal,MPR
BD_immune03_117481,diploid,Tumor_epithelial_basal,MPR
BD_immune03_785031,diploid,Tumor_epithelial_basal,MPR
BD_immune03_67993,diploid,Tumor_epithelial_basal,MPR
BD_immune03_801242,diploid,Tumor_epithelial_basal,MPR
BD_immune03_163252,diploid,Tumor_epithelial_basal,MPR
BD_immune03_741367,diploid,Tumor_epithelial_basal,MPR
BD_immune03_395151,diploid,Tumor_epithelial_basal,MPR
BD_immune03_438085,diploid,Tumor_epithelial_basal,MPR
BD_immune03_594287,diploid,Tumor_epithelial_basal,MPR
BD_immune03_247819,diploid,Tumor_epithelial_basal,MPR
BD_immune03_331530,diploid,Tumor_epithelial_basal,MPR
BD_immune03_524535,diploid,Tumor_epithelial_basal,MPR
BD_immune03_700745,diploid,Tumor_epithelial_basal,MPR
BD_immune03_245750,diploid,Tumor_epithelial_basal,MPR
BD_immune03_385026,diploid,Tumor_epithelial_basal,MPR
BD_immune03_586175,diploid,Tumor_epithelial_basal,MPR
BD_immune03_533625,diploid,Tumor_epithelial_basal,MPR
BD_immune03_794625,diploid,Tumor_epithelial_basal,MPR
BD_immune03_630240,diploid,Tumor_epithelial_basal,MPR
BD_immune03_303046,diploid,Tumor_epithelial_basal,MPR
BD_immune03_859117,diploid,Tumor_epithelial_basal,MPR
BD_immune03_150289,diploid,Tumor_epithelial_basal,MPR
BD_immune03_32391,diploid,Tumor_epithelial_basal,MPR
BD_immune03_191567,diploid,Tumor_epithelial_basal,MPR
BD_immune03_233040,diploid,Tumor_epithelial_basal,MPR
BD_immune03_846261,diploid,Tumor_epithelial_basal,MPR
BD_immune03_539320,diploid,Tumor_epithelial_basal,MPR
BD_immune03_771025,diploid,Tumor_epithelial_basal,MPR
BD_immune03_606055,diploid,Tumor_epithelial_basal,MPR
BD_immune03_452627,diploid,Tumor_epithelial_basal,MPR
BD_immune03_474150,diploid,Tumor_epithelial_basal,MPR
BD_immune03_583571,diploid,Tumor_epithelial_basal,MPR
BD_immune03_528116,diploid,Tumor_epithelial_basal,MPR
BD_immune03_93317,diploid,Tumor_epithelial_basal,MPR
BD_immune03_492975,diploid,Tumor_epithelial_basal,MPR
BD_immune03_129864,diploid,Tumor_epithelial_basal,MPR
BD_immune03_793715,diploid,Tumor_epithelial_basal,MPR
BD_immune07_490725,diploid,Tumor_epithelial_basal,NMPR
BD_immune07_645309,diploid,Tumor_epithelial_basal,NMPR
BD_immune07_758406,diploid,Tumor_epithelial_basal,NMPR
BD_immune07_311032,diploid,Tumor_epithelial_basal,NMPR
BD_immune07_136141,diploid,Tumor_epithelial_basal,NMPR
BD_immune07_218955,diploid,Tumor_epithelial_basal,NMPR
BD_immune07_642489,diploid,Tumor_epithelial_basal,NMPR
BD_immune07_532270,diploid,Tumor_epithelial_basal,NMPR
BD_immune07_303062,diploid,Tumor_epithelial_basal,NMPR
BD_immune07_479179,diploid,Tumor_epithelial_basal,NMPR
BD_immune07_864111,diploid,Tumor_epithelial_basal,NMPR
BD_immune07_669603,diploid,Tumor_epithelial_basal,NMPR
BD_immune07_324553,diploid,Tumor_epithelial_basal,NMPR
BD_immune07_814263,diploid,Tumor_epithelial_basal,NMPR
BD_immune07_425599,diploid,Tumor_epithelial_basal,NMPR
BD_immune07_707059,diploid,Tumor_epithelial_basal,NMPR
BD_immune07_746331,diploid,Tumor_epithelial_basal,NMPR
BD_immune07_576690,diploid,Tumor_epithelial_basal,NMPR
BD_immune07_170091,diploid,Tumor_epithelial_basal,NMPR
BD_immune07_302008,diploid,Tumor_epithelial_basal,NMPR
BD_immune07_278672,diploid,Tumor_epithelial_basal,NMPR
BD_immune07_492131,diploid,Tumor_epithelial_basal,NMPR
BD_immune07_515914,diploid,Tumor_epithelial_basal,NMPR
BD_immune07_544820,diploid,Tumor_epithelial_basal,NMPR
BD_immune07_788951,diploid,Tumor_epithelial_basal,NMPR
BD_immune07_448332,diploid,Tumor_epithelial_basal,NMPR
BD_immune07_609204,diploid,Tumor_epithelial_basal,NMPR
BD_immune07_678879,diploid,Tumor_epithelial_basal,NMPR
BD_immune07_686408,diploid,Tumor_epithelial_basal,NMPR
BD_immune07_881025,diploid,Tumor_epithelial_basal,NMPR
BD_immune07_27252,diploid,Tumor_epithelial_basal,NMPR
BD_immune07_540130,diploid,Tumor_epithelial_basal,NMPR
BD_immune07_88549,diploid,Tumor_epithelial_basal,NMPR
BD_immune07_610813,diploid,Tumor_epithelial_basal,NMPR
BD_immune07_340598,diploid,Tumor_epithelial_basal,NMPR
BD_immune09_646695,aneuploid,Tumor_epithelial_basal,NMPR
BD_immune09_352548,aneuploid,Tumor_epithelial_basal,NMPR
BD_immune09_189566,aneuploid,Tumor_epithelial_basal,NMPR
BD_immune09_638638,aneuploid,Tumor_epithelial_basal,NMPR
BD_immune09_81915,aneuploid,Tumor_epithelial_basal,NMPR
BD_immune09_605948,aneuploid,Tumor_epithelial_basal,NMPR
BD_immune09_139519,aneuploid,Tumor_epithelial_basal,NMPR
BD_immune09_605576,aneuploid,Tumor_epithelial_basal,NMPR
BD_immune09_328287,aneuploid,Tumor_epithelial_basal,NMPR
BD_immune09_85130,aneuploid,Tumor_epithelial_basal,NMPR
BD_immune09_182540,aneuploid,Tumor_epithelial_basal,NMPR
BD_immune09_789865,aneuploid,Tumor_epithelial_basal,NMPR
BD_immune09_556921,aneuploid,Tumor_epithelial_basal,NMPR
BD_immune09_424558,aneuploid,Tumor_epithelial_basal,NMPR
BD_immune09_19658,aneuploid,Tumor_epithelial_basal,NMPR
BD_immune09_29937,aneuploid,Tumor_epithelial_basal,NMPR
BD_immune09_335675,aneuploid,Tumor_epithelial_basal,NMPR
BD_immune09_145870,aneuploid,Tumor_epithelial_basal,NMPR
BD_immune09_709366,aneuploid,Tumor_epithelial_basal,NMPR
BD_immune09_508510,aneuploid,Tumor_epithelial_basal,NMPR
BD_immune09_273582,aneuploid,Tumor_epithelial_basal,NMPR
BD_immune09_467536,aneuploid,Tumor_epithelial_basal,NMPR
BD_immune09_411126,aneuploid,Tumor_epithelial_basal,NMPR
BD_immune09_395179,aneuploid,Tumor_epithelial_basal,NMPR
BD_immune09_386676,aneuploid,Tumor_epithelial_basal,NMPR
BD_immune09_426034,aneuploid,Tumor_epithelial_basal,NMPR
BD_immune09_160580,aneuploid,Tumor_epithelial_basal,NMPR
BD_immune09_72015,aneuploid,Tumor_epithelial_basal,NMPR
BD_immune09_556102,aneuploid,Tumor_epithelial_basal,NMPR
BD_immune09_391231,aneuploid,Tumor_epithelial_basal,NMPR
BD_immune09_816333,aneuploid,Tumor_epithelial_basal,NMPR
BD_immune09_469879,aneuploid,Tumor_epithelial_basal,NMPR
BD_immune09_16948,aneuploid,Tumor_epithelial_basal,NMPR
BD_immune09_791625,aneuploid,Tumor_epithelial_basal,NMPR
BD_immune09_178516,aneuploid,Tumor_epithelial_basal,NMPR
BD_immune09_747825,aneuploid,Tumor_epithelial_basal,NMPR
BD_immune09_604369,aneuploid,Tumor_epithelial_basal,NMPR
BD_immune09_553833,aneuploid,Tumor_epithelial_basal,NMPR
BD_immune09_58908,aneuploid,Tumor_epithelial_basal,NMPR
BD_immune09_867235,aneuploid,Tumor_epithelial_basal,NMPR
BD_immune09_140334,aneuploid,Tumor_epithelial_basal,NMPR
BD_immune09_388870,aneuploid,Tumor_epithelial_basal,NMPR
BD_immune09_869382,aneuploid,Tumor_epithelial_basal,NMPR
BD_immune09_579463,aneuploid,Tumor_epithelial_basal,NMPR
BD_immune09_335924,aneuploid,Tumor_epithelial_basal,NMPR
BD_immune09_83089,aneuploid,Tumor_epithelial_basal,NMPR
BD_immune09_50007,aneuploid,Tumor_epithelial_basal,NMPR
BD_immune09_396189,aneuploid,Tumor_epithelial_basal,NMPR
BD_immune09_869402,aneuploid,Tumor_epithelial_basal,NMPR
BD_immune09_463310,aneuploid,Tumor_epithelial_basal,NMPR
BD_immune09_422255,aneuploid,Tumor_epithelial_basal,NMPR
BD_immune09_464421,aneuploid,Tumor_epithelial_basal,NMPR
BD_immune09_732485,aneuploid,Tumor_epithelial_basal,NMPR
BD_immune09_496987,aneuploid,Tumor_epithelial_basal,NMPR
BD_immune09_467822,aneuploid,Tumor_epithelial_basal,NMPR
BD_immune09_843432,aneuploid,Tumor_epithelial_basal,NMPR
BD_immune09_281933,aneuploid,Tumor_epithelial_basal,NMPR
BD_immune09_607924,aneuploid,Tumor_epithelial_basal,NMPR
BD_immune09_630471,aneuploid,Tumor_epithelial_basal,NMPR
BD_immune09_879214,aneuploid,Tumor_epithelial_basal,NMPR
BD_immune09_508386,aneuploid,Tumor_epithelial_basal,NMPR
BD_immune09_756263,aneuploid,Tumor_epithelial_basal,NMPR
BD_immune09_602774,aneuploid,Tumor_epithelial_basal,NMPR
BD_immune09_571637,aneuploid,Tumor_epithelial_basal,NMPR
BD_immune09_495637,aneuploid,Tumor_epithelial_basal,NMPR
BD_immune09_709373,aneuploid,Tumor_epithelial_basal,NMPR
BD_immune09_495078,aneuploid,Tumor_epithelial_basal,NMPR
BD_immune09_653439,aneuploid,Tumor_epithelial_basal,NMPR
BD_immune09_477404,aneuploid,Tumor_epithelial_basal,NMPR
BD_immune09_166521,aneuploid,Tumor_epithelial_basal,NMPR
BD_immune09_542516,aneuploid,Tumor_epithelial_basal,NMPR
BD_immune09_719732,aneuploid,Tumor_epithelial_basal,NMPR
BD_immune09_772386,aneuploid,Tumor_epithelial_basal,NMPR
BD_immune09_184401,aneuploid,Tumor_epithelial_basal,NMPR
BD_immune09_538307,aneuploid,Tumor_epithelial_basal,NMPR
BD_immune09_815524,aneuploid,Tumor_epithelial_basal,NMPR
BD_immune09_427821,aneuploid,Tumor_epithelial_basal,NMPR
BD_immune09_78152,aneuploid,Tumor_epithelial_basal,NMPR
BD_immune09_849714,aneuploid,Tumor_epithelial_basal,NMPR
BD_immune09_743640,aneuploid,Tumor_epithelial_basal,NMPR
BD_immune09_669556,aneuploid,Tumor_epithelial_basal,NMPR
BD_immune09_332519,aneuploid,Tumor_epithelial_basal,NMPR
BD_immune09_56074,aneuploid,Tumor_epithelial_basal,NMPR
BD_immune09_237856,aneuploid,Tumor_epithelial_basal,NMPR
BD_immune09_687208,aneuploid,Tumor_epithelial_basal,NMPR
BD_immune09_855546,aneuploid,Tumor_epithelial_basal,NMPR
BD_immune09_515867,aneuploid,Tumor_epithelial_basal,NMPR
BD_immune09_155625,aneuploid,Tumor_epithelial_basal,NMPR
BD_immune09_337465,aneuploid,Tumor_epithelial_basal,NMPR
BD_immune09_768527,aneuploid,Tumor_epithelial_basal,NMPR
BD_immune09_181449,aneuploid,Tumor_epithelial_basal,NMPR
BD_immune09_234965,aneuploid,Tumor_epithelial_basal,NMPR
BD_immune09_699961,aneuploid,Tumor_epithelial_basal,NMPR
BD_immune09_554061,aneuploid,Tumor_epithelial_basal,NMPR
BD_immune09_530387,aneuploid,Tumor_epithelial_basal,NMPR
BD_immune09_722162,aneuploid,Tumor_epithelial_basal,NMPR
BD_immune09_540941,aneuploid,Tumor_epithelial_basal,NMPR
BD_immune09_319300,aneuploid,Tumor_epithelial_basal,NMPR
BD_immune09_357764,aneuploid,Tumor_epithelial_basal,NMPR
BD_immune09_631408,aneuploid,Tumor_epithelial_basal,NMPR
BD_immune09_101861,aneuploid,Tumor_epithelial_basal,NMPR
BD_immune09_607248,aneuploid,Tumor_epithelial_basal,NMPR
BD_immune09_755094,aneuploid,Tumor_epithelial_basal,NMPR
BD_immune09_22981,aneuploid,Tumor_epithelial_basal,NMPR
BD_immune09_634931,aneuploid,Tumor_epithelial_basal,NMPR
BD_immune09_45327,aneuploid,Tumor_epithelial_basal,NMPR
BD_immune09_728599,aneuploid,Tumor_epithelial_basal,NMPR
BD_immune09_660218,aneuploid,Tumor_epithelial_basal,NMPR
BD_immune09_755728,aneuploid,Tumor_epithelial_basal,NMPR
BD_immune09_565638,aneuploid,Tumor_epithelial_basal,NMPR
BD_immune09_216569,aneuploid,Tumor_epithelial_basal,NMPR
BD_immune09_72335,aneuploid,Tumor_epithelial_basal,NMPR
BD_immune09_221676,aneuploid,Tumor_epithelial_basal,NMPR
BD_immune09_100469,aneuploid,Tumor_epithelial_basal,NMPR
BD_immune09_44201,aneuploid,Tumor_epithelial_basal,NMPR
BD_immune09_287449,aneuploid,Tumor_epithelial_basal,NMPR
BD_immune09_455581,aneuploid,Tumor_epithelial_basal,NMPR
BD_immune09_816895,aneuploid,Tumor_epithelial_basal,NMPR
BD_immune09_51513,aneuploid,Tumor_epithelial_basal,NMPR
BD_immune09_85302,aneuploid,Tumor_epithelial_basal,NMPR
BD_immune09_128140,aneuploid,Tumor_epithelial_basal,NMPR
BD_immune09_854377,aneuploid,Tumor_epithelial_basal,NMPR
BD_immune09_748967,aneuploid,Tumor_epithelial_basal,NMPR
BD_immune09_856137,diploid,Tumor_epithelial_basal,NMPR
BD_immune09_32672,diploid,Tumor_epithelial_basal,NMPR
BD_immune09_840205,diploid,Tumor_epithelial_basal,NMPR
BD_immune09_260,diploid,Tumor_epithelial_basal,NMPR
BD_immune09_359378,diploid,Tumor_epithelial_basal,NMPR
BD_immune09_687052,diploid,Tumor_epithelial_basal,NMPR
BD_immune09_537320,diploid,Tumor_epithelial_basal,NMPR
BD_immune09_455514,diploid,Tumor_epithelial_basal,NMPR
BD_immune09_119622,diploid,Tumor_epithelial_basal,NMPR
BD_immune09_214158,diploid,Tumor_epithelial_basal,NMPR
BD_immune09_467660,diploid,Tumor_epithelial_basal,NMPR
BD_immune09_532585,diploid,Tumor_epithelial_basal,NMPR
BD_immune09_348756,diploid,Tumor_epithelial_basal,NMPR
BD_immune09_398274,diploid,Tumor_epithelial_basal,NMPR
BD_immune09_345180,diploid,Tumor_epithelial_basal,NMPR
BD_immune09_401178,diploid,Tumor_epithelial_basal,NMPR
BD_immune09_50037,diploid,Tumor_epithelial_basal,NMPR
BD_immune09_766138,diploid,Tumor_epithelial_basal,NMPR
BD_immune09_802534,diploid,Tumor_epithelial_basal,NMPR
BD_immune09_67387,diploid,Tumor_epithelial_basal,NMPR
BD_immune09_711887,diploid,Tumor_epithelial_basal,NMPR
BD_immune09_56417,diploid,Tumor_epithelial_basal,NMPR
BD_immune09_779630,diploid,Tumor_epithelial_basal,NMPR
BD_immune09_608601,diploid,Tumor_epithelial_basal,NMPR
BD_immune09_11874,diploid,Tumor_epithelial_basal,NMPR
BD_immune09_543528,diploid,Tumor_epithelial_basal,NMPR
BD_immune09_137873,diploid,Tumor_epithelial_basal,NMPR
BD_immune09_158769,diploid,Tumor_epithelial_basal,NMPR
BD_immune09_496303,diploid,Tumor_epithelial_basal,NMPR
BD_immune09_574585,diploid,Tumor_epithelial_basal,NMPR
BD_immune09_223963,diploid,Tumor_epithelial_basal,NMPR
BD_immune09_355834,diploid,Tumor_epithelial_basal,NMPR
BD_immune09_352153,diploid,Tumor_epithelial_basal,NMPR
BD_immune09_830774,diploid,Tumor_epithelial_basal,NMPR
BD_immune09_342714,diploid,Tumor_epithelial_basal,NMPR
BD_immune09_801921,diploid,Tumor_epithelial_basal,NMPR
BD_immune09_354946,diploid,Tumor_epithelial_basal,NMPR
BD_immune09_301850,diploid,Tumor_epithelial_basal,NMPR
BD_immune09_720189,diploid,Tumor_epithelial_basal,NMPR
BD_immune09_719265,diploid,Tumor_epithelial_basal,NMPR
BD_immune09_756130,diploid,Tumor_epithelial_basal,NMPR
BD_immune09_461592,diploid,Tumor_epithelial_basal,NMPR
BD_immune09_723730,diploid,Tumor_epithelial_basal,NMPR
BD_immune09_637393,diploid,Tumor_epithelial_basal,NMPR
BD_immune09_660992,diploid,Tumor_epithelial_basal,NMPR
BD_immune09_273279,diploid,Tumor_epithelial_basal,NMPR
BD_immune09_613366,diploid,Tumor_epithelial_basal,NMPR
BD_immune09_780623,diploid,Tumor_epithelial_basal,NMPR
BD_immune09_484164,diploid,Tumor_epithelial_basal,NMPR
BD_immune09_726857,diploid,Tumor_epithelial_basal,NMPR
BD_immune09_224113,diploid,Tumor_epithelial_basal,NMPR
BD_immune09_119150,diploid,Tumor_epithelial_basal,NMPR
BD_immune09_229368,diploid,Tumor_epithelial_basal,NMPR
BD_immune09_603330,diploid,Tumor_epithelial_basal,NMPR
BD_immune09_20975,diploid,Tumor_epithelial_basal,NMPR
BD_immune09_341397,diploid,Tumor_epithelial_basal,NMPR
BD_immune09_68463,diploid,Tumor_epithelial_basal,NMPR
BD_immune09_97061,diploid,Tumor_epithelial_basal,NMPR
BD_immune10_599689,aneuploid,Tumor_epithelial_basal,NMPR
BD_immune10_455389,aneuploid,Tumor_epithelial_basal,NMPR
BD_immune10_9688,aneuploid,Tumor_epithelial_basal,NMPR
BD_immune10_701660,aneuploid,Tumor_epithelial_basal,NMPR
BD_immune10_420142,aneuploid,Tumor_epithelial_basal,NMPR
BD_immune10_375860,aneuploid,Tumor_epithelial_basal,NMPR
BD_immune10_94199,aneuploid,Tumor_epithelial_basal,NMPR
BD_immune10_522853,aneuploid,Tumor_epithelial_basal,NMPR
BD_immune10_467232,aneuploid,Tumor_epithelial_basal,NMPR
BD_immune10_298814,aneuploid,Tumor_epithelial_basal,NMPR
BD_immune10_493556,aneuploid,Tumor_epithelial_basal,NMPR
BD_immune10_850438,aneuploid,Tumor_epithelial_basal,NMPR
BD_immune10_749154,aneuploid,Tumor_epithelial_basal,NMPR
BD_immune10_121914,aneuploid,Tumor_epithelial_basal,NMPR
BD_immune10_269167,aneuploid,Tumor_epithelial_basal,NMPR
BD_immune10_645293,aneuploid,Tumor_epithelial_basal,NMPR
BD_immune10_75711,aneuploid,Tumor_epithelial_basal,NMPR
BD_immune10_480563,aneuploid,Tumor_epithelial_basal,NMPR
BD_immune10_576892,aneuploid,Tumor_epithelial_basal,NMPR
BD_immune10_270036,aneuploid,Tumor_epithelial_basal,NMPR
BD_immune10_824908,aneuploid,Tumor_epithelial_basal,NMPR
BD_immune10_436642,aneuploid,Tumor_epithelial_basal,NMPR
BD_immune10_660288,aneuploid,Tumor_epithelial_basal,NMPR
BD_immune10_288449,aneuploid,Tumor_epithelial_basal,NMPR
BD_immune10_144482,aneuploid,Tumor_epithelial_basal,NMPR
BD_immune10_564664,aneuploid,Tumor_epithelial_basal,NMPR
BD_immune10_404089,aneuploid,Tumor_epithelial_basal,NMPR
BD_immune10_132267,aneuploid,Tumor_epithelial_basal,NMPR
BD_immune10_45002,aneuploid,Tumor_epithelial_basal,NMPR
BD_immune10_703915,aneuploid,Tumor_epithelial_basal,NMPR
BD_immune10_687786,aneuploid,Tumor_epithelial_basal,NMPR
BD_immune10_607383,aneuploid,Tumor_epithelial_basal,NMPR
BD_immune10_416593,aneuploid,Tumor_epithelial_basal,NMPR
BD_immune10_590164,aneuploid,Tumor_epithelial_basal,NMPR
BD_immune10_452379,aneuploid,Tumor_epithelial_basal,NMPR
BD_immune10_54123,aneuploid,Tumor_epithelial_basal,NMPR
BD_immune10_69551,aneuploid,Tumor_epithelial_basal,NMPR
BD_immune10_352310,aneuploid,Tumor_epithelial_basal,NMPR
BD_immune10_280893,aneuploid,Tumor_epithelial_basal,NMPR
BD_immune10_113911,aneuploid,Tumor_epithelial_basal,NMPR
BD_immune10_596957,aneuploid,Tumor_epithelial_basal,NMPR
BD_immune10_364033,aneuploid,Tumor_epithelial_basal,NMPR
BD_immune10_821980,aneuploid,Tumor_epithelial_basal,NMPR
BD_immune10_430029,aneuploid,Tumor_epithelial_basal,NMPR
BD_immune10_880327,aneuploid,Tumor_epithelial_basal,NMPR
BD_immune10_218090,aneuploid,Tumor_epithelial_basal,NMPR
BD_immune10_558031,aneuploid,Tumor_epithelial_basal,NMPR
BD_immune10_391734,aneuploid,Tumor_epithelial_basal,NMPR
BD_immune10_873486,aneuploid,Tumor_epithelial_basal,NMPR
BD_immune10_824170,aneuploid,Tumor_epithelial_basal,NMPR
BD_immune10_128347,aneuploid,Tumor_epithelial_basal,NMPR
BD_immune10_539155,aneuploid,Tumor_epithelial_basal,NMPR
BD_immune10_135963,aneuploid,Tumor_epithelial_basal,NMPR
BD_immune10_172273,aneuploid,Tumor_epithelial_basal,NMPR
BD_immune10_641830,aneuploid,Tumor_epithelial_basal,NMPR
BD_immune10_515089,aneuploid,Tumor_epithelial_basal,NMPR
BD_immune10_54182,aneuploid,Tumor_epithelial_basal,NMPR
BD_immune10_227877,aneuploid,Tumor_epithelial_basal,NMPR
BD_immune10_761274,aneuploid,Tumor_epithelial_basal,NMPR
BD_immune10_399765,aneuploid,Tumor_epithelial_basal,NMPR
BD_immune10_256253,aneuploid,Tumor_epithelial_basal,NMPR
BD_immune10_428736,aneuploid,Tumor_epithelial_basal,NMPR
BD_immune10_562794,aneuploid,Tumor_epithelial_basal,NMPR
BD_immune10_474379,aneuploid,Tumor_epithelial_basal,NMPR
BD_immune10_839107,aneuploid,Tumor_epithelial_basal,NMPR
BD_immune10_271601,aneuploid,Tumor_epithelial_basal,NMPR
BD_immune10_163228,aneuploid,Tumor_epithelial_basal,NMPR
BD_immune10_324854,aneuploid,Tumor_epithelial_basal,NMPR
BD_immune10_300183,aneuploid,Tumor_epithelial_basal,NMPR
BD_immune10_380400,aneuploid,Tumor_epithelial_basal,NMPR
BD_immune10_787255,aneuploid,Tumor_epithelial_basal,NMPR
BD_immune10_845475,aneuploid,Tumor_epithelial_basal,NMPR
BD_immune10_26033,aneuploid,Tumor_epithelial_basal,NMPR
BD_immune10_398254,aneuploid,Tumor_epithelial_basal,NMPR
BD_immune10_745893,aneuploid,Tumor_epithelial_basal,NMPR
BD_immune10_518549,aneuploid,Tumor_epithelial_basal,NMPR
BD_immune10_854225,aneuploid,Tumor_epithelial_basal,NMPR
BD_immune10_833384,aneuploid,Tumor_epithelial_basal,NMPR
BD_immune10_863847,aneuploid,Tumor_epithelial_basal,NMPR
BD_immune10_480140,aneuploid,Tumor_epithelial_basal,NMPR
BD_immune10_398580,aneuploid,Tumor_epithelial_basal,NMPR
BD_immune10_793059,aneuploid,Tumor_epithelial_basal,NMPR
BD_immune10_98902,aneuploid,Tumor_epithelial_basal,NMPR
BD_immune10_25031,aneuploid,Tumor_epithelial_basal,NMPR
BD_immune10_720933,aneuploid,Tumor_epithelial_basal,NMPR
BD_immune10_472854,aneuploid,Tumor_epithelial_basal,NMPR
BD_immune10_97648,aneuploid,Tumor_epithelial_basal,NMPR
BD_immune10_247522,aneuploid,Tumor_epithelial_basal,NMPR
BD_immune10_377528,aneuploid,Tumor_epithelial_basal,NMPR
BD_immune10_331854,aneuploid,Tumor_epithelial_basal,NMPR
BD_immune10_799899,aneuploid,Tumor_epithelial_basal,NMPR
BD_immune10_737641,aneuploid,Tumor_epithelial_basal,NMPR
BD_immune10_490692,aneuploid,Tumor_epithelial_basal,NMPR
BD_immune10_516763,diploid,Tumor_epithelial_basal,NMPR
BD_immune10_21235,aneuploid,Tumor_epithelial_basal,NMPR
BD_immune10_105566,aneuploid,Tumor_epithelial_basal,NMPR
BD_immune10_708245,aneuploid,Tumor_epithelial_basal,NMPR
BD_immune10_529425,aneuploid,Tumor_epithelial_basal,NMPR
BD_immune10_145114,aneuploid,Tumor_epithelial_basal,NMPR
BD_immune10_460745,aneuploid,Tumor_epithelial_basal,NMPR
BD_immune10_545930,aneuploid,Tumor_epithelial_basal,NMPR
BD_immune10_401833,aneuploid,Tumor_epithelial_basal,NMPR
BD_immune10_531613,aneuploid,Tumor_epithelial_basal,NMPR
BD_immune10_251532,aneuploid,Tumor_epithelial_basal,NMPR
BD_immune10_788263,diploid,Tumor_epithelial_basal,NMPR
BD_immune10_290638,aneuploid,Tumor_epithelial_basal,NMPR
BD_immune10_806330,aneuploid,Tumor_epithelial_basal,NMPR
BD_immune10_574984,aneuploid,Tumor_epithelial_basal,NMPR
BD_immune10_634341,aneuploid,Tumor_epithelial_basal,NMPR
BD_immune10_375576,aneuploid,Tumor_epithelial_basal,NMPR
BD_immune10_814221,diploid,Tumor_epithelial_basal,NMPR
BD_immune10_872968,aneuploid,Tumor_epithelial_basal,NMPR
BD_immune10_833158,aneuploid,Tumor_epithelial_basal,NMPR
BD_immune10_470748,diploid,Tumor_epithelial_basal,NMPR
BD_immune10_503947,aneuploid,Tumor_epithelial_basal,NMPR
BD_immune10_605054,diploid,Tumor_epithelial_basal,NMPR
BD_immune10_174697,diploid,Tumor_epithelial_basal,NMPR
BD_immune10_719991,aneuploid,Tumor_epithelial_basal,NMPR
BD_immune10_249793,diploid,Tumor_epithelial_basal,NMPR
BD_immune10_399199,aneuploid,Tumor_epithelial_basal,NMPR
BD_immune10_781326,diploid,Tumor_epithelial_basal,NMPR
BD_immune10_553502,diploid,Tumor_epithelial_basal,NMPR
BD_immune10_840452,diploid,Tumor_epithelial_basal,NMPR
BD_immune10_469726,diploid,Tumor_epithelial_basal,NMPR
BD_immune10_27483,diploid,Tumor_epithelial_basal,NMPR
BD_immune10_876518,diploid,Tumor_epithelial_basal,NMPR
BD_immune10_471359,diploid,Tumor_epithelial_basal,NMPR
BD_immune10_782462,aneuploid,Tumor_epithelial_basal,NMPR
BD_immune10_6504,diploid,Tumor_epithelial_basal,NMPR
BD_immune10_549114,diploid,Tumor_epithelial_basal,NMPR
BD_immune10_50781,diploid,Tumor_epithelial_basal,NMPR
BD_immune10_514567,diploid,Tumor_epithelial_basal,NMPR
BD_immune10_569756,diploid,Tumor_epithelial_basal,NMPR
BD_immune10_648361,diploid,Tumor_epithelial_basal,NMPR
BD_immune10_845826,diploid,Tumor_epithelial_basal,NMPR
BD_immune10_511743,diploid,Tumor_epithelial_basal,NMPR
BD_immune10_544496,diploid,Tumor_epithelial_basal,NMPR
BD_immune10_722844,diploid,Tumor_epithelial_basal,NMPR
BD_immune10_861473,diploid,Tumor_epithelial_basal,NMPR
BD_immune10_490098,diploid,Tumor_epithelial_basal,NMPR
BD_immune10_87116,diploid,Tumor_epithelial_basal,NMPR
BD_immune10_822801,diploid,Tumor_epithelial_basal,NMPR
BD_immune10_803425,diploid,Tumor_epithelial_basal,NMPR
BD_immune10_778765,diploid,Tumor_epithelial_basal,NMPR
BD_immune10_245493,diploid,Tumor_epithelial_basal,NMPR
BD_immune10_161258,diploid,Tumor_epithelial_basal,NMPR
BD_immune10_880780,diploid,Tumor_epithelial_basal,NMPR
BD_immune10_220856,diploid,Tumor_epithelial_basal,NMPR
BD_immune10_28852,diploid,Tumor_epithelial_basal,NMPR
BD_immune10_729882,diploid,Tumor_epithelial_basal,NMPR
BD_immune10_815060,diploid,Tumor_epithelial_basal,NMPR
BD_immune10_284239,diploid,Tumor_epithelial_basal,NMPR
BD_immune10_831680,diploid,Tumor_epithelial_basal,NMPR
BD_immune10_412436,diploid,Tumor_epithelial_basal,NMPR
BD_immune10_74927,diploid,Tumor_epithelial_basal,NMPR
BD_immune10_855876,diploid,Tumor_epithelial_basal,NMPR
BD_immune10_556385,diploid,Tumor_epithelial_basal,NMPR
BD_immune10_51107,diploid,Tumor_epithelial_basal,NMPR
BD_immune10_306029,diploid,Tumor_epithelial_basal,NMPR
BD_immune10_154999,diploid,Tumor_epithelial_basal,NMPR
BD_immune10_841299,diploid,Tumor_epithelial_basal,NMPR
BD_immune10_11420,diploid,Tumor_epithelial_basal,NMPR
BD_immune10_563111,diploid,Tumor_epithelial_basal,NMPR
BD_immune10_354007,diploid,Tumor_epithelial_basal,NMPR
BD_immune10_163441,diploid,Tumor_epithelial_basal,NMPR
BD_immune10_129788,diploid,Tumor_epithelial_basal,NMPR
BD_immune10_274530,diploid,Tumor_epithelial_basal,NMPR
BD_immune10_279919,diploid,Tumor_epithelial_basal,NMPR
BD_immune10_369753,diploid,Tumor_epithelial_basal,NMPR
BD_immune10_40077,diploid,Tumor_epithelial_basal,NMPR
BD_immune10_246989,diploid,Tumor_epithelial_basal,NMPR
BD_immune10_609720,diploid,Tumor_epithelial_basal,NMPR
BD_immune10_851767,diploid,Tumor_epithelial_basal,NMPR
BD_immune10_38621,diploid,Tumor_epithelial_basal,NMPR
BD_immune10_596752,diploid,Tumor_epithelial_basal,NMPR
BD_immune10_743649,diploid,Tumor_epithelial_basal,NMPR
BD_immune10_544089,diploid,Tumor_epithelial_basal,NMPR
BD_immune10_712327,diploid,Tumor_epithelial_basal,NMPR
BD_immune10_390713,diploid,Tumor_epithelial_basal,NMPR
BD_immune10_183885,diploid,Tumor_epithelial_basal,NMPR
BD_immune10_595282,diploid,Tumor_epithelial_basal,NMPR
BD_immune10_354653,diploid,Tumor_epithelial_basal,NMPR
BD_immune10_376210,diploid,Tumor_epithelial_basal,NMPR
BD_immune10_80700,diploid,Tumor_epithelial_basal,NMPR
BD_immune10_36114,diploid,Tumor_epithelial_basal,NMPR
BD_immune10_745259,diploid,Tumor_epithelial_basal,NMPR
BD_immune10_247003,diploid,Tumor_epithelial_basal,NMPR
BD_immune10_218075,diploid,Tumor_epithelial_basal,NMPR
BD_immune10_231321,diploid,Tumor_epithelial_basal,NMPR
BD_immune10_39947,diploid,Tumor_epithelial_basal,NMPR
BD_immune10_379846,diploid,Tumor_epithelial_basal,NMPR
BD_immune10_69101,diploid,Tumor_epithelial_basal,NMPR
BD_immune10_510223,diploid,Tumor_epithelial_basal,NMPR
BD_immune10_453751,diploid,Tumor_epithelial_basal,NMPR
BD_immune10_808835,diploid,Tumor_epithelial_basal,NMPR
BD_immune10_685183,diploid,Tumor_epithelial_basal,NMPR
BD_immune10_541177,diploid,Tumor_epithelial_basal,NMPR
BD_immune10_856252,diploid,Tumor_epithelial_basal,NMPR
BD_immune10_535545,diploid,Tumor_epithelial_basal,NMPR
BD_immune10_192465,diploid,Tumor_epithelial_basal,NMPR
BD_immune10_741318,diploid,Tumor_epithelial_basal,NMPR
BD_immune10_551621,diploid,Tumor_epithelial_basal,NMPR
BD_immune10_482029,diploid,Tumor_epithelial_basal,NMPR
BD_immune10_544082,diploid,Tumor_epithelial_basal,NMPR
BD_immune10_746905,diploid,Tumor_epithelial_basal,NMPR
BD_immune10_275157,diploid,Tumor_epithelial_basal,NMPR
BD_immune10_629933,diploid,Tumor_epithelial_basal,NMPR
BD_immune10_316744,diploid,Tumor_epithelial_basal,NMPR
BD_immune10_174900,diploid,Tumor_epithelial_basal,NMPR
BD_immune10_56278,diploid,Tumor_epithelial_basal,NMPR
BD_immune10_698648,diploid,Tumor_epithelial_basal,NMPR
BD_immune10_197128,diploid,Tumor_epithelial_basal,NMPR
BD_immune10_630352,diploid,Tumor_epithelial_basal,NMPR
BD_immune10_66769,diploid,Tumor_epithelial_basal,NMPR
BD_immune10_441325,diploid,Tumor_epithelial_basal,NMPR
BD_immune10_14828,diploid,Tumor_epithelial_basal,NMPR
BD_immune10_3673,diploid,Tumor_epithelial_basal,NMPR
BD_immune10_597549,diploid,Tumor_epithelial_basal,NMPR
BD_immune10_678887,diploid,Tumor_epithelial_basal,NMPR
BD_immune10_107563,diploid,Tumor_epithelial_basal,NMPR
BD_immune10_204839,diploid,Tumor_epithelial_basal,NMPR
BD_immune10_459378,diploid,Tumor_epithelial_basal,NMPR
BD_immune10_195102,diploid,Tumor_epithelial_basal,NMPR
BD_immune10_493629,diploid,Tumor_epithelial_basal,NMPR
BD_immune10_369235,diploid,Tumor_epithelial_basal,NMPR
BD_immune10_554424,diploid,Tumor_epithelial_basal,NMPR
BD_immune10_215409,diploid,Tumor_epithelial_basal,NMPR
BD_immune10_483256,diploid,Tumor_epithelial_basal,NMPR
BD_immune10_533903,diploid,Tumor_epithelial_basal,NMPR
BD_immune10_529751,diploid,Tumor_epithelial_basal,NMPR
BD_immune10_701966,diploid,Tumor_epithelial_basal,NMPR
BD_immune10_870414,diploid,Tumor_epithelial_basal,NMPR
BD_immune10_165682,diploid,Tumor_epithelial_basal,NMPR
BD_immune10_353900,diploid,Tumor_epithelial_basal,NMPR
BD_immune10_208810,diploid,Tumor_epithelial_basal,NMPR
BD_immune10_775049,diploid,Tumor_epithelial_basal,NMPR
BD_immune10_274495,diploid,Tumor_epithelial_basal,NMPR
BD_immune10_68570,diploid,Tumor_epithelial_basal,NMPR
BD_immune10_180761,diploid,Tumor_epithelial_basal,NMPR
BD_immune10_388978,diploid,Tumor_epithelial_basal,NMPR
BD_immune10_857798,diploid,Tumor_epithelial_basal,NMPR
BD_immune10_745782,diploid,Tumor_epithelial_basal,NMPR
BD_immune10_268431,diploid,Tumor_epithelial_basal,NMPR
BD_immune10_586818,diploid,Tumor_epithelial_basal,NMPR
BD_immune10_583579,diploid,Tumor_epithelial_basal,NMPR
BD_immune10_748574,diploid,Tumor_epithelial_basal,NMPR
BD_immune10_305373,diploid,Tumor_epithelial_basal,NMPR
BD_immune10_251057,diploid,Tumor_epithelial_basal,NMPR
BD_immune10_436572,diploid,Tumor_epithelial_basal,NMPR
BD_immune10_692796,diploid,Tumor_epithelial_basal,NMPR
BD_immune10_336990,diploid,Tumor_epithelial_basal,NMPR
BD_immune10_560598,diploid,Tumor_epithelial_basal,NMPR
BD_immune10_118032,diploid,Tumor_epithelial_basal,NMPR
BD_immune10_119071,diploid,Tumor_epithelial_basal,NMPR
BD_immune10_398282,diploid,Tumor_epithelial_basal,NMPR
BD_immune10_11497,diploid,Tumor_epithelial_basal,NMPR
BD_immune10_770566,diploid,Tumor_epithelial_basal,NMPR
BD_immune10_852775,diploid,Tumor_epithelial_basal,NMPR
BD_immune10_234752,diploid,Tumor_epithelial_basal,NMPR
BD_immune10_60004,diploid,Tumor_epithelial_basal,NMPR
BD_immune10_592912,diploid,Tumor_epithelial_basal,NMPR
BD_immune10_240796,diploid,Tumor_epithelial_basal,NMPR
BD_immune10_170591,diploid,Tumor_epithelial_basal,NMPR
BD_immune10_27396,diploid,Tumor_epithelial_basal,NMPR
BD_immune10_165966,diploid,Tumor_epithelial_basal,NMPR
BD_immune10_131761,diploid,Tumor_epithelial_basal,NMPR
BD_immune10_816948,diploid,Tumor_epithelial_basal,NMPR
BD_immune13_114773,aneuploid,Tumor_epithelial_basal,NMPR
BD_immune14_634157,diploid,Tumor_epithelial_basal,MPR
BD_immune15_3089,diploid,Tumor_epithelial_basal,NMPR
BD_immune07_606068,diploid,Tumor_epithelial_basal,NMPR
BD_immune07_161846,diploid,Tumor_epithelial_basal,NMPR
BD_immune07_222789,diploid,Tumor_epithelial_basal,NMPR
BD_immune05_651720,diploid,Tumor_epithelial_basal,NMPR
BD_immune09_34983,aneuploid,Tumor_epithelial_basal,NMPR
BD_immune09_6732,aneuploid,Tumor_epithelial_basal,NMPR
BD_immune09_311353,aneuploid,Tumor_epithelial_basal,NMPR
BD_immune07_848115,diploid,Tumor_epithelial_basal,NMPR
BD_immune03_523985,not.defined,Tumor_epithelial_basal,MPR
BD_immune03_646720,not.defined,Tumor_epithelial_basal,MPR
BD_immune03_818447,not.defined,Tumor_epithelial_basal,MPR
BD_immune03_23422,not.defined,Tumor_epithelial_basal,MPR
BD_immune03_5768,not.defined,Tumor_epithelial_basal,MPR
BD_immune03_297659,not.defined,Tumor_epithelial_basal,MPR
BD_immune03_778181,not.defined,Tumor_epithelial_basal,MPR
BD_immune03_302402,not.defined,Tumor_epithelial_basal,MPR
BD_immune03_460617,not.defined,Tumor_epithelial_basal,MPR
BD_immune03_822666,not.defined,Tumor_epithelial_basal,MPR
BD_immune03_114453,not.defined,Tumor_epithelial_basal,MPR
BD_immune03_487664,not.defined,Tumor_epithelial_basal,MPR
BD_immune03_511216,not.defined,Tumor_epithelial_basal,MPR
BD_immune03_372269,not.defined,Tumor_epithelial_basal,MPR
BD_immune03_542493,not.defined,Tumor_epithelial_basal,MPR
BD_immune03_188103,not.defined,Tumor_epithelial_basal,MPR
BD_immune03_759567,not.defined,Tumor_epithelial_basal,MPR
BD_immune03_559413,not.defined,Tumor_epithelial_basal,MPR
BD_immune03_830705,not.defined,Tumor_epithelial_basal,MPR
BD_immune03_481078,not.defined,Tumor_epithelial_basal,MPR
BD_immune03_217762,not.defined,Tumor_epithelial_basal,MPR
BD_immune03_121224,not.defined,Tumor_epithelial_basal,MPR
BD_immune03_701859,not.defined,Tumor_epithelial_basal,MPR
BD_immune03_597244,not.defined,Tumor_epithelial_basal,MPR
BD_immune03_218294,not.defined,Tumor_epithelial_basal,MPR
BD_immune03_727244,not.defined,Tumor_epithelial_basal,MPR
BD_immune03_613399,not.defined,Tumor_epithelial_basal,MPR
BD_immune03_357644,not.defined,Tumor_epithelial_basal,MPR
BD_immune03_208158,not.defined,Tumor_epithelial_basal,MPR
BD_immune03_516903,not.defined,Tumor_epithelial_basal,MPR
BD_immune03_83746,not.defined,Tumor_epithelial_basal,MPR
BD_immune03_850555,not.defined,Tumor_epithelial_basal,MPR
BD_immune03_69073,not.defined,Tumor_epithelial_basal,MPR
BD_immune03_392731,not.defined,Tumor_epithelial_basal,MPR
BD_immune03_317989,not.defined,Tumor_epithelial_basal,MPR
BD_immune03_283923,not.defined,Tumor_epithelial_basal,MPR
BD_immune03_717422,not.defined,Tumor_epithelial_basal,MPR
BD_immune03_849854,not.defined,Tumor_epithelial_basal,MPR
BD_immune03_440973,not.defined,Tumor_epithelial_basal,MPR
BD_immune03_798039,not.defined,Tumor_epithelial_basal,MPR
BD_immune03_388977,not.defined,Tumor_epithelial_basal,MPR
BD_immune03_313720,not.defined,Tumor_epithelial_basal,MPR
BD_immune03_354368,not.defined,Tumor_epithelial_basal,MPR
BD_immune03_402535,not.defined,Tumor_epithelial_basal,MPR
BD_immune03_232657,not.defined,Tumor_epithelial_basal,MPR
BD_immune03_751912,not.defined,Tumor_epithelial_basal,MPR
BD_immune03_187437,not.defined,Tumor_epithelial_basal,MPR
BD_immune03_414773,not.defined,Tumor_epithelial_basal,MPR
BD_immune03_692650,not.defined,Tumor_epithelial_basal,MPR
BD_immune03_49877,not.defined,Tumor_epithelial_basal,MPR
BD_immune03_188964,not.defined,Tumor_epithelial_basal,MPR
BD_immune03_210691,not.defined,Tumor_epithelial_basal,MPR
BD_immune03_61413,not.defined,Tumor_epithelial_basal,MPR
BD_immune03_140120,not.defined,Tumor_epithelial_basal,MPR
BD_immune03_662179,not.defined,Tumor_epithelial_basal,MPR
BD_immune03_360360,not.defined,Tumor_epithelial_basal,MPR
BD_immune03_102353,not.defined,Tumor_epithelial_basal,MPR
BD_immune03_30472,not.defined,Tumor_epithelial_basal,MPR
BD_immune03_156791,not.defined,Tumor_epithelial_basal,MPR
BD_immune03_629781,not.defined,Tumor_epithelial_basal,MPR
BD_immune03_406157,not.defined,Tumor_epithelial_basal,MPR
BD_immune03_753882,not.defined,Tumor_epithelial_basal,MPR
BD_immune03_186961,not.defined,Tumor_epithelial_basal,MPR
BD_immune03_375879,not.defined,Tumor_epithelial_basal,MPR
BD_immune03_829276,not.defined,Tumor_epithelial_basal,MPR
BD_immune03_777311,not.defined,Tumor_epithelial_basal,MPR
BD_immune03_371789,not.defined,Tumor_epithelial_basal,MPR
BD_immune03_6672,not.defined,Tumor_epithelial_basal,MPR
BD_immune03_198348,not.defined,Tumor_epithelial_basal,MPR
BD_immune03_375649,not.defined,Tumor_epithelial_basal,MPR
BD_immune03_645938,not.defined,Tumor_epithelial_basal,MPR
BD_immune03_649301,not.defined,Tumor_epithelial_basal,MPR
BD_immune03_296245,not.defined,Tumor_epithelial_basal,MPR
BD_immune03_545775,not.defined,Tumor_epithelial_basal,MPR
BD_immune03_877161,not.defined,Tumor_epithelial_basal,MPR
BD_immune03_75060,not.defined,Tumor_epithelial_basal,MPR
BD_immune03_179064,not.defined,Tumor_epithelial_basal,MPR
BD_immune03_589013,not.defined,Tumor_epithelial_basal,MPR
BD_immune03_249721,not.defined,Tumor_epithelial_basal,MPR
BD_immune03_91091,not.defined,Tumor_epithelial_basal,MPR
BD_immune03_750624,not.defined,Tumor_epithelial_basal,MPR
BD_immune03_24158,not.defined,Tumor_epithelial_basal,MPR
BD_immune03_839659,not.defined,Tumor_epithelial_basal,MPR
BD_immune03_484355,not.defined,Tumor_epithelial_basal,MPR
BD_immune03_852802,not.defined,Tumor_epithelial_basal,MPR
BD_immune03_334693,not.defined,Tumor_epithelial_basal,MPR
BD_immune03_711196,not.defined,Tumor_epithelial_basal,MPR
BD_immune03_39071,not.defined,Tumor_epithelial_basal,MPR
BD_immune03_689163,not.defined,Tumor_epithelial_basal,MPR
BD_immune03_858951,not.defined,Tumor_epithelial_basal,MPR
BD_immune03_563501,not.defined,Tumor_epithelial_basal,MPR
BD_immune03_362217,not.defined,Tumor_epithelial_basal,MPR
BD_immune03_164957,not.defined,Tumor_epithelial_basal,MPR
BD_immune03_607292,not.defined,Tumor_epithelial_basal,MPR
BD_immune03_625958,not.defined,Tumor_epithelial_basal,MPR
BD_immune03_637571,not.defined,Tumor_epithelial_basal,MPR
BD_immune03_211525,not.defined,Tumor_epithelial_basal,MPR
BD_immune03_683237,not.defined,Tumor_epithelial_basal,MPR
BD_immune03_795383,not.defined,Tumor_epithelial_basal,MPR
BD_immune03_277733,not.defined,Tumor_epithelial_basal,MPR
BD_immune03_171159,not.defined,Tumor_epithelial_basal,MPR
BD_immune03_96643,not.defined,Tumor_epithelial_basal,MPR
BD_immune03_114479,not.defined,Tumor_epithelial_basal,MPR
BD_immune03_212180,not.defined,Tumor_epithelial_basal,MPR
BD_immune03_574934,not.defined,Tumor_epithelial_basal,MPR
BD_immune03_86135,not.defined,Tumor_epithelial_basal,MPR
BD_immune03_11950,not.defined,Tumor_epithelial_basal,MPR
BD_immune03_80903,not.defined,Tumor_epithelial_basal,MPR
BD_immune03_417863,not.defined,Tumor_epithelial_basal,MPR
BD_immune03_339662,not.defined,Tumor_epithelial_basal,MPR
BD_immune03_16347,not.defined,Tumor_epithelial_basal,MPR
BD_immune03_377972,not.defined,Tumor_epithelial_basal,MPR
BD_immune03_465970,not.defined,Tumor_epithelial_basal,MPR
BD_immune03_80679,not.defined,Tumor_epithelial_basal,MPR
BD_immune03_449131,not.defined,Tumor_epithelial_basal,MPR
BD_immune03_508122,not.defined,Tumor_epithelial_basal,MPR
BD_immune03_42689,not.defined,Tumor_epithelial_basal,MPR
BD_immune03_856372,not.defined,Tumor_epithelial_basal,MPR
BD_immune03_16108,not.defined,Tumor_epithelial_basal,MPR
BD_immune03_867748,not.defined,Tumor_epithelial_basal,MPR
BD_immune03_509911,not.defined,Tumor_epithelial_basal,MPR
BD_immune03_321833,not.defined,Tumor_epithelial_basal,MPR
BD_immune03_831970,not.defined,Tumor_epithelial_basal,MPR
BD_immune03_208095,not.defined,Tumor_epithelial_basal,MPR
BD_immune03_873689,not.defined,Tumor_epithelial_basal,MPR
BD_immune03_157152,not.defined,Tumor_epithelial_basal,MPR
BD_immune03_609855,not.defined,Tumor_epithelial_basal,MPR
BD_immune03_372819,not.defined,Tumor_epithelial_basal,MPR
BD_immune03_380593,not.defined,Tumor_epithelial_basal,MPR
BD_immune03_759341,not.defined,Tumor_epithelial_basal,MPR
BD_immune03_865994,not.defined,Tumor_epithelial_basal,MPR
BD_immune03_357260,not.defined,Tumor_epithelial_basal,MPR
BD_immune03_454248,not.defined,Tumor_epithelial_basal,MPR
BD_immune03_792727,not.defined,Tumor_epithelial_basal,MPR
BD_immune03_660199,not.defined,Tumor_epithelial_basal,MPR
BD_immune03_706956,not.defined,Tumor_epithelial_basal,MPR
BD_immune03_204732,not.defined,Tumor_epithelial_basal,MPR
BD_immune03_515038,not.defined,Tumor_epithelial_basal,MPR
BD_immune03_16256,not.defined,Tumor_epithelial_basal,MPR
BD_immune03_88133,not.defined,Tumor_epithelial_basal,MPR
BD_immune03_755387,not.defined,Tumor_epithelial_basal,MPR
BD_immune03_747079,not.defined,Tumor_epithelial_basal,MPR
BD_immune03_438920,not.defined,Tumor_epithelial_basal,MPR
BD_immune03_658856,not.defined,Tumor_epithelial_basal,MPR
BD_immune03_312225,not.defined,Tumor_epithelial_basal,MPR
BD_immune03_649410,not.defined,Tumor_epithelial_basal,MPR
BD_immune03_107263,not.defined,Tumor_epithelial_basal,MPR
BD_immune03_615952,not.defined,Tumor_epithelial_basal,MPR
BD_immune03_75305,not.defined,Tumor_epithelial_basal,MPR
BD_immune03_201473,not.defined,Tumor_epithelial_basal,MPR
BD_immune03_723368,not.defined,Tumor_epithelial_basal,MPR
BD_immune03_413677,not.defined,Tumor_epithelial_basal,MPR
BD_immune03_723420,not.defined,Tumor_epithelial_basal,MPR
BD_immune03_225945,not.defined,Tumor_epithelial_basal,MPR
BD_immune03_389177,not.defined,Tumor_epithelial_basal,MPR
BD_immune03_424712,not.defined,Tumor_epithelial_basal,MPR
BD_immune03_668261,not.defined,Tumor_epithelial_basal,MPR
BD_immune03_768552,not.defined,Tumor_epithelial_basal,MPR
BD_immune03_189057,not.defined,Tumor_epithelial_basal,MPR
BD_immune03_275643,not.defined,Tumor_epithelial_basal,MPR
BD_immune03_432218,not.defined,Tumor_epithelial_basal,MPR
BD_immune03_298581,not.defined,Tumor_epithelial_basal,MPR
BD_immune03_519566,not.defined,Tumor_epithelial_basal,MPR
BD_immune03_297521,not.defined,Tumor_epithelial_basal,MPR
BD_immune03_47441,not.defined,Tumor_epithelial_basal,MPR
BD_immune03_700190,not.defined,Tumor_epithelial_basal,MPR
BD_immune03_27828,not.defined,Tumor_epithelial_basal,MPR
BD_immune03_801339,not.defined,Tumor_epithelial_basal,MPR
BD_immune03_291202,not.defined,Tumor_epithelial_basal,MPR
BD_immune03_828357,not.defined,Tumor_epithelial_basal,MPR
BD_immune03_466327,not.defined,Tumor_epithelial_basal,MPR
BD_immune03_283492,not.defined,Tumor_epithelial_basal,MPR
BD_immune03_865635,not.defined,Tumor_epithelial_basal,MPR
BD_immune03_424586,not.defined,Tumor_epithelial_basal,MPR
BD_immune03_652158,not.defined,Tumor_epithelial_basal,MPR
BD_immune03_94744,not.defined,Tumor_epithelial_basal,MPR
BD_immune03_356256,not.defined,Tumor_epithelial_basal,MPR
BD_immune03_110391,not.defined,Tumor_epithelial_basal,MPR
BD_immune03_276619,not.defined,Tumor_epithelial_basal,MPR
BD_immune03_6532,not.defined,Tumor_epithelial_basal,MPR
BD_immune03_817167,not.defined,Tumor_epithelial_basal,MPR
BD_immune03_398053,not.defined,Tumor_epithelial_basal,MPR
BD_immune03_504193,not.defined,Tumor_epithelial_basal,MPR
BD_immune03_94030,not.defined,Tumor_epithelial_basal,MPR
BD_immune03_728101,not.defined,Tumor_epithelial_basal,MPR
BD_immune03_553522,not.defined,Tumor_epithelial_basal,MPR
BD_immune03_122518,not.defined,Tumor_epithelial_basal,MPR
BD_immune03_825766,not.defined,Tumor_epithelial_basal,MPR
BD_immune03_81833,not.defined,Tumor_epithelial_basal,MPR
BD_immune03_52368,not.defined,Tumor_epithelial_basal,MPR
BD_immune03_430884,not.defined,Tumor_epithelial_basal,MPR
BD_immune03_381794,not.defined,Tumor_epithelial_basal,MPR
BD_immune03_172645,not.defined,Tumor_epithelial_basal,MPR
BD_immune03_188858,not.defined,Tumor_epithelial_basal,MPR
BD_immune03_872564,not.defined,Tumor_epithelial_basal,MPR
BD_immune03_787011,not.defined,Tumor_epithelial_basal,MPR
BD_immune03_516551,not.defined,Tumor_epithelial_basal,MPR
BD_immune03_237013,not.defined,Tumor_epithelial_basal,MPR
BD_immune03_840296,not.defined,Tumor_epithelial_basal,MPR
BD_immune03_396994,not.defined,Tumor_epithelial_basal,MPR
BD_immune03_43021,not.defined,Tumor_epithelial_basal,MPR
BD_immune03_157835,not.defined,Tumor_epithelial_basal,MPR
BD_immune03_41894,not.defined,Tumor_epithelial_basal,MPR
BD_immune03_660825,not.defined,Tumor_epithelial_basal,MPR
BD_immune03_202852,not.defined,Tumor_epithelial_basal,MPR
BD_immune03_74995,not.defined,Tumor_epithelial_basal,MPR
BD_immune03_97993,not.defined,Tumor_epithelial_basal,MPR
BD_immune03_650167,not.defined,Tumor_epithelial_basal,MPR
BD_immune03_208940,not.defined,Tumor_epithelial_basal,MPR
BD_immune03_41408,not.defined,Tumor_epithelial_basal,MPR
BD_immune03_870376,not.defined,Tumor_epithelial_basal,MPR
BD_immune03_365299,not.defined,Tumor_epithelial_basal,MPR
BD_immune03_746680,not.defined,Tumor_epithelial_basal,MPR
BD_immune03_381263,not.defined,Tumor_epithelial_basal,MPR
BD_immune03_204427,not.defined,Tumor_epithelial_basal,MPR
BD_immune03_281113,not.defined,Tumor_epithelial_basal,MPR
BD_immune03_234479,not.defined,Tumor_epithelial_basal,MPR
BD_immune03_25460,not.defined,Tumor_epithelial_basal,MPR
BD_immune03_53620,not.defined,Tumor_epithelial_basal,MPR
BD_immune03_458856,not.defined,Tumor_epithelial_basal,MPR
BD_immune03_756170,not.defined,Tumor_epithelial_basal,MPR
BD_immune03_295407,not.defined,Tumor_epithelial_basal,MPR
BD_immune03_662690,not.defined,Tumor_epithelial_basal,MPR
BD_immune03_2784,not.defined,Tumor_epithelial_basal,MPR
BD_immune03_365160,not.defined,Tumor_epithelial_basal,MPR
BD_immune03_97018,not.defined,Tumor_epithelial_basal,MPR
BD_immune03_793451,not.defined,Tumor_epithelial_basal,MPR
BD_immune03_305014,not.defined,Tumor_epithelial_basal,MPR
BD_immune03_740362,not.defined,Tumor_epithelial_basal,MPR
BD_immune03_233879,not.defined,Tumor_epithelial_basal,MPR
BD_immune03_845949,not.defined,Tumor_epithelial_basal,MPR
BD_immune03_170710,not.defined,Tumor_epithelial_basal,MPR
BD_immune03_720361,not.defined,Tumor_epithelial_basal,MPR
BD_immune03_558882,not.defined,Tumor_epithelial_basal,MPR
BD_immune03_276056,not.defined,Tumor_epithelial_basal,MPR
BD_immune03_859514,not.defined,Tumor_epithelial_basal,MPR
BD_immune03_760919,not.defined,Tumor_epithelial_basal,MPR
BD_immune03_91701,not.defined,Tumor_epithelial_basal,MPR
BD_immune03_119216,not.defined,Tumor_epithelial_basal,MPR
BD_immune03_276039,not.defined,Tumor_epithelial_basal,MPR
BD_immune03_822881,not.defined,Tumor_epithelial_basal,MPR
BD_immune03_754903,not.defined,Tumor_epithelial_basal,MPR
BD_immune03_779120,not.defined,Tumor_epithelial_basal,MPR
BD_immune03_779725,not.defined,Tumor_epithelial_basal,MPR
BD_immune03_775526,not.defined,Tumor_epithelial_basal,MPR
BD_immune03_842545,not.defined,Tumor_epithelial_basal,MPR
BD_immune03_786372,not.defined,Tumor_epithelial_basal,MPR
BD_immune03_80338,not.defined,Tumor_epithelial_basal,MPR
BD_immune03_285096,not.defined,Tumor_epithelial_basal,MPR
BD_immune03_393221,not.defined,Tumor_epithelial_basal,MPR
BD_immune03_488071,not.defined,Tumor_epithelial_basal,MPR
BD_immune03_806677,not.defined,Tumor_epithelial_basal,MPR
BD_immune03_145237,not.defined,Tumor_epithelial_basal,MPR
BD_immune03_716633,not.defined,Tumor_epithelial_basal,MPR
BD_immune03_26142,not.defined,Tumor_epithelial_basal,MPR
BD_immune03_597953,not.defined,Tumor_epithelial_basal,MPR
BD_immune03_825385,not.defined,Tumor_epithelial_basal,MPR
BD_immune03_816490,not.defined,Tumor_epithelial_basal,MPR
BD_immune03_356361,not.defined,Tumor_epithelial_basal,MPR
BD_immune03_830790,not.defined,Tumor_epithelial_basal,MPR
BD_immune03_804543,not.defined,Tumor_epithelial_basal,MPR
BD_immune03_616421,not.defined,Tumor_epithelial_basal,MPR
BD_immune03_368603,not.defined,Tumor_epithelial_basal,MPR
BD_immune03_868148,not.defined,Tumor_epithelial_basal,MPR
BD_immune03_710745,not.defined,Tumor_epithelial_basal,MPR
BD_immune03_441265,not.defined,Tumor_epithelial_basal,MPR
BD_immune03_504716,not.defined,Tumor_epithelial_basal,MPR
BD_immune03_586749,not.defined,Tumor_epithelial_basal,MPR
BD_immune03_632803,not.defined,Tumor_epithelial_basal,MPR
BD_immune03_369978,not.defined,Tumor_epithelial_basal,MPR
BD_immune03_651896,not.defined,Tumor_epithelial_basal,MPR
BD_immune03_606072,not.defined,Tumor_epithelial_basal,MPR
BD_immune03_279199,not.defined,Tumor_epithelial_basal,MPR
BD_immune03_216907,not.defined,Tumor_epithelial_basal,MPR
BD_immune03_303037,not.defined,Tumor_epithelial_basal,MPR
BD_immune03_436539,not.defined,Tumor_epithelial_basal,MPR
BD_immune03_352076,not.defined,Tumor_epithelial_basal,MPR
BD_immune03_79604,not.defined,Tumor_epithelial_basal,MPR
BD_immune03_847508,not.defined,Tumor_epithelial_basal,MPR
BD_immune03_709183,not.defined,Tumor_epithelial_basal,MPR
BD_immune03_648479,not.defined,Tumor_epithelial_basal,MPR
BD_immune03_244261,not.defined,Tumor_epithelial_basal,MPR
BD_immune03_777609,not.defined,Tumor_epithelial_basal,MPR
BD_immune03_575993,not.defined,Tumor_epithelial_basal,MPR
BD_immune03_363606,not.defined,Tumor_epithelial_basal,MPR
BD_immune07_666701,not.defined,Tumor_epithelial_basal,NMPR
BD_immune09_157839,not.defined,Tumor_epithelial_basal,NMPR
BD_immune09_562593,not.defined,Tumor_epithelial_basal,NMPR
BD_immune09_875177,not.defined,Tumor_epithelial_basal,NMPR
BD_immune09_241583,not.defined,Tumor_epithelial_basal,NMPR
BD_immune10_773704,not.defined,Tumor_epithelial_basal,NMPR
BD_immune10_325172,not.defined,Tumor_epithelial_basal,NMPR
BD_immune10_247581,not.defined,Tumor_epithelial_basal,NMPR
BD_immune10_790176,not.defined,Tumor_epithelial_basal,NMPR
BD_immune10_29359,not.defined,Tumor_epithelial_basal,NMPR
BD_immune10_566527,not.defined,Tumor_epithelial_basal,NMPR
BD_immune10_227501,not.defined,Tumor_epithelial_basal,NMPR
BD_immune10_43670,not.defined,Tumor_epithelial_basal,NMPR
BD_immune10_218518,not.defined,Tumor_epithelial_basal,NMPR
BD_immune10_740162,not.defined,Tumor_epithelial_basal,NMPR
BD_immune10_823046,not.defined,Tumor_epithelial_basal,NMPR
BD_immune10_33275,not.defined,Tumor_epithelial_basal,NMPR
BD_immune10_238138,not.defined,Tumor_epithelial_basal,NMPR
BD_immune10_236699,not.defined,Tumor_epithelial_basal,NMPR
BD_immune10_502547,not.defined,Tumor_epithelial_basal,NMPR
BD_immune10_19967,not.defined,Tumor_epithelial_basal,NMPR
BD_immune10_727825,not.defined,Tumor_epithelial_basal,NMPR
BD_immune10_618700,not.defined,Tumor_epithelial_basal,NMPR
BD_immune10_407672,not.defined,Tumor_epithelial_basal,NMPR
BD_immune10_346037,not.defined,Tumor_epithelial_basal,NMPR
BD_immune10_605036,not.defined,Tumor_epithelial_basal,NMPR
BD_immune10_112371,not.defined,Tumor_epithelial_basal,NMPR
BD_immune10_542949,not.defined,Tumor_epithelial_basal,NMPR
BD_immune10_777740,not.defined,Tumor_epithelial_basal,NMPR
BD_immune10_338408,not.defined,Tumor_epithelial_basal,NMPR
BD_immune10_612205,not.defined,Tumor_epithelial_basal,NMPR
BD_immune10_218438,not.defined,Tumor_epithelial_basal,NMPR
BD_immune10_633453,not.defined,Tumor_epithelial_basal,NMPR
BD_immune10_291686,not.defined,Tumor_epithelial_basal,NMPR
BD_immune10_866768,not.defined,Tumor_epithelial_basal,NMPR
BD_immune10_36458,not.defined,Tumor_epithelial_basal,NMPR
BD_immune10_253550,not.defined,Tumor_epithelial_basal,NMPR
BD_immune10_798032,not.defined,Tumor_epithelial_basal,NMPR
BD_immune10_231048,not.defined,Tumor_epithelial_basal,NMPR
BD_immune10_581662,not.defined,Tumor_epithelial_basal,NMPR
BD_immune10_423481,not.defined,Tumor_epithelial_basal,NMPR
BD_immune10_617027,not.defined,Tumor_epithelial_basal,NMPR
BD_immune10_509062,not.defined,Tumor_epithelial_basal,NMPR
BD_immune10_597600,not.defined,Tumor_epithelial_basal,NMPR
BD_immune10_414288,not.defined,Tumor_epithelial_basal,NMPR
BD_immune10_36173,not.defined,Tumor_epithelial_basal,NMPR
BD_immune10_89052,not.defined,Tumor_epithelial_basal,NMPR
BD_immune10_270938,not.defined,Tumor_epithelial_basal,NMPR
BD_immune10_858432,not.defined,Tumor_epithelial_basal,NMPR
BD_immune10_192136,not.defined,Tumor_epithelial_basal,NMPR
BD_immune10_149584,not.defined,Tumor_epithelial_basal,NMPR
BD_immune10_568107,not.defined,Tumor_epithelial_basal,NMPR
BD_immune10_433624,not.defined,Tumor_epithelial_basal,NMPR
BD_immune10_247523,not.defined,Tumor_epithelial_basal,NMPR
BD_immune10_508722,not.defined,Tumor_epithelial_basal,NMPR
BD_immune10_369481,not.defined,Tumor_epithelial_basal,NMPR
BD_immune10_77965,not.defined,Tumor_epithelial_basal,NMPR
BD_immune10_507962,not.defined,Tumor_epithelial_basal,NMPR
BD_immune04_639050,diploid,Tumor_epithelial,NMPR
BD_immune07_325601,aneuploid,Tumor_epithelial,NMPR
BD_immune07_486630,aneuploid,Tumor_epithelial,NMPR
BD_immune07_524588,aneuploid,Tumor_epithelial,NMPR
BD_immune11_759492,diploid,Tumor_epithelial,NMPR
BD_immune11_17759,diploid,Tumor_epithelial,NMPR
BD_immune11_880050,diploid,Tumor_epithelial,NMPR
BD_immune11_765009,diploid,Tumor_epithelial,NMPR
BD_immune11_414642,diploid,Tumor_epithelial,NMPR
BD_immune11_747329,diploid,Tumor_epithelial,NMPR
BD_immune12_174836,diploid,Tumor_epithelial,NMPR
BD_immune15_694272,diploid,Tumor_epithelial,NMPR
BD_immune11_36226,diploid,Tumor_epithelial,NMPR
BD_immune15_760103,diploid,Tumor_epithelial,NMPR
BD_immune11_34677,diploid,Tumor_epithelial,NMPR
BD_immune11_702976,diploid,Tumor_epithelial,NMPR
BD_immune11_248823,diploid,Tumor_epithelial,NMPR
BD_immune12_612241,diploid,Tumor_epithelial,NMPR
BD_immune15_566461,diploid,Tumor_epithelial,NMPR
BD_immune15_282771,diploid,Tumor_epithelial,NMPR
BD_immune15_595835,diploid,Tumor_epithelial,NMPR
BD_immune15_854328,diploid,Tumor_epithelial,NMPR
BD_immune02_841503,diploid,Tumor_epithelial,NMPR
BD_immune02_650062,diploid,Tumor_epithelial,NMPR
BD_immune02_580235,diploid,Tumor_epithelial,NMPR
BD_immune02_277584,diploid,Tumor_epithelial,NMPR
BD_immune02_634340,diploid,Tumor_epithelial,NMPR
BD_immune02_73791,diploid,Tumor_epithelial,NMPR
BD_immune02_342916,diploid,Tumor_epithelial,NMPR
BD_immune02_13866,diploid,Tumor_epithelial,NMPR
BD_immune03_248350,diploid,Tumor_epithelial,NMPR
BD_immune04_397649,diploid,Tumor_epithelial,NMPR
BD_immune04_354997,diploid,Tumor_epithelial,NMPR
BD_immune04_300317,diploid,Tumor_epithelial,NMPR
BD_immune04_809126,diploid,Tumor_epithelial,NMPR
BD_immune04_361365,diploid,Tumor_epithelial,NMPR
BD_immune04_173384,diploid,Tumor_epithelial,NMPR
BD_immune04_28325,diploid,Tumor_epithelial,NMPR
BD_immune04_527847,diploid,Tumor_epithelial,NMPR
BD_immune04_322601,diploid,Tumor_epithelial,NMPR
BD_immune04_794140,diploid,Tumor_epithelial,NMPR
BD_immune07_52841,aneuploid,Tumor_epithelial,NMPR
BD_immune07_90853,aneuploid,Tumor_epithelial,NMPR
BD_immune07_822868,aneuploid,Tumor_epithelial,NMPR
BD_immune07_581023,aneuploid,Tumor_epithelial,NMPR
BD_immune07_50303,aneuploid,Tumor_epithelial,NMPR
BD_immune07_732046,aneuploid,Tumor_epithelial,NMPR
BD_immune07_70202,aneuploid,Tumor_epithelial,NMPR
BD_immune07_617497,aneuploid,Tumor_epithelial,NMPR
BD_immune07_688769,aneuploid,Tumor_epithelial,NMPR
BD_immune07_30085,aneuploid,Tumor_epithelial,NMPR
BD_immune07_180790,aneuploid,Tumor_epithelial,NMPR
BD_immune07_252606,aneuploid,Tumor_epithelial,NMPR
BD_immune07_269714,aneuploid,Tumor_epithelial,NMPR
BD_immune07_196777,aneuploid,Tumor_epithelial,NMPR
BD_immune07_121066,aneuploid,Tumor_epithelial,NMPR
BD_immune07_474584,aneuploid,Tumor_epithelial,NMPR
BD_immune07_599161,aneuploid,Tumor_epithelial,NMPR
BD_immune07_813844,aneuploid,Tumor_epithelial,NMPR
BD_immune07_651741,aneuploid,Tumor_epithelial,NMPR
BD_immune07_51975,aneuploid,Tumor_epithelial,NMPR
BD_immune07_99888,aneuploid,Tumor_epithelial,NMPR
BD_immune07_18685,aneuploid,Tumor_epithelial,NMPR
BD_immune07_376523,aneuploid,Tumor_epithelial,NMPR
BD_immune07_736816,aneuploid,Tumor_epithelial,NMPR
BD_immune07_310204,aneuploid,Tumor_epithelial,NMPR
BD_immune07_604736,aneuploid,Tumor_epithelial,NMPR
BD_immune07_855806,aneuploid,Tumor_epithelial,NMPR
BD_immune07_633499,aneuploid,Tumor_epithelial,NMPR
BD_immune07_12148,aneuploid,Tumor_epithelial,NMPR
BD_immune07_148927,aneuploid,Tumor_epithelial,NMPR
BD_immune07_206146,aneuploid,Tumor_epithelial,NMPR
BD_immune07_103595,aneuploid,Tumor_epithelial,NMPR
BD_immune07_306144,aneuploid,Tumor_epithelial,NMPR
BD_immune07_819459,aneuploid,Tumor_epithelial,NMPR
BD_immune07_314532,aneuploid,Tumor_epithelial,NMPR
BD_immune07_225812,aneuploid,Tumor_epithelial,NMPR
BD_immune07_80339,aneuploid,Tumor_epithelial,NMPR
BD_immune07_274613,aneuploid,Tumor_epithelial,NMPR
BD_immune07_111431,aneuploid,Tumor_epithelial,NMPR
BD_immune07_452220,aneuploid,Tumor_epithelial,NMPR
BD_immune07_689157,aneuploid,Tumor_epithelial,NMPR
BD_immune07_759760,aneuploid,Tumor_epithelial,NMPR
BD_immune07_474604,aneuploid,Tumor_epithelial,NMPR
BD_immune07_841417,aneuploid,Tumor_epithelial,NMPR
BD_immune07_356402,aneuploid,Tumor_epithelial,NMPR
BD_immune07_682448,aneuploid,Tumor_epithelial,NMPR
BD_immune07_209705,aneuploid,Tumor_epithelial,NMPR
BD_immune07_420239,aneuploid,Tumor_epithelial,NMPR
BD_immune07_742820,aneuploid,Tumor_epithelial,NMPR
BD_immune07_502013,aneuploid,Tumor_epithelial,NMPR
BD_immune07_632286,aneuploid,Tumor_epithelial,NMPR
BD_immune07_848580,aneuploid,Tumor_epithelial,NMPR
BD_immune07_162009,aneuploid,Tumor_epithelial,NMPR
BD_immune07_211233,aneuploid,Tumor_epithelial,NMPR
BD_immune07_356805,aneuploid,Tumor_epithelial,NMPR
BD_immune07_437897,aneuploid,Tumor_epithelial,NMPR
BD_immune07_493081,aneuploid,Tumor_epithelial,NMPR
BD_immune07_468879,aneuploid,Tumor_epithelial,NMPR
BD_immune07_93500,aneuploid,Tumor_epithelial,NMPR
BD_immune07_210322,aneuploid,Tumor_epithelial,NMPR
BD_immune07_484080,aneuploid,Tumor_epithelial,NMPR
BD_immune07_564292,aneuploid,Tumor_epithelial,NMPR
BD_immune07_217084,aneuploid,Tumor_epithelial,NMPR
BD_immune07_32883,aneuploid,Tumor_epithelial,NMPR
BD_immune07_102272,aneuploid,Tumor_epithelial,NMPR
BD_immune07_815881,aneuploid,Tumor_epithelial,NMPR
BD_immune07_765983,aneuploid,Tumor_epithelial,NMPR
BD_immune07_83433,aneuploid,Tumor_epithelial,NMPR
BD_immune07_476319,aneuploid,Tumor_epithelial,NMPR
BD_immune07_495143,aneuploid,Tumor_epithelial,NMPR
BD_immune07_808412,aneuploid,Tumor_epithelial,NMPR
BD_immune07_772721,aneuploid,Tumor_epithelial,NMPR
BD_immune07_810064,aneuploid,Tumor_epithelial,NMPR
BD_immune07_532085,aneuploid,Tumor_epithelial,NMPR
BD_immune07_311944,aneuploid,Tumor_epithelial,NMPR
BD_immune07_189196,aneuploid,Tumor_epithelial,NMPR
BD_immune07_139021,aneuploid,Tumor_epithelial,NMPR
BD_immune07_457179,aneuploid,Tumor_epithelial,NMPR
BD_immune07_467513,aneuploid,Tumor_epithelial,NMPR
BD_immune07_43370,aneuploid,Tumor_epithelial,NMPR
BD_immune07_682964,aneuploid,Tumor_epithelial,NMPR
BD_immune07_103299,aneuploid,Tumor_epithelial,NMPR
BD_immune07_723572,aneuploid,Tumor_epithelial,NMPR
BD_immune07_405556,aneuploid,Tumor_epithelial,NMPR
BD_immune07_271685,aneuploid,Tumor_epithelial,NMPR
BD_immune07_844457,aneuploid,Tumor_epithelial,NMPR
BD_immune07_501458,aneuploid,Tumor_epithelial,NMPR
BD_immune07_864567,aneuploid,Tumor_epithelial,NMPR
BD_immune07_204286,aneuploid,Tumor_epithelial,NMPR
BD_immune07_112754,aneuploid,Tumor_epithelial,NMPR
BD_immune07_123200,aneuploid,Tumor_epithelial,NMPR
BD_immune07_93730,aneuploid,Tumor_epithelial,NMPR
BD_immune07_215196,aneuploid,Tumor_epithelial,NMPR
BD_immune07_407828,aneuploid,Tumor_epithelial,NMPR
BD_immune07_784855,aneuploid,Tumor_epithelial,NMPR
BD_immune07_612839,aneuploid,Tumor_epithelial,NMPR
BD_immune07_177905,aneuploid,Tumor_epithelial,NMPR
BD_immune07_143792,aneuploid,Tumor_epithelial,NMPR
BD_immune07_353533,aneuploid,Tumor_epithelial,NMPR
BD_immune07_580810,aneuploid,Tumor_epithelial,NMPR
BD_immune07_30383,aneuploid,Tumor_epithelial,NMPR
BD_immune07_288078,aneuploid,Tumor_epithelial,NMPR
BD_immune07_125464,aneuploid,Tumor_epithelial,NMPR
BD_immune07_268124,aneuploid,Tumor_epithelial,NMPR
BD_immune07_273923,aneuploid,Tumor_epithelial,NMPR
BD_immune07_135723,aneuploid,Tumor_epithelial,NMPR
BD_immune07_31921,aneuploid,Tumor_epithelial,NMPR
BD_immune07_241720,aneuploid,Tumor_epithelial,NMPR
BD_immune07_49085,aneuploid,Tumor_epithelial,NMPR
BD_immune07_441419,aneuploid,Tumor_epithelial,NMPR
BD_immune07_633418,aneuploid,Tumor_epithelial,NMPR
BD_immune07_812578,aneuploid,Tumor_epithelial,NMPR
BD_immune07_804047,aneuploid,Tumor_epithelial,NMPR
BD_immune07_231760,aneuploid,Tumor_epithelial,NMPR
BD_immune07_581003,aneuploid,Tumor_epithelial,NMPR
BD_immune07_246165,aneuploid,Tumor_epithelial,NMPR
BD_immune07_611056,aneuploid,Tumor_epithelial,NMPR
BD_immune07_421243,aneuploid,Tumor_epithelial,NMPR
BD_immune07_128227,aneuploid,Tumor_epithelial,NMPR
BD_immune07_757656,aneuploid,Tumor_epithelial,NMPR
BD_immune07_292215,aneuploid,Tumor_epithelial,NMPR
BD_immune07_184648,aneuploid,Tumor_epithelial,NMPR
BD_immune07_550754,aneuploid,Tumor_epithelial,NMPR
BD_immune07_554963,aneuploid,Tumor_epithelial,NMPR
BD_immune07_382689,aneuploid,Tumor_epithelial,NMPR
BD_immune07_150006,aneuploid,Tumor_epithelial,NMPR
BD_immune07_214714,aneuploid,Tumor_epithelial,NMPR
BD_immune07_181748,aneuploid,Tumor_epithelial,NMPR
BD_immune07_695966,aneuploid,Tumor_epithelial,NMPR
BD_immune07_793429,aneuploid,Tumor_epithelial,NMPR
BD_immune07_508699,aneuploid,Tumor_epithelial,NMPR
BD_immune07_520877,aneuploid,Tumor_epithelial,NMPR
BD_immune07_305931,aneuploid,Tumor_epithelial,NMPR
BD_immune07_101968,aneuploid,Tumor_epithelial,NMPR
BD_immune07_251196,aneuploid,Tumor_epithelial,NMPR
BD_immune07_276224,aneuploid,Tumor_epithelial,NMPR
BD_immune07_474891,aneuploid,Tumor_epithelial,NMPR
BD_immune07_306217,aneuploid,Tumor_epithelial,NMPR
BD_immune07_349016,aneuploid,Tumor_epithelial,NMPR
BD_immune07_506697,aneuploid,Tumor_epithelial,NMPR
BD_immune07_634788,aneuploid,Tumor_epithelial,NMPR
BD_immune07_407691,aneuploid,Tumor_epithelial,NMPR
BD_immune07_313963,aneuploid,Tumor_epithelial,NMPR
BD_immune07_155349,aneuploid,Tumor_epithelial,NMPR
BD_immune07_35840,aneuploid,Tumor_epithelial,NMPR
BD_immune07_186675,aneuploid,Tumor_epithelial,NMPR
BD_immune07_715454,aneuploid,Tumor_epithelial,NMPR
BD_immune07_517126,aneuploid,Tumor_epithelial,NMPR
BD_immune07_383379,aneuploid,Tumor_epithelial,NMPR
BD_immune07_388107,aneuploid,Tumor_epithelial,NMPR
BD_immune07_248053,aneuploid,Tumor_epithelial,NMPR
BD_immune07_425626,aneuploid,Tumor_epithelial,NMPR
BD_immune07_210019,aneuploid,Tumor_epithelial,NMPR
BD_immune07_42078,aneuploid,Tumor_epithelial,NMPR
BD_immune07_623323,aneuploid,Tumor_epithelial,NMPR
BD_immune07_832169,aneuploid,Tumor_epithelial,NMPR
BD_immune07_520839,aneuploid,Tumor_epithelial,NMPR
BD_immune07_505034,aneuploid,Tumor_epithelial,NMPR
BD_immune07_653519,aneuploid,Tumor_epithelial,NMPR
BD_immune07_466093,aneuploid,Tumor_epithelial,NMPR
BD_immune07_78116,aneuploid,Tumor_epithelial,NMPR
BD_immune07_680225,aneuploid,Tumor_epithelial,NMPR
BD_immune07_520331,aneuploid,Tumor_epithelial,NMPR
BD_immune07_373931,aneuploid,Tumor_epithelial,NMPR
BD_immune07_560527,aneuploid,Tumor_epithelial,NMPR
BD_immune07_249145,aneuploid,Tumor_epithelial,NMPR
BD_immune07_556530,aneuploid,Tumor_epithelial,NMPR
BD_immune07_129762,aneuploid,Tumor_epithelial,NMPR
BD_immune07_805182,aneuploid,Tumor_epithelial,NMPR
BD_immune07_692488,aneuploid,Tumor_epithelial,NMPR
BD_immune07_656447,aneuploid,Tumor_epithelial,NMPR
BD_immune07_580324,aneuploid,Tumor_epithelial,NMPR
BD_immune07_10253,aneuploid,Tumor_epithelial,NMPR
BD_immune07_180036,aneuploid,Tumor_epithelial,NMPR
BD_immune07_830175,aneuploid,Tumor_epithelial,NMPR
BD_immune07_9819,aneuploid,Tumor_epithelial,NMPR
BD_immune07_733512,aneuploid,Tumor_epithelial,NMPR
BD_immune07_13972,aneuploid,Tumor_epithelial,NMPR
BD_immune07_418211,aneuploid,Tumor_epithelial,NMPR
BD_immune07_514684,aneuploid,Tumor_epithelial,NMPR
BD_immune07_600299,aneuploid,Tumor_epithelial,NMPR
BD_immune07_693682,aneuploid,Tumor_epithelial,NMPR
BD_immune07_335430,aneuploid,Tumor_epithelial,NMPR
BD_immune07_631544,aneuploid,Tumor_epithelial,NMPR
BD_immune07_237651,aneuploid,Tumor_epithelial,NMPR
BD_immune07_284280,aneuploid,Tumor_epithelial,NMPR
BD_immune07_717293,aneuploid,Tumor_epithelial,NMPR
BD_immune07_19728,aneuploid,Tumor_epithelial,NMPR
BD_immune07_721092,aneuploid,Tumor_epithelial,NMPR
BD_immune07_556050,aneuploid,Tumor_epithelial,NMPR
BD_immune07_62376,aneuploid,Tumor_epithelial,NMPR
BD_immune07_258831,aneuploid,Tumor_epithelial,NMPR
BD_immune07_4605,aneuploid,Tumor_epithelial,NMPR
BD_immune07_803974,aneuploid,Tumor_epithelial,NMPR
BD_immune07_833601,aneuploid,Tumor_epithelial,NMPR
BD_immune07_232545,aneuploid,Tumor_epithelial,NMPR
BD_immune07_709324,aneuploid,Tumor_epithelial,NMPR
BD_immune07_785044,aneuploid,Tumor_epithelial,NMPR
BD_immune07_489126,aneuploid,Tumor_epithelial,NMPR
BD_immune07_798676,aneuploid,Tumor_epithelial,NMPR
BD_immune07_160657,aneuploid,Tumor_epithelial,NMPR
BD_immune07_305842,aneuploid,Tumor_epithelial,NMPR
BD_immune07_200132,aneuploid,Tumor_epithelial,NMPR
BD_immune07_271202,aneuploid,Tumor_epithelial,NMPR
BD_immune07_182072,aneuploid,Tumor_epithelial,NMPR
BD_immune07_876613,aneuploid,Tumor_epithelial,NMPR
BD_immune07_172163,aneuploid,Tumor_epithelial,NMPR
BD_immune07_380013,aneuploid,Tumor_epithelial,NMPR
BD_immune07_848229,aneuploid,Tumor_epithelial,NMPR
BD_immune07_416245,aneuploid,Tumor_epithelial,NMPR
BD_immune07_469453,aneuploid,Tumor_epithelial,NMPR
BD_immune07_376445,aneuploid,Tumor_epithelial,NMPR
BD_immune07_101992,aneuploid,Tumor_epithelial,NMPR
BD_immune07_71210,aneuploid,Tumor_epithelial,NMPR
BD_immune07_821490,aneuploid,Tumor_epithelial,NMPR
BD_immune07_315779,aneuploid,Tumor_epithelial,NMPR
BD_immune07_42051,aneuploid,Tumor_epithelial,NMPR
BD_immune07_723784,aneuploid,Tumor_epithelial,NMPR
BD_immune07_328151,aneuploid,Tumor_epithelial,NMPR
BD_immune07_87918,aneuploid,Tumor_epithelial,NMPR
BD_immune07_49534,aneuploid,Tumor_epithelial,NMPR
BD_immune07_368012,aneuploid,Tumor_epithelial,NMPR
BD_immune07_601787,aneuploid,Tumor_epithelial,NMPR
BD_immune07_231682,aneuploid,Tumor_epithelial,NMPR
BD_immune07_243529,aneuploid,Tumor_epithelial,NMPR
BD_immune07_115810,aneuploid,Tumor_epithelial,NMPR
BD_immune07_818504,aneuploid,Tumor_epithelial,NMPR
BD_immune07_712183,aneuploid,Tumor_epithelial,NMPR
BD_immune07_400290,aneuploid,Tumor_epithelial,NMPR
BD_immune07_714899,aneuploid,Tumor_epithelial,NMPR
BD_immune07_232553,aneuploid,Tumor_epithelial,NMPR
BD_immune07_29648,aneuploid,Tumor_epithelial,NMPR
BD_immune07_281706,aneuploid,Tumor_epithelial,NMPR
BD_immune07_495632,aneuploid,Tumor_epithelial,NMPR
BD_immune07_609480,aneuploid,Tumor_epithelial,NMPR
BD_immune07_824764,aneuploid,Tumor_epithelial,NMPR
BD_immune07_20983,aneuploid,Tumor_epithelial,NMPR
BD_immune07_101874,aneuploid,Tumor_epithelial,NMPR
BD_immune07_749460,aneuploid,Tumor_epithelial,NMPR
BD_immune07_625311,aneuploid,Tumor_epithelial,NMPR
BD_immune07_33221,aneuploid,Tumor_epithelial,NMPR
BD_immune07_4621,aneuploid,Tumor_epithelial,NMPR
BD_immune07_575462,aneuploid,Tumor_epithelial,NMPR
BD_immune07_754635,aneuploid,Tumor_epithelial,NMPR
BD_immune07_292891,aneuploid,Tumor_epithelial,NMPR
BD_immune07_709073,aneuploid,Tumor_epithelial,NMPR
BD_immune07_324387,aneuploid,Tumor_epithelial,NMPR
BD_immune07_277786,aneuploid,Tumor_epithelial,NMPR
BD_immune07_649357,aneuploid,Tumor_epithelial,NMPR
BD_immune07_826750,aneuploid,Tumor_epithelial,NMPR
BD_immune07_767163,aneuploid,Tumor_epithelial,NMPR
BD_immune07_150914,aneuploid,Tumor_epithelial,NMPR
BD_immune07_604350,aneuploid,Tumor_epithelial,NMPR
BD_immune07_760559,aneuploid,Tumor_epithelial,NMPR
BD_immune07_596633,aneuploid,Tumor_epithelial,NMPR
BD_immune07_820371,aneuploid,Tumor_epithelial,NMPR
BD_immune07_203747,aneuploid,Tumor_epithelial,NMPR
BD_immune07_317986,aneuploid,Tumor_epithelial,NMPR
BD_immune07_840093,aneuploid,Tumor_epithelial,NMPR
BD_immune07_270615,aneuploid,Tumor_epithelial,NMPR
BD_immune07_734382,aneuploid,Tumor_epithelial,NMPR
BD_immune07_67608,aneuploid,Tumor_epithelial,NMPR
BD_immune07_331053,aneuploid,Tumor_epithelial,NMPR
BD_immune07_536211,aneuploid,Tumor_epithelial,NMPR
BD_immune07_535244,aneuploid,Tumor_epithelial,NMPR
BD_immune07_698344,aneuploid,Tumor_epithelial,NMPR
BD_immune07_302458,aneuploid,Tumor_epithelial,NMPR
BD_immune07_649913,aneuploid,Tumor_epithelial,NMPR
BD_immune07_253723,aneuploid,Tumor_epithelial,NMPR
BD_immune07_833374,aneuploid,Tumor_epithelial,NMPR
BD_immune07_69285,aneuploid,Tumor_epithelial,NMPR
BD_immune07_385601,aneuploid,Tumor_epithelial,NMPR
BD_immune07_192896,aneuploid,Tumor_epithelial,NMPR
BD_immune07_879857,aneuploid,Tumor_epithelial,NMPR
BD_immune07_425228,aneuploid,Tumor_epithelial,NMPR
BD_immune07_69657,aneuploid,Tumor_epithelial,NMPR
BD_immune07_720298,aneuploid,Tumor_epithelial,NMPR
BD_immune07_134225,aneuploid,Tumor_epithelial,NMPR
BD_immune07_7693,aneuploid,Tumor_epithelial,NMPR
BD_immune07_404848,aneuploid,Tumor_epithelial,NMPR
BD_immune07_117315,aneuploid,Tumor_epithelial,NMPR
BD_immune07_15208,aneuploid,Tumor_epithelial,NMPR
BD_immune07_728918,aneuploid,Tumor_epithelial,NMPR
BD_immune07_19875,aneuploid,Tumor_epithelial,NMPR
BD_immune07_424577,aneuploid,Tumor_epithelial,NMPR
BD_immune07_101562,aneuploid,Tumor_epithelial,NMPR
BD_immune07_338703,aneuploid,Tumor_epithelial,NMPR
BD_immune07_569266,aneuploid,Tumor_epithelial,NMPR
BD_immune07_168562,aneuploid,Tumor_epithelial,NMPR
BD_immune07_874024,aneuploid,Tumor_epithelial,NMPR
BD_immune07_732743,aneuploid,Tumor_epithelial,NMPR
BD_immune07_585592,aneuploid,Tumor_epithelial,NMPR
BD_immune07_391395,aneuploid,Tumor_epithelial,NMPR
BD_immune07_359054,aneuploid,Tumor_epithelial,NMPR
BD_immune07_203604,aneuploid,Tumor_epithelial,NMPR
BD_immune07_345310,aneuploid,Tumor_epithelial,NMPR
BD_immune07_719809,aneuploid,Tumor_epithelial,NMPR
BD_immune07_787351,aneuploid,Tumor_epithelial,NMPR
BD_immune07_724392,aneuploid,Tumor_epithelial,NMPR
BD_immune07_461474,aneuploid,Tumor_epithelial,NMPR
BD_immune07_697361,aneuploid,Tumor_epithelial,NMPR
BD_immune07_778284,aneuploid,Tumor_epithelial,NMPR
BD_immune07_374425,aneuploid,Tumor_epithelial,NMPR
BD_immune07_365447,aneuploid,Tumor_epithelial,NMPR
BD_immune07_12229,aneuploid,Tumor_epithelial,NMPR
BD_immune07_625172,aneuploid,Tumor_epithelial,NMPR
BD_immune07_67387,aneuploid,Tumor_epithelial,NMPR
BD_immune07_196191,aneuploid,Tumor_epithelial,NMPR
BD_immune07_135205,aneuploid,Tumor_epithelial,NMPR
BD_immune07_258660,aneuploid,Tumor_epithelial,NMPR
BD_immune07_528755,aneuploid,Tumor_epithelial,NMPR
BD_immune07_61307,aneuploid,Tumor_epithelial,NMPR
BD_immune07_432504,aneuploid,Tumor_epithelial,NMPR
BD_immune07_445211,aneuploid,Tumor_epithelial,NMPR
BD_immune07_366466,aneuploid,Tumor_epithelial,NMPR
BD_immune07_591265,aneuploid,Tumor_epithelial,NMPR
BD_immune07_213792,aneuploid,Tumor_epithelial,NMPR
BD_immune07_5946,aneuploid,Tumor_epithelial,NMPR
BD_immune07_853814,aneuploid,Tumor_epithelial,NMPR
BD_immune07_446100,aneuploid,Tumor_epithelial,NMPR
BD_immune07_1934,aneuploid,Tumor_epithelial,NMPR
BD_immune07_449387,aneuploid,Tumor_epithelial,NMPR
BD_immune07_726223,aneuploid,Tumor_epithelial,NMPR
BD_immune07_872888,aneuploid,Tumor_epithelial,NMPR
BD_immune07_777216,aneuploid,Tumor_epithelial,NMPR
BD_immune07_165533,aneuploid,Tumor_epithelial,NMPR
BD_immune07_97241,aneuploid,Tumor_epithelial,NMPR
BD_immune07_388944,aneuploid,Tumor_epithelial,NMPR
BD_immune07_41569,aneuploid,Tumor_epithelial,NMPR
BD_immune07_654029,aneuploid,Tumor_epithelial,NMPR
BD_immune07_392398,aneuploid,Tumor_epithelial,NMPR
BD_immune07_242723,aneuploid,Tumor_epithelial,NMPR
BD_immune07_701678,aneuploid,Tumor_epithelial,NMPR
BD_immune07_843347,aneuploid,Tumor_epithelial,NMPR
BD_immune07_552976,aneuploid,Tumor_epithelial,NMPR
BD_immune07_4937,aneuploid,Tumor_epithelial,NMPR
BD_immune07_6707,aneuploid,Tumor_epithelial,NMPR
BD_immune07_235004,aneuploid,Tumor_epithelial,NMPR
BD_immune07_15016,aneuploid,Tumor_epithelial,NMPR
BD_immune07_303013,aneuploid,Tumor_epithelial,NMPR
BD_immune07_487568,aneuploid,Tumor_epithelial,NMPR
BD_immune07_206302,aneuploid,Tumor_epithelial,NMPR
BD_immune07_742404,aneuploid,Tumor_epithelial,NMPR
BD_immune07_191277,aneuploid,Tumor_epithelial,NMPR
BD_immune07_388235,aneuploid,Tumor_epithelial,NMPR
BD_immune07_867108,aneuploid,Tumor_epithelial,NMPR
BD_immune07_362912,aneuploid,Tumor_epithelial,NMPR
BD_immune07_604199,aneuploid,Tumor_epithelial,NMPR
BD_immune07_342031,aneuploid,Tumor_epithelial,NMPR
BD_immune07_193052,aneuploid,Tumor_epithelial,NMPR
BD_immune07_162566,aneuploid,Tumor_epithelial,NMPR
BD_immune07_444108,aneuploid,Tumor_epithelial,NMPR
BD_immune07_409621,aneuploid,Tumor_epithelial,NMPR
BD_immune07_375801,aneuploid,Tumor_epithelial,NMPR
BD_immune07_122508,aneuploid,Tumor_epithelial,NMPR
BD_immune07_307363,aneuploid,Tumor_epithelial,NMPR
BD_immune07_202869,aneuploid,Tumor_epithelial,NMPR
BD_immune07_239377,aneuploid,Tumor_epithelial,NMPR
BD_immune07_588806,aneuploid,Tumor_epithelial,NMPR
BD_immune07_531527,aneuploid,Tumor_epithelial,NMPR
BD_immune07_393053,aneuploid,Tumor_epithelial,NMPR
BD_immune07_469208,aneuploid,Tumor_epithelial,NMPR
BD_immune07_238357,aneuploid,Tumor_epithelial,NMPR
BD_immune07_220842,aneuploid,Tumor_epithelial,NMPR
BD_immune07_39495,aneuploid,Tumor_epithelial,NMPR
BD_immune07_786107,aneuploid,Tumor_epithelial,NMPR
BD_immune07_75024,aneuploid,Tumor_epithelial,NMPR
BD_immune07_495368,aneuploid,Tumor_epithelial,NMPR
BD_immune07_662183,aneuploid,Tumor_epithelial,NMPR
BD_immune07_741401,aneuploid,Tumor_epithelial,NMPR
BD_immune07_866170,aneuploid,Tumor_epithelial,NMPR
BD_immune07_584941,aneuploid,Tumor_epithelial,NMPR
BD_immune07_273907,aneuploid,Tumor_epithelial,NMPR
BD_immune07_49022,aneuploid,Tumor_epithelial,NMPR
BD_immune07_249411,aneuploid,Tumor_epithelial,NMPR
BD_immune07_472160,aneuploid,Tumor_epithelial,NMPR
BD_immune07_508540,aneuploid,Tumor_epithelial,NMPR
BD_immune07_383787,aneuploid,Tumor_epithelial,NMPR
BD_immune07_370778,aneuploid,Tumor_epithelial,NMPR
BD_immune07_576602,aneuploid,Tumor_epithelial,NMPR
BD_immune07_44697,aneuploid,Tumor_epithelial,NMPR
BD_immune07_175206,aneuploid,Tumor_epithelial,NMPR
BD_immune07_806566,aneuploid,Tumor_epithelial,NMPR
BD_immune07_855210,aneuploid,Tumor_epithelial,NMPR
BD_immune07_557950,aneuploid,Tumor_epithelial,NMPR
BD_immune07_548424,aneuploid,Tumor_epithelial,NMPR
BD_immune07_491427,aneuploid,Tumor_epithelial,NMPR
BD_immune07_37416,aneuploid,Tumor_epithelial,NMPR
BD_immune07_617710,aneuploid,Tumor_epithelial,NMPR
BD_immune07_463956,aneuploid,Tumor_epithelial,NMPR
BD_immune07_27869,aneuploid,Tumor_epithelial,NMPR
BD_immune07_377605,aneuploid,Tumor_epithelial,NMPR
BD_immune07_806366,aneuploid,Tumor_epithelial,NMPR
BD_immune07_822671,aneuploid,Tumor_epithelial,NMPR
BD_immune07_605236,aneuploid,Tumor_epithelial,NMPR
BD_immune07_507909,aneuploid,Tumor_epithelial,NMPR
BD_immune07_39078,aneuploid,Tumor_epithelial,NMPR
BD_immune07_68930,aneuploid,Tumor_epithelial,NMPR
BD_immune07_322699,aneuploid,Tumor_epithelial,NMPR
BD_immune07_377512,aneuploid,Tumor_epithelial,NMPR
BD_immune07_718277,aneuploid,Tumor_epithelial,NMPR
BD_immune07_93902,aneuploid,Tumor_epithelial,NMPR
BD_immune07_198039,aneuploid,Tumor_epithelial,NMPR
BD_immune07_586808,aneuploid,Tumor_epithelial,NMPR
BD_immune07_823296,aneuploid,Tumor_epithelial,NMPR
BD_immune07_243469,aneuploid,Tumor_epithelial,NMPR
BD_immune07_602680,aneuploid,Tumor_epithelial,NMPR
BD_immune07_263252,aneuploid,Tumor_epithelial,NMPR
BD_immune07_212732,aneuploid,Tumor_epithelial,NMPR
BD_immune07_285569,aneuploid,Tumor_epithelial,NMPR
BD_immune07_80336,aneuploid,Tumor_epithelial,NMPR
BD_immune07_157349,aneuploid,Tumor_epithelial,NMPR
BD_immune07_361317,aneuploid,Tumor_epithelial,NMPR
BD_immune07_504314,aneuploid,Tumor_epithelial,NMPR
BD_immune07_706314,aneuploid,Tumor_epithelial,NMPR
BD_immune07_813647,aneuploid,Tumor_epithelial,NMPR
BD_immune07_835644,aneuploid,Tumor_epithelial,NMPR
BD_immune07_251607,aneuploid,Tumor_epithelial,NMPR
BD_immune07_53529,aneuploid,Tumor_epithelial,NMPR
BD_immune07_814734,aneuploid,Tumor_epithelial,NMPR
BD_immune07_512004,aneuploid,Tumor_epithelial,NMPR
BD_immune07_66109,aneuploid,Tumor_epithelial,NMPR
BD_immune07_89055,aneuploid,Tumor_epithelial,NMPR
BD_immune07_367080,aneuploid,Tumor_epithelial,NMPR
BD_immune07_781136,aneuploid,Tumor_epithelial,NMPR
BD_immune07_496150,aneuploid,Tumor_epithelial,NMPR
BD_immune07_610025,aneuploid,Tumor_epithelial,NMPR
BD_immune07_268475,aneuploid,Tumor_epithelial,NMPR
BD_immune07_11452,aneuploid,Tumor_epithelial,NMPR
BD_immune07_204052,aneuploid,Tumor_epithelial,NMPR
BD_immune07_230884,aneuploid,Tumor_epithelial,NMPR
BD_immune07_764063,aneuploid,Tumor_epithelial,NMPR
BD_immune07_260736,aneuploid,Tumor_epithelial,NMPR
BD_immune07_5608,aneuploid,Tumor_epithelial,NMPR
BD_immune07_786255,aneuploid,Tumor_epithelial,NMPR
BD_immune07_508635,aneuploid,Tumor_epithelial,NMPR
BD_immune07_799512,aneuploid,Tumor_epithelial,NMPR
BD_immune07_817449,aneuploid,Tumor_epithelial,NMPR
BD_immune07_296152,aneuploid,Tumor_epithelial,NMPR
BD_immune07_409217,aneuploid,Tumor_epithelial,NMPR
BD_immune07_208733,aneuploid,Tumor_epithelial,NMPR
BD_immune07_444846,aneuploid,Tumor_epithelial,NMPR
BD_immune07_429546,aneuploid,Tumor_epithelial,NMPR
BD_immune07_867157,aneuploid,Tumor_epithelial,NMPR
BD_immune07_824214,aneuploid,Tumor_epithelial,NMPR
BD_immune07_411884,aneuploid,Tumor_epithelial,NMPR
BD_immune07_883599,aneuploid,Tumor_epithelial,NMPR
BD_immune07_163966,aneuploid,Tumor_epithelial,NMPR
BD_immune07_503116,aneuploid,Tumor_epithelial,NMPR
BD_immune07_806525,aneuploid,Tumor_epithelial,NMPR
BD_immune07_43867,aneuploid,Tumor_epithelial,NMPR
BD_immune07_243936,aneuploid,Tumor_epithelial,NMPR
BD_immune07_213966,aneuploid,Tumor_epithelial,NMPR
BD_immune07_466394,aneuploid,Tumor_epithelial,NMPR
BD_immune07_300627,aneuploid,Tumor_epithelial,NMPR
BD_immune07_135582,aneuploid,Tumor_epithelial,NMPR
BD_immune07_483963,aneuploid,Tumor_epithelial,NMPR
BD_immune07_368622,aneuploid,Tumor_epithelial,NMPR
BD_immune07_14859,aneuploid,Tumor_epithelial,NMPR
BD_immune07_862005,aneuploid,Tumor_epithelial,NMPR
BD_immune07_858143,aneuploid,Tumor_epithelial,NMPR
BD_immune07_805908,aneuploid,Tumor_epithelial,NMPR
BD_immune07_545891,aneuploid,Tumor_epithelial,NMPR
BD_immune07_305635,aneuploid,Tumor_epithelial,NMPR
BD_immune07_512397,aneuploid,Tumor_epithelial,NMPR
BD_immune07_449830,aneuploid,Tumor_epithelial,NMPR
BD_immune07_101737,aneuploid,Tumor_epithelial,NMPR
BD_immune07_503491,aneuploid,Tumor_epithelial,NMPR
BD_immune07_505686,aneuploid,Tumor_epithelial,NMPR
BD_immune07_415827,aneuploid,Tumor_epithelial,NMPR
BD_immune07_138183,aneuploid,Tumor_epithelial,NMPR
BD_immune07_530853,aneuploid,Tumor_epithelial,NMPR
BD_immune07_5541,aneuploid,Tumor_epithelial,NMPR
BD_immune07_209123,aneuploid,Tumor_epithelial,NMPR
BD_immune07_352147,aneuploid,Tumor_epithelial,NMPR
BD_immune07_10998,aneuploid,Tumor_epithelial,NMPR
BD_immune07_272367,aneuploid,Tumor_epithelial,NMPR
BD_immune07_357477,aneuploid,Tumor_epithelial,NMPR
BD_immune07_190938,aneuploid,Tumor_epithelial,NMPR
BD_immune07_492702,aneuploid,Tumor_epithelial,NMPR
BD_immune07_401845,aneuploid,Tumor_epithelial,NMPR
BD_immune07_402064,aneuploid,Tumor_epithelial,NMPR
BD_immune07_812197,aneuploid,Tumor_epithelial,NMPR
BD_immune07_80736,aneuploid,Tumor_epithelial,NMPR
BD_immune07_147643,aneuploid,Tumor_epithelial,NMPR
BD_immune07_143762,aneuploid,Tumor_epithelial,NMPR
BD_immune07_644691,aneuploid,Tumor_epithelial,NMPR
BD_immune07_765728,aneuploid,Tumor_epithelial,NMPR
BD_immune07_853511,aneuploid,Tumor_epithelial,NMPR
BD_immune07_429051,aneuploid,Tumor_epithelial,NMPR
BD_immune07_113108,aneuploid,Tumor_epithelial,NMPR
BD_immune07_462776,aneuploid,Tumor_epithelial,NMPR
BD_immune07_152830,aneuploid,Tumor_epithelial,NMPR
BD_immune07_784100,aneuploid,Tumor_epithelial,NMPR
BD_immune07_50465,aneuploid,Tumor_epithelial,NMPR
BD_immune07_244082,aneuploid,Tumor_epithelial,NMPR
BD_immune07_725041,aneuploid,Tumor_epithelial,NMPR
BD_immune07_8882,aneuploid,Tumor_epithelial,NMPR
BD_immune07_614963,aneuploid,Tumor_epithelial,NMPR
BD_immune07_794199,aneuploid,Tumor_epithelial,NMPR
BD_immune07_587606,aneuploid,Tumor_epithelial,NMPR
BD_immune07_365450,aneuploid,Tumor_epithelial,NMPR
BD_immune07_120201,aneuploid,Tumor_epithelial,NMPR
BD_immune07_246726,aneuploid,Tumor_epithelial,NMPR
BD_immune07_317309,aneuploid,Tumor_epithelial,NMPR
BD_immune07_699792,aneuploid,Tumor_epithelial,NMPR
BD_immune07_203512,aneuploid,Tumor_epithelial,NMPR
BD_immune07_302835,aneuploid,Tumor_epithelial,NMPR
BD_immune07_104017,aneuploid,Tumor_epithelial,NMPR
BD_immune07_230992,aneuploid,Tumor_epithelial,NMPR
BD_immune07_747528,aneuploid,Tumor_epithelial,NMPR
BD_immune07_473007,aneuploid,Tumor_epithelial,NMPR
BD_immune07_589829,aneuploid,Tumor_epithelial,NMPR
BD_immune07_667943,aneuploid,Tumor_epithelial,NMPR
BD_immune07_174355,aneuploid,Tumor_epithelial,NMPR
BD_immune07_412522,aneuploid,Tumor_epithelial,NMPR
BD_immune07_616993,aneuploid,Tumor_epithelial,NMPR
BD_immune07_474722,aneuploid,Tumor_epithelial,NMPR
BD_immune07_485640,aneuploid,Tumor_epithelial,NMPR
BD_immune07_185469,aneuploid,Tumor_epithelial,NMPR
BD_immune07_186925,aneuploid,Tumor_epithelial,NMPR
BD_immune07_861421,aneuploid,Tumor_epithelial,NMPR
BD_immune07_20376,aneuploid,Tumor_epithelial,NMPR
BD_immune07_308938,aneuploid,Tumor_epithelial,NMPR
BD_immune07_389275,aneuploid,Tumor_epithelial,NMPR
BD_immune07_657865,aneuploid,Tumor_epithelial,NMPR
BD_immune07_230558,aneuploid,Tumor_epithelial,NMPR
BD_immune07_749986,aneuploid,Tumor_epithelial,NMPR
BD_immune07_348846,aneuploid,Tumor_epithelial,NMPR
BD_immune07_188917,aneuploid,Tumor_epithelial,NMPR
BD_immune07_2021,aneuploid,Tumor_epithelial,NMPR
BD_immune07_833931,aneuploid,Tumor_epithelial,NMPR
BD_immune07_62898,aneuploid,Tumor_epithelial,NMPR
BD_immune07_678288,aneuploid,Tumor_epithelial,NMPR
BD_immune07_176311,aneuploid,Tumor_epithelial,NMPR
BD_immune07_857622,aneuploid,Tumor_epithelial,NMPR
BD_immune07_647284,aneuploid,Tumor_epithelial,NMPR
BD_immune07_684868,aneuploid,Tumor_epithelial,NMPR
BD_immune07_478595,aneuploid,Tumor_epithelial,NMPR
BD_immune07_339533,aneuploid,Tumor_epithelial,NMPR
BD_immune07_856420,aneuploid,Tumor_epithelial,NMPR
BD_immune07_723591,aneuploid,Tumor_epithelial,NMPR
BD_immune07_289382,aneuploid,Tumor_epithelial,NMPR
BD_immune07_318540,aneuploid,Tumor_epithelial,NMPR
BD_immune07_687020,aneuploid,Tumor_epithelial,NMPR
BD_immune07_207459,aneuploid,Tumor_epithelial,NMPR
BD_immune07_484720,aneuploid,Tumor_epithelial,NMPR
BD_immune07_300943,aneuploid,Tumor_epithelial,NMPR
BD_immune07_214096,aneuploid,Tumor_epithelial,NMPR
BD_immune07_548013,aneuploid,Tumor_epithelial,NMPR
BD_immune07_505016,aneuploid,Tumor_epithelial,NMPR
BD_immune07_787684,aneuploid,Tumor_epithelial,NMPR
BD_immune07_438348,aneuploid,Tumor_epithelial,NMPR
BD_immune07_613044,aneuploid,Tumor_epithelial,NMPR
BD_immune07_427946,aneuploid,Tumor_epithelial,NMPR
BD_immune07_870272,aneuploid,Tumor_epithelial,NMPR
BD_immune07_231244,aneuploid,Tumor_epithelial,NMPR
BD_immune07_419041,aneuploid,Tumor_epithelial,NMPR
BD_immune07_189667,aneuploid,Tumor_epithelial,NMPR
BD_immune07_670566,aneuploid,Tumor_epithelial,NMPR
BD_immune07_245095,aneuploid,Tumor_epithelial,NMPR
BD_immune07_836399,aneuploid,Tumor_epithelial,NMPR
BD_immune07_756907,aneuploid,Tumor_epithelial,NMPR
BD_immune07_697238,aneuploid,Tumor_epithelial,NMPR
BD_immune07_168138,aneuploid,Tumor_epithelial,NMPR
BD_immune07_42019,aneuploid,Tumor_epithelial,NMPR
BD_immune07_701793,aneuploid,Tumor_epithelial,NMPR
BD_immune07_544200,aneuploid,Tumor_epithelial,NMPR
BD_immune07_772514,aneuploid,Tumor_epithelial,NMPR
BD_immune07_672448,aneuploid,Tumor_epithelial,NMPR
BD_immune07_422867,aneuploid,Tumor_epithelial,NMPR
BD_immune07_802224,aneuploid,Tumor_epithelial,NMPR
BD_immune07_816716,aneuploid,Tumor_epithelial,NMPR
BD_immune07_826214,aneuploid,Tumor_epithelial,NMPR
BD_immune07_16543,aneuploid,Tumor_epithelial,NMPR
BD_immune07_574625,aneuploid,Tumor_epithelial,NMPR
BD_immune07_340833,aneuploid,Tumor_epithelial,NMPR
BD_immune07_805981,aneuploid,Tumor_epithelial,NMPR
BD_immune07_365808,aneuploid,Tumor_epithelial,NMPR
BD_immune07_696436,aneuploid,Tumor_epithelial,NMPR
BD_immune07_691916,aneuploid,Tumor_epithelial,NMPR
BD_immune07_606421,aneuploid,Tumor_epithelial,NMPR
BD_immune07_498196,aneuploid,Tumor_epithelial,NMPR
BD_immune07_140422,aneuploid,Tumor_epithelial,NMPR
BD_immune07_810716,aneuploid,Tumor_epithelial,NMPR
BD_immune07_524840,aneuploid,Tumor_epithelial,NMPR
BD_immune07_874903,aneuploid,Tumor_epithelial,NMPR
BD_immune07_184516,aneuploid,Tumor_epithelial,NMPR
BD_immune07_424225,aneuploid,Tumor_epithelial,NMPR
BD_immune07_508514,aneuploid,Tumor_epithelial,NMPR
BD_immune07_637039,aneuploid,Tumor_epithelial,NMPR
BD_immune07_87959,aneuploid,Tumor_epithelial,NMPR
BD_immune07_269421,aneuploid,Tumor_epithelial,NMPR
BD_immune07_118283,aneuploid,Tumor_epithelial,NMPR
BD_immune07_429779,aneuploid,Tumor_epithelial,NMPR
BD_immune07_810913,aneuploid,Tumor_epithelial,NMPR
BD_immune07_567431,aneuploid,Tumor_epithelial,NMPR
BD_immune07_381012,aneuploid,Tumor_epithelial,NMPR
BD_immune07_627977,aneuploid,Tumor_epithelial,NMPR
BD_immune07_8532,aneuploid,Tumor_epithelial,NMPR
BD_immune07_168993,aneuploid,Tumor_epithelial,NMPR
BD_immune07_377534,aneuploid,Tumor_epithelial,NMPR
BD_immune07_528321,aneuploid,Tumor_epithelial,NMPR
BD_immune07_521155,aneuploid,Tumor_epithelial,NMPR
BD_immune07_478428,aneuploid,Tumor_epithelial,NMPR
BD_immune07_308944,aneuploid,Tumor_epithelial,NMPR
BD_immune07_744019,aneuploid,Tumor_epithelial,NMPR
BD_immune07_66998,aneuploid,Tumor_epithelial,NMPR
BD_immune07_13599,aneuploid,Tumor_epithelial,NMPR
BD_immune07_515702,aneuploid,Tumor_epithelial,NMPR
BD_immune07_829861,aneuploid,Tumor_epithelial,NMPR
BD_immune07_117068,aneuploid,Tumor_epithelial,NMPR
BD_immune07_181890,aneuploid,Tumor_epithelial,NMPR
BD_immune07_170327,aneuploid,Tumor_epithelial,NMPR
BD_immune07_30241,aneuploid,Tumor_epithelial,NMPR
BD_immune07_323240,aneuploid,Tumor_epithelial,NMPR
BD_immune07_520936,aneuploid,Tumor_epithelial,NMPR
BD_immune07_146299,aneuploid,Tumor_epithelial,NMPR
BD_immune07_732258,aneuploid,Tumor_epithelial,NMPR
BD_immune07_577162,aneuploid,Tumor_epithelial,NMPR
BD_immune07_187871,aneuploid,Tumor_epithelial,NMPR
BD_immune07_220521,aneuploid,Tumor_epithelial,NMPR
BD_immune07_288658,aneuploid,Tumor_epithelial,NMPR
BD_immune07_325731,aneuploid,Tumor_epithelial,NMPR
BD_immune07_525840,aneuploid,Tumor_epithelial,NMPR
BD_immune07_43710,aneuploid,Tumor_epithelial,NMPR
BD_immune07_178671,aneuploid,Tumor_epithelial,NMPR
BD_immune07_127399,aneuploid,Tumor_epithelial,NMPR
BD_immune07_410068,aneuploid,Tumor_epithelial,NMPR
BD_immune07_849335,aneuploid,Tumor_epithelial,NMPR
BD_immune07_732596,aneuploid,Tumor_epithelial,NMPR
BD_immune07_99975,aneuploid,Tumor_epithelial,NMPR
BD_immune07_555750,aneuploid,Tumor_epithelial,NMPR
BD_immune07_240187,aneuploid,Tumor_epithelial,NMPR
BD_immune07_344588,aneuploid,Tumor_epithelial,NMPR
BD_immune07_72837,aneuploid,Tumor_epithelial,NMPR
BD_immune07_597886,aneuploid,Tumor_epithelial,NMPR
BD_immune07_146941,aneuploid,Tumor_epithelial,NMPR
BD_immune07_91536,aneuploid,Tumor_epithelial,NMPR
BD_immune07_2897,aneuploid,Tumor_epithelial,NMPR
BD_immune07_230846,aneuploid,Tumor_epithelial,NMPR
BD_immune07_746215,aneuploid,Tumor_epithelial,NMPR
BD_immune07_234207,aneuploid,Tumor_epithelial,NMPR
BD_immune07_464748,aneuploid,Tumor_epithelial,NMPR
BD_immune07_327159,aneuploid,Tumor_epithelial,NMPR
BD_immune07_175557,aneuploid,Tumor_epithelial,NMPR
BD_immune07_117479,aneuploid,Tumor_epithelial,NMPR
BD_immune07_350774,aneuploid,Tumor_epithelial,NMPR
BD_immune07_591792,aneuploid,Tumor_epithelial,NMPR
BD_immune07_734555,aneuploid,Tumor_epithelial,NMPR
BD_immune07_59818,aneuploid,Tumor_epithelial,NMPR
BD_immune07_536184,aneuploid,Tumor_epithelial,NMPR
BD_immune07_53097,aneuploid,Tumor_epithelial,NMPR
BD_immune07_659873,aneuploid,Tumor_epithelial,NMPR
BD_immune07_574992,aneuploid,Tumor_epithelial,NMPR
BD_immune07_882217,aneuploid,Tumor_epithelial,NMPR
BD_immune07_166640,aneuploid,Tumor_epithelial,NMPR
BD_immune07_31238,aneuploid,Tumor_epithelial,NMPR
BD_immune07_125408,aneuploid,Tumor_epithelial,NMPR
BD_immune07_464090,aneuploid,Tumor_epithelial,NMPR
BD_immune07_422688,aneuploid,Tumor_epithelial,NMPR
BD_immune07_261290,aneuploid,Tumor_epithelial,NMPR
BD_immune07_186421,aneuploid,Tumor_epithelial,NMPR
BD_immune07_701883,aneuploid,Tumor_epithelial,NMPR
BD_immune07_363586,aneuploid,Tumor_epithelial,NMPR
BD_immune07_69320,aneuploid,Tumor_epithelial,NMPR
BD_immune07_497768,aneuploid,Tumor_epithelial,NMPR
BD_immune07_158420,aneuploid,Tumor_epithelial,NMPR
BD_immune07_369042,aneuploid,Tumor_epithelial,NMPR
BD_immune07_355135,aneuploid,Tumor_epithelial,NMPR
BD_immune07_734916,aneuploid,Tumor_epithelial,NMPR
BD_immune07_81568,aneuploid,Tumor_epithelial,NMPR
BD_immune07_673395,aneuploid,Tumor_epithelial,NMPR
BD_immune07_453531,aneuploid,Tumor_epithelial,NMPR
BD_immune07_583752,aneuploid,Tumor_epithelial,NMPR
BD_immune07_362037,aneuploid,Tumor_epithelial,NMPR
BD_immune07_823533,aneuploid,Tumor_epithelial,NMPR
BD_immune07_342760,aneuploid,Tumor_epithelial,NMPR
BD_immune07_185022,aneuploid,Tumor_epithelial,NMPR
BD_immune07_836682,aneuploid,Tumor_epithelial,NMPR
BD_immune07_62955,aneuploid,Tumor_epithelial,NMPR
BD_immune07_829594,aneuploid,Tumor_epithelial,NMPR
BD_immune07_498241,aneuploid,Tumor_epithelial,NMPR
BD_immune07_331201,aneuploid,Tumor_epithelial,NMPR
BD_immune07_181694,aneuploid,Tumor_epithelial,NMPR
BD_immune07_642139,aneuploid,Tumor_epithelial,NMPR
BD_immune07_632323,aneuploid,Tumor_epithelial,NMPR
BD_immune07_28664,aneuploid,Tumor_epithelial,NMPR
BD_immune07_459303,aneuploid,Tumor_epithelial,NMPR
BD_immune07_367071,aneuploid,Tumor_epithelial,NMPR
BD_immune07_355637,aneuploid,Tumor_epithelial,NMPR
BD_immune07_559002,aneuploid,Tumor_epithelial,NMPR
BD_immune07_271407,aneuploid,Tumor_epithelial,NMPR
BD_immune07_449390,aneuploid,Tumor_epithelial,NMPR
BD_immune07_150832,aneuploid,Tumor_epithelial,NMPR
BD_immune07_831412,aneuploid,Tumor_epithelial,NMPR
BD_immune07_477103,aneuploid,Tumor_epithelial,NMPR
BD_immune07_621257,aneuploid,Tumor_epithelial,NMPR
BD_immune07_269769,aneuploid,Tumor_epithelial,NMPR
BD_immune07_574348,aneuploid,Tumor_epithelial,NMPR
BD_immune07_299463,aneuploid,Tumor_epithelial,NMPR
BD_immune07_664814,aneuploid,Tumor_epithelial,NMPR
BD_immune07_665446,aneuploid,Tumor_epithelial,NMPR
BD_immune07_542782,aneuploid,Tumor_epithelial,NMPR
BD_immune07_512718,aneuploid,Tumor_epithelial,NMPR
BD_immune07_341007,aneuploid,Tumor_epithelial,NMPR
BD_immune07_114049,aneuploid,Tumor_epithelial,NMPR
BD_immune07_816809,aneuploid,Tumor_epithelial,NMPR
BD_immune07_75833,aneuploid,Tumor_epithelial,NMPR
BD_immune07_51521,aneuploid,Tumor_epithelial,NMPR
BD_immune07_383118,aneuploid,Tumor_epithelial,NMPR
BD_immune07_749407,aneuploid,Tumor_epithelial,NMPR
BD_immune07_551612,aneuploid,Tumor_epithelial,NMPR
BD_immune07_180445,aneuploid,Tumor_epithelial,NMPR
BD_immune07_261971,aneuploid,Tumor_epithelial,NMPR
BD_immune07_231890,aneuploid,Tumor_epithelial,NMPR
BD_immune07_106056,aneuploid,Tumor_epithelial,NMPR
BD_immune07_66189,aneuploid,Tumor_epithelial,NMPR
BD_immune07_80340,aneuploid,Tumor_epithelial,NMPR
BD_immune07_440225,aneuploid,Tumor_epithelial,NMPR
BD_immune07_553357,aneuploid,Tumor_epithelial,NMPR
BD_immune07_8329,aneuploid,Tumor_epithelial,NMPR
BD_immune07_440061,aneuploid,Tumor_epithelial,NMPR
BD_immune07_64495,aneuploid,Tumor_epithelial,NMPR
BD_immune07_869193,aneuploid,Tumor_epithelial,NMPR
BD_immune07_471564,aneuploid,Tumor_epithelial,NMPR
BD_immune07_317891,aneuploid,Tumor_epithelial,NMPR
BD_immune07_198940,aneuploid,Tumor_epithelial,NMPR
BD_immune07_634187,aneuploid,Tumor_epithelial,NMPR
BD_immune07_434332,aneuploid,Tumor_epithelial,NMPR
BD_immune07_271301,aneuploid,Tumor_epithelial,NMPR
BD_immune07_175839,aneuploid,Tumor_epithelial,NMPR
BD_immune07_85599,aneuploid,Tumor_epithelial,NMPR
BD_immune07_876109,aneuploid,Tumor_epithelial,NMPR
BD_immune07_394126,aneuploid,Tumor_epithelial,NMPR
BD_immune07_623392,aneuploid,Tumor_epithelial,NMPR
BD_immune07_795249,aneuploid,Tumor_epithelial,NMPR
BD_immune07_442558,aneuploid,Tumor_epithelial,NMPR
BD_immune07_339539,aneuploid,Tumor_epithelial,NMPR
BD_immune07_617212,aneuploid,Tumor_epithelial,NMPR
BD_immune07_80353,aneuploid,Tumor_epithelial,NMPR
BD_immune07_613114,aneuploid,Tumor_epithelial,NMPR
BD_immune07_389510,aneuploid,Tumor_epithelial,NMPR
BD_immune07_796891,aneuploid,Tumor_epithelial,NMPR
BD_immune07_95990,aneuploid,Tumor_epithelial,NMPR
BD_immune07_500157,aneuploid,Tumor_epithelial,NMPR
BD_immune07_249523,aneuploid,Tumor_epithelial,NMPR
BD_immune07_44006,aneuploid,Tumor_epithelial,NMPR
BD_immune07_225392,aneuploid,Tumor_epithelial,NMPR
BD_immune07_559309,aneuploid,Tumor_epithelial,NMPR
BD_immune07_798813,aneuploid,Tumor_epithelial,NMPR
BD_immune07_497001,aneuploid,Tumor_epithelial,NMPR
BD_immune07_19800,aneuploid,Tumor_epithelial,NMPR
BD_immune07_637292,aneuploid,Tumor_epithelial,NMPR
BD_immune07_97285,aneuploid,Tumor_epithelial,NMPR
BD_immune07_347429,aneuploid,Tumor_epithelial,NMPR
BD_immune07_693066,aneuploid,Tumor_epithelial,NMPR
BD_immune07_273766,aneuploid,Tumor_epithelial,NMPR
BD_immune07_790987,aneuploid,Tumor_epithelial,NMPR
BD_immune07_433119,aneuploid,Tumor_epithelial,NMPR
BD_immune07_647310,aneuploid,Tumor_epithelial,NMPR
BD_immune07_500616,aneuploid,Tumor_epithelial,NMPR
BD_immune07_328195,aneuploid,Tumor_epithelial,NMPR
BD_immune07_414296,aneuploid,Tumor_epithelial,NMPR
BD_immune07_81352,aneuploid,Tumor_epithelial,NMPR
BD_immune07_742364,aneuploid,Tumor_epithelial,NMPR
BD_immune07_108240,aneuploid,Tumor_epithelial,NMPR
BD_immune07_647389,aneuploid,Tumor_epithelial,NMPR
BD_immune07_684821,aneuploid,Tumor_epithelial,NMPR
BD_immune07_330241,aneuploid,Tumor_epithelial,NMPR
BD_immune07_588013,aneuploid,Tumor_epithelial,NMPR
BD_immune07_683649,aneuploid,Tumor_epithelial,NMPR
BD_immune07_411471,aneuploid,Tumor_epithelial,NMPR
BD_immune07_167195,aneuploid,Tumor_epithelial,NMPR
BD_immune07_800763,aneuploid,Tumor_epithelial,NMPR
BD_immune07_756577,aneuploid,Tumor_epithelial,NMPR
BD_immune07_241898,aneuploid,Tumor_epithelial,NMPR
BD_immune07_165063,aneuploid,Tumor_epithelial,NMPR
BD_immune07_216018,aneuploid,Tumor_epithelial,NMPR
BD_immune07_153317,aneuploid,Tumor_epithelial,NMPR
BD_immune07_752582,aneuploid,Tumor_epithelial,NMPR
BD_immune07_704617,aneuploid,Tumor_epithelial,NMPR
BD_immune07_16183,aneuploid,Tumor_epithelial,NMPR
BD_immune07_695883,aneuploid,Tumor_epithelial,NMPR
BD_immune07_675106,aneuploid,Tumor_epithelial,NMPR
BD_immune07_569003,aneuploid,Tumor_epithelial,NMPR
BD_immune07_479748,aneuploid,Tumor_epithelial,NMPR
BD_immune07_713711,aneuploid,Tumor_epithelial,NMPR
BD_immune07_695333,aneuploid,Tumor_epithelial,NMPR
BD_immune07_185513,aneuploid,Tumor_epithelial,NMPR
BD_immune07_357887,aneuploid,Tumor_epithelial,NMPR
BD_immune07_628918,aneuploid,Tumor_epithelial,NMPR
BD_immune07_767205,aneuploid,Tumor_epithelial,NMPR
BD_immune07_488653,aneuploid,Tumor_epithelial,NMPR
BD_immune07_776680,aneuploid,Tumor_epithelial,NMPR
BD_immune07_299349,aneuploid,Tumor_epithelial,NMPR
BD_immune07_285191,aneuploid,Tumor_epithelial,NMPR
BD_immune07_303636,aneuploid,Tumor_epithelial,NMPR
BD_immune07_216029,aneuploid,Tumor_epithelial,NMPR
BD_immune07_786018,aneuploid,Tumor_epithelial,NMPR
BD_immune07_797583,aneuploid,Tumor_epithelial,NMPR
BD_immune07_797650,aneuploid,Tumor_epithelial,NMPR
BD_immune07_345033,aneuploid,Tumor_epithelial,NMPR
BD_immune07_565055,aneuploid,Tumor_epithelial,NMPR
BD_immune07_164542,aneuploid,Tumor_epithelial,NMPR
BD_immune07_376204,aneuploid,Tumor_epithelial,NMPR
BD_immune07_399180,aneuploid,Tumor_epithelial,NMPR
BD_immune07_280528,aneuploid,Tumor_epithelial,NMPR
BD_immune07_882844,aneuploid,Tumor_epithelial,NMPR
BD_immune07_655368,aneuploid,Tumor_epithelial,NMPR
BD_immune07_707665,aneuploid,Tumor_epithelial,NMPR
BD_immune07_804369,aneuploid,Tumor_epithelial,NMPR
BD_immune07_645069,aneuploid,Tumor_epithelial,NMPR
BD_immune07_608361,aneuploid,Tumor_epithelial,NMPR
BD_immune07_413236,aneuploid,Tumor_epithelial,NMPR
BD_immune07_874751,aneuploid,Tumor_epithelial,NMPR
BD_immune07_86044,aneuploid,Tumor_epithelial,NMPR
BD_immune07_193959,aneuploid,Tumor_epithelial,NMPR
BD_immune07_337503,aneuploid,Tumor_epithelial,NMPR
BD_immune07_350280,aneuploid,Tumor_epithelial,NMPR
BD_immune07_739282,aneuploid,Tumor_epithelial,NMPR
BD_immune07_788830,aneuploid,Tumor_epithelial,NMPR
BD_immune07_394895,aneuploid,Tumor_epithelial,NMPR
BD_immune07_55035,aneuploid,Tumor_epithelial,NMPR
BD_immune07_345794,aneuploid,Tumor_epithelial,NMPR
BD_immune07_129794,aneuploid,Tumor_epithelial,NMPR
BD_immune07_444261,aneuploid,Tumor_epithelial,NMPR
BD_immune07_714447,aneuploid,Tumor_epithelial,NMPR
BD_immune07_651983,aneuploid,Tumor_epithelial,NMPR
BD_immune07_2131,aneuploid,Tumor_epithelial,NMPR
BD_immune07_154059,aneuploid,Tumor_epithelial,NMPR
BD_immune07_308966,aneuploid,Tumor_epithelial,NMPR
BD_immune07_87988,aneuploid,Tumor_epithelial,NMPR
BD_immune07_11427,aneuploid,Tumor_epithelial,NMPR
BD_immune07_674939,aneuploid,Tumor_epithelial,NMPR
BD_immune07_76045,aneuploid,Tumor_epithelial,NMPR
BD_immune07_558289,aneuploid,Tumor_epithelial,NMPR
BD_immune07_386734,aneuploid,Tumor_epithelial,NMPR
BD_immune07_164748,aneuploid,Tumor_epithelial,NMPR
BD_immune07_130237,aneuploid,Tumor_epithelial,NMPR
BD_immune07_59018,aneuploid,Tumor_epithelial,NMPR
BD_immune07_196790,aneuploid,Tumor_epithelial,NMPR
BD_immune07_417449,aneuploid,Tumor_epithelial,NMPR
BD_immune07_402209,aneuploid,Tumor_epithelial,NMPR
BD_immune07_347709,aneuploid,Tumor_epithelial,NMPR
BD_immune07_203434,aneuploid,Tumor_epithelial,NMPR
BD_immune07_135046,aneuploid,Tumor_epithelial,NMPR
BD_immune07_593431,aneuploid,Tumor_epithelial,NMPR
BD_immune07_836762,aneuploid,Tumor_epithelial,NMPR
BD_immune07_744455,aneuploid,Tumor_epithelial,NMPR
BD_immune07_803596,aneuploid,Tumor_epithelial,NMPR
BD_immune07_150358,aneuploid,Tumor_epithelial,NMPR
BD_immune07_820730,aneuploid,Tumor_epithelial,NMPR
BD_immune07_582205,aneuploid,Tumor_epithelial,NMPR
BD_immune07_150572,aneuploid,Tumor_epithelial,NMPR
BD_immune07_50018,aneuploid,Tumor_epithelial,NMPR
BD_immune07_277797,aneuploid,Tumor_epithelial,NMPR
BD_immune07_626917,aneuploid,Tumor_epithelial,NMPR
BD_immune07_801890,aneuploid,Tumor_epithelial,NMPR
BD_immune07_880299,aneuploid,Tumor_epithelial,NMPR
BD_immune07_747310,aneuploid,Tumor_epithelial,NMPR
BD_immune07_233026,aneuploid,Tumor_epithelial,NMPR
BD_immune07_439971,aneuploid,Tumor_epithelial,NMPR
BD_immune07_836227,aneuploid,Tumor_epithelial,NMPR
BD_immune07_421540,aneuploid,Tumor_epithelial,NMPR
BD_immune07_638262,aneuploid,Tumor_epithelial,NMPR
BD_immune07_566309,aneuploid,Tumor_epithelial,NMPR
BD_immune07_411380,aneuploid,Tumor_epithelial,NMPR
BD_immune07_555868,aneuploid,Tumor_epithelial,NMPR
BD_immune07_464576,aneuploid,Tumor_epithelial,NMPR
BD_immune07_237401,aneuploid,Tumor_epithelial,NMPR
BD_immune07_353249,aneuploid,Tumor_epithelial,NMPR
BD_immune07_193914,aneuploid,Tumor_epithelial,NMPR
BD_immune07_344025,aneuploid,Tumor_epithelial,NMPR
BD_immune07_215061,aneuploid,Tumor_epithelial,NMPR
BD_immune07_777233,aneuploid,Tumor_epithelial,NMPR
BD_immune07_447300,aneuploid,Tumor_epithelial,NMPR
BD_immune07_443490,aneuploid,Tumor_epithelial,NMPR
BD_immune07_731275,aneuploid,Tumor_epithelial,NMPR
BD_immune07_787026,aneuploid,Tumor_epithelial,NMPR
BD_immune07_795706,aneuploid,Tumor_epithelial,NMPR
BD_immune07_45815,aneuploid,Tumor_epithelial,NMPR
BD_immune07_316781,aneuploid,Tumor_epithelial,NMPR
BD_immune07_476932,aneuploid,Tumor_epithelial,NMPR
BD_immune07_559041,aneuploid,Tumor_epithelial,NMPR
BD_immune07_99858,aneuploid,Tumor_epithelial,NMPR
BD_immune07_615541,aneuploid,Tumor_epithelial,NMPR
BD_immune07_638576,aneuploid,Tumor_epithelial,NMPR
BD_immune07_154357,aneuploid,Tumor_epithelial,NMPR
BD_immune07_343216,aneuploid,Tumor_epithelial,NMPR
BD_immune07_572778,aneuploid,Tumor_epithelial,NMPR
BD_immune07_400034,aneuploid,Tumor_epithelial,NMPR
BD_immune07_108678,aneuploid,Tumor_epithelial,NMPR
BD_immune07_210169,aneuploid,Tumor_epithelial,NMPR
BD_immune07_445025,aneuploid,Tumor_epithelial,NMPR
BD_immune07_811107,aneuploid,Tumor_epithelial,NMPR
BD_immune07_647405,aneuploid,Tumor_epithelial,NMPR
BD_immune07_765262,aneuploid,Tumor_epithelial,NMPR
BD_immune07_761842,aneuploid,Tumor_epithelial,NMPR
BD_immune07_221943,aneuploid,Tumor_epithelial,NMPR
BD_immune07_513837,aneuploid,Tumor_epithelial,NMPR
BD_immune07_325786,aneuploid,Tumor_epithelial,NMPR
BD_immune07_696274,aneuploid,Tumor_epithelial,NMPR
BD_immune07_620276,aneuploid,Tumor_epithelial,NMPR
BD_immune07_362117,aneuploid,Tumor_epithelial,NMPR
BD_immune07_468617,aneuploid,Tumor_epithelial,NMPR
BD_immune07_625305,aneuploid,Tumor_epithelial,NMPR
BD_immune07_467791,aneuploid,Tumor_epithelial,NMPR
BD_immune07_543316,aneuploid,Tumor_epithelial,NMPR
BD_immune07_713337,aneuploid,Tumor_epithelial,NMPR
BD_immune07_373277,aneuploid,Tumor_epithelial,NMPR
BD_immune07_332582,aneuploid,Tumor_epithelial,NMPR
BD_immune07_153947,aneuploid,Tumor_epithelial,NMPR
BD_immune07_811122,aneuploid,Tumor_epithelial,NMPR
BD_immune07_162958,aneuploid,Tumor_epithelial,NMPR
BD_immune07_435115,aneuploid,Tumor_epithelial,NMPR
BD_immune07_123324,aneuploid,Tumor_epithelial,NMPR
BD_immune07_54767,aneuploid,Tumor_epithelial,NMPR
BD_immune07_598647,aneuploid,Tumor_epithelial,NMPR
BD_immune07_457848,aneuploid,Tumor_epithelial,NMPR
BD_immune07_451997,aneuploid,Tumor_epithelial,NMPR
BD_immune07_271267,aneuploid,Tumor_epithelial,NMPR
BD_immune07_556178,aneuploid,Tumor_epithelial,NMPR
BD_immune07_420959,aneuploid,Tumor_epithelial,NMPR
BD_immune07_65088,aneuploid,Tumor_epithelial,NMPR
BD_immune07_738825,aneuploid,Tumor_epithelial,NMPR
BD_immune07_245012,aneuploid,Tumor_epithelial,NMPR
BD_immune07_242287,aneuploid,Tumor_epithelial,NMPR
BD_immune07_444904,aneuploid,Tumor_epithelial,NMPR
BD_immune07_439566,aneuploid,Tumor_epithelial,NMPR
BD_immune07_102979,aneuploid,Tumor_epithelial,NMPR
BD_immune07_871092,aneuploid,Tumor_epithelial,NMPR
BD_immune07_76030,aneuploid,Tumor_epithelial,NMPR
BD_immune07_813973,aneuploid,Tumor_epithelial,NMPR
BD_immune07_432766,aneuploid,Tumor_epithelial,NMPR
BD_immune07_256662,aneuploid,Tumor_epithelial,NMPR
BD_immune07_335914,aneuploid,Tumor_epithelial,NMPR
BD_immune07_295294,aneuploid,Tumor_epithelial,NMPR
BD_immune07_512491,aneuploid,Tumor_epithelial,NMPR
BD_immune07_831079,aneuploid,Tumor_epithelial,NMPR
BD_immune07_447792,aneuploid,Tumor_epithelial,NMPR
BD_immune07_220456,aneuploid,Tumor_epithelial,NMPR
BD_immune07_405773,aneuploid,Tumor_epithelial,NMPR
BD_immune07_554188,aneuploid,Tumor_epithelial,NMPR
BD_immune07_207880,aneuploid,Tumor_epithelial,NMPR
BD_immune07_98135,aneuploid,Tumor_epithelial,NMPR
BD_immune07_702191,aneuploid,Tumor_epithelial,NMPR
BD_immune07_60783,aneuploid,Tumor_epithelial,NMPR
BD_immune07_586229,aneuploid,Tumor_epithelial,NMPR
BD_immune07_412996,aneuploid,Tumor_epithelial,NMPR
BD_immune07_98428,aneuploid,Tumor_epithelial,NMPR
BD_immune07_408272,aneuploid,Tumor_epithelial,NMPR
BD_immune07_195404,aneuploid,Tumor_epithelial,NMPR
BD_immune07_451614,aneuploid,Tumor_epithelial,NMPR
BD_immune07_837862,aneuploid,Tumor_epithelial,NMPR
BD_immune07_764888,aneuploid,Tumor_epithelial,NMPR
BD_immune07_157058,aneuploid,Tumor_epithelial,NMPR
BD_immune07_703686,aneuploid,Tumor_epithelial,NMPR
BD_immune07_146820,aneuploid,Tumor_epithelial,NMPR
BD_immune07_718628,aneuploid,Tumor_epithelial,NMPR
BD_immune07_422189,aneuploid,Tumor_epithelial,NMPR
BD_immune07_678631,aneuploid,Tumor_epithelial,NMPR
BD_immune07_464852,aneuploid,Tumor_epithelial,NMPR
BD_immune07_782437,aneuploid,Tumor_epithelial,NMPR
BD_immune07_598252,aneuploid,Tumor_epithelial,NMPR
BD_immune07_582626,aneuploid,Tumor_epithelial,NMPR
BD_immune07_586862,aneuploid,Tumor_epithelial,NMPR
BD_immune07_646253,aneuploid,Tumor_epithelial,NMPR
BD_immune07_529118,aneuploid,Tumor_epithelial,NMPR
BD_immune07_234415,aneuploid,Tumor_epithelial,NMPR
BD_immune07_147664,aneuploid,Tumor_epithelial,NMPR
BD_immune07_133442,aneuploid,Tumor_epithelial,NMPR
BD_immune07_742955,aneuploid,Tumor_epithelial,NMPR
BD_immune07_461196,aneuploid,Tumor_epithelial,NMPR
BD_immune07_133563,aneuploid,Tumor_epithelial,NMPR
BD_immune07_92226,aneuploid,Tumor_epithelial,NMPR
BD_immune07_660884,aneuploid,Tumor_epithelial,NMPR
BD_immune07_82561,aneuploid,Tumor_epithelial,NMPR
BD_immune07_679917,aneuploid,Tumor_epithelial,NMPR
BD_immune07_725246,aneuploid,Tumor_epithelial,NMPR
BD_immune07_774008,aneuploid,Tumor_epithelial,NMPR
BD_immune07_119807,aneuploid,Tumor_epithelial,NMPR
BD_immune07_341421,aneuploid,Tumor_epithelial,NMPR
BD_immune07_195258,aneuploid,Tumor_epithelial,NMPR
BD_immune07_618173,aneuploid,Tumor_epithelial,NMPR
BD_immune07_251854,aneuploid,Tumor_epithelial,NMPR
BD_immune07_335046,aneuploid,Tumor_epithelial,NMPR
BD_immune07_666190,aneuploid,Tumor_epithelial,NMPR
BD_immune07_11835,aneuploid,Tumor_epithelial,NMPR
BD_immune07_334485,aneuploid,Tumor_epithelial,NMPR
BD_immune07_14814,aneuploid,Tumor_epithelial,NMPR
BD_immune07_277166,aneuploid,Tumor_epithelial,NMPR
BD_immune07_270115,aneuploid,Tumor_epithelial,NMPR
BD_immune07_62570,aneuploid,Tumor_epithelial,NMPR
BD_immune07_111367,aneuploid,Tumor_epithelial,NMPR
BD_immune07_538279,aneuploid,Tumor_epithelial,NMPR
BD_immune07_558678,aneuploid,Tumor_epithelial,NMPR
BD_immune07_291614,aneuploid,Tumor_epithelial,NMPR
BD_immune07_229329,aneuploid,Tumor_epithelial,NMPR
BD_immune07_576809,aneuploid,Tumor_epithelial,NMPR
BD_immune07_333810,aneuploid,Tumor_epithelial,NMPR
BD_immune07_200771,aneuploid,Tumor_epithelial,NMPR
BD_immune07_15089,aneuploid,Tumor_epithelial,NMPR
BD_immune07_754759,aneuploid,Tumor_epithelial,NMPR
BD_immune07_332716,aneuploid,Tumor_epithelial,NMPR
BD_immune07_153812,aneuploid,Tumor_epithelial,NMPR
BD_immune07_64302,aneuploid,Tumor_epithelial,NMPR
BD_immune07_841645,aneuploid,Tumor_epithelial,NMPR
BD_immune07_575953,aneuploid,Tumor_epithelial,NMPR
BD_immune07_63383,aneuploid,Tumor_epithelial,NMPR
BD_immune07_883729,aneuploid,Tumor_epithelial,NMPR
BD_immune07_794581,aneuploid,Tumor_epithelial,NMPR
BD_immune07_448832,aneuploid,Tumor_epithelial,NMPR
BD_immune07_235188,aneuploid,Tumor_epithelial,NMPR
BD_immune07_394565,aneuploid,Tumor_epithelial,NMPR
BD_immune07_819204,aneuploid,Tumor_epithelial,NMPR
BD_immune07_556280,aneuploid,Tumor_epithelial,NMPR
BD_immune07_392266,aneuploid,Tumor_epithelial,NMPR
BD_immune07_539232,aneuploid,Tumor_epithelial,NMPR
BD_immune07_741664,aneuploid,Tumor_epithelial,NMPR
BD_immune07_824534,aneuploid,Tumor_epithelial,NMPR
BD_immune07_802227,aneuploid,Tumor_epithelial,NMPR
BD_immune07_647774,aneuploid,Tumor_epithelial,NMPR
BD_immune07_557365,aneuploid,Tumor_epithelial,NMPR
BD_immune07_87819,aneuploid,Tumor_epithelial,NMPR
BD_immune07_144924,aneuploid,Tumor_epithelial,NMPR
BD_immune07_582806,aneuploid,Tumor_epithelial,NMPR
BD_immune07_238598,aneuploid,Tumor_epithelial,NMPR
BD_immune07_434357,aneuploid,Tumor_epithelial,NMPR
BD_immune07_576080,aneuploid,Tumor_epithelial,NMPR
BD_immune07_374924,aneuploid,Tumor_epithelial,NMPR
BD_immune07_651373,aneuploid,Tumor_epithelial,NMPR
BD_immune07_218962,aneuploid,Tumor_epithelial,NMPR
BD_immune07_51530,aneuploid,Tumor_epithelial,NMPR
BD_immune07_341667,aneuploid,Tumor_epithelial,NMPR
BD_immune07_230921,aneuploid,Tumor_epithelial,NMPR
BD_immune07_533239,aneuploid,Tumor_epithelial,NMPR
BD_immune07_336543,aneuploid,Tumor_epithelial,NMPR
BD_immune07_551261,aneuploid,Tumor_epithelial,NMPR
BD_immune07_352609,aneuploid,Tumor_epithelial,NMPR
BD_immune07_202315,aneuploid,Tumor_epithelial,NMPR
BD_immune07_391025,aneuploid,Tumor_epithelial,NMPR
BD_immune07_466668,aneuploid,Tumor_epithelial,NMPR
BD_immune07_442704,aneuploid,Tumor_epithelial,NMPR
BD_immune07_551670,aneuploid,Tumor_epithelial,NMPR
BD_immune07_415736,aneuploid,Tumor_epithelial,NMPR
BD_immune07_863096,aneuploid,Tumor_epithelial,NMPR
BD_immune07_669459,aneuploid,Tumor_epithelial,NMPR
BD_immune07_457911,aneuploid,Tumor_epithelial,NMPR
BD_immune07_303680,aneuploid,Tumor_epithelial,NMPR
BD_immune07_861256,aneuploid,Tumor_epithelial,NMPR
BD_immune07_348860,aneuploid,Tumor_epithelial,NMPR
BD_immune07_309956,aneuploid,Tumor_epithelial,NMPR
BD_immune07_338778,aneuploid,Tumor_epithelial,NMPR
BD_immune07_734272,aneuploid,Tumor_epithelial,NMPR
BD_immune07_262255,aneuploid,Tumor_epithelial,NMPR
BD_immune07_80925,aneuploid,Tumor_epithelial,NMPR
BD_immune07_766530,aneuploid,Tumor_epithelial,NMPR
BD_immune07_543994,aneuploid,Tumor_epithelial,NMPR
BD_immune07_21072,aneuploid,Tumor_epithelial,NMPR
BD_immune07_541345,aneuploid,Tumor_epithelial,NMPR
BD_immune07_880557,aneuploid,Tumor_epithelial,NMPR
BD_immune07_432629,aneuploid,Tumor_epithelial,NMPR
BD_immune07_532158,aneuploid,Tumor_epithelial,NMPR
BD_immune07_806935,aneuploid,Tumor_epithelial,NMPR
BD_immune07_160437,aneuploid,Tumor_epithelial,NMPR
BD_immune07_298188,aneuploid,Tumor_epithelial,NMPR
BD_immune07_113365,aneuploid,Tumor_epithelial,NMPR
BD_immune07_38585,aneuploid,Tumor_epithelial,NMPR
BD_immune07_883015,aneuploid,Tumor_epithelial,NMPR
BD_immune07_411273,aneuploid,Tumor_epithelial,NMPR
BD_immune07_318045,aneuploid,Tumor_epithelial,NMPR
BD_immune07_251894,aneuploid,Tumor_epithelial,NMPR
BD_immune07_582878,aneuploid,Tumor_epithelial,NMPR
BD_immune07_633473,aneuploid,Tumor_epithelial,NMPR
BD_immune07_229735,aneuploid,Tumor_epithelial,NMPR
BD_immune07_554624,aneuploid,Tumor_epithelial,NMPR
BD_immune07_800767,aneuploid,Tumor_epithelial,NMPR
BD_immune07_599833,aneuploid,Tumor_epithelial,NMPR
BD_immune07_538228,aneuploid,Tumor_epithelial,NMPR
BD_immune07_52543,aneuploid,Tumor_epithelial,NMPR
BD_immune07_581921,aneuploid,Tumor_epithelial,NMPR
BD_immune07_556777,aneuploid,Tumor_epithelial,NMPR
BD_immune07_557901,aneuploid,Tumor_epithelial,NMPR
BD_immune07_306798,aneuploid,Tumor_epithelial,NMPR
BD_immune07_548120,aneuploid,Tumor_epithelial,NMPR
BD_immune07_656452,aneuploid,Tumor_epithelial,NMPR
BD_immune07_363672,aneuploid,Tumor_epithelial,NMPR
BD_immune07_805892,aneuploid,Tumor_epithelial,NMPR
BD_immune07_244816,aneuploid,Tumor_epithelial,NMPR
BD_immune07_226882,aneuploid,Tumor_epithelial,NMPR
BD_immune07_330902,aneuploid,Tumor_epithelial,NMPR
BD_immune07_80632,aneuploid,Tumor_epithelial,NMPR
BD_immune07_451795,aneuploid,Tumor_epithelial,NMPR
BD_immune07_158697,aneuploid,Tumor_epithelial,NMPR
BD_immune07_115446,aneuploid,Tumor_epithelial,NMPR
BD_immune07_449339,aneuploid,Tumor_epithelial,NMPR
BD_immune07_49059,aneuploid,Tumor_epithelial,NMPR
BD_immune07_650501,aneuploid,Tumor_epithelial,NMPR
BD_immune07_159914,aneuploid,Tumor_epithelial,NMPR
BD_immune07_470334,aneuploid,Tumor_epithelial,NMPR
BD_immune07_300443,aneuploid,Tumor_epithelial,NMPR
BD_immune07_279971,aneuploid,Tumor_epithelial,NMPR
BD_immune07_850933,aneuploid,Tumor_epithelial,NMPR
BD_immune07_533611,aneuploid,Tumor_epithelial,NMPR
BD_immune07_451941,aneuploid,Tumor_epithelial,NMPR
BD_immune07_805842,aneuploid,Tumor_epithelial,NMPR
BD_immune07_228725,aneuploid,Tumor_epithelial,NMPR
BD_immune07_677206,aneuploid,Tumor_epithelial,NMPR
BD_immune07_820268,aneuploid,Tumor_epithelial,NMPR
BD_immune07_232348,aneuploid,Tumor_epithelial,NMPR
BD_immune07_724574,aneuploid,Tumor_epithelial,NMPR
BD_immune07_206185,aneuploid,Tumor_epithelial,NMPR
BD_immune07_14423,aneuploid,Tumor_epithelial,NMPR
BD_immune07_570354,aneuploid,Tumor_epithelial,NMPR
BD_immune07_39578,aneuploid,Tumor_epithelial,NMPR
BD_immune07_283483,aneuploid,Tumor_epithelial,NMPR
BD_immune07_309038,aneuploid,Tumor_epithelial,NMPR
BD_immune07_178787,aneuploid,Tumor_epithelial,NMPR
BD_immune07_643377,aneuploid,Tumor_epithelial,NMPR
BD_immune07_602219,aneuploid,Tumor_epithelial,NMPR
BD_immune07_498777,aneuploid,Tumor_epithelial,NMPR
BD_immune07_428675,aneuploid,Tumor_epithelial,NMPR
BD_immune07_591743,aneuploid,Tumor_epithelial,NMPR
BD_immune07_688816,aneuploid,Tumor_epithelial,NMPR
BD_immune07_611578,aneuploid,Tumor_epithelial,NMPR
BD_immune07_316011,aneuploid,Tumor_epithelial,NMPR
BD_immune07_531173,aneuploid,Tumor_epithelial,NMPR
BD_immune07_823650,aneuploid,Tumor_epithelial,NMPR
BD_immune07_337482,aneuploid,Tumor_epithelial,NMPR
BD_immune07_70593,aneuploid,Tumor_epithelial,NMPR
BD_immune07_327485,aneuploid,Tumor_epithelial,NMPR
BD_immune07_5286,aneuploid,Tumor_epithelial,NMPR
BD_immune07_883949,aneuploid,Tumor_epithelial,NMPR
BD_immune07_400410,aneuploid,Tumor_epithelial,NMPR
BD_immune07_195107,aneuploid,Tumor_epithelial,NMPR
BD_immune07_756061,aneuploid,Tumor_epithelial,NMPR
BD_immune07_145488,aneuploid,Tumor_epithelial,NMPR
BD_immune07_280867,aneuploid,Tumor_epithelial,NMPR
BD_immune07_428032,aneuploid,Tumor_epithelial,NMPR
BD_immune07_634285,aneuploid,Tumor_epithelial,NMPR
BD_immune07_419657,aneuploid,Tumor_epithelial,NMPR
BD_immune07_71419,aneuploid,Tumor_epithelial,NMPR
BD_immune07_43100,aneuploid,Tumor_epithelial,NMPR
BD_immune07_837243,aneuploid,Tumor_epithelial,NMPR
BD_immune07_367467,aneuploid,Tumor_epithelial,NMPR
BD_immune07_272054,aneuploid,Tumor_epithelial,NMPR
BD_immune07_735735,aneuploid,Tumor_epithelial,NMPR
BD_immune07_297640,aneuploid,Tumor_epithelial,NMPR
BD_immune07_71372,aneuploid,Tumor_epithelial,NMPR
BD_immune07_167556,aneuploid,Tumor_epithelial,NMPR
BD_immune07_835409,aneuploid,Tumor_epithelial,NMPR
BD_immune07_393074,aneuploid,Tumor_epithelial,NMPR
BD_immune07_151148,aneuploid,Tumor_epithelial,NMPR
BD_immune07_145918,aneuploid,Tumor_epithelial,NMPR
BD_immune07_31486,aneuploid,Tumor_epithelial,NMPR
BD_immune07_312984,aneuploid,Tumor_epithelial,NMPR
BD_immune07_297053,aneuploid,Tumor_epithelial,NMPR
BD_immune07_186181,aneuploid,Tumor_epithelial,NMPR
BD_immune07_539390,aneuploid,Tumor_epithelial,NMPR
BD_immune07_9157,aneuploid,Tumor_epithelial,NMPR
BD_immune07_152888,aneuploid,Tumor_epithelial,NMPR
BD_immune07_530846,aneuploid,Tumor_epithelial,NMPR
BD_immune07_257007,aneuploid,Tumor_epithelial,NMPR
BD_immune07_726672,aneuploid,Tumor_epithelial,NMPR
BD_immune07_364460,aneuploid,Tumor_epithelial,NMPR
BD_immune07_452053,aneuploid,Tumor_epithelial,NMPR
BD_immune07_700642,aneuploid,Tumor_epithelial,NMPR
BD_immune07_402561,aneuploid,Tumor_epithelial,NMPR
BD_immune07_571623,aneuploid,Tumor_epithelial,NMPR
BD_immune07_782360,aneuploid,Tumor_epithelial,NMPR
BD_immune07_352131,aneuploid,Tumor_epithelial,NMPR
BD_immune07_855967,aneuploid,Tumor_epithelial,NMPR
BD_immune07_849288,aneuploid,Tumor_epithelial,NMPR
BD_immune07_406175,aneuploid,Tumor_epithelial,NMPR
BD_immune07_582026,aneuploid,Tumor_epithelial,NMPR
BD_immune07_195778,aneuploid,Tumor_epithelial,NMPR
BD_immune07_749235,aneuploid,Tumor_epithelial,NMPR
BD_immune07_62331,aneuploid,Tumor_epithelial,NMPR
BD_immune07_590129,aneuploid,Tumor_epithelial,NMPR
BD_immune07_674609,aneuploid,Tumor_epithelial,NMPR
BD_immune07_738615,aneuploid,Tumor_epithelial,NMPR
BD_immune07_349251,aneuploid,Tumor_epithelial,NMPR
BD_immune07_572732,aneuploid,Tumor_epithelial,NMPR
BD_immune07_498697,aneuploid,Tumor_epithelial,NMPR
BD_immune07_861487,aneuploid,Tumor_epithelial,NMPR
BD_immune07_307955,aneuploid,Tumor_epithelial,NMPR
BD_immune07_781849,aneuploid,Tumor_epithelial,NMPR
BD_immune07_502165,aneuploid,Tumor_epithelial,NMPR
BD_immune07_380094,aneuploid,Tumor_epithelial,NMPR
BD_immune07_881228,aneuploid,Tumor_epithelial,NMPR
BD_immune07_127084,aneuploid,Tumor_epithelial,NMPR
BD_immune07_28927,aneuploid,Tumor_epithelial,NMPR
BD_immune07_139278,aneuploid,Tumor_epithelial,NMPR
BD_immune07_79628,aneuploid,Tumor_epithelial,NMPR
BD_immune07_499269,aneuploid,Tumor_epithelial,NMPR
BD_immune07_161114,aneuploid,Tumor_epithelial,NMPR
BD_immune07_291910,aneuploid,Tumor_epithelial,NMPR
BD_immune07_427765,aneuploid,Tumor_epithelial,NMPR
BD_immune07_736233,aneuploid,Tumor_epithelial,NMPR
BD_immune07_534306,aneuploid,Tumor_epithelial,NMPR
BD_immune07_179473,aneuploid,Tumor_epithelial,NMPR
BD_immune07_571119,aneuploid,Tumor_epithelial,NMPR
BD_immune07_240368,aneuploid,Tumor_epithelial,NMPR
BD_immune07_590442,aneuploid,Tumor_epithelial,NMPR
BD_immune07_166739,aneuploid,Tumor_epithelial,NMPR
BD_immune07_384564,aneuploid,Tumor_epithelial,NMPR
BD_immune07_622397,aneuploid,Tumor_epithelial,NMPR
BD_immune07_2558,aneuploid,Tumor_epithelial,NMPR
BD_immune07_460248,aneuploid,Tumor_epithelial,NMPR
BD_immune07_579145,aneuploid,Tumor_epithelial,NMPR
BD_immune07_397972,aneuploid,Tumor_epithelial,NMPR
BD_immune07_146715,aneuploid,Tumor_epithelial,NMPR
BD_immune07_614153,aneuploid,Tumor_epithelial,NMPR
BD_immune07_478344,aneuploid,Tumor_epithelial,NMPR
BD_immune07_566425,aneuploid,Tumor_epithelial,NMPR
BD_immune07_18119,aneuploid,Tumor_epithelial,NMPR
BD_immune07_771010,aneuploid,Tumor_epithelial,NMPR
BD_immune07_296833,aneuploid,Tumor_epithelial,NMPR
BD_immune07_396197,aneuploid,Tumor_epithelial,NMPR
BD_immune07_863812,aneuploid,Tumor_epithelial,NMPR
BD_immune07_55758,aneuploid,Tumor_epithelial,NMPR
BD_immune07_827315,aneuploid,Tumor_epithelial,NMPR
BD_immune07_527920,aneuploid,Tumor_epithelial,NMPR
BD_immune07_253038,aneuploid,Tumor_epithelial,NMPR
BD_immune07_718540,aneuploid,Tumor_epithelial,NMPR
BD_immune07_671170,aneuploid,Tumor_epithelial,NMPR
BD_immune07_496303,aneuploid,Tumor_epithelial,NMPR
BD_immune07_62805,aneuploid,Tumor_epithelial,NMPR
BD_immune07_534516,aneuploid,Tumor_epithelial,NMPR
BD_immune07_677944,aneuploid,Tumor_epithelial,NMPR
BD_immune07_55422,aneuploid,Tumor_epithelial,NMPR
BD_immune07_657485,aneuploid,Tumor_epithelial,NMPR
BD_immune07_533919,aneuploid,Tumor_epithelial,NMPR
BD_immune07_331223,aneuploid,Tumor_epithelial,NMPR
BD_immune07_150379,aneuploid,Tumor_epithelial,NMPR
BD_immune07_47662,aneuploid,Tumor_epithelial,NMPR
BD_immune07_394793,aneuploid,Tumor_epithelial,NMPR
BD_immune07_779900,aneuploid,Tumor_epithelial,NMPR
BD_immune07_844317,aneuploid,Tumor_epithelial,NMPR
BD_immune07_135700,aneuploid,Tumor_epithelial,NMPR
BD_immune07_851020,aneuploid,Tumor_epithelial,NMPR
BD_immune07_359382,aneuploid,Tumor_epithelial,NMPR
BD_immune07_576163,aneuploid,Tumor_epithelial,NMPR
BD_immune07_333277,aneuploid,Tumor_epithelial,NMPR
BD_immune07_449013,aneuploid,Tumor_epithelial,NMPR
BD_immune07_118394,aneuploid,Tumor_epithelial,NMPR
BD_immune07_646091,aneuploid,Tumor_epithelial,NMPR
BD_immune07_513227,aneuploid,Tumor_epithelial,NMPR
BD_immune07_317885,aneuploid,Tumor_epithelial,NMPR
BD_immune07_349491,aneuploid,Tumor_epithelial,NMPR
BD_immune07_360256,aneuploid,Tumor_epithelial,NMPR
BD_immune07_578902,aneuploid,Tumor_epithelial,NMPR
BD_immune07_156312,aneuploid,Tumor_epithelial,NMPR
BD_immune07_640756,aneuploid,Tumor_epithelial,NMPR
BD_immune07_328515,aneuploid,Tumor_epithelial,NMPR
BD_immune07_679010,aneuploid,Tumor_epithelial,NMPR
BD_immune07_88408,aneuploid,Tumor_epithelial,NMPR
BD_immune07_375281,aneuploid,Tumor_epithelial,NMPR
BD_immune07_504572,aneuploid,Tumor_epithelial,NMPR
BD_immune07_158909,aneuploid,Tumor_epithelial,NMPR
BD_immune07_344683,aneuploid,Tumor_epithelial,NMPR
BD_immune07_304651,aneuploid,Tumor_epithelial,NMPR
BD_immune07_486751,aneuploid,Tumor_epithelial,NMPR
BD_immune07_249021,aneuploid,Tumor_epithelial,NMPR
BD_immune07_756687,aneuploid,Tumor_epithelial,NMPR
BD_immune07_231900,aneuploid,Tumor_epithelial,NMPR
BD_immune07_850251,aneuploid,Tumor_epithelial,NMPR
BD_immune07_563837,aneuploid,Tumor_epithelial,NMPR
BD_immune07_494959,aneuploid,Tumor_epithelial,NMPR
BD_immune07_258788,aneuploid,Tumor_epithelial,NMPR
BD_immune07_601311,aneuploid,Tumor_epithelial,NMPR
BD_immune07_62263,aneuploid,Tumor_epithelial,NMPR
BD_immune07_330305,aneuploid,Tumor_epithelial,NMPR
BD_immune07_449683,aneuploid,Tumor_epithelial,NMPR
BD_immune07_801211,aneuploid,Tumor_epithelial,NMPR
BD_immune07_753128,aneuploid,Tumor_epithelial,NMPR
BD_immune07_149108,aneuploid,Tumor_epithelial,NMPR
BD_immune07_366706,aneuploid,Tumor_epithelial,NMPR
BD_immune07_647618,aneuploid,Tumor_epithelial,NMPR
BD_immune07_734943,aneuploid,Tumor_epithelial,NMPR
BD_immune07_684993,aneuploid,Tumor_epithelial,NMPR
BD_immune07_522926,aneuploid,Tumor_epithelial,NMPR
BD_immune07_580376,aneuploid,Tumor_epithelial,NMPR
BD_immune07_790,aneuploid,Tumor_epithelial,NMPR
BD_immune07_720833,aneuploid,Tumor_epithelial,NMPR
BD_immune07_550446,aneuploid,Tumor_epithelial,NMPR
BD_immune07_562901,aneuploid,Tumor_epithelial,NMPR
BD_immune07_130045,aneuploid,Tumor_epithelial,NMPR
BD_immune07_488851,aneuploid,Tumor_epithelial,NMPR
BD_immune07_440092,aneuploid,Tumor_epithelial,NMPR
BD_immune07_753859,aneuploid,Tumor_epithelial,NMPR
BD_immune07_71451,aneuploid,Tumor_epithelial,NMPR
BD_immune07_749167,aneuploid,Tumor_epithelial,NMPR
BD_immune07_179539,aneuploid,Tumor_epithelial,NMPR
BD_immune07_50720,aneuploid,Tumor_epithelial,NMPR
BD_immune07_513440,aneuploid,Tumor_epithelial,NMPR
BD_immune07_91211,aneuploid,Tumor_epithelial,NMPR
BD_immune07_838615,aneuploid,Tumor_epithelial,NMPR
BD_immune07_705954,aneuploid,Tumor_epithelial,NMPR
BD_immune07_844615,aneuploid,Tumor_epithelial,NMPR
BD_immune07_102992,aneuploid,Tumor_epithelial,NMPR
BD_immune07_94743,aneuploid,Tumor_epithelial,NMPR
BD_immune07_662753,aneuploid,Tumor_epithelial,NMPR
BD_immune07_809183,aneuploid,Tumor_epithelial,NMPR
BD_immune07_407970,aneuploid,Tumor_epithelial,NMPR
BD_immune07_774324,aneuploid,Tumor_epithelial,NMPR
BD_immune07_850111,aneuploid,Tumor_epithelial,NMPR
BD_immune07_165520,aneuploid,Tumor_epithelial,NMPR
BD_immune07_717176,aneuploid,Tumor_epithelial,NMPR
BD_immune07_594849,aneuploid,Tumor_epithelial,NMPR
BD_immune07_273377,aneuploid,Tumor_epithelial,NMPR
BD_immune07_332500,aneuploid,Tumor_epithelial,NMPR
BD_immune07_399715,aneuploid,Tumor_epithelial,NMPR
BD_immune07_620619,aneuploid,Tumor_epithelial,NMPR
BD_immune07_492817,aneuploid,Tumor_epithelial,NMPR
BD_immune07_826630,aneuploid,Tumor_epithelial,NMPR
BD_immune07_125613,aneuploid,Tumor_epithelial,NMPR
BD_immune07_436691,aneuploid,Tumor_epithelial,NMPR
BD_immune07_254287,aneuploid,Tumor_epithelial,NMPR
BD_immune07_824971,aneuploid,Tumor_epithelial,NMPR
BD_immune07_207468,aneuploid,Tumor_epithelial,NMPR
BD_immune07_432918,aneuploid,Tumor_epithelial,NMPR
BD_immune07_442210,aneuploid,Tumor_epithelial,NMPR
BD_immune07_755404,aneuploid,Tumor_epithelial,NMPR
BD_immune07_222189,aneuploid,Tumor_epithelial,NMPR
BD_immune07_751250,aneuploid,Tumor_epithelial,NMPR
BD_immune07_446863,aneuploid,Tumor_epithelial,NMPR
BD_immune07_92499,aneuploid,Tumor_epithelial,NMPR
BD_immune07_309120,aneuploid,Tumor_epithelial,NMPR
BD_immune07_240517,aneuploid,Tumor_epithelial,NMPR
BD_immune07_161633,aneuploid,Tumor_epithelial,NMPR
BD_immune07_555407,aneuploid,Tumor_epithelial,NMPR
BD_immune07_835718,aneuploid,Tumor_epithelial,NMPR
BD_immune07_76926,aneuploid,Tumor_epithelial,NMPR
BD_immune07_841108,aneuploid,Tumor_epithelial,NMPR
BD_immune07_417163,aneuploid,Tumor_epithelial,NMPR
BD_immune07_227397,aneuploid,Tumor_epithelial,NMPR
BD_immune07_429447,aneuploid,Tumor_epithelial,NMPR
BD_immune07_675341,aneuploid,Tumor_epithelial,NMPR
BD_immune07_512703,aneuploid,Tumor_epithelial,NMPR
BD_immune07_880103,aneuploid,Tumor_epithelial,NMPR
BD_immune07_456055,aneuploid,Tumor_epithelial,NMPR
BD_immune07_572483,aneuploid,Tumor_epithelial,NMPR
BD_immune07_638301,aneuploid,Tumor_epithelial,NMPR
BD_immune07_725720,aneuploid,Tumor_epithelial,NMPR
BD_immune07_614111,aneuploid,Tumor_epithelial,NMPR
BD_immune07_501642,aneuploid,Tumor_epithelial,NMPR
BD_immune07_610640,aneuploid,Tumor_epithelial,NMPR
BD_immune07_745076,aneuploid,Tumor_epithelial,NMPR
BD_immune07_724806,aneuploid,Tumor_epithelial,NMPR
BD_immune07_161519,aneuploid,Tumor_epithelial,NMPR
BD_immune07_551896,aneuploid,Tumor_epithelial,NMPR
BD_immune07_785771,aneuploid,Tumor_epithelial,NMPR
BD_immune07_460679,aneuploid,Tumor_epithelial,NMPR
BD_immune07_418516,aneuploid,Tumor_epithelial,NMPR
BD_immune07_186593,aneuploid,Tumor_epithelial,NMPR
BD_immune07_74677,aneuploid,Tumor_epithelial,NMPR
BD_immune07_508050,aneuploid,Tumor_epithelial,NMPR
BD_immune07_715355,aneuploid,Tumor_epithelial,NMPR
BD_immune07_89813,aneuploid,Tumor_epithelial,NMPR
BD_immune07_292312,aneuploid,Tumor_epithelial,NMPR
BD_immune07_74963,aneuploid,Tumor_epithelial,NMPR
BD_immune07_485035,aneuploid,Tumor_epithelial,NMPR
BD_immune07_335628,aneuploid,Tumor_epithelial,NMPR
BD_immune07_807215,aneuploid,Tumor_epithelial,NMPR
BD_immune07_197614,aneuploid,Tumor_epithelial,NMPR
BD_immune07_50291,aneuploid,Tumor_epithelial,NMPR
BD_immune07_706120,aneuploid,Tumor_epithelial,NMPR
BD_immune07_90923,aneuploid,Tumor_epithelial,NMPR
BD_immune07_812464,aneuploid,Tumor_epithelial,NMPR
BD_immune07_535671,aneuploid,Tumor_epithelial,NMPR
BD_immune07_566002,aneuploid,Tumor_epithelial,NMPR
BD_immune07_723207,aneuploid,Tumor_epithelial,NMPR
BD_immune07_56616,aneuploid,Tumor_epithelial,NMPR
BD_immune07_630845,aneuploid,Tumor_epithelial,NMPR
BD_immune07_496292,aneuploid,Tumor_epithelial,NMPR
BD_immune07_348048,aneuploid,Tumor_epithelial,NMPR
BD_immune07_73849,aneuploid,Tumor_epithelial,NMPR
BD_immune07_768491,aneuploid,Tumor_epithelial,NMPR
BD_immune07_183804,aneuploid,Tumor_epithelial,NMPR
BD_immune07_837515,aneuploid,Tumor_epithelial,NMPR
BD_immune07_422281,aneuploid,Tumor_epithelial,NMPR
BD_immune07_869669,aneuploid,Tumor_epithelial,NMPR
BD_immune07_392065,aneuploid,Tumor_epithelial,NMPR
BD_immune07_157590,aneuploid,Tumor_epithelial,NMPR
BD_immune07_327083,aneuploid,Tumor_epithelial,NMPR
BD_immune07_754478,aneuploid,Tumor_epithelial,NMPR
BD_immune07_678941,aneuploid,Tumor_epithelial,NMPR
BD_immune07_488385,aneuploid,Tumor_epithelial,NMPR
BD_immune07_457063,aneuploid,Tumor_epithelial,NMPR
BD_immune07_95199,aneuploid,Tumor_epithelial,NMPR
BD_immune07_667893,aneuploid,Tumor_epithelial,NMPR
BD_immune07_680065,aneuploid,Tumor_epithelial,NMPR
BD_immune07_41471,aneuploid,Tumor_epithelial,NMPR
BD_immune07_694573,aneuploid,Tumor_epithelial,NMPR
BD_immune07_451359,aneuploid,Tumor_epithelial,NMPR
BD_immune07_47614,aneuploid,Tumor_epithelial,NMPR
BD_immune07_740307,aneuploid,Tumor_epithelial,NMPR
BD_immune07_323298,aneuploid,Tumor_epithelial,NMPR
BD_immune07_463231,aneuploid,Tumor_epithelial,NMPR
BD_immune07_440073,aneuploid,Tumor_epithelial,NMPR
BD_immune07_844157,aneuploid,Tumor_epithelial,NMPR
BD_immune07_747821,aneuploid,Tumor_epithelial,NMPR
BD_immune07_669365,aneuploid,Tumor_epithelial,NMPR
BD_immune07_105399,aneuploid,Tumor_epithelial,NMPR
BD_immune07_320447,aneuploid,Tumor_epithelial,NMPR
BD_immune07_197905,aneuploid,Tumor_epithelial,NMPR
BD_immune07_270923,aneuploid,Tumor_epithelial,NMPR
BD_immune07_81813,aneuploid,Tumor_epithelial,NMPR
BD_immune07_395397,aneuploid,Tumor_epithelial,NMPR
BD_immune07_398479,aneuploid,Tumor_epithelial,NMPR
BD_immune07_702923,aneuploid,Tumor_epithelial,NMPR
BD_immune07_874239,aneuploid,Tumor_epithelial,NMPR
BD_immune07_428876,aneuploid,Tumor_epithelial,NMPR
BD_immune07_333639,aneuploid,Tumor_epithelial,NMPR
BD_immune07_550150,aneuploid,Tumor_epithelial,NMPR
BD_immune07_719187,aneuploid,Tumor_epithelial,NMPR
BD_immune07_42448,aneuploid,Tumor_epithelial,NMPR
BD_immune07_384923,aneuploid,Tumor_epithelial,NMPR
BD_immune07_149253,aneuploid,Tumor_epithelial,NMPR
BD_immune07_67053,aneuploid,Tumor_epithelial,NMPR
BD_immune07_743931,aneuploid,Tumor_epithelial,NMPR
BD_immune07_809455,aneuploid,Tumor_epithelial,NMPR
BD_immune07_706802,aneuploid,Tumor_epithelial,NMPR
BD_immune07_254583,aneuploid,Tumor_epithelial,NMPR
BD_immune07_148978,aneuploid,Tumor_epithelial,NMPR
BD_immune07_690946,aneuploid,Tumor_epithelial,NMPR
BD_immune07_249481,aneuploid,Tumor_epithelial,NMPR
BD_immune07_165379,aneuploid,Tumor_epithelial,NMPR
BD_immune07_642240,aneuploid,Tumor_epithelial,NMPR
BD_immune07_13319,aneuploid,Tumor_epithelial,NMPR
BD_immune07_734416,aneuploid,Tumor_epithelial,NMPR
BD_immune07_315025,aneuploid,Tumor_epithelial,NMPR
BD_immune07_294960,aneuploid,Tumor_epithelial,NMPR
BD_immune07_587054,aneuploid,Tumor_epithelial,NMPR
BD_immune07_394973,aneuploid,Tumor_epithelial,NMPR
BD_immune07_593877,aneuploid,Tumor_epithelial,NMPR
BD_immune07_339948,aneuploid,Tumor_epithelial,NMPR
BD_immune07_646231,aneuploid,Tumor_epithelial,NMPR
BD_immune07_558628,aneuploid,Tumor_epithelial,NMPR
BD_immune07_22986,aneuploid,Tumor_epithelial,NMPR
BD_immune07_790704,aneuploid,Tumor_epithelial,NMPR
BD_immune07_458458,aneuploid,Tumor_epithelial,NMPR
BD_immune07_300794,aneuploid,Tumor_epithelial,NMPR
BD_immune07_666065,aneuploid,Tumor_epithelial,NMPR
BD_immune07_423260,aneuploid,Tumor_epithelial,NMPR
BD_immune07_775394,aneuploid,Tumor_epithelial,NMPR
BD_immune07_205942,aneuploid,Tumor_epithelial,NMPR
BD_immune07_775654,aneuploid,Tumor_epithelial,NMPR
BD_immune07_803326,aneuploid,Tumor_epithelial,NMPR
BD_immune07_351535,aneuploid,Tumor_epithelial,NMPR
BD_immune07_323303,aneuploid,Tumor_epithelial,NMPR
BD_immune07_317647,aneuploid,Tumor_epithelial,NMPR
BD_immune07_616181,aneuploid,Tumor_epithelial,NMPR
BD_immune07_249787,aneuploid,Tumor_epithelial,NMPR
BD_immune07_448402,aneuploid,Tumor_epithelial,NMPR
BD_immune07_671689,aneuploid,Tumor_epithelial,NMPR
BD_immune07_636852,aneuploid,Tumor_epithelial,NMPR
BD_immune07_633077,aneuploid,Tumor_epithelial,NMPR
BD_immune07_414508,aneuploid,Tumor_epithelial,NMPR
BD_immune07_488535,aneuploid,Tumor_epithelial,NMPR
BD_immune07_802725,aneuploid,Tumor_epithelial,NMPR
BD_immune07_84065,aneuploid,Tumor_epithelial,NMPR
BD_immune07_776239,aneuploid,Tumor_epithelial,NMPR
BD_immune07_628616,aneuploid,Tumor_epithelial,NMPR
BD_immune07_540447,aneuploid,Tumor_epithelial,NMPR
BD_immune07_681528,aneuploid,Tumor_epithelial,NMPR
BD_immune07_13470,aneuploid,Tumor_epithelial,NMPR
BD_immune07_292166,aneuploid,Tumor_epithelial,NMPR
BD_immune07_135783,aneuploid,Tumor_epithelial,NMPR
BD_immune07_698618,aneuploid,Tumor_epithelial,NMPR
BD_immune07_414648,aneuploid,Tumor_epithelial,NMPR
BD_immune07_183651,aneuploid,Tumor_epithelial,NMPR
BD_immune07_871271,aneuploid,Tumor_epithelial,NMPR
BD_immune07_714267,aneuploid,Tumor_epithelial,NMPR
BD_immune07_36029,aneuploid,Tumor_epithelial,NMPR
BD_immune07_813992,aneuploid,Tumor_epithelial,NMPR
BD_immune07_86755,aneuploid,Tumor_epithelial,NMPR
BD_immune07_866330,aneuploid,Tumor_epithelial,NMPR
BD_immune07_413980,aneuploid,Tumor_epithelial,NMPR
BD_immune07_674701,aneuploid,Tumor_epithelial,NMPR
BD_immune07_515029,aneuploid,Tumor_epithelial,NMPR
BD_immune07_331763,aneuploid,Tumor_epithelial,NMPR
BD_immune07_766735,aneuploid,Tumor_epithelial,NMPR
BD_immune07_336229,aneuploid,Tumor_epithelial,NMPR
BD_immune07_152443,aneuploid,Tumor_epithelial,NMPR
BD_immune07_867083,aneuploid,Tumor_epithelial,NMPR
BD_immune07_66675,aneuploid,Tumor_epithelial,NMPR
BD_immune07_334490,aneuploid,Tumor_epithelial,NMPR
BD_immune07_670636,aneuploid,Tumor_epithelial,NMPR
BD_immune07_359837,aneuploid,Tumor_epithelial,NMPR
BD_immune07_721215,aneuploid,Tumor_epithelial,NMPR
BD_immune07_525392,aneuploid,Tumor_epithelial,NMPR
BD_immune07_458776,aneuploid,Tumor_epithelial,NMPR
BD_immune07_712822,aneuploid,Tumor_epithelial,NMPR
BD_immune07_627609,aneuploid,Tumor_epithelial,NMPR
BD_immune07_661410,aneuploid,Tumor_epithelial,NMPR
BD_immune07_325662,aneuploid,Tumor_epithelial,NMPR
BD_immune07_481743,aneuploid,Tumor_epithelial,NMPR
BD_immune07_552032,aneuploid,Tumor_epithelial,NMPR
BD_immune07_689123,aneuploid,Tumor_epithelial,NMPR
BD_immune07_530747,aneuploid,Tumor_epithelial,NMPR
BD_immune07_239752,aneuploid,Tumor_epithelial,NMPR
BD_immune07_641270,aneuploid,Tumor_epithelial,NMPR
BD_immune07_255505,aneuploid,Tumor_epithelial,NMPR
BD_immune07_595569,aneuploid,Tumor_epithelial,NMPR
BD_immune07_94508,aneuploid,Tumor_epithelial,NMPR
BD_immune07_341000,aneuploid,Tumor_epithelial,NMPR
BD_immune07_714014,aneuploid,Tumor_epithelial,NMPR
BD_immune07_542959,aneuploid,Tumor_epithelial,NMPR
BD_immune07_461941,aneuploid,Tumor_epithelial,NMPR
BD_immune07_726578,aneuploid,Tumor_epithelial,NMPR
BD_immune07_534266,aneuploid,Tumor_epithelial,NMPR
BD_immune07_27563,aneuploid,Tumor_epithelial,NMPR
BD_immune07_799532,aneuploid,Tumor_epithelial,NMPR
BD_immune07_91084,aneuploid,Tumor_epithelial,NMPR
BD_immune07_784235,aneuploid,Tumor_epithelial,NMPR
BD_immune07_735424,aneuploid,Tumor_epithelial,NMPR
BD_immune07_309346,aneuploid,Tumor_epithelial,NMPR
BD_immune07_191147,aneuploid,Tumor_epithelial,NMPR
BD_immune07_817778,aneuploid,Tumor_epithelial,NMPR
BD_immune07_719375,aneuploid,Tumor_epithelial,NMPR
BD_immune07_41207,aneuploid,Tumor_epithelial,NMPR
BD_immune07_270781,aneuploid,Tumor_epithelial,NMPR
BD_immune07_467895,aneuploid,Tumor_epithelial,NMPR
BD_immune07_377084,aneuploid,Tumor_epithelial,NMPR
BD_immune07_213087,aneuploid,Tumor_epithelial,NMPR
BD_immune07_302198,aneuploid,Tumor_epithelial,NMPR
BD_immune07_744122,aneuploid,Tumor_epithelial,NMPR
BD_immune07_620426,aneuploid,Tumor_epithelial,NMPR
BD_immune07_631871,aneuploid,Tumor_epithelial,NMPR
BD_immune07_583440,aneuploid,Tumor_epithelial,NMPR
BD_immune07_800645,aneuploid,Tumor_epithelial,NMPR
BD_immune07_598337,aneuploid,Tumor_epithelial,NMPR
BD_immune07_212190,aneuploid,Tumor_epithelial,NMPR
BD_immune07_234046,aneuploid,Tumor_epithelial,NMPR
BD_immune07_158351,aneuploid,Tumor_epithelial,NMPR
BD_immune07_844835,aneuploid,Tumor_epithelial,NMPR
BD_immune07_554341,aneuploid,Tumor_epithelial,NMPR
BD_immune07_307354,aneuploid,Tumor_epithelial,NMPR
BD_immune07_471695,aneuploid,Tumor_epithelial,NMPR
BD_immune07_392667,aneuploid,Tumor_epithelial,NMPR
BD_immune07_524777,aneuploid,Tumor_epithelial,NMPR
BD_immune07_662252,aneuploid,Tumor_epithelial,NMPR
BD_immune07_518054,aneuploid,Tumor_epithelial,NMPR
BD_immune07_363461,aneuploid,Tumor_epithelial,NMPR
BD_immune07_745176,aneuploid,Tumor_epithelial,NMPR
BD_immune07_275489,aneuploid,Tumor_epithelial,NMPR
BD_immune07_785493,aneuploid,Tumor_epithelial,NMPR
BD_immune07_415344,aneuploid,Tumor_epithelial,NMPR
BD_immune07_873412,aneuploid,Tumor_epithelial,NMPR
BD_immune07_313073,aneuploid,Tumor_epithelial,NMPR
BD_immune07_818342,aneuploid,Tumor_epithelial,NMPR
BD_immune07_22632,aneuploid,Tumor_epithelial,NMPR
BD_immune07_632878,aneuploid,Tumor_epithelial,NMPR
BD_immune07_304228,aneuploid,Tumor_epithelial,NMPR
BD_immune07_826458,aneuploid,Tumor_epithelial,NMPR
BD_immune07_58873,aneuploid,Tumor_epithelial,NMPR
BD_immune07_480241,aneuploid,Tumor_epithelial,NMPR
BD_immune07_198528,aneuploid,Tumor_epithelial,NMPR
BD_immune07_847982,aneuploid,Tumor_epithelial,NMPR
BD_immune07_148915,aneuploid,Tumor_epithelial,NMPR
BD_immune07_289966,aneuploid,Tumor_epithelial,NMPR
BD_immune07_112327,aneuploid,Tumor_epithelial,NMPR
BD_immune07_303195,aneuploid,Tumor_epithelial,NMPR
BD_immune07_725846,aneuploid,Tumor_epithelial,NMPR
BD_immune07_595162,aneuploid,Tumor_epithelial,NMPR
BD_immune07_205352,aneuploid,Tumor_epithelial,NMPR
BD_immune07_640366,aneuploid,Tumor_epithelial,NMPR
BD_immune07_369780,aneuploid,Tumor_epithelial,NMPR
BD_immune07_873834,aneuploid,Tumor_epithelial,NMPR
BD_immune07_555629,aneuploid,Tumor_epithelial,NMPR
BD_immune07_150553,aneuploid,Tumor_epithelial,NMPR
BD_immune07_633818,aneuploid,Tumor_epithelial,NMPR
BD_immune07_66781,aneuploid,Tumor_epithelial,NMPR
BD_immune07_74265,aneuploid,Tumor_epithelial,NMPR
BD_immune07_804623,aneuploid,Tumor_epithelial,NMPR
BD_immune07_664315,aneuploid,Tumor_epithelial,NMPR
BD_immune07_380032,aneuploid,Tumor_epithelial,NMPR
BD_immune07_324162,aneuploid,Tumor_epithelial,NMPR
BD_immune07_645262,aneuploid,Tumor_epithelial,NMPR
BD_immune07_553432,aneuploid,Tumor_epithelial,NMPR
BD_immune07_536585,aneuploid,Tumor_epithelial,NMPR
BD_immune07_87050,aneuploid,Tumor_epithelial,NMPR
BD_immune07_338974,aneuploid,Tumor_epithelial,NMPR
BD_immune07_104468,aneuploid,Tumor_epithelial,NMPR
BD_immune07_332169,aneuploid,Tumor_epithelial,NMPR
BD_immune07_159923,aneuploid,Tumor_epithelial,NMPR
BD_immune07_487494,aneuploid,Tumor_epithelial,NMPR
BD_immune07_121901,aneuploid,Tumor_epithelial,NMPR
BD_immune07_753412,aneuploid,Tumor_epithelial,NMPR
BD_immune07_166451,aneuploid,Tumor_epithelial,NMPR
BD_immune07_638517,aneuploid,Tumor_epithelial,NMPR
BD_immune07_797680,aneuploid,Tumor_epithelial,NMPR
BD_immune07_674002,aneuploid,Tumor_epithelial,NMPR
BD_immune07_244497,aneuploid,Tumor_epithelial,NMPR
BD_immune07_521201,aneuploid,Tumor_epithelial,NMPR
BD_immune07_698410,aneuploid,Tumor_epithelial,NMPR
BD_immune07_376320,aneuploid,Tumor_epithelial,NMPR
BD_immune07_183903,aneuploid,Tumor_epithelial,NMPR
BD_immune07_100930,aneuploid,Tumor_epithelial,NMPR
BD_immune07_870110,aneuploid,Tumor_epithelial,NMPR
BD_immune07_242288,aneuploid,Tumor_epithelial,NMPR
BD_immune07_355490,aneuploid,Tumor_epithelial,NMPR
BD_immune07_314780,aneuploid,Tumor_epithelial,NMPR
BD_immune07_321740,aneuploid,Tumor_epithelial,NMPR
BD_immune07_346884,aneuploid,Tumor_epithelial,NMPR
BD_immune07_476376,aneuploid,Tumor_epithelial,NMPR
BD_immune07_384313,aneuploid,Tumor_epithelial,NMPR
BD_immune07_417724,aneuploid,Tumor_epithelial,NMPR
BD_immune07_30590,aneuploid,Tumor_epithelial,NMPR
BD_immune07_648395,aneuploid,Tumor_epithelial,NMPR
BD_immune07_467777,aneuploid,Tumor_epithelial,NMPR
BD_immune07_419891,aneuploid,Tumor_epithelial,NMPR
BD_immune07_684120,aneuploid,Tumor_epithelial,NMPR
BD_immune07_69501,aneuploid,Tumor_epithelial,NMPR
BD_immune07_851298,aneuploid,Tumor_epithelial,NMPR
BD_immune07_65416,aneuploid,Tumor_epithelial,NMPR
BD_immune07_429871,aneuploid,Tumor_epithelial,NMPR
BD_immune07_313309,aneuploid,Tumor_epithelial,NMPR
BD_immune07_619721,aneuploid,Tumor_epithelial,NMPR
BD_immune07_781095,aneuploid,Tumor_epithelial,NMPR
BD_immune07_103669,aneuploid,Tumor_epithelial,NMPR
BD_immune07_97414,aneuploid,Tumor_epithelial,NMPR
BD_immune07_753792,aneuploid,Tumor_epithelial,NMPR
BD_immune07_19910,aneuploid,Tumor_epithelial,NMPR
BD_immune07_38708,aneuploid,Tumor_epithelial,NMPR
BD_immune07_670922,aneuploid,Tumor_epithelial,NMPR
BD_immune07_154632,aneuploid,Tumor_epithelial,NMPR
BD_immune07_788027,aneuploid,Tumor_epithelial,NMPR
BD_immune07_865894,aneuploid,Tumor_epithelial,NMPR
BD_immune07_144933,aneuploid,Tumor_epithelial,NMPR
BD_immune07_740431,aneuploid,Tumor_epithelial,NMPR
BD_immune07_181022,aneuploid,Tumor_epithelial,NMPR
BD_immune07_644674,aneuploid,Tumor_epithelial,NMPR
BD_immune07_280519,aneuploid,Tumor_epithelial,NMPR
BD_immune07_356711,aneuploid,Tumor_epithelial,NMPR
BD_immune07_266137,aneuploid,Tumor_epithelial,NMPR
BD_immune07_668852,aneuploid,Tumor_epithelial,NMPR
BD_immune07_324655,aneuploid,Tumor_epithelial,NMPR
BD_immune07_285183,aneuploid,Tumor_epithelial,NMPR
BD_immune07_179817,aneuploid,Tumor_epithelial,NMPR
BD_immune07_341463,aneuploid,Tumor_epithelial,NMPR
BD_immune07_626005,aneuploid,Tumor_epithelial,NMPR
BD_immune07_579458,aneuploid,Tumor_epithelial,NMPR
BD_immune07_229416,aneuploid,Tumor_epithelial,NMPR
BD_immune07_597300,aneuploid,Tumor_epithelial,NMPR
BD_immune07_224940,aneuploid,Tumor_epithelial,NMPR
BD_immune07_351840,aneuploid,Tumor_epithelial,NMPR
BD_immune07_126441,aneuploid,Tumor_epithelial,NMPR
BD_immune07_469122,aneuploid,Tumor_epithelial,NMPR
BD_immune07_851329,aneuploid,Tumor_epithelial,NMPR
BD_immune07_221272,aneuploid,Tumor_epithelial,NMPR
BD_immune07_371721,aneuploid,Tumor_epithelial,NMPR
BD_immune07_643383,aneuploid,Tumor_epithelial,NMPR
BD_immune07_764272,aneuploid,Tumor_epithelial,NMPR
BD_immune07_81521,aneuploid,Tumor_epithelial,NMPR
BD_immune07_69552,aneuploid,Tumor_epithelial,NMPR
BD_immune07_857268,aneuploid,Tumor_epithelial,NMPR
BD_immune07_303204,aneuploid,Tumor_epithelial,NMPR
BD_immune07_281430,aneuploid,Tumor_epithelial,NMPR
BD_immune07_761518,aneuploid,Tumor_epithelial,NMPR
BD_immune07_304203,aneuploid,Tumor_epithelial,NMPR
BD_immune07_884115,aneuploid,Tumor_epithelial,NMPR
BD_immune07_793049,aneuploid,Tumor_epithelial,NMPR
BD_immune07_835579,aneuploid,Tumor_epithelial,NMPR
BD_immune07_405469,aneuploid,Tumor_epithelial,NMPR
BD_immune07_18396,aneuploid,Tumor_epithelial,NMPR
BD_immune07_109021,aneuploid,Tumor_epithelial,NMPR
BD_immune07_58169,aneuploid,Tumor_epithelial,NMPR
BD_immune07_239293,aneuploid,Tumor_epithelial,NMPR
BD_immune07_841297,aneuploid,Tumor_epithelial,NMPR
BD_immune07_655533,aneuploid,Tumor_epithelial,NMPR
BD_immune07_766828,aneuploid,Tumor_epithelial,NMPR
BD_immune07_279570,aneuploid,Tumor_epithelial,NMPR
BD_immune07_669407,aneuploid,Tumor_epithelial,NMPR
BD_immune07_875275,aneuploid,Tumor_epithelial,NMPR
BD_immune07_262865,aneuploid,Tumor_epithelial,NMPR
BD_immune07_93679,aneuploid,Tumor_epithelial,NMPR
BD_immune07_683383,aneuploid,Tumor_epithelial,NMPR
BD_immune07_544192,aneuploid,Tumor_epithelial,NMPR
BD_immune07_570244,aneuploid,Tumor_epithelial,NMPR
BD_immune07_8855,aneuploid,Tumor_epithelial,NMPR
BD_immune07_676714,aneuploid,Tumor_epithelial,NMPR
BD_immune07_255834,aneuploid,Tumor_epithelial,NMPR
BD_immune07_473615,aneuploid,Tumor_epithelial,NMPR
BD_immune07_231803,aneuploid,Tumor_epithelial,NMPR
BD_immune07_246410,aneuploid,Tumor_epithelial,NMPR
BD_immune07_500018,aneuploid,Tumor_epithelial,NMPR
BD_immune07_334530,aneuploid,Tumor_epithelial,NMPR
BD_immune07_551539,aneuploid,Tumor_epithelial,NMPR
BD_immune07_741019,aneuploid,Tumor_epithelial,NMPR
BD_immune07_355209,aneuploid,Tumor_epithelial,NMPR
BD_immune07_186570,aneuploid,Tumor_epithelial,NMPR
BD_immune07_596164,aneuploid,Tumor_epithelial,NMPR
BD_immune07_80032,aneuploid,Tumor_epithelial,NMPR
BD_immune07_137921,aneuploid,Tumor_epithelial,NMPR
BD_immune07_403283,aneuploid,Tumor_epithelial,NMPR
BD_immune07_550239,aneuploid,Tumor_epithelial,NMPR
BD_immune07_464537,aneuploid,Tumor_epithelial,NMPR
BD_immune07_641528,aneuploid,Tumor_epithelial,NMPR
BD_immune07_882476,aneuploid,Tumor_epithelial,NMPR
BD_immune07_75075,aneuploid,Tumor_epithelial,NMPR
BD_immune07_216496,aneuploid,Tumor_epithelial,NMPR
BD_immune07_343669,aneuploid,Tumor_epithelial,NMPR
BD_immune07_191414,aneuploid,Tumor_epithelial,NMPR
BD_immune07_205623,aneuploid,Tumor_epithelial,NMPR
BD_immune07_277798,aneuploid,Tumor_epithelial,NMPR
BD_immune07_728310,aneuploid,Tumor_epithelial,NMPR
BD_immune07_669445,aneuploid,Tumor_epithelial,NMPR
BD_immune07_679825,aneuploid,Tumor_epithelial,NMPR
BD_immune07_574921,aneuploid,Tumor_epithelial,NMPR
BD_immune07_497535,aneuploid,Tumor_epithelial,NMPR
BD_immune07_130173,aneuploid,Tumor_epithelial,NMPR
BD_immune07_571814,aneuploid,Tumor_epithelial,NMPR
BD_immune07_719812,aneuploid,Tumor_epithelial,NMPR
BD_immune07_350715,aneuploid,Tumor_epithelial,NMPR
BD_immune07_574025,aneuploid,Tumor_epithelial,NMPR
BD_immune07_382356,aneuploid,Tumor_epithelial,NMPR
BD_immune07_77855,aneuploid,Tumor_epithelial,NMPR
BD_immune07_461935,aneuploid,Tumor_epithelial,NMPR
BD_immune07_657810,aneuploid,Tumor_epithelial,NMPR
BD_immune07_628055,aneuploid,Tumor_epithelial,NMPR
BD_immune07_573295,aneuploid,Tumor_epithelial,NMPR
BD_immune07_789029,aneuploid,Tumor_epithelial,NMPR
BD_immune07_338359,aneuploid,Tumor_epithelial,NMPR
BD_immune07_464687,aneuploid,Tumor_epithelial,NMPR
BD_immune07_533248,aneuploid,Tumor_epithelial,NMPR
BD_immune07_138095,aneuploid,Tumor_epithelial,NMPR
BD_immune07_847205,aneuploid,Tumor_epithelial,NMPR
BD_immune07_567481,aneuploid,Tumor_epithelial,NMPR
BD_immune07_248578,aneuploid,Tumor_epithelial,NMPR
BD_immune07_224416,aneuploid,Tumor_epithelial,NMPR
BD_immune07_686289,aneuploid,Tumor_epithelial,NMPR
BD_immune07_712715,aneuploid,Tumor_epithelial,NMPR
BD_immune07_4305,aneuploid,Tumor_epithelial,NMPR
BD_immune07_364853,aneuploid,Tumor_epithelial,NMPR
BD_immune07_469817,aneuploid,Tumor_epithelial,NMPR
BD_immune07_81371,aneuploid,Tumor_epithelial,NMPR
BD_immune07_160968,aneuploid,Tumor_epithelial,NMPR
BD_immune07_243352,aneuploid,Tumor_epithelial,NMPR
BD_immune07_883461,aneuploid,Tumor_epithelial,NMPR
BD_immune07_656763,aneuploid,Tumor_epithelial,NMPR
BD_immune07_742522,aneuploid,Tumor_epithelial,NMPR
BD_immune07_756913,aneuploid,Tumor_epithelial,NMPR
BD_immune07_257096,aneuploid,Tumor_epithelial,NMPR
BD_immune07_50496,aneuploid,Tumor_epithelial,NMPR
BD_immune07_823722,aneuploid,Tumor_epithelial,NMPR
BD_immune07_819823,aneuploid,Tumor_epithelial,NMPR
BD_immune07_119286,aneuploid,Tumor_epithelial,NMPR
BD_immune07_359145,aneuploid,Tumor_epithelial,NMPR
BD_immune07_58352,aneuploid,Tumor_epithelial,NMPR
BD_immune07_770324,aneuploid,Tumor_epithelial,NMPR
BD_immune07_40117,aneuploid,Tumor_epithelial,NMPR
BD_immune07_550742,aneuploid,Tumor_epithelial,NMPR
BD_immune07_758301,aneuploid,Tumor_epithelial,NMPR
BD_immune07_833403,aneuploid,Tumor_epithelial,NMPR
BD_immune07_323252,aneuploid,Tumor_epithelial,NMPR
BD_immune07_757834,aneuploid,Tumor_epithelial,NMPR
BD_immune07_155807,aneuploid,Tumor_epithelial,NMPR
BD_immune07_744278,aneuploid,Tumor_epithelial,NMPR
BD_immune07_671388,aneuploid,Tumor_epithelial,NMPR
BD_immune07_849886,aneuploid,Tumor_epithelial,NMPR
BD_immune07_727191,aneuploid,Tumor_epithelial,NMPR
BD_immune07_357020,aneuploid,Tumor_epithelial,NMPR
BD_immune07_143135,aneuploid,Tumor_epithelial,NMPR
BD_immune07_311598,aneuploid,Tumor_epithelial,NMPR
BD_immune07_675742,aneuploid,Tumor_epithelial,NMPR
BD_immune07_408285,aneuploid,Tumor_epithelial,NMPR
BD_immune07_560870,aneuploid,Tumor_epithelial,NMPR
BD_immune07_266225,aneuploid,Tumor_epithelial,NMPR
BD_immune07_508332,aneuploid,Tumor_epithelial,NMPR
BD_immune07_754283,aneuploid,Tumor_epithelial,NMPR
BD_immune07_142936,aneuploid,Tumor_epithelial,NMPR
BD_immune07_15476,aneuploid,Tumor_epithelial,NMPR
BD_immune07_383822,aneuploid,Tumor_epithelial,NMPR
BD_immune07_187359,aneuploid,Tumor_epithelial,NMPR
BD_immune07_685494,aneuploid,Tumor_epithelial,NMPR
BD_immune07_402835,aneuploid,Tumor_epithelial,NMPR
BD_immune07_600314,aneuploid,Tumor_epithelial,NMPR
BD_immune07_528660,aneuploid,Tumor_epithelial,NMPR
BD_immune07_400721,aneuploid,Tumor_epithelial,NMPR
BD_immune07_574283,aneuploid,Tumor_epithelial,NMPR
BD_immune07_880737,aneuploid,Tumor_epithelial,NMPR
BD_immune07_602668,aneuploid,Tumor_epithelial,NMPR
BD_immune07_672509,aneuploid,Tumor_epithelial,NMPR
BD_immune07_284889,aneuploid,Tumor_epithelial,NMPR
BD_immune07_405351,aneuploid,Tumor_epithelial,NMPR
BD_immune07_630091,aneuploid,Tumor_epithelial,NMPR
BD_immune07_604787,aneuploid,Tumor_epithelial,NMPR
BD_immune07_385085,aneuploid,Tumor_epithelial,NMPR
BD_immune07_735981,aneuploid,Tumor_epithelial,NMPR
BD_immune07_411717,aneuploid,Tumor_epithelial,NMPR
BD_immune07_768512,aneuploid,Tumor_epithelial,NMPR
BD_immune07_18574,aneuploid,Tumor_epithelial,NMPR
BD_immune07_556015,aneuploid,Tumor_epithelial,NMPR
BD_immune07_87495,aneuploid,Tumor_epithelial,NMPR
BD_immune07_881686,aneuploid,Tumor_epithelial,NMPR
BD_immune07_214498,aneuploid,Tumor_epithelial,NMPR
BD_immune07_552559,aneuploid,Tumor_epithelial,NMPR
BD_immune07_736595,aneuploid,Tumor_epithelial,NMPR
BD_immune07_563595,aneuploid,Tumor_epithelial,NMPR
BD_immune07_638360,aneuploid,Tumor_epithelial,NMPR
BD_immune07_721866,aneuploid,Tumor_epithelial,NMPR
BD_immune07_434982,aneuploid,Tumor_epithelial,NMPR
BD_immune07_586503,aneuploid,Tumor_epithelial,NMPR
BD_immune07_80935,aneuploid,Tumor_epithelial,NMPR
BD_immune07_167716,aneuploid,Tumor_epithelial,NMPR
BD_immune07_417477,aneuploid,Tumor_epithelial,NMPR
BD_immune07_41187,aneuploid,Tumor_epithelial,NMPR
BD_immune07_692024,aneuploid,Tumor_epithelial,NMPR
BD_immune07_846072,aneuploid,Tumor_epithelial,NMPR
BD_immune07_31930,aneuploid,Tumor_epithelial,NMPR
BD_immune07_513597,aneuploid,Tumor_epithelial,NMPR
BD_immune07_430859,aneuploid,Tumor_epithelial,NMPR
BD_immune07_497187,aneuploid,Tumor_epithelial,NMPR
BD_immune07_84915,aneuploid,Tumor_epithelial,NMPR
BD_immune07_850161,aneuploid,Tumor_epithelial,NMPR
BD_immune07_536354,aneuploid,Tumor_epithelial,NMPR
BD_immune07_525845,aneuploid,Tumor_epithelial,NMPR
BD_immune07_293861,aneuploid,Tumor_epithelial,NMPR
BD_immune07_245721,aneuploid,Tumor_epithelial,NMPR
BD_immune07_392655,aneuploid,Tumor_epithelial,NMPR
BD_immune07_730241,aneuploid,Tumor_epithelial,NMPR
BD_immune07_156623,aneuploid,Tumor_epithelial,NMPR
BD_immune07_213517,aneuploid,Tumor_epithelial,NMPR
BD_immune07_448616,aneuploid,Tumor_epithelial,NMPR
BD_immune07_822149,aneuploid,Tumor_epithelial,NMPR
BD_immune07_849747,aneuploid,Tumor_epithelial,NMPR
BD_immune07_236260,aneuploid,Tumor_epithelial,NMPR
BD_immune07_232027,aneuploid,Tumor_epithelial,NMPR
BD_immune07_449826,aneuploid,Tumor_epithelial,NMPR
BD_immune07_145903,aneuploid,Tumor_epithelial,NMPR
BD_immune07_13891,aneuploid,Tumor_epithelial,NMPR
BD_immune07_258881,aneuploid,Tumor_epithelial,NMPR
BD_immune07_786023,aneuploid,Tumor_epithelial,NMPR
BD_immune07_199851,aneuploid,Tumor_epithelial,NMPR
BD_immune07_249761,aneuploid,Tumor_epithelial,NMPR
BD_immune07_541988,aneuploid,Tumor_epithelial,NMPR
BD_immune07_428966,aneuploid,Tumor_epithelial,NMPR
BD_immune07_102016,aneuploid,Tumor_epithelial,NMPR
BD_immune07_568533,aneuploid,Tumor_epithelial,NMPR
BD_immune07_487242,aneuploid,Tumor_epithelial,NMPR
BD_immune07_489674,aneuploid,Tumor_epithelial,NMPR
BD_immune07_397851,aneuploid,Tumor_epithelial,NMPR
BD_immune07_350738,aneuploid,Tumor_epithelial,NMPR
BD_immune07_258925,aneuploid,Tumor_epithelial,NMPR
BD_immune07_16246,aneuploid,Tumor_epithelial,NMPR
BD_immune07_232147,aneuploid,Tumor_epithelial,NMPR
BD_immune07_486389,aneuploid,Tumor_epithelial,NMPR
BD_immune07_396875,aneuploid,Tumor_epithelial,NMPR
BD_immune07_83817,aneuploid,Tumor_epithelial,NMPR
BD_immune07_311276,aneuploid,Tumor_epithelial,NMPR
BD_immune07_40957,aneuploid,Tumor_epithelial,NMPR
BD_immune07_36804,aneuploid,Tumor_epithelial,NMPR
BD_immune07_32075,aneuploid,Tumor_epithelial,NMPR
BD_immune07_702308,aneuploid,Tumor_epithelial,NMPR
BD_immune07_140034,aneuploid,Tumor_epithelial,NMPR
BD_immune07_277672,aneuploid,Tumor_epithelial,NMPR
BD_immune07_571820,aneuploid,Tumor_epithelial,NMPR
BD_immune07_389318,aneuploid,Tumor_epithelial,NMPR
BD_immune07_161729,aneuploid,Tumor_epithelial,NMPR
BD_immune07_474790,aneuploid,Tumor_epithelial,NMPR
BD_immune07_381890,aneuploid,Tumor_epithelial,NMPR
BD_immune07_432736,aneuploid,Tumor_epithelial,NMPR
BD_immune07_832627,aneuploid,Tumor_epithelial,NMPR
BD_immune07_454663,aneuploid,Tumor_epithelial,NMPR
BD_immune07_540456,aneuploid,Tumor_epithelial,NMPR
BD_immune07_42233,aneuploid,Tumor_epithelial,NMPR
BD_immune07_804180,aneuploid,Tumor_epithelial,NMPR
BD_immune07_567998,aneuploid,Tumor_epithelial,NMPR
BD_immune07_881935,aneuploid,Tumor_epithelial,NMPR
BD_immune07_805623,aneuploid,Tumor_epithelial,NMPR
BD_immune07_667438,aneuploid,Tumor_epithelial,NMPR
BD_immune07_153207,aneuploid,Tumor_epithelial,NMPR
BD_immune07_5196,aneuploid,Tumor_epithelial,NMPR
BD_immune07_215947,aneuploid,Tumor_epithelial,NMPR
BD_immune07_7422,aneuploid,Tumor_epithelial,NMPR
BD_immune07_663732,aneuploid,Tumor_epithelial,NMPR
BD_immune07_878395,aneuploid,Tumor_epithelial,NMPR
BD_immune07_761479,aneuploid,Tumor_epithelial,NMPR
BD_immune07_423380,aneuploid,Tumor_epithelial,NMPR
BD_immune07_481945,aneuploid,Tumor_epithelial,NMPR
BD_immune07_524342,aneuploid,Tumor_epithelial,NMPR
BD_immune07_81810,aneuploid,Tumor_epithelial,NMPR
BD_immune07_180351,aneuploid,Tumor_epithelial,NMPR
BD_immune07_854032,aneuploid,Tumor_epithelial,NMPR
BD_immune07_428702,aneuploid,Tumor_epithelial,NMPR
BD_immune07_685511,aneuploid,Tumor_epithelial,NMPR
BD_immune07_137251,aneuploid,Tumor_epithelial,NMPR
BD_immune07_306295,aneuploid,Tumor_epithelial,NMPR
BD_immune07_734241,aneuploid,Tumor_epithelial,NMPR
BD_immune07_660325,aneuploid,Tumor_epithelial,NMPR
BD_immune07_28076,aneuploid,Tumor_epithelial,NMPR
BD_immune07_851534,aneuploid,Tumor_epithelial,NMPR
BD_immune07_811659,aneuploid,Tumor_epithelial,NMPR
BD_immune07_819523,aneuploid,Tumor_epithelial,NMPR
BD_immune07_186793,aneuploid,Tumor_epithelial,NMPR
BD_immune07_628464,aneuploid,Tumor_epithelial,NMPR
BD_immune07_367099,aneuploid,Tumor_epithelial,NMPR
BD_immune07_34325,aneuploid,Tumor_epithelial,NMPR
BD_immune07_41273,aneuploid,Tumor_epithelial,NMPR
BD_immune07_583763,aneuploid,Tumor_epithelial,NMPR
BD_immune07_753846,aneuploid,Tumor_epithelial,NMPR
BD_immune07_554943,aneuploid,Tumor_epithelial,NMPR
BD_immune07_108366,aneuploid,Tumor_epithelial,NMPR
BD_immune07_541989,aneuploid,Tumor_epithelial,NMPR
BD_immune07_324023,aneuploid,Tumor_epithelial,NMPR
BD_immune07_810707,aneuploid,Tumor_epithelial,NMPR
BD_immune07_114536,aneuploid,Tumor_epithelial,NMPR
BD_immune07_325800,aneuploid,Tumor_epithelial,NMPR
BD_immune07_688761,aneuploid,Tumor_epithelial,NMPR
BD_immune07_810338,aneuploid,Tumor_epithelial,NMPR
BD_immune07_819036,aneuploid,Tumor_epithelial,NMPR
BD_immune07_111860,aneuploid,Tumor_epithelial,NMPR
BD_immune07_822056,aneuploid,Tumor_epithelial,NMPR
BD_immune07_807349,aneuploid,Tumor_epithelial,NMPR
BD_immune07_173365,aneuploid,Tumor_epithelial,NMPR
BD_immune07_840042,aneuploid,Tumor_epithelial,NMPR
BD_immune07_87788,aneuploid,Tumor_epithelial,NMPR
BD_immune07_634503,aneuploid,Tumor_epithelial,NMPR
BD_immune07_520564,aneuploid,Tumor_epithelial,NMPR
BD_immune07_172610,aneuploid,Tumor_epithelial,NMPR
BD_immune07_770438,aneuploid,Tumor_epithelial,NMPR
BD_immune07_285794,aneuploid,Tumor_epithelial,NMPR
BD_immune07_247799,aneuploid,Tumor_epithelial,NMPR
BD_immune07_137584,aneuploid,Tumor_epithelial,NMPR
BD_immune07_511415,aneuploid,Tumor_epithelial,NMPR
BD_immune07_81725,aneuploid,Tumor_epithelial,NMPR
BD_immune07_674307,aneuploid,Tumor_epithelial,NMPR
BD_immune07_663940,aneuploid,Tumor_epithelial,NMPR
BD_immune07_822913,aneuploid,Tumor_epithelial,NMPR
BD_immune07_445144,aneuploid,Tumor_epithelial,NMPR
BD_immune07_759224,aneuploid,Tumor_epithelial,NMPR
BD_immune07_240204,aneuploid,Tumor_epithelial,NMPR
BD_immune07_775102,aneuploid,Tumor_epithelial,NMPR
BD_immune07_244584,aneuploid,Tumor_epithelial,NMPR
BD_immune07_554734,aneuploid,Tumor_epithelial,NMPR
BD_immune07_173344,aneuploid,Tumor_epithelial,NMPR
BD_immune07_350706,aneuploid,Tumor_epithelial,NMPR
BD_immune07_624665,aneuploid,Tumor_epithelial,NMPR
BD_immune07_396927,aneuploid,Tumor_epithelial,NMPR
BD_immune07_616730,aneuploid,Tumor_epithelial,NMPR
BD_immune07_481282,aneuploid,Tumor_epithelial,NMPR
BD_immune07_718956,aneuploid,Tumor_epithelial,NMPR
BD_immune07_369924,aneuploid,Tumor_epithelial,NMPR
BD_immune07_86692,aneuploid,Tumor_epithelial,NMPR
BD_immune07_326678,aneuploid,Tumor_epithelial,NMPR
BD_immune07_542114,aneuploid,Tumor_epithelial,NMPR
BD_immune07_479276,aneuploid,Tumor_epithelial,NMPR
BD_immune07_284397,aneuploid,Tumor_epithelial,NMPR
BD_immune07_24757,aneuploid,Tumor_epithelial,NMPR
BD_immune07_803768,aneuploid,Tumor_epithelial,NMPR
BD_immune07_403567,aneuploid,Tumor_epithelial,NMPR
BD_immune07_663163,aneuploid,Tumor_epithelial,NMPR
BD_immune07_78885,aneuploid,Tumor_epithelial,NMPR
BD_immune07_487733,aneuploid,Tumor_epithelial,NMPR
BD_immune07_463732,aneuploid,Tumor_epithelial,NMPR
BD_immune07_40966,aneuploid,Tumor_epithelial,NMPR
BD_immune07_584543,aneuploid,Tumor_epithelial,NMPR
BD_immune07_598124,aneuploid,Tumor_epithelial,NMPR
BD_immune07_841526,aneuploid,Tumor_epithelial,NMPR
BD_immune07_756979,aneuploid,Tumor_epithelial,NMPR
BD_immune07_536414,aneuploid,Tumor_epithelial,NMPR
BD_immune07_766948,aneuploid,Tumor_epithelial,NMPR
BD_immune07_604494,aneuploid,Tumor_epithelial,NMPR
BD_immune07_761017,aneuploid,Tumor_epithelial,NMPR
BD_immune07_180009,aneuploid,Tumor_epithelial,NMPR
BD_immune07_84679,aneuploid,Tumor_epithelial,NMPR
BD_immune07_859769,aneuploid,Tumor_epithelial,NMPR
BD_immune07_372381,aneuploid,Tumor_epithelial,NMPR
BD_immune07_688079,aneuploid,Tumor_epithelial,NMPR
BD_immune07_94317,aneuploid,Tumor_epithelial,NMPR
BD_immune07_868109,aneuploid,Tumor_epithelial,NMPR
BD_immune07_594551,aneuploid,Tumor_epithelial,NMPR
BD_immune07_16579,aneuploid,Tumor_epithelial,NMPR
BD_immune07_536999,aneuploid,Tumor_epithelial,NMPR
BD_immune07_491644,aneuploid,Tumor_epithelial,NMPR
BD_immune07_801400,aneuploid,Tumor_epithelial,NMPR
BD_immune07_147028,aneuploid,Tumor_epithelial,NMPR
BD_immune07_447530,aneuploid,Tumor_epithelial,NMPR
BD_immune07_474379,aneuploid,Tumor_epithelial,NMPR
BD_immune07_791961,aneuploid,Tumor_epithelial,NMPR
BD_immune07_446809,aneuploid,Tumor_epithelial,NMPR
BD_immune07_34185,aneuploid,Tumor_epithelial,NMPR
BD_immune07_874919,aneuploid,Tumor_epithelial,NMPR
BD_immune07_469135,aneuploid,Tumor_epithelial,NMPR
BD_immune07_78140,aneuploid,Tumor_epithelial,NMPR
BD_immune07_91678,aneuploid,Tumor_epithelial,NMPR
BD_immune07_484425,aneuploid,Tumor_epithelial,NMPR
BD_immune07_436275,aneuploid,Tumor_epithelial,NMPR
BD_immune07_358941,aneuploid,Tumor_epithelial,NMPR
BD_immune07_338818,aneuploid,Tumor_epithelial,NMPR
BD_immune07_595165,aneuploid,Tumor_epithelial,NMPR
BD_immune07_144658,aneuploid,Tumor_epithelial,NMPR
BD_immune07_656772,aneuploid,Tumor_epithelial,NMPR
BD_immune07_403774,aneuploid,Tumor_epithelial,NMPR
BD_immune07_127991,aneuploid,Tumor_epithelial,NMPR
BD_immune07_294156,aneuploid,Tumor_epithelial,NMPR
BD_immune07_809497,aneuploid,Tumor_epithelial,NMPR
BD_immune07_312672,aneuploid,Tumor_epithelial,NMPR
BD_immune07_268211,aneuploid,Tumor_epithelial,NMPR
BD_immune07_63857,aneuploid,Tumor_epithelial,NMPR
BD_immune07_480931,aneuploid,Tumor_epithelial,NMPR
BD_immune07_726622,aneuploid,Tumor_epithelial,NMPR
BD_immune07_209772,aneuploid,Tumor_epithelial,NMPR
BD_immune07_700506,aneuploid,Tumor_epithelial,NMPR
BD_immune07_512032,aneuploid,Tumor_epithelial,NMPR
BD_immune07_447773,aneuploid,Tumor_epithelial,NMPR
BD_immune07_731649,aneuploid,Tumor_epithelial,NMPR
BD_immune07_819802,aneuploid,Tumor_epithelial,NMPR
BD_immune07_250330,aneuploid,Tumor_epithelial,NMPR
BD_immune07_709971,aneuploid,Tumor_epithelial,NMPR
BD_immune07_170587,aneuploid,Tumor_epithelial,NMPR
BD_immune07_39968,aneuploid,Tumor_epithelial,NMPR
BD_immune07_705298,aneuploid,Tumor_epithelial,NMPR
BD_immune07_249894,aneuploid,Tumor_epithelial,NMPR
BD_immune07_763844,aneuploid,Tumor_epithelial,NMPR
BD_immune07_613854,aneuploid,Tumor_epithelial,NMPR
BD_immune07_96617,aneuploid,Tumor_epithelial,NMPR
BD_immune07_378517,aneuploid,Tumor_epithelial,NMPR
BD_immune07_457872,aneuploid,Tumor_epithelial,NMPR
BD_immune07_616863,aneuploid,Tumor_epithelial,NMPR
BD_immune07_644568,aneuploid,Tumor_epithelial,NMPR
BD_immune07_789961,aneuploid,Tumor_epithelial,NMPR
BD_immune07_473310,aneuploid,Tumor_epithelial,NMPR
BD_immune07_871584,aneuploid,Tumor_epithelial,NMPR
BD_immune07_723233,aneuploid,Tumor_epithelial,NMPR
BD_immune07_642132,aneuploid,Tumor_epithelial,NMPR
BD_immune07_364921,aneuploid,Tumor_epithelial,NMPR
BD_immune07_562347,aneuploid,Tumor_epithelial,NMPR
BD_immune07_790630,aneuploid,Tumor_epithelial,NMPR
BD_immune07_677496,aneuploid,Tumor_epithelial,NMPR
BD_immune07_334602,aneuploid,Tumor_epithelial,NMPR
BD_immune07_213689,aneuploid,Tumor_epithelial,NMPR
BD_immune07_287277,aneuploid,Tumor_epithelial,NMPR
BD_immune07_298160,aneuploid,Tumor_epithelial,NMPR
BD_immune07_499249,aneuploid,Tumor_epithelial,NMPR
BD_immune07_586756,aneuploid,Tumor_epithelial,NMPR
BD_immune07_472845,aneuploid,Tumor_epithelial,NMPR
BD_immune07_253126,aneuploid,Tumor_epithelial,NMPR
BD_immune07_290458,aneuploid,Tumor_epithelial,NMPR
BD_immune07_793041,aneuploid,Tumor_epithelial,NMPR
BD_immune07_21988,aneuploid,Tumor_epithelial,NMPR
BD_immune07_783483,aneuploid,Tumor_epithelial,NMPR
BD_immune07_51053,aneuploid,Tumor_epithelial,NMPR
BD_immune07_526979,aneuploid,Tumor_epithelial,NMPR
BD_immune07_497829,aneuploid,Tumor_epithelial,NMPR
BD_immune07_114473,aneuploid,Tumor_epithelial,NMPR
BD_immune07_473000,aneuploid,Tumor_epithelial,NMPR
BD_immune07_357717,aneuploid,Tumor_epithelial,NMPR
BD_immune07_151959,aneuploid,Tumor_epithelial,NMPR
BD_immune07_268942,aneuploid,Tumor_epithelial,NMPR
BD_immune07_117832,aneuploid,Tumor_epithelial,NMPR
BD_immune07_105118,aneuploid,Tumor_epithelial,NMPR
BD_immune07_568272,aneuploid,Tumor_epithelial,NMPR
BD_immune07_264828,aneuploid,Tumor_epithelial,NMPR
BD_immune07_338708,aneuploid,Tumor_epithelial,NMPR
BD_immune07_524646,aneuploid,Tumor_epithelial,NMPR
BD_immune07_377022,aneuploid,Tumor_epithelial,NMPR
BD_immune07_115457,aneuploid,Tumor_epithelial,NMPR
BD_immune07_754659,aneuploid,Tumor_epithelial,NMPR
BD_immune07_662339,aneuploid,Tumor_epithelial,NMPR
BD_immune07_622762,aneuploid,Tumor_epithelial,NMPR
BD_immune07_748271,aneuploid,Tumor_epithelial,NMPR
BD_immune07_430476,aneuploid,Tumor_epithelial,NMPR
BD_immune07_167382,aneuploid,Tumor_epithelial,NMPR
BD_immune07_123734,aneuploid,Tumor_epithelial,NMPR
BD_immune07_707825,aneuploid,Tumor_epithelial,NMPR
BD_immune07_731290,aneuploid,Tumor_epithelial,NMPR
BD_immune07_846,aneuploid,Tumor_epithelial,NMPR
BD_immune07_883431,aneuploid,Tumor_epithelial,NMPR
BD_immune07_113483,aneuploid,Tumor_epithelial,NMPR
BD_immune07_320028,aneuploid,Tumor_epithelial,NMPR
BD_immune07_881344,aneuploid,Tumor_epithelial,NMPR
BD_immune07_167399,aneuploid,Tumor_epithelial,NMPR
BD_immune07_568139,aneuploid,Tumor_epithelial,NMPR
BD_immune07_702359,aneuploid,Tumor_epithelial,NMPR
BD_immune07_742531,aneuploid,Tumor_epithelial,NMPR
BD_immune07_851834,aneuploid,Tumor_epithelial,NMPR
BD_immune07_55408,aneuploid,Tumor_epithelial,NMPR
BD_immune07_16140,aneuploid,Tumor_epithelial,NMPR
BD_immune07_819449,aneuploid,Tumor_epithelial,NMPR
BD_immune07_563425,aneuploid,Tumor_epithelial,NMPR
BD_immune07_232729,aneuploid,Tumor_epithelial,NMPR
BD_immune07_46542,aneuploid,Tumor_epithelial,NMPR
BD_immune07_240902,aneuploid,Tumor_epithelial,NMPR
BD_immune07_739528,aneuploid,Tumor_epithelial,NMPR
BD_immune07_621074,aneuploid,Tumor_epithelial,NMPR
BD_immune07_686481,aneuploid,Tumor_epithelial,NMPR
BD_immune07_20220,aneuploid,Tumor_epithelial,NMPR
BD_immune07_831512,aneuploid,Tumor_epithelial,NMPR
BD_immune07_796687,aneuploid,Tumor_epithelial,NMPR
BD_immune07_354415,aneuploid,Tumor_epithelial,NMPR
BD_immune07_446979,aneuploid,Tumor_epithelial,NMPR
BD_immune07_407917,aneuploid,Tumor_epithelial,NMPR
BD_immune07_847219,aneuploid,Tumor_epithelial,NMPR
BD_immune07_585104,aneuploid,Tumor_epithelial,NMPR
BD_immune07_183636,aneuploid,Tumor_epithelial,NMPR
BD_immune07_486064,aneuploid,Tumor_epithelial,NMPR
BD_immune07_218298,aneuploid,Tumor_epithelial,NMPR
BD_immune07_775108,aneuploid,Tumor_epithelial,NMPR
BD_immune07_483690,aneuploid,Tumor_epithelial,NMPR
BD_immune07_883991,aneuploid,Tumor_epithelial,NMPR
BD_immune07_74737,aneuploid,Tumor_epithelial,NMPR
BD_immune07_443425,aneuploid,Tumor_epithelial,NMPR
BD_immune07_799173,aneuploid,Tumor_epithelial,NMPR
BD_immune07_75401,aneuploid,Tumor_epithelial,NMPR
BD_immune07_681495,aneuploid,Tumor_epithelial,NMPR
BD_immune07_467625,aneuploid,Tumor_epithelial,NMPR
BD_immune07_125913,aneuploid,Tumor_epithelial,NMPR
BD_immune07_342410,aneuploid,Tumor_epithelial,NMPR
BD_immune07_613477,aneuploid,Tumor_epithelial,NMPR
BD_immune07_619849,aneuploid,Tumor_epithelial,NMPR
BD_immune07_879180,aneuploid,Tumor_epithelial,NMPR
BD_immune07_780877,aneuploid,Tumor_epithelial,NMPR
BD_immune07_877833,aneuploid,Tumor_epithelial,NMPR
BD_immune07_59584,aneuploid,Tumor_epithelial,NMPR
BD_immune07_659963,aneuploid,Tumor_epithelial,NMPR
BD_immune07_726149,aneuploid,Tumor_epithelial,NMPR
BD_immune07_671609,aneuploid,Tumor_epithelial,NMPR
BD_immune07_729205,aneuploid,Tumor_epithelial,NMPR
BD_immune07_83284,aneuploid,Tumor_epithelial,NMPR
BD_immune07_720046,aneuploid,Tumor_epithelial,NMPR
BD_immune07_662961,aneuploid,Tumor_epithelial,NMPR
BD_immune07_302457,aneuploid,Tumor_epithelial,NMPR
BD_immune07_211458,aneuploid,Tumor_epithelial,NMPR
BD_immune07_600369,aneuploid,Tumor_epithelial,NMPR
BD_immune07_757293,aneuploid,Tumor_epithelial,NMPR
BD_immune07_73865,aneuploid,Tumor_epithelial,NMPR
BD_immune07_741272,aneuploid,Tumor_epithelial,NMPR
BD_immune07_632854,aneuploid,Tumor_epithelial,NMPR
BD_immune07_304610,aneuploid,Tumor_epithelial,NMPR
BD_immune07_574601,aneuploid,Tumor_epithelial,NMPR
BD_immune07_335149,aneuploid,Tumor_epithelial,NMPR
BD_immune07_794367,aneuploid,Tumor_epithelial,NMPR
BD_immune07_575288,aneuploid,Tumor_epithelial,NMPR
BD_immune07_36101,aneuploid,Tumor_epithelial,NMPR
BD_immune07_36378,aneuploid,Tumor_epithelial,NMPR
BD_immune07_549802,aneuploid,Tumor_epithelial,NMPR
BD_immune07_554783,aneuploid,Tumor_epithelial,NMPR
BD_immune07_441124,aneuploid,Tumor_epithelial,NMPR
BD_immune07_607516,aneuploid,Tumor_epithelial,NMPR
BD_immune07_10952,aneuploid,Tumor_epithelial,NMPR
BD_immune07_584089,aneuploid,Tumor_epithelial,NMPR
BD_immune07_843935,aneuploid,Tumor_epithelial,NMPR
BD_immune07_797274,aneuploid,Tumor_epithelial,NMPR
BD_immune07_681389,aneuploid,Tumor_epithelial,NMPR
BD_immune07_763499,aneuploid,Tumor_epithelial,NMPR
BD_immune07_876640,aneuploid,Tumor_epithelial,NMPR
BD_immune07_827420,aneuploid,Tumor_epithelial,NMPR
BD_immune07_273853,aneuploid,Tumor_epithelial,NMPR
BD_immune07_167876,aneuploid,Tumor_epithelial,NMPR
BD_immune07_340663,aneuploid,Tumor_epithelial,NMPR
BD_immune07_739755,aneuploid,Tumor_epithelial,NMPR
BD_immune07_465389,aneuploid,Tumor_epithelial,NMPR
BD_immune07_246591,aneuploid,Tumor_epithelial,NMPR
BD_immune07_724274,aneuploid,Tumor_epithelial,NMPR
BD_immune07_778297,aneuploid,Tumor_epithelial,NMPR
BD_immune07_216878,aneuploid,Tumor_epithelial,NMPR
BD_immune07_813354,aneuploid,Tumor_epithelial,NMPR
BD_immune07_669186,aneuploid,Tumor_epithelial,NMPR
BD_immune07_230838,aneuploid,Tumor_epithelial,NMPR
BD_immune07_256282,aneuploid,Tumor_epithelial,NMPR
BD_immune07_877223,aneuploid,Tumor_epithelial,NMPR
BD_immune07_339007,aneuploid,Tumor_epithelial,NMPR
BD_immune07_453490,aneuploid,Tumor_epithelial,NMPR
BD_immune07_3478,aneuploid,Tumor_epithelial,NMPR
BD_immune07_396430,aneuploid,Tumor_epithelial,NMPR
BD_immune07_657674,aneuploid,Tumor_epithelial,NMPR
BD_immune07_385016,aneuploid,Tumor_epithelial,NMPR
BD_immune07_755200,aneuploid,Tumor_epithelial,NMPR
BD_immune07_87636,aneuploid,Tumor_epithelial,NMPR
BD_immune07_601413,aneuploid,Tumor_epithelial,NMPR
BD_immune07_43482,aneuploid,Tumor_epithelial,NMPR
BD_immune07_477990,aneuploid,Tumor_epithelial,NMPR
BD_immune07_22156,aneuploid,Tumor_epithelial,NMPR
BD_immune07_334263,aneuploid,Tumor_epithelial,NMPR
BD_immune07_773900,aneuploid,Tumor_epithelial,NMPR
BD_immune07_369586,aneuploid,Tumor_epithelial,NMPR
BD_immune07_320151,aneuploid,Tumor_epithelial,NMPR
BD_immune07_877071,aneuploid,Tumor_epithelial,NMPR
BD_immune07_546408,aneuploid,Tumor_epithelial,NMPR
BD_immune07_741768,aneuploid,Tumor_epithelial,NMPR
BD_immune07_878373,aneuploid,Tumor_epithelial,NMPR
BD_immune07_131773,aneuploid,Tumor_epithelial,NMPR
BD_immune07_118044,aneuploid,Tumor_epithelial,NMPR
BD_immune07_108069,aneuploid,Tumor_epithelial,NMPR
BD_immune07_816579,aneuploid,Tumor_epithelial,NMPR
BD_immune07_278358,aneuploid,Tumor_epithelial,NMPR
BD_immune07_136528,aneuploid,Tumor_epithelial,NMPR
BD_immune07_520538,aneuploid,Tumor_epithelial,NMPR
BD_immune07_155814,aneuploid,Tumor_epithelial,NMPR
BD_immune07_423830,aneuploid,Tumor_epithelial,NMPR
BD_immune07_426733,aneuploid,Tumor_epithelial,NMPR
BD_immune07_520655,aneuploid,Tumor_epithelial,NMPR
BD_immune07_441119,aneuploid,Tumor_epithelial,NMPR
BD_immune07_194186,aneuploid,Tumor_epithelial,NMPR
BD_immune07_443949,aneuploid,Tumor_epithelial,NMPR
BD_immune07_570092,aneuploid,Tumor_epithelial,NMPR
BD_immune07_462286,aneuploid,Tumor_epithelial,NMPR
BD_immune07_484907,aneuploid,Tumor_epithelial,NMPR
BD_immune07_431459,aneuploid,Tumor_epithelial,NMPR
BD_immune07_209536,aneuploid,Tumor_epithelial,NMPR
BD_immune07_47426,aneuploid,Tumor_epithelial,NMPR
BD_immune07_360334,aneuploid,Tumor_epithelial,NMPR
BD_immune07_447944,aneuploid,Tumor_epithelial,NMPR
BD_immune07_309748,aneuploid,Tumor_epithelial,NMPR
BD_immune07_216736,aneuploid,Tumor_epithelial,NMPR
BD_immune07_825557,aneuploid,Tumor_epithelial,NMPR
BD_immune07_627690,aneuploid,Tumor_epithelial,NMPR
BD_immune07_59802,aneuploid,Tumor_epithelial,NMPR
BD_immune07_320895,aneuploid,Tumor_epithelial,NMPR
BD_immune07_584815,aneuploid,Tumor_epithelial,NMPR
BD_immune07_280524,aneuploid,Tumor_epithelial,NMPR
BD_immune07_309946,aneuploid,Tumor_epithelial,NMPR
BD_immune07_11650,aneuploid,Tumor_epithelial,NMPR
BD_immune07_875581,aneuploid,Tumor_epithelial,NMPR
BD_immune07_659054,aneuploid,Tumor_epithelial,NMPR
BD_immune07_482872,aneuploid,Tumor_epithelial,NMPR
BD_immune07_793246,aneuploid,Tumor_epithelial,NMPR
BD_immune07_728519,aneuploid,Tumor_epithelial,NMPR
BD_immune07_771982,aneuploid,Tumor_epithelial,NMPR
BD_immune07_366577,aneuploid,Tumor_epithelial,NMPR
BD_immune07_90311,aneuploid,Tumor_epithelial,NMPR
BD_immune07_324687,aneuploid,Tumor_epithelial,NMPR
BD_immune07_200579,aneuploid,Tumor_epithelial,NMPR
BD_immune07_836163,aneuploid,Tumor_epithelial,NMPR
BD_immune07_167412,aneuploid,Tumor_epithelial,NMPR
BD_immune07_617068,aneuploid,Tumor_epithelial,NMPR
BD_immune07_436247,aneuploid,Tumor_epithelial,NMPR
BD_immune07_290804,aneuploid,Tumor_epithelial,NMPR
BD_immune07_177362,aneuploid,Tumor_epithelial,NMPR
BD_immune07_510107,aneuploid,Tumor_epithelial,NMPR
BD_immune07_424820,aneuploid,Tumor_epithelial,NMPR
BD_immune07_845695,aneuploid,Tumor_epithelial,NMPR
BD_immune07_369827,aneuploid,Tumor_epithelial,NMPR
BD_immune07_396007,aneuploid,Tumor_epithelial,NMPR
BD_immune07_250308,aneuploid,Tumor_epithelial,NMPR
BD_immune07_755204,aneuploid,Tumor_epithelial,NMPR
BD_immune07_167833,aneuploid,Tumor_epithelial,NMPR
BD_immune07_519893,aneuploid,Tumor_epithelial,NMPR
BD_immune07_545587,aneuploid,Tumor_epithelial,NMPR
BD_immune07_651769,aneuploid,Tumor_epithelial,NMPR
BD_immune07_866089,aneuploid,Tumor_epithelial,NMPR
BD_immune07_102537,aneuploid,Tumor_epithelial,NMPR
BD_immune07_387126,aneuploid,Tumor_epithelial,NMPR
BD_immune07_301595,aneuploid,Tumor_epithelial,NMPR
BD_immune07_130871,aneuploid,Tumor_epithelial,NMPR
BD_immune07_764394,aneuploid,Tumor_epithelial,NMPR
BD_immune07_733879,aneuploid,Tumor_epithelial,NMPR
BD_immune07_135198,aneuploid,Tumor_epithelial,NMPR
BD_immune07_367372,aneuploid,Tumor_epithelial,NMPR
BD_immune07_68593,aneuploid,Tumor_epithelial,NMPR
BD_immune07_282973,aneuploid,Tumor_epithelial,NMPR
BD_immune07_462078,aneuploid,Tumor_epithelial,NMPR
BD_immune07_881535,aneuploid,Tumor_epithelial,NMPR
BD_immune07_140417,aneuploid,Tumor_epithelial,NMPR
BD_immune07_229437,aneuploid,Tumor_epithelial,NMPR
BD_immune07_255902,aneuploid,Tumor_epithelial,NMPR
BD_immune07_719692,aneuploid,Tumor_epithelial,NMPR
BD_immune07_99022,aneuploid,Tumor_epithelial,NMPR
BD_immune07_523880,aneuploid,Tumor_epithelial,NMPR
BD_immune07_769852,aneuploid,Tumor_epithelial,NMPR
BD_immune07_691660,aneuploid,Tumor_epithelial,NMPR
BD_immune07_305002,aneuploid,Tumor_epithelial,NMPR
BD_immune07_333984,aneuploid,Tumor_epithelial,NMPR
BD_immune07_600066,aneuploid,Tumor_epithelial,NMPR
BD_immune07_700422,aneuploid,Tumor_epithelial,NMPR
BD_immune07_583505,aneuploid,Tumor_epithelial,NMPR
BD_immune07_282062,aneuploid,Tumor_epithelial,NMPR
BD_immune07_273684,aneuploid,Tumor_epithelial,NMPR
BD_immune07_412893,aneuploid,Tumor_epithelial,NMPR
BD_immune07_543613,aneuploid,Tumor_epithelial,NMPR
BD_immune07_438736,aneuploid,Tumor_epithelial,NMPR
BD_immune07_501601,aneuploid,Tumor_epithelial,NMPR
BD_immune07_283310,aneuploid,Tumor_epithelial,NMPR
BD_immune07_855900,aneuploid,Tumor_epithelial,NMPR
BD_immune07_291005,aneuploid,Tumor_epithelial,NMPR
BD_immune07_217723,aneuploid,Tumor_epithelial,NMPR
BD_immune07_636957,aneuploid,Tumor_epithelial,NMPR
BD_immune07_700668,aneuploid,Tumor_epithelial,NMPR
BD_immune07_548690,aneuploid,Tumor_epithelial,NMPR
BD_immune07_176223,aneuploid,Tumor_epithelial,NMPR
BD_immune07_150753,aneuploid,Tumor_epithelial,NMPR
BD_immune07_433721,aneuploid,Tumor_epithelial,NMPR
BD_immune07_398691,aneuploid,Tumor_epithelial,NMPR
BD_immune07_45716,aneuploid,Tumor_epithelial,NMPR
BD_immune07_761049,aneuploid,Tumor_epithelial,NMPR
BD_immune07_600327,aneuploid,Tumor_epithelial,NMPR
BD_immune07_827624,aneuploid,Tumor_epithelial,NMPR
BD_immune07_69296,aneuploid,Tumor_epithelial,NMPR
BD_immune07_442198,aneuploid,Tumor_epithelial,NMPR
BD_immune07_36257,aneuploid,Tumor_epithelial,NMPR
BD_immune07_338336,aneuploid,Tumor_epithelial,NMPR
BD_immune07_591532,aneuploid,Tumor_epithelial,NMPR
BD_immune07_184534,aneuploid,Tumor_epithelial,NMPR
BD_immune07_332538,aneuploid,Tumor_epithelial,NMPR
BD_immune07_21416,aneuploid,Tumor_epithelial,NMPR
BD_immune07_722992,aneuploid,Tumor_epithelial,NMPR
BD_immune07_425448,aneuploid,Tumor_epithelial,NMPR
BD_immune07_852438,aneuploid,Tumor_epithelial,NMPR
BD_immune07_758332,aneuploid,Tumor_epithelial,NMPR
BD_immune07_264673,aneuploid,Tumor_epithelial,NMPR
BD_immune07_579423,aneuploid,Tumor_epithelial,NMPR
BD_immune07_675485,aneuploid,Tumor_epithelial,NMPR
BD_immune07_40667,aneuploid,Tumor_epithelial,NMPR
BD_immune07_508197,aneuploid,Tumor_epithelial,NMPR
BD_immune07_254361,aneuploid,Tumor_epithelial,NMPR
BD_immune07_630669,aneuploid,Tumor_epithelial,NMPR
BD_immune07_570800,aneuploid,Tumor_epithelial,NMPR
BD_immune07_819424,aneuploid,Tumor_epithelial,NMPR
BD_immune07_9376,aneuploid,Tumor_epithelial,NMPR
BD_immune07_775650,aneuploid,Tumor_epithelial,NMPR
BD_immune07_379936,aneuploid,Tumor_epithelial,NMPR
BD_immune07_666470,aneuploid,Tumor_epithelial,NMPR
BD_immune07_637804,aneuploid,Tumor_epithelial,NMPR
BD_immune07_105765,aneuploid,Tumor_epithelial,NMPR
BD_immune07_609369,aneuploid,Tumor_epithelial,NMPR
BD_immune07_791707,aneuploid,Tumor_epithelial,NMPR
BD_immune07_301527,aneuploid,Tumor_epithelial,NMPR
BD_immune07_475765,aneuploid,Tumor_epithelial,NMPR
BD_immune07_164128,aneuploid,Tumor_epithelial,NMPR
BD_immune07_847180,aneuploid,Tumor_epithelial,NMPR
BD_immune07_741748,aneuploid,Tumor_epithelial,NMPR
BD_immune07_418436,aneuploid,Tumor_epithelial,NMPR
BD_immune07_161943,aneuploid,Tumor_epithelial,NMPR
BD_immune07_577714,aneuploid,Tumor_epithelial,NMPR
BD_immune07_50859,aneuploid,Tumor_epithelial,NMPR
BD_immune07_797521,aneuploid,Tumor_epithelial,NMPR
BD_immune07_391438,aneuploid,Tumor_epithelial,NMPR
BD_immune07_812749,aneuploid,Tumor_epithelial,NMPR
BD_immune07_763282,aneuploid,Tumor_epithelial,NMPR
BD_immune07_682013,aneuploid,Tumor_epithelial,NMPR
BD_immune07_131608,aneuploid,Tumor_epithelial,NMPR
BD_immune07_676149,aneuploid,Tumor_epithelial,NMPR
BD_immune07_256690,aneuploid,Tumor_epithelial,NMPR
BD_immune07_100270,aneuploid,Tumor_epithelial,NMPR
BD_immune07_27598,aneuploid,Tumor_epithelial,NMPR
BD_immune07_260695,aneuploid,Tumor_epithelial,NMPR
BD_immune07_740594,aneuploid,Tumor_epithelial,NMPR
BD_immune07_134150,aneuploid,Tumor_epithelial,NMPR
BD_immune07_56330,aneuploid,Tumor_epithelial,NMPR
BD_immune07_472580,aneuploid,Tumor_epithelial,NMPR
BD_immune07_24247,aneuploid,Tumor_epithelial,NMPR
BD_immune07_168730,aneuploid,Tumor_epithelial,NMPR
BD_immune07_564691,aneuploid,Tumor_epithelial,NMPR
BD_immune07_489728,aneuploid,Tumor_epithelial,NMPR
BD_immune07_199642,aneuploid,Tumor_epithelial,NMPR
BD_immune07_595552,aneuploid,Tumor_epithelial,NMPR
BD_immune07_419636,aneuploid,Tumor_epithelial,NMPR
BD_immune07_96197,aneuploid,Tumor_epithelial,NMPR
BD_immune07_87380,aneuploid,Tumor_epithelial,NMPR
BD_immune07_486274,aneuploid,Tumor_epithelial,NMPR
BD_immune07_619373,aneuploid,Tumor_epithelial,NMPR
BD_immune07_170219,aneuploid,Tumor_epithelial,NMPR
BD_immune07_782097,aneuploid,Tumor_epithelial,NMPR
BD_immune07_874472,aneuploid,Tumor_epithelial,NMPR
BD_immune07_414982,aneuploid,Tumor_epithelial,NMPR
BD_immune07_340393,aneuploid,Tumor_epithelial,NMPR
BD_immune07_459761,aneuploid,Tumor_epithelial,NMPR
BD_immune07_58424,aneuploid,Tumor_epithelial,NMPR
BD_immune07_458789,aneuploid,Tumor_epithelial,NMPR
BD_immune07_685473,aneuploid,Tumor_epithelial,NMPR
BD_immune07_465852,aneuploid,Tumor_epithelial,NMPR
BD_immune07_30835,aneuploid,Tumor_epithelial,NMPR
BD_immune07_256637,aneuploid,Tumor_epithelial,NMPR
BD_immune07_791347,aneuploid,Tumor_epithelial,NMPR
BD_immune07_191652,aneuploid,Tumor_epithelial,NMPR
BD_immune07_139189,aneuploid,Tumor_epithelial,NMPR
BD_immune07_203683,aneuploid,Tumor_epithelial,NMPR
BD_immune07_579446,aneuploid,Tumor_epithelial,NMPR
BD_immune07_378291,aneuploid,Tumor_epithelial,NMPR
BD_immune07_327984,aneuploid,Tumor_epithelial,NMPR
BD_immune07_443919,aneuploid,Tumor_epithelial,NMPR
BD_immune07_791039,aneuploid,Tumor_epithelial,NMPR
BD_immune07_145651,aneuploid,Tumor_epithelial,NMPR
BD_immune07_515787,aneuploid,Tumor_epithelial,NMPR
BD_immune07_389197,aneuploid,Tumor_epithelial,NMPR
BD_immune07_853372,aneuploid,Tumor_epithelial,NMPR
BD_immune07_848047,aneuploid,Tumor_epithelial,NMPR
BD_immune07_306114,aneuploid,Tumor_epithelial,NMPR
BD_immune07_137837,aneuploid,Tumor_epithelial,NMPR
BD_immune07_457584,aneuploid,Tumor_epithelial,NMPR
BD_immune07_468799,aneuploid,Tumor_epithelial,NMPR
BD_immune07_101042,aneuploid,Tumor_epithelial,NMPR
BD_immune07_461266,aneuploid,Tumor_epithelial,NMPR
BD_immune07_179826,aneuploid,Tumor_epithelial,NMPR
BD_immune07_321766,aneuploid,Tumor_epithelial,NMPR
BD_immune07_719696,aneuploid,Tumor_epithelial,NMPR
BD_immune07_142016,aneuploid,Tumor_epithelial,NMPR
BD_immune07_797548,aneuploid,Tumor_epithelial,NMPR
BD_immune07_75622,aneuploid,Tumor_epithelial,NMPR
BD_immune07_298693,aneuploid,Tumor_epithelial,NMPR
BD_immune07_596970,aneuploid,Tumor_epithelial,NMPR
BD_immune07_368228,aneuploid,Tumor_epithelial,NMPR
BD_immune07_510538,aneuploid,Tumor_epithelial,NMPR
BD_immune07_738715,aneuploid,Tumor_epithelial,NMPR
BD_immune07_142706,aneuploid,Tumor_epithelial,NMPR
BD_immune07_147728,aneuploid,Tumor_epithelial,NMPR
BD_immune07_301619,aneuploid,Tumor_epithelial,NMPR
BD_immune07_181124,aneuploid,Tumor_epithelial,NMPR
BD_immune07_32221,aneuploid,Tumor_epithelial,NMPR
BD_immune07_175968,aneuploid,Tumor_epithelial,NMPR
BD_immune07_518335,aneuploid,Tumor_epithelial,NMPR
BD_immune07_853817,aneuploid,Tumor_epithelial,NMPR
BD_immune07_421999,aneuploid,Tumor_epithelial,NMPR
BD_immune07_88128,aneuploid,Tumor_epithelial,NMPR
BD_immune07_859525,aneuploid,Tumor_epithelial,NMPR
BD_immune07_377802,aneuploid,Tumor_epithelial,NMPR
BD_immune07_243188,aneuploid,Tumor_epithelial,NMPR
BD_immune07_512091,aneuploid,Tumor_epithelial,NMPR
BD_immune07_336481,aneuploid,Tumor_epithelial,NMPR
BD_immune07_258467,aneuploid,Tumor_epithelial,NMPR
BD_immune07_289301,aneuploid,Tumor_epithelial,NMPR
BD_immune07_813129,aneuploid,Tumor_epithelial,NMPR
BD_immune07_187379,aneuploid,Tumor_epithelial,NMPR
BD_immune07_278959,aneuploid,Tumor_epithelial,NMPR
BD_immune07_850944,aneuploid,Tumor_epithelial,NMPR
BD_immune07_172897,aneuploid,Tumor_epithelial,NMPR
BD_immune07_352215,aneuploid,Tumor_epithelial,NMPR
BD_immune07_656545,aneuploid,Tumor_epithelial,NMPR
BD_immune07_792757,aneuploid,Tumor_epithelial,NMPR
BD_immune07_759391,aneuploid,Tumor_epithelial,NMPR
BD_immune07_792185,aneuploid,Tumor_epithelial,NMPR
BD_immune07_580114,aneuploid,Tumor_epithelial,NMPR
BD_immune07_130474,aneuploid,Tumor_epithelial,NMPR
BD_immune07_329466,aneuploid,Tumor_epithelial,NMPR
BD_immune07_601137,aneuploid,Tumor_epithelial,NMPR
BD_immune07_669463,aneuploid,Tumor_epithelial,NMPR
BD_immune07_788062,aneuploid,Tumor_epithelial,NMPR
BD_immune07_370093,aneuploid,Tumor_epithelial,NMPR
BD_immune07_797588,aneuploid,Tumor_epithelial,NMPR
BD_immune07_210242,aneuploid,Tumor_epithelial,NMPR
BD_immune07_93171,aneuploid,Tumor_epithelial,NMPR
BD_immune07_59127,aneuploid,Tumor_epithelial,NMPR
BD_immune07_237463,aneuploid,Tumor_epithelial,NMPR
BD_immune07_286415,aneuploid,Tumor_epithelial,NMPR
BD_immune07_62315,aneuploid,Tumor_epithelial,NMPR
BD_immune07_740989,aneuploid,Tumor_epithelial,NMPR
BD_immune07_679086,aneuploid,Tumor_epithelial,NMPR
BD_immune07_454963,aneuploid,Tumor_epithelial,NMPR
BD_immune07_681729,aneuploid,Tumor_epithelial,NMPR
BD_immune07_699496,aneuploid,Tumor_epithelial,NMPR
BD_immune07_169981,aneuploid,Tumor_epithelial,NMPR
BD_immune07_348852,aneuploid,Tumor_epithelial,NMPR
BD_immune07_706029,aneuploid,Tumor_epithelial,NMPR
BD_immune07_797722,aneuploid,Tumor_epithelial,NMPR
BD_immune07_156039,aneuploid,Tumor_epithelial,NMPR
BD_immune07_391840,aneuploid,Tumor_epithelial,NMPR
BD_immune07_837828,aneuploid,Tumor_epithelial,NMPR
BD_immune07_124216,aneuploid,Tumor_epithelial,NMPR
BD_immune07_55993,aneuploid,Tumor_epithelial,NMPR
BD_immune07_257360,aneuploid,Tumor_epithelial,NMPR
BD_immune07_432653,aneuploid,Tumor_epithelial,NMPR
BD_immune07_238111,aneuploid,Tumor_epithelial,NMPR
BD_immune07_47851,aneuploid,Tumor_epithelial,NMPR
BD_immune07_301139,aneuploid,Tumor_epithelial,NMPR
BD_immune07_350751,aneuploid,Tumor_epithelial,NMPR
BD_immune07_392183,aneuploid,Tumor_epithelial,NMPR
BD_immune07_645004,aneuploid,Tumor_epithelial,NMPR
BD_immune07_788187,aneuploid,Tumor_epithelial,NMPR
BD_immune07_639841,aneuploid,Tumor_epithelial,NMPR
BD_immune07_653627,aneuploid,Tumor_epithelial,NMPR
BD_immune07_475523,aneuploid,Tumor_epithelial,NMPR
BD_immune07_209066,aneuploid,Tumor_epithelial,NMPR
BD_immune07_797633,aneuploid,Tumor_epithelial,NMPR
BD_immune07_526761,aneuploid,Tumor_epithelial,NMPR
BD_immune07_15645,aneuploid,Tumor_epithelial,NMPR
BD_immune07_658255,aneuploid,Tumor_epithelial,NMPR
BD_immune07_169288,aneuploid,Tumor_epithelial,NMPR
BD_immune07_219173,aneuploid,Tumor_epithelial,NMPR
BD_immune07_23833,aneuploid,Tumor_epithelial,NMPR
BD_immune07_708109,aneuploid,Tumor_epithelial,NMPR
BD_immune07_9431,aneuploid,Tumor_epithelial,NMPR
BD_immune07_415633,aneuploid,Tumor_epithelial,NMPR
BD_immune07_7913,aneuploid,Tumor_epithelial,NMPR
BD_immune07_814886,aneuploid,Tumor_epithelial,NMPR
BD_immune07_253305,aneuploid,Tumor_epithelial,NMPR
BD_immune07_435691,aneuploid,Tumor_epithelial,NMPR
BD_immune07_791637,aneuploid,Tumor_epithelial,NMPR
BD_immune07_666619,aneuploid,Tumor_epithelial,NMPR
BD_immune07_565546,aneuploid,Tumor_epithelial,NMPR
BD_immune07_658684,aneuploid,Tumor_epithelial,NMPR
BD_immune07_835249,aneuploid,Tumor_epithelial,NMPR
BD_immune07_67840,aneuploid,Tumor_epithelial,NMPR
BD_immune07_387801,aneuploid,Tumor_epithelial,NMPR
BD_immune07_231618,aneuploid,Tumor_epithelial,NMPR
BD_immune07_551205,aneuploid,Tumor_epithelial,NMPR
BD_immune07_496262,aneuploid,Tumor_epithelial,NMPR
BD_immune07_347142,aneuploid,Tumor_epithelial,NMPR
BD_immune07_107181,aneuploid,Tumor_epithelial,NMPR
BD_immune07_662217,aneuploid,Tumor_epithelial,NMPR
BD_immune07_759534,aneuploid,Tumor_epithelial,NMPR
BD_immune07_36823,aneuploid,Tumor_epithelial,NMPR
BD_immune07_477313,aneuploid,Tumor_epithelial,NMPR
BD_immune07_599804,aneuploid,Tumor_epithelial,NMPR
BD_immune07_312002,aneuploid,Tumor_epithelial,NMPR
BD_immune07_436230,aneuploid,Tumor_epithelial,NMPR
BD_immune07_22767,aneuploid,Tumor_epithelial,NMPR
BD_immune07_612583,aneuploid,Tumor_epithelial,NMPR
BD_immune07_506635,aneuploid,Tumor_epithelial,NMPR
BD_immune07_727747,aneuploid,Tumor_epithelial,NMPR
BD_immune07_467108,aneuploid,Tumor_epithelial,NMPR
BD_immune07_457622,aneuploid,Tumor_epithelial,NMPR
BD_immune07_113198,aneuploid,Tumor_epithelial,NMPR
BD_immune07_677033,aneuploid,Tumor_epithelial,NMPR
BD_immune07_393664,aneuploid,Tumor_epithelial,NMPR
BD_immune07_422769,aneuploid,Tumor_epithelial,NMPR
BD_immune07_130401,aneuploid,Tumor_epithelial,NMPR
BD_immune07_220095,aneuploid,Tumor_epithelial,NMPR
BD_immune07_545263,aneuploid,Tumor_epithelial,NMPR
BD_immune07_491047,aneuploid,Tumor_epithelial,NMPR
BD_immune07_28116,aneuploid,Tumor_epithelial,NMPR
BD_immune07_715658,aneuploid,Tumor_epithelial,NMPR
BD_immune07_297377,aneuploid,Tumor_epithelial,NMPR
BD_immune07_714788,aneuploid,Tumor_epithelial,NMPR
BD_immune07_523295,aneuploid,Tumor_epithelial,NMPR
BD_immune07_336147,aneuploid,Tumor_epithelial,NMPR
BD_immune07_36530,aneuploid,Tumor_epithelial,NMPR
BD_immune07_16131,aneuploid,Tumor_epithelial,NMPR
BD_immune07_624258,aneuploid,Tumor_epithelial,NMPR
BD_immune07_113731,aneuploid,Tumor_epithelial,NMPR
BD_immune07_587867,aneuploid,Tumor_epithelial,NMPR
BD_immune07_279631,aneuploid,Tumor_epithelial,NMPR
BD_immune07_50354,aneuploid,Tumor_epithelial,NMPR
BD_immune07_351118,aneuploid,Tumor_epithelial,NMPR
BD_immune07_810522,aneuploid,Tumor_epithelial,NMPR
BD_immune07_542239,aneuploid,Tumor_epithelial,NMPR
BD_immune07_436732,aneuploid,Tumor_epithelial,NMPR
BD_immune07_184273,aneuploid,Tumor_epithelial,NMPR
BD_immune07_548962,aneuploid,Tumor_epithelial,NMPR
BD_immune07_144246,aneuploid,Tumor_epithelial,NMPR
BD_immune07_418510,aneuploid,Tumor_epithelial,NMPR
BD_immune07_865115,aneuploid,Tumor_epithelial,NMPR
BD_immune07_558409,aneuploid,Tumor_epithelial,NMPR
BD_immune07_424676,aneuploid,Tumor_epithelial,NMPR
BD_immune07_359151,aneuploid,Tumor_epithelial,NMPR
BD_immune07_518647,aneuploid,Tumor_epithelial,NMPR
BD_immune07_274815,aneuploid,Tumor_epithelial,NMPR
BD_immune07_435894,aneuploid,Tumor_epithelial,NMPR
BD_immune07_378544,aneuploid,Tumor_epithelial,NMPR
BD_immune07_530478,aneuploid,Tumor_epithelial,NMPR
BD_immune07_19316,aneuploid,Tumor_epithelial,NMPR
BD_immune07_403414,aneuploid,Tumor_epithelial,NMPR
BD_immune07_558179,aneuploid,Tumor_epithelial,NMPR
BD_immune07_640885,aneuploid,Tumor_epithelial,NMPR
BD_immune07_686627,aneuploid,Tumor_epithelial,NMPR
BD_immune07_847114,aneuploid,Tumor_epithelial,NMPR
BD_immune07_214970,aneuploid,Tumor_epithelial,NMPR
BD_immune07_767424,aneuploid,Tumor_epithelial,NMPR
BD_immune07_868721,aneuploid,Tumor_epithelial,NMPR
BD_immune07_762436,aneuploid,Tumor_epithelial,NMPR
BD_immune07_111016,aneuploid,Tumor_epithelial,NMPR
BD_immune07_240107,aneuploid,Tumor_epithelial,NMPR
BD_immune07_734721,aneuploid,Tumor_epithelial,NMPR
BD_immune07_749598,aneuploid,Tumor_epithelial,NMPR
BD_immune07_437116,aneuploid,Tumor_epithelial,NMPR
BD_immune07_357506,aneuploid,Tumor_epithelial,NMPR
BD_immune07_122028,aneuploid,Tumor_epithelial,NMPR
BD_immune07_504037,aneuploid,Tumor_epithelial,NMPR
BD_immune07_418661,aneuploid,Tumor_epithelial,NMPR
BD_immune07_334538,aneuploid,Tumor_epithelial,NMPR
BD_immune07_757173,aneuploid,Tumor_epithelial,NMPR
BD_immune07_840341,aneuploid,Tumor_epithelial,NMPR
BD_immune07_148653,aneuploid,Tumor_epithelial,NMPR
BD_immune07_462336,aneuploid,Tumor_epithelial,NMPR
BD_immune07_842760,aneuploid,Tumor_epithelial,NMPR
BD_immune07_634541,aneuploid,Tumor_epithelial,NMPR
BD_immune07_117470,aneuploid,Tumor_epithelial,NMPR
BD_immune07_21955,aneuploid,Tumor_epithelial,NMPR
BD_immune07_672912,aneuploid,Tumor_epithelial,NMPR
BD_immune07_283836,aneuploid,Tumor_epithelial,NMPR
BD_immune07_825423,aneuploid,Tumor_epithelial,NMPR
BD_immune07_368996,aneuploid,Tumor_epithelial,NMPR
BD_immune07_235516,aneuploid,Tumor_epithelial,NMPR
BD_immune07_594606,aneuploid,Tumor_epithelial,NMPR
BD_immune07_210023,aneuploid,Tumor_epithelial,NMPR
BD_immune07_406834,aneuploid,Tumor_epithelial,NMPR
BD_immune07_322340,aneuploid,Tumor_epithelial,NMPR
BD_immune07_780646,aneuploid,Tumor_epithelial,NMPR
BD_immune07_632392,aneuploid,Tumor_epithelial,NMPR
BD_immune07_90289,aneuploid,Tumor_epithelial,NMPR
BD_immune07_667104,aneuploid,Tumor_epithelial,NMPR
BD_immune07_743265,aneuploid,Tumor_epithelial,NMPR
BD_immune07_6415,aneuploid,Tumor_epithelial,NMPR
BD_immune07_498922,aneuploid,Tumor_epithelial,NMPR
BD_immune07_558733,aneuploid,Tumor_epithelial,NMPR
BD_immune07_644294,aneuploid,Tumor_epithelial,NMPR
BD_immune07_286089,aneuploid,Tumor_epithelial,NMPR
BD_immune07_147678,aneuploid,Tumor_epithelial,NMPR
BD_immune07_789849,aneuploid,Tumor_epithelial,NMPR
BD_immune07_860912,aneuploid,Tumor_epithelial,NMPR
BD_immune07_79486,aneuploid,Tumor_epithelial,NMPR
BD_immune07_206577,aneuploid,Tumor_epithelial,NMPR
BD_immune07_691688,aneuploid,Tumor_epithelial,NMPR
BD_immune07_276396,aneuploid,Tumor_epithelial,NMPR
BD_immune07_814134,aneuploid,Tumor_epithelial,NMPR
BD_immune07_637165,aneuploid,Tumor_epithelial,NMPR
BD_immune07_512197,aneuploid,Tumor_epithelial,NMPR
BD_immune07_33775,aneuploid,Tumor_epithelial,NMPR
BD_immune07_221921,aneuploid,Tumor_epithelial,NMPR
BD_immune07_390308,aneuploid,Tumor_epithelial,NMPR
BD_immune07_729696,aneuploid,Tumor_epithelial,NMPR
BD_immune07_4911,aneuploid,Tumor_epithelial,NMPR
BD_immune07_167675,aneuploid,Tumor_epithelial,NMPR
BD_immune07_327340,aneuploid,Tumor_epithelial,NMPR
BD_immune07_49657,aneuploid,Tumor_epithelial,NMPR
BD_immune07_65771,aneuploid,Tumor_epithelial,NMPR
BD_immune07_741694,aneuploid,Tumor_epithelial,NMPR
BD_immune07_350885,aneuploid,Tumor_epithelial,NMPR
BD_immune07_808556,aneuploid,Tumor_epithelial,NMPR
BD_immune07_87479,aneuploid,Tumor_epithelial,NMPR
BD_immune07_219885,aneuploid,Tumor_epithelial,NMPR
BD_immune07_842913,aneuploid,Tumor_epithelial,NMPR
BD_immune07_192928,aneuploid,Tumor_epithelial,NMPR
BD_immune07_735828,aneuploid,Tumor_epithelial,NMPR
BD_immune07_419381,aneuploid,Tumor_epithelial,NMPR
BD_immune07_780019,aneuploid,Tumor_epithelial,NMPR
BD_immune07_333018,aneuploid,Tumor_epithelial,NMPR
BD_immune07_695141,aneuploid,Tumor_epithelial,NMPR
BD_immune07_560229,aneuploid,Tumor_epithelial,NMPR
BD_immune07_66334,aneuploid,Tumor_epithelial,NMPR
BD_immune07_572662,aneuploid,Tumor_epithelial,NMPR
BD_immune07_278181,aneuploid,Tumor_epithelial,NMPR
BD_immune07_602859,aneuploid,Tumor_epithelial,NMPR
BD_immune07_699187,aneuploid,Tumor_epithelial,NMPR
BD_immune07_394915,aneuploid,Tumor_epithelial,NMPR
BD_immune07_239261,aneuploid,Tumor_epithelial,NMPR
BD_immune07_272239,aneuploid,Tumor_epithelial,NMPR
BD_immune07_268938,aneuploid,Tumor_epithelial,NMPR
BD_immune07_571301,aneuploid,Tumor_epithelial,NMPR
BD_immune07_64574,aneuploid,Tumor_epithelial,NMPR
BD_immune07_522583,aneuploid,Tumor_epithelial,NMPR
BD_immune07_761288,aneuploid,Tumor_epithelial,NMPR
BD_immune07_831378,aneuploid,Tumor_epithelial,NMPR
BD_immune07_643890,aneuploid,Tumor_epithelial,NMPR
BD_immune07_298103,aneuploid,Tumor_epithelial,NMPR
BD_immune07_719282,aneuploid,Tumor_epithelial,NMPR
BD_immune07_286463,aneuploid,Tumor_epithelial,NMPR
BD_immune07_281560,aneuploid,Tumor_epithelial,NMPR
BD_immune07_880472,aneuploid,Tumor_epithelial,NMPR
BD_immune07_359939,aneuploid,Tumor_epithelial,NMPR
BD_immune07_265006,aneuploid,Tumor_epithelial,NMPR
BD_immune07_381827,aneuploid,Tumor_epithelial,NMPR
BD_immune07_469202,aneuploid,Tumor_epithelial,NMPR
BD_immune07_470492,aneuploid,Tumor_epithelial,NMPR
BD_immune07_584234,aneuploid,Tumor_epithelial,NMPR
BD_immune07_796603,aneuploid,Tumor_epithelial,NMPR
BD_immune07_584845,aneuploid,Tumor_epithelial,NMPR
BD_immune07_97078,aneuploid,Tumor_epithelial,NMPR
BD_immune07_390771,aneuploid,Tumor_epithelial,NMPR
BD_immune07_242675,aneuploid,Tumor_epithelial,NMPR
BD_immune07_417196,aneuploid,Tumor_epithelial,NMPR
BD_immune07_768058,aneuploid,Tumor_epithelial,NMPR
BD_immune07_132321,aneuploid,Tumor_epithelial,NMPR
BD_immune07_20516,aneuploid,Tumor_epithelial,NMPR
BD_immune07_820285,aneuploid,Tumor_epithelial,NMPR
BD_immune07_694897,aneuploid,Tumor_epithelial,NMPR
BD_immune07_369914,aneuploid,Tumor_epithelial,NMPR
BD_immune07_796778,aneuploid,Tumor_epithelial,NMPR
BD_immune07_219017,aneuploid,Tumor_epithelial,NMPR
BD_immune07_873058,aneuploid,Tumor_epithelial,NMPR
BD_immune07_214258,aneuploid,Tumor_epithelial,NMPR
BD_immune07_340306,aneuploid,Tumor_epithelial,NMPR
BD_immune07_57329,aneuploid,Tumor_epithelial,NMPR
BD_immune07_474362,aneuploid,Tumor_epithelial,NMPR
BD_immune07_786228,aneuploid,Tumor_epithelial,NMPR
BD_immune07_444768,aneuploid,Tumor_epithelial,NMPR
BD_immune07_808055,aneuploid,Tumor_epithelial,NMPR
BD_immune07_378444,aneuploid,Tumor_epithelial,NMPR
BD_immune07_687833,aneuploid,Tumor_epithelial,NMPR
BD_immune07_586974,aneuploid,Tumor_epithelial,NMPR
BD_immune07_269031,aneuploid,Tumor_epithelial,NMPR
BD_immune07_182916,aneuploid,Tumor_epithelial,NMPR
BD_immune07_521935,aneuploid,Tumor_epithelial,NMPR
BD_immune07_807774,aneuploid,Tumor_epithelial,NMPR
BD_immune07_422521,aneuploid,Tumor_epithelial,NMPR
BD_immune07_811263,aneuploid,Tumor_epithelial,NMPR
BD_immune07_746586,aneuploid,Tumor_epithelial,NMPR
BD_immune07_133002,aneuploid,Tumor_epithelial,NMPR
BD_immune07_253125,aneuploid,Tumor_epithelial,NMPR
BD_immune07_585283,aneuploid,Tumor_epithelial,NMPR
BD_immune07_314692,aneuploid,Tumor_epithelial,NMPR
BD_immune07_356123,aneuploid,Tumor_epithelial,NMPR
BD_immune07_764581,aneuploid,Tumor_epithelial,NMPR
BD_immune07_616280,aneuploid,Tumor_epithelial,NMPR
BD_immune07_880254,aneuploid,Tumor_epithelial,NMPR
BD_immune07_150878,aneuploid,Tumor_epithelial,NMPR
BD_immune07_80113,aneuploid,Tumor_epithelial,NMPR
BD_immune07_396623,aneuploid,Tumor_epithelial,NMPR
BD_immune07_148456,aneuploid,Tumor_epithelial,NMPR
BD_immune07_131610,aneuploid,Tumor_epithelial,NMPR
BD_immune07_252085,aneuploid,Tumor_epithelial,NMPR
BD_immune07_503731,aneuploid,Tumor_epithelial,NMPR
BD_immune07_301557,aneuploid,Tumor_epithelial,NMPR
BD_immune07_649674,aneuploid,Tumor_epithelial,NMPR
BD_immune07_225285,aneuploid,Tumor_epithelial,NMPR
BD_immune07_534456,aneuploid,Tumor_epithelial,NMPR
BD_immune07_387737,aneuploid,Tumor_epithelial,NMPR
BD_immune07_266905,aneuploid,Tumor_epithelial,NMPR
BD_immune07_349756,aneuploid,Tumor_epithelial,NMPR
BD_immune07_668696,aneuploid,Tumor_epithelial,NMPR
BD_immune07_279328,aneuploid,Tumor_epithelial,NMPR
BD_immune07_266833,aneuploid,Tumor_epithelial,NMPR
BD_immune07_778594,aneuploid,Tumor_epithelial,NMPR
BD_immune07_93173,aneuploid,Tumor_epithelial,NMPR
BD_immune07_719369,aneuploid,Tumor_epithelial,NMPR
BD_immune07_9154,aneuploid,Tumor_epithelial,NMPR
BD_immune07_509818,aneuploid,Tumor_epithelial,NMPR
BD_immune07_489096,aneuploid,Tumor_epithelial,NMPR
BD_immune07_668111,aneuploid,Tumor_epithelial,NMPR
BD_immune07_224929,aneuploid,Tumor_epithelial,NMPR
BD_immune07_850990,aneuploid,Tumor_epithelial,NMPR
BD_immune07_523187,aneuploid,Tumor_epithelial,NMPR
BD_immune07_400981,aneuploid,Tumor_epithelial,NMPR
BD_immune07_724560,aneuploid,Tumor_epithelial,NMPR
BD_immune07_15074,aneuploid,Tumor_epithelial,NMPR
BD_immune07_638349,aneuploid,Tumor_epithelial,NMPR
BD_immune07_90294,aneuploid,Tumor_epithelial,NMPR
BD_immune07_754982,aneuploid,Tumor_epithelial,NMPR
BD_immune07_567156,aneuploid,Tumor_epithelial,NMPR
BD_immune07_831491,aneuploid,Tumor_epithelial,NMPR
BD_immune07_24117,aneuploid,Tumor_epithelial,NMPR
BD_immune07_831936,aneuploid,Tumor_epithelial,NMPR
BD_immune07_566316,aneuploid,Tumor_epithelial,NMPR
BD_immune07_737549,aneuploid,Tumor_epithelial,NMPR
BD_immune07_368558,aneuploid,Tumor_epithelial,NMPR
BD_immune07_209784,aneuploid,Tumor_epithelial,NMPR
BD_immune07_297746,aneuploid,Tumor_epithelial,NMPR
BD_immune07_755636,aneuploid,Tumor_epithelial,NMPR
BD_immune07_150148,aneuploid,Tumor_epithelial,NMPR
BD_immune07_806810,aneuploid,Tumor_epithelial,NMPR
BD_immune07_546939,aneuploid,Tumor_epithelial,NMPR
BD_immune07_626878,aneuploid,Tumor_epithelial,NMPR
BD_immune07_726899,aneuploid,Tumor_epithelial,NMPR
BD_immune07_331226,aneuploid,Tumor_epithelial,NMPR
BD_immune07_296631,aneuploid,Tumor_epithelial,NMPR
BD_immune07_265271,aneuploid,Tumor_epithelial,NMPR
BD_immune07_492974,aneuploid,Tumor_epithelial,NMPR
BD_immune07_447682,aneuploid,Tumor_epithelial,NMPR
BD_immune07_677857,aneuploid,Tumor_epithelial,NMPR
BD_immune07_291425,aneuploid,Tumor_epithelial,NMPR
BD_immune07_718181,aneuploid,Tumor_epithelial,NMPR
BD_immune07_339828,aneuploid,Tumor_epithelial,NMPR
BD_immune07_377756,aneuploid,Tumor_epithelial,NMPR
BD_immune07_732217,aneuploid,Tumor_epithelial,NMPR
BD_immune07_567601,aneuploid,Tumor_epithelial,NMPR
BD_immune07_421163,aneuploid,Tumor_epithelial,NMPR
BD_immune07_192260,aneuploid,Tumor_epithelial,NMPR
BD_immune07_683367,aneuploid,Tumor_epithelial,NMPR
BD_immune07_184653,aneuploid,Tumor_epithelial,NMPR
BD_immune07_815497,aneuploid,Tumor_epithelial,NMPR
BD_immune07_94947,aneuploid,Tumor_epithelial,NMPR
BD_immune07_686291,aneuploid,Tumor_epithelial,NMPR
BD_immune07_669376,aneuploid,Tumor_epithelial,NMPR
BD_immune07_669896,aneuploid,Tumor_epithelial,NMPR
BD_immune07_27640,aneuploid,Tumor_epithelial,NMPR
BD_immune07_57744,aneuploid,Tumor_epithelial,NMPR
BD_immune07_640677,aneuploid,Tumor_epithelial,NMPR
BD_immune07_600052,aneuploid,Tumor_epithelial,NMPR
BD_immune07_849395,aneuploid,Tumor_epithelial,NMPR
BD_immune07_311630,aneuploid,Tumor_epithelial,NMPR
BD_immune07_442848,aneuploid,Tumor_epithelial,NMPR
BD_immune07_820008,aneuploid,Tumor_epithelial,NMPR
BD_immune07_832401,aneuploid,Tumor_epithelial,NMPR
BD_immune07_114657,aneuploid,Tumor_epithelial,NMPR
BD_immune07_867647,aneuploid,Tumor_epithelial,NMPR
BD_immune07_832780,aneuploid,Tumor_epithelial,NMPR
BD_immune07_880123,aneuploid,Tumor_epithelial,NMPR
BD_immune07_812797,aneuploid,Tumor_epithelial,NMPR
BD_immune07_795160,aneuploid,Tumor_epithelial,NMPR
BD_immune07_312352,aneuploid,Tumor_epithelial,NMPR
BD_immune07_57262,aneuploid,Tumor_epithelial,NMPR
BD_immune07_743040,aneuploid,Tumor_epithelial,NMPR
BD_immune07_74158,aneuploid,Tumor_epithelial,NMPR
BD_immune07_88215,aneuploid,Tumor_epithelial,NMPR
BD_immune07_607820,aneuploid,Tumor_epithelial,NMPR
BD_immune07_375069,aneuploid,Tumor_epithelial,NMPR
BD_immune07_179680,aneuploid,Tumor_epithelial,NMPR
BD_immune07_708703,aneuploid,Tumor_epithelial,NMPR
BD_immune07_418462,aneuploid,Tumor_epithelial,NMPR
BD_immune07_743806,aneuploid,Tumor_epithelial,NMPR
BD_immune07_488447,aneuploid,Tumor_epithelial,NMPR
BD_immune07_172185,aneuploid,Tumor_epithelial,NMPR
BD_immune07_662420,aneuploid,Tumor_epithelial,NMPR
BD_immune07_658586,aneuploid,Tumor_epithelial,NMPR
BD_immune07_249273,aneuploid,Tumor_epithelial,NMPR
BD_immune07_455206,aneuploid,Tumor_epithelial,NMPR
BD_immune07_872189,aneuploid,Tumor_epithelial,NMPR
BD_immune07_120641,aneuploid,Tumor_epithelial,NMPR
BD_immune07_555668,aneuploid,Tumor_epithelial,NMPR
BD_immune07_518452,aneuploid,Tumor_epithelial,NMPR
BD_immune07_130603,aneuploid,Tumor_epithelial,NMPR
BD_immune07_290181,aneuploid,Tumor_epithelial,NMPR
BD_immune07_727183,aneuploid,Tumor_epithelial,NMPR
BD_immune07_829120,aneuploid,Tumor_epithelial,NMPR
BD_immune07_721104,aneuploid,Tumor_epithelial,NMPR
BD_immune07_11488,aneuploid,Tumor_epithelial,NMPR
BD_immune07_774873,aneuploid,Tumor_epithelial,NMPR
BD_immune07_610263,aneuploid,Tumor_epithelial,NMPR
BD_immune07_543385,aneuploid,Tumor_epithelial,NMPR
BD_immune07_779249,aneuploid,Tumor_epithelial,NMPR
BD_immune07_103489,aneuploid,Tumor_epithelial,NMPR
BD_immune07_870936,aneuploid,Tumor_epithelial,NMPR
BD_immune07_286997,aneuploid,Tumor_epithelial,NMPR
BD_immune07_262757,aneuploid,Tumor_epithelial,NMPR
BD_immune07_620263,aneuploid,Tumor_epithelial,NMPR
BD_immune07_95765,aneuploid,Tumor_epithelial,NMPR
BD_immune07_240027,aneuploid,Tumor_epithelial,NMPR
BD_immune07_242513,aneuploid,Tumor_epithelial,NMPR
BD_immune07_57081,aneuploid,Tumor_epithelial,NMPR
BD_immune07_265743,aneuploid,Tumor_epithelial,NMPR
BD_immune07_687149,aneuploid,Tumor_epithelial,NMPR
BD_immune07_122101,aneuploid,Tumor_epithelial,NMPR
BD_immune07_580566,aneuploid,Tumor_epithelial,NMPR
BD_immune07_515617,aneuploid,Tumor_epithelial,NMPR
BD_immune07_751598,aneuploid,Tumor_epithelial,NMPR
BD_immune07_311594,aneuploid,Tumor_epithelial,NMPR
BD_immune07_238055,aneuploid,Tumor_epithelial,NMPR
BD_immune07_532759,aneuploid,Tumor_epithelial,NMPR
BD_immune07_257034,aneuploid,Tumor_epithelial,NMPR
BD_immune07_97057,aneuploid,Tumor_epithelial,NMPR
BD_immune07_196174,aneuploid,Tumor_epithelial,NMPR
BD_immune07_494600,aneuploid,Tumor_epithelial,NMPR
BD_immune07_623885,aneuploid,Tumor_epithelial,NMPR
BD_immune07_136681,aneuploid,Tumor_epithelial,NMPR
BD_immune07_482380,aneuploid,Tumor_epithelial,NMPR
BD_immune07_866152,aneuploid,Tumor_epithelial,NMPR
BD_immune07_484135,aneuploid,Tumor_epithelial,NMPR
BD_immune07_780853,aneuploid,Tumor_epithelial,NMPR
BD_immune07_475346,aneuploid,Tumor_epithelial,NMPR
BD_immune07_91671,aneuploid,Tumor_epithelial,NMPR
BD_immune07_570519,aneuploid,Tumor_epithelial,NMPR
BD_immune07_827546,aneuploid,Tumor_epithelial,NMPR
BD_immune07_148559,aneuploid,Tumor_epithelial,NMPR
BD_immune07_862133,aneuploid,Tumor_epithelial,NMPR
BD_immune07_800287,aneuploid,Tumor_epithelial,NMPR
BD_immune07_673095,aneuploid,Tumor_epithelial,NMPR
BD_immune07_130183,aneuploid,Tumor_epithelial,NMPR
BD_immune07_59013,aneuploid,Tumor_epithelial,NMPR
BD_immune07_673442,aneuploid,Tumor_epithelial,NMPR
BD_immune07_528907,aneuploid,Tumor_epithelial,NMPR
BD_immune07_377369,aneuploid,Tumor_epithelial,NMPR
BD_immune07_780730,aneuploid,Tumor_epithelial,NMPR
BD_immune07_607455,aneuploid,Tumor_epithelial,NMPR
BD_immune07_586906,aneuploid,Tumor_epithelial,NMPR
BD_immune07_462054,aneuploid,Tumor_epithelial,NMPR
BD_immune07_733725,aneuploid,Tumor_epithelial,NMPR
BD_immune07_102617,aneuploid,Tumor_epithelial,NMPR
BD_immune07_270053,aneuploid,Tumor_epithelial,NMPR
BD_immune07_236983,aneuploid,Tumor_epithelial,NMPR
BD_immune07_83596,aneuploid,Tumor_epithelial,NMPR
BD_immune07_860689,aneuploid,Tumor_epithelial,NMPR
BD_immune07_31862,aneuploid,Tumor_epithelial,NMPR
BD_immune07_674652,aneuploid,Tumor_epithelial,NMPR
BD_immune07_503682,aneuploid,Tumor_epithelial,NMPR
BD_immune07_814895,aneuploid,Tumor_epithelial,NMPR
BD_immune07_138665,aneuploid,Tumor_epithelial,NMPR
BD_immune07_106804,aneuploid,Tumor_epithelial,NMPR
BD_immune07_357984,aneuploid,Tumor_epithelial,NMPR
BD_immune07_792972,aneuploid,Tumor_epithelial,NMPR
BD_immune07_55772,aneuploid,Tumor_epithelial,NMPR
BD_immune07_685289,aneuploid,Tumor_epithelial,NMPR
BD_immune07_486484,aneuploid,Tumor_epithelial,NMPR
BD_immune07_192017,aneuploid,Tumor_epithelial,NMPR
BD_immune07_276254,aneuploid,Tumor_epithelial,NMPR
BD_immune07_410609,aneuploid,Tumor_epithelial,NMPR
BD_immune07_397981,aneuploid,Tumor_epithelial,NMPR
BD_immune07_183823,aneuploid,Tumor_epithelial,NMPR
BD_immune07_640819,aneuploid,Tumor_epithelial,NMPR
BD_immune07_859807,aneuploid,Tumor_epithelial,NMPR
BD_immune07_497909,aneuploid,Tumor_epithelial,NMPR
BD_immune07_296325,aneuploid,Tumor_epithelial,NMPR
BD_immune07_762666,aneuploid,Tumor_epithelial,NMPR
BD_immune07_811422,aneuploid,Tumor_epithelial,NMPR
BD_immune07_569695,aneuploid,Tumor_epithelial,NMPR
BD_immune07_767078,aneuploid,Tumor_epithelial,NMPR
BD_immune07_825395,aneuploid,Tumor_epithelial,NMPR
BD_immune07_469877,aneuploid,Tumor_epithelial,NMPR
BD_immune07_520440,aneuploid,Tumor_epithelial,NMPR
BD_immune07_742908,aneuploid,Tumor_epithelial,NMPR
BD_immune07_8877,aneuploid,Tumor_epithelial,NMPR
BD_immune07_589060,aneuploid,Tumor_epithelial,NMPR
BD_immune07_402788,aneuploid,Tumor_epithelial,NMPR
BD_immune07_442861,aneuploid,Tumor_epithelial,NMPR
BD_immune07_884403,aneuploid,Tumor_epithelial,NMPR
BD_immune07_313797,aneuploid,Tumor_epithelial,NMPR
BD_immune07_518464,aneuploid,Tumor_epithelial,NMPR
BD_immune07_179838,aneuploid,Tumor_epithelial,NMPR
BD_immune07_312384,aneuploid,Tumor_epithelial,NMPR
BD_immune07_382955,aneuploid,Tumor_epithelial,NMPR
BD_immune07_176975,aneuploid,Tumor_epithelial,NMPR
BD_immune07_854184,aneuploid,Tumor_epithelial,NMPR
BD_immune07_709864,aneuploid,Tumor_epithelial,NMPR
BD_immune07_104185,aneuploid,Tumor_epithelial,NMPR
BD_immune07_633751,aneuploid,Tumor_epithelial,NMPR
BD_immune07_670113,aneuploid,Tumor_epithelial,NMPR
BD_immune07_803959,aneuploid,Tumor_epithelial,NMPR
BD_immune07_881106,aneuploid,Tumor_epithelial,NMPR
BD_immune07_476913,aneuploid,Tumor_epithelial,NMPR
BD_immune07_243447,aneuploid,Tumor_epithelial,NMPR
BD_immune07_496421,aneuploid,Tumor_epithelial,NMPR
BD_immune07_860128,aneuploid,Tumor_epithelial,NMPR
BD_immune07_276741,aneuploid,Tumor_epithelial,NMPR
BD_immune07_254372,aneuploid,Tumor_epithelial,NMPR
BD_immune07_41101,aneuploid,Tumor_epithelial,NMPR
BD_immune07_87962,aneuploid,Tumor_epithelial,NMPR
BD_immune07_757201,aneuploid,Tumor_epithelial,NMPR
BD_immune07_306468,aneuploid,Tumor_epithelial,NMPR
BD_immune07_640200,aneuploid,Tumor_epithelial,NMPR
BD_immune07_755646,aneuploid,Tumor_epithelial,NMPR
BD_immune07_602098,aneuploid,Tumor_epithelial,NMPR
BD_immune07_736204,aneuploid,Tumor_epithelial,NMPR
BD_immune07_344874,aneuploid,Tumor_epithelial,NMPR
BD_immune07_522573,aneuploid,Tumor_epithelial,NMPR
BD_immune07_232659,aneuploid,Tumor_epithelial,NMPR
BD_immune07_684192,aneuploid,Tumor_epithelial,NMPR
BD_immune07_104991,aneuploid,Tumor_epithelial,NMPR
BD_immune07_620823,aneuploid,Tumor_epithelial,NMPR
BD_immune07_65357,aneuploid,Tumor_epithelial,NMPR
BD_immune07_387987,aneuploid,Tumor_epithelial,NMPR
BD_immune07_741888,aneuploid,Tumor_epithelial,NMPR
BD_immune07_784495,aneuploid,Tumor_epithelial,NMPR
BD_immune07_567236,aneuploid,Tumor_epithelial,NMPR
BD_immune07_626909,aneuploid,Tumor_epithelial,NMPR
BD_immune07_367028,aneuploid,Tumor_epithelial,NMPR
BD_immune07_369560,aneuploid,Tumor_epithelial,NMPR
BD_immune07_218042,aneuploid,Tumor_epithelial,NMPR
BD_immune07_812234,aneuploid,Tumor_epithelial,NMPR
BD_immune07_485819,aneuploid,Tumor_epithelial,NMPR
BD_immune07_438893,aneuploid,Tumor_epithelial,NMPR
BD_immune07_242646,aneuploid,Tumor_epithelial,NMPR
BD_immune07_636267,aneuploid,Tumor_epithelial,NMPR
BD_immune07_391859,aneuploid,Tumor_epithelial,NMPR
BD_immune07_71498,aneuploid,Tumor_epithelial,NMPR
BD_immune07_78573,aneuploid,Tumor_epithelial,NMPR
BD_immune07_234442,aneuploid,Tumor_epithelial,NMPR
BD_immune07_264909,aneuploid,Tumor_epithelial,NMPR
BD_immune07_205097,aneuploid,Tumor_epithelial,NMPR
BD_immune07_39,aneuploid,Tumor_epithelial,NMPR
BD_immune07_199076,aneuploid,Tumor_epithelial,NMPR
BD_immune07_317684,aneuploid,Tumor_epithelial,NMPR
BD_immune07_104525,aneuploid,Tumor_epithelial,NMPR
BD_immune07_805617,aneuploid,Tumor_epithelial,NMPR
BD_immune07_339077,aneuploid,Tumor_epithelial,NMPR
BD_immune07_582756,aneuploid,Tumor_epithelial,NMPR
BD_immune07_420000,aneuploid,Tumor_epithelial,NMPR
BD_immune07_585565,aneuploid,Tumor_epithelial,NMPR
BD_immune07_746539,aneuploid,Tumor_epithelial,NMPR
BD_immune07_262640,aneuploid,Tumor_epithelial,NMPR
BD_immune07_770245,aneuploid,Tumor_epithelial,NMPR
BD_immune07_396735,aneuploid,Tumor_epithelial,NMPR
BD_immune07_700495,aneuploid,Tumor_epithelial,NMPR
BD_immune07_38980,aneuploid,Tumor_epithelial,NMPR
BD_immune07_8805,aneuploid,Tumor_epithelial,NMPR
BD_immune07_395362,aneuploid,Tumor_epithelial,NMPR
BD_immune07_776845,aneuploid,Tumor_epithelial,NMPR
BD_immune07_832659,aneuploid,Tumor_epithelial,NMPR
BD_immune07_815108,aneuploid,Tumor_epithelial,NMPR
BD_immune07_192213,aneuploid,Tumor_epithelial,NMPR
BD_immune07_721105,aneuploid,Tumor_epithelial,NMPR
BD_immune07_107544,aneuploid,Tumor_epithelial,NMPR
BD_immune07_326077,aneuploid,Tumor_epithelial,NMPR
BD_immune07_258458,aneuploid,Tumor_epithelial,NMPR
BD_immune07_743382,aneuploid,Tumor_epithelial,NMPR
BD_immune07_622071,aneuploid,Tumor_epithelial,NMPR
BD_immune07_503162,aneuploid,Tumor_epithelial,NMPR
BD_immune07_422694,aneuploid,Tumor_epithelial,NMPR
BD_immune07_682443,aneuploid,Tumor_epithelial,NMPR
BD_immune07_326769,aneuploid,Tumor_epithelial,NMPR
BD_immune07_445371,aneuploid,Tumor_epithelial,NMPR
BD_immune07_691657,aneuploid,Tumor_epithelial,NMPR
BD_immune07_604711,aneuploid,Tumor_epithelial,NMPR
BD_immune07_795037,aneuploid,Tumor_epithelial,NMPR
BD_immune07_387310,aneuploid,Tumor_epithelial,NMPR
BD_immune07_221524,aneuploid,Tumor_epithelial,NMPR
BD_immune07_471990,aneuploid,Tumor_epithelial,NMPR
BD_immune07_493356,aneuploid,Tumor_epithelial,NMPR
BD_immune07_97668,aneuploid,Tumor_epithelial,NMPR
BD_immune07_35651,aneuploid,Tumor_epithelial,NMPR
BD_immune07_42689,aneuploid,Tumor_epithelial,NMPR
BD_immune07_258228,aneuploid,Tumor_epithelial,NMPR
BD_immune07_328987,aneuploid,Tumor_epithelial,NMPR
BD_immune07_167478,aneuploid,Tumor_epithelial,NMPR
BD_immune07_381046,aneuploid,Tumor_epithelial,NMPR
BD_immune07_415450,aneuploid,Tumor_epithelial,NMPR
BD_immune07_505914,aneuploid,Tumor_epithelial,NMPR
BD_immune07_643341,aneuploid,Tumor_epithelial,NMPR
BD_immune07_402604,aneuploid,Tumor_epithelial,NMPR
BD_immune07_745211,aneuploid,Tumor_epithelial,NMPR
BD_immune07_265828,aneuploid,Tumor_epithelial,NMPR
BD_immune07_169818,aneuploid,Tumor_epithelial,NMPR
BD_immune07_435697,aneuploid,Tumor_epithelial,NMPR
BD_immune07_483122,aneuploid,Tumor_epithelial,NMPR
BD_immune07_68859,aneuploid,Tumor_epithelial,NMPR
BD_immune07_114290,aneuploid,Tumor_epithelial,NMPR
BD_immune07_418217,aneuploid,Tumor_epithelial,NMPR
BD_immune07_640780,aneuploid,Tumor_epithelial,NMPR
BD_immune07_801855,aneuploid,Tumor_epithelial,NMPR
BD_immune07_3973,aneuploid,Tumor_epithelial,NMPR
BD_immune07_524805,aneuploid,Tumor_epithelial,NMPR
BD_immune07_649594,aneuploid,Tumor_epithelial,NMPR
BD_immune07_239269,aneuploid,Tumor_epithelial,NMPR
BD_immune07_464786,aneuploid,Tumor_epithelial,NMPR
BD_immune07_845621,aneuploid,Tumor_epithelial,NMPR
BD_immune07_308443,aneuploid,Tumor_epithelial,NMPR
BD_immune07_738686,aneuploid,Tumor_epithelial,NMPR
BD_immune07_416214,aneuploid,Tumor_epithelial,NMPR
BD_immune07_91564,aneuploid,Tumor_epithelial,NMPR
BD_immune07_423444,aneuploid,Tumor_epithelial,NMPR
BD_immune07_739155,aneuploid,Tumor_epithelial,NMPR
BD_immune07_279334,aneuploid,Tumor_epithelial,NMPR
BD_immune07_275193,aneuploid,Tumor_epithelial,NMPR
BD_immune07_355206,aneuploid,Tumor_epithelial,NMPR
BD_immune07_488735,aneuploid,Tumor_epithelial,NMPR
BD_immune07_369864,aneuploid,Tumor_epithelial,NMPR
BD_immune07_54683,aneuploid,Tumor_epithelial,NMPR
BD_immune07_22366,aneuploid,Tumor_epithelial,NMPR
BD_immune07_39395,aneuploid,Tumor_epithelial,NMPR
BD_immune07_553846,aneuploid,Tumor_epithelial,NMPR
BD_immune07_403776,aneuploid,Tumor_epithelial,NMPR
BD_immune07_244934,aneuploid,Tumor_epithelial,NMPR
BD_immune07_198402,aneuploid,Tumor_epithelial,NMPR
BD_immune07_286912,aneuploid,Tumor_epithelial,NMPR
BD_immune07_866903,aneuploid,Tumor_epithelial,NMPR
BD_immune07_169465,aneuploid,Tumor_epithelial,NMPR
BD_immune07_567530,aneuploid,Tumor_epithelial,NMPR
BD_immune07_858039,aneuploid,Tumor_epithelial,NMPR
BD_immune07_306116,aneuploid,Tumor_epithelial,NMPR
BD_immune07_199538,aneuploid,Tumor_epithelial,NMPR
BD_immune07_151389,aneuploid,Tumor_epithelial,NMPR
BD_immune07_831114,aneuploid,Tumor_epithelial,NMPR
BD_immune07_305890,aneuploid,Tumor_epithelial,NMPR
BD_immune07_79679,aneuploid,Tumor_epithelial,NMPR
BD_immune07_823269,aneuploid,Tumor_epithelial,NMPR
BD_immune07_331359,aneuploid,Tumor_epithelial,NMPR
BD_immune07_770189,aneuploid,Tumor_epithelial,NMPR
BD_immune07_763766,aneuploid,Tumor_epithelial,NMPR
BD_immune07_586895,aneuploid,Tumor_epithelial,NMPR
BD_immune07_676396,aneuploid,Tumor_epithelial,NMPR
BD_immune07_771860,aneuploid,Tumor_epithelial,NMPR
BD_immune07_515093,aneuploid,Tumor_epithelial,NMPR
BD_immune07_516250,aneuploid,Tumor_epithelial,NMPR
BD_immune07_25923,aneuploid,Tumor_epithelial,NMPR
BD_immune07_118647,aneuploid,Tumor_epithelial,NMPR
BD_immune07_875924,aneuploid,Tumor_epithelial,NMPR
BD_immune07_703285,aneuploid,Tumor_epithelial,NMPR
BD_immune07_496919,aneuploid,Tumor_epithelial,NMPR
BD_immune07_473549,aneuploid,Tumor_epithelial,NMPR
BD_immune07_644734,aneuploid,Tumor_epithelial,NMPR
BD_immune07_447771,aneuploid,Tumor_epithelial,NMPR
BD_immune07_509439,aneuploid,Tumor_epithelial,NMPR
BD_immune07_537273,aneuploid,Tumor_epithelial,NMPR
BD_immune07_617305,aneuploid,Tumor_epithelial,NMPR
BD_immune07_823991,aneuploid,Tumor_epithelial,NMPR
BD_immune07_415194,aneuploid,Tumor_epithelial,NMPR
BD_immune07_527195,aneuploid,Tumor_epithelial,NMPR
BD_immune07_44850,aneuploid,Tumor_epithelial,NMPR
BD_immune07_535454,aneuploid,Tumor_epithelial,NMPR
BD_immune07_761645,aneuploid,Tumor_epithelial,NMPR
BD_immune07_843098,aneuploid,Tumor_epithelial,NMPR
BD_immune07_708596,aneuploid,Tumor_epithelial,NMPR
BD_immune07_7457,aneuploid,Tumor_epithelial,NMPR
BD_immune07_273802,aneuploid,Tumor_epithelial,NMPR
BD_immune07_564951,aneuploid,Tumor_epithelial,NMPR
BD_immune07_322676,aneuploid,Tumor_epithelial,NMPR
BD_immune07_632027,aneuploid,Tumor_epithelial,NMPR
BD_immune07_458876,aneuploid,Tumor_epithelial,NMPR
BD_immune07_447379,aneuploid,Tumor_epithelial,NMPR
BD_immune07_762914,aneuploid,Tumor_epithelial,NMPR
BD_immune07_601410,aneuploid,Tumor_epithelial,NMPR
BD_immune07_632343,aneuploid,Tumor_epithelial,NMPR
BD_immune07_310874,aneuploid,Tumor_epithelial,NMPR
BD_immune07_57829,aneuploid,Tumor_epithelial,NMPR
BD_immune07_641228,aneuploid,Tumor_epithelial,NMPR
BD_immune07_145800,aneuploid,Tumor_epithelial,NMPR
BD_immune07_483093,aneuploid,Tumor_epithelial,NMPR
BD_immune07_98945,aneuploid,Tumor_epithelial,NMPR
BD_immune07_163326,aneuploid,Tumor_epithelial,NMPR
BD_immune07_492841,aneuploid,Tumor_epithelial,NMPR
BD_immune07_687552,aneuploid,Tumor_epithelial,NMPR
BD_immune07_823314,aneuploid,Tumor_epithelial,NMPR
BD_immune07_564249,aneuploid,Tumor_epithelial,NMPR
BD_immune07_785588,aneuploid,Tumor_epithelial,NMPR
BD_immune07_302520,aneuploid,Tumor_epithelial,NMPR
BD_immune07_174343,aneuploid,Tumor_epithelial,NMPR
BD_immune07_780630,aneuploid,Tumor_epithelial,NMPR
BD_immune07_121993,aneuploid,Tumor_epithelial,NMPR
BD_immune07_562195,aneuploid,Tumor_epithelial,NMPR
BD_immune07_789043,aneuploid,Tumor_epithelial,NMPR
BD_immune07_458210,aneuploid,Tumor_epithelial,NMPR
BD_immune07_98972,aneuploid,Tumor_epithelial,NMPR
BD_immune07_717133,aneuploid,Tumor_epithelial,NMPR
BD_immune07_463840,aneuploid,Tumor_epithelial,NMPR
BD_immune07_870205,aneuploid,Tumor_epithelial,NMPR
BD_immune07_505247,aneuploid,Tumor_epithelial,NMPR
BD_immune07_538229,aneuploid,Tumor_epithelial,NMPR
BD_immune07_642785,aneuploid,Tumor_epithelial,NMPR
BD_immune07_333489,aneuploid,Tumor_epithelial,NMPR
BD_immune07_3843,aneuploid,Tumor_epithelial,NMPR
BD_immune07_642190,aneuploid,Tumor_epithelial,NMPR
BD_immune07_484214,aneuploid,Tumor_epithelial,NMPR
BD_immune07_195917,aneuploid,Tumor_epithelial,NMPR
BD_immune07_97130,aneuploid,Tumor_epithelial,NMPR
BD_immune07_667579,aneuploid,Tumor_epithelial,NMPR
BD_immune07_157619,aneuploid,Tumor_epithelial,NMPR
BD_immune07_489976,aneuploid,Tumor_epithelial,NMPR
BD_immune07_522533,aneuploid,Tumor_epithelial,NMPR
BD_immune07_445133,aneuploid,Tumor_epithelial,NMPR
BD_immune07_862797,aneuploid,Tumor_epithelial,NMPR
BD_immune07_612990,aneuploid,Tumor_epithelial,NMPR
BD_immune07_7473,aneuploid,Tumor_epithelial,NMPR
BD_immune07_735730,aneuploid,Tumor_epithelial,NMPR
BD_immune07_639381,aneuploid,Tumor_epithelial,NMPR
BD_immune07_667042,aneuploid,Tumor_epithelial,NMPR
BD_immune07_712656,aneuploid,Tumor_epithelial,NMPR
BD_immune07_688117,aneuploid,Tumor_epithelial,NMPR
BD_immune07_731506,aneuploid,Tumor_epithelial,NMPR
BD_immune07_634642,aneuploid,Tumor_epithelial,NMPR
BD_immune07_183671,aneuploid,Tumor_epithelial,NMPR
BD_immune07_168107,aneuploid,Tumor_epithelial,NMPR
BD_immune07_16065,aneuploid,Tumor_epithelial,NMPR
BD_immune07_689872,aneuploid,Tumor_epithelial,NMPR
BD_immune07_384161,aneuploid,Tumor_epithelial,NMPR
BD_immune07_874867,aneuploid,Tumor_epithelial,NMPR
BD_immune07_570531,aneuploid,Tumor_epithelial,NMPR
BD_immune07_340755,aneuploid,Tumor_epithelial,NMPR
BD_immune07_499069,aneuploid,Tumor_epithelial,NMPR
BD_immune07_580972,aneuploid,Tumor_epithelial,NMPR
BD_immune07_87608,aneuploid,Tumor_epithelial,NMPR
BD_immune07_225565,aneuploid,Tumor_epithelial,NMPR
BD_immune07_124366,aneuploid,Tumor_epithelial,NMPR
BD_immune07_494604,aneuploid,Tumor_epithelial,NMPR
BD_immune07_491917,aneuploid,Tumor_epithelial,NMPR
BD_immune07_336353,aneuploid,Tumor_epithelial,NMPR
BD_immune07_82809,aneuploid,Tumor_epithelial,NMPR
BD_immune07_738053,aneuploid,Tumor_epithelial,NMPR
BD_immune07_496465,aneuploid,Tumor_epithelial,NMPR
BD_immune07_616493,aneuploid,Tumor_epithelial,NMPR
BD_immune07_862185,aneuploid,Tumor_epithelial,NMPR
BD_immune07_396159,aneuploid,Tumor_epithelial,NMPR
BD_immune07_469314,aneuploid,Tumor_epithelial,NMPR
BD_immune07_562531,aneuploid,Tumor_epithelial,NMPR
BD_immune07_310216,aneuploid,Tumor_epithelial,NMPR
BD_immune07_4465,aneuploid,Tumor_epithelial,NMPR
BD_immune07_587055,aneuploid,Tumor_epithelial,NMPR
BD_immune07_704264,aneuploid,Tumor_epithelial,NMPR
BD_immune07_91864,aneuploid,Tumor_epithelial,NMPR
BD_immune07_67449,aneuploid,Tumor_epithelial,NMPR
BD_immune07_265646,aneuploid,Tumor_epithelial,NMPR
BD_immune07_434953,aneuploid,Tumor_epithelial,NMPR
BD_immune07_164392,aneuploid,Tumor_epithelial,NMPR
BD_immune07_848609,aneuploid,Tumor_epithelial,NMPR
BD_immune07_125015,aneuploid,Tumor_epithelial,NMPR
BD_immune07_471495,aneuploid,Tumor_epithelial,NMPR
BD_immune07_297367,aneuploid,Tumor_epithelial,NMPR
BD_immune07_639696,aneuploid,Tumor_epithelial,NMPR
BD_immune07_524866,aneuploid,Tumor_epithelial,NMPR
BD_immune07_562502,aneuploid,Tumor_epithelial,NMPR
BD_immune07_83822,aneuploid,Tumor_epithelial,NMPR
BD_immune07_158457,aneuploid,Tumor_epithelial,NMPR
BD_immune07_26161,aneuploid,Tumor_epithelial,NMPR
BD_immune07_345964,aneuploid,Tumor_epithelial,NMPR
BD_immune07_416025,aneuploid,Tumor_epithelial,NMPR
BD_immune07_178965,aneuploid,Tumor_epithelial,NMPR
BD_immune07_804355,aneuploid,Tumor_epithelial,NMPR
BD_immune07_465551,aneuploid,Tumor_epithelial,NMPR
BD_immune07_115925,aneuploid,Tumor_epithelial,NMPR
BD_immune07_143143,aneuploid,Tumor_epithelial,NMPR
BD_immune07_60032,aneuploid,Tumor_epithelial,NMPR
BD_immune07_310052,aneuploid,Tumor_epithelial,NMPR
BD_immune07_745163,aneuploid,Tumor_epithelial,NMPR
BD_immune07_639254,aneuploid,Tumor_epithelial,NMPR
BD_immune07_293732,aneuploid,Tumor_epithelial,NMPR
BD_immune07_169787,aneuploid,Tumor_epithelial,NMPR
BD_immune07_810617,aneuploid,Tumor_epithelial,NMPR
BD_immune07_881323,aneuploid,Tumor_epithelial,NMPR
BD_immune07_691947,aneuploid,Tumor_epithelial,NMPR
BD_immune07_322285,aneuploid,Tumor_epithelial,NMPR
BD_immune07_123717,aneuploid,Tumor_epithelial,NMPR
BD_immune07_698777,aneuploid,Tumor_epithelial,NMPR
BD_immune07_745556,aneuploid,Tumor_epithelial,NMPR
BD_immune07_258701,aneuploid,Tumor_epithelial,NMPR
BD_immune07_18475,aneuploid,Tumor_epithelial,NMPR
BD_immune07_643935,aneuploid,Tumor_epithelial,NMPR
BD_immune07_560348,aneuploid,Tumor_epithelial,NMPR
BD_immune07_306931,aneuploid,Tumor_epithelial,NMPR
BD_immune07_746160,aneuploid,Tumor_epithelial,NMPR
BD_immune07_130923,aneuploid,Tumor_epithelial,NMPR
BD_immune07_88776,aneuploid,Tumor_epithelial,NMPR
BD_immune07_493015,aneuploid,Tumor_epithelial,NMPR
BD_immune07_384149,aneuploid,Tumor_epithelial,NMPR
BD_immune07_37501,aneuploid,Tumor_epithelial,NMPR
BD_immune07_177397,aneuploid,Tumor_epithelial,NMPR
BD_immune07_561472,aneuploid,Tumor_epithelial,NMPR
BD_immune07_667246,aneuploid,Tumor_epithelial,NMPR
BD_immune07_561764,aneuploid,Tumor_epithelial,NMPR
BD_immune07_639271,aneuploid,Tumor_epithelial,NMPR
BD_immune07_633173,aneuploid,Tumor_epithelial,NMPR
BD_immune07_456382,aneuploid,Tumor_epithelial,NMPR
BD_immune07_808653,aneuploid,Tumor_epithelial,NMPR
BD_immune07_640964,aneuploid,Tumor_epithelial,NMPR
BD_immune07_728844,aneuploid,Tumor_epithelial,NMPR
BD_immune07_8186,aneuploid,Tumor_epithelial,NMPR
BD_immune07_485014,aneuploid,Tumor_epithelial,NMPR
BD_immune07_86341,aneuploid,Tumor_epithelial,NMPR
BD_immune07_379035,aneuploid,Tumor_epithelial,NMPR
BD_immune07_850570,aneuploid,Tumor_epithelial,NMPR
BD_immune07_436964,aneuploid,Tumor_epithelial,NMPR
BD_immune07_571124,aneuploid,Tumor_epithelial,NMPR
BD_immune07_534808,aneuploid,Tumor_epithelial,NMPR
BD_immune07_879802,aneuploid,Tumor_epithelial,NMPR
BD_immune07_661552,aneuploid,Tumor_epithelial,NMPR
BD_immune07_418079,aneuploid,Tumor_epithelial,NMPR
BD_immune07_868311,aneuploid,Tumor_epithelial,NMPR
BD_immune07_12337,aneuploid,Tumor_epithelial,NMPR
BD_immune07_791350,aneuploid,Tumor_epithelial,NMPR
BD_immune07_760759,aneuploid,Tumor_epithelial,NMPR
BD_immune07_300388,aneuploid,Tumor_epithelial,NMPR
BD_immune07_95786,aneuploid,Tumor_epithelial,NMPR
BD_immune07_72313,aneuploid,Tumor_epithelial,NMPR
BD_immune07_312655,aneuploid,Tumor_epithelial,NMPR
BD_immune07_525711,aneuploid,Tumor_epithelial,NMPR
BD_immune07_225069,aneuploid,Tumor_epithelial,NMPR
BD_immune07_154952,aneuploid,Tumor_epithelial,NMPR
BD_immune07_53712,aneuploid,Tumor_epithelial,NMPR
BD_immune07_109512,aneuploid,Tumor_epithelial,NMPR
BD_immune07_402382,aneuploid,Tumor_epithelial,NMPR
BD_immune07_283850,aneuploid,Tumor_epithelial,NMPR
BD_immune07_706323,aneuploid,Tumor_epithelial,NMPR
BD_immune07_90770,aneuploid,Tumor_epithelial,NMPR
BD_immune07_594621,aneuploid,Tumor_epithelial,NMPR
BD_immune07_22548,aneuploid,Tumor_epithelial,NMPR
BD_immune07_643407,aneuploid,Tumor_epithelial,NMPR
BD_immune07_305843,aneuploid,Tumor_epithelial,NMPR
BD_immune07_812461,aneuploid,Tumor_epithelial,NMPR
BD_immune07_285275,aneuploid,Tumor_epithelial,NMPR
BD_immune07_102072,aneuploid,Tumor_epithelial,NMPR
BD_immune07_501594,aneuploid,Tumor_epithelial,NMPR
BD_immune07_693058,aneuploid,Tumor_epithelial,NMPR
BD_immune07_534747,aneuploid,Tumor_epithelial,NMPR
BD_immune07_790614,aneuploid,Tumor_epithelial,NMPR
BD_immune07_597002,aneuploid,Tumor_epithelial,NMPR
BD_immune07_870666,aneuploid,Tumor_epithelial,NMPR
BD_immune07_711224,aneuploid,Tumor_epithelial,NMPR
BD_immune07_604181,aneuploid,Tumor_epithelial,NMPR
BD_immune07_169715,aneuploid,Tumor_epithelial,NMPR
BD_immune07_27945,aneuploid,Tumor_epithelial,NMPR
BD_immune07_168721,aneuploid,Tumor_epithelial,NMPR
BD_immune07_808071,aneuploid,Tumor_epithelial,NMPR
BD_immune07_820920,aneuploid,Tumor_epithelial,NMPR
BD_immune07_667341,aneuploid,Tumor_epithelial,NMPR
BD_immune07_684797,aneuploid,Tumor_epithelial,NMPR
BD_immune07_399941,aneuploid,Tumor_epithelial,NMPR
BD_immune07_863244,aneuploid,Tumor_epithelial,NMPR
BD_immune07_710824,aneuploid,Tumor_epithelial,NMPR
BD_immune07_722905,aneuploid,Tumor_epithelial,NMPR
BD_immune07_644013,aneuploid,Tumor_epithelial,NMPR
BD_immune07_269629,aneuploid,Tumor_epithelial,NMPR
BD_immune07_764072,aneuploid,Tumor_epithelial,NMPR
BD_immune07_819026,aneuploid,Tumor_epithelial,NMPR
BD_immune07_623786,aneuploid,Tumor_epithelial,NMPR
BD_immune07_517399,aneuploid,Tumor_epithelial,NMPR
BD_immune07_463031,aneuploid,Tumor_epithelial,NMPR
BD_immune07_91101,aneuploid,Tumor_epithelial,NMPR
BD_immune07_861501,aneuploid,Tumor_epithelial,NMPR
BD_immune07_4270,aneuploid,Tumor_epithelial,NMPR
BD_immune07_376626,aneuploid,Tumor_epithelial,NMPR
BD_immune07_17261,aneuploid,Tumor_epithelial,NMPR
BD_immune07_868188,aneuploid,Tumor_epithelial,NMPR
BD_immune07_417268,aneuploid,Tumor_epithelial,NMPR
BD_immune07_662110,aneuploid,Tumor_epithelial,NMPR
BD_immune07_588259,aneuploid,Tumor_epithelial,NMPR
BD_immune07_675930,aneuploid,Tumor_epithelial,NMPR
BD_immune07_537950,aneuploid,Tumor_epithelial,NMPR
BD_immune07_657065,aneuploid,Tumor_epithelial,NMPR
BD_immune07_782119,aneuploid,Tumor_epithelial,NMPR
BD_immune07_446011,aneuploid,Tumor_epithelial,NMPR
BD_immune07_526258,aneuploid,Tumor_epithelial,NMPR
BD_immune07_671561,aneuploid,Tumor_epithelial,NMPR
BD_immune07_489870,aneuploid,Tumor_epithelial,NMPR
BD_immune07_743556,aneuploid,Tumor_epithelial,NMPR
BD_immune07_179587,aneuploid,Tumor_epithelial,NMPR
BD_immune07_432269,aneuploid,Tumor_epithelial,NMPR
BD_immune07_570934,aneuploid,Tumor_epithelial,NMPR
BD_immune07_836034,aneuploid,Tumor_epithelial,NMPR
BD_immune07_392682,aneuploid,Tumor_epithelial,NMPR
BD_immune07_570213,aneuploid,Tumor_epithelial,NMPR
BD_immune07_585322,aneuploid,Tumor_epithelial,NMPR
BD_immune07_749644,aneuploid,Tumor_epithelial,NMPR
BD_immune07_245712,aneuploid,Tumor_epithelial,NMPR
BD_immune07_710038,aneuploid,Tumor_epithelial,NMPR
BD_immune07_700522,aneuploid,Tumor_epithelial,NMPR
BD_immune07_14031,aneuploid,Tumor_epithelial,NMPR
BD_immune07_286754,aneuploid,Tumor_epithelial,NMPR
BD_immune07_282254,aneuploid,Tumor_epithelial,NMPR
BD_immune07_416445,aneuploid,Tumor_epithelial,NMPR
BD_immune07_600625,aneuploid,Tumor_epithelial,NMPR
BD_immune07_307653,aneuploid,Tumor_epithelial,NMPR
BD_immune07_325962,aneuploid,Tumor_epithelial,NMPR
BD_immune07_111879,aneuploid,Tumor_epithelial,NMPR
BD_immune07_135186,aneuploid,Tumor_epithelial,NMPR
BD_immune07_636579,aneuploid,Tumor_epithelial,NMPR
BD_immune07_109225,aneuploid,Tumor_epithelial,NMPR
BD_immune07_376630,aneuploid,Tumor_epithelial,NMPR
BD_immune07_86565,aneuploid,Tumor_epithelial,NMPR
BD_immune07_664023,aneuploid,Tumor_epithelial,NMPR
BD_immune07_527545,aneuploid,Tumor_epithelial,NMPR
BD_immune07_532368,aneuploid,Tumor_epithelial,NMPR
BD_immune07_83379,aneuploid,Tumor_epithelial,NMPR
BD_immune07_286935,aneuploid,Tumor_epithelial,NMPR
BD_immune07_672425,aneuploid,Tumor_epithelial,NMPR
BD_immune07_659408,aneuploid,Tumor_epithelial,NMPR
BD_immune07_432404,aneuploid,Tumor_epithelial,NMPR
BD_immune07_245062,aneuploid,Tumor_epithelial,NMPR
BD_immune07_194302,aneuploid,Tumor_epithelial,NMPR
BD_immune07_782983,aneuploid,Tumor_epithelial,NMPR
BD_immune07_83749,aneuploid,Tumor_epithelial,NMPR
BD_immune07_784499,aneuploid,Tumor_epithelial,NMPR
BD_immune07_193061,aneuploid,Tumor_epithelial,NMPR
BD_immune07_347056,aneuploid,Tumor_epithelial,NMPR
BD_immune07_96192,aneuploid,Tumor_epithelial,NMPR
BD_immune07_417783,aneuploid,Tumor_epithelial,NMPR
BD_immune07_613643,aneuploid,Tumor_epithelial,NMPR
BD_immune07_883552,aneuploid,Tumor_epithelial,NMPR
BD_immune07_785729,aneuploid,Tumor_epithelial,NMPR
BD_immune07_107963,aneuploid,Tumor_epithelial,NMPR
BD_immune07_214111,aneuploid,Tumor_epithelial,NMPR
BD_immune07_247231,aneuploid,Tumor_epithelial,NMPR
BD_immune07_438855,aneuploid,Tumor_epithelial,NMPR
BD_immune07_149527,aneuploid,Tumor_epithelial,NMPR
BD_immune07_729577,aneuploid,Tumor_epithelial,NMPR
BD_immune07_250516,aneuploid,Tumor_epithelial,NMPR
BD_immune07_436631,diploid,Tumor_epithelial,NMPR
BD_immune07_452331,aneuploid,Tumor_epithelial,NMPR
BD_immune07_539596,aneuploid,Tumor_epithelial,NMPR
BD_immune07_407255,aneuploid,Tumor_epithelial,NMPR
BD_immune07_528455,aneuploid,Tumor_epithelial,NMPR
BD_immune07_123349,aneuploid,Tumor_epithelial,NMPR
BD_immune07_239743,aneuploid,Tumor_epithelial,NMPR
BD_immune07_428732,aneuploid,Tumor_epithelial,NMPR
BD_immune07_114116,aneuploid,Tumor_epithelial,NMPR
BD_immune07_403087,aneuploid,Tumor_epithelial,NMPR
BD_immune07_115257,aneuploid,Tumor_epithelial,NMPR
BD_immune07_96038,aneuploid,Tumor_epithelial,NMPR
BD_immune07_256649,aneuploid,Tumor_epithelial,NMPR
BD_immune07_877795,aneuploid,Tumor_epithelial,NMPR
BD_immune07_11035,aneuploid,Tumor_epithelial,NMPR
BD_immune07_478814,aneuploid,Tumor_epithelial,NMPR
BD_immune07_256021,aneuploid,Tumor_epithelial,NMPR
BD_immune07_33039,aneuploid,Tumor_epithelial,NMPR
BD_immune07_824308,aneuploid,Tumor_epithelial,NMPR
BD_immune07_756110,aneuploid,Tumor_epithelial,NMPR
BD_immune07_796242,diploid,Tumor_epithelial,NMPR
BD_immune09_738635,aneuploid,Tumor_epithelial,NMPR
BD_immune09_333213,aneuploid,Tumor_epithelial,NMPR
BD_immune09_52643,aneuploid,Tumor_epithelial,NMPR
BD_immune11_78177,diploid,Tumor_epithelial,NMPR
BD_immune11_127184,diploid,Tumor_epithelial,NMPR
BD_immune11_465550,diploid,Tumor_epithelial,NMPR
BD_immune11_129854,diploid,Tumor_epithelial,NMPR
BD_immune11_655868,diploid,Tumor_epithelial,NMPR
BD_immune11_741571,diploid,Tumor_epithelial,NMPR
BD_immune11_594514,diploid,Tumor_epithelial,NMPR
BD_immune11_430145,diploid,Tumor_epithelial,NMPR
BD_immune11_714781,diploid,Tumor_epithelial,NMPR
BD_immune11_517070,diploid,Tumor_epithelial,NMPR
BD_immune11_435036,diploid,Tumor_epithelial,NMPR
BD_immune11_585794,diploid,Tumor_epithelial,NMPR
BD_immune11_387986,diploid,Tumor_epithelial,NMPR
BD_immune11_585313,diploid,Tumor_epithelial,NMPR
BD_immune11_851522,diploid,Tumor_epithelial,NMPR
BD_immune11_111584,diploid,Tumor_epithelial,NMPR
BD_immune11_728668,diploid,Tumor_epithelial,NMPR
BD_immune11_496681,diploid,Tumor_epithelial,NMPR
BD_immune11_769451,diploid,Tumor_epithelial,NMPR
BD_immune11_506169,diploid,Tumor_epithelial,NMPR
BD_immune11_376321,diploid,Tumor_epithelial,NMPR
BD_immune11_807506,diploid,Tumor_epithelial,NMPR
BD_immune11_709930,diploid,Tumor_epithelial,NMPR
BD_immune11_591231,diploid,Tumor_epithelial,NMPR
BD_immune11_324928,diploid,Tumor_epithelial,NMPR
BD_immune11_32838,diploid,Tumor_epithelial,NMPR
BD_immune11_591232,diploid,Tumor_epithelial,NMPR
BD_immune11_688050,diploid,Tumor_epithelial,NMPR
BD_immune11_456616,diploid,Tumor_epithelial,NMPR
BD_immune11_797208,diploid,Tumor_epithelial,NMPR
BD_immune11_524136,diploid,Tumor_epithelial,NMPR
BD_immune11_52398,diploid,Tumor_epithelial,NMPR
BD_immune11_636890,diploid,Tumor_epithelial,NMPR
BD_immune11_173014,diploid,Tumor_epithelial,NMPR
BD_immune11_38494,diploid,Tumor_epithelial,NMPR
BD_immune11_66903,diploid,Tumor_epithelial,NMPR
BD_immune11_104179,diploid,Tumor_epithelial,NMPR
BD_immune11_465297,diploid,Tumor_epithelial,NMPR
BD_immune11_675786,diploid,Tumor_epithelial,NMPR
BD_immune11_513452,diploid,Tumor_epithelial,NMPR
BD_immune11_150201,diploid,Tumor_epithelial,NMPR
BD_immune11_671271,diploid,Tumor_epithelial,NMPR
BD_immune11_448450,diploid,Tumor_epithelial,NMPR
BD_immune11_158447,diploid,Tumor_epithelial,NMPR
BD_immune11_358858,diploid,Tumor_epithelial,NMPR
BD_immune11_47918,diploid,Tumor_epithelial,NMPR
BD_immune11_436879,diploid,Tumor_epithelial,NMPR
BD_immune11_233240,diploid,Tumor_epithelial,NMPR
BD_immune11_174871,diploid,Tumor_epithelial,NMPR
BD_immune11_818712,diploid,Tumor_epithelial,NMPR
BD_immune11_665043,diploid,Tumor_epithelial,NMPR
BD_immune11_15235,diploid,Tumor_epithelial,NMPR
BD_immune11_382510,diploid,Tumor_epithelial,NMPR
BD_immune11_418392,diploid,Tumor_epithelial,NMPR
BD_immune11_95035,diploid,Tumor_epithelial,NMPR
BD_immune11_617113,diploid,Tumor_epithelial,NMPR
BD_immune11_112914,diploid,Tumor_epithelial,NMPR
BD_immune11_382703,diploid,Tumor_epithelial,NMPR
BD_immune11_728900,diploid,Tumor_epithelial,NMPR
BD_immune11_492361,diploid,Tumor_epithelial,NMPR
BD_immune11_635903,diploid,Tumor_epithelial,NMPR
BD_immune11_248087,diploid,Tumor_epithelial,NMPR
BD_immune11_839316,diploid,Tumor_epithelial,NMPR
BD_immune11_380435,diploid,Tumor_epithelial,NMPR
BD_immune11_582593,diploid,Tumor_epithelial,NMPR
BD_immune11_622608,diploid,Tumor_epithelial,NMPR
BD_immune11_498493,diploid,Tumor_epithelial,NMPR
BD_immune11_414783,diploid,Tumor_epithelial,NMPR
BD_immune11_65855,diploid,Tumor_epithelial,NMPR
BD_immune11_61982,diploid,Tumor_epithelial,NMPR
BD_immune11_882059,diploid,Tumor_epithelial,NMPR
BD_immune11_638589,diploid,Tumor_epithelial,NMPR
BD_immune11_1429,diploid,Tumor_epithelial,NMPR
BD_immune11_70104,diploid,Tumor_epithelial,NMPR
BD_immune11_41387,diploid,Tumor_epithelial,NMPR
BD_immune11_7131,diploid,Tumor_epithelial,NMPR
BD_immune11_877867,diploid,Tumor_epithelial,NMPR
BD_immune11_487890,diploid,Tumor_epithelial,NMPR
BD_immune11_354081,diploid,Tumor_epithelial,NMPR
BD_immune11_546898,diploid,Tumor_epithelial,NMPR
BD_immune11_419734,diploid,Tumor_epithelial,NMPR
BD_immune11_802374,diploid,Tumor_epithelial,NMPR
BD_immune11_88695,diploid,Tumor_epithelial,NMPR
BD_immune11_233804,diploid,Tumor_epithelial,NMPR
BD_immune11_2285,diploid,Tumor_epithelial,NMPR
BD_immune11_848730,diploid,Tumor_epithelial,NMPR
BD_immune11_402531,diploid,Tumor_epithelial,NMPR
BD_immune11_119670,diploid,Tumor_epithelial,NMPR
BD_immune11_90592,diploid,Tumor_epithelial,NMPR
BD_immune11_620021,diploid,Tumor_epithelial,NMPR
BD_immune11_116239,diploid,Tumor_epithelial,NMPR
BD_immune11_496667,diploid,Tumor_epithelial,NMPR
BD_immune11_172824,diploid,Tumor_epithelial,NMPR
BD_immune11_99323,diploid,Tumor_epithelial,NMPR
BD_immune11_241411,diploid,Tumor_epithelial,NMPR
BD_immune11_525212,diploid,Tumor_epithelial,NMPR
BD_immune11_863832,diploid,Tumor_epithelial,NMPR
BD_immune11_426386,diploid,Tumor_epithelial,NMPR
BD_immune11_871409,diploid,Tumor_epithelial,NMPR
BD_immune11_807795,diploid,Tumor_epithelial,NMPR
BD_immune11_355788,diploid,Tumor_epithelial,NMPR
BD_immune11_166152,diploid,Tumor_epithelial,NMPR
BD_immune11_301340,diploid,Tumor_epithelial,NMPR
BD_immune11_236910,diploid,Tumor_epithelial,NMPR
BD_immune11_342313,diploid,Tumor_epithelial,NMPR
BD_immune11_499164,diploid,Tumor_epithelial,NMPR
BD_immune11_142421,diploid,Tumor_epithelial,NMPR
BD_immune11_356021,diploid,Tumor_epithelial,NMPR
BD_immune11_755192,diploid,Tumor_epithelial,NMPR
BD_immune11_646441,diploid,Tumor_epithelial,NMPR
BD_immune11_706217,diploid,Tumor_epithelial,NMPR
BD_immune11_788399,diploid,Tumor_epithelial,NMPR
BD_immune11_398221,diploid,Tumor_epithelial,NMPR
BD_immune11_498670,diploid,Tumor_epithelial,NMPR
BD_immune11_844330,diploid,Tumor_epithelial,NMPR
BD_immune11_34209,diploid,Tumor_epithelial,NMPR
BD_immune11_89351,diploid,Tumor_epithelial,NMPR
BD_immune11_646451,diploid,Tumor_epithelial,NMPR
BD_immune11_233942,diploid,Tumor_epithelial,NMPR
BD_immune11_353334,diploid,Tumor_epithelial,NMPR
BD_immune11_721954,diploid,Tumor_epithelial,NMPR
BD_immune11_263208,diploid,Tumor_epithelial,NMPR
BD_immune11_874426,diploid,Tumor_epithelial,NMPR
BD_immune11_530325,diploid,Tumor_epithelial,NMPR
BD_immune11_156190,diploid,Tumor_epithelial,NMPR
BD_immune11_478753,diploid,Tumor_epithelial,NMPR
BD_immune11_857982,diploid,Tumor_epithelial,NMPR
BD_immune11_215452,diploid,Tumor_epithelial,NMPR
BD_immune11_463155,diploid,Tumor_epithelial,NMPR
BD_immune11_354113,diploid,Tumor_epithelial,NMPR
BD_immune11_570891,diploid,Tumor_epithelial,NMPR
BD_immune11_604003,diploid,Tumor_epithelial,NMPR
BD_immune11_565026,diploid,Tumor_epithelial,NMPR
BD_immune11_517833,diploid,Tumor_epithelial,NMPR
BD_immune11_79210,diploid,Tumor_epithelial,NMPR
BD_immune11_645010,diploid,Tumor_epithelial,NMPR
BD_immune11_138877,diploid,Tumor_epithelial,NMPR
BD_immune11_141938,diploid,Tumor_epithelial,NMPR
BD_immune11_191820,diploid,Tumor_epithelial,NMPR
BD_immune11_162836,diploid,Tumor_epithelial,NMPR
BD_immune11_73376,diploid,Tumor_epithelial,NMPR
BD_immune11_73348,diploid,Tumor_epithelial,NMPR
BD_immune11_514597,diploid,Tumor_epithelial,NMPR
BD_immune11_866065,diploid,Tumor_epithelial,NMPR
BD_immune11_256984,diploid,Tumor_epithelial,NMPR
BD_immune11_243467,diploid,Tumor_epithelial,NMPR
BD_immune11_767373,diploid,Tumor_epithelial,NMPR
BD_immune11_824510,diploid,Tumor_epithelial,NMPR
BD_immune11_797833,diploid,Tumor_epithelial,NMPR
BD_immune11_253222,diploid,Tumor_epithelial,NMPR
BD_immune11_730603,diploid,Tumor_epithelial,NMPR
BD_immune11_158309,diploid,Tumor_epithelial,NMPR
BD_immune11_494425,diploid,Tumor_epithelial,NMPR
BD_immune11_260569,diploid,Tumor_epithelial,NMPR
BD_immune11_165577,diploid,Tumor_epithelial,NMPR
BD_immune11_365453,diploid,Tumor_epithelial,NMPR
BD_immune11_11846,diploid,Tumor_epithelial,NMPR
BD_immune11_64475,diploid,Tumor_epithelial,NMPR
BD_immune11_37375,diploid,Tumor_epithelial,NMPR
BD_immune11_690629,diploid,Tumor_epithelial,NMPR
BD_immune11_53351,diploid,Tumor_epithelial,NMPR
BD_immune11_560386,diploid,Tumor_epithelial,NMPR
BD_immune11_477525,diploid,Tumor_epithelial,NMPR
BD_immune11_843037,diploid,Tumor_epithelial,NMPR
BD_immune11_385482,diploid,Tumor_epithelial,NMPR
BD_immune11_856686,diploid,Tumor_epithelial,NMPR
BD_immune11_408883,diploid,Tumor_epithelial,NMPR
BD_immune11_408225,diploid,Tumor_epithelial,NMPR
BD_immune11_137305,diploid,Tumor_epithelial,NMPR
BD_immune11_476332,diploid,Tumor_epithelial,NMPR
BD_immune11_234873,diploid,Tumor_epithelial,NMPR
BD_immune11_131460,diploid,Tumor_epithelial,NMPR
BD_immune11_820879,diploid,Tumor_epithelial,NMPR
BD_immune11_686119,diploid,Tumor_epithelial,NMPR
BD_immune11_230454,diploid,Tumor_epithelial,NMPR
BD_immune11_578189,diploid,Tumor_epithelial,NMPR
BD_immune11_551719,diploid,Tumor_epithelial,NMPR
BD_immune11_234230,diploid,Tumor_epithelial,NMPR
BD_immune11_388616,diploid,Tumor_epithelial,NMPR
BD_immune11_186194,diploid,Tumor_epithelial,NMPR
BD_immune11_708051,diploid,Tumor_epithelial,NMPR
BD_immune11_672030,diploid,Tumor_epithelial,NMPR
BD_immune11_125948,diploid,Tumor_epithelial,NMPR
BD_immune11_432245,diploid,Tumor_epithelial,NMPR
BD_immune11_197401,diploid,Tumor_epithelial,NMPR
BD_immune11_207187,diploid,Tumor_epithelial,NMPR
BD_immune11_647814,diploid,Tumor_epithelial,NMPR
BD_immune11_31730,diploid,Tumor_epithelial,NMPR
BD_immune11_759039,diploid,Tumor_epithelial,NMPR
BD_immune11_104504,diploid,Tumor_epithelial,NMPR
BD_immune11_19457,diploid,Tumor_epithelial,NMPR
BD_immune11_873872,diploid,Tumor_epithelial,NMPR
BD_immune11_382133,diploid,Tumor_epithelial,NMPR
BD_immune11_169117,diploid,Tumor_epithelial,NMPR
BD_immune11_535923,diploid,Tumor_epithelial,NMPR
BD_immune11_773863,diploid,Tumor_epithelial,NMPR
BD_immune11_657058,diploid,Tumor_epithelial,NMPR
BD_immune11_880965,diploid,Tumor_epithelial,NMPR
BD_immune11_347230,diploid,Tumor_epithelial,NMPR
BD_immune11_314738,diploid,Tumor_epithelial,NMPR
BD_immune11_851398,diploid,Tumor_epithelial,NMPR
BD_immune11_227739,diploid,Tumor_epithelial,NMPR
BD_immune11_773809,diploid,Tumor_epithelial,NMPR
BD_immune11_5678,diploid,Tumor_epithelial,NMPR
BD_immune12_347497,diploid,Tumor_epithelial,NMPR
BD_immune12_770597,diploid,Tumor_epithelial,NMPR
BD_immune12_435307,diploid,Tumor_epithelial,NMPR
BD_immune12_794646,diploid,Tumor_epithelial,NMPR
BD_immune12_487429,diploid,Tumor_epithelial,NMPR
BD_immune12_373941,diploid,Tumor_epithelial,NMPR
BD_immune12_241771,diploid,Tumor_epithelial,NMPR
BD_immune12_432275,diploid,Tumor_epithelial,NMPR
BD_immune12_707488,diploid,Tumor_epithelial,NMPR
BD_immune12_772414,diploid,Tumor_epithelial,NMPR
BD_immune12_605279,diploid,Tumor_epithelial,NMPR
BD_immune12_809503,diploid,Tumor_epithelial,NMPR
BD_immune12_345386,diploid,Tumor_epithelial,NMPR
BD_immune12_115619,diploid,Tumor_epithelial,NMPR
BD_immune12_87408,diploid,Tumor_epithelial,NMPR
BD_immune12_474762,diploid,Tumor_epithelial,NMPR
BD_immune12_161584,diploid,Tumor_epithelial,NMPR
BD_immune12_65192,diploid,Tumor_epithelial,NMPR
BD_immune12_700435,diploid,Tumor_epithelial,NMPR
BD_immune12_136734,diploid,Tumor_epithelial,NMPR
BD_immune12_883714,diploid,Tumor_epithelial,NMPR
BD_immune12_508351,diploid,Tumor_epithelial,NMPR
BD_immune12_485318,diploid,Tumor_epithelial,NMPR
BD_immune12_255726,diploid,Tumor_epithelial,NMPR
BD_immune12_472802,diploid,Tumor_epithelial,NMPR
BD_immune12_602666,diploid,Tumor_epithelial,NMPR
BD_immune12_332776,diploid,Tumor_epithelial,NMPR
BD_immune12_672441,diploid,Tumor_epithelial,NMPR
BD_immune12_184681,diploid,Tumor_epithelial,NMPR
BD_immune12_142312,diploid,Tumor_epithelial,NMPR
BD_immune12_576569,diploid,Tumor_epithelial,NMPR
BD_immune12_104410,diploid,Tumor_epithelial,NMPR
BD_immune12_517420,diploid,Tumor_epithelial,NMPR
BD_immune12_443865,diploid,Tumor_epithelial,NMPR
BD_immune12_688790,diploid,Tumor_epithelial,NMPR
BD_immune12_856035,diploid,Tumor_epithelial,NMPR
BD_immune12_161631,diploid,Tumor_epithelial,NMPR
BD_immune12_567735,diploid,Tumor_epithelial,NMPR
BD_immune12_214307,diploid,Tumor_epithelial,NMPR
BD_immune12_652233,diploid,Tumor_epithelial,NMPR
BD_immune12_24826,diploid,Tumor_epithelial,NMPR
BD_immune12_206917,diploid,Tumor_epithelial,NMPR
BD_immune12_267025,diploid,Tumor_epithelial,NMPR
BD_immune12_430775,diploid,Tumor_epithelial,NMPR
BD_immune12_444223,diploid,Tumor_epithelial,NMPR
BD_immune12_374877,diploid,Tumor_epithelial,NMPR
BD_immune12_146886,diploid,Tumor_epithelial,NMPR
BD_immune12_564314,diploid,Tumor_epithelial,NMPR
BD_immune13_39365,diploid,Tumor_epithelial,NMPR
BD_immune14_647651,diploid,Tumor_epithelial,NMPR
BD_immune14_486333,diploid,Tumor_epithelial,NMPR
BD_immune14_425767,diploid,Tumor_epithelial,NMPR
BD_immune14_662536,diploid,Tumor_epithelial,NMPR
BD_immune14_653962,diploid,Tumor_epithelial,NMPR
BD_immune14_843297,diploid,Tumor_epithelial,NMPR
BD_immune14_799760,diploid,Tumor_epithelial,NMPR
BD_immune14_573048,diploid,Tumor_epithelial,NMPR
BD_immune14_540649,diploid,Tumor_epithelial,NMPR
BD_immune14_477134,diploid,Tumor_epithelial,NMPR
BD_immune14_68493,diploid,Tumor_epithelial,NMPR
BD_immune14_844765,diploid,Tumor_epithelial,NMPR
BD_immune14_828505,diploid,Tumor_epithelial,NMPR
BD_immune14_505664,diploid,Tumor_epithelial,NMPR
BD_immune14_411892,diploid,Tumor_epithelial,NMPR
BD_immune14_533330,diploid,Tumor_epithelial,NMPR
BD_immune14_874713,diploid,Tumor_epithelial,NMPR
BD_immune14_623031,diploid,Tumor_epithelial,NMPR
BD_immune14_532013,diploid,Tumor_epithelial,NMPR
BD_immune14_2495,diploid,Tumor_epithelial,NMPR
BD_immune14_206004,diploid,Tumor_epithelial,NMPR
BD_immune14_68312,diploid,Tumor_epithelial,NMPR
BD_immune14_42112,diploid,Tumor_epithelial,NMPR
BD_immune14_48989,diploid,Tumor_epithelial,NMPR
BD_immune14_312909,diploid,Tumor_epithelial,NMPR
BD_immune14_679768,diploid,Tumor_epithelial,NMPR
BD_immune14_182776,diploid,Tumor_epithelial,NMPR
BD_immune14_79961,diploid,Tumor_epithelial,NMPR
BD_immune14_375322,diploid,Tumor_epithelial,NMPR
BD_immune14_551142,diploid,Tumor_epithelial,NMPR
BD_immune14_781868,diploid,Tumor_epithelial,NMPR
BD_immune14_40314,diploid,Tumor_epithelial,NMPR
BD_immune14_522363,diploid,Tumor_epithelial,NMPR
BD_immune14_711711,diploid,Tumor_epithelial,NMPR
BD_immune14_703899,diploid,Tumor_epithelial,NMPR
BD_immune14_240162,diploid,Tumor_epithelial,NMPR
BD_immune14_153489,diploid,Tumor_epithelial,NMPR
BD_immune14_787243,diploid,Tumor_epithelial,NMPR
BD_immune14_479440,diploid,Tumor_epithelial,NMPR
BD_immune14_141831,diploid,Tumor_epithelial,NMPR
BD_immune14_181950,diploid,Tumor_epithelial,NMPR
BD_immune14_385869,diploid,Tumor_epithelial,NMPR
BD_immune14_751788,diploid,Tumor_epithelial,NMPR
BD_immune14_882277,diploid,Tumor_epithelial,NMPR
BD_immune14_109363,diploid,Tumor_epithelial,NMPR
BD_immune14_778400,diploid,Tumor_epithelial,NMPR
BD_immune14_246806,diploid,Tumor_epithelial,NMPR
BD_immune14_266198,diploid,Tumor_epithelial,NMPR
BD_immune14_171750,diploid,Tumor_epithelial,NMPR
BD_immune14_364733,diploid,Tumor_epithelial,NMPR
BD_immune14_768991,diploid,Tumor_epithelial,NMPR
BD_immune14_338290,diploid,Tumor_epithelial,NMPR
BD_immune14_697684,diploid,Tumor_epithelial,NMPR
BD_immune14_296461,diploid,Tumor_epithelial,NMPR
BD_immune14_695818,diploid,Tumor_epithelial,NMPR
BD_immune14_625531,diploid,Tumor_epithelial,NMPR
BD_immune14_381194,diploid,Tumor_epithelial,NMPR
BD_immune14_454305,diploid,Tumor_epithelial,NMPR
BD_immune14_572827,diploid,Tumor_epithelial,NMPR
BD_immune14_431363,diploid,Tumor_epithelial,NMPR
BD_immune14_464089,diploid,Tumor_epithelial,NMPR
BD_immune14_563968,diploid,Tumor_epithelial,NMPR
BD_immune14_164388,diploid,Tumor_epithelial,NMPR
BD_immune14_78618,diploid,Tumor_epithelial,NMPR
BD_immune14_856109,diploid,Tumor_epithelial,NMPR
BD_immune14_777286,diploid,Tumor_epithelial,NMPR
BD_immune14_88178,diploid,Tumor_epithelial,NMPR
BD_immune14_72607,diploid,Tumor_epithelial,NMPR
BD_immune14_862325,diploid,Tumor_epithelial,NMPR
BD_immune14_601230,diploid,Tumor_epithelial,NMPR
BD_immune14_865742,diploid,Tumor_epithelial,NMPR
BD_immune14_306487,diploid,Tumor_epithelial,NMPR
BD_immune14_270629,diploid,Tumor_epithelial,NMPR
BD_immune14_97882,diploid,Tumor_epithelial,NMPR
BD_immune14_505733,diploid,Tumor_epithelial,NMPR
BD_immune14_225446,diploid,Tumor_epithelial,NMPR
BD_immune14_319390,diploid,Tumor_epithelial,NMPR
BD_immune14_294203,diploid,Tumor_epithelial,NMPR
BD_immune14_659950,diploid,Tumor_epithelial,NMPR
BD_immune14_560049,diploid,Tumor_epithelial,NMPR
BD_immune14_397636,diploid,Tumor_epithelial,NMPR
BD_immune14_680671,diploid,Tumor_epithelial,NMPR
BD_immune14_717151,diploid,Tumor_epithelial,NMPR
BD_immune14_170840,diploid,Tumor_epithelial,NMPR
BD_immune14_293819,diploid,Tumor_epithelial,NMPR
BD_immune14_205968,diploid,Tumor_epithelial,NMPR
BD_immune14_134165,diploid,Tumor_epithelial,NMPR
BD_immune14_408863,diploid,Tumor_epithelial,NMPR
BD_immune14_671606,diploid,Tumor_epithelial,NMPR
BD_immune14_784725,diploid,Tumor_epithelial,NMPR
BD_immune14_876157,diploid,Tumor_epithelial,NMPR
BD_immune14_838818,diploid,Tumor_epithelial,NMPR
BD_immune14_475703,diploid,Tumor_epithelial,NMPR
BD_immune14_553739,diploid,Tumor_epithelial,NMPR
BD_immune14_431395,diploid,Tumor_epithelial,NMPR
BD_immune14_590844,diploid,Tumor_epithelial,NMPR
BD_immune14_283944,diploid,Tumor_epithelial,NMPR
BD_immune14_851755,diploid,Tumor_epithelial,NMPR
BD_immune14_470913,diploid,Tumor_epithelial,NMPR
BD_immune14_635890,diploid,Tumor_epithelial,NMPR
BD_immune14_436957,diploid,Tumor_epithelial,NMPR
BD_immune14_223775,diploid,Tumor_epithelial,NMPR
BD_immune14_128126,diploid,Tumor_epithelial,NMPR
BD_immune14_281560,diploid,Tumor_epithelial,NMPR
BD_immune14_723492,diploid,Tumor_epithelial,NMPR
BD_immune14_504512,diploid,Tumor_epithelial,NMPR
BD_immune14_532178,diploid,Tumor_epithelial,NMPR
BD_immune14_395182,diploid,Tumor_epithelial,NMPR
BD_immune14_879190,diploid,Tumor_epithelial,NMPR
BD_immune14_829151,diploid,Tumor_epithelial,NMPR
BD_immune14_834822,diploid,Tumor_epithelial,NMPR
BD_immune14_853782,diploid,Tumor_epithelial,NMPR
BD_immune15_425901,diploid,Tumor_epithelial,NMPR
BD_immune15_730534,diploid,Tumor_epithelial,NMPR
BD_immune15_182945,diploid,Tumor_epithelial,NMPR
BD_immune15_716454,diploid,Tumor_epithelial,NMPR
BD_immune15_217527,diploid,Tumor_epithelial,NMPR
BD_immune15_172422,diploid,Tumor_epithelial,NMPR
BD_immune15_850540,diploid,Tumor_epithelial,NMPR
BD_immune15_320639,diploid,Tumor_epithelial,NMPR
BD_immune15_270336,diploid,Tumor_epithelial,NMPR
BD_immune15_127864,diploid,Tumor_epithelial,NMPR
BD_immune15_735723,diploid,Tumor_epithelial,NMPR
BD_immune15_852140,diploid,Tumor_epithelial,NMPR
BD_immune15_346445,diploid,Tumor_epithelial,NMPR
BD_immune15_218558,diploid,Tumor_epithelial,NMPR
BD_immune15_399664,diploid,Tumor_epithelial,NMPR
BD_immune15_516665,diploid,Tumor_epithelial,NMPR
BD_immune15_139372,diploid,Tumor_epithelial,NMPR
BD_immune15_864594,diploid,Tumor_epithelial,NMPR
BD_immune15_651368,diploid,Tumor_epithelial,NMPR
BD_immune15_6748,diploid,Tumor_epithelial,NMPR
BD_immune15_752216,diploid,Tumor_epithelial,NMPR
BD_immune15_3758,diploid,Tumor_epithelial,NMPR
BD_immune15_247072,diploid,Tumor_epithelial,NMPR
BD_immune15_430040,diploid,Tumor_epithelial,NMPR
BD_immune15_28900,diploid,Tumor_epithelial,NMPR
BD_immune15_305040,diploid,Tumor_epithelial,NMPR
BD_immune15_182005,diploid,Tumor_epithelial,NMPR
BD_immune15_430052,diploid,Tumor_epithelial,NMPR
BD_immune15_762511,diploid,Tumor_epithelial,NMPR
BD_immune15_297523,diploid,Tumor_epithelial,NMPR
BD_immune15_482173,diploid,Tumor_epithelial,NMPR
BD_immune15_451356,diploid,Tumor_epithelial,NMPR
BD_immune15_172808,diploid,Tumor_epithelial,NMPR
BD_immune15_681879,diploid,Tumor_epithelial,NMPR
BD_immune15_330399,diploid,Tumor_epithelial,NMPR
BD_immune15_9343,diploid,Tumor_epithelial,NMPR
BD_immune15_44632,diploid,Tumor_epithelial,NMPR
BD_immune15_49470,diploid,Tumor_epithelial,NMPR
BD_immune15_490799,diploid,Tumor_epithelial,NMPR
BD_immune15_296500,diploid,Tumor_epithelial,NMPR
BD_immune15_303995,diploid,Tumor_epithelial,NMPR
BD_immune15_756421,diploid,Tumor_epithelial,NMPR
BD_immune15_478215,diploid,Tumor_epithelial,NMPR
BD_immune15_234861,diploid,Tumor_epithelial,NMPR
BD_immune15_279133,diploid,Tumor_epithelial,NMPR
BD_immune15_819301,diploid,Tumor_epithelial,NMPR
BD_immune15_262976,diploid,Tumor_epithelial,NMPR
BD_immune15_625255,diploid,Tumor_epithelial,NMPR
BD_immune15_522632,diploid,Tumor_epithelial,NMPR
BD_immune15_454574,diploid,Tumor_epithelial,NMPR
BD_immune15_771423,diploid,Tumor_epithelial,NMPR
BD_immune15_391053,diploid,Tumor_epithelial,NMPR
BD_immune15_743970,diploid,Tumor_epithelial,NMPR
BD_immune15_334078,diploid,Tumor_epithelial,NMPR
BD_immune15_173039,diploid,Tumor_epithelial,NMPR
BD_immune15_53101,diploid,Tumor_epithelial,NMPR
BD_immune15_25994,diploid,Tumor_epithelial,NMPR
BD_immune15_703199,diploid,Tumor_epithelial,NMPR
BD_immune15_161844,diploid,Tumor_epithelial,NMPR
BD_immune15_817148,diploid,Tumor_epithelial,NMPR
BD_immune15_226074,diploid,Tumor_epithelial,NMPR
BD_immune15_89246,diploid,Tumor_epithelial,NMPR
BD_immune15_254973,diploid,Tumor_epithelial,NMPR
BD_immune15_611385,diploid,Tumor_epithelial,NMPR
BD_immune15_443175,diploid,Tumor_epithelial,NMPR
BD_immune15_476018,diploid,Tumor_epithelial,NMPR
BD_immune15_307971,diploid,Tumor_epithelial,NMPR
BD_immune15_316730,diploid,Tumor_epithelial,NMPR
BD_immune15_808896,diploid,Tumor_epithelial,NMPR
BD_immune15_340292,diploid,Tumor_epithelial,NMPR
BD_immune15_63122,diploid,Tumor_epithelial,NMPR
BD_immune15_250693,diploid,Tumor_epithelial,NMPR
BD_immune15_590202,diploid,Tumor_epithelial,NMPR
BD_immune15_150783,diploid,Tumor_epithelial,NMPR
BD_immune15_101810,diploid,Tumor_epithelial,NMPR
BD_immune15_636560,diploid,Tumor_epithelial,NMPR
BD_immune15_412134,diploid,Tumor_epithelial,NMPR
BD_immune15_476680,diploid,Tumor_epithelial,NMPR
BD_immune15_396367,diploid,Tumor_epithelial,NMPR
BD_immune15_333227,diploid,Tumor_epithelial,NMPR
BD_immune15_692880,diploid,Tumor_epithelial,NMPR
BD_immune15_527333,diploid,Tumor_epithelial,NMPR
BD_immune15_320223,diploid,Tumor_epithelial,NMPR
BD_immune15_9475,diploid,Tumor_epithelial,NMPR
BD_immune15_450924,diploid,Tumor_epithelial,NMPR
BD_immune15_184518,diploid,Tumor_epithelial,NMPR
BD_immune15_882196,diploid,Tumor_epithelial,NMPR
BD_immune15_269107,diploid,Tumor_epithelial,NMPR
BD_immune15_171646,diploid,Tumor_epithelial,NMPR
BD_immune15_3982,diploid,Tumor_epithelial,NMPR
BD_immune15_78112,diploid,Tumor_epithelial,NMPR
BD_immune15_221847,diploid,Tumor_epithelial,NMPR
BD_immune15_117369,diploid,Tumor_epithelial,NMPR
BD_immune15_737463,diploid,Tumor_epithelial,NMPR
BD_immune15_396037,diploid,Tumor_epithelial,NMPR
BD_immune15_761832,diploid,Tumor_epithelial,NMPR
BD_immune15_595178,diploid,Tumor_epithelial,NMPR
BD_immune15_394517,diploid,Tumor_epithelial,NMPR
BD_immune15_248262,diploid,Tumor_epithelial,NMPR
BD_immune15_639533,diploid,Tumor_epithelial,NMPR
BD_immune15_63173,diploid,Tumor_epithelial,NMPR
BD_immune15_366755,diploid,Tumor_epithelial,NMPR
BD_immune15_178914,diploid,Tumor_epithelial,NMPR
BD_immune15_612147,diploid,Tumor_epithelial,NMPR
BD_immune15_834727,diploid,Tumor_epithelial,NMPR
BD_immune15_572535,diploid,Tumor_epithelial,NMPR
BD_immune15_875093,diploid,Tumor_epithelial,NMPR
BD_immune15_654577,diploid,Tumor_epithelial,NMPR
BD_immune15_503793,diploid,Tumor_epithelial,NMPR
BD_immune15_256682,diploid,Tumor_epithelial,NMPR
BD_immune15_138701,diploid,Tumor_epithelial,NMPR
BD_immune15_31435,diploid,Tumor_epithelial,NMPR
BD_immune15_637030,diploid,Tumor_epithelial,NMPR
BD_immune15_19962,diploid,Tumor_epithelial,NMPR
BD_immune15_206837,diploid,Tumor_epithelial,NMPR
BD_immune15_528297,diploid,Tumor_epithelial,NMPR
BD_immune15_529438,diploid,Tumor_epithelial,NMPR
BD_immune15_646895,diploid,Tumor_epithelial,NMPR
BD_immune15_50158,diploid,Tumor_epithelial,NMPR
BD_immune15_603233,diploid,Tumor_epithelial,NMPR
BD_immune15_541606,diploid,Tumor_epithelial,NMPR
BD_immune15_645599,diploid,Tumor_epithelial,NMPR
BD_immune15_429657,diploid,Tumor_epithelial,NMPR
BD_immune15_334962,diploid,Tumor_epithelial,NMPR
BD_immune15_228416,diploid,Tumor_epithelial,NMPR
BD_immune15_478884,diploid,Tumor_epithelial,NMPR
BD_immune15_325615,diploid,Tumor_epithelial,NMPR
BD_immune15_825730,diploid,Tumor_epithelial,NMPR
BD_immune15_870703,diploid,Tumor_epithelial,NMPR
BD_immune15_426255,diploid,Tumor_epithelial,NMPR
BD_immune15_619364,diploid,Tumor_epithelial,NMPR
BD_immune15_727488,diploid,Tumor_epithelial,NMPR
BD_immune15_620803,diploid,Tumor_epithelial,NMPR
BD_immune15_413230,diploid,Tumor_epithelial,NMPR
BD_immune15_205747,diploid,Tumor_epithelial,NMPR
BD_immune15_252746,diploid,Tumor_epithelial,NMPR
BD_immune15_681904,diploid,Tumor_epithelial,NMPR
BD_immune15_123040,diploid,Tumor_epithelial,NMPR
BD_immune15_296485,diploid,Tumor_epithelial,NMPR
BD_immune15_484620,diploid,Tumor_epithelial,NMPR
BD_immune15_374255,diploid,Tumor_epithelial,NMPR
BD_immune15_493727,diploid,Tumor_epithelial,NMPR
BD_immune15_456821,diploid,Tumor_epithelial,NMPR
BD_immune15_399033,diploid,Tumor_epithelial,NMPR
BD_immune07_864651,aneuploid,Tumor_epithelial,NMPR
BD_immune07_4766,aneuploid,Tumor_epithelial,NMPR
BD_immune07_647897,aneuploid,Tumor_epithelial,NMPR
BD_immune07_267097,aneuploid,Tumor_epithelial,NMPR
BD_immune07_105386,aneuploid,Tumor_epithelial,NMPR
BD_immune07_57014,aneuploid,Tumor_epithelial,NMPR
BD_immune07_807441,aneuploid,Tumor_epithelial,NMPR
BD_immune07_422696,aneuploid,Tumor_epithelial,NMPR
BD_immune07_412305,aneuploid,Tumor_epithelial,NMPR
BD_immune11_594190,diploid,Tumor_epithelial,NMPR
BD_immune11_637603,diploid,Tumor_epithelial,NMPR
BD_immune02_571486,not.defined,Tumor_epithelial,NMPR
BD_immune02_335965,not.defined,Tumor_epithelial,NMPR
BD_immune04_252496,not.defined,Tumor_epithelial,NMPR
BD_immune07_587296,not.defined,Tumor_epithelial,NMPR
BD_immune07_486443,not.defined,Tumor_epithelial,NMPR
BD_immune11_766428,not.defined,Tumor_epithelial,NMPR
BD_immune11_663724,not.defined,Tumor_epithelial,NMPR
BD_immune12_416906,not.defined,Tumor_epithelial,NMPR
BD_immune12_700276,not.defined,Tumor_epithelial,NMPR
BD_immune14_6093,not.defined,Tumor_epithelial,NMPR
BD_immune14_690113,not.defined,Tumor_epithelial,NMPR
BD_immune15_38400,not.defined,Tumor_epithelial,NMPR
BD_immune15_522628,not.defined,Tumor_epithelial,NMPR
BD_immune15_722389,not.defined,Tumor_epithelial,NMPR
BD_immune15_703490,not.defined,Tumor_epithelial,NMPR
BD_immune15_381817,not.defined,Tumor_epithelial,NMPR
