cell.names,copykat.pred
BD_immune04_639050,diploid
BD_immune07_325601,aneuploid
BD_immune07_486630,aneuploid
BD_immune07_524588,aneuploid
BD_immune11_759492,diploid
BD_immune11_17759,diploid
BD_immune11_880050,diploid
BD_immune11_765009,diploid
BD_immune11_414642,diploid
BD_immune11_747329,diploid
BD_immune12_174836,diploid
BD_immune15_694272,diploid
BD_immune11_36226,diploid
BD_immune15_760103,diploid
BD_immune11_34677,diploid
BD_immune11_702976,diploid
BD_immune11_248823,diploid
BD_immune12_612241,diploid
BD_immune15_566461,diploid
BD_immune15_282771,diploid
BD_immune15_595835,diploid
BD_immune15_854328,diploid
BD_immune02_841503,diploid
BD_immune02_650062,diploid
BD_immune02_580235,diploid
BD_immune02_277584,diploid
BD_immune02_634340,diploid
BD_immune02_73791,diploid
BD_immune02_342916,diploid
BD_immune02_13866,diploid
BD_immune03_248350,diploid
BD_immune04_397649,diploid
BD_immune04_354997,diploid
BD_immune04_300317,diploid
BD_immune04_809126,diploid
BD_immune04_361365,diploid
BD_immune04_173384,diploid
BD_immune04_28325,diploid
BD_immune04_527847,diploid
BD_immune04_322601,diploid
BD_immune04_794140,diploid
BD_immune07_52841,aneuploid
BD_immune07_90853,aneuploid
BD_immune07_822868,aneuploid
BD_immune07_581023,aneuploid
BD_immune07_50303,aneuploid
BD_immune07_732046,aneuploid
BD_immune07_70202,aneuploid
BD_immune07_617497,aneuploid
BD_immune07_688769,aneuploid
BD_immune07_30085,aneuploid
BD_immune07_180790,aneuploid
BD_immune07_252606,aneuploid
BD_immune07_269714,aneuploid
BD_immune07_196777,aneuploid
BD_immune07_121066,aneuploid
BD_immune07_474584,aneuploid
BD_immune07_599161,aneuploid
BD_immune07_813844,aneuploid
BD_immune07_651741,aneuploid
BD_immune07_51975,aneuploid
BD_immune07_99888,aneuploid
BD_immune07_18685,aneuploid
BD_immune07_376523,aneuploid
BD_immune07_736816,aneuploid
BD_immune07_310204,aneuploid
BD_immune07_604736,aneuploid
BD_immune07_855806,aneuploid
BD_immune07_633499,aneuploid
BD_immune07_12148,aneuploid
BD_immune07_148927,aneuploid
BD_immune07_206146,aneuploid
BD_immune07_103595,aneuploid
BD_immune07_306144,aneuploid
BD_immune07_819459,aneuploid
BD_immune07_314532,aneuploid
BD_immune07_225812,aneuploid
BD_immune07_80339,aneuploid
BD_immune07_274613,aneuploid
BD_immune07_111431,aneuploid
BD_immune07_452220,aneuploid
BD_immune07_689157,aneuploid
BD_immune07_759760,aneuploid
BD_immune07_474604,aneuploid
BD_immune07_841417,aneuploid
BD_immune07_356402,aneuploid
BD_immune07_682448,aneuploid
BD_immune07_209705,aneuploid
BD_immune07_420239,aneuploid
BD_immune07_742820,aneuploid
BD_immune07_502013,aneuploid
BD_immune07_632286,aneuploid
BD_immune07_848580,aneuploid
BD_immune07_162009,aneuploid
BD_immune07_211233,aneuploid
BD_immune07_356805,aneuploid
BD_immune07_437897,aneuploid
BD_immune07_493081,aneuploid
BD_immune07_468879,aneuploid
BD_immune07_93500,aneuploid
BD_immune07_210322,aneuploid
BD_immune07_484080,aneuploid
BD_immune07_564292,aneuploid
BD_immune07_217084,aneuploid
BD_immune07_32883,aneuploid
BD_immune07_102272,aneuploid
BD_immune07_815881,aneuploid
BD_immune07_765983,aneuploid
BD_immune07_83433,aneuploid
BD_immune07_476319,aneuploid
BD_immune07_495143,aneuploid
BD_immune07_808412,aneuploid
BD_immune07_772721,aneuploid
BD_immune07_810064,aneuploid
BD_immune07_532085,aneuploid
BD_immune07_311944,aneuploid
BD_immune07_189196,aneuploid
BD_immune07_139021,aneuploid
BD_immune07_457179,aneuploid
BD_immune07_467513,aneuploid
BD_immune07_43370,aneuploid
BD_immune07_682964,aneuploid
BD_immune07_103299,aneuploid
BD_immune07_723572,aneuploid
BD_immune07_405556,aneuploid
BD_immune07_271685,aneuploid
BD_immune07_844457,aneuploid
BD_immune07_501458,aneuploid
BD_immune07_864567,aneuploid
BD_immune07_204286,aneuploid
BD_immune07_112754,aneuploid
BD_immune07_123200,aneuploid
BD_immune07_93730,aneuploid
BD_immune07_215196,aneuploid
BD_immune07_407828,aneuploid
BD_immune07_784855,aneuploid
BD_immune07_612839,aneuploid
BD_immune07_177905,aneuploid
BD_immune07_143792,aneuploid
BD_immune07_353533,aneuploid
BD_immune07_580810,aneuploid
BD_immune07_30383,aneuploid
BD_immune07_288078,aneuploid
BD_immune07_125464,aneuploid
BD_immune07_268124,aneuploid
BD_immune07_273923,aneuploid
BD_immune07_135723,aneuploid
BD_immune07_31921,aneuploid
BD_immune07_241720,aneuploid
BD_immune07_49085,aneuploid
BD_immune07_441419,aneuploid
BD_immune07_633418,aneuploid
BD_immune07_812578,aneuploid
BD_immune07_804047,aneuploid
BD_immune07_231760,aneuploid
BD_immune07_581003,aneuploid
BD_immune07_246165,aneuploid
BD_immune07_611056,aneuploid
BD_immune07_421243,aneuploid
BD_immune07_128227,aneuploid
BD_immune07_757656,aneuploid
BD_immune07_292215,aneuploid
BD_immune07_184648,aneuploid
BD_immune07_550754,aneuploid
BD_immune07_554963,aneuploid
BD_immune07_382689,aneuploid
BD_immune07_150006,aneuploid
BD_immune07_214714,aneuploid
BD_immune07_181748,aneuploid
BD_immune07_695966,aneuploid
BD_immune07_793429,aneuploid
BD_immune07_508699,aneuploid
BD_immune07_520877,aneuploid
BD_immune07_305931,aneuploid
BD_immune07_101968,aneuploid
BD_immune07_251196,aneuploid
BD_immune07_276224,aneuploid
BD_immune07_474891,aneuploid
BD_immune07_306217,aneuploid
BD_immune07_349016,aneuploid
BD_immune07_506697,aneuploid
BD_immune07_634788,aneuploid
BD_immune07_407691,aneuploid
BD_immune07_313963,aneuploid
BD_immune07_155349,aneuploid
BD_immune07_35840,aneuploid
BD_immune07_186675,aneuploid
BD_immune07_715454,aneuploid
BD_immune07_517126,aneuploid
BD_immune07_383379,aneuploid
BD_immune07_388107,aneuploid
BD_immune07_248053,aneuploid
BD_immune07_425626,aneuploid
BD_immune07_210019,aneuploid
BD_immune07_42078,aneuploid
BD_immune07_623323,aneuploid
BD_immune07_832169,aneuploid
BD_immune07_520839,aneuploid
BD_immune07_505034,aneuploid
BD_immune07_653519,aneuploid
BD_immune07_466093,aneuploid
BD_immune07_78116,aneuploid
BD_immune07_680225,aneuploid
BD_immune07_520331,aneuploid
BD_immune07_373931,aneuploid
BD_immune07_560527,aneuploid
BD_immune07_249145,aneuploid
BD_immune07_556530,aneuploid
BD_immune07_129762,aneuploid
BD_immune07_805182,aneuploid
BD_immune07_692488,aneuploid
BD_immune07_656447,aneuploid
BD_immune07_580324,aneuploid
BD_immune07_10253,aneuploid
BD_immune07_180036,aneuploid
BD_immune07_830175,aneuploid
BD_immune07_9819,aneuploid
BD_immune07_733512,aneuploid
BD_immune07_13972,aneuploid
BD_immune07_418211,aneuploid
BD_immune07_514684,aneuploid
BD_immune07_600299,aneuploid
BD_immune07_693682,aneuploid
BD_immune07_335430,aneuploid
BD_immune07_631544,aneuploid
BD_immune07_237651,aneuploid
BD_immune07_284280,aneuploid
BD_immune07_717293,aneuploid
BD_immune07_19728,aneuploid
BD_immune07_721092,aneuploid
BD_immune07_556050,aneuploid
BD_immune07_62376,aneuploid
BD_immune07_258831,aneuploid
BD_immune07_4605,aneuploid
BD_immune07_803974,aneuploid
BD_immune07_833601,aneuploid
BD_immune07_232545,aneuploid
BD_immune07_709324,aneuploid
BD_immune07_785044,aneuploid
BD_immune07_489126,aneuploid
BD_immune07_798676,aneuploid
BD_immune07_160657,aneuploid
BD_immune07_305842,aneuploid
BD_immune07_200132,aneuploid
BD_immune07_271202,aneuploid
BD_immune07_182072,aneuploid
BD_immune07_876613,aneuploid
BD_immune07_172163,aneuploid
BD_immune07_380013,aneuploid
BD_immune07_848229,aneuploid
BD_immune07_416245,aneuploid
BD_immune07_469453,aneuploid
BD_immune07_376445,aneuploid
BD_immune07_101992,aneuploid
BD_immune07_71210,aneuploid
BD_immune07_821490,aneuploid
BD_immune07_315779,aneuploid
BD_immune07_42051,aneuploid
BD_immune07_723784,aneuploid
BD_immune07_328151,aneuploid
BD_immune07_87918,aneuploid
BD_immune07_49534,aneuploid
BD_immune07_368012,aneuploid
BD_immune07_601787,aneuploid
BD_immune07_231682,aneuploid
BD_immune07_243529,aneuploid
BD_immune07_115810,aneuploid
BD_immune07_818504,aneuploid
BD_immune07_712183,aneuploid
BD_immune07_400290,aneuploid
BD_immune07_714899,aneuploid
BD_immune07_232553,aneuploid
BD_immune07_29648,aneuploid
BD_immune07_281706,aneuploid
BD_immune07_495632,aneuploid
BD_immune07_609480,aneuploid
BD_immune07_824764,aneuploid
BD_immune07_20983,aneuploid
BD_immune07_101874,aneuploid
BD_immune07_749460,aneuploid
BD_immune07_625311,aneuploid
BD_immune07_33221,aneuploid
BD_immune07_4621,aneuploid
BD_immune07_575462,aneuploid
BD_immune07_754635,aneuploid
BD_immune07_292891,aneuploid
BD_immune07_709073,aneuploid
BD_immune07_324387,aneuploid
BD_immune07_277786,aneuploid
BD_immune07_649357,aneuploid
BD_immune07_826750,aneuploid
BD_immune07_767163,aneuploid
BD_immune07_150914,aneuploid
BD_immune07_604350,aneuploid
BD_immune07_760559,aneuploid
BD_immune07_596633,aneuploid
BD_immune07_820371,aneuploid
BD_immune07_203747,aneuploid
BD_immune07_317986,aneuploid
BD_immune07_840093,aneuploid
BD_immune07_270615,aneuploid
BD_immune07_734382,aneuploid
BD_immune07_67608,aneuploid
BD_immune07_331053,aneuploid
BD_immune07_536211,aneuploid
BD_immune07_535244,aneuploid
BD_immune07_698344,aneuploid
BD_immune07_302458,aneuploid
BD_immune07_649913,aneuploid
BD_immune07_253723,aneuploid
BD_immune07_833374,aneuploid
BD_immune07_69285,aneuploid
BD_immune07_385601,aneuploid
BD_immune07_192896,aneuploid
BD_immune07_879857,aneuploid
BD_immune07_425228,aneuploid
BD_immune07_69657,aneuploid
BD_immune07_720298,aneuploid
BD_immune07_134225,aneuploid
BD_immune07_7693,aneuploid
BD_immune07_404848,aneuploid
BD_immune07_117315,aneuploid
BD_immune07_15208,aneuploid
BD_immune07_728918,aneuploid
BD_immune07_19875,aneuploid
BD_immune07_424577,aneuploid
BD_immune07_101562,aneuploid
BD_immune07_338703,aneuploid
BD_immune07_569266,aneuploid
BD_immune07_168562,aneuploid
BD_immune07_874024,aneuploid
BD_immune07_732743,aneuploid
BD_immune07_585592,aneuploid
BD_immune07_391395,aneuploid
BD_immune07_359054,aneuploid
BD_immune07_203604,aneuploid
BD_immune07_345310,aneuploid
BD_immune07_719809,aneuploid
BD_immune07_787351,aneuploid
BD_immune07_724392,aneuploid
BD_immune07_461474,aneuploid
BD_immune07_697361,aneuploid
BD_immune07_778284,aneuploid
BD_immune07_374425,aneuploid
BD_immune07_365447,aneuploid
BD_immune07_12229,aneuploid
BD_immune07_625172,aneuploid
BD_immune07_67387,aneuploid
BD_immune07_196191,aneuploid
BD_immune07_135205,aneuploid
BD_immune07_258660,aneuploid
BD_immune07_528755,aneuploid
BD_immune07_61307,aneuploid
BD_immune07_432504,aneuploid
BD_immune07_445211,aneuploid
BD_immune07_366466,aneuploid
BD_immune07_591265,aneuploid
BD_immune07_213792,aneuploid
BD_immune07_5946,aneuploid
BD_immune07_853814,aneuploid
BD_immune07_446100,aneuploid
BD_immune07_1934,aneuploid
BD_immune07_449387,aneuploid
BD_immune07_726223,aneuploid
BD_immune07_872888,aneuploid
BD_immune07_777216,aneuploid
BD_immune07_165533,aneuploid
BD_immune07_97241,aneuploid
BD_immune07_388944,aneuploid
BD_immune07_41569,aneuploid
BD_immune07_654029,aneuploid
BD_immune07_392398,aneuploid
BD_immune07_242723,aneuploid
BD_immune07_701678,aneuploid
BD_immune07_843347,aneuploid
BD_immune07_552976,aneuploid
BD_immune07_4937,aneuploid
BD_immune07_6707,aneuploid
BD_immune07_235004,aneuploid
BD_immune07_15016,aneuploid
BD_immune07_303013,aneuploid
BD_immune07_487568,aneuploid
BD_immune07_206302,aneuploid
BD_immune07_742404,aneuploid
BD_immune07_191277,aneuploid
BD_immune07_388235,aneuploid
BD_immune07_867108,aneuploid
BD_immune07_362912,aneuploid
BD_immune07_604199,aneuploid
BD_immune07_342031,aneuploid
BD_immune07_193052,aneuploid
BD_immune07_162566,aneuploid
BD_immune07_444108,aneuploid
BD_immune07_409621,aneuploid
BD_immune07_375801,aneuploid
BD_immune07_122508,aneuploid
BD_immune07_307363,aneuploid
BD_immune07_202869,aneuploid
BD_immune07_239377,aneuploid
BD_immune07_588806,aneuploid
BD_immune07_531527,aneuploid
BD_immune07_393053,aneuploid
BD_immune07_469208,aneuploid
BD_immune07_238357,aneuploid
BD_immune07_220842,aneuploid
BD_immune07_39495,aneuploid
BD_immune07_786107,aneuploid
BD_immune07_75024,aneuploid
BD_immune07_495368,aneuploid
BD_immune07_662183,aneuploid
BD_immune07_741401,aneuploid
BD_immune07_866170,aneuploid
BD_immune07_584941,aneuploid
BD_immune07_273907,aneuploid
BD_immune07_49022,aneuploid
BD_immune07_249411,aneuploid
BD_immune07_472160,aneuploid
BD_immune07_508540,aneuploid
BD_immune07_383787,aneuploid
BD_immune07_370778,aneuploid
BD_immune07_576602,aneuploid
BD_immune07_44697,aneuploid
BD_immune07_175206,aneuploid
BD_immune07_806566,aneuploid
BD_immune07_855210,aneuploid
BD_immune07_557950,aneuploid
BD_immune07_548424,aneuploid
BD_immune07_491427,aneuploid
BD_immune07_37416,aneuploid
BD_immune07_617710,aneuploid
BD_immune07_463956,aneuploid
BD_immune07_27869,aneuploid
BD_immune07_377605,aneuploid
BD_immune07_806366,aneuploid
BD_immune07_822671,aneuploid
BD_immune07_605236,aneuploid
BD_immune07_507909,aneuploid
BD_immune07_39078,aneuploid
BD_immune07_68930,aneuploid
BD_immune07_322699,aneuploid
BD_immune07_377512,aneuploid
BD_immune07_718277,aneuploid
BD_immune07_93902,aneuploid
BD_immune07_198039,aneuploid
BD_immune07_586808,aneuploid
BD_immune07_823296,aneuploid
BD_immune07_243469,aneuploid
BD_immune07_602680,aneuploid
BD_immune07_263252,aneuploid
BD_immune07_212732,aneuploid
BD_immune07_285569,aneuploid
BD_immune07_80336,aneuploid
BD_immune07_157349,aneuploid
BD_immune07_361317,aneuploid
BD_immune07_504314,aneuploid
BD_immune07_706314,aneuploid
BD_immune07_813647,aneuploid
BD_immune07_835644,aneuploid
BD_immune07_251607,aneuploid
BD_immune07_53529,aneuploid
BD_immune07_814734,aneuploid
BD_immune07_512004,aneuploid
BD_immune07_66109,aneuploid
BD_immune07_89055,aneuploid
BD_immune07_367080,aneuploid
BD_immune07_781136,aneuploid
BD_immune07_496150,aneuploid
BD_immune07_610025,aneuploid
BD_immune07_268475,aneuploid
BD_immune07_11452,aneuploid
BD_immune07_204052,aneuploid
BD_immune07_230884,aneuploid
BD_immune07_764063,aneuploid
BD_immune07_260736,aneuploid
BD_immune07_5608,aneuploid
BD_immune07_786255,aneuploid
BD_immune07_508635,aneuploid
BD_immune07_799512,aneuploid
BD_immune07_817449,aneuploid
BD_immune07_296152,aneuploid
BD_immune07_409217,aneuploid
BD_immune07_208733,aneuploid
BD_immune07_444846,aneuploid
BD_immune07_429546,aneuploid
BD_immune07_867157,aneuploid
BD_immune07_824214,aneuploid
BD_immune07_411884,aneuploid
BD_immune07_883599,aneuploid
BD_immune07_163966,aneuploid
BD_immune07_503116,aneuploid
BD_immune07_806525,aneuploid
BD_immune07_43867,aneuploid
BD_immune07_243936,aneuploid
BD_immune07_213966,aneuploid
BD_immune07_466394,aneuploid
BD_immune07_300627,aneuploid
BD_immune07_135582,aneuploid
BD_immune07_483963,aneuploid
BD_immune07_368622,aneuploid
BD_immune07_14859,aneuploid
BD_immune07_862005,aneuploid
BD_immune07_858143,aneuploid
BD_immune07_805908,aneuploid
BD_immune07_545891,aneuploid
BD_immune07_305635,aneuploid
BD_immune07_512397,aneuploid
BD_immune07_449830,aneuploid
BD_immune07_101737,aneuploid
BD_immune07_503491,aneuploid
BD_immune07_505686,aneuploid
BD_immune07_415827,aneuploid
BD_immune07_138183,aneuploid
BD_immune07_530853,aneuploid
BD_immune07_5541,aneuploid
BD_immune07_209123,aneuploid
BD_immune07_352147,aneuploid
BD_immune07_10998,aneuploid
BD_immune07_272367,aneuploid
BD_immune07_357477,aneuploid
BD_immune07_190938,aneuploid
BD_immune07_492702,aneuploid
BD_immune07_401845,aneuploid
BD_immune07_402064,aneuploid
BD_immune07_812197,aneuploid
BD_immune07_80736,aneuploid
BD_immune07_147643,aneuploid
BD_immune07_143762,aneuploid
BD_immune07_644691,aneuploid
BD_immune07_765728,aneuploid
BD_immune07_853511,aneuploid
BD_immune07_429051,aneuploid
BD_immune07_113108,aneuploid
BD_immune07_462776,aneuploid
BD_immune07_152830,aneuploid
BD_immune07_784100,aneuploid
BD_immune07_50465,aneuploid
BD_immune07_244082,aneuploid
BD_immune07_725041,aneuploid
BD_immune07_8882,aneuploid
BD_immune07_614963,aneuploid
BD_immune07_794199,aneuploid
BD_immune07_587606,aneuploid
BD_immune07_365450,aneuploid
BD_immune07_120201,aneuploid
BD_immune07_246726,aneuploid
BD_immune07_317309,aneuploid
BD_immune07_699792,aneuploid
BD_immune07_203512,aneuploid
BD_immune07_302835,aneuploid
BD_immune07_104017,aneuploid
BD_immune07_230992,aneuploid
BD_immune07_747528,aneuploid
BD_immune07_473007,aneuploid
BD_immune07_589829,aneuploid
BD_immune07_667943,aneuploid
BD_immune07_174355,aneuploid
BD_immune07_412522,aneuploid
BD_immune07_616993,aneuploid
BD_immune07_474722,aneuploid
BD_immune07_485640,aneuploid
BD_immune07_185469,aneuploid
BD_immune07_186925,aneuploid
BD_immune07_861421,aneuploid
BD_immune07_20376,aneuploid
BD_immune07_308938,aneuploid
BD_immune07_389275,aneuploid
BD_immune07_657865,aneuploid
BD_immune07_230558,aneuploid
BD_immune07_749986,aneuploid
BD_immune07_348846,aneuploid
BD_immune07_188917,aneuploid
BD_immune07_2021,aneuploid
BD_immune07_833931,aneuploid
BD_immune07_62898,aneuploid
BD_immune07_678288,aneuploid
BD_immune07_176311,aneuploid
BD_immune07_857622,aneuploid
BD_immune07_647284,aneuploid
BD_immune07_684868,aneuploid
BD_immune07_478595,aneuploid
BD_immune07_339533,aneuploid
BD_immune07_856420,aneuploid
BD_immune07_723591,aneuploid
BD_immune07_289382,aneuploid
BD_immune07_318540,aneuploid
BD_immune07_687020,aneuploid
BD_immune07_207459,aneuploid
BD_immune07_484720,aneuploid
BD_immune07_300943,aneuploid
BD_immune07_214096,aneuploid
BD_immune07_548013,aneuploid
BD_immune07_505016,aneuploid
BD_immune07_787684,aneuploid
BD_immune07_438348,aneuploid
BD_immune07_613044,aneuploid
BD_immune07_427946,aneuploid
BD_immune07_870272,aneuploid
BD_immune07_231244,aneuploid
BD_immune07_419041,aneuploid
BD_immune07_189667,aneuploid
BD_immune07_670566,aneuploid
BD_immune07_245095,aneuploid
BD_immune07_836399,aneuploid
BD_immune07_756907,aneuploid
BD_immune07_697238,aneuploid
BD_immune07_168138,aneuploid
BD_immune07_42019,aneuploid
BD_immune07_701793,aneuploid
BD_immune07_544200,aneuploid
BD_immune07_772514,aneuploid
BD_immune07_672448,aneuploid
BD_immune07_422867,aneuploid
BD_immune07_802224,aneuploid
BD_immune07_816716,aneuploid
BD_immune07_826214,aneuploid
BD_immune07_16543,aneuploid
BD_immune07_574625,aneuploid
BD_immune07_340833,aneuploid
BD_immune07_805981,aneuploid
BD_immune07_365808,aneuploid
BD_immune07_696436,aneuploid
BD_immune07_691916,aneuploid
BD_immune07_606421,aneuploid
BD_immune07_498196,aneuploid
BD_immune07_140422,aneuploid
BD_immune07_810716,aneuploid
BD_immune07_524840,aneuploid
BD_immune07_874903,aneuploid
BD_immune07_184516,aneuploid
BD_immune07_424225,aneuploid
BD_immune07_508514,aneuploid
BD_immune07_637039,aneuploid
BD_immune07_87959,aneuploid
BD_immune07_269421,aneuploid
BD_immune07_118283,aneuploid
BD_immune07_429779,aneuploid
BD_immune07_810913,aneuploid
BD_immune07_567431,aneuploid
BD_immune07_381012,aneuploid
BD_immune07_627977,aneuploid
BD_immune07_8532,aneuploid
BD_immune07_168993,aneuploid
BD_immune07_377534,aneuploid
BD_immune07_528321,aneuploid
BD_immune07_521155,aneuploid
BD_immune07_478428,aneuploid
BD_immune07_308944,aneuploid
BD_immune07_744019,aneuploid
BD_immune07_66998,aneuploid
BD_immune07_13599,aneuploid
BD_immune07_515702,aneuploid
BD_immune07_829861,aneuploid
BD_immune07_117068,aneuploid
BD_immune07_181890,aneuploid
BD_immune07_170327,aneuploid
BD_immune07_30241,aneuploid
BD_immune07_323240,aneuploid
BD_immune07_520936,aneuploid
BD_immune07_146299,aneuploid
BD_immune07_732258,aneuploid
BD_immune07_577162,aneuploid
BD_immune07_187871,aneuploid
BD_immune07_220521,aneuploid
BD_immune07_288658,aneuploid
BD_immune07_325731,aneuploid
BD_immune07_525840,aneuploid
BD_immune07_43710,aneuploid
BD_immune07_178671,aneuploid
BD_immune07_127399,aneuploid
BD_immune07_410068,aneuploid
BD_immune07_849335,aneuploid
BD_immune07_732596,aneuploid
BD_immune07_99975,aneuploid
BD_immune07_555750,aneuploid
BD_immune07_240187,aneuploid
BD_immune07_344588,aneuploid
BD_immune07_72837,aneuploid
BD_immune07_597886,aneuploid
BD_immune07_146941,aneuploid
BD_immune07_91536,aneuploid
BD_immune07_2897,aneuploid
BD_immune07_230846,aneuploid
BD_immune07_746215,aneuploid
BD_immune07_234207,aneuploid
BD_immune07_464748,aneuploid
BD_immune07_327159,aneuploid
BD_immune07_175557,aneuploid
BD_immune07_117479,aneuploid
BD_immune07_350774,aneuploid
BD_immune07_591792,aneuploid
BD_immune07_734555,aneuploid
BD_immune07_59818,aneuploid
BD_immune07_536184,aneuploid
BD_immune07_53097,aneuploid
BD_immune07_659873,aneuploid
BD_immune07_574992,aneuploid
BD_immune07_882217,aneuploid
BD_immune07_166640,aneuploid
BD_immune07_31238,aneuploid
BD_immune07_125408,aneuploid
BD_immune07_464090,aneuploid
BD_immune07_422688,aneuploid
BD_immune07_261290,aneuploid
BD_immune07_186421,aneuploid
BD_immune07_701883,aneuploid
BD_immune07_363586,aneuploid
BD_immune07_69320,aneuploid
BD_immune07_497768,aneuploid
BD_immune07_158420,aneuploid
BD_immune07_369042,aneuploid
BD_immune07_355135,aneuploid
BD_immune07_734916,aneuploid
BD_immune07_81568,aneuploid
BD_immune07_673395,aneuploid
BD_immune07_453531,aneuploid
BD_immune07_583752,aneuploid
BD_immune07_362037,aneuploid
BD_immune07_823533,aneuploid
BD_immune07_342760,aneuploid
BD_immune07_185022,aneuploid
BD_immune07_836682,aneuploid
BD_immune07_62955,aneuploid
BD_immune07_829594,aneuploid
BD_immune07_498241,aneuploid
BD_immune07_331201,aneuploid
BD_immune07_181694,aneuploid
BD_immune07_642139,aneuploid
BD_immune07_632323,aneuploid
BD_immune07_28664,aneuploid
BD_immune07_459303,aneuploid
BD_immune07_367071,aneuploid
BD_immune07_355637,aneuploid
BD_immune07_559002,aneuploid
BD_immune07_271407,aneuploid
BD_immune07_449390,aneuploid
BD_immune07_150832,aneuploid
BD_immune07_831412,aneuploid
BD_immune07_477103,aneuploid
BD_immune07_621257,aneuploid
BD_immune07_269769,aneuploid
BD_immune07_574348,aneuploid
BD_immune07_299463,aneuploid
BD_immune07_664814,aneuploid
BD_immune07_665446,aneuploid
BD_immune07_542782,aneuploid
BD_immune07_512718,aneuploid
BD_immune07_341007,aneuploid
BD_immune07_114049,aneuploid
BD_immune07_816809,aneuploid
BD_immune07_75833,aneuploid
BD_immune07_51521,aneuploid
BD_immune07_383118,aneuploid
BD_immune07_749407,aneuploid
BD_immune07_551612,aneuploid
BD_immune07_180445,aneuploid
BD_immune07_261971,aneuploid
BD_immune07_231890,aneuploid
BD_immune07_106056,aneuploid
BD_immune07_66189,aneuploid
BD_immune07_80340,aneuploid
BD_immune07_440225,aneuploid
BD_immune07_553357,aneuploid
BD_immune07_8329,aneuploid
BD_immune07_440061,aneuploid
BD_immune07_64495,aneuploid
BD_immune07_869193,aneuploid
BD_immune07_471564,aneuploid
BD_immune07_317891,aneuploid
BD_immune07_198940,aneuploid
BD_immune07_634187,aneuploid
BD_immune07_434332,aneuploid
BD_immune07_271301,aneuploid
BD_immune07_175839,aneuploid
BD_immune07_85599,aneuploid
BD_immune07_876109,aneuploid
BD_immune07_394126,aneuploid
BD_immune07_623392,aneuploid
BD_immune07_795249,aneuploid
BD_immune07_442558,aneuploid
BD_immune07_339539,aneuploid
BD_immune07_617212,aneuploid
BD_immune07_80353,aneuploid
BD_immune07_613114,aneuploid
BD_immune07_389510,aneuploid
BD_immune07_796891,aneuploid
BD_immune07_95990,aneuploid
BD_immune07_500157,aneuploid
BD_immune07_249523,aneuploid
BD_immune07_44006,aneuploid
BD_immune07_225392,aneuploid
BD_immune07_559309,aneuploid
BD_immune07_798813,aneuploid
BD_immune07_497001,aneuploid
BD_immune07_19800,aneuploid
BD_immune07_637292,aneuploid
BD_immune07_97285,aneuploid
BD_immune07_347429,aneuploid
BD_immune07_693066,aneuploid
BD_immune07_273766,aneuploid
BD_immune07_790987,aneuploid
BD_immune07_433119,aneuploid
BD_immune07_647310,aneuploid
BD_immune07_500616,aneuploid
BD_immune07_328195,aneuploid
BD_immune07_414296,aneuploid
BD_immune07_81352,aneuploid
BD_immune07_742364,aneuploid
BD_immune07_108240,aneuploid
BD_immune07_647389,aneuploid
BD_immune07_684821,aneuploid
BD_immune07_330241,aneuploid
BD_immune07_588013,aneuploid
BD_immune07_683649,aneuploid
BD_immune07_411471,aneuploid
BD_immune07_167195,aneuploid
BD_immune07_800763,aneuploid
BD_immune07_756577,aneuploid
BD_immune07_241898,aneuploid
BD_immune07_165063,aneuploid
BD_immune07_216018,aneuploid
BD_immune07_153317,aneuploid
BD_immune07_752582,aneuploid
BD_immune07_704617,aneuploid
BD_immune07_16183,aneuploid
BD_immune07_695883,aneuploid
BD_immune07_675106,aneuploid
BD_immune07_569003,aneuploid
BD_immune07_479748,aneuploid
BD_immune07_713711,aneuploid
BD_immune07_695333,aneuploid
BD_immune07_185513,aneuploid
BD_immune07_357887,aneuploid
BD_immune07_628918,aneuploid
BD_immune07_767205,aneuploid
BD_immune07_488653,aneuploid
BD_immune07_776680,aneuploid
BD_immune07_299349,aneuploid
BD_immune07_285191,aneuploid
BD_immune07_303636,aneuploid
BD_immune07_216029,aneuploid
BD_immune07_786018,aneuploid
BD_immune07_797583,aneuploid
BD_immune07_797650,aneuploid
BD_immune07_345033,aneuploid
BD_immune07_565055,aneuploid
BD_immune07_164542,aneuploid
BD_immune07_376204,aneuploid
BD_immune07_399180,aneuploid
BD_immune07_280528,aneuploid
BD_immune07_882844,aneuploid
BD_immune07_655368,aneuploid
BD_immune07_707665,aneuploid
BD_immune07_804369,aneuploid
BD_immune07_645069,aneuploid
BD_immune07_608361,aneuploid
BD_immune07_413236,aneuploid
BD_immune07_874751,aneuploid
BD_immune07_86044,aneuploid
BD_immune07_193959,aneuploid
BD_immune07_337503,aneuploid
BD_immune07_350280,aneuploid
BD_immune07_739282,aneuploid
BD_immune07_788830,aneuploid
BD_immune07_394895,aneuploid
BD_immune07_55035,aneuploid
BD_immune07_345794,aneuploid
BD_immune07_129794,aneuploid
BD_immune07_444261,aneuploid
BD_immune07_714447,aneuploid
BD_immune07_651983,aneuploid
BD_immune07_2131,aneuploid
BD_immune07_154059,aneuploid
BD_immune07_308966,aneuploid
BD_immune07_87988,aneuploid
BD_immune07_11427,aneuploid
BD_immune07_674939,aneuploid
BD_immune07_76045,aneuploid
BD_immune07_558289,aneuploid
BD_immune07_386734,aneuploid
BD_immune07_164748,aneuploid
BD_immune07_130237,aneuploid
BD_immune07_59018,aneuploid
BD_immune07_196790,aneuploid
BD_immune07_417449,aneuploid
BD_immune07_402209,aneuploid
BD_immune07_347709,aneuploid
BD_immune07_203434,aneuploid
BD_immune07_135046,aneuploid
BD_immune07_593431,aneuploid
BD_immune07_836762,aneuploid
BD_immune07_744455,aneuploid
BD_immune07_803596,aneuploid
BD_immune07_150358,aneuploid
BD_immune07_820730,aneuploid
BD_immune07_582205,aneuploid
BD_immune07_150572,aneuploid
BD_immune07_50018,aneuploid
BD_immune07_277797,aneuploid
BD_immune07_626917,aneuploid
BD_immune07_801890,aneuploid
BD_immune07_880299,aneuploid
BD_immune07_747310,aneuploid
BD_immune07_233026,aneuploid
BD_immune07_439971,aneuploid
BD_immune07_836227,aneuploid
BD_immune07_421540,aneuploid
BD_immune07_638262,aneuploid
BD_immune07_566309,aneuploid
BD_immune07_411380,aneuploid
BD_immune07_555868,aneuploid
BD_immune07_464576,aneuploid
BD_immune07_237401,aneuploid
BD_immune07_353249,aneuploid
BD_immune07_193914,aneuploid
BD_immune07_344025,aneuploid
BD_immune07_215061,aneuploid
BD_immune07_777233,aneuploid
BD_immune07_447300,aneuploid
BD_immune07_443490,aneuploid
BD_immune07_731275,aneuploid
BD_immune07_787026,aneuploid
BD_immune07_795706,aneuploid
BD_immune07_45815,aneuploid
BD_immune07_316781,aneuploid
BD_immune07_476932,aneuploid
BD_immune07_559041,aneuploid
BD_immune07_99858,aneuploid
BD_immune07_615541,aneuploid
BD_immune07_638576,aneuploid
BD_immune07_154357,aneuploid
BD_immune07_343216,aneuploid
BD_immune07_572778,aneuploid
BD_immune07_400034,aneuploid
BD_immune07_108678,aneuploid
BD_immune07_210169,aneuploid
BD_immune07_445025,aneuploid
BD_immune07_811107,aneuploid
BD_immune07_647405,aneuploid
BD_immune07_765262,aneuploid
BD_immune07_761842,aneuploid
BD_immune07_221943,aneuploid
BD_immune07_513837,aneuploid
BD_immune07_325786,aneuploid
BD_immune07_696274,aneuploid
BD_immune07_620276,aneuploid
BD_immune07_362117,aneuploid
BD_immune07_468617,aneuploid
BD_immune07_625305,aneuploid
BD_immune07_467791,aneuploid
BD_immune07_543316,aneuploid
BD_immune07_713337,aneuploid
BD_immune07_373277,aneuploid
BD_immune07_332582,aneuploid
BD_immune07_153947,aneuploid
BD_immune07_811122,aneuploid
BD_immune07_162958,aneuploid
BD_immune07_435115,aneuploid
BD_immune07_123324,aneuploid
BD_immune07_54767,aneuploid
BD_immune07_598647,aneuploid
BD_immune07_457848,aneuploid
BD_immune07_451997,aneuploid
BD_immune07_271267,aneuploid
BD_immune07_556178,aneuploid
BD_immune07_420959,aneuploid
BD_immune07_65088,aneuploid
BD_immune07_738825,aneuploid
BD_immune07_245012,aneuploid
BD_immune07_242287,aneuploid
BD_immune07_444904,aneuploid
BD_immune07_439566,aneuploid
BD_immune07_102979,aneuploid
BD_immune07_871092,aneuploid
BD_immune07_76030,aneuploid
BD_immune07_813973,aneuploid
BD_immune07_432766,aneuploid
BD_immune07_256662,aneuploid
BD_immune07_335914,aneuploid
BD_immune07_295294,aneuploid
BD_immune07_512491,aneuploid
BD_immune07_831079,aneuploid
BD_immune07_447792,aneuploid
BD_immune07_220456,aneuploid
BD_immune07_405773,aneuploid
BD_immune07_554188,aneuploid
BD_immune07_207880,aneuploid
BD_immune07_98135,aneuploid
BD_immune07_702191,aneuploid
BD_immune07_60783,aneuploid
BD_immune07_586229,aneuploid
BD_immune07_412996,aneuploid
BD_immune07_98428,aneuploid
BD_immune07_408272,aneuploid
BD_immune07_195404,aneuploid
BD_immune07_451614,aneuploid
BD_immune07_837862,aneuploid
BD_immune07_764888,aneuploid
BD_immune07_157058,aneuploid
BD_immune07_703686,aneuploid
BD_immune07_146820,aneuploid
BD_immune07_718628,aneuploid
BD_immune07_422189,aneuploid
BD_immune07_678631,aneuploid
BD_immune07_464852,aneuploid
BD_immune07_782437,aneuploid
BD_immune07_598252,aneuploid
BD_immune07_582626,aneuploid
BD_immune07_586862,aneuploid
BD_immune07_646253,aneuploid
BD_immune07_529118,aneuploid
BD_immune07_234415,aneuploid
BD_immune07_147664,aneuploid
BD_immune07_133442,aneuploid
BD_immune07_742955,aneuploid
BD_immune07_461196,aneuploid
BD_immune07_133563,aneuploid
BD_immune07_92226,aneuploid
BD_immune07_660884,aneuploid
BD_immune07_82561,aneuploid
BD_immune07_679917,aneuploid
BD_immune07_725246,aneuploid
BD_immune07_774008,aneuploid
BD_immune07_119807,aneuploid
BD_immune07_341421,aneuploid
BD_immune07_195258,aneuploid
BD_immune07_618173,aneuploid
BD_immune07_251854,aneuploid
BD_immune07_335046,aneuploid
BD_immune07_666190,aneuploid
BD_immune07_11835,aneuploid
BD_immune07_334485,aneuploid
BD_immune07_14814,aneuploid
BD_immune07_277166,aneuploid
BD_immune07_270115,aneuploid
BD_immune07_62570,aneuploid
BD_immune07_111367,aneuploid
BD_immune07_538279,aneuploid
BD_immune07_558678,aneuploid
BD_immune07_291614,aneuploid
BD_immune07_229329,aneuploid
BD_immune07_576809,aneuploid
BD_immune07_333810,aneuploid
BD_immune07_200771,aneuploid
BD_immune07_15089,aneuploid
BD_immune07_754759,aneuploid
BD_immune07_332716,aneuploid
BD_immune07_153812,aneuploid
BD_immune07_64302,aneuploid
BD_immune07_841645,aneuploid
BD_immune07_575953,aneuploid
BD_immune07_63383,aneuploid
BD_immune07_883729,aneuploid
BD_immune07_794581,aneuploid
BD_immune07_448832,aneuploid
BD_immune07_235188,aneuploid
BD_immune07_394565,aneuploid
BD_immune07_819204,aneuploid
BD_immune07_556280,aneuploid
BD_immune07_392266,aneuploid
BD_immune07_539232,aneuploid
BD_immune07_741664,aneuploid
BD_immune07_824534,aneuploid
BD_immune07_802227,aneuploid
BD_immune07_647774,aneuploid
BD_immune07_557365,aneuploid
BD_immune07_87819,aneuploid
BD_immune07_144924,aneuploid
BD_immune07_582806,aneuploid
BD_immune07_238598,aneuploid
BD_immune07_434357,aneuploid
BD_immune07_576080,aneuploid
BD_immune07_374924,aneuploid
BD_immune07_651373,aneuploid
BD_immune07_218962,aneuploid
BD_immune07_51530,aneuploid
BD_immune07_341667,aneuploid
BD_immune07_230921,aneuploid
BD_immune07_533239,aneuploid
BD_immune07_336543,aneuploid
BD_immune07_551261,aneuploid
BD_immune07_352609,aneuploid
BD_immune07_202315,aneuploid
BD_immune07_391025,aneuploid
BD_immune07_466668,aneuploid
BD_immune07_442704,aneuploid
BD_immune07_551670,aneuploid
BD_immune07_415736,aneuploid
BD_immune07_863096,aneuploid
BD_immune07_669459,aneuploid
BD_immune07_457911,aneuploid
BD_immune07_303680,aneuploid
BD_immune07_861256,aneuploid
BD_immune07_348860,aneuploid
BD_immune07_309956,aneuploid
BD_immune07_338778,aneuploid
BD_immune07_734272,aneuploid
BD_immune07_262255,aneuploid
BD_immune07_80925,aneuploid
BD_immune07_766530,aneuploid
BD_immune07_543994,aneuploid
BD_immune07_21072,aneuploid
BD_immune07_541345,aneuploid
BD_immune07_880557,aneuploid
BD_immune07_432629,aneuploid
BD_immune07_532158,aneuploid
BD_immune07_806935,aneuploid
BD_immune07_160437,aneuploid
BD_immune07_298188,aneuploid
BD_immune07_113365,aneuploid
BD_immune07_38585,aneuploid
BD_immune07_883015,aneuploid
BD_immune07_411273,aneuploid
BD_immune07_318045,aneuploid
BD_immune07_251894,aneuploid
BD_immune07_582878,aneuploid
BD_immune07_633473,aneuploid
BD_immune07_229735,aneuploid
BD_immune07_554624,aneuploid
BD_immune07_800767,aneuploid
BD_immune07_599833,aneuploid
BD_immune07_538228,aneuploid
BD_immune07_52543,aneuploid
BD_immune07_581921,aneuploid
BD_immune07_556777,aneuploid
BD_immune07_557901,aneuploid
BD_immune07_306798,aneuploid
BD_immune07_548120,aneuploid
BD_immune07_656452,aneuploid
BD_immune07_363672,aneuploid
BD_immune07_805892,aneuploid
BD_immune07_244816,aneuploid
BD_immune07_226882,aneuploid
BD_immune07_330902,aneuploid
BD_immune07_80632,aneuploid
BD_immune07_451795,aneuploid
BD_immune07_158697,aneuploid
BD_immune07_115446,aneuploid
BD_immune07_449339,aneuploid
BD_immune07_49059,aneuploid
BD_immune07_650501,aneuploid
BD_immune07_159914,aneuploid
BD_immune07_470334,aneuploid
BD_immune07_300443,aneuploid
BD_immune07_279971,aneuploid
BD_immune07_850933,aneuploid
BD_immune07_533611,aneuploid
BD_immune07_451941,aneuploid
BD_immune07_805842,aneuploid
BD_immune07_228725,aneuploid
BD_immune07_677206,aneuploid
BD_immune07_820268,aneuploid
BD_immune07_232348,aneuploid
BD_immune07_724574,aneuploid
BD_immune07_206185,aneuploid
BD_immune07_14423,aneuploid
BD_immune07_570354,aneuploid
BD_immune07_39578,aneuploid
BD_immune07_283483,aneuploid
BD_immune07_309038,aneuploid
BD_immune07_178787,aneuploid
BD_immune07_643377,aneuploid
BD_immune07_602219,aneuploid
BD_immune07_498777,aneuploid
BD_immune07_428675,aneuploid
BD_immune07_591743,aneuploid
BD_immune07_688816,aneuploid
BD_immune07_611578,aneuploid
BD_immune07_316011,aneuploid
BD_immune07_531173,aneuploid
BD_immune07_823650,aneuploid
BD_immune07_337482,aneuploid
BD_immune07_70593,aneuploid
BD_immune07_327485,aneuploid
BD_immune07_5286,aneuploid
BD_immune07_883949,aneuploid
BD_immune07_400410,aneuploid
BD_immune07_195107,aneuploid
BD_immune07_756061,aneuploid
BD_immune07_145488,aneuploid
BD_immune07_280867,aneuploid
BD_immune07_428032,aneuploid
BD_immune07_634285,aneuploid
BD_immune07_419657,aneuploid
BD_immune07_71419,aneuploid
BD_immune07_43100,aneuploid
BD_immune07_837243,aneuploid
BD_immune07_367467,aneuploid
BD_immune07_272054,aneuploid
BD_immune07_735735,aneuploid
BD_immune07_297640,aneuploid
BD_immune07_71372,aneuploid
BD_immune07_167556,aneuploid
BD_immune07_835409,aneuploid
BD_immune07_393074,aneuploid
BD_immune07_151148,aneuploid
BD_immune07_145918,aneuploid
BD_immune07_31486,aneuploid
BD_immune07_312984,aneuploid
BD_immune07_297053,aneuploid
BD_immune07_186181,aneuploid
BD_immune07_539390,aneuploid
BD_immune07_9157,aneuploid
BD_immune07_152888,aneuploid
BD_immune07_530846,aneuploid
BD_immune07_257007,aneuploid
BD_immune07_726672,aneuploid
BD_immune07_364460,aneuploid
BD_immune07_452053,aneuploid
BD_immune07_700642,aneuploid
BD_immune07_402561,aneuploid
BD_immune07_571623,aneuploid
BD_immune07_782360,aneuploid
BD_immune07_352131,aneuploid
BD_immune07_855967,aneuploid
BD_immune07_849288,aneuploid
BD_immune07_406175,aneuploid
BD_immune07_582026,aneuploid
BD_immune07_195778,aneuploid
BD_immune07_749235,aneuploid
BD_immune07_62331,aneuploid
BD_immune07_590129,aneuploid
BD_immune07_674609,aneuploid
BD_immune07_738615,aneuploid
BD_immune07_349251,aneuploid
BD_immune07_572732,aneuploid
BD_immune07_498697,aneuploid
BD_immune07_861487,aneuploid
BD_immune07_307955,aneuploid
BD_immune07_781849,aneuploid
BD_immune07_502165,aneuploid
BD_immune07_380094,aneuploid
BD_immune07_881228,aneuploid
BD_immune07_127084,aneuploid
BD_immune07_28927,aneuploid
BD_immune07_139278,aneuploid
BD_immune07_79628,aneuploid
BD_immune07_499269,aneuploid
BD_immune07_161114,aneuploid
BD_immune07_291910,aneuploid
BD_immune07_427765,aneuploid
BD_immune07_736233,aneuploid
BD_immune07_534306,aneuploid
BD_immune07_179473,aneuploid
BD_immune07_571119,aneuploid
BD_immune07_240368,aneuploid
BD_immune07_590442,aneuploid
BD_immune07_166739,aneuploid
BD_immune07_384564,aneuploid
BD_immune07_622397,aneuploid
BD_immune07_2558,aneuploid
BD_immune07_460248,aneuploid
BD_immune07_579145,aneuploid
BD_immune07_397972,aneuploid
BD_immune07_146715,aneuploid
BD_immune07_614153,aneuploid
BD_immune07_478344,aneuploid
BD_immune07_566425,aneuploid
BD_immune07_18119,aneuploid
BD_immune07_771010,aneuploid
BD_immune07_296833,aneuploid
BD_immune07_396197,aneuploid
BD_immune07_863812,aneuploid
BD_immune07_55758,aneuploid
BD_immune07_827315,aneuploid
BD_immune07_527920,aneuploid
BD_immune07_253038,aneuploid
BD_immune07_718540,aneuploid
BD_immune07_671170,aneuploid
BD_immune07_496303,aneuploid
BD_immune07_62805,aneuploid
BD_immune07_534516,aneuploid
BD_immune07_677944,aneuploid
BD_immune07_55422,aneuploid
BD_immune07_657485,aneuploid
BD_immune07_533919,aneuploid
BD_immune07_331223,aneuploid
BD_immune07_150379,aneuploid
BD_immune07_47662,aneuploid
BD_immune07_394793,aneuploid
BD_immune07_779900,aneuploid
BD_immune07_844317,aneuploid
BD_immune07_135700,aneuploid
BD_immune07_851020,aneuploid
BD_immune07_359382,aneuploid
BD_immune07_576163,aneuploid
BD_immune07_333277,aneuploid
BD_immune07_449013,aneuploid
BD_immune07_118394,aneuploid
BD_immune07_646091,aneuploid
BD_immune07_513227,aneuploid
BD_immune07_317885,aneuploid
BD_immune07_349491,aneuploid
BD_immune07_360256,aneuploid
BD_immune07_578902,aneuploid
BD_immune07_156312,aneuploid
BD_immune07_640756,aneuploid
BD_immune07_328515,aneuploid
BD_immune07_679010,aneuploid
BD_immune07_88408,aneuploid
BD_immune07_375281,aneuploid
BD_immune07_504572,aneuploid
BD_immune07_158909,aneuploid
BD_immune07_344683,aneuploid
BD_immune07_304651,aneuploid
BD_immune07_486751,aneuploid
BD_immune07_249021,aneuploid
BD_immune07_756687,aneuploid
BD_immune07_231900,aneuploid
BD_immune07_850251,aneuploid
BD_immune07_563837,aneuploid
BD_immune07_494959,aneuploid
BD_immune07_258788,aneuploid
BD_immune07_601311,aneuploid
BD_immune07_62263,aneuploid
BD_immune07_330305,aneuploid
BD_immune07_449683,aneuploid
BD_immune07_801211,aneuploid
BD_immune07_753128,aneuploid
BD_immune07_149108,aneuploid
BD_immune07_366706,aneuploid
BD_immune07_647618,aneuploid
BD_immune07_734943,aneuploid
BD_immune07_684993,aneuploid
BD_immune07_522926,aneuploid
BD_immune07_580376,aneuploid
BD_immune07_790,aneuploid
BD_immune07_720833,aneuploid
BD_immune07_550446,aneuploid
BD_immune07_562901,aneuploid
BD_immune07_130045,aneuploid
BD_immune07_488851,aneuploid
BD_immune07_440092,aneuploid
BD_immune07_753859,aneuploid
BD_immune07_71451,aneuploid
BD_immune07_749167,aneuploid
BD_immune07_179539,aneuploid
BD_immune07_50720,aneuploid
BD_immune07_513440,aneuploid
BD_immune07_91211,aneuploid
BD_immune07_838615,aneuploid
BD_immune07_705954,aneuploid
BD_immune07_844615,aneuploid
BD_immune07_102992,aneuploid
BD_immune07_94743,aneuploid
BD_immune07_662753,aneuploid
BD_immune07_809183,aneuploid
BD_immune07_407970,aneuploid
BD_immune07_774324,aneuploid
BD_immune07_850111,aneuploid
BD_immune07_165520,aneuploid
BD_immune07_717176,aneuploid
BD_immune07_594849,aneuploid
BD_immune07_273377,aneuploid
BD_immune07_332500,aneuploid
BD_immune07_399715,aneuploid
BD_immune07_620619,aneuploid
BD_immune07_492817,aneuploid
BD_immune07_826630,aneuploid
BD_immune07_125613,aneuploid
BD_immune07_436691,aneuploid
BD_immune07_254287,aneuploid
BD_immune07_824971,aneuploid
BD_immune07_207468,aneuploid
BD_immune07_432918,aneuploid
BD_immune07_442210,aneuploid
BD_immune07_755404,aneuploid
BD_immune07_222189,aneuploid
BD_immune07_751250,aneuploid
BD_immune07_446863,aneuploid
BD_immune07_92499,aneuploid
BD_immune07_309120,aneuploid
BD_immune07_240517,aneuploid
BD_immune07_161633,aneuploid
BD_immune07_555407,aneuploid
BD_immune07_835718,aneuploid
BD_immune07_76926,aneuploid
BD_immune07_841108,aneuploid
BD_immune07_417163,aneuploid
BD_immune07_227397,aneuploid
BD_immune07_429447,aneuploid
BD_immune07_675341,aneuploid
BD_immune07_512703,aneuploid
BD_immune07_880103,aneuploid
BD_immune07_456055,aneuploid
BD_immune07_572483,aneuploid
BD_immune07_638301,aneuploid
BD_immune07_725720,aneuploid
BD_immune07_614111,aneuploid
BD_immune07_501642,aneuploid
BD_immune07_610640,aneuploid
BD_immune07_745076,aneuploid
BD_immune07_724806,aneuploid
BD_immune07_161519,aneuploid
BD_immune07_551896,aneuploid
BD_immune07_785771,aneuploid
BD_immune07_460679,aneuploid
BD_immune07_418516,aneuploid
BD_immune07_186593,aneuploid
BD_immune07_74677,aneuploid
BD_immune07_508050,aneuploid
BD_immune07_715355,aneuploid
BD_immune07_89813,aneuploid
BD_immune07_292312,aneuploid
BD_immune07_74963,aneuploid
BD_immune07_485035,aneuploid
BD_immune07_335628,aneuploid
BD_immune07_807215,aneuploid
BD_immune07_197614,aneuploid
BD_immune07_50291,aneuploid
BD_immune07_706120,aneuploid
BD_immune07_90923,aneuploid
BD_immune07_812464,aneuploid
BD_immune07_535671,aneuploid
BD_immune07_566002,aneuploid
BD_immune07_723207,aneuploid
BD_immune07_56616,aneuploid
BD_immune07_630845,aneuploid
BD_immune07_496292,aneuploid
BD_immune07_348048,aneuploid
BD_immune07_73849,aneuploid
BD_immune07_768491,aneuploid
BD_immune07_183804,aneuploid
BD_immune07_837515,aneuploid
BD_immune07_422281,aneuploid
BD_immune07_869669,aneuploid
BD_immune07_392065,aneuploid
BD_immune07_157590,aneuploid
BD_immune07_327083,aneuploid
BD_immune07_754478,aneuploid
BD_immune07_678941,aneuploid
BD_immune07_488385,aneuploid
BD_immune07_457063,aneuploid
BD_immune07_95199,aneuploid
BD_immune07_667893,aneuploid
BD_immune07_680065,aneuploid
BD_immune07_41471,aneuploid
BD_immune07_694573,aneuploid
BD_immune07_451359,aneuploid
BD_immune07_47614,aneuploid
BD_immune07_740307,aneuploid
BD_immune07_323298,aneuploid
BD_immune07_463231,aneuploid
BD_immune07_440073,aneuploid
BD_immune07_844157,aneuploid
BD_immune07_747821,aneuploid
BD_immune07_669365,aneuploid
BD_immune07_105399,aneuploid
BD_immune07_320447,aneuploid
BD_immune07_197905,aneuploid
BD_immune07_270923,aneuploid
BD_immune07_81813,aneuploid
BD_immune07_395397,aneuploid
BD_immune07_398479,aneuploid
BD_immune07_702923,aneuploid
BD_immune07_874239,aneuploid
BD_immune07_428876,aneuploid
BD_immune07_333639,aneuploid
BD_immune07_550150,aneuploid
BD_immune07_719187,aneuploid
BD_immune07_42448,aneuploid
BD_immune07_384923,aneuploid
BD_immune07_149253,aneuploid
BD_immune07_67053,aneuploid
BD_immune07_743931,aneuploid
BD_immune07_809455,aneuploid
BD_immune07_706802,aneuploid
BD_immune07_254583,aneuploid
BD_immune07_148978,aneuploid
BD_immune07_690946,aneuploid
BD_immune07_249481,aneuploid
BD_immune07_165379,aneuploid
BD_immune07_642240,aneuploid
BD_immune07_13319,aneuploid
BD_immune07_734416,aneuploid
BD_immune07_315025,aneuploid
BD_immune07_294960,aneuploid
BD_immune07_587054,aneuploid
BD_immune07_394973,aneuploid
BD_immune07_593877,aneuploid
BD_immune07_339948,aneuploid
BD_immune07_646231,aneuploid
BD_immune07_558628,aneuploid
BD_immune07_22986,aneuploid
BD_immune07_790704,aneuploid
BD_immune07_458458,aneuploid
BD_immune07_300794,aneuploid
BD_immune07_666065,aneuploid
BD_immune07_423260,aneuploid
BD_immune07_775394,aneuploid
BD_immune07_205942,aneuploid
BD_immune07_775654,aneuploid
BD_immune07_803326,aneuploid
BD_immune07_351535,aneuploid
BD_immune07_323303,aneuploid
BD_immune07_317647,aneuploid
BD_immune07_616181,aneuploid
BD_immune07_249787,aneuploid
BD_immune07_448402,aneuploid
BD_immune07_671689,aneuploid
BD_immune07_636852,aneuploid
BD_immune07_633077,aneuploid
BD_immune07_414508,aneuploid
BD_immune07_488535,aneuploid
BD_immune07_802725,aneuploid
BD_immune07_84065,aneuploid
BD_immune07_776239,aneuploid
BD_immune07_628616,aneuploid
BD_immune07_540447,aneuploid
BD_immune07_681528,aneuploid
BD_immune07_13470,aneuploid
BD_immune07_292166,aneuploid
BD_immune07_135783,aneuploid
BD_immune07_698618,aneuploid
BD_immune07_414648,aneuploid
BD_immune07_183651,aneuploid
BD_immune07_871271,aneuploid
BD_immune07_714267,aneuploid
BD_immune07_36029,aneuploid
BD_immune07_813992,aneuploid
BD_immune07_86755,aneuploid
BD_immune07_866330,aneuploid
BD_immune07_413980,aneuploid
BD_immune07_674701,aneuploid
BD_immune07_515029,aneuploid
BD_immune07_331763,aneuploid
BD_immune07_766735,aneuploid
BD_immune07_336229,aneuploid
BD_immune07_152443,aneuploid
BD_immune07_867083,aneuploid
BD_immune07_66675,aneuploid
BD_immune07_334490,aneuploid
BD_immune07_670636,aneuploid
BD_immune07_359837,aneuploid
BD_immune07_721215,aneuploid
BD_immune07_525392,aneuploid
BD_immune07_458776,aneuploid
BD_immune07_712822,aneuploid
BD_immune07_627609,aneuploid
BD_immune07_661410,aneuploid
BD_immune07_325662,aneuploid
BD_immune07_481743,aneuploid
BD_immune07_552032,aneuploid
BD_immune07_689123,aneuploid
BD_immune07_530747,aneuploid
BD_immune07_239752,aneuploid
BD_immune07_641270,aneuploid
BD_immune07_255505,aneuploid
BD_immune07_595569,aneuploid
BD_immune07_94508,aneuploid
BD_immune07_341000,aneuploid
BD_immune07_714014,aneuploid
BD_immune07_542959,aneuploid
BD_immune07_461941,aneuploid
BD_immune07_726578,aneuploid
BD_immune07_534266,aneuploid
BD_immune07_27563,aneuploid
BD_immune07_799532,aneuploid
BD_immune07_91084,aneuploid
BD_immune07_784235,aneuploid
BD_immune07_735424,aneuploid
BD_immune07_309346,aneuploid
BD_immune07_191147,aneuploid
BD_immune07_817778,aneuploid
BD_immune07_719375,aneuploid
BD_immune07_41207,aneuploid
BD_immune07_270781,aneuploid
BD_immune07_467895,aneuploid
BD_immune07_377084,aneuploid
BD_immune07_213087,aneuploid
BD_immune07_302198,aneuploid
BD_immune07_744122,aneuploid
BD_immune07_620426,aneuploid
BD_immune07_631871,aneuploid
BD_immune07_583440,aneuploid
BD_immune07_800645,aneuploid
BD_immune07_598337,aneuploid
BD_immune07_212190,aneuploid
BD_immune07_234046,aneuploid
BD_immune07_158351,aneuploid
BD_immune07_844835,aneuploid
BD_immune07_554341,aneuploid
BD_immune07_307354,aneuploid
BD_immune07_471695,aneuploid
BD_immune07_392667,aneuploid
BD_immune07_524777,aneuploid
BD_immune07_662252,aneuploid
BD_immune07_518054,aneuploid
BD_immune07_363461,aneuploid
BD_immune07_745176,aneuploid
BD_immune07_275489,aneuploid
BD_immune07_785493,aneuploid
BD_immune07_415344,aneuploid
BD_immune07_873412,aneuploid
BD_immune07_313073,aneuploid
BD_immune07_818342,aneuploid
BD_immune07_22632,aneuploid
BD_immune07_632878,aneuploid
BD_immune07_304228,aneuploid
BD_immune07_826458,aneuploid
BD_immune07_58873,aneuploid
BD_immune07_480241,aneuploid
BD_immune07_198528,aneuploid
BD_immune07_847982,aneuploid
BD_immune07_148915,aneuploid
BD_immune07_289966,aneuploid
BD_immune07_112327,aneuploid
BD_immune07_303195,aneuploid
BD_immune07_725846,aneuploid
BD_immune07_595162,aneuploid
BD_immune07_205352,aneuploid
BD_immune07_640366,aneuploid
BD_immune07_369780,aneuploid
BD_immune07_873834,aneuploid
BD_immune07_555629,aneuploid
BD_immune07_150553,aneuploid
BD_immune07_633818,aneuploid
BD_immune07_66781,aneuploid
BD_immune07_74265,aneuploid
BD_immune07_804623,aneuploid
BD_immune07_664315,aneuploid
BD_immune07_380032,aneuploid
BD_immune07_324162,aneuploid
BD_immune07_645262,aneuploid
BD_immune07_553432,aneuploid
BD_immune07_536585,aneuploid
BD_immune07_87050,aneuploid
BD_immune07_338974,aneuploid
BD_immune07_104468,aneuploid
BD_immune07_332169,aneuploid
BD_immune07_159923,aneuploid
BD_immune07_487494,aneuploid
BD_immune07_121901,aneuploid
BD_immune07_753412,aneuploid
BD_immune07_166451,aneuploid
BD_immune07_638517,aneuploid
BD_immune07_797680,aneuploid
BD_immune07_674002,aneuploid
BD_immune07_244497,aneuploid
BD_immune07_521201,aneuploid
BD_immune07_698410,aneuploid
BD_immune07_376320,aneuploid
BD_immune07_183903,aneuploid
BD_immune07_100930,aneuploid
BD_immune07_870110,aneuploid
BD_immune07_242288,aneuploid
BD_immune07_355490,aneuploid
BD_immune07_314780,aneuploid
BD_immune07_321740,aneuploid
BD_immune07_346884,aneuploid
BD_immune07_476376,aneuploid
BD_immune07_384313,aneuploid
BD_immune07_417724,aneuploid
BD_immune07_30590,aneuploid
BD_immune07_648395,aneuploid
BD_immune07_467777,aneuploid
BD_immune07_419891,aneuploid
BD_immune07_684120,aneuploid
BD_immune07_69501,aneuploid
BD_immune07_851298,aneuploid
BD_immune07_65416,aneuploid
BD_immune07_429871,aneuploid
BD_immune07_313309,aneuploid
BD_immune07_619721,aneuploid
BD_immune07_781095,aneuploid
BD_immune07_103669,aneuploid
BD_immune07_97414,aneuploid
BD_immune07_753792,aneuploid
BD_immune07_19910,aneuploid
BD_immune07_38708,aneuploid
BD_immune07_670922,aneuploid
BD_immune07_154632,aneuploid
BD_immune07_788027,aneuploid
BD_immune07_865894,aneuploid
BD_immune07_144933,aneuploid
BD_immune07_740431,aneuploid
BD_immune07_181022,aneuploid
BD_immune07_644674,aneuploid
BD_immune07_280519,aneuploid
BD_immune07_356711,aneuploid
BD_immune07_266137,aneuploid
BD_immune07_668852,aneuploid
BD_immune07_324655,aneuploid
BD_immune07_285183,aneuploid
BD_immune07_179817,aneuploid
BD_immune07_341463,aneuploid
BD_immune07_626005,aneuploid
BD_immune07_579458,aneuploid
BD_immune07_229416,aneuploid
BD_immune07_597300,aneuploid
BD_immune07_224940,aneuploid
BD_immune07_351840,aneuploid
BD_immune07_126441,aneuploid
BD_immune07_469122,aneuploid
BD_immune07_851329,aneuploid
BD_immune07_221272,aneuploid
BD_immune07_371721,aneuploid
BD_immune07_643383,aneuploid
BD_immune07_764272,aneuploid
BD_immune07_81521,aneuploid
BD_immune07_69552,aneuploid
BD_immune07_857268,aneuploid
BD_immune07_303204,aneuploid
BD_immune07_281430,aneuploid
BD_immune07_761518,aneuploid
BD_immune07_304203,aneuploid
BD_immune07_884115,aneuploid
BD_immune07_793049,aneuploid
BD_immune07_835579,aneuploid
BD_immune07_405469,aneuploid
BD_immune07_18396,aneuploid
BD_immune07_109021,aneuploid
BD_immune07_58169,aneuploid
BD_immune07_239293,aneuploid
BD_immune07_841297,aneuploid
BD_immune07_655533,aneuploid
BD_immune07_766828,aneuploid
BD_immune07_279570,aneuploid
BD_immune07_669407,aneuploid
BD_immune07_875275,aneuploid
BD_immune07_262865,aneuploid
BD_immune07_93679,aneuploid
BD_immune07_683383,aneuploid
BD_immune07_544192,aneuploid
BD_immune07_570244,aneuploid
BD_immune07_8855,aneuploid
BD_immune07_676714,aneuploid
BD_immune07_255834,aneuploid
BD_immune07_473615,aneuploid
BD_immune07_231803,aneuploid
BD_immune07_246410,aneuploid
BD_immune07_500018,aneuploid
BD_immune07_334530,aneuploid
BD_immune07_551539,aneuploid
BD_immune07_741019,aneuploid
BD_immune07_355209,aneuploid
BD_immune07_186570,aneuploid
BD_immune07_596164,aneuploid
BD_immune07_80032,aneuploid
BD_immune07_137921,aneuploid
BD_immune07_403283,aneuploid
BD_immune07_550239,aneuploid
BD_immune07_464537,aneuploid
BD_immune07_641528,aneuploid
BD_immune07_882476,aneuploid
BD_immune07_75075,aneuploid
BD_immune07_216496,aneuploid
BD_immune07_343669,aneuploid
BD_immune07_191414,aneuploid
BD_immune07_205623,aneuploid
BD_immune07_277798,aneuploid
BD_immune07_728310,aneuploid
BD_immune07_669445,aneuploid
BD_immune07_679825,aneuploid
BD_immune07_574921,aneuploid
BD_immune07_497535,aneuploid
BD_immune07_130173,aneuploid
BD_immune07_571814,aneuploid
BD_immune07_719812,aneuploid
BD_immune07_350715,aneuploid
BD_immune07_574025,aneuploid
BD_immune07_382356,aneuploid
BD_immune07_77855,aneuploid
BD_immune07_461935,aneuploid
BD_immune07_657810,aneuploid
BD_immune07_628055,aneuploid
BD_immune07_573295,aneuploid
BD_immune07_789029,aneuploid
BD_immune07_338359,aneuploid
BD_immune07_464687,aneuploid
BD_immune07_533248,aneuploid
BD_immune07_138095,aneuploid
BD_immune07_847205,aneuploid
BD_immune07_567481,aneuploid
BD_immune07_248578,aneuploid
BD_immune07_224416,aneuploid
BD_immune07_686289,aneuploid
BD_immune07_712715,aneuploid
BD_immune07_4305,aneuploid
BD_immune07_364853,aneuploid
BD_immune07_469817,aneuploid
BD_immune07_81371,aneuploid
BD_immune07_160968,aneuploid
BD_immune07_243352,aneuploid
BD_immune07_883461,aneuploid
BD_immune07_656763,aneuploid
BD_immune07_742522,aneuploid
BD_immune07_756913,aneuploid
BD_immune07_257096,aneuploid
BD_immune07_50496,aneuploid
BD_immune07_823722,aneuploid
BD_immune07_819823,aneuploid
BD_immune07_119286,aneuploid
BD_immune07_359145,aneuploid
BD_immune07_58352,aneuploid
BD_immune07_770324,aneuploid
BD_immune07_40117,aneuploid
BD_immune07_550742,aneuploid
BD_immune07_758301,aneuploid
BD_immune07_833403,aneuploid
BD_immune07_323252,aneuploid
BD_immune07_757834,aneuploid
BD_immune07_155807,aneuploid
BD_immune07_744278,aneuploid
BD_immune07_671388,aneuploid
BD_immune07_849886,aneuploid
BD_immune07_727191,aneuploid
BD_immune07_357020,aneuploid
BD_immune07_143135,aneuploid
BD_immune07_311598,aneuploid
BD_immune07_675742,aneuploid
BD_immune07_408285,aneuploid
BD_immune07_560870,aneuploid
BD_immune07_266225,aneuploid
BD_immune07_508332,aneuploid
BD_immune07_754283,aneuploid
BD_immune07_142936,aneuploid
BD_immune07_15476,aneuploid
BD_immune07_383822,aneuploid
BD_immune07_187359,aneuploid
BD_immune07_685494,aneuploid
BD_immune07_402835,aneuploid
BD_immune07_600314,aneuploid
BD_immune07_528660,aneuploid
BD_immune07_400721,aneuploid
BD_immune07_574283,aneuploid
BD_immune07_880737,aneuploid
BD_immune07_602668,aneuploid
BD_immune07_672509,aneuploid
BD_immune07_284889,aneuploid
BD_immune07_405351,aneuploid
BD_immune07_630091,aneuploid
BD_immune07_604787,aneuploid
BD_immune07_385085,aneuploid
BD_immune07_735981,aneuploid
BD_immune07_411717,aneuploid
BD_immune07_768512,aneuploid
BD_immune07_18574,aneuploid
BD_immune07_556015,aneuploid
BD_immune07_87495,aneuploid
BD_immune07_881686,aneuploid
BD_immune07_214498,aneuploid
BD_immune07_552559,aneuploid
BD_immune07_736595,aneuploid
BD_immune07_563595,aneuploid
BD_immune07_638360,aneuploid
BD_immune07_721866,aneuploid
BD_immune07_434982,aneuploid
BD_immune07_586503,aneuploid
BD_immune07_80935,aneuploid
BD_immune07_167716,aneuploid
BD_immune07_417477,aneuploid
BD_immune07_41187,aneuploid
BD_immune07_692024,aneuploid
BD_immune07_846072,aneuploid
BD_immune07_31930,aneuploid
BD_immune07_513597,aneuploid
BD_immune07_430859,aneuploid
BD_immune07_497187,aneuploid
BD_immune07_84915,aneuploid
BD_immune07_850161,aneuploid
BD_immune07_536354,aneuploid
BD_immune07_525845,aneuploid
BD_immune07_293861,aneuploid
BD_immune07_245721,aneuploid
BD_immune07_392655,aneuploid
BD_immune07_730241,aneuploid
BD_immune07_156623,aneuploid
BD_immune07_213517,aneuploid
BD_immune07_448616,aneuploid
BD_immune07_822149,aneuploid
BD_immune07_849747,aneuploid
BD_immune07_236260,aneuploid
BD_immune07_232027,aneuploid
BD_immune07_449826,aneuploid
BD_immune07_145903,aneuploid
BD_immune07_13891,aneuploid
BD_immune07_258881,aneuploid
BD_immune07_786023,aneuploid
BD_immune07_199851,aneuploid
BD_immune07_249761,aneuploid
BD_immune07_541988,aneuploid
BD_immune07_428966,aneuploid
BD_immune07_102016,aneuploid
BD_immune07_568533,aneuploid
BD_immune07_487242,aneuploid
BD_immune07_489674,aneuploid
BD_immune07_397851,aneuploid
BD_immune07_350738,aneuploid
BD_immune07_258925,aneuploid
BD_immune07_16246,aneuploid
BD_immune07_232147,aneuploid
BD_immune07_486389,aneuploid
BD_immune07_396875,aneuploid
BD_immune07_83817,aneuploid
BD_immune07_311276,aneuploid
BD_immune07_40957,aneuploid
BD_immune07_36804,aneuploid
BD_immune07_32075,aneuploid
BD_immune07_702308,aneuploid
BD_immune07_140034,aneuploid
BD_immune07_277672,aneuploid
BD_immune07_571820,aneuploid
BD_immune07_389318,aneuploid
BD_immune07_161729,aneuploid
BD_immune07_474790,aneuploid
BD_immune07_381890,aneuploid
BD_immune07_432736,aneuploid
BD_immune07_832627,aneuploid
BD_immune07_454663,aneuploid
BD_immune07_540456,aneuploid
BD_immune07_42233,aneuploid
BD_immune07_804180,aneuploid
BD_immune07_567998,aneuploid
BD_immune07_881935,aneuploid
BD_immune07_805623,aneuploid
BD_immune07_667438,aneuploid
BD_immune07_153207,aneuploid
BD_immune07_5196,aneuploid
BD_immune07_215947,aneuploid
BD_immune07_7422,aneuploid
BD_immune07_663732,aneuploid
BD_immune07_878395,aneuploid
BD_immune07_761479,aneuploid
BD_immune07_423380,aneuploid
BD_immune07_481945,aneuploid
BD_immune07_524342,aneuploid
BD_immune07_81810,aneuploid
BD_immune07_180351,aneuploid
BD_immune07_854032,aneuploid
BD_immune07_428702,aneuploid
BD_immune07_685511,aneuploid
BD_immune07_137251,aneuploid
BD_immune07_306295,aneuploid
BD_immune07_734241,aneuploid
BD_immune07_660325,aneuploid
BD_immune07_28076,aneuploid
BD_immune07_851534,aneuploid
BD_immune07_811659,aneuploid
BD_immune07_819523,aneuploid
BD_immune07_186793,aneuploid
BD_immune07_628464,aneuploid
BD_immune07_367099,aneuploid
BD_immune07_34325,aneuploid
BD_immune07_41273,aneuploid
BD_immune07_583763,aneuploid
BD_immune07_753846,aneuploid
BD_immune07_554943,aneuploid
BD_immune07_108366,aneuploid
BD_immune07_541989,aneuploid
BD_immune07_324023,aneuploid
BD_immune07_810707,aneuploid
BD_immune07_114536,aneuploid
BD_immune07_325800,aneuploid
BD_immune07_688761,aneuploid
BD_immune07_810338,aneuploid
BD_immune07_819036,aneuploid
BD_immune07_111860,aneuploid
BD_immune07_822056,aneuploid
BD_immune07_807349,aneuploid
BD_immune07_173365,aneuploid
BD_immune07_840042,aneuploid
BD_immune07_87788,aneuploid
BD_immune07_634503,aneuploid
BD_immune07_520564,aneuploid
BD_immune07_172610,aneuploid
BD_immune07_770438,aneuploid
BD_immune07_285794,aneuploid
BD_immune07_247799,aneuploid
BD_immune07_137584,aneuploid
BD_immune07_511415,aneuploid
BD_immune07_81725,aneuploid
BD_immune07_674307,aneuploid
BD_immune07_663940,aneuploid
BD_immune07_822913,aneuploid
BD_immune07_445144,aneuploid
BD_immune07_759224,aneuploid
BD_immune07_240204,aneuploid
BD_immune07_775102,aneuploid
BD_immune07_244584,aneuploid
BD_immune07_554734,aneuploid
BD_immune07_173344,aneuploid
BD_immune07_350706,aneuploid
BD_immune07_624665,aneuploid
BD_immune07_396927,aneuploid
BD_immune07_616730,aneuploid
BD_immune07_481282,aneuploid
BD_immune07_718956,aneuploid
BD_immune07_369924,aneuploid
BD_immune07_86692,aneuploid
BD_immune07_326678,aneuploid
BD_immune07_542114,aneuploid
BD_immune07_479276,aneuploid
BD_immune07_284397,aneuploid
BD_immune07_24757,aneuploid
BD_immune07_803768,aneuploid
BD_immune07_403567,aneuploid
BD_immune07_663163,aneuploid
BD_immune07_78885,aneuploid
BD_immune07_487733,aneuploid
BD_immune07_463732,aneuploid
BD_immune07_40966,aneuploid
BD_immune07_584543,aneuploid
BD_immune07_598124,aneuploid
BD_immune07_841526,aneuploid
BD_immune07_756979,aneuploid
BD_immune07_536414,aneuploid
BD_immune07_766948,aneuploid
BD_immune07_604494,aneuploid
BD_immune07_761017,aneuploid
BD_immune07_180009,aneuploid
BD_immune07_84679,aneuploid
BD_immune07_859769,aneuploid
BD_immune07_372381,aneuploid
BD_immune07_688079,aneuploid
BD_immune07_94317,aneuploid
BD_immune07_868109,aneuploid
BD_immune07_594551,aneuploid
BD_immune07_16579,aneuploid
BD_immune07_536999,aneuploid
BD_immune07_491644,aneuploid
BD_immune07_801400,aneuploid
BD_immune07_147028,aneuploid
BD_immune07_447530,aneuploid
BD_immune07_474379,aneuploid
BD_immune07_791961,aneuploid
BD_immune07_446809,aneuploid
BD_immune07_34185,aneuploid
BD_immune07_874919,aneuploid
BD_immune07_469135,aneuploid
BD_immune07_78140,aneuploid
BD_immune07_91678,aneuploid
BD_immune07_484425,aneuploid
BD_immune07_436275,aneuploid
BD_immune07_358941,aneuploid
BD_immune07_338818,aneuploid
BD_immune07_595165,aneuploid
BD_immune07_144658,aneuploid
BD_immune07_656772,aneuploid
BD_immune07_403774,aneuploid
BD_immune07_127991,aneuploid
BD_immune07_294156,aneuploid
BD_immune07_809497,aneuploid
BD_immune07_312672,aneuploid
BD_immune07_268211,aneuploid
BD_immune07_63857,aneuploid
BD_immune07_480931,aneuploid
BD_immune07_726622,aneuploid
BD_immune07_209772,aneuploid
BD_immune07_700506,aneuploid
BD_immune07_512032,aneuploid
BD_immune07_447773,aneuploid
BD_immune07_731649,aneuploid
BD_immune07_819802,aneuploid
BD_immune07_250330,aneuploid
BD_immune07_709971,aneuploid
BD_immune07_170587,aneuploid
BD_immune07_39968,aneuploid
BD_immune07_705298,aneuploid
BD_immune07_249894,aneuploid
BD_immune07_763844,aneuploid
BD_immune07_613854,aneuploid
BD_immune07_96617,aneuploid
BD_immune07_378517,aneuploid
BD_immune07_457872,aneuploid
BD_immune07_616863,aneuploid
BD_immune07_644568,aneuploid
BD_immune07_789961,aneuploid
BD_immune07_473310,aneuploid
BD_immune07_871584,aneuploid
BD_immune07_723233,aneuploid
BD_immune07_642132,aneuploid
BD_immune07_364921,aneuploid
BD_immune07_562347,aneuploid
BD_immune07_790630,aneuploid
BD_immune07_677496,aneuploid
BD_immune07_334602,aneuploid
BD_immune07_213689,aneuploid
BD_immune07_287277,aneuploid
BD_immune07_298160,aneuploid
BD_immune07_499249,aneuploid
BD_immune07_586756,aneuploid
BD_immune07_472845,aneuploid
BD_immune07_253126,aneuploid
BD_immune07_290458,aneuploid
BD_immune07_793041,aneuploid
BD_immune07_21988,aneuploid
BD_immune07_783483,aneuploid
BD_immune07_51053,aneuploid
BD_immune07_526979,aneuploid
BD_immune07_497829,aneuploid
BD_immune07_114473,aneuploid
BD_immune07_473000,aneuploid
BD_immune07_357717,aneuploid
BD_immune07_151959,aneuploid
BD_immune07_268942,aneuploid
BD_immune07_117832,aneuploid
BD_immune07_105118,aneuploid
BD_immune07_568272,aneuploid
BD_immune07_264828,aneuploid
BD_immune07_338708,aneuploid
BD_immune07_524646,aneuploid
BD_immune07_377022,aneuploid
BD_immune07_115457,aneuploid
BD_immune07_754659,aneuploid
BD_immune07_662339,aneuploid
BD_immune07_622762,aneuploid
BD_immune07_748271,aneuploid
BD_immune07_430476,aneuploid
BD_immune07_167382,aneuploid
BD_immune07_123734,aneuploid
BD_immune07_707825,aneuploid
BD_immune07_731290,aneuploid
BD_immune07_846,aneuploid
BD_immune07_883431,aneuploid
BD_immune07_113483,aneuploid
BD_immune07_320028,aneuploid
BD_immune07_881344,aneuploid
BD_immune07_167399,aneuploid
BD_immune07_568139,aneuploid
BD_immune07_702359,aneuploid
BD_immune07_742531,aneuploid
BD_immune07_851834,aneuploid
BD_immune07_55408,aneuploid
BD_immune07_16140,aneuploid
BD_immune07_819449,aneuploid
BD_immune07_563425,aneuploid
BD_immune07_232729,aneuploid
BD_immune07_46542,aneuploid
BD_immune07_240902,aneuploid
BD_immune07_739528,aneuploid
BD_immune07_621074,aneuploid
BD_immune07_686481,aneuploid
BD_immune07_20220,aneuploid
BD_immune07_831512,aneuploid
BD_immune07_796687,aneuploid
BD_immune07_354415,aneuploid
BD_immune07_446979,aneuploid
BD_immune07_407917,aneuploid
BD_immune07_847219,aneuploid
BD_immune07_585104,aneuploid
BD_immune07_183636,aneuploid
BD_immune07_486064,aneuploid
BD_immune07_218298,aneuploid
BD_immune07_775108,aneuploid
BD_immune07_483690,aneuploid
BD_immune07_883991,aneuploid
BD_immune07_74737,aneuploid
BD_immune07_443425,aneuploid
BD_immune07_799173,aneuploid
BD_immune07_75401,aneuploid
BD_immune07_681495,aneuploid
BD_immune07_467625,aneuploid
BD_immune07_125913,aneuploid
BD_immune07_342410,aneuploid
BD_immune07_613477,aneuploid
BD_immune07_619849,aneuploid
BD_immune07_879180,aneuploid
BD_immune07_780877,aneuploid
BD_immune07_877833,aneuploid
BD_immune07_59584,aneuploid
BD_immune07_659963,aneuploid
BD_immune07_726149,aneuploid
BD_immune07_671609,aneuploid
BD_immune07_729205,aneuploid
BD_immune07_83284,aneuploid
BD_immune07_720046,aneuploid
BD_immune07_662961,aneuploid
BD_immune07_302457,aneuploid
BD_immune07_211458,aneuploid
BD_immune07_600369,aneuploid
BD_immune07_757293,aneuploid
BD_immune07_73865,aneuploid
BD_immune07_741272,aneuploid
BD_immune07_632854,aneuploid
BD_immune07_304610,aneuploid
BD_immune07_574601,aneuploid
BD_immune07_335149,aneuploid
BD_immune07_794367,aneuploid
BD_immune07_575288,aneuploid
BD_immune07_36101,aneuploid
BD_immune07_36378,aneuploid
BD_immune07_549802,aneuploid
BD_immune07_554783,aneuploid
BD_immune07_441124,aneuploid
BD_immune07_607516,aneuploid
BD_immune07_10952,aneuploid
BD_immune07_584089,aneuploid
BD_immune07_843935,aneuploid
BD_immune07_797274,aneuploid
BD_immune07_681389,aneuploid
BD_immune07_763499,aneuploid
BD_immune07_876640,aneuploid
BD_immune07_827420,aneuploid
BD_immune07_273853,aneuploid
BD_immune07_167876,aneuploid
BD_immune07_340663,aneuploid
BD_immune07_739755,aneuploid
BD_immune07_465389,aneuploid
BD_immune07_246591,aneuploid
BD_immune07_724274,aneuploid
BD_immune07_778297,aneuploid
BD_immune07_216878,aneuploid
BD_immune07_813354,aneuploid
BD_immune07_669186,aneuploid
BD_immune07_230838,aneuploid
BD_immune07_256282,aneuploid
BD_immune07_877223,aneuploid
BD_immune07_339007,aneuploid
BD_immune07_453490,aneuploid
BD_immune07_3478,aneuploid
BD_immune07_396430,aneuploid
BD_immune07_657674,aneuploid
BD_immune07_385016,aneuploid
BD_immune07_755200,aneuploid
BD_immune07_87636,aneuploid
BD_immune07_601413,aneuploid
BD_immune07_43482,aneuploid
BD_immune07_477990,aneuploid
BD_immune07_22156,aneuploid
BD_immune07_334263,aneuploid
BD_immune07_773900,aneuploid
BD_immune07_369586,aneuploid
BD_immune07_320151,aneuploid
BD_immune07_877071,aneuploid
BD_immune07_546408,aneuploid
BD_immune07_741768,aneuploid
BD_immune07_878373,aneuploid
BD_immune07_131773,aneuploid
BD_immune07_118044,aneuploid
BD_immune07_108069,aneuploid
BD_immune07_816579,aneuploid
BD_immune07_278358,aneuploid
BD_immune07_136528,aneuploid
BD_immune07_520538,aneuploid
BD_immune07_155814,aneuploid
BD_immune07_423830,aneuploid
BD_immune07_426733,aneuploid
BD_immune07_520655,aneuploid
BD_immune07_441119,aneuploid
BD_immune07_194186,aneuploid
BD_immune07_443949,aneuploid
BD_immune07_570092,aneuploid
BD_immune07_462286,aneuploid
BD_immune07_484907,aneuploid
BD_immune07_431459,aneuploid
BD_immune07_209536,aneuploid
BD_immune07_47426,aneuploid
BD_immune07_360334,aneuploid
BD_immune07_447944,aneuploid
BD_immune07_309748,aneuploid
BD_immune07_216736,aneuploid
BD_immune07_825557,aneuploid
BD_immune07_627690,aneuploid
BD_immune07_59802,aneuploid
BD_immune07_320895,aneuploid
BD_immune07_584815,aneuploid
BD_immune07_280524,aneuploid
BD_immune07_309946,aneuploid
BD_immune07_11650,aneuploid
BD_immune07_875581,aneuploid
BD_immune07_659054,aneuploid
BD_immune07_482872,aneuploid
BD_immune07_793246,aneuploid
BD_immune07_728519,aneuploid
BD_immune07_771982,aneuploid
BD_immune07_366577,aneuploid
BD_immune07_90311,aneuploid
BD_immune07_324687,aneuploid
BD_immune07_200579,aneuploid
BD_immune07_836163,aneuploid
BD_immune07_167412,aneuploid
BD_immune07_617068,aneuploid
BD_immune07_436247,aneuploid
BD_immune07_290804,aneuploid
BD_immune07_177362,aneuploid
BD_immune07_510107,aneuploid
BD_immune07_424820,aneuploid
BD_immune07_845695,aneuploid
BD_immune07_369827,aneuploid
BD_immune07_396007,aneuploid
BD_immune07_250308,aneuploid
BD_immune07_755204,aneuploid
BD_immune07_167833,aneuploid
BD_immune07_519893,aneuploid
BD_immune07_545587,aneuploid
BD_immune07_651769,aneuploid
BD_immune07_866089,aneuploid
BD_immune07_102537,aneuploid
BD_immune07_387126,aneuploid
BD_immune07_301595,aneuploid
BD_immune07_130871,aneuploid
BD_immune07_764394,aneuploid
BD_immune07_733879,aneuploid
BD_immune07_135198,aneuploid
BD_immune07_367372,aneuploid
BD_immune07_68593,aneuploid
BD_immune07_282973,aneuploid
BD_immune07_462078,aneuploid
BD_immune07_881535,aneuploid
BD_immune07_140417,aneuploid
BD_immune07_229437,aneuploid
BD_immune07_255902,aneuploid
BD_immune07_719692,aneuploid
BD_immune07_99022,aneuploid
BD_immune07_523880,aneuploid
BD_immune07_769852,aneuploid
BD_immune07_691660,aneuploid
BD_immune07_305002,aneuploid
BD_immune07_333984,aneuploid
BD_immune07_600066,aneuploid
BD_immune07_700422,aneuploid
BD_immune07_583505,aneuploid
BD_immune07_282062,aneuploid
BD_immune07_273684,aneuploid
BD_immune07_412893,aneuploid
BD_immune07_543613,aneuploid
BD_immune07_438736,aneuploid
BD_immune07_501601,aneuploid
BD_immune07_283310,aneuploid
BD_immune07_855900,aneuploid
BD_immune07_291005,aneuploid
BD_immune07_217723,aneuploid
BD_immune07_636957,aneuploid
BD_immune07_700668,aneuploid
BD_immune07_548690,aneuploid
BD_immune07_176223,aneuploid
BD_immune07_150753,aneuploid
BD_immune07_433721,aneuploid
BD_immune07_398691,aneuploid
BD_immune07_45716,aneuploid
BD_immune07_761049,aneuploid
BD_immune07_600327,aneuploid
BD_immune07_827624,aneuploid
BD_immune07_69296,aneuploid
BD_immune07_442198,aneuploid
BD_immune07_36257,aneuploid
BD_immune07_338336,aneuploid
BD_immune07_591532,aneuploid
BD_immune07_184534,aneuploid
BD_immune07_332538,aneuploid
BD_immune07_21416,aneuploid
BD_immune07_722992,aneuploid
BD_immune07_425448,aneuploid
BD_immune07_852438,aneuploid
BD_immune07_758332,aneuploid
BD_immune07_264673,aneuploid
BD_immune07_579423,aneuploid
BD_immune07_675485,aneuploid
BD_immune07_40667,aneuploid
BD_immune07_508197,aneuploid
BD_immune07_254361,aneuploid
BD_immune07_630669,aneuploid
BD_immune07_570800,aneuploid
BD_immune07_819424,aneuploid
BD_immune07_9376,aneuploid
BD_immune07_775650,aneuploid
BD_immune07_379936,aneuploid
BD_immune07_666470,aneuploid
BD_immune07_637804,aneuploid
BD_immune07_105765,aneuploid
BD_immune07_609369,aneuploid
BD_immune07_791707,aneuploid
BD_immune07_301527,aneuploid
BD_immune07_475765,aneuploid
BD_immune07_164128,aneuploid
BD_immune07_847180,aneuploid
BD_immune07_741748,aneuploid
BD_immune07_418436,aneuploid
BD_immune07_161943,aneuploid
BD_immune07_577714,aneuploid
BD_immune07_50859,aneuploid
BD_immune07_797521,aneuploid
BD_immune07_391438,aneuploid
BD_immune07_812749,aneuploid
BD_immune07_763282,aneuploid
BD_immune07_682013,aneuploid
BD_immune07_131608,aneuploid
BD_immune07_676149,aneuploid
BD_immune07_256690,aneuploid
BD_immune07_100270,aneuploid
BD_immune07_27598,aneuploid
BD_immune07_260695,aneuploid
BD_immune07_740594,aneuploid
BD_immune07_134150,aneuploid
BD_immune07_56330,aneuploid
BD_immune07_472580,aneuploid
BD_immune07_24247,aneuploid
BD_immune07_168730,aneuploid
BD_immune07_564691,aneuploid
BD_immune07_489728,aneuploid
BD_immune07_199642,aneuploid
BD_immune07_595552,aneuploid
BD_immune07_419636,aneuploid
BD_immune07_96197,aneuploid
BD_immune07_87380,aneuploid
BD_immune07_486274,aneuploid
BD_immune07_619373,aneuploid
BD_immune07_170219,aneuploid
BD_immune07_782097,aneuploid
BD_immune07_874472,aneuploid
BD_immune07_414982,aneuploid
BD_immune07_340393,aneuploid
BD_immune07_459761,aneuploid
BD_immune07_58424,aneuploid
BD_immune07_458789,aneuploid
BD_immune07_685473,aneuploid
BD_immune07_465852,aneuploid
BD_immune07_30835,aneuploid
BD_immune07_256637,aneuploid
BD_immune07_791347,aneuploid
BD_immune07_191652,aneuploid
BD_immune07_139189,aneuploid
BD_immune07_203683,aneuploid
BD_immune07_579446,aneuploid
BD_immune07_378291,aneuploid
BD_immune07_327984,aneuploid
BD_immune07_443919,aneuploid
BD_immune07_791039,aneuploid
BD_immune07_145651,aneuploid
BD_immune07_515787,aneuploid
BD_immune07_389197,aneuploid
BD_immune07_853372,aneuploid
BD_immune07_848047,aneuploid
BD_immune07_306114,aneuploid
BD_immune07_137837,aneuploid
BD_immune07_457584,aneuploid
BD_immune07_468799,aneuploid
BD_immune07_101042,aneuploid
BD_immune07_461266,aneuploid
BD_immune07_179826,aneuploid
BD_immune07_321766,aneuploid
BD_immune07_719696,aneuploid
BD_immune07_142016,aneuploid
BD_immune07_797548,aneuploid
BD_immune07_75622,aneuploid
BD_immune07_298693,aneuploid
BD_immune07_596970,aneuploid
BD_immune07_368228,aneuploid
BD_immune07_510538,aneuploid
BD_immune07_738715,aneuploid
BD_immune07_142706,aneuploid
BD_immune07_147728,aneuploid
BD_immune07_301619,aneuploid
BD_immune07_181124,aneuploid
BD_immune07_32221,aneuploid
BD_immune07_175968,aneuploid
BD_immune07_518335,aneuploid
BD_immune07_853817,aneuploid
BD_immune07_421999,aneuploid
BD_immune07_88128,aneuploid
BD_immune07_859525,aneuploid
BD_immune07_377802,aneuploid
BD_immune07_243188,aneuploid
BD_immune07_512091,aneuploid
BD_immune07_336481,aneuploid
BD_immune07_258467,aneuploid
BD_immune07_289301,aneuploid
BD_immune07_813129,aneuploid
BD_immune07_187379,aneuploid
BD_immune07_278959,aneuploid
BD_immune07_850944,aneuploid
BD_immune07_172897,aneuploid
BD_immune07_352215,aneuploid
BD_immune07_656545,aneuploid
BD_immune07_792757,aneuploid
BD_immune07_759391,aneuploid
BD_immune07_792185,aneuploid
BD_immune07_580114,aneuploid
BD_immune07_130474,aneuploid
BD_immune07_329466,aneuploid
BD_immune07_601137,aneuploid
BD_immune07_669463,aneuploid
BD_immune07_788062,aneuploid
BD_immune07_370093,aneuploid
BD_immune07_797588,aneuploid
BD_immune07_210242,aneuploid
BD_immune07_93171,aneuploid
BD_immune07_59127,aneuploid
BD_immune07_237463,aneuploid
BD_immune07_286415,aneuploid
BD_immune07_62315,aneuploid
BD_immune07_740989,aneuploid
BD_immune07_679086,aneuploid
BD_immune07_454963,aneuploid
BD_immune07_681729,aneuploid
BD_immune07_699496,aneuploid
BD_immune07_169981,aneuploid
BD_immune07_348852,aneuploid
BD_immune07_706029,aneuploid
BD_immune07_797722,aneuploid
BD_immune07_156039,aneuploid
BD_immune07_391840,aneuploid
BD_immune07_837828,aneuploid
BD_immune07_124216,aneuploid
BD_immune07_55993,aneuploid
BD_immune07_257360,aneuploid
BD_immune07_432653,aneuploid
BD_immune07_238111,aneuploid
BD_immune07_47851,aneuploid
BD_immune07_301139,aneuploid
BD_immune07_350751,aneuploid
BD_immune07_392183,aneuploid
BD_immune07_645004,aneuploid
BD_immune07_788187,aneuploid
BD_immune07_639841,aneuploid
BD_immune07_653627,aneuploid
BD_immune07_475523,aneuploid
BD_immune07_209066,aneuploid
BD_immune07_797633,aneuploid
BD_immune07_526761,aneuploid
BD_immune07_15645,aneuploid
BD_immune07_658255,aneuploid
BD_immune07_169288,aneuploid
BD_immune07_219173,aneuploid
BD_immune07_23833,aneuploid
BD_immune07_708109,aneuploid
BD_immune07_9431,aneuploid
BD_immune07_415633,aneuploid
BD_immune07_7913,aneuploid
BD_immune07_814886,aneuploid
BD_immune07_253305,aneuploid
BD_immune07_435691,aneuploid
BD_immune07_791637,aneuploid
BD_immune07_666619,aneuploid
BD_immune07_565546,aneuploid
BD_immune07_658684,aneuploid
BD_immune07_835249,aneuploid
BD_immune07_67840,aneuploid
BD_immune07_387801,aneuploid
BD_immune07_231618,aneuploid
BD_immune07_551205,aneuploid
BD_immune07_496262,aneuploid
BD_immune07_347142,aneuploid
BD_immune07_107181,aneuploid
BD_immune07_662217,aneuploid
BD_immune07_759534,aneuploid
BD_immune07_36823,aneuploid
BD_immune07_477313,aneuploid
BD_immune07_599804,aneuploid
BD_immune07_312002,aneuploid
BD_immune07_436230,aneuploid
BD_immune07_22767,aneuploid
BD_immune07_612583,aneuploid
BD_immune07_506635,aneuploid
BD_immune07_727747,aneuploid
BD_immune07_467108,aneuploid
BD_immune07_457622,aneuploid
BD_immune07_113198,aneuploid
BD_immune07_677033,aneuploid
BD_immune07_393664,aneuploid
BD_immune07_422769,aneuploid
BD_immune07_130401,aneuploid
BD_immune07_220095,aneuploid
BD_immune07_545263,aneuploid
BD_immune07_491047,aneuploid
BD_immune07_28116,aneuploid
BD_immune07_715658,aneuploid
BD_immune07_297377,aneuploid
BD_immune07_714788,aneuploid
BD_immune07_523295,aneuploid
BD_immune07_336147,aneuploid
BD_immune07_36530,aneuploid
BD_immune07_16131,aneuploid
BD_immune07_624258,aneuploid
BD_immune07_113731,aneuploid
BD_immune07_587867,aneuploid
BD_immune07_279631,aneuploid
BD_immune07_50354,aneuploid
BD_immune07_351118,aneuploid
BD_immune07_810522,aneuploid
BD_immune07_542239,aneuploid
BD_immune07_436732,aneuploid
BD_immune07_184273,aneuploid
BD_immune07_548962,aneuploid
BD_immune07_144246,aneuploid
BD_immune07_418510,aneuploid
BD_immune07_865115,aneuploid
BD_immune07_558409,aneuploid
BD_immune07_424676,aneuploid
BD_immune07_359151,aneuploid
BD_immune07_518647,aneuploid
BD_immune07_274815,aneuploid
BD_immune07_435894,aneuploid
BD_immune07_378544,aneuploid
BD_immune07_530478,aneuploid
BD_immune07_19316,aneuploid
BD_immune07_403414,aneuploid
BD_immune07_558179,aneuploid
BD_immune07_640885,aneuploid
BD_immune07_686627,aneuploid
BD_immune07_847114,aneuploid
BD_immune07_214970,aneuploid
BD_immune07_767424,aneuploid
BD_immune07_868721,aneuploid
BD_immune07_762436,aneuploid
BD_immune07_111016,aneuploid
BD_immune07_240107,aneuploid
BD_immune07_734721,aneuploid
BD_immune07_749598,aneuploid
BD_immune07_437116,aneuploid
BD_immune07_357506,aneuploid
BD_immune07_122028,aneuploid
BD_immune07_504037,aneuploid
BD_immune07_418661,aneuploid
BD_immune07_334538,aneuploid
BD_immune07_757173,aneuploid
BD_immune07_840341,aneuploid
BD_immune07_148653,aneuploid
BD_immune07_462336,aneuploid
BD_immune07_842760,aneuploid
BD_immune07_634541,aneuploid
BD_immune07_117470,aneuploid
BD_immune07_21955,aneuploid
BD_immune07_672912,aneuploid
BD_immune07_283836,aneuploid
BD_immune07_825423,aneuploid
BD_immune07_368996,aneuploid
BD_immune07_235516,aneuploid
BD_immune07_594606,aneuploid
BD_immune07_210023,aneuploid
BD_immune07_406834,aneuploid
BD_immune07_322340,aneuploid
BD_immune07_780646,aneuploid
BD_immune07_632392,aneuploid
BD_immune07_90289,aneuploid
BD_immune07_667104,aneuploid
BD_immune07_743265,aneuploid
BD_immune07_6415,aneuploid
BD_immune07_498922,aneuploid
BD_immune07_558733,aneuploid
BD_immune07_644294,aneuploid
BD_immune07_286089,aneuploid
BD_immune07_147678,aneuploid
BD_immune07_789849,aneuploid
BD_immune07_860912,aneuploid
BD_immune07_79486,aneuploid
BD_immune07_206577,aneuploid
BD_immune07_691688,aneuploid
BD_immune07_276396,aneuploid
BD_immune07_814134,aneuploid
BD_immune07_637165,aneuploid
BD_immune07_512197,aneuploid
BD_immune07_33775,aneuploid
BD_immune07_221921,aneuploid
BD_immune07_390308,aneuploid
BD_immune07_729696,aneuploid
BD_immune07_4911,aneuploid
BD_immune07_167675,aneuploid
BD_immune07_327340,aneuploid
BD_immune07_49657,aneuploid
BD_immune07_65771,aneuploid
BD_immune07_741694,aneuploid
BD_immune07_350885,aneuploid
BD_immune07_808556,aneuploid
BD_immune07_87479,aneuploid
BD_immune07_219885,aneuploid
BD_immune07_842913,aneuploid
BD_immune07_192928,aneuploid
BD_immune07_735828,aneuploid
BD_immune07_419381,aneuploid
BD_immune07_780019,aneuploid
BD_immune07_333018,aneuploid
BD_immune07_695141,aneuploid
BD_immune07_560229,aneuploid
BD_immune07_66334,aneuploid
BD_immune07_572662,aneuploid
BD_immune07_278181,aneuploid
BD_immune07_602859,aneuploid
BD_immune07_699187,aneuploid
BD_immune07_394915,aneuploid
BD_immune07_239261,aneuploid
BD_immune07_272239,aneuploid
BD_immune07_268938,aneuploid
BD_immune07_571301,aneuploid
BD_immune07_64574,aneuploid
BD_immune07_522583,aneuploid
BD_immune07_761288,aneuploid
BD_immune07_831378,aneuploid
BD_immune07_643890,aneuploid
BD_immune07_298103,aneuploid
BD_immune07_719282,aneuploid
BD_immune07_286463,aneuploid
BD_immune07_281560,aneuploid
BD_immune07_880472,aneuploid
BD_immune07_359939,aneuploid
BD_immune07_265006,aneuploid
BD_immune07_381827,aneuploid
BD_immune07_469202,aneuploid
BD_immune07_470492,aneuploid
BD_immune07_584234,aneuploid
BD_immune07_796603,aneuploid
BD_immune07_584845,aneuploid
BD_immune07_97078,aneuploid
BD_immune07_390771,aneuploid
BD_immune07_242675,aneuploid
BD_immune07_417196,aneuploid
BD_immune07_768058,aneuploid
BD_immune07_132321,aneuploid
BD_immune07_20516,aneuploid
BD_immune07_820285,aneuploid
BD_immune07_694897,aneuploid
BD_immune07_369914,aneuploid
BD_immune07_796778,aneuploid
BD_immune07_219017,aneuploid
BD_immune07_873058,aneuploid
BD_immune07_214258,aneuploid
BD_immune07_340306,aneuploid
BD_immune07_57329,aneuploid
BD_immune07_474362,aneuploid
BD_immune07_786228,aneuploid
BD_immune07_444768,aneuploid
BD_immune07_808055,aneuploid
BD_immune07_378444,aneuploid
BD_immune07_687833,aneuploid
BD_immune07_586974,aneuploid
BD_immune07_269031,aneuploid
BD_immune07_182916,aneuploid
BD_immune07_521935,aneuploid
BD_immune07_807774,aneuploid
BD_immune07_422521,aneuploid
BD_immune07_811263,aneuploid
BD_immune07_746586,aneuploid
BD_immune07_133002,aneuploid
BD_immune07_253125,aneuploid
BD_immune07_585283,aneuploid
BD_immune07_314692,aneuploid
BD_immune07_356123,aneuploid
BD_immune07_764581,aneuploid
BD_immune07_616280,aneuploid
BD_immune07_880254,aneuploid
BD_immune07_150878,aneuploid
BD_immune07_80113,aneuploid
BD_immune07_396623,aneuploid
BD_immune07_148456,aneuploid
BD_immune07_131610,aneuploid
BD_immune07_252085,aneuploid
BD_immune07_503731,aneuploid
BD_immune07_301557,aneuploid
BD_immune07_649674,aneuploid
BD_immune07_225285,aneuploid
BD_immune07_534456,aneuploid
BD_immune07_387737,aneuploid
BD_immune07_266905,aneuploid
BD_immune07_349756,aneuploid
BD_immune07_668696,aneuploid
BD_immune07_279328,aneuploid
BD_immune07_266833,aneuploid
BD_immune07_778594,aneuploid
BD_immune07_93173,aneuploid
BD_immune07_719369,aneuploid
BD_immune07_9154,aneuploid
BD_immune07_509818,aneuploid
BD_immune07_489096,aneuploid
BD_immune07_668111,aneuploid
BD_immune07_224929,aneuploid
BD_immune07_850990,aneuploid
BD_immune07_523187,aneuploid
BD_immune07_400981,aneuploid
BD_immune07_724560,aneuploid
BD_immune07_15074,aneuploid
BD_immune07_638349,aneuploid
BD_immune07_90294,aneuploid
BD_immune07_754982,aneuploid
BD_immune07_567156,aneuploid
BD_immune07_831491,aneuploid
BD_immune07_24117,aneuploid
BD_immune07_831936,aneuploid
BD_immune07_566316,aneuploid
BD_immune07_737549,aneuploid
BD_immune07_368558,aneuploid
BD_immune07_209784,aneuploid
BD_immune07_297746,aneuploid
BD_immune07_755636,aneuploid
BD_immune07_150148,aneuploid
BD_immune07_806810,aneuploid
BD_immune07_546939,aneuploid
BD_immune07_626878,aneuploid
BD_immune07_726899,aneuploid
BD_immune07_331226,aneuploid
BD_immune07_296631,aneuploid
BD_immune07_265271,aneuploid
BD_immune07_492974,aneuploid
BD_immune07_447682,aneuploid
BD_immune07_677857,aneuploid
BD_immune07_291425,aneuploid
BD_immune07_718181,aneuploid
BD_immune07_339828,aneuploid
BD_immune07_377756,aneuploid
BD_immune07_732217,aneuploid
BD_immune07_567601,aneuploid
BD_immune07_421163,aneuploid
BD_immune07_192260,aneuploid
BD_immune07_683367,aneuploid
BD_immune07_184653,aneuploid
BD_immune07_815497,aneuploid
BD_immune07_94947,aneuploid
BD_immune07_686291,aneuploid
BD_immune07_669376,aneuploid
BD_immune07_669896,aneuploid
BD_immune07_27640,aneuploid
BD_immune07_57744,aneuploid
BD_immune07_640677,aneuploid
BD_immune07_600052,aneuploid
BD_immune07_849395,aneuploid
BD_immune07_311630,aneuploid
BD_immune07_442848,aneuploid
BD_immune07_820008,aneuploid
BD_immune07_832401,aneuploid
BD_immune07_114657,aneuploid
BD_immune07_867647,aneuploid
BD_immune07_832780,aneuploid
BD_immune07_880123,aneuploid
BD_immune07_812797,aneuploid
BD_immune07_795160,aneuploid
BD_immune07_312352,aneuploid
BD_immune07_57262,aneuploid
BD_immune07_743040,aneuploid
BD_immune07_74158,aneuploid
BD_immune07_88215,aneuploid
BD_immune07_607820,aneuploid
BD_immune07_375069,aneuploid
BD_immune07_179680,aneuploid
BD_immune07_708703,aneuploid
BD_immune07_418462,aneuploid
BD_immune07_743806,aneuploid
BD_immune07_488447,aneuploid
BD_immune07_172185,aneuploid
BD_immune07_662420,aneuploid
BD_immune07_658586,aneuploid
BD_immune07_249273,aneuploid
BD_immune07_455206,aneuploid
BD_immune07_872189,aneuploid
BD_immune07_120641,aneuploid
BD_immune07_555668,aneuploid
BD_immune07_518452,aneuploid
BD_immune07_130603,aneuploid
BD_immune07_290181,aneuploid
BD_immune07_727183,aneuploid
BD_immune07_829120,aneuploid
BD_immune07_721104,aneuploid
BD_immune07_11488,aneuploid
BD_immune07_774873,aneuploid
BD_immune07_610263,aneuploid
BD_immune07_543385,aneuploid
BD_immune07_779249,aneuploid
BD_immune07_103489,aneuploid
BD_immune07_870936,aneuploid
BD_immune07_286997,aneuploid
BD_immune07_262757,aneuploid
BD_immune07_620263,aneuploid
BD_immune07_95765,aneuploid
BD_immune07_240027,aneuploid
BD_immune07_242513,aneuploid
BD_immune07_57081,aneuploid
BD_immune07_265743,aneuploid
BD_immune07_687149,aneuploid
BD_immune07_122101,aneuploid
BD_immune07_580566,aneuploid
BD_immune07_515617,aneuploid
BD_immune07_751598,aneuploid
BD_immune07_311594,aneuploid
BD_immune07_238055,aneuploid
BD_immune07_532759,aneuploid
BD_immune07_257034,aneuploid
BD_immune07_97057,aneuploid
BD_immune07_196174,aneuploid
BD_immune07_494600,aneuploid
BD_immune07_623885,aneuploid
BD_immune07_136681,aneuploid
BD_immune07_482380,aneuploid
BD_immune07_866152,aneuploid
BD_immune07_484135,aneuploid
BD_immune07_780853,aneuploid
BD_immune07_475346,aneuploid
BD_immune07_91671,aneuploid
BD_immune07_570519,aneuploid
BD_immune07_827546,aneuploid
BD_immune07_148559,aneuploid
BD_immune07_862133,aneuploid
BD_immune07_800287,aneuploid
BD_immune07_673095,aneuploid
BD_immune07_130183,aneuploid
BD_immune07_59013,aneuploid
BD_immune07_673442,aneuploid
BD_immune07_528907,aneuploid
BD_immune07_377369,aneuploid
BD_immune07_780730,aneuploid
BD_immune07_607455,aneuploid
BD_immune07_586906,aneuploid
BD_immune07_462054,aneuploid
BD_immune07_733725,aneuploid
BD_immune07_102617,aneuploid
BD_immune07_270053,aneuploid
BD_immune07_236983,aneuploid
BD_immune07_83596,aneuploid
BD_immune07_860689,aneuploid
BD_immune07_31862,aneuploid
BD_immune07_674652,aneuploid
BD_immune07_503682,aneuploid
BD_immune07_814895,aneuploid
BD_immune07_138665,aneuploid
BD_immune07_106804,aneuploid
BD_immune07_357984,aneuploid
BD_immune07_792972,aneuploid
BD_immune07_55772,aneuploid
BD_immune07_685289,aneuploid
BD_immune07_486484,aneuploid
BD_immune07_192017,aneuploid
BD_immune07_276254,aneuploid
BD_immune07_410609,aneuploid
BD_immune07_397981,aneuploid
BD_immune07_183823,aneuploid
BD_immune07_640819,aneuploid
BD_immune07_859807,aneuploid
BD_immune07_497909,aneuploid
BD_immune07_296325,aneuploid
BD_immune07_762666,aneuploid
BD_immune07_811422,aneuploid
BD_immune07_569695,aneuploid
BD_immune07_767078,aneuploid
BD_immune07_825395,aneuploid
BD_immune07_469877,aneuploid
BD_immune07_520440,aneuploid
BD_immune07_742908,aneuploid
BD_immune07_8877,aneuploid
BD_immune07_589060,aneuploid
BD_immune07_402788,aneuploid
BD_immune07_442861,aneuploid
BD_immune07_884403,aneuploid
BD_immune07_313797,aneuploid
BD_immune07_518464,aneuploid
BD_immune07_179838,aneuploid
BD_immune07_312384,aneuploid
BD_immune07_382955,aneuploid
BD_immune07_176975,aneuploid
BD_immune07_854184,aneuploid
BD_immune07_709864,aneuploid
BD_immune07_104185,aneuploid
BD_immune07_633751,aneuploid
BD_immune07_670113,aneuploid
BD_immune07_803959,aneuploid
BD_immune07_881106,aneuploid
BD_immune07_476913,aneuploid
BD_immune07_243447,aneuploid
BD_immune07_496421,aneuploid
BD_immune07_860128,aneuploid
BD_immune07_276741,aneuploid
BD_immune07_254372,aneuploid
BD_immune07_41101,aneuploid
BD_immune07_87962,aneuploid
BD_immune07_757201,aneuploid
BD_immune07_306468,aneuploid
BD_immune07_640200,aneuploid
BD_immune07_755646,aneuploid
BD_immune07_602098,aneuploid
BD_immune07_736204,aneuploid
BD_immune07_344874,aneuploid
BD_immune07_522573,aneuploid
BD_immune07_232659,aneuploid
BD_immune07_684192,aneuploid
BD_immune07_104991,aneuploid
BD_immune07_620823,aneuploid
BD_immune07_65357,aneuploid
BD_immune07_387987,aneuploid
BD_immune07_741888,aneuploid
BD_immune07_784495,aneuploid
BD_immune07_567236,aneuploid
BD_immune07_626909,aneuploid
BD_immune07_367028,aneuploid
BD_immune07_369560,aneuploid
BD_immune07_218042,aneuploid
BD_immune07_812234,aneuploid
BD_immune07_485819,aneuploid
BD_immune07_438893,aneuploid
BD_immune07_242646,aneuploid
BD_immune07_636267,aneuploid
BD_immune07_391859,aneuploid
BD_immune07_71498,aneuploid
BD_immune07_78573,aneuploid
BD_immune07_234442,aneuploid
BD_immune07_264909,aneuploid
BD_immune07_205097,aneuploid
BD_immune07_39,aneuploid
BD_immune07_199076,aneuploid
BD_immune07_317684,aneuploid
BD_immune07_104525,aneuploid
BD_immune07_805617,aneuploid
BD_immune07_339077,aneuploid
BD_immune07_582756,aneuploid
BD_immune07_420000,aneuploid
BD_immune07_585565,aneuploid
BD_immune07_746539,aneuploid
BD_immune07_262640,aneuploid
BD_immune07_770245,aneuploid
BD_immune07_396735,aneuploid
BD_immune07_700495,aneuploid
BD_immune07_38980,aneuploid
BD_immune07_8805,aneuploid
BD_immune07_395362,aneuploid
BD_immune07_776845,aneuploid
BD_immune07_832659,aneuploid
BD_immune07_815108,aneuploid
BD_immune07_192213,aneuploid
BD_immune07_721105,aneuploid
BD_immune07_107544,aneuploid
BD_immune07_326077,aneuploid
BD_immune07_258458,aneuploid
BD_immune07_743382,aneuploid
BD_immune07_622071,aneuploid
BD_immune07_503162,aneuploid
BD_immune07_422694,aneuploid
BD_immune07_682443,aneuploid
BD_immune07_326769,aneuploid
BD_immune07_445371,aneuploid
BD_immune07_691657,aneuploid
BD_immune07_604711,aneuploid
BD_immune07_795037,aneuploid
BD_immune07_387310,aneuploid
BD_immune07_221524,aneuploid
BD_immune07_471990,aneuploid
BD_immune07_493356,aneuploid
BD_immune07_97668,aneuploid
BD_immune07_35651,aneuploid
BD_immune07_42689,aneuploid
BD_immune07_258228,aneuploid
BD_immune07_328987,aneuploid
BD_immune07_167478,aneuploid
BD_immune07_381046,aneuploid
BD_immune07_415450,aneuploid
BD_immune07_505914,aneuploid
BD_immune07_643341,aneuploid
BD_immune07_402604,aneuploid
BD_immune07_745211,aneuploid
BD_immune07_265828,aneuploid
BD_immune07_169818,aneuploid
BD_immune07_435697,aneuploid
BD_immune07_483122,aneuploid
BD_immune07_68859,aneuploid
BD_immune07_114290,aneuploid
BD_immune07_418217,aneuploid
BD_immune07_640780,aneuploid
BD_immune07_801855,aneuploid
BD_immune07_3973,aneuploid
BD_immune07_524805,aneuploid
BD_immune07_649594,aneuploid
BD_immune07_239269,aneuploid
BD_immune07_464786,aneuploid
BD_immune07_845621,aneuploid
BD_immune07_308443,aneuploid
BD_immune07_738686,aneuploid
BD_immune07_416214,aneuploid
BD_immune07_91564,aneuploid
BD_immune07_423444,aneuploid
BD_immune07_739155,aneuploid
BD_immune07_279334,aneuploid
BD_immune07_275193,aneuploid
BD_immune07_355206,aneuploid
BD_immune07_488735,aneuploid
BD_immune07_369864,aneuploid
BD_immune07_54683,aneuploid
BD_immune07_22366,aneuploid
BD_immune07_39395,aneuploid
BD_immune07_553846,aneuploid
BD_immune07_403776,aneuploid
BD_immune07_244934,aneuploid
BD_immune07_198402,aneuploid
BD_immune07_286912,aneuploid
BD_immune07_866903,aneuploid
BD_immune07_169465,aneuploid
BD_immune07_567530,aneuploid
BD_immune07_858039,aneuploid
BD_immune07_306116,aneuploid
BD_immune07_199538,aneuploid
BD_immune07_151389,aneuploid
BD_immune07_831114,aneuploid
BD_immune07_305890,aneuploid
BD_immune07_79679,aneuploid
BD_immune07_823269,aneuploid
BD_immune07_331359,aneuploid
BD_immune07_770189,aneuploid
BD_immune07_763766,aneuploid
BD_immune07_586895,aneuploid
BD_immune07_676396,aneuploid
BD_immune07_771860,aneuploid
BD_immune07_515093,aneuploid
BD_immune07_516250,aneuploid
BD_immune07_25923,aneuploid
BD_immune07_118647,aneuploid
BD_immune07_875924,aneuploid
BD_immune07_703285,aneuploid
BD_immune07_496919,aneuploid
BD_immune07_473549,aneuploid
BD_immune07_644734,aneuploid
BD_immune07_447771,aneuploid
BD_immune07_509439,aneuploid
BD_immune07_537273,aneuploid
BD_immune07_617305,aneuploid
BD_immune07_823991,aneuploid
BD_immune07_415194,aneuploid
BD_immune07_527195,aneuploid
BD_immune07_44850,aneuploid
BD_immune07_535454,aneuploid
BD_immune07_761645,aneuploid
BD_immune07_843098,aneuploid
BD_immune07_708596,aneuploid
BD_immune07_7457,aneuploid
BD_immune07_273802,aneuploid
BD_immune07_564951,aneuploid
BD_immune07_322676,aneuploid
BD_immune07_632027,aneuploid
BD_immune07_458876,aneuploid
BD_immune07_447379,aneuploid
BD_immune07_762914,aneuploid
BD_immune07_601410,aneuploid
BD_immune07_632343,aneuploid
BD_immune07_310874,aneuploid
BD_immune07_57829,aneuploid
BD_immune07_641228,aneuploid
BD_immune07_145800,aneuploid
BD_immune07_483093,aneuploid
BD_immune07_98945,aneuploid
BD_immune07_163326,aneuploid
BD_immune07_492841,aneuploid
BD_immune07_687552,aneuploid
BD_immune07_823314,aneuploid
BD_immune07_564249,aneuploid
BD_immune07_785588,aneuploid
BD_immune07_302520,aneuploid
BD_immune07_174343,aneuploid
BD_immune07_780630,aneuploid
BD_immune07_121993,aneuploid
BD_immune07_562195,aneuploid
BD_immune07_789043,aneuploid
BD_immune07_458210,aneuploid
BD_immune07_98972,aneuploid
BD_immune07_717133,aneuploid
BD_immune07_463840,aneuploid
BD_immune07_870205,aneuploid
BD_immune07_505247,aneuploid
BD_immune07_538229,aneuploid
BD_immune07_642785,aneuploid
BD_immune07_333489,aneuploid
BD_immune07_3843,aneuploid
BD_immune07_642190,aneuploid
BD_immune07_484214,aneuploid
BD_immune07_195917,aneuploid
BD_immune07_97130,aneuploid
BD_immune07_667579,aneuploid
BD_immune07_157619,aneuploid
BD_immune07_489976,aneuploid
BD_immune07_522533,aneuploid
BD_immune07_445133,aneuploid
BD_immune07_862797,aneuploid
BD_immune07_612990,aneuploid
BD_immune07_7473,aneuploid
BD_immune07_735730,aneuploid
BD_immune07_639381,aneuploid
BD_immune07_667042,aneuploid
BD_immune07_712656,aneuploid
BD_immune07_688117,aneuploid
BD_immune07_731506,aneuploid
BD_immune07_634642,aneuploid
BD_immune07_183671,aneuploid
BD_immune07_168107,aneuploid
BD_immune07_16065,aneuploid
BD_immune07_689872,aneuploid
BD_immune07_384161,aneuploid
BD_immune07_874867,aneuploid
BD_immune07_570531,aneuploid
BD_immune07_340755,aneuploid
BD_immune07_499069,aneuploid
BD_immune07_580972,aneuploid
BD_immune07_87608,aneuploid
BD_immune07_225565,aneuploid
BD_immune07_124366,aneuploid
BD_immune07_494604,aneuploid
BD_immune07_491917,aneuploid
BD_immune07_336353,aneuploid
BD_immune07_82809,aneuploid
BD_immune07_738053,aneuploid
BD_immune07_496465,aneuploid
BD_immune07_616493,aneuploid
BD_immune07_862185,aneuploid
BD_immune07_396159,aneuploid
BD_immune07_469314,aneuploid
BD_immune07_562531,aneuploid
BD_immune07_310216,aneuploid
BD_immune07_4465,aneuploid
BD_immune07_587055,aneuploid
BD_immune07_704264,aneuploid
BD_immune07_91864,aneuploid
BD_immune07_67449,aneuploid
BD_immune07_265646,aneuploid
BD_immune07_434953,aneuploid
BD_immune07_164392,aneuploid
BD_immune07_848609,aneuploid
BD_immune07_125015,aneuploid
BD_immune07_471495,aneuploid
BD_immune07_297367,aneuploid
BD_immune07_639696,aneuploid
BD_immune07_524866,aneuploid
BD_immune07_562502,aneuploid
BD_immune07_83822,aneuploid
BD_immune07_158457,aneuploid
BD_immune07_26161,aneuploid
BD_immune07_345964,aneuploid
BD_immune07_416025,aneuploid
BD_immune07_178965,aneuploid
BD_immune07_804355,aneuploid
BD_immune07_465551,aneuploid
BD_immune07_115925,aneuploid
BD_immune07_143143,aneuploid
BD_immune07_60032,aneuploid
BD_immune07_310052,aneuploid
BD_immune07_745163,aneuploid
BD_immune07_639254,aneuploid
BD_immune07_293732,aneuploid
BD_immune07_169787,aneuploid
BD_immune07_810617,aneuploid
BD_immune07_881323,aneuploid
BD_immune07_691947,aneuploid
BD_immune07_322285,aneuploid
BD_immune07_123717,aneuploid
BD_immune07_698777,aneuploid
BD_immune07_745556,aneuploid
BD_immune07_258701,aneuploid
BD_immune07_18475,aneuploid
BD_immune07_643935,aneuploid
BD_immune07_560348,aneuploid
BD_immune07_306931,aneuploid
BD_immune07_746160,aneuploid
BD_immune07_130923,aneuploid
BD_immune07_88776,aneuploid
BD_immune07_493015,aneuploid
BD_immune07_384149,aneuploid
BD_immune07_37501,aneuploid
BD_immune07_177397,aneuploid
BD_immune07_561472,aneuploid
BD_immune07_667246,aneuploid
BD_immune07_561764,aneuploid
BD_immune07_639271,aneuploid
BD_immune07_633173,aneuploid
BD_immune07_456382,aneuploid
BD_immune07_808653,aneuploid
BD_immune07_640964,aneuploid
BD_immune07_728844,aneuploid
BD_immune07_8186,aneuploid
BD_immune07_485014,aneuploid
BD_immune07_86341,aneuploid
BD_immune07_379035,aneuploid
BD_immune07_850570,aneuploid
BD_immune07_436964,aneuploid
BD_immune07_571124,aneuploid
BD_immune07_534808,aneuploid
BD_immune07_879802,aneuploid
BD_immune07_661552,aneuploid
BD_immune07_418079,aneuploid
BD_immune07_868311,aneuploid
BD_immune07_12337,aneuploid
BD_immune07_791350,aneuploid
BD_immune07_760759,aneuploid
BD_immune07_300388,aneuploid
BD_immune07_95786,aneuploid
BD_immune07_72313,aneuploid
BD_immune07_312655,aneuploid
BD_immune07_525711,aneuploid
BD_immune07_225069,aneuploid
BD_immune07_154952,aneuploid
BD_immune07_53712,aneuploid
BD_immune07_109512,aneuploid
BD_immune07_402382,aneuploid
BD_immune07_283850,aneuploid
BD_immune07_706323,aneuploid
BD_immune07_90770,aneuploid
BD_immune07_594621,aneuploid
BD_immune07_22548,aneuploid
BD_immune07_643407,aneuploid
BD_immune07_305843,aneuploid
BD_immune07_812461,aneuploid
BD_immune07_285275,aneuploid
BD_immune07_102072,aneuploid
BD_immune07_501594,aneuploid
BD_immune07_693058,aneuploid
BD_immune07_534747,aneuploid
BD_immune07_790614,aneuploid
BD_immune07_597002,aneuploid
BD_immune07_870666,aneuploid
BD_immune07_711224,aneuploid
BD_immune07_604181,aneuploid
BD_immune07_169715,aneuploid
BD_immune07_27945,aneuploid
BD_immune07_168721,aneuploid
BD_immune07_808071,aneuploid
BD_immune07_820920,aneuploid
BD_immune07_667341,aneuploid
BD_immune07_684797,aneuploid
BD_immune07_399941,aneuploid
BD_immune07_863244,aneuploid
BD_immune07_710824,aneuploid
BD_immune07_722905,aneuploid
BD_immune07_644013,aneuploid
BD_immune07_269629,aneuploid
BD_immune07_764072,aneuploid
BD_immune07_819026,aneuploid
BD_immune07_623786,aneuploid
BD_immune07_517399,aneuploid
BD_immune07_463031,aneuploid
BD_immune07_91101,aneuploid
BD_immune07_861501,aneuploid
BD_immune07_4270,aneuploid
BD_immune07_376626,aneuploid
BD_immune07_17261,aneuploid
BD_immune07_868188,aneuploid
BD_immune07_417268,aneuploid
BD_immune07_662110,aneuploid
BD_immune07_588259,aneuploid
BD_immune07_675930,aneuploid
BD_immune07_537950,aneuploid
BD_immune07_657065,aneuploid
BD_immune07_782119,aneuploid
BD_immune07_446011,aneuploid
BD_immune07_526258,aneuploid
BD_immune07_671561,aneuploid
BD_immune07_489870,aneuploid
BD_immune07_743556,aneuploid
BD_immune07_179587,aneuploid
BD_immune07_432269,aneuploid
BD_immune07_570934,aneuploid
BD_immune07_836034,aneuploid
BD_immune07_392682,aneuploid
BD_immune07_570213,aneuploid
BD_immune07_585322,aneuploid
BD_immune07_749644,aneuploid
BD_immune07_245712,aneuploid
BD_immune07_710038,aneuploid
BD_immune07_700522,aneuploid
BD_immune07_14031,aneuploid
BD_immune07_286754,aneuploid
BD_immune07_282254,aneuploid
BD_immune07_416445,aneuploid
BD_immune07_600625,aneuploid
BD_immune07_307653,aneuploid
BD_immune07_325962,aneuploid
BD_immune07_111879,aneuploid
BD_immune07_135186,aneuploid
BD_immune07_636579,aneuploid
BD_immune07_109225,aneuploid
BD_immune07_376630,aneuploid
BD_immune07_86565,aneuploid
BD_immune07_664023,aneuploid
BD_immune07_527545,aneuploid
BD_immune07_532368,aneuploid
BD_immune07_83379,aneuploid
BD_immune07_286935,aneuploid
BD_immune07_672425,aneuploid
BD_immune07_659408,aneuploid
BD_immune07_432404,aneuploid
BD_immune07_245062,aneuploid
BD_immune07_194302,aneuploid
BD_immune07_782983,aneuploid
BD_immune07_83749,aneuploid
BD_immune07_784499,aneuploid
BD_immune07_193061,aneuploid
BD_immune07_347056,aneuploid
BD_immune07_96192,aneuploid
BD_immune07_417783,aneuploid
BD_immune07_613643,aneuploid
BD_immune07_883552,aneuploid
BD_immune07_785729,aneuploid
BD_immune07_107963,aneuploid
BD_immune07_214111,aneuploid
BD_immune07_247231,aneuploid
BD_immune07_438855,aneuploid
BD_immune07_149527,aneuploid
BD_immune07_729577,aneuploid
BD_immune07_250516,aneuploid
BD_immune07_436631,diploid
BD_immune07_452331,aneuploid
BD_immune07_539596,aneuploid
BD_immune07_407255,aneuploid
BD_immune07_528455,aneuploid
BD_immune07_123349,aneuploid
BD_immune07_239743,aneuploid
BD_immune07_428732,aneuploid
BD_immune07_114116,aneuploid
BD_immune07_403087,aneuploid
BD_immune07_115257,aneuploid
BD_immune07_96038,aneuploid
BD_immune07_256649,aneuploid
BD_immune07_877795,aneuploid
BD_immune07_11035,aneuploid
BD_immune07_478814,aneuploid
BD_immune07_256021,aneuploid
BD_immune07_33039,aneuploid
BD_immune07_824308,aneuploid
BD_immune07_756110,aneuploid
BD_immune07_796242,diploid
BD_immune09_738635,aneuploid
BD_immune09_333213,aneuploid
BD_immune09_52643,aneuploid
BD_immune11_78177,diploid
BD_immune11_127184,diploid
BD_immune11_465550,diploid
BD_immune11_129854,diploid
BD_immune11_655868,diploid
BD_immune11_741571,diploid
BD_immune11_594514,diploid
BD_immune11_430145,diploid
BD_immune11_714781,diploid
BD_immune11_517070,diploid
BD_immune11_435036,diploid
BD_immune11_585794,diploid
BD_immune11_387986,diploid
BD_immune11_585313,diploid
BD_immune11_851522,diploid
BD_immune11_111584,diploid
BD_immune11_728668,diploid
BD_immune11_496681,diploid
BD_immune11_769451,diploid
BD_immune11_506169,diploid
BD_immune11_376321,diploid
BD_immune11_807506,diploid
BD_immune11_709930,diploid
BD_immune11_591231,diploid
BD_immune11_324928,diploid
BD_immune11_32838,diploid
BD_immune11_591232,diploid
BD_immune11_688050,diploid
BD_immune11_456616,diploid
BD_immune11_797208,diploid
BD_immune11_524136,diploid
BD_immune11_52398,diploid
BD_immune11_636890,diploid
BD_immune11_173014,diploid
BD_immune11_38494,diploid
BD_immune11_66903,diploid
BD_immune11_104179,diploid
BD_immune11_465297,diploid
BD_immune11_675786,diploid
BD_immune11_513452,diploid
BD_immune11_150201,diploid
BD_immune11_671271,diploid
BD_immune11_448450,diploid
BD_immune11_158447,diploid
BD_immune11_358858,diploid
BD_immune11_47918,diploid
BD_immune11_436879,diploid
BD_immune11_233240,diploid
BD_immune11_174871,diploid
BD_immune11_818712,diploid
BD_immune11_665043,diploid
BD_immune11_15235,diploid
BD_immune11_382510,diploid
BD_immune11_418392,diploid
BD_immune11_95035,diploid
BD_immune11_617113,diploid
BD_immune11_112914,diploid
BD_immune11_382703,diploid
BD_immune11_728900,diploid
BD_immune11_492361,diploid
BD_immune11_635903,diploid
BD_immune11_248087,diploid
BD_immune11_839316,diploid
BD_immune11_380435,diploid
BD_immune11_582593,diploid
BD_immune11_622608,diploid
BD_immune11_498493,diploid
BD_immune11_414783,diploid
BD_immune11_65855,diploid
BD_immune11_61982,diploid
BD_immune11_882059,diploid
BD_immune11_638589,diploid
BD_immune11_1429,diploid
BD_immune11_70104,diploid
BD_immune11_41387,diploid
BD_immune11_7131,diploid
BD_immune11_877867,diploid
BD_immune11_487890,diploid
BD_immune11_354081,diploid
BD_immune11_546898,diploid
BD_immune11_419734,diploid
BD_immune11_802374,diploid
BD_immune11_88695,diploid
BD_immune11_233804,diploid
BD_immune11_2285,diploid
BD_immune11_848730,diploid
BD_immune11_402531,diploid
BD_immune11_119670,diploid
BD_immune11_90592,diploid
BD_immune11_620021,diploid
BD_immune11_116239,diploid
BD_immune11_496667,diploid
BD_immune11_172824,diploid
BD_immune11_99323,diploid
BD_immune11_241411,diploid
BD_immune11_525212,diploid
BD_immune11_863832,diploid
BD_immune11_426386,diploid
BD_immune11_871409,diploid
BD_immune11_807795,diploid
BD_immune11_355788,diploid
BD_immune11_166152,diploid
BD_immune11_301340,diploid
BD_immune11_236910,diploid
BD_immune11_342313,diploid
BD_immune11_499164,diploid
BD_immune11_142421,diploid
BD_immune11_356021,diploid
BD_immune11_755192,diploid
BD_immune11_646441,diploid
BD_immune11_706217,diploid
BD_immune11_788399,diploid
BD_immune11_398221,diploid
BD_immune11_498670,diploid
BD_immune11_844330,diploid
BD_immune11_34209,diploid
BD_immune11_89351,diploid
BD_immune11_646451,diploid
BD_immune11_233942,diploid
BD_immune11_353334,diploid
BD_immune11_721954,diploid
BD_immune11_263208,diploid
BD_immune11_874426,diploid
BD_immune11_530325,diploid
BD_immune11_156190,diploid
BD_immune11_478753,diploid
BD_immune11_857982,diploid
BD_immune11_215452,diploid
BD_immune11_463155,diploid
BD_immune11_354113,diploid
BD_immune11_570891,diploid
BD_immune11_604003,diploid
BD_immune11_565026,diploid
BD_immune11_517833,diploid
BD_immune11_79210,diploid
BD_immune11_645010,diploid
BD_immune11_138877,diploid
BD_immune11_141938,diploid
BD_immune11_191820,diploid
BD_immune11_162836,diploid
BD_immune11_73376,diploid
BD_immune11_73348,diploid
BD_immune11_514597,diploid
BD_immune11_866065,diploid
BD_immune11_256984,diploid
BD_immune11_243467,diploid
BD_immune11_767373,diploid
BD_immune11_824510,diploid
BD_immune11_797833,diploid
BD_immune11_253222,diploid
BD_immune11_730603,diploid
BD_immune11_158309,diploid
BD_immune11_494425,diploid
BD_immune11_260569,diploid
BD_immune11_165577,diploid
BD_immune11_365453,diploid
BD_immune11_11846,diploid
BD_immune11_64475,diploid
BD_immune11_37375,diploid
BD_immune11_690629,diploid
BD_immune11_53351,diploid
BD_immune11_560386,diploid
BD_immune11_477525,diploid
BD_immune11_843037,diploid
BD_immune11_385482,diploid
BD_immune11_856686,diploid
BD_immune11_408883,diploid
BD_immune11_408225,diploid
BD_immune11_137305,diploid
BD_immune11_476332,diploid
BD_immune11_234873,diploid
BD_immune11_131460,diploid
BD_immune11_820879,diploid
BD_immune11_686119,diploid
BD_immune11_230454,diploid
BD_immune11_578189,diploid
BD_immune11_551719,diploid
BD_immune11_234230,diploid
BD_immune11_388616,diploid
BD_immune11_186194,diploid
BD_immune11_708051,diploid
BD_immune11_672030,diploid
BD_immune11_125948,diploid
BD_immune11_432245,diploid
BD_immune11_197401,diploid
BD_immune11_207187,diploid
BD_immune11_647814,diploid
BD_immune11_31730,diploid
BD_immune11_759039,diploid
BD_immune11_104504,diploid
BD_immune11_19457,diploid
BD_immune11_873872,diploid
BD_immune11_382133,diploid
BD_immune11_169117,diploid
BD_immune11_535923,diploid
BD_immune11_773863,diploid
BD_immune11_657058,diploid
BD_immune11_880965,diploid
BD_immune11_347230,diploid
BD_immune11_314738,diploid
BD_immune11_851398,diploid
BD_immune11_227739,diploid
BD_immune11_773809,diploid
BD_immune11_5678,diploid
BD_immune12_347497,diploid
BD_immune12_770597,diploid
BD_immune12_435307,diploid
BD_immune12_794646,diploid
BD_immune12_487429,diploid
BD_immune12_373941,diploid
BD_immune12_241771,diploid
BD_immune12_432275,diploid
BD_immune12_707488,diploid
BD_immune12_772414,diploid
BD_immune12_605279,diploid
BD_immune12_809503,diploid
BD_immune12_345386,diploid
BD_immune12_115619,diploid
BD_immune12_87408,diploid
BD_immune12_474762,diploid
BD_immune12_161584,diploid
BD_immune12_65192,diploid
BD_immune12_700435,diploid
BD_immune12_136734,diploid
BD_immune12_883714,diploid
BD_immune12_508351,diploid
BD_immune12_485318,diploid
BD_immune12_255726,diploid
BD_immune12_472802,diploid
BD_immune12_602666,diploid
BD_immune12_332776,diploid
BD_immune12_672441,diploid
BD_immune12_184681,diploid
BD_immune12_142312,diploid
BD_immune12_576569,diploid
BD_immune12_104410,diploid
BD_immune12_517420,diploid
BD_immune12_443865,diploid
BD_immune12_688790,diploid
BD_immune12_856035,diploid
BD_immune12_161631,diploid
BD_immune12_567735,diploid
BD_immune12_214307,diploid
BD_immune12_652233,diploid
BD_immune12_24826,diploid
BD_immune12_206917,diploid
BD_immune12_267025,diploid
BD_immune12_430775,diploid
BD_immune12_444223,diploid
BD_immune12_374877,diploid
BD_immune12_146886,diploid
BD_immune12_564314,diploid
BD_immune13_39365,diploid
BD_immune14_647651,diploid
BD_immune14_486333,diploid
BD_immune14_425767,diploid
BD_immune14_662536,diploid
BD_immune14_653962,diploid
BD_immune14_843297,diploid
BD_immune14_799760,diploid
BD_immune14_573048,diploid
BD_immune14_540649,diploid
BD_immune14_477134,diploid
BD_immune14_68493,diploid
BD_immune14_844765,diploid
BD_immune14_828505,diploid
BD_immune14_505664,diploid
BD_immune14_411892,diploid
BD_immune14_533330,diploid
BD_immune14_874713,diploid
BD_immune14_623031,diploid
BD_immune14_532013,diploid
BD_immune14_2495,diploid
BD_immune14_206004,diploid
BD_immune14_68312,diploid
BD_immune14_42112,diploid
BD_immune14_48989,diploid
BD_immune14_312909,diploid
BD_immune14_679768,diploid
BD_immune14_182776,diploid
BD_immune14_79961,diploid
BD_immune14_375322,diploid
BD_immune14_551142,diploid
BD_immune14_781868,diploid
BD_immune14_40314,diploid
BD_immune14_522363,diploid
BD_immune14_711711,diploid
BD_immune14_703899,diploid
BD_immune14_240162,diploid
BD_immune14_153489,diploid
BD_immune14_787243,diploid
BD_immune14_479440,diploid
BD_immune14_141831,diploid
BD_immune14_181950,diploid
BD_immune14_385869,diploid
BD_immune14_751788,diploid
BD_immune14_882277,diploid
BD_immune14_109363,diploid
BD_immune14_778400,diploid
BD_immune14_246806,diploid
BD_immune14_266198,diploid
BD_immune14_171750,diploid
BD_immune14_364733,diploid
BD_immune14_768991,diploid
BD_immune14_338290,diploid
BD_immune14_697684,diploid
BD_immune14_296461,diploid
BD_immune14_695818,diploid
BD_immune14_625531,diploid
BD_immune14_381194,diploid
BD_immune14_454305,diploid
BD_immune14_572827,diploid
BD_immune14_431363,diploid
BD_immune14_464089,diploid
BD_immune14_563968,diploid
BD_immune14_164388,diploid
BD_immune14_78618,diploid
BD_immune14_856109,diploid
BD_immune14_777286,diploid
BD_immune14_88178,diploid
BD_immune14_72607,diploid
BD_immune14_862325,diploid
BD_immune14_601230,diploid
BD_immune14_865742,diploid
BD_immune14_306487,diploid
BD_immune14_270629,diploid
BD_immune14_97882,diploid
BD_immune14_505733,diploid
BD_immune14_225446,diploid
BD_immune14_319390,diploid
BD_immune14_294203,diploid
BD_immune14_659950,diploid
BD_immune14_560049,diploid
BD_immune14_397636,diploid
BD_immune14_680671,diploid
BD_immune14_717151,diploid
BD_immune14_170840,diploid
BD_immune14_293819,diploid
BD_immune14_205968,diploid
BD_immune14_134165,diploid
BD_immune14_408863,diploid
BD_immune14_671606,diploid
BD_immune14_784725,diploid
BD_immune14_876157,diploid
BD_immune14_838818,diploid
BD_immune14_475703,diploid
BD_immune14_553739,diploid
BD_immune14_431395,diploid
BD_immune14_590844,diploid
BD_immune14_283944,diploid
BD_immune14_851755,diploid
BD_immune14_470913,diploid
BD_immune14_635890,diploid
BD_immune14_436957,diploid
BD_immune14_223775,diploid
BD_immune14_128126,diploid
BD_immune14_281560,diploid
BD_immune14_723492,diploid
BD_immune14_504512,diploid
BD_immune14_532178,diploid
BD_immune14_395182,diploid
BD_immune14_879190,diploid
BD_immune14_829151,diploid
BD_immune14_834822,diploid
BD_immune14_853782,diploid
BD_immune15_425901,diploid
BD_immune15_730534,diploid
BD_immune15_182945,diploid
BD_immune15_716454,diploid
BD_immune15_217527,diploid
BD_immune15_172422,diploid
BD_immune15_850540,diploid
BD_immune15_320639,diploid
BD_immune15_270336,diploid
BD_immune15_127864,diploid
BD_immune15_735723,diploid
BD_immune15_852140,diploid
BD_immune15_346445,diploid
BD_immune15_218558,diploid
BD_immune15_399664,diploid
BD_immune15_516665,diploid
BD_immune15_139372,diploid
BD_immune15_864594,diploid
BD_immune15_651368,diploid
BD_immune15_6748,diploid
BD_immune15_752216,diploid
BD_immune15_3758,diploid
BD_immune15_247072,diploid
BD_immune15_430040,diploid
BD_immune15_28900,diploid
BD_immune15_305040,diploid
BD_immune15_182005,diploid
BD_immune15_430052,diploid
BD_immune15_762511,diploid
BD_immune15_297523,diploid
BD_immune15_482173,diploid
BD_immune15_451356,diploid
BD_immune15_172808,diploid
BD_immune15_681879,diploid
BD_immune15_330399,diploid
BD_immune15_9343,diploid
BD_immune15_44632,diploid
BD_immune15_49470,diploid
BD_immune15_490799,diploid
BD_immune15_296500,diploid
BD_immune15_303995,diploid
BD_immune15_756421,diploid
BD_immune15_478215,diploid
BD_immune15_234861,diploid
BD_immune15_279133,diploid
BD_immune15_819301,diploid
BD_immune15_262976,diploid
BD_immune15_625255,diploid
BD_immune15_522632,diploid
BD_immune15_454574,diploid
BD_immune15_771423,diploid
BD_immune15_391053,diploid
BD_immune15_743970,diploid
BD_immune15_334078,diploid
BD_immune15_173039,diploid
BD_immune15_53101,diploid
BD_immune15_25994,diploid
BD_immune15_703199,diploid
BD_immune15_161844,diploid
BD_immune15_817148,diploid
BD_immune15_226074,diploid
BD_immune15_89246,diploid
BD_immune15_254973,diploid
BD_immune15_611385,diploid
BD_immune15_443175,diploid
BD_immune15_476018,diploid
BD_immune15_307971,diploid
BD_immune15_316730,diploid
BD_immune15_808896,diploid
BD_immune15_340292,diploid
BD_immune15_63122,diploid
BD_immune15_250693,diploid
BD_immune15_590202,diploid
BD_immune15_150783,diploid
BD_immune15_101810,diploid
BD_immune15_636560,diploid
BD_immune15_412134,diploid
BD_immune15_476680,diploid
BD_immune15_396367,diploid
BD_immune15_333227,diploid
BD_immune15_692880,diploid
BD_immune15_527333,diploid
BD_immune15_320223,diploid
BD_immune15_9475,diploid
BD_immune15_450924,diploid
BD_immune15_184518,diploid
BD_immune15_882196,diploid
BD_immune15_269107,diploid
BD_immune15_171646,diploid
BD_immune15_3982,diploid
BD_immune15_78112,diploid
BD_immune15_221847,diploid
BD_immune15_117369,diploid
BD_immune15_737463,diploid
BD_immune15_396037,diploid
BD_immune15_761832,diploid
BD_immune15_595178,diploid
BD_immune15_394517,diploid
BD_immune15_248262,diploid
BD_immune15_639533,diploid
BD_immune15_63173,diploid
BD_immune15_366755,diploid
BD_immune15_178914,diploid
BD_immune15_612147,diploid
BD_immune15_834727,diploid
BD_immune15_572535,diploid
BD_immune15_875093,diploid
BD_immune15_654577,diploid
BD_immune15_503793,diploid
BD_immune15_256682,diploid
BD_immune15_138701,diploid
BD_immune15_31435,diploid
BD_immune15_637030,diploid
BD_immune15_19962,diploid
BD_immune15_206837,diploid
BD_immune15_528297,diploid
BD_immune15_529438,diploid
BD_immune15_646895,diploid
BD_immune15_50158,diploid
BD_immune15_603233,diploid
BD_immune15_541606,diploid
BD_immune15_645599,diploid
BD_immune15_429657,diploid
BD_immune15_334962,diploid
BD_immune15_228416,diploid
BD_immune15_478884,diploid
BD_immune15_325615,diploid
BD_immune15_825730,diploid
BD_immune15_870703,diploid
BD_immune15_426255,diploid
BD_immune15_619364,diploid
BD_immune15_727488,diploid
BD_immune15_620803,diploid
BD_immune15_413230,diploid
BD_immune15_205747,diploid
BD_immune15_252746,diploid
BD_immune15_681904,diploid
BD_immune15_123040,diploid
BD_immune15_296485,diploid
BD_immune15_484620,diploid
BD_immune15_374255,diploid
BD_immune15_493727,diploid
BD_immune15_456821,diploid
BD_immune15_399033,diploid
BD_immune07_864651,aneuploid
BD_immune07_4766,aneuploid
BD_immune07_647897,aneuploid
BD_immune07_267097,aneuploid
BD_immune07_105386,aneuploid
BD_immune07_57014,aneuploid
BD_immune07_807441,aneuploid
BD_immune07_422696,aneuploid
BD_immune07_412305,aneuploid
BD_immune11_594190,diploid
BD_immune11_637603,diploid
BD_immune02_571486,not.defined
BD_immune02_335965,not.defined
BD_immune04_252496,not.defined
BD_immune07_587296,not.defined
BD_immune07_486443,not.defined
BD_immune11_766428,not.defined
BD_immune11_663724,not.defined
BD_immune12_416906,not.defined
BD_immune12_700276,not.defined
BD_immune14_6093,not.defined
BD_immune14_690113,not.defined
BD_immune15_38400,not.defined
BD_immune15_522628,not.defined
BD_immune15_722389,not.defined
BD_immune15_703490,not.defined
BD_immune15_381817,not.defined
