cell.names,copykat.pred,cell_type,response
BD_immune03_676003,diploid,Tumor_epithelial_basal,MPR
BD_immune04_639050,diploid,Ciliated_epithelial,NMPR
BD_immune07_178927,diploid,Tumor_epithelial_basal,NMPR
BD_immune07_255916,diploid,Tumor_epithelial_basal,NMPR
BD_immune07_133124,diploid,Tumor_epithelial_basal,NMPR
BD_immune07_374609,diploid,Tumor_epithelial_basal,NMPR
BD_immune07_138392,diploid,Tumor_epithelial_basal,NMPR
BD_immune07_554970,diploid,Tumor_epithelial_basal,NMPR
BD_immune07_338911,diploid,Tumor_epithelial_basal,NMPR
BD_immune07_287210,diploid,Tumor_epithelial_basal,NMPR
BD_immune07_193907,diploid,Tumor_epithelial_basal,NMPR
BD_immune07_51729,diploid,Tumor_epithelial_basal,NMPR
BD_immune07_479921,diploid,Tumor_epithelial_basal,NMPR
BD_immune11_759492,diploid,Ciliated_epithelial,MPR
BD_immune11_17759,diploid,Ciliated_epithelial,MPR
BD_immune11_880050,diploid,Ciliated_epithelial,MPR
BD_immune11_765009,diploid,Ciliated_epithelial,MPR
BD_immune11_414642,diploid,Ciliated_epithelial,MPR
BD_immune11_747329,diploid,Ciliated_epithelial,MPR
BD_immune12_174836,diploid,Ciliated_epithelial,NMPR
BD_immune15_694272,diploid,Ciliated_epithelial,NMPR
BD_immune03_407665,diploid,Tumor_epithelial_basal,MPR
BD_immune11_36226,diploid,Ciliated_epithelial,MPR
BD_immune15_760103,diploid,Ciliated_epithelial,NMPR
BD_immune03_735829,diploid,Tumor_epithelial_basal,MPR
BD_immune03_697938,diploid,Tumor_epithelial_basal,MPR
BD_immune11_34677,diploid,Ciliated_epithelial,MPR
BD_immune11_702976,diploid,Ciliated_epithelial,MPR
BD_immune11_248823,diploid,Ciliated_epithelial,MPR
BD_immune12_612241,diploid,Ciliated_epithelial,NMPR
BD_immune15_566461,diploid,Ciliated_epithelial,NMPR
BD_immune15_282771,diploid,Ciliated_epithelial,NMPR
BD_immune15_595835,diploid,Ciliated_epithelial,NMPR
BD_immune15_854328,diploid,Ciliated_epithelial,NMPR
BD_immune02_841503,diploid,Ciliated_epithelial,NMPR
BD_immune02_650062,diploid,Ciliated_epithelial,NMPR
BD_immune02_580235,diploid,Ciliated_epithelial,NMPR
BD_immune02_277584,diploid,Ciliated_epithelial,NMPR
BD_immune02_634340,diploid,Ciliated_epithelial,NMPR
BD_immune02_73791,diploid,Ciliated_epithelial,NMPR
BD_immune02_342916,diploid,Ciliated_epithelial,NMPR
BD_immune02_13866,diploid,Ciliated_epithelial,NMPR
BD_immune02_571486,diploid,Ciliated_epithelial,NMPR
BD_immune03_3335,aneuploid,Tumor_epithelial_basal,MPR
BD_immune03_641120,aneuploid,Tumor_epithelial_basal,MPR
BD_immune03_698551,aneuploid,Tumor_epithelial_basal,MPR
BD_immune03_167147,aneuploid,Tumor_epithelial_basal,MPR
BD_immune03_800426,aneuploid,Tumor_epithelial_basal,MPR
BD_immune03_75258,aneuploid,Tumor_epithelial_basal,MPR
BD_immune03_675453,aneuploid,Tumor_epithelial_basal,MPR
BD_immune03_25130,aneuploid,Tumor_epithelial_basal,MPR
BD_immune03_522163,aneuploid,Tumor_epithelial_basal,MPR
BD_immune03_477890,aneuploid,Tumor_epithelial_basal,MPR
BD_immune03_650851,aneuploid,Tumor_epithelial_basal,MPR
BD_immune03_748968,aneuploid,Tumor_epithelial_basal,MPR
BD_immune03_156584,aneuploid,Tumor_epithelial_basal,MPR
BD_immune03_433327,aneuploid,Tumor_epithelial_basal,MPR
BD_immune03_75025,aneuploid,Tumor_epithelial_basal,MPR
BD_immune03_639848,aneuploid,Tumor_epithelial_basal,MPR
BD_immune03_826935,aneuploid,Tumor_epithelial_basal,MPR
BD_immune03_828252,aneuploid,Tumor_epithelial_basal,MPR
BD_immune03_729777,aneuploid,Tumor_epithelial_basal,MPR
BD_immune03_766555,aneuploid,Tumor_epithelial_basal,MPR
BD_immune03_272469,aneuploid,Tumor_epithelial_basal,MPR
BD_immune03_656489,aneuploid,Tumor_epithelial_basal,MPR
BD_immune03_690144,aneuploid,Tumor_epithelial_basal,MPR
BD_immune03_184086,aneuploid,Tumor_epithelial_basal,MPR
BD_immune03_701380,aneuploid,Tumor_epithelial_basal,MPR
BD_immune03_158016,aneuploid,Tumor_epithelial_basal,MPR
BD_immune03_36581,aneuploid,Tumor_epithelial_basal,MPR
BD_immune03_189314,aneuploid,Tumor_epithelial_basal,MPR
BD_immune03_715860,aneuploid,Tumor_epithelial_basal,MPR
BD_immune03_839739,aneuploid,Tumor_epithelial_basal,MPR
BD_immune03_433772,aneuploid,Tumor_epithelial_basal,MPR
BD_immune03_626125,aneuploid,Tumor_epithelial_basal,MPR
BD_immune03_570833,aneuploid,Tumor_epithelial_basal,MPR
BD_immune03_739370,aneuploid,Tumor_epithelial_basal,MPR
BD_immune03_171439,aneuploid,Tumor_epithelial_basal,MPR
BD_immune03_53055,aneuploid,Tumor_epithelial_basal,MPR
BD_immune03_417908,aneuploid,Tumor_epithelial_basal,MPR
BD_immune03_763414,aneuploid,Tumor_epithelial_basal,MPR
BD_immune03_406131,aneuploid,Tumor_epithelial_basal,MPR
BD_immune03_293417,aneuploid,Tumor_epithelial_basal,MPR
BD_immune03_533018,aneuploid,Tumor_epithelial_basal,MPR
BD_immune03_524375,aneuploid,Tumor_epithelial_basal,MPR
BD_immune03_549332,aneuploid,Tumor_epithelial_basal,MPR
BD_immune03_858105,aneuploid,Tumor_epithelial_basal,MPR
BD_immune03_225707,aneuploid,Tumor_epithelial_basal,MPR
BD_immune03_191446,aneuploid,Tumor_epithelial_basal,MPR
BD_immune03_243390,aneuploid,Tumor_epithelial_basal,MPR
BD_immune03_235756,aneuploid,Tumor_epithelial_basal,MPR
BD_immune03_795329,aneuploid,Tumor_epithelial_basal,MPR
BD_immune03_176164,aneuploid,Tumor_epithelial_basal,MPR
BD_immune03_720595,aneuploid,Tumor_epithelial_basal,MPR
BD_immune03_359594,aneuploid,Tumor_epithelial_basal,MPR
BD_immune03_496837,aneuploid,Tumor_epithelial_basal,MPR
BD_immune03_42199,aneuploid,Tumor_epithelial_basal,MPR
BD_immune03_129296,aneuploid,Tumor_epithelial_basal,MPR
BD_immune03_111892,aneuploid,Tumor_epithelial_basal,MPR
BD_immune03_254462,aneuploid,Tumor_epithelial_basal,MPR
BD_immune03_19479,aneuploid,Tumor_epithelial_basal,MPR
BD_immune03_102028,aneuploid,Tumor_epithelial_basal,MPR
BD_immune03_507453,aneuploid,Tumor_epithelial_basal,MPR
BD_immune03_754925,aneuploid,Tumor_epithelial_basal,MPR
BD_immune03_202811,aneuploid,Tumor_epithelial_basal,MPR
BD_immune03_5010,aneuploid,Tumor_epithelial_basal,MPR
BD_immune03_30499,aneuploid,Tumor_epithelial_basal,MPR
BD_immune03_466041,aneuploid,Tumor_epithelial_basal,MPR
BD_immune03_481375,aneuploid,Tumor_epithelial_basal,MPR
BD_immune03_760505,aneuploid,Tumor_epithelial_basal,MPR
BD_immune03_378383,aneuploid,Tumor_epithelial_basal,MPR
BD_immune03_229120,aneuploid,Tumor_epithelial_basal,MPR
BD_immune03_299571,aneuploid,Tumor_epithelial_basal,MPR
BD_immune03_795970,aneuploid,Tumor_epithelial_basal,MPR
BD_immune03_8645,aneuploid,Tumor_epithelial_basal,MPR
BD_immune03_774942,aneuploid,Tumor_epithelial_basal,MPR
BD_immune03_720319,aneuploid,Tumor_epithelial_basal,MPR
BD_immune03_213902,aneuploid,Tumor_epithelial_basal,MPR
BD_immune03_766788,aneuploid,Tumor_epithelial_basal,MPR
BD_immune03_718736,aneuploid,Tumor_epithelial_basal,MPR
BD_immune03_682803,aneuploid,Tumor_epithelial_basal,MPR
BD_immune03_152880,aneuploid,Tumor_epithelial_basal,MPR
BD_immune03_839808,aneuploid,Tumor_epithelial_basal,MPR
BD_immune03_400911,aneuploid,Tumor_epithelial_basal,MPR
BD_immune03_722995,aneuploid,Tumor_epithelial_basal,MPR
BD_immune03_637638,aneuploid,Tumor_epithelial_basal,MPR
BD_immune03_72396,aneuploid,Tumor_epithelial_basal,MPR
BD_immune03_782223,aneuploid,Tumor_epithelial_basal,MPR
BD_immune03_696126,aneuploid,Tumor_epithelial_basal,MPR
BD_immune03_592931,aneuploid,Tumor_epithelial_basal,MPR
BD_immune03_492992,aneuploid,Tumor_epithelial_basal,MPR
BD_immune03_525157,aneuploid,Tumor_epithelial_basal,MPR
BD_immune03_170978,aneuploid,Tumor_epithelial_basal,MPR
BD_immune03_789637,aneuploid,Tumor_epithelial_basal,MPR
BD_immune03_729828,aneuploid,Tumor_epithelial_basal,MPR
BD_immune03_477067,aneuploid,Tumor_epithelial_basal,MPR
BD_immune03_400474,aneuploid,Tumor_epithelial_basal,MPR
BD_immune03_110517,aneuploid,Tumor_epithelial_basal,MPR
BD_immune03_211657,aneuploid,Tumor_epithelial_basal,MPR
BD_immune03_612565,aneuploid,Tumor_epithelial_basal,MPR
BD_immune03_709503,aneuploid,Tumor_epithelial_basal,MPR
BD_immune03_22409,aneuploid,Tumor_epithelial_basal,MPR
BD_immune03_523217,aneuploid,Tumor_epithelial_basal,MPR
BD_immune03_45478,aneuploid,Tumor_epithelial_basal,MPR
BD_immune03_116393,aneuploid,Tumor_epithelial_basal,MPR
BD_immune03_86853,aneuploid,Tumor_epithelial_basal,MPR
BD_immune03_39021,aneuploid,Tumor_epithelial_basal,MPR
BD_immune03_775198,aneuploid,Tumor_epithelial_basal,MPR
BD_immune03_76497,aneuploid,Tumor_epithelial_basal,MPR
BD_immune03_313567,aneuploid,Tumor_epithelial_basal,MPR
BD_immune03_421629,aneuploid,Tumor_epithelial_basal,MPR
BD_immune03_596904,aneuploid,Tumor_epithelial_basal,MPR
BD_immune03_272116,aneuploid,Tumor_epithelial_basal,MPR
BD_immune03_371066,aneuploid,Tumor_epithelial_basal,MPR
BD_immune03_511504,aneuploid,Tumor_epithelial_basal,MPR
BD_immune03_583,aneuploid,Tumor_epithelial_basal,MPR
BD_immune03_151697,aneuploid,Tumor_epithelial_basal,MPR
BD_immune03_228470,aneuploid,Tumor_epithelial_basal,MPR
BD_immune03_518038,aneuploid,Tumor_epithelial_basal,MPR
BD_immune03_433481,aneuploid,Tumor_epithelial_basal,MPR
BD_immune03_433636,aneuploid,Tumor_epithelial_basal,MPR
BD_immune03_176798,aneuploid,Tumor_epithelial_basal,MPR
BD_immune03_477657,aneuploid,Tumor_epithelial_basal,MPR
BD_immune03_254107,aneuploid,Tumor_epithelial_basal,MPR
BD_immune03_7958,aneuploid,Tumor_epithelial_basal,MPR
BD_immune03_768533,aneuploid,Tumor_epithelial_basal,MPR
BD_immune03_279135,aneuploid,Tumor_epithelial_basal,MPR
BD_immune03_176424,aneuploid,Tumor_epithelial_basal,MPR
BD_immune03_775566,aneuploid,Tumor_epithelial_basal,MPR
BD_immune03_378237,aneuploid,Tumor_epithelial_basal,MPR
BD_immune03_357376,aneuploid,Tumor_epithelial_basal,MPR
BD_immune03_30189,aneuploid,Tumor_epithelial_basal,MPR
BD_immune03_716888,aneuploid,Tumor_epithelial_basal,MPR
BD_immune03_590688,aneuploid,Tumor_epithelial_basal,MPR
BD_immune03_610735,aneuploid,Tumor_epithelial_basal,MPR
BD_immune03_752555,aneuploid,Tumor_epithelial_basal,MPR
BD_immune03_589227,aneuploid,Tumor_epithelial_basal,MPR
BD_immune03_483187,aneuploid,Tumor_epithelial_basal,MPR
BD_immune03_834490,aneuploid,Tumor_epithelial_basal,MPR
BD_immune03_698745,aneuploid,Tumor_epithelial_basal,MPR
BD_immune03_496313,aneuploid,Tumor_epithelial_basal,MPR
BD_immune03_761442,aneuploid,Tumor_epithelial_basal,MPR
BD_immune03_271536,aneuploid,Tumor_epithelial_basal,MPR
BD_immune03_562294,aneuploid,Tumor_epithelial_basal,MPR
BD_immune03_865367,aneuploid,Tumor_epithelial_basal,MPR
BD_immune03_783278,aneuploid,Tumor_epithelial_basal,MPR
BD_immune03_99581,aneuploid,Tumor_epithelial_basal,MPR
BD_immune03_566809,aneuploid,Tumor_epithelial_basal,MPR
BD_immune03_704037,aneuploid,Tumor_epithelial_basal,MPR
BD_immune03_54915,aneuploid,Tumor_epithelial_basal,MPR
BD_immune03_815392,aneuploid,Tumor_epithelial_basal,MPR
BD_immune03_117409,aneuploid,Tumor_epithelial_basal,MPR
BD_immune03_21732,aneuploid,Tumor_epithelial_basal,MPR
BD_immune03_877845,aneuploid,Tumor_epithelial_basal,MPR
BD_immune03_546128,aneuploid,Tumor_epithelial_basal,MPR
BD_immune03_408890,aneuploid,Tumor_epithelial_basal,MPR
BD_immune03_613128,aneuploid,Tumor_epithelial_basal,MPR
BD_immune03_186757,aneuploid,Tumor_epithelial_basal,MPR
BD_immune03_756253,aneuploid,Tumor_epithelial_basal,MPR
BD_immune03_379009,aneuploid,Tumor_epithelial_basal,MPR
BD_immune03_78079,aneuploid,Tumor_epithelial_basal,MPR
BD_immune03_580559,aneuploid,Tumor_epithelial_basal,MPR
BD_immune03_814459,aneuploid,Tumor_epithelial_basal,MPR
BD_immune03_442949,aneuploid,Tumor_epithelial_basal,MPR
BD_immune03_544928,aneuploid,Tumor_epithelial_basal,MPR
BD_immune03_498977,aneuploid,Tumor_epithelial_basal,MPR
BD_immune03_398582,aneuploid,Tumor_epithelial_basal,MPR
BD_immune03_160487,aneuploid,Tumor_epithelial_basal,MPR
BD_immune03_65650,aneuploid,Tumor_epithelial_basal,MPR
BD_immune03_600454,aneuploid,Tumor_epithelial_basal,MPR
BD_immune03_733769,aneuploid,Tumor_epithelial_basal,MPR
BD_immune03_88761,aneuploid,Tumor_epithelial_basal,MPR
BD_immune03_146489,aneuploid,Tumor_epithelial_basal,MPR
BD_immune03_731730,aneuploid,Tumor_epithelial_basal,MPR
BD_immune03_176373,aneuploid,Tumor_epithelial_basal,MPR
BD_immune03_772544,aneuploid,Tumor_epithelial_basal,MPR
BD_immune03_658332,aneuploid,Tumor_epithelial_basal,MPR
BD_immune03_419838,aneuploid,Tumor_epithelial_basal,MPR
BD_immune03_357962,aneuploid,Tumor_epithelial_basal,MPR
BD_immune03_135864,aneuploid,Tumor_epithelial_basal,MPR
BD_immune03_671429,aneuploid,Tumor_epithelial_basal,MPR
BD_immune03_684812,aneuploid,Tumor_epithelial_basal,MPR
BD_immune03_500777,aneuploid,Tumor_epithelial_basal,MPR
BD_immune03_559234,aneuploid,Tumor_epithelial_basal,MPR
BD_immune03_814409,aneuploid,Tumor_epithelial_basal,MPR
BD_immune03_811833,aneuploid,Tumor_epithelial_basal,MPR
BD_immune03_549757,aneuploid,Tumor_epithelial_basal,MPR
BD_immune03_148871,aneuploid,Tumor_epithelial_basal,MPR
BD_immune03_483762,aneuploid,Tumor_epithelial_basal,MPR
BD_immune03_875430,aneuploid,Tumor_epithelial_basal,MPR
BD_immune03_772551,aneuploid,Tumor_epithelial_basal,MPR
BD_immune03_477697,aneuploid,Tumor_epithelial_basal,MPR
BD_immune03_510038,aneuploid,Tumor_epithelial_basal,MPR
BD_immune03_485516,aneuploid,Tumor_epithelial_basal,MPR
BD_immune03_597286,aneuploid,Tumor_epithelial_basal,MPR
BD_immune03_17559,aneuploid,Tumor_epithelial_basal,MPR
BD_immune03_760051,aneuploid,Tumor_epithelial_basal,MPR
BD_immune03_484510,aneuploid,Tumor_epithelial_basal,MPR
BD_immune03_450884,aneuploid,Tumor_epithelial_basal,MPR
BD_immune03_743313,aneuploid,Tumor_epithelial_basal,MPR
BD_immune03_538826,aneuploid,Tumor_epithelial_basal,MPR
BD_immune03_119691,aneuploid,Tumor_epithelial_basal,MPR
BD_immune03_44130,aneuploid,Tumor_epithelial_basal,MPR
BD_immune03_439346,aneuploid,Tumor_epithelial_basal,MPR
BD_immune03_720612,aneuploid,Tumor_epithelial_basal,MPR
BD_immune03_738028,aneuploid,Tumor_epithelial_basal,MPR
BD_immune03_361698,aneuploid,Tumor_epithelial_basal,MPR
BD_immune03_542600,aneuploid,Tumor_epithelial_basal,MPR
BD_immune03_310561,aneuploid,Tumor_epithelial_basal,MPR
BD_immune03_402523,aneuploid,Tumor_epithelial_basal,MPR
BD_immune03_60539,aneuploid,Tumor_epithelial_basal,MPR
BD_immune03_849195,aneuploid,Tumor_epithelial_basal,MPR
BD_immune03_352095,aneuploid,Tumor_epithelial_basal,MPR
BD_immune03_230289,aneuploid,Tumor_epithelial_basal,MPR
BD_immune03_503828,aneuploid,Tumor_epithelial_basal,MPR
BD_immune03_585381,aneuploid,Tumor_epithelial_basal,MPR
BD_immune03_253065,aneuploid,Tumor_epithelial_basal,MPR
BD_immune03_59075,aneuploid,Tumor_epithelial_basal,MPR
BD_immune03_465073,aneuploid,Tumor_epithelial_basal,MPR
BD_immune03_434774,aneuploid,Tumor_epithelial_basal,MPR
BD_immune03_262763,aneuploid,Tumor_epithelial_basal,MPR
BD_immune03_94857,aneuploid,Tumor_epithelial_basal,MPR
BD_immune03_220635,aneuploid,Tumor_epithelial_basal,MPR
BD_immune03_673092,aneuploid,Tumor_epithelial_basal,MPR
BD_immune03_100871,aneuploid,Tumor_epithelial_basal,MPR
BD_immune03_376426,aneuploid,Tumor_epithelial_basal,MPR
BD_immune03_90682,aneuploid,Tumor_epithelial_basal,MPR
BD_immune03_763659,aneuploid,Tumor_epithelial_basal,MPR
BD_immune03_10583,aneuploid,Tumor_epithelial_basal,MPR
BD_immune03_812450,aneuploid,Tumor_epithelial_basal,MPR
BD_immune03_47503,aneuploid,Tumor_epithelial_basal,MPR
BD_immune03_162280,aneuploid,Tumor_epithelial_basal,MPR
BD_immune03_384887,aneuploid,Tumor_epithelial_basal,MPR
BD_immune03_283884,aneuploid,Tumor_epithelial_basal,MPR
BD_immune03_861844,aneuploid,Tumor_epithelial_basal,MPR
BD_immune03_100501,aneuploid,Tumor_epithelial_basal,MPR
BD_immune03_307321,aneuploid,Tumor_epithelial_basal,MPR
BD_immune03_533793,aneuploid,Tumor_epithelial_basal,MPR
BD_immune03_688133,aneuploid,Tumor_epithelial_basal,MPR
BD_immune03_547067,aneuploid,Tumor_epithelial_basal,MPR
BD_immune03_705215,aneuploid,Tumor_epithelial_basal,MPR
BD_immune03_130709,aneuploid,Tumor_epithelial_basal,MPR
BD_immune03_399711,aneuploid,Tumor_epithelial_basal,MPR
BD_immune03_167991,aneuploid,Tumor_epithelial_basal,MPR
BD_immune03_92546,aneuploid,Tumor_epithelial_basal,MPR
BD_immune03_48117,aneuploid,Tumor_epithelial_basal,MPR
BD_immune03_15669,aneuploid,Tumor_epithelial_basal,MPR
BD_immune03_284046,aneuploid,Tumor_epithelial_basal,MPR
BD_immune03_144316,aneuploid,Tumor_epithelial_basal,MPR
BD_immune03_404205,aneuploid,Tumor_epithelial_basal,MPR
BD_immune03_13050,aneuploid,Tumor_epithelial_basal,MPR
BD_immune03_319377,aneuploid,Tumor_epithelial_basal,MPR
BD_immune03_858972,aneuploid,Tumor_epithelial_basal,MPR
BD_immune03_478072,aneuploid,Tumor_epithelial_basal,MPR
BD_immune03_132750,aneuploid,Tumor_epithelial_basal,MPR
BD_immune03_769233,aneuploid,Tumor_epithelial_basal,MPR
BD_immune03_817341,aneuploid,Tumor_epithelial_basal,MPR
BD_immune03_211361,aneuploid,Tumor_epithelial_basal,MPR
BD_immune03_399602,aneuploid,Tumor_epithelial_basal,MPR
BD_immune03_546799,aneuploid,Tumor_epithelial_basal,MPR
BD_immune03_485733,aneuploid,Tumor_epithelial_basal,MPR
BD_immune03_359646,aneuploid,Tumor_epithelial_basal,MPR
BD_immune03_815124,aneuploid,Tumor_epithelial_basal,MPR
BD_immune03_643558,aneuploid,Tumor_epithelial_basal,MPR
BD_immune03_687065,aneuploid,Tumor_epithelial_basal,MPR
BD_immune03_765224,aneuploid,Tumor_epithelial_basal,MPR
BD_immune03_292675,aneuploid,Tumor_epithelial_basal,MPR
BD_immune03_642715,aneuploid,Tumor_epithelial_basal,MPR
BD_immune03_64347,aneuploid,Tumor_epithelial_basal,MPR
BD_immune03_837751,aneuploid,Tumor_epithelial_basal,MPR
BD_immune03_51974,aneuploid,Tumor_epithelial_basal,MPR
BD_immune03_121601,aneuploid,Tumor_epithelial_basal,MPR
BD_immune03_206285,aneuploid,Tumor_epithelial_basal,MPR
BD_immune03_26537,aneuploid,Tumor_epithelial_basal,MPR
BD_immune03_696300,aneuploid,Tumor_epithelial_basal,MPR
BD_immune03_549588,aneuploid,Tumor_epithelial_basal,MPR
BD_immune03_548328,aneuploid,Tumor_epithelial_basal,MPR
BD_immune03_535207,aneuploid,Tumor_epithelial_basal,MPR
BD_immune03_743387,aneuploid,Tumor_epithelial_basal,MPR
BD_immune03_393970,aneuploid,Tumor_epithelial_basal,MPR
BD_immune03_734470,aneuploid,Tumor_epithelial_basal,MPR
BD_immune03_120017,aneuploid,Tumor_epithelial_basal,MPR
BD_immune03_723433,aneuploid,Tumor_epithelial_basal,MPR
BD_immune03_535533,aneuploid,Tumor_epithelial_basal,MPR
BD_immune03_646780,aneuploid,Tumor_epithelial_basal,MPR
BD_immune03_40314,aneuploid,Tumor_epithelial_basal,MPR
BD_immune03_648454,aneuploid,Tumor_epithelial_basal,MPR
BD_immune03_358973,aneuploid,Tumor_epithelial_basal,MPR
BD_immune03_536063,aneuploid,Tumor_epithelial_basal,MPR
BD_immune03_798197,aneuploid,Tumor_epithelial_basal,MPR
BD_immune03_744851,aneuploid,Tumor_epithelial_basal,MPR
BD_immune03_264242,aneuploid,Tumor_epithelial_basal,MPR
BD_immune03_684716,aneuploid,Tumor_epithelial_basal,MPR
BD_immune03_411078,aneuploid,Tumor_epithelial_basal,MPR
BD_immune03_551089,aneuploid,Tumor_epithelial_basal,MPR
BD_immune03_122509,aneuploid,Tumor_epithelial_basal,MPR
BD_immune03_859397,aneuploid,Tumor_epithelial_basal,MPR
BD_immune03_252023,aneuploid,Tumor_epithelial_basal,MPR
BD_immune03_451843,aneuploid,Tumor_epithelial_basal,MPR
BD_immune03_746151,aneuploid,Tumor_epithelial_basal,MPR
BD_immune03_442313,aneuploid,Tumor_epithelial_basal,MPR
BD_immune03_653932,aneuploid,Tumor_epithelial_basal,MPR
BD_immune03_679286,aneuploid,Tumor_epithelial_basal,MPR
BD_immune03_783512,aneuploid,Tumor_epithelial_basal,MPR
BD_immune03_462111,aneuploid,Tumor_epithelial_basal,MPR
BD_immune03_693369,aneuploid,Tumor_epithelial_basal,MPR
BD_immune03_737541,aneuploid,Tumor_epithelial_basal,MPR
BD_immune03_870226,aneuploid,Tumor_epithelial_basal,MPR
BD_immune03_541120,aneuploid,Tumor_epithelial_basal,MPR
BD_immune03_191902,aneuploid,Tumor_epithelial_basal,MPR
BD_immune03_548975,aneuploid,Tumor_epithelial_basal,MPR
BD_immune03_165321,aneuploid,Tumor_epithelial_basal,MPR
BD_immune03_759907,aneuploid,Tumor_epithelial_basal,MPR
BD_immune03_270133,aneuploid,Tumor_epithelial_basal,MPR
BD_immune03_172805,aneuploid,Tumor_epithelial_basal,MPR
BD_immune03_615271,aneuploid,Tumor_epithelial_basal,MPR
BD_immune03_717536,aneuploid,Tumor_epithelial_basal,MPR
BD_immune03_432206,aneuploid,Tumor_epithelial_basal,MPR
BD_immune03_599766,aneuploid,Tumor_epithelial_basal,MPR
BD_immune03_164628,aneuploid,Tumor_epithelial_basal,MPR
BD_immune03_261720,aneuploid,Tumor_epithelial_basal,MPR
BD_immune03_876207,aneuploid,Tumor_epithelial_basal,MPR
BD_immune03_199274,aneuploid,Tumor_epithelial_basal,MPR
BD_immune03_424493,aneuploid,Tumor_epithelial_basal,MPR
BD_immune03_53606,aneuploid,Tumor_epithelial_basal,MPR
BD_immune03_278780,aneuploid,Tumor_epithelial_basal,MPR
BD_immune03_745171,aneuploid,Tumor_epithelial_basal,MPR
BD_immune03_106576,aneuploid,Tumor_epithelial_basal,MPR
BD_immune03_21406,aneuploid,Tumor_epithelial_basal,MPR
BD_immune03_473768,aneuploid,Tumor_epithelial_basal,MPR
BD_immune03_835127,aneuploid,Tumor_epithelial_basal,MPR
BD_immune03_122162,aneuploid,Tumor_epithelial_basal,MPR
BD_immune03_203362,aneuploid,Tumor_epithelial_basal,MPR
BD_immune03_445856,aneuploid,Tumor_epithelial_basal,MPR
BD_immune03_662860,aneuploid,Tumor_epithelial_basal,MPR
BD_immune03_412575,aneuploid,Tumor_epithelial_basal,MPR
BD_immune03_531375,aneuploid,Tumor_epithelial_basal,MPR
BD_immune03_332506,aneuploid,Tumor_epithelial_basal,MPR
BD_immune03_404173,aneuploid,Tumor_epithelial_basal,MPR
BD_immune03_604856,aneuploid,Tumor_epithelial_basal,MPR
BD_immune03_279821,aneuploid,Tumor_epithelial_basal,MPR
BD_immune03_811253,aneuploid,Tumor_epithelial_basal,MPR
BD_immune03_658762,aneuploid,Tumor_epithelial_basal,MPR
BD_immune03_825158,aneuploid,Tumor_epithelial_basal,MPR
BD_immune03_188086,aneuploid,Tumor_epithelial_basal,MPR
BD_immune03_764079,aneuploid,Tumor_epithelial_basal,MPR
BD_immune03_379752,aneuploid,Tumor_epithelial_basal,MPR
BD_immune03_857401,aneuploid,Tumor_epithelial_basal,MPR
BD_immune03_589180,aneuploid,Tumor_epithelial_basal,MPR
BD_immune03_736038,aneuploid,Tumor_epithelial_basal,MPR
BD_immune03_72103,aneuploid,Tumor_epithelial_basal,MPR
BD_immune03_712669,aneuploid,Tumor_epithelial_basal,MPR
BD_immune03_857095,aneuploid,Tumor_epithelial_basal,MPR
BD_immune03_682940,aneuploid,Tumor_epithelial_basal,MPR
BD_immune03_871084,aneuploid,Tumor_epithelial_basal,MPR
BD_immune03_745130,aneuploid,Tumor_epithelial_basal,MPR
BD_immune03_18025,aneuploid,Tumor_epithelial_basal,MPR
BD_immune03_861179,aneuploid,Tumor_epithelial_basal,MPR
BD_immune03_62786,aneuploid,Tumor_epithelial_basal,MPR
BD_immune03_309875,aneuploid,Tumor_epithelial_basal,MPR
BD_immune03_485305,aneuploid,Tumor_epithelial_basal,MPR
BD_immune03_698635,aneuploid,Tumor_epithelial_basal,MPR
BD_immune03_450484,aneuploid,Tumor_epithelial_basal,MPR
BD_immune03_21904,aneuploid,Tumor_epithelial_basal,MPR
BD_immune03_264427,aneuploid,Tumor_epithelial_basal,MPR
BD_immune03_188194,aneuploid,Tumor_epithelial_basal,MPR
BD_immune03_129881,aneuploid,Tumor_epithelial_basal,MPR
BD_immune03_879651,aneuploid,Tumor_epithelial_basal,MPR
BD_immune03_73201,aneuploid,Tumor_epithelial_basal,MPR
BD_immune03_36749,aneuploid,Tumor_epithelial_basal,MPR
BD_immune03_629469,aneuploid,Tumor_epithelial_basal,MPR
BD_immune03_812182,aneuploid,Tumor_epithelial_basal,MPR
BD_immune03_612427,aneuploid,Tumor_epithelial_basal,MPR
BD_immune03_785902,aneuploid,Tumor_epithelial_basal,MPR
BD_immune03_383068,aneuploid,Tumor_epithelial_basal,MPR
BD_immune03_726383,aneuploid,Tumor_epithelial_basal,MPR
BD_immune03_35097,aneuploid,Tumor_epithelial_basal,MPR
BD_immune03_305029,aneuploid,Tumor_epithelial_basal,MPR
BD_immune03_341896,aneuploid,Tumor_epithelial_basal,MPR
BD_immune03_494344,aneuploid,Tumor_epithelial_basal,MPR
BD_immune03_440723,aneuploid,Tumor_epithelial_basal,MPR
BD_immune03_180569,aneuploid,Tumor_epithelial_basal,MPR
BD_immune03_862092,aneuploid,Tumor_epithelial_basal,MPR
BD_immune03_717585,aneuploid,Tumor_epithelial_basal,MPR
BD_immune03_214939,aneuploid,Tumor_epithelial_basal,MPR
BD_immune03_191785,aneuploid,Tumor_epithelial_basal,MPR
BD_immune03_57114,aneuploid,Tumor_epithelial_basal,MPR
BD_immune03_675680,aneuploid,Tumor_epithelial_basal,MPR
BD_immune03_864756,aneuploid,Tumor_epithelial_basal,MPR
BD_immune03_594129,aneuploid,Tumor_epithelial_basal,MPR
BD_immune03_289538,aneuploid,Tumor_epithelial_basal,MPR
BD_immune03_540577,aneuploid,Tumor_epithelial_basal,MPR
BD_immune03_541986,aneuploid,Tumor_epithelial_basal,MPR
BD_immune03_93942,aneuploid,Tumor_epithelial_basal,MPR
BD_immune03_588453,aneuploid,Tumor_epithelial_basal,MPR
BD_immune03_297081,aneuploid,Tumor_epithelial_basal,MPR
BD_immune03_631632,aneuploid,Tumor_epithelial_basal,MPR
BD_immune03_218592,aneuploid,Tumor_epithelial_basal,MPR
BD_immune03_322469,aneuploid,Tumor_epithelial_basal,MPR
BD_immune03_431451,aneuploid,Tumor_epithelial_basal,MPR
BD_immune03_53502,aneuploid,Tumor_epithelial_basal,MPR
BD_immune03_649733,aneuploid,Tumor_epithelial_basal,MPR
BD_immune03_882602,aneuploid,Tumor_epithelial_basal,MPR
BD_immune03_762561,aneuploid,Tumor_epithelial_basal,MPR
BD_immune03_177635,aneuploid,Tumor_epithelial_basal,MPR
BD_immune03_237098,aneuploid,Tumor_epithelial_basal,MPR
BD_immune03_52497,aneuploid,Tumor_epithelial_basal,MPR
BD_immune03_509878,aneuploid,Tumor_epithelial_basal,MPR
BD_immune03_721622,aneuploid,Tumor_epithelial_basal,MPR
BD_immune03_845563,aneuploid,Tumor_epithelial_basal,MPR
BD_immune03_234717,aneuploid,Tumor_epithelial_basal,MPR
BD_immune03_734130,aneuploid,Tumor_epithelial_basal,MPR
BD_immune03_322683,aneuploid,Tumor_epithelial_basal,MPR
BD_immune03_444502,aneuploid,Tumor_epithelial_basal,MPR
BD_immune03_300019,aneuploid,Tumor_epithelial_basal,MPR
BD_immune03_816380,aneuploid,Tumor_epithelial_basal,MPR
BD_immune03_576054,aneuploid,Tumor_epithelial_basal,MPR
BD_immune03_563384,aneuploid,Tumor_epithelial_basal,MPR
BD_immune03_133637,aneuploid,Tumor_epithelial_basal,MPR
BD_immune03_647940,aneuploid,Tumor_epithelial_basal,MPR
BD_immune03_566713,aneuploid,Tumor_epithelial_basal,MPR
BD_immune03_767573,aneuploid,Tumor_epithelial_basal,MPR
BD_immune03_757170,aneuploid,Tumor_epithelial_basal,MPR
BD_immune03_210257,aneuploid,Tumor_epithelial_basal,MPR
BD_immune03_411761,aneuploid,Tumor_epithelial_basal,MPR
BD_immune03_371054,aneuploid,Tumor_epithelial_basal,MPR
BD_immune03_242930,aneuploid,Tumor_epithelial_basal,MPR
BD_immune03_882339,aneuploid,Tumor_epithelial_basal,MPR
BD_immune03_657565,aneuploid,Tumor_epithelial_basal,MPR
BD_immune03_104899,aneuploid,Tumor_epithelial_basal,MPR
BD_immune03_14947,aneuploid,Tumor_epithelial_basal,MPR
BD_immune03_766297,aneuploid,Tumor_epithelial_basal,MPR
BD_immune03_800285,aneuploid,Tumor_epithelial_basal,MPR
BD_immune03_613243,aneuploid,Tumor_epithelial_basal,MPR
BD_immune03_480368,aneuploid,Tumor_epithelial_basal,MPR
BD_immune03_67504,aneuploid,Tumor_epithelial_basal,MPR
BD_immune03_458596,aneuploid,Tumor_epithelial_basal,MPR
BD_immune03_361199,aneuploid,Tumor_epithelial_basal,MPR
BD_immune03_168410,aneuploid,Tumor_epithelial_basal,MPR
BD_immune03_196465,aneuploid,Tumor_epithelial_basal,MPR
BD_immune03_265570,aneuploid,Tumor_epithelial_basal,MPR
BD_immune03_371850,aneuploid,Tumor_epithelial_basal,MPR
BD_immune03_883538,aneuploid,Tumor_epithelial_basal,MPR
BD_immune03_655011,aneuploid,Tumor_epithelial_basal,MPR
BD_immune03_88047,aneuploid,Tumor_epithelial_basal,MPR
BD_immune03_449049,aneuploid,Tumor_epithelial_basal,MPR
BD_immune03_541039,aneuploid,Tumor_epithelial_basal,MPR
BD_immune03_339231,aneuploid,Tumor_epithelial_basal,MPR
BD_immune03_338359,aneuploid,Tumor_epithelial_basal,MPR
BD_immune03_727841,aneuploid,Tumor_epithelial_basal,MPR
BD_immune03_430637,aneuploid,Tumor_epithelial_basal,MPR
BD_immune03_126139,aneuploid,Tumor_epithelial_basal,MPR
BD_immune03_279622,aneuploid,Tumor_epithelial_basal,MPR
BD_immune03_138113,aneuploid,Tumor_epithelial_basal,MPR
BD_immune03_793302,aneuploid,Tumor_epithelial_basal,MPR
BD_immune03_756629,aneuploid,Tumor_epithelial_basal,MPR
BD_immune03_233885,aneuploid,Tumor_epithelial_basal,MPR
BD_immune03_501031,aneuploid,Tumor_epithelial_basal,MPR
BD_immune03_337442,aneuploid,Tumor_epithelial_basal,MPR
BD_immune03_755647,aneuploid,Tumor_epithelial_basal,MPR
BD_immune03_350243,aneuploid,Tumor_epithelial_basal,MPR
BD_immune03_358779,aneuploid,Tumor_epithelial_basal,MPR
BD_immune03_124833,aneuploid,Tumor_epithelial_basal,MPR
BD_immune03_439886,aneuploid,Tumor_epithelial_basal,MPR
BD_immune03_881505,aneuploid,Tumor_epithelial_basal,MPR
BD_immune03_460144,aneuploid,Tumor_epithelial_basal,MPR
BD_immune03_733242,aneuploid,Tumor_epithelial_basal,MPR
BD_immune03_8808,aneuploid,Tumor_epithelial_basal,MPR
BD_immune03_62820,aneuploid,Tumor_epithelial_basal,MPR
BD_immune03_555621,aneuploid,Tumor_epithelial_basal,MPR
BD_immune03_588674,aneuploid,Tumor_epithelial_basal,MPR
BD_immune03_821672,aneuploid,Tumor_epithelial_basal,MPR
BD_immune03_325865,aneuploid,Tumor_epithelial_basal,MPR
BD_immune03_75445,aneuploid,Tumor_epithelial_basal,MPR
BD_immune03_556761,aneuploid,Tumor_epithelial_basal,MPR
BD_immune03_724441,aneuploid,Tumor_epithelial_basal,MPR
BD_immune03_715604,aneuploid,Tumor_epithelial_basal,MPR
BD_immune03_874882,aneuploid,Tumor_epithelial_basal,MPR
BD_immune03_753623,aneuploid,Tumor_epithelial_basal,MPR
BD_immune03_847118,aneuploid,Tumor_epithelial_basal,MPR
BD_immune03_244564,aneuploid,Tumor_epithelial_basal,MPR
BD_immune03_376677,aneuploid,Tumor_epithelial_basal,MPR
BD_immune03_867225,aneuploid,Tumor_epithelial_basal,MPR
BD_immune03_562215,aneuploid,Tumor_epithelial_basal,MPR
BD_immune03_592068,aneuploid,Tumor_epithelial_basal,MPR
BD_immune03_460064,aneuploid,Tumor_epithelial_basal,MPR
BD_immune03_794082,aneuploid,Tumor_epithelial_basal,MPR
BD_immune03_609218,aneuploid,Tumor_epithelial_basal,MPR
BD_immune03_747054,aneuploid,Tumor_epithelial_basal,MPR
BD_immune03_877014,aneuploid,Tumor_epithelial_basal,MPR
BD_immune03_690459,aneuploid,Tumor_epithelial_basal,MPR
BD_immune03_509162,aneuploid,Tumor_epithelial_basal,MPR
BD_immune03_107714,aneuploid,Tumor_epithelial_basal,MPR
BD_immune03_849264,aneuploid,Tumor_epithelial_basal,MPR
BD_immune03_522326,aneuploid,Tumor_epithelial_basal,MPR
BD_immune03_315640,aneuploid,Tumor_epithelial_basal,MPR
BD_immune03_296978,aneuploid,Tumor_epithelial_basal,MPR
BD_immune03_176336,diploid,Tumor_epithelial_basal,MPR
BD_immune03_122998,diploid,Tumor_epithelial_basal,MPR
BD_immune03_788290,aneuploid,Tumor_epithelial_basal,MPR
BD_immune03_248350,diploid,Ciliated_epithelial,MPR
BD_immune03_524132,aneuploid,Tumor_epithelial_basal,MPR
BD_immune03_242960,diploid,Tumor_epithelial_basal,MPR
BD_immune03_422195,aneuploid,Tumor_epithelial_basal,MPR
BD_immune03_680787,aneuploid,Tumor_epithelial_basal,MPR
BD_immune03_9196,aneuploid,Tumor_epithelial_basal,MPR
BD_immune03_855588,aneuploid,Tumor_epithelial_basal,MPR
BD_immune03_576449,aneuploid,Tumor_epithelial_basal,MPR
BD_immune03_711995,diploid,Tumor_epithelial_basal,MPR
BD_immune03_479724,diploid,Tumor_epithelial_basal,MPR
BD_immune03_490597,diploid,Tumor_epithelial_basal,MPR
BD_immune03_317885,diploid,Tumor_epithelial_basal,MPR
BD_immune03_239446,diploid,Tumor_epithelial_basal,MPR
BD_immune03_337281,diploid,Tumor_epithelial_basal,MPR
BD_immune03_827670,diploid,Tumor_epithelial_basal,MPR
BD_immune03_620367,diploid,Tumor_epithelial_basal,MPR
BD_immune03_799415,aneuploid,Tumor_epithelial_basal,MPR
BD_immune03_542457,diploid,Tumor_epithelial_basal,MPR
BD_immune03_665808,diploid,Tumor_epithelial_basal,MPR
BD_immune03_129144,diploid,Tumor_epithelial_basal,MPR
BD_immune03_451296,diploid,Tumor_epithelial_basal,MPR
BD_immune03_162979,diploid,Tumor_epithelial_basal,MPR
BD_immune03_210814,diploid,Tumor_epithelial_basal,MPR
BD_immune03_797433,diploid,Tumor_epithelial_basal,MPR
BD_immune03_488481,diploid,Tumor_epithelial_basal,MPR
BD_immune03_57265,diploid,Tumor_epithelial_basal,MPR
BD_immune03_595410,diploid,Tumor_epithelial_basal,MPR
BD_immune03_653278,diploid,Tumor_epithelial_basal,MPR
BD_immune03_524603,diploid,Tumor_epithelial_basal,MPR
BD_immune03_535928,diploid,Tumor_epithelial_basal,MPR
BD_immune03_273768,diploid,Tumor_epithelial_basal,MPR
BD_immune03_428111,diploid,Tumor_epithelial_basal,MPR
BD_immune03_684545,diploid,Tumor_epithelial_basal,MPR
BD_immune03_151452,aneuploid,Tumor_epithelial_basal,MPR
BD_immune03_181030,diploid,Tumor_epithelial_basal,MPR
BD_immune03_730911,diploid,Tumor_epithelial_basal,MPR
BD_immune03_568403,diploid,Tumor_epithelial_basal,MPR
BD_immune03_854149,diploid,Tumor_epithelial_basal,MPR
BD_immune03_302418,diploid,Tumor_epithelial_basal,MPR
BD_immune03_107908,diploid,Tumor_epithelial_basal,MPR
BD_immune03_264615,diploid,Tumor_epithelial_basal,MPR
BD_immune03_105583,diploid,Tumor_epithelial_basal,MPR
BD_immune03_133295,diploid,Tumor_epithelial_basal,MPR
BD_immune03_402155,diploid,Tumor_epithelial_basal,MPR
BD_immune03_460622,diploid,Tumor_epithelial_basal,MPR
BD_immune03_741565,diploid,Tumor_epithelial_basal,MPR
BD_immune03_2736,diploid,Tumor_epithelial_basal,MPR
BD_immune03_856168,diploid,Tumor_epithelial_basal,MPR
BD_immune03_400849,diploid,Tumor_epithelial_basal,MPR
BD_immune03_224696,diploid,Tumor_epithelial_basal,MPR
BD_immune03_37954,diploid,Tumor_epithelial_basal,MPR
BD_immune03_707364,diploid,Tumor_epithelial_basal,MPR
BD_immune03_205235,diploid,Tumor_epithelial_basal,MPR
BD_immune03_217314,diploid,Tumor_epithelial_basal,MPR
BD_immune03_848024,diploid,Tumor_epithelial_basal,MPR
BD_immune03_293744,diploid,Tumor_epithelial_basal,MPR
BD_immune03_64313,diploid,Tumor_epithelial_basal,MPR
BD_immune03_312194,diploid,Tumor_epithelial_basal,MPR
BD_immune03_339517,diploid,Tumor_epithelial_basal,MPR
BD_immune03_201660,diploid,Tumor_epithelial_basal,MPR
BD_immune03_692647,diploid,Tumor_epithelial_basal,MPR
BD_immune03_750471,diploid,Tumor_epithelial_basal,MPR
BD_immune03_386888,diploid,Tumor_epithelial_basal,MPR
BD_immune03_1827,diploid,Tumor_epithelial_basal,MPR
BD_immune03_475883,diploid,Tumor_epithelial_basal,MPR
BD_immune03_420676,diploid,Tumor_epithelial_basal,MPR
BD_immune03_840556,diploid,Tumor_epithelial_basal,MPR
BD_immune03_325485,diploid,Tumor_epithelial_basal,MPR
BD_immune03_752680,diploid,Tumor_epithelial_basal,MPR
BD_immune03_381771,diploid,Tumor_epithelial_basal,MPR
BD_immune03_498406,diploid,Tumor_epithelial_basal,MPR
BD_immune03_91394,diploid,Tumor_epithelial_basal,MPR
BD_immune03_513447,diploid,Tumor_epithelial_basal,MPR
BD_immune03_800859,diploid,Tumor_epithelial_basal,MPR
BD_immune03_795817,diploid,Tumor_epithelial_basal,MPR
BD_immune03_81421,diploid,Tumor_epithelial_basal,MPR
BD_immune03_694373,diploid,Tumor_epithelial_basal,MPR
BD_immune03_278484,diploid,Tumor_epithelial_basal,MPR
BD_immune03_510434,diploid,Tumor_epithelial_basal,MPR
BD_immune03_184035,diploid,Tumor_epithelial_basal,MPR
BD_immune03_78080,diploid,Tumor_epithelial_basal,MPR
BD_immune03_576735,diploid,Tumor_epithelial_basal,MPR
BD_immune03_621254,diploid,Tumor_epithelial_basal,MPR
BD_immune03_720989,diploid,Tumor_epithelial_basal,MPR
BD_immune03_567803,diploid,Tumor_epithelial_basal,MPR
BD_immune03_558210,diploid,Tumor_epithelial_basal,MPR
BD_immune03_731749,diploid,Tumor_epithelial_basal,MPR
BD_immune03_433141,diploid,Tumor_epithelial_basal,MPR
BD_immune03_637323,diploid,Tumor_epithelial_basal,MPR
BD_immune03_785325,diploid,Tumor_epithelial_basal,MPR
BD_immune03_167801,diploid,Tumor_epithelial_basal,MPR
BD_immune03_39610,diploid,Tumor_epithelial_basal,MPR
BD_immune03_433105,diploid,Tumor_epithelial_basal,MPR
BD_immune03_159591,diploid,Tumor_epithelial_basal,MPR
BD_immune03_239364,diploid,Tumor_epithelial_basal,MPR
BD_immune03_821545,diploid,Tumor_epithelial_basal,MPR
BD_immune03_824055,diploid,Tumor_epithelial_basal,MPR
BD_immune03_220624,diploid,Tumor_epithelial_basal,MPR
BD_immune03_593206,diploid,Tumor_epithelial_basal,MPR
BD_immune03_466612,diploid,Tumor_epithelial_basal,MPR
BD_immune03_146105,diploid,Tumor_epithelial_basal,MPR
BD_immune03_36915,diploid,Tumor_epithelial_basal,MPR
BD_immune03_621203,diploid,Tumor_epithelial_basal,MPR
BD_immune03_211973,diploid,Tumor_epithelial_basal,MPR
BD_immune03_588729,diploid,Tumor_epithelial_basal,MPR
BD_immune03_246795,diploid,Tumor_epithelial_basal,MPR
BD_immune03_595413,diploid,Tumor_epithelial_basal,MPR
BD_immune03_179501,diploid,Tumor_epithelial_basal,MPR
BD_immune03_643231,diploid,Tumor_epithelial_basal,MPR
BD_immune03_848065,diploid,Tumor_epithelial_basal,MPR
BD_immune03_383672,diploid,Tumor_epithelial_basal,MPR
BD_immune03_439021,diploid,Tumor_epithelial_basal,MPR
BD_immune03_214953,diploid,Tumor_epithelial_basal,MPR
BD_immune03_36176,diploid,Tumor_epithelial_basal,MPR
BD_immune03_329648,diploid,Tumor_epithelial_basal,MPR
BD_immune03_211062,diploid,Tumor_epithelial_basal,MPR
BD_immune03_314675,diploid,Tumor_epithelial_basal,MPR
BD_immune03_165927,diploid,Tumor_epithelial_basal,MPR
BD_immune03_68104,diploid,Tumor_epithelial_basal,MPR
BD_immune03_65724,diploid,Tumor_epithelial_basal,MPR
BD_immune03_859827,diploid,Tumor_epithelial_basal,MPR
BD_immune03_52169,diploid,Tumor_epithelial_basal,MPR
BD_immune03_860254,diploid,Tumor_epithelial_basal,MPR
BD_immune03_672263,diploid,Tumor_epithelial_basal,MPR
BD_immune03_766683,diploid,Tumor_epithelial_basal,MPR
BD_immune03_812145,diploid,Tumor_epithelial_basal,MPR
BD_immune03_322655,diploid,Tumor_epithelial_basal,MPR
BD_immune03_522533,diploid,Tumor_epithelial_basal,MPR
BD_immune03_162501,diploid,Tumor_epithelial_basal,MPR
BD_immune03_62996,diploid,Tumor_epithelial_basal,MPR
BD_immune03_146594,diploid,Tumor_epithelial_basal,MPR
BD_immune03_640169,diploid,Tumor_epithelial_basal,MPR
BD_immune03_796026,diploid,Tumor_epithelial_basal,MPR
BD_immune03_670826,diploid,Tumor_epithelial_basal,MPR
BD_immune03_523138,diploid,Tumor_epithelial_basal,MPR
BD_immune03_72924,diploid,Tumor_epithelial_basal,MPR
BD_immune03_884172,diploid,Tumor_epithelial_basal,MPR
BD_immune03_470727,diploid,Tumor_epithelial_basal,MPR
BD_immune03_428847,diploid,Tumor_epithelial_basal,MPR
BD_immune03_747818,diploid,Tumor_epithelial_basal,MPR
BD_immune03_152402,diploid,Tumor_epithelial_basal,MPR
BD_immune03_115149,diploid,Tumor_epithelial_basal,MPR
BD_immune03_120151,diploid,Tumor_epithelial_basal,MPR
BD_immune03_286075,diploid,Tumor_epithelial_basal,MPR
BD_immune03_187399,diploid,Tumor_epithelial_basal,MPR
BD_immune03_44539,diploid,Tumor_epithelial_basal,MPR
BD_immune03_689053,diploid,Tumor_epithelial_basal,MPR
BD_immune03_796658,diploid,Tumor_epithelial_basal,MPR
BD_immune03_780204,diploid,Tumor_epithelial_basal,MPR
BD_immune03_540987,diploid,Tumor_epithelial_basal,MPR
BD_immune03_832654,diploid,Tumor_epithelial_basal,MPR
BD_immune03_637206,diploid,Tumor_epithelial_basal,MPR
BD_immune03_738958,diploid,Tumor_epithelial_basal,MPR
BD_immune03_840885,diploid,Tumor_epithelial_basal,MPR
BD_immune03_30433,diploid,Tumor_epithelial_basal,MPR
BD_immune03_114811,diploid,Tumor_epithelial_basal,MPR
BD_immune03_71950,diploid,Tumor_epithelial_basal,MPR
BD_immune03_209185,diploid,Tumor_epithelial_basal,MPR
BD_immune03_826754,diploid,Tumor_epithelial_basal,MPR
BD_immune03_383391,diploid,Tumor_epithelial_basal,MPR
BD_immune03_427661,diploid,Tumor_epithelial_basal,MPR
BD_immune03_707713,diploid,Tumor_epithelial_basal,MPR
BD_immune03_117481,diploid,Tumor_epithelial_basal,MPR
BD_immune03_785031,diploid,Tumor_epithelial_basal,MPR
BD_immune03_67993,diploid,Tumor_epithelial_basal,MPR
BD_immune03_801242,diploid,Tumor_epithelial_basal,MPR
BD_immune03_163252,diploid,Tumor_epithelial_basal,MPR
BD_immune03_741367,diploid,Tumor_epithelial_basal,MPR
BD_immune03_395151,diploid,Tumor_epithelial_basal,MPR
BD_immune03_438085,diploid,Tumor_epithelial_basal,MPR
BD_immune03_594287,diploid,Tumor_epithelial_basal,MPR
BD_immune03_247819,diploid,Tumor_epithelial_basal,MPR
BD_immune03_331530,diploid,Tumor_epithelial_basal,MPR
BD_immune03_524535,diploid,Tumor_epithelial_basal,MPR
BD_immune03_700745,diploid,Tumor_epithelial_basal,MPR
BD_immune03_245750,diploid,Tumor_epithelial_basal,MPR
BD_immune03_385026,diploid,Tumor_epithelial_basal,MPR
BD_immune03_586175,diploid,Tumor_epithelial_basal,MPR
BD_immune03_533625,diploid,Tumor_epithelial_basal,MPR
BD_immune03_794625,diploid,Tumor_epithelial_basal,MPR
BD_immune03_630240,diploid,Tumor_epithelial_basal,MPR
BD_immune03_303046,diploid,Tumor_epithelial_basal,MPR
BD_immune03_859117,diploid,Tumor_epithelial_basal,MPR
BD_immune03_150289,diploid,Tumor_epithelial_basal,MPR
BD_immune03_32391,diploid,Tumor_epithelial_basal,MPR
BD_immune03_191567,diploid,Tumor_epithelial_basal,MPR
BD_immune03_233040,diploid,Tumor_epithelial_basal,MPR
BD_immune03_846261,diploid,Tumor_epithelial_basal,MPR
BD_immune03_539320,diploid,Tumor_epithelial_basal,MPR
BD_immune03_771025,diploid,Tumor_epithelial_basal,MPR
BD_immune03_606055,diploid,Tumor_epithelial_basal,MPR
BD_immune03_452627,diploid,Tumor_epithelial_basal,MPR
BD_immune03_474150,diploid,Tumor_epithelial_basal,MPR
BD_immune03_583571,diploid,Tumor_epithelial_basal,MPR
BD_immune03_528116,diploid,Tumor_epithelial_basal,MPR
BD_immune03_93317,diploid,Tumor_epithelial_basal,MPR
BD_immune03_492975,diploid,Tumor_epithelial_basal,MPR
BD_immune03_129864,diploid,Tumor_epithelial_basal,MPR
BD_immune03_793715,diploid,Tumor_epithelial_basal,MPR
BD_immune04_397649,diploid,Ciliated_epithelial,NMPR
BD_immune04_354997,diploid,Ciliated_epithelial,NMPR
BD_immune04_300317,diploid,Ciliated_epithelial,NMPR
BD_immune04_809126,diploid,Ciliated_epithelial,NMPR
BD_immune04_361365,diploid,Ciliated_epithelial,NMPR
BD_immune04_173384,diploid,Ciliated_epithelial,NMPR
BD_immune04_28325,diploid,Ciliated_epithelial,NMPR
BD_immune04_527847,diploid,Ciliated_epithelial,NMPR
BD_immune04_322601,diploid,Ciliated_epithelial,NMPR
BD_immune04_794140,diploid,Ciliated_epithelial,NMPR
BD_immune07_490725,diploid,Tumor_epithelial_basal,NMPR
BD_immune07_645309,diploid,Tumor_epithelial_basal,NMPR
BD_immune07_758406,diploid,Tumor_epithelial_basal,NMPR
BD_immune07_311032,diploid,Tumor_epithelial_basal,NMPR
BD_immune07_136141,diploid,Tumor_epithelial_basal,NMPR
BD_immune07_218955,diploid,Tumor_epithelial_basal,NMPR
BD_immune07_642489,diploid,Tumor_epithelial_basal,NMPR
BD_immune07_532270,diploid,Tumor_epithelial_basal,NMPR
BD_immune07_303062,diploid,Tumor_epithelial_basal,NMPR
BD_immune07_479179,diploid,Tumor_epithelial_basal,NMPR
BD_immune07_864111,diploid,Tumor_epithelial_basal,NMPR
BD_immune07_669603,diploid,Tumor_epithelial_basal,NMPR
BD_immune07_324553,diploid,Tumor_epithelial_basal,NMPR
BD_immune07_814263,diploid,Tumor_epithelial_basal,NMPR
BD_immune07_425599,diploid,Tumor_epithelial_basal,NMPR
BD_immune07_707059,diploid,Tumor_epithelial_basal,NMPR
BD_immune07_746331,diploid,Tumor_epithelial_basal,NMPR
BD_immune07_576690,diploid,Tumor_epithelial_basal,NMPR
BD_immune07_170091,diploid,Tumor_epithelial_basal,NMPR
BD_immune07_302008,diploid,Tumor_epithelial_basal,NMPR
BD_immune07_278672,diploid,Tumor_epithelial_basal,NMPR
BD_immune07_492131,diploid,Tumor_epithelial_basal,NMPR
BD_immune07_515914,diploid,Tumor_epithelial_basal,NMPR
BD_immune07_544820,diploid,Tumor_epithelial_basal,NMPR
BD_immune07_436631,diploid,Ciliated_epithelial,NMPR
BD_immune07_788951,diploid,Tumor_epithelial_basal,NMPR
BD_immune07_448332,diploid,Tumor_epithelial_basal,NMPR
BD_immune07_609204,diploid,Tumor_epithelial_basal,NMPR
BD_immune07_678879,diploid,Tumor_epithelial_basal,NMPR
BD_immune07_686408,diploid,Tumor_epithelial_basal,NMPR
BD_immune07_881025,diploid,Tumor_epithelial_basal,NMPR
BD_immune07_27252,diploid,Tumor_epithelial_basal,NMPR
BD_immune07_540130,diploid,Tumor_epithelial_basal,NMPR
BD_immune07_88549,diploid,Tumor_epithelial_basal,NMPR
BD_immune07_610813,diploid,Tumor_epithelial_basal,NMPR
BD_immune07_340598,diploid,Tumor_epithelial_basal,NMPR
BD_immune07_796242,diploid,Ciliated_epithelial,NMPR
BD_immune09_646695,aneuploid,Tumor_epithelial_basal,NMPR
BD_immune09_352548,aneuploid,Tumor_epithelial_basal,NMPR
BD_immune09_189566,aneuploid,Tumor_epithelial_basal,NMPR
BD_immune09_638638,aneuploid,Tumor_epithelial_basal,NMPR
BD_immune09_81915,aneuploid,Tumor_epithelial_basal,NMPR
BD_immune09_605948,aneuploid,Tumor_epithelial_basal,NMPR
BD_immune09_139519,aneuploid,Tumor_epithelial_basal,NMPR
BD_immune09_605576,aneuploid,Tumor_epithelial_basal,NMPR
BD_immune09_328287,aneuploid,Tumor_epithelial_basal,NMPR
BD_immune09_85130,aneuploid,Tumor_epithelial_basal,NMPR
BD_immune09_182540,aneuploid,Tumor_epithelial_basal,NMPR
BD_immune09_789865,aneuploid,Tumor_epithelial_basal,NMPR
BD_immune09_556921,aneuploid,Tumor_epithelial_basal,NMPR
BD_immune09_424558,aneuploid,Tumor_epithelial_basal,NMPR
BD_immune09_19658,aneuploid,Tumor_epithelial_basal,NMPR
BD_immune09_29937,aneuploid,Tumor_epithelial_basal,NMPR
BD_immune09_335675,aneuploid,Tumor_epithelial_basal,NMPR
BD_immune09_145870,aneuploid,Tumor_epithelial_basal,NMPR
BD_immune09_709366,aneuploid,Tumor_epithelial_basal,NMPR
BD_immune09_508510,aneuploid,Tumor_epithelial_basal,NMPR
BD_immune09_273582,aneuploid,Tumor_epithelial_basal,NMPR
BD_immune09_467536,aneuploid,Tumor_epithelial_basal,NMPR
BD_immune09_411126,aneuploid,Tumor_epithelial_basal,NMPR
BD_immune09_395179,aneuploid,Tumor_epithelial_basal,NMPR
BD_immune09_386676,aneuploid,Tumor_epithelial_basal,NMPR
BD_immune09_426034,aneuploid,Tumor_epithelial_basal,NMPR
BD_immune09_160580,aneuploid,Tumor_epithelial_basal,NMPR
BD_immune09_72015,aneuploid,Tumor_epithelial_basal,NMPR
BD_immune09_556102,aneuploid,Tumor_epithelial_basal,NMPR
BD_immune09_391231,aneuploid,Tumor_epithelial_basal,NMPR
BD_immune09_816333,aneuploid,Tumor_epithelial_basal,NMPR
BD_immune09_469879,aneuploid,Tumor_epithelial_basal,NMPR
BD_immune09_16948,aneuploid,Tumor_epithelial_basal,NMPR
BD_immune09_791625,aneuploid,Tumor_epithelial_basal,NMPR
BD_immune09_178516,aneuploid,Tumor_epithelial_basal,NMPR
BD_immune09_747825,aneuploid,Tumor_epithelial_basal,NMPR
BD_immune09_604369,aneuploid,Tumor_epithelial_basal,NMPR
BD_immune09_553833,aneuploid,Tumor_epithelial_basal,NMPR
BD_immune09_58908,aneuploid,Tumor_epithelial_basal,NMPR
BD_immune09_867235,aneuploid,Tumor_epithelial_basal,NMPR
BD_immune09_140334,aneuploid,Tumor_epithelial_basal,NMPR
BD_immune09_388870,aneuploid,Tumor_epithelial_basal,NMPR
BD_immune09_869382,aneuploid,Tumor_epithelial_basal,NMPR
BD_immune09_579463,aneuploid,Tumor_epithelial_basal,NMPR
BD_immune09_335924,aneuploid,Tumor_epithelial_basal,NMPR
BD_immune09_83089,aneuploid,Tumor_epithelial_basal,NMPR
BD_immune09_50007,aneuploid,Tumor_epithelial_basal,NMPR
BD_immune09_396189,aneuploid,Tumor_epithelial_basal,NMPR
BD_immune09_869402,aneuploid,Tumor_epithelial_basal,NMPR
BD_immune09_463310,aneuploid,Tumor_epithelial_basal,NMPR
BD_immune09_422255,aneuploid,Tumor_epithelial_basal,NMPR
BD_immune09_464421,aneuploid,Tumor_epithelial_basal,NMPR
BD_immune09_732485,aneuploid,Tumor_epithelial_basal,NMPR
BD_immune09_496987,aneuploid,Tumor_epithelial_basal,NMPR
BD_immune09_467822,aneuploid,Tumor_epithelial_basal,NMPR
BD_immune09_843432,aneuploid,Tumor_epithelial_basal,NMPR
BD_immune09_281933,aneuploid,Tumor_epithelial_basal,NMPR
BD_immune09_607924,aneuploid,Tumor_epithelial_basal,NMPR
BD_immune09_630471,aneuploid,Tumor_epithelial_basal,NMPR
BD_immune09_879214,aneuploid,Tumor_epithelial_basal,NMPR
BD_immune09_508386,aneuploid,Tumor_epithelial_basal,NMPR
BD_immune09_756263,aneuploid,Tumor_epithelial_basal,NMPR
BD_immune09_602774,aneuploid,Tumor_epithelial_basal,NMPR
BD_immune09_571637,aneuploid,Tumor_epithelial_basal,NMPR
BD_immune09_495637,aneuploid,Tumor_epithelial_basal,NMPR
BD_immune09_709373,aneuploid,Tumor_epithelial_basal,NMPR
BD_immune09_495078,aneuploid,Tumor_epithelial_basal,NMPR
BD_immune09_653439,aneuploid,Tumor_epithelial_basal,NMPR
BD_immune09_477404,aneuploid,Tumor_epithelial_basal,NMPR
BD_immune09_166521,aneuploid,Tumor_epithelial_basal,NMPR
BD_immune09_542516,aneuploid,Tumor_epithelial_basal,NMPR
BD_immune09_719732,aneuploid,Tumor_epithelial_basal,NMPR
BD_immune09_772386,aneuploid,Tumor_epithelial_basal,NMPR
BD_immune09_184401,aneuploid,Tumor_epithelial_basal,NMPR
BD_immune09_538307,aneuploid,Tumor_epithelial_basal,NMPR
BD_immune09_815524,aneuploid,Tumor_epithelial_basal,NMPR
BD_immune09_427821,aneuploid,Tumor_epithelial_basal,NMPR
BD_immune09_78152,aneuploid,Tumor_epithelial_basal,NMPR
BD_immune09_849714,aneuploid,Tumor_epithelial_basal,NMPR
BD_immune09_743640,aneuploid,Tumor_epithelial_basal,NMPR
BD_immune09_669556,aneuploid,Tumor_epithelial_basal,NMPR
BD_immune09_332519,aneuploid,Tumor_epithelial_basal,NMPR
BD_immune09_56074,aneuploid,Tumor_epithelial_basal,NMPR
BD_immune09_237856,aneuploid,Tumor_epithelial_basal,NMPR
BD_immune09_687208,aneuploid,Tumor_epithelial_basal,NMPR
BD_immune09_855546,aneuploid,Tumor_epithelial_basal,NMPR
BD_immune09_515867,aneuploid,Tumor_epithelial_basal,NMPR
BD_immune09_155625,aneuploid,Tumor_epithelial_basal,NMPR
BD_immune09_337465,aneuploid,Tumor_epithelial_basal,NMPR
BD_immune09_768527,aneuploid,Tumor_epithelial_basal,NMPR
BD_immune09_181449,aneuploid,Tumor_epithelial_basal,NMPR
BD_immune09_234965,aneuploid,Tumor_epithelial_basal,NMPR
BD_immune09_699961,aneuploid,Tumor_epithelial_basal,NMPR
BD_immune09_554061,aneuploid,Tumor_epithelial_basal,NMPR
BD_immune09_530387,aneuploid,Tumor_epithelial_basal,NMPR
BD_immune09_722162,aneuploid,Tumor_epithelial_basal,NMPR
BD_immune09_540941,aneuploid,Tumor_epithelial_basal,NMPR
BD_immune09_319300,aneuploid,Tumor_epithelial_basal,NMPR
BD_immune09_357764,aneuploid,Tumor_epithelial_basal,NMPR
BD_immune09_631408,aneuploid,Tumor_epithelial_basal,NMPR
BD_immune09_101861,aneuploid,Tumor_epithelial_basal,NMPR
BD_immune09_607248,aneuploid,Tumor_epithelial_basal,NMPR
BD_immune09_755094,aneuploid,Tumor_epithelial_basal,NMPR
BD_immune09_22981,aneuploid,Tumor_epithelial_basal,NMPR
BD_immune09_634931,aneuploid,Tumor_epithelial_basal,NMPR
BD_immune09_45327,aneuploid,Tumor_epithelial_basal,NMPR
BD_immune09_728599,aneuploid,Tumor_epithelial_basal,NMPR
BD_immune09_660218,aneuploid,Tumor_epithelial_basal,NMPR
BD_immune09_755728,aneuploid,Tumor_epithelial_basal,NMPR
BD_immune09_565638,aneuploid,Tumor_epithelial_basal,NMPR
BD_immune09_216569,aneuploid,Tumor_epithelial_basal,NMPR
BD_immune09_72335,aneuploid,Tumor_epithelial_basal,NMPR
BD_immune09_221676,aneuploid,Tumor_epithelial_basal,NMPR
BD_immune09_100469,aneuploid,Tumor_epithelial_basal,NMPR
BD_immune09_44201,aneuploid,Tumor_epithelial_basal,NMPR
BD_immune09_287449,aneuploid,Tumor_epithelial_basal,NMPR
BD_immune09_455581,aneuploid,Tumor_epithelial_basal,NMPR
BD_immune09_816895,aneuploid,Tumor_epithelial_basal,NMPR
BD_immune09_51513,aneuploid,Tumor_epithelial_basal,NMPR
BD_immune09_85302,aneuploid,Tumor_epithelial_basal,NMPR
BD_immune09_128140,aneuploid,Tumor_epithelial_basal,NMPR
BD_immune09_854377,aneuploid,Tumor_epithelial_basal,NMPR
BD_immune09_748967,aneuploid,Tumor_epithelial_basal,NMPR
BD_immune09_856137,diploid,Tumor_epithelial_basal,NMPR
BD_immune09_32672,diploid,Tumor_epithelial_basal,NMPR
BD_immune09_840205,diploid,Tumor_epithelial_basal,NMPR
BD_immune09_260,diploid,Tumor_epithelial_basal,NMPR
BD_immune09_359378,diploid,Tumor_epithelial_basal,NMPR
BD_immune09_687052,diploid,Tumor_epithelial_basal,NMPR
BD_immune09_537320,diploid,Tumor_epithelial_basal,NMPR
BD_immune09_455514,diploid,Tumor_epithelial_basal,NMPR
BD_immune09_119622,diploid,Tumor_epithelial_basal,NMPR
BD_immune09_214158,diploid,Tumor_epithelial_basal,NMPR
BD_immune09_467660,diploid,Tumor_epithelial_basal,NMPR
BD_immune09_532585,diploid,Tumor_epithelial_basal,NMPR
BD_immune09_348756,diploid,Tumor_epithelial_basal,NMPR
BD_immune09_398274,diploid,Tumor_epithelial_basal,NMPR
BD_immune09_345180,diploid,Tumor_epithelial_basal,NMPR
BD_immune09_401178,diploid,Tumor_epithelial_basal,NMPR
BD_immune09_50037,diploid,Tumor_epithelial_basal,NMPR
BD_immune09_766138,diploid,Tumor_epithelial_basal,NMPR
BD_immune09_802534,diploid,Tumor_epithelial_basal,NMPR
BD_immune09_67387,diploid,Tumor_epithelial_basal,NMPR
BD_immune09_711887,diploid,Tumor_epithelial_basal,NMPR
BD_immune09_56417,diploid,Tumor_epithelial_basal,NMPR
BD_immune09_779630,diploid,Tumor_epithelial_basal,NMPR
BD_immune09_608601,diploid,Tumor_epithelial_basal,NMPR
BD_immune09_11874,diploid,Tumor_epithelial_basal,NMPR
BD_immune09_543528,diploid,Tumor_epithelial_basal,NMPR
BD_immune09_137873,diploid,Tumor_epithelial_basal,NMPR
BD_immune09_158769,diploid,Tumor_epithelial_basal,NMPR
BD_immune09_496303,diploid,Tumor_epithelial_basal,NMPR
BD_immune09_574585,diploid,Tumor_epithelial_basal,NMPR
BD_immune09_223963,diploid,Tumor_epithelial_basal,NMPR
BD_immune09_355834,diploid,Tumor_epithelial_basal,NMPR
BD_immune09_352153,diploid,Tumor_epithelial_basal,NMPR
BD_immune09_830774,diploid,Tumor_epithelial_basal,NMPR
BD_immune09_342714,diploid,Tumor_epithelial_basal,NMPR
BD_immune09_801921,diploid,Tumor_epithelial_basal,NMPR
BD_immune09_354946,diploid,Tumor_epithelial_basal,NMPR
BD_immune09_301850,diploid,Tumor_epithelial_basal,NMPR
BD_immune09_720189,diploid,Tumor_epithelial_basal,NMPR
BD_immune09_719265,diploid,Tumor_epithelial_basal,NMPR
BD_immune09_756130,diploid,Tumor_epithelial_basal,NMPR
BD_immune09_461592,diploid,Tumor_epithelial_basal,NMPR
BD_immune09_723730,diploid,Tumor_epithelial_basal,NMPR
BD_immune09_637393,diploid,Tumor_epithelial_basal,NMPR
BD_immune09_660992,diploid,Tumor_epithelial_basal,NMPR
BD_immune09_273279,diploid,Tumor_epithelial_basal,NMPR
BD_immune09_613366,diploid,Tumor_epithelial_basal,NMPR
BD_immune09_780623,diploid,Tumor_epithelial_basal,NMPR
BD_immune09_484164,diploid,Tumor_epithelial_basal,NMPR
BD_immune09_726857,diploid,Tumor_epithelial_basal,NMPR
BD_immune09_224113,diploid,Tumor_epithelial_basal,NMPR
BD_immune09_119150,diploid,Tumor_epithelial_basal,NMPR
BD_immune09_229368,diploid,Tumor_epithelial_basal,NMPR
BD_immune09_603330,diploid,Tumor_epithelial_basal,NMPR
BD_immune09_20975,diploid,Tumor_epithelial_basal,NMPR
BD_immune09_341397,diploid,Tumor_epithelial_basal,NMPR
BD_immune09_68463,diploid,Tumor_epithelial_basal,NMPR
BD_immune09_97061,diploid,Tumor_epithelial_basal,NMPR
BD_immune10_599689,aneuploid,Tumor_epithelial_basal,NMPR
BD_immune10_455389,aneuploid,Tumor_epithelial_basal,NMPR
BD_immune10_9688,aneuploid,Tumor_epithelial_basal,NMPR
BD_immune10_701660,aneuploid,Tumor_epithelial_basal,NMPR
BD_immune10_420142,aneuploid,Tumor_epithelial_basal,NMPR
BD_immune10_375860,aneuploid,Tumor_epithelial_basal,NMPR
BD_immune10_94199,aneuploid,Tumor_epithelial_basal,NMPR
BD_immune10_522853,aneuploid,Tumor_epithelial_basal,NMPR
BD_immune10_467232,aneuploid,Tumor_epithelial_basal,NMPR
BD_immune10_298814,aneuploid,Tumor_epithelial_basal,NMPR
BD_immune10_493556,aneuploid,Tumor_epithelial_basal,NMPR
BD_immune10_850438,aneuploid,Tumor_epithelial_basal,NMPR
BD_immune10_749154,aneuploid,Tumor_epithelial_basal,NMPR
BD_immune10_121914,aneuploid,Tumor_epithelial_basal,NMPR
BD_immune10_269167,aneuploid,Tumor_epithelial_basal,NMPR
BD_immune10_645293,aneuploid,Tumor_epithelial_basal,NMPR
BD_immune10_75711,aneuploid,Tumor_epithelial_basal,NMPR
BD_immune10_480563,aneuploid,Tumor_epithelial_basal,NMPR
BD_immune10_576892,aneuploid,Tumor_epithelial_basal,NMPR
BD_immune10_270036,aneuploid,Tumor_epithelial_basal,NMPR
BD_immune10_824908,aneuploid,Tumor_epithelial_basal,NMPR
BD_immune10_436642,aneuploid,Tumor_epithelial_basal,NMPR
BD_immune10_660288,aneuploid,Tumor_epithelial_basal,NMPR
BD_immune10_288449,aneuploid,Tumor_epithelial_basal,NMPR
BD_immune10_144482,aneuploid,Tumor_epithelial_basal,NMPR
BD_immune10_564664,aneuploid,Tumor_epithelial_basal,NMPR
BD_immune10_404089,aneuploid,Tumor_epithelial_basal,NMPR
BD_immune10_132267,aneuploid,Tumor_epithelial_basal,NMPR
BD_immune10_45002,aneuploid,Tumor_epithelial_basal,NMPR
BD_immune10_703915,aneuploid,Tumor_epithelial_basal,NMPR
BD_immune10_687786,aneuploid,Tumor_epithelial_basal,NMPR
BD_immune10_607383,aneuploid,Tumor_epithelial_basal,NMPR
BD_immune10_416593,aneuploid,Tumor_epithelial_basal,NMPR
BD_immune10_590164,aneuploid,Tumor_epithelial_basal,NMPR
BD_immune10_452379,aneuploid,Tumor_epithelial_basal,NMPR
BD_immune10_54123,aneuploid,Tumor_epithelial_basal,NMPR
BD_immune10_69551,aneuploid,Tumor_epithelial_basal,NMPR
BD_immune10_352310,aneuploid,Tumor_epithelial_basal,NMPR
BD_immune10_280893,aneuploid,Tumor_epithelial_basal,NMPR
BD_immune10_113911,aneuploid,Tumor_epithelial_basal,NMPR
BD_immune10_596957,aneuploid,Tumor_epithelial_basal,NMPR
BD_immune10_364033,aneuploid,Tumor_epithelial_basal,NMPR
BD_immune10_821980,aneuploid,Tumor_epithelial_basal,NMPR
BD_immune10_430029,aneuploid,Tumor_epithelial_basal,NMPR
BD_immune10_880327,aneuploid,Tumor_epithelial_basal,NMPR
BD_immune10_218090,aneuploid,Tumor_epithelial_basal,NMPR
BD_immune10_558031,aneuploid,Tumor_epithelial_basal,NMPR
BD_immune10_391734,aneuploid,Tumor_epithelial_basal,NMPR
BD_immune10_873486,aneuploid,Tumor_epithelial_basal,NMPR
BD_immune10_824170,aneuploid,Tumor_epithelial_basal,NMPR
BD_immune10_128347,aneuploid,Tumor_epithelial_basal,NMPR
BD_immune10_539155,aneuploid,Tumor_epithelial_basal,NMPR
BD_immune10_135963,aneuploid,Tumor_epithelial_basal,NMPR
BD_immune10_172273,aneuploid,Tumor_epithelial_basal,NMPR
BD_immune10_641830,aneuploid,Tumor_epithelial_basal,NMPR
BD_immune10_515089,aneuploid,Tumor_epithelial_basal,NMPR
BD_immune10_54182,aneuploid,Tumor_epithelial_basal,NMPR
BD_immune10_227877,aneuploid,Tumor_epithelial_basal,NMPR
BD_immune10_761274,aneuploid,Tumor_epithelial_basal,NMPR
BD_immune10_399765,aneuploid,Tumor_epithelial_basal,NMPR
BD_immune10_256253,aneuploid,Tumor_epithelial_basal,NMPR
BD_immune10_428736,aneuploid,Tumor_epithelial_basal,NMPR
BD_immune10_562794,aneuploid,Tumor_epithelial_basal,NMPR
BD_immune10_474379,aneuploid,Tumor_epithelial_basal,NMPR
BD_immune10_839107,aneuploid,Tumor_epithelial_basal,NMPR
BD_immune10_271601,aneuploid,Tumor_epithelial_basal,NMPR
BD_immune10_163228,aneuploid,Tumor_epithelial_basal,NMPR
BD_immune10_324854,aneuploid,Tumor_epithelial_basal,NMPR
BD_immune10_300183,aneuploid,Tumor_epithelial_basal,NMPR
BD_immune10_380400,aneuploid,Tumor_epithelial_basal,NMPR
BD_immune10_787255,aneuploid,Tumor_epithelial_basal,NMPR
BD_immune10_845475,aneuploid,Tumor_epithelial_basal,NMPR
BD_immune10_26033,aneuploid,Tumor_epithelial_basal,NMPR
BD_immune10_398254,aneuploid,Tumor_epithelial_basal,NMPR
BD_immune10_745893,aneuploid,Tumor_epithelial_basal,NMPR
BD_immune10_518549,aneuploid,Tumor_epithelial_basal,NMPR
BD_immune10_854225,aneuploid,Tumor_epithelial_basal,NMPR
BD_immune10_833384,aneuploid,Tumor_epithelial_basal,NMPR
BD_immune10_863847,aneuploid,Tumor_epithelial_basal,NMPR
BD_immune10_480140,aneuploid,Tumor_epithelial_basal,NMPR
BD_immune10_398580,aneuploid,Tumor_epithelial_basal,NMPR
BD_immune10_793059,aneuploid,Tumor_epithelial_basal,NMPR
BD_immune10_98902,aneuploid,Tumor_epithelial_basal,NMPR
BD_immune10_25031,aneuploid,Tumor_epithelial_basal,NMPR
BD_immune10_720933,aneuploid,Tumor_epithelial_basal,NMPR
BD_immune10_472854,aneuploid,Tumor_epithelial_basal,NMPR
BD_immune10_97648,aneuploid,Tumor_epithelial_basal,NMPR
BD_immune10_247522,aneuploid,Tumor_epithelial_basal,NMPR
BD_immune10_377528,aneuploid,Tumor_epithelial_basal,NMPR
BD_immune10_331854,aneuploid,Tumor_epithelial_basal,NMPR
BD_immune10_799899,aneuploid,Tumor_epithelial_basal,NMPR
BD_immune10_737641,aneuploid,Tumor_epithelial_basal,NMPR
BD_immune10_490692,aneuploid,Tumor_epithelial_basal,NMPR
BD_immune10_516763,diploid,Tumor_epithelial_basal,NMPR
BD_immune10_21235,aneuploid,Tumor_epithelial_basal,NMPR
BD_immune10_105566,aneuploid,Tumor_epithelial_basal,NMPR
BD_immune10_708245,aneuploid,Tumor_epithelial_basal,NMPR
BD_immune10_529425,aneuploid,Tumor_epithelial_basal,NMPR
BD_immune10_145114,aneuploid,Tumor_epithelial_basal,NMPR
BD_immune10_460745,aneuploid,Tumor_epithelial_basal,NMPR
BD_immune10_545930,aneuploid,Tumor_epithelial_basal,NMPR
BD_immune10_401833,aneuploid,Tumor_epithelial_basal,NMPR
BD_immune10_531613,aneuploid,Tumor_epithelial_basal,NMPR
BD_immune10_251532,aneuploid,Tumor_epithelial_basal,NMPR
BD_immune10_788263,diploid,Tumor_epithelial_basal,NMPR
BD_immune10_290638,aneuploid,Tumor_epithelial_basal,NMPR
BD_immune10_806330,aneuploid,Tumor_epithelial_basal,NMPR
BD_immune10_574984,aneuploid,Tumor_epithelial_basal,NMPR
BD_immune10_634341,aneuploid,Tumor_epithelial_basal,NMPR
BD_immune10_375576,aneuploid,Tumor_epithelial_basal,NMPR
BD_immune10_814221,diploid,Tumor_epithelial_basal,NMPR
BD_immune10_872968,aneuploid,Tumor_epithelial_basal,NMPR
BD_immune10_833158,aneuploid,Tumor_epithelial_basal,NMPR
BD_immune10_470748,diploid,Tumor_epithelial_basal,NMPR
BD_immune10_503947,aneuploid,Tumor_epithelial_basal,NMPR
BD_immune10_605054,diploid,Tumor_epithelial_basal,NMPR
BD_immune10_174697,diploid,Tumor_epithelial_basal,NMPR
BD_immune10_719991,aneuploid,Tumor_epithelial_basal,NMPR
BD_immune10_249793,diploid,Tumor_epithelial_basal,NMPR
BD_immune10_399199,aneuploid,Tumor_epithelial_basal,NMPR
BD_immune10_781326,diploid,Tumor_epithelial_basal,NMPR
BD_immune10_553502,diploid,Tumor_epithelial_basal,NMPR
BD_immune10_840452,diploid,Tumor_epithelial_basal,NMPR
BD_immune10_469726,diploid,Tumor_epithelial_basal,NMPR
BD_immune10_27483,diploid,Tumor_epithelial_basal,NMPR
BD_immune10_876518,diploid,Tumor_epithelial_basal,NMPR
BD_immune10_471359,diploid,Tumor_epithelial_basal,NMPR
BD_immune10_782462,aneuploid,Tumor_epithelial_basal,NMPR
BD_immune10_6504,diploid,Tumor_epithelial_basal,NMPR
BD_immune10_549114,diploid,Tumor_epithelial_basal,NMPR
BD_immune10_50781,diploid,Tumor_epithelial_basal,NMPR
BD_immune10_514567,diploid,Tumor_epithelial_basal,NMPR
BD_immune10_569756,diploid,Tumor_epithelial_basal,NMPR
BD_immune10_648361,diploid,Tumor_epithelial_basal,NMPR
BD_immune10_845826,diploid,Tumor_epithelial_basal,NMPR
BD_immune10_511743,diploid,Tumor_epithelial_basal,NMPR
BD_immune10_544496,diploid,Tumor_epithelial_basal,NMPR
BD_immune10_722844,diploid,Tumor_epithelial_basal,NMPR
BD_immune10_861473,diploid,Tumor_epithelial_basal,NMPR
BD_immune10_490098,diploid,Tumor_epithelial_basal,NMPR
BD_immune10_87116,diploid,Tumor_epithelial_basal,NMPR
BD_immune10_822801,diploid,Tumor_epithelial_basal,NMPR
BD_immune10_803425,diploid,Tumor_epithelial_basal,NMPR
BD_immune10_778765,diploid,Tumor_epithelial_basal,NMPR
BD_immune10_245493,diploid,Tumor_epithelial_basal,NMPR
BD_immune10_161258,diploid,Tumor_epithelial_basal,NMPR
BD_immune10_880780,diploid,Tumor_epithelial_basal,NMPR
BD_immune10_220856,diploid,Tumor_epithelial_basal,NMPR
BD_immune10_28852,diploid,Tumor_epithelial_basal,NMPR
BD_immune10_729882,diploid,Tumor_epithelial_basal,NMPR
BD_immune10_815060,diploid,Tumor_epithelial_basal,NMPR
BD_immune10_284239,diploid,Tumor_epithelial_basal,NMPR
BD_immune10_831680,diploid,Tumor_epithelial_basal,NMPR
BD_immune10_412436,diploid,Tumor_epithelial_basal,NMPR
BD_immune10_74927,diploid,Tumor_epithelial_basal,NMPR
BD_immune10_855876,diploid,Tumor_epithelial_basal,NMPR
BD_immune10_556385,diploid,Tumor_epithelial_basal,NMPR
BD_immune10_51107,diploid,Tumor_epithelial_basal,NMPR
BD_immune10_306029,diploid,Tumor_epithelial_basal,NMPR
BD_immune10_154999,diploid,Tumor_epithelial_basal,NMPR
BD_immune10_841299,diploid,Tumor_epithelial_basal,NMPR
BD_immune10_11420,diploid,Tumor_epithelial_basal,NMPR
BD_immune10_563111,diploid,Tumor_epithelial_basal,NMPR
BD_immune10_354007,diploid,Tumor_epithelial_basal,NMPR
BD_immune10_163441,diploid,Tumor_epithelial_basal,NMPR
BD_immune10_129788,diploid,Tumor_epithelial_basal,NMPR
BD_immune10_274530,diploid,Tumor_epithelial_basal,NMPR
BD_immune10_279919,diploid,Tumor_epithelial_basal,NMPR
BD_immune10_369753,diploid,Tumor_epithelial_basal,NMPR
BD_immune10_40077,diploid,Tumor_epithelial_basal,NMPR
BD_immune10_246989,diploid,Tumor_epithelial_basal,NMPR
BD_immune10_609720,diploid,Tumor_epithelial_basal,NMPR
BD_immune10_851767,diploid,Tumor_epithelial_basal,NMPR
BD_immune10_38621,diploid,Tumor_epithelial_basal,NMPR
BD_immune10_596752,diploid,Tumor_epithelial_basal,NMPR
BD_immune10_743649,diploid,Tumor_epithelial_basal,NMPR
BD_immune10_544089,diploid,Tumor_epithelial_basal,NMPR
BD_immune10_712327,diploid,Tumor_epithelial_basal,NMPR
BD_immune10_390713,diploid,Tumor_epithelial_basal,NMPR
BD_immune10_183885,diploid,Tumor_epithelial_basal,NMPR
BD_immune10_595282,diploid,Tumor_epithelial_basal,NMPR
BD_immune10_354653,diploid,Tumor_epithelial_basal,NMPR
BD_immune10_376210,diploid,Tumor_epithelial_basal,NMPR
BD_immune10_80700,diploid,Tumor_epithelial_basal,NMPR
BD_immune10_36114,diploid,Tumor_epithelial_basal,NMPR
BD_immune10_745259,diploid,Tumor_epithelial_basal,NMPR
BD_immune10_247003,diploid,Tumor_epithelial_basal,NMPR
BD_immune10_218075,diploid,Tumor_epithelial_basal,NMPR
BD_immune10_231321,diploid,Tumor_epithelial_basal,NMPR
BD_immune10_39947,diploid,Tumor_epithelial_basal,NMPR
BD_immune10_379846,diploid,Tumor_epithelial_basal,NMPR
BD_immune10_69101,diploid,Tumor_epithelial_basal,NMPR
BD_immune10_510223,diploid,Tumor_epithelial_basal,NMPR
BD_immune10_453751,diploid,Tumor_epithelial_basal,NMPR
BD_immune10_808835,diploid,Tumor_epithelial_basal,NMPR
BD_immune10_685183,diploid,Tumor_epithelial_basal,NMPR
BD_immune10_541177,diploid,Tumor_epithelial_basal,NMPR
BD_immune10_856252,diploid,Tumor_epithelial_basal,NMPR
BD_immune10_535545,diploid,Tumor_epithelial_basal,NMPR
BD_immune10_192465,diploid,Tumor_epithelial_basal,NMPR
BD_immune10_741318,diploid,Tumor_epithelial_basal,NMPR
BD_immune10_551621,diploid,Tumor_epithelial_basal,NMPR
BD_immune10_482029,diploid,Tumor_epithelial_basal,NMPR
BD_immune10_544082,diploid,Tumor_epithelial_basal,NMPR
BD_immune10_746905,diploid,Tumor_epithelial_basal,NMPR
BD_immune10_275157,diploid,Tumor_epithelial_basal,NMPR
BD_immune10_629933,diploid,Tumor_epithelial_basal,NMPR
BD_immune10_316744,diploid,Tumor_epithelial_basal,NMPR
BD_immune10_174900,diploid,Tumor_epithelial_basal,NMPR
BD_immune10_56278,diploid,Tumor_epithelial_basal,NMPR
BD_immune10_698648,diploid,Tumor_epithelial_basal,NMPR
BD_immune10_197128,diploid,Tumor_epithelial_basal,NMPR
BD_immune10_630352,diploid,Tumor_epithelial_basal,NMPR
BD_immune10_66769,diploid,Tumor_epithelial_basal,NMPR
BD_immune10_441325,diploid,Tumor_epithelial_basal,NMPR
BD_immune10_14828,diploid,Tumor_epithelial_basal,NMPR
BD_immune10_3673,diploid,Tumor_epithelial_basal,NMPR
BD_immune10_597549,diploid,Tumor_epithelial_basal,NMPR
BD_immune10_678887,diploid,Tumor_epithelial_basal,NMPR
BD_immune10_107563,diploid,Tumor_epithelial_basal,NMPR
BD_immune10_204839,diploid,Tumor_epithelial_basal,NMPR
BD_immune10_459378,diploid,Tumor_epithelial_basal,NMPR
BD_immune10_195102,diploid,Tumor_epithelial_basal,NMPR
BD_immune10_493629,diploid,Tumor_epithelial_basal,NMPR
BD_immune10_369235,diploid,Tumor_epithelial_basal,NMPR
BD_immune10_554424,diploid,Tumor_epithelial_basal,NMPR
BD_immune10_215409,diploid,Tumor_epithelial_basal,NMPR
BD_immune10_483256,diploid,Tumor_epithelial_basal,NMPR
BD_immune10_533903,diploid,Tumor_epithelial_basal,NMPR
BD_immune10_529751,diploid,Tumor_epithelial_basal,NMPR
BD_immune10_701966,diploid,Tumor_epithelial_basal,NMPR
BD_immune10_870414,diploid,Tumor_epithelial_basal,NMPR
BD_immune10_165682,diploid,Tumor_epithelial_basal,NMPR
BD_immune10_353900,diploid,Tumor_epithelial_basal,NMPR
BD_immune10_208810,diploid,Tumor_epithelial_basal,NMPR
BD_immune10_775049,diploid,Tumor_epithelial_basal,NMPR
BD_immune10_274495,diploid,Tumor_epithelial_basal,NMPR
BD_immune10_68570,diploid,Tumor_epithelial_basal,NMPR
BD_immune10_180761,diploid,Tumor_epithelial_basal,NMPR
BD_immune10_388978,diploid,Tumor_epithelial_basal,NMPR
BD_immune10_857798,diploid,Tumor_epithelial_basal,NMPR
BD_immune10_745782,diploid,Tumor_epithelial_basal,NMPR
BD_immune10_268431,diploid,Tumor_epithelial_basal,NMPR
BD_immune10_586818,diploid,Tumor_epithelial_basal,NMPR
BD_immune10_583579,diploid,Tumor_epithelial_basal,NMPR
BD_immune10_748574,diploid,Tumor_epithelial_basal,NMPR
BD_immune10_305373,diploid,Tumor_epithelial_basal,NMPR
BD_immune10_251057,diploid,Tumor_epithelial_basal,NMPR
BD_immune10_436572,diploid,Tumor_epithelial_basal,NMPR
BD_immune10_692796,diploid,Tumor_epithelial_basal,NMPR
BD_immune10_336990,diploid,Tumor_epithelial_basal,NMPR
BD_immune10_560598,diploid,Tumor_epithelial_basal,NMPR
BD_immune10_118032,diploid,Tumor_epithelial_basal,NMPR
BD_immune10_119071,diploid,Tumor_epithelial_basal,NMPR
BD_immune10_398282,diploid,Tumor_epithelial_basal,NMPR
BD_immune10_11497,diploid,Tumor_epithelial_basal,NMPR
BD_immune10_770566,diploid,Tumor_epithelial_basal,NMPR
BD_immune10_852775,diploid,Tumor_epithelial_basal,NMPR
BD_immune10_234752,diploid,Tumor_epithelial_basal,NMPR
BD_immune10_60004,diploid,Tumor_epithelial_basal,NMPR
BD_immune10_592912,diploid,Tumor_epithelial_basal,NMPR
BD_immune10_240796,diploid,Tumor_epithelial_basal,NMPR
BD_immune10_170591,diploid,Tumor_epithelial_basal,NMPR
BD_immune10_27396,diploid,Tumor_epithelial_basal,NMPR
BD_immune10_165966,diploid,Tumor_epithelial_basal,NMPR
BD_immune10_131761,diploid,Tumor_epithelial_basal,NMPR
BD_immune10_816948,diploid,Tumor_epithelial_basal,NMPR
BD_immune11_78177,diploid,Ciliated_epithelial,MPR
BD_immune11_127184,diploid,Ciliated_epithelial,MPR
BD_immune11_465550,diploid,Ciliated_epithelial,MPR
BD_immune11_129854,diploid,Ciliated_epithelial,MPR
BD_immune11_655868,diploid,Ciliated_epithelial,MPR
BD_immune11_741571,diploid,Ciliated_epithelial,MPR
BD_immune11_594514,diploid,Ciliated_epithelial,MPR
BD_immune11_430145,diploid,Ciliated_epithelial,MPR
BD_immune11_714781,diploid,Ciliated_epithelial,MPR
BD_immune11_517070,diploid,Ciliated_epithelial,MPR
BD_immune11_435036,diploid,Ciliated_epithelial,MPR
BD_immune11_585794,diploid,Ciliated_epithelial,MPR
BD_immune11_387986,diploid,Ciliated_epithelial,MPR
BD_immune11_585313,diploid,Ciliated_epithelial,MPR
BD_immune11_851522,diploid,Ciliated_epithelial,MPR
BD_immune11_111584,diploid,Ciliated_epithelial,MPR
BD_immune11_728668,diploid,Ciliated_epithelial,MPR
BD_immune11_496681,diploid,Ciliated_epithelial,MPR
BD_immune11_769451,diploid,Ciliated_epithelial,MPR
BD_immune11_506169,diploid,Ciliated_epithelial,MPR
BD_immune11_376321,diploid,Ciliated_epithelial,MPR
BD_immune11_807506,diploid,Ciliated_epithelial,MPR
BD_immune11_709930,diploid,Ciliated_epithelial,MPR
BD_immune11_591231,diploid,Ciliated_epithelial,MPR
BD_immune11_324928,diploid,Ciliated_epithelial,MPR
BD_immune11_32838,diploid,Ciliated_epithelial,MPR
BD_immune11_591232,diploid,Ciliated_epithelial,MPR
BD_immune11_688050,diploid,Ciliated_epithelial,MPR
BD_immune11_456616,diploid,Ciliated_epithelial,MPR
BD_immune11_797208,diploid,Ciliated_epithelial,MPR
BD_immune11_524136,diploid,Ciliated_epithelial,MPR
BD_immune11_52398,diploid,Ciliated_epithelial,MPR
BD_immune11_636890,diploid,Ciliated_epithelial,MPR
BD_immune11_173014,diploid,Ciliated_epithelial,MPR
BD_immune11_38494,diploid,Ciliated_epithelial,MPR
BD_immune11_66903,diploid,Ciliated_epithelial,MPR
BD_immune11_104179,diploid,Ciliated_epithelial,MPR
BD_immune11_465297,diploid,Ciliated_epithelial,MPR
BD_immune11_675786,diploid,Ciliated_epithelial,MPR
BD_immune11_513452,diploid,Ciliated_epithelial,MPR
BD_immune11_150201,diploid,Ciliated_epithelial,MPR
BD_immune11_671271,diploid,Ciliated_epithelial,MPR
BD_immune11_448450,diploid,Ciliated_epithelial,MPR
BD_immune11_158447,diploid,Ciliated_epithelial,MPR
BD_immune11_358858,diploid,Ciliated_epithelial,MPR
BD_immune11_47918,diploid,Ciliated_epithelial,MPR
BD_immune11_436879,diploid,Ciliated_epithelial,MPR
BD_immune11_233240,diploid,Ciliated_epithelial,MPR
BD_immune11_174871,diploid,Ciliated_epithelial,MPR
BD_immune11_818712,diploid,Ciliated_epithelial,MPR
BD_immune11_665043,diploid,Ciliated_epithelial,MPR
BD_immune11_15235,diploid,Ciliated_epithelial,MPR
BD_immune11_382510,diploid,Ciliated_epithelial,MPR
BD_immune11_418392,diploid,Ciliated_epithelial,MPR
BD_immune11_95035,diploid,Ciliated_epithelial,MPR
BD_immune11_617113,diploid,Ciliated_epithelial,MPR
BD_immune11_112914,diploid,Ciliated_epithelial,MPR
BD_immune11_382703,diploid,Ciliated_epithelial,MPR
BD_immune11_728900,diploid,Ciliated_epithelial,MPR
BD_immune11_492361,diploid,Ciliated_epithelial,MPR
BD_immune11_635903,diploid,Ciliated_epithelial,MPR
BD_immune11_248087,diploid,Ciliated_epithelial,MPR
BD_immune11_839316,diploid,Ciliated_epithelial,MPR
BD_immune11_380435,diploid,Ciliated_epithelial,MPR
BD_immune11_582593,diploid,Ciliated_epithelial,MPR
BD_immune11_622608,diploid,Ciliated_epithelial,MPR
BD_immune11_498493,diploid,Ciliated_epithelial,MPR
BD_immune11_414783,diploid,Ciliated_epithelial,MPR
BD_immune11_65855,diploid,Ciliated_epithelial,MPR
BD_immune11_61982,diploid,Ciliated_epithelial,MPR
BD_immune11_882059,diploid,Ciliated_epithelial,MPR
BD_immune11_638589,diploid,Ciliated_epithelial,MPR
BD_immune11_1429,diploid,Ciliated_epithelial,MPR
BD_immune11_70104,diploid,Ciliated_epithelial,MPR
BD_immune11_41387,diploid,Ciliated_epithelial,MPR
BD_immune11_7131,diploid,Ciliated_epithelial,MPR
BD_immune11_877867,diploid,Ciliated_epithelial,MPR
BD_immune11_487890,diploid,Ciliated_epithelial,MPR
BD_immune11_354081,diploid,Ciliated_epithelial,MPR
BD_immune11_546898,diploid,Ciliated_epithelial,MPR
BD_immune11_419734,diploid,Ciliated_epithelial,MPR
BD_immune11_802374,diploid,Ciliated_epithelial,MPR
BD_immune11_88695,diploid,Ciliated_epithelial,MPR
BD_immune11_233804,diploid,Ciliated_epithelial,MPR
BD_immune11_2285,diploid,Ciliated_epithelial,MPR
BD_immune11_848730,diploid,Ciliated_epithelial,MPR
BD_immune11_402531,diploid,Ciliated_epithelial,MPR
BD_immune11_119670,diploid,Ciliated_epithelial,MPR
BD_immune11_90592,diploid,Ciliated_epithelial,MPR
BD_immune11_620021,diploid,Ciliated_epithelial,MPR
BD_immune11_116239,diploid,Ciliated_epithelial,MPR
BD_immune11_496667,diploid,Ciliated_epithelial,MPR
BD_immune11_172824,diploid,Ciliated_epithelial,MPR
BD_immune11_99323,diploid,Ciliated_epithelial,MPR
BD_immune11_241411,diploid,Ciliated_epithelial,MPR
BD_immune11_525212,diploid,Ciliated_epithelial,MPR
BD_immune11_863832,diploid,Ciliated_epithelial,MPR
BD_immune11_426386,diploid,Ciliated_epithelial,MPR
BD_immune11_871409,diploid,Ciliated_epithelial,MPR
BD_immune11_807795,diploid,Ciliated_epithelial,MPR
BD_immune11_355788,diploid,Ciliated_epithelial,MPR
BD_immune11_166152,diploid,Ciliated_epithelial,MPR
BD_immune11_301340,diploid,Ciliated_epithelial,MPR
BD_immune11_236910,diploid,Ciliated_epithelial,MPR
BD_immune11_342313,diploid,Ciliated_epithelial,MPR
BD_immune11_499164,diploid,Ciliated_epithelial,MPR
BD_immune11_142421,diploid,Ciliated_epithelial,MPR
BD_immune11_356021,diploid,Ciliated_epithelial,MPR
BD_immune11_755192,diploid,Ciliated_epithelial,MPR
BD_immune11_646441,diploid,Ciliated_epithelial,MPR
BD_immune11_706217,diploid,Ciliated_epithelial,MPR
BD_immune11_788399,diploid,Ciliated_epithelial,MPR
BD_immune11_398221,diploid,Ciliated_epithelial,MPR
BD_immune11_498670,diploid,Ciliated_epithelial,MPR
BD_immune11_844330,diploid,Ciliated_epithelial,MPR
BD_immune11_34209,diploid,Ciliated_epithelial,MPR
BD_immune11_89351,diploid,Ciliated_epithelial,MPR
BD_immune11_646451,diploid,Ciliated_epithelial,MPR
BD_immune11_233942,diploid,Ciliated_epithelial,MPR
BD_immune11_353334,diploid,Ciliated_epithelial,MPR
BD_immune11_721954,diploid,Ciliated_epithelial,MPR
BD_immune11_263208,diploid,Ciliated_epithelial,MPR
BD_immune11_874426,diploid,Ciliated_epithelial,MPR
BD_immune11_530325,diploid,Ciliated_epithelial,MPR
BD_immune11_156190,diploid,Ciliated_epithelial,MPR
BD_immune11_478753,diploid,Ciliated_epithelial,MPR
BD_immune11_857982,diploid,Ciliated_epithelial,MPR
BD_immune11_215452,diploid,Ciliated_epithelial,MPR
BD_immune11_463155,diploid,Ciliated_epithelial,MPR
BD_immune11_354113,diploid,Ciliated_epithelial,MPR
BD_immune11_570891,diploid,Ciliated_epithelial,MPR
BD_immune11_604003,diploid,Ciliated_epithelial,MPR
BD_immune11_565026,diploid,Ciliated_epithelial,MPR
BD_immune11_517833,diploid,Ciliated_epithelial,MPR
BD_immune11_79210,diploid,Ciliated_epithelial,MPR
BD_immune11_645010,diploid,Ciliated_epithelial,MPR
BD_immune11_138877,diploid,Ciliated_epithelial,MPR
BD_immune11_141938,diploid,Ciliated_epithelial,MPR
BD_immune11_191820,diploid,Ciliated_epithelial,MPR
BD_immune11_162836,diploid,Ciliated_epithelial,MPR
BD_immune11_73376,diploid,Ciliated_epithelial,MPR
BD_immune11_73348,diploid,Ciliated_epithelial,MPR
BD_immune11_514597,diploid,Ciliated_epithelial,MPR
BD_immune11_866065,diploid,Ciliated_epithelial,MPR
BD_immune11_256984,diploid,Ciliated_epithelial,MPR
BD_immune11_243467,diploid,Ciliated_epithelial,MPR
BD_immune11_767373,diploid,Ciliated_epithelial,MPR
BD_immune11_824510,diploid,Ciliated_epithelial,MPR
BD_immune11_797833,diploid,Ciliated_epithelial,MPR
BD_immune11_253222,diploid,Ciliated_epithelial,MPR
BD_immune11_730603,diploid,Ciliated_epithelial,MPR
BD_immune11_158309,diploid,Ciliated_epithelial,MPR
BD_immune11_494425,diploid,Ciliated_epithelial,MPR
BD_immune11_260569,diploid,Ciliated_epithelial,MPR
BD_immune11_165577,diploid,Ciliated_epithelial,MPR
BD_immune11_365453,diploid,Ciliated_epithelial,MPR
BD_immune11_11846,diploid,Ciliated_epithelial,MPR
BD_immune11_64475,diploid,Ciliated_epithelial,MPR
BD_immune11_37375,diploid,Ciliated_epithelial,MPR
BD_immune11_690629,diploid,Ciliated_epithelial,MPR
BD_immune11_53351,diploid,Ciliated_epithelial,MPR
BD_immune11_560386,diploid,Ciliated_epithelial,MPR
BD_immune11_477525,diploid,Ciliated_epithelial,MPR
BD_immune11_843037,diploid,Ciliated_epithelial,MPR
BD_immune11_385482,diploid,Ciliated_epithelial,MPR
BD_immune11_856686,diploid,Ciliated_epithelial,MPR
BD_immune11_408883,diploid,Ciliated_epithelial,MPR
BD_immune11_408225,diploid,Ciliated_epithelial,MPR
BD_immune11_137305,diploid,Ciliated_epithelial,MPR
BD_immune11_476332,diploid,Ciliated_epithelial,MPR
BD_immune11_234873,diploid,Ciliated_epithelial,MPR
BD_immune11_131460,diploid,Ciliated_epithelial,MPR
BD_immune11_820879,diploid,Ciliated_epithelial,MPR
BD_immune11_686119,diploid,Ciliated_epithelial,MPR
BD_immune11_230454,diploid,Ciliated_epithelial,MPR
BD_immune11_578189,diploid,Ciliated_epithelial,MPR
BD_immune11_551719,diploid,Ciliated_epithelial,MPR
BD_immune11_234230,diploid,Ciliated_epithelial,MPR
BD_immune11_388616,diploid,Ciliated_epithelial,MPR
BD_immune11_186194,diploid,Ciliated_epithelial,MPR
BD_immune11_708051,diploid,Ciliated_epithelial,MPR
BD_immune11_672030,diploid,Ciliated_epithelial,MPR
BD_immune11_125948,diploid,Ciliated_epithelial,MPR
BD_immune11_432245,diploid,Ciliated_epithelial,MPR
BD_immune11_197401,diploid,Ciliated_epithelial,MPR
BD_immune11_207187,diploid,Ciliated_epithelial,MPR
BD_immune11_647814,diploid,Ciliated_epithelial,MPR
BD_immune11_31730,diploid,Ciliated_epithelial,MPR
BD_immune11_759039,diploid,Ciliated_epithelial,MPR
BD_immune11_104504,diploid,Ciliated_epithelial,MPR
BD_immune11_19457,diploid,Ciliated_epithelial,MPR
BD_immune11_873872,diploid,Ciliated_epithelial,MPR
BD_immune11_382133,diploid,Ciliated_epithelial,MPR
BD_immune11_169117,diploid,Ciliated_epithelial,MPR
BD_immune11_535923,diploid,Ciliated_epithelial,MPR
BD_immune11_773863,diploid,Ciliated_epithelial,MPR
BD_immune11_657058,diploid,Ciliated_epithelial,MPR
BD_immune11_880965,diploid,Ciliated_epithelial,MPR
BD_immune11_347230,diploid,Ciliated_epithelial,MPR
BD_immune11_314738,diploid,Ciliated_epithelial,MPR
BD_immune11_851398,diploid,Ciliated_epithelial,MPR
BD_immune11_227739,diploid,Ciliated_epithelial,MPR
BD_immune11_773809,diploid,Ciliated_epithelial,MPR
BD_immune11_5678,diploid,Ciliated_epithelial,MPR
BD_immune12_347497,diploid,Ciliated_epithelial,NMPR
BD_immune12_770597,diploid,Ciliated_epithelial,NMPR
BD_immune12_435307,diploid,Ciliated_epithelial,NMPR
BD_immune12_794646,diploid,Ciliated_epithelial,NMPR
BD_immune12_487429,diploid,Ciliated_epithelial,NMPR
BD_immune12_373941,diploid,Ciliated_epithelial,NMPR
BD_immune12_241771,diploid,Ciliated_epithelial,NMPR
BD_immune12_432275,diploid,Ciliated_epithelial,NMPR
BD_immune12_707488,diploid,Ciliated_epithelial,NMPR
BD_immune12_772414,diploid,Ciliated_epithelial,NMPR
BD_immune12_605279,diploid,Ciliated_epithelial,NMPR
BD_immune12_809503,diploid,Ciliated_epithelial,NMPR
BD_immune12_345386,diploid,Ciliated_epithelial,NMPR
BD_immune12_115619,diploid,Ciliated_epithelial,NMPR
BD_immune12_87408,diploid,Ciliated_epithelial,NMPR
BD_immune12_474762,diploid,Ciliated_epithelial,NMPR
BD_immune12_161584,diploid,Ciliated_epithelial,NMPR
BD_immune12_65192,diploid,Ciliated_epithelial,NMPR
BD_immune12_700435,diploid,Ciliated_epithelial,NMPR
BD_immune12_136734,diploid,Ciliated_epithelial,NMPR
BD_immune12_883714,diploid,Ciliated_epithelial,NMPR
BD_immune12_508351,diploid,Ciliated_epithelial,NMPR
BD_immune12_485318,diploid,Ciliated_epithelial,NMPR
BD_immune12_255726,diploid,Ciliated_epithelial,NMPR
BD_immune12_472802,diploid,Ciliated_epithelial,NMPR
BD_immune12_602666,diploid,Ciliated_epithelial,NMPR
BD_immune12_332776,diploid,Ciliated_epithelial,NMPR
BD_immune12_672441,diploid,Ciliated_epithelial,NMPR
BD_immune12_184681,diploid,Ciliated_epithelial,NMPR
BD_immune12_142312,diploid,Ciliated_epithelial,NMPR
BD_immune12_576569,diploid,Ciliated_epithelial,NMPR
BD_immune12_104410,diploid,Ciliated_epithelial,NMPR
BD_immune12_517420,diploid,Ciliated_epithelial,NMPR
BD_immune12_443865,diploid,Ciliated_epithelial,NMPR
BD_immune12_688790,diploid,Ciliated_epithelial,NMPR
BD_immune12_856035,diploid,Ciliated_epithelial,NMPR
BD_immune12_161631,diploid,Ciliated_epithelial,NMPR
BD_immune12_567735,diploid,Ciliated_epithelial,NMPR
BD_immune12_214307,diploid,Ciliated_epithelial,NMPR
BD_immune12_652233,diploid,Ciliated_epithelial,NMPR
BD_immune12_24826,diploid,Ciliated_epithelial,NMPR
BD_immune12_206917,diploid,Ciliated_epithelial,NMPR
BD_immune12_267025,diploid,Ciliated_epithelial,NMPR
BD_immune12_430775,diploid,Ciliated_epithelial,NMPR
BD_immune12_444223,diploid,Ciliated_epithelial,NMPR
BD_immune12_374877,diploid,Ciliated_epithelial,NMPR
BD_immune12_146886,diploid,Ciliated_epithelial,NMPR
BD_immune12_564314,diploid,Ciliated_epithelial,NMPR
BD_immune13_39365,diploid,Ciliated_epithelial,NMPR
BD_immune13_114773,aneuploid,Tumor_epithelial_basal,NMPR
BD_immune14_647651,diploid,Ciliated_epithelial,MPR
BD_immune14_486333,diploid,Ciliated_epithelial,MPR
BD_immune14_425767,diploid,Ciliated_epithelial,MPR
BD_immune14_662536,diploid,Ciliated_epithelial,MPR
BD_immune14_653962,diploid,Ciliated_epithelial,MPR
BD_immune14_843297,diploid,Ciliated_epithelial,MPR
BD_immune14_799760,diploid,Ciliated_epithelial,MPR
BD_immune14_573048,diploid,Ciliated_epithelial,MPR
BD_immune14_540649,diploid,Ciliated_epithelial,MPR
BD_immune14_477134,diploid,Ciliated_epithelial,MPR
BD_immune14_68493,diploid,Ciliated_epithelial,MPR
BD_immune14_844765,diploid,Ciliated_epithelial,MPR
BD_immune14_828505,diploid,Ciliated_epithelial,MPR
BD_immune14_505664,diploid,Ciliated_epithelial,MPR
BD_immune14_411892,diploid,Ciliated_epithelial,MPR
BD_immune14_533330,diploid,Ciliated_epithelial,MPR
BD_immune14_874713,diploid,Ciliated_epithelial,MPR
BD_immune14_623031,diploid,Ciliated_epithelial,MPR
BD_immune14_532013,diploid,Ciliated_epithelial,MPR
BD_immune14_2495,diploid,Ciliated_epithelial,MPR
BD_immune14_206004,diploid,Ciliated_epithelial,MPR
BD_immune14_68312,diploid,Ciliated_epithelial,MPR
BD_immune14_42112,diploid,Ciliated_epithelial,MPR
BD_immune14_48989,diploid,Ciliated_epithelial,MPR
BD_immune14_312909,diploid,Ciliated_epithelial,MPR
BD_immune14_679768,diploid,Ciliated_epithelial,MPR
BD_immune14_182776,diploid,Ciliated_epithelial,MPR
BD_immune14_79961,diploid,Ciliated_epithelial,MPR
BD_immune14_375322,diploid,Ciliated_epithelial,MPR
BD_immune14_551142,diploid,Ciliated_epithelial,MPR
BD_immune14_781868,diploid,Ciliated_epithelial,MPR
BD_immune14_40314,diploid,Ciliated_epithelial,MPR
BD_immune14_522363,diploid,Ciliated_epithelial,MPR
BD_immune14_634157,diploid,Tumor_epithelial_basal,MPR
BD_immune14_711711,diploid,Ciliated_epithelial,MPR
BD_immune14_703899,diploid,Ciliated_epithelial,MPR
BD_immune14_240162,diploid,Ciliated_epithelial,MPR
BD_immune14_153489,diploid,Ciliated_epithelial,MPR
BD_immune14_787243,diploid,Ciliated_epithelial,MPR
BD_immune14_479440,diploid,Ciliated_epithelial,MPR
BD_immune14_141831,diploid,Ciliated_epithelial,MPR
BD_immune14_181950,diploid,Ciliated_epithelial,MPR
BD_immune14_385869,diploid,Ciliated_epithelial,MPR
BD_immune14_751788,diploid,Ciliated_epithelial,MPR
BD_immune14_882277,diploid,Ciliated_epithelial,MPR
BD_immune14_109363,diploid,Ciliated_epithelial,MPR
BD_immune14_778400,diploid,Ciliated_epithelial,MPR
BD_immune14_246806,diploid,Ciliated_epithelial,MPR
BD_immune14_266198,diploid,Ciliated_epithelial,MPR
BD_immune14_171750,diploid,Ciliated_epithelial,MPR
BD_immune14_364733,diploid,Ciliated_epithelial,MPR
BD_immune14_768991,diploid,Ciliated_epithelial,MPR
BD_immune14_338290,diploid,Ciliated_epithelial,MPR
BD_immune14_697684,diploid,Ciliated_epithelial,MPR
BD_immune14_296461,diploid,Ciliated_epithelial,MPR
BD_immune14_695818,diploid,Ciliated_epithelial,MPR
BD_immune14_625531,diploid,Ciliated_epithelial,MPR
BD_immune14_381194,diploid,Ciliated_epithelial,MPR
BD_immune14_454305,diploid,Ciliated_epithelial,MPR
BD_immune14_572827,diploid,Ciliated_epithelial,MPR
BD_immune14_431363,diploid,Ciliated_epithelial,MPR
BD_immune14_464089,diploid,Ciliated_epithelial,MPR
BD_immune14_563968,diploid,Ciliated_epithelial,MPR
BD_immune14_164388,diploid,Ciliated_epithelial,MPR
BD_immune14_78618,diploid,Ciliated_epithelial,MPR
BD_immune14_856109,diploid,Ciliated_epithelial,MPR
BD_immune14_777286,diploid,Ciliated_epithelial,MPR
BD_immune14_88178,diploid,Ciliated_epithelial,MPR
BD_immune14_72607,diploid,Ciliated_epithelial,MPR
BD_immune14_862325,diploid,Ciliated_epithelial,MPR
BD_immune14_601230,diploid,Ciliated_epithelial,MPR
BD_immune14_865742,diploid,Ciliated_epithelial,MPR
BD_immune14_306487,diploid,Ciliated_epithelial,MPR
BD_immune14_270629,diploid,Ciliated_epithelial,MPR
BD_immune14_97882,diploid,Ciliated_epithelial,MPR
BD_immune14_505733,diploid,Ciliated_epithelial,MPR
BD_immune14_225446,diploid,Ciliated_epithelial,MPR
BD_immune14_319390,diploid,Ciliated_epithelial,MPR
BD_immune14_294203,diploid,Ciliated_epithelial,MPR
BD_immune14_659950,diploid,Ciliated_epithelial,MPR
BD_immune14_560049,diploid,Ciliated_epithelial,MPR
BD_immune14_397636,diploid,Ciliated_epithelial,MPR
BD_immune14_680671,diploid,Ciliated_epithelial,MPR
BD_immune14_717151,diploid,Ciliated_epithelial,MPR
BD_immune14_170840,diploid,Ciliated_epithelial,MPR
BD_immune14_293819,diploid,Ciliated_epithelial,MPR
BD_immune14_205968,diploid,Ciliated_epithelial,MPR
BD_immune14_134165,diploid,Ciliated_epithelial,MPR
BD_immune14_408863,diploid,Ciliated_epithelial,MPR
BD_immune14_671606,diploid,Ciliated_epithelial,MPR
BD_immune14_784725,diploid,Ciliated_epithelial,MPR
BD_immune14_876157,diploid,Ciliated_epithelial,MPR
BD_immune14_838818,diploid,Ciliated_epithelial,MPR
BD_immune14_475703,diploid,Ciliated_epithelial,MPR
BD_immune14_553739,diploid,Ciliated_epithelial,MPR
BD_immune14_431395,diploid,Ciliated_epithelial,MPR
BD_immune14_590844,diploid,Ciliated_epithelial,MPR
BD_immune14_283944,diploid,Ciliated_epithelial,MPR
BD_immune14_851755,diploid,Ciliated_epithelial,MPR
BD_immune14_470913,diploid,Ciliated_epithelial,MPR
BD_immune14_635890,diploid,Ciliated_epithelial,MPR
BD_immune14_436957,diploid,Ciliated_epithelial,MPR
BD_immune14_223775,diploid,Ciliated_epithelial,MPR
BD_immune14_128126,diploid,Ciliated_epithelial,MPR
BD_immune14_281560,diploid,Ciliated_epithelial,MPR
BD_immune14_723492,diploid,Ciliated_epithelial,MPR
BD_immune14_504512,diploid,Ciliated_epithelial,MPR
BD_immune14_532178,diploid,Ciliated_epithelial,MPR
BD_immune14_395182,diploid,Ciliated_epithelial,MPR
BD_immune14_879190,diploid,Ciliated_epithelial,MPR
BD_immune14_829151,diploid,Ciliated_epithelial,MPR
BD_immune14_834822,diploid,Ciliated_epithelial,MPR
BD_immune14_853782,diploid,Ciliated_epithelial,MPR
BD_immune15_425901,diploid,Ciliated_epithelial,NMPR
BD_immune15_730534,diploid,Ciliated_epithelial,NMPR
BD_immune15_182945,diploid,Ciliated_epithelial,NMPR
BD_immune15_716454,diploid,Ciliated_epithelial,NMPR
BD_immune15_217527,diploid,Ciliated_epithelial,NMPR
BD_immune15_172422,diploid,Ciliated_epithelial,NMPR
BD_immune15_850540,diploid,Ciliated_epithelial,NMPR
BD_immune15_320639,diploid,Ciliated_epithelial,NMPR
BD_immune15_270336,diploid,Ciliated_epithelial,NMPR
BD_immune15_127864,diploid,Ciliated_epithelial,NMPR
BD_immune15_735723,diploid,Ciliated_epithelial,NMPR
BD_immune15_852140,diploid,Ciliated_epithelial,NMPR
BD_immune15_346445,diploid,Ciliated_epithelial,NMPR
BD_immune15_218558,diploid,Ciliated_epithelial,NMPR
BD_immune15_399664,diploid,Ciliated_epithelial,NMPR
BD_immune15_516665,diploid,Ciliated_epithelial,NMPR
BD_immune15_139372,diploid,Ciliated_epithelial,NMPR
BD_immune15_864594,diploid,Ciliated_epithelial,NMPR
BD_immune15_651368,diploid,Ciliated_epithelial,NMPR
BD_immune15_6748,diploid,Ciliated_epithelial,NMPR
BD_immune15_752216,diploid,Ciliated_epithelial,NMPR
BD_immune15_3758,diploid,Ciliated_epithelial,NMPR
BD_immune15_247072,diploid,Ciliated_epithelial,NMPR
BD_immune15_430040,diploid,Ciliated_epithelial,NMPR
BD_immune15_28900,diploid,Ciliated_epithelial,NMPR
BD_immune15_305040,diploid,Ciliated_epithelial,NMPR
BD_immune15_182005,diploid,Ciliated_epithelial,NMPR
BD_immune15_430052,diploid,Ciliated_epithelial,NMPR
BD_immune15_762511,diploid,Ciliated_epithelial,NMPR
BD_immune15_297523,diploid,Ciliated_epithelial,NMPR
BD_immune15_482173,diploid,Ciliated_epithelial,NMPR
BD_immune15_451356,diploid,Ciliated_epithelial,NMPR
BD_immune15_172808,diploid,Ciliated_epithelial,NMPR
BD_immune15_681879,diploid,Ciliated_epithelial,NMPR
BD_immune15_330399,diploid,Ciliated_epithelial,NMPR
BD_immune15_9343,diploid,Ciliated_epithelial,NMPR
BD_immune15_44632,diploid,Ciliated_epithelial,NMPR
BD_immune15_49470,diploid,Ciliated_epithelial,NMPR
BD_immune15_490799,diploid,Ciliated_epithelial,NMPR
BD_immune15_296500,diploid,Ciliated_epithelial,NMPR
BD_immune15_303995,diploid,Ciliated_epithelial,NMPR
BD_immune15_756421,diploid,Ciliated_epithelial,NMPR
BD_immune15_478215,diploid,Ciliated_epithelial,NMPR
BD_immune15_234861,diploid,Ciliated_epithelial,NMPR
BD_immune15_279133,diploid,Ciliated_epithelial,NMPR
BD_immune15_819301,diploid,Ciliated_epithelial,NMPR
BD_immune15_262976,diploid,Ciliated_epithelial,NMPR
BD_immune15_625255,diploid,Ciliated_epithelial,NMPR
BD_immune15_522632,diploid,Ciliated_epithelial,NMPR
BD_immune15_454574,diploid,Ciliated_epithelial,NMPR
BD_immune15_771423,diploid,Ciliated_epithelial,NMPR
BD_immune15_391053,diploid,Ciliated_epithelial,NMPR
BD_immune15_743970,diploid,Ciliated_epithelial,NMPR
BD_immune15_334078,diploid,Ciliated_epithelial,NMPR
BD_immune15_173039,diploid,Ciliated_epithelial,NMPR
BD_immune15_53101,diploid,Ciliated_epithelial,NMPR
BD_immune15_25994,diploid,Ciliated_epithelial,NMPR
BD_immune15_703199,diploid,Ciliated_epithelial,NMPR
BD_immune15_161844,diploid,Ciliated_epithelial,NMPR
BD_immune15_817148,diploid,Ciliated_epithelial,NMPR
BD_immune15_226074,diploid,Ciliated_epithelial,NMPR
BD_immune15_89246,diploid,Ciliated_epithelial,NMPR
BD_immune15_254973,diploid,Ciliated_epithelial,NMPR
BD_immune15_611385,diploid,Ciliated_epithelial,NMPR
BD_immune15_443175,diploid,Ciliated_epithelial,NMPR
BD_immune15_476018,diploid,Ciliated_epithelial,NMPR
BD_immune15_307971,diploid,Ciliated_epithelial,NMPR
BD_immune15_316730,diploid,Ciliated_epithelial,NMPR
BD_immune15_808896,diploid,Ciliated_epithelial,NMPR
BD_immune15_3089,diploid,Tumor_epithelial_basal,NMPR
BD_immune15_340292,diploid,Ciliated_epithelial,NMPR
BD_immune15_63122,diploid,Ciliated_epithelial,NMPR
BD_immune15_250693,diploid,Ciliated_epithelial,NMPR
BD_immune15_590202,diploid,Ciliated_epithelial,NMPR
BD_immune15_150783,diploid,Ciliated_epithelial,NMPR
BD_immune15_101810,diploid,Ciliated_epithelial,NMPR
BD_immune15_636560,diploid,Ciliated_epithelial,NMPR
BD_immune15_412134,diploid,Ciliated_epithelial,NMPR
BD_immune15_476680,diploid,Ciliated_epithelial,NMPR
BD_immune15_396367,diploid,Ciliated_epithelial,NMPR
BD_immune15_333227,diploid,Ciliated_epithelial,NMPR
BD_immune15_692880,diploid,Ciliated_epithelial,NMPR
BD_immune15_527333,diploid,Ciliated_epithelial,NMPR
BD_immune15_320223,diploid,Ciliated_epithelial,NMPR
BD_immune15_9475,diploid,Ciliated_epithelial,NMPR
BD_immune15_450924,diploid,Ciliated_epithelial,NMPR
BD_immune15_184518,diploid,Ciliated_epithelial,NMPR
BD_immune15_882196,diploid,Ciliated_epithelial,NMPR
BD_immune15_269107,diploid,Ciliated_epithelial,NMPR
BD_immune15_171646,diploid,Ciliated_epithelial,NMPR
BD_immune15_3982,diploid,Ciliated_epithelial,NMPR
BD_immune15_78112,diploid,Ciliated_epithelial,NMPR
BD_immune15_221847,diploid,Ciliated_epithelial,NMPR
BD_immune15_117369,diploid,Ciliated_epithelial,NMPR
BD_immune15_737463,diploid,Ciliated_epithelial,NMPR
BD_immune15_396037,diploid,Ciliated_epithelial,NMPR
BD_immune15_761832,diploid,Ciliated_epithelial,NMPR
BD_immune15_595178,diploid,Ciliated_epithelial,NMPR
BD_immune15_394517,diploid,Ciliated_epithelial,NMPR
BD_immune15_248262,diploid,Ciliated_epithelial,NMPR
BD_immune15_639533,diploid,Ciliated_epithelial,NMPR
BD_immune15_63173,diploid,Ciliated_epithelial,NMPR
BD_immune15_366755,diploid,Ciliated_epithelial,NMPR
BD_immune15_178914,diploid,Ciliated_epithelial,NMPR
BD_immune15_612147,diploid,Ciliated_epithelial,NMPR
BD_immune15_834727,diploid,Ciliated_epithelial,NMPR
BD_immune15_572535,diploid,Ciliated_epithelial,NMPR
BD_immune15_875093,diploid,Ciliated_epithelial,NMPR
BD_immune15_654577,diploid,Ciliated_epithelial,NMPR
BD_immune15_503793,diploid,Ciliated_epithelial,NMPR
BD_immune15_256682,diploid,Ciliated_epithelial,NMPR
BD_immune15_138701,diploid,Ciliated_epithelial,NMPR
BD_immune15_31435,diploid,Ciliated_epithelial,NMPR
BD_immune15_637030,diploid,Ciliated_epithelial,NMPR
BD_immune15_19962,diploid,Ciliated_epithelial,NMPR
BD_immune15_206837,diploid,Ciliated_epithelial,NMPR
BD_immune15_528297,diploid,Ciliated_epithelial,NMPR
BD_immune15_529438,diploid,Ciliated_epithelial,NMPR
BD_immune15_646895,diploid,Ciliated_epithelial,NMPR
BD_immune15_50158,diploid,Ciliated_epithelial,NMPR
BD_immune15_603233,diploid,Ciliated_epithelial,NMPR
BD_immune15_541606,diploid,Ciliated_epithelial,NMPR
BD_immune15_645599,diploid,Ciliated_epithelial,NMPR
BD_immune15_429657,diploid,Ciliated_epithelial,NMPR
BD_immune15_334962,diploid,Ciliated_epithelial,NMPR
BD_immune15_228416,diploid,Ciliated_epithelial,NMPR
BD_immune15_478884,diploid,Ciliated_epithelial,NMPR
BD_immune15_325615,diploid,Ciliated_epithelial,NMPR
BD_immune15_825730,diploid,Ciliated_epithelial,NMPR
BD_immune15_870703,diploid,Ciliated_epithelial,NMPR
BD_immune15_426255,diploid,Ciliated_epithelial,NMPR
BD_immune15_619364,diploid,Ciliated_epithelial,NMPR
BD_immune15_727488,diploid,Ciliated_epithelial,NMPR
BD_immune15_620803,diploid,Ciliated_epithelial,NMPR
BD_immune15_413230,diploid,Ciliated_epithelial,NMPR
BD_immune15_205747,diploid,Ciliated_epithelial,NMPR
BD_immune15_252746,diploid,Ciliated_epithelial,NMPR
BD_immune15_681904,diploid,Ciliated_epithelial,NMPR
BD_immune15_123040,diploid,Ciliated_epithelial,NMPR
BD_immune15_296485,diploid,Ciliated_epithelial,NMPR
BD_immune15_484620,diploid,Ciliated_epithelial,NMPR
BD_immune15_374255,diploid,Ciliated_epithelial,NMPR
BD_immune15_493727,diploid,Ciliated_epithelial,NMPR
BD_immune15_456821,diploid,Ciliated_epithelial,NMPR
BD_immune15_399033,diploid,Ciliated_epithelial,NMPR
BD_immune15_722389,diploid,Ciliated_epithelial,NMPR
BD_immune07_606068,diploid,Tumor_epithelial_basal,NMPR
BD_immune07_161846,diploid,Tumor_epithelial_basal,NMPR
BD_immune07_222789,diploid,Tumor_epithelial_basal,NMPR
BD_immune05_651720,diploid,Tumor_epithelial_basal,NMPR
BD_immune09_34983,aneuploid,Tumor_epithelial_basal,NMPR
BD_immune09_6732,aneuploid,Tumor_epithelial_basal,NMPR
BD_immune09_311353,aneuploid,Tumor_epithelial_basal,NMPR
BD_immune07_848115,diploid,Tumor_epithelial_basal,NMPR
BD_immune11_594190,diploid,Ciliated_epithelial,MPR
BD_immune11_637603,diploid,Ciliated_epithelial,MPR
BD_immune02_335965,not.defined,Ciliated_epithelial,NMPR
BD_immune03_523985,not.defined,Tumor_epithelial_basal,MPR
BD_immune03_646720,not.defined,Tumor_epithelial_basal,MPR
BD_immune03_818447,not.defined,Tumor_epithelial_basal,MPR
BD_immune03_23422,not.defined,Tumor_epithelial_basal,MPR
BD_immune03_5768,not.defined,Tumor_epithelial_basal,MPR
BD_immune03_297659,not.defined,Tumor_epithelial_basal,MPR
BD_immune03_778181,not.defined,Tumor_epithelial_basal,MPR
BD_immune03_302402,not.defined,Tumor_epithelial_basal,MPR
BD_immune03_460617,not.defined,Tumor_epithelial_basal,MPR
BD_immune03_822666,not.defined,Tumor_epithelial_basal,MPR
BD_immune03_114453,not.defined,Tumor_epithelial_basal,MPR
BD_immune03_487664,not.defined,Tumor_epithelial_basal,MPR
BD_immune03_511216,not.defined,Tumor_epithelial_basal,MPR
BD_immune03_372269,not.defined,Tumor_epithelial_basal,MPR
BD_immune03_542493,not.defined,Tumor_epithelial_basal,MPR
BD_immune03_188103,not.defined,Tumor_epithelial_basal,MPR
BD_immune03_759567,not.defined,Tumor_epithelial_basal,MPR
BD_immune03_559413,not.defined,Tumor_epithelial_basal,MPR
BD_immune03_830705,not.defined,Tumor_epithelial_basal,MPR
BD_immune03_481078,not.defined,Tumor_epithelial_basal,MPR
BD_immune03_217762,not.defined,Tumor_epithelial_basal,MPR
BD_immune03_121224,not.defined,Tumor_epithelial_basal,MPR
BD_immune03_701859,not.defined,Tumor_epithelial_basal,MPR
BD_immune03_597244,not.defined,Tumor_epithelial_basal,MPR
BD_immune03_218294,not.defined,Tumor_epithelial_basal,MPR
BD_immune03_727244,not.defined,Tumor_epithelial_basal,MPR
BD_immune03_613399,not.defined,Tumor_epithelial_basal,MPR
BD_immune03_357644,not.defined,Tumor_epithelial_basal,MPR
BD_immune03_208158,not.defined,Tumor_epithelial_basal,MPR
BD_immune03_516903,not.defined,Tumor_epithelial_basal,MPR
BD_immune03_83746,not.defined,Tumor_epithelial_basal,MPR
BD_immune03_850555,not.defined,Tumor_epithelial_basal,MPR
BD_immune03_69073,not.defined,Tumor_epithelial_basal,MPR
BD_immune03_392731,not.defined,Tumor_epithelial_basal,MPR
BD_immune03_317989,not.defined,Tumor_epithelial_basal,MPR
BD_immune03_283923,not.defined,Tumor_epithelial_basal,MPR
BD_immune03_717422,not.defined,Tumor_epithelial_basal,MPR
BD_immune03_849854,not.defined,Tumor_epithelial_basal,MPR
BD_immune03_440973,not.defined,Tumor_epithelial_basal,MPR
BD_immune03_798039,not.defined,Tumor_epithelial_basal,MPR
BD_immune03_388977,not.defined,Tumor_epithelial_basal,MPR
BD_immune03_313720,not.defined,Tumor_epithelial_basal,MPR
BD_immune03_354368,not.defined,Tumor_epithelial_basal,MPR
BD_immune03_402535,not.defined,Tumor_epithelial_basal,MPR
BD_immune03_232657,not.defined,Tumor_epithelial_basal,MPR
BD_immune03_751912,not.defined,Tumor_epithelial_basal,MPR
BD_immune03_187437,not.defined,Tumor_epithelial_basal,MPR
BD_immune03_414773,not.defined,Tumor_epithelial_basal,MPR
BD_immune03_692650,not.defined,Tumor_epithelial_basal,MPR
BD_immune03_49877,not.defined,Tumor_epithelial_basal,MPR
BD_immune03_188964,not.defined,Tumor_epithelial_basal,MPR
BD_immune03_210691,not.defined,Tumor_epithelial_basal,MPR
BD_immune03_61413,not.defined,Tumor_epithelial_basal,MPR
BD_immune03_140120,not.defined,Tumor_epithelial_basal,MPR
BD_immune03_662179,not.defined,Tumor_epithelial_basal,MPR
BD_immune03_360360,not.defined,Tumor_epithelial_basal,MPR
BD_immune03_102353,not.defined,Tumor_epithelial_basal,MPR
BD_immune03_30472,not.defined,Tumor_epithelial_basal,MPR
BD_immune03_156791,not.defined,Tumor_epithelial_basal,MPR
BD_immune03_629781,not.defined,Tumor_epithelial_basal,MPR
BD_immune03_406157,not.defined,Tumor_epithelial_basal,MPR
BD_immune03_753882,not.defined,Tumor_epithelial_basal,MPR
BD_immune03_186961,not.defined,Tumor_epithelial_basal,MPR
BD_immune03_375879,not.defined,Tumor_epithelial_basal,MPR
BD_immune03_829276,not.defined,Tumor_epithelial_basal,MPR
BD_immune03_777311,not.defined,Tumor_epithelial_basal,MPR
BD_immune03_371789,not.defined,Tumor_epithelial_basal,MPR
BD_immune03_6672,not.defined,Tumor_epithelial_basal,MPR
BD_immune03_198348,not.defined,Tumor_epithelial_basal,MPR
BD_immune03_375649,not.defined,Tumor_epithelial_basal,MPR
BD_immune03_645938,not.defined,Tumor_epithelial_basal,MPR
BD_immune03_649301,not.defined,Tumor_epithelial_basal,MPR
BD_immune03_296245,not.defined,Tumor_epithelial_basal,MPR
BD_immune03_545775,not.defined,Tumor_epithelial_basal,MPR
BD_immune03_877161,not.defined,Tumor_epithelial_basal,MPR
BD_immune03_75060,not.defined,Tumor_epithelial_basal,MPR
BD_immune03_179064,not.defined,Tumor_epithelial_basal,MPR
BD_immune03_589013,not.defined,Tumor_epithelial_basal,MPR
BD_immune03_249721,not.defined,Tumor_epithelial_basal,MPR
BD_immune03_91091,not.defined,Tumor_epithelial_basal,MPR
BD_immune03_750624,not.defined,Tumor_epithelial_basal,MPR
BD_immune03_24158,not.defined,Tumor_epithelial_basal,MPR
BD_immune03_839659,not.defined,Tumor_epithelial_basal,MPR
BD_immune03_484355,not.defined,Tumor_epithelial_basal,MPR
BD_immune03_852802,not.defined,Tumor_epithelial_basal,MPR
BD_immune03_334693,not.defined,Tumor_epithelial_basal,MPR
BD_immune03_711196,not.defined,Tumor_epithelial_basal,MPR
BD_immune03_39071,not.defined,Tumor_epithelial_basal,MPR
BD_immune03_689163,not.defined,Tumor_epithelial_basal,MPR
BD_immune03_858951,not.defined,Tumor_epithelial_basal,MPR
BD_immune03_563501,not.defined,Tumor_epithelial_basal,MPR
BD_immune03_362217,not.defined,Tumor_epithelial_basal,MPR
BD_immune03_164957,not.defined,Tumor_epithelial_basal,MPR
BD_immune03_607292,not.defined,Tumor_epithelial_basal,MPR
BD_immune03_625958,not.defined,Tumor_epithelial_basal,MPR
BD_immune03_637571,not.defined,Tumor_epithelial_basal,MPR
BD_immune03_211525,not.defined,Tumor_epithelial_basal,MPR
BD_immune03_683237,not.defined,Tumor_epithelial_basal,MPR
BD_immune03_795383,not.defined,Tumor_epithelial_basal,MPR
BD_immune03_277733,not.defined,Tumor_epithelial_basal,MPR
BD_immune03_171159,not.defined,Tumor_epithelial_basal,MPR
BD_immune03_96643,not.defined,Tumor_epithelial_basal,MPR
BD_immune03_114479,not.defined,Tumor_epithelial_basal,MPR
BD_immune03_212180,not.defined,Tumor_epithelial_basal,MPR
BD_immune03_574934,not.defined,Tumor_epithelial_basal,MPR
BD_immune03_86135,not.defined,Tumor_epithelial_basal,MPR
BD_immune03_11950,not.defined,Tumor_epithelial_basal,MPR
BD_immune03_80903,not.defined,Tumor_epithelial_basal,MPR
BD_immune03_417863,not.defined,Tumor_epithelial_basal,MPR
BD_immune03_339662,not.defined,Tumor_epithelial_basal,MPR
BD_immune03_16347,not.defined,Tumor_epithelial_basal,MPR
BD_immune03_377972,not.defined,Tumor_epithelial_basal,MPR
BD_immune03_465970,not.defined,Tumor_epithelial_basal,MPR
BD_immune03_80679,not.defined,Tumor_epithelial_basal,MPR
BD_immune03_449131,not.defined,Tumor_epithelial_basal,MPR
BD_immune03_508122,not.defined,Tumor_epithelial_basal,MPR
BD_immune03_42689,not.defined,Tumor_epithelial_basal,MPR
BD_immune03_856372,not.defined,Tumor_epithelial_basal,MPR
BD_immune03_16108,not.defined,Tumor_epithelial_basal,MPR
BD_immune03_867748,not.defined,Tumor_epithelial_basal,MPR
BD_immune03_509911,not.defined,Tumor_epithelial_basal,MPR
BD_immune03_321833,not.defined,Tumor_epithelial_basal,MPR
BD_immune03_831970,not.defined,Tumor_epithelial_basal,MPR
BD_immune03_208095,not.defined,Tumor_epithelial_basal,MPR
BD_immune03_873689,not.defined,Tumor_epithelial_basal,MPR
BD_immune03_157152,not.defined,Tumor_epithelial_basal,MPR
BD_immune03_609855,not.defined,Tumor_epithelial_basal,MPR
BD_immune03_372819,not.defined,Tumor_epithelial_basal,MPR
BD_immune03_380593,not.defined,Tumor_epithelial_basal,MPR
BD_immune03_759341,not.defined,Tumor_epithelial_basal,MPR
BD_immune03_865994,not.defined,Tumor_epithelial_basal,MPR
BD_immune03_357260,not.defined,Tumor_epithelial_basal,MPR
BD_immune03_454248,not.defined,Tumor_epithelial_basal,MPR
BD_immune03_792727,not.defined,Tumor_epithelial_basal,MPR
BD_immune03_660199,not.defined,Tumor_epithelial_basal,MPR
BD_immune03_706956,not.defined,Tumor_epithelial_basal,MPR
BD_immune03_204732,not.defined,Tumor_epithelial_basal,MPR
BD_immune03_515038,not.defined,Tumor_epithelial_basal,MPR
BD_immune03_16256,not.defined,Tumor_epithelial_basal,MPR
BD_immune03_88133,not.defined,Tumor_epithelial_basal,MPR
BD_immune03_755387,not.defined,Tumor_epithelial_basal,MPR
BD_immune03_747079,not.defined,Tumor_epithelial_basal,MPR
BD_immune03_438920,not.defined,Tumor_epithelial_basal,MPR
BD_immune03_658856,not.defined,Tumor_epithelial_basal,MPR
BD_immune03_312225,not.defined,Tumor_epithelial_basal,MPR
BD_immune03_649410,not.defined,Tumor_epithelial_basal,MPR
BD_immune03_107263,not.defined,Tumor_epithelial_basal,MPR
BD_immune03_615952,not.defined,Tumor_epithelial_basal,MPR
BD_immune03_75305,not.defined,Tumor_epithelial_basal,MPR
BD_immune03_201473,not.defined,Tumor_epithelial_basal,MPR
BD_immune03_723368,not.defined,Tumor_epithelial_basal,MPR
BD_immune03_413677,not.defined,Tumor_epithelial_basal,MPR
BD_immune03_723420,not.defined,Tumor_epithelial_basal,MPR
BD_immune03_225945,not.defined,Tumor_epithelial_basal,MPR
BD_immune03_389177,not.defined,Tumor_epithelial_basal,MPR
BD_immune03_424712,not.defined,Tumor_epithelial_basal,MPR
BD_immune03_668261,not.defined,Tumor_epithelial_basal,MPR
BD_immune03_768552,not.defined,Tumor_epithelial_basal,MPR
BD_immune03_189057,not.defined,Tumor_epithelial_basal,MPR
BD_immune03_275643,not.defined,Tumor_epithelial_basal,MPR
BD_immune03_432218,not.defined,Tumor_epithelial_basal,MPR
BD_immune03_298581,not.defined,Tumor_epithelial_basal,MPR
BD_immune03_519566,not.defined,Tumor_epithelial_basal,MPR
BD_immune03_297521,not.defined,Tumor_epithelial_basal,MPR
BD_immune03_47441,not.defined,Tumor_epithelial_basal,MPR
BD_immune03_700190,not.defined,Tumor_epithelial_basal,MPR
BD_immune03_27828,not.defined,Tumor_epithelial_basal,MPR
BD_immune03_801339,not.defined,Tumor_epithelial_basal,MPR
BD_immune03_291202,not.defined,Tumor_epithelial_basal,MPR
BD_immune03_828357,not.defined,Tumor_epithelial_basal,MPR
BD_immune03_466327,not.defined,Tumor_epithelial_basal,MPR
BD_immune03_283492,not.defined,Tumor_epithelial_basal,MPR
BD_immune03_865635,not.defined,Tumor_epithelial_basal,MPR
BD_immune03_424586,not.defined,Tumor_epithelial_basal,MPR
BD_immune03_652158,not.defined,Tumor_epithelial_basal,MPR
BD_immune03_94744,not.defined,Tumor_epithelial_basal,MPR
BD_immune03_356256,not.defined,Tumor_epithelial_basal,MPR
BD_immune03_110391,not.defined,Tumor_epithelial_basal,MPR
BD_immune03_276619,not.defined,Tumor_epithelial_basal,MPR
BD_immune03_6532,not.defined,Tumor_epithelial_basal,MPR
BD_immune03_817167,not.defined,Tumor_epithelial_basal,MPR
BD_immune03_398053,not.defined,Tumor_epithelial_basal,MPR
BD_immune03_504193,not.defined,Tumor_epithelial_basal,MPR
BD_immune03_94030,not.defined,Tumor_epithelial_basal,MPR
BD_immune03_728101,not.defined,Tumor_epithelial_basal,MPR
BD_immune03_553522,not.defined,Tumor_epithelial_basal,MPR
BD_immune03_122518,not.defined,Tumor_epithelial_basal,MPR
BD_immune03_825766,not.defined,Tumor_epithelial_basal,MPR
BD_immune03_81833,not.defined,Tumor_epithelial_basal,MPR
BD_immune03_52368,not.defined,Tumor_epithelial_basal,MPR
BD_immune03_430884,not.defined,Tumor_epithelial_basal,MPR
BD_immune03_381794,not.defined,Tumor_epithelial_basal,MPR
BD_immune03_172645,not.defined,Tumor_epithelial_basal,MPR
BD_immune03_188858,not.defined,Tumor_epithelial_basal,MPR
BD_immune03_872564,not.defined,Tumor_epithelial_basal,MPR
BD_immune03_787011,not.defined,Tumor_epithelial_basal,MPR
BD_immune03_516551,not.defined,Tumor_epithelial_basal,MPR
BD_immune03_237013,not.defined,Tumor_epithelial_basal,MPR
BD_immune03_840296,not.defined,Tumor_epithelial_basal,MPR
BD_immune03_396994,not.defined,Tumor_epithelial_basal,MPR
BD_immune03_43021,not.defined,Tumor_epithelial_basal,MPR
BD_immune03_157835,not.defined,Tumor_epithelial_basal,MPR
BD_immune03_41894,not.defined,Tumor_epithelial_basal,MPR
BD_immune03_660825,not.defined,Tumor_epithelial_basal,MPR
BD_immune03_202852,not.defined,Tumor_epithelial_basal,MPR
BD_immune03_74995,not.defined,Tumor_epithelial_basal,MPR
BD_immune03_97993,not.defined,Tumor_epithelial_basal,MPR
BD_immune03_650167,not.defined,Tumor_epithelial_basal,MPR
BD_immune03_208940,not.defined,Tumor_epithelial_basal,MPR
BD_immune03_41408,not.defined,Tumor_epithelial_basal,MPR
BD_immune03_870376,not.defined,Tumor_epithelial_basal,MPR
BD_immune03_365299,not.defined,Tumor_epithelial_basal,MPR
BD_immune03_746680,not.defined,Tumor_epithelial_basal,MPR
BD_immune03_381263,not.defined,Tumor_epithelial_basal,MPR
BD_immune03_204427,not.defined,Tumor_epithelial_basal,MPR
BD_immune03_281113,not.defined,Tumor_epithelial_basal,MPR
BD_immune03_234479,not.defined,Tumor_epithelial_basal,MPR
BD_immune03_25460,not.defined,Tumor_epithelial_basal,MPR
BD_immune03_53620,not.defined,Tumor_epithelial_basal,MPR
BD_immune03_458856,not.defined,Tumor_epithelial_basal,MPR
BD_immune03_756170,not.defined,Tumor_epithelial_basal,MPR
BD_immune03_295407,not.defined,Tumor_epithelial_basal,MPR
BD_immune03_662690,not.defined,Tumor_epithelial_basal,MPR
BD_immune03_2784,not.defined,Tumor_epithelial_basal,MPR
BD_immune03_365160,not.defined,Tumor_epithelial_basal,MPR
BD_immune03_97018,not.defined,Tumor_epithelial_basal,MPR
BD_immune03_793451,not.defined,Tumor_epithelial_basal,MPR
BD_immune03_305014,not.defined,Tumor_epithelial_basal,MPR
BD_immune03_740362,not.defined,Tumor_epithelial_basal,MPR
BD_immune03_233879,not.defined,Tumor_epithelial_basal,MPR
BD_immune03_845949,not.defined,Tumor_epithelial_basal,MPR
BD_immune03_170710,not.defined,Tumor_epithelial_basal,MPR
BD_immune03_720361,not.defined,Tumor_epithelial_basal,MPR
BD_immune03_558882,not.defined,Tumor_epithelial_basal,MPR
BD_immune03_276056,not.defined,Tumor_epithelial_basal,MPR
BD_immune03_859514,not.defined,Tumor_epithelial_basal,MPR
BD_immune03_760919,not.defined,Tumor_epithelial_basal,MPR
BD_immune03_91701,not.defined,Tumor_epithelial_basal,MPR
BD_immune03_119216,not.defined,Tumor_epithelial_basal,MPR
BD_immune03_276039,not.defined,Tumor_epithelial_basal,MPR
BD_immune03_822881,not.defined,Tumor_epithelial_basal,MPR
BD_immune03_754903,not.defined,Tumor_epithelial_basal,MPR
BD_immune03_779120,not.defined,Tumor_epithelial_basal,MPR
BD_immune03_779725,not.defined,Tumor_epithelial_basal,MPR
BD_immune03_775526,not.defined,Tumor_epithelial_basal,MPR
BD_immune03_842545,not.defined,Tumor_epithelial_basal,MPR
BD_immune03_786372,not.defined,Tumor_epithelial_basal,MPR
BD_immune03_80338,not.defined,Tumor_epithelial_basal,MPR
BD_immune03_285096,not.defined,Tumor_epithelial_basal,MPR
BD_immune03_393221,not.defined,Tumor_epithelial_basal,MPR
BD_immune03_488071,not.defined,Tumor_epithelial_basal,MPR
BD_immune03_806677,not.defined,Tumor_epithelial_basal,MPR
BD_immune03_145237,not.defined,Tumor_epithelial_basal,MPR
BD_immune03_716633,not.defined,Tumor_epithelial_basal,MPR
BD_immune03_26142,not.defined,Tumor_epithelial_basal,MPR
BD_immune03_597953,not.defined,Tumor_epithelial_basal,MPR
BD_immune03_825385,not.defined,Tumor_epithelial_basal,MPR
BD_immune03_816490,not.defined,Tumor_epithelial_basal,MPR
BD_immune03_356361,not.defined,Tumor_epithelial_basal,MPR
BD_immune03_830790,not.defined,Tumor_epithelial_basal,MPR
BD_immune03_804543,not.defined,Tumor_epithelial_basal,MPR
BD_immune03_616421,not.defined,Tumor_epithelial_basal,MPR
BD_immune03_368603,not.defined,Tumor_epithelial_basal,MPR
BD_immune03_868148,not.defined,Tumor_epithelial_basal,MPR
BD_immune03_710745,not.defined,Tumor_epithelial_basal,MPR
BD_immune03_441265,not.defined,Tumor_epithelial_basal,MPR
BD_immune03_504716,not.defined,Tumor_epithelial_basal,MPR
BD_immune03_586749,not.defined,Tumor_epithelial_basal,MPR
BD_immune03_632803,not.defined,Tumor_epithelial_basal,MPR
BD_immune03_369978,not.defined,Tumor_epithelial_basal,MPR
BD_immune03_651896,not.defined,Tumor_epithelial_basal,MPR
BD_immune03_606072,not.defined,Tumor_epithelial_basal,MPR
BD_immune03_279199,not.defined,Tumor_epithelial_basal,MPR
BD_immune03_216907,not.defined,Tumor_epithelial_basal,MPR
BD_immune03_303037,not.defined,Tumor_epithelial_basal,MPR
BD_immune03_436539,not.defined,Tumor_epithelial_basal,MPR
BD_immune03_352076,not.defined,Tumor_epithelial_basal,MPR
BD_immune03_79604,not.defined,Tumor_epithelial_basal,MPR
BD_immune03_847508,not.defined,Tumor_epithelial_basal,MPR
BD_immune03_709183,not.defined,Tumor_epithelial_basal,MPR
BD_immune03_648479,not.defined,Tumor_epithelial_basal,MPR
BD_immune03_244261,not.defined,Tumor_epithelial_basal,MPR
BD_immune03_777609,not.defined,Tumor_epithelial_basal,MPR
BD_immune03_575993,not.defined,Tumor_epithelial_basal,MPR
BD_immune03_363606,not.defined,Tumor_epithelial_basal,MPR
BD_immune04_252496,not.defined,Ciliated_epithelial,NMPR
BD_immune07_666701,not.defined,Tumor_epithelial_basal,NMPR
BD_immune09_157839,not.defined,Tumor_epithelial_basal,NMPR
BD_immune09_562593,not.defined,Tumor_epithelial_basal,NMPR
BD_immune09_875177,not.defined,Tumor_epithelial_basal,NMPR
BD_immune09_241583,not.defined,Tumor_epithelial_basal,NMPR
BD_immune10_773704,not.defined,Tumor_epithelial_basal,NMPR
BD_immune10_325172,not.defined,Tumor_epithelial_basal,NMPR
BD_immune10_247581,not.defined,Tumor_epithelial_basal,NMPR
BD_immune10_790176,not.defined,Tumor_epithelial_basal,NMPR
BD_immune10_29359,not.defined,Tumor_epithelial_basal,NMPR
BD_immune10_566527,not.defined,Tumor_epithelial_basal,NMPR
BD_immune10_227501,not.defined,Tumor_epithelial_basal,NMPR
BD_immune10_43670,not.defined,Tumor_epithelial_basal,NMPR
BD_immune10_218518,not.defined,Tumor_epithelial_basal,NMPR
BD_immune10_740162,not.defined,Tumor_epithelial_basal,NMPR
BD_immune10_823046,not.defined,Tumor_epithelial_basal,NMPR
BD_immune10_33275,not.defined,Tumor_epithelial_basal,NMPR
BD_immune10_238138,not.defined,Tumor_epithelial_basal,NMPR
BD_immune10_236699,not.defined,Tumor_epithelial_basal,NMPR
BD_immune10_502547,not.defined,Tumor_epithelial_basal,NMPR
BD_immune10_19967,not.defined,Tumor_epithelial_basal,NMPR
BD_immune10_727825,not.defined,Tumor_epithelial_basal,NMPR
BD_immune10_618700,not.defined,Tumor_epithelial_basal,NMPR
BD_immune10_407672,not.defined,Tumor_epithelial_basal,NMPR
BD_immune10_346037,not.defined,Tumor_epithelial_basal,NMPR
BD_immune10_605036,not.defined,Tumor_epithelial_basal,NMPR
BD_immune10_112371,not.defined,Tumor_epithelial_basal,NMPR
BD_immune10_542949,not.defined,Tumor_epithelial_basal,NMPR
BD_immune10_777740,not.defined,Tumor_epithelial_basal,NMPR
BD_immune10_338408,not.defined,Tumor_epithelial_basal,NMPR
BD_immune10_612205,not.defined,Tumor_epithelial_basal,NMPR
BD_immune10_218438,not.defined,Tumor_epithelial_basal,NMPR
BD_immune10_633453,not.defined,Tumor_epithelial_basal,NMPR
BD_immune10_291686,not.defined,Tumor_epithelial_basal,NMPR
BD_immune10_866768,not.defined,Tumor_epithelial_basal,NMPR
BD_immune10_36458,not.defined,Tumor_epithelial_basal,NMPR
BD_immune10_253550,not.defined,Tumor_epithelial_basal,NMPR
BD_immune10_798032,not.defined,Tumor_epithelial_basal,NMPR
BD_immune10_231048,not.defined,Tumor_epithelial_basal,NMPR
BD_immune10_581662,not.defined,Tumor_epithelial_basal,NMPR
BD_immune10_423481,not.defined,Tumor_epithelial_basal,NMPR
BD_immune10_617027,not.defined,Tumor_epithelial_basal,NMPR
BD_immune10_509062,not.defined,Tumor_epithelial_basal,NMPR
BD_immune10_597600,not.defined,Tumor_epithelial_basal,NMPR
BD_immune10_414288,not.defined,Tumor_epithelial_basal,NMPR
BD_immune10_36173,not.defined,Tumor_epithelial_basal,NMPR
BD_immune10_89052,not.defined,Tumor_epithelial_basal,NMPR
BD_immune10_270938,not.defined,Tumor_epithelial_basal,NMPR
BD_immune10_858432,not.defined,Tumor_epithelial_basal,NMPR
BD_immune10_192136,not.defined,Tumor_epithelial_basal,NMPR
BD_immune10_149584,not.defined,Tumor_epithelial_basal,NMPR
BD_immune10_568107,not.defined,Tumor_epithelial_basal,NMPR
BD_immune10_433624,not.defined,Tumor_epithelial_basal,NMPR
BD_immune10_247523,not.defined,Tumor_epithelial_basal,NMPR
BD_immune10_508722,not.defined,Tumor_epithelial_basal,NMPR
BD_immune10_369481,not.defined,Tumor_epithelial_basal,NMPR
BD_immune10_77965,not.defined,Tumor_epithelial_basal,NMPR
BD_immune10_507962,not.defined,Tumor_epithelial_basal,NMPR
BD_immune11_766428,not.defined,Ciliated_epithelial,MPR
BD_immune11_663724,not.defined,Ciliated_epithelial,MPR
BD_immune12_416906,not.defined,Ciliated_epithelial,NMPR
BD_immune12_700276,not.defined,Ciliated_epithelial,NMPR
BD_immune14_6093,not.defined,Ciliated_epithelial,MPR
BD_immune14_690113,not.defined,Ciliated_epithelial,MPR
BD_immune15_38400,not.defined,Ciliated_epithelial,NMPR
BD_immune15_522628,not.defined,Ciliated_epithelial,NMPR
BD_immune15_703490,not.defined,Ciliated_epithelial,NMPR
BD_immune15_381817,not.defined,Ciliated_epithelial,NMPR
