cell.names,copykat.pred,cell_type,response
BD_immune04_639050,aneuploid,Ciliated_epithelial,NMPR
BD_immune07_184511,aneuploid,Tumor_epithelial_AT2,NMPR
BD_immune07_416755,aneuploid,Tumor_epithelial_AT2,NMPR
BD_immune07_849847,aneuploid,Tumor_epithelial_AT2,NMPR
BD_immune07_796347,aneuploid,Tumor_epithelial_AT2,NMPR
BD_immune07_462980,aneuploid,Tumor_epithelial_AT2,NMPR
BD_immune11_759492,aneuploid,Ciliated_epithelial,MPR
BD_immune11_17759,aneuploid,Ciliated_epithelial,MPR
BD_immune11_880050,aneuploid,Ciliated_epithelial,MPR
BD_immune11_765009,aneuploid,Ciliated_epithelial,MPR
BD_immune11_414642,aneuploid,Ciliated_epithelial,MPR
BD_immune11_747329,aneuploid,Ciliated_epithelial,MPR
BD_immune12_174836,aneuploid,Ciliated_epithelial,NMPR
BD_immune15_694272,aneuploid,Ciliated_epithelial,NMPR
BD_immune11_36226,aneuploid,Ciliated_epithelial,MPR
BD_immune15_760103,aneuploid,Ciliated_epithelial,NMPR
BD_immune07_219480,aneuploid,Tumor_epithelial_AT2,NMPR
BD_immune07_656927,aneuploid,Tumor_epithelial_AT2,NMPR
BD_immune11_34677,aneuploid,Ciliated_epithelial,MPR
BD_immune11_702976,aneuploid,Ciliated_epithelial,MPR
BD_immune11_248823,aneuploid,Ciliated_epithelial,MPR
BD_immune12_612241,aneuploid,Ciliated_epithelial,NMPR
BD_immune15_566461,aneuploid,Ciliated_epithelial,NMPR
BD_immune15_282771,aneuploid,Ciliated_epithelial,NMPR
BD_immune15_595835,aneuploid,Ciliated_epithelial,NMPR
BD_immune15_854328,aneuploid,Ciliated_epithelial,NMPR
BD_immune02_255160,aneuploid,Tumor_epithelial_AT2,NMPR
BD_immune02_458665,aneuploid,Tumor_epithelial_AT2,NMPR
BD_immune02_841503,diploid,Ciliated_epithelial,NMPR
BD_immune02_650062,diploid,Ciliated_epithelial,NMPR
BD_immune02_63353,aneuploid,Tumor_epithelial_AT2,NMPR
BD_immune02_809518,aneuploid,Tumor_epithelial_AT2,NMPR
BD_immune02_332007,aneuploid,Tumor_epithelial_AT2,NMPR
BD_immune02_547733,aneuploid,Tumor_epithelial_AT2,NMPR
BD_immune02_52620,aneuploid,Tumor_epithelial_AT2,NMPR
BD_immune02_580235,diploid,Ciliated_epithelial,NMPR
BD_immune02_150648,aneuploid,Tumor_epithelial_AT2,NMPR
BD_immune02_299979,aneuploid,Tumor_epithelial_AT2,NMPR
BD_immune02_419615,aneuploid,Tumor_epithelial_AT2,NMPR
BD_immune02_772522,aneuploid,Tumor_epithelial_AT2,NMPR
BD_immune02_277584,diploid,Ciliated_epithelial,NMPR
BD_immune02_664521,aneuploid,Tumor_epithelial_AT2,NMPR
BD_immune02_366892,aneuploid,Tumor_epithelial_AT2,NMPR
BD_immune02_226455,aneuploid,Tumor_epithelial_AT2,NMPR
BD_immune02_827779,aneuploid,Tumor_epithelial_AT2,NMPR
BD_immune02_371328,aneuploid,Tumor_epithelial_AT2,NMPR
BD_immune02_232307,aneuploid,Tumor_epithelial_AT2,NMPR
BD_immune02_415089,aneuploid,Tumor_epithelial_AT2,NMPR
BD_immune02_634340,diploid,Ciliated_epithelial,NMPR
BD_immune02_73791,diploid,Ciliated_epithelial,NMPR
BD_immune02_877298,aneuploid,Tumor_epithelial_AT2,NMPR
BD_immune02_835239,aneuploid,Tumor_epithelial_AT2,NMPR
BD_immune02_598462,aneuploid,Tumor_epithelial_AT2,NMPR
BD_immune02_541043,aneuploid,Tumor_epithelial_AT2,NMPR
BD_immune02_435522,aneuploid,Tumor_epithelial_AT2,NMPR
BD_immune02_342916,diploid,Ciliated_epithelial,NMPR
BD_immune02_68237,aneuploid,Tumor_epithelial_AT2,NMPR
BD_immune02_688149,aneuploid,Tumor_epithelial_AT2,NMPR
BD_immune02_350647,aneuploid,Tumor_epithelial_AT2,NMPR
BD_immune02_838837,aneuploid,Tumor_epithelial_AT2,NMPR
BD_immune02_810235,aneuploid,Tumor_epithelial_AT2,NMPR
BD_immune02_718013,aneuploid,Tumor_epithelial_AT2,NMPR
BD_immune02_290626,aneuploid,Tumor_epithelial_AT2,NMPR
BD_immune02_707297,aneuploid,Tumor_epithelial_AT2,NMPR
BD_immune02_208136,aneuploid,Tumor_epithelial_AT2,NMPR
BD_immune02_15844,aneuploid,Tumor_epithelial_AT2,NMPR
BD_immune02_147763,aneuploid,Tumor_epithelial_AT2,NMPR
BD_immune02_168002,aneuploid,Tumor_epithelial_AT2,NMPR
BD_immune02_137372,aneuploid,Tumor_epithelial_AT2,NMPR
BD_immune02_195368,aneuploid,Tumor_epithelial_AT2,NMPR
BD_immune02_858231,aneuploid,Tumor_epithelial_AT2,NMPR
BD_immune02_223368,aneuploid,Tumor_epithelial_AT2,NMPR
BD_immune02_522966,aneuploid,Tumor_epithelial_AT2,NMPR
BD_immune02_542100,aneuploid,Tumor_epithelial_AT2,NMPR
BD_immune02_796018,aneuploid,Tumor_epithelial_AT2,NMPR
BD_immune02_566454,aneuploid,Tumor_epithelial_AT2,NMPR
BD_immune02_163944,aneuploid,Tumor_epithelial_AT2,NMPR
BD_immune02_750020,aneuploid,Tumor_epithelial_AT2,NMPR
BD_immune02_377618,aneuploid,Tumor_epithelial_AT2,NMPR
BD_immune02_342459,aneuploid,Tumor_epithelial_AT2,NMPR
BD_immune02_363556,aneuploid,Tumor_epithelial_AT2,NMPR
BD_immune02_430306,aneuploid,Tumor_epithelial_AT2,NMPR
BD_immune02_168064,aneuploid,Tumor_epithelial_AT2,NMPR
BD_immune02_790283,aneuploid,Tumor_epithelial_AT2,NMPR
BD_immune02_842539,aneuploid,Tumor_epithelial_AT2,NMPR
BD_immune02_619650,aneuploid,Tumor_epithelial_AT2,NMPR
BD_immune02_794462,aneuploid,Tumor_epithelial_AT2,NMPR
BD_immune02_200484,aneuploid,Tumor_epithelial_AT2,NMPR
BD_immune02_600452,aneuploid,Tumor_epithelial_AT2,NMPR
BD_immune02_670194,aneuploid,Tumor_epithelial_AT2,NMPR
BD_immune02_295023,aneuploid,Tumor_epithelial_AT2,NMPR
BD_immune02_675622,aneuploid,Tumor_epithelial_AT2,NMPR
BD_immune02_100732,aneuploid,Tumor_epithelial_AT2,NMPR
BD_immune02_105374,aneuploid,Tumor_epithelial_AT2,NMPR
BD_immune02_786513,aneuploid,Tumor_epithelial_AT2,NMPR
BD_immune02_271388,aneuploid,Tumor_epithelial_AT2,NMPR
BD_immune02_277424,aneuploid,Tumor_epithelial_AT2,NMPR
BD_immune02_180961,aneuploid,Tumor_epithelial_AT2,NMPR
BD_immune02_83855,aneuploid,Tumor_epithelial_AT2,NMPR
BD_immune02_800352,aneuploid,Tumor_epithelial_AT2,NMPR
BD_immune02_707662,aneuploid,Tumor_epithelial_AT2,NMPR
BD_immune02_328604,aneuploid,Tumor_epithelial_AT2,NMPR
BD_immune02_369022,aneuploid,Tumor_epithelial_AT2,NMPR
BD_immune02_121536,aneuploid,Tumor_epithelial_AT2,NMPR
BD_immune02_173791,aneuploid,Tumor_epithelial_AT2,NMPR
BD_immune02_578005,aneuploid,Tumor_epithelial_AT2,NMPR
BD_immune02_155705,aneuploid,Tumor_epithelial_AT2,NMPR
BD_immune02_834876,aneuploid,Tumor_epithelial_AT2,NMPR
BD_immune02_444935,aneuploid,Tumor_epithelial_AT2,NMPR
BD_immune02_555298,aneuploid,Tumor_epithelial_AT2,NMPR
BD_immune02_716126,aneuploid,Tumor_epithelial_AT2,NMPR
BD_immune02_321671,aneuploid,Tumor_epithelial_AT2,NMPR
BD_immune02_143160,aneuploid,Tumor_epithelial_AT2,NMPR
BD_immune02_13866,aneuploid,Ciliated_epithelial,NMPR
BD_immune02_571486,aneuploid,Ciliated_epithelial,NMPR
BD_immune02_810346,aneuploid,Tumor_epithelial_AT2,NMPR
BD_immune02_427285,aneuploid,Tumor_epithelial_AT2,NMPR
BD_immune02_458992,aneuploid,Tumor_epithelial_AT2,NMPR
BD_immune02_401551,aneuploid,Tumor_epithelial_AT2,NMPR
BD_immune02_399843,aneuploid,Tumor_epithelial_AT2,NMPR
BD_immune02_226574,aneuploid,Tumor_epithelial_AT2,NMPR
BD_immune02_671107,aneuploid,Tumor_epithelial_AT2,NMPR
BD_immune02_299189,aneuploid,Tumor_epithelial_AT2,NMPR
BD_immune02_34476,aneuploid,Tumor_epithelial_AT2,NMPR
BD_immune02_692902,aneuploid,Tumor_epithelial_AT2,NMPR
BD_immune02_513053,aneuploid,Tumor_epithelial_AT2,NMPR
BD_immune02_160660,aneuploid,Tumor_epithelial_AT2,NMPR
BD_immune02_364820,aneuploid,Tumor_epithelial_AT2,NMPR
BD_immune02_459632,aneuploid,Tumor_epithelial_AT2,NMPR
BD_immune02_434151,aneuploid,Tumor_epithelial_AT2,NMPR
BD_immune02_329174,aneuploid,Tumor_epithelial_AT2,NMPR
BD_immune02_615347,aneuploid,Tumor_epithelial_AT2,NMPR
BD_immune03_248350,diploid,Ciliated_epithelial,MPR
BD_immune04_106071,aneuploid,Tumor_epithelial_AT2,NMPR
BD_immune04_397649,diploid,Ciliated_epithelial,NMPR
BD_immune04_757216,aneuploid,Tumor_epithelial_AT2,NMPR
BD_immune04_275547,aneuploid,Tumor_epithelial_AT2,NMPR
BD_immune04_215963,aneuploid,Tumor_epithelial_AT2,NMPR
BD_immune04_342549,aneuploid,Tumor_epithelial_AT2,NMPR
BD_immune04_323652,aneuploid,Tumor_epithelial_AT2,NMPR
BD_immune04_745329,aneuploid,Tumor_epithelial_AT2,NMPR
BD_immune04_151608,aneuploid,Tumor_epithelial_AT2,NMPR
BD_immune04_721137,aneuploid,Tumor_epithelial_AT2,NMPR
BD_immune04_354997,diploid,Ciliated_epithelial,NMPR
BD_immune04_535948,aneuploid,Tumor_epithelial_AT2,NMPR
BD_immune04_582057,aneuploid,Tumor_epithelial_AT2,NMPR
BD_immune04_438137,aneuploid,Tumor_epithelial_AT2,NMPR
BD_immune04_541404,aneuploid,Tumor_epithelial_AT2,NMPR
BD_immune04_683013,aneuploid,Tumor_epithelial_AT2,NMPR
BD_immune04_770298,aneuploid,Tumor_epithelial_AT2,NMPR
BD_immune04_621532,aneuploid,Tumor_epithelial_AT2,NMPR
BD_immune04_575141,aneuploid,Tumor_epithelial_AT2,NMPR
BD_immune04_772304,aneuploid,Tumor_epithelial_AT2,NMPR
BD_immune04_677209,aneuploid,Tumor_epithelial_AT2,NMPR
BD_immune04_759899,aneuploid,Tumor_epithelial_AT2,NMPR
BD_immune04_42552,aneuploid,Tumor_epithelial_AT2,NMPR
BD_immune04_803557,aneuploid,Tumor_epithelial_AT2,NMPR
BD_immune04_300317,aneuploid,Ciliated_epithelial,NMPR
BD_immune04_815875,aneuploid,Tumor_epithelial_AT2,NMPR
BD_immune04_619613,aneuploid,Tumor_epithelial_AT2,NMPR
BD_immune04_739381,aneuploid,Tumor_epithelial_AT2,NMPR
BD_immune04_249553,aneuploid,Tumor_epithelial_AT2,NMPR
BD_immune04_809126,diploid,Ciliated_epithelial,NMPR
BD_immune04_405013,aneuploid,Tumor_epithelial_AT2,NMPR
BD_immune04_511445,aneuploid,Tumor_epithelial_AT2,NMPR
BD_immune04_691251,aneuploid,Tumor_epithelial_AT2,NMPR
BD_immune04_571754,aneuploid,Tumor_epithelial_AT2,NMPR
BD_immune04_368444,aneuploid,Tumor_epithelial_AT2,NMPR
BD_immune04_528805,aneuploid,Tumor_epithelial_AT2,NMPR
BD_immune04_361365,diploid,Ciliated_epithelial,NMPR
BD_immune04_389573,aneuploid,Tumor_epithelial_AT2,NMPR
BD_immune04_502598,aneuploid,Tumor_epithelial_AT2,NMPR
BD_immune04_521427,aneuploid,Tumor_epithelial_AT2,NMPR
BD_immune04_666811,aneuploid,Tumor_epithelial_AT2,NMPR
BD_immune04_443664,aneuploid,Tumor_epithelial_AT2,NMPR
BD_immune04_501697,aneuploid,Tumor_epithelial_AT2,NMPR
BD_immune04_270581,aneuploid,Tumor_epithelial_AT2,NMPR
BD_immune04_382040,aneuploid,Tumor_epithelial_AT2,NMPR
BD_immune04_173384,diploid,Ciliated_epithelial,NMPR
BD_immune04_476885,aneuploid,Tumor_epithelial_AT2,NMPR
BD_immune04_516438,aneuploid,Tumor_epithelial_AT2,NMPR
BD_immune04_637103,aneuploid,Tumor_epithelial_AT2,NMPR
BD_immune04_312267,aneuploid,Tumor_epithelial_AT2,NMPR
BD_immune04_821412,aneuploid,Tumor_epithelial_AT2,NMPR
BD_immune04_685254,aneuploid,Tumor_epithelial_AT2,NMPR
BD_immune04_229625,aneuploid,Tumor_epithelial_AT2,NMPR
BD_immune04_617464,aneuploid,Tumor_epithelial_AT2,NMPR
BD_immune04_617063,aneuploid,Tumor_epithelial_AT2,NMPR
BD_immune04_59496,aneuploid,Tumor_epithelial_AT2,NMPR
BD_immune04_504541,aneuploid,Tumor_epithelial_AT2,NMPR
BD_immune04_158209,aneuploid,Tumor_epithelial_AT2,NMPR
BD_immune04_245247,aneuploid,Tumor_epithelial_AT2,NMPR
BD_immune04_446696,aneuploid,Tumor_epithelial_AT2,NMPR
BD_immune04_359158,aneuploid,Tumor_epithelial_AT2,NMPR
BD_immune04_386473,aneuploid,Tumor_epithelial_AT2,NMPR
BD_immune04_781398,aneuploid,Tumor_epithelial_AT2,NMPR
BD_immune04_791546,aneuploid,Tumor_epithelial_AT2,NMPR
BD_immune04_394101,aneuploid,Tumor_epithelial_AT2,NMPR
BD_immune04_871007,aneuploid,Tumor_epithelial_AT2,NMPR
BD_immune04_237235,aneuploid,Tumor_epithelial_AT2,NMPR
BD_immune04_717102,aneuploid,Tumor_epithelial_AT2,NMPR
BD_immune04_422164,aneuploid,Tumor_epithelial_AT2,NMPR
BD_immune04_522104,aneuploid,Tumor_epithelial_AT2,NMPR
BD_immune04_224125,aneuploid,Tumor_epithelial_AT2,NMPR
BD_immune04_407942,aneuploid,Tumor_epithelial_AT2,NMPR
BD_immune04_635176,aneuploid,Tumor_epithelial_AT2,NMPR
BD_immune04_462955,aneuploid,Tumor_epithelial_AT2,NMPR
BD_immune04_600505,aneuploid,Tumor_epithelial_AT2,NMPR
BD_immune04_724024,aneuploid,Tumor_epithelial_AT2,NMPR
BD_immune04_508731,aneuploid,Tumor_epithelial_AT2,NMPR
BD_immune04_601470,aneuploid,Tumor_epithelial_AT2,NMPR
BD_immune04_384481,aneuploid,Tumor_epithelial_AT2,NMPR
BD_immune04_218317,aneuploid,Tumor_epithelial_AT2,NMPR
BD_immune04_373757,aneuploid,Tumor_epithelial_AT2,NMPR
BD_immune04_721679,aneuploid,Tumor_epithelial_AT2,NMPR
BD_immune04_816137,aneuploid,Tumor_epithelial_AT2,NMPR
BD_immune04_48122,aneuploid,Tumor_epithelial_AT2,NMPR
BD_immune04_671060,aneuploid,Tumor_epithelial_AT2,NMPR
BD_immune04_91860,aneuploid,Tumor_epithelial_AT2,NMPR
BD_immune04_191759,aneuploid,Tumor_epithelial_AT2,NMPR
BD_immune04_483749,aneuploid,Tumor_epithelial_AT2,NMPR
BD_immune04_258680,aneuploid,Tumor_epithelial_AT2,NMPR
BD_immune04_671546,aneuploid,Tumor_epithelial_AT2,NMPR
BD_immune04_181655,aneuploid,Tumor_epithelial_AT2,NMPR
BD_immune04_470041,aneuploid,Tumor_epithelial_AT2,NMPR
BD_immune04_359582,aneuploid,Tumor_epithelial_AT2,NMPR
BD_immune04_169171,aneuploid,Tumor_epithelial_AT2,NMPR
BD_immune04_266783,aneuploid,Tumor_epithelial_AT2,NMPR
BD_immune04_265666,aneuploid,Tumor_epithelial_AT2,NMPR
BD_immune04_256672,aneuploid,Tumor_epithelial_AT2,NMPR
BD_immune04_119682,aneuploid,Tumor_epithelial_AT2,NMPR
BD_immune04_867797,aneuploid,Tumor_epithelial_AT2,NMPR
BD_immune04_399094,aneuploid,Tumor_epithelial_AT2,NMPR
BD_immune04_576315,aneuploid,Tumor_epithelial_AT2,NMPR
BD_immune04_239686,aneuploid,Tumor_epithelial_AT2,NMPR
BD_immune04_849380,aneuploid,Tumor_epithelial_AT2,NMPR
BD_immune04_169178,aneuploid,Tumor_epithelial_AT2,NMPR
BD_immune04_539832,aneuploid,Tumor_epithelial_AT2,NMPR
BD_immune04_266721,aneuploid,Tumor_epithelial_AT2,NMPR
BD_immune04_550755,aneuploid,Tumor_epithelial_AT2,NMPR
BD_immune04_293314,aneuploid,Tumor_epithelial_AT2,NMPR
BD_immune04_28325,aneuploid,Ciliated_epithelial,NMPR
BD_immune04_57720,aneuploid,Tumor_epithelial_AT2,NMPR
BD_immune04_51512,aneuploid,Tumor_epithelial_AT2,NMPR
BD_immune04_600862,aneuploid,Tumor_epithelial_AT2,NMPR
BD_immune04_278621,aneuploid,Tumor_epithelial_AT2,NMPR
BD_immune04_9952,aneuploid,Tumor_epithelial_AT2,NMPR
BD_immune04_790398,aneuploid,Tumor_epithelial_AT2,NMPR
BD_immune04_727537,aneuploid,Tumor_epithelial_AT2,NMPR
BD_immune04_327918,aneuploid,Tumor_epithelial_AT2,NMPR
BD_immune04_595044,aneuploid,Tumor_epithelial_AT2,NMPR
BD_immune04_619357,aneuploid,Tumor_epithelial_AT2,NMPR
BD_immune04_527847,aneuploid,Ciliated_epithelial,NMPR
BD_immune04_548799,aneuploid,Tumor_epithelial_AT2,NMPR
BD_immune04_730176,aneuploid,Tumor_epithelial_AT2,NMPR
BD_immune04_243277,aneuploid,Tumor_epithelial_AT2,NMPR
BD_immune04_847080,aneuploid,Tumor_epithelial_AT2,NMPR
BD_immune04_745194,aneuploid,Tumor_epithelial_AT2,NMPR
BD_immune04_322601,aneuploid,Ciliated_epithelial,NMPR
BD_immune04_30469,aneuploid,Tumor_epithelial_AT2,NMPR
BD_immune04_589802,aneuploid,Tumor_epithelial_AT2,NMPR
BD_immune04_534717,aneuploid,Tumor_epithelial_AT2,NMPR
BD_immune04_794140,aneuploid,Ciliated_epithelial,NMPR
BD_immune04_148572,aneuploid,Tumor_epithelial_AT2,NMPR
BD_immune04_684320,aneuploid,Tumor_epithelial_AT2,NMPR
BD_immune07_41245,aneuploid,Tumor_epithelial_AT2,NMPR
BD_immune07_584328,aneuploid,Tumor_epithelial_AT2,NMPR
BD_immune07_29023,aneuploid,Tumor_epithelial_AT2,NMPR
BD_immune07_308048,aneuploid,Tumor_epithelial_AT2,NMPR
BD_immune07_607561,aneuploid,Tumor_epithelial_AT2,NMPR
BD_immune07_23282,aneuploid,Tumor_epithelial_AT2,NMPR
BD_immune07_568792,aneuploid,Tumor_epithelial_AT2,NMPR
BD_immune07_186458,aneuploid,Tumor_epithelial_AT2,NMPR
BD_immune07_718929,aneuploid,Tumor_epithelial_AT2,NMPR
BD_immune07_178286,aneuploid,Tumor_epithelial_AT2,NMPR
BD_immune07_441972,aneuploid,Tumor_epithelial_AT2,NMPR
BD_immune07_720767,aneuploid,Tumor_epithelial_AT2,NMPR
BD_immune07_770551,aneuploid,Tumor_epithelial_AT2,NMPR
BD_immune07_33101,aneuploid,Tumor_epithelial_AT2,NMPR
BD_immune07_209328,aneuploid,Tumor_epithelial_AT2,NMPR
BD_immune07_632903,aneuploid,Tumor_epithelial_AT2,NMPR
BD_immune07_352709,aneuploid,Tumor_epithelial_AT2,NMPR
BD_immune07_398201,aneuploid,Tumor_epithelial_AT2,NMPR
BD_immune07_389282,aneuploid,Tumor_epithelial_AT2,NMPR
BD_immune07_806050,aneuploid,Tumor_epithelial_AT2,NMPR
BD_immune07_277267,aneuploid,Tumor_epithelial_AT2,NMPR
BD_immune07_217232,aneuploid,Tumor_epithelial_AT2,NMPR
BD_immune07_120899,aneuploid,Tumor_epithelial_AT2,NMPR
BD_immune07_713276,aneuploid,Tumor_epithelial_AT2,NMPR
BD_immune07_188038,aneuploid,Tumor_epithelial_AT2,NMPR
BD_immune07_224222,aneuploid,Tumor_epithelial_AT2,NMPR
BD_immune07_38392,aneuploid,Tumor_epithelial_AT2,NMPR
BD_immune07_844750,aneuploid,Tumor_epithelial_AT2,NMPR
BD_immune07_49370,aneuploid,Tumor_epithelial_AT2,NMPR
BD_immune07_874983,aneuploid,Tumor_epithelial_AT2,NMPR
BD_immune07_855718,aneuploid,Tumor_epithelial_AT2,NMPR
BD_immune07_70374,aneuploid,Tumor_epithelial_AT2,NMPR
BD_immune07_424959,aneuploid,Tumor_epithelial_AT2,NMPR
BD_immune07_125714,aneuploid,Tumor_epithelial_AT2,NMPR
BD_immune07_91235,aneuploid,Tumor_epithelial_AT2,NMPR
BD_immune07_499095,aneuploid,Tumor_epithelial_AT2,NMPR
BD_immune07_485756,aneuploid,Tumor_epithelial_AT2,NMPR
BD_immune07_852151,aneuploid,Tumor_epithelial_AT2,NMPR
BD_immune07_363543,aneuploid,Tumor_epithelial_AT2,NMPR
BD_immune07_22159,aneuploid,Tumor_epithelial_AT2,NMPR
BD_immune07_533500,aneuploid,Tumor_epithelial_AT2,NMPR
BD_immune07_182533,aneuploid,Tumor_epithelial_AT2,NMPR
BD_immune07_635682,aneuploid,Tumor_epithelial_AT2,NMPR
BD_immune07_250862,aneuploid,Tumor_epithelial_AT2,NMPR
BD_immune07_710452,aneuploid,Tumor_epithelial_AT2,NMPR
BD_immune07_741832,aneuploid,Tumor_epithelial_AT2,NMPR
BD_immune07_284329,aneuploid,Tumor_epithelial_AT2,NMPR
BD_immune07_454388,aneuploid,Tumor_epithelial_AT2,NMPR
BD_immune07_15833,aneuploid,Tumor_epithelial_AT2,NMPR
BD_immune07_201689,aneuploid,Tumor_epithelial_AT2,NMPR
BD_immune07_362072,aneuploid,Tumor_epithelial_AT2,NMPR
BD_immune07_376884,aneuploid,Tumor_epithelial_AT2,NMPR
BD_immune07_634849,aneuploid,Tumor_epithelial_AT2,NMPR
BD_immune07_845419,aneuploid,Tumor_epithelial_AT2,NMPR
BD_immune07_596627,aneuploid,Tumor_epithelial_AT2,NMPR
BD_immune07_599893,aneuploid,Tumor_epithelial_AT2,NMPR
BD_immune07_556661,aneuploid,Tumor_epithelial_AT2,NMPR
BD_immune07_127009,aneuploid,Tumor_epithelial_AT2,NMPR
BD_immune07_124312,aneuploid,Tumor_epithelial_AT2,NMPR
BD_immune07_254758,aneuploid,Tumor_epithelial_AT2,NMPR
BD_immune07_668885,aneuploid,Tumor_epithelial_AT2,NMPR
BD_immune07_741473,aneuploid,Tumor_epithelial_AT2,NMPR
BD_immune07_443876,aneuploid,Tumor_epithelial_AT2,NMPR
BD_immune07_187451,aneuploid,Tumor_epithelial_AT2,NMPR
BD_immune07_793901,aneuploid,Tumor_epithelial_AT2,NMPR
BD_immune07_546730,aneuploid,Tumor_epithelial_AT2,NMPR
BD_immune07_457429,aneuploid,Tumor_epithelial_AT2,NMPR
BD_immune07_691596,aneuploid,Tumor_epithelial_AT2,NMPR
BD_immune07_133616,aneuploid,Tumor_epithelial_AT2,NMPR
BD_immune07_124240,aneuploid,Tumor_epithelial_AT2,NMPR
BD_immune07_876513,aneuploid,Tumor_epithelial_AT2,NMPR
BD_immune07_282657,aneuploid,Tumor_epithelial_AT2,NMPR
BD_immune07_62025,aneuploid,Tumor_epithelial_AT2,NMPR
BD_immune07_177118,aneuploid,Tumor_epithelial_AT2,NMPR
BD_immune07_552584,aneuploid,Tumor_epithelial_AT2,NMPR
BD_immune07_442309,aneuploid,Tumor_epithelial_AT2,NMPR
BD_immune07_424715,aneuploid,Tumor_epithelial_AT2,NMPR
BD_immune07_633164,aneuploid,Tumor_epithelial_AT2,NMPR
BD_immune07_469864,aneuploid,Tumor_epithelial_AT2,NMPR
BD_immune07_776312,aneuploid,Tumor_epithelial_AT2,NMPR
BD_immune07_370116,aneuploid,Tumor_epithelial_AT2,NMPR
BD_immune07_674220,aneuploid,Tumor_epithelial_AT2,NMPR
BD_immune07_826213,aneuploid,Tumor_epithelial_AT2,NMPR
BD_immune07_418823,aneuploid,Tumor_epithelial_AT2,NMPR
BD_immune07_379111,aneuploid,Tumor_epithelial_AT2,NMPR
BD_immune07_124488,aneuploid,Tumor_epithelial_AT2,NMPR
BD_immune07_417903,aneuploid,Tumor_epithelial_AT2,NMPR
BD_immune07_651030,aneuploid,Tumor_epithelial_AT2,NMPR
BD_immune07_428628,aneuploid,Tumor_epithelial_AT2,NMPR
BD_immune07_203878,aneuploid,Tumor_epithelial_AT2,NMPR
BD_immune07_346710,aneuploid,Tumor_epithelial_AT2,NMPR
BD_immune07_485484,aneuploid,Tumor_epithelial_AT2,NMPR
BD_immune07_82960,aneuploid,Tumor_epithelial_AT2,NMPR
BD_immune07_574477,aneuploid,Tumor_epithelial_AT2,NMPR
BD_immune07_570474,aneuploid,Tumor_epithelial_AT2,NMPR
BD_immune07_673869,aneuploid,Tumor_epithelial_AT2,NMPR
BD_immune07_806342,aneuploid,Tumor_epithelial_AT2,NMPR
BD_immune07_657086,aneuploid,Tumor_epithelial_AT2,NMPR
BD_immune07_296763,aneuploid,Tumor_epithelial_AT2,NMPR
BD_immune07_661585,aneuploid,Tumor_epithelial_AT2,NMPR
BD_immune07_859156,aneuploid,Tumor_epithelial_AT2,NMPR
BD_immune07_363900,aneuploid,Tumor_epithelial_AT2,NMPR
BD_immune07_180240,aneuploid,Tumor_epithelial_AT2,NMPR
BD_immune07_1645,aneuploid,Tumor_epithelial_AT2,NMPR
BD_immune07_312048,aneuploid,Tumor_epithelial_AT2,NMPR
BD_immune07_807547,aneuploid,Tumor_epithelial_AT2,NMPR
BD_immune07_775139,aneuploid,Tumor_epithelial_AT2,NMPR
BD_immune07_135131,aneuploid,Tumor_epithelial_AT2,NMPR
BD_immune07_759989,aneuploid,Tumor_epithelial_AT2,NMPR
BD_immune07_44142,aneuploid,Tumor_epithelial_AT2,NMPR
BD_immune07_74782,aneuploid,Tumor_epithelial_AT2,NMPR
BD_immune07_125307,aneuploid,Tumor_epithelial_AT2,NMPR
BD_immune07_9391,aneuploid,Tumor_epithelial_AT2,NMPR
BD_immune07_352064,aneuploid,Tumor_epithelial_AT2,NMPR
BD_immune07_849388,aneuploid,Tumor_epithelial_AT2,NMPR
BD_immune07_9257,aneuploid,Tumor_epithelial_AT2,NMPR
BD_immune07_654295,aneuploid,Tumor_epithelial_AT2,NMPR
BD_immune07_50027,aneuploid,Tumor_epithelial_AT2,NMPR
BD_immune07_295990,aneuploid,Tumor_epithelial_AT2,NMPR
BD_immune07_335772,aneuploid,Tumor_epithelial_AT2,NMPR
BD_immune07_69002,aneuploid,Tumor_epithelial_AT2,NMPR
BD_immune07_514859,aneuploid,Tumor_epithelial_AT2,NMPR
BD_immune07_12844,aneuploid,Tumor_epithelial_AT2,NMPR
BD_immune07_674636,aneuploid,Tumor_epithelial_AT2,NMPR
BD_immune07_205604,aneuploid,Tumor_epithelial_AT2,NMPR
BD_immune07_204556,aneuploid,Tumor_epithelial_AT2,NMPR
BD_immune07_558041,aneuploid,Tumor_epithelial_AT2,NMPR
BD_immune07_59644,aneuploid,Tumor_epithelial_AT2,NMPR
BD_immune07_290505,aneuploid,Tumor_epithelial_AT2,NMPR
BD_immune07_683567,aneuploid,Tumor_epithelial_AT2,NMPR
BD_immune07_496229,aneuploid,Tumor_epithelial_AT2,NMPR
BD_immune07_353938,aneuploid,Tumor_epithelial_AT2,NMPR
BD_immune07_768546,aneuploid,Tumor_epithelial_AT2,NMPR
BD_immune07_582536,aneuploid,Tumor_epithelial_AT2,NMPR
BD_immune07_614411,aneuploid,Tumor_epithelial_AT2,NMPR
BD_immune07_340219,aneuploid,Tumor_epithelial_AT2,NMPR
BD_immune07_777874,aneuploid,Tumor_epithelial_AT2,NMPR
BD_immune07_352221,aneuploid,Tumor_epithelial_AT2,NMPR
BD_immune07_362797,aneuploid,Tumor_epithelial_AT2,NMPR
BD_immune07_458899,aneuploid,Tumor_epithelial_AT2,NMPR
BD_immune07_537535,aneuploid,Tumor_epithelial_AT2,NMPR
BD_immune07_766055,aneuploid,Tumor_epithelial_AT2,NMPR
BD_immune07_218633,aneuploid,Tumor_epithelial_AT2,NMPR
BD_immune07_293059,aneuploid,Tumor_epithelial_AT2,NMPR
BD_immune07_778790,aneuploid,Tumor_epithelial_AT2,NMPR
BD_immune07_626233,aneuploid,Tumor_epithelial_AT2,NMPR
BD_immune07_753327,aneuploid,Tumor_epithelial_AT2,NMPR
BD_immune07_752589,aneuploid,Tumor_epithelial_AT2,NMPR
BD_immune07_64355,aneuploid,Tumor_epithelial_AT2,NMPR
BD_immune07_34188,aneuploid,Tumor_epithelial_AT2,NMPR
BD_immune07_851086,aneuploid,Tumor_epithelial_AT2,NMPR
BD_immune07_287750,aneuploid,Tumor_epithelial_AT2,NMPR
BD_immune07_196406,aneuploid,Tumor_epithelial_AT2,NMPR
BD_immune07_206490,aneuploid,Tumor_epithelial_AT2,NMPR
BD_immune07_638977,aneuploid,Tumor_epithelial_AT2,NMPR
BD_immune07_456784,aneuploid,Tumor_epithelial_AT2,NMPR
BD_immune07_353888,aneuploid,Tumor_epithelial_AT2,NMPR
BD_immune07_10270,aneuploid,Tumor_epithelial_AT2,NMPR
BD_immune07_519240,aneuploid,Tumor_epithelial_AT2,NMPR
BD_immune07_174405,aneuploid,Tumor_epithelial_AT2,NMPR
BD_immune07_273586,aneuploid,Tumor_epithelial_AT2,NMPR
BD_immune07_265682,aneuploid,Tumor_epithelial_AT2,NMPR
BD_immune07_170672,aneuploid,Tumor_epithelial_AT2,NMPR
BD_immune07_544152,aneuploid,Tumor_epithelial_AT2,NMPR
BD_immune07_542843,aneuploid,Tumor_epithelial_AT2,NMPR
BD_immune07_172911,aneuploid,Tumor_epithelial_AT2,NMPR
BD_immune07_456309,aneuploid,Tumor_epithelial_AT2,NMPR
BD_immune07_198160,aneuploid,Tumor_epithelial_AT2,NMPR
BD_immune07_164839,aneuploid,Tumor_epithelial_AT2,NMPR
BD_immune07_679387,aneuploid,Tumor_epithelial_AT2,NMPR
BD_immune07_811960,aneuploid,Tumor_epithelial_AT2,NMPR
BD_immune07_324915,aneuploid,Tumor_epithelial_AT2,NMPR
BD_immune07_225441,aneuploid,Tumor_epithelial_AT2,NMPR
BD_immune07_336940,aneuploid,Tumor_epithelial_AT2,NMPR
BD_immune07_483477,aneuploid,Tumor_epithelial_AT2,NMPR
BD_immune07_807298,aneuploid,Tumor_epithelial_AT2,NMPR
BD_immune07_771003,aneuploid,Tumor_epithelial_AT2,NMPR
BD_immune07_687607,aneuploid,Tumor_epithelial_AT2,NMPR
BD_immune07_317790,aneuploid,Tumor_epithelial_AT2,NMPR
BD_immune07_545474,aneuploid,Tumor_epithelial_AT2,NMPR
BD_immune07_811070,aneuploid,Tumor_epithelial_AT2,NMPR
BD_immune07_814243,aneuploid,Tumor_epithelial_AT2,NMPR
BD_immune07_732195,aneuploid,Tumor_epithelial_AT2,NMPR
BD_immune07_625539,aneuploid,Tumor_epithelial_AT2,NMPR
BD_immune07_23168,aneuploid,Tumor_epithelial_AT2,NMPR
BD_immune07_765829,aneuploid,Tumor_epithelial_AT2,NMPR
BD_immune07_665898,aneuploid,Tumor_epithelial_AT2,NMPR
BD_immune07_654568,aneuploid,Tumor_epithelial_AT2,NMPR
BD_immune07_413768,aneuploid,Tumor_epithelial_AT2,NMPR
BD_immune07_756228,aneuploid,Tumor_epithelial_AT2,NMPR
BD_immune07_257891,aneuploid,Tumor_epithelial_AT2,NMPR
BD_immune07_149027,aneuploid,Tumor_epithelial_AT2,NMPR
BD_immune07_776872,aneuploid,Tumor_epithelial_AT2,NMPR
BD_immune07_794108,aneuploid,Tumor_epithelial_AT2,NMPR
BD_immune07_826075,aneuploid,Tumor_epithelial_AT2,NMPR
BD_immune07_269049,aneuploid,Tumor_epithelial_AT2,NMPR
BD_immune07_370650,aneuploid,Tumor_epithelial_AT2,NMPR
BD_immune07_493284,aneuploid,Tumor_epithelial_AT2,NMPR
BD_immune07_824034,aneuploid,Tumor_epithelial_AT2,NMPR
BD_immune07_460120,aneuploid,Tumor_epithelial_AT2,NMPR
BD_immune07_385387,aneuploid,Tumor_epithelial_AT2,NMPR
BD_immune07_642642,aneuploid,Tumor_epithelial_AT2,NMPR
BD_immune07_90449,aneuploid,Tumor_epithelial_AT2,NMPR
BD_immune07_847714,aneuploid,Tumor_epithelial_AT2,NMPR
BD_immune07_813667,aneuploid,Tumor_epithelial_AT2,NMPR
BD_immune07_36217,aneuploid,Tumor_epithelial_AT2,NMPR
BD_immune07_46748,aneuploid,Tumor_epithelial_AT2,NMPR
BD_immune07_114024,aneuploid,Tumor_epithelial_AT2,NMPR
BD_immune07_741925,aneuploid,Tumor_epithelial_AT2,NMPR
BD_immune07_370214,aneuploid,Tumor_epithelial_AT2,NMPR
BD_immune07_86905,aneuploid,Tumor_epithelial_AT2,NMPR
BD_immune07_806041,aneuploid,Tumor_epithelial_AT2,NMPR
BD_immune07_331454,aneuploid,Tumor_epithelial_AT2,NMPR
BD_immune07_145957,aneuploid,Tumor_epithelial_AT2,NMPR
BD_immune07_785604,aneuploid,Tumor_epithelial_AT2,NMPR
BD_immune07_704086,aneuploid,Tumor_epithelial_AT2,NMPR
BD_immune07_412662,aneuploid,Tumor_epithelial_AT2,NMPR
BD_immune07_472795,aneuploid,Tumor_epithelial_AT2,NMPR
BD_immune07_341831,aneuploid,Tumor_epithelial_AT2,NMPR
BD_immune07_651376,aneuploid,Tumor_epithelial_AT2,NMPR
BD_immune07_852249,aneuploid,Tumor_epithelial_AT2,NMPR
BD_immune07_333680,aneuploid,Tumor_epithelial_AT2,NMPR
BD_immune07_713281,aneuploid,Tumor_epithelial_AT2,NMPR
BD_immune07_12815,aneuploid,Tumor_epithelial_AT2,NMPR
BD_immune07_840471,aneuploid,Tumor_epithelial_AT2,NMPR
BD_immune07_4906,aneuploid,Tumor_epithelial_AT2,NMPR
BD_immune07_364615,aneuploid,Tumor_epithelial_AT2,NMPR
BD_immune07_83929,aneuploid,Tumor_epithelial_AT2,NMPR
BD_immune07_627770,aneuploid,Tumor_epithelial_AT2,NMPR
BD_immune07_88108,aneuploid,Tumor_epithelial_AT2,NMPR
BD_immune07_131253,aneuploid,Tumor_epithelial_AT2,NMPR
BD_immune07_743217,aneuploid,Tumor_epithelial_AT2,NMPR
BD_immune07_588714,aneuploid,Tumor_epithelial_AT2,NMPR
BD_immune07_83597,aneuploid,Tumor_epithelial_AT2,NMPR
BD_immune07_184703,aneuploid,Tumor_epithelial_AT2,NMPR
BD_immune07_732595,aneuploid,Tumor_epithelial_AT2,NMPR
BD_immune07_264031,aneuploid,Tumor_epithelial_AT2,NMPR
BD_immune07_198339,aneuploid,Tumor_epithelial_AT2,NMPR
BD_immune07_526651,aneuploid,Tumor_epithelial_AT2,NMPR
BD_immune07_851215,aneuploid,Tumor_epithelial_AT2,NMPR
BD_immune07_811612,aneuploid,Tumor_epithelial_AT2,NMPR
BD_immune07_869112,aneuploid,Tumor_epithelial_AT2,NMPR
BD_immune07_159664,aneuploid,Tumor_epithelial_AT2,NMPR
BD_immune07_354293,aneuploid,Tumor_epithelial_AT2,NMPR
BD_immune07_422325,aneuploid,Tumor_epithelial_AT2,NMPR
BD_immune07_253935,aneuploid,Tumor_epithelial_AT2,NMPR
BD_immune07_108792,aneuploid,Tumor_epithelial_AT2,NMPR
BD_immune07_3060,aneuploid,Tumor_epithelial_AT2,NMPR
BD_immune07_259981,aneuploid,Tumor_epithelial_AT2,NMPR
BD_immune07_39652,aneuploid,Tumor_epithelial_AT2,NMPR
BD_immune07_515296,aneuploid,Tumor_epithelial_AT2,NMPR
BD_immune07_440468,aneuploid,Tumor_epithelial_AT2,NMPR
BD_immune07_53182,aneuploid,Tumor_epithelial_AT2,NMPR
BD_immune07_726995,aneuploid,Tumor_epithelial_AT2,NMPR
BD_immune07_315691,aneuploid,Tumor_epithelial_AT2,NMPR
BD_immune07_313674,aneuploid,Tumor_epithelial_AT2,NMPR
BD_immune07_196999,aneuploid,Tumor_epithelial_AT2,NMPR
BD_immune07_787964,aneuploid,Tumor_epithelial_AT2,NMPR
BD_immune07_292755,aneuploid,Tumor_epithelial_AT2,NMPR
BD_immune07_94090,aneuploid,Tumor_epithelial_AT2,NMPR
BD_immune07_178401,aneuploid,Tumor_epithelial_AT2,NMPR
BD_immune07_676831,aneuploid,Tumor_epithelial_AT2,NMPR
BD_immune07_281600,aneuploid,Tumor_epithelial_AT2,NMPR
BD_immune07_802881,aneuploid,Tumor_epithelial_AT2,NMPR
BD_immune07_121263,aneuploid,Tumor_epithelial_AT2,NMPR
BD_immune07_588070,aneuploid,Tumor_epithelial_AT2,NMPR
BD_immune07_580723,aneuploid,Tumor_epithelial_AT2,NMPR
BD_immune07_551849,aneuploid,Tumor_epithelial_AT2,NMPR
BD_immune07_883459,aneuploid,Tumor_epithelial_AT2,NMPR
BD_immune07_92858,aneuploid,Tumor_epithelial_AT2,NMPR
BD_immune07_389851,aneuploid,Tumor_epithelial_AT2,NMPR
BD_immune07_206422,aneuploid,Tumor_epithelial_AT2,NMPR
BD_immune07_265931,aneuploid,Tumor_epithelial_AT2,NMPR
BD_immune07_174018,aneuploid,Tumor_epithelial_AT2,NMPR
BD_immune07_327152,aneuploid,Tumor_epithelial_AT2,NMPR
BD_immune07_775056,aneuploid,Tumor_epithelial_AT2,NMPR
BD_immune07_741745,aneuploid,Tumor_epithelial_AT2,NMPR
BD_immune07_126919,aneuploid,Tumor_epithelial_AT2,NMPR
BD_immune07_329012,aneuploid,Tumor_epithelial_AT2,NMPR
BD_immune07_60069,aneuploid,Tumor_epithelial_AT2,NMPR
BD_immune07_537030,aneuploid,Tumor_epithelial_AT2,NMPR
BD_immune07_860998,aneuploid,Tumor_epithelial_AT2,NMPR
BD_immune07_490576,aneuploid,Tumor_epithelial_AT2,NMPR
BD_immune07_384579,aneuploid,Tumor_epithelial_AT2,NMPR
BD_immune07_703814,aneuploid,Tumor_epithelial_AT2,NMPR
BD_immune07_777463,aneuploid,Tumor_epithelial_AT2,NMPR
BD_immune07_153521,aneuploid,Tumor_epithelial_AT2,NMPR
BD_immune07_803979,aneuploid,Tumor_epithelial_AT2,NMPR
BD_immune07_669760,aneuploid,Tumor_epithelial_AT2,NMPR
BD_immune07_814171,aneuploid,Tumor_epithelial_AT2,NMPR
BD_immune07_11988,aneuploid,Tumor_epithelial_AT2,NMPR
BD_immune07_564702,aneuploid,Tumor_epithelial_AT2,NMPR
BD_immune07_542035,aneuploid,Tumor_epithelial_AT2,NMPR
BD_immune07_257445,aneuploid,Tumor_epithelial_AT2,NMPR
BD_immune07_511525,aneuploid,Tumor_epithelial_AT2,NMPR
BD_immune07_34682,aneuploid,Tumor_epithelial_AT2,NMPR
BD_immune07_702243,aneuploid,Tumor_epithelial_AT2,NMPR
BD_immune07_350477,aneuploid,Tumor_epithelial_AT2,NMPR
BD_immune07_807370,aneuploid,Tumor_epithelial_AT2,NMPR
BD_immune07_19271,aneuploid,Tumor_epithelial_AT2,NMPR
BD_immune07_52456,aneuploid,Tumor_epithelial_AT2,NMPR
BD_immune07_629604,aneuploid,Tumor_epithelial_AT2,NMPR
BD_immune07_664190,aneuploid,Tumor_epithelial_AT2,NMPR
BD_immune07_702982,aneuploid,Tumor_epithelial_AT2,NMPR
BD_immune07_551665,aneuploid,Tumor_epithelial_AT2,NMPR
BD_immune07_153434,aneuploid,Tumor_epithelial_AT2,NMPR
BD_immune07_307271,aneuploid,Tumor_epithelial_AT2,NMPR
BD_immune07_760394,aneuploid,Tumor_epithelial_AT2,NMPR
BD_immune07_146748,aneuploid,Tumor_epithelial_AT2,NMPR
BD_immune07_429628,aneuploid,Tumor_epithelial_AT2,NMPR
BD_immune07_859782,aneuploid,Tumor_epithelial_AT2,NMPR
BD_immune07_486874,aneuploid,Tumor_epithelial_AT2,NMPR
BD_immune07_303392,aneuploid,Tumor_epithelial_AT2,NMPR
BD_immune07_774898,aneuploid,Tumor_epithelial_AT2,NMPR
BD_immune07_232202,aneuploid,Tumor_epithelial_AT2,NMPR
BD_immune07_596968,aneuploid,Tumor_epithelial_AT2,NMPR
BD_immune07_841135,aneuploid,Tumor_epithelial_AT2,NMPR
BD_immune07_420306,aneuploid,Tumor_epithelial_AT2,NMPR
BD_immune07_877093,aneuploid,Tumor_epithelial_AT2,NMPR
BD_immune07_390381,aneuploid,Tumor_epithelial_AT2,NMPR
BD_immune07_138361,aneuploid,Tumor_epithelial_AT2,NMPR
BD_immune07_313257,aneuploid,Tumor_epithelial_AT2,NMPR
BD_immune07_616768,aneuploid,Tumor_epithelial_AT2,NMPR
BD_immune07_212151,aneuploid,Tumor_epithelial_AT2,NMPR
BD_immune07_80092,aneuploid,Tumor_epithelial_AT2,NMPR
BD_immune07_606163,aneuploid,Tumor_epithelial_AT2,NMPR
BD_immune07_795391,aneuploid,Tumor_epithelial_AT2,NMPR
BD_immune07_200137,aneuploid,Tumor_epithelial_AT2,NMPR
BD_immune07_139850,aneuploid,Tumor_epithelial_AT2,NMPR
BD_immune07_411478,aneuploid,Tumor_epithelial_AT2,NMPR
BD_immune07_182778,aneuploid,Tumor_epithelial_AT2,NMPR
BD_immune07_295314,aneuploid,Tumor_epithelial_AT2,NMPR
BD_immune07_536520,aneuploid,Tumor_epithelial_AT2,NMPR
BD_immune07_778886,aneuploid,Tumor_epithelial_AT2,NMPR
BD_immune07_257838,aneuploid,Tumor_epithelial_AT2,NMPR
BD_immune07_450278,aneuploid,Tumor_epithelial_AT2,NMPR
BD_immune07_502545,aneuploid,Tumor_epithelial_AT2,NMPR
BD_immune07_413721,aneuploid,Tumor_epithelial_AT2,NMPR
BD_immune07_210052,aneuploid,Tumor_epithelial_AT2,NMPR
BD_immune07_258826,aneuploid,Tumor_epithelial_AT2,NMPR
BD_immune07_877493,aneuploid,Tumor_epithelial_AT2,NMPR
BD_immune07_445453,aneuploid,Tumor_epithelial_AT2,NMPR
BD_immune07_838270,aneuploid,Tumor_epithelial_AT2,NMPR
BD_immune07_309201,aneuploid,Tumor_epithelial_AT2,NMPR
BD_immune07_578513,aneuploid,Tumor_epithelial_AT2,NMPR
BD_immune07_354336,aneuploid,Tumor_epithelial_AT2,NMPR
BD_immune07_631271,aneuploid,Tumor_epithelial_AT2,NMPR
BD_immune07_732557,aneuploid,Tumor_epithelial_AT2,NMPR
BD_immune07_617372,aneuploid,Tumor_epithelial_AT2,NMPR
BD_immune07_705808,aneuploid,Tumor_epithelial_AT2,NMPR
BD_immune07_801632,aneuploid,Tumor_epithelial_AT2,NMPR
BD_immune07_18569,aneuploid,Tumor_epithelial_AT2,NMPR
BD_immune07_675479,aneuploid,Tumor_epithelial_AT2,NMPR
BD_immune07_135415,aneuploid,Tumor_epithelial_AT2,NMPR
BD_immune07_226011,aneuploid,Tumor_epithelial_AT2,NMPR
BD_immune07_845309,aneuploid,Tumor_epithelial_AT2,NMPR
BD_immune07_370961,aneuploid,Tumor_epithelial_AT2,NMPR
BD_immune07_703872,aneuploid,Tumor_epithelial_AT2,NMPR
BD_immune07_610078,aneuploid,Tumor_epithelial_AT2,NMPR
BD_immune07_709181,aneuploid,Tumor_epithelial_AT2,NMPR
BD_immune07_142512,aneuploid,Tumor_epithelial_AT2,NMPR
BD_immune07_446004,aneuploid,Tumor_epithelial_AT2,NMPR
BD_immune07_232321,aneuploid,Tumor_epithelial_AT2,NMPR
BD_immune07_528564,aneuploid,Tumor_epithelial_AT2,NMPR
BD_immune07_581823,aneuploid,Tumor_epithelial_AT2,NMPR
BD_immune07_57898,aneuploid,Tumor_epithelial_AT2,NMPR
BD_immune07_413116,aneuploid,Tumor_epithelial_AT2,NMPR
BD_immune07_342702,aneuploid,Tumor_epithelial_AT2,NMPR
BD_immune07_722805,aneuploid,Tumor_epithelial_AT2,NMPR
BD_immune07_766473,aneuploid,Tumor_epithelial_AT2,NMPR
BD_immune07_288224,aneuploid,Tumor_epithelial_AT2,NMPR
BD_immune07_655805,aneuploid,Tumor_epithelial_AT2,NMPR
BD_immune07_2006,aneuploid,Tumor_epithelial_AT2,NMPR
BD_immune07_428510,aneuploid,Tumor_epithelial_AT2,NMPR
BD_immune07_667176,aneuploid,Tumor_epithelial_AT2,NMPR
BD_immune07_23564,aneuploid,Tumor_epithelial_AT2,NMPR
BD_immune07_666659,aneuploid,Tumor_epithelial_AT2,NMPR
BD_immune07_713889,aneuploid,Tumor_epithelial_AT2,NMPR
BD_immune07_881611,aneuploid,Tumor_epithelial_AT2,NMPR
BD_immune07_402658,aneuploid,Tumor_epithelial_AT2,NMPR
BD_immune07_537111,aneuploid,Tumor_epithelial_AT2,NMPR
BD_immune07_732773,aneuploid,Tumor_epithelial_AT2,NMPR
BD_immune07_312992,aneuploid,Tumor_epithelial_AT2,NMPR
BD_immune07_497469,aneuploid,Tumor_epithelial_AT2,NMPR
BD_immune07_418348,aneuploid,Tumor_epithelial_AT2,NMPR
BD_immune07_396048,aneuploid,Tumor_epithelial_AT2,NMPR
BD_immune07_94322,aneuploid,Tumor_epithelial_AT2,NMPR
BD_immune07_553423,aneuploid,Tumor_epithelial_AT2,NMPR
BD_immune07_842807,aneuploid,Tumor_epithelial_AT2,NMPR
BD_immune07_583620,aneuploid,Tumor_epithelial_AT2,NMPR
BD_immune07_818314,aneuploid,Tumor_epithelial_AT2,NMPR
BD_immune07_771872,aneuploid,Tumor_epithelial_AT2,NMPR
BD_immune07_632872,aneuploid,Tumor_epithelial_AT2,NMPR
BD_immune07_311574,aneuploid,Tumor_epithelial_AT2,NMPR
BD_immune07_428806,aneuploid,Tumor_epithelial_AT2,NMPR
BD_immune07_253946,aneuploid,Tumor_epithelial_AT2,NMPR
BD_immune07_683,aneuploid,Tumor_epithelial_AT2,NMPR
BD_immune07_875400,aneuploid,Tumor_epithelial_AT2,NMPR
BD_immune07_486106,aneuploid,Tumor_epithelial_AT2,NMPR
BD_immune07_232149,aneuploid,Tumor_epithelial_AT2,NMPR
BD_immune07_566725,aneuploid,Tumor_epithelial_AT2,NMPR
BD_immune07_336118,aneuploid,Tumor_epithelial_AT2,NMPR
BD_immune07_688144,aneuploid,Tumor_epithelial_AT2,NMPR
BD_immune07_784055,aneuploid,Tumor_epithelial_AT2,NMPR
BD_immune07_398372,aneuploid,Tumor_epithelial_AT2,NMPR
BD_immune07_318776,aneuploid,Tumor_epithelial_AT2,NMPR
BD_immune07_4279,aneuploid,Tumor_epithelial_AT2,NMPR
BD_immune07_305296,aneuploid,Tumor_epithelial_AT2,NMPR
BD_immune07_523056,aneuploid,Tumor_epithelial_AT2,NMPR
BD_immune07_409605,aneuploid,Tumor_epithelial_AT2,NMPR
BD_immune07_122491,aneuploid,Tumor_epithelial_AT2,NMPR
BD_immune07_57367,aneuploid,Tumor_epithelial_AT2,NMPR
BD_immune07_282734,aneuploid,Tumor_epithelial_AT2,NMPR
BD_immune07_48877,aneuploid,Tumor_epithelial_AT2,NMPR
BD_immune07_734790,aneuploid,Tumor_epithelial_AT2,NMPR
BD_immune07_884494,aneuploid,Tumor_epithelial_AT2,NMPR
BD_immune07_556304,aneuploid,Tumor_epithelial_AT2,NMPR
BD_immune07_185216,aneuploid,Tumor_epithelial_AT2,NMPR
BD_immune07_135076,aneuploid,Tumor_epithelial_AT2,NMPR
BD_immune07_365310,aneuploid,Tumor_epithelial_AT2,NMPR
BD_immune07_326248,aneuploid,Tumor_epithelial_AT2,NMPR
BD_immune07_250170,aneuploid,Tumor_epithelial_AT2,NMPR
BD_immune07_44414,aneuploid,Tumor_epithelial_AT2,NMPR
BD_immune07_486161,aneuploid,Tumor_epithelial_AT2,NMPR
BD_immune07_558048,aneuploid,Tumor_epithelial_AT2,NMPR
BD_immune07_266889,aneuploid,Tumor_epithelial_AT2,NMPR
BD_immune07_676783,aneuploid,Tumor_epithelial_AT2,NMPR
BD_immune07_151671,aneuploid,Tumor_epithelial_AT2,NMPR
BD_immune07_860189,aneuploid,Tumor_epithelial_AT2,NMPR
BD_immune07_392814,aneuploid,Tumor_epithelial_AT2,NMPR
BD_immune07_552502,aneuploid,Tumor_epithelial_AT2,NMPR
BD_immune07_579512,aneuploid,Tumor_epithelial_AT2,NMPR
BD_immune07_767055,aneuploid,Tumor_epithelial_AT2,NMPR
BD_immune07_493324,aneuploid,Tumor_epithelial_AT2,NMPR
BD_immune07_868665,aneuploid,Tumor_epithelial_AT2,NMPR
BD_immune07_741175,aneuploid,Tumor_epithelial_AT2,NMPR
BD_immune07_804190,aneuploid,Tumor_epithelial_AT2,NMPR
BD_immune07_718753,aneuploid,Tumor_epithelial_AT2,NMPR
BD_immune07_428325,aneuploid,Tumor_epithelial_AT2,NMPR
BD_immune07_859504,aneuploid,Tumor_epithelial_AT2,NMPR
BD_immune07_746368,aneuploid,Tumor_epithelial_AT2,NMPR
BD_immune07_536546,aneuploid,Tumor_epithelial_AT2,NMPR
BD_immune07_243456,aneuploid,Tumor_epithelial_AT2,NMPR
BD_immune07_835651,aneuploid,Tumor_epithelial_AT2,NMPR
BD_immune07_858990,aneuploid,Tumor_epithelial_AT2,NMPR
BD_immune07_275671,aneuploid,Tumor_epithelial_AT2,NMPR
BD_immune07_67206,aneuploid,Tumor_epithelial_AT2,NMPR
BD_immune07_63211,aneuploid,Tumor_epithelial_AT2,NMPR
BD_immune07_214830,aneuploid,Tumor_epithelial_AT2,NMPR
BD_immune07_573081,aneuploid,Tumor_epithelial_AT2,NMPR
BD_immune07_618291,aneuploid,Tumor_epithelial_AT2,NMPR
BD_immune07_427373,aneuploid,Tumor_epithelial_AT2,NMPR
BD_immune07_199026,aneuploid,Tumor_epithelial_AT2,NMPR
BD_immune07_834906,aneuploid,Tumor_epithelial_AT2,NMPR
BD_immune07_78203,aneuploid,Tumor_epithelial_AT2,NMPR
BD_immune07_423926,aneuploid,Tumor_epithelial_AT2,NMPR
BD_immune07_78503,aneuploid,Tumor_epithelial_AT2,NMPR
BD_immune07_774951,aneuploid,Tumor_epithelial_AT2,NMPR
BD_immune07_670060,aneuploid,Tumor_epithelial_AT2,NMPR
BD_immune07_574997,aneuploid,Tumor_epithelial_AT2,NMPR
BD_immune07_598037,aneuploid,Tumor_epithelial_AT2,NMPR
BD_immune07_195304,aneuploid,Tumor_epithelial_AT2,NMPR
BD_immune07_623045,aneuploid,Tumor_epithelial_AT2,NMPR
BD_immune07_263174,aneuploid,Tumor_epithelial_AT2,NMPR
BD_immune07_839354,aneuploid,Tumor_epithelial_AT2,NMPR
BD_immune07_320816,aneuploid,Tumor_epithelial_AT2,NMPR
BD_immune07_854153,aneuploid,Tumor_epithelial_AT2,NMPR
BD_immune07_407395,aneuploid,Tumor_epithelial_AT2,NMPR
BD_immune07_698097,aneuploid,Tumor_epithelial_AT2,NMPR
BD_immune07_392260,aneuploid,Tumor_epithelial_AT2,NMPR
BD_immune07_373833,aneuploid,Tumor_epithelial_AT2,NMPR
BD_immune07_740340,aneuploid,Tumor_epithelial_AT2,NMPR
BD_immune07_53216,aneuploid,Tumor_epithelial_AT2,NMPR
BD_immune07_176494,aneuploid,Tumor_epithelial_AT2,NMPR
BD_immune07_437154,aneuploid,Tumor_epithelial_AT2,NMPR
BD_immune07_798493,aneuploid,Tumor_epithelial_AT2,NMPR
BD_immune07_425310,aneuploid,Tumor_epithelial_AT2,NMPR
BD_immune07_608265,aneuploid,Tumor_epithelial_AT2,NMPR
BD_immune07_543959,aneuploid,Tumor_epithelial_AT2,NMPR
BD_immune07_549109,aneuploid,Tumor_epithelial_AT2,NMPR
BD_immune07_651884,aneuploid,Tumor_epithelial_AT2,NMPR
BD_immune07_333307,aneuploid,Tumor_epithelial_AT2,NMPR
BD_immune07_110714,aneuploid,Tumor_epithelial_AT2,NMPR
BD_immune07_175556,aneuploid,Tumor_epithelial_AT2,NMPR
BD_immune07_442249,aneuploid,Tumor_epithelial_AT2,NMPR
BD_immune07_779097,aneuploid,Tumor_epithelial_AT2,NMPR
BD_immune07_238394,aneuploid,Tumor_epithelial_AT2,NMPR
BD_immune07_276637,aneuploid,Tumor_epithelial_AT2,NMPR
BD_immune07_7981,aneuploid,Tumor_epithelial_AT2,NMPR
BD_immune07_805620,aneuploid,Tumor_epithelial_AT2,NMPR
BD_immune07_301546,aneuploid,Tumor_epithelial_AT2,NMPR
BD_immune07_228529,aneuploid,Tumor_epithelial_AT2,NMPR
BD_immune07_779273,aneuploid,Tumor_epithelial_AT2,NMPR
BD_immune07_436631,diploid,Ciliated_epithelial,NMPR
BD_immune07_665336,aneuploid,Tumor_epithelial_AT2,NMPR
BD_immune07_224099,aneuploid,Tumor_epithelial_AT2,NMPR
BD_immune07_94314,aneuploid,Tumor_epithelial_AT2,NMPR
BD_immune07_684690,aneuploid,Tumor_epithelial_AT2,NMPR
BD_immune07_761927,aneuploid,Tumor_epithelial_AT2,NMPR
BD_immune07_610941,aneuploid,Tumor_epithelial_AT2,NMPR
BD_immune07_518126,aneuploid,Tumor_epithelial_AT2,NMPR
BD_immune07_22131,aneuploid,Tumor_epithelial_AT2,NMPR
BD_immune07_170220,aneuploid,Tumor_epithelial_AT2,NMPR
BD_immune07_98166,aneuploid,Tumor_epithelial_AT2,NMPR
BD_immune07_566282,aneuploid,Tumor_epithelial_AT2,NMPR
BD_immune07_374885,aneuploid,Tumor_epithelial_AT2,NMPR
BD_immune07_862950,aneuploid,Tumor_epithelial_AT2,NMPR
BD_immune07_204591,aneuploid,Tumor_epithelial_AT2,NMPR
BD_immune07_759871,aneuploid,Tumor_epithelial_AT2,NMPR
BD_immune07_486644,aneuploid,Tumor_epithelial_AT2,NMPR
BD_immune07_161985,aneuploid,Tumor_epithelial_AT2,NMPR
BD_immune07_410414,aneuploid,Tumor_epithelial_AT2,NMPR
BD_immune07_427635,aneuploid,Tumor_epithelial_AT2,NMPR
BD_immune07_172650,aneuploid,Tumor_epithelial_AT2,NMPR
BD_immune07_388405,aneuploid,Tumor_epithelial_AT2,NMPR
BD_immune07_27628,aneuploid,Tumor_epithelial_AT2,NMPR
BD_immune07_163428,aneuploid,Tumor_epithelial_AT2,NMPR
BD_immune07_106693,aneuploid,Tumor_epithelial_AT2,NMPR
BD_immune07_44529,aneuploid,Tumor_epithelial_AT2,NMPR
BD_immune07_511536,aneuploid,Tumor_epithelial_AT2,NMPR
BD_immune07_598913,aneuploid,Tumor_epithelial_AT2,NMPR
BD_immune07_254318,aneuploid,Tumor_epithelial_AT2,NMPR
BD_immune07_552497,aneuploid,Tumor_epithelial_AT2,NMPR
BD_immune07_211232,aneuploid,Tumor_epithelial_AT2,NMPR
BD_immune07_47711,aneuploid,Tumor_epithelial_AT2,NMPR
BD_immune07_822880,aneuploid,Tumor_epithelial_AT2,NMPR
BD_immune07_17171,aneuploid,Tumor_epithelial_AT2,NMPR
BD_immune07_740397,aneuploid,Tumor_epithelial_AT2,NMPR
BD_immune07_265467,aneuploid,Tumor_epithelial_AT2,NMPR
BD_immune07_805496,aneuploid,Tumor_epithelial_AT2,NMPR
BD_immune07_879616,aneuploid,Tumor_epithelial_AT2,NMPR
BD_immune07_846282,aneuploid,Tumor_epithelial_AT2,NMPR
BD_immune07_796242,aneuploid,Ciliated_epithelial,NMPR
BD_immune05_696016,aneuploid,Tumor_epithelial_AT2,NMPR
BD_immune05_640020,aneuploid,Tumor_epithelial_AT2,NMPR
BD_immune05_793775,aneuploid,Tumor_epithelial_AT2,NMPR
BD_immune05_540570,aneuploid,Tumor_epithelial_AT2,NMPR
BD_immune08_34046,aneuploid,Tumor_epithelial_AT2,NMPR
BD_immune08_342376,aneuploid,Tumor_epithelial_AT2,NMPR
BD_immune08_732603,aneuploid,Tumor_epithelial_AT2,NMPR
BD_immune08_375481,aneuploid,Tumor_epithelial_AT2,NMPR
BD_immune08_469950,aneuploid,Tumor_epithelial_AT2,NMPR
BD_immune08_718585,aneuploid,Tumor_epithelial_AT2,NMPR
BD_immune08_19272,aneuploid,Tumor_epithelial_AT2,NMPR
BD_immune08_698403,aneuploid,Tumor_epithelial_AT2,NMPR
BD_immune08_266449,aneuploid,Tumor_epithelial_AT2,NMPR
BD_immune08_113807,aneuploid,Tumor_epithelial_AT2,NMPR
BD_immune08_162033,aneuploid,Tumor_epithelial_AT2,NMPR
BD_immune08_770231,aneuploid,Tumor_epithelial_AT2,NMPR
BD_immune08_183043,aneuploid,Tumor_epithelial_AT2,NMPR
BD_immune08_850346,aneuploid,Tumor_epithelial_AT2,NMPR
BD_immune08_801338,aneuploid,Tumor_epithelial_AT2,NMPR
BD_immune08_392470,aneuploid,Tumor_epithelial_AT2,NMPR
BD_immune08_18305,aneuploid,Tumor_epithelial_AT2,NMPR
BD_immune08_786575,aneuploid,Tumor_epithelial_AT2,NMPR
BD_immune08_578799,aneuploid,Tumor_epithelial_AT2,NMPR
BD_immune08_232087,aneuploid,Tumor_epithelial_AT2,NMPR
BD_immune08_564893,aneuploid,Tumor_epithelial_AT2,NMPR
BD_immune08_577320,aneuploid,Tumor_epithelial_AT2,NMPR
BD_immune08_747183,aneuploid,Tumor_epithelial_AT2,NMPR
BD_immune08_281690,aneuploid,Tumor_epithelial_AT2,NMPR
BD_immune08_508249,aneuploid,Tumor_epithelial_AT2,NMPR
BD_immune08_637999,aneuploid,Tumor_epithelial_AT2,NMPR
BD_immune08_450383,aneuploid,Tumor_epithelial_AT2,NMPR
BD_immune08_183911,aneuploid,Tumor_epithelial_AT2,NMPR
BD_immune08_589773,aneuploid,Tumor_epithelial_AT2,NMPR
BD_immune08_59889,aneuploid,Tumor_epithelial_AT2,NMPR
BD_immune08_593406,aneuploid,Tumor_epithelial_AT2,NMPR
BD_immune08_257012,aneuploid,Tumor_epithelial_AT2,NMPR
BD_immune08_620511,aneuploid,Tumor_epithelial_AT2,NMPR
BD_immune08_138099,aneuploid,Tumor_epithelial_AT2,NMPR
BD_immune08_157731,aneuploid,Tumor_epithelial_AT2,NMPR
BD_immune08_569495,aneuploid,Tumor_epithelial_AT2,NMPR
BD_immune08_49070,aneuploid,Tumor_epithelial_AT2,NMPR
BD_immune08_120543,aneuploid,Tumor_epithelial_AT2,NMPR
BD_immune08_356278,aneuploid,Tumor_epithelial_AT2,NMPR
BD_immune08_140300,aneuploid,Tumor_epithelial_AT2,NMPR
BD_immune08_872461,aneuploid,Tumor_epithelial_AT2,NMPR
BD_immune08_482420,aneuploid,Tumor_epithelial_AT2,NMPR
BD_immune08_531035,aneuploid,Tumor_epithelial_AT2,NMPR
BD_immune08_132952,aneuploid,Tumor_epithelial_AT2,NMPR
BD_immune08_343223,aneuploid,Tumor_epithelial_AT2,NMPR
BD_immune08_713656,aneuploid,Tumor_epithelial_AT2,NMPR
BD_immune08_345962,aneuploid,Tumor_epithelial_AT2,NMPR
BD_immune08_491666,aneuploid,Tumor_epithelial_AT2,NMPR
BD_immune08_270165,aneuploid,Tumor_epithelial_AT2,NMPR
BD_immune08_651375,aneuploid,Tumor_epithelial_AT2,NMPR
BD_immune08_517223,aneuploid,Tumor_epithelial_AT2,NMPR
BD_immune08_502894,aneuploid,Tumor_epithelial_AT2,NMPR
BD_immune08_685461,aneuploid,Tumor_epithelial_AT2,NMPR
BD_immune08_653049,aneuploid,Tumor_epithelial_AT2,NMPR
BD_immune08_474953,aneuploid,Tumor_epithelial_AT2,NMPR
BD_immune08_320857,aneuploid,Tumor_epithelial_AT2,NMPR
BD_immune08_750915,aneuploid,Tumor_epithelial_AT2,NMPR
BD_immune08_635209,aneuploid,Tumor_epithelial_AT2,NMPR
BD_immune08_342424,aneuploid,Tumor_epithelial_AT2,NMPR
BD_immune08_232505,aneuploid,Tumor_epithelial_AT2,NMPR
BD_immune08_68294,aneuploid,Tumor_epithelial_AT2,NMPR
BD_immune08_71743,aneuploid,Tumor_epithelial_AT2,NMPR
BD_immune08_625301,aneuploid,Tumor_epithelial_AT2,NMPR
BD_immune08_837815,aneuploid,Tumor_epithelial_AT2,NMPR
BD_immune08_94199,aneuploid,Tumor_epithelial_AT2,NMPR
BD_immune08_550392,aneuploid,Tumor_epithelial_AT2,NMPR
BD_immune08_435679,aneuploid,Tumor_epithelial_AT2,NMPR
BD_immune08_327439,aneuploid,Tumor_epithelial_AT2,NMPR
BD_immune08_56360,aneuploid,Tumor_epithelial_AT2,NMPR
BD_immune08_217959,aneuploid,Tumor_epithelial_AT2,NMPR
BD_immune08_270177,aneuploid,Tumor_epithelial_AT2,NMPR
BD_immune08_455125,aneuploid,Tumor_epithelial_AT2,NMPR
BD_immune08_651426,aneuploid,Tumor_epithelial_AT2,NMPR
BD_immune08_852047,aneuploid,Tumor_epithelial_AT2,NMPR
BD_immune08_288658,aneuploid,Tumor_epithelial_AT2,NMPR
BD_immune08_368902,aneuploid,Tumor_epithelial_AT2,NMPR
BD_immune08_224362,aneuploid,Tumor_epithelial_AT2,NMPR
BD_immune08_213025,aneuploid,Tumor_epithelial_AT2,NMPR
BD_immune08_827422,aneuploid,Tumor_epithelial_AT2,NMPR
BD_immune08_102234,aneuploid,Tumor_epithelial_AT2,NMPR
BD_immune08_126670,aneuploid,Tumor_epithelial_AT2,NMPR
BD_immune08_49676,aneuploid,Tumor_epithelial_AT2,NMPR
BD_immune08_223505,aneuploid,Tumor_epithelial_AT2,NMPR
BD_immune08_310696,aneuploid,Tumor_epithelial_AT2,NMPR
BD_immune08_834316,aneuploid,Tumor_epithelial_AT2,NMPR
BD_immune08_778143,aneuploid,Tumor_epithelial_AT2,NMPR
BD_immune08_159047,aneuploid,Tumor_epithelial_AT2,NMPR
BD_immune08_27060,aneuploid,Tumor_epithelial_AT2,NMPR
BD_immune08_461889,aneuploid,Tumor_epithelial_AT2,NMPR
BD_immune08_122787,aneuploid,Tumor_epithelial_AT2,NMPR
BD_immune08_803832,aneuploid,Tumor_epithelial_AT2,NMPR
BD_immune08_745485,aneuploid,Tumor_epithelial_AT2,NMPR
BD_immune08_638686,aneuploid,Tumor_epithelial_AT2,NMPR
BD_immune08_598265,aneuploid,Tumor_epithelial_AT2,NMPR
BD_immune08_230934,aneuploid,Tumor_epithelial_AT2,NMPR
BD_immune08_558723,aneuploid,Tumor_epithelial_AT2,NMPR
BD_immune08_728843,aneuploid,Tumor_epithelial_AT2,NMPR
BD_immune08_324012,aneuploid,Tumor_epithelial_AT2,NMPR
BD_immune08_219302,aneuploid,Tumor_epithelial_AT2,NMPR
BD_immune08_392913,aneuploid,Tumor_epithelial_AT2,NMPR
BD_immune08_575919,aneuploid,Tumor_epithelial_AT2,NMPR
BD_immune08_232508,aneuploid,Tumor_epithelial_AT2,NMPR
BD_immune08_622494,aneuploid,Tumor_epithelial_AT2,NMPR
BD_immune08_459449,aneuploid,Tumor_epithelial_AT2,NMPR
BD_immune08_838337,aneuploid,Tumor_epithelial_AT2,NMPR
BD_immune08_326006,aneuploid,Tumor_epithelial_AT2,NMPR
BD_immune08_805367,aneuploid,Tumor_epithelial_AT2,NMPR
BD_immune08_683614,aneuploid,Tumor_epithelial_AT2,NMPR
BD_immune08_526466,aneuploid,Tumor_epithelial_AT2,NMPR
BD_immune08_515319,aneuploid,Tumor_epithelial_AT2,NMPR
BD_immune08_512923,aneuploid,Tumor_epithelial_AT2,NMPR
BD_immune08_320604,aneuploid,Tumor_epithelial_AT2,NMPR
BD_immune08_735350,aneuploid,Tumor_epithelial_AT2,NMPR
BD_immune08_834790,aneuploid,Tumor_epithelial_AT2,NMPR
BD_immune08_717037,aneuploid,Tumor_epithelial_AT2,NMPR
BD_immune08_260131,aneuploid,Tumor_epithelial_AT2,NMPR
BD_immune08_87984,aneuploid,Tumor_epithelial_AT2,NMPR
BD_immune08_285350,aneuploid,Tumor_epithelial_AT2,NMPR
BD_immune08_244974,aneuploid,Tumor_epithelial_AT2,NMPR
BD_immune08_598200,aneuploid,Tumor_epithelial_AT2,NMPR
BD_immune08_366751,aneuploid,Tumor_epithelial_AT2,NMPR
BD_immune08_306193,aneuploid,Tumor_epithelial_AT2,NMPR
BD_immune08_324274,aneuploid,Tumor_epithelial_AT2,NMPR
BD_immune08_708228,aneuploid,Tumor_epithelial_AT2,NMPR
BD_immune08_748786,aneuploid,Tumor_epithelial_AT2,NMPR
BD_immune08_877688,aneuploid,Tumor_epithelial_AT2,NMPR
BD_immune08_286268,aneuploid,Tumor_epithelial_AT2,NMPR
BD_immune08_221176,aneuploid,Tumor_epithelial_AT2,NMPR
BD_immune08_736198,aneuploid,Tumor_epithelial_AT2,NMPR
BD_immune08_547924,aneuploid,Tumor_epithelial_AT2,NMPR
BD_immune08_591195,aneuploid,Tumor_epithelial_AT2,NMPR
BD_immune08_574348,aneuploid,Tumor_epithelial_AT2,NMPR
BD_immune08_771213,aneuploid,Tumor_epithelial_AT2,NMPR
BD_immune08_235802,aneuploid,Tumor_epithelial_AT2,NMPR
BD_immune08_788157,aneuploid,Tumor_epithelial_AT2,NMPR
BD_immune08_874513,aneuploid,Tumor_epithelial_AT2,NMPR
BD_immune08_483082,aneuploid,Tumor_epithelial_AT2,NMPR
BD_immune08_816933,aneuploid,Tumor_epithelial_AT2,NMPR
BD_immune08_625731,aneuploid,Tumor_epithelial_AT2,NMPR
BD_immune08_524592,aneuploid,Tumor_epithelial_AT2,NMPR
BD_immune10_362032,aneuploid,Tumor_epithelial_AT2,NMPR
BD_immune10_397106,aneuploid,Tumor_epithelial_AT2,NMPR
BD_immune10_474430,aneuploid,Tumor_epithelial_AT2,NMPR
BD_immune10_487753,aneuploid,Tumor_epithelial_AT2,NMPR
BD_immune11_78177,diploid,Ciliated_epithelial,MPR
BD_immune11_127184,diploid,Ciliated_epithelial,MPR
BD_immune11_465550,diploid,Ciliated_epithelial,MPR
BD_immune11_129854,diploid,Ciliated_epithelial,MPR
BD_immune11_655868,diploid,Ciliated_epithelial,MPR
BD_immune11_741571,diploid,Ciliated_epithelial,MPR
BD_immune11_594514,diploid,Ciliated_epithelial,MPR
BD_immune11_430145,diploid,Ciliated_epithelial,MPR
BD_immune11_714781,diploid,Ciliated_epithelial,MPR
BD_immune11_517070,diploid,Ciliated_epithelial,MPR
BD_immune11_435036,diploid,Ciliated_epithelial,MPR
BD_immune11_585794,diploid,Ciliated_epithelial,MPR
BD_immune11_387986,diploid,Ciliated_epithelial,MPR
BD_immune11_585313,diploid,Ciliated_epithelial,MPR
BD_immune11_851522,diploid,Ciliated_epithelial,MPR
BD_immune11_111584,diploid,Ciliated_epithelial,MPR
BD_immune11_728668,diploid,Ciliated_epithelial,MPR
BD_immune11_496681,diploid,Ciliated_epithelial,MPR
BD_immune11_769451,diploid,Ciliated_epithelial,MPR
BD_immune11_506169,diploid,Ciliated_epithelial,MPR
BD_immune11_376321,diploid,Ciliated_epithelial,MPR
BD_immune11_807506,diploid,Ciliated_epithelial,MPR
BD_immune11_709930,diploid,Ciliated_epithelial,MPR
BD_immune11_591231,diploid,Ciliated_epithelial,MPR
BD_immune11_324928,diploid,Ciliated_epithelial,MPR
BD_immune11_32838,diploid,Ciliated_epithelial,MPR
BD_immune11_591232,diploid,Ciliated_epithelial,MPR
BD_immune11_688050,diploid,Ciliated_epithelial,MPR
BD_immune11_456616,diploid,Ciliated_epithelial,MPR
BD_immune11_797208,diploid,Ciliated_epithelial,MPR
BD_immune11_524136,diploid,Ciliated_epithelial,MPR
BD_immune11_52398,diploid,Ciliated_epithelial,MPR
BD_immune11_636890,diploid,Ciliated_epithelial,MPR
BD_immune11_173014,diploid,Ciliated_epithelial,MPR
BD_immune11_38494,diploid,Ciliated_epithelial,MPR
BD_immune11_66903,diploid,Ciliated_epithelial,MPR
BD_immune11_104179,diploid,Ciliated_epithelial,MPR
BD_immune11_465297,diploid,Ciliated_epithelial,MPR
BD_immune11_675786,diploid,Ciliated_epithelial,MPR
BD_immune11_513452,diploid,Ciliated_epithelial,MPR
BD_immune11_150201,diploid,Ciliated_epithelial,MPR
BD_immune11_671271,diploid,Ciliated_epithelial,MPR
BD_immune11_448450,diploid,Ciliated_epithelial,MPR
BD_immune11_158447,diploid,Ciliated_epithelial,MPR
BD_immune11_358858,diploid,Ciliated_epithelial,MPR
BD_immune11_47918,diploid,Ciliated_epithelial,MPR
BD_immune11_436879,diploid,Ciliated_epithelial,MPR
BD_immune11_233240,diploid,Ciliated_epithelial,MPR
BD_immune11_174871,diploid,Ciliated_epithelial,MPR
BD_immune11_818712,diploid,Ciliated_epithelial,MPR
BD_immune11_665043,diploid,Ciliated_epithelial,MPR
BD_immune11_15235,diploid,Ciliated_epithelial,MPR
BD_immune11_382510,diploid,Ciliated_epithelial,MPR
BD_immune11_418392,diploid,Ciliated_epithelial,MPR
BD_immune11_95035,diploid,Ciliated_epithelial,MPR
BD_immune11_617113,diploid,Ciliated_epithelial,MPR
BD_immune11_112914,diploid,Ciliated_epithelial,MPR
BD_immune11_382703,diploid,Ciliated_epithelial,MPR
BD_immune11_728900,diploid,Ciliated_epithelial,MPR
BD_immune11_492361,diploid,Ciliated_epithelial,MPR
BD_immune11_635903,diploid,Ciliated_epithelial,MPR
BD_immune11_248087,diploid,Ciliated_epithelial,MPR
BD_immune11_839316,diploid,Ciliated_epithelial,MPR
BD_immune11_380435,diploid,Ciliated_epithelial,MPR
BD_immune11_582593,diploid,Ciliated_epithelial,MPR
BD_immune11_622608,diploid,Ciliated_epithelial,MPR
BD_immune11_498493,diploid,Ciliated_epithelial,MPR
BD_immune11_414783,diploid,Ciliated_epithelial,MPR
BD_immune11_65855,diploid,Ciliated_epithelial,MPR
BD_immune11_61982,aneuploid,Ciliated_epithelial,MPR
BD_immune11_882059,diploid,Ciliated_epithelial,MPR
BD_immune11_638589,diploid,Ciliated_epithelial,MPR
BD_immune11_1429,diploid,Ciliated_epithelial,MPR
BD_immune11_70104,diploid,Ciliated_epithelial,MPR
BD_immune11_41387,diploid,Ciliated_epithelial,MPR
BD_immune11_7131,diploid,Ciliated_epithelial,MPR
BD_immune11_877867,diploid,Ciliated_epithelial,MPR
BD_immune11_487890,diploid,Ciliated_epithelial,MPR
BD_immune11_354081,diploid,Ciliated_epithelial,MPR
BD_immune11_546898,diploid,Ciliated_epithelial,MPR
BD_immune11_419734,diploid,Ciliated_epithelial,MPR
BD_immune11_802374,diploid,Ciliated_epithelial,MPR
BD_immune11_88695,diploid,Ciliated_epithelial,MPR
BD_immune11_233804,diploid,Ciliated_epithelial,MPR
BD_immune11_2285,diploid,Ciliated_epithelial,MPR
BD_immune11_848730,diploid,Ciliated_epithelial,MPR
BD_immune11_402531,diploid,Ciliated_epithelial,MPR
BD_immune11_119670,diploid,Ciliated_epithelial,MPR
BD_immune11_90592,diploid,Ciliated_epithelial,MPR
BD_immune11_620021,diploid,Ciliated_epithelial,MPR
BD_immune11_116239,diploid,Ciliated_epithelial,MPR
BD_immune11_496667,diploid,Ciliated_epithelial,MPR
BD_immune11_172824,diploid,Ciliated_epithelial,MPR
BD_immune11_99323,diploid,Ciliated_epithelial,MPR
BD_immune11_241411,diploid,Ciliated_epithelial,MPR
BD_immune11_525212,diploid,Ciliated_epithelial,MPR
BD_immune11_863832,diploid,Ciliated_epithelial,MPR
BD_immune11_426386,diploid,Ciliated_epithelial,MPR
BD_immune11_871409,diploid,Ciliated_epithelial,MPR
BD_immune11_807795,diploid,Ciliated_epithelial,MPR
BD_immune11_355788,diploid,Ciliated_epithelial,MPR
BD_immune11_166152,diploid,Ciliated_epithelial,MPR
BD_immune11_301340,diploid,Ciliated_epithelial,MPR
BD_immune11_236910,diploid,Ciliated_epithelial,MPR
BD_immune11_342313,diploid,Ciliated_epithelial,MPR
BD_immune11_499164,diploid,Ciliated_epithelial,MPR
BD_immune11_142421,diploid,Ciliated_epithelial,MPR
BD_immune11_356021,diploid,Ciliated_epithelial,MPR
BD_immune11_755192,diploid,Ciliated_epithelial,MPR
BD_immune11_646441,diploid,Ciliated_epithelial,MPR
BD_immune11_706217,diploid,Ciliated_epithelial,MPR
BD_immune11_788399,diploid,Ciliated_epithelial,MPR
BD_immune11_398221,diploid,Ciliated_epithelial,MPR
BD_immune11_498670,diploid,Ciliated_epithelial,MPR
BD_immune11_844330,diploid,Ciliated_epithelial,MPR
BD_immune11_34209,diploid,Ciliated_epithelial,MPR
BD_immune11_89351,diploid,Ciliated_epithelial,MPR
BD_immune11_646451,diploid,Ciliated_epithelial,MPR
BD_immune11_233942,diploid,Ciliated_epithelial,MPR
BD_immune11_353334,diploid,Ciliated_epithelial,MPR
BD_immune11_721954,diploid,Ciliated_epithelial,MPR
BD_immune11_263208,diploid,Ciliated_epithelial,MPR
BD_immune11_874426,diploid,Ciliated_epithelial,MPR
BD_immune11_530325,diploid,Ciliated_epithelial,MPR
BD_immune11_156190,diploid,Ciliated_epithelial,MPR
BD_immune11_478753,diploid,Ciliated_epithelial,MPR
BD_immune11_857982,diploid,Ciliated_epithelial,MPR
BD_immune11_215452,aneuploid,Ciliated_epithelial,MPR
BD_immune11_463155,diploid,Ciliated_epithelial,MPR
BD_immune11_354113,diploid,Ciliated_epithelial,MPR
BD_immune11_570891,diploid,Ciliated_epithelial,MPR
BD_immune11_604003,diploid,Ciliated_epithelial,MPR
BD_immune11_565026,diploid,Ciliated_epithelial,MPR
BD_immune11_517833,diploid,Ciliated_epithelial,MPR
BD_immune11_79210,diploid,Ciliated_epithelial,MPR
BD_immune11_645010,diploid,Ciliated_epithelial,MPR
BD_immune11_138877,diploid,Ciliated_epithelial,MPR
BD_immune11_141938,diploid,Ciliated_epithelial,MPR
BD_immune11_191820,diploid,Ciliated_epithelial,MPR
BD_immune11_162836,diploid,Ciliated_epithelial,MPR
BD_immune11_73376,diploid,Ciliated_epithelial,MPR
BD_immune11_73348,diploid,Ciliated_epithelial,MPR
BD_immune11_514597,diploid,Ciliated_epithelial,MPR
BD_immune11_866065,diploid,Ciliated_epithelial,MPR
BD_immune11_256984,diploid,Ciliated_epithelial,MPR
BD_immune11_243467,diploid,Ciliated_epithelial,MPR
BD_immune11_767373,diploid,Ciliated_epithelial,MPR
BD_immune11_824510,diploid,Ciliated_epithelial,MPR
BD_immune11_797833,diploid,Ciliated_epithelial,MPR
BD_immune11_253222,diploid,Ciliated_epithelial,MPR
BD_immune11_730603,diploid,Ciliated_epithelial,MPR
BD_immune11_158309,diploid,Ciliated_epithelial,MPR
BD_immune11_494425,diploid,Ciliated_epithelial,MPR
BD_immune11_260569,diploid,Ciliated_epithelial,MPR
BD_immune11_165577,diploid,Ciliated_epithelial,MPR
BD_immune11_365453,aneuploid,Ciliated_epithelial,MPR
BD_immune11_11846,diploid,Ciliated_epithelial,MPR
BD_immune11_64475,diploid,Ciliated_epithelial,MPR
BD_immune11_37375,diploid,Ciliated_epithelial,MPR
BD_immune11_690629,diploid,Ciliated_epithelial,MPR
BD_immune11_53351,diploid,Ciliated_epithelial,MPR
BD_immune11_560386,diploid,Ciliated_epithelial,MPR
BD_immune11_477525,diploid,Ciliated_epithelial,MPR
BD_immune11_843037,diploid,Ciliated_epithelial,MPR
BD_immune11_385482,diploid,Ciliated_epithelial,MPR
BD_immune11_856686,diploid,Ciliated_epithelial,MPR
BD_immune11_408883,diploid,Ciliated_epithelial,MPR
BD_immune11_408225,diploid,Ciliated_epithelial,MPR
BD_immune11_137305,diploid,Ciliated_epithelial,MPR
BD_immune11_476332,diploid,Ciliated_epithelial,MPR
BD_immune11_234873,diploid,Ciliated_epithelial,MPR
BD_immune11_131460,diploid,Ciliated_epithelial,MPR
BD_immune11_820879,diploid,Ciliated_epithelial,MPR
BD_immune11_686119,diploid,Ciliated_epithelial,MPR
BD_immune11_230454,diploid,Ciliated_epithelial,MPR
BD_immune11_578189,diploid,Ciliated_epithelial,MPR
BD_immune11_551719,diploid,Ciliated_epithelial,MPR
BD_immune11_234230,aneuploid,Ciliated_epithelial,MPR
BD_immune11_388616,diploid,Ciliated_epithelial,MPR
BD_immune11_186194,diploid,Ciliated_epithelial,MPR
BD_immune11_708051,diploid,Ciliated_epithelial,MPR
BD_immune11_672030,diploid,Ciliated_epithelial,MPR
BD_immune11_125948,diploid,Ciliated_epithelial,MPR
BD_immune11_432245,diploid,Ciliated_epithelial,MPR
BD_immune11_197401,diploid,Ciliated_epithelial,MPR
BD_immune11_207187,diploid,Ciliated_epithelial,MPR
BD_immune11_647814,diploid,Ciliated_epithelial,MPR
BD_immune11_31730,diploid,Ciliated_epithelial,MPR
BD_immune11_759039,diploid,Ciliated_epithelial,MPR
BD_immune11_104504,aneuploid,Ciliated_epithelial,MPR
BD_immune11_19457,aneuploid,Ciliated_epithelial,MPR
BD_immune11_873872,diploid,Ciliated_epithelial,MPR
BD_immune11_382133,aneuploid,Ciliated_epithelial,MPR
BD_immune11_169117,diploid,Ciliated_epithelial,MPR
BD_immune11_535923,diploid,Ciliated_epithelial,MPR
BD_immune11_773863,aneuploid,Ciliated_epithelial,MPR
BD_immune11_657058,diploid,Ciliated_epithelial,MPR
BD_immune11_880965,diploid,Ciliated_epithelial,MPR
BD_immune11_347230,diploid,Ciliated_epithelial,MPR
BD_immune11_314738,aneuploid,Ciliated_epithelial,MPR
BD_immune11_851398,aneuploid,Ciliated_epithelial,MPR
BD_immune11_227739,aneuploid,Ciliated_epithelial,MPR
BD_immune11_773809,aneuploid,Ciliated_epithelial,MPR
BD_immune11_5678,aneuploid,Ciliated_epithelial,MPR
BD_immune12_217186,aneuploid,Tumor_epithelial_AT2,NMPR
BD_immune12_826403,aneuploid,Tumor_epithelial_AT2,NMPR
BD_immune12_347497,diploid,Ciliated_epithelial,NMPR
BD_immune12_770597,diploid,Ciliated_epithelial,NMPR
BD_immune12_435307,diploid,Ciliated_epithelial,NMPR
BD_immune12_794646,diploid,Ciliated_epithelial,NMPR
BD_immune12_487429,diploid,Ciliated_epithelial,NMPR
BD_immune12_552175,aneuploid,Tumor_epithelial_AT2,NMPR
BD_immune12_14151,aneuploid,Tumor_epithelial_AT2,NMPR
BD_immune12_373941,diploid,Ciliated_epithelial,NMPR
BD_immune12_241771,diploid,Ciliated_epithelial,NMPR
BD_immune12_156369,aneuploid,Tumor_epithelial_AT2,NMPR
BD_immune12_432275,diploid,Ciliated_epithelial,NMPR
BD_immune12_707488,diploid,Ciliated_epithelial,NMPR
BD_immune12_772414,diploid,Ciliated_epithelial,NMPR
BD_immune12_605279,diploid,Ciliated_epithelial,NMPR
BD_immune12_592078,aneuploid,Tumor_epithelial_AT2,NMPR
BD_immune12_809503,diploid,Ciliated_epithelial,NMPR
BD_immune12_345386,diploid,Ciliated_epithelial,NMPR
BD_immune12_115619,diploid,Ciliated_epithelial,NMPR
BD_immune12_87408,diploid,Ciliated_epithelial,NMPR
BD_immune12_556316,aneuploid,Tumor_epithelial_AT2,NMPR
BD_immune12_474762,diploid,Ciliated_epithelial,NMPR
BD_immune12_75933,aneuploid,Tumor_epithelial_AT2,NMPR
BD_immune12_157214,aneuploid,Tumor_epithelial_AT2,NMPR
BD_immune12_161584,diploid,Ciliated_epithelial,NMPR
BD_immune12_469852,aneuploid,Tumor_epithelial_AT2,NMPR
BD_immune12_483787,aneuploid,Tumor_epithelial_AT2,NMPR
BD_immune12_219382,aneuploid,Tumor_epithelial_AT2,NMPR
BD_immune12_65192,diploid,Ciliated_epithelial,NMPR
BD_immune12_700435,diploid,Ciliated_epithelial,NMPR
BD_immune12_847763,aneuploid,Tumor_epithelial_AT2,NMPR
BD_immune12_386232,aneuploid,Tumor_epithelial_AT2,NMPR
BD_immune12_136734,diploid,Ciliated_epithelial,NMPR
BD_immune12_883714,diploid,Ciliated_epithelial,NMPR
BD_immune12_508351,diploid,Ciliated_epithelial,NMPR
BD_immune12_485318,diploid,Ciliated_epithelial,NMPR
BD_immune12_255726,diploid,Ciliated_epithelial,NMPR
BD_immune12_513932,aneuploid,Tumor_epithelial_AT2,NMPR
BD_immune12_472802,diploid,Ciliated_epithelial,NMPR
BD_immune12_519966,aneuploid,Tumor_epithelial_AT2,NMPR
BD_immune12_602666,diploid,Ciliated_epithelial,NMPR
BD_immune12_332776,diploid,Ciliated_epithelial,NMPR
BD_immune12_672441,diploid,Ciliated_epithelial,NMPR
BD_immune12_832822,aneuploid,Tumor_epithelial_AT2,NMPR
BD_immune12_832170,aneuploid,Tumor_epithelial_AT2,NMPR
BD_immune12_142048,aneuploid,Tumor_epithelial_AT2,NMPR
BD_immune12_306885,aneuploid,Tumor_epithelial_AT2,NMPR
BD_immune12_184681,diploid,Ciliated_epithelial,NMPR
BD_immune12_427724,aneuploid,Tumor_epithelial_AT2,NMPR
BD_immune12_476420,aneuploid,Tumor_epithelial_AT2,NMPR
BD_immune12_217177,aneuploid,Tumor_epithelial_AT2,NMPR
BD_immune12_880363,aneuploid,Tumor_epithelial_AT2,NMPR
BD_immune12_215441,aneuploid,Tumor_epithelial_AT2,NMPR
BD_immune12_756367,aneuploid,Tumor_epithelial_AT2,NMPR
BD_immune12_142312,diploid,Ciliated_epithelial,NMPR
BD_immune12_150701,aneuploid,Tumor_epithelial_AT2,NMPR
BD_immune12_36253,aneuploid,Tumor_epithelial_AT2,NMPR
BD_immune12_724377,aneuploid,Tumor_epithelial_AT2,NMPR
BD_immune12_579025,aneuploid,Tumor_epithelial_AT2,NMPR
BD_immune12_363467,aneuploid,Tumor_epithelial_AT2,NMPR
BD_immune12_522799,aneuploid,Tumor_epithelial_AT2,NMPR
BD_immune12_576569,diploid,Ciliated_epithelial,NMPR
BD_immune12_708421,aneuploid,Tumor_epithelial_AT2,NMPR
BD_immune12_279120,aneuploid,Tumor_epithelial_AT2,NMPR
BD_immune12_866832,aneuploid,Tumor_epithelial_AT2,NMPR
BD_immune12_685479,aneuploid,Tumor_epithelial_AT2,NMPR
BD_immune12_351796,aneuploid,Tumor_epithelial_AT2,NMPR
BD_immune12_41094,aneuploid,Tumor_epithelial_AT2,NMPR
BD_immune12_563628,aneuploid,Tumor_epithelial_AT2,NMPR
BD_immune12_633825,aneuploid,Tumor_epithelial_AT2,NMPR
BD_immune12_611303,aneuploid,Tumor_epithelial_AT2,NMPR
BD_immune12_390330,aneuploid,Tumor_epithelial_AT2,NMPR
BD_immune12_744835,aneuploid,Tumor_epithelial_AT2,NMPR
BD_immune12_822210,aneuploid,Tumor_epithelial_AT2,NMPR
BD_immune12_104410,aneuploid,Ciliated_epithelial,NMPR
BD_immune12_517420,aneuploid,Ciliated_epithelial,NMPR
BD_immune12_443865,aneuploid,Ciliated_epithelial,NMPR
BD_immune12_688790,aneuploid,Ciliated_epithelial,NMPR
BD_immune12_36323,aneuploid,Tumor_epithelial_AT2,NMPR
BD_immune12_856035,aneuploid,Ciliated_epithelial,NMPR
BD_immune12_161631,aneuploid,Ciliated_epithelial,NMPR
BD_immune12_220280,aneuploid,Tumor_epithelial_AT2,NMPR
BD_immune12_567735,diploid,Ciliated_epithelial,NMPR
BD_immune12_807897,aneuploid,Tumor_epithelial_AT2,NMPR
BD_immune12_214307,aneuploid,Ciliated_epithelial,NMPR
BD_immune12_574602,aneuploid,Tumor_epithelial_AT2,NMPR
BD_immune12_296278,aneuploid,Tumor_epithelial_AT2,NMPR
BD_immune12_256085,aneuploid,Tumor_epithelial_AT2,NMPR
BD_immune12_833633,aneuploid,Tumor_epithelial_AT2,NMPR
BD_immune12_652233,aneuploid,Ciliated_epithelial,NMPR
BD_immune12_24826,aneuploid,Ciliated_epithelial,NMPR
BD_immune12_206917,aneuploid,Ciliated_epithelial,NMPR
BD_immune12_267025,aneuploid,Ciliated_epithelial,NMPR
BD_immune12_430775,aneuploid,Ciliated_epithelial,NMPR
BD_immune12_444223,aneuploid,Ciliated_epithelial,NMPR
BD_immune12_374877,aneuploid,Ciliated_epithelial,NMPR
BD_immune12_476856,aneuploid,Tumor_epithelial_AT2,NMPR
BD_immune12_146886,aneuploid,Ciliated_epithelial,NMPR
BD_immune12_264335,aneuploid,Tumor_epithelial_AT2,NMPR
BD_immune12_564314,aneuploid,Ciliated_epithelial,NMPR
BD_immune13_666040,aneuploid,Tumor_epithelial_AT2,NMPR
BD_immune13_683021,aneuploid,Tumor_epithelial_AT2,NMPR
BD_immune13_254337,aneuploid,Tumor_epithelial_AT2,NMPR
BD_immune13_39365,diploid,Ciliated_epithelial,NMPR
BD_immune13_449648,aneuploid,Tumor_epithelial_AT2,NMPR
BD_immune13_482875,aneuploid,Tumor_epithelial_AT2,NMPR
BD_immune13_776092,aneuploid,Tumor_epithelial_AT2,NMPR
BD_immune13_178967,aneuploid,Tumor_epithelial_AT2,NMPR
BD_immune13_783472,aneuploid,Tumor_epithelial_AT2,NMPR
BD_immune13_106787,aneuploid,Tumor_epithelial_AT2,NMPR
BD_immune13_253917,aneuploid,Tumor_epithelial_AT2,NMPR
BD_immune13_448806,aneuploid,Tumor_epithelial_AT2,NMPR
BD_immune13_598355,aneuploid,Tumor_epithelial_AT2,NMPR
BD_immune13_178496,aneuploid,Tumor_epithelial_AT2,NMPR
BD_immune13_874682,aneuploid,Tumor_epithelial_AT2,NMPR
BD_immune13_778898,aneuploid,Tumor_epithelial_AT2,NMPR
BD_immune13_573372,aneuploid,Tumor_epithelial_AT2,NMPR
BD_immune13_597431,aneuploid,Tumor_epithelial_AT2,NMPR
BD_immune13_27458,aneuploid,Tumor_epithelial_AT2,NMPR
BD_immune13_185592,aneuploid,Tumor_epithelial_AT2,NMPR
BD_immune13_204595,aneuploid,Tumor_epithelial_AT2,NMPR
BD_immune13_293046,aneuploid,Tumor_epithelial_AT2,NMPR
BD_immune13_395074,aneuploid,Tumor_epithelial_AT2,NMPR
BD_immune13_655802,aneuploid,Tumor_epithelial_AT2,NMPR
BD_immune13_299252,aneuploid,Tumor_epithelial_AT2,NMPR
BD_immune13_434802,aneuploid,Tumor_epithelial_AT2,NMPR
BD_immune13_581345,aneuploid,Tumor_epithelial_AT2,NMPR
BD_immune13_546467,aneuploid,Tumor_epithelial_AT2,NMPR
BD_immune13_847984,aneuploid,Tumor_epithelial_AT2,NMPR
BD_immune13_254951,aneuploid,Tumor_epithelial_AT2,NMPR
BD_immune14_647651,diploid,Ciliated_epithelial,MPR
BD_immune14_486333,diploid,Ciliated_epithelial,MPR
BD_immune14_425767,diploid,Ciliated_epithelial,MPR
BD_immune14_662536,diploid,Ciliated_epithelial,MPR
BD_immune14_653962,diploid,Ciliated_epithelial,MPR
BD_immune14_843297,diploid,Ciliated_epithelial,MPR
BD_immune14_799760,diploid,Ciliated_epithelial,MPR
BD_immune14_573048,diploid,Ciliated_epithelial,MPR
BD_immune14_540649,diploid,Ciliated_epithelial,MPR
BD_immune14_477134,diploid,Ciliated_epithelial,MPR
BD_immune14_68493,diploid,Ciliated_epithelial,MPR
BD_immune14_844765,diploid,Ciliated_epithelial,MPR
BD_immune14_828505,diploid,Ciliated_epithelial,MPR
BD_immune14_505664,diploid,Ciliated_epithelial,MPR
BD_immune14_411892,diploid,Ciliated_epithelial,MPR
BD_immune14_533330,diploid,Ciliated_epithelial,MPR
BD_immune14_874713,diploid,Ciliated_epithelial,MPR
BD_immune14_623031,diploid,Ciliated_epithelial,MPR
BD_immune14_532013,diploid,Ciliated_epithelial,MPR
BD_immune14_2495,diploid,Ciliated_epithelial,MPR
BD_immune14_206004,diploid,Ciliated_epithelial,MPR
BD_immune14_68312,diploid,Ciliated_epithelial,MPR
BD_immune14_42112,diploid,Ciliated_epithelial,MPR
BD_immune14_48989,diploid,Ciliated_epithelial,MPR
BD_immune14_312909,diploid,Ciliated_epithelial,MPR
BD_immune14_679768,diploid,Ciliated_epithelial,MPR
BD_immune14_182776,diploid,Ciliated_epithelial,MPR
BD_immune14_79961,diploid,Ciliated_epithelial,MPR
BD_immune14_375322,aneuploid,Ciliated_epithelial,MPR
BD_immune14_551142,diploid,Ciliated_epithelial,MPR
BD_immune14_781868,diploid,Ciliated_epithelial,MPR
BD_immune14_40314,diploid,Ciliated_epithelial,MPR
BD_immune14_522363,diploid,Ciliated_epithelial,MPR
BD_immune14_711711,diploid,Ciliated_epithelial,MPR
BD_immune14_703899,diploid,Ciliated_epithelial,MPR
BD_immune14_240162,diploid,Ciliated_epithelial,MPR
BD_immune14_153489,diploid,Ciliated_epithelial,MPR
BD_immune14_787243,diploid,Ciliated_epithelial,MPR
BD_immune14_479440,diploid,Ciliated_epithelial,MPR
BD_immune14_141831,diploid,Ciliated_epithelial,MPR
BD_immune14_181950,diploid,Ciliated_epithelial,MPR
BD_immune14_385869,diploid,Ciliated_epithelial,MPR
BD_immune14_751788,diploid,Ciliated_epithelial,MPR
BD_immune14_882277,diploid,Ciliated_epithelial,MPR
BD_immune14_109363,diploid,Ciliated_epithelial,MPR
BD_immune14_778400,diploid,Ciliated_epithelial,MPR
BD_immune14_246806,diploid,Ciliated_epithelial,MPR
BD_immune14_266198,diploid,Ciliated_epithelial,MPR
BD_immune14_171750,diploid,Ciliated_epithelial,MPR
BD_immune14_364733,diploid,Ciliated_epithelial,MPR
BD_immune14_768991,diploid,Ciliated_epithelial,MPR
BD_immune14_338290,diploid,Ciliated_epithelial,MPR
BD_immune14_697684,diploid,Ciliated_epithelial,MPR
BD_immune14_296461,diploid,Ciliated_epithelial,MPR
BD_immune14_695818,diploid,Ciliated_epithelial,MPR
BD_immune14_625531,diploid,Ciliated_epithelial,MPR
BD_immune14_381194,diploid,Ciliated_epithelial,MPR
BD_immune14_454305,diploid,Ciliated_epithelial,MPR
BD_immune14_572827,diploid,Ciliated_epithelial,MPR
BD_immune14_431363,diploid,Ciliated_epithelial,MPR
BD_immune14_464089,diploid,Ciliated_epithelial,MPR
BD_immune14_563968,diploid,Ciliated_epithelial,MPR
BD_immune14_164388,diploid,Ciliated_epithelial,MPR
BD_immune14_78618,diploid,Ciliated_epithelial,MPR
BD_immune14_856109,diploid,Ciliated_epithelial,MPR
BD_immune14_777286,diploid,Ciliated_epithelial,MPR
BD_immune14_88178,diploid,Ciliated_epithelial,MPR
BD_immune14_72607,diploid,Ciliated_epithelial,MPR
BD_immune14_862325,diploid,Ciliated_epithelial,MPR
BD_immune14_601230,diploid,Ciliated_epithelial,MPR
BD_immune14_865742,diploid,Ciliated_epithelial,MPR
BD_immune14_306487,diploid,Ciliated_epithelial,MPR
BD_immune14_270629,diploid,Ciliated_epithelial,MPR
BD_immune14_97882,diploid,Ciliated_epithelial,MPR
BD_immune14_505733,diploid,Ciliated_epithelial,MPR
BD_immune14_225446,diploid,Ciliated_epithelial,MPR
BD_immune14_319390,diploid,Ciliated_epithelial,MPR
BD_immune14_294203,diploid,Ciliated_epithelial,MPR
BD_immune14_659950,diploid,Ciliated_epithelial,MPR
BD_immune14_560049,diploid,Ciliated_epithelial,MPR
BD_immune14_397636,diploid,Ciliated_epithelial,MPR
BD_immune14_680671,diploid,Ciliated_epithelial,MPR
BD_immune14_717151,diploid,Ciliated_epithelial,MPR
BD_immune14_170840,diploid,Ciliated_epithelial,MPR
BD_immune14_293819,diploid,Ciliated_epithelial,MPR
BD_immune14_205968,diploid,Ciliated_epithelial,MPR
BD_immune14_134165,diploid,Ciliated_epithelial,MPR
BD_immune14_408863,diploid,Ciliated_epithelial,MPR
BD_immune14_671606,diploid,Ciliated_epithelial,MPR
BD_immune14_784725,diploid,Ciliated_epithelial,MPR
BD_immune14_876157,aneuploid,Ciliated_epithelial,MPR
BD_immune14_838818,diploid,Ciliated_epithelial,MPR
BD_immune14_475703,diploid,Ciliated_epithelial,MPR
BD_immune14_553739,aneuploid,Ciliated_epithelial,MPR
BD_immune14_431395,diploid,Ciliated_epithelial,MPR
BD_immune14_590844,aneuploid,Ciliated_epithelial,MPR
BD_immune14_283944,aneuploid,Ciliated_epithelial,MPR
BD_immune14_851755,aneuploid,Ciliated_epithelial,MPR
BD_immune14_470913,aneuploid,Ciliated_epithelial,MPR
BD_immune14_635890,aneuploid,Ciliated_epithelial,MPR
BD_immune14_436957,aneuploid,Ciliated_epithelial,MPR
BD_immune14_223775,aneuploid,Ciliated_epithelial,MPR
BD_immune14_128126,aneuploid,Ciliated_epithelial,MPR
BD_immune14_281560,aneuploid,Ciliated_epithelial,MPR
BD_immune14_723492,aneuploid,Ciliated_epithelial,MPR
BD_immune14_504512,aneuploid,Ciliated_epithelial,MPR
BD_immune14_532178,aneuploid,Ciliated_epithelial,MPR
BD_immune14_395182,aneuploid,Ciliated_epithelial,MPR
BD_immune14_829151,aneuploid,Ciliated_epithelial,MPR
BD_immune14_834822,aneuploid,Ciliated_epithelial,MPR
BD_immune14_853782,aneuploid,Ciliated_epithelial,MPR
BD_immune15_2307,aneuploid,Tumor_epithelial_AT2,NMPR
BD_immune15_425901,diploid,Ciliated_epithelial,NMPR
BD_immune15_730534,diploid,Ciliated_epithelial,NMPR
BD_immune15_281495,aneuploid,Tumor_epithelial_AT2,NMPR
BD_immune15_182945,aneuploid,Ciliated_epithelial,NMPR
BD_immune15_614669,aneuploid,Tumor_epithelial_AT2,NMPR
BD_immune15_597473,aneuploid,Tumor_epithelial_AT2,NMPR
BD_immune15_717708,aneuploid,Tumor_epithelial_AT2,NMPR
BD_immune15_716454,diploid,Ciliated_epithelial,NMPR
BD_immune15_217527,diploid,Ciliated_epithelial,NMPR
BD_immune15_772548,aneuploid,Tumor_epithelial_AT2,NMPR
BD_immune15_172422,diploid,Ciliated_epithelial,NMPR
BD_immune15_401797,aneuploid,Tumor_epithelial_AT2,NMPR
BD_immune15_784573,aneuploid,Tumor_epithelial_AT2,NMPR
BD_immune15_120838,aneuploid,Tumor_epithelial_AT2,NMPR
BD_immune15_729238,aneuploid,Tumor_epithelial_AT2,NMPR
BD_immune15_850540,diploid,Ciliated_epithelial,NMPR
BD_immune15_320639,aneuploid,Ciliated_epithelial,NMPR
BD_immune15_478513,aneuploid,Tumor_epithelial_AT2,NMPR
BD_immune15_65901,aneuploid,Tumor_epithelial_AT2,NMPR
BD_immune15_696283,aneuploid,Tumor_epithelial_AT2,NMPR
BD_immune15_573806,aneuploid,Tumor_epithelial_AT2,NMPR
BD_immune15_40940,aneuploid,Tumor_epithelial_AT2,NMPR
BD_immune15_270336,diploid,Ciliated_epithelial,NMPR
BD_immune15_127864,diploid,Ciliated_epithelial,NMPR
BD_immune15_735723,diploid,Ciliated_epithelial,NMPR
BD_immune15_386393,aneuploid,Tumor_epithelial_AT2,NMPR
BD_immune15_354517,aneuploid,Tumor_epithelial_AT2,NMPR
BD_immune15_852140,diploid,Ciliated_epithelial,NMPR
BD_immune15_346445,diploid,Ciliated_epithelial,NMPR
BD_immune15_611979,aneuploid,Tumor_epithelial_AT2,NMPR
BD_immune15_218558,diploid,Ciliated_epithelial,NMPR
BD_immune15_399664,diploid,Ciliated_epithelial,NMPR
BD_immune15_542515,aneuploid,Tumor_epithelial_AT2,NMPR
BD_immune15_299789,aneuploid,Tumor_epithelial_AT2,NMPR
BD_immune15_516665,diploid,Ciliated_epithelial,NMPR
BD_immune15_98105,aneuploid,Tumor_epithelial_AT2,NMPR
BD_immune15_436442,aneuploid,Tumor_epithelial_AT2,NMPR
BD_immune15_139372,diploid,Ciliated_epithelial,NMPR
BD_immune15_10050,aneuploid,Tumor_epithelial_AT2,NMPR
BD_immune15_864594,diploid,Ciliated_epithelial,NMPR
BD_immune15_651368,diploid,Ciliated_epithelial,NMPR
BD_immune15_6748,diploid,Ciliated_epithelial,NMPR
BD_immune15_752216,diploid,Ciliated_epithelial,NMPR
BD_immune15_3758,diploid,Ciliated_epithelial,NMPR
BD_immune15_393905,aneuploid,Tumor_epithelial_AT2,NMPR
BD_immune15_247072,aneuploid,Ciliated_epithelial,NMPR
BD_immune15_629743,aneuploid,Tumor_epithelial_AT2,NMPR
BD_immune15_373852,aneuploid,Tumor_epithelial_AT2,NMPR
BD_immune15_755709,aneuploid,Tumor_epithelial_AT2,NMPR
BD_immune15_430040,diploid,Ciliated_epithelial,NMPR
BD_immune15_742311,aneuploid,Tumor_epithelial_AT2,NMPR
BD_immune15_176048,aneuploid,Tumor_epithelial_AT2,NMPR
BD_immune15_28900,diploid,Ciliated_epithelial,NMPR
BD_immune15_305040,diploid,Ciliated_epithelial,NMPR
BD_immune15_732978,aneuploid,Tumor_epithelial_AT2,NMPR
BD_immune15_182005,diploid,Ciliated_epithelial,NMPR
BD_immune15_430052,diploid,Ciliated_epithelial,NMPR
BD_immune15_713310,aneuploid,Tumor_epithelial_AT2,NMPR
BD_immune15_50258,aneuploid,Tumor_epithelial_AT2,NMPR
BD_immune15_592982,aneuploid,Tumor_epithelial_AT2,NMPR
BD_immune15_762511,diploid,Ciliated_epithelial,NMPR
BD_immune15_159169,aneuploid,Tumor_epithelial_AT2,NMPR
BD_immune15_297523,diploid,Ciliated_epithelial,NMPR
BD_immune15_482173,diploid,Ciliated_epithelial,NMPR
BD_immune15_220316,aneuploid,Tumor_epithelial_AT2,NMPR
BD_immune15_631902,aneuploid,Tumor_epithelial_AT2,NMPR
BD_immune15_451356,diploid,Ciliated_epithelial,NMPR
BD_immune15_172808,diploid,Ciliated_epithelial,NMPR
BD_immune15_476765,aneuploid,Tumor_epithelial_AT2,NMPR
BD_immune15_255167,aneuploid,Tumor_epithelial_AT2,NMPR
BD_immune15_802245,aneuploid,Tumor_epithelial_AT2,NMPR
BD_immune15_737563,aneuploid,Tumor_epithelial_AT2,NMPR
BD_immune15_681879,aneuploid,Ciliated_epithelial,NMPR
BD_immune15_736841,aneuploid,Tumor_epithelial_AT2,NMPR
BD_immune15_385588,aneuploid,Tumor_epithelial_AT2,NMPR
BD_immune15_478922,aneuploid,Tumor_epithelial_AT2,NMPR
BD_immune15_115341,aneuploid,Tumor_epithelial_AT2,NMPR
BD_immune15_745021,aneuploid,Tumor_epithelial_AT2,NMPR
BD_immune15_662240,aneuploid,Tumor_epithelial_AT2,NMPR
BD_immune15_158439,aneuploid,Tumor_epithelial_AT2,NMPR
BD_immune15_496979,aneuploid,Tumor_epithelial_AT2,NMPR
BD_immune15_513255,aneuploid,Tumor_epithelial_AT2,NMPR
BD_immune15_330399,diploid,Ciliated_epithelial,NMPR
BD_immune15_55563,aneuploid,Tumor_epithelial_AT2,NMPR
BD_immune15_9343,diploid,Ciliated_epithelial,NMPR
BD_immune15_845861,aneuploid,Tumor_epithelial_AT2,NMPR
BD_immune15_44632,diploid,Ciliated_epithelial,NMPR
BD_immune15_49470,aneuploid,Ciliated_epithelial,NMPR
BD_immune15_145146,aneuploid,Tumor_epithelial_AT2,NMPR
BD_immune15_490799,diploid,Ciliated_epithelial,NMPR
BD_immune15_718726,aneuploid,Tumor_epithelial_AT2,NMPR
BD_immune15_459743,aneuploid,Tumor_epithelial_AT2,NMPR
BD_immune15_296500,diploid,Ciliated_epithelial,NMPR
BD_immune15_659939,aneuploid,Tumor_epithelial_AT2,NMPR
BD_immune15_46219,aneuploid,Tumor_epithelial_AT2,NMPR
BD_immune15_227211,aneuploid,Tumor_epithelial_AT2,NMPR
BD_immune15_303995,aneuploid,Ciliated_epithelial,NMPR
BD_immune15_756421,diploid,Ciliated_epithelial,NMPR
BD_immune15_102713,aneuploid,Tumor_epithelial_AT2,NMPR
BD_immune15_342738,aneuploid,Tumor_epithelial_AT2,NMPR
BD_immune15_742174,aneuploid,Tumor_epithelial_AT2,NMPR
BD_immune15_478215,diploid,Ciliated_epithelial,NMPR
BD_immune15_234861,diploid,Ciliated_epithelial,NMPR
BD_immune15_279133,diploid,Ciliated_epithelial,NMPR
BD_immune15_771691,aneuploid,Tumor_epithelial_AT2,NMPR
BD_immune15_298761,aneuploid,Tumor_epithelial_AT2,NMPR
BD_immune15_819301,diploid,Ciliated_epithelial,NMPR
BD_immune15_128533,aneuploid,Tumor_epithelial_AT2,NMPR
BD_immune15_262976,diploid,Ciliated_epithelial,NMPR
BD_immune15_21815,aneuploid,Tumor_epithelial_AT2,NMPR
BD_immune15_569264,aneuploid,Tumor_epithelial_AT2,NMPR
BD_immune15_195855,aneuploid,Tumor_epithelial_AT2,NMPR
BD_immune15_445713,aneuploid,Tumor_epithelial_AT2,NMPR
BD_immune15_643370,aneuploid,Tumor_epithelial_AT2,NMPR
BD_immune15_625255,diploid,Ciliated_epithelial,NMPR
BD_immune15_521721,aneuploid,Tumor_epithelial_AT2,NMPR
BD_immune15_345008,aneuploid,Tumor_epithelial_AT2,NMPR
BD_immune15_522632,diploid,Ciliated_epithelial,NMPR
BD_immune15_186695,aneuploid,Tumor_epithelial_AT2,NMPR
BD_immune15_690880,aneuploid,Tumor_epithelial_AT2,NMPR
BD_immune15_739122,aneuploid,Tumor_epithelial_AT2,NMPR
BD_immune15_877545,aneuploid,Tumor_epithelial_AT2,NMPR
BD_immune15_778352,aneuploid,Tumor_epithelial_AT2,NMPR
BD_immune15_454574,diploid,Ciliated_epithelial,NMPR
BD_immune15_22392,aneuploid,Tumor_epithelial_AT2,NMPR
BD_immune15_771423,diploid,Ciliated_epithelial,NMPR
BD_immune15_596509,aneuploid,Tumor_epithelial_AT2,NMPR
BD_immune15_162622,aneuploid,Tumor_epithelial_AT2,NMPR
BD_immune15_391053,diploid,Ciliated_epithelial,NMPR
BD_immune15_871353,aneuploid,Tumor_epithelial_AT2,NMPR
BD_immune15_171813,aneuploid,Tumor_epithelial_AT2,NMPR
BD_immune15_81836,aneuploid,Tumor_epithelial_AT2,NMPR
BD_immune15_743970,diploid,Ciliated_epithelial,NMPR
BD_immune15_278969,aneuploid,Tumor_epithelial_AT2,NMPR
BD_immune15_50211,aneuploid,Tumor_epithelial_AT2,NMPR
BD_immune15_491246,aneuploid,Tumor_epithelial_AT2,NMPR
BD_immune15_334078,aneuploid,Ciliated_epithelial,NMPR
BD_immune15_173039,diploid,Ciliated_epithelial,NMPR
BD_immune15_344673,aneuploid,Tumor_epithelial_AT2,NMPR
BD_immune15_124462,aneuploid,Tumor_epithelial_AT2,NMPR
BD_immune15_277084,aneuploid,Tumor_epithelial_AT2,NMPR
BD_immune15_197491,aneuploid,Tumor_epithelial_AT2,NMPR
BD_immune15_476246,aneuploid,Tumor_epithelial_AT2,NMPR
BD_immune15_53101,aneuploid,Ciliated_epithelial,NMPR
BD_immune15_673957,aneuploid,Tumor_epithelial_AT2,NMPR
BD_immune15_682696,aneuploid,Tumor_epithelial_AT2,NMPR
BD_immune15_633758,aneuploid,Tumor_epithelial_AT2,NMPR
BD_immune15_730998,aneuploid,Tumor_epithelial_AT2,NMPR
BD_immune15_696993,aneuploid,Tumor_epithelial_AT2,NMPR
BD_immune15_25994,diploid,Ciliated_epithelial,NMPR
BD_immune15_191199,aneuploid,Tumor_epithelial_AT2,NMPR
BD_immune15_579816,aneuploid,Tumor_epithelial_AT2,NMPR
BD_immune15_81108,aneuploid,Tumor_epithelial_AT2,NMPR
BD_immune15_703199,aneuploid,Ciliated_epithelial,NMPR
BD_immune15_780129,aneuploid,Tumor_epithelial_AT2,NMPR
BD_immune15_738828,aneuploid,Tumor_epithelial_AT2,NMPR
BD_immune15_818875,aneuploid,Tumor_epithelial_AT2,NMPR
BD_immune15_788248,aneuploid,Tumor_epithelial_AT2,NMPR
BD_immune15_161844,aneuploid,Ciliated_epithelial,NMPR
BD_immune15_817148,diploid,Ciliated_epithelial,NMPR
BD_immune15_28251,aneuploid,Tumor_epithelial_AT2,NMPR
BD_immune15_409803,aneuploid,Tumor_epithelial_AT2,NMPR
BD_immune15_16682,aneuploid,Tumor_epithelial_AT2,NMPR
BD_immune15_540845,aneuploid,Tumor_epithelial_AT2,NMPR
BD_immune15_803389,aneuploid,Tumor_epithelial_AT2,NMPR
BD_immune15_774271,aneuploid,Tumor_epithelial_AT2,NMPR
BD_immune15_226074,diploid,Ciliated_epithelial,NMPR
BD_immune15_562613,aneuploid,Tumor_epithelial_AT2,NMPR
BD_immune15_275751,aneuploid,Tumor_epithelial_AT2,NMPR
BD_immune15_89246,aneuploid,Ciliated_epithelial,NMPR
BD_immune15_166149,aneuploid,Tumor_epithelial_AT2,NMPR
BD_immune15_120999,aneuploid,Tumor_epithelial_AT2,NMPR
BD_immune15_697727,aneuploid,Tumor_epithelial_AT2,NMPR
BD_immune15_784516,aneuploid,Tumor_epithelial_AT2,NMPR
BD_immune15_254973,diploid,Ciliated_epithelial,NMPR
BD_immune15_70197,aneuploid,Tumor_epithelial_AT2,NMPR
BD_immune15_651653,aneuploid,Tumor_epithelial_AT2,NMPR
BD_immune15_267667,aneuploid,Tumor_epithelial_AT2,NMPR
BD_immune15_208897,aneuploid,Tumor_epithelial_AT2,NMPR
BD_immune15_773891,aneuploid,Tumor_epithelial_AT2,NMPR
BD_immune15_667081,aneuploid,Tumor_epithelial_AT2,NMPR
BD_immune15_801098,aneuploid,Tumor_epithelial_AT2,NMPR
BD_immune15_584054,aneuploid,Tumor_epithelial_AT2,NMPR
BD_immune15_297329,aneuploid,Tumor_epithelial_AT2,NMPR
BD_immune15_674525,aneuploid,Tumor_epithelial_AT2,NMPR
BD_immune15_621487,aneuploid,Tumor_epithelial_AT2,NMPR
BD_immune15_789744,aneuploid,Tumor_epithelial_AT2,NMPR
BD_immune15_483924,aneuploid,Tumor_epithelial_AT2,NMPR
BD_immune15_306217,aneuploid,Tumor_epithelial_AT2,NMPR
BD_immune15_611385,diploid,Ciliated_epithelial,NMPR
BD_immune15_411835,aneuploid,Tumor_epithelial_AT2,NMPR
BD_immune15_568148,aneuploid,Tumor_epithelial_AT2,NMPR
BD_immune15_49532,aneuploid,Tumor_epithelial_AT2,NMPR
BD_immune15_132324,aneuploid,Tumor_epithelial_AT2,NMPR
BD_immune15_443175,diploid,Ciliated_epithelial,NMPR
BD_immune15_374546,aneuploid,Tumor_epithelial_AT2,NMPR
BD_immune15_545699,aneuploid,Tumor_epithelial_AT2,NMPR
BD_immune15_550305,aneuploid,Tumor_epithelial_AT2,NMPR
BD_immune15_315576,aneuploid,Tumor_epithelial_AT2,NMPR
BD_immune15_200054,aneuploid,Tumor_epithelial_AT2,NMPR
BD_immune15_71543,aneuploid,Tumor_epithelial_AT2,NMPR
BD_immune15_694960,aneuploid,Tumor_epithelial_AT2,NMPR
BD_immune15_453368,aneuploid,Tumor_epithelial_AT2,NMPR
BD_immune15_737814,aneuploid,Tumor_epithelial_AT2,NMPR
BD_immune15_524582,aneuploid,Tumor_epithelial_AT2,NMPR
BD_immune15_747966,aneuploid,Tumor_epithelial_AT2,NMPR
BD_immune15_90172,aneuploid,Tumor_epithelial_AT2,NMPR
BD_immune15_476018,diploid,Ciliated_epithelial,NMPR
BD_immune15_748509,aneuploid,Tumor_epithelial_AT2,NMPR
BD_immune15_307971,diploid,Ciliated_epithelial,NMPR
BD_immune15_316730,diploid,Ciliated_epithelial,NMPR
BD_immune15_798173,aneuploid,Tumor_epithelial_AT2,NMPR
BD_immune15_688834,aneuploid,Tumor_epithelial_AT2,NMPR
BD_immune15_750090,aneuploid,Tumor_epithelial_AT2,NMPR
BD_immune15_808896,diploid,Ciliated_epithelial,NMPR
BD_immune15_490461,aneuploid,Tumor_epithelial_AT2,NMPR
BD_immune15_295929,aneuploid,Tumor_epithelial_AT2,NMPR
BD_immune15_64574,aneuploid,Tumor_epithelial_AT2,NMPR
BD_immune15_415896,aneuploid,Tumor_epithelial_AT2,NMPR
BD_immune15_791286,aneuploid,Tumor_epithelial_AT2,NMPR
BD_immune15_781458,aneuploid,Tumor_epithelial_AT2,NMPR
BD_immune15_265275,aneuploid,Tumor_epithelial_AT2,NMPR
BD_immune15_511651,aneuploid,Tumor_epithelial_AT2,NMPR
BD_immune15_549948,aneuploid,Tumor_epithelial_AT2,NMPR
BD_immune15_748632,aneuploid,Tumor_epithelial_AT2,NMPR
BD_immune15_540854,aneuploid,Tumor_epithelial_AT2,NMPR
BD_immune15_581897,aneuploid,Tumor_epithelial_AT2,NMPR
BD_immune15_378940,aneuploid,Tumor_epithelial_AT2,NMPR
BD_immune15_340292,diploid,Ciliated_epithelial,NMPR
BD_immune15_101779,aneuploid,Tumor_epithelial_AT2,NMPR
BD_immune15_309407,aneuploid,Tumor_epithelial_AT2,NMPR
BD_immune15_32635,aneuploid,Tumor_epithelial_AT2,NMPR
BD_immune15_230984,aneuploid,Tumor_epithelial_AT2,NMPR
BD_immune15_406782,aneuploid,Tumor_epithelial_AT2,NMPR
BD_immune15_832680,aneuploid,Tumor_epithelial_AT2,NMPR
BD_immune15_766473,aneuploid,Tumor_epithelial_AT2,NMPR
BD_immune15_74187,aneuploid,Tumor_epithelial_AT2,NMPR
BD_immune15_48922,aneuploid,Tumor_epithelial_AT2,NMPR
BD_immune15_63122,diploid,Ciliated_epithelial,NMPR
BD_immune15_650686,aneuploid,Tumor_epithelial_AT2,NMPR
BD_immune15_545276,aneuploid,Tumor_epithelial_AT2,NMPR
BD_immune15_250693,diploid,Ciliated_epithelial,NMPR
BD_immune15_846277,aneuploid,Tumor_epithelial_AT2,NMPR
BD_immune15_643376,aneuploid,Tumor_epithelial_AT2,NMPR
BD_immune15_467031,aneuploid,Tumor_epithelial_AT2,NMPR
BD_immune15_244420,aneuploid,Tumor_epithelial_AT2,NMPR
BD_immune15_731816,aneuploid,Tumor_epithelial_AT2,NMPR
BD_immune15_187034,aneuploid,Tumor_epithelial_AT2,NMPR
BD_immune15_419689,aneuploid,Tumor_epithelial_AT2,NMPR
BD_immune15_590202,diploid,Ciliated_epithelial,NMPR
BD_immune15_331254,aneuploid,Tumor_epithelial_AT2,NMPR
BD_immune15_347346,aneuploid,Tumor_epithelial_AT2,NMPR
BD_immune15_295480,aneuploid,Tumor_epithelial_AT2,NMPR
BD_immune15_277296,aneuploid,Tumor_epithelial_AT2,NMPR
BD_immune15_625318,aneuploid,Tumor_epithelial_AT2,NMPR
BD_immune15_150783,diploid,Ciliated_epithelial,NMPR
BD_immune15_229448,aneuploid,Tumor_epithelial_AT2,NMPR
BD_immune15_233989,aneuploid,Tumor_epithelial_AT2,NMPR
BD_immune15_101810,diploid,Ciliated_epithelial,NMPR
BD_immune15_658835,aneuploid,Tumor_epithelial_AT2,NMPR
BD_immune15_632607,aneuploid,Tumor_epithelial_AT2,NMPR
BD_immune15_321910,aneuploid,Tumor_epithelial_AT2,NMPR
BD_immune15_34345,aneuploid,Tumor_epithelial_AT2,NMPR
BD_immune15_199293,aneuploid,Tumor_epithelial_AT2,NMPR
BD_immune15_77015,aneuploid,Tumor_epithelial_AT2,NMPR
BD_immune15_636560,diploid,Ciliated_epithelial,NMPR
BD_immune15_412134,diploid,Ciliated_epithelial,NMPR
BD_immune15_62280,aneuploid,Tumor_epithelial_AT2,NMPR
BD_immune15_347707,aneuploid,Tumor_epithelial_AT2,NMPR
BD_immune15_772479,aneuploid,Tumor_epithelial_AT2,NMPR
BD_immune15_476680,diploid,Ciliated_epithelial,NMPR
BD_immune15_374956,aneuploid,Tumor_epithelial_AT2,NMPR
BD_immune15_396367,diploid,Ciliated_epithelial,NMPR
BD_immune15_667737,aneuploid,Tumor_epithelial_AT2,NMPR
BD_immune15_333227,diploid,Ciliated_epithelial,NMPR
BD_immune15_664481,aneuploid,Tumor_epithelial_AT2,NMPR
BD_immune15_800852,aneuploid,Tumor_epithelial_AT2,NMPR
BD_immune15_47956,aneuploid,Tumor_epithelial_AT2,NMPR
BD_immune15_283499,aneuploid,Tumor_epithelial_AT2,NMPR
BD_immune15_692880,diploid,Ciliated_epithelial,NMPR
BD_immune15_527333,diploid,Ciliated_epithelial,NMPR
BD_immune15_368244,aneuploid,Tumor_epithelial_AT2,NMPR
BD_immune15_320223,diploid,Ciliated_epithelial,NMPR
BD_immune15_216525,aneuploid,Tumor_epithelial_AT2,NMPR
BD_immune15_9475,diploid,Ciliated_epithelial,NMPR
BD_immune15_450924,diploid,Ciliated_epithelial,NMPR
BD_immune15_663354,aneuploid,Tumor_epithelial_AT2,NMPR
BD_immune15_437331,aneuploid,Tumor_epithelial_AT2,NMPR
BD_immune15_431868,aneuploid,Tumor_epithelial_AT2,NMPR
BD_immune15_209554,aneuploid,Tumor_epithelial_AT2,NMPR
BD_immune15_229738,aneuploid,Tumor_epithelial_AT2,NMPR
BD_immune15_184518,diploid,Ciliated_epithelial,NMPR
BD_immune15_497608,aneuploid,Tumor_epithelial_AT2,NMPR
BD_immune15_519053,aneuploid,Tumor_epithelial_AT2,NMPR
BD_immune15_736143,aneuploid,Tumor_epithelial_AT2,NMPR
BD_immune15_399760,aneuploid,Tumor_epithelial_AT2,NMPR
BD_immune15_296900,aneuploid,Tumor_epithelial_AT2,NMPR
BD_immune15_882196,diploid,Ciliated_epithelial,NMPR
BD_immune15_619552,aneuploid,Tumor_epithelial_AT2,NMPR
BD_immune15_606782,aneuploid,Tumor_epithelial_AT2,NMPR
BD_immune15_579782,aneuploid,Tumor_epithelial_AT2,NMPR
BD_immune15_464792,aneuploid,Tumor_epithelial_AT2,NMPR
BD_immune15_758122,aneuploid,Tumor_epithelial_AT2,NMPR
BD_immune15_842213,aneuploid,Tumor_epithelial_AT2,NMPR
BD_immune15_868240,aneuploid,Tumor_epithelial_AT2,NMPR
BD_immune15_480901,aneuploid,Tumor_epithelial_AT2,NMPR
BD_immune15_595317,aneuploid,Tumor_epithelial_AT2,NMPR
BD_immune15_427872,aneuploid,Tumor_epithelial_AT2,NMPR
BD_immune15_269107,diploid,Ciliated_epithelial,NMPR
BD_immune15_171646,diploid,Ciliated_epithelial,NMPR
BD_immune15_259797,aneuploid,Tumor_epithelial_AT2,NMPR
BD_immune15_211334,aneuploid,Tumor_epithelial_AT2,NMPR
BD_immune15_786736,aneuploid,Tumor_epithelial_AT2,NMPR
BD_immune15_104309,aneuploid,Tumor_epithelial_AT2,NMPR
BD_immune15_3982,diploid,Ciliated_epithelial,NMPR
BD_immune15_78112,diploid,Ciliated_epithelial,NMPR
BD_immune15_826593,diploid,Tumor_epithelial_AT2,NMPR
BD_immune15_319244,aneuploid,Tumor_epithelial_AT2,NMPR
BD_immune15_221847,diploid,Ciliated_epithelial,NMPR
BD_immune15_117369,diploid,Ciliated_epithelial,NMPR
BD_immune15_107315,aneuploid,Tumor_epithelial_AT2,NMPR
BD_immune15_76803,aneuploid,Tumor_epithelial_AT2,NMPR
BD_immune15_729094,aneuploid,Tumor_epithelial_AT2,NMPR
BD_immune15_685362,aneuploid,Tumor_epithelial_AT2,NMPR
BD_immune15_783927,aneuploid,Tumor_epithelial_AT2,NMPR
BD_immune15_449949,aneuploid,Tumor_epithelial_AT2,NMPR
BD_immune15_737463,diploid,Ciliated_epithelial,NMPR
BD_immune15_396037,diploid,Ciliated_epithelial,NMPR
BD_immune15_420344,aneuploid,Tumor_epithelial_AT2,NMPR
BD_immune15_761832,diploid,Ciliated_epithelial,NMPR
BD_immune15_187862,aneuploid,Tumor_epithelial_AT2,NMPR
BD_immune15_250867,aneuploid,Tumor_epithelial_AT2,NMPR
BD_immune15_550160,aneuploid,Tumor_epithelial_AT2,NMPR
BD_immune15_237480,aneuploid,Tumor_epithelial_AT2,NMPR
BD_immune15_135293,aneuploid,Tumor_epithelial_AT2,NMPR
BD_immune15_92548,aneuploid,Tumor_epithelial_AT2,NMPR
BD_immune15_664907,aneuploid,Tumor_epithelial_AT2,NMPR
BD_immune15_212061,aneuploid,Tumor_epithelial_AT2,NMPR
BD_immune15_595178,diploid,Ciliated_epithelial,NMPR
BD_immune15_372395,aneuploid,Tumor_epithelial_AT2,NMPR
BD_immune15_371482,aneuploid,Tumor_epithelial_AT2,NMPR
BD_immune15_394517,diploid,Ciliated_epithelial,NMPR
BD_immune15_19926,aneuploid,Tumor_epithelial_AT2,NMPR
BD_immune15_319944,aneuploid,Tumor_epithelial_AT2,NMPR
BD_immune15_15632,aneuploid,Tumor_epithelial_AT2,NMPR
BD_immune15_248262,diploid,Ciliated_epithelial,NMPR
BD_immune15_790635,aneuploid,Tumor_epithelial_AT2,NMPR
BD_immune15_639533,diploid,Ciliated_epithelial,NMPR
BD_immune15_450977,aneuploid,Tumor_epithelial_AT2,NMPR
BD_immune15_63173,aneuploid,Ciliated_epithelial,NMPR
BD_immune15_877328,aneuploid,Tumor_epithelial_AT2,NMPR
BD_immune15_366755,diploid,Ciliated_epithelial,NMPR
BD_immune15_721161,aneuploid,Tumor_epithelial_AT2,NMPR
BD_immune15_178914,diploid,Ciliated_epithelial,NMPR
BD_immune15_419584,aneuploid,Tumor_epithelial_AT2,NMPR
BD_immune15_681890,aneuploid,Tumor_epithelial_AT2,NMPR
BD_immune15_165083,aneuploid,Tumor_epithelial_AT2,NMPR
BD_immune15_504083,aneuploid,Tumor_epithelial_AT2,NMPR
BD_immune15_612147,diploid,Ciliated_epithelial,NMPR
BD_immune15_757133,aneuploid,Tumor_epithelial_AT2,NMPR
BD_immune15_267127,aneuploid,Tumor_epithelial_AT2,NMPR
BD_immune15_500825,aneuploid,Tumor_epithelial_AT2,NMPR
BD_immune15_450811,aneuploid,Tumor_epithelial_AT2,NMPR
BD_immune15_764055,aneuploid,Tumor_epithelial_AT2,NMPR
BD_immune15_833922,aneuploid,Tumor_epithelial_AT2,NMPR
BD_immune15_420793,aneuploid,Tumor_epithelial_AT2,NMPR
BD_immune15_512925,aneuploid,Tumor_epithelial_AT2,NMPR
BD_immune15_850642,aneuploid,Tumor_epithelial_AT2,NMPR
BD_immune15_746363,aneuploid,Tumor_epithelial_AT2,NMPR
BD_immune15_614531,aneuploid,Tumor_epithelial_AT2,NMPR
BD_immune15_834727,diploid,Ciliated_epithelial,NMPR
BD_immune15_660697,aneuploid,Tumor_epithelial_AT2,NMPR
BD_immune15_250241,aneuploid,Tumor_epithelial_AT2,NMPR
BD_immune15_673687,aneuploid,Tumor_epithelial_AT2,NMPR
BD_immune15_129594,aneuploid,Tumor_epithelial_AT2,NMPR
BD_immune15_787701,aneuploid,Tumor_epithelial_AT2,NMPR
BD_immune15_314027,aneuploid,Tumor_epithelial_AT2,NMPR
BD_immune15_572535,aneuploid,Ciliated_epithelial,NMPR
BD_immune15_107219,aneuploid,Tumor_epithelial_AT2,NMPR
BD_immune15_480619,aneuploid,Tumor_epithelial_AT2,NMPR
BD_immune15_875093,diploid,Ciliated_epithelial,NMPR
BD_immune15_482767,aneuploid,Tumor_epithelial_AT2,NMPR
BD_immune15_172439,aneuploid,Tumor_epithelial_AT2,NMPR
BD_immune15_544365,aneuploid,Tumor_epithelial_AT2,NMPR
BD_immune15_654577,diploid,Ciliated_epithelial,NMPR
BD_immune15_734870,aneuploid,Tumor_epithelial_AT2,NMPR
BD_immune15_225885,aneuploid,Tumor_epithelial_AT2,NMPR
BD_immune15_381469,aneuploid,Tumor_epithelial_AT2,NMPR
BD_immune15_678066,aneuploid,Tumor_epithelial_AT2,NMPR
BD_immune15_141583,aneuploid,Tumor_epithelial_AT2,NMPR
BD_immune15_451168,aneuploid,Tumor_epithelial_AT2,NMPR
BD_immune15_652802,aneuploid,Tumor_epithelial_AT2,NMPR
BD_immune15_81283,aneuploid,Tumor_epithelial_AT2,NMPR
BD_immune15_220931,aneuploid,Tumor_epithelial_AT2,NMPR
BD_immune15_884576,aneuploid,Tumor_epithelial_AT2,NMPR
BD_immune15_461493,aneuploid,Tumor_epithelial_AT2,NMPR
BD_immune15_643304,aneuploid,Tumor_epithelial_AT2,NMPR
BD_immune15_615257,aneuploid,Tumor_epithelial_AT2,NMPR
BD_immune15_841774,aneuploid,Tumor_epithelial_AT2,NMPR
BD_immune15_615731,aneuploid,Tumor_epithelial_AT2,NMPR
BD_immune15_71872,aneuploid,Tumor_epithelial_AT2,NMPR
BD_immune15_882829,aneuploid,Tumor_epithelial_AT2,NMPR
BD_immune15_530198,aneuploid,Tumor_epithelial_AT2,NMPR
BD_immune15_503793,aneuploid,Ciliated_epithelial,NMPR
BD_immune15_659390,aneuploid,Tumor_epithelial_AT2,NMPR
BD_immune15_457748,aneuploid,Tumor_epithelial_AT2,NMPR
BD_immune15_179065,aneuploid,Tumor_epithelial_AT2,NMPR
BD_immune15_6630,aneuploid,Tumor_epithelial_AT2,NMPR
BD_immune15_256682,aneuploid,Ciliated_epithelial,NMPR
BD_immune15_474467,aneuploid,Tumor_epithelial_AT2,NMPR
BD_immune15_410312,aneuploid,Tumor_epithelial_AT2,NMPR
BD_immune15_138701,diploid,Ciliated_epithelial,NMPR
BD_immune15_345493,aneuploid,Tumor_epithelial_AT2,NMPR
BD_immune15_262347,aneuploid,Tumor_epithelial_AT2,NMPR
BD_immune15_71565,aneuploid,Tumor_epithelial_AT2,NMPR
BD_immune15_756583,aneuploid,Tumor_epithelial_AT2,NMPR
BD_immune15_316717,aneuploid,Tumor_epithelial_AT2,NMPR
BD_immune15_792890,aneuploid,Tumor_epithelial_AT2,NMPR
BD_immune15_226960,aneuploid,Tumor_epithelial_AT2,NMPR
BD_immune15_427749,aneuploid,Tumor_epithelial_AT2,NMPR
BD_immune15_875251,aneuploid,Tumor_epithelial_AT2,NMPR
BD_immune15_145603,aneuploid,Tumor_epithelial_AT2,NMPR
BD_immune15_92797,aneuploid,Tumor_epithelial_AT2,NMPR
BD_immune15_403880,aneuploid,Tumor_epithelial_AT2,NMPR
BD_immune15_776248,aneuploid,Tumor_epithelial_AT2,NMPR
BD_immune15_238924,aneuploid,Tumor_epithelial_AT2,NMPR
BD_immune15_68050,aneuploid,Tumor_epithelial_AT2,NMPR
BD_immune15_600660,aneuploid,Tumor_epithelial_AT2,NMPR
BD_immune15_32228,aneuploid,Tumor_epithelial_AT2,NMPR
BD_immune15_249825,aneuploid,Tumor_epithelial_AT2,NMPR
BD_immune15_127359,aneuploid,Tumor_epithelial_AT2,NMPR
BD_immune15_547976,aneuploid,Tumor_epithelial_AT2,NMPR
BD_immune15_729439,aneuploid,Tumor_epithelial_AT2,NMPR
BD_immune15_818269,aneuploid,Tumor_epithelial_AT2,NMPR
BD_immune15_633715,aneuploid,Tumor_epithelial_AT2,NMPR
BD_immune15_784533,aneuploid,Tumor_epithelial_AT2,NMPR
BD_immune15_462861,aneuploid,Tumor_epithelial_AT2,NMPR
BD_immune15_31435,aneuploid,Ciliated_epithelial,NMPR
BD_immune15_757123,aneuploid,Tumor_epithelial_AT2,NMPR
BD_immune15_637030,aneuploid,Ciliated_epithelial,NMPR
BD_immune15_837621,aneuploid,Tumor_epithelial_AT2,NMPR
BD_immune15_19962,aneuploid,Ciliated_epithelial,NMPR
BD_immune15_847888,aneuploid,Tumor_epithelial_AT2,NMPR
BD_immune15_699030,aneuploid,Tumor_epithelial_AT2,NMPR
BD_immune15_301390,aneuploid,Tumor_epithelial_AT2,NMPR
BD_immune15_206837,aneuploid,Ciliated_epithelial,NMPR
BD_immune15_518714,aneuploid,Tumor_epithelial_AT2,NMPR
BD_immune15_504387,aneuploid,Tumor_epithelial_AT2,NMPR
BD_immune15_799821,aneuploid,Tumor_epithelial_AT2,NMPR
BD_immune15_51121,aneuploid,Tumor_epithelial_AT2,NMPR
BD_immune15_528297,aneuploid,Ciliated_epithelial,NMPR
BD_immune15_529438,aneuploid,Ciliated_epithelial,NMPR
BD_immune15_596878,aneuploid,Tumor_epithelial_AT2,NMPR
BD_immune15_646895,aneuploid,Ciliated_epithelial,NMPR
BD_immune15_50158,aneuploid,Ciliated_epithelial,NMPR
BD_immune15_611680,aneuploid,Tumor_epithelial_AT2,NMPR
BD_immune15_38400,aneuploid,Ciliated_epithelial,NMPR
BD_immune15_603233,aneuploid,Ciliated_epithelial,NMPR
BD_immune15_541606,aneuploid,Ciliated_epithelial,NMPR
BD_immune15_477730,aneuploid,Tumor_epithelial_AT2,NMPR
BD_immune15_802558,aneuploid,Tumor_epithelial_AT2,NMPR
BD_immune15_372519,aneuploid,Tumor_epithelial_AT2,NMPR
BD_immune15_335207,aneuploid,Tumor_epithelial_AT2,NMPR
BD_immune15_645599,aneuploid,Ciliated_epithelial,NMPR
BD_immune15_429657,aneuploid,Ciliated_epithelial,NMPR
BD_immune15_88739,aneuploid,Tumor_epithelial_AT2,NMPR
BD_immune15_334962,aneuploid,Ciliated_epithelial,NMPR
BD_immune15_728299,aneuploid,Tumor_epithelial_AT2,NMPR
BD_immune15_399746,aneuploid,Tumor_epithelial_AT2,NMPR
BD_immune15_228416,aneuploid,Ciliated_epithelial,NMPR
BD_immune15_241083,aneuploid,Tumor_epithelial_AT2,NMPR
BD_immune15_84069,aneuploid,Tumor_epithelial_AT2,NMPR
BD_immune15_59143,aneuploid,Tumor_epithelial_AT2,NMPR
BD_immune15_478884,aneuploid,Ciliated_epithelial,NMPR
BD_immune15_86756,aneuploid,Tumor_epithelial_AT2,NMPR
BD_immune15_325615,aneuploid,Ciliated_epithelial,NMPR
BD_immune15_593814,aneuploid,Tumor_epithelial_AT2,NMPR
BD_immune15_606649,aneuploid,Tumor_epithelial_AT2,NMPR
BD_immune15_596716,aneuploid,Tumor_epithelial_AT2,NMPR
BD_immune15_471543,aneuploid,Tumor_epithelial_AT2,NMPR
BD_immune15_825730,aneuploid,Ciliated_epithelial,NMPR
BD_immune15_870703,aneuploid,Ciliated_epithelial,NMPR
BD_immune15_247630,aneuploid,Tumor_epithelial_AT2,NMPR
BD_immune15_488874,aneuploid,Tumor_epithelial_AT2,NMPR
BD_immune15_426255,aneuploid,Ciliated_epithelial,NMPR
BD_immune15_619364,aneuploid,Ciliated_epithelial,NMPR
BD_immune15_727488,aneuploid,Ciliated_epithelial,NMPR
BD_immune15_695518,aneuploid,Tumor_epithelial_AT2,NMPR
BD_immune15_429931,aneuploid,Tumor_epithelial_AT2,NMPR
BD_immune15_620803,aneuploid,Ciliated_epithelial,NMPR
BD_immune15_99155,aneuploid,Tumor_epithelial_AT2,NMPR
BD_immune15_257007,aneuploid,Tumor_epithelial_AT2,NMPR
BD_immune15_215568,aneuploid,Tumor_epithelial_AT2,NMPR
BD_immune15_413230,aneuploid,Ciliated_epithelial,NMPR
BD_immune15_399116,aneuploid,Tumor_epithelial_AT2,NMPR
BD_immune15_367365,aneuploid,Tumor_epithelial_AT2,NMPR
BD_immune15_205747,aneuploid,Ciliated_epithelial,NMPR
BD_immune15_789819,aneuploid,Tumor_epithelial_AT2,NMPR
BD_immune15_252746,aneuploid,Ciliated_epithelial,NMPR
BD_immune15_681904,aneuploid,Ciliated_epithelial,NMPR
BD_immune15_302545,aneuploid,Tumor_epithelial_AT2,NMPR
BD_immune15_424006,aneuploid,Tumor_epithelial_AT2,NMPR
BD_immune15_123040,aneuploid,Ciliated_epithelial,NMPR
BD_immune15_296485,aneuploid,Ciliated_epithelial,NMPR
BD_immune15_484620,aneuploid,Ciliated_epithelial,NMPR
BD_immune15_374255,aneuploid,Ciliated_epithelial,NMPR
BD_immune15_493727,aneuploid,Ciliated_epithelial,NMPR
BD_immune15_456821,aneuploid,Ciliated_epithelial,NMPR
BD_immune15_399033,aneuploid,Ciliated_epithelial,NMPR
BD_immune15_324924,aneuploid,Tumor_epithelial_AT2,NMPR
BD_immune15_236663,aneuploid,Tumor_epithelial_AT2,NMPR
BD_immune15_722389,aneuploid,Ciliated_epithelial,NMPR
BD_immune15_636746,aneuploid,Tumor_epithelial_AT2,NMPR
BD_immune15_397554,aneuploid,Tumor_epithelial_AT2,NMPR
BD_immune15_626690,aneuploid,Tumor_epithelial_AT2,NMPR
BD_immune15_326935,aneuploid,Tumor_epithelial_AT2,NMPR
BD_immune15_479318,aneuploid,Tumor_epithelial_AT2,NMPR
BD_immune15_355216,aneuploid,Tumor_epithelial_AT2,NMPR
BD_immune15_771964,aneuploid,Tumor_epithelial_AT2,NMPR
BD_immune15_9614,aneuploid,Tumor_epithelial_AT2,NMPR
BD_immune07_210740,aneuploid,Tumor_epithelial_AT2,NMPR
BD_immune11_594190,aneuploid,Ciliated_epithelial,MPR
BD_immune11_637603,aneuploid,Ciliated_epithelial,MPR
BD_immune07_842495,not.defined,Tumor_epithelial_AT2,NMPR
BD_immune07_492754,not.defined,Tumor_epithelial_AT2,NMPR
BD_immune02_162143,not.defined,Tumor_epithelial_AT2,NMPR
BD_immune02_642494,not.defined,Tumor_epithelial_AT2,NMPR
BD_immune02_13423,not.defined,Tumor_epithelial_AT2,NMPR
BD_immune02_179190,not.defined,Tumor_epithelial_AT2,NMPR
BD_immune02_505427,not.defined,Tumor_epithelial_AT2,NMPR
BD_immune02_29691,not.defined,Tumor_epithelial_AT2,NMPR
BD_immune02_755957,not.defined,Tumor_epithelial_AT2,NMPR
BD_immune02_196980,not.defined,Tumor_epithelial_AT2,NMPR
BD_immune02_666214,not.defined,Tumor_epithelial_AT2,NMPR
BD_immune02_30921,not.defined,Tumor_epithelial_AT2,NMPR
BD_immune02_818585,not.defined,Tumor_epithelial_AT2,NMPR
BD_immune02_335965,not.defined,Ciliated_epithelial,NMPR
BD_immune02_38291,not.defined,Tumor_epithelial_AT2,NMPR
BD_immune02_200787,not.defined,Tumor_epithelial_AT2,NMPR
BD_immune02_538017,not.defined,Tumor_epithelial_AT2,NMPR
BD_immune02_794734,not.defined,Tumor_epithelial_AT2,NMPR
BD_immune02_679749,not.defined,Tumor_epithelial_AT2,NMPR
BD_immune02_492247,not.defined,Tumor_epithelial_AT2,NMPR
BD_immune02_566281,not.defined,Tumor_epithelial_AT2,NMPR
BD_immune02_319195,not.defined,Tumor_epithelial_AT2,NMPR
BD_immune02_215688,not.defined,Tumor_epithelial_AT2,NMPR
BD_immune02_746610,not.defined,Tumor_epithelial_AT2,NMPR
BD_immune04_522295,not.defined,Tumor_epithelial_AT2,NMPR
BD_immune04_830147,not.defined,Tumor_epithelial_AT2,NMPR
BD_immune04_336975,not.defined,Tumor_epithelial_AT2,NMPR
BD_immune04_508784,not.defined,Tumor_epithelial_AT2,NMPR
BD_immune04_742951,not.defined,Tumor_epithelial_AT2,NMPR
BD_immune04_849036,not.defined,Tumor_epithelial_AT2,NMPR
BD_immune04_491057,not.defined,Tumor_epithelial_AT2,NMPR
BD_immune04_252496,not.defined,Ciliated_epithelial,NMPR
BD_immune04_279467,not.defined,Tumor_epithelial_AT2,NMPR
BD_immune04_687559,not.defined,Tumor_epithelial_AT2,NMPR
BD_immune04_702662,not.defined,Tumor_epithelial_AT2,NMPR
BD_immune04_856058,not.defined,Tumor_epithelial_AT2,NMPR
BD_immune04_467064,not.defined,Tumor_epithelial_AT2,NMPR
BD_immune04_257854,not.defined,Tumor_epithelial_AT2,NMPR
BD_immune04_237439,not.defined,Tumor_epithelial_AT2,NMPR
BD_immune04_511523,not.defined,Tumor_epithelial_AT2,NMPR
BD_immune04_258042,not.defined,Tumor_epithelial_AT2,NMPR
BD_immune04_562966,not.defined,Tumor_epithelial_AT2,NMPR
BD_immune04_720634,not.defined,Tumor_epithelial_AT2,NMPR
BD_immune04_84457,not.defined,Tumor_epithelial_AT2,NMPR
BD_immune04_406845,not.defined,Tumor_epithelial_AT2,NMPR
BD_immune04_488866,not.defined,Tumor_epithelial_AT2,NMPR
BD_immune04_427427,not.defined,Tumor_epithelial_AT2,NMPR
BD_immune04_63547,not.defined,Tumor_epithelial_AT2,NMPR
BD_immune07_624668,not.defined,Tumor_epithelial_AT2,NMPR
BD_immune08_747954,not.defined,Tumor_epithelial_AT2,NMPR
BD_immune08_113832,not.defined,Tumor_epithelial_AT2,NMPR
BD_immune08_829647,not.defined,Tumor_epithelial_AT2,NMPR
BD_immune08_231901,not.defined,Tumor_epithelial_AT2,NMPR
BD_immune08_193894,not.defined,Tumor_epithelial_AT2,NMPR
BD_immune08_612392,not.defined,Tumor_epithelial_AT2,NMPR
BD_immune08_370215,not.defined,Tumor_epithelial_AT2,NMPR
BD_immune08_451247,not.defined,Tumor_epithelial_AT2,NMPR
BD_immune08_90036,not.defined,Tumor_epithelial_AT2,NMPR
BD_immune08_530004,not.defined,Tumor_epithelial_AT2,NMPR
BD_immune08_286411,not.defined,Tumor_epithelial_AT2,NMPR
BD_immune08_179,not.defined,Tumor_epithelial_AT2,NMPR
BD_immune08_649261,not.defined,Tumor_epithelial_AT2,NMPR
BD_immune08_483898,not.defined,Tumor_epithelial_AT2,NMPR
BD_immune08_436010,not.defined,Tumor_epithelial_AT2,NMPR
BD_immune08_845063,not.defined,Tumor_epithelial_AT2,NMPR
BD_immune08_50882,not.defined,Tumor_epithelial_AT2,NMPR
BD_immune08_688654,not.defined,Tumor_epithelial_AT2,NMPR
BD_immune08_276694,not.defined,Tumor_epithelial_AT2,NMPR
BD_immune08_604229,not.defined,Tumor_epithelial_AT2,NMPR
BD_immune08_315075,not.defined,Tumor_epithelial_AT2,NMPR
BD_immune08_170754,not.defined,Tumor_epithelial_AT2,NMPR
BD_immune08_533734,not.defined,Tumor_epithelial_AT2,NMPR
BD_immune08_743219,not.defined,Tumor_epithelial_AT2,NMPR
BD_immune08_36024,not.defined,Tumor_epithelial_AT2,NMPR
BD_immune08_291106,not.defined,Tumor_epithelial_AT2,NMPR
BD_immune08_627738,not.defined,Tumor_epithelial_AT2,NMPR
BD_immune08_12990,not.defined,Tumor_epithelial_AT2,NMPR
BD_immune08_360384,not.defined,Tumor_epithelial_AT2,NMPR
BD_immune08_763667,not.defined,Tumor_epithelial_AT2,NMPR
BD_immune08_532707,not.defined,Tumor_epithelial_AT2,NMPR
BD_immune08_704490,not.defined,Tumor_epithelial_AT2,NMPR
BD_immune08_792466,not.defined,Tumor_epithelial_AT2,NMPR
BD_immune08_212469,not.defined,Tumor_epithelial_AT2,NMPR
BD_immune08_284693,not.defined,Tumor_epithelial_AT2,NMPR
BD_immune08_596990,not.defined,Tumor_epithelial_AT2,NMPR
BD_immune08_287929,not.defined,Tumor_epithelial_AT2,NMPR
BD_immune10_196841,not.defined,Tumor_epithelial_AT2,NMPR
BD_immune11_766428,not.defined,Ciliated_epithelial,MPR
BD_immune11_663724,not.defined,Ciliated_epithelial,MPR
BD_immune12_416906,not.defined,Ciliated_epithelial,NMPR
BD_immune12_700276,not.defined,Ciliated_epithelial,NMPR
BD_immune14_879190,not.defined,Ciliated_epithelial,MPR
BD_immune14_6093,not.defined,Ciliated_epithelial,MPR
BD_immune14_690113,not.defined,Ciliated_epithelial,MPR
BD_immune15_846410,not.defined,Tumor_epithelial_AT2,NMPR
BD_immune15_522628,not.defined,Ciliated_epithelial,NMPR
BD_immune15_872378,not.defined,Tumor_epithelial_AT2,NMPR
BD_immune15_517165,not.defined,Tumor_epithelial_AT2,NMPR
BD_immune15_525379,not.defined,Tumor_epithelial_AT2,NMPR
BD_immune15_319169,not.defined,Tumor_epithelial_AT2,NMPR
BD_immune15_341359,not.defined,Tumor_epithelial_AT2,NMPR
BD_immune15_15583,not.defined,Tumor_epithelial_AT2,NMPR
BD_immune15_378824,not.defined,Tumor_epithelial_AT2,NMPR
BD_immune15_370598,not.defined,Tumor_epithelial_AT2,NMPR
BD_immune15_812599,not.defined,Tumor_epithelial_AT2,NMPR
BD_immune15_194658,not.defined,Tumor_epithelial_AT2,NMPR
BD_immune15_703490,not.defined,Ciliated_epithelial,NMPR
BD_immune15_381817,not.defined,Ciliated_epithelial,NMPR
BD_immune15_89535,not.defined,Tumor_epithelial_AT2,NMPR
