source,target,ligand,receptor,prob_MPR,pval_MPR,prob_NMPR,pval_NMPR,presence
Ciliated,IFN-stimulated,GDF15,TGFBR2,0.000589721277624442,0,0.000606637673821641,0,Both
Ciliated,M2-SIGLEC8+,GDF15,TGFBR2,0.00205044136309285,0,0.00231718528363874,0,Both
Ciliated,MRC1+ M2-like,GDF15,TGFBR2,0.00163418954495534,0,0.00190899352613269,0,Both
Ciliated,Resident M2,GDF15,TGFBR2,0.00118897172327421,0,0.00165181580661449,0,Both
Ciliated,SPP1+ immunosuppressive,GDF15,TGFBR2,0.00181814984328194,0,0.00242474224537112,0,Both
IFN-stimulated,Ciliated,HBEGF,ERBB4,0.00156850243922603,0,0.00449440800390783,0,Both
M2-SIGLEC8+,Ciliated,HBEGF,ERBB4,0.00460697987183918,0,0.0064821565344251,0,Both
MRC1+ M2-like,Ciliated,HBEGF,ERBB4,0.00857555485071214,0,0.00439974918511086,0,Both
Resident M2,Ciliated,HBEGF,ERBB4,0.00140715236772384,0,0.0046013789025772,0,Both
SPP1+ immunosuppressive,Ciliated,HBEGF,ERBB4,0.00709417327994053,0,0.0100134866021263,0,Both
IFN-stimulated,Ciliated,HBEGF,ERBB2_ERBB4,0.00133538701096336,0,0.00353825377433115,0,Both
M2-SIGLEC8+,Ciliated,HBEGF,ERBB2_ERBB4,0.00392405186102556,0,0.00510529121899916,0,Both
MRC1+ M2-like,Ciliated,HBEGF,ERBB2_ERBB4,0.0073086540149205,0,0.00346366289860346,0,Both
Resident M2,Ciliated,HBEGF,ERBB2_ERBB4,0.00119798848656822,0,0.00362255016559946,0,Both
SPP1+ immunosuppressive,Ciliated,HBEGF,ERBB2_ERBB4,0.00604478849014576,0,0.00789249533616704,0,Both
M2-SIGLEC8+,Ciliated,IGF1,IGF1R,0.00127718070475841,0,0.000366015727552665,0,Both
SPP1+ immunosuppressive,Ciliated,IGF1,IGF1R,0.00219508267493456,0,0.000340624472440419,0,Both
Ciliated,IFN-stimulated,IL7,IL7R_IL2RG,0.00200754070477266,0,0.00227577034673394,0,Both
Ciliated,M2-SIGLEC8+,IL7,IL7R_IL2RG,0.00141734251217734,0,0.00240458389075533,0,Both
Ciliated,MRC1+ M2-like,IL7,IL7R_IL2RG,0.00467528119568862,0,0.00173907198271315,0,Both
Ciliated,Resident M2,IL7,IL7R_IL2RG,0.00706662237463842,0,0.00314803161339753,0,Both
Ciliated,SPP1+ immunosuppressive,IL7,IL7R_IL2RG,0.000556577420448402,0,0.00249211123351041,0,Both
IFN-stimulated,Ciliated,TNF,TNFRSF1A,0.000523344542978908,0,0.000753061481858394,0,Both
MRC1+ M2-like,Ciliated,RETN,CAP1,0.00226381559699654,0,0.00147119774334956,0,Both
Ciliated,MRC1+ M2-like,MDK,SDC2,0.00113745938228629,0,0.00957095458568456,0,Both
Ciliated,MRC1+ M2-like,MDK,SDC4,0.00237131647889677,0,0.00532483256246306,0,Both
Ciliated,IFN-stimulated,MDK,ITGA4_ITGB1,0.0037009730141562,0,0.00387926160472711,0,Both
Ciliated,SPP1+ immunosuppressive,MDK,ITGA4_ITGB1,0.00340149900216286,0,0.00533060388791884,0,Both
Ciliated,MRC1+ M2-like,MDK,ITGA6_ITGB1,0.00252722235240507,0,0.00692157833920858,0,Both
Ciliated,IFN-stimulated,MDK,LRP1,0.00602637587618436,0,0.00738832744017872,0,Both
Ciliated,M2-SIGLEC8+,MDK,LRP1,0.00939830862066633,0,0.00996484563224949,0,Both
Ciliated,MRC1+ M2-like,MDK,LRP1,0.00853260214164889,0,0.0112975935408262,0,Both
Ciliated,Resident M2,MDK,LRP1,0.007362963355892,0,0.0110763379712621,0,Both
Ciliated,SPP1+ immunosuppressive,MDK,LRP1,0.00802595157564791,0,0.00764180913790758,0,Both
Ciliated,IFN-stimulated,MDK,NCL,0.00819557838011075,0,0.0105927096783062,0,Both
Ciliated,MRC1+ M2-like,MDK,NCL,0.00782226381361899,0,0.0126937336287527,0,Both
Ciliated,Resident M2,MDK,NCL,0.0080250153974697,0,0.0111716229574406,0,Both
Ciliated,SPP1+ immunosuppressive,MDK,NCL,0.006452934958498,0,0.0136925976376905,0,Both
Ciliated,MRC1+ M2-like,SEMA3C,NRP1_PLXNA1,0.00575000580688338,0,0.0027014475076666,0,Both
Ciliated,MRC1+ M2-like,SEMA3C,NRP1_PLXNA3,0.0056744323160761,0,0.00234669229199474,0,Both
Ciliated,MRC1+ M2-like,SEMA3C,NRP2_PLXNA1,0.00560454785426066,0,0.00433490649953045,0,Both
Ciliated,MRC1+ M2-like,SEMA3C,NRP2_PLXNA3,0.00553087551179591,0,0.00376645488401679,0,Both
Ciliated,IFN-stimulated,SEMA3C,NRP1_NRP2,0.00818086427436065,0,0.00361550920777384,0,Both
Ciliated,M2-SIGLEC8+,SEMA3C,NRP1_NRP2,0.0244669229328868,0,0.00789519792749592,0,Both
Ciliated,MRC1+ M2-like,SEMA3C,NRP1_NRP2,0.00899990826937276,0,0.00520323754764038,0,Both
Ciliated,SPP1+ immunosuppressive,SEMA3C,NRP1_NRP2,0.0179137272117786,0,0.0118224061459415,0,Both
Ciliated,IFN-stimulated,SEMA3C,PLXND1,0.00561211400608048,0,0.00333683778539937,0,Both
Ciliated,M2-SIGLEC8+,SEMA3C,PLXND1,0.0180247466858689,0,0.00625890589603217,0,Both
Ciliated,MRC1+ M2-like,SEMA3C,PLXND1,0.00750429516986618,0,0.00731703223177377,0,Both
Ciliated,Resident M2,SEMA3C,PLXND1,0.0211700146638158,0,0.00925377437771555,0,Both
Ciliated,SPP1+ immunosuppressive,SEMA3C,PLXND1,0.00719007988690603,0,0.00889770647932798,0,Both
Ciliated,IFN-stimulated,SEMA3E,PLXND1,0.000992507637440695,0,0.000636406224749268,0,Both
Ciliated,M2-SIGLEC8+,SEMA3E,PLXND1,0.00322078734568625,0,0.00119654604134824,0,Both
Ciliated,MRC1+ M2-like,SEMA3E,PLXND1,0.00132922366795813,0,0.00140003904883614,0,Both
Ciliated,Resident M2,SEMA3E,PLXND1,0.00379278329483615,0,0.00177341272054201,0,Both
Ciliated,SPP1+ immunosuppressive,SEMA3E,PLXND1,0.00127323552757783,0,0.00170467988069243,0,Both
Ciliated,IFN-stimulated,ANXA1,FPR1,0.0958851544360548,0,0.0697086434159318,0,Both
Ciliated,M2-SIGLEC8+,ANXA1,FPR1,0.0668651330377477,0,0.0586591299521696,0,Both
Ciliated,MRC1+ M2-like,ANXA1,FPR1,0.0423106510145648,0,0.0437700796636442,0,Both
Ciliated,Resident M2,ANXA1,FPR1,0.11538569156656,0,0.0876818811469039,0,Both
Ciliated,SPP1+ immunosuppressive,ANXA1,FPR1,0.0507552811498684,0,0.0361362518690421,0,Both
Ciliated,IFN-stimulated,GAS6,AXL,0.00286461832389161,0,0.00180382352589436,0,Both
Ciliated,M2-SIGLEC8+,GAS6,AXL,0.00423509038116586,0,0.00339446897317825,0,Both
Ciliated,MRC1+ M2-like,GAS6,AXL,0.00422279028482705,0,0.00475064831636536,0,Both
Ciliated,SPP1+ immunosuppressive,GAS6,AXL,0.00125960881835351,0,0.0048562051397575,0,Both
Ciliated,IFN-stimulated,GAS6,MERTK,0.000948287599251409,0,0.000704031911622759,0,Both
Ciliated,M2-SIGLEC8+,GAS6,MERTK,0.00218562855592235,0,0.00354420162794254,0,Both
Ciliated,Resident M2,GAS6,MERTK,0.00120164715818026,0,0.00453846053577717,0,Both
Ciliated,SPP1+ immunosuppressive,GAS6,MERTK,0.00104084243511236,0,0.00463098900668926,0,Both
IFN-stimulated,Ciliated,GRN,SORT1,0.0361066810852096,0,0.0153941520375587,0,Both
M2-SIGLEC8+,Ciliated,GRN,SORT1,0.0390783542149894,0,0.0183543100373879,0,Both
MRC1+ M2-like,Ciliated,GRN,SORT1,0.0412481982680571,0,0.0167345106992937,0,Both
Resident M2,Ciliated,GRN,SORT1,0.0368735117603958,0,0.0176509809720805,0,Both
Ciliated,IFN-stimulated,PROS1,AXL,0.0140247147773157,0,0.00250714103949783,0,Both
Ciliated,M2-SIGLEC8+,PROS1,AXL,0.020623897326009,0,0.0047150555180878,0,Both
Ciliated,MRC1+ M2-like,PROS1,AXL,0.0205649817656108,0,0.00659535218707521,0,Both
Ciliated,SPP1+ immunosuppressive,PROS1,AXL,0.00620575925864136,0,0.00674161968114413,0,Both
Ciliated,IFN-stimulated,ANXA1,FPR3,0.108730216458999,0,0.0990921184624006,0,Both
Ciliated,M2-SIGLEC8+,ANXA1,FPR3,0.109422147050225,0,0.0838800121548163,0,Both
Ciliated,MRC1+ M2-like,ANXA1,FPR3,0.0638176977735656,0,0.0621958653472069,0,Both
Ciliated,Resident M2,ANXA1,FPR3,0.1104956570325,0,0.0795628030593137,0,Both
Ciliated,SPP1+ immunosuppressive,ANXA1,FPR3,0.0793669689450944,0,0.0901189656271762,0,Both
Ciliated,IFN-stimulated,MT-RNR2,FPR3,0.232648865880472,0,0.217193162221892,0,Both
Ciliated,M2-SIGLEC8+,MT-RNR2,FPR3,0.233922410267602,0,0.187626678276911,0,Both
Ciliated,MRC1+ M2-like,MT-RNR2,FPR3,0.144870034107084,0,0.143318306885878,0,Both
Ciliated,Resident M2,MT-RNR2,FPR3,0.23589382646698,0,0.179013147102369,0,Both
Ciliated,SPP1+ immunosuppressive,MT-RNR2,FPR3,0.176445744478957,0,0.199898480143136,0,Both
Ciliated,MRC1+ M2-like,PPIA,BSG,0.0710729819009531,0,0.0708434137572885,0,Both
Ciliated,IFN-stimulated,TUB,MERTK,0.00104987317699303,0,6.75779783066572e-05,0,Both
Ciliated,M2-SIGLEC8+,TUB,MERTK,0.00241944363134725,0,0.000341073961432433,0,Both
Ciliated,Resident M2,TUB,MERTK,0.00133033780919858,0,0.000437150037338333,0,Both
Ciliated,SPP1+ immunosuppressive,TUB,MERTK,0.00115233153969915,0,0.000446099963329504,0,Both
Ciliated,IFN-stimulated,PROS1,MERTK,0.00467768758458785,0,0.000978957125100879,0,Both
Ciliated,M2-SIGLEC8+,PROS1,MERTK,0.0107289512248525,0,0.00492275253052224,0,Both
Ciliated,Resident M2,PROS1,MERTK,0.00592154694452091,0,0.00630129234475542,0,Both
Ciliated,SPP1+ immunosuppressive,PROS1,MERTK,0.00513236965025821,0,0.00642952865426588,0,Both
IFN-stimulated,Ciliated,FN1,ITGA3_ITGB1,0.0167335173830008,0,0.0242432585862984,0,Both
MRC1+ M2-like,Ciliated,FN1,ITGA3_ITGB1,0.0401627950303478,0,0.0256698183542867,0,Both
MRC1+ M2-like,Ciliated,THBS1,ITGA3_ITGB1,0.00126822741680275,0,0.00432482523292004,0,Both
Ciliated,MRC1+ M2-like,LAMB3,ITGA6_ITGB1,0.00197507911292381,0,0.00336168731318813,0,Both
Ciliated,MRC1+ M2-like,LAMC2,ITGA6_ITGB1,0.0121206264367692,0,0.0165306387252485,0,Both
IFN-stimulated,Ciliated,FN1,ITGAV_ITGB1,0.0139003166079841,0,0.00974893142432105,0,Both
MRC1+ M2-like,Ciliated,FN1,ITGAV_ITGB1,0.0334978581163076,0,0.010331624061756,0,Both
IFN-stimulated,Ciliated,FN1,ITGAV_ITGB8,0.0107363845340736,0,0.0053457199564076,0,Both
MRC1+ M2-like,Ciliated,FN1,ITGAV_ITGB8,0.0259907870692955,0,0.0056667391452401,0,Both
Ciliated,IFN-stimulated,LAMB3,CD44,0.0104224496756281,0,0.00964966756089536,0,Both
Ciliated,M2-SIGLEC8+,LAMB3,CD44,0.00708876602413478,0,0.00896652593314804,0,Both
Ciliated,MRC1+ M2-like,LAMB3,CD44,0.0118278177892125,0,0.00746110965069819,0,Both
Ciliated,Resident M2,LAMB3,CD44,0.0121618630858725,0,0.0104884865896902,0,Both
Ciliated,SPP1+ immunosuppressive,LAMB3,CD44,0.00438504887303692,0,0.00659482112956142,0,Both
Ciliated,IFN-stimulated,LAMC2,CD44,0.0612952772330985,0,0.0463064419403065,0,Both
Ciliated,M2-SIGLEC8+,LAMC2,CD44,0.0423865896220887,0,0.0431412553506736,0,Both
Ciliated,MRC1+ M2-like,LAMC2,CD44,0.0690814913693817,0,0.0361071902003754,0,Both
Ciliated,Resident M2,LAMC2,CD44,0.0709164716960943,0,0.0501703094272431,0,Both
Ciliated,SPP1+ immunosuppressive,LAMC2,CD44,0.0265803786089252,0,0.0320221925447768,0,Both
IFN-stimulated,Ciliated,FN1,SDC4,0.065401968317558,0,0.0931049793071532,0,Both
MRC1+ M2-like,Ciliated,FN1,SDC4,0.146800315234262,0,0.0981759086934894,0,Both
MRC1+ M2-like,Ciliated,THBS1,SDC4,0.0051944125621851,0,0.0176315999900972,0,Both
MRC1+ M2-like,Ciliated,THBS1,CD47,0.00274558729102722,0,0.00808893313345178,0,Both
Ciliated,IFN-stimulated,PGE2-PTGES3,PTGER4,0.0331518663782429,0,0.0120715056973934,0,Both
Ciliated,M2-SIGLEC8+,PGE2-PTGES3,PTGER4,0.0384454063911152,0,0.0485388778154582,0,Both
Ciliated,MRC1+ M2-like,PGE2-PTGES3,PTGER4,0.0506702559540094,0,0.0313806768872055,0,Both
Ciliated,Resident M2,PGE2-PTGES3,PTGER4,0.0409750652923399,0,0.0127017948197546,0,Both
Ciliated,SPP1+ immunosuppressive,PGE2-PTGES3,PTGER4,0.0475946614826552,0,0.0484509696561271,0,Both
Ciliated,M2-SIGLEC8+,DHEAS-SULT2B,PPARA,0.000624905979058117,0,0.000469986119294267,0,Both
Ciliated,MRC1+ M2-like,DHEAS-SULT2B,PPARA,0.000526372518618108,0,0.000410771289870729,0,Both
Ciliated,Resident M2,DHEAS-SULT2B,PPARA,0.000645678522391809,0,0.00052601005564173,0,Both
Ciliated,SPP1+ immunosuppressive,DHEAS-SULT2B,PPARA,0.000263822849234459,0,0.000486854998317869,0,Both
Ciliated,IFN-stimulated,DHEAS-SULT2B,PPARD,0.00103668533044411,0,0.000654315408575649,0,Both
Ciliated,M2-SIGLEC8+,DHEAS-SULT2B,PPARD,0.00091547657795302,0,0.000754631052407672,0,Both
Ciliated,MRC1+ M2-like,DHEAS-SULT2B,PPARD,0.00160734272595091,0,0.000467811135118167,0,Both
Ciliated,M2-SIGLEC8+,DHEAS-SULT2B,PPARG,0.000624905979058117,0,0.00047855439051251,0,Both
Ciliated,MRC1+ M2-like,DHEAS-SULT2B,PPARG,0.00628823074824634,0,0.00243934291500656,0,Both
Ciliated,IFN-stimulated,APP,CD74,0.262349692401893,0,0.230627300212703,0,Both
Ciliated,M2-SIGLEC8+,APP,CD74,0.268042556304954,0,0.236408755166788,0,Both
Ciliated,MRC1+ M2-like,APP,CD74,0.260801482514953,0,0.21947232783878,0,Both
Ciliated,Resident M2,APP,CD74,0.262639603037153,0,0.220723980289411,0,Both
Ciliated,SPP1+ immunosuppressive,APP,CD74,0.277560108589411,0,0.234022912571892,0,Both
Ciliated,IFN-stimulated,CD99,PILRA,0.0381695855065959,0,0.0280616977442395,0,Both
Ciliated,M2-SIGLEC8+,CD99,PILRA,0.034540938348928,0,0.0264889216026173,0,Both
Ciliated,MRC1+ M2-like,CD99,PILRA,0.0350760721244874,0,0.0172081017494479,0,Both
Ciliated,Resident M2,CD99,PILRA,0.0303795595301943,0,0.0301608314943629,0,Both
Ciliated,MRC1+ M2-like,CD99,CD99L2,0.00421452641417748,0,0.00348580612919102,0,Both
M2-SIGLEC8+,Ciliated,CDH1,CDH1,0.0132199378068906,0,0.0160813569134472,0,Both
MRC1+ M2-like,Ciliated,CDH1,CDH1,0.0155436384024741,0,0.00659861020792339,0,Both
Ciliated,M2-SIGLEC8+,CDH1,CDH1,0.0132199378068906,0,0.0160813569134472,0,Both
Ciliated,MRC1+ M2-like,CDH1,CDH1,0.0155436384024741,0,0.00659861020792339,0,Both
IFN-stimulated,Ciliated,CDH1,ITGA2_ITGB1,0.0014296834348291,0,0.00140008442236198,0,Both
M2-SIGLEC8+,Ciliated,CDH1,ITGA2_ITGB1,0.00543223819987678,0,0.00857464489581705,0,Both
MRC1+ M2-like,Ciliated,CDH1,ITGA2_ITGB1,0.00639594837962105,0,0.00350264788793061,0,Both
Resident M2,Ciliated,CDH1,ITGA2_ITGB1,0.00130700027777065,0,0.00520458728997157,0,Both
SPP1+ immunosuppressive,Ciliated,CDH1,ITGA2_ITGB1,0.00172082371340531,0,0.00113496907541203,0,Both
M2-SIGLEC8+,Ciliated,DSC2,DSG2,0.00870267292307951,0,0.00374535620970636,0,Both
MRC1+ M2-like,Ciliated,DSC2,DSG2,0.00578407528399427,0,0.00286375260780127,0,Both
Resident M2,Ciliated,DSC2,DSG2,0.0129504977425193,0,0.00158261259183046,0,Both
SPP1+ immunosuppressive,Ciliated,DSC2,DSG2,0.00981792058329949,0,0.00146629235859969,0,Both
Ciliated,IFN-stimulated,F11R,ITGAL_ITGB2,0.0496656599006563,0,0.0385651657263624,0,Both
Ciliated,M2-SIGLEC8+,F11R,ITGAL_ITGB2,0.0209831118223782,0,0.0145821361919798,0,Both
Ciliated,MRC1+ M2-like,F11R,ITGAL_ITGB2,0.0372415873791143,0,0.0293604661383834,0,Both
Ciliated,Resident M2,F11R,ITGAL_ITGB2,0.0208901103936886,0,0.0185438633796579,0,Both
M2-SIGLEC8+,Ciliated,F11R,F11R,0.0169112246480825,0,0.0173609336028717,0,Both
MRC1+ M2-like,Ciliated,F11R,F11R,0.0155844933655387,0,0.0117804038271138,0,Both
Ciliated,M2-SIGLEC8+,F11R,F11R,0.0169112246480825,0,0.0173609336028717,0,Both
Ciliated,MRC1+ M2-like,F11R,F11R,0.0155844933655387,0,0.0117804038271138,0,Both
Ciliated,Resident M2,HLA-F,LILRB1,0.0245025783904538,0,0.0094890011727404,0,Both
IFN-stimulated,Ciliated,HLA-DPA1,CD4,0.128942462297833,0,0.0842910156345173,0,Both
MRC1+ M2-like,Ciliated,HLA-DPA1,CD4,0.125239565255814,0,0.0741997860007638,0,Both
SPP1+ immunosuppressive,Ciliated,HLA-DPA1,CD4,0.13767694559091,0,0.081238638220592,0,Both
IFN-stimulated,Ciliated,HLA-DPB1,CD4,0.113208757070989,0,0.0729511490787842,0,Both
MRC1+ M2-like,Ciliated,HLA-DPB1,CD4,0.116342105531886,0,0.069617263014246,0,Both
SPP1+ immunosuppressive,Ciliated,HLA-DPB1,CD4,0.128115173086102,0,0.0762994652450188,0,Both
IFN-stimulated,Ciliated,HLA-DQA1,CD4,0.103714170697415,0,0.0595234876193612,0,Both
M2-SIGLEC8+,Ciliated,HLA-DQA1,CD4,0.111614181879377,0,0.0652583474276493,0,Both
SPP1+ immunosuppressive,Ciliated,HLA-DQA1,CD4,0.119238992063265,0,0.0678075761857178,0,Both
IFN-stimulated,Ciliated,HLA-DMA,CD4,0.0687622530661338,0,0.0375072199683782,0,Both
M2-SIGLEC8+,Ciliated,HLA-DMA,CD4,0.0840103191649915,0,0.0437801546330654,0,Both
MRC1+ M2-like,Ciliated,HLA-DMA,CD4,0.0701301365006315,0,0.0392049465506838,0,Both
Resident M2,Ciliated,HLA-DMA,CD4,0.0776768389962245,0,0.0355399490666583,0,Both
SPP1+ immunosuppressive,Ciliated,HLA-DMA,CD4,0.0718155744451276,0,0.0407564504000941,0,Both
IFN-stimulated,Ciliated,HLA-DMB,CD4,0.0869654905862488,0,0.0463997065088872,0,Both
M2-SIGLEC8+,Ciliated,HLA-DMB,CD4,0.0984100778390449,0,0.0564580559843054,0,Both
MRC1+ M2-like,Ciliated,HLA-DMB,CD4,0.0771150063147103,0,0.0432936757929329,0,Both
Resident M2,Ciliated,HLA-DMB,CD4,0.0968444818220557,0,0.0469748771253916,0,Both
SPP1+ immunosuppressive,Ciliated,HLA-DMB,CD4,0.086168052247006,0,0.0446644334440212,0,Both
IFN-stimulated,Ciliated,HLA-DOA,CD4,0.0331502917688302,0,0.0138929659691207,0,Both
M2-SIGLEC8+,Ciliated,HLA-DOA,CD4,0.059240346339961,0,0.0311704142609012,0,Both
MRC1+ M2-like,Ciliated,HLA-DOA,CD4,0.0454511796968638,0,0.0159032668562409,0,Both
SPP1+ immunosuppressive,Ciliated,HLA-DOA,CD4,0.0677710708091938,0,0.0225275731496813,0,Both
IFN-stimulated,Ciliated,HLA-DQB1,CD4,0.0627423875899985,0,0.0597761714080204,0,Both
M2-SIGLEC8+,Ciliated,HLA-DQB1,CD4,0.0739760282297504,0,0.0656926796728906,0,Both
Resident M2,Ciliated,HLA-DQB1,CD4,0.0720042640470321,0,0.0495803212403329,0,Both
SPP1+ immunosuppressive,Ciliated,HLA-DQB1,CD4,0.0908290546612396,0,0.0528929963434788,0,Both
Ciliated,IFN-stimulated,HLA-DRA,CD4,0.152314781971485,0,0.11242598884341,0,Both
Ciliated,M2-SIGLEC8+,HLA-DRA,CD4,0.162963515351654,0,0.128111634375495,0,Both
Ciliated,MRC1+ M2-like,HLA-DRA,CD4,0.109702100710627,0,0.107043030033977,0,Both
Ciliated,Resident M2,HLA-DRA,CD4,0.18226510181077,0,0.123017572573091,0,Both
Ciliated,SPP1+ immunosuppressive,HLA-DRA,CD4,0.182182959944255,0,0.146484013384271,0,Both
IFN-stimulated,Ciliated,HLA-DRB1,CD4,0.126575601032895,0,0.0687962337848978,0,Both
MRC1+ M2-like,Ciliated,HLA-DRB1,CD4,0.140304620568038,0,0.0813597391487408,0,Both
SPP1+ immunosuppressive,Ciliated,HLA-DRB1,CD4,0.13208317769017,0,0.0837367216614947,0,Both
Ciliated,IFN-stimulated,HLA-DRB1,CD4,0.129157535677278,0,0.0963711686317997,0,Both
Ciliated,M2-SIGLEC8+,HLA-DRB1,CD4,0.138451711542925,0,0.110094694935983,0,Both
Ciliated,MRC1+ M2-like,HLA-DRB1,CD4,0.0923179305671401,0,0.0916775154152688,0,Both
Ciliated,Resident M2,HLA-DRB1,CD4,0.1553890484731,0,0.105630242044366,0,Both
Ciliated,SPP1+ immunosuppressive,HLA-DRB1,CD4,0.155316718351515,0,0.126257437244568,0,Both
IFN-stimulated,Ciliated,HLA-DRB3,CD4,0.0714892657702052,0,0.0474709575063223,0,Both
M2-SIGLEC8+,Ciliated,HLA-DRB3,CD4,0.0811510719326234,0,0.0589398091198009,0,Both
MRC1+ M2-like,Ciliated,HLA-DRB3,CD4,0.024437802494756,0,0.0399128920587613,0,Both
Resident M2,Ciliated,HLA-DRB3,CD4,0.0814980446081646,0,0.0526311898047688,0,Both
M2-SIGLEC8+,Ciliated,MPZL1,MPZL1,0.000512574651505445,0,0.00095132315386912,0,Both
Ciliated,M2-SIGLEC8+,MPZL1,MPZL1,0.000512574651505445,0,0.00095132315386912,0,Both
IFN-stimulated,Ciliated,SEMA4A,PLXNB1,0.00482586543013969,0,0.00291679724344213,0,Both
M2-SIGLEC8+,Ciliated,SEMA4A,PLXNB1,0.00319598520278509,0,0.00437715322303683,0,Both
Resident M2,Ciliated,SEMA4A,PLXNB1,0.00667454611324852,0,0.00495788152314561,0,Both
SPP1+ immunosuppressive,Ciliated,SEMA4A,PLXNB1,0.00105307442862652,0,0.00070973199005608,0,Both
IFN-stimulated,Ciliated,SEMA4A,PLXNB2,0.031162771028687,0,0.0167662602714121,0,Both
M2-SIGLEC8+,Ciliated,SEMA4A,PLXNB2,0.0208240332747188,0,0.0249868751737695,0,Both
Resident M2,Ciliated,SEMA4A,PLXNB2,0.0426679609957244,0,0.0282244342315216,0,Both
SPP1+ immunosuppressive,Ciliated,SEMA4A,PLXNB2,0.00694383808167285,0,0.00412299697761817,0,Both
IFN-stimulated,Ciliated,SEMA4D,PLXNB1,0.00296688178713585,0,0.0024428914314005,0,Both
M2-SIGLEC8+,Ciliated,SEMA4D,PLXNB1,0.000659497320552868,0,0.000410042636632215,0,Both
SPP1+ immunosuppressive,Ciliated,SEMA4D,PLXNB1,0.000846574384106722,0,0.000923570918096488,0,Both
IFN-stimulated,Ciliated,SEMA4D,PLXNB2,0.0193558051784384,0,0.0140739284695143,0,Both
M2-SIGLEC8+,Ciliated,SEMA4D,PLXNB2,0.00435824629151997,0,0.00238547290288287,0,Both
SPP1+ immunosuppressive,Ciliated,SEMA4D,PLXNB2,0.0055886656697678,0,0.00535972082124828,0,Both
Ciliated,IFN-stimulated,ITGAV_ITGB1,ADGRE2,0.00919064054321955,0,0.00259949758764384,0,Both
Ciliated,Resident M2,ITGAV_ITGB1,ADGRE2,0.0091617091800561,0,0.00276563031162292,0,Both
Ciliated,IFN-stimulated,CD55,ADGRE5,0.0210638313121681,0,0.0213132161515839,0,Both
Ciliated,MRC1+ M2-like,CD55,ADGRE5,0.0266200520436474,0,0.0306313009036326,0,Both
Ciliated,Resident M2,CD55,ADGRE5,0.0198979406805097,0,0.00524567778724374,0,Both
Ciliated,IFN-stimulated,LPAR3,ADGRE5,0.0102589770751613,0,0.00316629197792122,0,Both
Ciliated,M2-SIGLEC8+,LPAR3,ADGRE5,0.00256930112763378,0,0.000656848352666942,0,Both
Ciliated,MRC1+ M2-like,LPAR3,ADGRE5,0.013002948861368,0,0.00458777803434118,0,Both
Ciliated,Resident M2,LPAR3,ADGRE5,0.00968522210326135,0,0.000768554815525868,0,Both
Ciliated,SPP1+ immunosuppressive,LPAR3,ADGRE5,0.00314850971075397,0,0.000919456657881749,0,Both
IFN-stimulated,Ciliated,TGM2,ADGRG1,0.00245620919755163,0,0.00283444951049451,0,Both
M2-SIGLEC8+,Ciliated,TGM2,ADGRG1,0.000991036330381909,0,0.00291876402053483,0,Both
MRC1+ M2-like,Ciliated,TGM2,ADGRG1,0.00321451953668431,0,0.00241300683384424,0,Both
Ciliated,IFN-stimulated,APP,SORL1,0.0120624550582369,0,0.00847276440395907,0,Both
Ciliated,M2-SIGLEC8+,APP,SORL1,0.0320167156324732,0,0.0189758546998007,0,Both
Ciliated,MRC1+ M2-like,APP,SORL1,0.00635278738660845,0,0.00798038693099774,0,Both
Ciliated,Resident M2,APP,SORL1,0.011376045969598,0,0.0268956514148794,0,Both
Ciliated,SPP1+ immunosuppressive,APP,SORL1,0.017086540446465,0,0.00782249042977968,0,Both
IFN-stimulated,Ciliated,APP,TNFRSF21,0.00641745375049549,0,0.00412663309548697,0,Both
MRC1+ M2-like,Ciliated,APP,TNFRSF21,0.00532024122113506,0,0.00503347558860279,0,Both
Ciliated,M2-SIGLEC8+,APP,TNFRSF21,0.0236763821683034,0,0.0176421203614048,0,Both
Ciliated,Resident M2,APP,TNFRSF21,0.00594942721240579,0,0.00804886317923109,0,Both
Ciliated,SPP1+ immunosuppressive,APP,TNFRSF21,0.00625011949668398,0,0.00954818110703168,0,Both
Ciliated,IFN-stimulated,APP,TREM2_TYROBP,0.0331025686902336,0,0.0466316728911962,0,Both
Ciliated,M2-SIGLEC8+,APP,TREM2_TYROBP,0.0838487126167473,0,0.0382601862306011,0,Both
Ciliated,MRC1+ M2-like,APP,TREM2_TYROBP,0.0785947581152566,0,0.0958630424562596,0,Both
Ciliated,SPP1+ immunosuppressive,APP,TREM2_TYROBP,0.045685932206988,0,0.0659374579725979,0,Both
Ciliated,MRC1+ M2-like,NTN4,UNC5B,0.00179328417834575,0,0.000444835443675484,0,Both
IFN-stimulated,Ciliated,PECAM1,CD38,0.00795091499525123,0,0.0033324419530707,0,Both
M2-SIGLEC8+,Ciliated,PECAM1,CD38,0.0149712092874008,0,0.00635409485762774,0,Both
MRC1+ M2-like,Ciliated,PECAM1,CD38,0.0208140724909815,0,0.006904772877075,0,Both
Resident M2,Ciliated,PECAM1,CD38,0.00693076386907836,0,0.00596752749626197,0,Both
SPP1+ immunosuppressive,Ciliated,PECAM1,CD38,0.0140720172151237,0,0.00560080424093693,0,Both
IFN-stimulated,tumor,HBEGF,EGFR,0.00883100838672056,0,0.0094246069584305,0,Both
M2-SIGLEC8+,tumor,HBEGF,EGFR,0.025577878714487,0,0.0135631341841265,0,Both
MRC1+ M2-like,tumor,HBEGF,EGFR,0.0467626713250352,0,0.00922707336398968,0,Both
Resident M2,tumor,HBEGF,EGFR,0.00792850512297869,0,0.0096477837550538,0,Both
SPP1+ immunosuppressive,tumor,HBEGF,EGFR,0.0389437876534858,0,0.0208709820845699,0,Both
M2-SIGLEC8+,tumor,IGF1,IGF1R,0.000628728109322721,0,0.000360494665992838,0,Both
SPP1+ immunosuppressive,tumor,IGF1,IGF1R,0.00108165416394687,0,0.000335494945790434,0,Both
M2-SIGLEC8+,tumor,IGF1,ITGA6_ITGB4,0.000786608630247069,0,0.00115367922613395,0,Both
SPP1+ immunosuppressive,tumor,IGF1,ITGA6_ITGB4,0.00135287741857037,0,0.00107353019231204,0,Both
IFN-stimulated,tumor,TNF,TNFRSF1A,0.00356413550916546,0,0.00104080786441904,0,Both
IFN-stimulated,tumor,TNFSF10,TNFRSF10A,0.0150847029260134,0,0.00253533652929656,0,Both
M2-SIGLEC8+,tumor,TNFSF10,TNFRSF10A,0.00539124160238839,0,0.000992069931901866,0,Both
Resident M2,tumor,TNFSF10,TNFRSF10A,0.00366545551793031,0,0.000515405014684582,0,Both
SPP1+ immunosuppressive,tumor,TNFSF10,TNFRSF10A,0.00205410803609675,0,0.000509710744862946,0,Both
MRC1+ M2-like,tumor,RETN,CAP1,0.00241610496631672,0,0.00307266888129262,0,Both
tumor,MRC1+ M2-like,MDK,SDC2,0.00471673859382479,0,0.0438667557251382,0,Both
tumor,IFN-stimulated,MDK,SDC4,0.00401175680528434,0,0.00797368204002491,0,Both
tumor,M2-SIGLEC8+,MDK,SDC4,0.00404861592783801,0,0.0160795269167494,0,Both
tumor,MRC1+ M2-like,MDK,SDC4,0.00979513854289758,0,0.0247861877029821,0,Both
tumor,Resident M2,MDK,SDC4,0.0108456312776729,0,0.00666190563734944,0,Both
tumor,IFN-stimulated,MDK,ITGA4_ITGB1,0.0152239941213214,0,0.0181537266742551,0,Both
tumor,SPP1+ immunosuppressive,MDK,ITGA4_ITGB1,0.0140052115931694,0,0.0248125260613331,0,Both
tumor,MRC1+ M2-like,MDK,ITGA6_ITGB1,0.0104340302344946,0,0.0320308397198449,0,Both
tumor,IFN-stimulated,MDK,LRP1,0.0246107173124093,0,0.034132607849189,0,Both
tumor,M2-SIGLEC8+,MDK,LRP1,0.0379837620417979,0,0.0456070911396008,0,Both
tumor,MRC1+ M2-like,MDK,LRP1,0.0345768713228625,0,0.051459037103896,0,Both
tumor,Resident M2,MDK,LRP1,0.0299449425963873,0,0.0504914144018788,0,Both
tumor,SPP1+ immunosuppressive,MDK,LRP1,0.0325745677617313,0,0.0352710390799146,0,Both
tumor,IFN-stimulated,MDK,NCL,0.0332456360373771,0,0.048370976245334,0,Both
tumor,M2-SIGLEC8+,MDK,NCL,0.0339417742344429,0,0.0384047219616731,0,Both
tumor,MRC1+ M2-like,MDK,NCL,0.0317678212473474,0,0.0575294829161463,0,Both
tumor,Resident M2,MDK,NCL,0.032570862157073,0,0.050908315520341,0,Both
tumor,SPP1+ immunosuppressive,MDK,NCL,0.0263178842756625,0,0.061835484297428,0,Both
tumor,M2-SIGLEC8+,EDN1,EDNRB,0.000543855187442657,0,0.000244507553806259,0,Both
tumor,IFN-stimulated,ANXA1,FPR1,0.0298232095650788,0,0.0992115041886172,0,Both
tumor,M2-SIGLEC8+,ANXA1,FPR1,0.0203471336185252,0,0.0839072887201677,0,Both
tumor,MRC1+ M2-like,ANXA1,FPR1,0.0126437142871533,0,0.0630388320882852,0,Both
tumor,Resident M2,ANXA1,FPR1,0.0364298241499589,0,0.123779450585177,0,Both
tumor,SPP1+ immunosuppressive,ANXA1,FPR1,0.0152615855688045,0,0.0522279424366442,0,Both
tumor,MRC1+ M2-like,GRN,SORT1,0.0256674255940027,0,0.0286400997833958,0,Both
tumor,IFN-stimulated,PROS1,AXL,0.00226108019231187,0,0.00111707926310698,0,Both
tumor,M2-SIGLEC8+,PROS1,AXL,0.00334377972342194,0,0.00210341682499943,0,Both
tumor,MRC1+ M2-like,PROS1,AXL,0.00333405961913281,0,0.00294531138229626,0,Both
tumor,SPP1+ immunosuppressive,PROS1,AXL,0.000993888433708811,0,0.00301087595389583,0,Both
IFN-stimulated,tumor,LGALS9,CD44,0.119372080615872,0,0.0629291754303525,0,Both
M2-SIGLEC8+,tumor,LGALS9,CD44,0.11994198946263,0,0.0615607712850501,0,Both
MRC1+ M2-like,tumor,LGALS9,CD44,0.124643589758901,0,0.0695075492222912,0,Both
Resident M2,tumor,LGALS9,CD44,0.0939519456096058,0,0.0737058601845719,0,Both
tumor,IFN-stimulated,ANXA1,FPR3,0.0341527170344556,0,0.139170565867058,0,Both
tumor,M2-SIGLEC8+,ANXA1,FPR3,0.0343883674105633,0,0.118615896932166,0,Both
tumor,MRC1+ M2-like,ANXA1,FPR3,0.0193757736437242,0,0.088822672154843,0,Both
tumor,Resident M2,ANXA1,FPR3,0.0347544694428451,0,0.112730866566362,0,Both
tumor,SPP1+ immunosuppressive,ANXA1,FPR3,0.0243786835805337,0,0.127080097427947,0,Both
tumor,IFN-stimulated,MT-RNR2,FPR3,0.219797936439075,0,0.237703998597487,0,Both
tumor,M2-SIGLEC8+,MT-RNR2,FPR3,0.221021395744426,0,0.206080430161493,0,Both
tumor,MRC1+ M2-like,MT-RNR2,FPR3,0.136008384064897,0,0.158263157737992,0,Both
tumor,Resident M2,MT-RNR2,FPR3,0.22291572392782,0,0.196824983538736,0,Both
tumor,SPP1+ immunosuppressive,MT-RNR2,FPR3,0.166027624406457,0,0.219233483516254,0,Both
IFN-stimulated,tumor,LGALS9,P4HB,0.08624480243477,0,0.0790252107899783,0,Both
M2-SIGLEC8+,tumor,LGALS9,P4HB,0.086672120232287,0,0.077335682086141,0,Both
MRC1+ M2-like,tumor,LGALS9,P4HB,0.0902032472808359,0,0.0871297507575975,0,Both
Resident M2,tumor,LGALS9,P4HB,0.0673396446965562,0,0.0922868892052379,0,Both
SPP1+ immunosuppressive,tumor,LGALS9,P4HB,0.0494335345081945,0,0.058273270504059,0,Both
tumor,IFN-stimulated,NTS,SORT1,0.00379669679147862,0,0.00780890607545647,0,Both
tumor,M2-SIGLEC8+,NTS,SORT1,0.00356403058217954,0,0.0111960730342491,0,Both
tumor,MRC1+ M2-like,NTS,SORT1,0.0232294180604651,0,0.0385073674467459,0,Both
tumor,SPP1+ immunosuppressive,NTS,SORT1,0.00441249317569549,0,0.00700249775500823,0,Both
tumor,MRC1+ M2-like,PPIA,BSG,0.121752107315021,0,0.097703768530057,0,Both
IFN-stimulated,tumor,PPIA,BSG,0.0839151412852979,0,0.0943890569355061,0,Both
M2-SIGLEC8+,tumor,PPIA,BSG,0.0783658202479416,0,0.091555803380646,0,Both
MRC1+ M2-like,tumor,PPIA,BSG,0.092696061923819,0,0.0967321917013179,0,Both
Resident M2,tumor,PPIA,BSG,0.0824875350795012,0,0.0973082799449244,0,Both
SPP1+ immunosuppressive,tumor,PPIA,BSG,0.0826099407804203,0,0.0877750074930428,0,Both
tumor,IFN-stimulated,PROS1,MERTK,0.000748192685813746,0,0.000435812973963066,0,Both
tumor,M2-SIGLEC8+,PROS1,MERTK,0.00172489734748949,0,0.00219632567509351,0,Both
tumor,Resident M2,PROS1,MERTK,0.000948142449615997,0,0.00281353105068124,0,Both
tumor,SPP1+ immunosuppressive,PROS1,MERTK,0.000821233896904956,0,0.00287099371632515,0,Both
tumor,MRC1+ M2-like,LAMA3,ITGA6_ITGB1,0.000944352491383808,0,0.00276341055526617,0,Both
tumor,MRC1+ M2-like,LAMA5,ITGA6_ITGB1,0.00376522722700213,0,0.00251477050133876,0,Both
tumor,MRC1+ M2-like,LAMC1,ITGA6_ITGB1,0.00456240223963054,0,0.00266436853689236,0,Both
tumor,MRC1+ M2-like,LAMC2,ITGA6_ITGB1,0.00110551888634366,0,0.00399927905921571,0,Both
IFN-stimulated,tumor,FN1,ITGAV_ITGB1,0.021004099554816,0,0.0306812328377086,0,Both
MRC1+ M2-like,tumor,FN1,ITGAV_ITGB1,0.0501080768459514,0,0.0324740180656703,0,Both
IFN-stimulated,tumor,FN1,ITGAV_ITGB8,0.0198769337558807,0,0.0097210965089035,0,Both
MRC1+ M2-like,tumor,FN1,ITGAV_ITGB8,0.0474948434787223,0,0.0103021427645914,0,Both
IFN-stimulated,tumor,FN1,CD44,0.0793600130228636,0,0.0881487773252457,0,Both
MRC1+ M2-like,tumor,FN1,CD44,0.174879737777863,0,0.0929774437276712,0,Both
tumor,IFN-stimulated,COL4A5,CD44,0.0245821149443239,0,0.00822163276844925,0,Both
tumor,M2-SIGLEC8+,COL4A5,CD44,0.0167962489277459,0,0.00763880810569276,0,Both
tumor,MRC1+ M2-like,COL4A5,CD44,0.0278430585731038,0,0.0063548768446942,0,Both
tumor,Resident M2,COL4A5,CD44,0.0286163134962289,0,0.00893743692516454,0,Both
tumor,SPP1+ immunosuppressive,COL4A5,CD44,0.0104289020595332,0,0.0056163031233109,0,Both
tumor,IFN-stimulated,LAMA3,CD44,0.00500543724621659,0,0.00794124082446313,0,Both
tumor,M2-SIGLEC8+,LAMA3,CD44,0.0033984674070923,0,0.00737814504256367,0,Both
tumor,MRC1+ M2-like,LAMA3,CD44,0.00568456873133315,0,0.00613775506379756,0,Both
tumor,Resident M2,LAMA3,CD44,0.00584614072048478,0,0.00863284556729745,0,Both
tumor,SPP1+ immunosuppressive,LAMA3,CD44,0.00209928644894783,0,0.00542427782232161,0,Both
tumor,IFN-stimulated,LAMA5,CD44,0.0197177561998775,0,0.00723009907812378,0,Both
tumor,M2-SIGLEC8+,LAMA5,CD44,0.0134513266223278,0,0.00671708735721103,0,Both
tumor,MRC1+ M2-like,LAMA5,CD44,0.0223482020174995,0,0.00558720671818125,0,Both
tumor,Resident M2,LAMA5,CD44,0.0229724603400849,0,0.0078602610105451,0,Both
tumor,SPP1+ immunosuppressive,LAMA5,CD44,0.00834125995148662,0,0.00493740948687209,0,Both
tumor,IFN-stimulated,LAMC1,CD44,0.0238116780418995,0,0.00765804786411517,0,Both
tumor,M2-SIGLEC8+,LAMC1,CD44,0.0162657624566989,0,0.00711488865244009,0,Both
tumor,MRC1+ M2-like,LAMC1,CD44,0.0269732454687011,0,0.00591849260345288,0,Both
tumor,Resident M2,LAMC1,CD44,0.0277230328884511,0,0.00832519622870391,0,Both
tumor,SPP1+ immunosuppressive,LAMC1,CD44,0.0100974541734206,0,0.00523036917425427,0,Both
tumor,IFN-stimulated,LAMC2,CD44,0.0058556198811265,0,0.0114661433691055,0,Both
tumor,M2-SIGLEC8+,LAMC2,CD44,0.00397679420090509,0,0.0106557892218556,0,Both
tumor,MRC1+ M2-like,LAMC2,CD44,0.00664933221574453,0,0.00886929580925859,0,Both
tumor,Resident M2,LAMC2,CD44,0.00683813700800406,0,0.0124608768784028,0,Both
tumor,SPP1+ immunosuppressive,LAMC2,CD44,0.00245707302616498,0,0.00784079835337383,0,Both
IFN-stimulated,tumor,FN1,SDC1,0.0767571139744922,0,0.151537733360719,0,Both
MRC1+ M2-like,tumor,FN1,SDC1,0.169721481451969,0,0.159232395910113,0,Both
MRC1+ M2-like,tumor,THBS1,SDC1,0.00616522771998707,0,0.0302786603809892,0,Both
tumor,IFN-stimulated,COL4A5,SDC4,0.00180567594132012,0,0.000696571936465849,0,Both
tumor,M2-SIGLEC8+,COL4A5,SDC4,0.00182230317224103,0,0.00141524320588126,0,Both
tumor,MRC1+ M2-like,COL4A5,SDC4,0.00442287603782675,0,0.00219931059691985,0,Both
tumor,Resident M2,COL4A5,SDC4,0.00490006442057108,0,0.000581275133450844,0,Both
IFN-stimulated,tumor,FN1,SDC4,0.0117815119719004,0,0.0588070359661795,0,Both
MRC1+ M2-like,tumor,FN1,SDC4,0.0284780989467266,0,0.0621379320474081,0,Both
MRC1+ M2-like,tumor,THBS1,SDC4,0.000888779764078544,0,0.0108052266560829,0,Both
MRC1+ M2-like,tumor,THBS1,CD47,0.00235820804598333,0,0.00209501617038424,0,Both
tumor,IFN-stimulated,PGE2-PTGES2,PTGER4,0.00521205370736694,0,0.000650840868413646,0,Both
tumor,M2-SIGLEC8+,PGE2-PTGES2,PTGER4,0.00607231016613862,0,0.00271169626239536,0,Both
tumor,MRC1+ M2-like,PGE2-PTGES2,PTGER4,0.00808978575414306,0,0.00172377880917539,0,Both
tumor,Resident M2,PGE2-PTGES2,PTGER4,0.00648622924766379,0,0.000685236805045845,0,Both
tumor,SPP1+ immunosuppressive,PGE2-PTGES2,PTGER4,0.00757811864137969,0,0.0027065490475786,0,Both
tumor,IFN-stimulated,PGE2-PTGES3,PTGER4,0.0199611533479653,0,0.0117042070044363,0,Both
tumor,M2-SIGLEC8+,PGE2-PTGES3,PTGER4,0.0231989979216981,0,0.047114906446673,0,Both
tumor,MRC1+ M2-like,PGE2-PTGES3,PTGER4,0.0307307435334423,0,0.030443964606909,0,Both
tumor,SPP1+ immunosuppressive,PGE2-PTGES3,PTGER4,0.0288286885576405,0,0.047029449750821,0,Both
MRC1+ M2-like,tumor,Cholesterol-DHCR24,RORA,0.00091060733755825,0,0.00192897865987999,0,Both
IFN-stimulated,tumor,Cholesterol-LIPA,RORA,0.0161569724603037,0,0.0178899036628619,0,Both
M2-SIGLEC8+,tumor,Cholesterol-LIPA,RORA,0.0220450779568282,0,0.0268609355243922,0,Both
MRC1+ M2-like,tumor,Cholesterol-LIPA,RORA,0.0226928668386213,0,0.0262589160174892,0,Both
Resident M2,tumor,Cholesterol-LIPA,RORA,0.0108080120581725,0,0.0215083359989077,0,Both
SPP1+ immunosuppressive,tumor,Cholesterol-LIPA,RORA,0.0140076221211232,0,0.0107187867148622,0,Both
IFN-stimulated,tumor,DHEA-STS,PPARA,0.000299558079700606,0,0.000519461020414542,0,Both
M2-SIGLEC8+,tumor,DHEA-STS,PPARA,0.000296827754485882,0,0.000571721910335098,0,Both
MRC1+ M2-like,tumor,DHEA-STS,PPARA,0.00115279266485192,0,0.00194436901153323,0,Both
SPP1+ immunosuppressive,tumor,DHEA-STS,PPARA,0.000130016111744059,0,0.000386474218067163,0,Both
tumor,IFN-stimulated,Desmosterol-DHCR7,NR1H2,0.00125335973288267,0,0.000719919857723314,0,Both
tumor,MRC1+ M2-like,Desmosterol-DHCR7,NR1H2,0.00297707305944082,0,0.000665157718246748,0,Both
tumor,SPP1+ immunosuppressive,Desmosterol-DHCR7,NR1H2,0.00190288909959826,0,0.000650336943473006,0,Both
tumor,IFN-stimulated,Desmosterol-DHCR7,NR1H3,0.0104827702442057,0,0.0012779810985059,0,Both
tumor,M2-SIGLEC8+,Desmosterol-DHCR7,NR1H3,0.00961501362958291,0,0.00626665706180919,0,Both
tumor,MRC1+ M2-like,Desmosterol-DHCR7,NR1H3,0.00602457629221649,0,0.00221583651765301,0,Both
tumor,Resident M2,Desmosterol-DHCR7,NR1H3,0.0110386707372033,0,0.00509327452570077,0,Both
MRC1+ M2-like,tumor,DHEAS-SULT2B,PPARA,0.000339232170209902,0,0.000478468498213494,0,Both
MRC1+ M2-like,tumor,DHEAS-SULT2B,PPARD,0.00033111683092175,0,0.00036606647575331,0,Both
tumor,IFN-stimulated,APP,CD74,0.191595435317681,0,0.181450909349489,0,Both
tumor,M2-SIGLEC8+,APP,CD74,0.196161252363162,0,0.186298098538006,0,Both
tumor,MRC1+ M2-like,APP,CD74,0.190357018321815,0,0.172142310492267,0,Both
tumor,Resident M2,APP,CD74,0.191827491429378,0,0.173183930248514,0,Both
tumor,SPP1+ immunosuppressive,APP,CD74,0.203837250859254,0,0.184295916728113,0,Both
IFN-stimulated,tumor,CD46,JAG1,0.0165812495845343,0,0.0128057748935504,0,Both
M2-SIGLEC8+,tumor,CD46,JAG1,0.0164957570196031,0,0.0219603698208964,0,Both
MRC1+ M2-like,tumor,CD46,JAG1,0.0230967012389444,0,0.0225879407627456,0,Both
Resident M2,tumor,CD46,JAG1,0.0184642771122295,0,0.0185659500200971,0,Both
SPP1+ immunosuppressive,tumor,CD46,JAG1,0.0171771002262147,0,0.0142209862091559,0,Both
tumor,IFN-stimulated,CD99,PILRA,0.0372676023373908,0,0.0293820187651114,0,Both
tumor,M2-SIGLEC8+,CD99,PILRA,0.0337216971915067,0,0.0277373543186835,0,Both
tumor,MRC1+ M2-like,CD99,PILRA,0.0342445888691811,0,0.0180272257948923,0,Both
tumor,Resident M2,CD99,PILRA,0.0296559861069812,0,0.0315767093800701,0,Both
tumor,MRC1+ M2-like,CD99,CD99,0.056411281360446,0,0.0568828542339541,0,Both
MRC1+ M2-like,tumor,CD99,CD99,0.056411281360446,0,0.0568828542339541,0,Both
tumor,MRC1+ M2-like,CD99,CD99L2,0.00411150324649076,0,0.00365416290594919,0,Both
tumor,IFN-stimulated,CDH1,CDH1,0.00269096707516406,0,0.0048168791973343,0,Both
tumor,M2-SIGLEC8+,CDH1,CDH1,0.0101885945395174,0,0.0289920524287223,0,Both
tumor,MRC1+ M2-like,CDH1,CDH1,0.0119859405490747,0,0.0119889783552685,0,Both
tumor,SPP1+ immunosuppressive,CDH1,CDH1,0.0032381218579392,0,0.00390730245502391,0,Both
IFN-stimulated,tumor,CDH1,CDH1,0.00269096707516406,0,0.0048168791973343,0,Both
M2-SIGLEC8+,tumor,CDH1,CDH1,0.0101885945395174,0,0.0289920524287223,0,Both
MRC1+ M2-like,tumor,CDH1,CDH1,0.0119859405490747,0,0.0119889783552685,0,Both
SPP1+ immunosuppressive,tumor,CDH1,CDH1,0.0032381218579392,0,0.00390730245502391,0,Both
IFN-stimulated,tumor,CDH1,ITGA2_ITGB1,0.00264722408596553,0,0.00404236360440196,0,Both
M2-SIGLEC8+,tumor,CDH1,ITGA2_ITGB1,0.0100241989616804,0,0.0244257694013183,0,Both
MRC1+ M2-like,tumor,CDH1,ITGA2_ITGB1,0.0117928898555448,0,0.0100729191418835,0,Both
Resident M2,tumor,CDH1,ITGA2_ITGB1,0.00242031527796426,0,0.0149195604684907,0,Both
SPP1+ immunosuppressive,tumor,CDH1,ITGA2_ITGB1,0.00318551300873335,0,0.0032785576981436,0,Both
M2-SIGLEC8+,tumor,DSC2,DSG2,0.0197733673456593,0,0.0188683873022619,0,Both
MRC1+ M2-like,tumor,DSC2,DSG2,0.0131914200296427,0,0.0144787717151461,0,Both
Resident M2,tumor,DSC2,DSG2,0.0292653334068686,0,0.00804340420839585,0,Both
SPP1+ immunosuppressive,tumor,DSC2,DSG2,0.0222754448270683,0,0.00745576917309266,0,Both
tumor,IFN-stimulated,F11R,ITGAL_ITGB2,0.0822543081706762,0,0.054343162311518,0,Both
tumor,M2-SIGLEC8+,F11R,ITGAL_ITGB2,0.0354535218371799,0,0.020759930083304,0,Both
tumor,MRC1+ M2-like,F11R,ITGAL_ITGB2,0.0622117154116752,0,0.0415352754729851,0,Both
tumor,Resident M2,F11R,ITGAL_ITGB2,0.035298697034169,0,0.0263551732839594,0,Both
tumor,M2-SIGLEC8+,F11R,F11R,0.0286557645589381,0,0.0246864864610033,0,Both
tumor,MRC1+ M2-like,F11R,F11R,0.0264324159147432,0,0.0167914558411689,0,Both
tumor,Resident M2,F11R,F11R,0.0145823999249152,0,0.0096247989104943,0,Both
tumor,SPP1+ immunosuppressive,F11R,F11R,0.0097193255381322,0,0.00773095895729457,0,Both
M2-SIGLEC8+,tumor,F11R,F11R,0.0286557645589381,0,0.0246864864610033,0,Both
MRC1+ M2-like,tumor,F11R,F11R,0.0264324159147432,0,0.0167914558411689,0,Both
Resident M2,tumor,F11R,F11R,0.0145823999249152,0,0.0096247989104943,0,Both
SPP1+ immunosuppressive,tumor,F11R,F11R,0.0097193255381322,0,0.00773095895729457,0,Both
tumor,IFN-stimulated,HLA-F,LILRB1,0.0336429339544781,0,0.0136517810796163,0,Both
tumor,M2-SIGLEC8+,HLA-F,LILRB1,0.0131573855604845,0,0.0151639307489622,0,Both
tumor,Resident M2,HLA-F,LILRB1,0.0223791037213407,0,0.0210262388071571,0,Both
tumor,M2-SIGLEC8+,MPZL1,MPZL1,0.00337419216926161,0,0.00129409795823429,0,Both
tumor,MRC1+ M2-like,MPZL1,MPZL1,0.00232201291382294,0,0.000525234806334974,0,Both
tumor,Resident M2,MPZL1,MPZL1,0.00416122834614526,0,0.00061839706131334,0,Both
M2-SIGLEC8+,tumor,MPZL1,MPZL1,0.00337419216926161,0,0.00129409795823429,0,Both
MRC1+ M2-like,tumor,MPZL1,MPZL1,0.00232201291382294,0,0.000525234806334974,0,Both
Resident M2,tumor,MPZL1,MPZL1,0.00416122834614526,0,0.00061839706131334,0,Both
tumor,M2-SIGLEC8+,JAG1,NOTCH2,0.00340642199403172,0,0.0030926485724779,0,Both
tumor,MRC1+ M2-like,JAG1,NOTCH2,0.00239803611401081,0,0.00362130416002684,0,Both
tumor,Resident M2,JAG1,NOTCH2,0.0030159084004786,0,0.00512231392519656,0,Both
tumor,MRC1+ M2-like,SEMA4A,NRP1_PLXNA1,0.000641319755302528,0,0.000543390432823081,0,Both
tumor,MRC1+ M2-like,SEMA4A,NRP1_PLXNA3,0.000632848021874071,0,0.000471898077361423,0,Both
tumor,IFN-stimulated,SEMA4A,PLXNB2,0.00206208157812394,0,0.00199359510258509,0,Both
tumor,MRC1+ M2-like,SEMA4A,PLXNB2,0.00151745210835792,0,0.0014863943843505,0,Both
tumor,SPP1+ immunosuppressive,SEMA4A,PLXNB2,0.00206031030505966,0,0.00183207436848578,0,Both
IFN-stimulated,tumor,SEMA4A,PLXNB2,0.0164031746748214,0,0.00931719039514096,0,Both
M2-SIGLEC8+,tumor,SEMA4A,PLXNB2,0.0109060427002872,0,0.0139372455869963,0,Both
Resident M2,tumor,SEMA4A,PLXNB2,0.0225862068238948,0,0.0157662509656557,0,Both
SPP1+ immunosuppressive,tumor,SEMA4A,PLXNB2,0.00361226571302683,0,0.00227817822373893,0,Both
IFN-stimulated,tumor,SEMA4D,PLXNB2,0.0101298623640041,0,0.00781152949417779,0,Both
tumor,IFN-stimulated,ITGAV_ITGB1,ADGRE2,0.0139215145475177,0,0.00830979574456206,0,Both
tumor,M2-SIGLEC8+,ITGAV_ITGB1,ADGRE2,0.00341813068926763,0,0.00498311936176888,0,Both
tumor,Resident M2,ITGAV_ITGB1,ADGRE2,0.0138778993832594,0,0.00883763742440642,0,Both
tumor,SPP1+ immunosuppressive,ITGAV_ITGB1,ADGRE2,0.00377607887477481,0,0.00297785402967339,0,Both
tumor,MRC1+ M2-like,CD55,ADGRE5,0.0037691832766772,0,0.00474513220765314,0,Both
tumor,IFN-stimulated,ITGAV_ITGB1,ADGRE5,0.0125307730913442,0,0.00943865570953871,0,Both
tumor,MRC1+ M2-like,ITGAV_ITGB1,ADGRE5,0.0158726380745364,0,0.0136375539358596,0,Both
IFN-stimulated,tumor,TGM2,ADGRG1,0.00553891130638543,0,0.00873387543398782,0,Both
M2-SIGLEC8+,tumor,TGM2,ADGRG1,0.00223897867373944,0,0.00899209382144668,0,Both
MRC1+ M2-like,tumor,TGM2,ADGRG1,0.00724204095472072,0,0.00744181753449282,0,Both
tumor,IFN-stimulated,APP,SORL1,0.00807073874455312,0,0.00627950204469851,0,Both
tumor,M2-SIGLEC8+,APP,SORL1,0.0215658651824242,0,0.0141024289973656,0,Both
tumor,MRC1+ M2-like,APP,SORL1,0.00424240473904924,0,0.00591382135467974,0,Both
tumor,Resident M2,APP,SORL1,0.0076097270143536,0,0.0200297722533377,0,Both
tumor,SPP1+ immunosuppressive,APP,SORL1,0.0114515216411877,0,0.00579657411253934,0,Both
MRC1+ M2-like,tumor,APP,SORL1,0.00660923617595351,0,0.00421034535379785,0,Both
tumor,M2-SIGLEC8+,APP,TNFRSF21,0.0159032437645763,0,0.0131066512950764,0,Both
tumor,SPP1+ immunosuppressive,APP,TNFRSF21,0.00417369964832325,0,0.00707852343136027,0,Both
IFN-stimulated,tumor,APP,TNFRSF21,0.0143117642330781,0,0.00334361363875084,0,Both
MRC1+ M2-like,tumor,APP,TNFRSF21,0.0118809757809538,0,0.00407908958753069,0,Both
Resident M2,tumor,APP,TNFRSF21,0.00452848741366119,0,0.00312539609776619,0,Both
tumor,IFN-stimulated,APP,TREM2_TYROBP,0.0223054431362826,0,0.0349083490774517,0,Both
tumor,M2-SIGLEC8+,APP,TREM2_TYROBP,0.0574836660247895,0,0.0285783875531631,0,Both
tumor,MRC1+ M2-like,APP,TREM2_TYROBP,0.053784757192186,0,0.0727067233468014,0,Both
tumor,SPP1+ immunosuppressive,APP,TREM2_TYROBP,0.0309157005372352,0,0.0496131864946687,0,Both
tumor,M2-SIGLEC8+,CNTN1,NOTCH2,0.000311743581186799,0,0.000413564013261255,0,Both
tumor,MRC1+ M2-like,CNTN1,NOTCH2,0.000219258155625831,0,0.000484480972196687,0,Both
tumor,Resident M2,CNTN1,NOTCH2,0.00027590695158205,0,0.000686190976000381,0,Both
IFN-stimulated,normal,HBEGF,EGFR,0.00168238832350378,0,0.00496151936674474,0,Both
M2-SIGLEC8+,normal,HBEGF,EGFR,0.00494039198908368,0,0.00715437324124661,0,Both
MRC1+ M2-like,normal,HBEGF,EGFR,0.00919352433883398,0,0.00485707049796038,0,Both
Resident M2,normal,HBEGF,EGFR,0.00150934065009836,0,0.00507955120264176,0,Both
SPP1+ immunosuppressive,normal,HBEGF,EGFR,0.00760621081347837,0,0.011047839332239,0,Both
M2-SIGLEC8+,normal,OSM,OSMR_IL6ST,0.00210145854730512,0,0.00682324693384541,0,Both
SPP1+ immunosuppressive,normal,OSM,OSMR_IL6ST,0.00226507095714886,0,0.00334810325039806,0,Both
IFN-stimulated,normal,TNF,TNFRSF1A,0.001152113453073,0,0.00126288119257099,0,Both
MRC1+ M2-like,normal,RETN,CAP1,0.00117123751515431,0,0.00342698780874778,0,Both
normal,MRC1+ M2-like,MDK,SDC2,0.00236939178758481,0,0.0106468323954542,0,Both
normal,M2-SIGLEC8+,MDK,SDC4,0.00203308992058367,0,0.0038185956317563,0,Both
normal,MRC1+ M2-like,MDK,SDC4,0.00493298579302846,0,0.00592625677048808,0,Both
normal,IFN-stimulated,MDK,ITGA4_ITGB1,0.00768796528390694,0,0.00431812162317467,0,Both
normal,SPP1+ immunosuppressive,MDK,ITGA4_ITGB1,0.00706816204314546,0,0.00593267606227073,0,Both
normal,MRC1+ M2-like,MDK,ITGA6_ITGB1,0.00525642518568963,0,0.00770195382983148,0,Both
normal,IFN-stimulated,MDK,LRP1,0.0124870854179783,0,0.00822089107301152,0,Both
normal,M2-SIGLEC8+,MDK,LRP1,0.0194034055304917,0,0.0110845054768482,0,Both
normal,MRC1+ M2-like,MDK,LRP1,0.01763250375824,0,0.0125651017013295,0,Both
normal,Resident M2,MDK,LRP1,0.0152346287366902,0,0.012319332160025,0,Both
normal,SPP1+ immunosuppressive,MDK,LRP1,0.0165945612064022,0,0.00850269201936455,0,Both
normal,IFN-stimulated,MDK,NCL,0.016942190796392,0,0.0117820773826548,0,Both
normal,M2-SIGLEC8+,MDK,NCL,0.0173030573969307,0,0.00928099986733575,0,Both
normal,MRC1+ M2-like,MDK,NCL,0.0161769600562393,0,0.0141156423002521,0,Both
normal,Resident M2,MDK,NCL,0.0165926422704269,0,0.012425175742392,0,Both
normal,SPP1+ immunosuppressive,MDK,NCL,0.0133647977934937,0,0.015224670263018,0,Both
normal,IFN-stimulated,C3,C3AR1,0.0247326283563764,0,0.0310709870307825,0,Both
normal,M2-SIGLEC8+,C3,C3AR1,0.0288019089676245,0,0.0392862675728056,0,Both
normal,MRC1+ M2-like,C3,C3AR1,0.00466073917108899,0,0.0284417594787661,0,Both
normal,Resident M2,C3,C3AR1,0.00620283858961853,0,0.0287156775876484,0,Both
normal,SPP1+ immunosuppressive,C3,C3AR1,0.032524697874842,0,0.0511858686003741,0,Both
normal,IFN-stimulated,C3,ITGAM_ITGB2,0.0244491322063147,0,0.0586930686483817,0,Both
normal,M2-SIGLEC8+,C3,ITGAM_ITGB2,0.0204436216253189,0,0.0370545068490752,0,Both
normal,MRC1+ M2-like,C3,ITGAM_ITGB2,0.0321557469057791,0,0.0537436844121276,0,Both
normal,Resident M2,C3,ITGAM_ITGB2,0.0230092735669532,0,0.0285672809298539,0,Both
normal,SPP1+ immunosuppressive,C3,ITGAM_ITGB2,0.0320741654661596,0,0.0552154176786802,0,Both
normal,IFN-stimulated,C3,ITGAX_ITGB2,0.0447485296786057,0,0.0675492977611514,0,Both
normal,M2-SIGLEC8+,C3,ITGAX_ITGB2,0.0484191678811841,0,0.04652999951801,0,Both
normal,MRC1+ M2-like,C3,ITGAX_ITGB2,0.0351140217393434,0,0.0720543302190384,0,Both
normal,Resident M2,C3,ITGAX_ITGB2,0.0523177367140384,0,0.0563408363791407,0,Both
normal,SPP1+ immunosuppressive,C3,ITGAX_ITGB2,0.0205910388361437,0,0.0516768212828201,0,Both
normal,IFN-stimulated,ANXA1,FPR1,0.0164932787414809,0,0.0451983757852926,0,Both
normal,M2-SIGLEC8+,ANXA1,FPR1,0.0112037650969956,0,0.0378758050721426,0,Both
normal,MRC1+ M2-like,ANXA1,FPR1,0.00693750842954914,0,0.0281045472185179,0,Both
normal,Resident M2,ANXA1,FPR1,0.0202084763529905,0,0.0572408841468374,0,Both
normal,MRC1+ M2-like,GRN,SORT1,0.025518649201267,0,0.0262747752761656,0,Both
normal,IFN-stimulated,ANXA1,FPR3,0.018925396969174,0,0.0649718799494442,0,Both
normal,M2-SIGLEC8+,ANXA1,FPR3,0.0190580535172611,0,0.0546798215605382,0,Both
normal,MRC1+ M2-like,ANXA1,FPR3,0.010664152488127,0,0.0402129817976772,0,Both
normal,SPP1+ immunosuppressive,ANXA1,FPR3,0.0134485321023217,0,0.0588864848197149,0,Both
normal,IFN-stimulated,MT-RNR2,FPR3,0.225636031123333,0,0.218948014539034,0,Both
normal,M2-SIGLEC8+,MT-RNR2,FPR3,0.226882536980381,0,0.189200380688444,0,Both
normal,MRC1+ M2-like,MT-RNR2,FPR3,0.140020340849261,0,0.144586520009446,0,Both
normal,Resident M2,MT-RNR2,FPR3,0.228812344175493,0,0.180530659059513,0,Both
normal,SPP1+ immunosuppressive,MT-RNR2,FPR3,0.170750083197919,0,0.201549574651826,0,Both
IFN-stimulated,normal,LGALS9,P4HB,0.0746061175999158,0,0.0640384759317453,0,Both
M2-SIGLEC8+,normal,LGALS9,P4HB,0.0749805010677503,0,0.0626475625462603,0,Both
MRC1+ M2-like,normal,LGALS9,P4HB,0.078076016631279,0,0.0707240596646082,0,Both
Resident M2,normal,LGALS9,P4HB,0.0580900101117536,0,0.0749899270907867,0,Both
normal,MRC1+ M2-like,PPIA,BSG,0.109430798772011,0,0.106966108126735,0,Both
IFN-stimulated,normal,FN1,ITGA3_ITGB1,0.0120486681442124,0,0.041519848894109,0,Both
MRC1+ M2-like,normal,FN1,ITGA3_ITGB1,0.0291127111839845,0,0.0439172685440312,0,Both
MRC1+ M2-like,normal,THBS1,ITGA3_ITGB1,0.000909160870999046,0,0.00751618607633401,0,Both
IFN-stimulated,normal,FN1,CD44,0.0425347449482734,0,0.024304376860296,0,Both
MRC1+ M2-like,normal,FN1,CD44,0.0984715126793028,0,0.0257344381941482,0,Both
IFN-stimulated,normal,FN1,SDC1,0.0498640255631031,0,0.0692628898821261,0,Both
MRC1+ M2-like,normal,FN1,SDC1,0.114288889353491,0,0.0731399949674509,0,Both
MRC1+ M2-like,normal,THBS1,SDC1,0.00390064566454756,0,0.0128428474506256,0,Both
IFN-stimulated,normal,FN1,SDC4,0.0442036088934134,0,0.061485197959169,0,Both
MRC1+ M2-like,normal,FN1,SDC4,0.102101037676358,0,0.0649573188116948,0,Both
MRC1+ M2-like,normal,THBS1,SDC4,0.00343897096103269,0,0.011323614093356,0,Both
MRC1+ M2-like,normal,THBS1,CD47,0.00239170126517142,0,0.00909363591642301,0,Both
normal,MRC1+ M2-like,PGE2-PTGES3,PTGER4,0.0198775580674663,0,0.0164516152712901,0,Both
normal,SPP1+ immunosuppressive,PGE2-PTGES3,PTGER4,0.0186343379155793,0,0.0256156418440817,0,Both
normal,IFN-stimulated,APP,CD74,0.170415416371623,0,0.158774496663014,0,Both
normal,M2-SIGLEC8+,APP,CD74,0.174585505919813,0,0.163136648565606,0,Both
normal,MRC1+ M2-like,APP,CD74,0.169285232772145,0,0.150415448439886,0,Both
normal,Resident M2,APP,CD74,0.170627234160521,0,0.151349635649174,0,Both
normal,SPP1+ immunosuppressive,APP,CD74,0.181607967628408,0,0.161334033450331,0,Both
normal,IFN-stimulated,CD99,PILRA,0.0106274982456257,0,0.0289155712894923,0,Both
normal,MRC1+ M2-like,CD99,PILRA,0.00974356352119043,0,0.0177377445180716,0,Both
normal,MRC1+ M2-like,CD99,CD99L2,0.00114429504259859,0,0.00359463945733582,0,Both
normal,M2-SIGLEC8+,CDH1,CDH1,0.00364407541491006,0,0.0129810303773497,0,Both
normal,MRC1+ M2-like,CDH1,CDH1,0.00429192423668255,0,0.00531658490016956,0,Both
M2-SIGLEC8+,normal,CDH1,CDH1,0.00364407541491006,0,0.0129810303773497,0,Both
MRC1+ M2-like,normal,CDH1,CDH1,0.00429192423668255,0,0.00531658490016956,0,Both
M2-SIGLEC8+,normal,DSC2,DSG2,0.00399039532611747,0,0.0132517635456708,0,Both
MRC1+ M2-like,normal,DSC2,DSG2,0.00264792322324909,0,0.0101552964792461,0,Both
Resident M2,normal,DSC2,DSG2,0.00595194047045278,0,0.00563060136457595,0,Both
SPP1+ immunosuppressive,normal,DSC2,DSG2,0.00450450860079252,0,0.00521831356797002,0,Both
normal,IFN-stimulated,ICAM1,ITGAX_ITGB2,0.011697457077531,0,0.0138180970828217,0,Both
normal,M2-SIGLEC8+,ICAM1,ITGAX_ITGB2,0.0126930018595611,0,0.00935065906884927,0,Both
normal,MRC1+ M2-like,ICAM1,ITGAX_ITGB2,0.00911108380048985,0,0.014796524719101,0,Both
normal,Resident M2,ICAM1,ITGAX_ITGB2,0.0137565902554154,0,0.0114161038973406,0,Both
normal,SPP1+ immunosuppressive,ICAM1,ITGAX_ITGB2,0.00528389073043928,0,0.0104299498821531,0,Both
normal,IFN-stimulated,ICAM1,ITGAL_ITGB2,0.0109041039582514,0,0.0113960274336591,0,Both
normal,MRC1+ M2-like,ICAM1,ITGAL_ITGB2,0.00809381467583415,0,0.00861790745916096,0,Both
normal,Resident M2,ICAM1,ITGAL_ITGB2,0.00448054501901304,0,0.00540049228671325,0,Both
normal,IFN-stimulated,ICAM1,ITGAM_ITGB2,0.00629234688099787,0,0.0119164116764686,0,Both
normal,M2-SIGLEC8+,ICAM1,ITGAM_ITGB2,0.00524547489815036,0,0.00738780108904627,0,Both
normal,MRC1+ M2-like,ICAM1,ITGAM_ITGB2,0.00832459588752669,0,0.0108660081079923,0,Both
normal,Resident M2,ICAM1,ITGAM_ITGB2,0.00591529421621032,0,0.00565573697314158,0,Both
normal,SPP1+ immunosuppressive,ICAM1,ITGAM_ITGB2,0.00830295710312545,0,0.011177435827594,0,Both
normal,IFN-stimulated,ICAM1,ITGAL,0.00518617427653599,0,0.00540303654985472,0,Both
normal,MRC1+ M2-like,ICAM1,ITGAL,0.00459557313194849,0,0.0037045849895532,0,Both
normal,MRC1+ M2-like,ICAM1,SPN,0.0121195480202277,0,0.00975822123215627,0,Both
normal,IFN-stimulated,F11R,ITGAL_ITGB2,0.0437990849994386,0,0.0278116239745208,0,Both
normal,M2-SIGLEC8+,F11R,ITGAL_ITGB2,0.0184388223393639,0,0.0104434005311144,0,Both
normal,MRC1+ M2-like,F11R,ITGAL_ITGB2,0.0327919219892411,0,0.0211171957522935,0,Both
normal,Resident M2,F11R,ITGAL_ITGB2,0.0183568862764167,0,0.0132958725994654,0,Both
normal,M2-SIGLEC8+,F11R,F11R,0.0148531777162515,0,0.0124434724291462,0,Both
normal,MRC1+ M2-like,F11R,F11R,0.0136856580896011,0,0.00843005960122457,0,Both
M2-SIGLEC8+,normal,F11R,F11R,0.0148531777162515,0,0.0124434724291462,0,Both
MRC1+ M2-like,normal,F11R,F11R,0.0136856580896011,0,0.00843005960122457,0,Both
normal,IFN-stimulated,HLA-F,LILRB1,0.0171865613362368,0,0.0154305908579637,0,Both
normal,MRC1+ M2-like,HLA-F,LILRB1,0.00432775991287237,0,0.00678535210291679,0,Both
normal,IFN-stimulated,MPZL1,MPZL1,0.0007982602819342,0,0.000421833311006265,0,Both
normal,M2-SIGLEC8+,MPZL1,MPZL1,0.000777577134947125,0,0.00165580719826339,0,Both
normal,MRC1+ M2-like,MPZL1,MPZL1,0.000534669734013734,0,0.000672186172673761,0,Both
IFN-stimulated,normal,MPZL1,MPZL1,0.0007982602819342,0,0.000421833311006265,0,Both
M2-SIGLEC8+,normal,MPZL1,MPZL1,0.000777577134947125,0,0.00165580719826339,0,Both
MRC1+ M2-like,normal,MPZL1,MPZL1,0.000534669734013734,0,0.000672186172673761,0,Both
SPP1+ immunosuppressive,normal,MPZL1,MPZL1,0.000792082029037522,0,0.000614872473540811,0,Both
normal,SPP1+ immunosuppressive,MPZL1,MPZL1,0.000792082029037522,0,0.000614872473540811,0,Both
IFN-stimulated,normal,SEMA4A,PLXNB2,0.00857303650794681,0,0.00385425078767968,0,Both
M2-SIGLEC8+,normal,SEMA4A,PLXNB2,0.00568482198562994,0,0.00578124123356277,0,Both
Resident M2,normal,SEMA4A,PLXNB2,0.0118400959218617,0,0.00654702857251465,0,Both
IFN-stimulated,normal,SEMA4D,PLXNB2,0.0052782516363533,0,0.00322852565794584,0,Both
normal,IFN-stimulated,CD55,ADGRE5,0.00866669678236726,0,0.0183613355938265,0,Both
normal,MRC1+ M2-like,CD55,ADGRE5,0.0109895096736713,0,0.0264237094348702,0,Both
normal,IFN-stimulated,SFTPD,ADGRE5,0.0147065729432306,0,0.00225485516421894,0,Both
normal,M2-SIGLEC8+,SFTPD,ADGRE5,0.00369562352082042,0,0.00046743174824256,0,Both
normal,MRC1+ M2-like,SFTPD,ADGRE5,0.0186177673173376,0,0.00326849929392222,0,Both
normal,Resident M2,SFTPD,ADGRE5,0.0138875669899685,0,0.000546942836935028,0,Both
normal,SPP1+ immunosuppressive,SFTPD,ADGRE5,0.0045275912266492,0,0.000654360785308301,0,Both
normal,IFN-stimulated,APP,SORL1,0.00700281111794276,0,0.00535160976206325,0,Both
normal,M2-SIGLEC8+,APP,SORL1,0.0187459967816529,0,0.0120325768761685,0,Both
normal,MRC1+ M2-like,APP,SORL1,0.00367916689920353,0,0.00503968993605168,0,Both
normal,Resident M2,APP,SORL1,0.00660239485394848,0,0.01710504150426,0,Both
normal,SPP1+ immunosuppressive,APP,SORL1,0.00994072884080265,0,0.00493968708026631,0,Both
normal,M2-SIGLEC8+,APP,TNFRSF21,0.0138133445108692,0,0.0111812946384829,0,Both
MRC1+ M2-like,normal,APP,TNFRSF21,0.00149691132605592,0,0.00290150277149341,0,Both
normal,SPP1+ immunosuppressive,APP,TNFRSF21,0.00361955020189157,0,0.00603328037827089,0,Both
normal,IFN-stimulated,APP,TREM2_TYROBP,0.0193907869115165,0,0.0298772977231195,0,Both
normal,M2-SIGLEC8+,APP,TREM2_TYROBP,0.0502083254341004,0,0.0244365217149246,0,Both
normal,MRC1+ M2-like,APP,TREM2_TYROBP,0.0469542417333398,0,0.0625813526121497,0,Both
normal,SPP1+ immunosuppressive,APP,TREM2_TYROBP,0.0269069041668048,0,0.042556299880058,0,Both
Ciliated,Resident M2,HLA-DPA1,CD4,0.110706378424194,0,0.0594145909074209,0.01,Both
M2-SIGLEC8+,Ciliated,HLA-DPB1,CD4,0.120750829493194,0,0.0750277616436397,0.01,Both
MRC1+ M2-like,Ciliated,HLA-DQA1,CD4,0.11473461028246,0,0.0476962027245802,0.01,Both
IFN-stimulated,Ciliated,HLA-DRA,CD4,0.155440627146173,0,0.101204595898058,0.01,Both
MRC1+ M2-like,Ciliated,CD55,ADGRE5,0.0116515347462644,0,0.0035062683757218,0.01,Both
SPP1+ immunosuppressive,Ciliated,APP,TNFRSF21,0.00829116958619806,0,0.00344395837025557,0.01,Both
tumor,SPP1+ immunosuppressive,MPZL1,MPZL1,0.00343696761424872,0,0.000480444835827685,0.01,Both
SPP1+ immunosuppressive,tumor,MPZL1,MPZL1,0.00343696761424872,0,0.000480444835827685,0.01,Both
normal,IFN-stimulated,MDK,SDC4,0.00201454329088662,0,0.00188178357190064,0.01,Both
SPP1+ immunosuppressive,Ciliated,HLA-DRA,CD4,0.162412557460595,0,0.0995547539129259,0.02,Both
tumor,IFN-stimulated,F11R,F11R,0.00962161006082326,0,0.00549902407121598,0.02,Both
IFN-stimulated,tumor,F11R,F11R,0.00962161006082326,0,0.00549902407121598,0.02,Both
SPP1+ immunosuppressive,normal,LGALS9,P4HB,0.0425312857377002,0,0.0470211068539097,0.02,Both
Ciliated,M2-SIGLEC8+,MDK,NCL,0.00837172974919244,0,0.00834197766509493,0.03,Both
SPP1+ immunosuppressive,Ciliated,GRN,SORT1,0.033862623078693,0,0.0142470819446878,0.03,Both
M2-SIGLEC8+,Ciliated,HLA-DPA1,CD4,0.13217305880993,0,0.0792865734083714,0.03,Both
Ciliated,SPP1+ immunosuppressive,HLA-DPA1,CD4,0.11065212224508,0,0.0717408351336635,0.03,Both
M2-SIGLEC8+,Ciliated,HLA-DRA,CD4,0.158463987989534,0,0.100711099329972,0.03,Both
MRC1+ M2-like,Ciliated,HLA-DRA,CD4,0.159128440335913,0,0.0969408105994378,0.03,Both
M2-SIGLEC8+,Ciliated,HLA-DRB1,CD4,0.130848115050831,0,0.068745258572914,0.03,Both
M2-SIGLEC8+,Ciliated,ITGAV_ITGB1,ADGRE5,0.0137631379955352,0,0.00637119033657754,0.03,Both
tumor,MRC1+ M2-like,HLA-F,LILRB1,0.00857912802779921,0,0.00599707894770138,0.03,Both
MRC1+ M2-like,normal,PPIA,BSG,0.0723719438706759,0,0.0684567354002918,0.03,Both
Resident M2,Ciliated,HLA-DPB1,CD4,0.111763710844787,0,0.0618986099570466,0.04,Both
Resident M2,Ciliated,HLA-DQA1,CD4,0.105955239895955,0,0.04428097361349,0.04,Both
tumor,IFN-stimulated,PPIA,BSG,0.0754936394774054,0,0.0693979715177777,0.04,Both
tumor,M2-SIGLEC8+,PPIA,BSG,0.0923866884040843,0,0.0757715680744016,0.04,Both
normal,M2-SIGLEC8+,PGE2-PTGES3,PTGER4,0.0149647331292114,0.01,0.0256632356021574,0,Both
normal,M2-SIGLEC8+,CD99,PILRA,0.00959107051945277,0.01,0.0272962820686277,0,Both
normal,M2-SIGLEC8+,HLA-F,LILRB1,0.0066524953694111,0.01,0.0171363485865194,0,Both
normal,M2-SIGLEC8+,PPIA,BSG,0.0827571289330272,0.01,0.0831463256435982,0.01,Both
Resident M2,Ciliated,ITGAV_ITGB1,ADGRE5,0.00813848772959507,0.01,0.00608713003694863,0.04,Both
Ciliated,M2-SIGLEC8+,MDK,SDC4,0.000975841971194522,0.02,0.00343032861186186,0,Both
Resident M2,Ciliated,APP,TNFRSF21,0.00201953582783899,0.02,0.00385751037818752,0,Both
tumor,Resident M2,PPIA,BSG,0.107159111476981,0.02,0.0738102223731863,0,Both
SPP1+ immunosuppressive,tumor,SEMA4D,PLXNB2,0.00290538690860467,0.02,0.00296318137196624,0,Both
tumor,Resident M2,APP,TNFRSF21,0.00397250426833442,0.02,0.00596467191586104,0,Both
normal,SPP1+ immunosuppressive,ANXA1,FPR1,0.00838394638148921,0.02,0.0231367973688024,0,Both
normal,Resident M2,APP,TNFRSF21,0.00344497547498063,0.02,0.00508306262735954,0,Both
tumor,Resident M2,PGE2-PTGES3,PTGER4,0.0247512856435936,0.03,0.0123155574431317,0,Both
M2-SIGLEC8+,tumor,SEMA4D,PLXNB2,0.00226438195863311,0.03,0.00131707425436521,0,Both
normal,Resident M2,ANXA1,FPR3,0.0192642035231448,0.03,0.0517805668076817,0,Both
normal,IFN-stimulated,PPIA,BSG,0.0674939209036235,0.03,0.0762035416344388,0,Both
normal,Resident M2,HLA-F,LILRB1,0.0113675984176591,0.03,0.0237428012789671,0,Both
Ciliated,SPP1+ immunosuppressive,CD55,ADGRE5,0.0065138372400563,0.04,0.00627012397423559,0,Both
Resident M2,normal,MPZL1,MPZL1,0.000959531472739371,0.04,0.000791392932659523,0,Both
normal,Resident M2,MPZL1,MPZL1,0.000959531472739371,0.04,0.000791392932659523,0,Both
normal,Resident M2,CD55,ADGRE5,0.00818125734452189,0.04,0.00450889897511502,0,Both
MRC1+ M2-like,Ciliated,INHBA,ACVR1B_ACVR2A,0.0065514039743749,0,,,MPR_only
IFN-stimulated,Ciliated,HBEGF,EGFR,0.00107984686992221,0,,,MPR_only
M2-SIGLEC8+,Ciliated,HBEGF,EGFR,0.00317471863513148,0,,,MPR_only
MRC1+ M2-like,Ciliated,HBEGF,EGFR,0.00591683960779427,0,,,MPR_only
Resident M2,Ciliated,HBEGF,EGFR,0.000968715472675987,0,,,MPR_only
SPP1+ immunosuppressive,Ciliated,HBEGF,EGFR,0.00489247053476213,0,,,MPR_only
IFN-stimulated,Ciliated,HBEGF,EGFR_ERBB2,0.0011079961715294,0,,,MPR_only
M2-SIGLEC8+,Ciliated,HBEGF,EGFR_ERBB2,0.00325729869995047,0,,,MPR_only
MRC1+ M2-like,Ciliated,HBEGF,EGFR_ERBB2,0.00607031274585727,0,,,MPR_only
Resident M2,Ciliated,HBEGF,EGFR_ERBB2,0.000993970698711061,0,,,MPR_only
SPP1+ immunosuppressive,Ciliated,HBEGF,EGFR_ERBB2,0.00501950737962088,0,,,MPR_only
Resident M2,Ciliated,IL16,CD4,0.0055892441690908,0,,,MPR_only
SPP1+ immunosuppressive,Ciliated,IL16,CD4,0.00352451173092823,0,,,MPR_only
MRC1+ M2-like,Ciliated,TNF,TNFRSF1A,0.000432260056431292,0,,,MPR_only
Ciliated,Resident M2,TNFSF10,TNFRSF10A,0.0028216803280142,0,,,MPR_only
MRC1+ M2-like,Ciliated,MDK,SDC4,0.00432252240842101,0,,,MPR_only
Ciliated,IFN-stimulated,MDK,SDC4,0.000966930620017177,0,,,MPR_only
Ciliated,Resident M2,MDK,SDC4,0.0026277443336337,0,,,MPR_only
Ciliated,M2-SIGLEC8+,MDK,ITGA4_ITGB1,0.00291135453929925,0,,,MPR_only
Ciliated,Resident M2,MDK,ITGA4_ITGB1,0.00375236383953397,0,,,MPR_only
M2-SIGLEC8+,Ciliated,HGF,MET,0.00206972743259066,0,,,MPR_only
SPP1+ immunosuppressive,Ciliated,HGF,MET,0.000985597254787111,0,,,MPR_only
Ciliated,SPP1+ immunosuppressive,SEMA3C,NRP1_PLXNA1,0.0143403698722358,0,,,MPR_only
Ciliated,Resident M2,SEMA3C,NRP2_PLXNA1,0.00781566941494628,0,,,MPR_only
Ciliated,SPP1+ immunosuppressive,SEMA3C,NRP2_PLXNA1,0.0112900697748575,0,,,MPR_only
Ciliated,Resident M2,GAS6,AXL,0.00110536467122127,0,,,MPR_only
Ciliated,MRC1+ M2-like,GRN,SORT1,0.0131451211361746,0,,,MPR_only
Ciliated,Resident M2,PROS1,AXL,0.00544914374832936,0,,,MPR_only
Ciliated,M2-SIGLEC8+,SCGB3A2,MARCO,0.00109521999658204,0,,,MPR_only
Ciliated,MRC1+ M2-like,SCGB3A2,MARCO,0.0174760706621449,0,,,MPR_only
IFN-stimulated,Ciliated,LGALS9,P4HB,0.0537571669098048,0,,,MPR_only
M2-SIGLEC8+,Ciliated,LGALS9,P4HB,0.0540330364029583,0,,,MPR_only
MRC1+ M2-like,Ciliated,LGALS9,P4HB,0.0563164013044852,0,,,MPR_only
IFN-stimulated,Ciliated,PPIA,BSG,0.0713048815239694,0,,,MPR_only
MRC1+ M2-like,Ciliated,PPIA,BSG,0.0788798784003133,0,,,MPR_only
Resident M2,Ciliated,FN1,ITGA3_ITGB1,0.00243855114101901,0,,,MPR_only
Ciliated,MRC1+ M2-like,LAMA5,ITGA6_ITGB1,0.00146752477833655,0,,,MPR_only
Ciliated,MRC1+ M2-like,LAMA5,ITGAV_ITGB8,0.000310615506954081,0,,,MPR_only
Ciliated,MRC1+ M2-like,LAMB3,ITGAV_ITGB8,0.000418211768196418,0,,,MPR_only
Ciliated,MRC1+ M2-like,LAMC2,ITGAV_ITGB8,0.00258720527300859,0,,,MPR_only
Ciliated,MRC1+ M2-like,COL9A2,ITGAV_ITGB8,0.000360592972166064,0,,,MPR_only
Ciliated,IFN-stimulated,COL9A2,CD44,0.00899891352965203,0,,,MPR_only
Ciliated,M2-SIGLEC8+,COL9A2,CD44,0.00611774162688665,0,,,MPR_only
Ciliated,MRC1+ M2-like,COL9A2,CD44,0.0102143126367269,0,,,MPR_only
Ciliated,Resident M2,COL9A2,CD44,0.0105032731203764,0,,,MPR_only
Ciliated,SPP1+ immunosuppressive,COL9A2,CD44,0.00378297059196648,0,,,MPR_only
Ciliated,IFN-stimulated,LAMA5,CD44,0.00776097731353461,0,,,MPR_only
Ciliated,M2-SIGLEC8+,LAMA5,CD44,0.00527404469796373,0,,,MPR_only
Ciliated,MRC1+ M2-like,LAMA5,CD44,0.00881066644019811,0,,,MPR_only
Ciliated,Resident M2,LAMA5,CD44,0.00906028159145182,0,,,MPR_only
Ciliated,SPP1+ immunosuppressive,LAMA5,CD44,0.00326020541546278,0,,,MPR_only
Ciliated,IFN-stimulated,COL9A2,SDC4,0.000651372101332583,0,,,MPR_only
Ciliated,M2-SIGLEC8+,COL9A2,SDC4,0.000657377140153659,0,,,MPR_only
Ciliated,MRC1+ M2-like,COL9A2,SDC4,0.00159816878815436,0,,,MPR_only
Ciliated,Resident M2,COL9A2,SDC4,0.0017711389387598,0,,,MPR_only
Resident M2,Ciliated,FN1,SDC4,0.00995172882432514,0,,,MPR_only
IFN-stimulated,Ciliated,DHEA-STS,PPARA,0.000309436030244556,0,,,MPR_only
M2-SIGLEC8+,Ciliated,DHEA-STS,PPARA,0.000306615699961171,0,,,MPR_only
MRC1+ M2-like,Ciliated,DHEA-STS,PPARA,0.00119077257797834,0,,,MPR_only
M2-SIGLEC8+,Ciliated,DHEAS-SULT2B,PPARA,0.000297707412383646,0,,,MPR_only
MRC1+ M2-like,Ciliated,DHEAS-SULT2B,PPARA,0.000350417918343022,0,,,MPR_only
IFN-stimulated,Ciliated,APP,CD74,0.0614313418210114,0,,,MPR_only
M2-SIGLEC8+,Ciliated,APP,CD74,0.0843986356532594,0,,,MPR_only
MRC1+ M2-like,Ciliated,APP,CD74,0.0514149569268612,0,,,MPR_only
Ciliated,SPP1+ immunosuppressive,CD99,PILRA,0.0250355249616163,0,,,MPR_only
MRC1+ M2-like,Ciliated,CD99,CD99,0.0577488039855082,0,,,MPR_only
Ciliated,MRC1+ M2-like,CD99,CD99,0.0577488039855082,0,,,MPR_only
IFN-stimulated,Ciliated,CD99,CD99L2,0.00413082106967974,0,,,MPR_only
M2-SIGLEC8+,Ciliated,CD99,CD99L2,0.00763801035535646,0,,,MPR_only
MRC1+ M2-like,Ciliated,CD99,CD99L2,0.00769488747668,0,,,MPR_only
Resident M2,Ciliated,CD99,CD99L2,0.00676289604896094,0,,,MPR_only
SPP1+ immunosuppressive,Ciliated,CD99,CD99L2,0.00748694394102034,0,,,MPR_only
IFN-stimulated,Ciliated,CDH1,CDH1,0.00349947892032224,0,,,MPR_only
SPP1+ immunosuppressive,Ciliated,CDH1,CDH1,0.00421033452608897,0,,,MPR_only
Ciliated,IFN-stimulated,CDH1,CDH1,0.00349947892032224,0,,,MPR_only
Ciliated,SPP1+ immunosuppressive,CDH1,CDH1,0.00421033452608897,0,,,MPR_only
IFN-stimulated,Ciliated,DSC2,DSG2,0.00202577980861666,0,,,MPR_only
Ciliated,M2-SIGLEC8+,EFNB3,EPHB2,0.000618830965649816,0,,,MPR_only
Ciliated,IFN-stimulated,ICAM1,ITGAX_ITGB2,0.0038921626333517,0,,,MPR_only
Ciliated,M2-SIGLEC8+,ICAM1,ITGAX_ITGB2,0.00422625670877277,0,,,MPR_only
Ciliated,MRC1+ M2-like,ICAM1,ITGAX_ITGB2,0.00302629908920735,0,,,MPR_only
Ciliated,Resident M2,ICAM1,ITGAX_ITGB2,0.00458368239645,0,,,MPR_only
Ciliated,IFN-stimulated,ICAM1,ITGAL_ITGB2,0.00362624328822771,0,,,MPR_only
Ciliated,MRC1+ M2-like,ICAM1,ITGAL_ITGB2,0.00268656530213222,0,,,MPR_only
Ciliated,IFN-stimulated,ICAM1,ITGAM_ITGB2,0.00208607624773814,0,,,MPR_only
Ciliated,M2-SIGLEC8+,ICAM1,ITGAM_ITGB2,0.00173778720813143,0,,,MPR_only
Ciliated,MRC1+ M2-like,ICAM1,ITGAM_ITGB2,0.00276359765727619,0,,,MPR_only
Ciliated,SPP1+ immunosuppressive,ICAM1,ITGAM_ITGB2,0.00275637383976022,0,,,MPR_only
Ciliated,MRC1+ M2-like,ICAM1,ITGAL,0.00152181467943314,0,,,MPR_only
Ciliated,MRC1+ M2-like,ICAM1,SPN,0.00403375693595287,0,,,MPR_only
IFN-stimulated,Ciliated,F11R,F11R,0.00563296177832154,0,,,MPR_only
Ciliated,IFN-stimulated,F11R,F11R,0.00563296177832154,0,,,MPR_only
Ciliated,IFN-stimulated,HLA-F,LILRB1,0.0367949678247663,0,,,MPR_only
Ciliated,M2-SIGLEC8+,HLA-F,LILRB1,0.014418749189597,0,,,MPR_only
Ciliated,MRC1+ M2-like,HLA-F,LILRB1,0.00940576954374323,0,,,MPR_only
Resident M2,Ciliated,HLA-DPA1,CD4,0.125161178978897,0,,,MPR_only
Ciliated,IFN-stimulated,HLA-DPA1,CD4,0.0912033206459441,0,,,MPR_only
Ciliated,M2-SIGLEC8+,HLA-DPA1,CD4,0.0980738961942251,0,,,MPR_only
Ciliated,MRC1+ M2-like,HLA-DPA1,CD4,0.064388959854939,0,,,MPR_only
Ciliated,IFN-stimulated,HLA-DPB1,CD4,0.0626792512430278,0,,,MPR_only
Ciliated,M2-SIGLEC8+,HLA-DPB1,CD4,0.0675607799110324,0,,,MPR_only
Ciliated,MRC1+ M2-like,HLA-DPB1,CD4,0.0438465394239168,0,,,MPR_only
Ciliated,Resident M2,HLA-DPB1,CD4,0.0765967779846093,0,,,MPR_only
Ciliated,SPP1+ immunosuppressive,HLA-DPB1,CD4,0.0765577994858471,0,,,MPR_only
Ciliated,IFN-stimulated,HLA-DQA1,CD4,0.0618134443903936,0,,,MPR_only
Ciliated,M2-SIGLEC8+,HLA-DQA1,CD4,0.0666323365418519,0,,,MPR_only
Ciliated,MRC1+ M2-like,HLA-DQA1,CD4,0.0432288766954196,0,,,MPR_only
Ciliated,Resident M2,HLA-DQA1,CD4,0.0755542206224908,0,,,MPR_only
Ciliated,SPP1+ immunosuppressive,HLA-DQA1,CD4,0.0755157292722736,0,,,MPR_only
Ciliated,IFN-stimulated,HLA-DMA,CD4,0.0378634762291635,0,,,MPR_only
Ciliated,M2-SIGLEC8+,HLA-DMA,CD4,0.0408966507787996,0,,,MPR_only
Ciliated,MRC1+ M2-like,HLA-DMA,CD4,0.0262779180447385,0,,,MPR_only
Ciliated,Resident M2,HLA-DMA,CD4,0.046544437519853,0,,,MPR_only
Ciliated,SPP1+ immunosuppressive,HLA-DMA,CD4,0.0465199815848303,0,,,MPR_only
Ciliated,IFN-stimulated,HLA-DMB,CD4,0.0267485146726321,0,,,MPR_only
Ciliated,M2-SIGLEC8+,HLA-DMB,CD4,0.028918051686112,0,,,MPR_only
Ciliated,MRC1+ M2-like,HLA-DMB,CD4,0.0184985502408655,0,,,MPR_only
Ciliated,Resident M2,HLA-DMB,CD4,0.0329684688459817,0,,,MPR_only
Ciliated,SPP1+ immunosuppressive,HLA-DMB,CD4,0.0329508996376651,0,,,MPR_only
Resident M2,Ciliated,HLA-DOA,CD4,0.0531800491219195,0,,,MPR_only
Ciliated,IFN-stimulated,HLA-DOA,CD4,0.0139621791548279,0,,,MPR_only
Ciliated,M2-SIGLEC8+,HLA-DOA,CD4,0.015110735014997,0,,,MPR_only
Ciliated,MRC1+ M2-like,HLA-DOA,CD4,0.00961689794126697,0,,,MPR_only
Ciliated,Resident M2,HLA-DOA,CD4,0.0172616022542491,0,,,MPR_only
Ciliated,SPP1+ immunosuppressive,HLA-DOA,CD4,0.0172522540530509,0,,,MPR_only
MRC1+ M2-like,Ciliated,HLA-DQB1,CD4,0.10603286672669,0,,,MPR_only
Ciliated,IFN-stimulated,HLA-DQB1,CD4,0.0420371915229897,0,,,MPR_only
Ciliated,M2-SIGLEC8+,HLA-DQB1,CD4,0.0453889418943813,0,,,MPR_only
Ciliated,MRC1+ M2-like,HLA-DQB1,CD4,0.0292133258748543,0,,,MPR_only
Ciliated,Resident M2,HLA-DQB1,CD4,0.0516237175739124,0,,,MPR_only
Ciliated,SPP1+ immunosuppressive,HLA-DQB1,CD4,0.0515967372471686,0,,,MPR_only
Resident M2,Ciliated,HLA-DRA,CD4,0.154715531545496,0,,,MPR_only
Resident M2,Ciliated,HLA-DRB1,CD4,0.12844262453432,0,,,MPR_only
SPP1+ immunosuppressive,Ciliated,HLA-DRB3,CD4,0.0891593783446735,0,,,MPR_only
MRC1+ M2-like,Ciliated,HLA-DRB5,CD4,0.0960059339387221,0,,,MPR_only
Ciliated,IFN-stimulated,HLA-DRB5,CD4,0.0783375230402613,0,,,MPR_only
Ciliated,M2-SIGLEC8+,HLA-DRB5,CD4,0.0843288206396353,0,,,MPR_only
Ciliated,MRC1+ M2-like,HLA-DRB5,CD4,0.0550765475707686,0,,,MPR_only
Ciliated,Resident M2,HLA-DRB5,CD4,0.095378081392595,0,,,MPR_only
Ciliated,SPP1+ immunosuppressive,HLA-DRB5,CD4,0.0953305321717717,0,,,MPR_only
IFN-stimulated,Ciliated,MPZL1,MPZL1,0.000526212582512973,0,,,MPR_only
Ciliated,IFN-stimulated,MPZL1,MPZL1,0.000526212582512973,0,,,MPR_only
Ciliated,IFN-stimulated,JAG2,NOTCH2,0.000329290551941454,0,,,MPR_only
Ciliated,M2-SIGLEC8+,JAG2,NOTCH2,0.000366263383615761,0,,,MPR_only
Ciliated,MRC1+ M2-like,JAG2,NOTCH2,0.000257607656253799,0,,,MPR_only
Ciliated,Resident M2,JAG2,NOTCH2,0.000324161436815763,0,,,MPR_only
MRC1+ M2-like,Ciliated,SEMA4A,PLXNB1,0.000447822584907291,0,,,MPR_only
MRC1+ M2-like,Ciliated,SEMA4A,PLXNB2,0.00296292700430137,0,,,MPR_only
MRC1+ M2-like,Ciliated,SEMA4D,PLXNB1,0.000555891059075063,0,,,MPR_only
Resident M2,Ciliated,SEMA4D,PLXNB1,0.000612118886722237,0,,,MPR_only
MRC1+ M2-like,Ciliated,SEMA4D,PLXNB2,0.00367570812176857,0,,,MPR_only
Ciliated,M2-SIGLEC8+,ITGAV_ITGB1,ADGRE2,0.00224842694370849,0,,,MPR_only
Ciliated,MRC1+ M2-like,ITGAV_ITGB1,ADGRE2,0.00108348750363092,0,,,MPR_only
Ciliated,SPP1+ immunosuppressive,ITGAV_ITGB1,ADGRE2,0.0024841885627428,0,,,MPR_only
IFN-stimulated,Ciliated,ITGAV_ITGB1,ADGRE5,0.00686861628855726,0,,,MPR_only
SPP1+ immunosuppressive,Ciliated,ITGAV_ITGB1,ADGRE5,0.012681550853568,0,,,MPR_only
Ciliated,IFN-stimulated,ITGAV_ITGB1,ADGRE5,0.00826854438260546,0,,,MPR_only
Ciliated,MRC1+ M2-like,ITGAV_ITGB1,ADGRE5,0.0104857748158118,0,,,MPR_only
M2-SIGLEC8+,Ciliated,APP,TNFRSF21,0.00901428384821229,0,,,MPR_only
MRC1+ M2-like,tumor,INHBA,ACVR1B_ACVR2A,0.00263780558005801,0,,,MPR_only
tumor,IFN-stimulated,WNT5A,FZD2,0.0034060747827216,0,,,MPR_only
tumor,IFN-stimulated,CXCL12,CXCR4,0.00266754282756946,0,,,MPR_only
tumor,M2-SIGLEC8+,CXCL12,CXCR4,0.00587365273127136,0,,,MPR_only
tumor,MRC1+ M2-like,CXCL12,CXCR4,0.00103296760422271,0,,,MPR_only
tumor,Resident M2,CXCL12,CXCR4,0.00698439990483835,0,,,MPR_only
tumor,SPP1+ immunosuppressive,CXCL12,CXCR4,0.0052699362155994,0,,,MPR_only
M2-SIGLEC8+,tumor,OSM,LIFR_IL6ST,0.00155804626924104,0,,,MPR_only
SPP1+ immunosuppressive,tumor,OSM,LIFR_IL6ST,0.00167942165169337,0,,,MPR_only
M2-SIGLEC8+,tumor,OSM,OSMR_IL6ST,0.00539633981400015,0,,,MPR_only
SPP1+ immunosuppressive,tumor,OSM,OSMR_IL6ST,0.0058149856152207,0,,,MPR_only
IFN-stimulated,tumor,IL1B,IL1R2,0.0179691096710399,0,,,MPR_only
MRC1+ M2-like,tumor,IL1B,IL1R2,0.00919062106838498,0,,,MPR_only
SPP1+ immunosuppressive,tumor,IL1B,IL1R2,0.0164901520953219,0,,,MPR_only
MRC1+ M2-like,tumor,TNF,TNFRSF1A,0.00294538204961983,0,,,MPR_only
tumor,Resident M2,TNFSF10,TNFRSF10A,0.00219539186707329,0,,,MPR_only
MRC1+ M2-like,tumor,TNFSF10,TNFRSF10A,0.00165512780567794,0,,,MPR_only
tumor,IFN-stimulated,NAMPT,ITGA5_ITGB1,0.0184493188090791,0,,,MPR_only
tumor,M2-SIGLEC8+,NAMPT,ITGA5_ITGB1,0.0171352258050317,0,,,MPR_only
tumor,MRC1+ M2-like,NAMPT,ITGA5_ITGB1,0.0376587783514125,0,,,MPR_only
tumor,Resident M2,NAMPT,ITGA5_ITGB1,0.0202778537983698,0,,,MPR_only
tumor,SPP1+ immunosuppressive,NAMPT,ITGA5_ITGB1,0.0105179663679784,0,,,MPR_only
IFN-stimulated,tumor,NAMPT,ITGA5_ITGB1,0.00802593515555392,0,,,MPR_only
MRC1+ M2-like,tumor,NAMPT,ITGA5_ITGB1,0.007823338799321,0,,,MPR_only
SPP1+ immunosuppressive,tumor,NAMPT,ITGA5_ITGB1,0.0122746402157252,0,,,MPR_only
tumor,IFN-stimulated,ANGPTL4,ITGA5_ITGB1,0.00113559400307968,0,,,MPR_only
tumor,M2-SIGLEC8+,ANGPTL4,ITGA5_ITGB1,0.00105338538134311,0,,,MPR_only
tumor,MRC1+ M2-like,ANGPTL4,ITGA5_ITGB1,0.00236134450637334,0,,,MPR_only
tumor,Resident M2,ANGPTL4,ITGA5_ITGB1,0.00125033001583028,0,,,MPR_only
tumor,SPP1+ immunosuppressive,ANGPTL4,ITGA5_ITGB1,0.000642530390356938,0,,,MPR_only
tumor,MRC1+ M2-like,ANGPTL4,SDC2,0.000378352138993037,0,,,MPR_only
tumor,IFN-stimulated,ANGPTL4,SDC3,0.00208955329749799,0,,,MPR_only
tumor,M2-SIGLEC8+,ANGPTL4,SDC3,0.00500586801516436,0,,,MPR_only
tumor,MRC1+ M2-like,ANGPTL4,SDC3,0.000388749056024062,0,,,MPR_only
tumor,Resident M2,ANGPTL4,SDC3,0.00233828519631215,0,,,MPR_only
tumor,SPP1+ immunosuppressive,ANGPTL4,SDC3,0.00401218918086819,0,,,MPR_only
tumor,IFN-stimulated,ANGPTL4,SDC4,0.000321592662194427,0,,,MPR_only
tumor,M2-SIGLEC8+,ANGPTL4,SDC4,0.000324558431792995,0,,,MPR_only
tumor,MRC1+ M2-like,ANGPTL4,SDC4,0.000789419747288426,0,,,MPR_only
tumor,Resident M2,ANGPTL4,SDC4,0.000874935522440206,0,,,MPR_only
MRC1+ M2-like,tumor,MDK,SDC1,0.00513122525944789,0,,,MPR_only
MRC1+ M2-like,tumor,MDK,SDC4,0.000739059798253574,0,,,MPR_only
MRC1+ M2-like,tumor,MDK,PTPRZ1,0.0021357659226341,0,,,MPR_only
tumor,M2-SIGLEC8+,MDK,ITGA4_ITGB1,0.012005514674799,0,,,MPR_only
tumor,Resident M2,MDK,ITGA4_ITGB1,0.0154329123293451,0,,,MPR_only
MRC1+ M2-like,tumor,MDK,ITGA6_ITGB1,0.00151642550262314,0,,,MPR_only
MRC1+ M2-like,tumor,MDK,NCL,0.00559191064770956,0,,,MPR_only
M2-SIGLEC8+,tumor,HGF,MET,0.00359459702503069,0,,,MPR_only
SPP1+ immunosuppressive,tumor,HGF,MET,0.00171310618563883,0,,,MPR_only
M2-SIGLEC8+,tumor,GAS6,MERTK,0.0010514167870628,0,,,MPR_only
SPP1+ immunosuppressive,tumor,GAS6,MERTK,0.00138630563589562,0,,,MPR_only
SPP1+ immunosuppressive,tumor,LGALS9,CD44,0.0694967225532159,0,,,MPR_only
tumor,IFN-stimulated,BDNF,SORT1,0.000396521345545926,0,,,MPR_only
tumor,M2-SIGLEC8+,BDNF,SORT1,0.000372144195890118,0,,,MPR_only
tumor,MRC1+ M2-like,BDNF,SORT1,0.00246918116554621,0,,,MPR_only
tumor,SPP1+ immunosuppressive,BDNF,SORT1,0.000461089453064507,0,,,MPR_only
tumor,IFN-stimulated,IGFBP3,TMEM219,0.0114850145339831,0,,,MPR_only
tumor,M2-SIGLEC8+,IGFBP3,TMEM219,0.0147789877311723,0,,,MPR_only
tumor,MRC1+ M2-like,IGFBP3,TMEM219,0.0174044746999462,0,,,MPR_only
tumor,Resident M2,IGFBP3,TMEM219,0.00947976427720714,0,,,MPR_only
tumor,SPP1+ immunosuppressive,IGFBP3,TMEM219,0.0137824494659612,0,,,MPR_only
M2-SIGLEC8+,tumor,PROS1,MERTK,0.000215808995025093,0,,,MPR_only
MRC1+ M2-like,tumor,PROS1,MERTK,0.000509962927494419,0,,,MPR_only
tumor,IFN-stimulated,PLAU,PLAUR,0.00402384149308569,0,,,MPR_only
tumor,M2-SIGLEC8+,PLAU,PLAUR,0.00362432333223403,0,,,MPR_only
tumor,MRC1+ M2-like,PLAU,PLAUR,0.00430471547245714,0,,,MPR_only
tumor,Resident M2,PLAU,PLAUR,0.0040538878396072,0,,,MPR_only
tumor,SPP1+ immunosuppressive,PLAU,PLAUR,0.00192335630716175,0,,,MPR_only
IFN-stimulated,tumor,FN1,ITGA5_ITGB1,0.0123602109818855,0,,,MPR_only
MRC1+ M2-like,tumor,FN1,ITGA5_ITGB1,0.0298521474197084,0,,,MPR_only
tumor,MRC1+ M2-like,LAMB1,ITGA6_ITGB1,0.000978913488574394,0,,,MPR_only
tumor,MRC1+ M2-like,LAMB3,ITGA6_ITGB1,0.000883923415367607,0,,,MPR_only
Resident M2,tumor,FN1,ITGAV_ITGB8,0.00290456910255692,0,,,MPR_only
tumor,MRC1+ M2-like,LAMA3,ITGAV_ITGB8,0.000199798615852861,0,,,MPR_only
tumor,MRC1+ M2-like,LAMA5,ITGAV_ITGB8,0.000798394288530956,0,,,MPR_only
tumor,MRC1+ M2-like,LAMB1,ITGAV_ITGB8,0.000207116406751938,0,,,MPR_only
tumor,MRC1+ M2-like,LAMB3,ITGAV_ITGB8,0.000187004592804541,0,,,MPR_only
tumor,MRC1+ M2-like,LAMC1,ITGAV_ITGB8,0.000968040923580443,0,,,MPR_only
tumor,MRC1+ M2-like,LAMC2,ITGAV_ITGB8,0.000233926677119161,0,,,MPR_only
tumor,MRC1+ M2-like,COL4A1,ITGAV_ITGB8,0.000228701495113933,0,,,MPR_only
tumor,MRC1+ M2-like,COL4A5,ITGAV_ITGB8,0.00100011953152817,0,,,MPR_only
tumor,MRC1+ M2-like,COL9A3,ITGAV_ITGB8,0.000161101107768363,0,,,MPR_only
tumor,IFN-stimulated,COL4A1,CD44,0.00572554298508366,0,,,MPR_only
tumor,M2-SIGLEC8+,COL4A1,CD44,0.00388829034992502,0,,,MPR_only
tumor,MRC1+ M2-like,COL4A1,CD44,0.00650173908368956,0,,,MPR_only
tumor,Resident M2,COL4A1,CD44,0.00668638124459488,0,,,MPR_only
tumor,SPP1+ immunosuppressive,COL4A1,CD44,0.0024023091089393,0,,,MPR_only
tumor,IFN-stimulated,COL9A3,CD44,0.00403973213582859,0,,,MPR_only
tumor,M2-SIGLEC8+,COL9A3,CD44,0.00274194257321416,0,,,MPR_only
tumor,MRC1+ M2-like,COL9A3,CD44,0.00458844218366154,0,,,MPR_only
tumor,Resident M2,COL9A3,CD44,0.00471900692757969,0,,,MPR_only
tumor,SPP1+ immunosuppressive,COL9A3,CD44,0.00169331435908463,0,,,MPR_only
tumor,IFN-stimulated,LAMB1,CD44,0.00518785225986819,0,,,MPR_only
tumor,M2-SIGLEC8+,LAMB1,CD44,0.00352252634933337,0,,,MPR_only
tumor,MRC1+ M2-like,LAMB1,CD44,0.00589158703722407,0,,,MPR_only
tumor,Resident M2,LAMB1,CD44,0.00605900723378594,0,,,MPR_only
tumor,SPP1+ immunosuppressive,LAMB1,CD44,0.00217602314864804,0,,,MPR_only
tumor,IFN-stimulated,LAMB3,CD44,0.00468635851713439,0,,,MPR_only
tumor,M2-SIGLEC8+,LAMB3,CD44,0.00318149971220043,0,,,MPR_only
tumor,MRC1+ M2-like,LAMB3,CD44,0.00532242937694807,0,,,MPR_only
tumor,Resident M2,LAMB3,CD44,0.00547376497545703,0,,,MPR_only
tumor,SPP1+ immunosuppressive,LAMB3,CD44,0.00196509856405897,0,,,MPR_only
Resident M2,tumor,FN1,SDC1,0.0118011201286424,0,,,MPR_only
tumor,IFN-stimulated,COL4A1,SDC4,0.000413168409279231,0,,,MPR_only
tumor,M2-SIGLEC8+,COL4A1,SDC4,0.000416978350135209,0,,,MPR_only
tumor,MRC1+ M2-like,COL4A1,SDC4,0.00101407737454945,0,,,MPR_only
tumor,Resident M2,COL4A1,SDC4,0.0011239023489472,0,,,MPR_only
tumor,IFN-stimulated,COL9A3,SDC4,0.000291058520351043,0,,,MPR_only
tumor,M2-SIGLEC8+,COL9A3,SDC4,0.00029374278284093,0,,,MPR_only
tumor,MRC1+ M2-like,COL9A3,SDC4,0.000714498744145153,0,,,MPR_only
tumor,Resident M2,COL9A3,SDC4,0.000791904955285204,0,,,MPR_only
IFN-stimulated,tumor,LTB4-LTA4H,LTB4R,0.0131294846405791,0,,,MPR_only
M2-SIGLEC8+,tumor,LTB4-LTA4H,LTB4R,0.0106099891511536,0,,,MPR_only
MRC1+ M2-like,tumor,LTB4-LTA4H,LTB4R,0.0281046701942185,0,,,MPR_only
Resident M2,tumor,LTB4-LTA4H,LTB4R,0.0143016211741728,0,,,MPR_only
SPP1+ immunosuppressive,tumor,LTB4-LTA4H,LTB4R,0.00626094911592754,0,,,MPR_only
MRC1+ M2-like,tumor,12oxoLTB4-PTGR1,LTB4R,0.000706270775932221,0,,,MPR_only
Resident M2,tumor,12oxoLTB4-PTGR1,LTB4R,0.00121219574124385,0,,,MPR_only
M2-SIGLEC8+,tumor,DHEAS-SULT2B,PPARA,0.000288203759903791,0,,,MPR_only
IFN-stimulated,tumor,CD80,CD274,0.000561419909616969,0,,,MPR_only
tumor,SPP1+ immunosuppressive,CD99,PILRA,0.024436026795,0,,,MPR_only
IFN-stimulated,tumor,DSC2,DSG2,0.00464255858971227,0,,,MPR_only
tumor,M2-SIGLEC8+,EFNB1,EPHB2,0.000251777752858128,0,,,MPR_only
tumor,IFN-stimulated,HLA-DQA1,CD4,0.0219641876425659,0,,,MPR_only
tumor,IFN-stimulated,HLA-DRA,CD4,0.0410758401657569,0,,,MPR_only
tumor,IFN-stimulated,MPZL1,MPZL1,0.00346370450496129,0,,,MPR_only
IFN-stimulated,tumor,MPZL1,MPZL1,0.00346370450496129,0,,,MPR_only
tumor,IFN-stimulated,NECTIN3,NECTIN2,0.00163518595211182,0,,,MPR_only
tumor,M2-SIGLEC8+,NECTIN3,NECTIN2,0.00107805566104058,0,,,MPR_only
tumor,MRC1+ M2-like,NECTIN3,NECTIN2,0.000253353749632129,0,,,MPR_only
tumor,Resident M2,NECTIN3,NECTIN2,0.00233756199021696,0,,,MPR_only
tumor,MRC1+ M2-like,NECTIN3,PVR,0.000160123604487755,0,,,MPR_only
tumor,IFN-stimulated,JAG1,NOTCH2,0.00306349775078251,0,,,MPR_only
tumor,IFN-stimulated,JAG2,NOTCH2,0.00145794461048492,0,,,MPR_only
tumor,M2-SIGLEC8+,JAG2,NOTCH2,0.00162143747790644,0,,,MPR_only
tumor,MRC1+ M2-like,JAG2,NOTCH2,0.00114084665551555,0,,,MPR_only
tumor,Resident M2,JAG2,NOTCH2,0.0014352605272192,0,,,MPR_only
tumor,SPP1+ immunosuppressive,SEMA4A,NRP1_PLXNA1,0.00161180820558428,0,,,MPR_only
IFN-stimulated,tumor,SEMA4A,PLXNB1,0.00252053494433999,0,,,MPR_only
M2-SIGLEC8+,tumor,SEMA4A,PLXNB1,0.00166794846230638,0,,,MPR_only
MRC1+ M2-like,tumor,SEMA4A,PLXNB1,0.000233405870881978,0,,,MPR_only
Resident M2,tumor,SEMA4A,PLXNB1,0.00348919160225951,0,,,MPR_only
SPP1+ immunosuppressive,tumor,SEMA4A,PLXNB1,0.000549023306181642,0,,,MPR_only
tumor,M2-SIGLEC8+,SEMA4A,PLXNB2,0.00141015921787059,0,,,MPR_only
tumor,Resident M2,SEMA4A,PLXNB2,0.00356800577093826,0,,,MPR_only
MRC1+ M2-like,tumor,SEMA4A,PLXNB2,0.00153839038800373,0,,,MPR_only
IFN-stimulated,tumor,SEMA4D,PLXNB1,0.00154821185562332,0,,,MPR_only
M2-SIGLEC8+,tumor,SEMA4D,PLXNB1,0.000343765948825722,0,,,MPR_only
MRC1+ M2-like,tumor,SEMA4D,PLXNB1,0.000289746337168859,0,,,MPR_only
Resident M2,tumor,SEMA4D,PLXNB1,0.000319062484972201,0,,,MPR_only
SPP1+ immunosuppressive,tumor,SEMA4D,PLXNB1,0.000441320262572626,0,,,MPR_only
MRC1+ M2-like,tumor,SEMA4D,PLXNB2,0.00190913184690958,0,,,MPR_only
tumor,IFN-stimulated,SEMA4C,PLXNB2,0.0017961784952705,0,,,MPR_only
tumor,M2-SIGLEC8+,SEMA4C,PLXNB2,0.00122821732163869,0,,,MPR_only
tumor,MRC1+ M2-like,SEMA4C,PLXNB2,0.00132168536557621,0,,,MPR_only
tumor,Resident M2,SEMA4C,PLXNB2,0.00310852035209438,0,,,MPR_only
tumor,SPP1+ immunosuppressive,SEMA4C,PLXNB2,0.00179463521511251,0,,,MPR_only
tumor,MRC1+ M2-like,ITGAV_ITGB1,ADGRE2,0.00164815351861773,0,,,MPR_only
tumor,IFN-stimulated,LPAR1,ADGRE5,0.00182429785918419,0,,,MPR_only
tumor,M2-SIGLEC8+,LPAR1,ADGRE5,0.0004539848240719,0,,,MPR_only
tumor,MRC1+ M2-like,LPAR1,ADGRE5,0.00231752596794196,0,,,MPR_only
tumor,Resident M2,LPAR1,ADGRE5,0.00172144967441686,0,,,MPR_only
tumor,SPP1+ immunosuppressive,LPAR1,ADGRE5,0.000556594676033167,0,,,MPR_only
tumor,IFN-stimulated,LPAR2,ADGRE5,0.00221315459194767,0,,,MPR_only
tumor,M2-SIGLEC8+,LPAR2,ADGRE5,0.00055091480126431,0,,,MPR_only
tumor,MRC1+ M2-like,LPAR2,ADGRE5,0.00281122024481064,0,,,MPR_only
tumor,Resident M2,LPAR2,ADGRE5,0.00208842975296993,0,,,MPR_only
tumor,SPP1+ immunosuppressive,LPAR2,ADGRE5,0.000675418005920551,0,,,MPR_only
tumor,IFN-stimulated,LPAR3,ADGRE5,0.00296955672709829,0,,,MPR_only
tumor,M2-SIGLEC8+,LPAR3,ADGRE5,0.00073962513488253,0,,,MPR_only
tumor,MRC1+ M2-like,LPAR3,ADGRE5,0.00377125402931153,0,,,MPR_only
tumor,Resident M2,LPAR3,ADGRE5,0.00280232370941238,0,,,MPR_only
tumor,SPP1+ immunosuppressive,LPAR3,ADGRE5,0.000906736970978181,0,,,MPR_only
IFN-stimulated,tumor,APP,SORL1,0.00797015271168505,0,,,MPR_only
M2-SIGLEC8+,tumor,APP,SORL1,0.0111882092723326,0,,,MPR_only
SPP1+ immunosuppressive,tumor,APP,SORL1,0.0102925167413332,0,,,MPR_only
M2-SIGLEC8+,tumor,APP,TNFRSF21,0.0200386105912887,0,,,MPR_only
SPP1+ immunosuppressive,tumor,APP,TNFRSF21,0.018447601680992,0,,,MPR_only
tumor,IFN-stimulated,CNTN1,NOTCH2,0.000280272763639569,0,,,MPR_only
IFN-stimulated,tumor,PECAM1,CD38,0.00633363471730256,0,,,MPR_only
M2-SIGLEC8+,tumor,PECAM1,CD38,0.0119431357926452,0,,,MPR_only
MRC1+ M2-like,tumor,PECAM1,CD38,0.0166241674121101,0,,,MPR_only
Resident M2,tumor,PECAM1,CD38,0.00551983597887612,0,,,MPR_only
SPP1+ immunosuppressive,tumor,PECAM1,CD38,0.0112237418199505,0,,,MPR_only
IFN-stimulated,normal,IL1B,IL1R2,0.00335040024031537,0,,,MPR_only
MRC1+ M2-like,normal,IL1B,IL1R2,0.00170124970548329,0,,,MPR_only
SPP1+ immunosuppressive,normal,IL1B,IL1R2,0.00307088118713477,0,,,MPR_only
MRC1+ M2-like,normal,TNF,TNFRSF1A,0.00095170030217985,0,,,MPR_only
normal,Resident M2,TNFSF10,TNFRSF10A,0.00218663625466019,0,,,MPR_only
normal,MRC1+ M2-like,NAMPT,ITGA5_ITGB1,0.00886924704874709,0,,,MPR_only
MRC1+ M2-like,normal,MDK,SDC1,0.00324520786678543,0,,,MPR_only
MRC1+ M2-like,normal,MDK,SDC4,0.00286088701316848,0,,,MPR_only
normal,Resident M2,MDK,SDC4,0.00546490830755058,0,,,MPR_only
normal,M2-SIGLEC8+,MDK,ITGA4_ITGB1,0.00605287285237862,0,,,MPR_only
normal,Resident M2,MDK,ITGA4_ITGB1,0.00779428541613533,0,,,MPR_only
M2-SIGLEC8+,normal,HGF,MET,0.00343379450478903,0,,,MPR_only
SPP1+ immunosuppressive,normal,HGF,MET,0.0016363330046083,0,,,MPR_only
normal,M2-SIGLEC8+,SCGB3A2,MARCO,0.00420513244317232,0,,,MPR_only
normal,MRC1+ M2-like,SCGB3A2,MARCO,0.0641144497767632,0,,,MPR_only
IFN-stimulated,normal,LGALS9,CD44,0.0652969487034648,0,,,MPR_only
M2-SIGLEC8+,normal,LGALS9,CD44,0.0656279304703414,0,,,MPR_only
MRC1+ M2-like,normal,LGALS9,CD44,0.0683658686679878,0,,,MPR_only
Resident M2,normal,FN1,ITGA3_ITGB1,0.00174871717501261,0,,,MPR_only
Resident M2,normal,FN1,SDC1,0.00748197382688911,0,,,MPR_only
normal,IFN-stimulated,PGE2-PTGES3,PTGER4,0.0128609994102457,0,,,MPR_only
MRC1+ M2-like,normal,APP,CD74,0.04896053707707,0,,,MPR_only
IFN-stimulated,normal,DSC2,DSG2,0.000925495820702017,0,,,MPR_only
normal,M2-SIGLEC8+,ICAM1,ITGAL_ITGB2,0.00450082793772901,0,,,MPR_only
normal,IFN-stimulated,F11R,F11R,0.00494054897773856,0,,,MPR_only
IFN-stimulated,normal,F11R,F11R,0.00494054897773856,0,,,MPR_only
normal,IFN-stimulated,HLA-DPA1,CD4,0.0901672506366003,0,,,MPR_only
normal,M2-SIGLEC8+,HLA-DPA1,CD4,0.0969681042913602,0,,,MPR_only
normal,MRC1+ M2-like,HLA-DPA1,CD4,0.0636361714439077,0,,,MPR_only
normal,Resident M2,HLA-DPA1,CD4,0.10947544254558,0,,,MPR_only
normal,SPP1+ immunosuppressive,HLA-DPA1,CD4,0.109421715408393,0,,,MPR_only
normal,IFN-stimulated,HLA-DPB1,CD4,0.0840483806847323,0,,,MPR_only
normal,M2-SIGLEC8+,HLA-DPB1,CD4,0.0904335920074427,0,,,MPR_only
normal,MRC1+ M2-like,HLA-DPB1,CD4,0.0592005860762364,0,,,MPR_only
normal,Resident M2,HLA-DPB1,CD4,0.102193465050414,0,,,MPR_only
normal,SPP1+ immunosuppressive,HLA-DPB1,CD4,0.102142901770862,0,,,MPR_only
normal,IFN-stimulated,HLA-DQA1,CD4,0.0488183668616955,0,,,MPR_only
normal,M2-SIGLEC8+,HLA-DQA1,CD4,0.052681066828348,0,,,MPR_only
normal,MRC1+ M2-like,HLA-DQA1,CD4,0.0339992552922622,0,,,MPR_only
normal,SPP1+ immunosuppressive,HLA-DQA1,CD4,0.0598236968580128,0,,,MPR_only
normal,IFN-stimulated,HLA-DMA,CD4,0.0217974496074646,0,,,MPR_only
normal,M2-SIGLEC8+,HLA-DMA,CD4,0.0235751395793144,0,,,MPR_only
normal,MRC1+ M2-like,HLA-DMA,CD4,0.0150509123298261,0,,,MPR_only
normal,IFN-stimulated,HLA-DMB,CD4,0.0112743896181118,0,,,MPR_only
normal,M2-SIGLEC8+,HLA-DMB,CD4,0.0122045793890164,0,,,MPR_only
normal,MRC1+ M2-like,HLA-DMB,CD4,0.00775901461056516,0,,,MPR_only
normal,IFN-stimulated,HLA-DOA,CD4,0.0160515778919087,0,,,MPR_only
normal,M2-SIGLEC8+,HLA-DOA,CD4,0.0173689841150252,0,,,MPR_only
normal,MRC1+ M2-like,HLA-DOA,CD4,0.011063334114039,0,,,MPR_only
normal,Resident M2,HLA-DOA,CD4,0.0198348177882167,0,,,MPR_only
normal,SPP1+ immunosuppressive,HLA-DOA,CD4,0.0198241041463983,0,,,MPR_only
normal,IFN-stimulated,HLA-DQB1,CD4,0.0217735303140984,0,,,MPR_only
normal,M2-SIGLEC8+,HLA-DQB1,CD4,0.023549316511284,0,,,MPR_only
normal,MRC1+ M2-like,HLA-DQB1,CD4,0.015034282523409,0,,,MPR_only
normal,Resident M2,HLA-DQB1,CD4,0.0268685660061648,0,,,MPR_only
normal,SPP1+ immunosuppressive,HLA-DQB1,CD4,0.0268541572228771,0,,,MPR_only
normal,IFN-stimulated,HLA-DRA,CD4,0.13003816720987,0,,,MPR_only
normal,M2-SIGLEC8+,HLA-DRA,CD4,0.139385570384169,0,,,MPR_only
normal,MRC1+ M2-like,HLA-DRA,CD4,0.092974196688679,0,,,MPR_only
normal,Resident M2,HLA-DRA,CD4,0.156416408853242,0,,,MPR_only
normal,SPP1+ immunosuppressive,HLA-DRA,CD4,0.156343689039194,0,,,MPR_only
normal,IFN-stimulated,HLA-DRB1,CD4,0.107976728545568,0,,,MPR_only
normal,M2-SIGLEC8+,HLA-DRB1,CD4,0.115949671685005,0,,,MPR_only
normal,MRC1+ M2-like,HLA-DRB1,CD4,0.0766467940835132,0,,,MPR_only
normal,Resident M2,HLA-DRB1,CD4,0.130551375594853,0,,,MPR_only
normal,SPP1+ immunosuppressive,HLA-DRB1,CD4,0.13048882066928,0,,,MPR_only
normal,IFN-stimulated,HLA-DRB5,CD4,0.0247412035449633,0,,,MPR_only
normal,M2-SIGLEC8+,HLA-DRB5,CD4,0.0267524054565253,0,,,MPR_only
normal,MRC1+ M2-like,HLA-DRB5,CD4,0.0170994706949124,0,,,MPR_only
normal,Resident M2,HLA-DRB5,CD4,0.0305090205596197,0,,,MPR_only
normal,SPP1+ immunosuppressive,HLA-DRB5,CD4,0.0304927206863003,0,,,MPR_only
MRC1+ M2-like,normal,SEMA4A,PLXNB2,0.00079827314325227,0,,,MPR_only
SPP1+ immunosuppressive,normal,SEMA4A,PLXNB2,0.00187628517139581,0,,,MPR_only
normal,MRC1+ M2-like,FLRT3,UNC5B,0.00291887770129614,0,,,MPR_only
IFN-stimulated,normal,APP,TNFRSF21,0.00180705723017541,0,,,MPR_only
M2-SIGLEC8+,normal,APP,TNFRSF21,0.00254306001449974,0,,,MPR_only
SPP1+ immunosuppressive,normal,APP,TNFRSF21,0.00233783436929416,0,,,MPR_only
MRC1+ M2-like,normal,CRTAM,CADM1,0.000953168230162774,0,,,MPR_only
Resident M2,normal,CRTAM,CADM1,0.00113192053018515,0,,,MPR_only
normal,MRC1+ M2-like,NTN4,UNC5B,0.0014686845802384,0,,,MPR_only
MRC1+ M2-like,Ciliated,PGE2-PTGES2,PTGER4,0.000235543435007618,0.01,,,MPR_only
SPP1+ immunosuppressive,Ciliated,DHEA-STS,PPARA,0.000134304154026952,0.01,,,MPR_only
Ciliated,Resident M2,ICAM1,ITGAM_ITGB2,0.00196057621440461,0.01,,,MPR_only
Ciliated,IFN-stimulated,ICAM1,ITGAL,0.00171807285982875,0.01,,,MPR_only
tumor,Resident M2,PROS1,AXL,0.000872154398023682,0.01,,,MPR_only
tumor,IFN-stimulated,LGALS9,HAVCR2,0.0174693499959451,0.01,,,MPR_only
tumor,MRC1+ M2-like,LGALS9,HAVCR2,0.0146722910567929,0.01,,,MPR_only
tumor,IFN-stimulated,LGALS9,P4HB,0.022564703241147,0.01,,,MPR_only
tumor,M2-SIGLEC8+,LGALS9,P4HB,0.0239036908833804,0.01,,,MPR_only
M2-SIGLEC8+,tumor,DHEAS-SULT2B,PPARD,0.000281308812919774,0.01,,,MPR_only
tumor,IFN-stimulated,HLA-DPA1,CD4,0.0242371604430336,0.01,,,MPR_only
Resident M2,normal,FN1,SDC4,0.00659922661046714,0.01,,,MPR_only
normal,SPP1+ immunosuppressive,HLA-DMA,CD4,0.0268835044495156,0.01,,,MPR_only
normal,SPP1+ immunosuppressive,HLA-DMB,CD4,0.0139400626310019,0.01,,,MPR_only
MRC1+ M2-like,normal,SEMA4D,PLXNB2,0.000990828457226911,0.01,,,MPR_only
SPP1+ immunosuppressive,Ciliated,PPIA,BSG,0.0701807926507579,0.02,,,MPR_only
Resident M2,Ciliated,FN1,ITGAV_ITGB8,0.00155648782368709,0.02,,,MPR_only
SPP1+ immunosuppressive,Ciliated,APP,CD74,0.078104900694335,0.02,,,MPR_only
Ciliated,SPP1+ immunosuppressive,ICAM1,ITGAX_ITGB2,0.00175055929765277,0.02,,,MPR_only
MRC1+ M2-like,Ciliated,MPZL1,MPZL1,0.000352422205875445,0.02,,,MPR_only
SPP1+ immunosuppressive,Ciliated,MPZL1,MPZL1,0.000522138782541907,0.02,,,MPR_only
Ciliated,MRC1+ M2-like,MPZL1,MPZL1,0.000352422205875445,0.02,,,MPR_only
Ciliated,SPP1+ immunosuppressive,MPZL1,MPZL1,0.000522138782541907,0.02,,,MPR_only
Resident M2,Ciliated,SEMA4D,PLXNB2,0.00404622477909536,0.02,,,MPR_only
Ciliated,M2-SIGLEC8+,CD55,ADGRE5,0.00531883693193754,0.02,,,MPR_only
tumor,M2-SIGLEC8+,CD99,CD99,0.0560146414274629,0.02,,,MPR_only
M2-SIGLEC8+,tumor,CD99,CD99,0.0560146414274629,0.02,,,MPR_only
tumor,M2-SIGLEC8+,HLA-DQA1,CD4,0.0237551456989577,0.02,,,MPR_only
tumor,SPP1+ immunosuppressive,HLA-DQA1,CD4,0.0270880705419388,0.02,,,MPR_only
tumor,M2-SIGLEC8+,HLA-DRA,CD4,0.0443544881575631,0.02,,,MPR_only
tumor,SPP1+ immunosuppressive,HLA-DRA,CD4,0.0504282762966565,0.02,,,MPR_only
Resident M2,tumor,APP,SORL1,0.0025108502565781,0.02,,,MPR_only
M2-SIGLEC8+,normal,APP,CD74,0.0805032859911709,0.02,,,MPR_only
SPP1+ immunosuppressive,normal,APP,CD74,0.0744764049362932,0.02,,,MPR_only
normal,Resident M2,HLA-DQA1,CD4,0.0598547076247173,0.02,,,MPR_only
M2-SIGLEC8+,Ciliated,CD99,CD99,0.0573433311618238,0.03,,,MPR_only
Ciliated,M2-SIGLEC8+,CD99,CD99,0.0573433311618238,0.03,,,MPR_only
tumor,IFN-stimulated,LGALS9,PTPRC,0.0373856835168891,0.03,,,MPR_only
tumor,Resident M2,ITGAV_ITGB1,ADGRE5,0.0118314819570495,0.03,,,MPR_only
IFN-stimulated,normal,APP,CD74,0.0585282676853525,0.03,,,MPR_only
normal,Resident M2,HLA-DMA,CD4,0.0268979285440252,0.03,,,MPR_only
Resident M2,Ciliated,PPIA,BSG,0.0700753968353341,0.04,,,MPR_only
tumor,MRC1+ M2-like,LGALS9,CD44,0.0321756336061453,0.04,,,MPR_only
tumor,SPP1+ immunosuppressive,HLA-DPA1,CD4,0.0298750934932872,0.04,,,MPR_only
Ciliated,IFN-stimulated,VEGFB,FLT1,,,0.000998198822392643,0,NMPR_only
SPP1+ immunosuppressive,Ciliated,IL6,IL6R_IL6ST,,,0.00171850359484235,0,NMPR_only
SPP1+ immunosuppressive,Ciliated,TNF,TNFRSF1A,,,0.00305940564273026,0,NMPR_only
IFN-stimulated,Ciliated,SPP1,ITGAV_ITGB1,,,0.0120364803248684,0,NMPR_only
SPP1+ immunosuppressive,Ciliated,SPP1,ITGAV_ITGB1,,,0.00825844417883355,0,NMPR_only
IFN-stimulated,Ciliated,SPP1,ITGAV_ITGB5,,,0.00501283906442742,0,NMPR_only
MRC1+ M2-like,Ciliated,SPP1,ITGAV_ITGB5,,,0.00179904138150812,0,NMPR_only
SPP1+ immunosuppressive,Ciliated,SPP1,ITGAV_ITGB5,,,0.00343174066219122,0,NMPR_only
Resident M2,Ciliated,RETN,CAP1,,,0.00153186877115848,0,NMPR_only
Ciliated,IFN-stimulated,MDK,SDC2,,,0.00138010146447063,0,NMPR_only
Ciliated,M2-SIGLEC8+,MDK,SDC2,,,0.00321663307118061,0,NMPR_only
Ciliated,Resident M2,MDK,SDC2,,,0.00165548833457276,0,NMPR_only
Ciliated,MRC1+ M2-like,MDK,ITGA4_ITGB1,,,0.00385861785399462,0,NMPR_only
Ciliated,M2-SIGLEC8+,MDK,ITGA6_ITGB1,,,0.00282086213381027,0,NMPR_only
Ciliated,M2-SIGLEC8+,SEMA3C,NRP1_PLXNA1,,,0.00310016421206944,0,NMPR_only
Ciliated,M2-SIGLEC8+,SEMA3C,NRP1_PLXNA3,,,0.00274039594946939,0,NMPR_only
Ciliated,M2-SIGLEC8+,SEMA3C,NRP2_PLXNA1,,,0.00471895259234071,0,NMPR_only
Ciliated,M2-SIGLEC8+,SEMA3C,NRP2_PLXNA3,,,0.00417211316326481,0,NMPR_only
Ciliated,Resident M2,SEMA3C,NRP1_NRP2,,,0.00683020932016389,0,NMPR_only
Ciliated,IFN-stimulated,ANXA1,FPR2,,,0.0110019574985939,0,NMPR_only
Ciliated,MRC1+ M2-like,GAS6,MERTK,,,0.00139435319574377,0,NMPR_only
Ciliated,IFN-stimulated,SAA1,FPR2,,,0.00289527799285805,0,NMPR_only
Ciliated,IFN-stimulated,ANXA1,FPR2_LXA4,,,0.0337975157161336,0,NMPR_only
Ciliated,IFN-stimulated,MT-RNR2,FPR2,,,0.0272953296115543,0,NMPR_only
Ciliated,MRC1+ M2-like,TUB,MERTK,,,0.00013392354842677,0,NMPR_only
Ciliated,MRC1+ M2-like,PROS1,MERTK,,,0.00193832672282982,0,NMPR_only
SPP1+ immunosuppressive,Ciliated,COL1A1,ITGA2_ITGB1,,,0.00156044326993257,0,NMPR_only
SPP1+ immunosuppressive,Ciliated,COL1A2,ITGA2_ITGB1,,,0.000969939869503935,0,NMPR_only
SPP1+ immunosuppressive,Ciliated,FN1,ITGA3_ITGB1,,,0.00171165393381967,0,NMPR_only
SPP1+ immunosuppressive,Ciliated,COL1A1,ITGA3_ITGB1,,,0.00184258935183358,0,NMPR_only
SPP1+ immunosuppressive,Ciliated,COL1A2,ITGA3_ITGB1,,,0.00114543863763602,0,NMPR_only
Ciliated,M2-SIGLEC8+,LAMB3,ITGA6_ITGB1,,,0.00136713900310918,0,NMPR_only
Ciliated,M2-SIGLEC8+,LAMC2,ITGA6_ITGB1,,,0.00677584025633072,0,NMPR_only
SPP1+ immunosuppressive,Ciliated,FN1,ITGAV_ITGB8,,,0.000370752024022441,0,NMPR_only
SPP1+ immunosuppressive,Ciliated,COL1A1,ITGAV_ITGB8,,,0.000399154243988209,0,NMPR_only
SPP1+ immunosuppressive,Ciliated,COL1A2,ITGAV_ITGB8,,,0.000247997023823897,0,NMPR_only
SPP1+ immunosuppressive,Ciliated,COL1A1,SDC4,,,0.00756999971067854,0,NMPR_only
SPP1+ immunosuppressive,Ciliated,COL1A2,SDC4,,,0.00471610002206285,0,NMPR_only
SPP1+ immunosuppressive,Ciliated,FN1,SDC4,,,0.00703493980244084,0,NMPR_only
Ciliated,M2-SIGLEC8+,PGE2-PTGES3,PTGER2,,,0.00533275064594433,0,NMPR_only
Ciliated,Resident M2,PGE2-PTGES3,PTGER2,,,0.0109689027237206,0,NMPR_only
MRC1+ M2-like,Ciliated,Cholesterol-DHCR24,RORA,,,0.000369181792130977,0,NMPR_only
IFN-stimulated,Ciliated,Cholesterol-LIPA,RORA,,,0.00346875324643335,0,NMPR_only
M2-SIGLEC8+,Ciliated,Cholesterol-LIPA,RORA,,,0.00524682070321312,0,NMPR_only
MRC1+ M2-like,Ciliated,Cholesterol-LIPA,RORA,,,0.00512667452921119,0,NMPR_only
Resident M2,Ciliated,Cholesterol-LIPA,RORA,,,0.00418276994236043,0,NMPR_only
SPP1+ immunosuppressive,Ciliated,Cholesterol-LIPA,RORA,,,0.00206615206089935,0,NMPR_only
Ciliated,Resident M2,DHEAS-SULT2B,PPARD,,,0.000681422633987355,0,NMPR_only
Ciliated,SPP1+ immunosuppressive,DHEAS-SULT2B,PPARD,,,0.000625839031578918,0,NMPR_only
Ciliated,M2-SIGLEC8+,CD99,CD99L2,,,0.00922050940439949,0,NMPR_only
Ciliated,SPP1+ immunosuppressive,CD99,CD99L2,,,0.00265658433697601,0,NMPR_only
Resident M2,Ciliated,CDH1,CDH1,,,0.00979010085558001,0,NMPR_only
Ciliated,Resident M2,CDH1,CDH1,,,0.00979010085558001,0,NMPR_only
Ciliated,SPP1+ immunosuppressive,EFNB3,EPHB2,,,0.000225005381356936,0,NMPR_only
Ciliated,SPP1+ immunosuppressive,F11R,ITGAL_ITGB2,,,0.0181682644296314,0,NMPR_only
IFN-stimulated,Ciliated,HLA-DRB5,CD4,,,0.0246009583608566,0,NMPR_only
SPP1+ immunosuppressive,Ciliated,CLDN1,CLDN1,,,0.00103420958551413,0,NMPR_only
Ciliated,SPP1+ immunosuppressive,CLDN1,CLDN1,,,0.00103420958551413,0,NMPR_only
SPP1+ immunosuppressive,Ciliated,COL3A1,ADGRG1,,,0.000502458686443234,0,NMPR_only
Resident M2,Ciliated,TGM2,ADGRG1,,,0.00182549103329067,0,NMPR_only
SPP1+ immunosuppressive,Ciliated,TGM2,ADGRG1,,,0.000601506547096414,0,NMPR_only
MRC1+ M2-like,Ciliated,LRFN4,PTPRF,,,0.00324185661876645,0,NMPR_only
Ciliated,MRC1+ M2-like,APP,TNFRSF21,,,0.00705401375947668,0,NMPR_only
Ciliated,SPP1+ immunosuppressive,NTN4,UNC5B,,,0.000532182830713931,0,NMPR_only
tumor,M2-SIGLEC8+,BMP7,ACVR1_BMPR2,,,0.00229355609548559,0,NMPR_only
tumor,IFN-stimulated,GDF15,TGFBR2,,,0.00325616821513038,0,NMPR_only
tumor,M2-SIGLEC8+,GDF15,TGFBR2,,,0.0123453594001356,0,NMPR_only
tumor,MRC1+ M2-like,GDF15,TGFBR2,,,0.0101886606359792,0,NMPR_only
tumor,Resident M2,GDF15,TGFBR2,,,0.00882591786369231,0,NMPR_only
tumor,SPP1+ immunosuppressive,GDF15,TGFBR2,,,0.0129123704755065,0,NMPR_only
IFN-stimulated,tumor,INHBA,ACVR1B_ACVR2A,,,0.000543470473542342,0,NMPR_only
tumor,Resident M2,WNT5A,FZD2,,,0.000578068527378989,0,NMPR_only
tumor,IFN-stimulated,VEGFA,FLT1,,,0.00756589245818293,0,NMPR_only
tumor,IFN-stimulated,VEGFB,FLT1,,,0.00223031966560135,0,NMPR_only
tumor,IFN-stimulated,PGF,FLT1,,,0.000526960141586165,0,NMPR_only
IFN-stimulated,tumor,CXCL11,ACKR3,,,0.000987093809759626,0,NMPR_only
SPP1+ immunosuppressive,tumor,TNF,TNFRSF1A,,,0.00422468515228423,0,NMPR_only
IFN-stimulated,tumor,TNFSF12,TNFRSF12A,,,0.00213938971556299,0,NMPR_only
M2-SIGLEC8+,tumor,TNFSF12,TNFRSF12A,,,0.00294251523543213,0,NMPR_only
MRC1+ M2-like,tumor,TNFSF12,TNFRSF12A,,,0.00344444156415569,0,NMPR_only
Resident M2,tumor,TNFSF12,TNFRSF12A,,,0.00267442361728492,0,NMPR_only
SPP1+ immunosuppressive,tumor,TNFSF12,TNFRSF12A,,,0.00282665400054205,0,NMPR_only
tumor,IFN-stimulated,SPP1,CD44,,,0.0174591802160802,0,NMPR_only
tumor,M2-SIGLEC8+,SPP1,CD44,,,0.0162322312131191,0,NMPR_only
tumor,Resident M2,SPP1,CD44,,,0.0189638594418575,0,NMPR_only
IFN-stimulated,tumor,SPP1,CD44,,,0.106847602603142,0,NMPR_only
MRC1+ M2-like,tumor,SPP1,CD44,,,0.0410390248795824,0,NMPR_only
SPP1+ immunosuppressive,tumor,SPP1,CD44,,,0.075586883189443,0,NMPR_only
tumor,M2-SIGLEC8+,SPP1,ITGAV_ITGB1,,,0.00693685981957406,0,NMPR_only
tumor,Resident M2,SPP1,ITGAV_ITGB1,,,0.00662774730345506,0,NMPR_only
tumor,SPP1+ immunosuppressive,SPP1,ITGAV_ITGB1,,,0.00645960438264116,0,NMPR_only
IFN-stimulated,tumor,SPP1,ITGAV_ITGB1,,,0.0376935037554017,0,NMPR_only
MRC1+ M2-like,tumor,SPP1,ITGAV_ITGB1,,,0.0138186859107255,0,NMPR_only
SPP1+ immunosuppressive,tumor,SPP1,ITGAV_ITGB1,,,0.0260747317579755,0,NMPR_only
tumor,M2-SIGLEC8+,SPP1,ITGAV_ITGB5,,,0.00248300690215298,0,NMPR_only
tumor,MRC1+ M2-like,SPP1,ITGAV_ITGB5,,,0.00203002350523501,0,NMPR_only
tumor,SPP1+ immunosuppressive,SPP1,ITGAV_ITGB5,,,0.00360898183275735,0,NMPR_only
IFN-stimulated,tumor,SPP1,ITGAV_ITGB5,,,0.020330827233846,0,NMPR_only
MRC1+ M2-like,tumor,SPP1,ITGAV_ITGB5,,,0.0073691982488305,0,NMPR_only
SPP1+ immunosuppressive,tumor,SPP1,ITGAV_ITGB5,,,0.0139861997190632,0,NMPR_only
tumor,IFN-stimulated,SPP1,ITGA4_ITGB1,,,0.00342527027518455,0,NMPR_only
tumor,MRC1+ M2-like,SPP1,ITGA4_ITGB1,,,0.00340703420648852,0,NMPR_only
tumor,SPP1+ immunosuppressive,SPP1,ITGA4_ITGB1,,,0.00470756416695217,0,NMPR_only
tumor,IFN-stimulated,SPP1,ITGA5_ITGB1,,,0.00753616877623563,0,NMPR_only
tumor,MRC1+ M2-like,SPP1,ITGA5_ITGB1,,,0.00800702758742511,0,NMPR_only
tumor,Resident M2,SPP1,ITGA5_ITGB1,,,0.00736436266492468,0,NMPR_only
Resident M2,tumor,RETN,CAP1,,,0.00319917171288184,0,NMPR_only
M2-SIGLEC8+,tumor,MDK,SDC1,,,0.00424866856688417,0,NMPR_only
tumor,IFN-stimulated,MDK,SDC2,,,0.00651862116907349,0,NMPR_only
tumor,M2-SIGLEC8+,MDK,SDC2,,,0.0150897692668106,0,NMPR_only
tumor,Resident M2,MDK,SDC2,,,0.00781133317810806,0,NMPR_only
tumor,SPP1+ immunosuppressive,MDK,SDC4,,,0.0045243759742939,0,NMPR_only
M2-SIGLEC8+,tumor,MDK,PTPRZ1,,,0.00151277398002559,0,NMPR_only
tumor,MRC1+ M2-like,MDK,ITGA4_ITGB1,,,0.0180584975117645,0,NMPR_only
tumor,M2-SIGLEC8+,MDK,ITGA6_ITGB1,,,0.0132525635051443,0,NMPR_only
tumor,Resident M2,EDN1,EDNRB,,,0.000677720539248691,0,NMPR_only
tumor,M2-SIGLEC8+,SEMA3F,NRP2_PLXNA1,,,0.00101788613656181,0,NMPR_only
tumor,MRC1+ M2-like,SEMA3F,NRP2_PLXNA1,,,0.000934763846112225,0,NMPR_only
tumor,M2-SIGLEC8+,SEMA3F,NRP2_PLXNA3,,,0.000899544306950851,0,NMPR_only
tumor,MRC1+ M2-like,SEMA3F,NRP2_PLXNA3,,,0.000811821413116552,0,NMPR_only
tumor,IFN-stimulated,ANXA1,FPR2,,,0.0160880105189052,0,NMPR_only
tumor,IFN-stimulated,ANXA1,FPR2_LXA4,,,0.0489005900031633,0,NMPR_only
tumor,IFN-stimulated,MT-RNR2,FPR2,,,0.0305733893208189,0,NMPR_only
tumor,Resident M2,NTS,SORT1,,,0.00512130040106629,0,NMPR_only
tumor,MRC1+ M2-like,PROS1,MERTK,,,0.000863365955492571,0,NMPR_only
SPP1+ immunosuppressive,tumor,COL1A1,ITGA2_ITGB1,,,0.00450399126350892,0,NMPR_only
SPP1+ immunosuppressive,tumor,COL1A2,ITGA2_ITGB1,,,0.00280271638721845,0,NMPR_only
tumor,M2-SIGLEC8+,LAMA3,ITGA6_ITGB1,,,0.00112343025921983,0,NMPR_only
tumor,M2-SIGLEC8+,LAMA5,ITGA6_ITGB1,,,0.00102219747972247,0,NMPR_only
tumor,M2-SIGLEC8+,LAMC1,ITGA6_ITGB1,,,0.00108310211737139,0,NMPR_only
tumor,M2-SIGLEC8+,LAMC2,ITGA6_ITGB1,,,0.00162705391447231,0,NMPR_only
SPP1+ immunosuppressive,tumor,FN1,ITGAV_ITGB8,,,0.000676977365546965,0,NMPR_only
SPP1+ immunosuppressive,tumor,COL1A1,ITGAV_ITGB8,,,0.000728821502710264,0,NMPR_only
SPP1+ immunosuppressive,tumor,COL1A2,ITGAV_ITGB8,,,0.000452877911058019,0,NMPR_only
SPP1+ immunosuppressive,tumor,COL1A1,CD44,,,0.00713122678765605,0,NMPR_only
SPP1+ immunosuppressive,tumor,COL1A2,CD44,,,0.00444200466679647,0,NMPR_only
SPP1+ immunosuppressive,tumor,COL1A1,SDC1,,,0.0130961364539252,0,NMPR_only
SPP1+ immunosuppressive,tumor,COL1A2,SDC1,,,0.00817603962862927,0,NMPR_only
SPP1+ immunosuppressive,tumor,FN1,SDC1,,,0.0121752720920684,0,NMPR_only
SPP1+ immunosuppressive,tumor,COL1A1,SDC4,,,0.00462082220188163,0,NMPR_only
SPP1+ immunosuppressive,tumor,COL1A2,SDC4,,,0.00287554470768093,0,NMPR_only
tumor,SPP1+ immunosuppressive,COL4A5,SDC4,,,0.00039399416575493,0,NMPR_only
tumor,M2-SIGLEC8+,ADO-NT5E_SLC29A1,ADORA3,,,0.0013615809744612,0,NMPR_only
tumor,SPP1+ immunosuppressive,ADO-NT5E_SLC29A1,ADORA3,,,0.000846398026170016,0,NMPR_only
tumor,M2-SIGLEC8+,PGE2-PTGES2,PTGER2,,,0.000285674191271928,0,NMPR_only
tumor,Resident M2,PGE2-PTGES2,PTGER2,,,0.0005907697191537,0,NMPR_only
tumor,M2-SIGLEC8+,PGE2-PTGES3,PTGER2,,,0.00516941860207212,0,NMPR_only
tumor,Resident M2,PGE2-PTGES3,PTGER2,,,0.0106347916949669,0,NMPR_only
IFN-stimulated,tumor,PGE2-PTGES2,PTGER4,,,0.000673527400427181,0,NMPR_only
Resident M2,tumor,PGE2-PTGES2,PTGER4,,,0.000767860310727635,0,NMPR_only
Resident M2,tumor,DHEA-STS,PPARA,,,0.000800207015353178,0,NMPR_only
tumor,M2-SIGLEC8+,Desmosterol-DHCR7,NR1H2,,,0.00123573045481271,0,NMPR_only
tumor,Resident M2,Desmosterol-DHCR7,NR1H2,,,0.000748836909568344,0,NMPR_only
tumor,M2-SIGLEC8+,CD99,CD99L2,,,0.00966315394821694,0,NMPR_only
tumor,SPP1+ immunosuppressive,CD99,CD99L2,,,0.0027850034516088,0,NMPR_only
tumor,Resident M2,CDH1,CDH1,,,0.0177410200034361,0,NMPR_only
Resident M2,tumor,CDH1,CDH1,,,0.0177410200034361,0,NMPR_only
M2-SIGLEC8+,tumor,CD209,CEACAM1,,,0.000535963814456288,0,NMPR_only
SPP1+ immunosuppressive,tumor,CD209,CEACAM1,,,0.00283869066701114,0,NMPR_only
tumor,SPP1+ immunosuppressive,EFNB1,EPHB2,,,0.000266435325470918,0,NMPR_only
tumor,SPP1+ immunosuppressive,EFNB2,EPHB2,,,0.000975782609100878,0,NMPR_only
tumor,SPP1+ immunosuppressive,F11R,ITGAL_ITGB2,,,0.0258255223916805,0,NMPR_only
Resident M2,tumor,DLL1,NOTCH3,,,0.00291728048653744,0,NMPR_only
tumor,M2-SIGLEC8+,SEMA4A,NRP1_PLXNA1,,,0.000623790677019933,0,NMPR_only
tumor,M2-SIGLEC8+,SEMA4A,NRP1_PLXNA3,,,0.000551242027059025,0,NMPR_only
tumor,IFN-stimulated,SEMA4D,PLXNB2,,,0.0025467339548763,0,NMPR_only
tumor,MRC1+ M2-like,SEMA4D,PLXNB2,,,0.00189907413907373,0,NMPR_only
tumor,SPP1+ immunosuppressive,SEMA4D,PLXNB2,,,0.00234050310528511,0,NMPR_only
tumor,IFN-stimulated,SEMA4D,CD72,,,0.000409751906181278,0,NMPR_only
tumor,M2-SIGLEC8+,SEMA4D,CD72,,,0.00232701723355663,0,NMPR_only
tumor,Resident M2,SEMA4D,CD72,,,0.000915799854790007,0,NMPR_only
tumor,SPP1+ immunosuppressive,SEMA4D,CD72,,,0.000383241129984409,0,NMPR_only
tumor,SPP1+ immunosuppressive,CLDN1,CLDN1,,,0.0142444890575007,0,NMPR_only
SPP1+ immunosuppressive,tumor,CLDN1,CLDN1,,,0.0142444890575007,0,NMPR_only
tumor,IFN-stimulated,CD55,ADGRE5,,,0.00327505163938379,0,NMPR_only
SPP1+ immunosuppressive,tumor,COL3A1,ADGRG1,,,0.00155581405492174,0,NMPR_only
Resident M2,tumor,TGM2,ADGRG1,,,0.00563681182587306,0,NMPR_only
SPP1+ immunosuppressive,tumor,TGM2,ADGRG1,,,0.00186211919098814,0,NMPR_only
MRC1+ M2-like,tumor,LRFN4,PTPRF,,,0.00271449117888463,0,NMPR_only
tumor,MRC1+ M2-like,APP,TNFRSF21,,,0.00522607390215931,0,NMPR_only
IFN-stimulated,normal,HBEGF,EGFR_ERBB2,,,0.00239933117973495,0,NMPR_only
M2-SIGLEC8+,normal,HBEGF,EGFR_ERBB2,,,0.00346371089789098,0,NMPR_only
MRC1+ M2-like,normal,HBEGF,EGFR_ERBB2,,,0.00234869364413235,0,NMPR_only
Resident M2,normal,HBEGF,EGFR_ERBB2,,,0.00245656043954253,0,NMPR_only
SPP1+ immunosuppressive,normal,HBEGF,EGFR_ERBB2,,,0.0053595316846816,0,NMPR_only
normal,IFN-stimulated,VEGFA,FLT1,,,0.00497535328438445,0,NMPR_only
normal,IFN-stimulated,VEGFB,FLT1,,,0.00102527030791427,0,NMPR_only
M2-SIGLEC8+,normal,IGF1,ITGA6_ITGB4,,,0.000542359132709425,0,NMPR_only
SPP1+ immunosuppressive,normal,IGF1,ITGA6_ITGB4,,,0.000504736426433505,0,NMPR_only
Resident M2,normal,OSM,OSMR_IL6ST,,,0.00647002466777559,0,NMPR_only
SPP1+ immunosuppressive,normal,TNF,TNFRSF1A,,,0.00512260703533919,0,NMPR_only
IFN-stimulated,normal,TNFSF12,TNFRSF12A,,,0.00450382450293555,0,NMPR_only
M2-SIGLEC8+,normal,TNFSF12,TNFRSF12A,,,0.00618905209192795,0,NMPR_only
MRC1+ M2-like,normal,TNFSF12,TNFRSF12A,,,0.00724074228719072,0,NMPR_only
Resident M2,normal,TNFSF12,TNFRSF12A,,,0.00562683882314319,0,NMPR_only
SPP1+ immunosuppressive,normal,TNFSF12,TNFRSF12A,,,0.00594612115017993,0,NMPR_only
IFN-stimulated,normal,SPP1,CD44,,,0.0299041649591359,0,NMPR_only
SPP1+ immunosuppressive,normal,SPP1,CD44,,,0.020634919521903,0,NMPR_only
IFN-stimulated,normal,SPP1,ITGAV_ITGB1,,,0.0281572158607546,0,NMPR_only
MRC1+ M2-like,normal,SPP1,ITGAV_ITGB1,,,0.0102582311253075,0,NMPR_only
SPP1+ immunosuppressive,normal,SPP1,ITGAV_ITGB1,,,0.0194186243674235,0,NMPR_only
IFN-stimulated,normal,SPP1,ITGAV_ITGB6,,,0.0107217386972308,0,NMPR_only
MRC1+ M2-like,normal,SPP1,ITGAV_ITGB6,,,0.00386209634575821,0,NMPR_only
SPP1+ immunosuppressive,normal,SPP1,ITGAV_ITGB6,,,0.00735330497366124,0,NMPR_only
Resident M2,normal,RETN,CAP1,,,0.00356802586333709,0,NMPR_only
normal,IFN-stimulated,MDK,SDC2,,,0.00153666819514403,0,NMPR_only
normal,M2-SIGLEC8+,MDK,SDC2,,,0.00358079954119714,0,NMPR_only
normal,Resident M2,MDK,SDC2,,,0.00184323888711077,0,NMPR_only
normal,MRC1+ M2-like,MDK,ITGA4_ITGB1,,,0.00429515251949106,0,NMPR_only
normal,M2-SIGLEC8+,MDK,ITGA6_ITGB1,,,0.00314036313161479,0,NMPR_only
normal,IFN-stimulated,ANXA1,FPR2,,,0.00697870957365249,0,NMPR_only
normal,IFN-stimulated,SAA1,FPR2,,,0.000524304975126669,0,NMPR_only
normal,IFN-stimulated,ANXA1,FPR2_LXA4,,,0.0216205133549115,0,NMPR_only
normal,IFN-stimulated,MT-RNR2,FPR2,,,0.0275699047546028,0,NMPR_only
normal,IFN-stimulated,IGFBP3,TMEM219,,,0.01266962079686,0,NMPR_only
normal,M2-SIGLEC8+,IGFBP3,TMEM219,,,0.0155981666683237,0,NMPR_only
normal,MRC1+ M2-like,IGFBP3,TMEM219,,,0.0169219594647433,0,NMPR_only
normal,Resident M2,IGFBP3,TMEM219,,,0.015259841600739,0,NMPR_only
normal,SPP1+ immunosuppressive,IGFBP3,TMEM219,,,0.0114280590915767,0,NMPR_only
normal,Resident M2,PPIA,BSG,,,0.0810108169142007,0,NMPR_only
normal,IFN-stimulated,PLAU,PLAUR,,,0.0102102233602699,0,NMPR_only
Resident M2,normal,PLAU,PLAUR,,,0.0120889661665361,0,NMPR_only
SPP1+ immunosuppressive,normal,PLAU,PLAUR,,,0.0192599548566559,0,NMPR_only
normal,Resident M2,PLAU,PLAUR,,,0.0128047683729881,0,NMPR_only
SPP1+ immunosuppressive,normal,COL1A1,ITGA2_ITGB1,,,0.00218817416330418,0,NMPR_only
SPP1+ immunosuppressive,normal,COL1A2,ITGA2_ITGB1,,,0.00136044832815627,0,NMPR_only
SPP1+ immunosuppressive,normal,FN1,ITGA3_ITGB1,,,0.00298048422763401,0,NMPR_only
SPP1+ immunosuppressive,normal,COL1A1,ITGA3_ITGB1,,,0.00320816871345517,0,NMPR_only
SPP1+ immunosuppressive,normal,COL1A2,ITGA3_ITGB1,,,0.0019953786953081,0,NMPR_only
normal,M2-SIGLEC8+,LAMA5,ITGA6_ITGB1,,,0.00178660086155375,0,NMPR_only
normal,MRC1+ M2-like,LAMA5,ITGA6_ITGB1,,,0.00439042059342726,0,NMPR_only
normal,M2-SIGLEC8+,LAMB3,ITGA6_ITGB1,,,0.00363386313979645,0,NMPR_only
normal,MRC1+ M2-like,LAMB3,ITGA6_ITGB1,,,0.00890589188012093,0,NMPR_only
normal,M2-SIGLEC8+,LAMC1,ITGA6_ITGB1,,,0.00103215145171207,0,NMPR_only
normal,MRC1+ M2-like,LAMC1,ITGA6_ITGB1,,,0.0025392219324249,0,NMPR_only
normal,M2-SIGLEC8+,LAMC2,ITGA6_ITGB1,,,0.00319088559990398,0,NMPR_only
normal,MRC1+ M2-like,LAMC2,ITGA6_ITGB1,,,0.00782528752812269,0,NMPR_only
IFN-stimulated,normal,FN1,ITGAV_ITGB1,,,0.0228768432137997,0,NMPR_only
MRC1+ M2-like,normal,FN1,ITGAV_ITGB1,,,0.0242249944287276,0,NMPR_only
IFN-stimulated,normal,FN1,ITGAV_ITGB6,,,0.00868186241849396,0,NMPR_only
MRC1+ M2-like,normal,FN1,ITGAV_ITGB6,,,0.00920136907820651,0,NMPR_only
SPP1+ immunosuppressive,normal,FN1,ITGAV_ITGB6,,,0.000604015349395284,0,NMPR_only
SPP1+ immunosuppressive,normal,COL1A1,CD44,,,0.0018473415140322,0,NMPR_only
SPP1+ immunosuppressive,normal,COL1A2,CD44,,,0.0011483948697525,0,NMPR_only
normal,IFN-stimulated,LAMA5,CD44,,,0.0125783440965217,0,NMPR_only
normal,M2-SIGLEC8+,LAMA5,CD44,,,0.0116903162253829,0,NMPR_only
normal,MRC1+ M2-like,LAMA5,CD44,,,0.00973208561818038,0,NMPR_only
normal,Resident M2,LAMA5,CD44,,,0.013668231324164,0,NMPR_only
normal,SPP1+ immunosuppressive,LAMA5,CD44,,,0.00860440628102223,0,NMPR_only
normal,IFN-stimulated,LAMB3,CD44,,,0.025300950093977,0,NMPR_only
normal,M2-SIGLEC8+,LAMB3,CD44,,,0.0235361192393189,0,NMPR_only
normal,MRC1+ M2-like,LAMB3,CD44,,,0.0196330307854454,0,NMPR_only
normal,Resident M2,LAMB3,CD44,,,0.0274625645088962,0,NMPR_only
normal,SPP1+ immunosuppressive,LAMB3,CD44,,,0.0173782390061846,0,NMPR_only
normal,IFN-stimulated,LAMC1,CD44,,,0.00730006270915941,0,NMPR_only
normal,M2-SIGLEC8+,LAMC1,CD44,,,0.00678212063188614,0,NMPR_only
normal,MRC1+ M2-like,LAMC1,CD44,,,0.00564136288133576,0,NMPR_only
normal,Resident M2,LAMC1,CD44,,,0.00793627379394958,0,NMPR_only
normal,SPP1+ immunosuppressive,LAMC1,CD44,,,0.00498529881479752,0,NMPR_only
normal,IFN-stimulated,LAMC2,CD44,,,0.0222757482421246,0,NMPR_only
normal,M2-SIGLEC8+,LAMC2,CD44,,,0.0207174506810397,0,NMPR_only
normal,MRC1+ M2-like,LAMC2,CD44,,,0.0172735244707493,0,NMPR_only
normal,Resident M2,LAMC2,CD44,,,0.0241853144515616,0,NMPR_only
normal,SPP1+ immunosuppressive,LAMC2,CD44,,,0.0152854895228763,0,NMPR_only
SPP1+ immunosuppressive,normal,COL1A1,SDC1,,,0.00549868734505505,0,NMPR_only
SPP1+ immunosuppressive,normal,COL1A2,SDC1,,,0.00342298174699732,0,NMPR_only
SPP1+ immunosuppressive,normal,FN1,SDC1,,,0.00510927744524434,0,NMPR_only
SPP1+ immunosuppressive,normal,COL1A1,SDC4,,,0.00484396191284484,0,NMPR_only
SPP1+ immunosuppressive,normal,COL1A2,SDC4,,,0.00301466014394472,0,NMPR_only
normal,M2-SIGLEC8+,ADO-NT5E_SLC29A1,ADORA3,,,0.00105029224173249,0,NMPR_only
normal,SPP1+ immunosuppressive,ADO-NT5E_SLC29A1,ADORA3,,,0.000652814971621415,0,NMPR_only
normal,M2-SIGLEC8+,PGE2-PTGES,PTGER2,,,0.000357507666559658,0,NMPR_only
normal,Resident M2,PGE2-PTGES,PTGER2,,,0.000739263482105128,0,NMPR_only
normal,M2-SIGLEC8+,PGE2-PTGES3,PTGER2,,,0.00276042910858094,0,NMPR_only
normal,Resident M2,PGE2-PTGES3,PTGER2,,,0.0056934716914377,0,NMPR_only
normal,IFN-stimulated,PGE2-PTGES,PTGER4,,,0.000814421596080608,0,NMPR_only
normal,M2-SIGLEC8+,PGE2-PTGES,PTGER4,,,0.00339148943237618,0,NMPR_only
normal,MRC1+ M2-like,PGE2-PTGES,PTGER4,,,0.00215644718761305,0,NMPR_only
normal,Resident M2,PGE2-PTGES,PTGER4,,,0.000857455104494433,0,NMPR_only
normal,SPP1+ immunosuppressive,PGE2-PTGES,PTGER4,,,0.00338505624579809,0,NMPR_only
normal,Resident M2,CD99,PILRA,,,0.0310765361222015,0,NMPR_only
normal,M2-SIGLEC8+,CD99,CD99L2,,,0.00950668269054794,0,NMPR_only
normal,SPP1+ immunosuppressive,CD99,CD99L2,,,0.00273959899972962,0,NMPR_only
normal,IFN-stimulated,CDH1,CDH1,,,0.00212747912095705,0,NMPR_only
IFN-stimulated,normal,CDH1,CDH1,,,0.00212747912095705,0,NMPR_only
Resident M2,normal,CDH1,CDH1,,,0.0078929365077621,0,NMPR_only
normal,Resident M2,CDH1,CDH1,,,0.0078929365077621,0,NMPR_only
IFN-stimulated,normal,CDH1,ITGA2_ITGB1,,,0.00196343344927806,0,NMPR_only
M2-SIGLEC8+,normal,CDH1,ITGA2_ITGB1,,,0.0119901449104088,0,NMPR_only
MRC1+ M2-like,normal,CDH1,ITGA2_ITGB1,,,0.00490784308173288,0,NMPR_only
Resident M2,normal,CDH1,ITGA2_ITGB1,,,0.00728757460912711,0,NMPR_only
SPP1+ immunosuppressive,normal,CDH1,ITGA2_ITGB1,,,0.00159181424039984,0,NMPR_only
normal,SPP1+ immunosuppressive,ICAM1,ITGAL_ITGB2,,,0.00528967256326994,0,NMPR_only
normal,SPP1+ immunosuppressive,F11R,ITGAL_ITGB2,,,0.0130251590381464,0,NMPR_only
Resident M2,normal,F11R,F11R,,,0.00481460305439608,0,NMPR_only
normal,Resident M2,F11R,F11R,,,0.00481460305439608,0,NMPR_only
Resident M2,normal,DLL1,NOTCH3,,,0.000695795940238798,0,NMPR_only
SPP1+ immunosuppressive,normal,SEMA4D,PLXNB2,,,0.00122118960591048,0,NMPR_only
SPP1+ immunosuppressive,normal,CLDN1,CLDN1,,,0.00115870994768684,0,NMPR_only
normal,SPP1+ immunosuppressive,CLDN1,CLDN1,,,0.00115870994768684,0,NMPR_only
normal,IFN-stimulated,ITGAV_ITGB1,ADGRE2,,,0.00615986876813329,0,NMPR_only
normal,M2-SIGLEC8+,ITGAV_ITGB1,ADGRE2,,,0.00369067363077779,0,NMPR_only
normal,Resident M2,ITGAV_ITGB1,ADGRE2,,,0.00655204846609626,0,NMPR_only
normal,SPP1+ immunosuppressive,CD55,ADGRE5,,,0.00539023681225164,0,NMPR_only
normal,IFN-stimulated,ITGAV_ITGB1,ADGRE5,,,0.00699872900816692,0,NMPR_only
normal,MRC1+ M2-like,ITGAV_ITGB1,ADGRE5,,,0.0101232896562881,0,NMPR_only
MRC1+ M2-like,normal,LRFN4,PTPRF,,,0.00179368808977164,0,NMPR_only
normal,MRC1+ M2-like,APP,TNFRSF21,,,0.00445314415086186,0,NMPR_only
Resident M2,Ciliated,F11R,F11R,,,0.00673782633329801,0.01,NMPR_only
Ciliated,Resident M2,F11R,F11R,,,0.00673782633329801,0.01,NMPR_only
MRC1+ M2-like,tumor,PGE2-PTGES2,PTGER4,,,0.000439828654244542,0.01,NMPR_only
M2-SIGLEC8+,normal,MDK,SDC1,,,0.00177466289979898,0.01,NMPR_only
M2-SIGLEC8+,normal,PLAU,PLAUR,,,0.0155111933752221,0.01,NMPR_only
normal,SPP1+ immunosuppressive,PLAU,PLAUR,,,0.0102493677346916,0.01,NMPR_only
Resident M2,normal,PPIA,BSG,,,0.0688772699083408,0.02,NMPR_only
normal,M2-SIGLEC8+,PLAU,PLAUR,,,0.0113194183195699,0.02,NMPR_only
MRC1+ M2-like,Ciliated,SPP1,ITGAV_ITGB1,,,0.00433937138761126,0.03,NMPR_only
SPP1+ immunosuppressive,Ciliated,HLA-DRB5,CD4,,,0.00529492662641944,0.04,NMPR_only
Resident M2,Ciliated,MPZL1,MPZL1,,,0.000454517395929949,0.04,NMPR_only
Ciliated,Resident M2,MPZL1,MPZL1,,,0.000454517395929949,0.04,NMPR_only
Resident M2,Ciliated,CD55,ADGRE5,,,0.00316063422187951,0.04,NMPR_only
SPP1+ immunosuppressive,tumor,FN1,SDC4,,,0.00429331318400731,0.04,NMPR_only
tumor,M2-SIGLEC8+,SEMA4D,PLXNB2,,,0.00162347085191213,0.04,NMPR_only
SPP1+ immunosuppressive,normal,FN1,SDC4,,,0.00450070898090347,0.04,NMPR_only
normal,SPP1+ immunosuppressive,ITGAV_ITGB1,ADGRE2,,,0.00220435131593726,0.04,NMPR_only
