source,target,ligand,receptor,p_value,median_MPR,median_nonMPR,n_MPR,n_nonMPR,p_adj
TREM2+/APOE+ lipid-associated immunosuppressive TAMs (LAMs),CD8.TEX,LGALS3,LAG3,0.000421965305871385,1.83428648850768,2.95806076454578,10,39,0.162667625413419
TREM2+/APOE+ lipid-associated immunosuppressive TAMs (LAMs),CD8.TPEX,S100A8,CD69,0.000273796404863075,0.531118074145283,2.18642938436447,10,40,0.162667625413419
Classical monocyte-derived TAMs (S100A8+/S100A9+/CCR2+),CD8.TEX,HLA-DPA1,LAG3,0.00675196221066001,3.6705781377901,4.87215841436912,7,36,0.285603893509947
IFN-stimulated immunomodulatory TAMs (ISG-high/PD-L1+/IDO1+),CD8.TEX,HLA-DPA1,LAG3,0.00320505320953122,3.11753909433363,4.66297026816215,7,36,0.285603893509947
IFN-stimulated immunomodulatory TAMs (ISG-high/PD-L1+/IDO1+),CD8.TEX,HLA-DRB1,LAG3,0.00599780648740257,3.65851359164472,5.27806672203314,7,36,0.285603893509947
Inflammatory monocyte-derived TAMs (FCN1+/S100A8+),CD8.TEX,LGALS3,LAG3,0.00726489640515644,1.61466821978802,3.21608262834696,9,39,0.285603893509947
IFN-stimulated immunomodulatory TAMs (ISG-high/PD-L1+/IDO1+),CD8.TEX,HLA-DQA1,LAG3,0.00185358083080267,1.81230656115632,3.65639833122158,7,36,0.285603893509947
Tissue-resident immunosuppressive TAMs (anti-inflammatory/M2-like),CD8.TEX,CD86,CTLA4,0.00740866131024505,0.680427119264111,1.20614496290841,9,38,0.285603893509947
CD8.TEX,IFN-stimulated immunomodulatory TAMs (ISG-high/PD-L1+/IDO1+),CCL5,CCRL2,0.00461223197987562,0.3434257273817,2.05099602201733,7,36,0.285603893509947
CD8.TEX,Stress-response immunosuppressive TAMs (MARCO+/PPARG+/HSP-high),CCL5,CCRL2,0.00391856828327765,0,1.60758936527651,7,36,0.285603893509947
Classical monocyte-derived TAMs (S100A8+/S100A9+/CCR2+),CD8.TEX,LGALS3,LAG3,0.00470132398364777,1.1402912788874,2.45845401832423,7,36,0.285603893509947
IFN-stimulated immunomodulatory TAMs (ISG-high/PD-L1+/IDO1+),CD8.TEX,CCL8,CCR5,0.00552322965084931,0,0.031560166047784,7,36,0.285603893509947
CD8.TPEX,IFN-stimulated immunomodulatory TAMs (ISG-high/PD-L1+/IDO1+),CCL5,CCRL2,0.00627933958051102,0.272525978228529,1.23962014453059,7,37,0.285603893509947
CD8.TEX,Stress-response immunosuppressive TAMs (MARCO+/PPARG+/HSP-high),IFNG,IFNGR1_IFNGR2,0.00365055808826893,0.571506117329928,0.996905182728844,7,36,0.285603893509947
CD8.TEX,TREM2+/APOE+ lipid-associated immunosuppressive TAMs (LAMs),CCL5,CCRL2,0.00480806420612521,0.272531163466151,0.562349284510551,10,39,0.285603893509947
TREM2+/APOE+ lipid-associated immunosuppressive TAMs (LAMs),CD8.TEX,CD86,CTLA4,0.00155796184985906,0.442474803839849,0.982810411893113,10,39,0.285603893509947
CD8.TEX,Tissue-resident immunosuppressive TAMs (anti-inflammatory/M2-like),GZMB,IGF2R,0.00224866675895399,0.361672327298349,1.09620277095046,9,38,0.285603893509947
Inflammatory monocyte-derived TAMs (FCN1+/S100A8+),CD8.TEX,TGM2,ADGRG1,0.00555869105070092,0,0.15509190113206,9,39,0.285603893509947
CD8.TPEX,Stress-response immunosuppressive TAMs (MARCO+/PPARG+/HSP-high),CCL5,CCRL2,0.00380876008484955,0,1.23414911456639,7,37,0.285603893509947
TREM2+/APOE+ lipid-associated immunosuppressive TAMs (LAMs),CD8.TPEX,CD86,CTLA4,0.00708564491237817,0.362532387403408,0.959559278454316,10,40,0.285603893509947
Stress-response immunosuppressive TAMs (MARCO+/PPARG+/HSP-high),CD8.TPEX,APP,RPSA,0.00846286822215983,0.247533245411371,1.33968264674814,7,37,0.310708161870725
Classical monocyte-derived TAMs (S100A8+/S100A9+/CCR2+),CD8.TEX,HLA-DRA,LAG3,0.0263389708713171,4.72904153767402,5.98306836080688,7,36,0.410415729709076
Tissue-resident immunosuppressive TAMs (anti-inflammatory/M2-like),CD8.TEX,HLA-DRA,LAG3,0.0321036608436723,4.6296260946114,5.72455106394363,9,38,0.410415729709076
Classical monocyte-derived TAMs (S100A8+/S100A9+/CCR2+),CD8.TEX,HLA-DRB1,LAG3,0.0146044667046548,3.74252811398418,5.52695721510981,7,36,0.410415729709076
IFN-stimulated immunomodulatory TAMs (ISG-high/PD-L1+/IDO1+),CD8.TEX,HLA-DRA,LAG3,0.0131566689467397,4.5799218387895,5.83339385037612,7,36,0.410415729709076
Tissue-resident immunosuppressive TAMs (anti-inflammatory/M2-like),CD8.TEX,HLA-DRB1,LAG3,0.0204388577222496,4.16655906001526,5.40013448774356,9,38,0.410415729709076
Classical monocyte-derived TAMs (S100A8+/S100A9+/CCR2+),CD8.TEX,HLA-DPB1,LAG3,0.0197638948273333,3.78765872557012,4.5272882526079,7,36,0.410415729709076
Inflammatory monocyte-derived TAMs (FCN1+/S100A8+),CD8.TEX,HLA-DRA,LAG3,0.0155449840685146,3.86377179582602,5.29821617914864,9,39,0.410415729709076
CD8.TPEX,Classical monocyte-derived TAMs (S100A8+/S100A9+/CCR2+),TNFSF9,HLA-DPA1,0.0170990239284171,1.30105076004847,2.27275065114381,7,37,0.410415729709076
IFN-stimulated immunomodulatory TAMs (ISG-high/PD-L1+/IDO1+),CD8.TPEX,HLA-DRA,LAG3,0.0291080666190893,2.85310751289754,4.66977814700734,7,37,0.410415729709076
IFN-stimulated immunomodulatory TAMs (ISG-high/PD-L1+/IDO1+),CD8.TEX,HLA-DQB1,LAG3,0.0146044667046548,2.54217006530915,3.19058572719956,7,36,0.410415729709076
Inflammatory monocyte-derived TAMs (FCN1+/S100A8+),CD8.TEX,HLA-DRB1,LAG3,0.0155449840685146,3.50693570038134,4.87714996751328,9,39,0.410415729709076
IFN-stimulated immunomodulatory TAMs (ISG-high/PD-L1+/IDO1+),CD8.TEX,HLA-DPB1,LAG3,0.0288917175504034,3.23018650335337,4.42816130134719,7,36,0.410415729709076
Inflammatory monocyte-derived TAMs (FCN1+/S100A8+),CD8.TEX,HLA-DPA1,LAG3,0.0246560934252815,3.00952116874761,4.04408382093736,9,39,0.410415729709076
IFN-stimulated immunomodulatory TAMs (ISG-high/PD-L1+/IDO1+),CD8.TEX,CD274,PDCD1,0.0277044874653152,0,0.247595938695095,7,36,0.410415729709076
Inflammatory monocyte-derived TAMs (FCN1+/S100A8+),CD8.TEX,HLA-DQB1,LAG3,0.0285378799764337,2.10396042214634,2.61260359117663,9,39,0.410415729709076
IFN-stimulated immunomodulatory TAMs (ISG-high/PD-L1+/IDO1+),CD8.TPEX,HLA-DQB1,LAG3,0.0315606463431662,1.83109829438197,2.49265245100038,7,37,0.410415729709076
TREM2+/APOE+ lipid-associated immunosuppressive TAMs (LAMs),CD8.TEX,SPP1,PTGER4,0.0152614077100481,0.0387124073680416,1.12101556490776,10,39,0.410415729709076
IFN-stimulated immunomodulatory TAMs (ISG-high/PD-L1+/IDO1+),CD8.TPEX,HLA-DPA1,LAG3,0.0315606463431662,2.26146038840658,3.70707565922327,7,37,0.410415729709076
TREM2+/APOE+ lipid-associated immunosuppressive TAMs (LAMs),CD8.TEX,HLA-DRA,LAG3,0.030320091107891,4.47069483241753,5.66536645728575,10,39,0.410415729709076
Tissue-resident immunosuppressive TAMs (anti-inflammatory/M2-like),CD8.TEX,ICAM1,IL2RG,0.0295153800066383,0.87391127454123,1.00736266763584,9,38,0.410415729709076
CD8.TEX,Tissue-resident immunosuppressive TAMs (anti-inflammatory/M2-like),HLA-F,LILRB2,0.0315951052522261,0.948087199114129,0.57187256893182,9,38,0.410415729709076
Tissue-resident immunosuppressive TAMs (anti-inflammatory/M2-like),CD8.TPEX,CD86,CTLA4,0.0145260045297332,0.699887062416106,1.37135569436493,9,39,0.410415729709076
IFN-stimulated immunomodulatory TAMs (ISG-high/PD-L1+/IDO1+),CD8.TPEX,HLA-DQA1,LAG3,0.0161000512875789,1.4411124134386,2.79465257573225,7,37,0.410415729709076
IFN-stimulated immunomodulatory TAMs (ISG-high/PD-L1+/IDO1+),CD8.TEX,CD80,CTLA4,0.0337121271578472,0.0989203018111023,0.386228162132774,7,36,0.410415729709076
IFN-stimulated immunomodulatory TAMs (ISG-high/PD-L1+/IDO1+),CD8.TEX,CXCL11,CCR5,0.0304167511951146,0,0.126279454092422,7,36,0.410415729709076
TREM2+/APOE+ lipid-associated immunosuppressive TAMs (LAMs),CD8.TEX,HLA-DRB1,LAG3,0.0345886700223579,4.05258703507804,5.13571929763118,10,39,0.410415729709076
CD8.TEX,Tissue-resident immunosuppressive TAMs (anti-inflammatory/M2-like),CCL5,CCRL2,0.0179912843977996,0.828228796201367,1.67295461452236,9,38,0.410415729709076
CD8.TEX,Classical monocyte-derived TAMs (S100A8+/S100A9+/CCR2+),CD52,SIGLEC10,0.0182626828809642,0,0.940860933571616,7,36,0.410415729709076
CD8.TPEX,Classical monocyte-derived TAMs (S100A8+/S100A9+/CCR2+),CD99,PILRA,0.0133691151198523,0.906099739687436,1.54062533550406,7,37,0.410415729709076
IFN-stimulated immunomodulatory TAMs (ISG-high/PD-L1+/IDO1+),CD8.TEX,CD86,CTLA4,0.0346005479002464,0.622373660050204,1.27869033516422,7,36,0.410415729709076
CD8.TPEX,IFN-stimulated immunomodulatory TAMs (ISG-high/PD-L1+/IDO1+),TIGIT,NECTIN2,0.0287964997018388,0.276802197813197,0.723255688329488,7,37,0.410415729709076
IFN-stimulated immunomodulatory TAMs (ISG-high/PD-L1+/IDO1+),CD8.TPEX,NECTIN2,TIGIT,0.0287964997018388,0.276802197813197,0.723255688329488,7,37,0.410415729709076
CD8.TEX,TREM2+/APOE+ lipid-associated immunosuppressive TAMs (LAMs),CCL5,CCR1,0.032887676673641,0.781670236130829,1.30053892250828,10,39,0.410415729709076
CD8.TEX,IFN-stimulated immunomodulatory TAMs (ISG-high/PD-L1+/IDO1+),HLA-C,LILRB1,0.031050834380876,0.510504758985132,2.41386627258943,7,36,0.410415729709076
CD8.TEX,IFN-stimulated immunomodulatory TAMs (ISG-high/PD-L1+/IDO1+),HLA-A,LILRB1,0.0337121271578472,0.555128194983864,2.71815484157401,7,36,0.410415729709076
Tissue-resident immunosuppressive TAMs (anti-inflammatory/M2-like),CD8.TPEX,HBEGF,CD82,0.0345688522730669,0.603629147440824,0.97976421466063,9,39,0.410415729709076
Tissue-resident immunosuppressive TAMs (anti-inflammatory/M2-like),CD8.TEX,HBEGF,CD82,0.0238511388784528,0.659223805900172,1.04209784952388,9,38,0.410415729709076
CD8.TEX,IFN-stimulated immunomodulatory TAMs (ISG-high/PD-L1+/IDO1+),HLA-B,LILRB1,0.0221310897908255,0.607150237909053,2.80716646949177,7,36,0.410415729709076
TREM2+/APOE+ lipid-associated immunosuppressive TAMs (LAMs),CD8.TPEX,HLA-E,CD8A,0.0322979861438079,3.57789265877466,4.89761361177616,10,40,0.410415729709076
CD8.TPEX,Classical monocyte-derived TAMs (S100A8+/S100A9+/CCR2+),CD52,SIGLEC10,0.0199666381450811,0,0.654454095496832,7,37,0.410415729709076
IFN-stimulated immunomodulatory TAMs (ISG-high/PD-L1+/IDO1+),CD8.TEX,LGALS9,HAVCR2,0.0203324497380672,0.387036965480747,0.708723100470739,7,36,0.410415729709076
CD8.TEX,IFN-stimulated immunomodulatory TAMs (ISG-high/PD-L1+/IDO1+),HMGB1,TLR2,0.0178111515488139,0.164533802983293,1.44914183995747,7,36,0.410415729709076
Tissue-resident immunosuppressive TAMs (anti-inflammatory/M2-like),CD8.TEX,CD80,CTLA4,0.0221185518460187,0.0588301237301239,0.231034680094666,9,38,0.410415729709076
Classical monocyte-derived TAMs (S100A8+/S100A9+/CCR2+),CD8.TEX,CXCL10,CXCR3,0.0306326524814746,0,0.416779444342962,7,36,0.410415729709076
Classical monocyte-derived TAMs (S100A8+/S100A9+/CCR2+),CD8.TPEX,ADAM10,CD44,0.0368743816280516,1.17117807204058,0.634904568513845,7,37,0.424330570675042
Classical monocyte-derived TAMs (S100A8+/S100A9+/CCR2+),CD8.TEX,TNFSF13,FAS,0.036679631940642,0.189240444973204,0.399961083468104,7,36,0.424330570675042
CD8.TEX,IFN-stimulated immunomodulatory TAMs (ISG-high/PD-L1+/IDO1+),TIGIT,NECTIN2,0.0395113627002521,0.151900357594588,0.757673515697797,7,36,0.429060009040765
IFN-stimulated immunomodulatory TAMs (ISG-high/PD-L1+/IDO1+),CD8.TEX,NECTIN2,TIGIT,0.0395113627002521,0.151900357594588,0.757673515697797,7,36,0.429060009040765
IFN-stimulated immunomodulatory TAMs (ISG-high/PD-L1+/IDO1+),CD8.TPEX,TGFB1,CXCR4,0.0380341439615404,3.90889274203451,2.79607097568367,7,37,0.429060009040765
Tissue-resident immunosuppressive TAMs (anti-inflammatory/M2-like),CD8.TEX,HLA-DQB2,LAG3,0.0384131223099111,0.134447798861533,0.306128762953436,9,38,0.429060009040765
Stress-response immunosuppressive TAMs (MARCO+/PPARG+/HSP-high),CD8.TEX,LGALS3,LAG3,0.0411882852698448,2.19176379348293,2.97783043373317,7,36,0.429137404635816
Proliferating TAMs (cycling/MKI67+),CD8.TEX,HLA-DPA1,LAG3,0.0400812788583686,2.34915660626237,4.50355812828586,7,31,0.429137404635816
Tissue-resident immunosuppressive TAMs (anti-inflammatory/M2-like),CD8.TPEX,CD80,CTLA4,0.0407412298311325,0.0595344604672227,0.214974813886406,9,39,0.429137404635816
Tissue-resident immunosuppressive TAMs (anti-inflammatory/M2-like),CD8.TEX,HLA-DPB1,LAG3,0.042571994568712,3.40091121882439,4.4340614595576,9,38,0.437640104166359
IFN-stimulated immunomodulatory TAMs (ISG-high/PD-L1+/IDO1+),CD8.TPEX,HLA-DRB1,LAG3,0.0432200465329349,2.72971252165107,4.15129823106656,7,37,0.438455998380168
IFN-stimulated immunomodulatory TAMs (ISG-high/PD-L1+/IDO1+),CD8.TEX,RETN,GPR25,0.0445731417075379,0,0.0914311029880381,7,36,0.441344644118227
CD8.TPEX,IFN-stimulated immunomodulatory TAMs (ISG-high/PD-L1+/IDO1+),B2M,LILRB1,0.0446496527123498,0.714292120727658,3.31448873754437,7,37,0.441344644118227
Classical monocyte-derived TAMs (S100A8+/S100A9+/CCR2+),CD8.TEX,RETN,GPR25,0.0462843904342409,0,0.160045870150589,7,36,0.451712215503794
TREM2+/APOE+ lipid-associated immunosuppressive TAMs (LAMs),CD8.TPEX,SPP1,ITGA4_ITGB1,0.047436150394623,0.15039385610927,0.720683132126279,10,40,0.451839850024695
Proliferating TAMs (cycling/MKI67+),CD8.TEX,HLA-DRA,LAG3,0.0486416440363809,3.90155453387506,5.32901698509203,7,31,0.451839850024695
CD8.TPEX,IFN-stimulated immunomodulatory TAMs (ISG-high/PD-L1+/IDO1+),HLA-B,LILRB1,0.0481759490920432,0.594734508359066,2.77789811386755,7,37,0.451839850024695
CD8.TPEX,Classical monocyte-derived TAMs (S100A8+/S100A9+/CCR2+),TNFSF14,LTBR,0.0479368212370059,0,0.118351676079437,7,37,0.451839850024695
CD8.TEX,IFN-stimulated immunomodulatory TAMs (ISG-high/PD-L1+/IDO1+),B2M,LILRB1,0.0501261476652617,0.733822129774589,3.6262452456924,7,36,0.460086426784724
TREM2+/APOE+ lipid-associated immunosuppressive TAMs (LAMs),CD8.TEX,SPP1,ITGA4_ITGB1,0.051160241447465,0.380250296787032,1.01792641881331,10,39,0.464053484188182
Tissue-resident immunosuppressive TAMs (anti-inflammatory/M2-like),CD8.TPEX,HLA-DRA,LAG3,0.0521397900219274,2.78689819276257,4.63707289546769,9,39,0.467439280312861
TREM2+/APOE+ lipid-associated immunosuppressive TAMs (LAMs),CD8.TEX,HLA-A,CD8A,0.0535875991566922,7.3798127878222,8.06495630171387,10,39,0.467560062490681
IFN-stimulated immunomodulatory TAMs (ISG-high/PD-L1+/IDO1+),CD8.TEX,NECTIN2,CD96,0.0539725623367971,0.357430158179895,0.921559634285576,7,36,0.467560062490681
IFN-stimulated immunomodulatory TAMs (ISG-high/PD-L1+/IDO1+),CD8.TPEX,NECTIN2,CD96,0.0539020934891742,0.257365519764603,0.838894937557159,7,37,0.467560062490681
IFN-stimulated immunomodulatory TAMs (ISG-high/PD-L1+/IDO1+),CD8.TEX,CXCL11,CXCR3,0.0622324197851425,0,0.376200199945804,7,36,0.477480099347763
Tissue-resident immunosuppressive TAMs (anti-inflammatory/M2-like),CD8.TPEX,HLA-DPB1,LAG3,0.0588737618444387,2.37884016664421,3.39423673730648,9,39,0.477480099347763
TREM2+/APOE+ lipid-associated immunosuppressive TAMs (LAMs),CD8.TEX,SPP1,CD44,0.0607094230991755,0.56420139907109,1.48535067043758,10,39,0.477480099347763
Proliferating TAMs (cycling/MKI67+),CD8.TEX,HLA-DRB1,LAG3,0.0585962757015389,3.38726621821696,5.13254770345593,7,31,0.477480099347763
IFN-stimulated immunomodulatory TAMs (ISG-high/PD-L1+/IDO1+),CD8.TPEX,CXCL10,SDC4,0.0586392697415521,0.0479580862460193,0.271691696933481,7,37,0.477480099347763
TREM2+/APOE+ lipid-associated immunosuppressive TAMs (LAMs),CD8.TPEX,LGALS3,LAG3,0.0601310270254944,1.49233372899469,2.21471038954653,10,40,0.477480099347763
CD8.TPEX,Tissue-resident immunosuppressive TAMs (anti-inflammatory/M2-like),CRTAM,CADM1,0.0591988910221399,0.0508411395239786,0.115861794168942,9,39,0.477480099347763
Tissue-resident immunosuppressive TAMs (anti-inflammatory/M2-like),CD8.TPEX,CADM1,CRTAM,0.0591988910221399,0.0508411395239786,0.115861794168942,9,39,0.477480099347763
IFN-stimulated immunomodulatory TAMs (ISG-high/PD-L1+/IDO1+),CD8.TPEX,LGALS9,PTPRC,0.0625492737148173,1.44342120481461,2.58579190776077,7,37,0.477480099347763
TREM2+/APOE+ lipid-associated immunosuppressive TAMs (LAMs),CD8.TPEX,HLA-A,CD8A,0.0560508668545918,6.39084211648617,7.28215486760508,10,40,0.477480099347763
CD8.TPEX,IFN-stimulated immunomodulatory TAMs (ISG-high/PD-L1+/IDO1+),HLA-C,LILRB1,0.0601855339020141,0.494245880632186,2.41162844575304,7,37,0.477480099347763
CD8.TEX,Classical monocyte-derived TAMs (S100A8+/S100A9+/CCR2+),GZMB,IGF2R,0.0625107264000563,0.503182198015379,0.990252366996055,7,36,0.477480099347763
TREM2+/APOE+ lipid-associated immunosuppressive TAMs (LAMs),CD8.TEX,HLA-DQB1,LAG3,0.0639626457857108,2.49403535009506,2.93336514765899,10,39,0.478788348551292
Inflammatory monocyte-derived TAMs (FCN1+/S100A8+),CD8.TEX,CCL20,CXCR3,0.0635888405417688,0.0905184847328966,0.156712828133293,9,39,0.478788348551292
CD8.TPEX,IFN-stimulated immunomodulatory TAMs (ISG-high/PD-L1+/IDO1+),HLA-A,LILRB1,0.0647029586010498,0.549587570182201,2.61229797409908,7,37,0.479672895013552
CD8.TEX,Inflammatory monocyte-derived TAMs (FCN1+/S100A8+),CIRBP,TREM1,0.0663808311092181,0.836532532073241,1.27908208537081,9,39,0.487424959859116
Tissue-resident immunosuppressive TAMs (anti-inflammatory/M2-like),CD8.TEX,HLA-DPA1,LAG3,0.067439113242903,3.5766459135891,4.38002891884588,9,38,0.4905241161347
IFN-stimulated immunomodulatory TAMs (ISG-high/PD-L1+/IDO1+),CD8.TEX,CCL13,CXCR3,0.0685450726565644,0,0,7,36,0.493908888020665
CD8.TPEX,Proliferating TAMs (cycling/MKI67+),TNFSF9,HLA-DPA1,0.0695651487073619,1.10613648671976,1.94405277804308,7,32,0.496617867160889
Tissue-resident immunosuppressive TAMs (anti-inflammatory/M2-like),CD8.TPEX,HLA-DRB1,LAG3,0.0724361562564613,2.77665377638125,4.1710223246812,9,39,0.498645325658318
CD8.TEX,Inflammatory monocyte-derived TAMs (FCN1+/S100A8+),CD99,PILRA,0.072072708507075,1.63681473747308,1.13456280192385,9,39,0.498645325658318
TREM2+/APOE+ lipid-associated immunosuppressive TAMs (LAMs),CD8.TPEX,SPP1,CD44,0.0721145447930703,0.809347942235205,1.64730603990913,10,40,0.498645325658318
Proliferating TAMs (cycling/MKI67+),CD8.TEX,HLA-DQA1,LAG3,0.0706283205439785,2.39574686837864,3.59219243085102,7,31,0.498645325658318
Tissue-resident immunosuppressive TAMs (anti-inflammatory/M2-like),CD8.TEX,MRC1,PTPRC,0.0742691502917355,3.22370884672529,2.10064771848069,9,38,0.506739069689629
TREM2+/APOE+ lipid-associated immunosuppressive TAMs (LAMs),CD8.TEX,HLA-DPA1,LAG3,0.0758790386709319,3.78877541259573,4.62381022011655,10,39,0.50869300121054
Inflammatory monocyte-derived TAMs (FCN1+/S100A8+),CD8.TEX,CD86,CTLA4,0.0765348743714949,0.804396134394863,1.13025370537677,9,39,0.50869300121054
CD8.TEX,TREM2+/APOE+ lipid-associated immunosuppressive TAMs (LAMs),TNFSF9,HLA-DPA1,0.0761058434601948,0.99644887737261,1.74561468320902,10,39,0.50869300121054
CD8.TPEX,Classical monocyte-derived TAMs (S100A8+/S100A9+/CCR2+),CCL5,CCR1,0.0807571706255223,0,0.860489481008803,7,37,0.527659140273539
TREM2+/APOE+ lipid-associated immunosuppressive TAMs (LAMs),CD8.TEX,LGALS1,PTPRC,0.0802182888608438,5.81844168646115,6.51459809158292,10,39,0.527659140273539
CD8.TEX,Classical monocyte-derived TAMs (S100A8+/S100A9+/CCR2+),CCL5,CCR1,0.081569828773165,0,1.39306902701177,7,36,0.52849023516059
TREM2+/APOE+ lipid-associated immunosuppressive TAMs (LAMs),CD8.TPEX,LGALS1,CD69,0.0828913158219118,6.52613384223913,7.16876681428006,10,40,0.529182576752979
CD8.TEX,IFN-stimulated immunomodulatory TAMs (ISG-high/PD-L1+/IDO1+),SIRPG,CD47,0.0837357644148683,0.272925913643875,0.535238659082002,7,36,0.529182576752979
IFN-stimulated immunomodulatory TAMs (ISG-high/PD-L1+/IDO1+),CD8.TEX,CD47,SIRPG,0.0837357644148683,0.272925913643875,0.535238659082002,7,36,0.529182576752979
Tissue-resident immunosuppressive TAMs (anti-inflammatory/M2-like),CD8.TEX,HLA-DQA1,LAG3,0.0861228353832783,2.9724414553719,3.69443258364184,9,38,0.529506522251728
CD8.TEX,Inflammatory monocyte-derived TAMs (FCN1+/S100A8+),IFNG,IFNGR1_IFNGR2,0.0861067081578068,0.957787966716943,1.12518596971434,9,39,0.529506522251728
Classical monocyte-derived TAMs (S100A8+/S100A9+/CCR2+),CD8.TPEX,ICAM1,IL2RG,0.0865341398232396,0.968082984639287,0.369632032639342,7,37,0.529506522251728
TREM2+/APOE+ lipid-associated immunosuppressive TAMs (LAMs),CD8.TEX,HLA-DQA1,LAG3,0.0847497607728822,2.52534775662195,3.64496983051465,10,39,0.529506522251728
IFN-stimulated immunomodulatory TAMs (ISG-high/PD-L1+/IDO1+),CD8.TPEX,CD274,PDCD1,0.0872620574385064,0,0.217914901900705,7,37,0.529756269961326
TREM2+/APOE+ lipid-associated immunosuppressive TAMs (LAMs),CD8.TPEX,SPP1,PTGER4,0.0896365673723064,0.21507429475567,0.79569385311045,10,40,0.535734832899599
IFN-stimulated immunomodulatory TAMs (ISG-high/PD-L1+/IDO1+),CD8.TPEX,HLA-DPB1,LAG3,0.0890008467718811,2.24093237720461,3.40035198601502,7,37,0.535734832899599
Inflammatory monocyte-derived TAMs (FCN1+/S100A8+),CD8.TPEX,S100A8,CD69,0.0910924017549264,3.41020152369356,5.53400621602932,9,40,0.536123982847697
CD8.TPEX,TREM2+/APOE+ lipid-associated immunosuppressive TAMs (LAMs),TNFSF9,HLA-DPA1,0.0905811126643497,1.12891120728549,2.12220629600868,10,40,0.536123982847697
IFN-stimulated immunomodulatory TAMs (ISG-high/PD-L1+/IDO1+),CD8.TPEX,CD86,CTLA4,0.0919534192444989,0.904632877287147,1.42833971282375,7,37,0.537091562405369
Tissue-resident immunosuppressive TAMs (anti-inflammatory/M2-like),CD8.TPEX,HLA-DPA1,LAG3,0.0933933520692677,2.32570488918071,3.70530815743779,9,39,0.54140055973989
Inflammatory monocyte-derived TAMs (FCN1+/S100A8+),CD8.TEX,HLA-DPB1,LAG3,0.0965837688174677,2.94545174892717,3.73891218260321,9,39,0.54354807122823
Inflammatory monocyte-derived TAMs (FCN1+/S100A8+),CD8.TPEX,LGALS3,LAG3,0.0958279304212494,1.59506607582237,2.3503846155777,9,40,0.54354807122823
Inflammatory monocyte-derived TAMs (FCN1+/S100A8+),CD8.TEX,HBEGF,CD82,0.0965837688174677,0.970982153677321,1.2885202333957,9,39,0.54354807122823
Proliferating TAMs (cycling/MKI67+),CD8.TEX,C3,IFITM1,0.0946825708615281,0,0.806660866912594,7,31,0.54354807122823
Tissue-resident immunosuppressive TAMs (anti-inflammatory/M2-like),CD8.TPEX,HLA-DQB1,LAG3,0.0986688318629566,1.95148785711008,2.39704270292048,9,39,0.551258473669127
Tissue-resident immunosuppressive TAMs (anti-inflammatory/M2-like),CD8.TEX,HLA-DQB1,LAG3,0.102601810974607,2.67351896897106,3.08594507195938,9,38,0.564871627603702
Classical monocyte-derived TAMs (S100A8+/S100A9+/CCR2+),CD8.TEX,S100A8,CD69,0.103303371585113,2.7464501740424,5.16009405391036,7,36,0.564871627603702
Classical monocyte-derived TAMs (S100A8+/S100A9+/CCR2+),CD8.TEX,SECTM1,CD7,0.101869241838057,0.436925678928262,1.30812941769147,7,36,0.564871627603702
Tissue-resident immunosuppressive TAMs (anti-inflammatory/M2-like),CD8.TPEX,HLA-DQA1,LAG3,0.104179566605148,1.96584482769235,2.70464410647889,9,39,0.565593844508202
TREM2+/APOE+ lipid-associated immunosuppressive TAMs (LAMs),CD8.TEX,HLA-DPB1,LAG3,0.104902619668836,3.43859797027157,4.5013207132935,10,39,0.565593844508202
IFN-stimulated immunomodulatory TAMs (ISG-high/PD-L1+/IDO1+),CD8.TEX,CXCL9,CXCR3,0.109839087268236,0,0.552123591924586,7,36,0.571469714630108
CD8.TEX,Inflammatory monocyte-derived TAMs (FCN1+/S100A8+),CCL5,CCR1,0.109932030336014,0.63386818187948,1.11592516726158,9,39,0.571469714630108
CD8.TEX,Inflammatory monocyte-derived TAMs (FCN1+/S100A8+),CCL5,SDC4,0.109690692493329,0.464742649177337,1.14980239357084,9,39,0.571469714630108
IFN-stimulated immunomodulatory TAMs (ISG-high/PD-L1+/IDO1+),CD8.TEX,LGALS3,LAG3,0.111922084188257,2.05857531477016,2.53039946147557,7,36,0.571469714630108
CD8.TEX,Classical monocyte-derived TAMs (S100A8+/S100A9+/CCR2+),TNFSF9,HLA-DPA1,0.111922084188257,1.35339270308955,1.59243874364833,7,36,0.571469714630108
Proliferating TAMs (cycling/MKI67+),CD8.TPEX,HLA-DRA,LAG3,0.111380758173017,3.85425305924129,4.49359327356336,7,32,0.571469714630108
TREM2+/APOE+ lipid-associated immunosuppressive TAMs (LAMs),CD8.TEX,HLA-E,CD8A,0.110473148090381,4.20542257522422,5.31258047156138,10,39,0.571469714630108
IFN-stimulated immunomodulatory TAMs (ISG-high/PD-L1+/IDO1+),CD8.TEX,FN1,ITGA4_ITGB7,0.108976457733446,0,0.543657359234686,7,36,0.571469714630108
Inflammatory monocyte-derived TAMs (FCN1+/S100A8+),CD8.TEX,LYZ,ITGAL,0.114104368461626,1.7936476062462,1.29352006774994,9,39,0.576195221478716
IFN-stimulated immunomodulatory TAMs (ISG-high/PD-L1+/IDO1+),CD8.TPEX,CD80,CTLA4,0.114342242394609,0.103439591050228,0.346010945516833,7,37,0.576195221478716
Classical monocyte-derived TAMs (S100A8+/S100A9+/CCR2+),CD8.TPEX,S100A8,CD69,0.115756625126174,2.59944101347673,5.95564876413632,7,37,0.579534792027795
IFN-stimulated immunomodulatory TAMs (ISG-high/PD-L1+/IDO1+),CD8.TPEX,LGALS1,CD69,0.117455252750951,4.49103621640994,6.367707728319,7,37,0.584245160457956
Tissue-resident immunosuppressive TAMs (anti-inflammatory/M2-like),CD8.TEX,F13A1,ITGA4,0.119993292156667,0.935201560881223,0.743358892623626,9,38,0.591508712149831
Tissue-resident immunosuppressive TAMs (anti-inflammatory/M2-like),CD8.TPEX,HLA-A,CD8A,0.120449893394972,6.21879929563794,7.02670814809753,9,39,0.591508712149831
Classical monocyte-derived TAMs (S100A8+/S100A9+/CCR2+),CD8.TPEX,HLA-A,CD8B,0.123459916480087,2.67543340534819,3.52064667025654,7,37,0.602453136747767
CD8.TEX,Tissue-resident immunosuppressive TAMs (anti-inflammatory/M2-like),IFNG,IFNGR1_IFNGR2,0.1281987888379,0.887613488602603,1.26681388998761,9,38,0.610131272802598
Classical monocyte-derived TAMs (S100A8+/S100A9+/CCR2+),CD8.TEX,HLA-DRB5,LAG3,0.128110706162472,1.40691067799971,2.23580544582683,7,36,0.610131272802598
Tissue-resident immunosuppressive TAMs (anti-inflammatory/M2-like),CD8.TPEX,LGALS1,CD69,0.127057691453657,3.26920301345136,4.54138876947551,9,39,0.610131272802598
Inflammatory monocyte-derived TAMs (FCN1+/S100A8+),CD8.TPEX,LGALS1,PTPRC,0.125972727625229,5.62556828828434,6.79465115589949,9,40,0.610131272802598
TREM2+/APOE+ lipid-associated immunosuppressive TAMs (LAMs),CD8.TPEX,HLA-DRB1,LAG3,0.129521057434961,3.12968252622894,3.82717585008559,10,40,0.611446325494238
CD8.TEX,IFN-stimulated immunomodulatory TAMs (ISG-high/PD-L1+/IDO1+),GZMB,IGF2R,0.130061215799034,0.375464643865813,1.05071800392893,7,36,0.611446325494238
Proliferating TAMs (cycling/MKI67+),CD8.TPEX,HLA-DPA1,LAG3,0.130992019536911,2.29509103364851,3.55727834502813,7,32,0.612089982199749
Inflammatory monocyte-derived TAMs (FCN1+/S100A8+),CD8.TPEX,HLA-A,CD8A,0.132647698733415,6.34760349791081,6.99749705373885,9,40,0.612403447445888
TREM2+/APOE+ lipid-associated immunosuppressive TAMs (LAMs),CD8.TPEX,HLA-C,CD3G,0.132560243386315,2.54128861306638,3.50304671840692,10,40,0.612403447445888
Tissue-resident immunosuppressive TAMs (anti-inflammatory/M2-like),CD8.TEX,ICOSLG,CTLA4,0.13605239452361,0.0285859957705387,0.105811882723843,9,38,0.624383310581568
CD8.TPEX,Inflammatory monocyte-derived TAMs (FCN1+/S100A8+),TNFSF9,HLA-DPA1,0.143382538380354,1.14661497382479,1.97800857659667,9,40,0.62669816352592
CD8.TEX,Proliferating TAMs (cycling/MKI67+),B2M,CD1A,0.142174478589844,0,0.383655326230603,7,31,0.62669816352592
Inflammatory monocyte-derived TAMs (FCN1+/S100A8+),CD8.TEX,RETN,GPR25,0.142541691543657,0.229871497442213,0.404894505260184,9,39,0.62669816352592
CD8.TPEX,Proliferating TAMs (cycling/MKI67+),CRTAM,CADM1,0.141331585317302,0,0,7,32,0.62669816352592
Proliferating TAMs (cycling/MKI67+),CD8.TPEX,CADM1,CRTAM,0.141331585317302,0,0,7,32,0.62669816352592
Classical monocyte-derived TAMs (S100A8+/S100A9+/CCR2+),CD8.TEX,PDCD1LG2,PDCD1,0.144310900317773,0,0,7,36,0.62669816352592
CD8.TEX,Proliferating TAMs (cycling/MKI67+),TNFSF9,HLA-DPA1,0.144685179127904,1.15726233704266,1.79092399481064,7,31,0.62669816352592
TREM2+/APOE+ lipid-associated immunosuppressive TAMs (LAMs),CD8.TPEX,CD59,CD2,0.142091824717083,0.575197331055348,0.878351580819223,10,40,0.62669816352592
Proliferating TAMs (cycling/MKI67+),CD8.TPEX,HLA-A,CD8B,0.143214661319511,2.40892412215163,3.38641724116546,7,32,0.62669816352592
IFN-stimulated immunomodulatory TAMs (ISG-high/PD-L1+/IDO1+),CD8.TEX,CD14,ITGA4,0.143194551488781,0.903773539758082,1.30797944482762,7,36,0.62669816352592
CD8.TPEX,Classical monocyte-derived TAMs (S100A8+/S100A9+/CCR2+),B2M,CD1C,0.145541222075077,2.38400283681291,0,7,37,0.626884258211644
CD8.TPEX,Tissue-resident immunosuppressive TAMs (anti-inflammatory/M2-like),TNFSF9,HLA-DPA1,0.148157869053101,1.48098412905941,2.04369526484317,9,39,0.633598015003921
CD8.TEX,TREM2+/APOE+ lipid-associated immunosuppressive TAMs (LAMs),CD99,PILRA,0.148743502873813,1.58595571580499,1.22284291124273,10,39,0.633598015003921
CD8.TEX,Inflammatory monocyte-derived TAMs (FCN1+/S100A8+),CCL5,CCRL2,0.153716337579572,1.50875150093938,2.02856544022529,9,39,0.636830804577098
CD8.TEX,Classical monocyte-derived TAMs (S100A8+/S100A9+/CCR2+),B2M,CD1C,0.157413828464487,2.41159183624826,0,7,36,0.636830804577098
TREM2+/APOE+ lipid-associated immunosuppressive TAMs (LAMs),CD8.TEX,HLA-B,CD8A,0.155972410743234,7.59425841917696,8.13987999323214,10,39,0.636830804577098
CD8.TPEX,IFN-stimulated immunomodulatory TAMs (ISG-high/PD-L1+/IDO1+),LTB,CD40,0.154759659698569,0.137203058637638,0.324829831060836,7,37,0.636830804577098
Inflammatory monocyte-derived TAMs (FCN1+/S100A8+),CD8.TPEX,HLA-DPA1,LAG3,0.159362207901089,2.28158569437402,3.13537276033729,9,40,0.636830804577098
CD8.TEX,IFN-stimulated immunomodulatory TAMs (ISG-high/PD-L1+/IDO1+),TNFSF9,HLA-DPA1,0.1555515847542,1.3660091588136,1.57946242802711,7,36,0.636830804577098
Proliferating TAMs (cycling/MKI67+),CD8.TPEX,C3,IFITM1,0.151914212030424,0,0.62543463537802,7,32,0.636830804577098
Inflammatory monocyte-derived TAMs (FCN1+/S100A8+),CD8.TPEX,CD86,CTLA4,0.159330280274277,0.791151234153468,1.1351281160483,9,40,0.636830804577098
IFN-stimulated immunomodulatory TAMs (ISG-high/PD-L1+/IDO1+),CD8.TEX,C3,IFITM1,0.15751093233229,0,0.682664959932158,7,36,0.636830804577098
TREM2+/APOE+ lipid-associated immunosuppressive TAMs (LAMs),CD8.TPEX,HLA-A,CD3G,0.159414196217095,2.69601080317499,3.77675122133574,10,40,0.636830804577098
TREM2+/APOE+ lipid-associated immunosuppressive TAMs (LAMs),CD8.TPEX,C1QB,C1QBP,0.15161366919241,1.90543709812893,1.08272878527326,10,40,0.636830804577098
Proliferating TAMs (cycling/MKI67+),CD8.TPEX,HLA-DRB1,LAG3,0.158827172982326,3.45277427641042,4.03392752421354,7,32,0.636830804577098
Tissue-resident immunosuppressive TAMs (anti-inflammatory/M2-like),CD8.TPEX,MRC1,PTPRC,0.161298384152002,2.45410828963195,1.87198319610056,9,39,0.641036361758731
CD8.TPEX,Inflammatory monocyte-derived TAMs (FCN1+/S100A8+),CCL5,CCRL2,0.167123730087113,1.05037587673913,1.481944743474,9,40,0.641923038627112
Inflammatory monocyte-derived TAMs (FCN1+/S100A8+),CD8.TPEX,VEGFA,ITGB1,0.166560124835254,0.590528239694851,0.931179212240261,9,40,0.641923038627112
CD8.TEX,Classical monocyte-derived TAMs (S100A8+/S100A9+/CCR2+),HLA-C,NOTCH4,0.163832805649631,0,0,7,36,0.641923038627112
Tissue-resident immunosuppressive TAMs (anti-inflammatory/M2-like),CD8.TEX,HLA-A,CD8A,0.166569242591056,6.98562132158405,7.81673114992535,9,38,0.641923038627112
CD8.TPEX,Proliferating TAMs (cycling/MKI67+),B2M,CD1A,0.163138097986319,0,0.358765464940704,7,32,0.641923038627112
Proliferating TAMs (cycling/MKI67+),CD8.TEX,HLA-A,CD3D,0.167144153018766,4.94989281030738,7.05094767366456,7,31,0.641923038627112
Proliferating TAMs (cycling/MKI67+),CD8.TPEX,CD86,CTLA4,0.167349585945589,0.251678088411309,0.831163527991433,7,32,0.641923038627112
IFN-stimulated immunomodulatory TAMs (ISG-high/PD-L1+/IDO1+),CD8.TEX,CXCL10,CXCR3,0.172012584147631,0.622550278372324,1.36727512562476,7,36,0.645292778114483
TREM2+/APOE+ lipid-associated immunosuppressive TAMs (LAMs),CD8.TPEX,HLA-B,CD8A,0.173249812022955,7.0074269828654,7.48045800082177,10,40,0.645292778114483
Inflammatory monocyte-derived TAMs (FCN1+/S100A8+),CD8.TEX,HLA-A,CD8A,0.172513945803709,7.14162052968836,7.62341819718969,9,39,0.645292778114483
TREM2+/APOE+ lipid-associated immunosuppressive TAMs (LAMs),CD8.TPEX,HLA-DRA,LAG3,0.170544007321578,3.40760386352996,4.38663654114914,10,40,0.645292778114483
Classical monocyte-derived TAMs (S100A8+/S100A9+/CCR2+),CD8.TPEX,B2M,CD3G,0.172506158918882,3.70009874537442,5.34111333839849,7,37,0.645292778114483
CD8.TEX,Tissue-resident immunosuppressive TAMs (anti-inflammatory/M2-like),FASLG,TNFRSF10B,0.17189071902097,0.0962645515055807,0.154824585015549,9,38,0.645292778114483
TREM2+/APOE+ lipid-associated immunosuppressive TAMs (LAMs),CD8.TPEX,HLA-DQB1,LAG3,0.17429692829649,1.73539985918318,2.22350666299578,10,40,0.646071787099007
Proliferating TAMs (cycling/MKI67+),CD8.TEX,HLA-DQB1,LAG3,0.175203463724321,1.99274909402095,3.0025676206886,7,31,0.646324739384934
Stress-response immunosuppressive TAMs (MARCO+/PPARG+/HSP-high),CD8.TEX,HLA-DRA,LAG3,0.176061566812977,4.09257287255672,4.86967766582664,7,36,0.646397466727646
Stress-response immunosuppressive TAMs (MARCO+/PPARG+/HSP-high),CD8.TPEX,CD55,ADGRE5,0.177703206468305,0.984640376943589,0.984431668410966,7,37,0.649332569606936
CD8.TEX,Tissue-resident immunosuppressive TAMs (anti-inflammatory/M2-like),CD99,PILRA,0.180777347250988,1.50979874821927,0.963732637587632,9,38,0.652483468050075
Tissue-resident immunosuppressive TAMs (anti-inflammatory/M2-like),CD8.TPEX,HLA-B,CD8A,0.181104360781733,6.88233210715538,7.3904643491702,9,39,0.652483468050075
Stress-response immunosuppressive TAMs (MARCO+/PPARG+/HSP-high),CD8.TEX,TGM2,ADGRG1,0.179778819111864,0,0.0786304836890688,7,36,0.652483468050075
CD8.TEX,IFN-stimulated immunomodulatory TAMs (ISG-high/PD-L1+/IDO1+),LTB,CD40,0.182413912994292,0.187598466357433,0.302410239139199,7,36,0.652596190067423
Classical monocyte-derived TAMs (S100A8+/S100A9+/CCR2+),CD8.TPEX,HLA-A,CD3G,0.182828504610329,2.79812163223272,3.90776508935818,7,37,0.652596190067423
Inflammatory monocyte-derived TAMs (FCN1+/S100A8+),CD8.TEX,HLA-DQA1,LAG3,0.18654866778747,2.09836159893617,2.53787809224867,9,39,0.659766159927246
TREM2+/APOE+ lipid-associated immunosuppressive TAMs (LAMs),CD8.TPEX,HLA-A,CD8B,0.186186093174929,2.64926877123042,3.53354844802796,10,40,0.659766159927246
Classical monocyte-derived TAMs (S100A8+/S100A9+/CCR2+),CD8.TEX,F13A1,ITGA4,0.187607936817734,0.857235520271312,0.332537914628408,7,36,0.660482736467912
TREM2+/APOE+ lipid-associated immunosuppressive TAMs (LAMs),CD8.TPEX,HLA-C,CD8A,0.18928241348433,5.69199057670113,6.52347369602438,10,40,0.663348821801903
Classical monocyte-derived TAMs (S100A8+/S100A9+/CCR2+),CD8.TPEX,SECTM1,CD7,0.191157845464961,0.349260286062779,1.23427750978726,7,37,0.66689004006102
Classical monocyte-derived TAMs (S100A8+/S100A9+/CCR2+),CD8.TPEX,HLA-DRB1,LAG3,0.210769407809619,3.77318122517317,4.33887298550098,7,37,0.676943804649182
Inflammatory monocyte-derived TAMs (FCN1+/S100A8+),CD8.TPEX,HLA-DRA,LAG3,0.21046182117149,3.66484181331223,4.12939103655568,9,40,0.676943804649182
CD8.TPEX,Inflammatory monocyte-derived TAMs (FCN1+/S100A8+),CIRBP,TREM1,0.210426908108564,0.93328612409446,1.32628987325061,9,40,0.676943804649182
Tissue-resident immunosuppressive TAMs (anti-inflammatory/M2-like),CD8.TPEX,C1QB,C1QBP,0.207548428547248,1.30277741960084,0.757736958126139,9,39,0.676943804649182
TREM2+/APOE+ lipid-associated immunosuppressive TAMs (LAMs),CD8.TEX,B2M,CD3G,0.196008231005684,8.28098847882058,7.0533263562595,10,39,0.676943804649182
CD8.TEX,Classical monocyte-derived TAMs (S100A8+/S100A9+/CCR2+),CD99,PILRA,0.205142615784601,1.06086325766871,1.77948318748368,7,36,0.676943804649182
CD8.TEX,Tissue-resident immunosuppressive TAMs (anti-inflammatory/M2-like),TNFSF9,HLA-DPA1,0.20381005657289,1.18363006610888,1.61372928347357,9,38,0.676943804649182
TREM2+/APOE+ lipid-associated immunosuppressive TAMs (LAMs),CD8.TEX,HLA-C,CD8A,0.204818120691527,6.39635667058362,7.51896552444757,10,39,0.676943804649182
Classical monocyte-derived TAMs (S100A8+/S100A9+/CCR2+),CD8.TPEX,CCL19,CXCR3,0.206274126867472,0,0,7,37,0.676943804649182
Proliferating TAMs (cycling/MKI67+),CD8.TEX,HLA-A,CD8A,0.20534195185898,6.12931647252329,7.25756252827641,7,31,0.676943804649182
Tissue-resident immunosuppressive TAMs (anti-inflammatory/M2-like),CD8.TPEX,CXCL12,CXCR3,0.20459993339109,0.0337589611688404,0,9,39,0.676943804649182
Inflammatory monocyte-derived TAMs (FCN1+/S100A8+),CD8.TPEX,HBEGF,CD82,0.21046182117149,0.985702006525583,1.25894875644226,9,40,0.676943804649182
CD8.TEX,Classical monocyte-derived TAMs (S100A8+/S100A9+/CCR2+),HLA-B,LILRB1,0.204354321678207,1.88536732569609,2.53075249229313,7,36,0.676943804649182
CD8.TPEX,Classical monocyte-derived TAMs (S100A8+/S100A9+/CCR2+),HLA-B,LILRB1,0.209431950272663,1.86975492646354,2.53146850240353,7,37,0.676943804649182
TREM2+/APOE+ lipid-associated immunosuppressive TAMs (LAMs),CD8.TPEX,HLA-DPA1,LAG3,0.202863959701623,2.77559899655921,3.48673752787713,10,40,0.676943804649182
Classical monocyte-derived TAMs (S100A8+/S100A9+/CCR2+),CD8.TPEX,HLA-B,CD8B,0.210721163592185,3.18356940101321,3.86435769498281,7,37,0.676943804649182
TREM2+/APOE+ lipid-associated immunosuppressive TAMs (LAMs),CD8.TPEX,B2M,CD3G,0.207133021384079,4.38669900073981,5.66450471110086,10,40,0.676943804649182
Proliferating TAMs (cycling/MKI67+),CD8.TEX,CD86,CTLA4,0.198369162890281,0.248700550323289,0.863009427192304,7,31,0.676943804649182
TREM2+/APOE+ lipid-associated immunosuppressive TAMs (LAMs),CD8.TPEX,HLA-C,CD8B,0.211599814423415,2.47242362353135,3.05899747231612,10,40,0.676943804649182
Inflammatory monocyte-derived TAMs (FCN1+/S100A8+),CD8.TPEX,B2M,CD3G,0.196591382983963,4.16894131650159,5.09981344417945,9,40,0.676943804649182
TREM2+/APOE+ lipid-associated immunosuppressive TAMs (LAMs),CD8.TPEX,HLA-B,CD3G,0.216002160835934,3.06768414600664,3.9617354124932,10,40,0.688172173572336
Stress-response immunosuppressive TAMs (MARCO+/PPARG+/HSP-high),CD8.TEX,HLA-DQB1,LAG3,0.217312475481613,1.37506646998645,2.45381607345363,7,36,0.68949760739228
Classical monocyte-derived TAMs (S100A8+/S100A9+/CCR2+),CD8.TEX,HLA-DQB1,LAG3,0.222689629263352,2.58982650967686,3.05437801247752,7,36,0.689583797110363
CD8.TPEX,IFN-stimulated immunomodulatory TAMs (ISG-high/PD-L1+/IDO1+),TNFSF9,HLA-DPA1,0.22135003128332,1.34079405640288,1.9918709163593,7,37,0.689583797110363
Classical monocyte-derived TAMs (S100A8+/S100A9+/CCR2+),CD8.TPEX,HLA-DPA1,LAG3,0.222706051206849,3.06544246183882,3.80860778211274,7,37,0.689583797110363
Stress-response immunosuppressive TAMs (MARCO+/PPARG+/HSP-high),CD8.TEX,HLA-A,CD8B,0.222689629263352,5.50594874603726,4.27783380545839,7,36,0.689583797110363
CD8.TEX,IFN-stimulated immunomodulatory TAMs (ISG-high/PD-L1+/IDO1+),CCL5,SDC4,0.222052259293682,0.791656371079011,0.781753568892071,7,36,0.689583797110363
CD8.TEX,Proliferating TAMs (cycling/MKI67+),CALM1,HMMR,0.218896711760175,2.35839020183718,0.934827091642646,7,31,0.689583797110363
Inflammatory monocyte-derived TAMs (FCN1+/S100A8+),CD8.TPEX,HLA-A,CD3G,0.224807119045108,3.11240104133333,3.78223008396952,9,40,0.693305155135113
Tissue-resident immunosuppressive TAMs (anti-inflammatory/M2-like),CD8.TEX,IL10,CD70,0.225946078252431,0.0266778088091543,0.0526147169995627,9,38,0.694041539173801
Inflammatory monocyte-derived TAMs (FCN1+/S100A8+),CD8.TPEX,HLA-DRB1,LAG3,0.229884875572806,3.45073806788146,3.66184560507672,9,40,0.695063682614247
Stress-response immunosuppressive TAMs (MARCO+/PPARG+/HSP-high),CD8.TPEX,FN1,ITGA4_ITGB1,0.228294388071055,0.314722814574883,0.844652828376748,7,37,0.695063682614247
Inflammatory monocyte-derived TAMs (FCN1+/S100A8+),CD8.TEX,IL10,CD27,0.2283579073357,0.107715767957144,0.164070111450773,9,39,0.695063682614247
TREM2+/APOE+ lipid-associated immunosuppressive TAMs (LAMs),CD8.TPEX,HLA-DRB5,LAG3,0.229880532006742,1.1319774223878,1.48437231609943,10,40,0.695063682614247
Tissue-resident immunosuppressive TAMs (anti-inflammatory/M2-like),CD8.TEX,HLA-A,CD3D,0.233338604560604,6.34423381730587,7.24187438943123,9,38,0.702750250454006
CD8.TEX,Inflammatory monocyte-derived TAMs (FCN1+/S100A8+),GZMB,IGF2R,0.234567370623949,0.672277910217481,0.988278573171072,9,39,0.703702111871848
Inflammatory monocyte-derived TAMs (FCN1+/S100A8+),CD8.TEX,VEGFA,ITGB1,0.239106003420272,0.660682658712726,1.13146019965518,9,39,0.712745654414858
TREM2+/APOE+ lipid-associated immunosuppressive TAMs (LAMs),CD8.TPEX,HLA-DPB1,LAG3,0.239430771068026,2.52193559210846,3.15216514043759,10,40,0.712745654414858
CD8.TEX,Classical monocyte-derived TAMs (S100A8+/S100A9+/CCR2+),HLA-B,LILRB2,0.242843735092119,2.95609496527182,3.77055093480584,7,36,0.720125075984708
CD8.TPEX,Inflammatory monocyte-derived TAMs (FCN1+/S100A8+),CCL5,SDC4,0.244856361917438,0.260515473023592,0.80267159762347,9,40,0.723311321985994
Stress-response immunosuppressive TAMs (MARCO+/PPARG+/HSP-high),CD8.TPEX,HLA-DRB5,LAG3,0.247697027504232,1.69877028441869,1.0738006661944,7,37,0.72692066691346
Classical monocyte-derived TAMs (S100A8+/S100A9+/CCR2+),CD8.TPEX,HLA-E,CD8B,0.247963859141686,1.55700170979199,2.37013855896755,7,37,0.72692066691346
Inflammatory monocyte-derived TAMs (FCN1+/S100A8+),CD8.TEX,ICAM1,IL2RG,0.250534119118114,0.849338992527996,0.915219516689804,9,39,0.728912474868173
Inflammatory monocyte-derived TAMs (FCN1+/S100A8+),CD8.TEX,HLA-A,CD3D,0.249878329740558,6.5533316665082,7.26754931408039,9,39,0.728912474868173
CD8.TEX,TREM2+/APOE+ lipid-associated immunosuppressive TAMs (LAMs),IFNG,IFNGR1_IFNGR2,0.253038251542988,0.852478736157364,1.04024246105694,10,39,0.733430420825727
Tissue-resident immunosuppressive TAMs (anti-inflammatory/M2-like),CD8.TEX,CXCL16,CXCR6,0.255375913364698,1.34702823967768,1.07744109794879,9,38,0.734340773464612
IFN-stimulated immunomodulatory TAMs (ISG-high/PD-L1+/IDO1+),CD8.TEX,LGALS9,PTPRC,0.25620968620231,2.35517204949881,2.34736791305939,7,36,0.734340773464612
Classical monocyte-derived TAMs (S100A8+/S100A9+/CCR2+),CD8.TPEX,HLA-B,CD3G,0.254492929310873,3.3295593868575,4.3457702218874,7,37,0.734340773464612
Classical monocyte-derived TAMs (S100A8+/S100A9+/CCR2+),CD8.TPEX,PDCD1LG2,PDCD1,0.260262773827424,0,0,7,37,0.743194809707199
Classical monocyte-derived TAMs (S100A8+/S100A9+/CCR2+),CD8.TEX,CD14,ITGA4,0.262756394171148,1.9060709899097,1.28227604921693,7,36,0.747546789320867
Proliferating TAMs (cycling/MKI67+),CD8.TEX,B2M,CD3D,0.265101119977281,9.1199103332764,10.3201466433289,7,31,0.751024323071827
Tissue-resident immunosuppressive TAMs (anti-inflammatory/M2-like),CD8.TPEX,C3,IFITM1,0.266164765091677,0.751784878150372,1.03236699693716,9,39,0.751024323071827
Tissue-resident immunosuppressive TAMs (anti-inflammatory/M2-like),CD8.TEX,HLA-B,CD3D,0.266900991597511,6.77167107938161,7.46247871616918,9,38,0.751024323071827
CD8.TPEX,Proliferating TAMs (cycling/MKI67+),CALM1,HMMR,0.27020756273426,1.95143325237547,0.834792049928227,7,32,0.757563748611326
IFN-stimulated immunomodulatory TAMs (ISG-high/PD-L1+/IDO1+),CD8.TEX,B2M,CD3D,0.277104965554677,8.91942467786212,10.6996559706018,7,36,0.760312912607318
IFN-stimulated immunomodulatory TAMs (ISG-high/PD-L1+/IDO1+),CD8.TEX,CXCL16,CXCR6,0.277104965554677,1.45864385273876,1.03743892547014,7,36,0.760312912607318
Stress-response immunosuppressive TAMs (MARCO+/PPARG+/HSP-high),CD8.TPEX,LGALS1,PTPRC,0.27526851197808,6.09203368469655,6.80575292791502,7,37,0.760312912607318
Proliferating TAMs (cycling/MKI67+),CD8.TEX,HLA-DPB1,LAG3,0.274802626862794,2.33102785205507,3.98520793846773,7,31,0.760312912607318
TREM2+/APOE+ lipid-associated immunosuppressive TAMs (LAMs),CD8.TEX,HLA-A,CD3D,0.274310175247133,6.79361830888519,7.57557086539617,10,39,0.760312912607318
Classical monocyte-derived TAMs (S100A8+/S100A9+/CCR2+),CD8.TPEX,HLA-C,CD8B,0.275217756977186,2.92003186417753,3.42782525964183,7,37,0.760312912607318
Classical monocyte-derived TAMs (S100A8+/S100A9+/CCR2+),CD8.TPEX,HBEGF,CD82,0.280978605049712,1.04328758317356,0.618250772111678,7,37,0.765492948739674
Proliferating TAMs (cycling/MKI67+),CD8.TPEX,HLA-DQA1,LAG3,0.280081524150699,2.21170524014067,2.5293487000971,7,32,0.765492948739674
Inflammatory monocyte-derived TAMs (FCN1+/S100A8+),CD8.TEX,B2M,CD3D,0.296201908782616,9.5236746920283,9.8111551936055,9,39,0.768426199168893
Classical monocyte-derived TAMs (S100A8+/S100A9+/CCR2+),CD8.TPEX,HLA-DPB1,LAG3,0.289635574907494,2.74873065543882,3.50346313553469,7,37,0.768426199168893
Stress-response immunosuppressive TAMs (MARCO+/PPARG+/HSP-high),CD8.TEX,HLA-DRB1,LAG3,0.291952169732269,3.98282687019197,4.48775985717505,7,36,0.768426199168893
Inflammatory monocyte-derived TAMs (FCN1+/S100A8+),CD8.TEX,HLA-C,CD3G,0.296201908782616,4.83078092602002,4.37426411318114,9,39,0.768426199168893
Stress-response immunosuppressive TAMs (MARCO+/PPARG+/HSP-high),CD8.TEX,HLA-DPB1,LAG3,0.291952169732269,2.6464355581257,3.4154715551377,7,36,0.768426199168893
Stress-response immunosuppressive TAMs (MARCO+/PPARG+/HSP-high),CD8.TEX,LYZ,ITGAL,0.291952169732269,1.53225063584687,1.16881696283929,7,36,0.768426199168893
Classical monocyte-derived TAMs (S100A8+/S100A9+/CCR2+),CD8.TEX,HLA-A,CD3D,0.291952169732269,6.88805142780938,7.61230771250053,7,36,0.768426199168893
Proliferating TAMs (cycling/MKI67+),CD8.TEX,S100A8,CD69,0.291247369923611,0,0.50372670485874,7,31,0.768426199168893
Classical monocyte-derived TAMs (S100A8+/S100A9+/CCR2+),CD8.TPEX,LGALS1,CD69,0.297005197603541,2.16700680261485,6.18157823759343,7,37,0.768426199168893
IFN-stimulated immunomodulatory TAMs (ISG-high/PD-L1+/IDO1+),CD8.TEX,PDCD1LG2,PDCD1,0.295072171481677,0,0.0745044874840191,7,36,0.768426199168893
Proliferating TAMs (cycling/MKI67+),CD8.TPEX,B2M,CD3G,0.288313399986006,4.33135691318982,5.17856001507346,7,32,0.768426199168893
Inflammatory monocyte-derived TAMs (FCN1+/S100A8+),CD8.TPEX,HLA-A,CD8B,0.295647736058429,2.85328064663977,3.31510363694083,9,40,0.768426199168893
Stress-response immunosuppressive TAMs (MARCO+/PPARG+/HSP-high),CD8.TPEX,B2M,CD3G,0.296851948516678,4.59592650718059,5.28683395678918,7,37,0.768426199168893
Tissue-resident immunosuppressive TAMs (anti-inflammatory/M2-like),CD8.TPEX,HLA-C,CD3G,0.29664831171334,2.71350776107446,3.4582553252813,9,39,0.768426199168893
Inflammatory monocyte-derived TAMs (FCN1+/S100A8+),CD8.TPEX,HLA-A,CD3D,0.289319195879992,5.65502210532284,6.0798243506975,9,40,0.768426199168893
CD8.TPEX,Classical monocyte-derived TAMs (S100A8+/S100A9+/CCR2+),IFNG,IFNGR1_IFNGR2,0.303560126601981,0.682572943094396,1.31084802877059,7,37,0.774982972218964
Proliferating TAMs (cycling/MKI67+),CD8.TPEX,S100A8,CD69,0.302488961329248,0,0.396508100908071,7,32,0.774982972218964
CD8.TPEX,Classical monocyte-derived TAMs (S100A8+/S100A9+/CCR2+),B2M,LILRB1,0.303560126601981,2.44693938512625,3.24944007890859,7,37,0.774982972218964
TREM2+/APOE+ lipid-associated immunosuppressive TAMs (LAMs),CD8.TPEX,HLA-B,CD8B,0.302599247037343,3.07280278912176,3.56540245027324,10,40,0.774982972218964
Stress-response immunosuppressive TAMs (MARCO+/PPARG+/HSP-high),CD8.TEX,HLA-DRB5,LAG3,0.315606226846662,2.44615316858742,1.45966313568676,7,36,0.779911541342232
Stress-response immunosuppressive TAMs (MARCO+/PPARG+/HSP-high),CD8.TEX,RETN,GPR25,0.312645935405764,0.0331507540441051,0.252871399017047,7,36,0.779911541342232
IFN-stimulated immunomodulatory TAMs (ISG-high/PD-L1+/IDO1+),CD8.TPEX,HLA-A,CD8A,0.311802998327165,7.12575145345319,7.72690420834062,7,37,0.779911541342232
CD8.TPEX,Inflammatory monocyte-derived TAMs (FCN1+/S100A8+),IFNG,IFNGR1_IFNGR2,0.313822986464288,0.768367826888183,1.01847742080321,9,40,0.779911541342232
CD8.TEX,Classical monocyte-derived TAMs (S100A8+/S100A9+/CCR2+),B2M,LILRB1,0.314654037227091,2.5016956174786,3.13982150212222,7,36,0.779911541342232
Tissue-resident immunosuppressive TAMs (anti-inflammatory/M2-like),CD8.TPEX,HLA-C,CD8A,0.308596065185217,5.61982072456281,6.26867844515478,9,39,0.779911541342232
Proliferating TAMs (cycling/MKI67+),CD8.TPEX,HLA-B,CD8B,0.314126680547405,3.08487334425744,3.60170756816546,7,32,0.779911541342232
IFN-stimulated immunomodulatory TAMs (ISG-high/PD-L1+/IDO1+),CD8.TEX,CD48,CD2,0.315606226846662,1.25478124007144,1.55515579543806,7,36,0.779911541342232
Tissue-resident immunosuppressive TAMs (anti-inflammatory/M2-like),CD8.TPEX,HLA-B,CD3G,0.309045712596522,3.14212068540759,4.1454742592237,9,39,0.779911541342232
Inflammatory monocyte-derived TAMs (FCN1+/S100A8+),CD8.TPEX,HLA-B,CD3G,0.313822986464288,3.33229942998929,4.16596123449761,9,40,0.779911541342232
Classical monocyte-derived TAMs (S100A8+/S100A9+/CCR2+),CD8.TPEX,HLA-DRA,LAG3,0.319860618158221,3.78215875588613,4.48788502148342,7,37,0.785520992964635
TREM2+/APOE+ lipid-associated immunosuppressive TAMs (LAMs),CD8.TPEX,HLA-DQA1,LAG3,0.319913867433068,2.07840187634561,2.57156271511527,10,40,0.785520992964635
Proliferating TAMs (cycling/MKI67+),CD8.TPEX,HLA-A,CD8A,0.321731634425133,5.47833522278099,6.78327454214835,7,32,0.787476476640564
Proliferating TAMs (cycling/MKI67+),CD8.TPEX,HLA-A,CD3G,0.322859251455512,2.51939094545411,3.29900412801856,7,32,0.787735705291771
Inflammatory monocyte-derived TAMs (FCN1+/S100A8+),CD8.TPEX,LGALS1,CD69,0.32604600796164,6.39957795313963,7.36099782571426,9,40,0.788158143033463
CD8.TEX,Classical monocyte-derived TAMs (S100A8+/S100A9+/CCR2+),CCL5,CCRL2,0.32672084569784,0.932158653811083,0.322404503436296,7,36,0.788158143033463
Proliferating TAMs (cycling/MKI67+),CD8.TEX,HLA-C,CD3D,0.327452812054178,5.52173598545093,6.55447872056627,7,31,0.788158143033463
TREM2+/APOE+ lipid-associated immunosuppressive TAMs (LAMs),CD8.TEX,CD59,CD2,0.327024683174947,0.899187200673146,1.0789571696631,10,39,0.788158143033463
Tissue-resident immunosuppressive TAMs (anti-inflammatory/M2-like),CD8.TPEX,HLA-A,CD3G,0.328143662663738,2.97202266059401,3.80320758853768,9,39,0.788158143033463
Classical monocyte-derived TAMs (S100A8+/S100A9+/CCR2+),CD8.TEX,VCAN,ITGB1,0.330783451279795,0.0940342843725106,0.738329611809112,7,36,0.792031183033297
CD8.TPEX,Classical monocyte-derived TAMs (S100A8+/S100A9+/CCR2+),B2M,LILRB2,0.335720273325801,3.52680878347361,4.86903498702306,7,37,0.793988744583413
CD8.TPEX,Classical monocyte-derived TAMs (S100A8+/S100A9+/CCR2+),HLA-A,LILRB2,0.335720273325801,2.66025874705848,4.02370237994042,7,37,0.793988744583413
CD8.TPEX,Classical monocyte-derived TAMs (S100A8+/S100A9+/CCR2+),HLA-B,LILRB2,0.335669179729857,2.88805817438226,3.68506335740366,7,37,0.793988744583413
Tissue-resident immunosuppressive TAMs (anti-inflammatory/M2-like),CD8.TPEX,HLA-A,CD8B,0.334853679194753,2.88796303504838,3.48031375362851,9,39,0.793988744583413
CD8.TEX,Tissue-resident immunosuppressive TAMs (anti-inflammatory/M2-like),CCL5,CCR1,0.337094935658009,1.36480337453423,1.32069685899569,9,38,0.794801820771637
Inflammatory monocyte-derived TAMs (FCN1+/S100A8+),CD8.TPEX,HBEGF,CD44,0.338910087167159,1.85022378986737,1.74702765647333,9,40,0.795101658761763
Inflammatory monocyte-derived TAMs (FCN1+/S100A8+),CD8.TPEX,HLA-C,CD3G,0.339284624815331,2.70894194389697,3.51272777329571,9,40,0.795101658761763
CD8.TPEX,Tissue-resident immunosuppressive TAMs (anti-inflammatory/M2-like),IFNG,IFNGR1_IFNGR2,0.341516668094999,1.01909791201672,1.14472064459616,9,39,0.795771267500319
CD8.TPEX,Tissue-resident immunosuppressive TAMs (anti-inflammatory/M2-like),RPS19,C5AR1,0.341634616786777,4.51517265544997,4.43616486701192,9,39,0.795771267500319
Classical monocyte-derived TAMs (S100A8+/S100A9+/CCR2+),CD8.TPEX,HLA-C,CD3G,0.34368366474985,3.05393672278702,3.68036655219835,7,37,0.798132847958237
IFN-stimulated immunomodulatory TAMs (ISG-high/PD-L1+/IDO1+),CD8.TEX,NECTIN2,CD226,0.346925935430625,0.104616775626549,0.163282985967231,7,36,0.803242931582619
CD8.TEX,Classical monocyte-derived TAMs (S100A8+/S100A9+/CCR2+),B2M,LILRB2,0.348441496026943,3.87532447509985,4.94171751325169,7,36,0.804336507295728
CD8.TPEX,Classical monocyte-derived TAMs (S100A8+/S100A9+/CCR2+),HLA-A,LILRB1,0.351142187695516,2.00389827479341,2.63221185239697,7,37,0.808151124517144
Tissue-resident immunosuppressive TAMs (anti-inflammatory/M2-like),CD8.TEX,HLA-C,CD3D,0.35711294413941,5.77249583868251,6.32060723562304,9,38,0.819446666462754
Inflammatory monocyte-derived TAMs (FCN1+/S100A8+),CD8.TEX,HLA-B,KLRD1,0.361422863366637,2.83911032208562,2.84866314138083,9,39,0.824366021272946
Inflammatory monocyte-derived TAMs (FCN1+/S100A8+),CD8.TEX,HLA-DRB5,LAG3,0.361422863366637,1.46617405695408,1.93105630115195,9,39,0.824366021272946
Classical monocyte-derived TAMs (S100A8+/S100A9+/CCR2+),CD8.TEX,VCAN,CD44,0.364617135639433,0.355759575857783,1.0028640177898,7,36,0.824366021272946
CD8.TEX,Classical monocyte-derived TAMs (S100A8+/S100A9+/CCR2+),HLA-A,LILRB1,0.364617135639433,1.92194816103034,2.66996040990764,7,36,0.824366021272946
Stress-response immunosuppressive TAMs (MARCO+/PPARG+/HSP-high),CD8.TPEX,LGALS3,LAG3,0.368879737145482,1.79606193821933,1.91974746099291,7,37,0.824366021272946
CD8.TPEX,IFN-stimulated immunomodulatory TAMs (ISG-high/PD-L1+/IDO1+),CD99,PILRA,0.368609552805706,0.59290266419353,1.19304223469911,7,37,0.824366021272946
CD8.TEX,Classical monocyte-derived TAMs (S100A8+/S100A9+/CCR2+),HLA-A,LILRB2,0.365614942042033,2.82887133907229,4.00052581985505,7,36,0.824366021272946
CD8.TPEX,Classical monocyte-derived TAMs (S100A8+/S100A9+/CCR2+),HLA-C,LILRB1,0.36800041396045,1.68469248327259,2.37897688247027,7,37,0.824366021272946
Proliferating TAMs (cycling/MKI67+),CD8.TPEX,C1QB,C1QBP,0.368567421589742,0.783730737817452,1.0752843559755,7,32,0.824366021272946
Classical monocyte-derived TAMs (S100A8+/S100A9+/CCR2+),CD8.TEX,B2M,CD3D,0.373675688957655,10.2378957698089,10.713404810824,7,36,0.825512768442268
Stress-response immunosuppressive TAMs (MARCO+/PPARG+/HSP-high),CD8.TEX,HLA-B,CD8B,0.373675688957655,5.28388133196492,4.11371062431957,7,36,0.825512768442268
Classical monocyte-derived TAMs (S100A8+/S100A9+/CCR2+),CD8.TEX,HLA-B,CD3G,0.373675688957655,5.73214982106003,5.39822849898996,7,36,0.825512768442268
Stress-response immunosuppressive TAMs (MARCO+/PPARG+/HSP-high),CD8.TEX,HLA-A,CD3G,0.373675688957655,5.64085740706496,4.99264914023869,7,36,0.825512768442268
CD8.TPEX,Stress-response immunosuppressive TAMs (MARCO+/PPARG+/HSP-high),CXCL13,ACKR1,0.378266902100581,0,0,7,37,0.82787656486837
CD8.TPEX,Stress-response immunosuppressive TAMs (MARCO+/PPARG+/HSP-high),CCL5,ACKR1,0.378266902100581,0,0,7,37,0.82787656486837
Classical monocyte-derived TAMs (S100A8+/S100A9+/CCR2+),CD8.TPEX,VCAN,CD44,0.376142161884116,0.437629372135843,1.13540612927194,7,37,0.82787656486837
Stress-response immunosuppressive TAMs (MARCO+/PPARG+/HSP-high),CD8.TEX,MRC1,PTPRC,0.380341180506445,2.17872212015317,1.45646116205005,7,36,0.82787656486837
Inflammatory monocyte-derived TAMs (FCN1+/S100A8+),CD8.TPEX,B2M,CD3D,0.379352790638067,7.57468429920286,8.53136423319788,9,40,0.82787656486837
Stress-response immunosuppressive TAMs (MARCO+/PPARG+/HSP-high),CD8.TEX,HLA-DQA1,LAG3,0.383253290224991,2.19250596977464,2.4517499909038,7,36,0.82787656486837
CD8.TEX,Classical monocyte-derived TAMs (S100A8+/S100A9+/CCR2+),HLA-C,LILRB1,0.38231708070219,1.59644678390951,2.38641215598377,7,36,0.82787656486837
Tissue-resident immunosuppressive TAMs (anti-inflammatory/M2-like),CD8.TPEX,HLA-B,CD8B,0.383335841320374,3.20950028223726,3.58896242829568,9,39,0.82787656486837
CD8.TPEX,IFN-stimulated immunomodulatory TAMs (ISG-high/PD-L1+/IDO1+),CCL5,CCR1,0.386125508454483,0.691013267416498,1.23347136542171,7,37,0.829579235585653
IFN-stimulated immunomodulatory TAMs (ISG-high/PD-L1+/IDO1+),CD8.TPEX,B2M,CD247,0.38627619400162,3.14041972256207,3.438380429327,7,37,0.829579235585653
CD8.TEX,Stress-response immunosuppressive TAMs (MARCO+/PPARG+/HSP-high),CXCL13,ACKR1,0.391723651194593,0,0,7,36,0.832008085595127
CD8.TEX,Stress-response immunosuppressive TAMs (MARCO+/PPARG+/HSP-high),CCL5,ACKR1,0.391723651194593,0,0,7,36,0.832008085595127
Classical monocyte-derived TAMs (S100A8+/S100A9+/CCR2+),CD8.TEX,HLA-A,CD8A,0.391500414875643,7.55409868735998,7.95023130067224,7,36,0.832008085595127
Stress-response immunosuppressive TAMs (MARCO+/PPARG+/HSP-high),CD8.TEX,HLA-DPA1,LAG3,0.391500414875643,3.45793079751026,3.60055031996569,7,36,0.832008085595127
Stress-response immunosuppressive TAMs (MARCO+/PPARG+/HSP-high),CD8.TPEX,HLA-E,CD8A,0.394474372091771,4.38834998248914,4.43323072725906,7,37,0.834333562965781
Stress-response immunosuppressive TAMs (MARCO+/PPARG+/HSP-high),CD8.TPEX,HLA-B,CD3G,0.394982815152412,3.19409278972241,3.95884084036333,7,37,0.834333562965781
TREM2+/APOE+ lipid-associated immunosuppressive TAMs (LAMs),CD8.TEX,HLA-B,CD3D,0.397903429488222,6.83587616898459,7.7641851270165,10,39,0.838206404741583
CD8.TEX,IFN-stimulated immunomodulatory TAMs (ISG-high/PD-L1+/IDO1+),CCL5,CCR1,0.401460823926354,0.998681471420788,1.79911242984082,7,36,0.841104063171791
Classical monocyte-derived TAMs (S100A8+/S100A9+/CCR2+),CD8.TEX,S100A8,ITGB2,0.401354116143878,1.52208497432029,2.07333367661187,7,36,0.841104063171791
TREM2+/APOE+ lipid-associated immunosuppressive TAMs (LAMs),CD8.TPEX,B2M,CD247,0.40268909993651,3.34501254752044,3.39708364109541,10,40,0.841391046208806
Classical monocyte-derived TAMs (S100A8+/S100A9+/CCR2+),CD8.TPEX,ADO,ADORA2A,0.403815413795503,0,0,7,37,0.841464010909007
Classical monocyte-derived TAMs (S100A8+/S100A9+/CCR2+),CD8.TEX,LYZ,ITGAL,0.409809498563715,1.94199772387087,1.62591152018677,7,36,0.841470995945191
IFN-stimulated immunomodulatory TAMs (ISG-high/PD-L1+/IDO1+),CD8.TEX,SECTM1,CD7,0.410809072829511,1.08945745130064,1.6725354731912,7,36,0.841470995945191
Stress-response immunosuppressive TAMs (MARCO+/PPARG+/HSP-high),CD8.TEX,HLA-C,CD8B,0.409809498563715,4.39418920775407,3.86433885232088,7,36,0.841470995945191
Classical monocyte-derived TAMs (S100A8+/S100A9+/CCR2+),CD8.TEX,ICAM1,IL2RG,0.410207510989274,1.18906423732198,0.60310728779613,7,36,0.841470995945191
CD8.TPEX,Classical monocyte-derived TAMs (S100A8+/S100A9+/CCR2+),PTMA,VIPR1,0.412549982447837,0,0,7,37,0.841470995945191
Proliferating TAMs (cycling/MKI67+),CD8.TPEX,HLA-DPB1,LAG3,0.41017686802456,2.20930944262855,3.09037018790064,7,32,0.841470995945191
TREM2+/APOE+ lipid-associated immunosuppressive TAMs (LAMs),CD8.TEX,HLA-E,CD8B,0.411823087098117,2.53540570346044,2.83919606392553,10,39,0.841470995945191
CD8.TPEX,TREM2+/APOE+ lipid-associated immunosuppressive TAMs (LAMs),IFNG,IFNGR1_IFNGR2,0.409474253170716,0.747274122220012,0.81609639735,10,40,0.841470995945191
Stress-response immunosuppressive TAMs (MARCO+/PPARG+/HSP-high),CD8.TPEX,RETN,GPR25,0.414713430386682,0.0249099147038498,0,7,37,0.843651859704834
Inflammatory monocyte-derived TAMs (FCN1+/S100A8+),CD8.TPEX,HLA-DPB1,LAG3,0.416018992922883,2.51075949648212,2.93409739303906,9,40,0.84408064090406
Proliferating TAMs (cycling/MKI67+),CD8.TEX,HLA-DRB5,LAG3,0.418148485420601,1.17244401313479,1.97513180548963,7,31,0.846174494118855
CD8.TEX,Classical monocyte-derived TAMs (S100A8+/S100A9+/CCR2+),IFNG,IFNGR1_IFNGR2,0.420177945514766,1.21140120345198,1.32441037390204,7,36,0.848055486889749
IFN-stimulated immunomodulatory TAMs (ISG-high/PD-L1+/IDO1+),CD8.TPEX,HLA-DRB5,LAG3,0.422429650213497,1.10451386267676,1.56928125437861,7,37,0.850374047818814
Stress-response immunosuppressive TAMs (MARCO+/PPARG+/HSP-high),CD8.TPEX,LGALS1,CD69,0.430784637638983,7.03590420791869,7.49956392133884,7,37,0.858501040238743
Classical monocyte-derived TAMs (S100A8+/S100A9+/CCR2+),CD8.TEX,HLA-B,CD8B,0.428594002615557,5.22247332032151,4.73833505617302,7,36,0.858501040238743
CD8.TEX,IFN-stimulated immunomodulatory TAMs (ISG-high/PD-L1+/IDO1+),HLA-C,LILRB2,0.429777857434144,3.73576300660751,3.1993632733501,7,36,0.858501040238743
Proliferating TAMs (cycling/MKI67+),CD8.TPEX,HLA-C,CD8B,0.430920755606217,2.56799617541555,3.19803580650108,7,32,0.858501040238743
Proliferating TAMs (cycling/MKI67+),CD8.TEX,LGALS1,CD69,0.437533121356651,6.28879637757484,6.23678998912138,7,31,0.864969324528148
Inflammatory monocyte-derived TAMs (FCN1+/S100A8+),CD8.TPEX,HLA-E,CD8A,0.437513518970447,4.36079453032345,4.59668122170073,9,40,0.864969324528148
Tissue-resident immunosuppressive TAMs (anti-inflammatory/M2-like),CD8.TPEX,B2M,CD3G,0.435724538031166,3.84991313732427,4.97564173410178,9,39,0.864969324528148
Stress-response immunosuppressive TAMs (MARCO+/PPARG+/HSP-high),CD8.TPEX,HLA-C,CD8B,0.441177654563932,3.13385190029244,2.91018231905284,7,37,0.869943661557013
Tissue-resident immunosuppressive TAMs (anti-inflammatory/M2-like),CD8.TEX,HLA-E,CD8B,0.44753894297567,3.07078004776347,3.05679350709301,9,38,0.87860420826276
Stress-response immunosuppressive TAMs (MARCO+/PPARG+/HSP-high),CD8.TEX,LGALS1,PTPRC,0.447848837674792,6.21395181645674,6.33201193118502,7,36,0.87860420826276
Inflammatory monocyte-derived TAMs (FCN1+/S100A8+),CD8.TEX,B2M,KLRD1,0.450221824892423,3.60068362767085,3.81526330306343,9,39,0.878787410106476
Tissue-resident immunosuppressive TAMs (anti-inflammatory/M2-like),CD8.TPEX,HLA-E,CD8A,0.450221824892423,4.94749093742368,5.0923187524126,9,39,0.878787410106476
Classical monocyte-derived TAMs (S100A8+/S100A9+/CCR2+),CD8.TPEX,HLA-DQB1,LAG3,0.460492493480834,2.12694912096244,2.3530357749569,7,37,0.880991842366558
Stress-response immunosuppressive TAMs (MARCO+/PPARG+/HSP-high),CD8.TPEX,FN1,ITGA4_ITGB7,0.459954379052285,0.369491959308984,0.66231938031759,7,37,0.880991842366558
Inflammatory monocyte-derived TAMs (FCN1+/S100A8+),CD8.TPEX,HLA-B,CD8A,0.452789516894479,7.18704592678738,7.65990018151894,9,40,0.880991842366558
Classical monocyte-derived TAMs (S100A8+/S100A9+/CCR2+),CD8.TPEX,VCAN,ITGA4,0.457882169643785,0,0.573687135096344,7,37,0.880991842366558
CD8.TPEX,Classical monocyte-derived TAMs (S100A8+/S100A9+/CCR2+),HMGB1,CD163,0.459621221291196,2.94189454413665,1.58922372503813,7,37,0.880991842366558
CD8.TPEX,Classical monocyte-derived TAMs (S100A8+/S100A9+/CCR2+),HLA-C,LILRB2,0.460492493480834,2.85868624252319,3.55177363980652,7,37,0.880991842366558
TREM2+/APOE+ lipid-associated immunosuppressive TAMs (LAMs),CD8.TPEX,LYZ,ITGAL,0.458857003919559,1.16409085891171,0.912977733837246,10,40,0.880991842366558
Classical monocyte-derived TAMs (S100A8+/S100A9+/CCR2+),CD8.TPEX,B2M,CD247,0.460445076488764,3.36289610529398,3.41085063760821,7,37,0.880991842366558
Classical monocyte-derived TAMs (S100A8+/S100A9+/CCR2+),CD8.TEX,HLA-DQA1,LAG3,0.467562521656918,3.18915288281328,3.35198166400975,7,36,0.881395364786024
Inflammatory monocyte-derived TAMs (FCN1+/S100A8+),CD8.TEX,CXCL16,CXCR6,0.466096721195976,1.16503227206069,0.954772749948784,9,39,0.881395364786024
Inflammatory monocyte-derived TAMs (FCN1+/S100A8+),CD8.TEX,HLA-C,CD8B,0.466096721195976,4.28177812487908,3.91411317367858,9,39,0.881395364786024
Inflammatory monocyte-derived TAMs (FCN1+/S100A8+),CD8.TEX,B2M,CD3G,0.466096721195976,7.32558932845643,6.5421385157809,9,39,0.881395364786024
IFN-stimulated immunomodulatory TAMs (ISG-high/PD-L1+/IDO1+),CD8.TEX,LGALS1,CD69,0.467562521656918,4.94078998751347,5.65437973410659,7,36,0.881395364786024
Stress-response immunosuppressive TAMs (MARCO+/PPARG+/HSP-high),CD8.TEX,B2M,CD247,0.467562521656918,3.50121543318416,3.94104948025334,7,36,0.881395364786024
CD8.TPEX,Tissue-resident immunosuppressive TAMs (anti-inflammatory/M2-like),HMGB1,CD163,0.475610897112558,1.6252635074239,1.71670315199969,9,39,0.88801797790982
CD8.TPEX,Tissue-resident immunosuppressive TAMs (anti-inflammatory/M2-like),HSP90B1,TLR2,0.475058809226565,0.795257870063552,0.764738308346659,9,39,0.88801797790982
Proliferating TAMs (cycling/MKI67+),CD8.TPEX,HLA-C,CD8A,0.475368528152276,5.69193416250462,6.11711035064544,7,32,0.88801797790982
Tissue-resident immunosuppressive TAMs (anti-inflammatory/M2-like),CD8.TPEX,HLA-C,CD8B,0.475682781941317,2.80925365532485,3.0160361911296,9,39,0.88801797790982
IFN-stimulated immunomodulatory TAMs (ISG-high/PD-L1+/IDO1+),CD8.TEX,TGM2,ADGRG1,0.47737905323104,0.0790157479150384,0.0815191760552328,7,36,0.889032004930269
Stress-response immunosuppressive TAMs (MARCO+/PPARG+/HSP-high),CD8.TPEX,HLA-DRA,LAG3,0.480220722310563,3.61615956282762,3.99717070934268,7,37,0.890077627139868
Tissue-resident immunosuppressive TAMs (anti-inflammatory/M2-like),CD8.TEX,LGALS1,CD69,0.480249407120862,3.27442308353224,4.38210526167805,9,38,0.890077627139868
IFN-stimulated immunomodulatory TAMs (ISG-high/PD-L1+/IDO1+),CD8.TPEX,CXCL10,CXCR3,0.497061580519963,0.397738753501928,0.933379201864762,7,37,0.898847010290147
Stress-response immunosuppressive TAMs (MARCO+/PPARG+/HSP-high),CD8.TEX,B2M,CD3D,0.487727792919303,9.67697617256558,10.2009909011549,7,36,0.898847010290147
Stress-response immunosuppressive TAMs (MARCO+/PPARG+/HSP-high),CD8.TPEX,MRC1,PTPRC,0.497061580519963,2.09845686248405,1.67231901020017,7,37,0.898847010290147
Classical monocyte-derived TAMs (S100A8+/S100A9+/CCR2+),CD8.TEX,HLA-B,KLRD1,0.487727792919303,2.86608837848046,2.96663857303484,7,36,0.898847010290147
Proliferating TAMs (cycling/MKI67+),CD8.TEX,HLA-C,CD8A,0.497805023857189,6.83741418845944,6.95193770609236,7,31,0.898847010290147
Tissue-resident immunosuppressive TAMs (anti-inflammatory/M2-like),CD8.TEX,HLA-C,CD8A,0.497063540152884,6.87789661536324,7.04919221537219,9,38,0.898847010290147
IFN-stimulated immunomodulatory TAMs (ISG-high/PD-L1+/IDO1+),CD8.TPEX,PDCD1LG2,PDCD1,0.496701230726892,0,0.0314072831826635,7,37,0.898847010290147
Inflammatory monocyte-derived TAMs (FCN1+/S100A8+),CD8.TPEX,VCAN,ITGA4,0.493611250487995,0.927282081999602,0.882300652841463,9,40,0.898847010290147
Stress-response immunosuppressive TAMs (MARCO+/PPARG+/HSP-high),CD8.TPEX,HLA-A,CD3G,0.490117315306603,3.71200295006014,3.72584829041591,7,37,0.898847010290147
Stress-response immunosuppressive TAMs (MARCO+/PPARG+/HSP-high),CD8.TEX,CD59,CD2,0.494061259491795,0.673819545622367,0.608152094221649,7,36,0.898847010290147
Inflammatory monocyte-derived TAMs (FCN1+/S100A8+),CD8.TPEX,VCAN,ITGB1,0.493213544119663,0.904146118990232,0.621371991780392,9,40,0.898847010290147
CD8.TPEX,Proliferating TAMs (cycling/MKI67+),CXCL13,CXCR5,0.500870661285309,0,0,7,32,0.900400099784605
TREM2+/APOE+ lipid-associated immunosuppressive TAMs (LAMs),CD8.TEX,HLA-DRB5,LAG3,0.50100083373229,1.67210166884742,2.02656082592689,10,39,0.900400099784605
IFN-stimulated immunomodulatory TAMs (ISG-high/PD-L1+/IDO1+),CD8.TEX,HLA-DRB5,LAG3,0.508331307417793,1.8334068719347,2.1125338591953,7,36,0.902270468964012
Classical monocyte-derived TAMs (S100A8+/S100A9+/CCR2+),CD8.TEX,B2M,KLRD1,0.508331307417793,3.99732757416366,3.94807195509099,7,36,0.902270468964012
Classical monocyte-derived TAMs (S100A8+/S100A9+/CCR2+),CD8.TEX,HLA-C,CD3G,0.508331307417793,4.80225538918858,4.83179568519174,7,36,0.902270468964012
Inflammatory monocyte-derived TAMs (FCN1+/S100A8+),CD8.TPEX,HLA-DQB1,LAG3,0.510233365069143,1.58898589887616,2.02432587834844,9,40,0.902270468964012
CD8.TEX,Tissue-resident immunosuppressive TAMs (anti-inflammatory/M2-like),RPS19,C5AR1,0.507699984144787,4.34454861332268,4.28799361406396,9,38,0.902270468964012
Proliferating TAMs (cycling/MKI67+),CD8.TEX,HLA-A,CD3G,0.506267860176529,3.89418551363775,4.64718554176168,7,31,0.902270468964012
Inflammatory monocyte-derived TAMs (FCN1+/S100A8+),CD8.TPEX,LYZ,ITGAL,0.509671188847189,1.24486574323247,1.12660700666291,9,40,0.902270468964012
IFN-stimulated immunomodulatory TAMs (ISG-high/PD-L1+/IDO1+),CD8.TPEX,S100A8,CD69,0.531001905353829,3.40355938318149,3.70455386803287,7,37,0.911792778001104
Inflammatory monocyte-derived TAMs (FCN1+/S100A8+),CD8.TEX,S100A8,CD69,0.53248898233448,3.25594975520525,4.91371550223857,9,39,0.911792778001104
CD8.TEX,Proliferating TAMs (cycling/MKI67+),CXCL13,CXCR5,0.519502818149021,0,0,7,31,0.911792778001104
IFN-stimulated immunomodulatory TAMs (ISG-high/PD-L1+/IDO1+),CD8.TEX,HLA-E,CD8B,0.529363320896891,3.59978896617353,3.15275437158348,7,36,0.911792778001104
IFN-stimulated immunomodulatory TAMs (ISG-high/PD-L1+/IDO1+),CD8.TEX,HLA-B,CD8B,0.529363320896891,5.40923193293444,4.58094411717702,7,36,0.911792778001104
Inflammatory monocyte-derived TAMs (FCN1+/S100A8+),CD8.TPEX,VEGFA,CD44,0.5333573837594,1.93073745651937,1.74645372971239,9,40,0.911792778001104
Proliferating TAMs (cycling/MKI67+),CD8.TEX,HLA-B,CD8B,0.530324424480771,4.48254059035287,4.11051903449318,7,31,0.911792778001104
Classical monocyte-derived TAMs (S100A8+/S100A9+/CCR2+),CD8.TEX,VCAN,ITGA4,0.520312700001482,0.344805032203543,0.649447084508621,7,36,0.911792778001104
Classical monocyte-derived TAMs (S100A8+/S100A9+/CCR2+),CD8.TPEX,LYZ,ITGAL,0.531001905353829,1.81074150462668,1.37372823783187,7,37,0.911792778001104
Stress-response immunosuppressive TAMs (MARCO+/PPARG+/HSP-high),CD8.TEX,HLA-A,CD8A,0.529363320896891,7.84089583946407,7.71407008608835,7,36,0.911792778001104
Classical monocyte-derived TAMs (S100A8+/S100A9+/CCR2+),CD8.TPEX,HLA-A,CD8A,0.529191686302771,7.14144247695153,7.29846124394275,7,37,0.911792778001104
Inflammatory monocyte-derived TAMs (FCN1+/S100A8+),CD8.TPEX,VCAN,CD44,0.5333573837594,1.7763086813606,1.4387235596141,9,40,0.911792778001104
IFN-stimulated immunomodulatory TAMs (ISG-high/PD-L1+/IDO1+),CD8.TPEX,HLA-C,CD8B,0.520978110930375,3.16862678422159,3.56806930361377,7,37,0.911792778001104
Stress-response immunosuppressive TAMs (MARCO+/PPARG+/HSP-high),CD8.TPEX,HLA-A,CD3D,0.529191686302771,6.23193032031321,5.87172188328325,7,37,0.911792778001104
Tissue-resident immunosuppressive TAMs (anti-inflammatory/M2-like),CD8.TPEX,ICOSLG,ICOS,0.532933463302769,0.0213577886979029,0.064067660068656,9,39,0.911792778001104
IFN-stimulated immunomodulatory TAMs (ISG-high/PD-L1+/IDO1+),CD8.TPEX,B2M,CD3D,0.550101606009598,9.10261935974461,9.26424031017748,7,37,0.918123109579032
IFN-stimulated immunomodulatory TAMs (ISG-high/PD-L1+/IDO1+),CD8.TEX,HLA-B,CD3G,0.550808254960866,5.49605167671262,5.34415441202249,7,36,0.918123109579032
IFN-stimulated immunomodulatory TAMs (ISG-high/PD-L1+/IDO1+),CD8.TEX,B2M,KLRD1,0.550808254960866,4.26178995475868,3.94209949355029,7,36,0.918123109579032
Classical monocyte-derived TAMs (S100A8+/S100A9+/CCR2+),CD8.TPEX,CD86,CTLA4,0.54180177077117,1.31200226066107,1.29105228352479,7,37,0.918123109579032
Proliferating TAMs (cycling/MKI67+),CD8.TEX,HLA-B,CD3D,0.554922657670336,6.33884324003113,7.35604525646216,7,31,0.918123109579032
CD8.TEX,Classical monocyte-derived TAMs (S100A8+/S100A9+/CCR2+),HMGB1,CD163,0.542481109149826,3.48806578684728,1.96415211902634,7,36,0.918123109579032
CD8.TPEX,IFN-stimulated immunomodulatory TAMs (ISG-high/PD-L1+/IDO1+),IFNG,IFNGR1_IFNGR2,0.552628418581965,0.775872874084303,1.01452608801761,7,37,0.918123109579032
Proliferating TAMs (cycling/MKI67+),CD8.TPEX,HMGB1,CXCR4,0.554011761442102,7.05076422622623,6.14063005480138,7,32,0.918123109579032
Classical monocyte-derived TAMs (S100A8+/S100A9+/CCR2+),CD8.TEX,B2M,CD247,0.550808254960866,4.35783720814699,4.07671180865049,7,36,0.918123109579032
Classical monocyte-derived TAMs (S100A8+/S100A9+/CCR2+),CD8.TEX,CD48,CD2,0.542633669707816,1.7233148248277,1.63363018801428,7,36,0.918123109579032
CD8.TEX,Stress-response immunosuppressive TAMs (MARCO+/PPARG+/HSP-high),CCL5,CCR1,0.5494025081603,0.47974851500595,0.94014496967794,7,36,0.918123109579032
Stress-response immunosuppressive TAMs (MARCO+/PPARG+/HSP-high),CD8.TPEX,HBEGF,CD82,0.551588365557799,0.479773332626271,0.694877558360931,7,37,0.918123109579032
Tissue-resident immunosuppressive TAMs (anti-inflammatory/M2-like),CD8.TPEX,IL10,CD70,0.55027892689372,0,0.0134818670634602,9,39,0.918123109579032
Inflammatory monocyte-derived TAMs (FCN1+/S100A8+),CD8.TEX,LGALS1,PTPRC,0.549778814303663,6.27826022777459,6.38350648026863,9,39,0.918123109579032
Inflammatory monocyte-derived TAMs (FCN1+/S100A8+),CD8.TPEX,HLA-C,CD3D,0.550268827075581,6.0014706945449,5.64484961054461,9,40,0.918123109579032
Classical monocyte-derived TAMs (S100A8+/S100A9+/CCR2+),CD8.TEX,F13A1,ITGB1,0.559364260661339,0.412868679093994,0.308481079076796,7,36,0.923490032055444
Tissue-resident immunosuppressive TAMs (anti-inflammatory/M2-like),CD8.TEX,CD14,ITGB1,0.56722435032974,1.36374154036795,1.68207794127359,9,38,0.924367547891978
CD8.TEX,Classical monocyte-derived TAMs (S100A8+/S100A9+/CCR2+),HMGB1,TLR2,0.564297570639959,1.18213688842419,1.30237574381745,7,36,0.924367547891978
Inflammatory monocyte-derived TAMs (FCN1+/S100A8+),CD8.TEX,HLA-B,CD3G,0.567331175792137,5.15068619690886,5.15401173880992,9,39,0.924367547891978
TREM2+/APOE+ lipid-associated immunosuppressive TAMs (LAMs),CD8.TEX,CXCL16,CXCR6,0.568288220104796,1.37413049297189,0.991829271432018,10,39,0.924367547891978
TREM2+/APOE+ lipid-associated immunosuppressive TAMs (LAMs),CD8.TEX,HLA-C,CD3D,0.565517187264799,6.38178055164349,6.73715993354571,10,39,0.924367547891978
Inflammatory monocyte-derived TAMs (FCN1+/S100A8+),CD8.TEX,HLA-E,CD8A,0.567331175792137,4.83881006443411,4.9994419121585,9,39,0.924367547891978
Tissue-resident immunosuppressive TAMs (anti-inflammatory/M2-like),CD8.TPEX,HLA-E,CD8B,0.561120773765904,2.15824278365502,2.55523318545975,9,39,0.924367547891978
Tissue-resident immunosuppressive TAMs (anti-inflammatory/M2-like),CD8.TPEX,CD14,ITGA4,0.578893623261333,1.29973191454776,1.36423313853198,9,39,0.924966502296669
Inflammatory monocyte-derived TAMs (FCN1+/S100A8+),CD8.TEX,HLA-B,CD8B,0.58513823664785,4.9211352038513,4.29870290165002,9,39,0.924966502296669
TREM2+/APOE+ lipid-associated immunosuppressive TAMs (LAMs),CD8.TPEX,FN1,ITGA4_ITGB1,0.585088354304508,0.457740697655912,0.407890977278494,10,40,0.924966502296669
Classical monocyte-derived TAMs (S100A8+/S100A9+/CCR2+),CD8.TEX,CD86,CTLA4,0.575970604683245,1.12796417508666,1.13073389330662,7,36,0.924966502296669
CD8.TEX,IFN-stimulated immunomodulatory TAMs (ISG-high/PD-L1+/IDO1+),HLA-F,LILRB2,0.575970604683245,1.10432453315219,0.954992828691848,7,36,0.924966502296669
Tissue-resident immunosuppressive TAMs (anti-inflammatory/M2-like),CD8.TEX,HLA-B,CD8A,0.585452208976361,8.16631904989771,7.88115149438947,9,38,0.924966502296669
IFN-stimulated immunomodulatory TAMs (ISG-high/PD-L1+/IDO1+),CD8.TPEX,HLA-C,CD8A,0.57139252215677,7.31331811282233,7.2710760724815,7,37,0.924966502296669
IFN-stimulated immunomodulatory TAMs (ISG-high/PD-L1+/IDO1+),CD8.TPEX,HLA-E,CD8A,0.57139252215677,5.26100370433793,5.44275436547382,7,37,0.924966502296669
CD8.TPEX,IFN-stimulated immunomodulatory TAMs (ISG-high/PD-L1+/IDO1+),HLA-C,LILRB2,0.574423179567984,3.60659637642022,3.15822540417936,7,37,0.924966502296669
TREM2+/APOE+ lipid-associated immunosuppressive TAMs (LAMs),CD8.TPEX,MMP9,CD44,0.584183466934562,0.236982992704708,0.321503811939379,10,40,0.924966502296669
Classical monocyte-derived TAMs (S100A8+/S100A9+/CCR2+),CD8.TPEX,VCAN,ITGB1,0.580523880655604,0,0.530664747098783,7,37,0.924966502296669
IFN-stimulated immunomodulatory TAMs (ISG-high/PD-L1+/IDO1+),CD8.TEX,B2M,CD247,0.572654689590535,3.85169071731923,4.20352322079895,7,36,0.924966502296669
Stress-response immunosuppressive TAMs (MARCO+/PPARG+/HSP-high),CD8.TPEX,HLA-B,CD8B,0.585366608492535,3.72588100456952,3.30134125925262,7,37,0.924966502296669
Inflammatory monocyte-derived TAMs (FCN1+/S100A8+),CD8.TPEX,HLA-C,CD8B,0.578768628873087,2.98829746573859,3.096273398208,9,40,0.924966502296669
Stress-response immunosuppressive TAMs (MARCO+/PPARG+/HSP-high),CD8.TEX,CD86,CTLA4,0.587119343028636,0.77622150215304,0.786258376434209,7,36,0.925703504039014
IFN-stimulated immunomodulatory TAMs (ISG-high/PD-L1+/IDO1+),CD8.TEX,HLA-B,CD8A,0.64043473778674,8.84498992193906,8.52284701486878,7,36,0.928158571663224
Tissue-resident immunosuppressive TAMs (anti-inflammatory/M2-like),CD8.TEX,B2M,CD3D,0.622672246273636,8.78561924402381,9.80191005754902,9,38,0.928158571663224
Proliferating TAMs (cycling/MKI67+),CD8.TEX,MMP9,CD44,0.629189881555709,0.991352628292709,0.302044631356805,7,31,0.928158571663224
CD8.TEX,IFN-stimulated immunomodulatory TAMs (ISG-high/PD-L1+/IDO1+),B2M,LILRB2,0.621671771266703,4.72804137191656,4.22553829633375,7,36,0.928158571663224
IFN-stimulated immunomodulatory TAMs (ISG-high/PD-L1+/IDO1+),CD8.TPEX,SECTM1,CD7,0.641622637205404,1.08262148685305,1.60850702879392,7,37,0.928158571663224
CD8.TPEX,IFN-stimulated immunomodulatory TAMs (ISG-high/PD-L1+/IDO1+),HLA-A,LILRB2,0.596485898165556,3.6021437219892,3.41332248652267,7,37,0.928158571663224
IFN-stimulated immunomodulatory TAMs (ISG-high/PD-L1+/IDO1+),CD8.TEX,HLA-C,CD3G,0.64043473778674,5.12229522207574,4.78150302268246,7,36,0.928158571663224
IFN-stimulated immunomodulatory TAMs (ISG-high/PD-L1+/IDO1+),CD8.TEX,HLA-E,CD8A,0.594884563777301,6.26864630855039,5.89025746584159,7,36,0.928158571663224
Tissue-resident immunosuppressive TAMs (anti-inflammatory/M2-like),CD8.TEX,F13A1,ITGB1,0.616905699751289,0.884559128087773,0.713252716513174,9,38,0.928158571663224
IFN-stimulated immunomodulatory TAMs (ISG-high/PD-L1+/IDO1+),CD8.TEX,HLA-A,CD8B,0.617484471411689,4.58973783895885,4.53193411024412,7,36,0.928158571663224
CD8.TPEX,Tissue-resident immunosuppressive TAMs (anti-inflammatory/M2-like),HMGB1,TLR2,0.63436906935698,1.70366522803188,1.35314216499652,9,39,0.928158571663224
Classical monocyte-derived TAMs (S100A8+/S100A9+/CCR2+),CD8.TEX,HLA-C,CD8B,0.617484471411689,4.69256868491838,4.24435801344145,7,36,0.928158571663224
IFN-stimulated immunomodulatory TAMs (ISG-high/PD-L1+/IDO1+),CD8.TEX,HLA-A,CD3G,0.617484471411689,5.53829602578747,5.22035340561992,7,36,0.928158571663224
Classical monocyte-derived TAMs (S100A8+/S100A9+/CCR2+),CD8.TEX,B2M,CD3G,0.64043473778674,7.75679258980272,7.00613418391959,7,36,0.928158571663224
TREM2+/APOE+ lipid-associated immunosuppressive TAMs (LAMs),CD8.TEX,HLA-B,KLRD1,0.633652639393039,3.00801150134292,2.9194284915997,10,39,0.928158571663224
Classical monocyte-derived TAMs (S100A8+/S100A9+/CCR2+),CD8.TEX,HLA-E,CD8B,0.64043473778674,3.18073544691453,2.83950627825836,7,36,0.928158571663224
CD8.TEX,IFN-stimulated immunomodulatory TAMs (ISG-high/PD-L1+/IDO1+),IFNG,IFNGR1_IFNGR2,0.64043473778674,1.02076730275336,0.993465541310989,7,36,0.928158571663224
Stress-response immunosuppressive TAMs (MARCO+/PPARG+/HSP-high),CD8.TEX,HLA-C,CD3G,0.64043473778674,4.38769606185043,4.4740281511627,7,36,0.928158571663224
Stress-response immunosuppressive TAMs (MARCO+/PPARG+/HSP-high),CD8.TPEX,HLA-DRB1,LAG3,0.607660048794617,3.49854942614257,3.48752616832388,7,37,0.928158571663224
TREM2+/APOE+ lipid-associated immunosuppressive TAMs (LAMs),CD8.TEX,HLA-C,CD3G,0.616303791401319,4.52235891447817,4.39533468048559,10,39,0.928158571663224
IFN-stimulated immunomodulatory TAMs (ISG-high/PD-L1+/IDO1+),CD8.TEX,ICAM1,IL2RG,0.621671771266703,1.02063216562695,1.21690777240545,7,36,0.928158571663224
CD8.TPEX,IFN-stimulated immunomodulatory TAMs (ISG-high/PD-L1+/IDO1+),B2M,LILRB2,0.618926623407163,4.59528901231743,4.14502424937105,7,37,0.928158571663224
Tissue-resident immunosuppressive TAMs (anti-inflammatory/M2-like),CD8.TEX,HLA-A,CD8B,0.64164529013813,4.38843353405424,3.95835968130284,9,38,0.928158571663224
Tissue-resident immunosuppressive TAMs (anti-inflammatory/M2-like),CD8.TEX,B2M,CD3G,0.64164529013813,6.05250041598812,6.53981800438409,9,38,0.928158571663224
Proliferating TAMs (cycling/MKI67+),CD8.TEX,B2M,CD3G,0.631742810922378,6.10532333909037,6.83128813385592,7,31,0.928158571663224
CD8.TPEX,IFN-stimulated immunomodulatory TAMs (ISG-high/PD-L1+/IDO1+),HLA-F,LILRB2,0.596369391901896,0.739907190501322,1.00122700012031,7,37,0.928158571663224
Inflammatory monocyte-derived TAMs (FCN1+/S100A8+),CD8.TEX,VEGFA,CD44,0.621482821152029,1.56954350497949,1.49886723107013,9,39,0.928158571663224
Inflammatory monocyte-derived TAMs (FCN1+/S100A8+),CD8.TPEX,HLA-DQA1,LAG3,0.596404560912445,1.74640793988264,1.99365725973269,9,40,0.928158571663224
Classical monocyte-derived TAMs (S100A8+/S100A9+/CCR2+),CD8.TPEX,F13A1,ITGA4,0.610249258463013,0.320393023652807,0.255545129757793,7,37,0.928158571663224
Stress-response immunosuppressive TAMs (MARCO+/PPARG+/HSP-high),CD8.TPEX,HLA-C,CD8A,0.615060716219029,6.71174860311966,6.09080381360792,7,37,0.928158571663224
Classical monocyte-derived TAMs (S100A8+/S100A9+/CCR2+),CD8.TPEX,HLA-E,CD8A,0.615060716219029,4.66728552734189,4.94288492694978,7,37,0.928158571663224
CD8.TPEX,Classical monocyte-derived TAMs (S100A8+/S100A9+/CCR2+),HLA-F,LILRB2,0.630054245225558,0.65159635483345,0.982071613977072,7,37,0.928158571663224
CD8.TPEX,Proliferating TAMs (cycling/MKI67+),IFNG,IFNGR1_IFNGR2,0.62027860369464,0.679359832293115,0.637566732143897,7,32,0.928158571663224
Classical monocyte-derived TAMs (S100A8+/S100A9+/CCR2+),CD8.TPEX,HLA-C,CD3D,0.615060716219029,5.86437122171415,5.99181783073866,7,37,0.928158571663224
CD8.TEX,Stress-response immunosuppressive TAMs (MARCO+/PPARG+/HSP-high),CD99,PILRA,0.63309471317779,0.883754185620848,1.07061654514487,7,36,0.928158571663224
Inflammatory monocyte-derived TAMs (FCN1+/S100A8+),CD8.TPEX,HLA-B,CD8B,0.596554531647752,3.50965973039379,3.56923381433955,9,40,0.928158571663224
Stress-response immunosuppressive TAMs (MARCO+/PPARG+/HSP-high),CD8.TPEX,RETN,CAP1,0.626799888466507,0.174409890995817,0.542108108806509,7,37,0.928158571663224
Proliferating TAMs (cycling/MKI67+),CD8.TPEX,HLA-B,CD3G,0.595291575741672,3.22633739266684,3.57941860463424,7,32,0.928158571663224
IFN-stimulated immunomodulatory TAMs (ISG-high/PD-L1+/IDO1+),CD8.TPEX,HBEGF,CD82,0.630054245225558,0.53306536892995,0.736726591405475,7,37,0.928158571663224
Proliferating TAMs (cycling/MKI67+),CD8.TPEX,HLA-A,CD3D,0.628565346831601,5.42804203965352,5.63663503123871,7,32,0.928158571663224
Proliferating TAMs (cycling/MKI67+),CD8.TPEX,HLA-C,CD3G,0.62027860369464,2.81044704967446,3.25508511567109,7,32,0.928158571663224
CD8.TEX,TREM2+/APOE+ lipid-associated immunosuppressive TAMs (LAMs),CD99,CD81,0.599159893564292,3.77760152351651,3.59712854712312,10,39,0.928158571663224
Proliferating TAMs (cycling/MKI67+),CD8.TEX,HLA-DQB2,LAG3,0.602020730432504,0.0531572753309362,0.240185316346542,7,31,0.928158571663224
Classical monocyte-derived TAMs (S100A8+/S100A9+/CCR2+),CD8.TPEX,MRC1,PTPRC,0.627615344816321,0.835532453034912,1.40124824009455,7,37,0.928158571663224
CD8.TEX,IFN-stimulated immunomodulatory TAMs (ISG-high/PD-L1+/IDO1+),HLA-B,LILRB2,0.645097397805396,4.62372215922412,3.18073497489246,7,36,0.929663726556935
Classical monocyte-derived TAMs (S100A8+/S100A9+/CCR2+),CD8.TEX,HBEGF,CD82,0.644672363480653,0.633115976312995,0.651416535425211,7,36,0.929663726556935
Proliferating TAMs (cycling/MKI67+),CD8.TPEX,MMP9,CD44,0.652976971416972,1.02076026590123,0.368656085758133,7,32,0.937771702873333
Stress-response immunosuppressive TAMs (MARCO+/PPARG+/HSP-high),CD8.TPEX,HLA-DQB1,LAG3,0.653156166592711,1.55761500058947,1.71687540869293,7,37,0.937771702873333
Stress-response immunosuppressive TAMs (MARCO+/PPARG+/HSP-high),CD8.TEX,FN1,ITGA4_ITGB7,0.65683643155619,0.69296919919368,0.765595334073559,7,36,0.938329806254709
Stress-response immunosuppressive TAMs (MARCO+/PPARG+/HSP-high),CD8.TPEX,HLA-B,CD8A,0.660073357994067,7.24408524451319,7.16842489172155,7,37,0.938329806254709
CD8.TEX,Classical monocyte-derived TAMs (S100A8+/S100A9+/CCR2+),HLA-F,LILRB2,0.656945589118783,0.628978348215267,1.00280873069325,7,36,0.938329806254709
Tissue-resident immunosuppressive TAMs (anti-inflammatory/M2-like),CD8.TEX,B2M,CD247,0.660847061992616,3.33016355619737,3.69896854424188,9,38,0.938329806254709
Inflammatory monocyte-derived TAMs (FCN1+/S100A8+),CD8.TEX,B2M,CD247,0.658741252136477,3.88448950109983,3.82961589728003,9,39,0.938329806254709
Classical monocyte-derived TAMs (S100A8+/S100A9+/CCR2+),CD8.TPEX,TGFB1,CXCR4,0.660073357994067,2.08200342522809,3.25135182728455,7,37,0.938329806254709
Stress-response immunosuppressive TAMs (MARCO+/PPARG+/HSP-high),CD8.TEX,HLA-B,KLRD1,0.663719784506721,2.86164265558811,2.86408872985426,7,36,0.940676385762283
IFN-stimulated immunomodulatory TAMs (ISG-high/PD-L1+/IDO1+),CD8.TPEX,CXCL11,CXCR3,0.683507273957708,0.121033959063511,0.315272461431757,7,37,0.945192546986485
CD8.TPEX,Inflammatory monocyte-derived TAMs (FCN1+/S100A8+),HMGB1,THBD,0.688973036843586,2.05658615581404,1.64178728153868,9,40,0.945192546986485
Tissue-resident immunosuppressive TAMs (anti-inflammatory/M2-like),CD8.TEX,CXCL12,CXCR3,0.684368683835793,0,0.000537282888069085,9,38,0.945192546986485
IFN-stimulated immunomodulatory TAMs (ISG-high/PD-L1+/IDO1+),CD8.TEX,HLA-B,KLRD1,0.687318012839701,3.30536362386851,2.88887737660733,7,36,0.945192546986485
CD8.TPEX,Classical monocyte-derived TAMs (S100A8+/S100A9+/CCR2+),CD28,CD86,0.672593328974375,0.099778502838194,0.168029218663725,7,37,0.945192546986485
Classical monocyte-derived TAMs (S100A8+/S100A9+/CCR2+),CD8.TPEX,CD86,CD28,0.672593328974375,0.099778502838194,0.168029218663725,7,37,0.945192546986485
Inflammatory monocyte-derived TAMs (FCN1+/S100A8+),CD8.TEX,HLA-E,CD8B,0.67768913609453,2.97366985267443,2.93207921829472,9,39,0.945192546986485
CD8.TPEX,Tissue-resident immunosuppressive TAMs (anti-inflammatory/M2-like),HLA-A,LILRB1,0.672557798522801,1.43050316850114,1.45784777451268,9,39,0.945192546986485
Inflammatory monocyte-derived TAMs (FCN1+/S100A8+),CD8.TPEX,ICAM1,IL2RG,0.679249424657883,0.831259703569307,0.679171234201941,9,40,0.945192546986485
CD8.TPEX,IFN-stimulated immunomodulatory TAMs (ISG-high/PD-L1+/IDO1+),HLA-B,LILRB2,0.688341647034958,4.11668436677653,3.40155698795736,7,37,0.945192546986485
Proliferating TAMs (cycling/MKI67+),CD8.TEX,HLA-E,CD8B,0.685226195094616,2.5162861264687,2.76147640240511,7,31,0.945192546986485
IFN-stimulated immunomodulatory TAMs (ISG-high/PD-L1+/IDO1+),CD8.TPEX,TNFSF13,FAS,0.676471262245652,0.373615192136308,0.368227976583875,7,37,0.945192546986485
Tissue-resident immunosuppressive TAMs (anti-inflammatory/M2-like),CD8.TEX,HLA-C,CD3G,0.680266559738677,4.49537045845126,4.24591352913933,9,38,0.945192546986485
IFN-stimulated immunomodulatory TAMs (ISG-high/PD-L1+/IDO1+),CD8.TPEX,HLA-B,CD3D,0.683041650113328,6.82796292744955,6.80942469839295,7,37,0.945192546986485
CD8.TEX,Classical monocyte-derived TAMs (S100A8+/S100A9+/CCR2+),HLA-C,LILRB2,0.68089998078383,2.89197318811072,3.63259987736139,7,36,0.945192546986485
IFN-stimulated immunomodulatory TAMs (ISG-high/PD-L1+/IDO1+),CD8.TPEX,HLA-C,CD3G,0.688247951239127,3.31393154158832,3.81990820169048,7,37,0.945192546986485
Stress-response immunosuppressive TAMs (MARCO+/PPARG+/HSP-high),CD8.TPEX,HLA-B,CD3D,0.683041650113328,6.52755546151367,6.33664795309757,7,37,0.945192546986485
Proliferating TAMs (cycling/MKI67+),CD8.TPEX,HLA-C,CD3D,0.6737973429954,5.39680625184053,5.71333816183057,7,32,0.945192546986485
CD8.TEX,Tissue-resident immunosuppressive TAMs (anti-inflammatory/M2-like),HMGB1,CD163,0.69502390458747,2.40468195044359,2.09038029190175,9,38,0.945401379749059
TREM2+/APOE+ lipid-associated immunosuppressive TAMs (LAMs),CD8.TPEX,B2M,CD3D,0.693478006544287,9.35166828971121,9.21976306552183,10,40,0.945401379749059
Tissue-resident immunosuppressive TAMs (anti-inflammatory/M2-like),CD8.TPEX,F13A1,ITGA4,0.691501711813293,0.653293704149588,0.547564466774872,9,39,0.945401379749059
Classical monocyte-derived TAMs (S100A8+/S100A9+/CCR2+),CD8.TEX,ADO,ADORA2A,0.699420412900716,0,0,7,36,0.945401379749059
IFN-stimulated immunomodulatory TAMs (ISG-high/PD-L1+/IDO1+),CD8.TPEX,HLA-A,CD8B,0.700161073718175,3.27331345293093,3.84223027578767,7,37,0.945401379749059
IFN-stimulated immunomodulatory TAMs (ISG-high/PD-L1+/IDO1+),CD8.TPEX,LYZ,ITGAL,0.699636793742614,1.01339398357904,1.10165503820399,7,37,0.945401379749059
CD8.TPEX,Classical monocyte-derived TAMs (S100A8+/S100A9+/CCR2+),HMGB1,TLR2,0.699353348735408,0.945646802441456,1.0043539403378,7,37,0.945401379749059
Stress-response immunosuppressive TAMs (MARCO+/PPARG+/HSP-high),CD8.TPEX,HLA-A,CD8B,0.700161073718175,3.59003738252158,3.28819928148,7,37,0.945401379749059
Inflammatory monocyte-derived TAMs (FCN1+/S100A8+),CD8.TEX,APP,RPSA,0.691938917989002,1.03738097551896,1.2471674022479,9,39,0.945401379749059
TREM2+/APOE+ lipid-associated immunosuppressive TAMs (LAMs),CD8.TEX,HLA-B,CD3G,0.704938132774494,4.9811988413697,5.08149358630246,10,39,0.950187588057929
Proliferating TAMs (cycling/MKI67+),CD8.TPEX,B2M,CD3D,0.70692507225015,8.63211774204384,8.82057285522081,7,32,0.95120284590727
Stress-response immunosuppressive TAMs (MARCO+/PPARG+/HSP-high),CD8.TEX,HLA-C,CD8A,0.711212541018195,7.58039572795392,6.75602144334571,7,36,0.951426008790388
IFN-stimulated immunomodulatory TAMs (ISG-high/PD-L1+/IDO1+),CD8.TEX,HLA-C,CD3D,0.711212541018195,6.89657967366873,7.17276045107941,7,36,0.951426008790388
IFN-stimulated immunomodulatory TAMs (ISG-high/PD-L1+/IDO1+),CD8.TEX,LYZ,ITGAL,0.711212541018195,1.46995196846286,1.39234697642628,7,36,0.951426008790388
Stress-response immunosuppressive TAMs (MARCO+/PPARG+/HSP-high),CD8.TPEX,HLA-C,CD3G,0.712026987123286,3.11280445194293,3.28535889654784,7,37,0.951426008790388
CD8.TEX,IFN-stimulated immunomodulatory TAMs (ISG-high/PD-L1+/IDO1+),HLA-A,LILRB2,0.717436404138039,3.63528062330258,3.49362597214951,7,36,0.95699561866856
TREM2+/APOE+ lipid-associated immunosuppressive TAMs (LAMs),CD8.TEX,MRC1,PTPRC,0.719064082812843,2.18134453035025,1.66744509752433,10,39,0.957510203538346
CD8.TPEX,Stress-response immunosuppressive TAMs (MARCO+/PPARG+/HSP-high),HSPA8,LDLR,0.720659576149546,0.408420723566492,0.384029284190799,7,37,0.957980229674655
Classical monocyte-derived TAMs (S100A8+/S100A9+/CCR2+),CD8.TEX,MRC1,PTPRC,0.728591130378761,1.22641357919506,1.40501587284236,7,36,0.966856732395911
Classical monocyte-derived TAMs (S100A8+/S100A9+/CCR2+),CD8.TEX,HLA-B,CD8A,0.735379846285301,8.1003399781735,8.43073804676037,7,36,0.968472607198235
Inflammatory monocyte-derived TAMs (FCN1+/S100A8+),CD8.TEX,HLA-B,CD8A,0.735683221670388,8.10700610973731,8.20035638872329,9,39,0.968472607198235
Classical monocyte-derived TAMs (S100A8+/S100A9+/CCR2+),CD8.TEX,HLA-B,CD3D,0.735379846285301,8.10862218367365,8.10519014372705,7,36,0.968472607198235
Inflammatory monocyte-derived TAMs (FCN1+/S100A8+),CD8.TEX,HLA-B,CD3D,0.735683221670388,7.25658433902288,7.82746533775992,9,39,0.968472607198235
IFN-stimulated immunomodulatory TAMs (ISG-high/PD-L1+/IDO1+),CD8.TPEX,B2M,CD3G,0.736089426482706,4.18204676900275,5.61505931897473,7,37,0.968472607198235
TREM2+/APOE+ lipid-associated immunosuppressive TAMs (LAMs),CD8.TEX,LGALS1,CD69,0.741593934804824,6.78152061322428,6.7099270735127,10,39,0.972396128800203
TREM2+/APOE+ lipid-associated immunosuppressive TAMs (LAMs),CD8.TEX,LYZ,ITGAL,0.741593934804824,1.32983779327615,1.20248213527058,10,39,0.972396128800203
CD8.TEX,Inflammatory monocyte-derived TAMs (FCN1+/S100A8+),HMGB1,THBD,0.775194296529647,2.34815706962122,1.88965755816377,9,39,0.973018062152247
IFN-stimulated immunomodulatory TAMs (ISG-high/PD-L1+/IDO1+),CD8.TEX,S100A8,CD69,0.779599612169733,3.0851405552576,3.36800602409299,7,36,0.973018062152247
Classical monocyte-derived TAMs (S100A8+/S100A9+/CCR2+),CD8.TPEX,HLA-DQA1,LAG3,0.772736921680627,2.31991049169802,2.4460528838642,7,37,0.973018062152247
TREM2+/APOE+ lipid-associated immunosuppressive TAMs (LAMs),CD8.TEX,B2M,CD3D,0.760143067659937,11.1622377800982,10.9791574148712,10,39,0.973018062152247
Stress-response immunosuppressive TAMs (MARCO+/PPARG+/HSP-high),CD8.TEX,HLA-B,CD8A,0.784452847951072,8.32833384074661,8.01354873126661,7,36,0.973018062152247
IFN-stimulated immunomodulatory TAMs (ISG-high/PD-L1+/IDO1+),CD8.TEX,HLA-C,CD8A,0.784452847951072,8.124723144983,8.14242689529473,7,36,0.973018062152247
Tissue-resident immunosuppressive TAMs (anti-inflammatory/M2-like),CD8.TEX,HLA-E,CD8A,0.780233064322658,5.26286050710348,5.58026557604281,9,38,0.973018062152247
IFN-stimulated immunomodulatory TAMs (ISG-high/PD-L1+/IDO1+),CD8.TEX,B2M,CD3G,0.784452847951072,6.39388143475666,7.14837444062302,7,36,0.973018062152247
CD8.TEX,Stress-response immunosuppressive TAMs (MARCO+/PPARG+/HSP-high),CCL5,SDC4,0.77907821115596,1.49046088918132,1.03464729648892,7,36,0.973018062152247
Classical monocyte-derived TAMs (S100A8+/S100A9+/CCR2+),CD8.TEX,HLA-A,CD3G,0.784452847951072,5.21876638273384,5.05655359263096,7,36,0.973018062152247
Stress-response immunosuppressive TAMs (MARCO+/PPARG+/HSP-high),CD8.TEX,B2M,KLRD1,0.784452847951072,3.9627931851503,3.81049841945416,7,36,0.973018062152247
TREM2+/APOE+ lipid-associated immunosuppressive TAMs (LAMs),CD8.TEX,B2M,KLRD1,0.778826625905128,4.45316444475873,4.0673683975162,10,39,0.973018062152247
Stress-response immunosuppressive TAMs (MARCO+/PPARG+/HSP-high),CD8.TEX,HLA-B,CD3D,0.75980149524049,7.34856489972873,7.55155764320506,7,36,0.973018062152247
IFN-stimulated immunomodulatory TAMs (ISG-high/PD-L1+/IDO1+),CD8.TPEX,CXCL16,CXCR6,0.771448782939808,0.605421906072646,0.595357473913788,7,37,0.973018062152247
Proliferating TAMs (cycling/MKI67+),CD8.TPEX,HLA-B,CD8A,0.760929194365727,6.62510702235004,7.46036890515254,7,32,0.973018062152247
Tissue-resident immunosuppressive TAMs (anti-inflammatory/M2-like),CD8.TEX,C3,IFITM1,0.776370711541027,1.24237214838213,1.13527939420268,9,38,0.973018062152247
CD8.TEX,Inflammatory monocyte-derived TAMs (FCN1+/S100A8+),RPS19,C5AR1,0.755361531452764,5.68083149620623,4.59434341808177,9,39,0.973018062152247
CD8.TPEX,Classical monocyte-derived TAMs (S100A8+/S100A9+/CCR2+),ANXA1,FPR1,0.748005468418833,1.46987989763986,1.46728265086954,7,37,0.973018062152247
TREM2+/APOE+ lipid-associated immunosuppressive TAMs (LAMs),CD8.TPEX,FN1,CD44,0.77096516279413,0.930603511198968,0.817477810568409,10,40,0.973018062152247
CD8.TEX,Tissue-resident immunosuppressive TAMs (anti-inflammatory/M2-like),HLA-A,LILRB1,0.776490316429265,1.4334665757379,1.47145089976333,9,38,0.973018062152247
Tissue-resident immunosuppressive TAMs (anti-inflammatory/M2-like),CD8.TPEX,CXCL16,CXCR6,0.77005137036259,0.757513279561663,0.621304881935958,9,39,0.973018062152247
CD8.TEX,Stress-response immunosuppressive TAMs (MARCO+/PPARG+/HSP-high),CIRBP,TREM1,0.779306778872471,0.575823524591002,0.990619181097431,7,36,0.973018062152247
Inflammatory monocyte-derived TAMs (FCN1+/S100A8+),CD8.TPEX,CXCL16,CXCR6,0.765560826627604,0.651738680090454,0.525026407115739,9,40,0.973018062152247
TREM2+/APOE+ lipid-associated immunosuppressive TAMs (LAMs),CD8.TEX,B2M,KLRC1,0.756488906684047,2.09711641684803,1.70324952396415,10,39,0.973018062152247
Classical monocyte-derived TAMs (S100A8+/S100A9+/CCR2+),CD8.TEX,HLA-C,CD3D,0.784452847951072,6.76554447201738,7.21798718633248,7,36,0.973018062152247
CD8.TPEX,IFN-stimulated immunomodulatory TAMs (ISG-high/PD-L1+/IDO1+),HLA-C,LILRA1,0.758120810890399,0.411226669732225,0.295500285616048,7,37,0.973018062152247
Tissue-resident immunosuppressive TAMs (anti-inflammatory/M2-like),CD8.TEX,C1QB,C1QBP,0.745531761392526,0.794252378473756,0.811343496376471,9,38,0.973018062152247
Stress-response immunosuppressive TAMs (MARCO+/PPARG+/HSP-high),CD8.TEX,CXCL16,CXCR6,0.754631039142515,0.821687598799248,0.845656178715409,7,36,0.973018062152247
Tissue-resident immunosuppressive TAMs (anti-inflammatory/M2-like),CD8.TEX,HLA-B,KLRD1,0.759897147258695,2.73957691299678,2.89749902748357,9,38,0.973018062152247
Tissue-resident immunosuppressive TAMs (anti-inflammatory/M2-like),CD8.TPEX,ICAM1,IL2RG,0.751134549296105,0.762543796572923,0.808883629027261,9,39,0.973018062152247
IFN-stimulated immunomodulatory TAMs (ISG-high/PD-L1+/IDO1+),CD8.TPEX,HLA-B,CD3G,0.784976958052785,3.80034534082681,4.27834288949901,7,37,0.973018062152247
Classical monocyte-derived TAMs (S100A8+/S100A9+/CCR2+),CD8.TPEX,HLA-B,CD3D,0.777561647833613,6.98992454856555,6.81101172161136,7,37,0.973018062152247
Classical monocyte-derived TAMs (S100A8+/S100A9+/CCR2+),CD8.TEX,GNAI2,CXCR3,0.784452847951072,0.887877081907618,0.930306876324056,7,36,0.973018062152247
Stress-response immunosuppressive TAMs (MARCO+/PPARG+/HSP-high),CD8.TPEX,B2M,CD247,0.772736921680627,3.14195770296888,3.1521957592274,7,37,0.973018062152247
CD8.TPEX,Inflammatory monocyte-derived TAMs (FCN1+/S100A8+),RPS19,C5AR1,0.789881612016354,5.53144167466127,4.7817653551796,9,40,0.977526039911089
IFN-stimulated immunomodulatory TAMs (ISG-high/PD-L1+/IDO1+),CD8.TPEX,CXCL9,CXCR3,0.819996662357912,0.39691794785075,0.423633158379032,7,37,0.982279990922697
Stress-response immunosuppressive TAMs (MARCO+/PPARG+/HSP-high),CD8.TEX,S100A8,CD69,0.830651087196481,4.91448131425804,4.93700966724487,7,36,0.982279990922697
Classical monocyte-derived TAMs (S100A8+/S100A9+/CCR2+),CD8.TPEX,CD14,ITGA4,0.822158023805829,1.80288642494669,1.17394698096279,7,37,0.982279990922697
IFN-stimulated immunomodulatory TAMs (ISG-high/PD-L1+/IDO1+),CD8.TPEX,HLA-B,CD8A,0.801753773587072,8.26213964700422,8.07592656174177,7,37,0.982279990922697
Classical monocyte-derived TAMs (S100A8+/S100A9+/CCR2+),CD8.TPEX,B2M,CD3D,0.826128882014484,8.65348157701268,9.17194700042761,7,37,0.982279990922697
Classical monocyte-derived TAMs (S100A8+/S100A9+/CCR2+),CD8.TEX,HLA-A,CD8B,0.809313857318156,4.51883745941176,4.1628586322378,7,36,0.982279990922697
Classical monocyte-derived TAMs (S100A8+/S100A9+/CCR2+),CD8.TEX,HLA-C,CD8A,0.809313857318156,7.91955553419547,7.72774016198449,7,36,0.982279990922697
TREM2+/APOE+ lipid-associated immunosuppressive TAMs (LAMs),CD8.TEX,HLA-B,CD8B,0.797634939582248,4.73006706554427,4.18424063386218,10,39,0.982279990922697
Proliferating TAMs (cycling/MKI67+),CD8.TEX,SPP1,CD44,0.815613543264189,0,0.986421931904586,7,31,0.982279990922697
Proliferating TAMs (cycling/MKI67+),CD8.TEX,HLA-C,CD8B,0.821215048689092,3.82856497624052,3.79386164097214,7,31,0.982279990922697
CD8.TPEX,IFN-stimulated immunomodulatory TAMs (ISG-high/PD-L1+/IDO1+),CD28,CD80,0.818729394418526,0.0203649145840068,0.0387041706795951,7,37,0.982279990922697
IFN-stimulated immunomodulatory TAMs (ISG-high/PD-L1+/IDO1+),CD8.TPEX,CD80,CD28,0.818729394418526,0.0203649145840068,0.0387041706795951,7,37,0.982279990922697
Tissue-resident immunosuppressive TAMs (anti-inflammatory/M2-like),CD8.TPEX,B2M,CD3D,0.815275465130828,7.79751322671519,8.49723226838296,9,39,0.982279990922697
CD8.TPEX,IFN-stimulated immunomodulatory TAMs (ISG-high/PD-L1+/IDO1+),HLA-B,LILRA1,0.807914008618701,0.494836074171225,0.338995295808638,7,37,0.982279990922697
CD8.TPEX,Inflammatory monocyte-derived TAMs (FCN1+/S100A8+),CD99,PILRA,0.806227865866883,1.15968389122272,1.00929743365793,9,40,0.982279990922697
CD8.TPEX,Classical monocyte-derived TAMs (S100A8+/S100A9+/CCR2+),HSPA8,LDLR,0.800787688145084,0,0,7,37,0.982279990922697
Inflammatory monocyte-derived TAMs (FCN1+/S100A8+),CD8.TEX,HLA-A,CD3G,0.795169645264776,4.97617290086127,4.75775503170709,9,39,0.982279990922697
CD8.TEX,IFN-stimulated immunomodulatory TAMs (ISG-high/PD-L1+/IDO1+),HLA-C,LILRA1,0.829274009334302,0.42475452026304,0.311368848890835,7,36,0.982279990922697
Tissue-resident immunosuppressive TAMs (anti-inflammatory/M2-like),CD8.TEX,HLA-A,CD3G,0.821330205289198,4.80674026855935,4.81201769823653,9,38,0.982279990922697
Inflammatory monocyte-derived TAMs (FCN1+/S100A8+),CD8.TEX,VCAN,ITGA4,0.815275465130828,1.1005648050422,0.959420009462677,9,39,0.982279990922697
Inflammatory monocyte-derived TAMs (FCN1+/S100A8+),CD8.TPEX,HLA-C,CD8A,0.829238138709789,6.32962812530492,6.4751065656418,9,40,0.982279990922697
Classical monocyte-derived TAMs (S100A8+/S100A9+/CCR2+),CD8.TEX,HLA-E,CD8A,0.809313857318156,5.78332270017267,5.42360105497438,7,36,0.982279990922697
IFN-stimulated immunomodulatory TAMs (ISG-high/PD-L1+/IDO1+),CD8.TEX,HLA-F,CD8A,0.830651087196481,2.60540915487494,2.33195775956141,7,36,0.982279990922697
Inflammatory monocyte-derived TAMs (FCN1+/S100A8+),CD8.TPEX,MRC1,PTPRC,0.826267235889579,1.68915298696758,1.98499404839711,9,40,0.982279990922697
Stress-response immunosuppressive TAMs (MARCO+/PPARG+/HSP-high),CD8.TEX,RETN,CAP1,0.829915706264844,0.809076431603262,0.710933325224458,7,36,0.982279990922697
IFN-stimulated immunomodulatory TAMs (ISG-high/PD-L1+/IDO1+),CD8.TPEX,HLA-A,CD3G,0.809756388555102,3.92908539749187,4.22121747468272,7,37,0.982279990922697
IFN-stimulated immunomodulatory TAMs (ISG-high/PD-L1+/IDO1+),CD8.TEX,CD58,CD2,0.830669979353565,1.05643266559365,0.828070690531134,7,36,0.982279990922697
Proliferating TAMs (cycling/MKI67+),CD8.TPEX,HLA-B,CD3D,0.816069788206011,6.56428604167537,6.18090190049051,7,32,0.982279990922697
Inflammatory monocyte-derived TAMs (FCN1+/S100A8+),CD8.TPEX,HLA-B,CD3D,0.829238138709789,6.50795382446616,6.66850354313626,9,40,0.982279990922697
Inflammatory monocyte-derived TAMs (FCN1+/S100A8+),CD8.TEX,HLA-A,CD8B,0.835499391976649,4.02063310398166,4.15094770555709,9,39,0.984969466688067
Classical monocyte-derived TAMs (S100A8+/S100A9+/CCR2+),CD8.TEX,B2M,KLRC1,0.834358704167941,1.70120539501966,1.66337577294548,7,36,0.984969466688067
Proliferating TAMs (cycling/MKI67+),CD8.TEX,SPP1,ITGA4_ITGB1,0.845921136445938,0,0.799448188302534,7,31,0.985615653540217
CD8.TPEX,Stress-response immunosuppressive TAMs (MARCO+/PPARG+/HSP-high),TNFSF9,HLA-DPA1,0.847033054592212,1.54684222379555,1.72650108190508,7,37,0.985615653540217
Proliferating TAMs (cycling/MKI67+),CD8.TPEX,LGALS1,CD69,0.840472152105353,6.31432339668883,6.81820520161184,7,32,0.985615653540217
Stress-response immunosuppressive TAMs (MARCO+/PPARG+/HSP-high),CD8.TPEX,B2M,CD3D,0.850665157155291,8.33932231411932,8.51515377811352,7,37,0.985615653540217
Classical monocyte-derived TAMs (S100A8+/S100A9+/CCR2+),CD8.TPEX,HLA-B,CD8A,0.850665157155291,7.97688182171224,8.02855374013817,7,37,0.985615653540217
Classical monocyte-derived TAMs (S100A8+/S100A9+/CCR2+),CD8.TEX,CXCL16,CXCR6,0.843467526099819,1.03474917960425,0.934816191124955,7,36,0.985615653540217
Proliferating TAMs (cycling/MKI67+),CD8.TEX,HLA-B,KLRD1,0.853962074937307,2.61712669206272,2.60241327293577,7,31,0.985615653540217
CD8.TEX,IFN-stimulated immunomodulatory TAMs (ISG-high/PD-L1+/IDO1+),HLA-A,LILRA1,0.855222921165247,0.461882491778546,0.361762104285648,7,36,0.985615653540217
CD8.TEX,IFN-stimulated immunomodulatory TAMs (ISG-high/PD-L1+/IDO1+),HLA-B,LILRA1,0.855222921165247,0.505166315282403,0.357422995621895,7,36,0.985615653540217
CD8.TPEX,IFN-stimulated immunomodulatory TAMs (ISG-high/PD-L1+/IDO1+),CIRBP,TREM1,0.847310214623084,0.533526877559728,0.624465709604416,7,37,0.985615653540217
CD8.TEX,Tissue-resident immunosuppressive TAMs (anti-inflammatory/M2-like),HSP90B1,TLR2,0.839291179483169,0.890668993047969,0.816129717488756,9,38,0.985615653540217
Proliferating TAMs (cycling/MKI67+),CD8.TEX,B2M,CD247,0.853962074937307,3.8165660416205,3.9119213727023,7,31,0.985615653540217
Proliferating TAMs (cycling/MKI67+),CD8.TEX,HLA-E,CD8A,0.853962074937307,4.33825008493467,4.72004616285748,7,31,0.985615653540217
Proliferating TAMs (cycling/MKI67+),CD8.TEX,HMGB1,CXCR4,0.853962074937307,5.79014989897711,5.99089698293064,7,31,0.985615653540217
Proliferating TAMs (cycling/MKI67+),CD8.TPEX,B2M,CD247,0.840472152105353,3.04594157868756,3.20145978476427,7,32,0.985615653540217
IFN-stimulated immunomodulatory TAMs (ISG-high/PD-L1+/IDO1+),CD8.TEX,HLA-B,CD3D,0.859566658682997,7.61537133787549,7.9574052411511,7,36,0.986199246792546
CD8.TPEX,IFN-stimulated immunomodulatory TAMs (ISG-high/PD-L1+/IDO1+),HLA-A,LILRA1,0.858497969933542,0.457272533912009,0.339048476018839,7,37,0.986199246792546
Stress-response immunosuppressive TAMs (MARCO+/PPARG+/HSP-high),CD8.TEX,HLA-A,CD3D,0.859566658682997,7.70230539871367,7.17252836833258,7,36,0.986199246792546
Proliferating TAMs (cycling/MKI67+),CD8.TEX,SPP1,PTGER4,0.876458464288758,0,0.72925547612048,7,31,0.986495585352748
Proliferating TAMs (cycling/MKI67+),CD8.TPEX,SPP1,CD44,0.864490514366731,0,1.07704866487426,7,32,0.986495585352748
Classical monocyte-derived TAMs (S100A8+/S100A9+/CCR2+),CD8.TEX,SNCA,LAG3,0.87222069715593,0,0,7,36,0.986495585352748
Tissue-resident immunosuppressive TAMs (anti-inflammatory/M2-like),CD8.TEX,B2M,KLRD1,0.862906326485091,3.68135019974521,3.71229137768972,9,38,0.986495585352748
Stress-response immunosuppressive TAMs (MARCO+/PPARG+/HSP-high),CD8.TPEX,FN1,CD44,0.872447706740453,1.55355187427855,1.45424800724024,7,37,0.986495585352748
Tissue-resident immunosuppressive TAMs (anti-inflammatory/M2-like),CD8.TEX,HLA-C,CD8B,0.862906326485091,4.18929550581182,3.90507016112696,9,38,0.986495585352748
IFN-stimulated immunomodulatory TAMs (ISG-high/PD-L1+/IDO1+),CD8.TEX,VEGFA,ITGB1,0.869298143193934,0.732760099243242,0.732628427398598,7,36,0.986495585352748
TREM2+/APOE+ lipid-associated immunosuppressive TAMs (LAMs),CD8.TEX,B2M,CD247,0.873908616612161,4.39720358434857,4.17577593316217,10,39,0.986495585352748
IFN-stimulated immunomodulatory TAMs (ISG-high/PD-L1+/IDO1+),CD8.TPEX,HLA-A,CD3D,0.875340417709884,7.13888232314662,6.63653066295351,7,37,0.986495585352748
Tissue-resident immunosuppressive TAMs (anti-inflammatory/M2-like),CD8.TPEX,IL10,CD27,0.873093464313178,0.0985159553325436,0.169156451317231,9,39,0.986495585352748
Tissue-resident immunosuppressive TAMs (anti-inflammatory/M2-like),CD8.TPEX,HLA-B,CD3D,0.876251151208846,6.44571770676107,6.20657893347134,9,39,0.986495585352748
Tissue-resident immunosuppressive TAMs (anti-inflammatory/M2-like),CD8.TPEX,HLA-C,CD3D,0.876251151208846,5.39073630738558,5.49356878676638,9,39,0.986495585352748
Inflammatory monocyte-derived TAMs (FCN1+/S100A8+),CD8.TPEX,APP,RPSA,0.866714220015607,1.12866343296424,1.21239303740176,9,40,0.986495585352748
Tissue-resident immunosuppressive TAMs (anti-inflammatory/M2-like),CD8.TEX,CD14,ITGA4,0.883839951332447,1.62197190232729,1.5321881189449,9,38,0.987514931587261
CD8.TEX,Tissue-resident immunosuppressive TAMs (anti-inflammatory/M2-like),HMGB1,TLR2,0.881784625720486,2.05324779240142,1.54081659183115,9,38,0.987514931587261
Proliferating TAMs (cycling/MKI67+),CD8.TEX,HLA-B,CD3G,0.88294342048212,4.98690223496314,4.72802049154154,7,31,0.987514931587261
Tissue-resident immunosuppressive TAMs (anti-inflammatory/M2-like),CD8.TEX,HLA-B,CD3G,0.883839951332447,5.13059023359338,4.85622620938492,9,38,0.987514931587261
Stress-response immunosuppressive TAMs (MARCO+/PPARG+/HSP-high),CD8.TPEX,LYZ,ITGAL,0.885049050229309,1.02295524820306,0.944690645084743,7,37,0.987514931587261
CD8.TEX,Classical monocyte-derived TAMs (S100A8+/S100A9+/CCR2+),GNAI2,FPR1,0.882307475141964,1.47318396348166,1.94160952640296,7,36,0.987514931587261
TREM2+/APOE+ lipid-associated immunosuppressive TAMs (LAMs),CD8.TPEX,FN1,ITGA4_ITGB7,0.893830628628905,0.348237444645911,0.350879513792384,10,40,0.990023966528446
Proliferating TAMs (cycling/MKI67+),CD8.TPEX,FN1,ITGA4_ITGB7,0.890486004918009,0,0.0212061972804245,7,32,0.990023966528446
CD8.TPEX,Stress-response immunosuppressive TAMs (MARCO+/PPARG+/HSP-high),CIRBP,TREM1,0.897570366541354,0.644197872764959,0.970332620317919,7,37,0.990023966528446
Proliferating TAMs (cycling/MKI67+),CD8.TPEX,FN1,CD44,0.890486004918009,0,0.0357909328431668,7,32,0.990023966528446
TREM2+/APOE+ lipid-associated immunosuppressive TAMs (LAMs),CD8.TEX,HLA-A,CD3G,0.893184303244,4.87502388777719,5.0246143815572,10,39,0.990023966528446
TREM2+/APOE+ lipid-associated immunosuppressive TAMs (LAMs),CD8.TPEX,HLA-A,CD3D,0.895549929602423,5.79290829747872,6.17540611634019,10,40,0.990023966528446
Tissue-resident immunosuppressive TAMs (anti-inflammatory/M2-like),CD8.TPEX,HLA-A,CD3D,0.896753272648184,5.59529995048224,5.87414511177872,9,39,0.990023966528446
TREM2+/APOE+ lipid-associated immunosuppressive TAMs (LAMs),CD8.TPEX,HLA-C,CD3D,0.895549929602423,5.50146494814267,5.4031287464659,10,40,0.990023966528446
Stress-response immunosuppressive TAMs (MARCO+/PPARG+/HSP-high),CD8.TPEX,HLA-A,CD8A,0.900131856083135,6.89972933019125,7.13840996686377,7,37,0.991430944342996
Stress-response immunosuppressive TAMs (MARCO+/PPARG+/HSP-high),CD8.TEX,LGALS1,CD69,0.910368800209682,7.62115836331475,6.98853335095315,7,36,0.992318796939233
TREM2+/APOE+ lipid-associated immunosuppressive TAMs (LAMs),CD8.TEX,FN1,ITGA4_ITGB1,0.911106750553522,0.513223788968808,0.522357923683448,10,39,0.992318796939233
Stress-response immunosuppressive TAMs (MARCO+/PPARG+/HSP-high),CD8.TEX,FN1,ITGA4_ITGB1,0.908298455643857,1.13182610609849,0.98480031084469,7,36,0.992318796939233
Proliferating TAMs (cycling/MKI67+),CD8.TEX,HLA-B,CD8A,0.912075317648073,7.84921568543078,7.97764411647883,7,31,0.992318796939233
TREM2+/APOE+ lipid-associated immunosuppressive TAMs (LAMs),CD8.TEX,HLA-C,CD8B,0.912521435836467,4.077257859619,4.11485562103344,10,39,0.992318796939233
Proliferating TAMs (cycling/MKI67+),CD8.TEX,HLA-C,CD3G,0.910037501158043,4.34406665128169,4.39194946312508,7,31,0.992318796939233
Proliferating TAMs (cycling/MKI67+),CD8.TEX,B2M,KLRD1,0.912075317648073,3.52771117120161,3.35531691878094,7,31,0.992318796939233
CD8.TEX,Classical monocyte-derived TAMs (S100A8+/S100A9+/CCR2+),HLA-C,LILRA1,0.904133191786179,0.897820861457853,0.70362286058314,7,36,0.992318796939233
Stress-response immunosuppressive TAMs (MARCO+/PPARG+/HSP-high),CD8.TEX,HLA-E,CD8B,0.910368800209682,2.87305757011497,2.71463455276287,7,36,0.992318796939233
Stress-response immunosuppressive TAMs (MARCO+/PPARG+/HSP-high),CD8.TPEX,S100A8,CD69,0.974398746812604,4.467122387914,5.5583809815626,7,37,1
Proliferating TAMs (cycling/MKI67+),CD8.TPEX,SPP1,PTGER4,0.953906317292651,0,0.222739044868641,7,32,1
Proliferating TAMs (cycling/MKI67+),CD8.TPEX,SPP1,ITGA4_ITGB1,0.954296573468145,0,0.358496041615042,7,32,1
Classical monocyte-derived TAMs (S100A8+/S100A9+/CCR2+),CD8.TEX,CCL19,CXCR3,0.978220520632113,0,0,7,36,1
TREM2+/APOE+ lipid-associated immunosuppressive TAMs (LAMs),CD8.TEX,FN1,ITGA4_ITGB7,0.950543961197141,0.364845868757436,0.347391003320108,10,39,1
Proliferating TAMs (cycling/MKI67+),CD8.TEX,FN1,ITGA4_ITGB7,1,0,0.0479321545416325,7,31,1
Inflammatory monocyte-derived TAMs (FCN1+/S100A8+),CD8.TEX,LGALS1,CD69,0.93794462587066,6.58385837079526,6.75457895339576,9,39,1
CD8.TEX,Proliferating TAMs (cycling/MKI67+),B2M,CD1C,0.937099035624253,0,0.738632543482755,7,31,1
Proliferating TAMs (cycling/MKI67+),CD8.TEX,FN1,ITGA4_ITGB1,1,0,0.110092779470555,7,31,1
IFN-stimulated immunomodulatory TAMs (ISG-high/PD-L1+/IDO1+),CD8.TEX,HLA-C,CD8B,0.935913955617213,4.43367917106022,4.28280302591073,7,36,1
CD8.TPEX,Proliferating TAMs (cycling/MKI67+),B2M,CD1C,0.984627834038126,0,0.577530046384386,7,32,1
IFN-stimulated immunomodulatory TAMs (ISG-high/PD-L1+/IDO1+),CD8.TEX,HLA-A,CD8A,0.987169794645091,8.58257016302072,8.49448103134061,7,36,1
CD8.TEX,IFN-stimulated immunomodulatory TAMs (ISG-high/PD-L1+/IDO1+),CD99,PILRA,0.986871397395719,1.49380907531404,1.29604981436301,7,36,1
Classical monocyte-derived TAMs (S100A8+/S100A9+/CCR2+),CD8.TEX,CD14,ITGB1,0.935913955617213,1.52883530408086,1.52620518299595,7,36,1
Inflammatory monocyte-derived TAMs (FCN1+/S100A8+),CD8.TPEX,CD55,ADGRE5,0.949432520089163,0.930878333580405,1.30526657247861,9,40,1
Inflammatory monocyte-derived TAMs (FCN1+/S100A8+),CD8.TEX,HLA-C,CD8A,0.979296949179093,7.02326653947421,7.03557587614986,9,39,1
Stress-response immunosuppressive TAMs (MARCO+/PPARG+/HSP-high),CD8.TEX,HLA-B,CD3G,1,4.88928225818974,5.1621710070198,7,36,1
Proliferating TAMs (cycling/MKI67+),CD8.TPEX,FN1,ITGA4_ITGB1,1,0,0.0468816896477118,7,32,1
Stress-response immunosuppressive TAMs (MARCO+/PPARG+/HSP-high),CD8.TEX,B2M,CD3G,0.987169794645091,6.47825102650552,6.5826473851079,7,36,1
Tissue-resident immunosuppressive TAMs (anti-inflammatory/M2-like),CD8.TEX,HLA-DRB5,LAG3,1,2.1660416940574,2.17621614712862,9,38,1
Proliferating TAMs (cycling/MKI67+),CD8.TEX,HLA-A,CD8B,0.970641166074602,3.99593216214887,3.98943946935616,7,31,1
IFN-stimulated immunomodulatory TAMs (ISG-high/PD-L1+/IDO1+),CD8.TEX,HLA-A,CD3D,0.987169794645091,8.27290552016005,7.83215328078008,7,36,1
IFN-stimulated immunomodulatory TAMs (ISG-high/PD-L1+/IDO1+),CD8.TEX,B2M,KLRC1,0.960641776202031,1.93217847739685,1.68018613063717,7,36,1
IFN-stimulated immunomodulatory TAMs (ISG-high/PD-L1+/IDO1+),CD8.TEX,HLA-DQA2,LAG3,1,0.959986430003713,0.552243814888222,7,36,1
Tissue-resident immunosuppressive TAMs (anti-inflammatory/M2-like),CD8.TPEX,F13A1,ITGB1,0.957678723965609,0.598486572634736,0.535000994964046,9,39,1
TREM2+/APOE+ lipid-associated immunosuppressive TAMs (LAMs),CD8.TEX,HLA-A,CD8B,0.931908730865297,4.49305164141053,3.97474257075817,10,39,1
Inflammatory monocyte-derived TAMs (FCN1+/S100A8+),CD8.TEX,VCAN,ITGB1,0.979296949179093,0.95740116679196,1.01742194126708,9,39,1
TREM2+/APOE+ lipid-associated immunosuppressive TAMs (LAMs),CD8.TPEX,COL6A2,CD44,0.988538760405899,0,0,10,40,1
CD8.TPEX,IFN-stimulated immunomodulatory TAMs (ISG-high/PD-L1+/IDO1+),ANXA1,FPR1,0.974384302077085,1.24279190654033,1.32284829830045,7,37,1
Stress-response immunosuppressive TAMs (MARCO+/PPARG+/HSP-high),CD8.TEX,B2M,KLRC1,0.960641776202031,1.75636456850214,1.53508087259094,7,36,1
IFN-stimulated immunomodulatory TAMs (ISG-high/PD-L1+/IDO1+),CD8.TPEX,ICAM1,IL2RG,0.935984656104195,0.825049948672722,0.943565118388504,7,37,1
Tissue-resident immunosuppressive TAMs (anti-inflammatory/M2-like),CD8.TEX,HLA-B,CD8B,0.96821924913034,4.47223559663702,4.31517946957469,9,38,1
Inflammatory monocyte-derived TAMs (FCN1+/S100A8+),CD8.TEX,HLA-C,CD3D,0.93794462587066,6.14039770065789,6.51946859315482,9,39,1
Classical monocyte-derived TAMs (S100A8+/S100A9+/CCR2+),CD8.TPEX,HLA-C,CD8A,1,7.13739698862556,6.95262477418543,7,37,1
Inflammatory monocyte-derived TAMs (FCN1+/S100A8+),CD8.TEX,B2M,KLRC1,0.97892632053765,1.75294873562316,1.65538005610843,9,39,1
IFN-stimulated immunomodulatory TAMs (ISG-high/PD-L1+/IDO1+),CD8.TPEX,HLA-E,CD8B,0.948823844301129,2.6218207825432,2.67738151307407,7,37,1
Stress-response immunosuppressive TAMs (MARCO+/PPARG+/HSP-high),CD8.TPEX,LPL,CD44,0.947295356096305,0,0.175604371477287,7,37,1
Stress-response immunosuppressive TAMs (MARCO+/PPARG+/HSP-high),CD8.TEX,HLA-C,CD3D,0.987169794645091,6.55418106974622,6.60957576708529,7,36,1
Classical monocyte-derived TAMs (S100A8+/S100A9+/CCR2+),CD8.TEX,LGALS1,CD69,0.921379263458634,6.56151371997823,6.07883295821913,7,36,1
CD8.TEX,Classical monocyte-derived TAMs (S100A8+/S100A9+/CCR2+),HLA-A,LILRA1,0.986272299968804,0.929046279247133,0.774976152788749,7,36,1
CD8.TPEX,Classical monocyte-derived TAMs (S100A8+/S100A9+/CCR2+),HLA-A,LILRA1,1,0.951732841149156,0.715874175638475,7,37,1
Inflammatory monocyte-derived TAMs (FCN1+/S100A8+),CD8.TEX,MRC1,PTPRC,0.947347946168792,2.55855986104031,2.11842447115279,9,39,1
CD8.TPEX,Classical monocyte-derived TAMs (S100A8+/S100A9+/CCR2+),HLA-C,LILRA1,0.932846050795811,0.854191915789373,0.673373389442347,7,37,1
CD8.TEX,Classical monocyte-derived TAMs (S100A8+/S100A9+/CCR2+),HLA-B,LILRA1,0.931442690532748,0.895437669698835,0.785017973543311,7,36,1
Inflammatory monocyte-derived TAMs (FCN1+/S100A8+),CD8.TEX,CD55,ADGRE5,0.93794462587066,1.03864151846595,1.1764509944999,9,39,1
CD8.TEX,Proliferating TAMs (cycling/MKI67+),IFNG,IFNGR1_IFNGR2,1,0.782049179154104,0.913404062587077,7,31,1
CD8.TPEX,Classical monocyte-derived TAMs (S100A8+/S100A9+/CCR2+),HLA-B,LILRA1,0.986553950503312,0.88802270594261,0.704009308141607,7,37,1
TREM2+/APOE+ lipid-associated immunosuppressive TAMs (LAMs),CD8.TPEX,MRC1,PTPRC,0.970976300919631,1.68039457235368,1.60925868540681,10,40,1
Stress-response immunosuppressive TAMs (MARCO+/PPARG+/HSP-high),CD8.TEX,HLA-E,CD8A,0.961523596893929,5.20510308092913,4.78266766966803,7,36,1
IFN-stimulated immunomodulatory TAMs (ISG-high/PD-L1+/IDO1+),CD8.TPEX,HLA-B,CD8B,0.974398746812604,3.85776100451838,3.98326353429956,7,37,1
Tissue-resident immunosuppressive TAMs (anti-inflammatory/M2-like),CD8.TEX,IL10,CD27,0.989196662244002,0.0927947094063063,0.155801582187421,9,38,1
IFN-stimulated immunomodulatory TAMs (ISG-high/PD-L1+/IDO1+),CD8.TPEX,HLA-C,CD3D,0.949972140287691,6.36363046366128,6.13965091583326,7,37,1
TREM2+/APOE+ lipid-associated immunosuppressive TAMs (LAMs),CD8.TPEX,HLA-B,CD3D,0.990478293677283,6.08053516980984,6.45590985275555,10,40,1
Inflammatory monocyte-derived TAMs (FCN1+/S100A8+),CD8.TEX,CD58,CD2,0.979296949179093,0.755995606860994,0.876207413637489,9,39,1
Proliferating TAMs (cycling/MKI67+),CD8.TPEX,HLA-E,CD8A,0.985729803067264,3.996767711442,4.42732840076663,7,32,1
Stress-response immunosuppressive TAMs (MARCO+/PPARG+/HSP-high),CD8.TEX,HBEGF,CD82,0.973721525273676,0.749125231782346,0.657115138638934,7,36,1
Proliferating TAMs (cycling/MKI67+),CD8.TEX,CD59,CD2,0.969594327342102,0.697390839110971,0.798387374070105,7,31,1
Stress-response immunosuppressive TAMs (MARCO+/PPARG+/HSP-high),CD8.TPEX,HLA-C,CD3D,0.974974274911583,5.50306092725113,5.43027195779549,7,37,1
Classical monocyte-derived TAMs (S100A8+/S100A9+/CCR2+),CD8.TPEX,HLA-A,CD3D,0.949972140287691,6.10663403347945,6.1877707320603,7,37,1
Stress-response immunosuppressive TAMs (MARCO+/PPARG+/HSP-high),CD8.TPEX,CD86,CTLA4,0.974351711820326,0.798421126297344,0.68597008800249,7,37,1
IFN-stimulated immunomodulatory TAMs (ISG-high/PD-L1+/IDO1+),CD8.TEX,HBEGF,CD82,0.960637321060156,0.476046591088694,0.755879044789374,7,36,1
CD8.TEX,Stress-response immunosuppressive TAMs (MARCO+/PPARG+/HSP-high),HMGB1,THBD,0.986816497900202,0.411622952651005,0.882958914802346,7,36,1
