source,target,ligand,receptor,prob,pval,interaction_name,interaction_name_2,pathway_name,annotation,evidence
CD8.CM,Classical Mono-derived,TGFB1,TGFbR1_R2,0.0104716513879849,0.03,TGFB1_TGFBR1_TGFBR2,TGFB1 - (TGFBR1+TGFBR2),TGFb,Secreted Signaling,KEGG: hsa04350
CD8.EM,Classical Mono-derived,TGFB1,TGFbR1_R2,0.00912902038080293,0.03,TGFB1_TGFBR1_TGFBR2,TGFB1 - (TGFBR1+TGFBR2),TGFb,Secreted Signaling,KEGG: hsa04350
CD8.MAIT,Classical Mono-derived,TGFB1,TGFbR1_R2,0.0142980291515169,0,TGFB1_TGFBR1_TGFBR2,TGFB1 - (TGFBR1+TGFBR2),TGFb,Secreted Signaling,KEGG: hsa04350
CD8.NaiveLike,Classical Mono-derived,TGFB1,TGFbR1_R2,0.00738672204866443,0.03,TGFB1_TGFBR1_TGFBR2,TGFB1 - (TGFBR1+TGFBR2),TGFb,Secreted Signaling,KEGG: hsa04350
CD8.TEMRA,Classical Mono-derived,TGFB1,TGFbR1_R2,0.0140566073829455,0.01,TGFB1_TGFBR1_TGFBR2,TGFB1 - (TGFBR1+TGFBR2),TGFb,Secreted Signaling,KEGG: hsa04350
CD8.TEX,Classical Mono-derived,TGFB1,TGFbR1_R2,0.0100420125096528,0.03,TGFB1_TGFBR1_TGFBR2,TGFB1 - (TGFBR1+TGFBR2),TGFb,Secreted Signaling,KEGG: hsa04350
CD8.TPEX,Classical Mono-derived,TGFB1,TGFbR1_R2,0.0130887770455311,0.02,TGFB1_TGFBR1_TGFBR2,TGFB1 - (TGFBR1+TGFBR2),TGFb,Secreted Signaling,KEGG: hsa04350
Classical Mono-derived,Classical Mono-derived,TGFB1,TGFbR1_R2,0.0106679647540141,0.03,TGFB1_TGFBR1_TGFBR2,TGFB1 - (TGFBR1+TGFBR2),TGFb,Secreted Signaling,KEGG: hsa04350
IFN-stimulated,Classical Mono-derived,TGFB1,TGFbR1_R2,0.0121572871074039,0.02,TGFB1_TGFBR1_TGFBR2,TGFB1 - (TGFBR1+TGFBR2),TGFb,Secreted Signaling,KEGG: hsa04350
Inflammatory Mono-derived,Classical Mono-derived,TGFB1,TGFbR1_R2,0.0112512107718947,0.02,TGFB1_TGFBR1_TGFBR2,TGFB1 - (TGFBR1+TGFBR2),TGFb,Secreted Signaling,KEGG: hsa04350
Lipid-associated,Classical Mono-derived,TGFB1,TGFbR1_R2,0.0080610329702027,0.03,TGFB1_TGFBR1_TGFBR2,TGFB1 - (TGFBR1+TGFBR2),TGFb,Secreted Signaling,KEGG: hsa04350
Proliferating,Classical Mono-derived,TGFB1,TGFbR1_R2,0.0103175543479466,0.03,TGFB1_TGFBR1_TGFBR2,TGFB1 - (TGFBR1+TGFBR2),TGFb,Secreted Signaling,KEGG: hsa04350
Resident M2,Classical Mono-derived,TGFB1,TGFbR1_R2,0.00821573427473497,0.03,TGFB1_TGFBR1_TGFBR2,TGFB1 - (TGFBR1+TGFBR2),TGFb,Secreted Signaling,KEGG: hsa04350
Stress-response,Classical Mono-derived,TGFB1,TGFbR1_R2,0.00934420379486544,0.03,TGFB1_TGFBR1_TGFBR2,TGFB1 - (TGFBR1+TGFBR2),TGFb,Secreted Signaling,KEGG: hsa04350
CD8.CM,Resident M2,TGFB1,TGFbR1_R2,0.0129291187986364,0,TGFB1_TGFBR1_TGFBR2,TGFB1 - (TGFBR1+TGFBR2),TGFb,Secreted Signaling,KEGG: hsa04350
CD8.EM,Resident M2,TGFB1,TGFbR1_R2,0.0112749918658716,0,TGFB1_TGFBR1_TGFBR2,TGFB1 - (TGFBR1+TGFBR2),TGFb,Secreted Signaling,KEGG: hsa04350
CD8.MAIT,Resident M2,TGFB1,TGFbR1_R2,0.0176374582225146,0,TGFB1_TGFBR1_TGFBR2,TGFB1 - (TGFBR1+TGFBR2),TGFb,Secreted Signaling,KEGG: hsa04350
CD8.NaiveLike,Resident M2,TGFB1,TGFbR1_R2,0.00912690154172109,0,TGFB1_TGFBR1_TGFBR2,TGFB1 - (TGFBR1+TGFBR2),TGFb,Secreted Signaling,KEGG: hsa04350
CD8.TEMRA,Resident M2,TGFB1,TGFbR1_R2,0.0173406422551602,0,TGFB1_TGFBR1_TGFBR2,TGFB1 - (TGFBR1+TGFBR2),TGFb,Secreted Signaling,KEGG: hsa04350
CD8.TEX,Resident M2,TGFB1,TGFbR1_R2,0.0123999165532253,0,TGFB1_TGFBR1_TGFBR2,TGFB1 - (TGFBR1+TGFBR2),TGFb,Secreted Signaling,KEGG: hsa04350
CD8.TPEX,Resident M2,TGFB1,TGFbR1_R2,0.0161504023138893,0,TGFB1_TGFBR1_TGFBR2,TGFB1 - (TGFBR1+TGFBR2),TGFb,Secreted Signaling,KEGG: hsa04350
Classical Mono-derived,Resident M2,TGFB1,TGFbR1_R2,0.0131708894052576,0,TGFB1_TGFBR1_TGFBR2,TGFB1 - (TGFBR1+TGFBR2),TGFb,Secreted Signaling,KEGG: hsa04350
IFN-stimulated,Resident M2,TGFB1,TGFbR1_R2,0.0150000483675113,0,TGFB1_TGFBR1_TGFBR2,TGFB1 - (TGFBR1+TGFBR2),TGFb,Secreted Signaling,KEGG: hsa04350
Inflammatory Mono-derived,Resident M2,TGFB1,TGFbR1_R2,0.013888836347653,0,TGFB1_TGFBR1_TGFBR2,TGFB1 - (TGFBR1+TGFBR2),TGFb,Secreted Signaling,KEGG: hsa04350
Lipid-associated,Resident M2,TGFB1,TGFbR1_R2,0.00995847431457742,0,TGFB1_TGFBR1_TGFBR2,TGFB1 - (TGFBR1+TGFBR2),TGFb,Secreted Signaling,KEGG: hsa04350
Proliferating,Resident M2,TGFB1,TGFbR1_R2,0.0127393241257362,0,TGFB1_TGFBR1_TGFBR2,TGFB1 - (TGFBR1+TGFBR2),TGFb,Secreted Signaling,KEGG: hsa04350
Resident M2,Resident M2,TGFB1,TGFbR1_R2,0.0101492173118721,0,TGFB1_TGFBR1_TGFBR2,TGFB1 - (TGFBR1+TGFBR2),TGFb,Secreted Signaling,KEGG: hsa04350
Stress-response,Resident M2,TGFB1,TGFbR1_R2,0.0115401696237514,0,TGFB1_TGFBR1_TGFBR2,TGFB1 - (TGFBR1+TGFBR2),TGFb,Secreted Signaling,KEGG: hsa04350
CD8.CM,IFN-stimulated,CCL5,CCR1,0.00609303933224388,0,CCL5_CCR1,CCL5 - CCR1,CCL,Secreted Signaling,KEGG: hsa04060
CD8.EM,IFN-stimulated,CCL5,CCR1,0.00646856728910642,0,CCL5_CCR1,CCL5 - CCR1,CCL,Secreted Signaling,KEGG: hsa04060
CD8.MAIT,IFN-stimulated,CCL5,CCR1,0.00471760177344863,0,CCL5_CCR1,CCL5 - CCR1,CCL,Secreted Signaling,KEGG: hsa04060
CD8.NaiveLike,IFN-stimulated,CCL5,CCR1,0.00130768997408246,0,CCL5_CCR1,CCL5 - CCR1,CCL,Secreted Signaling,KEGG: hsa04060
CD8.TEMRA,IFN-stimulated,CCL5,CCR1,0.00630291370561484,0,CCL5_CCR1,CCL5 - CCR1,CCL,Secreted Signaling,KEGG: hsa04060
CD8.TEX,IFN-stimulated,CCL5,CCR1,0.00686035656762873,0,CCL5_CCR1,CCL5 - CCR1,CCL,Secreted Signaling,KEGG: hsa04060
CD8.TPEX,IFN-stimulated,CCL5,CCR1,0.00572411110089382,0,CCL5_CCR1,CCL5 - CCR1,CCL,Secreted Signaling,KEGG: hsa04060
IFN-stimulated,IFN-stimulated,CCL5,CCR1,0.000264524726039169,0,CCL5_CCR1,CCL5 - CCR1,CCL,Secreted Signaling,KEGG: hsa04060
Lipid-associated,IFN-stimulated,CCL5,CCR1,0.000691359558968763,0,CCL5_CCR1,CCL5 - CCR1,CCL,Secreted Signaling,KEGG: hsa04060
Proliferating,IFN-stimulated,CCL5,CCR1,0.00222325420713716,0,CCL5_CCR1,CCL5 - CCR1,CCL,Secreted Signaling,KEGG: hsa04060
CD8.CM,Inflammatory Mono-derived,CCL5,CCR1,0.0247492490849865,0,CCL5_CCR1,CCL5 - CCR1,CCL,Secreted Signaling,KEGG: hsa04060
CD8.EM,Inflammatory Mono-derived,CCL5,CCR1,0.026244240666472,0,CCL5_CCR1,CCL5 - CCR1,CCL,Secreted Signaling,KEGG: hsa04060
CD8.MAIT,Inflammatory Mono-derived,CCL5,CCR1,0.0192439158499441,0,CCL5_CCR1,CCL5 - CCR1,CCL,Secreted Signaling,KEGG: hsa04060
CD8.NaiveLike,Inflammatory Mono-derived,CCL5,CCR1,0.00539116821964967,0,CCL5_CCR1,CCL5 - CCR1,CCL,Secreted Signaling,KEGG: hsa04060
CD8.TEMRA,Inflammatory Mono-derived,CCL5,CCR1,0.0255851933365414,0,CCL5_CCR1,CCL5 - CCR1,CCL,Secreted Signaling,KEGG: hsa04060
CD8.TEX,Inflammatory Mono-derived,CCL5,CCR1,0.0278002909509214,0,CCL5_CCR1,CCL5 - CCR1,CCL,Secreted Signaling,KEGG: hsa04060
CD8.TPEX,Inflammatory Mono-derived,CCL5,CCR1,0.0232771590569457,0,CCL5_CCR1,CCL5 - CCR1,CCL,Secreted Signaling,KEGG: hsa04060
IFN-stimulated,Inflammatory Mono-derived,CCL5,CCR1,0.00109411563776261,0,CCL5_CCR1,CCL5 - CCR1,CCL,Secreted Signaling,KEGG: hsa04060
Lipid-associated,Inflammatory Mono-derived,CCL5,CCR1,0.00285574748798604,0,CCL5_CCR1,CCL5 - CCR1,CCL,Secreted Signaling,KEGG: hsa04060
Proliferating,Inflammatory Mono-derived,CCL5,CCR1,0.00913956896212052,0,CCL5_CCR1,CCL5 - CCR1,CCL,Secreted Signaling,KEGG: hsa04060
CD8.CM,Resident M2,CCL5,CCR1,0.0281140286290521,0,CCL5_CCR1,CCL5 - CCR1,CCL,Secreted Signaling,KEGG: hsa04060
CD8.EM,Resident M2,CCL5,CCR1,0.0298060596529352,0,CCL5_CCR1,CCL5 - CCR1,CCL,Secreted Signaling,KEGG: hsa04060
CD8.MAIT,Resident M2,CCL5,CCR1,0.0218770088079146,0,CCL5_CCR1,CCL5 - CCR1,CCL,Secreted Signaling,KEGG: hsa04060
CD8.NaiveLike,Resident M2,CCL5,CCR1,0.00614069484803625,0,CCL5_CCR1,CCL5 - CCR1,CCL,Secreted Signaling,KEGG: hsa04060
CD8.TEMRA,Resident M2,CCL5,CCR1,0.0290602369967224,0,CCL5_CCR1,CCL5 - CCR1,CCL,Secreted Signaling,KEGG: hsa04060
CD8.TEX,Resident M2,CCL5,CCR1,0.0315664481517245,0,CCL5_CCR1,CCL5 - CCR1,CCL,Secreted Signaling,KEGG: hsa04060
CD8.TPEX,Resident M2,CCL5,CCR1,0.0264472282882593,0,CCL5_CCR1,CCL5 - CCR1,CCL,Secreted Signaling,KEGG: hsa04060
IFN-stimulated,Resident M2,CCL5,CCR1,0.00124697801414996,0,CCL5_CCR1,CCL5 - CCR1,CCL,Secreted Signaling,KEGG: hsa04060
Lipid-associated,Resident M2,CCL5,CCR1,0.00325393130917186,0,CCL5_CCR1,CCL5 - CCR1,CCL,Secreted Signaling,KEGG: hsa04060
Proliferating,Resident M2,CCL5,CCR1,0.0104047788537692,0,CCL5_CCR1,CCL5 - CCR1,CCL,Secreted Signaling,KEGG: hsa04060
CD8.TEMRA,IFN-stimulated,CCL3,CCR1,0.000468911419560499,0,CCL3_CCR1,CCL3 - CCR1,CCL,Secreted Signaling,KEGG: hsa04060
CD8.TEX,IFN-stimulated,CCL3,CCR1,0.000748582039945089,0,CCL3_CCR1,CCL3 - CCR1,CCL,Secreted Signaling,KEGG: hsa04060
CD8.TPEX,IFN-stimulated,CCL3,CCR1,0.000592184153497299,0,CCL3_CCR1,CCL3 - CCR1,CCL,Secreted Signaling,KEGG: hsa04060
Classical Mono-derived,IFN-stimulated,CCL3,CCR1,0.0014033852995927,0,CCL3_CCR1,CCL3 - CCR1,CCL,Secreted Signaling,KEGG: hsa04060
IFN-stimulated,IFN-stimulated,CCL3,CCR1,0.00228225666078167,0,CCL3_CCR1,CCL3 - CCR1,CCL,Secreted Signaling,KEGG: hsa04060
Inflammatory Mono-derived,IFN-stimulated,CCL3,CCR1,0.00190596921491519,0,CCL3_CCR1,CCL3 - CCR1,CCL,Secreted Signaling,KEGG: hsa04060
Lipid-associated,IFN-stimulated,CCL3,CCR1,0.000626742401265595,0,CCL3_CCR1,CCL3 - CCR1,CCL,Secreted Signaling,KEGG: hsa04060
Proliferating,IFN-stimulated,CCL3,CCR1,0.000802723574675352,0,CCL3_CCR1,CCL3 - CCR1,CCL,Secreted Signaling,KEGG: hsa04060
Resident M2,IFN-stimulated,CCL3,CCR1,0.00364292642894668,0,CCL3_CCR1,CCL3 - CCR1,CCL,Secreted Signaling,KEGG: hsa04060
Stress-response,IFN-stimulated,CCL3,CCR1,0.000838486500867284,0,CCL3_CCR1,CCL3 - CCR1,CCL,Secreted Signaling,KEGG: hsa04060
CD8.TEMRA,Inflammatory Mono-derived,CCL3,CCR1,0.00193824824379575,0,CCL3_CCR1,CCL3 - CCR1,CCL,Secreted Signaling,KEGG: hsa04060
CD8.TEX,Inflammatory Mono-derived,CCL3,CCR1,0.00309155792084695,0,CCL3_CCR1,CCL3 - CCR1,CCL,Secreted Signaling,KEGG: hsa04060
CD8.TPEX,Inflammatory Mono-derived,CCL3,CCR1,0.0024468512465509,0,CCL3_CCR1,CCL3 - CCR1,CCL,Secreted Signaling,KEGG: hsa04060
Classical Mono-derived,Inflammatory Mono-derived,CCL3,CCR1,0.00578395737654729,0,CCL3_CCR1,CCL3 - CCR1,CCL,Secreted Signaling,KEGG: hsa04060
IFN-stimulated,Inflammatory Mono-derived,CCL3,CCR1,0.00938039635603633,0,CCL3_CCR1,CCL3 - CCR1,CCL,Secreted Signaling,KEGG: hsa04060
Inflammatory Mono-derived,Inflammatory Mono-derived,CCL3,CCR1,0.00784300166497365,0,CCL3_CCR1,CCL3 - CCR1,CCL,Secreted Signaling,KEGG: hsa04060
Lipid-associated,Inflammatory Mono-derived,CCL3,CCR1,0.00258936237266782,0,CCL3_CCR1,CCL3 - CCR1,CCL,Secreted Signaling,KEGG: hsa04060
Proliferating,Inflammatory Mono-derived,CCL3,CCR1,0.00331459414496311,0,CCL3_CCR1,CCL3 - CCR1,CCL,Secreted Signaling,KEGG: hsa04060
Resident M2,Inflammatory Mono-derived,CCL3,CCR1,0.0149097004541353,0,CCL3_CCR1,CCL3 - CCR1,CCL,Secreted Signaling,KEGG: hsa04060
Stress-response,Inflammatory Mono-derived,CCL3,CCR1,0.0034618781574979,0,CCL3_CCR1,CCL3 - CCR1,CCL,Secreted Signaling,KEGG: hsa04060
CD8.TEMRA,Resident M2,CCL3,CCR1,0.00220878629021036,0,CCL3_CCR1,CCL3 - CCR1,CCL,Secreted Signaling,KEGG: hsa04060
CD8.TEX,Resident M2,CCL3,CCR1,0.00352250521415028,0,CCL3_CCR1,CCL3 - CCR1,CCL,Secreted Signaling,KEGG: hsa04060
CD8.TPEX,Resident M2,CCL3,CCR1,0.00278818108875778,0,CCL3_CCR1,CCL3 - CCR1,CCL,Secreted Signaling,KEGG: hsa04060
Classical Mono-derived,Resident M2,CCL3,CCR1,0.00658773123683133,0,CCL3_CCR1,CCL3 - CCR1,CCL,Secreted Signaling,KEGG: hsa04060
IFN-stimulated,Resident M2,CCL3,CCR1,0.0106785852049155,0,CCL3_CCR1,CCL3 - CCR1,CCL,Secreted Signaling,KEGG: hsa04060
Inflammatory Mono-derived,Resident M2,CCL3,CCR1,0.0089303426603646,0,CCL3_CCR1,CCL3 - CCR1,CCL,Secreted Signaling,KEGG: hsa04060
Lipid-associated,Resident M2,CCL3,CCR1,0.00295051337298996,0,CCL3_CCR1,CCL3 - CCR1,CCL,Secreted Signaling,KEGG: hsa04060
Proliferating,Resident M2,CCL3,CCR1,0.00377651376588726,0,CCL3_CCR1,CCL3 - CCR1,CCL,Secreted Signaling,KEGG: hsa04060
Resident M2,Resident M2,CCL3,CCR1,0.0169600097407876,0,CCL3_CCR1,CCL3 - CCR1,CCL,Secreted Signaling,KEGG: hsa04060
Stress-response,Resident M2,CCL3,CCR1,0.00394424195342067,0,CCL3_CCR1,CCL3 - CCR1,CCL,Secreted Signaling,KEGG: hsa04060
CD8.EM,IFN-stimulated,CCL3L1,CCR1,0.000482281465184538,0,CCL3L1_CCR1,CCL3L1 - CCR1,CCL,Secreted Signaling,KEGG: hsa04060
CD8.MAIT,IFN-stimulated,CCL3L1,CCR1,0.000445604078711365,0,CCL3L1_CCR1,CCL3L1 - CCR1,CCL,Secreted Signaling,KEGG: hsa04060
CD8.TEX,IFN-stimulated,CCL3L1,CCR1,0.0004191356947779,0,CCL3L1_CCR1,CCL3L1 - CCR1,CCL,Secreted Signaling,KEGG: hsa04060
Classical Mono-derived,IFN-stimulated,CCL3L1,CCR1,0.000625653399686679,0,CCL3L1_CCR1,CCL3L1 - CCR1,CCL,Secreted Signaling,KEGG: hsa04060
IFN-stimulated,IFN-stimulated,CCL3L1,CCR1,0.00145380631255769,0,CCL3L1_CCR1,CCL3L1 - CCR1,CCL,Secreted Signaling,KEGG: hsa04060
Inflammatory Mono-derived,IFN-stimulated,CCL3L1,CCR1,0.000510774061991152,0,CCL3L1_CCR1,CCL3L1 - CCR1,CCL,Secreted Signaling,KEGG: hsa04060
Proliferating,IFN-stimulated,CCL3L1,CCR1,0.000710155008544809,0,CCL3L1_CCR1,CCL3L1 - CCR1,CCL,Secreted Signaling,KEGG: hsa04060
Resident M2,IFN-stimulated,CCL3L1,CCR1,0.00250933960840221,0,CCL3L1_CCR1,CCL3L1 - CCR1,CCL,Secreted Signaling,KEGG: hsa04060
CD8.EM,Inflammatory Mono-derived,CCL3L1,CCR1,0.00199342985565154,0,CCL3L1_CCR1,CCL3L1 - CCR1,CCL,Secreted Signaling,KEGG: hsa04060
CD8.MAIT,Inflammatory Mono-derived,CCL3L1,CCR1,0.00184204180093012,0,CCL3L1_CCR1,CCL3L1 - CCR1,CCL,Secreted Signaling,KEGG: hsa04060
CD8.TEX,Inflammatory Mono-derived,CCL3L1,CCR1,0.00173277036990422,0,CCL3L1_CCR1,CCL3L1 - CCR1,CCL,Secreted Signaling,KEGG: hsa04060
Classical Mono-derived,Inflammatory Mono-derived,CCL3L1,CCR1,0.00258487202447283,0,CCL3L1_CCR1,CCL3L1 - CCR1,CCL,Secreted Signaling,KEGG: hsa04060
IFN-stimulated,Inflammatory Mono-derived,CCL3L1,CCR1,0.00599081996852718,0,CCL3L1_CCR1,CCL3L1 - CCR1,CCL,Secreted Signaling,KEGG: hsa04060
Inflammatory Mono-derived,Inflammatory Mono-derived,CCL3L1,CCR1,0.00211101068874577,0,CCL3L1_CCR1,CCL3L1 - CCR1,CCL,Secreted Signaling,KEGG: hsa04060
Proliferating,Inflammatory Mono-derived,CCL3L1,CCR1,0.00293321173899845,0,CCL3L1_CCR1,CCL3L1 - CCR1,CCL,Secreted Signaling,KEGG: hsa04060
Resident M2,Inflammatory Mono-derived,CCL3L1,CCR1,0.0103064435788336,0,CCL3L1_CCR1,CCL3L1 - CCR1,CCL,Secreted Signaling,KEGG: hsa04060
CD8.EM,Resident M2,CCL3L1,CCR1,0.00227165254554808,0,CCL3L1_CCR1,CCL3L1 - CCR1,CCL,Secreted Signaling,KEGG: hsa04060
CD8.MAIT,Resident M2,CCL3L1,CCR1,0.0020991797265516,0,CCL3L1_CCR1,CCL3L1 - CCR1,CCL,Secreted Signaling,KEGG: hsa04060
CD8.TEX,Resident M2,CCL3L1,CCR1,0.0019746848395003,0,CCL3L1_CCR1,CCL3L1 - CCR1,CCL,Secreted Signaling,KEGG: hsa04060
Classical Mono-derived,Resident M2,CCL3L1,CCR1,0.00294539858349438,0,CCL3L1_CCR1,CCL3L1 - CCR1,CCL,Secreted Signaling,KEGG: hsa04060
IFN-stimulated,Resident M2,CCL3L1,CCR1,0.00682314342629408,0,CCL3L1_CCR1,CCL3L1 - CCR1,CCL,Secreted Signaling,KEGG: hsa04060
Inflammatory Mono-derived,Resident M2,CCL3L1,CCR1,0.00240560456033372,0,CCL3L1_CCR1,CCL3L1 - CCR1,CCL,Secreted Signaling,KEGG: hsa04060
Proliferating,Resident M2,CCL3L1,CCR1,0.0033421603870424,0,CCL3L1_CCR1,CCL3L1 - CCR1,CCL,Secreted Signaling,KEGG: hsa04060
Resident M2,Resident M2,CCL3L1,CCR1,0.0117312739293409,0,CCL3L1_CCR1,CCL3L1 - CCR1,CCL,Secreted Signaling,KEGG: hsa04060
Resident M2,Classical Mono-derived,CCL2,CCR2,0.00260083436685551,0,CCL2_CCR2,CCL2 - CCR2,CCL,Secreted Signaling,KEGG: hsa04060
CD8.MAIT,CD8.MAIT,CCL20,CCR6,0.00466907680106333,0,CCL20_CCR6,CCL20 - CCR6,CCL,Secreted Signaling,KEGG: hsa04060
IFN-stimulated,CD8.CM,CXCL9,CXCR3,0.0097741480928768,0,CXCL9_CXCR3,CXCL9 - CXCR3,CXCL,Secreted Signaling,KEGG: hsa04060
IFN-stimulated,CD8.EM,CXCL9,CXCR3,0.0101491948143584,0,CXCL9_CXCR3,CXCL9 - CXCR3,CXCL,Secreted Signaling,KEGG: hsa04060
IFN-stimulated,CD8.TEX,CXCL9,CXCR3,0.00950607199025165,0,CXCL9_CXCR3,CXCL9 - CXCR3,CXCL,Secreted Signaling,KEGG: hsa04060
IFN-stimulated,CD8.CM,CXCL10,CXCR3,0.0171174872156409,0,CXCL10_CXCR3,CXCL10 - CXCR3,CXCL,Secreted Signaling,KEGG: hsa04060
IFN-stimulated,CD8.EM,CXCL10,CXCR3,0.0177692510459867,0,CXCL10_CXCR3,CXCL10 - CXCR3,CXCL,Secreted Signaling,KEGG: hsa04060
IFN-stimulated,CD8.TEX,CXCL10,CXCR3,0.016651391739109,0,CXCL10_CXCR3,CXCL10 - CXCR3,CXCL,Secreted Signaling,KEGG: hsa04060
IFN-stimulated,CD8.CM,CXCL11,CXCR3,0.00466666833873286,0,CXCL11_CXCR3,CXCL11 - CXCR3,CXCL,Secreted Signaling,KEGG: hsa04060
IFN-stimulated,CD8.EM,CXCL11,CXCR3,0.00484669368069847,0,CXCL11_CXCR3,CXCL11 - CXCR3,CXCL,Secreted Signaling,KEGG: hsa04060
IFN-stimulated,CD8.TEX,CXCL11,CXCR3,0.00453803339030665,0,CXCL11_CXCR3,CXCL11 - CXCR3,CXCL,Secreted Signaling,KEGG: hsa04060
CD8.TEX,CD8.CM,CXCL13,CXCR3,0.00681785031868858,0,CXCL13_CXCR3,CXCL13 - CXCR3,CXCL,Secreted Signaling,KEGG: hsa04060
CD8.TPEX,CD8.CM,CXCL13,CXCR3,0.00654757519587421,0,CXCL13_CXCR3,CXCL13 - CXCR3,CXCL,Secreted Signaling,KEGG: hsa04060
CD8.TEX,CD8.EM,CXCL13,CXCR3,0.0070802711579489,0,CXCL13_CXCR3,CXCL13 - CXCR3,CXCL,Secreted Signaling,KEGG: hsa04060
CD8.TPEX,CD8.EM,CXCL13,CXCR3,0.0067996642972931,0,CXCL13_CXCR3,CXCL13 - CXCR3,CXCL,Secreted Signaling,KEGG: hsa04060
CD8.TEX,CD8.TEX,CXCL13,CXCR3,0.00663031385013231,0,CXCL13_CXCR3,CXCL13 - CXCR3,CXCL,Secreted Signaling,KEGG: hsa04060
CD8.TPEX,CD8.TEX,CXCL13,CXCR3,0.00636742543750722,0,CXCL13_CXCR3,CXCL13 - CXCR3,CXCL,Secreted Signaling,KEGG: hsa04060
Classical Mono-derived,CD8.CM,CXCL16,CXCR6,0.0116615307098496,0,CXCL16_CXCR6,CXCL16 - CXCR6,CXCL,Secreted Signaling,KEGG: hsa04060
IFN-stimulated,CD8.CM,CXCL16,CXCR6,0.01791530502809,0,CXCL16_CXCR6,CXCL16 - CXCR6,CXCL,Secreted Signaling,KEGG: hsa04060
Inflammatory Mono-derived,CD8.CM,CXCL16,CXCR6,0.0153306359432089,0,CXCL16_CXCR6,CXCL16 - CXCR6,CXCL,Secreted Signaling,KEGG: hsa04060
Lipid-associated,CD8.CM,CXCL16,CXCR6,0.00559676818517454,0,CXCL16_CXCR6,CXCL16 - CXCR6,CXCL,Secreted Signaling,KEGG: hsa04060
Proliferating,CD8.CM,CXCL16,CXCR6,0.0047010585907049,0,CXCL16_CXCR6,CXCL16 - CXCR6,CXCL,Secreted Signaling,KEGG: hsa04060
Resident M2,CD8.CM,CXCL16,CXCR6,0.015287592355168,0,CXCL16_CXCR6,CXCL16 - CXCR6,CXCL,Secreted Signaling,KEGG: hsa04060
Stress-response,CD8.CM,CXCL16,CXCR6,0.004519012557529,0,CXCL16_CXCR6,CXCL16 - CXCR6,CXCL,Secreted Signaling,KEGG: hsa04060
Classical Mono-derived,CD8.MAIT,CXCL16,CXCR6,0.0114888607769972,0,CXCL16_CXCR6,CXCL16 - CXCR6,CXCL,Secreted Signaling,KEGG: hsa04060
IFN-stimulated,CD8.MAIT,CXCL16,CXCR6,0.0176516905241595,0,CXCL16_CXCR6,CXCL16 - CXCR6,CXCL,Secreted Signaling,KEGG: hsa04060
Inflammatory Mono-derived,CD8.MAIT,CXCL16,CXCR6,0.0151044685826109,0,CXCL16_CXCR6,CXCL16 - CXCR6,CXCL,Secreted Signaling,KEGG: hsa04060
Lipid-associated,CD8.MAIT,CXCL16,CXCR6,0.00551339702439053,0,CXCL16_CXCR6,CXCL16 - CXCR6,CXCL,Secreted Signaling,KEGG: hsa04060
Proliferating,CD8.MAIT,CXCL16,CXCR6,0.00463096805473564,0,CXCL16_CXCR6,CXCL16 - CXCR6,CXCL,Secreted Signaling,KEGG: hsa04060
Resident M2,CD8.MAIT,CXCL16,CXCR6,0.0150620502877361,0,CXCL16_CXCR6,CXCL16 - CXCR6,CXCL,Secreted Signaling,KEGG: hsa04060
Stress-response,CD8.MAIT,CXCL16,CXCR6,0.00445162410112273,0,CXCL16_CXCR6,CXCL16 - CXCR6,CXCL,Secreted Signaling,KEGG: hsa04060
Classical Mono-derived,CD8.TEX,CXCL16,CXCR6,0.0388570085861936,0,CXCL16_CXCR6,CXCL16 - CXCR6,CXCL,Secreted Signaling,KEGG: hsa04060
IFN-stimulated,CD8.TEX,CXCL16,CXCR6,0.0588269390514698,0,CXCL16_CXCR6,CXCL16 - CXCR6,CXCL,Secreted Signaling,KEGG: hsa04060
Inflammatory Mono-derived,CD8.TEX,CXCL16,CXCR6,0.0506442594289776,0,CXCL16_CXCR6,CXCL16 - CXCR6,CXCL,Secreted Signaling,KEGG: hsa04060
Lipid-associated,CD8.TEX,CXCL16,CXCR6,0.0189195547196678,0,CXCL16_CXCR6,CXCL16 - CXCR6,CXCL,Secreted Signaling,KEGG: hsa04060
Proliferating,CD8.TEX,CXCL16,CXCR6,0.0159258075624783,0,CXCL16_CXCR6,CXCL16 - CXCR6,CXCL,Secreted Signaling,KEGG: hsa04060
Resident M2,CD8.TEX,CXCL16,CXCR6,0.0505071520565158,0,CXCL16_CXCR6,CXCL16 - CXCR6,CXCL,Secreted Signaling,KEGG: hsa04060
Stress-response,CD8.TEX,CXCL16,CXCR6,0.0153157777931795,0,CXCL16_CXCR6,CXCL16 - CXCR6,CXCL,Secreted Signaling,KEGG: hsa04060
Classical Mono-derived,CD8.TPEX,CXCL16,CXCR6,0.0144078995139542,0,CXCL16_CXCR6,CXCL16 - CXCR6,CXCL,Secreted Signaling,KEGG: hsa04060
IFN-stimulated,CD8.TPEX,CXCL16,CXCR6,0.0221015443255652,0,CXCL16_CXCR6,CXCL16 - CXCR6,CXCL,Secreted Signaling,KEGG: hsa04060
Inflammatory Mono-derived,CD8.TPEX,CXCL16,CXCR6,0.0189245580347352,0,CXCL16_CXCR6,CXCL16 - CXCR6,CXCL,Secreted Signaling,KEGG: hsa04060
Lipid-associated,CD8.TPEX,CXCL16,CXCR6,0.00692485209691598,0,CXCL16_CXCR6,CXCL16 - CXCR6,CXCL,Secreted Signaling,KEGG: hsa04060
Proliferating,CD8.TPEX,CXCL16,CXCR6,0.0058178388106069,0,CXCL16_CXCR6,CXCL16 - CXCR6,CXCL,Secreted Signaling,KEGG: hsa04060
Resident M2,CD8.TPEX,CXCL16,CXCR6,0.0188716172382758,0,CXCL16_CXCR6,CXCL16 - CXCR6,CXCL,Secreted Signaling,KEGG: hsa04060
Stress-response,CD8.TPEX,CXCL16,CXCR6,0.0055927890602393,0,CXCL16_CXCR6,CXCL16 - CXCR6,CXCL,Secreted Signaling,KEGG: hsa04060
CD8.TEX,CD8.CM,MIF,CD74_CXCR4,0.144052942994561,0,MIF_CD74_CXCR4,MIF - (CD74+CXCR4),MIF,Secreted Signaling,PMID: 29637711; PMID: 24760155
Lipid-associated,CD8.CM,MIF,CD74_CXCR4,0.149546584271882,0,MIF_CD74_CXCR4,MIF - (CD74+CXCR4),MIF,Secreted Signaling,PMID: 29637711; PMID: 24760155
Stress-response,CD8.CM,MIF,CD74_CXCR4,0.154790882905011,0.02,MIF_CD74_CXCR4,MIF - (CD74+CXCR4),MIF,Secreted Signaling,PMID: 29637711; PMID: 24760155
CD8.TEX,CD8.EM,MIF,CD74_CXCR4,0.144160977077207,0,MIF_CD74_CXCR4,MIF - (CD74+CXCR4),MIF,Secreted Signaling,PMID: 29637711; PMID: 24760155
Lipid-associated,CD8.EM,MIF,CD74_CXCR4,0.149658018006925,0,MIF_CD74_CXCR4,MIF - (CD74+CXCR4),MIF,Secreted Signaling,PMID: 29637711; PMID: 24760155
Stress-response,CD8.EM,MIF,CD74_CXCR4,0.154905512620546,0.02,MIF_CD74_CXCR4,MIF - (CD74+CXCR4),MIF,Secreted Signaling,PMID: 29637711; PMID: 24760155
Stress-response,CD8.MAIT,MIF,CD74_CXCR4,0.153306840041996,0.03,MIF_CD74_CXCR4,MIF - (CD74+CXCR4),MIF,Secreted Signaling,PMID: 29637711; PMID: 24760155
CD8.CM,CD8.TEMRA,MIF,CD74_CXCR4,0.157203183462155,0.02,MIF_CD74_CXCR4,MIF - (CD74+CXCR4),MIF,Secreted Signaling,PMID: 29637711; PMID: 24760155
CD8.NaiveLike,CD8.TEMRA,MIF,CD74_CXCR4,0.162787954866403,0.01,MIF_CD74_CXCR4,MIF - (CD74+CXCR4),MIF,Secreted Signaling,PMID: 29637711; PMID: 24760155
CD8.TEX,CD8.TEMRA,MIF,CD74_CXCR4,0.170114032047525,0,MIF_CD74_CXCR4,MIF - (CD74+CXCR4),MIF,Secreted Signaling,PMID: 29637711; PMID: 24760155
CD8.TPEX,CD8.TEMRA,MIF,CD74_CXCR4,0.16855237876187,0,MIF_CD74_CXCR4,MIF - (CD74+CXCR4),MIF,Secreted Signaling,PMID: 29637711; PMID: 24760155
Inflammatory Mono-derived,CD8.TEMRA,MIF,CD74_CXCR4,0.171564217389591,0,MIF_CD74_CXCR4,MIF - (CD74+CXCR4),MIF,Secreted Signaling,PMID: 29637711; PMID: 24760155
Lipid-associated,CD8.TEMRA,MIF,CD74_CXCR4,0.176396725004078,0,MIF_CD74_CXCR4,MIF - (CD74+CXCR4),MIF,Secreted Signaling,PMID: 29637711; PMID: 24760155
Stress-response,CD8.TEMRA,MIF,CD74_CXCR4,0.18238068119736,0,MIF_CD74_CXCR4,MIF - (CD74+CXCR4),MIF,Secreted Signaling,PMID: 29637711; PMID: 24760155
CD8.CM,CD8.TEX,MIF,CD74_CXCR4,0.143604490850882,0,MIF_CD74_CXCR4,MIF - (CD74+CXCR4),MIF,Secreted Signaling,PMID: 29637711; PMID: 24760155
CD8.TEX,CD8.TEX,MIF,CD74_CXCR4,0.155604701183185,0,MIF_CD74_CXCR4,MIF - (CD74+CXCR4),MIF,Secreted Signaling,PMID: 29637711; PMID: 24760155
CD8.TPEX,CD8.TEX,MIF,CD74_CXCR4,0.154151502881364,0,MIF_CD74_CXCR4,MIF - (CD74+CXCR4),MIF,Secreted Signaling,PMID: 29637711; PMID: 24760155
Inflammatory Mono-derived,CD8.TEX,MIF,CD74_CXCR4,0.156954590640319,0,MIF_CD74_CXCR4,MIF - (CD74+CXCR4),MIF,Secreted Signaling,PMID: 29637711; PMID: 24760155
Lipid-associated,CD8.TEX,MIF,CD74_CXCR4,0.161455784920742,0,MIF_CD74_CXCR4,MIF - (CD74+CXCR4),MIF,Secreted Signaling,PMID: 29637711; PMID: 24760155
Stress-response,CD8.TEX,MIF,CD74_CXCR4,0.167035689184345,0,MIF_CD74_CXCR4,MIF - (CD74+CXCR4),MIF,Secreted Signaling,PMID: 29637711; PMID: 24760155
CD8.CM,CD8.TPEX,MIF,CD74_CXCR4,0.145714061754994,0.02,MIF_CD74_CXCR4,MIF - (CD74+CXCR4),MIF,Secreted Signaling,PMID: 29637711; PMID: 24760155
CD8.NaiveLike,CD8.TPEX,MIF,CD74_CXCR4,0.150963783405663,0.02,MIF_CD74_CXCR4,MIF - (CD74+CXCR4),MIF,Secreted Signaling,PMID: 29637711; PMID: 24760155
CD8.TEX,CD8.TPEX,MIF,CD74_CXCR4,0.157858062614028,0,MIF_CD74_CXCR4,MIF - (CD74+CXCR4),MIF,Secreted Signaling,PMID: 29637711; PMID: 24760155
CD8.TPEX,CD8.TPEX,MIF,CD74_CXCR4,0.156387717616475,0,MIF_CD74_CXCR4,MIF - (CD74+CXCR4),MIF,Secreted Signaling,PMID: 29637711; PMID: 24760155
Inflammatory Mono-derived,CD8.TPEX,MIF,CD74_CXCR4,0.159223814139685,0,MIF_CD74_CXCR4,MIF - (CD74+CXCR4),MIF,Secreted Signaling,PMID: 29637711; PMID: 24760155
Lipid-associated,CD8.TPEX,MIF,CD74_CXCR4,0.163777443408253,0,MIF_CD74_CXCR4,MIF - (CD74+CXCR4),MIF,Secreted Signaling,PMID: 29637711; PMID: 24760155
Stress-response,CD8.TPEX,MIF,CD74_CXCR4,0.169421372933518,0,MIF_CD74_CXCR4,MIF - (CD74+CXCR4),MIF,Secreted Signaling,PMID: 29637711; PMID: 24760155
CD8.NaiveLike,Classical Mono-derived,MIF,CD74_CXCR4,0.152407882624702,0.04,MIF_CD74_CXCR4,MIF - (CD74+CXCR4),MIF,Secreted Signaling,PMID: 29637711; PMID: 24760155
CD8.TEX,Classical Mono-derived,MIF,CD74_CXCR4,0.159355733461723,0.01,MIF_CD74_CXCR4,MIF - (CD74+CXCR4),MIF,Secreted Signaling,PMID: 29637711; PMID: 24760155
CD8.TPEX,Classical Mono-derived,MIF,CD74_CXCR4,0.157874053772318,0.02,MIF_CD74_CXCR4,MIF - (CD74+CXCR4),MIF,Secreted Signaling,PMID: 29637711; PMID: 24760155
Inflammatory Mono-derived,Classical Mono-derived,MIF,CD74_CXCR4,0.160731969409294,0.02,MIF_CD74_CXCR4,MIF - (CD74+CXCR4),MIF,Secreted Signaling,PMID: 29637711; PMID: 24760155
Lipid-associated,Classical Mono-derived,MIF,CD74_CXCR4,0.16532024940267,0,MIF_CD74_CXCR4,MIF - (CD74+CXCR4),MIF,Secreted Signaling,PMID: 29637711; PMID: 24760155
Stress-response,Classical Mono-derived,MIF,CD74_CXCR4,0.171006473016967,0,MIF_CD74_CXCR4,MIF - (CD74+CXCR4),MIF,Secreted Signaling,PMID: 29637711; PMID: 24760155
Lipid-associated,IFN-stimulated,MIF,CD74_CXCR4,0.154027050288993,0.04,MIF_CD74_CXCR4,MIF - (CD74+CXCR4),MIF,Secreted Signaling,PMID: 29637711; PMID: 24760155
Stress-response,IFN-stimulated,MIF,CD74_CXCR4,0.159399020964984,0.03,MIF_CD74_CXCR4,MIF - (CD74+CXCR4),MIF,Secreted Signaling,PMID: 29637711; PMID: 24760155
CD8.CM,Inflammatory Mono-derived,MIF,CD74_CXCR4,0.151130138704983,0,MIF_CD74_CXCR4,MIF - (CD74+CXCR4),MIF,Secreted Signaling,PMID: 29637711; PMID: 24760155
CD8.NaiveLike,Inflammatory Mono-derived,MIF,CD74_CXCR4,0.156539233145565,0,MIF_CD74_CXCR4,MIF - (CD74+CXCR4),MIF,Secreted Signaling,PMID: 29637711; PMID: 24760155
CD8.TEMRA,Inflammatory Mono-derived,MIF,CD74_CXCR4,0.159159954424636,0.04,MIF_CD74_CXCR4,MIF - (CD74+CXCR4),MIF,Secreted Signaling,PMID: 29637711; PMID: 24760155
CD8.TEX,Inflammatory Mono-derived,MIF,CD74_CXCR4,0.163639059799541,0,MIF_CD74_CXCR4,MIF - (CD74+CXCR4),MIF,Secreted Signaling,PMID: 29637711; PMID: 24760155
CD8.TPEX,Inflammatory Mono-derived,MIF,CD74_CXCR4,0.162125234803258,0.01,MIF_CD74_CXCR4,MIF - (CD74+CXCR4),MIF,Secreted Signaling,PMID: 29637711; PMID: 24760155
Inflammatory Mono-derived,Inflammatory Mono-derived,MIF,CD74_CXCR4,0.165045024950054,0,MIF_CD74_CXCR4,MIF - (CD74+CXCR4),MIF,Secreted Signaling,PMID: 29637711; PMID: 24760155
Lipid-associated,Inflammatory Mono-derived,MIF,CD74_CXCR4,0.169731526378949,0,MIF_CD74_CXCR4,MIF - (CD74+CXCR4),MIF,Secreted Signaling,PMID: 29637711; PMID: 24760155
Stress-response,Inflammatory Mono-derived,MIF,CD74_CXCR4,0.175537567820037,0,MIF_CD74_CXCR4,MIF - (CD74+CXCR4),MIF,Secreted Signaling,PMID: 29637711; PMID: 24760155
CD8.TEX,Resident M2,MIF,CD74_CXCR4,0.149192617630771,0,MIF_CD74_CXCR4,MIF - (CD74+CXCR4),MIF,Secreted Signaling,PMID: 29637711; PMID: 24760155
CD8.TPEX,Resident M2,MIF,CD74_CXCR4,0.147788821159586,0.03,MIF_CD74_CXCR4,MIF - (CD74+CXCR4),MIF,Secreted Signaling,PMID: 29637711; PMID: 24760155
Inflammatory Mono-derived,Resident M2,MIF,CD74_CXCR4,0.150496795657838,0.01,MIF_CD74_CXCR4,MIF - (CD74+CXCR4),MIF,Secreted Signaling,PMID: 29637711; PMID: 24760155
Lipid-associated,Resident M2,MIF,CD74_CXCR4,0.154846807687397,0,MIF_CD74_CXCR4,MIF - (CD74+CXCR4),MIF,Secreted Signaling,PMID: 29637711; PMID: 24760155
Stress-response,Resident M2,MIF,CD74_CXCR4,0.160241953338907,0.02,MIF_CD74_CXCR4,MIF - (CD74+CXCR4),MIF,Secreted Signaling,PMID: 29637711; PMID: 24760155
Stress-response,Stress-response,MIF,CD74_CXCR4,0.155153194446922,0.03,MIF_CD74_CXCR4,MIF - (CD74+CXCR4),MIF,Secreted Signaling,PMID: 29637711; PMID: 24760155
CD8.NaiveLike,CD8.EM,MIF,CD74_CD44,0.123909773943632,0,MIF_CD74_CD44,MIF - (CD74+CD44),MIF,Secreted Signaling,PMID: 29637711; PMID: 26175090
CD8.TEX,CD8.EM,MIF,CD74_CD44,0.129757361377229,0,MIF_CD74_CD44,MIF - (CD74+CD44),MIF,Secreted Signaling,PMID: 29637711; PMID: 26175090
CD8.TPEX,CD8.EM,MIF,CD74_CD44,0.128508815255861,0,MIF_CD74_CD44,MIF - (CD74+CD44),MIF,Secreted Signaling,PMID: 29637711; PMID: 26175090
Inflammatory Mono-derived,CD8.EM,MIF,CD74_CD44,0.13091778721644,0,MIF_CD74_CD44,MIF - (CD74+CD44),MIF,Secreted Signaling,PMID: 29637711; PMID: 26175090
Lipid-associated,CD8.EM,MIF,CD74_CD44,0.134791675694287,0,MIF_CD74_CD44,MIF - (CD74+CD44),MIF,Secreted Signaling,PMID: 29637711; PMID: 26175090
Stress-response,CD8.EM,MIF,CD74_CD44,0.13960348555784,0,MIF_CD74_CD44,MIF - (CD74+CD44),MIF,Secreted Signaling,PMID: 29637711; PMID: 26175090
Stress-response,CD8.TEX,MIF,CD74_CD44,0.127958924297643,0.03,MIF_CD74_CD44,MIF - (CD74+CD44),MIF,Secreted Signaling,PMID: 29637711; PMID: 26175090
CD8.TEX,CD8.TPEX,MIF,CD74_CD44,0.134326705126906,0,MIF_CD74_CD44,MIF - (CD74+CD44),MIF,Secreted Signaling,PMID: 29637711; PMID: 26175090
CD8.TPEX,CD8.TPEX,MIF,CD74_CD44,0.133040913626371,0.01,MIF_CD74_CD44,MIF - (CD74+CD44),MIF,Secreted Signaling,PMID: 29637711; PMID: 26175090
Inflammatory Mono-derived,CD8.TPEX,MIF,CD74_CD44,0.135521631142504,0,MIF_CD74_CD44,MIF - (CD74+CD44),MIF,Secreted Signaling,PMID: 29637711; PMID: 26175090
Lipid-associated,CD8.TPEX,MIF,CD74_CD44,0.139509880251774,0,MIF_CD74_CD44,MIF - (CD74+CD44),MIF,Secreted Signaling,PMID: 29637711; PMID: 26175090
Stress-response,CD8.TPEX,MIF,CD74_CD44,0.144461998588706,0,MIF_CD74_CD44,MIF - (CD74+CD44),MIF,Secreted Signaling,PMID: 29637711; PMID: 26175090
CD8.CM,Classical Mono-derived,MIF,CD74_CD44,0.1523729055598,0,MIF_CD74_CD44,MIF - (CD74+CD44),MIF,Secreted Signaling,PMID: 29637711; PMID: 26175090
CD8.NaiveLike,Classical Mono-derived,MIF,CD74_CD44,0.157818210335113,0,MIF_CD74_CD44,MIF - (CD74+CD44),MIF,Secreted Signaling,PMID: 29637711; PMID: 26175090
CD8.TEMRA,Classical Mono-derived,MIF,CD74_CD44,0.160456270417027,0,MIF_CD74_CD44,MIF - (CD74+CD44),MIF,Secreted Signaling,PMID: 29637711; PMID: 26175090
CD8.TEX,Classical Mono-derived,MIF,CD74_CD44,0.164964699681158,0,MIF_CD74_CD44,MIF - (CD74+CD44),MIF,Secreted Signaling,PMID: 29637711; PMID: 26175090
CD8.TPEX,Classical Mono-derived,MIF,CD74_CD44,0.163441007712592,0,MIF_CD74_CD44,MIF - (CD74+CD44),MIF,Secreted Signaling,PMID: 29637711; PMID: 26175090
Inflammatory Mono-derived,Classical Mono-derived,MIF,CD74_CD44,0.166379788762507,0,MIF_CD74_CD44,MIF - (CD74+CD44),MIF,Secreted Signaling,PMID: 29637711; PMID: 26175090
Lipid-associated,Classical Mono-derived,MIF,CD74_CD44,0.171096424639113,0,MIF_CD74_CD44,MIF - (CD74+CD44),MIF,Secreted Signaling,PMID: 29637711; PMID: 26175090
Proliferating,Classical Mono-derived,MIF,CD74_CD44,0.151378001584122,0,MIF_CD74_CD44,MIF - (CD74+CD44),MIF,Secreted Signaling,PMID: 29637711; PMID: 26175090
Stress-response,Classical Mono-derived,MIF,CD74_CD44,0.176939205429621,0,MIF_CD74_CD44,MIF - (CD74+CD44),MIF,Secreted Signaling,PMID: 29637711; PMID: 26175090
CD8.CM,IFN-stimulated,MIF,CD74_CD44,0.17745300750699,0,MIF_CD74_CD44,MIF - (CD74+CD44),MIF,Secreted Signaling,PMID: 29637711; PMID: 26175090
CD8.EM,IFN-stimulated,MIF,CD74_CD44,0.149831772936864,0,MIF_CD74_CD44,MIF - (CD74+CD44),MIF,Secreted Signaling,PMID: 29637711; PMID: 26175090
CD8.NaiveLike,IFN-stimulated,MIF,CD74_CD44,0.183600453412655,0,MIF_CD74_CD44,MIF - (CD74+CD44),MIF,Secreted Signaling,PMID: 29637711; PMID: 26175090
CD8.TEMRA,IFN-stimulated,MIF,CD74_CD44,0.18657400885567,0,MIF_CD74_CD44,MIF - (CD74+CD44),MIF,Secreted Signaling,PMID: 29637711; PMID: 26175090
CD8.TEX,IFN-stimulated,MIF,CD74_CD44,0.191648762709236,0,MIF_CD74_CD44,MIF - (CD74+CD44),MIF,Secreted Signaling,PMID: 29637711; PMID: 26175090
CD8.TPEX,IFN-stimulated,MIF,CD74_CD44,0.189934664687882,0,MIF_CD74_CD44,MIF - (CD74+CD44),MIF,Secreted Signaling,PMID: 29637711; PMID: 26175090
IFN-stimulated,IFN-stimulated,MIF,CD74_CD44,0.162985198186419,0,MIF_CD74_CD44,MIF - (CD74+CD44),MIF,Secreted Signaling,PMID: 29637711; PMID: 26175090
Inflammatory Mono-derived,IFN-stimulated,MIF,CD74_CD44,0.193239780437679,0,MIF_CD74_CD44,MIF - (CD74+CD44),MIF,Secreted Signaling,PMID: 29637711; PMID: 26175090
Lipid-associated,IFN-stimulated,MIF,CD74_CD44,0.198536513000717,0,MIF_CD74_CD44,MIF - (CD74+CD44),MIF,Secreted Signaling,PMID: 29637711; PMID: 26175090
Proliferating,IFN-stimulated,MIF,CD74_CD44,0.17632841138444,0,MIF_CD74_CD44,MIF - (CD74+CD44),MIF,Secreted Signaling,PMID: 29637711; PMID: 26175090
Stress-response,IFN-stimulated,MIF,CD74_CD44,0.205084504337902,0,MIF_CD74_CD44,MIF - (CD74+CD44),MIF,Secreted Signaling,PMID: 29637711; PMID: 26175090
CD8.CM,Inflammatory Mono-derived,MIF,CD74_CD44,0.18432183246382,0,MIF_CD74_CD44,MIF - (CD74+CD44),MIF,Secreted Signaling,PMID: 29637711; PMID: 26175090
CD8.EM,Inflammatory Mono-derived,MIF,CD74_CD44,0.15583399452247,0,MIF_CD74_CD44,MIF - (CD74+CD44),MIF,Secreted Signaling,PMID: 29637711; PMID: 26175090
CD8.MAIT,Inflammatory Mono-derived,MIF,CD74_CD44,0.137963833422125,0.02,MIF_CD74_CD44,MIF - (CD74+CD44),MIF,Secreted Signaling,PMID: 29637711; PMID: 26175090
CD8.NaiveLike,Inflammatory Mono-derived,MIF,CD74_CD44,0.19065207910605,0,MIF_CD74_CD44,MIF - (CD74+CD44),MIF,Secreted Signaling,PMID: 29637711; PMID: 26175090
CD8.TEMRA,Inflammatory Mono-derived,MIF,CD74_CD44,0.193712742630802,0,MIF_CD74_CD44,MIF - (CD74+CD44),MIF,Secreted Signaling,PMID: 29637711; PMID: 26175090
CD8.TEX,Inflammatory Mono-derived,MIF,CD74_CD44,0.198934180597408,0,MIF_CD74_CD44,MIF - (CD74+CD44),MIF,Secreted Signaling,PMID: 29637711; PMID: 26175090
CD8.TPEX,Inflammatory Mono-derived,MIF,CD74_CD44,0.197170815881208,0,MIF_CD74_CD44,MIF - (CD74+CD44),MIF,Secreted Signaling,PMID: 29637711; PMID: 26175090
IFN-stimulated,Inflammatory Mono-derived,MIF,CD74_CD44,0.169409344921709,0,MIF_CD74_CD44,MIF - (CD74+CD44),MIF,Secreted Signaling,PMID: 29637711; PMID: 26175090
Inflammatory Mono-derived,Inflammatory Mono-derived,MIF,CD74_CD44,0.200570673059864,0,MIF_CD74_CD44,MIF - (CD74+CD44),MIF,Secreted Signaling,PMID: 29637711; PMID: 26175090
Lipid-associated,Inflammatory Mono-derived,MIF,CD74_CD44,0.206017033579998,0,MIF_CD74_CD44,MIF - (CD74+CD44),MIF,Secreted Signaling,PMID: 29637711; PMID: 26175090
Proliferating,Inflammatory Mono-derived,MIF,CD74_CD44,0.18316339898407,0,MIF_CD74_CD44,MIF - (CD74+CD44),MIF,Secreted Signaling,PMID: 29637711; PMID: 26175090
Stress-response,Inflammatory Mono-derived,MIF,CD74_CD44,0.212746251765226,0,MIF_CD74_CD44,MIF - (CD74+CD44),MIF,Secreted Signaling,PMID: 29637711; PMID: 26175090
CD8.CM,Lipid-associated,MIF,CD74_CD44,0.147804716377679,0,MIF_CD74_CD44,MIF - (CD74+CD44),MIF,Secreted Signaling,PMID: 29637711; PMID: 26175090
CD8.NaiveLike,Lipid-associated,MIF,CD74_CD44,0.153116259163524,0,MIF_CD74_CD44,MIF - (CD74+CD44),MIF,Secreted Signaling,PMID: 29637711; PMID: 26175090
CD8.TEMRA,Lipid-associated,MIF,CD74_CD44,0.155690252151572,0,MIF_CD74_CD44,MIF - (CD74+CD44),MIF,Secreted Signaling,PMID: 29637711; PMID: 26175090
CD8.TEX,Lipid-associated,MIF,CD74_CD44,0.16009030353864,0,MIF_CD74_CD44,MIF - (CD74+CD44),MIF,Secreted Signaling,PMID: 29637711; PMID: 26175090
CD8.TPEX,Lipid-associated,MIF,CD74_CD44,0.158603082465678,0,MIF_CD74_CD44,MIF - (CD74+CD44),MIF,Secreted Signaling,PMID: 29637711; PMID: 26175090
IFN-stimulated,Lipid-associated,MIF,CD74_CD44,0.135356368590267,0.03,MIF_CD74_CD44,MIF - (CD74+CD44),MIF,Secreted Signaling,PMID: 29637711; PMID: 26175090
Inflammatory Mono-derived,Lipid-associated,MIF,CD74_CD44,0.161471664869394,0,MIF_CD74_CD44,MIF - (CD74+CD44),MIF,Secreted Signaling,PMID: 29637711; PMID: 26175090
Lipid-associated,Lipid-associated,MIF,CD74_CD44,0.166076881934088,0,MIF_CD74_CD44,MIF - (CD74+CD44),MIF,Secreted Signaling,PMID: 29637711; PMID: 26175090
Proliferating,Lipid-associated,MIF,CD74_CD44,0.146834472919635,0,MIF_CD74_CD44,MIF - (CD74+CD44),MIF,Secreted Signaling,PMID: 29637711; PMID: 26175090
Stress-response,Lipid-associated,MIF,CD74_CD44,0.171783774021684,0,MIF_CD74_CD44,MIF - (CD74+CD44),MIF,Secreted Signaling,PMID: 29637711; PMID: 26175090
CD8.CM,Proliferating,MIF,CD74_CD44,0.135207662511263,0,MIF_CD74_CD44,MIF - (CD74+CD44),MIF,Secreted Signaling,PMID: 29637711; PMID: 26175090
CD8.NaiveLike,Proliferating,MIF,CD74_CD44,0.140140958394179,0,MIF_CD74_CD44,MIF - (CD74+CD44),MIF,Secreted Signaling,PMID: 29637711; PMID: 26175090
CD8.TEMRA,Proliferating,MIF,CD74_CD44,0.142533538412946,0.03,MIF_CD74_CD44,MIF - (CD74+CD44),MIF,Secreted Signaling,PMID: 29637711; PMID: 26175090
CD8.TEX,Proliferating,MIF,CD74_CD44,0.146626333817791,0,MIF_CD74_CD44,MIF - (CD74+CD44),MIF,Secreted Signaling,PMID: 29637711; PMID: 26175090
CD8.TPEX,Proliferating,MIF,CD74_CD44,0.145242562099525,0,MIF_CD74_CD44,MIF - (CD74+CD44),MIF,Secreted Signaling,PMID: 29637711; PMID: 26175090
Inflammatory Mono-derived,Proliferating,MIF,CD74_CD44,0.147911978505262,0,MIF_CD74_CD44,MIF - (CD74+CD44),MIF,Secreted Signaling,PMID: 29637711; PMID: 26175090
Lipid-associated,Proliferating,MIF,CD74_CD44,0.15220066388255,0,MIF_CD74_CD44,MIF - (CD74+CD44),MIF,Secreted Signaling,PMID: 29637711; PMID: 26175090
Stress-response,Proliferating,MIF,CD74_CD44,0.157520796755553,0,MIF_CD74_CD44,MIF - (CD74+CD44),MIF,Secreted Signaling,PMID: 29637711; PMID: 26175090
CD8.CM,Resident M2,MIF,CD74_CD44,0.1512288570863,0,MIF_CD74_CD44,MIF - (CD74+CD44),MIF,Secreted Signaling,PMID: 29637711; PMID: 26175090
CD8.NaiveLike,Resident M2,MIF,CD74_CD44,0.156640832771966,0,MIF_CD74_CD44,MIF - (CD74+CD44),MIF,Secreted Signaling,PMID: 29637711; PMID: 26175090
CD8.TEMRA,Resident M2,MIF,CD74_CD44,0.159262933820573,0,MIF_CD74_CD44,MIF - (CD74+CD44),MIF,Secreted Signaling,PMID: 29637711; PMID: 26175090
CD8.TEX,Resident M2,MIF,CD74_CD44,0.163744372892461,0,MIF_CD74_CD44,MIF - (CD74+CD44),MIF,Secreted Signaling,PMID: 29637711; PMID: 26175090
CD8.TPEX,Resident M2,MIF,CD74_CD44,0.162229762621244,0,MIF_CD74_CD44,MIF - (CD74+CD44),MIF,Secreted Signaling,PMID: 29637711; PMID: 26175090
IFN-stimulated,Resident M2,MIF,CD74_CD44,0.138539004931757,0.04,MIF_CD74_CD44,MIF - (CD74+CD44),MIF,Secreted Signaling,PMID: 29637711; PMID: 26175090
Inflammatory Mono-derived,Resident M2,MIF,CD74_CD44,0.165151064206689,0,MIF_CD74_CD44,MIF - (CD74+CD44),MIF,Secreted Signaling,PMID: 29637711; PMID: 26175090
Lipid-associated,Resident M2,MIF,CD74_CD44,0.169839964174025,0,MIF_CD74_CD44,MIF - (CD74+CD44),MIF,Secreted Signaling,PMID: 29637711; PMID: 26175090
Proliferating,Resident M2,MIF,CD74_CD44,0.150240099029977,0,MIF_CD74_CD44,MIF - (CD74+CD44),MIF,Secreted Signaling,PMID: 29637711; PMID: 26175090
Stress-response,Resident M2,MIF,CD74_CD44,0.175648930230173,0,MIF_CD74_CD44,MIF - (CD74+CD44),MIF,Secreted Signaling,PMID: 29637711; PMID: 26175090
CD8.CM,Stress-response,MIF,CD74_CD44,0.174570409338852,0,MIF_CD74_CD44,MIF - (CD74+CD44),MIF,Secreted Signaling,PMID: 29637711; PMID: 26175090
CD8.EM,Stress-response,MIF,CD74_CD44,0.147317502578668,0,MIF_CD74_CD44,MIF - (CD74+CD44),MIF,Secreted Signaling,PMID: 29637711; PMID: 26175090
CD8.NaiveLike,Stress-response,MIF,CD74_CD44,0.180639924846092,0,MIF_CD74_CD44,MIF - (CD74+CD44),MIF,Secreted Signaling,PMID: 29637711; PMID: 26175090
CD8.TEMRA,Stress-response,MIF,CD74_CD44,0.183576313828294,0,MIF_CD74_CD44,MIF - (CD74+CD44),MIF,Secreted Signaling,PMID: 29637711; PMID: 26175090
CD8.TEX,Stress-response,MIF,CD74_CD44,0.188588435092566,0,MIF_CD74_CD44,MIF - (CD74+CD44),MIF,Secreted Signaling,PMID: 29637711; PMID: 26175090
CD8.TPEX,Stress-response,MIF,CD74_CD44,0.186895380075003,0,MIF_CD74_CD44,MIF - (CD74+CD44),MIF,Secreted Signaling,PMID: 29637711; PMID: 26175090
IFN-stimulated,Stress-response,MIF,CD74_CD44,0.160291820506313,0,MIF_CD74_CD44,MIF - (CD74+CD44),MIF,Secreted Signaling,PMID: 29637711; PMID: 26175090
Inflammatory Mono-derived,Stress-response,MIF,CD74_CD44,0.190160023409729,0,MIF_CD74_CD44,MIF - (CD74+CD44),MIF,Secreted Signaling,PMID: 29637711; PMID: 26175090
Lipid-associated,Stress-response,MIF,CD74_CD44,0.195392784582147,0,MIF_CD74_CD44,MIF - (CD74+CD44),MIF,Secreted Signaling,PMID: 29637711; PMID: 26175090
Proliferating,Stress-response,MIF,CD74_CD44,0.173460229036533,0,MIF_CD74_CD44,MIF - (CD74+CD44),MIF,Secreted Signaling,PMID: 29637711; PMID: 26175090
Stress-response,Stress-response,MIF,CD74_CD44,0.201863206451295,0,MIF_CD74_CD44,MIF - (CD74+CD44),MIF,Secreted Signaling,PMID: 29637711; PMID: 26175090
CD8.TEMRA,Classical Mono-derived,CSF1,CSF1R,0.00286603155443237,0,CSF1_CSF1R,CSF1 - CSF1R,CSF,Secreted Signaling,KEGG: hsa04060
CD8.TEMRA,IFN-stimulated,CSF1,CSF1R,0.00173622167937855,0,CSF1_CSF1R,CSF1 - CSF1R,CSF,Secreted Signaling,KEGG: hsa04060
CD8.TEMRA,Inflammatory Mono-derived,CSF1,CSF1R,0.00182092470110335,0,CSF1_CSF1R,CSF1 - CSF1R,CSF,Secreted Signaling,KEGG: hsa04060
CD8.TEMRA,Lipid-associated,CSF1,CSF1R,0.00107939107350984,0,CSF1_CSF1R,CSF1 - CSF1R,CSF,Secreted Signaling,KEGG: hsa04060
CD8.TEMRA,Resident M2,CSF1,CSF1R,0.00367599644177372,0,CSF1_CSF1R,CSF1 - CSF1R,CSF,Secreted Signaling,KEGG: hsa04060
CD8.TEMRA,Stress-response,CSF1,CSF1R,0.000459000767251116,0,CSF1_CSF1R,CSF1 - CSF1R,CSF,Secreted Signaling,KEGG: hsa04060
CD8.CM,Classical Mono-derived,IL16,CD4,0.00860740203882023,0,IL16_CD4,IL16 - CD4,IL16,Secreted Signaling,KEGG: hsa04060
CD8.EM,Classical Mono-derived,IL16,CD4,0.00890609159542074,0,IL16_CD4,IL16 - CD4,IL16,Secreted Signaling,KEGG: hsa04060
CD8.MAIT,Classical Mono-derived,IL16,CD4,0.00868904279711119,0,IL16_CD4,IL16 - CD4,IL16,Secreted Signaling,KEGG: hsa04060
CD8.NaiveLike,Classical Mono-derived,IL16,CD4,0.0102441858910342,0,IL16_CD4,IL16 - CD4,IL16,Secreted Signaling,KEGG: hsa04060
CD8.TEMRA,Classical Mono-derived,IL16,CD4,0.0101714009948536,0,IL16_CD4,IL16 - CD4,IL16,Secreted Signaling,KEGG: hsa04060
CD8.TEX,Classical Mono-derived,IL16,CD4,0.00851012907261824,0,IL16_CD4,IL16 - CD4,IL16,Secreted Signaling,KEGG: hsa04060
Resident M2,Classical Mono-derived,IL16,CD4,0.00563594651088053,0,IL16_CD4,IL16 - CD4,IL16,Secreted Signaling,KEGG: hsa04060
CD8.CM,IFN-stimulated,IL16,CD4,0.00285482268145462,0,IL16_CD4,IL16 - CD4,IL16,Secreted Signaling,KEGG: hsa04060
CD8.EM,IFN-stimulated,IL16,CD4,0.00295448414620898,0,IL16_CD4,IL16 - CD4,IL16,Secreted Signaling,KEGG: hsa04060
CD8.MAIT,IFN-stimulated,IL16,CD4,0.00288205914416335,0,IL16_CD4,IL16 - CD4,IL16,Secreted Signaling,KEGG: hsa04060
CD8.NaiveLike,IFN-stimulated,IL16,CD4,0.00340144904221192,0,IL16_CD4,IL16 - CD4,IL16,Secreted Signaling,KEGG: hsa04060
CD8.TEMRA,IFN-stimulated,IL16,CD4,0.00337711587487224,0,IL16_CD4,IL16 - CD4,IL16,Secreted Signaling,KEGG: hsa04060
CD8.TEX,IFN-stimulated,IL16,CD4,0.0028223750162392,0,IL16_CD4,IL16 - CD4,IL16,Secreted Signaling,KEGG: hsa04060
Resident M2,IFN-stimulated,IL16,CD4,0.00186554111293152,0,IL16_CD4,IL16 - CD4,IL16,Secreted Signaling,KEGG: hsa04060
CD8.CM,Inflammatory Mono-derived,IL16,CD4,0.00699167028236074,0,IL16_CD4,IL16 - CD4,IL16,Secreted Signaling,KEGG: hsa04060
CD8.EM,Inflammatory Mono-derived,IL16,CD4,0.00723470072094292,0,IL16_CD4,IL16 - CD4,IL16,Secreted Signaling,KEGG: hsa04060
CD8.MAIT,Inflammatory Mono-derived,IL16,CD4,0.00705809501476785,0,IL16_CD4,IL16 - CD4,IL16,Secreted Signaling,KEGG: hsa04060
CD8.NaiveLike,Inflammatory Mono-derived,IL16,CD4,0.00832378619870777,0,IL16_CD4,IL16 - CD4,IL16,Secreted Signaling,KEGG: hsa04060
CD8.TEMRA,Inflammatory Mono-derived,IL16,CD4,0.00826453180200688,0,IL16_CD4,IL16 - CD4,IL16,Secreted Signaling,KEGG: hsa04060
CD8.TEX,Inflammatory Mono-derived,IL16,CD4,0.00691252951977926,0,IL16_CD4,IL16 - CD4,IL16,Secreted Signaling,KEGG: hsa04060
Resident M2,Inflammatory Mono-derived,IL16,CD4,0.00457542495131639,0,IL16_CD4,IL16 - CD4,IL16,Secreted Signaling,KEGG: hsa04060
CD8.CM,Lipid-associated,IL16,CD4,0.00348055394840307,0,IL16_CD4,IL16 - CD4,IL16,Secreted Signaling,KEGG: hsa04060
CD8.EM,Lipid-associated,IL16,CD4,0.00360198069747185,0,IL16_CD4,IL16 - CD4,IL16,Secreted Signaling,KEGG: hsa04060
CD8.MAIT,Lipid-associated,IL16,CD4,0.00351373916980596,0,IL16_CD4,IL16 - CD4,IL16,Secreted Signaling,KEGG: hsa04060
CD8.NaiveLike,Lipid-associated,IL16,CD4,0.00414649380461209,0,IL16_CD4,IL16 - CD4,IL16,Secreted Signaling,KEGG: hsa04060
CD8.TEMRA,Lipid-associated,IL16,CD4,0.00411685277927875,0,IL16_CD4,IL16 - CD4,IL16,Secreted Signaling,KEGG: hsa04060
CD8.TEX,Lipid-associated,IL16,CD4,0.0034410188188825,0,IL16_CD4,IL16 - CD4,IL16,Secreted Signaling,KEGG: hsa04060
Resident M2,Lipid-associated,IL16,CD4,0.00227493244999394,0,IL16_CD4,IL16 - CD4,IL16,Secreted Signaling,KEGG: hsa04060
CD8.CM,Resident M2,IL16,CD4,0.00913960587872123,0,IL16_CD4,IL16 - CD4,IL16,Secreted Signaling,KEGG: hsa04060
CD8.EM,Resident M2,IL16,CD4,0.00945658753116896,0,IL16_CD4,IL16 - CD4,IL16,Secreted Signaling,KEGG: hsa04060
CD8.MAIT,Resident M2,IL16,CD4,0.00922624758483894,0,IL16_CD4,IL16 - CD4,IL16,Secreted Signaling,KEGG: hsa04060
CD8.NaiveLike,Resident M2,IL16,CD4,0.0108764833311561,0,IL16_CD4,IL16 - CD4,IL16,Secreted Signaling,KEGG: hsa04060
CD8.TEMRA,Resident M2,IL16,CD4,0.010799254981894,0,IL16_CD4,IL16 - CD4,IL16,Secreted Signaling,KEGG: hsa04060
CD8.TEX,Resident M2,IL16,CD4,0.00903637325361913,0,IL16_CD4,IL16 - CD4,IL16,Secreted Signaling,KEGG: hsa04060
Resident M2,Resident M2,IL16,CD4,0.00598553169148622,0,IL16_CD4,IL16 - CD4,IL16,Secreted Signaling,KEGG: hsa04060
CD8.CM,Stress-response,IL16,CD4,0.0028588518255644,0,IL16_CD4,IL16 - CD4,IL16,Secreted Signaling,KEGG: hsa04060
CD8.EM,Stress-response,IL16,CD4,0.0029586535298357,0,IL16_CD4,IL16 - CD4,IL16,Secreted Signaling,KEGG: hsa04060
CD8.MAIT,Stress-response,IL16,CD4,0.00288612661709991,0,IL16_CD4,IL16 - CD4,IL16,Secreted Signaling,KEGG: hsa04060
CD8.NaiveLike,Stress-response,IL16,CD4,0.00340624703017154,0,IL16_CD4,IL16 - CD4,IL16,Secreted Signaling,KEGG: hsa04060
CD8.TEMRA,Stress-response,IL16,CD4,0.00338187965562793,0,IL16_CD4,IL16 - CD4,IL16,Secreted Signaling,KEGG: hsa04060
CD8.TEX,Stress-response,IL16,CD4,0.00282635849525236,0,IL16_CD4,IL16 - CD4,IL16,Secreted Signaling,KEGG: hsa04060
Resident M2,Stress-response,IL16,CD4,0.00186817665377562,0,IL16_CD4,IL16 - CD4,IL16,Secreted Signaling,KEGG: hsa04060
CD8.CM,Classical Mono-derived,IFNG,IFNGR1_IFNGR2,0.0145311570113461,0,IFNG_IFNGR1_IFNGR2,IFNG - (IFNGR1+IFNGR2),IFN-II,Secreted Signaling,KEGG: hsa04060
CD8.EM,Classical Mono-derived,IFNG,IFNGR1_IFNGR2,0.0181922495006979,0,IFNG_IFNGR1_IFNGR2,IFNG - (IFNGR1+IFNGR2),IFN-II,Secreted Signaling,KEGG: hsa04060
CD8.TEMRA,Classical Mono-derived,IFNG,IFNGR1_IFNGR2,0.0159136137189222,0,IFNG_IFNGR1_IFNGR2,IFNG - (IFNGR1+IFNGR2),IFN-II,Secreted Signaling,KEGG: hsa04060
CD8.TEX,Classical Mono-derived,IFNG,IFNGR1_IFNGR2,0.0442782700879471,0,IFNG_IFNGR1_IFNGR2,IFNG - (IFNGR1+IFNGR2),IFN-II,Secreted Signaling,KEGG: hsa04060
CD8.TPEX,Classical Mono-derived,IFNG,IFNGR1_IFNGR2,0.0408141532400017,0,IFNG_IFNGR1_IFNGR2,IFNG - (IFNGR1+IFNGR2),IFN-II,Secreted Signaling,KEGG: hsa04060
CD8.CM,IFN-stimulated,IFNG,IFNGR1_IFNGR2,0.00804799306739094,0,IFNG_IFNGR1_IFNGR2,IFNG - (IFNGR1+IFNGR2),IFN-II,Secreted Signaling,KEGG: hsa04060
CD8.EM,IFN-stimulated,IFNG,IFNGR1_IFNGR2,0.0100923950961477,0,IFNG_IFNGR1_IFNGR2,IFNG - (IFNGR1+IFNGR2),IFN-II,Secreted Signaling,KEGG: hsa04060
CD8.TEMRA,IFN-stimulated,IFNG,IFNGR1_IFNGR2,0.00881917812246902,0,IFNG_IFNGR1_IFNGR2,IFNG - (IFNGR1+IFNGR2),IFN-II,Secreted Signaling,KEGG: hsa04060
CD8.TEX,IFN-stimulated,IFNG,IFNGR1_IFNGR2,0.0248580278390753,0,IFNG_IFNGR1_IFNGR2,IFNG - (IFNGR1+IFNGR2),IFN-II,Secreted Signaling,KEGG: hsa04060
CD8.TPEX,IFN-stimulated,IFNG,IFNGR1_IFNGR2,0.0228768882271457,0,IFNG_IFNGR1_IFNGR2,IFNG - (IFNGR1+IFNGR2),IFN-II,Secreted Signaling,KEGG: hsa04060
CD8.CM,Inflammatory Mono-derived,IFNG,IFNGR1_IFNGR2,0.0104116302206706,0,IFNG_IFNGR1_IFNGR2,IFNG - (IFNGR1+IFNGR2),IFN-II,Secreted Signaling,KEGG: hsa04060
CD8.EM,Inflammatory Mono-derived,IFNG,IFNGR1_IFNGR2,0.0130485600270971,0,IFNG_IFNGR1_IFNGR2,IFNG - (IFNGR1+IFNGR2),IFN-II,Secreted Signaling,KEGG: hsa04060
CD8.TEMRA,Inflammatory Mono-derived,IFNG,IFNGR1_IFNGR2,0.0114067022479077,0,IFNG_IFNGR1_IFNGR2,IFNG - (IFNGR1+IFNGR2),IFN-II,Secreted Signaling,KEGG: hsa04060
CD8.TEX,Inflammatory Mono-derived,IFNG,IFNGR1_IFNGR2,0.0319993879546814,0,IFNG_IFNGR1_IFNGR2,IFNG - (IFNGR1+IFNGR2),IFN-II,Secreted Signaling,KEGG: hsa04060
CD8.TPEX,Inflammatory Mono-derived,IFNG,IFNGR1_IFNGR2,0.0294662932875254,0,IFNG_IFNGR1_IFNGR2,IFNG - (IFNGR1+IFNGR2),IFN-II,Secreted Signaling,KEGG: hsa04060
CD8.CM,Lipid-associated,IFNG,IFNGR1_IFNGR2,0.0052841972324194,0,IFNG_IFNGR1_IFNGR2,IFNG - (IFNGR1+IFNGR2),IFN-II,Secreted Signaling,KEGG: hsa04060
CD8.EM,Lipid-associated,IFNG,IFNGR1_IFNGR2,0.00663121578316591,0,IFNG_IFNGR1_IFNGR2,IFNG - (IFNGR1+IFNGR2),IFN-II,Secreted Signaling,KEGG: hsa04060
CD8.TEMRA,Lipid-associated,IFNG,IFNGR1_IFNGR2,0.00579209271831315,0,IFNG_IFNGR1_IFNGR2,IFNG - (IFNGR1+IFNGR2),IFN-II,Secreted Signaling,KEGG: hsa04060
CD8.TEX,Lipid-associated,IFNG,IFNGR1_IFNGR2,0.0164169667067599,0,IFNG_IFNGR1_IFNGR2,IFNG - (IFNGR1+IFNGR2),IFN-II,Secreted Signaling,KEGG: hsa04060
CD8.TPEX,Lipid-associated,IFNG,IFNGR1_IFNGR2,0.0150981483083994,0,IFNG_IFNGR1_IFNGR2,IFNG - (IFNGR1+IFNGR2),IFN-II,Secreted Signaling,KEGG: hsa04060
CD8.CM,Resident M2,IFNG,IFNGR1_IFNGR2,0.0130992854137505,0,IFNG_IFNGR1_IFNGR2,IFNG - (IFNGR1+IFNGR2),IFN-II,Secreted Signaling,KEGG: hsa04060
CD8.EM,Resident M2,IFNG,IFNGR1_IFNGR2,0.0164056267706038,0,IFNG_IFNGR1_IFNGR2,IFNG - (IFNGR1+IFNGR2),IFN-II,Secreted Signaling,KEGG: hsa04060
CD8.TEMRA,Resident M2,IFNG,IFNGR1_IFNGR2,0.014347500861337,0,IFNG_IFNGR1_IFNGR2,IFNG - (IFNGR1+IFNGR2),IFN-II,Secreted Signaling,KEGG: hsa04060
CD8.TEX,Resident M2,IFNG,IFNGR1_IFNGR2,0.0400342562003898,0,IFNG_IFNGR1_IFNGR2,IFNG - (IFNGR1+IFNGR2),IFN-II,Secreted Signaling,KEGG: hsa04060
CD8.TPEX,Resident M2,IFNG,IFNGR1_IFNGR2,0.0368893545156872,0,IFNG_IFNGR1_IFNGR2,IFNG - (IFNGR1+IFNGR2),IFN-II,Secreted Signaling,KEGG: hsa04060
CD8.CM,Stress-response,IFNG,IFNGR1_IFNGR2,0.00301364262291679,0,IFNG_IFNGR1_IFNGR2,IFNG - (IFNGR1+IFNGR2),IFN-II,Secreted Signaling,KEGG: hsa04060
CD8.EM,Stress-response,IFNG,IFNGR1_IFNGR2,0.00378406569891976,0,IFNG_IFNGR1_IFNGR2,IFNG - (IFNGR1+IFNGR2),IFN-II,Secreted Signaling,KEGG: hsa04060
CD8.TEMRA,Stress-response,IFNG,IFNGR1_IFNGR2,0.00330402654989045,0,IFNG_IFNGR1_IFNGR2,IFNG - (IFNGR1+IFNGR2),IFN-II,Secreted Signaling,KEGG: hsa04060
CD8.TEX,Stress-response,IFNG,IFNGR1_IFNGR2,0.00940804138895326,0,IFNG_IFNGR1_IFNGR2,IFNG - (IFNGR1+IFNGR2),IFN-II,Secreted Signaling,KEGG: hsa04060
CD8.TPEX,Stress-response,IFNG,IFNGR1_IFNGR2,0.00864731841745639,0,IFNG_IFNGR1_IFNGR2,IFNG - (IFNGR1+IFNGR2),IFN-II,Secreted Signaling,KEGG: hsa04060
CD8.CM,Classical Mono-derived,TNF,TNFRSF1A,0.002145914598215,0,TNF_TNFRSF1A,TNF - TNFRSF1A,TNF,Secreted Signaling,KEGG: hsa04060
CD8.MAIT,Classical Mono-derived,TNF,TNFRSF1A,0.00957407884189719,0,TNF_TNFRSF1A,TNF - TNFRSF1A,TNF,Secreted Signaling,KEGG: hsa04060
IFN-stimulated,Classical Mono-derived,TNF,TNFRSF1A,0.00226192731098515,0.03,TNF_TNFRSF1A,TNF - TNFRSF1A,TNF,Secreted Signaling,KEGG: hsa04060
Resident M2,Classical Mono-derived,TNF,TNFRSF1A,0.00200191601035622,0.01,TNF_TNFRSF1A,TNF - TNFRSF1A,TNF,Secreted Signaling,KEGG: hsa04060
Stress-response,Classical Mono-derived,TNF,TNFRSF1A,0.00327498306654175,0,TNF_TNFRSF1A,TNF - TNFRSF1A,TNF,Secreted Signaling,KEGG: hsa04060
CD8.CM,IFN-stimulated,TNF,TNFRSF1A,0.00188334825887617,0,TNF_TNFRSF1A,TNF - TNFRSF1A,TNF,Secreted Signaling,KEGG: hsa04060
CD8.MAIT,IFN-stimulated,TNF,TNFRSF1A,0.00841028963515553,0,TNF_TNFRSF1A,TNF - TNFRSF1A,TNF,Secreted Signaling,KEGG: hsa04060
IFN-stimulated,IFN-stimulated,TNF,TNFRSF1A,0.00198519431644994,0,TNF_TNFRSF1A,TNF - TNFRSF1A,TNF,Secreted Signaling,KEGG: hsa04060
Resident M2,IFN-stimulated,TNF,TNFRSF1A,0.00175693779445822,0,TNF_TNFRSF1A,TNF - TNFRSF1A,TNF,Secreted Signaling,KEGG: hsa04060
Stress-response,IFN-stimulated,TNF,TNFRSF1A,0.00287466598355579,0,TNF_TNFRSF1A,TNF - TNFRSF1A,TNF,Secreted Signaling,KEGG: hsa04060
CD8.CM,Inflammatory Mono-derived,TNF,TNFRSF1A,0.00207005564745461,0,TNF_TNFRSF1A,TNF - TNFRSF1A,TNF,Secreted Signaling,KEGG: hsa04060
CD8.MAIT,Inflammatory Mono-derived,TNF,TNFRSF1A,0.00923806230135188,0,TNF_TNFRSF1A,TNF - TNFRSF1A,TNF,Secreted Signaling,KEGG: hsa04060
IFN-stimulated,Inflammatory Mono-derived,TNF,TNFRSF1A,0.00218197623154867,0,TNF_TNFRSF1A,TNF - TNFRSF1A,TNF,Secreted Signaling,KEGG: hsa04060
Resident M2,Inflammatory Mono-derived,TNF,TNFRSF1A,0.00193113761661801,0,TNF_TNFRSF1A,TNF - TNFRSF1A,TNF,Secreted Signaling,KEGG: hsa04060
Stress-response,Inflammatory Mono-derived,TNF,TNFRSF1A,0.00315933745773137,0,TNF_TNFRSF1A,TNF - TNFRSF1A,TNF,Secreted Signaling,KEGG: hsa04060
CD8.CM,Resident M2,TNF,TNFRSF1A,0.0022704214573339,0,TNF_TNFRSF1A,TNF - TNFRSF1A,TNF,Secreted Signaling,KEGG: hsa04060
CD8.MAIT,Resident M2,TNF,TNFRSF1A,0.0101251976908038,0,TNF_TNFRSF1A,TNF - TNFRSF1A,TNF,Secreted Signaling,KEGG: hsa04060
IFN-stimulated,Resident M2,TNF,TNFRSF1A,0.00239314913285536,0,TNF_TNFRSF1A,TNF - TNFRSF1A,TNF,Secreted Signaling,KEGG: hsa04060
Resident M2,Resident M2,TNF,TNFRSF1A,0.0021180857457704,0,TNF_TNFRSF1A,TNF - TNFRSF1A,TNF,Secreted Signaling,KEGG: hsa04060
Stress-response,Resident M2,TNF,TNFRSF1A,0.00346477148672909,0,TNF_TNFRSF1A,TNF - TNFRSF1A,TNF,Secreted Signaling,KEGG: hsa04060
CD8.CM,CD8.CM,TNF,TNFRSF1B,0.00289222006742356,0,TNF_TNFRSF1B,TNF - TNFRSF1B,TNF,Secreted Signaling,KEGG: hsa04060
CD8.MAIT,CD8.CM,TNF,TNFRSF1B,0.0128704283043169,0,TNF_TNFRSF1B,TNF - TNFRSF1B,TNF,Secreted Signaling,KEGG: hsa04060
CD8.CM,CD8.EM,TNF,TNFRSF1B,0.00289202080368823,0,TNF_TNFRSF1B,TNF - TNFRSF1B,TNF,Secreted Signaling,KEGG: hsa04060
CD8.MAIT,CD8.EM,TNF,TNFRSF1B,0.0128695504503243,0,TNF_TNFRSF1B,TNF - TNFRSF1B,TNF,Secreted Signaling,KEGG: hsa04060
CD8.CM,CD8.TEMRA,TNF,TNFRSF1B,0.00297679199896857,0.01,TNF_TNFRSF1B,TNF - TNFRSF1B,TNF,Secreted Signaling,KEGG: hsa04060
CD8.MAIT,CD8.TEMRA,TNF,TNFRSF1B,0.013242899683135,0,TNF_TNFRSF1B,TNF - TNFRSF1B,TNF,Secreted Signaling,KEGG: hsa04060
CD8.CM,CD8.TEX,TNF,TNFRSF1B,0.00711988698080527,0,TNF_TNFRSF1B,TNF - TNFRSF1B,TNF,Secreted Signaling,KEGG: hsa04060
CD8.MAIT,CD8.TEX,TNF,TNFRSF1B,0.0312268368584927,0,TNF_TNFRSF1B,TNF - TNFRSF1B,TNF,Secreted Signaling,KEGG: hsa04060
IFN-stimulated,CD8.TEX,TNF,TNFRSF1B,0.0075027813691342,0,TNF_TNFRSF1B,TNF - TNFRSF1B,TNF,Secreted Signaling,KEGG: hsa04060
Resident M2,CD8.TEX,TNF,TNFRSF1B,0.00664433941586301,0,TNF_TNFRSF1B,TNF - TNFRSF1B,TNF,Secreted Signaling,KEGG: hsa04060
Stress-response,CD8.TEX,TNF,TNFRSF1B,0.0108375771705618,0,TNF_TNFRSF1B,TNF - TNFRSF1B,TNF,Secreted Signaling,KEGG: hsa04060
CD8.CM,CD8.TPEX,TNF,TNFRSF1B,0.00888846956281264,0,TNF_TNFRSF1B,TNF - TNFRSF1B,TNF,Secreted Signaling,KEGG: hsa04060
CD8.MAIT,CD8.TPEX,TNF,TNFRSF1B,0.0387498896950777,0,TNF_TNFRSF1B,TNF - TNFRSF1B,TNF,Secreted Signaling,KEGG: hsa04060
IFN-stimulated,CD8.TPEX,TNF,TNFRSF1B,0.00936557790187151,0,TNF_TNFRSF1B,TNF - TNFRSF1B,TNF,Secreted Signaling,KEGG: hsa04060
Resident M2,CD8.TPEX,TNF,TNFRSF1B,0.00829578278173671,0,TNF_TNFRSF1B,TNF - TNFRSF1B,TNF,Secreted Signaling,KEGG: hsa04060
Stress-response,CD8.TPEX,TNF,TNFRSF1B,0.0135170631915123,0,TNF_TNFRSF1B,TNF - TNFRSF1B,TNF,Secreted Signaling,KEGG: hsa04060
CD8.CM,Classical Mono-derived,TNF,TNFRSF1B,0.0082660310151651,0,TNF_TNFRSF1B,TNF - TNFRSF1B,TNF,Secreted Signaling,KEGG: hsa04060
CD8.MAIT,Classical Mono-derived,TNF,TNFRSF1B,0.0361125193889309,0,TNF_TNFRSF1B,TNF - TNFRSF1B,TNF,Secreted Signaling,KEGG: hsa04060
IFN-stimulated,Classical Mono-derived,TNF,TNFRSF1B,0.00871002220153996,0.03,TNF_TNFRSF1B,TNF - TNFRSF1B,TNF,Secreted Signaling,KEGG: hsa04060
Resident M2,Classical Mono-derived,TNF,TNFRSF1B,0.00771452563199896,0.01,TNF_TNFRSF1B,TNF - TNFRSF1B,TNF,Secreted Signaling,KEGG: hsa04060
Stress-response,Classical Mono-derived,TNF,TNFRSF1B,0.0125746075086664,0.02,TNF_TNFRSF1B,TNF - TNFRSF1B,TNF,Secreted Signaling,KEGG: hsa04060
CD8.CM,IFN-stimulated,TNF,TNFRSF1B,0.0089104929898203,0,TNF_TNFRSF1B,TNF - TNFRSF1B,TNF,Secreted Signaling,KEGG: hsa04060
CD8.MAIT,IFN-stimulated,TNF,TNFRSF1B,0.0388430025910607,0,TNF_TNFRSF1B,TNF - TNFRSF1B,TNF,Secreted Signaling,KEGG: hsa04060
IFN-stimulated,IFN-stimulated,TNF,TNFRSF1B,0.00938877228668838,0.03,TNF_TNFRSF1B,TNF - TNFRSF1B,TNF,Secreted Signaling,KEGG: hsa04060
Resident M2,IFN-stimulated,TNF,TNFRSF1B,0.00831634999998119,0,TNF_TNFRSF1B,TNF - TNFRSF1B,TNF,Secreted Signaling,KEGG: hsa04060
Stress-response,IFN-stimulated,TNF,TNFRSF1B,0.0135503983310569,0,TNF_TNFRSF1B,TNF - TNFRSF1B,TNF,Secreted Signaling,KEGG: hsa04060
CD8.CM,Inflammatory Mono-derived,TNF,TNFRSF1B,0.00989217307072863,0,TNF_TNFRSF1B,TNF - TNFRSF1B,TNF,Secreted Signaling,KEGG: hsa04060
CD8.MAIT,Inflammatory Mono-derived,TNF,TNFRSF1B,0.0429793770015003,0,TNF_TNFRSF1B,TNF - TNFRSF1B,TNF,Secreted Signaling,KEGG: hsa04060
IFN-stimulated,Inflammatory Mono-derived,TNF,TNFRSF1B,0.0104225908605837,0,TNF_TNFRSF1B,TNF - TNFRSF1B,TNF,Secreted Signaling,KEGG: hsa04060
Resident M2,Inflammatory Mono-derived,TNF,TNFRSF1B,0.00923318242420154,0,TNF_TNFRSF1B,TNF - TNFRSF1B,TNF,Secreted Signaling,KEGG: hsa04060
Stress-response,Inflammatory Mono-derived,TNF,TNFRSF1B,0.0150355075329857,0,TNF_TNFRSF1B,TNF - TNFRSF1B,TNF,Secreted Signaling,KEGG: hsa04060
CD8.CM,Resident M2,TNF,TNFRSF1B,0.00796844483881824,0,TNF_TNFRSF1B,TNF - TNFRSF1B,TNF,Secreted Signaling,KEGG: hsa04060
CD8.MAIT,Resident M2,TNF,TNFRSF1B,0.0348476552079026,0,TNF_TNFRSF1B,TNF - TNFRSF1B,TNF,Secreted Signaling,KEGG: hsa04060
IFN-stimulated,Resident M2,TNF,TNFRSF1B,0.00839658718697956,0,TNF_TNFRSF1B,TNF - TNFRSF1B,TNF,Secreted Signaling,KEGG: hsa04060
Resident M2,Resident M2,TNF,TNFRSF1B,0.00743664537013996,0,TNF_TNFRSF1B,TNF - TNFRSF1B,TNF,Secreted Signaling,KEGG: hsa04060
Stress-response,Resident M2,TNF,TNFRSF1B,0.0121238040960068,0,TNF_TNFRSF1B,TNF - TNFRSF1B,TNF,Secreted Signaling,KEGG: hsa04060
CD8.CM,Stress-response,TNF,TNFRSF1B,0.00317168840670642,0,TNF_TNFRSF1B,TNF - TNFRSF1B,TNF,Secreted Signaling,KEGG: hsa04060
CD8.MAIT,Stress-response,TNF,TNFRSF1B,0.0141004324937403,0,TNF_TNFRSF1B,TNF - TNFRSF1B,TNF,Secreted Signaling,KEGG: hsa04060
Stress-response,Stress-response,TNF,TNFRSF1B,0.00483784897003372,0.03,TNF_TNFRSF1B,TNF - TNFRSF1B,TNF,Secreted Signaling,KEGG: hsa04060
CD8.TEMRA,Inflammatory Mono-derived,TNFSF12,TNFRSF12A,0.00220114706500068,0,TNFSF12_TNFRSF12A,TNFSF12 - TNFRSF12A,TWEAK,Secreted Signaling,KEGG: hsa04060
CD8.TEX,Inflammatory Mono-derived,TNFSF12,TNFRSF12A,0.00192788032343231,0,TNFSF12_TNFRSF12A,TNFSF12 - TNFRSF12A,TWEAK,Secreted Signaling,KEGG: hsa04060
Classical Mono-derived,Inflammatory Mono-derived,TNFSF12,TNFRSF12A,0.00103109759473908,0,TNFSF12_TNFRSF12A,TNFSF12 - TNFRSF12A,TWEAK,Secreted Signaling,KEGG: hsa04060
IFN-stimulated,Inflammatory Mono-derived,TNFSF12,TNFRSF12A,0.00121601323219479,0,TNFSF12_TNFRSF12A,TNFSF12 - TNFRSF12A,TWEAK,Secreted Signaling,KEGG: hsa04060
Inflammatory Mono-derived,Inflammatory Mono-derived,TNFSF12,TNFRSF12A,0.00133698238107123,0,TNFSF12_TNFRSF12A,TNFSF12 - TNFRSF12A,TWEAK,Secreted Signaling,KEGG: hsa04060
Resident M2,Inflammatory Mono-derived,TNFSF12,TNFRSF12A,0.00142527482110028,0,TNFSF12_TNFRSF12A,TNFSF12 - TNFRSF12A,TWEAK,Secreted Signaling,KEGG: hsa04060
CD8.TEMRA,Stress-response,TNFSF12,TNFRSF12A,0.00118127385584402,0,TNFSF12_TNFRSF12A,TNFSF12 - TNFRSF12A,TWEAK,Secreted Signaling,KEGG: hsa04060
CD8.TEX,Stress-response,TNFSF12,TNFRSF12A,0.00103449047709029,0,TNFSF12_TNFRSF12A,TNFSF12 - TNFRSF12A,TWEAK,Secreted Signaling,KEGG: hsa04060
Classical Mono-derived,Stress-response,TNFSF12,TNFRSF12A,0.000553051287535695,0,TNFSF12_TNFRSF12A,TNFSF12 - TNFRSF12A,TWEAK,Secreted Signaling,KEGG: hsa04060
IFN-stimulated,Stress-response,TNFSF12,TNFRSF12A,0.000652290731764265,0,TNFSF12_TNFRSF12A,TNFSF12 - TNFRSF12A,TWEAK,Secreted Signaling,KEGG: hsa04060
Inflammatory Mono-derived,Stress-response,TNFSF12,TNFRSF12A,0.000717220965720343,0,TNFSF12_TNFRSF12A,TNFSF12 - TNFRSF12A,TWEAK,Secreted Signaling,KEGG: hsa04060
Resident M2,Stress-response,TNFSF12,TNFRSF12A,0.000764616567953206,0,TNFSF12_TNFRSF12A,TNFSF12 - TNFRSF12A,TWEAK,Secreted Signaling,KEGG: hsa04060
CD8.EM,CD8.TEX,TNFSF9,TNFRSF9,0.00394403306534806,0,TNFSF9_TNFRSF9,TNFSF9 - TNFRSF9,CD137,Secreted Signaling,KEGG: hsa04060
CD8.MAIT,CD8.TEX,TNFSF9,TNFRSF9,0.00178667339040638,0,TNFSF9_TNFRSF9,TNFSF9 - TNFRSF9,CD137,Secreted Signaling,KEGG: hsa04060
CD8.TEMRA,CD8.TEX,TNFSF9,TNFRSF9,0.00389409441044353,0,TNFSF9_TNFRSF9,TNFSF9 - TNFRSF9,CD137,Secreted Signaling,KEGG: hsa04060
CD8.TEX,CD8.TEX,TNFSF9,TNFRSF9,0.00234709357974531,0,TNFSF9_TNFRSF9,TNFSF9 - TNFRSF9,CD137,Secreted Signaling,KEGG: hsa04060
CD8.TPEX,CD8.TEX,TNFSF9,TNFRSF9,0.00337924069800757,0,TNFSF9_TNFRSF9,TNFSF9 - TNFRSF9,CD137,Secreted Signaling,KEGG: hsa04060
CD8.EM,CD8.TPEX,TNFSF9,TNFRSF9,0.00623130620170829,0,TNFSF9_TNFRSF9,TNFSF9 - TNFRSF9,CD137,Secreted Signaling,KEGG: hsa04060
CD8.MAIT,CD8.TPEX,TNFSF9,TNFRSF9,0.00282637358136846,0,TNFSF9_TNFRSF9,TNFSF9 - TNFRSF9,CD137,Secreted Signaling,KEGG: hsa04060
CD8.TEMRA,CD8.TPEX,TNFSF9,TNFRSF9,0.00615258538642291,0,TNFSF9_TNFRSF9,TNFSF9 - TNFRSF9,CD137,Secreted Signaling,KEGG: hsa04060
CD8.TEX,CD8.TPEX,TNFSF9,TNFRSF9,0.00371170061559916,0,TNFSF9_TNFRSF9,TNFSF9 - TNFRSF9,CD137,Secreted Signaling,KEGG: hsa04060
CD8.TPEX,CD8.TPEX,TNFSF9,TNFRSF9,0.00534072859570009,0,TNFSF9_TNFRSF9,TNFSF9 - TNFRSF9,CD137,Secreted Signaling,KEGG: hsa04060
Inflammatory Mono-derived,CD8.CM,SPP1,CD44,0.0107975539716984,0,SPP1_CD44,SPP1 - CD44,SPP1,Secreted Signaling,PMID: 21907263
Lipid-associated,CD8.CM,SPP1,CD44,0.14256963269049,0,SPP1_CD44,SPP1 - CD44,SPP1,Secreted Signaling,PMID: 21907263
Proliferating,CD8.CM,SPP1,CD44,0.149651234718355,0,SPP1_CD44,SPP1 - CD44,SPP1,Secreted Signaling,PMID: 21907263
Stress-response,CD8.CM,SPP1,CD44,0.0571188659753523,0,SPP1_CD44,SPP1 - CD44,SPP1,Secreted Signaling,PMID: 21907263
Inflammatory Mono-derived,CD8.EM,SPP1,CD44,0.0115065576186074,0,SPP1_CD44,SPP1 - CD44,SPP1,Secreted Signaling,PMID: 21907263
Lipid-associated,CD8.EM,SPP1,CD44,0.150613807881299,0,SPP1_CD44,SPP1 - CD44,SPP1,Secreted Signaling,PMID: 21907263
Proliferating,CD8.EM,SPP1,CD44,0.158021335440238,0,SPP1_CD44,SPP1 - CD44,SPP1,Secreted Signaling,PMID: 21907263
Stress-response,CD8.EM,SPP1,CD44,0.0606828939222845,0,SPP1_CD44,SPP1 - CD44,SPP1,Secreted Signaling,PMID: 21907263
Inflammatory Mono-derived,CD8.MAIT,SPP1,CD44,0.0136664110467503,0,SPP1_CD44,SPP1 - CD44,SPP1,Secreted Signaling,PMID: 21907263
Lipid-associated,CD8.MAIT,SPP1,CD44,0.174281284542341,0,SPP1_CD44,SPP1 - CD44,SPP1,Secreted Signaling,PMID: 21907263
Proliferating,CD8.MAIT,SPP1,CD44,0.182602588968883,0,SPP1_CD44,SPP1 - CD44,SPP1,Secreted Signaling,PMID: 21907263
Stress-response,CD8.MAIT,SPP1,CD44,0.0714066491843758,0,SPP1_CD44,SPP1 - CD44,SPP1,Secreted Signaling,PMID: 21907263
Inflammatory Mono-derived,CD8.NaiveLike,SPP1,CD44,0.00945281041324648,0,SPP1_CD44,SPP1 - CD44,SPP1,Secreted Signaling,PMID: 21907263
Lipid-associated,CD8.NaiveLike,SPP1,CD44,0.126919418758456,0,SPP1_CD44,SPP1 - CD44,SPP1,Secreted Signaling,PMID: 21907263
Proliferating,CD8.NaiveLike,SPP1,CD44,0.133344549182239,0,SPP1_CD44,SPP1 - CD44,SPP1,Secreted Signaling,PMID: 21907263
Stress-response,CD8.NaiveLike,SPP1,CD44,0.0502985325821534,0,SPP1_CD44,SPP1 - CD44,SPP1,Secreted Signaling,PMID: 21907263
Inflammatory Mono-derived,CD8.TEMRA,SPP1,CD44,0.00836171594067723,0,SPP1_CD44,SPP1 - CD44,SPP1,Secreted Signaling,PMID: 21907263
Lipid-associated,CD8.TEMRA,SPP1,CD44,0.113827770342549,0,SPP1_CD44,SPP1 - CD44,SPP1,Secreted Signaling,PMID: 21907263
Proliferating,CD8.TEMRA,SPP1,CD44,0.119681001879322,0,SPP1_CD44,SPP1 - CD44,SPP1,Secreted Signaling,PMID: 21907263
Stress-response,CD8.TEMRA,SPP1,CD44,0.0447055859396507,0,SPP1_CD44,SPP1 - CD44,SPP1,Secreted Signaling,PMID: 21907263
Inflammatory Mono-derived,CD8.TEX,SPP1,CD44,0.0103940339678937,0,SPP1_CD44,SPP1 - CD44,SPP1,Secreted Signaling,PMID: 21907263
Lipid-associated,CD8.TEX,SPP1,CD44,0.137928245201687,0,SPP1_CD44,SPP1 - CD44,SPP1,Secreted Signaling,PMID: 21907263
Proliferating,CD8.TEX,SPP1,CD44,0.14481824230807,0,SPP1_CD44,SPP1 - CD44,SPP1,Secreted Signaling,PMID: 21907263
Stress-response,CD8.TEX,SPP1,CD44,0.0550806429527365,0,SPP1_CD44,SPP1 - CD44,SPP1,Secreted Signaling,PMID: 21907263
Inflammatory Mono-derived,CD8.TPEX,SPP1,CD44,0.0141870580318609,0,SPP1_CD44,SPP1 - CD44,SPP1,Secreted Signaling,PMID: 21907263
Lipid-associated,CD8.TPEX,SPP1,CD44,0.179805390832881,0,SPP1_CD44,SPP1 - CD44,SPP1,Secreted Signaling,PMID: 21907263
Proliferating,CD8.TPEX,SPP1,CD44,0.188330293830874,0,SPP1_CD44,SPP1 - CD44,SPP1,Secreted Signaling,PMID: 21907263
Stress-response,CD8.TPEX,SPP1,CD44,0.0739620662734925,0,SPP1_CD44,SPP1 - CD44,SPP1,Secreted Signaling,PMID: 21907263
Inflammatory Mono-derived,Classical Mono-derived,SPP1,CD44,0.0113773970737631,0,SPP1_CD44,SPP1 - CD44,SPP1,Secreted Signaling,PMID: 21907263
Lipid-associated,Classical Mono-derived,SPP1,CD44,0.14915879372203,0,SPP1_CD44,SPP1 - CD44,SPP1,Secreted Signaling,PMID: 21907263
Proliferating,Classical Mono-derived,SPP1,CD44,0.15650794620802,0,SPP1_CD44,SPP1 - CD44,SPP1,Secreted Signaling,PMID: 21907263
Stress-response,Classical Mono-derived,SPP1,CD44,0.0600352567554821,0,SPP1_CD44,SPP1 - CD44,SPP1,Secreted Signaling,PMID: 21907263
Inflammatory Mono-derived,IFN-stimulated,SPP1,CD44,0.0163713400303188,0,SPP1_CD44,SPP1 - CD44,SPP1,Secreted Signaling,PMID: 21907263
Lipid-associated,IFN-stimulated,SPP1,CD44,0.202257172166577,0,SPP1_CD44,SPP1 - CD44,SPP1,Secreted Signaling,PMID: 21907263
Proliferating,IFN-stimulated,SPP1,CD44,0.211571969018347,0,SPP1_CD44,SPP1 - CD44,SPP1,Secreted Signaling,PMID: 21907263
Stress-response,IFN-stimulated,SPP1,CD44,0.0845600701555781,0,SPP1_CD44,SPP1 - CD44,SPP1,Secreted Signaling,PMID: 21907263
Inflammatory Mono-derived,Inflammatory Mono-derived,SPP1,CD44,0.0186555703249496,0,SPP1_CD44,SPP1 - CD44,SPP1,Secreted Signaling,PMID: 21907263
Lipid-associated,Inflammatory Mono-derived,SPP1,CD44,0.224556326065711,0,SPP1_CD44,SPP1 - CD44,SPP1,Secreted Signaling,PMID: 21907263
Proliferating,Inflammatory Mono-derived,SPP1,CD44,0.234596087029742,0,SPP1_CD44,SPP1 - CD44,SPP1,Secreted Signaling,PMID: 21907263
Stress-response,Inflammatory Mono-derived,SPP1,CD44,0.0954353178773169,0,SPP1_CD44,SPP1 - CD44,SPP1,Secreted Signaling,PMID: 21907263
Inflammatory Mono-derived,Lipid-associated,SPP1,CD44,0.0114636650601036,0,SPP1_CD44,SPP1 - CD44,SPP1,Secreted Signaling,PMID: 21907263
Lipid-associated,Lipid-associated,SPP1,CD44,0.150131126428795,0,SPP1_CD44,SPP1 - CD44,SPP1,Secreted Signaling,PMID: 21907263
Proliferating,Lipid-associated,SPP1,CD44,0.157519317106065,0,SPP1_CD44,SPP1 - CD44,SPP1,Secreted Signaling,PMID: 21907263
Stress-response,Lipid-associated,SPP1,CD44,0.0604679021675669,0,SPP1_CD44,SPP1 - CD44,SPP1,Secreted Signaling,PMID: 21907263
Inflammatory Mono-derived,Proliferating,SPP1,CD44,0.00983226795393322,0,SPP1_CD44,SPP1 - CD44,SPP1,Secreted Signaling,PMID: 21907263
Lipid-associated,Proliferating,SPP1,CD44,0.13138879557952,0,SPP1_CD44,SPP1 - CD44,SPP1,Secreted Signaling,PMID: 21907263
Proliferating,Proliferating,SPP1,CD44,0.13800441893078,0,SPP1_CD44,SPP1 - CD44,SPP1,Secreted Signaling,PMID: 21907263
Stress-response,Proliferating,SPP1,CD44,0.0522311736580097,0,SPP1_CD44,SPP1 - CD44,SPP1,Secreted Signaling,PMID: 21907263
Inflammatory Mono-derived,Resident M2,SPP1,CD44,0.0107162080645659,0,SPP1_CD44,SPP1 - CD44,SPP1,Secreted Signaling,PMID: 21907263
Lipid-associated,Resident M2,SPP1,CD44,0.141637694525422,0,SPP1_CD44,SPP1 - CD44,SPP1,Secreted Signaling,PMID: 21907263
Proliferating,Resident M2,SPP1,CD44,0.148681032992158,0,SPP1_CD44,SPP1 - CD44,SPP1,Secreted Signaling,PMID: 21907263
Stress-response,Resident M2,SPP1,CD44,0.0567085533294914,0,SPP1_CD44,SPP1 - CD44,SPP1,Secreted Signaling,PMID: 21907263
Inflammatory Mono-derived,Stress-response,SPP1,CD44,0.0166277331400576,0,SPP1_CD44,SPP1 - CD44,SPP1,Secreted Signaling,PMID: 21907263
Lipid-associated,Stress-response,SPP1,CD44,0.20481855405259,0,SPP1_CD44,SPP1 - CD44,SPP1,Secreted Signaling,PMID: 21907263
Proliferating,Stress-response,SPP1,CD44,0.214219636639472,0,SPP1_CD44,SPP1 - CD44,SPP1,Secreted Signaling,PMID: 21907263
Stress-response,Stress-response,SPP1,CD44,0.0857912312473404,0,SPP1_CD44,SPP1 - CD44,SPP1,Secreted Signaling,PMID: 21907263
Inflammatory Mono-derived,Inflammatory Mono-derived,SPP1,ITGAV_ITGB1,0.00324519388263363,0,SPP1_ITGAV_ITGB1,SPP1 - (ITGAV+ITGB1),SPP1,Secreted Signaling,PMID: 21907263
Lipid-associated,Inflammatory Mono-derived,SPP1,ITGAV_ITGB1,0.0472518060262562,0,SPP1_ITGAV_ITGB1,SPP1 - (ITGAV+ITGB1),SPP1,Secreted Signaling,PMID: 21907263
Proliferating,Inflammatory Mono-derived,SPP1,ITGAV_ITGB1,0.0498742541107545,0,SPP1_ITGAV_ITGB1,SPP1 - (ITGAV+ITGB1),SPP1,Secreted Signaling,PMID: 21907263
Stress-response,Inflammatory Mono-derived,SPP1,ITGAV_ITGB1,0.017748330779708,0,SPP1_ITGAV_ITGB1,SPP1 - (ITGAV+ITGB1),SPP1,Secreted Signaling,PMID: 21907263
Inflammatory Mono-derived,Resident M2,SPP1,ITGAV_ITGB1,0.00319980183933351,0,SPP1_ITGAV_ITGB1,SPP1 - (ITGAV+ITGB1),SPP1,Secreted Signaling,PMID: 21907263
Lipid-associated,Resident M2,SPP1,ITGAV_ITGB1,0.0466196626791532,0,SPP1_ITGAV_ITGB1,SPP1 - (ITGAV+ITGB1),SPP1,Secreted Signaling,PMID: 21907263
Proliferating,Resident M2,SPP1,ITGAV_ITGB1,0.0492088392163811,0,SPP1_ITGAV_ITGB1,SPP1 - (ITGAV+ITGB1),SPP1,Secreted Signaling,PMID: 21907263
Stress-response,Resident M2,SPP1,ITGAV_ITGB1,0.0175036389699035,0,SPP1_ITGAV_ITGB1,SPP1 - (ITGAV+ITGB1),SPP1,Secreted Signaling,PMID: 21907263
Inflammatory Mono-derived,CD8.CM,SPP1,ITGA4_ITGB1,0.00290054947283853,0,SPP1_ITGA4_ITGB1,SPP1 - (ITGA4+ITGB1),SPP1,Secreted Signaling,PMID: 21907263
Lipid-associated,CD8.CM,SPP1,ITGA4_ITGB1,0.0424325511009786,0,SPP1_ITGA4_ITGB1,SPP1 - (ITGA4+ITGB1),SPP1,Secreted Signaling,PMID: 21907263
Proliferating,CD8.CM,SPP1,ITGA4_ITGB1,0.0448001100823999,0,SPP1_ITGA4_ITGB1,SPP1 - (ITGA4+ITGB1),SPP1,Secreted Signaling,PMID: 21907263
Stress-response,CD8.CM,SPP1,ITGA4_ITGB1,0.0158879829061665,0,SPP1_ITGA4_ITGB1,SPP1 - (ITGA4+ITGB1),SPP1,Secreted Signaling,PMID: 21907263
Inflammatory Mono-derived,CD8.EM,SPP1,ITGA4_ITGB1,0.00279511704991689,0,SPP1_ITGA4_ITGB1,SPP1 - (ITGA4+ITGB1),SPP1,Secreted Signaling,PMID: 21907263
Lipid-associated,CD8.EM,SPP1,ITGA4_ITGB1,0.0409491784148805,0,SPP1_ITGA4_ITGB1,SPP1 - (ITGA4+ITGB1),SPP1,Secreted Signaling,PMID: 21907263
Proliferating,CD8.EM,SPP1,ITGA4_ITGB1,0.0432377085914978,0,SPP1_ITGA4_ITGB1,SPP1 - (ITGA4+ITGB1),SPP1,Secreted Signaling,PMID: 21907263
Stress-response,CD8.EM,SPP1,ITGA4_ITGB1,0.0153177209502026,0,SPP1_ITGA4_ITGB1,SPP1 - (ITGA4+ITGB1),SPP1,Secreted Signaling,PMID: 21907263
Inflammatory Mono-derived,CD8.NaiveLike,SPP1,ITGA4_ITGB1,0.00261661902889185,0,SPP1_ITGA4_ITGB1,SPP1 - (ITGA4+ITGB1),SPP1,Secreted Signaling,PMID: 21907263
Lipid-associated,CD8.NaiveLike,SPP1,ITGA4_ITGB1,0.0384280308496094,0,SPP1_ITGA4_ITGB1,SPP1 - (ITGA4+ITGB1),SPP1,Secreted Signaling,PMID: 21907263
Proliferating,CD8.NaiveLike,SPP1,ITGA4_ITGB1,0.0405816235163632,0,SPP1_ITGA4_ITGB1,SPP1 - (ITGA4+ITGB1),SPP1,Secreted Signaling,PMID: 21907263
Stress-response,CD8.NaiveLike,SPP1,ITGA4_ITGB1,0.0143510298847376,0,SPP1_ITGA4_ITGB1,SPP1 - (ITGA4+ITGB1),SPP1,Secreted Signaling,PMID: 21907263
Inflammatory Mono-derived,CD8.TEMRA,SPP1,ITGA4_ITGB1,0.00439360020393974,0,SPP1_ITGA4_ITGB1,SPP1 - (ITGA4+ITGB1),SPP1,Secreted Signaling,PMID: 21907263
Lipid-associated,CD8.TEMRA,SPP1,ITGA4_ITGB1,0.0629891086955386,0,SPP1_ITGA4_ITGB1,SPP1 - (ITGA4+ITGB1),SPP1,Secreted Signaling,PMID: 21907263
Proliferating,CD8.TEMRA,SPP1,ITGA4_ITGB1,0.0664240752046497,0,SPP1_ITGA4_ITGB1,SPP1 - (ITGA4+ITGB1),SPP1,Secreted Signaling,PMID: 21907263
Stress-response,CD8.TEMRA,SPP1,ITGA4_ITGB1,0.0239060006743981,0,SPP1_ITGA4_ITGB1,SPP1 - (ITGA4+ITGB1),SPP1,Secreted Signaling,PMID: 21907263
Inflammatory Mono-derived,CD8.TEX,SPP1,ITGA4_ITGB1,0.00851887976113657,0,SPP1_ITGA4_ITGB1,SPP1 - (ITGA4+ITGB1),SPP1,Secreted Signaling,PMID: 21907263
Lipid-associated,CD8.TEX,SPP1,ITGA4_ITGB1,0.115735878340685,0,SPP1_ITGA4_ITGB1,SPP1 - (ITGA4+ITGB1),SPP1,Secreted Signaling,PMID: 21907263
Proliferating,CD8.TEX,SPP1,ITGA4_ITGB1,0.121673756359459,0,SPP1_ITGA4_ITGB1,SPP1 - (ITGA4+ITGB1),SPP1,Secreted Signaling,PMID: 21907263
Stress-response,CD8.TEX,SPP1,ITGA4_ITGB1,0.0455145027191446,0,SPP1_ITGA4_ITGB1,SPP1 - (ITGA4+ITGB1),SPP1,Secreted Signaling,PMID: 21907263
Inflammatory Mono-derived,CD8.TPEX,SPP1,ITGA4_ITGB1,0.00700614174605063,0,SPP1_ITGA4_ITGB1,SPP1 - (ITGA4+ITGB1),SPP1,Secreted Signaling,PMID: 21907263
Lipid-associated,CD8.TPEX,SPP1,ITGA4_ITGB1,0.0970476771244329,0,SPP1_ITGA4_ITGB1,SPP1 - (ITGA4+ITGB1),SPP1,Secreted Signaling,PMID: 21907263
Proliferating,CD8.TPEX,SPP1,ITGA4_ITGB1,0.102137496611971,0,SPP1_ITGA4_ITGB1,SPP1 - (ITGA4+ITGB1),SPP1,Secreted Signaling,PMID: 21907263
Stress-response,CD8.TPEX,SPP1,ITGA4_ITGB1,0.0376819540504297,0,SPP1_ITGA4_ITGB1,SPP1 - (ITGA4+ITGB1),SPP1,Secreted Signaling,PMID: 21907263
Inflammatory Mono-derived,Classical Mono-derived,SPP1,ITGA4_ITGB1,0.0053731440579201,0,SPP1_ITGA4_ITGB1,SPP1 - (ITGA4+ITGB1),SPP1,Secreted Signaling,PMID: 21907263
Lipid-associated,Classical Mono-derived,SPP1,ITGA4_ITGB1,0.0760347154796347,0,SPP1_ITGA4_ITGB1,SPP1 - (ITGA4+ITGB1),SPP1,Secreted Signaling,PMID: 21907263
Proliferating,Classical Mono-derived,SPP1,ITGA4_ITGB1,0.0801202640462002,0,SPP1_ITGA4_ITGB1,SPP1 - (ITGA4+ITGB1),SPP1,Secreted Signaling,PMID: 21907263
Stress-response,Classical Mono-derived,SPP1,ITGA4_ITGB1,0.0291086043870815,0,SPP1_ITGA4_ITGB1,SPP1 - (ITGA4+ITGB1),SPP1,Secreted Signaling,PMID: 21907263
Inflammatory Mono-derived,IFN-stimulated,SPP1,ITGA4_ITGB1,0.00389654949229465,0,SPP1_ITGA4_ITGB1,SPP1 - (ITGA4+ITGB1),SPP1,Secreted Signaling,PMID: 21907263
Lipid-associated,IFN-stimulated,SPP1,ITGA4_ITGB1,0.0562375526773535,0,SPP1_ITGA4_ITGB1,SPP1 - (ITGA4+ITGB1),SPP1,Secreted Signaling,PMID: 21907263
Proliferating,IFN-stimulated,SPP1,ITGA4_ITGB1,0.0593276502432406,0,SPP1_ITGA4_ITGB1,SPP1 - (ITGA4+ITGB1),SPP1,Secreted Signaling,PMID: 21907263
Stress-response,IFN-stimulated,SPP1,ITGA4_ITGB1,0.0212486122555603,0,SPP1_ITGA4_ITGB1,SPP1 - (ITGA4+ITGB1),SPP1,Secreted Signaling,PMID: 21907263
Inflammatory Mono-derived,Inflammatory Mono-derived,SPP1,ITGA4_ITGB1,0.00340067771317087,0,SPP1_ITGA4_ITGB1,SPP1 - (ITGA4+ITGB1),SPP1,Secreted Signaling,PMID: 21907263
Lipid-associated,Inflammatory Mono-derived,SPP1,ITGA4_ITGB1,0.0494112159534525,0,SPP1_ITGA4_ITGB1,SPP1 - (ITGA4+ITGB1),SPP1,Secreted Signaling,PMID: 21907263
Proliferating,Inflammatory Mono-derived,SPP1,ITGA4_ITGB1,0.052146950493385,0,SPP1_ITGA4_ITGB1,SPP1 - (ITGA4+ITGB1),SPP1,Secreted Signaling,PMID: 21907263
Stress-response,Inflammatory Mono-derived,SPP1,ITGA4_ITGB1,0.0185857325541233,0,SPP1_ITGA4_ITGB1,SPP1 - (ITGA4+ITGB1),SPP1,Secreted Signaling,PMID: 21907263
Inflammatory Mono-derived,Resident M2,SPP1,ITGA4_ITGB1,0.00397256891618458,0,SPP1_ITGA4_ITGB1,SPP1 - (ITGA4+ITGB1),SPP1,Secreted Signaling,PMID: 21907263
Lipid-associated,Resident M2,SPP1,ITGA4_ITGB1,0.0572759990051061,0,SPP1_ITGA4_ITGB1,SPP1 - (ITGA4+ITGB1),SPP1,Secreted Signaling,PMID: 21907263
Proliferating,Resident M2,SPP1,ITGA4_ITGB1,0.0604195033622137,0,SPP1_ITGA4_ITGB1,SPP1 - (ITGA4+ITGB1),SPP1,Secreted Signaling,PMID: 21907263
Stress-response,Resident M2,SPP1,ITGA4_ITGB1,0.0216558005867453,0,SPP1_ITGA4_ITGB1,SPP1 - (ITGA4+ITGB1),SPP1,Secreted Signaling,PMID: 21907263
Inflammatory Mono-derived,Stress-response,SPP1,ITGA4_ITGB1,0.00211102183354652,0,SPP1_ITGA4_ITGB1,SPP1 - (ITGA4+ITGB1),SPP1,Secreted Signaling,PMID: 21907263
Lipid-associated,Stress-response,SPP1,ITGA4_ITGB1,0.0312193546315297,0,SPP1_ITGA4_ITGB1,SPP1 - (ITGA4+ITGB1),SPP1,Secreted Signaling,PMID: 21907263
Proliferating,Stress-response,SPP1,ITGA4_ITGB1,0.0329828142285914,0,SPP1_ITGA4_ITGB1,SPP1 - (ITGA4+ITGB1),SPP1,Secreted Signaling,PMID: 21907263
Stress-response,Stress-response,SPP1,ITGA4_ITGB1,0.011604427485426,0,SPP1_ITGA4_ITGB1,SPP1 - (ITGA4+ITGB1),SPP1,Secreted Signaling,PMID: 21907263
Inflammatory Mono-derived,Classical Mono-derived,SPP1,ITGA5_ITGB1,0.00283880824334766,0,SPP1_ITGA5_ITGB1,SPP1 - (ITGA5+ITGB1),SPP1,Secreted Signaling,PMID: 21907263
Lipid-associated,Classical Mono-derived,SPP1,ITGA5_ITGB1,0.0415644072277608,0,SPP1_ITGA5_ITGB1,SPP1 - (ITGA5+ITGB1),SPP1,Secreted Signaling,PMID: 21907263
Proliferating,Classical Mono-derived,SPP1,ITGA5_ITGB1,0.0438857473819196,0,SPP1_ITGA5_ITGB1,SPP1 - (ITGA5+ITGB1),SPP1,Secreted Signaling,PMID: 21907263
Stress-response,Classical Mono-derived,SPP1,ITGA5_ITGB1,0.0155541030287236,0,SPP1_ITGA5_ITGB1,SPP1 - (ITGA5+ITGB1),SPP1,Secreted Signaling,PMID: 21907263
Inflammatory Mono-derived,IFN-stimulated,SPP1,ITGA5_ITGB1,0.0032498926674197,0,SPP1_ITGA5_ITGB1,SPP1 - (ITGA5+ITGB1),SPP1,Secreted Signaling,PMID: 21907263
Lipid-associated,IFN-stimulated,SPP1,ITGA5_ITGB1,0.0473171981364037,0,SPP1_ITGA5_ITGB1,SPP1 - (ITGA5+ITGB1),SPP1,Secreted Signaling,PMID: 21907263
Proliferating,IFN-stimulated,SPP1,ITGA5_ITGB1,0.049943085201397,0,SPP1_ITGA5_ITGB1,SPP1 - (ITGA5+ITGB1),SPP1,Secreted Signaling,PMID: 21907263
Stress-response,IFN-stimulated,SPP1,ITGA5_ITGB1,0.0177736545116072,0,SPP1_ITGA5_ITGB1,SPP1 - (ITGA5+ITGB1),SPP1,Secreted Signaling,PMID: 21907263
Inflammatory Mono-derived,Inflammatory Mono-derived,SPP1,ITGA5_ITGB1,0.00666264868818577,0,SPP1_ITGA5_ITGB1,SPP1 - (ITGA5+ITGB1),SPP1,Secreted Signaling,PMID: 21907263
Lipid-associated,Inflammatory Mono-derived,SPP1,ITGA5_ITGB1,0.0927017997003317,0,SPP1_ITGA5_ITGB1,SPP1 - (ITGA5+ITGB1),SPP1,Secreted Signaling,PMID: 21907263
Proliferating,Inflammatory Mono-derived,SPP1,ITGA5_ITGB1,0.0975883263402085,0,SPP1_ITGA5_ITGB1,SPP1 - (ITGA5+ITGB1),SPP1,Secreted Signaling,PMID: 21907263
Stress-response,Inflammatory Mono-derived,SPP1,ITGA5_ITGB1,0.035888861134554,0,SPP1_ITGA5_ITGB1,SPP1 - (ITGA5+ITGB1),SPP1,Secreted Signaling,PMID: 21907263
Inflammatory Mono-derived,Stress-response,SPP1,ITGA5_ITGB1,0.00197489562997584,0,SPP1_ITGA5_ITGB1,SPP1 - (ITGA5+ITGB1),SPP1,Secreted Signaling,PMID: 21907263
Lipid-associated,Stress-response,SPP1,ITGA5_ITGB1,0.0292612593319109,0,SPP1_ITGA5_ITGB1,SPP1 - (ITGA5+ITGB1),SPP1,Secreted Signaling,PMID: 21907263
Proliferating,Stress-response,SPP1,ITGA5_ITGB1,0.0309176436122932,0,SPP1_ITGA5_ITGB1,SPP1 - (ITGA5+ITGB1),SPP1,Secreted Signaling,PMID: 21907263
Stress-response,Stress-response,SPP1,ITGA5_ITGB1,0.0108627966172717,0,SPP1_ITGA5_ITGB1,SPP1 - (ITGA5+ITGB1),SPP1,Secreted Signaling,PMID: 21907263
CD8.TEMRA,Classical Mono-derived,NAMPT,ITGA5_ITGB1,0.00439856731120115,0,NAMPT_ITGA5_ITGB1,NAMPT - (ITGA5+ITGB1),VISFATIN,Secreted Signaling,PMID: 28490838
CD8.TEX,Classical Mono-derived,NAMPT,ITGA5_ITGB1,0.00423343530662012,0,NAMPT_ITGA5_ITGB1,NAMPT - (ITGA5+ITGB1),VISFATIN,Secreted Signaling,PMID: 28490838
CD8.TPEX,Classical Mono-derived,NAMPT,ITGA5_ITGB1,0.0118353582204107,0,NAMPT_ITGA5_ITGB1,NAMPT - (ITGA5+ITGB1),VISFATIN,Secreted Signaling,PMID: 28490838
Classical Mono-derived,Classical Mono-derived,NAMPT,ITGA5_ITGB1,0.0161989099638822,0,NAMPT_ITGA5_ITGB1,NAMPT - (ITGA5+ITGB1),VISFATIN,Secreted Signaling,PMID: 28490838
IFN-stimulated,Classical Mono-derived,NAMPT,ITGA5_ITGB1,0.0223824449293811,0,NAMPT_ITGA5_ITGB1,NAMPT - (ITGA5+ITGB1),VISFATIN,Secreted Signaling,PMID: 28490838
Inflammatory Mono-derived,Classical Mono-derived,NAMPT,ITGA5_ITGB1,0.0243574386269101,0,NAMPT_ITGA5_ITGB1,NAMPT - (ITGA5+ITGB1),VISFATIN,Secreted Signaling,PMID: 28490838
Lipid-associated,Classical Mono-derived,NAMPT,ITGA5_ITGB1,0.00360188278122242,0,NAMPT_ITGA5_ITGB1,NAMPT - (ITGA5+ITGB1),VISFATIN,Secreted Signaling,PMID: 28490838
Resident M2,Classical Mono-derived,NAMPT,ITGA5_ITGB1,0.02239546323079,0,NAMPT_ITGA5_ITGB1,NAMPT - (ITGA5+ITGB1),VISFATIN,Secreted Signaling,PMID: 28490838
Stress-response,Classical Mono-derived,NAMPT,ITGA5_ITGB1,0.00484615886556367,0,NAMPT_ITGA5_ITGB1,NAMPT - (ITGA5+ITGB1),VISFATIN,Secreted Signaling,PMID: 28490838
CD8.TEMRA,IFN-stimulated,NAMPT,ITGA5_ITGB1,0.00503437824276033,0,NAMPT_ITGA5_ITGB1,NAMPT - (ITGA5+ITGB1),VISFATIN,Secreted Signaling,PMID: 28490838
CD8.TEX,IFN-stimulated,NAMPT,ITGA5_ITGB1,0.00484549265272043,0,NAMPT_ITGA5_ITGB1,NAMPT - (ITGA5+ITGB1),VISFATIN,Secreted Signaling,PMID: 28490838
CD8.TPEX,IFN-stimulated,NAMPT,ITGA5_ITGB1,0.013531543473077,0,NAMPT_ITGA5_ITGB1,NAMPT - (ITGA5+ITGB1),VISFATIN,Secreted Signaling,PMID: 28490838
Classical Mono-derived,IFN-stimulated,NAMPT,ITGA5_ITGB1,0.0185087446519338,0,NAMPT_ITGA5_ITGB1,NAMPT - (ITGA5+ITGB1),VISFATIN,Secreted Signaling,PMID: 28490838
IFN-stimulated,IFN-stimulated,NAMPT,ITGA5_ITGB1,0.0255511021918031,0,NAMPT_ITGA5_ITGB1,NAMPT - (ITGA5+ITGB1),VISFATIN,Secreted Signaling,PMID: 28490838
Inflammatory Mono-derived,IFN-stimulated,NAMPT,ITGA5_ITGB1,0.0277977433741051,0,NAMPT_ITGA5_ITGB1,NAMPT - (ITGA5+ITGB1),VISFATIN,Secreted Signaling,PMID: 28490838
Lipid-associated,IFN-stimulated,NAMPT,ITGA5_ITGB1,0.00412301022655086,0,NAMPT_ITGA5_ITGB1,NAMPT - (ITGA5+ITGB1),VISFATIN,Secreted Signaling,PMID: 28490838
Resident M2,IFN-stimulated,NAMPT,ITGA5_ITGB1,0.0255659152829507,0,NAMPT_ITGA5_ITGB1,NAMPT - (ITGA5+ITGB1),VISFATIN,Secreted Signaling,PMID: 28490838
Stress-response,IFN-stimulated,NAMPT,ITGA5_ITGB1,0.00554630852865274,0,NAMPT_ITGA5_ITGB1,NAMPT - (ITGA5+ITGB1),VISFATIN,Secreted Signaling,PMID: 28490838
CD8.TEMRA,Inflammatory Mono-derived,NAMPT,ITGA5_ITGB1,0.010301679192887,0,NAMPT_ITGA5_ITGB1,NAMPT - (ITGA5+ITGB1),VISFATIN,Secreted Signaling,PMID: 28490838
CD8.TEX,Inflammatory Mono-derived,NAMPT,ITGA5_ITGB1,0.00991713873867041,0,NAMPT_ITGA5_ITGB1,NAMPT - (ITGA5+ITGB1),VISFATIN,Secreted Signaling,PMID: 28490838
CD8.TPEX,Inflammatory Mono-derived,NAMPT,ITGA5_ITGB1,0.0274439239434387,0,NAMPT_ITGA5_ITGB1,NAMPT - (ITGA5+ITGB1),VISFATIN,Secreted Signaling,PMID: 28490838
Classical Mono-derived,Inflammatory Mono-derived,NAMPT,ITGA5_ITGB1,0.0373446819359605,0,NAMPT_ITGA5_ITGB1,NAMPT - (ITGA5+ITGB1),VISFATIN,Secreted Signaling,PMID: 28490838
IFN-stimulated,Inflammatory Mono-derived,NAMPT,ITGA5_ITGB1,0.051180172240927,0,NAMPT_ITGA5_ITGB1,NAMPT - (ITGA5+ITGB1),VISFATIN,Secreted Signaling,PMID: 28490838
Inflammatory Mono-derived,Inflammatory Mono-derived,NAMPT,ITGA5_ITGB1,0.0555518417133601,0,NAMPT_ITGA5_ITGB1,NAMPT - (ITGA5+ITGB1),VISFATIN,Secreted Signaling,PMID: 28490838
Lipid-associated,Inflammatory Mono-derived,NAMPT,ITGA5_ITGB1,0.00844487062970522,0,NAMPT_ITGA5_ITGB1,NAMPT - (ITGA5+ITGB1),VISFATIN,Secreted Signaling,PMID: 28490838
Resident M2,Inflammatory Mono-derived,NAMPT,ITGA5_ITGB1,0.0512090627942884,0,NAMPT_ITGA5_ITGB1,NAMPT - (ITGA5+ITGB1),VISFATIN,Secreted Signaling,PMID: 28490838
Stress-response,Inflammatory Mono-derived,NAMPT,ITGA5_ITGB1,0.0113431186600468,0,NAMPT_ITGA5_ITGB1,NAMPT - (ITGA5+ITGB1),VISFATIN,Secreted Signaling,PMID: 28490838
CD8.TEMRA,Stress-response,NAMPT,ITGA5_ITGB1,0.00306144256337416,0,NAMPT_ITGA5_ITGB1,NAMPT - (ITGA5+ITGB1),VISFATIN,Secreted Signaling,PMID: 28490838
CD8.TEX,Stress-response,NAMPT,ITGA5_ITGB1,0.00294636064047543,0,NAMPT_ITGA5_ITGB1,NAMPT - (ITGA5+ITGB1),VISFATIN,Secreted Signaling,PMID: 28490838
CD8.TPEX,Stress-response,NAMPT,ITGA5_ITGB1,0.00825626372362639,0,NAMPT_ITGA5_ITGB1,NAMPT - (ITGA5+ITGB1),VISFATIN,Secreted Signaling,PMID: 28490838
Classical Mono-derived,Stress-response,NAMPT,ITGA5_ITGB1,0.0113153573466883,0,NAMPT_ITGA5_ITGB1,NAMPT - (ITGA5+ITGB1),VISFATIN,Secreted Signaling,PMID: 28490838
IFN-stimulated,Stress-response,NAMPT,ITGA5_ITGB1,0.0156643983735309,0,NAMPT_ITGA5_ITGB1,NAMPT - (ITGA5+ITGB1),VISFATIN,Secreted Signaling,PMID: 28490838
Inflammatory Mono-derived,Stress-response,NAMPT,ITGA5_ITGB1,0.0170569443091536,0,NAMPT_ITGA5_ITGB1,NAMPT - (ITGA5+ITGB1),VISFATIN,Secreted Signaling,PMID: 28490838
Lipid-associated,Stress-response,NAMPT,ITGA5_ITGB1,0.00250633325943553,0,NAMPT_ITGA5_ITGB1,NAMPT - (ITGA5+ITGB1),VISFATIN,Secreted Signaling,PMID: 28490838
Resident M2,Stress-response,NAMPT,ITGA5_ITGB1,0.0156735719028757,0,NAMPT_ITGA5_ITGB1,NAMPT - (ITGA5+ITGB1),VISFATIN,Secreted Signaling,PMID: 28490838
Stress-response,Stress-response,NAMPT,ITGA5_ITGB1,0.00337343135625623,0,NAMPT_ITGA5_ITGB1,NAMPT - (ITGA5+ITGB1),VISFATIN,Secreted Signaling,PMID: 28490838
Resident M2,Classical Mono-derived,C3,C3AR1,0.00138905657991616,0,C3_C3AR1,C3 - C3AR1,COMPLEMENT,Secreted Signaling,KEGG: hsa04080
Resident M2,Resident M2,C3,C3AR1,0.00723652790243326,0,C3_C3AR1,C3 - C3AR1,COMPLEMENT,Secreted Signaling,KEGG: hsa04080
Resident M2,Classical Mono-derived,C3,ITGAM_ITGB2,0.00808696868061345,0,C3_ITGAM_ITGB2,C3 - (ITGAM+ITGB2),COMPLEMENT,Secreted Signaling,PMID: 16234578
Resident M2,IFN-stimulated,C3,ITGAM_ITGB2,0.00645463196710901,0,C3_ITGAM_ITGB2,C3 - (ITGAM+ITGB2),COMPLEMENT,Secreted Signaling,PMID: 16234578
Resident M2,Inflammatory Mono-derived,C3,ITGAM_ITGB2,0.00744546443014204,0,C3_ITGAM_ITGB2,C3 - (ITGAM+ITGB2),COMPLEMENT,Secreted Signaling,PMID: 16234578
Resident M2,Resident M2,C3,ITGAM_ITGB2,0.00647423124318866,0,C3_ITGAM_ITGB2,C3 - (ITGAM+ITGB2),COMPLEMENT,Secreted Signaling,PMID: 16234578
Resident M2,Stress-response,C3,ITGAM_ITGB2,0.00566669223493994,0,C3_ITGAM_ITGB2,C3 - (ITGAM+ITGB2),COMPLEMENT,Secreted Signaling,PMID: 16234578
Resident M2,Classical Mono-derived,C3,ITGAX_ITGB2,0.0138542953778465,0,C3_ITGAX_ITGB2,C3 - (ITGAX+ITGB2),COMPLEMENT,Secreted Signaling,PMID: 16234578
Resident M2,IFN-stimulated,C3,ITGAX_ITGB2,0.0145907699650125,0,C3_ITGAX_ITGB2,C3 - (ITGAX+ITGB2),COMPLEMENT,Secreted Signaling,PMID: 16234578
Resident M2,Inflammatory Mono-derived,C3,ITGAX_ITGB2,0.0161317130096186,0,C3_ITGAX_ITGB2,C3 - (ITGAX+ITGB2),COMPLEMENT,Secreted Signaling,PMID: 16234578
Resident M2,Lipid-associated,C3,ITGAX_ITGB2,0.00862261363614913,0,C3_ITGAX_ITGB2,C3 - (ITGAX+ITGB2),COMPLEMENT,Secreted Signaling,PMID: 16234578
Resident M2,Resident M2,C3,ITGAX_ITGB2,0.0110474950577588,0,C3_ITGAX_ITGB2,C3 - (ITGAX+ITGB2),COMPLEMENT,Secreted Signaling,PMID: 16234578
Resident M2,Stress-response,C3,ITGAX_ITGB2,0.00739516151711206,0,C3_ITGAX_ITGB2,C3 - (ITGAX+ITGB2),COMPLEMENT,Secreted Signaling,PMID: 16234578
CD8.CM,CD8.EM,GZMA,F2R,0.0150865701559298,0,GZMA_F2R,GZMA - F2R,PARs,Secreted Signaling,KEGG: hsa04080
CD8.EM,CD8.EM,GZMA,F2R,0.0269150054045787,0,GZMA_F2R,GZMA - F2R,PARs,Secreted Signaling,KEGG: hsa04080
CD8.MAIT,CD8.EM,GZMA,F2R,0.0149955857784429,0,GZMA_F2R,GZMA - F2R,PARs,Secreted Signaling,KEGG: hsa04080
CD8.TEMRA,CD8.EM,GZMA,F2R,0.0219212384234022,0,GZMA_F2R,GZMA - F2R,PARs,Secreted Signaling,KEGG: hsa04080
CD8.TEX,CD8.EM,GZMA,F2R,0.0283047285670527,0,GZMA_F2R,GZMA - F2R,PARs,Secreted Signaling,KEGG: hsa04080
CD8.TPEX,CD8.EM,GZMA,F2R,0.0165714375811778,0,GZMA_F2R,GZMA - F2R,PARs,Secreted Signaling,KEGG: hsa04080
CD8.EM,CD8.TEMRA,GZMA,F2R,0.0288125373810719,0,GZMA_F2R,GZMA - F2R,PARs,Secreted Signaling,KEGG: hsa04080
CD8.TEX,CD8.TEMRA,GZMA,F2R,0.0302971867465709,0,GZMA_F2R,GZMA - F2R,PARs,Secreted Signaling,KEGG: hsa04080
CD8.CM,CD8.TEX,GZMA,F2R,0.0137854493362944,0,GZMA_F2R,GZMA - F2R,PARs,Secreted Signaling,KEGG: hsa04080
CD8.EM,CD8.TEX,GZMA,F2R,0.0246192566772812,0,GZMA_F2R,GZMA - F2R,PARs,Secreted Signaling,KEGG: hsa04080
CD8.MAIT,CD8.TEX,GZMA,F2R,0.0137022026175587,0,GZMA_F2R,GZMA - F2R,PARs,Secreted Signaling,KEGG: hsa04080
CD8.TEMRA,CD8.TEX,GZMA,F2R,0.0200426659391507,0,GZMA_F2R,GZMA - F2R,PARs,Secreted Signaling,KEGG: hsa04080
CD8.TEX,CD8.TEX,GZMA,F2R,0.0258935959576314,0,GZMA_F2R,GZMA - F2R,PARs,Secreted Signaling,KEGG: hsa04080
CD8.TPEX,CD8.TEX,GZMA,F2R,0.0151442254625682,0,GZMA_F2R,GZMA - F2R,PARs,Secreted Signaling,KEGG: hsa04080
CD8.CM,Classical Mono-derived,ANXA1,FPR1,0.0873945088750668,0,ANXA1_FPR1,ANXA1 - FPR1,ANNEXIN,Secreted Signaling,PMID: 23230437
CD8.EM,Classical Mono-derived,ANXA1,FPR1,0.0596599747047505,0,ANXA1_FPR1,ANXA1 - FPR1,ANNEXIN,Secreted Signaling,PMID: 23230437
CD8.MAIT,Classical Mono-derived,ANXA1,FPR1,0.0685331944430958,0,ANXA1_FPR1,ANXA1 - FPR1,ANNEXIN,Secreted Signaling,PMID: 23230437
CD8.NaiveLike,Classical Mono-derived,ANXA1,FPR1,0.0481256137067114,0,ANXA1_FPR1,ANXA1 - FPR1,ANNEXIN,Secreted Signaling,PMID: 23230437
CD8.TEMRA,Classical Mono-derived,ANXA1,FPR1,0.0236641948521532,0,ANXA1_FPR1,ANXA1 - FPR1,ANNEXIN,Secreted Signaling,PMID: 23230437
CD8.TEX,Classical Mono-derived,ANXA1,FPR1,0.0635442014359471,0,ANXA1_FPR1,ANXA1 - FPR1,ANNEXIN,Secreted Signaling,PMID: 23230437
CD8.TPEX,Classical Mono-derived,ANXA1,FPR1,0.0704480438515636,0,ANXA1_FPR1,ANXA1 - FPR1,ANNEXIN,Secreted Signaling,PMID: 23230437
Classical Mono-derived,Classical Mono-derived,ANXA1,FPR1,0.0696559354932416,0,ANXA1_FPR1,ANXA1 - FPR1,ANNEXIN,Secreted Signaling,PMID: 23230437
IFN-stimulated,Classical Mono-derived,ANXA1,FPR1,0.0534922658702276,0,ANXA1_FPR1,ANXA1 - FPR1,ANNEXIN,Secreted Signaling,PMID: 23230437
Inflammatory Mono-derived,Classical Mono-derived,ANXA1,FPR1,0.100550023991778,0,ANXA1_FPR1,ANXA1 - FPR1,ANNEXIN,Secreted Signaling,PMID: 23230437
Lipid-associated,Classical Mono-derived,ANXA1,FPR1,0.0756866569194329,0,ANXA1_FPR1,ANXA1 - FPR1,ANNEXIN,Secreted Signaling,PMID: 23230437
Proliferating,Classical Mono-derived,ANXA1,FPR1,0.0797852892147416,0,ANXA1_FPR1,ANXA1 - FPR1,ANNEXIN,Secreted Signaling,PMID: 23230437
Resident M2,Classical Mono-derived,ANXA1,FPR1,0.0780558104189693,0,ANXA1_FPR1,ANXA1 - FPR1,ANNEXIN,Secreted Signaling,PMID: 23230437
Stress-response,Classical Mono-derived,ANXA1,FPR1,0.11135335859427,0,ANXA1_FPR1,ANXA1 - FPR1,ANNEXIN,Secreted Signaling,PMID: 23230437
CD8.CM,IFN-stimulated,ANXA1,FPR1,0.0870404753639748,0,ANXA1_FPR1,ANXA1 - FPR1,ANNEXIN,Secreted Signaling,PMID: 23230437
CD8.EM,IFN-stimulated,ANXA1,FPR1,0.0594109791050722,0,ANXA1_FPR1,ANXA1 - FPR1,ANNEXIN,Secreted Signaling,PMID: 23230437
CD8.MAIT,IFN-stimulated,ANXA1,FPR1,0.068249853622527,0,ANXA1_FPR1,ANXA1 - FPR1,ANNEXIN,Secreted Signaling,PMID: 23230437
CD8.NaiveLike,IFN-stimulated,ANXA1,FPR1,0.0479223043463554,0,ANXA1_FPR1,ANXA1 - FPR1,ANNEXIN,Secreted Signaling,PMID: 23230437
CD8.TEMRA,IFN-stimulated,ANXA1,FPR1,0.0235616661981882,0,ANXA1_FPR1,ANXA1 - FPR1,ANNEXIN,Secreted Signaling,PMID: 23230437
CD8.TEX,IFN-stimulated,ANXA1,FPR1,0.0632800856363766,0,ANXA1_FPR1,ANXA1 - FPR1,ANNEXIN,Secreted Signaling,PMID: 23230437
CD8.TPEX,IFN-stimulated,ANXA1,FPR1,0.0701573826343604,0,ANXA1_FPR1,ANXA1 - FPR1,ANNEXIN,Secreted Signaling,PMID: 23230437
Classical Mono-derived,IFN-stimulated,ANXA1,FPR1,0.0693682985439646,0,ANXA1_FPR1,ANXA1 - FPR1,ANNEXIN,Secreted Signaling,PMID: 23230437
IFN-stimulated,IFN-stimulated,ANXA1,FPR1,0.0532675535115831,0,ANXA1_FPR1,ANXA1 - FPR1,ANNEXIN,Secreted Signaling,PMID: 23230437
Inflammatory Mono-derived,IFN-stimulated,ANXA1,FPR1,0.100148546036643,0,ANXA1_FPR1,ANXA1 - FPR1,ANNEXIN,Secreted Signaling,PMID: 23230437
Lipid-associated,IFN-stimulated,ANXA1,FPR1,0.0753761343837042,0,ANXA1_FPR1,ANXA1 - FPR1,ANNEXIN,Secreted Signaling,PMID: 23230437
Proliferating,IFN-stimulated,ANXA1,FPR1,0.0794593966327917,0,ANXA1_FPR1,ANXA1 - FPR1,ANNEXIN,Secreted Signaling,PMID: 23230437
Resident M2,IFN-stimulated,ANXA1,FPR1,0.0777363853373254,0,ANXA1_FPR1,ANXA1 - FPR1,ANNEXIN,Secreted Signaling,PMID: 23230437
Stress-response,IFN-stimulated,ANXA1,FPR1,0.110914064097058,0,ANXA1_FPR1,ANXA1 - FPR1,ANNEXIN,Secreted Signaling,PMID: 23230437
CD8.CM,Inflammatory Mono-derived,ANXA1,FPR1,0.0514305551914714,0,ANXA1_FPR1,ANXA1 - FPR1,ANNEXIN,Secreted Signaling,PMID: 23230437
CD8.EM,Inflammatory Mono-derived,ANXA1,FPR1,0.034675480912832,0,ANXA1_FPR1,ANXA1 - FPR1,ANNEXIN,Secreted Signaling,PMID: 23230437
CD8.MAIT,Inflammatory Mono-derived,ANXA1,FPR1,0.0399907919184057,0,ANXA1_FPR1,ANXA1 - FPR1,ANNEXIN,Secreted Signaling,PMID: 23230437
CD8.NaiveLike,Inflammatory Mono-derived,ANXA1,FPR1,0.0278285461220333,0,ANXA1_FPR1,ANXA1 - FPR1,ANNEXIN,Secreted Signaling,PMID: 23230437
CD8.TEMRA,Inflammatory Mono-derived,ANXA1,FPR1,0.0135370584417516,0,ANXA1_FPR1,ANXA1 - FPR1,ANNEXIN,Secreted Signaling,PMID: 23230437
CD8.TEX,Inflammatory Mono-derived,ANXA1,FPR1,0.036997064520684,0,ANXA1_FPR1,ANXA1 - FPR1,ANNEXIN,Secreted Signaling,PMID: 23230437
CD8.TPEX,Inflammatory Mono-derived,ANXA1,FPR1,0.0411433787575558,0,ANXA1_FPR1,ANXA1 - FPR1,ANNEXIN,Secreted Signaling,PMID: 23230437
Classical Mono-derived,Inflammatory Mono-derived,ANXA1,FPR1,0.0406663531461124,0,ANXA1_FPR1,ANXA1 - FPR1,ANNEXIN,Secreted Signaling,PMID: 23230437
IFN-stimulated,Inflammatory Mono-derived,ANXA1,FPR1,0.0310055285787008,0,ANXA1_FPR1,ANXA1 - FPR1,ANNEXIN,Secreted Signaling,PMID: 23230437
Inflammatory Mono-derived,Inflammatory Mono-derived,ANXA1,FPR1,0.0595255192630797,0,ANXA1_FPR1,ANXA1 - FPR1,ANNEXIN,Secreted Signaling,PMID: 23230437
Lipid-associated,Inflammatory Mono-derived,ANXA1,FPR1,0.044306724381791,0,ANXA1_FPR1,ANXA1 - FPR1,ANNEXIN,Secreted Signaling,PMID: 23230437
Proliferating,Inflammatory Mono-derived,ANXA1,FPR1,0.0467920754919468,0,ANXA1_FPR1,ANXA1 - FPR1,ANNEXIN,Secreted Signaling,PMID: 23230437
Resident M2,Inflammatory Mono-derived,ANXA1,FPR1,0.045742229001351,0,ANXA1_FPR1,ANXA1 - FPR1,ANNEXIN,Secreted Signaling,PMID: 23230437
Stress-response,Inflammatory Mono-derived,ANXA1,FPR1,0.0662457214919355,0,ANXA1_FPR1,ANXA1 - FPR1,ANNEXIN,Secreted Signaling,PMID: 23230437
CD8.CM,Resident M2,ANXA1,FPR1,0.0224225624344769,0,ANXA1_FPR1,ANXA1 - FPR1,ANNEXIN,Secreted Signaling,PMID: 23230437
CD8.EM,Resident M2,ANXA1,FPR1,0.0149686013033599,0,ANXA1_FPR1,ANXA1 - FPR1,ANNEXIN,Secreted Signaling,PMID: 23230437
CD8.MAIT,Resident M2,ANXA1,FPR1,0.0173172892828972,0,ANXA1_FPR1,ANXA1 - FPR1,ANNEXIN,Secreted Signaling,PMID: 23230437
CD8.NaiveLike,Resident M2,ANXA1,FPR1,0.0119647079315314,0,ANXA1_FPR1,ANXA1 - FPR1,ANNEXIN,Secreted Signaling,PMID: 23230437
CD8.TEMRA,Resident M2,ANXA1,FPR1,0.00577180427345108,0,ANXA1_FPR1,ANXA1 - FPR1,ANNEXIN,Secreted Signaling,PMID: 23230437
CD8.TEX,Resident M2,ANXA1,FPR1,0.0159926339327192,0,ANXA1_FPR1,ANXA1 - FPR1,ANNEXIN,Secreted Signaling,PMID: 23230437
CD8.TPEX,Resident M2,ANXA1,FPR1,0.017828532084294,0,ANXA1_FPR1,ANXA1 - FPR1,ANNEXIN,Secreted Signaling,PMID: 23230437
Classical Mono-derived,Resident M2,ANXA1,FPR1,0.0176168575784122,0,ANXA1_FPR1,ANXA1 - FPR1,ANNEXIN,Secreted Signaling,PMID: 23230437
IFN-stimulated,Resident M2,ANXA1,FPR1,0.013355511497947,0,ANXA1_FPR1,ANXA1 - FPR1,ANNEXIN,Secreted Signaling,PMID: 23230437
Inflammatory Mono-derived,Resident M2,ANXA1,FPR1,0.0260773019322632,0,ANXA1_FPR1,ANXA1 - FPR1,ANNEXIN,Secreted Signaling,PMID: 23230437
Lipid-associated,Resident M2,ANXA1,FPR1,0.0192352551032154,0,ANXA1_FPR1,ANXA1 - FPR1,ANNEXIN,Secreted Signaling,PMID: 23230437
Proliferating,Resident M2,ANXA1,FPR1,0.0203441794961352,0,ANXA1_FPR1,ANXA1 - FPR1,ANNEXIN,Secreted Signaling,PMID: 23230437
Resident M2,Resident M2,ANXA1,FPR1,0.019875356102208,0,ANXA1_FPR1,ANXA1 - FPR1,ANNEXIN,Secreted Signaling,PMID: 23230437
Stress-response,Resident M2,ANXA1,FPR1,0.0291383246873195,0,ANXA1_FPR1,ANXA1 - FPR1,ANNEXIN,Secreted Signaling,PMID: 23230437
CD8.CM,Stress-response,ANXA1,FPR1,0.0148231502406745,0,ANXA1_FPR1,ANXA1 - FPR1,ANNEXIN,Secreted Signaling,PMID: 23230437
CD8.EM,Stress-response,ANXA1,FPR1,0.00986996519871238,0,ANXA1_FPR1,ANXA1 - FPR1,ANNEXIN,Secreted Signaling,PMID: 23230437
CD8.MAIT,Stress-response,ANXA1,FPR1,0.0114279196314003,0,ANXA1_FPR1,ANXA1 - FPR1,ANNEXIN,Secreted Signaling,PMID: 23230437
CD8.NaiveLike,Stress-response,ANXA1,FPR1,0.00788107783616224,0,ANXA1_FPR1,ANXA1 - FPR1,ANNEXIN,Secreted Signaling,PMID: 23230437
CD8.TEMRA,Stress-response,ANXA1,FPR1,0.00379373532584228,0,ANXA1_FPR1,ANXA1 - FPR1,ANNEXIN,Secreted Signaling,PMID: 23230437
CD8.TEX,Stress-response,ANXA1,FPR1,0.0105489251697716,0,ANXA1_FPR1,ANXA1 - FPR1,ANNEXIN,Secreted Signaling,PMID: 23230437
CD8.TPEX,Stress-response,ANXA1,FPR1,0.0117673778626198,0,ANXA1_FPR1,ANXA1 - FPR1,ANNEXIN,Secreted Signaling,PMID: 23230437
Classical Mono-derived,Stress-response,ANXA1,FPR1,0.0116268143115568,0,ANXA1_FPR1,ANXA1 - FPR1,ANNEXIN,Secreted Signaling,PMID: 23230437
IFN-stimulated,Stress-response,ANXA1,FPR1,0.00880141993417792,0,ANXA1_FPR1,ANXA1 - FPR1,ANNEXIN,Secreted Signaling,PMID: 23230437
Inflammatory Mono-derived,Stress-response,ANXA1,FPR1,0.0172611033787061,0,ANXA1_FPR1,ANXA1 - FPR1,ANNEXIN,Secreted Signaling,PMID: 23230437
Lipid-associated,Stress-response,ANXA1,FPR1,0.0127020431177632,0,ANXA1_FPR1,ANXA1 - FPR1,ANNEXIN,Secreted Signaling,PMID: 23230437
Proliferating,Stress-response,ANXA1,FPR1,0.0134394849597914,0,ANXA1_FPR1,ANXA1 - FPR1,ANNEXIN,Secreted Signaling,PMID: 23230437
Resident M2,Stress-response,ANXA1,FPR1,0.0131276452659877,0,ANXA1_FPR1,ANXA1 - FPR1,ANNEXIN,Secreted Signaling,PMID: 23230437
Stress-response,Stress-response,ANXA1,FPR1,0.0193077734149922,0,ANXA1_FPR1,ANXA1 - FPR1,ANNEXIN,Secreted Signaling,PMID: 23230437
Resident M2,Resident M2,GAS6,AXL,0.00211514195285714,0,GAS6_AXL,GAS6 - AXL,GAS,Secreted Signaling,PMID: 27801848
Resident M2,Resident M2,GAS6,MERTK,0.00291383950208664,0,GAS6_MERTK,GAS6 - MERTK,GAS,Secreted Signaling,PMID: 27801848
Classical Mono-derived,Classical Mono-derived,GRN,SORT1,0.0133409583095535,0,GRN_SORT1,GRN - SORT1,GRN,Secreted Signaling,PMID: 29555433
IFN-stimulated,Classical Mono-derived,GRN,SORT1,0.0151413239099363,0,GRN_SORT1,GRN - SORT1,GRN,Secreted Signaling,PMID: 29555433
Inflammatory Mono-derived,Classical Mono-derived,GRN,SORT1,0.0145454392776636,0,GRN_SORT1,GRN - SORT1,GRN,Secreted Signaling,PMID: 29555433
Lipid-associated,Classical Mono-derived,GRN,SORT1,0.0123058559089916,0,GRN_SORT1,GRN - SORT1,GRN,Secreted Signaling,PMID: 29555433
Proliferating,Classical Mono-derived,GRN,SORT1,0.0115795560641113,0,GRN_SORT1,GRN - SORT1,GRN,Secreted Signaling,PMID: 29555433
Resident M2,Classical Mono-derived,GRN,SORT1,0.0140397300614322,0,GRN_SORT1,GRN - SORT1,GRN,Secreted Signaling,PMID: 29555433
Stress-response,Classical Mono-derived,GRN,SORT1,0.0187117290242818,0,GRN_SORT1,GRN - SORT1,GRN,Secreted Signaling,PMID: 29555433
Classical Mono-derived,CD8.CM,LGALS9,PTPRC,0.0625620316104879,0,LGALS9_CD45,LGALS9 - CD45,GALECTIN,Secreted Signaling,PMID: 30120235
IFN-stimulated,CD8.CM,LGALS9,PTPRC,0.0543922457219719,0,LGALS9_CD45,LGALS9 - CD45,GALECTIN,Secreted Signaling,PMID: 30120235
Inflammatory Mono-derived,CD8.CM,LGALS9,PTPRC,0.055074513783287,0,LGALS9_CD45,LGALS9 - CD45,GALECTIN,Secreted Signaling,PMID: 30120235
Lipid-associated,CD8.CM,LGALS9,PTPRC,0.0403365147877442,0,LGALS9_CD45,LGALS9 - CD45,GALECTIN,Secreted Signaling,PMID: 30120235
Proliferating,CD8.CM,LGALS9,PTPRC,0.037138913754839,0,LGALS9_CD45,LGALS9 - CD45,GALECTIN,Secreted Signaling,PMID: 30120235
Resident M2,CD8.CM,LGALS9,PTPRC,0.0585324674330424,0,LGALS9_CD45,LGALS9 - CD45,GALECTIN,Secreted Signaling,PMID: 30120235
Stress-response,CD8.CM,LGALS9,PTPRC,0.0309551579536273,0,LGALS9_CD45,LGALS9 - CD45,GALECTIN,Secreted Signaling,PMID: 30120235
Classical Mono-derived,CD8.EM,LGALS9,PTPRC,0.0634304537998442,0,LGALS9_CD45,LGALS9 - CD45,GALECTIN,Secreted Signaling,PMID: 30120235
IFN-stimulated,CD8.EM,LGALS9,PTPRC,0.0551539354257346,0,LGALS9_CD45,LGALS9 - CD45,GALECTIN,Secreted Signaling,PMID: 30120235
Inflammatory Mono-derived,CD8.EM,LGALS9,PTPRC,0.0558451934776773,0,LGALS9_CD45,LGALS9 - CD45,GALECTIN,Secreted Signaling,PMID: 30120235
Lipid-associated,CD8.EM,LGALS9,PTPRC,0.0409098885565905,0,LGALS9_CD45,LGALS9 - CD45,GALECTIN,Secreted Signaling,PMID: 30120235
Proliferating,CD8.EM,LGALS9,PTPRC,0.0376686185225821,0,LGALS9_CD45,LGALS9 - CD45,GALECTIN,Secreted Signaling,PMID: 30120235
Resident M2,CD8.EM,LGALS9,PTPRC,0.0593484964885675,0,LGALS9_CD45,LGALS9 - CD45,GALECTIN,Secreted Signaling,PMID: 30120235
Stress-response,CD8.EM,LGALS9,PTPRC,0.0313995412551158,0,LGALS9_CD45,LGALS9 - CD45,GALECTIN,Secreted Signaling,PMID: 30120235
Classical Mono-derived,CD8.MAIT,LGALS9,PTPRC,0.0573664181880939,0,LGALS9_CD45,LGALS9 - CD45,GALECTIN,Secreted Signaling,PMID: 30120235
IFN-stimulated,CD8.MAIT,LGALS9,PTPRC,0.0498390402264505,0,LGALS9_CD45,LGALS9 - CD45,GALECTIN,Secreted Signaling,PMID: 30120235
Inflammatory Mono-derived,CD8.MAIT,LGALS9,PTPRC,0.050467243377082,0,LGALS9_CD45,LGALS9 - CD45,GALECTIN,Secreted Signaling,PMID: 30120235
Lipid-associated,CD8.MAIT,LGALS9,PTPRC,0.0369139906162502,0,LGALS9_CD45,LGALS9 - CD45,GALECTIN,Secreted Signaling,PMID: 30120235
Proliferating,CD8.MAIT,LGALS9,PTPRC,0.0339780975037537,0,LGALS9_CD45,LGALS9 - CD45,GALECTIN,Secreted Signaling,PMID: 30120235
Resident M2,CD8.MAIT,LGALS9,PTPRC,0.0536523460870077,0,LGALS9_CD45,LGALS9 - CD45,GALECTIN,Secreted Signaling,PMID: 30120235
Stress-response,CD8.MAIT,LGALS9,PTPRC,0.028305157176865,0,LGALS9_CD45,LGALS9 - CD45,GALECTIN,Secreted Signaling,PMID: 30120235
Classical Mono-derived,CD8.NaiveLike,LGALS9,PTPRC,0.0580947683153463,0,LGALS9_CD45,LGALS9 - CD45,GALECTIN,Secreted Signaling,PMID: 30120235
IFN-stimulated,CD8.NaiveLike,LGALS9,PTPRC,0.0504769370578464,0,LGALS9_CD45,LGALS9 - CD45,GALECTIN,Secreted Signaling,PMID: 30120235
Inflammatory Mono-derived,CD8.NaiveLike,LGALS9,PTPRC,0.0511127481415621,0,LGALS9_CD45,LGALS9 - CD45,GALECTIN,Secreted Signaling,PMID: 30120235
Lipid-associated,CD8.NaiveLike,LGALS9,PTPRC,0.0373929683050836,0,LGALS9_CD45,LGALS9 - CD45,GALECTIN,Secreted Signaling,PMID: 30120235
Proliferating,CD8.NaiveLike,LGALS9,PTPRC,0.0344203419858711,0,LGALS9_CD45,LGALS9 - CD45,GALECTIN,Secreted Signaling,PMID: 30120235
Resident M2,CD8.NaiveLike,LGALS9,PTPRC,0.0543362588550629,0,LGALS9_CD45,LGALS9 - CD45,GALECTIN,Secreted Signaling,PMID: 30120235
Stress-response,CD8.NaiveLike,LGALS9,PTPRC,0.0286757568705371,0,LGALS9_CD45,LGALS9 - CD45,GALECTIN,Secreted Signaling,PMID: 30120235
Classical Mono-derived,CD8.TEMRA,LGALS9,PTPRC,0.061581344378126,0,LGALS9_CD45,LGALS9 - CD45,GALECTIN,Secreted Signaling,PMID: 30120235
IFN-stimulated,CD8.TEMRA,LGALS9,PTPRC,0.0535323103212522,0,LGALS9_CD45,LGALS9 - CD45,GALECTIN,Secreted Signaling,PMID: 30120235
Inflammatory Mono-derived,CD8.TEMRA,LGALS9,PTPRC,0.054204410111548,0,LGALS9_CD45,LGALS9 - CD45,GALECTIN,Secreted Signaling,PMID: 30120235
Lipid-associated,CD8.TEMRA,LGALS9,PTPRC,0.0396894718429479,0,LGALS9_CD45,LGALS9 - CD45,GALECTIN,Secreted Signaling,PMID: 30120235
Proliferating,CD8.TEMRA,LGALS9,PTPRC,0.0365412108243003,0,LGALS9_CD45,LGALS9 - CD45,GALECTIN,Secreted Signaling,PMID: 30120235
Resident M2,CD8.TEMRA,LGALS9,PTPRC,0.0576110635120467,0,LGALS9_CD45,LGALS9 - CD45,GALECTIN,Secreted Signaling,PMID: 30120235
Stress-response,CD8.TEMRA,LGALS9,PTPRC,0.0304538269471233,0,LGALS9_CD45,LGALS9 - CD45,GALECTIN,Secreted Signaling,PMID: 30120235
Classical Mono-derived,CD8.TEX,LGALS9,PTPRC,0.0646029398126697,0,LGALS9_CD45,LGALS9 - CD45,GALECTIN,Secreted Signaling,PMID: 30120235
IFN-stimulated,CD8.TEX,LGALS9,PTPRC,0.0561826107741554,0,LGALS9_CD45,LGALS9 - CD45,GALECTIN,Secreted Signaling,PMID: 30120235
Inflammatory Mono-derived,CD8.TEX,LGALS9,PTPRC,0.056885985248687,0,LGALS9_CD45,LGALS9 - CD45,GALECTIN,Secreted Signaling,PMID: 30120235
Lipid-associated,CD8.TEX,LGALS9,PTPRC,0.0416846189720777,0,LGALS9_CD45,LGALS9 - CD45,GALECTIN,Secreted Signaling,PMID: 30120235
Proliferating,CD8.TEX,LGALS9,PTPRC,0.0383844240268619,0,LGALS9_CD45,LGALS9 - CD45,GALECTIN,Secreted Signaling,PMID: 30120235
Resident M2,CD8.TEX,LGALS9,PTPRC,0.0604503992841129,0,LGALS9_CD45,LGALS9 - CD45,GALECTIN,Secreted Signaling,PMID: 30120235
Stress-response,CD8.TEX,LGALS9,PTPRC,0.0320001787389261,0,LGALS9_CD45,LGALS9 - CD45,GALECTIN,Secreted Signaling,PMID: 30120235
Classical Mono-derived,CD8.TPEX,LGALS9,PTPRC,0.0631708246161007,0,LGALS9_CD45,LGALS9 - CD45,GALECTIN,Secreted Signaling,PMID: 30120235
IFN-stimulated,CD8.TPEX,LGALS9,PTPRC,0.0549261963710629,0,LGALS9_CD45,LGALS9 - CD45,GALECTIN,Secreted Signaling,PMID: 30120235
Inflammatory Mono-derived,CD8.TPEX,LGALS9,PTPRC,0.0556147681206608,0,LGALS9_CD45,LGALS9 - CD45,GALECTIN,Secreted Signaling,PMID: 30120235
Lipid-associated,CD8.TPEX,LGALS9,PTPRC,0.0407384294229853,0,LGALS9_CD45,LGALS9 - CD45,GALECTIN,Secreted Signaling,PMID: 30120235
Proliferating,CD8.TPEX,LGALS9,PTPRC,0.0375102127131229,0,LGALS9_CD45,LGALS9 - CD45,GALECTIN,Secreted Signaling,PMID: 30120235
Resident M2,CD8.TPEX,LGALS9,PTPRC,0.0591045208939778,0,LGALS9_CD45,LGALS9 - CD45,GALECTIN,Secreted Signaling,PMID: 30120235
Stress-response,CD8.TPEX,LGALS9,PTPRC,0.0312666419102635,0,LGALS9_CD45,LGALS9 - CD45,GALECTIN,Secreted Signaling,PMID: 30120235
Classical Mono-derived,Classical Mono-derived,LGALS9,PTPRC,0.0528236162109858,0,LGALS9_CD45,LGALS9 - CD45,GALECTIN,Secreted Signaling,PMID: 30120235
IFN-stimulated,Classical Mono-derived,LGALS9,PTPRC,0.0458633231497738,0,LGALS9_CD45,LGALS9 - CD45,GALECTIN,Secreted Signaling,PMID: 30120235
Inflammatory Mono-derived,Classical Mono-derived,LGALS9,PTPRC,0.0464438633165351,0,LGALS9_CD45,LGALS9 - CD45,GALECTIN,Secreted Signaling,PMID: 30120235
Lipid-associated,Classical Mono-derived,LGALS9,PTPRC,0.0339324983941744,0,LGALS9_CD45,LGALS9 - CD45,GALECTIN,Secreted Signaling,PMID: 30120235
Proliferating,Classical Mono-derived,LGALS9,PTPRC,0.0312260449482646,0,LGALS9_CD45,LGALS9 - CD45,GALECTIN,Secreted Signaling,PMID: 30120235
Resident M2,Classical Mono-derived,LGALS9,PTPRC,0.0493882487826846,0,LGALS9_CD45,LGALS9 - CD45,GALECTIN,Secreted Signaling,PMID: 30120235
Stress-response,Classical Mono-derived,LGALS9,PTPRC,0.0260002170883024,0,LGALS9_CD45,LGALS9 - CD45,GALECTIN,Secreted Signaling,PMID: 30120235
Classical Mono-derived,IFN-stimulated,LGALS9,PTPRC,0.042366792418781,0,LGALS9_CD45,LGALS9 - CD45,GALECTIN,Secreted Signaling,PMID: 30120235
IFN-stimulated,IFN-stimulated,LGALS9,PTPRC,0.0367309087967649,0,LGALS9_CD45,LGALS9 - CD45,GALECTIN,Secreted Signaling,PMID: 30120235
Inflammatory Mono-derived,IFN-stimulated,LGALS9,PTPRC,0.0372003574338916,0,LGALS9_CD45,LGALS9 - CD45,GALECTIN,Secreted Signaling,PMID: 30120235
Lipid-associated,IFN-stimulated,LGALS9,PTPRC,0.0271082817289152,0,LGALS9_CD45,LGALS9 - CD45,GALECTIN,Secreted Signaling,PMID: 30120235
Proliferating,IFN-stimulated,LGALS9,PTPRC,0.0249320801147223,0,LGALS9_CD45,LGALS9 - CD45,GALECTIN,Secreted Signaling,PMID: 30120235
Resident M2,IFN-stimulated,LGALS9,PTPRC,0.0395830613148951,0,LGALS9_CD45,LGALS9 - CD45,GALECTIN,Secreted Signaling,PMID: 30120235
Stress-response,IFN-stimulated,LGALS9,PTPRC,0.020737030465617,0,LGALS9_CD45,LGALS9 - CD45,GALECTIN,Secreted Signaling,PMID: 30120235
Classical Mono-derived,Inflammatory Mono-derived,LGALS9,PTPRC,0.0325224567731007,0,LGALS9_CD45,LGALS9 - CD45,GALECTIN,Secreted Signaling,PMID: 30120235
IFN-stimulated,Inflammatory Mono-derived,LGALS9,PTPRC,0.0281576202225079,0,LGALS9_CD45,LGALS9 - CD45,GALECTIN,Secreted Signaling,PMID: 30120235
Inflammatory Mono-derived,Inflammatory Mono-derived,LGALS9,PTPRC,0.0285207400544863,0,LGALS9_CD45,LGALS9 - CD45,GALECTIN,Secreted Signaling,PMID: 30120235
Lipid-associated,Inflammatory Mono-derived,LGALS9,PTPRC,0.0207326503437875,0,LGALS9_CD45,LGALS9 - CD45,GALECTIN,Secreted Signaling,PMID: 30120235
Proliferating,Inflammatory Mono-derived,LGALS9,PTPRC,0.0190582461099159,0,LGALS9_CD45,LGALS9 - CD45,GALECTIN,Secreted Signaling,PMID: 30120235
Resident M2,Inflammatory Mono-derived,LGALS9,PTPRC,0.0303650427588747,0,LGALS9_CD45,LGALS9 - CD45,GALECTIN,Secreted Signaling,PMID: 30120235
Stress-response,Inflammatory Mono-derived,LGALS9,PTPRC,0.0158354717623545,0,LGALS9_CD45,LGALS9 - CD45,GALECTIN,Secreted Signaling,PMID: 30120235
Classical Mono-derived,Lipid-associated,LGALS9,PTPRC,0.0318211431136949,0,LGALS9_CD45,LGALS9 - CD45,GALECTIN,Secreted Signaling,PMID: 30120235
IFN-stimulated,Lipid-associated,LGALS9,PTPRC,0.0275477497726178,0,LGALS9_CD45,LGALS9 - CD45,GALECTIN,Secreted Signaling,PMID: 30120235
Inflammatory Mono-derived,Lipid-associated,LGALS9,PTPRC,0.0279032305471231,0,LGALS9_CD45,LGALS9 - CD45,GALECTIN,Secreted Signaling,PMID: 30120235
Lipid-associated,Lipid-associated,LGALS9,PTPRC,0.0202802425813645,0,LGALS9_CD45,LGALS9 - CD45,GALECTIN,Secreted Signaling,PMID: 30120235
Proliferating,Lipid-associated,LGALS9,PTPRC,0.0186416800351597,0,LGALS9_CD45,LGALS9 - CD45,GALECTIN,Secreted Signaling,PMID: 30120235
Resident M2,Lipid-associated,LGALS9,PTPRC,0.0297088229475639,0,LGALS9_CD45,LGALS9 - CD45,GALECTIN,Secreted Signaling,PMID: 30120235
Stress-response,Lipid-associated,LGALS9,PTPRC,0.0154882353386162,0,LGALS9_CD45,LGALS9 - CD45,GALECTIN,Secreted Signaling,PMID: 30120235
Classical Mono-derived,Proliferating,LGALS9,PTPRC,0.0329846981331232,0,LGALS9_CD45,LGALS9 - CD45,GALECTIN,Secreted Signaling,PMID: 30120235
IFN-stimulated,Proliferating,LGALS9,PTPRC,0.0285596555287085,0,LGALS9_CD45,LGALS9 - CD45,GALECTIN,Secreted Signaling,PMID: 30120235
Inflammatory Mono-derived,Proliferating,LGALS9,PTPRC,0.0289278056704607,0,LGALS9_CD45,LGALS9 - CD45,GALECTIN,Secreted Signaling,PMID: 30120235
Lipid-associated,Proliferating,LGALS9,PTPRC,0.0210309658917423,0,LGALS9_CD45,LGALS9 - CD45,GALECTIN,Secreted Signaling,PMID: 30120235
Proliferating,Proliferating,LGALS9,PTPRC,0.0193329448246933,0,LGALS9_CD45,LGALS9 - CD45,GALECTIN,Secreted Signaling,PMID: 30120235
Resident M2,Proliferating,LGALS9,PTPRC,0.0307975969159118,0,LGALS9_CD45,LGALS9 - CD45,GALECTIN,Secreted Signaling,PMID: 30120235
Stress-response,Proliferating,LGALS9,PTPRC,0.0160644792889662,0,LGALS9_CD45,LGALS9 - CD45,GALECTIN,Secreted Signaling,PMID: 30120235
Classical Mono-derived,Resident M2,LGALS9,PTPRC,0.0416363297403568,0,LGALS9_CD45,LGALS9 - CD45,GALECTIN,Secreted Signaling,PMID: 30120235
IFN-stimulated,Resident M2,LGALS9,PTPRC,0.0360939541907429,0,LGALS9_CD45,LGALS9 - CD45,GALECTIN,Secreted Signaling,PMID: 30120235
Inflammatory Mono-derived,Resident M2,LGALS9,PTPRC,0.0365555710066462,0,LGALS9_CD45,LGALS9 - CD45,GALECTIN,Secreted Signaling,PMID: 30120235
Lipid-associated,Resident M2,LGALS9,PTPRC,0.0266335803926336,0,LGALS9_CD45,LGALS9 - CD45,GALECTIN,Secreted Signaling,PMID: 30120235
Proliferating,Resident M2,LGALS9,PTPRC,0.0244945274548192,0,LGALS9_CD45,LGALS9 - CD45,GALECTIN,Secreted Signaling,PMID: 30120235
Resident M2,Resident M2,LGALS9,PTPRC,0.038898644496178,0,LGALS9_CD45,LGALS9 - CD45,GALECTIN,Secreted Signaling,PMID: 30120235
Stress-response,Resident M2,LGALS9,PTPRC,0.0203715618786251,0,LGALS9_CD45,LGALS9 - CD45,GALECTIN,Secreted Signaling,PMID: 30120235
Classical Mono-derived,Stress-response,LGALS9,PTPRC,0.0314756240821272,0,LGALS9_CD45,LGALS9 - CD45,GALECTIN,Secreted Signaling,PMID: 30120235
IFN-stimulated,Stress-response,LGALS9,PTPRC,0.0272473260631981,0,LGALS9_CD45,LGALS9 - CD45,GALECTIN,Secreted Signaling,PMID: 30120235
Inflammatory Mono-derived,Stress-response,LGALS9,PTPRC,0.0275990401444886,0,LGALS9_CD45,LGALS9 - CD45,GALECTIN,Secreted Signaling,PMID: 30120235
Lipid-associated,Stress-response,LGALS9,PTPRC,0.0200574404163175,0,LGALS9_CD45,LGALS9 - CD45,GALECTIN,Secreted Signaling,PMID: 30120235
Proliferating,Stress-response,LGALS9,PTPRC,0.0184365406386827,0,LGALS9_CD45,LGALS9 - CD45,GALECTIN,Secreted Signaling,PMID: 30120235
Resident M2,Stress-response,LGALS9,PTPRC,0.0293855436882483,0,LGALS9_CD45,LGALS9 - CD45,GALECTIN,Secreted Signaling,PMID: 30120235
Stress-response,Stress-response,LGALS9,PTPRC,0.0153172558917818,0,LGALS9_CD45,LGALS9 - CD45,GALECTIN,Secreted Signaling,PMID: 30120235
Inflammatory Mono-derived,CD8.MAIT,BAG6,NCR3,0.002251627607617,0,BAG6_NCR3-PS,BAG6 - NCR3-PS,BAG,Secreted Signaling,PMID: 30021652
Resident M2,CD8.MAIT,BAG6,NCR3,0.00250698990654521,0,BAG6_NCR3-PS,BAG6 - NCR3-PS,BAG,Secreted Signaling,PMID: 30021652
Classical Mono-derived,CD8.TEX,LGALS9,HAVCR2,0.00921078346899685,0,LGALS9_HAVCR2,LGALS9 - HAVCR2,GALECTIN,Secreted Signaling,PMID: 27192565
IFN-stimulated,CD8.TEX,LGALS9,HAVCR2,0.00794889950141915,0,LGALS9_HAVCR2,LGALS9 - HAVCR2,GALECTIN,Secreted Signaling,PMID: 27192565
Inflammatory Mono-derived,CD8.TEX,LGALS9,HAVCR2,0.0080535679324665,0,LGALS9_HAVCR2,LGALS9 - HAVCR2,GALECTIN,Secreted Signaling,PMID: 27192565
Lipid-associated,CD8.TEX,LGALS9,HAVCR2,0.0058209118450662,0,LGALS9_HAVCR2,LGALS9 - HAVCR2,GALECTIN,Secreted Signaling,PMID: 27192565
Proliferating,CD8.TEX,LGALS9,HAVCR2,0.00534423276047927,0,LGALS9_HAVCR2,LGALS9 - HAVCR2,GALECTIN,Secreted Signaling,PMID: 27192565
Resident M2,CD8.TEX,LGALS9,HAVCR2,0.00858605185493285,0,LGALS9_HAVCR2,LGALS9 - HAVCR2,GALECTIN,Secreted Signaling,PMID: 27192565
Stress-response,CD8.TEX,LGALS9,HAVCR2,0.00443004288582868,0,LGALS9_HAVCR2,LGALS9 - HAVCR2,GALECTIN,Secreted Signaling,PMID: 27192565
Classical Mono-derived,CD8.TPEX,LGALS9,HAVCR2,0.00668096941779855,0,LGALS9_HAVCR2,LGALS9 - HAVCR2,GALECTIN,Secreted Signaling,PMID: 27192565
IFN-stimulated,CD8.TPEX,LGALS9,HAVCR2,0.00576365562195955,0,LGALS9_HAVCR2,LGALS9 - HAVCR2,GALECTIN,Secreted Signaling,PMID: 27192565
Inflammatory Mono-derived,CD8.TPEX,LGALS9,HAVCR2,0.00583971887941379,0,LGALS9_HAVCR2,LGALS9 - HAVCR2,GALECTIN,Secreted Signaling,PMID: 27192565
Lipid-associated,CD8.TPEX,LGALS9,HAVCR2,0.00421818879480486,0,LGALS9_HAVCR2,LGALS9 - HAVCR2,GALECTIN,Secreted Signaling,PMID: 27192565
Proliferating,CD8.TPEX,LGALS9,HAVCR2,0.00387224676979349,0,LGALS9_HAVCR2,LGALS9 - HAVCR2,GALECTIN,Secreted Signaling,PMID: 27192565
Resident M2,CD8.TPEX,LGALS9,HAVCR2,0.00622674688603341,0,LGALS9_HAVCR2,LGALS9 - HAVCR2,GALECTIN,Secreted Signaling,PMID: 27192565
Stress-response,CD8.TPEX,LGALS9,HAVCR2,0.00320904393427068,0,LGALS9_HAVCR2,LGALS9 - HAVCR2,GALECTIN,Secreted Signaling,PMID: 27192565
Classical Mono-derived,Classical Mono-derived,LGALS9,HAVCR2,0.00861696344973197,0,LGALS9_HAVCR2,LGALS9 - HAVCR2,GALECTIN,Secreted Signaling,PMID: 27192565
IFN-stimulated,Classical Mono-derived,LGALS9,HAVCR2,0.00743582269647077,0,LGALS9_HAVCR2,LGALS9 - HAVCR2,GALECTIN,Secreted Signaling,PMID: 27192565
Inflammatory Mono-derived,Classical Mono-derived,LGALS9,HAVCR2,0.0075337864112396,0,LGALS9_HAVCR2,LGALS9 - HAVCR2,GALECTIN,Secreted Signaling,PMID: 27192565
Lipid-associated,Classical Mono-derived,LGALS9,HAVCR2,0.00544443622968565,0,LGALS9_HAVCR2,LGALS9 - HAVCR2,GALECTIN,Secreted Signaling,PMID: 27192565
Proliferating,Classical Mono-derived,LGALS9,HAVCR2,0.00499843202827977,0,LGALS9_HAVCR2,LGALS9 - HAVCR2,GALECTIN,Secreted Signaling,PMID: 27192565
Resident M2,Classical Mono-derived,LGALS9,HAVCR2,0.00803218182204681,0,LGALS9_HAVCR2,LGALS9 - HAVCR2,GALECTIN,Secreted Signaling,PMID: 27192565
Stress-response,Classical Mono-derived,LGALS9,HAVCR2,0.00414314878091531,0,LGALS9_HAVCR2,LGALS9 - HAVCR2,GALECTIN,Secreted Signaling,PMID: 27192565
Classical Mono-derived,IFN-stimulated,LGALS9,HAVCR2,0.0110849016807279,0,LGALS9_HAVCR2,LGALS9 - HAVCR2,GALECTIN,Secreted Signaling,PMID: 27192565
IFN-stimulated,IFN-stimulated,LGALS9,HAVCR2,0.00956874183586154,0,LGALS9_HAVCR2,LGALS9 - HAVCR2,GALECTIN,Secreted Signaling,PMID: 27192565
Inflammatory Mono-derived,IFN-stimulated,LGALS9,HAVCR2,0.00969453136840498,0,LGALS9_HAVCR2,LGALS9 - HAVCR2,GALECTIN,Secreted Signaling,PMID: 27192565
Lipid-associated,IFN-stimulated,LGALS9,HAVCR2,0.00701017296791104,0,LGALS9_HAVCR2,LGALS9 - HAVCR2,GALECTIN,Secreted Signaling,PMID: 27192565
Proliferating,IFN-stimulated,LGALS9,HAVCR2,0.00643673488832535,0,LGALS9_HAVCR2,LGALS9 - HAVCR2,GALECTIN,Secreted Signaling,PMID: 27192565
Resident M2,IFN-stimulated,LGALS9,HAVCR2,0.0103343817767468,0,LGALS9_HAVCR2,LGALS9 - HAVCR2,GALECTIN,Secreted Signaling,PMID: 27192565
Stress-response,IFN-stimulated,LGALS9,HAVCR2,0.00533666319037333,0,LGALS9_HAVCR2,LGALS9 - HAVCR2,GALECTIN,Secreted Signaling,PMID: 27192565
Classical Mono-derived,Inflammatory Mono-derived,LGALS9,HAVCR2,0.00677019690089405,0,LGALS9_HAVCR2,LGALS9 - HAVCR2,GALECTIN,Secreted Signaling,PMID: 27192565
IFN-stimulated,Inflammatory Mono-derived,LGALS9,HAVCR2,0.00584070398531214,0,LGALS9_HAVCR2,LGALS9 - HAVCR2,GALECTIN,Secreted Signaling,PMID: 27192565
Inflammatory Mono-derived,Inflammatory Mono-derived,LGALS9,HAVCR2,0.00591777800180521,0,LGALS9_HAVCR2,LGALS9 - HAVCR2,GALECTIN,Secreted Signaling,PMID: 27192565
Lipid-associated,Inflammatory Mono-derived,LGALS9,HAVCR2,0.00427466623271773,0,LGALS9_HAVCR2,LGALS9 - HAVCR2,GALECTIN,Secreted Signaling,PMID: 27192565
Proliferating,Inflammatory Mono-derived,LGALS9,HAVCR2,0.00392411063385868,0,LGALS9_HAVCR2,LGALS9 - HAVCR2,GALECTIN,Secreted Signaling,PMID: 27192565
Resident M2,Inflammatory Mono-derived,LGALS9,HAVCR2,0.00630994654980643,0,LGALS9_HAVCR2,LGALS9 - HAVCR2,GALECTIN,Secreted Signaling,PMID: 27192565
Stress-response,Inflammatory Mono-derived,LGALS9,HAVCR2,0.00325205403192625,0,LGALS9_HAVCR2,LGALS9 - HAVCR2,GALECTIN,Secreted Signaling,PMID: 27192565
Classical Mono-derived,Resident M2,LGALS9,HAVCR2,0.00704940972279827,0,LGALS9_HAVCR2,LGALS9 - HAVCR2,GALECTIN,Secreted Signaling,PMID: 27192565
IFN-stimulated,Resident M2,LGALS9,HAVCR2,0.00608181788736582,0,LGALS9_HAVCR2,LGALS9 - HAVCR2,GALECTIN,Secreted Signaling,PMID: 27192565
Inflammatory Mono-derived,Resident M2,LGALS9,HAVCR2,0.00616205392523394,0,LGALS9_HAVCR2,LGALS9 - HAVCR2,GALECTIN,Secreted Signaling,PMID: 27192565
Lipid-associated,Resident M2,LGALS9,HAVCR2,0.00445142098014972,0,LGALS9_HAVCR2,LGALS9 - HAVCR2,GALECTIN,Secreted Signaling,PMID: 27192565
Proliferating,Resident M2,LGALS9,HAVCR2,0.00408642961692547,0,LGALS9_HAVCR2,LGALS9 - HAVCR2,GALECTIN,Secreted Signaling,PMID: 27192565
Resident M2,Resident M2,LGALS9,HAVCR2,0.0065703035377298,0,LGALS9_HAVCR2,LGALS9 - HAVCR2,GALECTIN,Secreted Signaling,PMID: 27192565
Stress-response,Resident M2,LGALS9,HAVCR2,0.00338666822897526,0,LGALS9_HAVCR2,LGALS9 - HAVCR2,GALECTIN,Secreted Signaling,PMID: 27192565
Classical Mono-derived,CD8.CM,LGALS9,CD44,0.0347768279104829,0,LGALS9_CD44,LGALS9 - CD44,GALECTIN,Secreted Signaling,PMID: 25065622
IFN-stimulated,CD8.CM,LGALS9,CD44,0.0301188514341478,0,LGALS9_CD44,LGALS9 - CD44,GALECTIN,Secreted Signaling,PMID: 25065622
Inflammatory Mono-derived,CD8.CM,LGALS9,CD44,0.0305064693214333,0,LGALS9_CD44,LGALS9 - CD44,GALECTIN,Secreted Signaling,PMID: 25065622
Lipid-associated,CD8.CM,LGALS9,CD44,0.0221885259974427,0,LGALS9_CD44,LGALS9 - CD44,GALECTIN,Secreted Signaling,PMID: 25065622
Proliferating,CD8.CM,LGALS9,CD44,0.0203989920335678,0,LGALS9_CD44,LGALS9 - CD44,GALECTIN,Secreted Signaling,PMID: 25065622
Resident M2,CD8.CM,LGALS9,CD44,0.0324748873856697,0,LGALS9_CD44,LGALS9 - CD44,GALECTIN,Secreted Signaling,PMID: 25065622
Stress-response,CD8.CM,LGALS9,CD44,0.0169534141841623,0,LGALS9_CD44,LGALS9 - CD44,GALECTIN,Secreted Signaling,PMID: 25065622
Classical Mono-derived,CD8.EM,LGALS9,CD44,0.0370014941925113,0,LGALS9_CD44,LGALS9 - CD44,GALECTIN,Secreted Signaling,PMID: 25065622
IFN-stimulated,CD8.EM,LGALS9,CD44,0.0320554436458777,0,LGALS9_CD44,LGALS9 - CD44,GALECTIN,Secreted Signaling,PMID: 25065622
Inflammatory Mono-derived,CD8.EM,LGALS9,CD44,0.0324671504072256,0,LGALS9_CD44,LGALS9 - CD44,GALECTIN,Secreted Signaling,PMID: 25065622
Lipid-associated,CD8.EM,LGALS9,CD44,0.0236276334593012,0,LGALS9_CD44,LGALS9 - CD44,GALECTIN,Secreted Signaling,PMID: 25065622
Proliferating,CD8.EM,LGALS9,CD44,0.021724612280313,0,LGALS9_CD44,LGALS9 - CD44,GALECTIN,Secreted Signaling,PMID: 25065622
Resident M2,CD8.EM,LGALS9,CD44,0.034557571132263,0,LGALS9_CD44,LGALS9 - CD44,GALECTIN,Secreted Signaling,PMID: 25065622
Stress-response,CD8.EM,LGALS9,CD44,0.0180592527897248,0,LGALS9_CD44,LGALS9 - CD44,GALECTIN,Secreted Signaling,PMID: 25065622
Classical Mono-derived,CD8.MAIT,LGALS9,CD44,0.0437351743502037,0,LGALS9_CD44,LGALS9 - CD44,GALECTIN,Secreted Signaling,PMID: 25065622
IFN-stimulated,CD8.MAIT,LGALS9,CD44,0.037924469213821,0,LGALS9_CD44,LGALS9 - CD44,GALECTIN,Secreted Signaling,PMID: 25065622
Inflammatory Mono-derived,CD8.MAIT,LGALS9,CD44,0.0384085642018655,0,LGALS9_CD44,LGALS9 - CD44,GALECTIN,Secreted Signaling,PMID: 25065622
Lipid-associated,CD8.MAIT,LGALS9,CD44,0.0279982460659244,0,LGALS9_CD44,LGALS9 - CD44,GALECTIN,Secreted Signaling,PMID: 25065622
Proliferating,CD8.MAIT,LGALS9,CD44,0.0257524909405353,0,LGALS9_CD44,LGALS9 - CD44,GALECTIN,Secreted Signaling,PMID: 25065622
Resident M2,CD8.MAIT,LGALS9,CD44,0.0408653697985542,0,LGALS9_CD44,LGALS9 - CD44,GALECTIN,Secreted Signaling,PMID: 25065622
Stress-response,CD8.MAIT,LGALS9,CD44,0.0214224324955946,0,LGALS9_CD44,LGALS9 - CD44,GALECTIN,Secreted Signaling,PMID: 25065622
Classical Mono-derived,CD8.NaiveLike,LGALS9,CD44,0.030537863825915,0,LGALS9_CD44,LGALS9 - CD44,GALECTIN,Secreted Signaling,PMID: 25065622
IFN-stimulated,CD8.NaiveLike,LGALS9,CD44,0.0264321024417061,0,LGALS9_CD44,LGALS9 - CD44,GALECTIN,Secreted Signaling,PMID: 25065622
Inflammatory Mono-derived,CD8.NaiveLike,LGALS9,CD44,0.0267735830811423,0,LGALS9_CD44,LGALS9 - CD44,GALECTIN,Secreted Signaling,PMID: 25065622
Lipid-associated,CD8.NaiveLike,LGALS9,CD44,0.0194530319584969,0,LGALS9_CD44,LGALS9 - CD44,GALECTIN,Secreted Signaling,PMID: 25065622
Proliferating,CD8.NaiveLike,LGALS9,CD44,0.0178800849664438,0,LGALS9_CD44,LGALS9 - CD44,GALECTIN,Secreted Signaling,PMID: 25065622
Resident M2,CD8.NaiveLike,LGALS9,CD44,0.0285082207559537,0,LGALS9_CD44,LGALS9 - CD44,GALECTIN,Secreted Signaling,PMID: 25065622
Stress-response,CD8.NaiveLike,LGALS9,CD44,0.014853522469292,0,LGALS9_CD44,LGALS9 - CD44,GALECTIN,Secreted Signaling,PMID: 25065622
Classical Mono-derived,CD8.TEMRA,LGALS9,CD44,0.0270795523333904,0,LGALS9_CD44,LGALS9 - CD44,GALECTIN,Secreted Signaling,PMID: 25065622
IFN-stimulated,CD8.TEMRA,LGALS9,CD44,0.0234275186936576,0,LGALS9_CD44,LGALS9 - CD44,GALECTIN,Secreted Signaling,PMID: 25065622
Inflammatory Mono-derived,CD8.TEMRA,LGALS9,CD44,0.0237311287995908,0,LGALS9_CD44,LGALS9 - CD44,GALECTIN,Secreted Signaling,PMID: 25065622
Lipid-associated,CD8.TEMRA,LGALS9,CD44,0.0172277332519406,0,LGALS9_CD44,LGALS9 - CD44,GALECTIN,Secreted Signaling,PMID: 25065622
Proliferating,CD8.TEMRA,LGALS9,CD44,0.0158318158244454,0,LGALS9_CD44,LGALS9 - CD44,GALECTIN,Secreted Signaling,PMID: 25065622
Resident M2,CD8.TEMRA,LGALS9,CD44,0.0252737674175852,0,LGALS9_CD44,LGALS9 - CD44,GALECTIN,Secreted Signaling,PMID: 25065622
Stress-response,CD8.TEMRA,LGALS9,CD44,0.0131473226012555,0,LGALS9_CD44,LGALS9 - CD44,GALECTIN,Secreted Signaling,PMID: 25065622
Classical Mono-derived,CD8.TEX,LGALS9,CD44,0.0335075233962749,0,LGALS9_CD44,LGALS9 - CD44,GALECTIN,Secreted Signaling,PMID: 25065622
IFN-stimulated,CD8.TEX,LGALS9,CD44,0.0290144459474988,0,LGALS9_CD44,LGALS9 - CD44,GALECTIN,Secreted Signaling,PMID: 25065622
Inflammatory Mono-derived,CD8.TEX,LGALS9,CD44,0.0293882812412808,0,LGALS9_CD44,LGALS9 - CD44,GALECTIN,Secreted Signaling,PMID: 25065622
Lipid-associated,CD8.TEX,LGALS9,CD44,0.0213685049082092,0,LGALS9_CD44,LGALS9 - CD44,GALECTIN,Secreted Signaling,PMID: 25065622
Proliferating,CD8.TEX,LGALS9,CD44,0.0196437780923895,0,LGALS9_CD44,LGALS9 - CD44,GALECTIN,Secreted Signaling,PMID: 25065622
Resident M2,CD8.TEX,LGALS9,CD44,0.0312868770544824,0,LGALS9_CD44,LGALS9 - CD44,GALECTIN,Secreted Signaling,PMID: 25065622
Stress-response,CD8.TEX,LGALS9,CD44,0.0163236371946989,0,LGALS9_CD44,LGALS9 - CD44,GALECTIN,Secreted Signaling,PMID: 25065622
Classical Mono-derived,CD8.TPEX,LGALS9,CD44,0.0453486781926544,0,LGALS9_CD44,LGALS9 - CD44,GALECTIN,Secreted Signaling,PMID: 25065622
IFN-stimulated,CD8.TPEX,LGALS9,CD44,0.0393324184939526,0,LGALS9_CD44,LGALS9 - CD44,GALECTIN,Secreted Signaling,PMID: 25065622
Inflammatory Mono-derived,CD8.TPEX,LGALS9,CD44,0.0398337414363987,0,LGALS9_CD44,LGALS9 - CD44,GALECTIN,Secreted Signaling,PMID: 25065622
Lipid-associated,CD8.TPEX,LGALS9,CD44,0.0290488102431708,0,LGALS9_CD44,LGALS9 - CD44,GALECTIN,Secreted Signaling,PMID: 25065622
Proliferating,CD8.TPEX,LGALS9,CD44,0.0267211053211694,0,LGALS9_CD44,LGALS9 - CD44,GALECTIN,Secreted Signaling,PMID: 25065622
Resident M2,CD8.TPEX,LGALS9,CD44,0.0423776910388828,0,LGALS9_CD44,LGALS9 - CD44,GALECTIN,Secreted Signaling,PMID: 25065622
Stress-response,CD8.TPEX,LGALS9,CD44,0.0222318992398023,0,LGALS9_CD44,LGALS9 - CD44,GALECTIN,Secreted Signaling,PMID: 25065622
Classical Mono-derived,Classical Mono-derived,LGALS9,CD44,0.0365967493851537,0,LGALS9_CD44,LGALS9 - CD44,GALECTIN,Secreted Signaling,PMID: 25065622
IFN-stimulated,Classical Mono-derived,LGALS9,CD44,0.0317030206122439,0,LGALS9_CD44,LGALS9 - CD44,GALECTIN,Secreted Signaling,PMID: 25065622
Inflammatory Mono-derived,Classical Mono-derived,LGALS9,CD44,0.0321103511558164,0,LGALS9_CD44,LGALS9 - CD44,GALECTIN,Secreted Signaling,PMID: 25065622
Lipid-associated,Classical Mono-derived,LGALS9,CD44,0.0233656305311505,0,LGALS9_CD44,LGALS9 - CD44,GALECTIN,Secreted Signaling,PMID: 25065622
Proliferating,Classical Mono-derived,LGALS9,CD44,0.0214832473235949,0,LGALS9_CD44,LGALS9 - CD44,GALECTIN,Secreted Signaling,PMID: 25065622
Resident M2,Classical Mono-derived,LGALS9,CD44,0.0341786106310482,0,LGALS9_CD44,LGALS9 - CD44,GALECTIN,Secreted Signaling,PMID: 25065622
Stress-response,Classical Mono-derived,LGALS9,CD44,0.0178578673648403,0,LGALS9_CD44,LGALS9 - CD44,GALECTIN,Secreted Signaling,PMID: 25065622
Classical Mono-derived,IFN-stimulated,LGALS9,CD44,0.0520772480746626,0,LGALS9_CD44,LGALS9 - CD44,GALECTIN,Secreted Signaling,PMID: 25065622
IFN-stimulated,IFN-stimulated,LGALS9,CD44,0.0452106058554062,0,LGALS9_CD44,LGALS9 - CD44,GALECTIN,Secreted Signaling,PMID: 25065622
Inflammatory Mono-derived,IFN-stimulated,LGALS9,CD44,0.0457832803448155,0,LGALS9_CD44,LGALS9 - CD44,GALECTIN,Secreted Signaling,PMID: 25065622
Lipid-associated,IFN-stimulated,LGALS9,CD44,0.0334436265332694,0,LGALS9_CD44,LGALS9 - CD44,GALECTIN,Secreted Signaling,PMID: 25065622
Proliferating,IFN-stimulated,LGALS9,CD44,0.030774923332802,0,LGALS9_CD44,LGALS9 - CD44,GALECTIN,Secreted Signaling,PMID: 25065622
Resident M2,IFN-stimulated,LGALS9,CD44,0.0486879253621622,0,LGALS9_CD44,LGALS9 - CD44,GALECTIN,Secreted Signaling,PMID: 25065622
Stress-response,IFN-stimulated,LGALS9,CD44,0.0256225960410462,0,LGALS9_CD44,LGALS9 - CD44,GALECTIN,Secreted Signaling,PMID: 25065622
Classical Mono-derived,Inflammatory Mono-derived,LGALS9,CD44,0.0590443374753934,0,LGALS9_CD44,LGALS9 - CD44,GALECTIN,Secreted Signaling,PMID: 25065622
IFN-stimulated,Inflammatory Mono-derived,LGALS9,CD44,0.0513087741750674,0,LGALS9_CD44,LGALS9 - CD44,GALECTIN,Secreted Signaling,PMID: 25065622
Inflammatory Mono-derived,Inflammatory Mono-derived,LGALS9,CD44,0.0519544898262754,0,LGALS9_CD44,LGALS9 - CD44,GALECTIN,Secreted Signaling,PMID: 25065622
Lipid-associated,Inflammatory Mono-derived,LGALS9,CD44,0.0380178206231769,0,LGALS9_CD44,LGALS9 - CD44,GALECTIN,Secreted Signaling,PMID: 25065622
Proliferating,Inflammatory Mono-derived,LGALS9,CD44,0.0349973264434749,0,LGALS9_CD44,LGALS9 - CD44,GALECTIN,Secreted Signaling,PMID: 25065622
Resident M2,Inflammatory Mono-derived,LGALS9,CD44,0.0552279966326703,0,LGALS9_CD44,LGALS9 - CD44,GALECTIN,Secreted Signaling,PMID: 25065622
Stress-response,Inflammatory Mono-derived,LGALS9,CD44,0.0291593534911968,0,LGALS9_CD44,LGALS9 - CD44,GALECTIN,Secreted Signaling,PMID: 25065622
Classical Mono-derived,Lipid-associated,LGALS9,CD44,0.0368671096321524,0,LGALS9_CD44,LGALS9 - CD44,GALECTIN,Secreted Signaling,PMID: 25065622
IFN-stimulated,Lipid-associated,LGALS9,CD44,0.0319384267234128,0,LGALS9_CD44,LGALS9 - CD44,GALECTIN,Secreted Signaling,PMID: 25065622
Inflammatory Mono-derived,Lipid-associated,LGALS9,CD44,0.0323486807955988,0,LGALS9_CD44,LGALS9 - CD44,GALECTIN,Secreted Signaling,PMID: 25065622
Lipid-associated,Lipid-associated,LGALS9,CD44,0.0235406336502738,0,LGALS9_CD44,LGALS9 - CD44,GALECTIN,Secreted Signaling,PMID: 25065622
Proliferating,Lipid-associated,LGALS9,CD44,0.0216444642894928,0,LGALS9_CD44,LGALS9 - CD44,GALECTIN,Secreted Signaling,PMID: 25065622
Resident M2,Lipid-associated,LGALS9,CD44,0.0344317452198471,0,LGALS9_CD44,LGALS9 - CD44,GALECTIN,Secreted Signaling,PMID: 25065622
Stress-response,Lipid-associated,LGALS9,CD44,0.0179923785997859,0,LGALS9_CD44,LGALS9 - CD44,GALECTIN,Secreted Signaling,PMID: 25065622
Classical Mono-derived,Proliferating,LGALS9,CD44,0.0317366055953607,0,LGALS9_CD44,LGALS9 - CD44,GALECTIN,Secreted Signaling,PMID: 25065622
IFN-stimulated,Proliferating,LGALS9,CD44,0.0274742429845927,0,LGALS9_CD44,LGALS9 - CD44,GALECTIN,Secreted Signaling,PMID: 25065622
Inflammatory Mono-derived,Proliferating,LGALS9,CD44,0.0278288023598141,0,LGALS9_CD44,LGALS9 - CD44,GALECTIN,Secreted Signaling,PMID: 25065622
Lipid-associated,Proliferating,LGALS9,CD44,0.0202257246482601,0,LGALS9_CD44,LGALS9 - CD44,GALECTIN,Secreted Signaling,PMID: 25065622
Proliferating,Proliferating,LGALS9,CD44,0.0185914833456382,0,LGALS9_CD44,LGALS9 - CD44,GALECTIN,Secreted Signaling,PMID: 25065622
Resident M2,Proliferating,LGALS9,CD44,0.0296297253788907,0,LGALS9_CD44,LGALS9 - CD44,GALECTIN,Secreted Signaling,PMID: 25065622
Stress-response,Proliferating,LGALS9,CD44,0.0154463963180375,0,LGALS9_CD44,LGALS9 - CD44,GALECTIN,Secreted Signaling,PMID: 25065622
Classical Mono-derived,Resident M2,LGALS9,CD44,0.0345211329505469,0,LGALS9_CD44,LGALS9 - CD44,GALECTIN,Secreted Signaling,PMID: 25065622
IFN-stimulated,Resident M2,LGALS9,CD44,0.0298963432563717,0,LGALS9_CD44,LGALS9 - CD44,GALECTIN,Secreted Signaling,PMID: 25065622
Inflammatory Mono-derived,Resident M2,LGALS9,CD44,0.0302811869558847,0,LGALS9_CD44,LGALS9 - CD44,GALECTIN,Secreted Signaling,PMID: 25065622
Lipid-associated,Resident M2,LGALS9,CD44,0.0220232741203543,0,LGALS9_CD44,LGALS9 - CD44,GALECTIN,Secreted Signaling,PMID: 25065622
Proliferating,Resident M2,LGALS9,CD44,0.0202467919707314,0,LGALS9_CD44,LGALS9 - CD44,GALECTIN,Secreted Signaling,PMID: 25065622
Resident M2,Resident M2,LGALS9,CD44,0.0322355520920601,0,LGALS9_CD44,LGALS9 - CD44,GALECTIN,Secreted Signaling,PMID: 25065622
Stress-response,Resident M2,LGALS9,CD44,0.0168264805324376,0,LGALS9_CD44,LGALS9 - CD44,GALECTIN,Secreted Signaling,PMID: 25065622
Classical Mono-derived,Stress-response,LGALS9,CD44,0.0528627822680574,0,LGALS9_CD44,LGALS9 - CD44,GALECTIN,Secreted Signaling,PMID: 25065622
IFN-stimulated,Stress-response,LGALS9,CD44,0.0458975785730722,0,LGALS9_CD44,LGALS9 - CD44,GALECTIN,Secreted Signaling,PMID: 25065622
Inflammatory Mono-derived,Stress-response,LGALS9,CD44,0.0464785312245024,0,LGALS9_CD44,LGALS9 - CD44,GALECTIN,Secreted Signaling,PMID: 25065622
Lipid-associated,Stress-response,LGALS9,CD44,0.0339581598088499,0,LGALS9_CD44,LGALS9 - CD44,GALECTIN,Secreted Signaling,PMID: 25065622
Proliferating,Stress-response,LGALS9,CD44,0.031249725817514,0,LGALS9_CD44,LGALS9 - CD44,GALECTIN,Secreted Signaling,PMID: 25065622
Resident M2,Stress-response,LGALS9,CD44,0.0494250006014362,0,LGALS9_CD44,LGALS9 - CD44,GALECTIN,Secreted Signaling,PMID: 25065622
Stress-response,Stress-response,LGALS9,CD44,0.0260200412949301,0,LGALS9_CD44,LGALS9 - CD44,GALECTIN,Secreted Signaling,PMID: 25065622
CD8.CM,Classical Mono-derived,ANXA1,FPR3,0.0225306944048913,0,ANXA1_FPR3,ANXA1 - FPR3,ANNEXIN,Secreted Signaling,PMID: 33082511
CD8.EM,Classical Mono-derived,ANXA1,FPR3,0.0150413399087707,0,ANXA1_FPR3,ANXA1 - FPR3,ANNEXIN,Secreted Signaling,PMID: 33082511
CD8.MAIT,Classical Mono-derived,ANXA1,FPR3,0.017401239508996,0,ANXA1_FPR3,ANXA1 - FPR3,ANNEXIN,Secreted Signaling,PMID: 33082511
CD8.NaiveLike,Classical Mono-derived,ANXA1,FPR3,0.0120230275494723,0,ANXA1_FPR3,ANXA1 - FPR3,ANNEXIN,Secreted Signaling,PMID: 33082511
CD8.TEMRA,Classical Mono-derived,ANXA1,FPR3,0.00580011500230346,0,ANXA1_FPR3,ANXA1 - FPR3,ANNEXIN,Secreted Signaling,PMID: 33082511
CD8.TEX,Classical Mono-derived,ANXA1,FPR3,0.0160702675508685,0,ANXA1_FPR3,ANXA1 - FPR3,ANNEXIN,Secreted Signaling,PMID: 33082511
CD8.TPEX,Classical Mono-derived,ANXA1,FPR3,0.0179149155150945,0,ANXA1_FPR3,ANXA1 - FPR3,ANNEXIN,Secreted Signaling,PMID: 33082511
Classical Mono-derived,Classical Mono-derived,ANXA1,FPR3,0.0177022338816518,0,ANXA1_FPR3,ANXA1 - FPR3,ANNEXIN,Secreted Signaling,PMID: 33082511
IFN-stimulated,Classical Mono-derived,ANXA1,FPR3,0.0134205182325067,0,ANXA1_FPR3,ANXA1 - FPR3,ANNEXIN,Secreted Signaling,PMID: 33082511
Inflammatory Mono-derived,Classical Mono-derived,ANXA1,FPR3,0.0262025863383505,0,ANXA1_FPR3,ANXA1 - FPR3,ANNEXIN,Secreted Signaling,PMID: 33082511
Lipid-associated,Classical Mono-derived,ANXA1,FPR3,0.019328320306533,0,ANXA1_FPR3,ANXA1 - FPR3,ANNEXIN,Secreted Signaling,PMID: 33082511
Proliferating,Classical Mono-derived,ANXA1,FPR3,0.0204424981356308,0,ANXA1_FPR3,ANXA1 - FPR3,ANNEXIN,Secreted Signaling,PMID: 33082511
Resident M2,Classical Mono-derived,ANXA1,FPR3,0.0199714552176688,0,ANXA1_FPR3,ANXA1 - FPR3,ANNEXIN,Secreted Signaling,PMID: 33082511
Stress-response,Classical Mono-derived,ANXA1,FPR3,0.0292778732133912,0,ANXA1_FPR3,ANXA1 - FPR3,ANNEXIN,Secreted Signaling,PMID: 33082511
CD8.CM,Resident M2,ANXA1,FPR3,0.0230792471564516,0,ANXA1_FPR3,ANXA1 - FPR3,ANNEXIN,Secreted Signaling,PMID: 33082511
CD8.EM,Resident M2,ANXA1,FPR3,0.0154104247802721,0,ANXA1_FPR3,ANXA1 - FPR3,ANNEXIN,Secreted Signaling,PMID: 33082511
CD8.MAIT,Resident M2,ANXA1,FPR3,0.0178271835825145,0,ANXA1_FPR3,ANXA1 - FPR3,ANNEXIN,Secreted Signaling,PMID: 33082511
CD8.NaiveLike,Resident M2,ANXA1,FPR3,0.0123189752962291,0,ANXA1_FPR3,ANXA1 - FPR3,ANNEXIN,Secreted Signaling,PMID: 33082511
CD8.TEMRA,Resident M2,ANXA1,FPR3,0.00594380681561523,0,ANXA1_FPR3,ANXA1 - FPR3,ANNEXIN,Secreted Signaling,PMID: 33082511
CD8.TEX,Resident M2,ANXA1,FPR3,0.016464178248003,0,ANXA1_FPR3,ANXA1 - FPR3,ANNEXIN,Secreted Signaling,PMID: 33082511
CD8.TPEX,Resident M2,ANXA1,FPR3,0.0183531983939401,0,ANXA1_FPR3,ANXA1 - FPR3,ANNEXIN,Secreted Signaling,PMID: 33082511
Classical Mono-derived,Resident M2,ANXA1,FPR3,0.0181354096532931,0,ANXA1_FPR3,ANXA1 - FPR3,ANNEXIN,Secreted Signaling,PMID: 33082511
IFN-stimulated,Resident M2,ANXA1,FPR3,0.0137503865594049,0,ANXA1_FPR3,ANXA1 - FPR3,ANNEXIN,Secreted Signaling,PMID: 33082511
Inflammatory Mono-derived,Resident M2,ANXA1,FPR3,0.0268380836985908,0,ANXA1_FPR3,ANXA1 - FPR3,ANNEXIN,Secreted Signaling,PMID: 33082511
Lipid-associated,Resident M2,ANXA1,FPR3,0.0198004845365001,0,ANXA1_FPR3,ANXA1 - FPR3,ANNEXIN,Secreted Signaling,PMID: 33082511
Proliferating,Resident M2,ANXA1,FPR3,0.0209412989840679,0,ANXA1_FPR3,ANXA1 - FPR3,ANNEXIN,Secreted Signaling,PMID: 33082511
Resident M2,Resident M2,ANXA1,FPR3,0.0204590025827793,0,ANXA1_FPR3,ANXA1 - FPR3,ANNEXIN,Secreted Signaling,PMID: 33082511
Stress-response,Resident M2,ANXA1,FPR3,0.0299856595358234,0,ANXA1_FPR3,ANXA1 - FPR3,ANNEXIN,Secreted Signaling,PMID: 33082511
CD8.CM,Stress-response,ANXA1,FPR3,0.00652844480718242,0,ANXA1_FPR3,ANXA1 - FPR3,ANNEXIN,Secreted Signaling,PMID: 33082511
CD8.EM,Stress-response,ANXA1,FPR3,0.00433475664577387,0,ANXA1_FPR3,ANXA1 - FPR3,ANNEXIN,Secreted Signaling,PMID: 33082511
CD8.MAIT,Stress-response,ANXA1,FPR3,0.0050234222104852,0,ANXA1_FPR3,ANXA1 - FPR3,ANNEXIN,Secreted Signaling,PMID: 33082511
CD8.NaiveLike,Stress-response,ANXA1,FPR3,0.00345736915702753,0,ANXA1_FPR3,ANXA1 - FPR3,ANNEXIN,Secreted Signaling,PMID: 33082511
CD8.TEMRA,Stress-response,ANXA1,FPR3,0.00166044321083092,0,ANXA1_FPR3,ANXA1 - FPR3,ANNEXIN,Secreted Signaling,PMID: 33082511
CD8.TEX,Stress-response,ANXA1,FPR3,0.00463472913679199,0,ANXA1_FPR3,ANXA1 - FPR3,ANNEXIN,Secreted Signaling,PMID: 33082511
CD8.TPEX,Stress-response,ANXA1,FPR3,0.00517363501281619,0,ANXA1_FPR3,ANXA1 - FPR3,ANNEXIN,Secreted Signaling,PMID: 33082511
Classical Mono-derived,Stress-response,ANXA1,FPR3,0.0051114275776169,0,ANXA1_FPR3,ANXA1 - FPR3,ANNEXIN,Secreted Signaling,PMID: 33082511
IFN-stimulated,Stress-response,ANXA1,FPR3,0.00386312779039255,0,ANXA1_FPR3,ANXA1 - FPR3,ANNEXIN,Secreted Signaling,PMID: 33082511
Inflammatory Mono-derived,Stress-response,ANXA1,FPR3,0.00761271526539533,0,ANXA1_FPR3,ANXA1 - FPR3,ANNEXIN,Secreted Signaling,PMID: 33082511
Lipid-associated,Stress-response,ANXA1,FPR3,0.00558753032709423,0,ANXA1_FPR3,ANXA1 - FPR3,ANNEXIN,Secreted Signaling,PMID: 33082511
Proliferating,Stress-response,ANXA1,FPR3,0.00591439963197989,0,ANXA1_FPR3,ANXA1 - FPR3,ANNEXIN,Secreted Signaling,PMID: 33082511
Resident M2,Stress-response,ANXA1,FPR3,0.00577614406350399,0,ANXA1_FPR3,ANXA1 - FPR3,ANNEXIN,Secreted Signaling,PMID: 33082511
Stress-response,Stress-response,ANXA1,FPR3,0.00852528859653462,0,ANXA1_FPR3,ANXA1 - FPR3,ANNEXIN,Secreted Signaling,PMID: 33082511
Classical Mono-derived,CD8.CM,LGALS9,P4HB,0.0085813892839293,0,LGALS9_P4HB,LGALS9 - P4HB,GALECTIN,Secreted Signaling,PMID:21670307;uniprot
IFN-stimulated,CD8.CM,LGALS9,P4HB,0.00740508831501492,0,LGALS9_P4HB,LGALS9 - P4HB,GALECTIN,Secreted Signaling,PMID:21670307;uniprot
Inflammatory Mono-derived,CD8.CM,LGALS9,P4HB,0.00750265017841022,0,LGALS9_P4HB,LGALS9 - P4HB,GALECTIN,Secreted Signaling,PMID:21670307;uniprot
Lipid-associated,CD8.CM,LGALS9,P4HB,0.00542188785620599,0,LGALS9_P4HB,LGALS9 - P4HB,GALECTIN,Secreted Signaling,PMID:21670307;uniprot
Proliferating,CD8.CM,LGALS9,P4HB,0.00497772155601678,0,LGALS9_P4HB,LGALS9 - P4HB,GALECTIN,Secreted Signaling,PMID:21670307;uniprot
Resident M2,CD8.CM,LGALS9,P4HB,0.00799900238243102,0,LGALS9_P4HB,LGALS9 - P4HB,GALECTIN,Secreted Signaling,PMID:21670307;uniprot
Stress-response,CD8.CM,LGALS9,P4HB,0.00412596738900147,0,LGALS9_P4HB,LGALS9 - P4HB,GALECTIN,Secreted Signaling,PMID:21670307;uniprot
Classical Mono-derived,CD8.EM,LGALS9,P4HB,0.0082982344872982,0,LGALS9_P4HB,LGALS9 - P4HB,GALECTIN,Secreted Signaling,PMID:21670307;uniprot
IFN-stimulated,CD8.EM,LGALS9,P4HB,0.00716046686453221,0,LGALS9_P4HB,LGALS9 - P4HB,GALECTIN,Secreted Signaling,PMID:21670307;uniprot
Inflammatory Mono-derived,CD8.EM,LGALS9,P4HB,0.00725482940199479,0,LGALS9_P4HB,LGALS9 - P4HB,GALECTIN,Secreted Signaling,PMID:21670307;uniprot
Lipid-associated,CD8.EM,LGALS9,P4HB,0.00524243390932978,0,LGALS9_P4HB,LGALS9 - P4HB,GALECTIN,Secreted Signaling,PMID:21670307;uniprot
Proliferating,CD8.EM,LGALS9,P4HB,0.00481289750981604,0,LGALS9_P4HB,LGALS9 - P4HB,GALECTIN,Secreted Signaling,PMID:21670307;uniprot
Resident M2,CD8.EM,LGALS9,P4HB,0.0077349143205251,0,LGALS9_P4HB,LGALS9 - P4HB,GALECTIN,Secreted Signaling,PMID:21670307;uniprot
Stress-response,CD8.EM,LGALS9,P4HB,0.00398923384928679,0,LGALS9_P4HB,LGALS9 - P4HB,GALECTIN,Secreted Signaling,PMID:21670307;uniprot
Classical Mono-derived,CD8.MAIT,LGALS9,P4HB,0.00907484579039474,0,LGALS9_P4HB,LGALS9 - P4HB,GALECTIN,Secreted Signaling,PMID:21670307;uniprot
IFN-stimulated,CD8.MAIT,LGALS9,P4HB,0.00783143817753671,0,LGALS9_P4HB,LGALS9 - P4HB,GALECTIN,Secreted Signaling,PMID:21670307;uniprot
Inflammatory Mono-derived,CD8.MAIT,LGALS9,P4HB,0.00793457228810392,0,LGALS9_P4HB,LGALS9 - P4HB,GALECTIN,Secreted Signaling,PMID:21670307;uniprot
Lipid-associated,CD8.MAIT,LGALS9,P4HB,0.00573471413625178,0,LGALS9_P4HB,LGALS9 - P4HB,GALECTIN,Secreted Signaling,PMID:21670307;uniprot
Proliferating,CD8.MAIT,LGALS9,P4HB,0.00526505646778469,0,LGALS9_P4HB,LGALS9 - P4HB,GALECTIN,Secreted Signaling,PMID:21670307;uniprot
Resident M2,CD8.MAIT,LGALS9,P4HB,0.00845925557982987,0,LGALS9_P4HB,LGALS9 - P4HB,GALECTIN,Secreted Signaling,PMID:21670307;uniprot
Stress-response,CD8.MAIT,LGALS9,P4HB,0.00436435114177155,0,LGALS9_P4HB,LGALS9 - P4HB,GALECTIN,Secreted Signaling,PMID:21670307;uniprot
Classical Mono-derived,CD8.NaiveLike,LGALS9,P4HB,0.0080105751124481,0,LGALS9_P4HB,LGALS9 - P4HB,GALECTIN,Secreted Signaling,PMID:21670307;uniprot
IFN-stimulated,CD8.NaiveLike,LGALS9,P4HB,0.00691197345656418,0,LGALS9_P4HB,LGALS9 - P4HB,GALECTIN,Secreted Signaling,PMID:21670307;uniprot
Inflammatory Mono-derived,CD8.NaiveLike,LGALS9,P4HB,0.0070030843802642,0,LGALS9_P4HB,LGALS9 - P4HB,GALECTIN,Secreted Signaling,PMID:21670307;uniprot
Lipid-associated,CD8.NaiveLike,LGALS9,P4HB,0.00506016375087662,0,LGALS9_P4HB,LGALS9 - P4HB,GALECTIN,Secreted Signaling,PMID:21670307;uniprot
Proliferating,CD8.NaiveLike,LGALS9,P4HB,0.00464549183013503,0,LGALS9_P4HB,LGALS9 - P4HB,GALECTIN,Secreted Signaling,PMID:21670307;uniprot
Resident M2,CD8.NaiveLike,LGALS9,P4HB,0.00746663548705106,0,LGALS9_P4HB,LGALS9 - P4HB,GALECTIN,Secreted Signaling,PMID:21670307;uniprot
Stress-response,CD8.NaiveLike,LGALS9,P4HB,0.00385036659069366,0,LGALS9_P4HB,LGALS9 - P4HB,GALECTIN,Secreted Signaling,PMID:21670307;uniprot
Classical Mono-derived,CD8.TEMRA,LGALS9,P4HB,0.0249651818958246,0,LGALS9_P4HB,LGALS9 - P4HB,GALECTIN,Secreted Signaling,PMID:21670307;uniprot
IFN-stimulated,CD8.TEMRA,LGALS9,P4HB,0.0215919705737784,0,LGALS9_P4HB,LGALS9 - P4HB,GALECTIN,Secreted Signaling,PMID:21670307;uniprot
Inflammatory Mono-derived,CD8.TEMRA,LGALS9,P4HB,0.0218723255794795,0,LGALS9_P4HB,LGALS9 - P4HB,GALECTIN,Secreted Signaling,PMID:21670307;uniprot
Lipid-associated,CD8.TEMRA,LGALS9,P4HB,0.0158700449914757,0,LGALS9_P4HB,LGALS9 - P4HB,GALECTIN,Secreted Signaling,PMID:21670307;uniprot
Proliferating,CD8.TEMRA,LGALS9,P4HB,0.0145825050934382,0,LGALS9_P4HB,LGALS9 - P4HB,GALECTIN,Secreted Signaling,PMID:21670307;uniprot
Resident M2,CD8.TEMRA,LGALS9,P4HB,0.0232970163956646,0,LGALS9_P4HB,LGALS9 - P4HB,GALECTIN,Secreted Signaling,PMID:21670307;uniprot
Stress-response,CD8.TEMRA,LGALS9,P4HB,0.0121072429638752,0,LGALS9_P4HB,LGALS9 - P4HB,GALECTIN,Secreted Signaling,PMID:21670307;uniprot
Classical Mono-derived,CD8.TEX,LGALS9,P4HB,0.00888803381027912,0,LGALS9_P4HB,LGALS9 - P4HB,GALECTIN,Secreted Signaling,PMID:21670307;uniprot
IFN-stimulated,CD8.TEX,LGALS9,P4HB,0.00767002448053531,0,LGALS9_P4HB,LGALS9 - P4HB,GALECTIN,Secreted Signaling,PMID:21670307;uniprot
Inflammatory Mono-derived,CD8.TEX,LGALS9,P4HB,0.00777104954421892,0,LGALS9_P4HB,LGALS9 - P4HB,GALECTIN,Secreted Signaling,PMID:21670307;uniprot
Lipid-associated,CD8.TEX,LGALS9,P4HB,0.00561627137223037,0,LGALS9_P4HB,LGALS9 - P4HB,GALECTIN,Secreted Signaling,PMID:21670307;uniprot
Proliferating,CD8.TEX,LGALS9,P4HB,0.00515626354268892,0,LGALS9_P4HB,LGALS9 - P4HB,GALECTIN,Secreted Signaling,PMID:21670307;uniprot
Resident M2,CD8.TEX,LGALS9,P4HB,0.00828500999811993,0,LGALS9_P4HB,LGALS9 - P4HB,GALECTIN,Secreted Signaling,PMID:21670307;uniprot
Stress-response,CD8.TEX,LGALS9,P4HB,0.00427408970465959,0,LGALS9_P4HB,LGALS9 - P4HB,GALECTIN,Secreted Signaling,PMID:21670307;uniprot
Classical Mono-derived,CD8.TPEX,LGALS9,P4HB,0.00815425939299451,0,LGALS9_P4HB,LGALS9 - P4HB,GALECTIN,Secreted Signaling,PMID:21670307;uniprot
IFN-stimulated,CD8.TPEX,LGALS9,P4HB,0.00703609208074453,0,LGALS9_P4HB,LGALS9 - P4HB,GALECTIN,Secreted Signaling,PMID:21670307;uniprot
Inflammatory Mono-derived,CD8.TPEX,LGALS9,P4HB,0.0071288273429463,0,LGALS9_P4HB,LGALS9 - P4HB,GALECTIN,Secreted Signaling,PMID:21670307;uniprot
Lipid-associated,CD8.TPEX,LGALS9,P4HB,0.00515120182858322,0,LGALS9_P4HB,LGALS9 - P4HB,GALECTIN,Secreted Signaling,PMID:21670307;uniprot
Proliferating,CD8.TPEX,LGALS9,P4HB,0.00472910495080755,0,LGALS9_P4HB,LGALS9 - P4HB,GALECTIN,Secreted Signaling,PMID:21670307;uniprot
Resident M2,CD8.TPEX,LGALS9,P4HB,0.00760063797278756,0,LGALS9_P4HB,LGALS9 - P4HB,GALECTIN,Secreted Signaling,PMID:21670307;uniprot
Stress-response,CD8.TPEX,LGALS9,P4HB,0.00391972479625832,0,LGALS9_P4HB,LGALS9 - P4HB,GALECTIN,Secreted Signaling,PMID:21670307;uniprot
Classical Mono-derived,Classical Mono-derived,LGALS9,P4HB,0.0245357281862167,0,LGALS9_P4HB,LGALS9 - P4HB,GALECTIN,Secreted Signaling,PMID:21670307;uniprot
IFN-stimulated,Classical Mono-derived,LGALS9,P4HB,0.0212192804001994,0,LGALS9_P4HB,LGALS9 - P4HB,GALECTIN,Secreted Signaling,PMID:21670307;uniprot
Inflammatory Mono-derived,Classical Mono-derived,LGALS9,P4HB,0.0214949026241097,0,LGALS9_P4HB,LGALS9 - P4HB,GALECTIN,Secreted Signaling,PMID:21670307;uniprot
Lipid-associated,Classical Mono-derived,LGALS9,P4HB,0.01559454446918,0,LGALS9_P4HB,LGALS9 - P4HB,GALECTIN,Secreted Signaling,PMID:21670307;uniprot
Proliferating,Classical Mono-derived,LGALS9,P4HB,0.014329030544369,0,LGALS9_P4HB,LGALS9 - P4HB,GALECTIN,Secreted Signaling,PMID:21670307;uniprot
Resident M2,Classical Mono-derived,LGALS9,P4HB,0.0228955848129507,0,LGALS9_P4HB,LGALS9 - P4HB,GALECTIN,Secreted Signaling,PMID:21670307;uniprot
Stress-response,Classical Mono-derived,LGALS9,P4HB,0.0118962742519504,0,LGALS9_P4HB,LGALS9 - P4HB,GALECTIN,Secreted Signaling,PMID:21670307;uniprot
Classical Mono-derived,IFN-stimulated,LGALS9,P4HB,0.0297073410441815,0,LGALS9_P4HB,LGALS9 - P4HB,GALECTIN,Secreted Signaling,PMID:21670307;uniprot
IFN-stimulated,IFN-stimulated,LGALS9,P4HB,0.0257102806671956,0,LGALS9_P4HB,LGALS9 - P4HB,GALECTIN,Secreted Signaling,PMID:21670307;uniprot
Inflammatory Mono-derived,IFN-stimulated,LGALS9,P4HB,0.0260426854236932,0,LGALS9_P4HB,LGALS9 - P4HB,GALECTIN,Secreted Signaling,PMID:21670307;uniprot
Lipid-associated,IFN-stimulated,LGALS9,P4HB,0.0189180948619623,0,LGALS9_P4HB,LGALS9 - P4HB,GALECTIN,Secreted Signaling,PMID:21670307;uniprot
Proliferating,IFN-stimulated,LGALS9,P4HB,0.0173876351802781,0,LGALS9_P4HB,LGALS9 - P4HB,GALECTIN,Secreted Signaling,PMID:21670307;uniprot
Resident M2,IFN-stimulated,LGALS9,P4HB,0.0277313181825664,0,LGALS9_P4HB,LGALS9 - P4HB,GALECTIN,Secreted Signaling,PMID:21670307;uniprot
Stress-response,IFN-stimulated,LGALS9,P4HB,0.0144432038121335,0,LGALS9_P4HB,LGALS9 - P4HB,GALECTIN,Secreted Signaling,PMID:21670307;uniprot
Classical Mono-derived,Inflammatory Mono-derived,LGALS9,P4HB,0.0244511212283455,0,LGALS9_P4HB,LGALS9 - P4HB,GALECTIN,Secreted Signaling,PMID:21670307;uniprot
IFN-stimulated,Inflammatory Mono-derived,LGALS9,P4HB,0.0211458616940041,0,LGALS9_P4HB,LGALS9 - P4HB,GALECTIN,Secreted Signaling,PMID:21670307;uniprot
Inflammatory Mono-derived,Inflammatory Mono-derived,LGALS9,P4HB,0.0214205511357007,0,LGALS9_P4HB,LGALS9 - P4HB,GALECTIN,Secreted Signaling,PMID:21670307;uniprot
Lipid-associated,Inflammatory Mono-derived,LGALS9,P4HB,0.0155402783531425,0,LGALS9_P4HB,LGALS9 - P4HB,GALECTIN,Secreted Signaling,PMID:21670307;uniprot
Proliferating,Inflammatory Mono-derived,LGALS9,P4HB,0.0142791043037593,0,LGALS9_P4HB,LGALS9 - P4HB,GALECTIN,Secreted Signaling,PMID:21670307;uniprot
Resident M2,Inflammatory Mono-derived,LGALS9,P4HB,0.0228165012987574,0,LGALS9_P4HB,LGALS9 - P4HB,GALECTIN,Secreted Signaling,PMID:21670307;uniprot
Stress-response,Inflammatory Mono-derived,LGALS9,P4HB,0.0118547224501159,0,LGALS9_P4HB,LGALS9 - P4HB,GALECTIN,Secreted Signaling,PMID:21670307;uniprot
Classical Mono-derived,Lipid-associated,LGALS9,P4HB,0.0230989050794255,0,LGALS9_P4HB,LGALS9 - P4HB,GALECTIN,Secreted Signaling,PMID:21670307;uniprot
IFN-stimulated,Lipid-associated,LGALS9,P4HB,0.0199726934277894,0,LGALS9_P4HB,LGALS9 - P4HB,GALECTIN,Secreted Signaling,PMID:21670307;uniprot
Inflammatory Mono-derived,Lipid-associated,LGALS9,P4HB,0.0202324581508731,0,LGALS9_P4HB,LGALS9 - P4HB,GALECTIN,Secreted Signaling,PMID:21670307;uniprot
Lipid-associated,Lipid-associated,LGALS9,P4HB,0.0146734447791889,0,LGALS9_P4HB,LGALS9 - P4HB,GALECTIN,Secreted Signaling,PMID:21670307;uniprot
Proliferating,Lipid-associated,LGALS9,P4HB,0.0134816553833193,0,LGALS9_P4HB,LGALS9 - P4HB,GALECTIN,Secreted Signaling,PMID:21670307;uniprot
Resident M2,Lipid-associated,LGALS9,P4HB,0.0215526870776362,0,LGALS9_P4HB,LGALS9 - P4HB,GALECTIN,Secreted Signaling,PMID:21670307;uniprot
Stress-response,Lipid-associated,LGALS9,P4HB,0.0111911314514731,0,LGALS9_P4HB,LGALS9 - P4HB,GALECTIN,Secreted Signaling,PMID:21670307;uniprot
Classical Mono-derived,Proliferating,LGALS9,P4HB,0.0279921411314112,0,LGALS9_P4HB,LGALS9 - P4HB,GALECTIN,Secreted Signaling,PMID:21670307;uniprot
IFN-stimulated,Proliferating,LGALS9,P4HB,0.0242200967409357,0,LGALS9_P4HB,LGALS9 - P4HB,GALECTIN,Secreted Signaling,PMID:21670307;uniprot
Inflammatory Mono-derived,Proliferating,LGALS9,P4HB,0.0245337202596109,0,LGALS9_P4HB,LGALS9 - P4HB,GALECTIN,Secreted Signaling,PMID:21670307;uniprot
Lipid-associated,Proliferating,LGALS9,P4HB,0.0178143920410381,0,LGALS9_P4HB,LGALS9 - P4HB,GALECTIN,Secreted Signaling,PMID:21670307;uniprot
Proliferating,Proliferating,LGALS9,P4HB,0.0163717310905286,0,LGALS9_P4HB,LGALS9 - P4HB,GALECTIN,Secreted Signaling,PMID:21670307;uniprot
Resident M2,Proliferating,LGALS9,P4HB,0.026127134971764,0,LGALS9_P4HB,LGALS9 - P4HB,GALECTIN,Secreted Signaling,PMID:21670307;uniprot
Stress-response,Proliferating,LGALS9,P4HB,0.0135969529336722,0,LGALS9_P4HB,LGALS9 - P4HB,GALECTIN,Secreted Signaling,PMID:21670307;uniprot
Classical Mono-derived,Resident M2,LGALS9,P4HB,0.0175408233010215,0,LGALS9_P4HB,LGALS9 - P4HB,GALECTIN,Secreted Signaling,PMID:21670307;uniprot
IFN-stimulated,Resident M2,LGALS9,P4HB,0.0151551740733617,0,LGALS9_P4HB,LGALS9 - P4HB,GALECTIN,Secreted Signaling,PMID:21670307;uniprot
Inflammatory Mono-derived,Resident M2,LGALS9,P4HB,0.0153532637591826,0,LGALS9_P4HB,LGALS9 - P4HB,GALECTIN,Secreted Signaling,PMID:21670307;uniprot
Lipid-associated,Resident M2,LGALS9,P4HB,0.0111196293964945,0,LGALS9_P4HB,LGALS9 - P4HB,GALECTIN,Secreted Signaling,PMID:21670307;uniprot
Proliferating,Resident M2,LGALS9,P4HB,0.0102134918794486,0,LGALS9_P4HB,LGALS9 - P4HB,GALECTIN,Secreted Signaling,PMID:21670307;uniprot
Resident M2,Resident M2,LGALS9,P4HB,0.0163604269659559,0,LGALS9_P4HB,LGALS9 - P4HB,GALECTIN,Secreted Signaling,PMID:21670307;uniprot
Stress-response,Resident M2,LGALS9,P4HB,0.00847345740951403,0,LGALS9_P4HB,LGALS9 - P4HB,GALECTIN,Secreted Signaling,PMID:21670307;uniprot
Classical Mono-derived,Stress-response,LGALS9,P4HB,0.0284558695010568,0,LGALS9_P4HB,LGALS9 - P4HB,GALECTIN,Secreted Signaling,PMID:21670307;uniprot
IFN-stimulated,Stress-response,LGALS9,P4HB,0.0246229189754198,0,LGALS9_P4HB,LGALS9 - P4HB,GALECTIN,Secreted Signaling,PMID:21670307;uniprot
Inflammatory Mono-derived,Stress-response,LGALS9,P4HB,0.0249416252701029,0,LGALS9_P4HB,LGALS9 - P4HB,GALECTIN,Secreted Signaling,PMID:21670307;uniprot
Lipid-associated,Stress-response,LGALS9,P4HB,0.0181126538743349,0,LGALS9_P4HB,LGALS9 - P4HB,GALECTIN,Secreted Signaling,PMID:21670307;uniprot
Proliferating,Stress-response,LGALS9,P4HB,0.0166462481864679,0,LGALS9_P4HB,LGALS9 - P4HB,GALECTIN,Secreted Signaling,PMID:21670307;uniprot
Resident M2,Stress-response,LGALS9,P4HB,0.0265608112119677,0,LGALS9_P4HB,LGALS9 - P4HB,GALECTIN,Secreted Signaling,PMID:21670307;uniprot
Stress-response,Stress-response,LGALS9,P4HB,0.0138255972100303,0,LGALS9_P4HB,LGALS9 - P4HB,GALECTIN,Secreted Signaling,PMID:21670307;uniprot
CD8.NaiveLike,CD8.CM,PPIA,BSG,0.0304004032920858,0,PPIA_BSG,PPIA - BSG,CypA,Secreted Signaling,PMID: 36012604
CD8.TEX,CD8.CM,PPIA,BSG,0.0291701083694801,0.02,PPIA_BSG,PPIA - BSG,CypA,Secreted Signaling,PMID: 36012604
Classical Mono-derived,CD8.CM,PPIA,BSG,0.0332275218712705,0.01,PPIA_BSG,PPIA - BSG,CypA,Secreted Signaling,PMID: 36012604
IFN-stimulated,CD8.CM,PPIA,BSG,0.0315782938957775,0.03,PPIA_BSG,PPIA - BSG,CypA,Secreted Signaling,PMID: 36012604
Inflammatory Mono-derived,CD8.CM,PPIA,BSG,0.0306711574375101,0,PPIA_BSG,PPIA - BSG,CypA,Secreted Signaling,PMID: 36012604
Lipid-associated,CD8.CM,PPIA,BSG,0.032225770529911,0,PPIA_BSG,PPIA - BSG,CypA,Secreted Signaling,PMID: 36012604
Proliferating,CD8.CM,PPIA,BSG,0.0326394101899825,0,PPIA_BSG,PPIA - BSG,CypA,Secreted Signaling,PMID: 36012604
Stress-response,CD8.CM,PPIA,BSG,0.0333014421937856,0,PPIA_BSG,PPIA - BSG,CypA,Secreted Signaling,PMID: 36012604
CD8.NaiveLike,CD8.EM,PPIA,BSG,0.0309250664409799,0,PPIA_BSG,PPIA - BSG,CypA,Secreted Signaling,PMID: 36012604
CD8.TEX,CD8.EM,PPIA,BSG,0.0296741883886263,0,PPIA_BSG,PPIA - BSG,CypA,Secreted Signaling,PMID: 36012604
Classical Mono-derived,CD8.EM,PPIA,BSG,0.0337992758132505,0,PPIA_BSG,PPIA - BSG,CypA,Secreted Signaling,PMID: 36012604
IFN-stimulated,CD8.EM,PPIA,BSG,0.0321226121041343,0.01,PPIA_BSG,PPIA - BSG,CypA,Secreted Signaling,PMID: 36012604
Inflammatory Mono-derived,CD8.EM,PPIA,BSG,0.0312003430133351,0,PPIA_BSG,PPIA - BSG,CypA,Secreted Signaling,PMID: 36012604
Lipid-associated,CD8.EM,PPIA,BSG,0.0327808715731031,0,PPIA_BSG,PPIA - BSG,CypA,Secreted Signaling,PMID: 36012604
Proliferating,CD8.EM,PPIA,BSG,0.0332013918917303,0,PPIA_BSG,PPIA - BSG,CypA,Secreted Signaling,PMID: 36012604
Stress-response,CD8.EM,PPIA,BSG,0.0338744235325382,0,PPIA_BSG,PPIA - BSG,CypA,Secreted Signaling,PMID: 36012604
CD8.EM,CD8.TEMRA,PPIA,BSG,0.0716265655001106,0.04,PPIA_BSG,PPIA - BSG,CypA,Secreted Signaling,PMID: 36012604
CD8.NaiveLike,CD8.TEMRA,PPIA,BSG,0.0782418847875178,0.01,PPIA_BSG,PPIA - BSG,CypA,Secreted Signaling,PMID: 36012604
CD8.TEMRA,CD8.TEMRA,PPIA,BSG,0.0798597978945802,0.01,PPIA_BSG,PPIA - BSG,CypA,Secreted Signaling,PMID: 36012604
CD8.TEX,CD8.TEMRA,PPIA,BSG,0.0752256731219616,0.02,PPIA_BSG,PPIA - BSG,CypA,Secreted Signaling,PMID: 36012604
Classical Mono-derived,CD8.TEMRA,PPIA,BSG,0.0851274611136265,0,PPIA_BSG,PPIA - BSG,CypA,Secreted Signaling,PMID: 36012604
IFN-stimulated,CD8.TEMRA,PPIA,BSG,0.0811183556361731,0.01,PPIA_BSG,PPIA - BSG,CypA,Secreted Signaling,PMID: 36012604
Inflammatory Mono-derived,CD8.TEMRA,PPIA,BSG,0.0789040537325061,0.02,PPIA_BSG,PPIA - BSG,CypA,Secreted Signaling,PMID: 36012604
Lipid-associated,CD8.TEMRA,PPIA,BSG,0.0826948570031814,0.01,PPIA_BSG,PPIA - BSG,CypA,Secreted Signaling,PMID: 36012604
Proliferating,CD8.TEMRA,PPIA,BSG,0.0837002747085847,0,PPIA_BSG,PPIA - BSG,CypA,Secreted Signaling,PMID: 36012604
Stress-response,CD8.TEMRA,PPIA,BSG,0.0853066536970393,0,PPIA_BSG,PPIA - BSG,CypA,Secreted Signaling,PMID: 36012604
CD8.CM,CD8.TEX,PPIA,BSG,0.067194689449298,0,PPIA_BSG,PPIA - BSG,CypA,Secreted Signaling,PMID: 36012604
CD8.EM,CD8.TEX,PPIA,BSG,0.0672080403166108,0,PPIA_BSG,PPIA - BSG,CypA,Secreted Signaling,PMID: 36012604
CD8.MAIT,CD8.TEX,PPIA,BSG,0.0629116118496927,0,PPIA_BSG,PPIA - BSG,CypA,Secreted Signaling,PMID: 36012604
CD8.NaiveLike,CD8.TEX,PPIA,BSG,0.073447557008023,0,PPIA_BSG,PPIA - BSG,CypA,Secreted Signaling,PMID: 36012604
CD8.TEMRA,CD8.TEX,PPIA,BSG,0.0749743951229821,0,PPIA_BSG,PPIA - BSG,CypA,Secreted Signaling,PMID: 36012604
CD8.TEX,CD8.TEX,PPIA,BSG,0.0706020095636504,0,PPIA_BSG,PPIA - BSG,CypA,Secreted Signaling,PMID: 36012604
CD8.TPEX,CD8.TEX,PPIA,BSG,0.0666812158905308,0,PPIA_BSG,PPIA - BSG,CypA,Secreted Signaling,PMID: 36012604
Classical Mono-derived,CD8.TEX,PPIA,BSG,0.0799478094014651,0,PPIA_BSG,PPIA - BSG,CypA,Secreted Signaling,PMID: 36012604
IFN-stimulated,CD8.TEX,PPIA,BSG,0.076162333734176,0,PPIA_BSG,PPIA - BSG,CypA,Secreted Signaling,PMID: 36012604
Inflammatory Mono-derived,CD8.TEX,PPIA,BSG,0.0740724116686596,0,PPIA_BSG,PPIA - BSG,CypA,Secreted Signaling,PMID: 36012604
Lipid-associated,CD8.TEX,PPIA,BSG,0.0776506563149956,0,PPIA_BSG,PPIA - BSG,CypA,Secreted Signaling,PMID: 36012604
Proliferating,CD8.TEX,PPIA,BSG,0.0786000007530709,0,PPIA_BSG,PPIA - BSG,CypA,Secreted Signaling,PMID: 36012604
Resident M2,CD8.TEX,PPIA,BSG,0.0643807117163504,0,PPIA_BSG,PPIA - BSG,CypA,Secreted Signaling,PMID: 36012604
Stress-response,CD8.TEX,PPIA,BSG,0.0801170536682898,0,PPIA_BSG,PPIA - BSG,CypA,Secreted Signaling,PMID: 36012604
CD8.CM,CD8.TPEX,PPIA,BSG,0.0575985733755957,0,PPIA_BSG,PPIA - BSG,CypA,Secreted Signaling,PMID: 36012604
CD8.EM,CD8.TPEX,PPIA,BSG,0.0576101353517155,0,PPIA_BSG,PPIA - BSG,CypA,Secreted Signaling,PMID: 36012604
CD8.MAIT,CD8.TPEX,PPIA,BSG,0.0538918262737994,0,PPIA_BSG,PPIA - BSG,CypA,Secreted Signaling,PMID: 36012604
CD8.NaiveLike,CD8.TPEX,PPIA,BSG,0.063018792953946,0,PPIA_BSG,PPIA - BSG,CypA,Secreted Signaling,PMID: 36012604
CD8.TEMRA,CD8.TPEX,PPIA,BSG,0.0643438916339457,0,PPIA_BSG,PPIA - BSG,CypA,Secreted Signaling,PMID: 36012604
CD8.TEX,CD8.TPEX,PPIA,BSG,0.0605508785533323,0,PPIA_BSG,PPIA - BSG,CypA,Secreted Signaling,PMID: 36012604
CD8.TPEX,CD8.TPEX,PPIA,BSG,0.0571539363277965,0,PPIA_BSG,PPIA - BSG,CypA,Secreted Signaling,PMID: 36012604
Classical Mono-derived,CD8.TPEX,PPIA,BSG,0.0686644780355422,0,PPIA_BSG,PPIA - BSG,CypA,Secreted Signaling,PMID: 36012604
IFN-stimulated,CD8.TPEX,PPIA,BSG,0.0653752983187028,0,PPIA_BSG,PPIA - BSG,CypA,Secreted Signaling,PMID: 36012604
Inflammatory Mono-derived,CD8.TPEX,PPIA,BSG,0.0635610112926935,0,PPIA_BSG,PPIA - BSG,CypA,Secreted Signaling,PMID: 36012604
Lipid-associated,CD8.TPEX,PPIA,BSG,0.0666680383776833,0,PPIA_BSG,PPIA - BSG,CypA,Secreted Signaling,PMID: 36012604
Proliferating,CD8.TPEX,PPIA,BSG,0.0674929364313917,0,PPIA_BSG,PPIA - BSG,CypA,Secreted Signaling,PMID: 36012604
Resident M2,CD8.TPEX,PPIA,BSG,0.0551626966985797,0,PPIA_BSG,PPIA - BSG,CypA,Secreted Signaling,PMID: 36012604
Stress-response,CD8.TPEX,PPIA,BSG,0.0688116226934122,0,PPIA_BSG,PPIA - BSG,CypA,Secreted Signaling,PMID: 36012604
CD8.CM,Inflammatory Mono-derived,PPIA,BSG,0.0494545063801094,0.02,PPIA_BSG,PPIA - BSG,CypA,Secreted Signaling,PMID: 36012604
CD8.EM,Inflammatory Mono-derived,PPIA,BSG,0.0494645193737057,0.02,PPIA_BSG,PPIA - BSG,CypA,Secreted Signaling,PMID: 36012604
CD8.MAIT,Inflammatory Mono-derived,PPIA,BSG,0.0462461499429644,0.02,PPIA_BSG,PPIA - BSG,CypA,Secreted Signaling,PMID: 36012604
CD8.NaiveLike,Inflammatory Mono-derived,PPIA,BSG,0.0541523799012159,0.02,PPIA_BSG,PPIA - BSG,CypA,Secreted Signaling,PMID: 36012604
CD8.TEMRA,Inflammatory Mono-derived,PPIA,BSG,0.0553020478008442,0.02,PPIA_BSG,PPIA - BSG,CypA,Secreted Signaling,PMID: 36012604
CD8.TEX,Inflammatory Mono-derived,PPIA,BSG,0.0520124135463962,0.02,PPIA_BSG,PPIA - BSG,CypA,Secreted Signaling,PMID: 36012604
CD8.TPEX,Inflammatory Mono-derived,PPIA,BSG,0.0490694646575829,0.02,PPIA_BSG,PPIA - BSG,CypA,Secreted Signaling,PMID: 36012604
Classical Mono-derived,Inflammatory Mono-derived,PPIA,BSG,0.0590538091438877,0,PPIA_BSG,PPIA - BSG,CypA,Secreted Signaling,PMID: 36012604
IFN-stimulated,Inflammatory Mono-derived,PPIA,BSG,0.0561972225574493,0.01,PPIA_BSG,PPIA - BSG,CypA,Secreted Signaling,PMID: 36012604
Inflammatory Mono-derived,Inflammatory Mono-derived,PPIA,BSG,0.0546227582522719,0.02,PPIA_BSG,PPIA - BSG,CypA,Secreted Signaling,PMID: 36012604
Lipid-associated,Inflammatory Mono-derived,PPIA,BSG,0.0573196046061655,0.02,PPIA_BSG,PPIA - BSG,CypA,Secreted Signaling,PMID: 36012604
Proliferating,Inflammatory Mono-derived,PPIA,BSG,0.0580360250189903,0.01,PPIA_BSG,PPIA - BSG,CypA,Secreted Signaling,PMID: 36012604
Resident M2,Inflammatory Mono-derived,PPIA,BSG,0.0473457436246333,0.02,PPIA_BSG,PPIA - BSG,CypA,Secreted Signaling,PMID: 36012604
Stress-response,Inflammatory Mono-derived,PPIA,BSG,0.0591816673236539,0.02,PPIA_BSG,PPIA - BSG,CypA,Secreted Signaling,PMID: 36012604
CD8.CM,Lipid-associated,PPIA,BSG,0.0312740348932009,0,PPIA_BSG,PPIA - BSG,CypA,Secreted Signaling,PMID: 36012604
CD8.EM,Lipid-associated,PPIA,BSG,0.0312804880422828,0,PPIA_BSG,PPIA - BSG,CypA,Secreted Signaling,PMID: 36012604
CD8.NaiveLike,Lipid-associated,PPIA,BSG,0.0343072078810448,0,PPIA_BSG,PPIA - BSG,CypA,Secreted Signaling,PMID: 36012604
CD8.TEMRA,Lipid-associated,PPIA,BSG,0.0350511712304954,0,PPIA_BSG,PPIA - BSG,CypA,Secreted Signaling,PMID: 36012604
CD8.TEX,Lipid-associated,PPIA,BSG,0.0329241745452359,0,PPIA_BSG,PPIA - BSG,CypA,Secreted Signaling,PMID: 36012604
CD8.TPEX,Lipid-associated,PPIA,BSG,0.031025922074732,0.01,PPIA_BSG,PPIA - BSG,CypA,Secreted Signaling,PMID: 36012604
Classical Mono-derived,Lipid-associated,PPIA,BSG,0.0374835985676465,0,PPIA_BSG,PPIA - BSG,CypA,Secreted Signaling,PMID: 36012604
IFN-stimulated,Lipid-associated,PPIA,BSG,0.0356309084450859,0,PPIA_BSG,PPIA - BSG,CypA,Secreted Signaling,PMID: 36012604
Inflammatory Mono-derived,Lipid-associated,PPIA,BSG,0.0346115150072141,0,PPIA_BSG,PPIA - BSG,CypA,Secreted Signaling,PMID: 36012604
Lipid-associated,Lipid-associated,PPIA,BSG,0.0363583596009981,0,PPIA_BSG,PPIA - BSG,CypA,Secreted Signaling,PMID: 36012604
Proliferating,Lipid-associated,PPIA,BSG,0.0368230255459941,0,PPIA_BSG,PPIA - BSG,CypA,Secreted Signaling,PMID: 36012604
Stress-response,Lipid-associated,PPIA,BSG,0.0375666193430758,0,PPIA_BSG,PPIA - BSG,CypA,Secreted Signaling,PMID: 36012604
Resident M2,Classical Mono-derived,PLAU,PLAUR,0.0183811840040184,0,PLAU_PLAUR,PLAU - PLAUR,PLAU,Secreted Signaling,uniprot
Resident M2,IFN-stimulated,PLAU,PLAUR,0.0193161172021796,0,PLAU_PLAUR,PLAU - PLAUR,PLAU,Secreted Signaling,uniprot
Resident M2,Inflammatory Mono-derived,PLAU,PLAUR,0.0240064797246522,0,PLAU_PLAUR,PLAU - PLAUR,PLAU,Secreted Signaling,uniprot
Resident M2,Lipid-associated,PLAU,PLAUR,0.00829922259945743,0,PLAU_PLAUR,PLAU - PLAUR,PLAU,Secreted Signaling,uniprot
Resident M2,Proliferating,PLAU,PLAUR,0.00453402669988709,0,PLAU_PLAUR,PLAU - PLAUR,PLAU,Secreted Signaling,uniprot
Resident M2,Resident M2,PLAU,PLAUR,0.016465720840198,0,PLAU_PLAUR,PLAU - PLAUR,PLAU,Secreted Signaling,uniprot
Resident M2,Stress-response,PLAU,PLAUR,0.0139803837339038,0,PLAU_PLAUR,PLAU - PLAUR,PLAU,Secreted Signaling,uniprot
Lipid-associated,CD8.CM,COL6A2,ITGA1_ITGB1,0.00629716518595043,0,COL6A2_ITGA1_ITGB1,COL6A2 - (ITGA1+ITGB1),COLLAGEN,ECM-Receptor,KEGG: hsa04512
Proliferating,CD8.CM,COL6A2,ITGA1_ITGB1,0.00509728450731529,0,COL6A2_ITGA1_ITGB1,COL6A2 - (ITGA1+ITGB1),COLLAGEN,ECM-Receptor,KEGG: hsa04512
Lipid-associated,CD8.TEX,COL6A2,ITGA1_ITGB1,0.0114782663284759,0,COL6A2_ITGA1_ITGB1,COL6A2 - (ITGA1+ITGB1),COLLAGEN,ECM-Receptor,KEGG: hsa04512
Proliferating,CD8.TEX,COL6A2,ITGA1_ITGB1,0.00930040290152708,0,COL6A2_ITGA1_ITGB1,COL6A2 - (ITGA1+ITGB1),COLLAGEN,ECM-Receptor,KEGG: hsa04512
Lipid-associated,CD8.TPEX,COL6A2,ITGA1_ITGB1,0.00845227228999533,0,COL6A2_ITGA1_ITGB1,COL6A2 - (ITGA1+ITGB1),COLLAGEN,ECM-Receptor,KEGG: hsa04512
Proliferating,CD8.TPEX,COL6A2,ITGA1_ITGB1,0.00684457953476494,0,COL6A2_ITGA1_ITGB1,COL6A2 - (ITGA1+ITGB1),COLLAGEN,ECM-Receptor,KEGG: hsa04512
IFN-stimulated,CD8.CM,FN1,ITGA4_ITGB1,0.00258237629523401,0,FN1_ITGA4_ITGB1,FN1 - (ITGA4+ITGB1),FN1,ECM-Receptor,KEGG: hsa04512
Inflammatory Mono-derived,CD8.CM,FN1,ITGA4_ITGB1,0.00301243551799658,0,FN1_ITGA4_ITGB1,FN1 - (ITGA4+ITGB1),FN1,ECM-Receptor,KEGG: hsa04512
Lipid-associated,CD8.CM,FN1,ITGA4_ITGB1,0.0255438644629875,0,FN1_ITGA4_ITGB1,FN1 - (ITGA4+ITGB1),FN1,ECM-Receptor,KEGG: hsa04512
Proliferating,CD8.CM,FN1,ITGA4_ITGB1,0.0218507148128785,0,FN1_ITGA4_ITGB1,FN1 - (ITGA4+ITGB1),FN1,ECM-Receptor,KEGG: hsa04512
Stress-response,CD8.CM,FN1,ITGA4_ITGB1,0.0254890838001751,0,FN1_ITGA4_ITGB1,FN1 - (ITGA4+ITGB1),FN1,ECM-Receptor,KEGG: hsa04512
IFN-stimulated,CD8.EM,FN1,ITGA4_ITGB1,0.00248848032377245,0,FN1_ITGA4_ITGB1,FN1 - (ITGA4+ITGB1),FN1,ECM-Receptor,KEGG: hsa04512
Inflammatory Mono-derived,CD8.EM,FN1,ITGA4_ITGB1,0.00290294797622886,0,FN1_ITGA4_ITGB1,FN1 - (ITGA4+ITGB1),FN1,ECM-Receptor,KEGG: hsa04512
Lipid-associated,CD8.EM,FN1,ITGA4_ITGB1,0.0246357032099883,0,FN1_ITGA4_ITGB1,FN1 - (ITGA4+ITGB1),FN1,ECM-Receptor,KEGG: hsa04512
Proliferating,CD8.EM,FN1,ITGA4_ITGB1,0.0210710169408552,0,FN1_ITGA4_ITGB1,FN1 - (ITGA4+ITGB1),FN1,ECM-Receptor,KEGG: hsa04512
Stress-response,CD8.EM,FN1,ITGA4_ITGB1,0.0245828210316186,0,FN1_ITGA4_ITGB1,FN1 - (ITGA4+ITGB1),FN1,ECM-Receptor,KEGG: hsa04512
IFN-stimulated,CD8.NaiveLike,FN1,ITGA4_ITGB1,0.00232951858206736,0,FN1_ITGA4_ITGB1,FN1 - (ITGA4+ITGB1),FN1,ECM-Receptor,KEGG: hsa04512
Inflammatory Mono-derived,CD8.NaiveLike,FN1,ITGA4_ITGB1,0.00271758256717169,0,FN1_ITGA4_ITGB1,FN1 - (ITGA4+ITGB1),FN1,ECM-Receptor,KEGG: hsa04512
Lipid-associated,CD8.NaiveLike,FN1,ITGA4_ITGB1,0.0230947527227337,0,FN1_ITGA4_ITGB1,FN1 - (ITGA4+ITGB1),FN1,ECM-Receptor,KEGG: hsa04512
Proliferating,CD8.NaiveLike,FN1,ITGA4_ITGB1,0.0197485212028147,0,FN1_ITGA4_ITGB1,FN1 - (ITGA4+ITGB1),FN1,ECM-Receptor,KEGG: hsa04512
Stress-response,CD8.NaiveLike,FN1,ITGA4_ITGB1,0.0230451001444084,0,FN1_ITGA4_ITGB1,FN1 - (ITGA4+ITGB1),FN1,ECM-Receptor,KEGG: hsa04512
IFN-stimulated,CD8.TEMRA,FN1,ITGA4_ITGB1,0.00391229077756431,0,FN1_ITGA4_ITGB1,FN1 - (ITGA4+ITGB1),FN1,ECM-Receptor,KEGG: hsa04512
Inflammatory Mono-derived,CD8.TEMRA,FN1,ITGA4_ITGB1,0.00456281576558051,0,FN1_ITGA4_ITGB1,FN1 - (ITGA4+ITGB1),FN1,ECM-Receptor,KEGG: hsa04512
Lipid-associated,CD8.TEMRA,FN1,ITGA4_ITGB1,0.0382454361745966,0,FN1_ITGA4_ITGB1,FN1 - (ITGA4+ITGB1),FN1,ECM-Receptor,KEGG: hsa04512
Proliferating,CD8.TEMRA,FN1,ITGA4_ITGB1,0.0327776552910943,0,FN1_ITGA4_ITGB1,FN1 - (ITGA4+ITGB1),FN1,ECM-Receptor,KEGG: hsa04512
Stress-response,CD8.TEMRA,FN1,ITGA4_ITGB1,0.0381644829036312,0,FN1_ITGA4_ITGB1,FN1 - (ITGA4+ITGB1),FN1,ECM-Receptor,KEGG: hsa04512
IFN-stimulated,CD8.TEX,FN1,ITGA4_ITGB1,0.00758909962304396,0,FN1_ITGA4_ITGB1,FN1 - (ITGA4+ITGB1),FN1,ECM-Receptor,KEGG: hsa04512
Inflammatory Mono-derived,CD8.TEX,FN1,ITGA4_ITGB1,0.00884556515788442,0,FN1_ITGA4_ITGB1,FN1 - (ITGA4+ITGB1),FN1,ECM-Receptor,KEGG: hsa04512
Lipid-associated,CD8.TEX,FN1,ITGA4_ITGB1,0.0718610478323779,0,FN1_ITGA4_ITGB1,FN1 - (ITGA4+ITGB1),FN1,ECM-Receptor,KEGG: hsa04512
Proliferating,CD8.TEX,FN1,ITGA4_ITGB1,0.0618966885698553,0,FN1_ITGA4_ITGB1,FN1 - (ITGA4+ITGB1),FN1,ECM-Receptor,KEGG: hsa04512
Stress-response,CD8.TEX,FN1,ITGA4_ITGB1,0.071714246768178,0,FN1_ITGA4_ITGB1,FN1 - (ITGA4+ITGB1),FN1,ECM-Receptor,KEGG: hsa04512
IFN-stimulated,CD8.TPEX,FN1,ITGA4_ITGB1,0.00624042790977935,0,FN1_ITGA4_ITGB1,FN1 - (ITGA4+ITGB1),FN1,ECM-Receptor,KEGG: hsa04512
Inflammatory Mono-derived,CD8.TPEX,FN1,ITGA4_ITGB1,0.00727524173328308,0,FN1_ITGA4_ITGB1,FN1 - (ITGA4+ITGB1),FN1,ECM-Receptor,KEGG: hsa04512
Lipid-associated,CD8.TPEX,FN1,ITGA4_ITGB1,0.0597785036528443,0,FN1_ITGA4_ITGB1,FN1 - (ITGA4+ITGB1),FN1,ECM-Receptor,KEGG: hsa04512
Proliferating,CD8.TPEX,FN1,ITGA4_ITGB1,0.0513967515837434,0,FN1_ITGA4_ITGB1,FN1 - (ITGA4+ITGB1),FN1,ECM-Receptor,KEGG: hsa04512
Stress-response,CD8.TPEX,FN1,ITGA4_ITGB1,0.0596547989172116,0,FN1_ITGA4_ITGB1,FN1 - (ITGA4+ITGB1),FN1,ECM-Receptor,KEGG: hsa04512
IFN-stimulated,Classical Mono-derived,FN1,ITGA4_ITGB1,0.00478504344917565,0,FN1_ITGA4_ITGB1,FN1 - (ITGA4+ITGB1),FN1,ECM-Receptor,KEGG: hsa04512
Inflammatory Mono-derived,Classical Mono-derived,FN1,ITGA4_ITGB1,0.00557987443369414,0,FN1_ITGA4_ITGB1,FN1 - (ITGA4+ITGB1),FN1,ECM-Receptor,KEGG: hsa04512
Lipid-associated,Classical Mono-derived,FN1,ITGA4_ITGB1,0.0464202861002144,0,FN1_ITGA4_ITGB1,FN1 - (ITGA4+ITGB1),FN1,ECM-Receptor,KEGG: hsa04512
Proliferating,Classical Mono-derived,FN1,ITGA4_ITGB1,0.0398321870639045,0,FN1_ITGA4_ITGB1,FN1 - (ITGA4+ITGB1),FN1,ECM-Receptor,KEGG: hsa04512
Stress-response,Classical Mono-derived,FN1,ITGA4_ITGB1,0.0463228627282,0,FN1_ITGA4_ITGB1,FN1 - (ITGA4+ITGB1),FN1,ECM-Receptor,KEGG: hsa04512
IFN-stimulated,IFN-stimulated,FN1,ITGA4_ITGB1,0.0034695011484392,0,FN1_ITGA4_ITGB1,FN1 - (ITGA4+ITGB1),FN1,ECM-Receptor,KEGG: hsa04512
Inflammatory Mono-derived,IFN-stimulated,FN1,ITGA4_ITGB1,0.00404669940236454,0,FN1_ITGA4_ITGB1,FN1 - (ITGA4+ITGB1),FN1,ECM-Receptor,KEGG: hsa04512
Lipid-associated,IFN-stimulated,FN1,ITGA4_ITGB1,0.0340496811033239,0,FN1_ITGA4_ITGB1,FN1 - (ITGA4+ITGB1),FN1,ECM-Receptor,KEGG: hsa04512
Proliferating,IFN-stimulated,FN1,ITGA4_ITGB1,0.0291635593886597,0,FN1_ITGA4_ITGB1,FN1 - (ITGA4+ITGB1),FN1,ECM-Receptor,KEGG: hsa04512
Stress-response,IFN-stimulated,FN1,ITGA4_ITGB1,0.0339772951404145,0,FN1_ITGA4_ITGB1,FN1 - (ITGA4+ITGB1),FN1,ECM-Receptor,KEGG: hsa04512
IFN-stimulated,Inflammatory Mono-derived,FN1,ITGA4_ITGB1,0.00302781000825638,0,FN1_ITGA4_ITGB1,FN1 - (ITGA4+ITGB1),FN1,ECM-Receptor,KEGG: hsa04512
Inflammatory Mono-derived,Inflammatory Mono-derived,FN1,ITGA4_ITGB1,0.00353178741473084,0,FN1_ITGA4_ITGB1,FN1 - (ITGA4+ITGB1),FN1,ECM-Receptor,KEGG: hsa04512
Lipid-associated,Inflammatory Mono-derived,FN1,ITGA4_ITGB1,0.0298314648338687,0,FN1_ITGA4_ITGB1,FN1 - (ITGA4+ITGB1),FN1,ECM-Receptor,KEGG: hsa04512
Proliferating,Inflammatory Mono-derived,FN1,ITGA4_ITGB1,0.0255346549214394,0,FN1_ITGA4_ITGB1,FN1 - (ITGA4+ITGB1),FN1,ECM-Receptor,KEGG: hsa04512
Stress-response,Inflammatory Mono-derived,FN1,ITGA4_ITGB1,0.0297677699940469,0,FN1_ITGA4_ITGB1,FN1 - (ITGA4+ITGB1),FN1,ECM-Receptor,KEGG: hsa04512
IFN-stimulated,Resident M2,FN1,ITGA4_ITGB1,0.00353721869196567,0,FN1_ITGA4_ITGB1,FN1 - (ITGA4+ITGB1),FN1,ECM-Receptor,KEGG: hsa04512
Inflammatory Mono-derived,Resident M2,FN1,ITGA4_ITGB1,0.0041256360313829,0,FN1_ITGA4_ITGB1,FN1 - (ITGA4+ITGB1),FN1,ECM-Receptor,KEGG: hsa04512
Lipid-associated,Resident M2,FN1,ITGA4_ITGB1,0.0346934816861773,0,FN1_ITGA4_ITGB1,FN1 - (ITGA4+ITGB1),FN1,ECM-Receptor,KEGG: hsa04512
Proliferating,Resident M2,FN1,ITGA4_ITGB1,0.0297178169960744,0,FN1_ITGA4_ITGB1,FN1 - (ITGA4+ITGB1),FN1,ECM-Receptor,KEGG: hsa04512
Stress-response,Resident M2,FN1,ITGA4_ITGB1,0.0346197761250262,0,FN1_ITGA4_ITGB1,FN1 - (ITGA4+ITGB1),FN1,ECM-Receptor,KEGG: hsa04512
IFN-stimulated,Stress-response,FN1,ITGA4_ITGB1,0.00187929195106805,0,FN1_ITGA4_ITGB1,FN1 - (ITGA4+ITGB1),FN1,ECM-Receptor,KEGG: hsa04512
Inflammatory Mono-derived,Stress-response,FN1,ITGA4_ITGB1,0.00219251953965339,0,FN1_ITGA4_ITGB1,FN1 - (ITGA4+ITGB1),FN1,ECM-Receptor,KEGG: hsa04512
Lipid-associated,Stress-response,FN1,ITGA4_ITGB1,0.0187064741922344,0,FN1_ITGA4_ITGB1,FN1 - (ITGA4+ITGB1),FN1,ECM-Receptor,KEGG: hsa04512
Proliferating,Stress-response,FN1,ITGA4_ITGB1,0.0159856622284206,0,FN1_ITGA4_ITGB1,FN1 - (ITGA4+ITGB1),FN1,ECM-Receptor,KEGG: hsa04512
Stress-response,Stress-response,FN1,ITGA4_ITGB1,0.0186660759262134,0,FN1_ITGA4_ITGB1,FN1 - (ITGA4+ITGB1),FN1,ECM-Receptor,KEGG: hsa04512
IFN-stimulated,Classical Mono-derived,FN1,ITGA5_ITGB1,0.00252739054771384,0,FN1_ITGA5_ITGB1,FN1 - (ITGA5+ITGB1),FN1,ECM-Receptor,KEGG: hsa04512
Inflammatory Mono-derived,Classical Mono-derived,FN1,ITGA5_ITGB1,0.00294831971918058,0,FN1_ITGA5_ITGB1,FN1 - (ITGA5+ITGB1),FN1,ECM-Receptor,KEGG: hsa04512
Lipid-associated,Classical Mono-derived,FN1,ITGA5_ITGB1,0.0250122272180596,0,FN1_ITGA5_ITGB1,FN1 - (ITGA5+ITGB1),FN1,ECM-Receptor,KEGG: hsa04512
Proliferating,Classical Mono-derived,FN1,ITGA5_ITGB1,0.0213942544845278,0,FN1_ITGA5_ITGB1,FN1 - (ITGA5+ITGB1),FN1,ECM-Receptor,KEGG: hsa04512
Stress-response,Classical Mono-derived,FN1,ITGA5_ITGB1,0.0249585574876832,0,FN1_ITGA5_ITGB1,FN1 - (ITGA5+ITGB1),FN1,ECM-Receptor,KEGG: hsa04512
IFN-stimulated,IFN-stimulated,FN1,ITGA5_ITGB1,0.00289350980526922,0,FN1_ITGA5_ITGB1,FN1 - (ITGA5+ITGB1),FN1,ECM-Receptor,KEGG: hsa04512
Inflammatory Mono-derived,IFN-stimulated,FN1,ITGA5_ITGB1,0.00337520869179776,0,FN1_ITGA5_ITGB1,FN1 - (ITGA5+ITGB1),FN1,ECM-Receptor,KEGG: hsa04512
Lipid-associated,IFN-stimulated,FN1,ITGA5_ITGB1,0.0285423103144657,0,FN1_ITGA5_ITGB1,FN1 - (ITGA5+ITGB1),FN1,ECM-Receptor,KEGG: hsa04512
Proliferating,IFN-stimulated,FN1,ITGA5_ITGB1,0.0244265101817405,0,FN1_ITGA5_ITGB1,FN1 - (ITGA5+ITGB1),FN1,ECM-Receptor,KEGG: hsa04512
Stress-response,IFN-stimulated,FN1,ITGA5_ITGB1,0.028481287214382,0,FN1_ITGA5_ITGB1,FN1 - (ITGA5+ITGB1),FN1,ECM-Receptor,KEGG: hsa04512
IFN-stimulated,Inflammatory Mono-derived,FN1,ITGA5_ITGB1,0.00593425147678582,0,FN1_ITGA5_ITGB1,FN1 - (ITGA5+ITGB1),FN1,ECM-Receptor,KEGG: hsa04512
Inflammatory Mono-derived,Inflammatory Mono-derived,FN1,ITGA5_ITGB1,0.00691864732084177,0,FN1_ITGA5_ITGB1,FN1 - (ITGA5+ITGB1),FN1,ECM-Receptor,KEGG: hsa04512
Lipid-associated,Inflammatory Mono-derived,FN1,ITGA5_ITGB1,0.056996224190106,0,FN1_ITGA5_ITGB1,FN1 - (ITGA5+ITGB1),FN1,ECM-Receptor,KEGG: hsa04512
Proliferating,Inflammatory Mono-derived,FN1,ITGA5_ITGB1,0.0489842608476478,0,FN1_ITGA5_ITGB1,FN1 - (ITGA5+ITGB1),FN1,ECM-Receptor,KEGG: hsa04512
Stress-response,Inflammatory Mono-derived,FN1,ITGA5_ITGB1,0.0568779287599821,0,FN1_ITGA5_ITGB1,FN1 - (ITGA5+ITGB1),FN1,ECM-Receptor,KEGG: hsa04512
IFN-stimulated,Stress-response,FN1,ITGA5_ITGB1,0.00175808218914435,0,FN1_ITGA5_ITGB1,FN1 - (ITGA5+ITGB1),FN1,ECM-Receptor,KEGG: hsa04512
Inflammatory Mono-derived,Stress-response,FN1,ITGA5_ITGB1,0.00205114887597035,0,FN1_ITGA5_ITGB1,FN1 - (ITGA5+ITGB1),FN1,ECM-Receptor,KEGG: hsa04512
Lipid-associated,Stress-response,FN1,ITGA5_ITGB1,0.0175190014737951,0,FN1_ITGA5_ITGB1,FN1 - (ITGA5+ITGB1),FN1,ECM-Receptor,KEGG: hsa04512
Proliferating,Stress-response,FN1,ITGA5_ITGB1,0.0149682700503506,0,FN1_ITGA5_ITGB1,FN1 - (ITGA5+ITGB1),FN1,ECM-Receptor,KEGG: hsa04512
Stress-response,Stress-response,FN1,ITGA5_ITGB1,0.0174811219748275,0,FN1_ITGA5_ITGB1,FN1 - (ITGA5+ITGB1),FN1,ECM-Receptor,KEGG: hsa04512
IFN-stimulated,Inflammatory Mono-derived,FN1,ITGAV_ITGB1,0.00288932479505973,0,FN1_ITGAV_ITGB1,FN1 - (ITGAV+ITGB1),FN1,ECM-Receptor,KEGG: hsa04512
Inflammatory Mono-derived,Inflammatory Mono-derived,FN1,ITGAV_ITGB1,0.00337032933427992,0,FN1_ITGAV_ITGB1,FN1 - (ITGAV+ITGB1),FN1,ECM-Receptor,KEGG: hsa04512
Lipid-associated,Inflammatory Mono-derived,FN1,ITGAV_ITGB1,0.0285020887283992,0,FN1_ITGAV_ITGB1,FN1 - (ITGAV+ITGB1),FN1,ECM-Receptor,KEGG: hsa04512
Proliferating,Inflammatory Mono-derived,FN1,ITGAV_ITGB1,0.0243919429182961,0,FN1_ITGAV_ITGB1,FN1 - (ITGAV+ITGB1),FN1,ECM-Receptor,KEGG: hsa04512
Stress-response,Inflammatory Mono-derived,FN1,ITGAV_ITGB1,0.0284411491039551,0,FN1_ITGAV_ITGB1,FN1 - (ITGAV+ITGB1),FN1,ECM-Receptor,KEGG: hsa04512
IFN-stimulated,Resident M2,FN1,ITGAV_ITGB1,0.00284889623184225,0,FN1_ITGAV_ITGB1,FN1 - (ITGAV+ITGB1),FN1,ECM-Receptor,KEGG: hsa04512
Inflammatory Mono-derived,Resident M2,FN1,ITGAV_ITGB1,0.00332319279855765,0,FN1_ITGAV_ITGB1,FN1 - (ITGAV+ITGB1),FN1,ECM-Receptor,KEGG: hsa04512
Lipid-associated,Resident M2,FN1,ITGAV_ITGB1,0.0281133809252749,0,FN1_ITGAV_ITGB1,FN1 - (ITGAV+ITGB1),FN1,ECM-Receptor,KEGG: hsa04512
Proliferating,Resident M2,FN1,ITGAV_ITGB1,0.0240579006561386,0,FN1_ITGAV_ITGB1,FN1 - (ITGAV+ITGB1),FN1,ECM-Receptor,KEGG: hsa04512
Stress-response,Resident M2,FN1,ITGAV_ITGB1,0.0280532483888593,0,FN1_ITGAV_ITGB1,FN1 - (ITGAV+ITGB1),FN1,ECM-Receptor,KEGG: hsa04512
IFN-stimulated,CD8.CM,FN1,ITGA4_ITGB7,0.0022285423453778,0,FN1_ITGA4_ITGB7,FN1 - (ITGA4+ITGB7),FN1,ECM-Receptor,KEGG: hsa04512
Inflammatory Mono-derived,CD8.CM,FN1,ITGA4_ITGB7,0.00259982898931269,0,FN1_ITGA4_ITGB7,FN1 - (ITGA4+ITGB7),FN1,ECM-Receptor,KEGG: hsa04512
Lipid-associated,CD8.CM,FN1,ITGA4_ITGB7,0.0221136293196812,0,FN1_ITGA4_ITGB7,FN1 - (ITGA4+ITGB7),FN1,ECM-Receptor,KEGG: hsa04512
Proliferating,CD8.CM,FN1,ITGA4_ITGB7,0.0189068029009118,0,FN1_ITGA4_ITGB7,FN1 - (ITGA4+ITGB7),FN1,ECM-Receptor,KEGG: hsa04512
Stress-response,CD8.CM,FN1,ITGA4_ITGB7,0.0220660384625038,0,FN1_ITGA4_ITGB7,FN1 - (ITGA4+ITGB7),FN1,ECM-Receptor,KEGG: hsa04512
IFN-stimulated,CD8.TEMRA,FN1,ITGA4_ITGB7,0.00394230135933867,0,FN1_ITGA4_ITGB7,FN1 - (ITGA4+ITGB7),FN1,ECM-Receptor,KEGG: hsa04512
Inflammatory Mono-derived,CD8.TEMRA,FN1,ITGA4_ITGB7,0.00459779339118388,0,FN1_ITGA4_ITGB7,FN1 - (ITGA4+ITGB7),FN1,ECM-Receptor,KEGG: hsa04512
Lipid-associated,CD8.TEMRA,FN1,ITGA4_ITGB7,0.0385286241246651,0,FN1_ITGA4_ITGB7,FN1 - (ITGA4+ITGB7),FN1,ECM-Receptor,KEGG: hsa04512
Proliferating,CD8.TEMRA,FN1,ITGA4_ITGB7,0.0330217471994421,0,FN1_ITGA4_ITGB7,FN1 - (ITGA4+ITGB7),FN1,ECM-Receptor,KEGG: hsa04512
Stress-response,CD8.TEMRA,FN1,ITGA4_ITGB7,0.0384470953983319,0,FN1_ITGA4_ITGB7,FN1 - (ITGA4+ITGB7),FN1,ECM-Receptor,KEGG: hsa04512
IFN-stimulated,CD8.TEX,FN1,ITGA4_ITGB7,0.0042006790778918,0,FN1_ITGA4_ITGB7,FN1 - (ITGA4+ITGB7),FN1,ECM-Receptor,KEGG: hsa04512
Inflammatory Mono-derived,CD8.TEX,FN1,ITGA4_ITGB7,0.00489892064434862,0,FN1_ITGA4_ITGB7,FN1 - (ITGA4+ITGB7),FN1,ECM-Receptor,KEGG: hsa04512
Lipid-associated,CD8.TEX,FN1,ITGA4_ITGB7,0.0409605670507895,0,FN1_ITGA4_ITGB7,FN1 - (ITGA4+ITGB7),FN1,ECM-Receptor,KEGG: hsa04512
Proliferating,CD8.TEX,FN1,ITGA4_ITGB7,0.0351187900794708,0,FN1_ITGA4_ITGB7,FN1 - (ITGA4+ITGB7),FN1,ECM-Receptor,KEGG: hsa04512
Stress-response,CD8.TEX,FN1,ITGA4_ITGB7,0.0408741109694129,0,FN1_ITGA4_ITGB7,FN1 - (ITGA4+ITGB7),FN1,ECM-Receptor,KEGG: hsa04512
IFN-stimulated,CD8.TPEX,FN1,ITGA4_ITGB7,0.00363453116740646,0,FN1_ITGA4_ITGB7,FN1 - (ITGA4+ITGB7),FN1,ECM-Receptor,KEGG: hsa04512
Inflammatory Mono-derived,CD8.TPEX,FN1,ITGA4_ITGB7,0.00423906759945893,0,FN1_ITGA4_ITGB7,FN1 - (ITGA4+ITGB7),FN1,ECM-Receptor,KEGG: hsa04512
Lipid-associated,CD8.TPEX,FN1,ITGA4_ITGB7,0.0356172971750799,0,FN1_ITGA4_ITGB7,FN1 - (ITGA4+ITGB7),FN1,ECM-Receptor,KEGG: hsa04512
Proliferating,CD8.TPEX,FN1,ITGA4_ITGB7,0.0305133289092839,0,FN1_ITGA4_ITGB7,FN1 - (ITGA4+ITGB7),FN1,ECM-Receptor,KEGG: hsa04512
Stress-response,CD8.TPEX,FN1,ITGA4_ITGB7,0.0355417012497465,0,FN1_ITGA4_ITGB7,FN1 - (ITGA4+ITGB7),FN1,ECM-Receptor,KEGG: hsa04512
IFN-stimulated,CD8.CM,FN1,CD44,0.00962148485888552,0,FN1_CD44,FN1 - CD44,FN1,ECM-Receptor,KEGG: hsa04512
Inflammatory Mono-derived,CD8.CM,FN1,CD44,0.0112106348337696,0,FN1_CD44,FN1 - CD44,FN1,ECM-Receptor,KEGG: hsa04512
Lipid-associated,CD8.CM,FN1,CD44,0.0895524815280143,0,FN1_CD44,FN1 - CD44,FN1,ECM-Receptor,KEGG: hsa04512
Proliferating,CD8.CM,FN1,CD44,0.0773394140475001,0,FN1_CD44,FN1 - CD44,FN1,ECM-Receptor,KEGG: hsa04512
Stress-response,CD8.CM,FN1,CD44,0.0893730196899496,0,FN1_CD44,FN1 - CD44,FN1,ECM-Receptor,KEGG: hsa04512
IFN-stimulated,CD8.EM,FN1,CD44,0.0102540643692061,0,FN1_CD44,FN1 - CD44,FN1,ECM-Receptor,KEGG: hsa04512
Inflammatory Mono-derived,CD8.EM,FN1,CD44,0.0119464351815918,0,FN1_CD44,FN1 - CD44,FN1,ECM-Receptor,KEGG: hsa04512
Lipid-associated,CD8.EM,FN1,CD44,0.0949364929413992,0,FN1_CD44,FN1 - CD44,FN1,ECM-Receptor,KEGG: hsa04512
Proliferating,CD8.EM,FN1,CD44,0.0820553366801182,0,FN1_CD44,FN1 - CD44,FN1,ECM-Receptor,KEGG: hsa04512
Stress-response,CD8.EM,FN1,CD44,0.0947473644512872,0,FN1_CD44,FN1 - CD44,FN1,ECM-Receptor,KEGG: hsa04512
IFN-stimulated,CD8.MAIT,FN1,CD44,0.0121817141852506,0,FN1_CD44,FN1 - CD44,FN1,ECM-Receptor,KEGG: hsa04512
Inflammatory Mono-derived,CD8.MAIT,FN1,CD44,0.014187671321377,0,FN1_CD44,FN1 - CD44,FN1,ECM-Receptor,KEGG: hsa04512
Lipid-associated,CD8.MAIT,FN1,CD44,0.11099816964777,0,FN1_CD44,FN1 - CD44,FN1,ECM-Receptor,KEGG: hsa04512
Proliferating,CD8.MAIT,FN1,CD44,0.0961692992522333,0,FN1_CD44,FN1 - CD44,FN1,ECM-Receptor,KEGG: hsa04512
Stress-response,CD8.MAIT,FN1,CD44,0.110780960283927,0,FN1_CD44,FN1 - CD44,FN1,ECM-Receptor,KEGG: hsa04512
IFN-stimulated,CD8.NaiveLike,FN1,CD44,0.00842196368593701,0,FN1_CD44,FN1 - CD44,FN1,ECM-Receptor,KEGG: hsa04512
Inflammatory Mono-derived,CD8.NaiveLike,FN1,CD44,0.00981495601447748,0,FN1_CD44,FN1 - CD44,FN1,ECM-Receptor,KEGG: hsa04512
Lipid-associated,CD8.NaiveLike,FN1,CD44,0.07918462192961,0,FN1_CD44,FN1 - CD44,FN1,ECM-Receptor,KEGG: hsa04512
Proliferating,CD8.NaiveLike,FN1,CD44,0.0682794711416184,0,FN1_CD44,FN1 - CD44,FN1,ECM-Receptor,KEGG: hsa04512
Stress-response,CD8.NaiveLike,FN1,CD44,0.0790241337427631,0,FN1_CD44,FN1 - CD44,FN1,ECM-Receptor,KEGG: hsa04512
IFN-stimulated,CD8.TEMRA,FN1,CD44,0.00744896033516465,0,FN1_CD44,FN1 - CD44,FN1,ECM-Receptor,KEGG: hsa04512
Inflammatory Mono-derived,CD8.TEMRA,FN1,CD44,0.0086824271350269,0,FN1_CD44,FN1 - CD44,FN1,ECM-Receptor,KEGG: hsa04512
Lipid-associated,CD8.TEMRA,FN1,CD44,0.0706185250489639,0,FN1_CD44,FN1 - CD44,FN1,ECM-Receptor,KEGG: hsa04512
Proliferating,CD8.TEMRA,FN1,CD44,0.0608151667406418,0,FN1_CD44,FN1 - CD44,FN1,ECM-Receptor,KEGG: hsa04512
Stress-response,CD8.TEMRA,FN1,CD44,0.070474069534508,0,FN1_CD44,FN1 - CD44,FN1,ECM-Receptor,KEGG: hsa04512
IFN-stimulated,CD8.TEX,FN1,CD44,0.00926150473737726,0,FN1_CD44,FN1 - CD44,FN1,ECM-Receptor,KEGG: hsa04512
Inflammatory Mono-derived,CD8.TEX,FN1,CD44,0.0107918458252997,0,FN1_CD44,FN1 - CD44,FN1,ECM-Receptor,KEGG: hsa04512
Lipid-associated,CD8.TEX,FN1,CD44,0.0864630318046179,0,FN1_CD44,FN1 - CD44,FN1,ECM-Receptor,KEGG: hsa04512
Proliferating,CD8.TEX,FN1,CD44,0.0746367597277203,0,FN1_CD44,FN1 - CD44,FN1,ECM-Receptor,KEGG: hsa04512
Stress-response,CD8.TEX,FN1,CD44,0.0862891743954312,0,FN1_CD44,FN1 - CD44,FN1,ECM-Receptor,KEGG: hsa04512
IFN-stimulated,CD8.TPEX,FN1,CD44,0.0126465241484477,0,FN1_CD44,FN1 - CD44,FN1,ECM-Receptor,KEGG: hsa04512
Inflammatory Mono-derived,CD8.TPEX,FN1,CD44,0.0147278801482872,0,FN1_CD44,FN1 - CD44,FN1,ECM-Receptor,KEGG: hsa04512
Lipid-associated,CD8.TPEX,FN1,CD44,0.114795285946535,0,FN1_CD44,FN1 - CD44,FN1,ECM-Receptor,KEGG: hsa04512
Proliferating,CD8.TPEX,FN1,CD44,0.0995159227261768,0,FN1_CD44,FN1 - CD44,FN1,ECM-Receptor,KEGG: hsa04512
Stress-response,CD8.TPEX,FN1,CD44,0.11457160372192,0,FN1_CD44,FN1 - CD44,FN1,ECM-Receptor,KEGG: hsa04512
IFN-stimulated,Classical Mono-derived,FN1,CD44,0.0101388187969411,0,FN1_CD44,FN1 - CD44,FN1,ECM-Receptor,KEGG: hsa04512
Inflammatory Mono-derived,Classical Mono-derived,FN1,CD44,0.0118123960365463,0,FN1_CD44,FN1 - CD44,FN1,ECM-Receptor,KEGG: hsa04512
Lipid-associated,Classical Mono-derived,FN1,CD44,0.0939598528627094,0,FN1_CD44,FN1 - CD44,FN1,ECM-Receptor,KEGG: hsa04512
Proliferating,Classical Mono-derived,FN1,CD44,0.0811993203379497,0,FN1_CD44,FN1 - CD44,FN1,ECM-Receptor,KEGG: hsa04512
Stress-response,Classical Mono-derived,FN1,CD44,0.0937724684105776,0,FN1_CD44,FN1 - CD44,FN1,ECM-Receptor,KEGG: hsa04512
IFN-stimulated,IFN-stimulated,FN1,CD44,0.0145971329802915,0,FN1_CD44,FN1 - CD44,FN1,ECM-Receptor,KEGG: hsa04512
Inflammatory Mono-derived,IFN-stimulated,FN1,CD44,0.0169939933455916,0,FN1_CD44,FN1 - CD44,FN1,ECM-Receptor,KEGG: hsa04512
Lipid-associated,IFN-stimulated,FN1,CD44,0.130420236998347,0,FN1_CD44,FN1 - CD44,FN1,ECM-Receptor,KEGG: hsa04512
Proliferating,IFN-stimulated,FN1,CD44,0.113327428691433,0,FN1_CD44,FN1 - CD44,FN1,ECM-Receptor,KEGG: hsa04512
Stress-response,IFN-stimulated,FN1,CD44,0.13017058614909,0,FN1_CD44,FN1 - CD44,FN1,ECM-Receptor,KEGG: hsa04512
IFN-stimulated,Inflammatory Mono-derived,FN1,CD44,0.0166380022291822,0,FN1_CD44,FN1 - CD44,FN1,ECM-Receptor,KEGG: hsa04512
Inflammatory Mono-derived,Inflammatory Mono-derived,FN1,CD44,0.0193633898488138,0,FN1_CD44,FN1 - CD44,FN1,ECM-Receptor,KEGG: hsa04512
Lipid-associated,Inflammatory Mono-derived,FN1,CD44,0.146251269930638,0,FN1_CD44,FN1 - CD44,FN1,ECM-Receptor,KEGG: hsa04512
Proliferating,Inflammatory Mono-derived,FN1,CD44,0.127387599988156,0,FN1_CD44,FN1 - CD44,FN1,ECM-Receptor,KEGG: hsa04512
Stress-response,Inflammatory Mono-derived,FN1,CD44,0.14597640236894,0,FN1_CD44,FN1 - CD44,FN1,ECM-Receptor,KEGG: hsa04512
IFN-stimulated,Lipid-associated,FN1,CD44,0.0102157924308624,0,FN1_CD44,FN1 - CD44,FN1,ECM-Receptor,KEGG: hsa04512
Inflammatory Mono-derived,Lipid-associated,FN1,CD44,0.01190192265111,0,FN1_CD44,FN1 - CD44,FN1,ECM-Receptor,KEGG: hsa04512
Lipid-associated,Lipid-associated,FN1,CD44,0.0946123686051688,0,FN1_CD44,FN1 - CD44,FN1,ECM-Receptor,KEGG: hsa04512
Proliferating,Lipid-associated,FN1,CD44,0.0817712167934429,0,FN1_CD44,FN1 - CD44,FN1,ECM-Receptor,KEGG: hsa04512
Stress-response,Lipid-associated,FN1,CD44,0.0944238184563745,0,FN1_CD44,FN1 - CD44,FN1,ECM-Receptor,KEGG: hsa04512
IFN-stimulated,Proliferating,FN1,CD44,0.00876040663917046,0,FN1_CD44,FN1 - CD44,FN1,ECM-Receptor,KEGG: hsa04512
Inflammatory Mono-derived,Proliferating,FN1,CD44,0.0102088010868649,0,FN1_CD44,FN1 - CD44,FN1,ECM-Receptor,KEGG: hsa04512
Lipid-associated,Proliferating,FN1,CD44,0.0821311795318108,0,FN1_CD44,FN1 - CD44,FN1,ECM-Receptor,KEGG: hsa04512
Proliferating,Proliferating,FN1,CD44,0.0708514581407466,0,FN1_CD44,FN1 - CD44,FN1,ECM-Receptor,KEGG: hsa04512
Stress-response,Proliferating,FN1,CD44,0.0819652509682931,0,FN1_CD44,FN1 - CD44,FN1,ECM-Receptor,KEGG: hsa04512
IFN-stimulated,Resident M2,FN1,CD44,0.00954891361573324,0,FN1_CD44,FN1 - CD44,FN1,ECM-Receptor,KEGG: hsa04512
Inflammatory Mono-derived,Resident M2,FN1,CD44,0.0111262118881922,0,FN1_CD44,FN1 - CD44,FN1,ECM-Receptor,KEGG: hsa04512
Lipid-associated,Resident M2,FN1,CD44,0.0889311573576556,0,FN1_CD44,FN1 - CD44,FN1,ECM-Receptor,KEGG: hsa04512
Proliferating,Resident M2,FN1,CD44,0.0767956779879354,0,FN1_CD44,FN1 - CD44,FN1,ECM-Receptor,KEGG: hsa04512
Stress-response,Resident M2,FN1,CD44,0.0887528192659667,0,FN1_CD44,FN1 - CD44,FN1,ECM-Receptor,KEGG: hsa04512
IFN-stimulated,Stress-response,FN1,CD44,0.0148261588816703,0,FN1_CD44,FN1 - CD44,FN1,ECM-Receptor,KEGG: hsa04512
Inflammatory Mono-derived,Stress-response,FN1,CD44,0.017259966777271,0,FN1_CD44,FN1 - CD44,FN1,ECM-Receptor,KEGG: hsa04512
Lipid-associated,Stress-response,FN1,CD44,0.132222663041237,0,FN1_CD44,FN1 - CD44,FN1,ECM-Receptor,KEGG: hsa04512
Proliferating,Stress-response,FN1,CD44,0.114924849537403,0,FN1_CD44,FN1 - CD44,FN1,ECM-Receptor,KEGG: hsa04512
Stress-response,Stress-response,FN1,CD44,0.131970085596495,0,FN1_CD44,FN1 - CD44,FN1,ECM-Receptor,KEGG: hsa04512
Lipid-associated,CD8.CM,COL6A2,CD44,0.0254227013357725,0,COL6A2_CD44,COL6A2 - CD44,COLLAGEN,ECM-Receptor,KEGG: hsa04512
Proliferating,CD8.CM,COL6A2,CD44,0.0206543300843042,0,COL6A2_CD44,COL6A2 - CD44,COLLAGEN,ECM-Receptor,KEGG: hsa04512
Lipid-associated,CD8.EM,COL6A2,CD44,0.0270657653106025,0,COL6A2_CD44,COL6A2 - CD44,COLLAGEN,ECM-Receptor,KEGG: hsa04512
Proliferating,CD8.EM,COL6A2,CD44,0.0219961707873307,0,COL6A2_CD44,COL6A2 - CD44,COLLAGEN,ECM-Receptor,KEGG: hsa04512
Lipid-associated,CD8.MAIT,COL6A2,CD44,0.0320514821732386,0,COL6A2_CD44,COL6A2 - CD44,COLLAGEN,ECM-Receptor,KEGG: hsa04512
Proliferating,CD8.MAIT,COL6A2,CD44,0.0260730561939425,0,COL6A2_CD44,COL6A2 - CD44,COLLAGEN,ECM-Receptor,KEGG: hsa04512
Lipid-associated,CD8.NaiveLike,COL6A2,CD44,0.0222975769635769,0,COL6A2_CD44,COL6A2 - CD44,COLLAGEN,ECM-Receptor,KEGG: hsa04512
Proliferating,CD8.NaiveLike,COL6A2,CD44,0.0181044760942111,0,COL6A2_CD44,COL6A2 - CD44,COLLAGEN,ECM-Receptor,KEGG: hsa04512
Lipid-associated,CD8.TEMRA,COL6A2,CD44,0.0197534362794565,0,COL6A2_CD44,COL6A2 - CD44,COLLAGEN,ECM-Receptor,KEGG: hsa04512
Proliferating,CD8.TEMRA,COL6A2,CD44,0.0160309212078965,0,COL6A2_CD44,COL6A2 - CD44,COLLAGEN,ECM-Receptor,KEGG: hsa04512
Lipid-associated,CD8.TEX,COL6A2,CD44,0.0244861479965907,0,COL6A2_CD44,COL6A2 - CD44,COLLAGEN,ECM-Receptor,KEGG: hsa04512
Proliferating,CD8.TEX,COL6A2,CD44,0.019889854924272,0,COL6A2_CD44,COL6A2 - CD44,COLLAGEN,ECM-Receptor,KEGG: hsa04512
Lipid-associated,CD8.TPEX,COL6A2,CD44,0.0332489314939574,0,COL6A2_CD44,COL6A2 - CD44,COLLAGEN,ECM-Receptor,KEGG: hsa04512
Proliferating,CD8.TPEX,COL6A2,CD44,0.027053393008777,0,COL6A2_CD44,COL6A2 - CD44,COLLAGEN,ECM-Receptor,KEGG: hsa04512
Lipid-associated,Classical Mono-derived,COL6A2,CD44,0.0267666826771529,0,COL6A2_CD44,COL6A2 - CD44,COLLAGEN,ECM-Receptor,KEGG: hsa04512
Proliferating,Classical Mono-derived,COL6A2,CD44,0.0217518558434541,0,COL6A2_CD44,COL6A2 - CD44,COLLAGEN,ECM-Receptor,KEGG: hsa04512
Lipid-associated,IFN-stimulated,COL6A2,CD44,0.0382541518295378,0,COL6A2_CD44,COL6A2 - CD44,COLLAGEN,ECM-Receptor,KEGG: hsa04512
Proliferating,IFN-stimulated,COL6A2,CD44,0.0311560081556926,0,COL6A2_CD44,COL6A2 - CD44,COLLAGEN,ECM-Receptor,KEGG: hsa04512
Lipid-associated,Inflammatory Mono-derived,COL6A2,CD44,0.043456715463386,0,COL6A2_CD44,COL6A2 - CD44,COLLAGEN,ECM-Receptor,KEGG: hsa04512
Proliferating,Inflammatory Mono-derived,COL6A2,CD44,0.0354287858962679,0,COL6A2_CD44,COL6A2 - CD44,COLLAGEN,ECM-Receptor,KEGG: hsa04512
Lipid-associated,Lipid-associated,COL6A2,CD44,0.0269664555298903,0,COL6A2_CD44,COL6A2 - CD44,COLLAGEN,ECM-Receptor,KEGG: hsa04512
Proliferating,Lipid-associated,COL6A2,CD44,0.0219150433866994,0,COL6A2_CD44,COL6A2 - CD44,COLLAGEN,ECM-Receptor,KEGG: hsa04512
Lipid-associated,Proliferating,COL6A2,CD44,0.0231805865622497,0,COL6A2_CD44,COL6A2 - CD44,COLLAGEN,ECM-Receptor,KEGG: hsa04512
Proliferating,Proliferating,COL6A2,CD44,0.0188246312423556,0,COL6A2_CD44,COL6A2 - CD44,COLLAGEN,ECM-Receptor,KEGG: hsa04512
Lipid-associated,Resident M2,COL6A2,CD44,0.0252339841271128,0,COL6A2_CD44,COL6A2 - CD44,COLLAGEN,ECM-Receptor,KEGG: hsa04512
Proliferating,Resident M2,COL6A2,CD44,0.0205002647731105,0,COL6A2_CD44,COL6A2 - CD44,COLLAGEN,ECM-Receptor,KEGG: hsa04512
Lipid-associated,Stress-response,COL6A2,CD44,0.0388397214762038,0,COL6A2_CD44,COL6A2 - CD44,COLLAGEN,ECM-Receptor,KEGG: hsa04512
Proliferating,Stress-response,COL6A2,CD44,0.0316364981916452,0,COL6A2_CD44,COL6A2 - CD44,COLLAGEN,ECM-Receptor,KEGG: hsa04512
Inflammatory Mono-derived,Classical Mono-derived,THBS1,CD36,0.0014167313352141,0,THBS1_CD36,THBS1 - CD36,THBS,ECM-Receptor,KEGG: hsa04512
Inflammatory Mono-derived,IFN-stimulated,THBS1,CD36,0.000309519473301046,0,THBS1_CD36,THBS1 - CD36,THBS,ECM-Receptor,KEGG: hsa04512
Inflammatory Mono-derived,Inflammatory Mono-derived,THBS1,CD36,0.00105142262555306,0,THBS1_CD36,THBS1 - CD36,THBS,ECM-Receptor,KEGG: hsa04512
Inflammatory Mono-derived,Proliferating,THBS1,CD36,0.00141095166072462,0,THBS1_CD36,THBS1 - CD36,THBS,ECM-Receptor,KEGG: hsa04512
Inflammatory Mono-derived,CD8.CM,THBS1,CD47,0.00192167444992234,0,THBS1_CD47,THBS1 - CD47,THBS,ECM-Receptor,KEGG: hsa04512
Inflammatory Mono-derived,CD8.EM,THBS1,CD47,0.00173270527963171,0,THBS1_CD47,THBS1 - CD47,THBS,ECM-Receptor,KEGG: hsa04512
Inflammatory Mono-derived,CD8.MAIT,THBS1,CD47,0.00203998610004982,0,THBS1_CD47,THBS1 - CD47,THBS,ECM-Receptor,KEGG: hsa04512
Inflammatory Mono-derived,CD8.NaiveLike,THBS1,CD47,0.00198043112441486,0,THBS1_CD47,THBS1 - CD47,THBS,ECM-Receptor,KEGG: hsa04512
Inflammatory Mono-derived,CD8.TEMRA,THBS1,CD47,0.00170791062307958,0,THBS1_CD47,THBS1 - CD47,THBS,ECM-Receptor,KEGG: hsa04512
Inflammatory Mono-derived,CD8.TEX,THBS1,CD47,0.00185959037522065,0,THBS1_CD47,THBS1 - CD47,THBS,ECM-Receptor,KEGG: hsa04512
Inflammatory Mono-derived,CD8.TPEX,THBS1,CD47,0.00163785049029117,0,THBS1_CD47,THBS1 - CD47,THBS,ECM-Receptor,KEGG: hsa04512
Inflammatory Mono-derived,Classical Mono-derived,THBS1,CD47,0.00379451508031358,0,THBS1_CD47,THBS1 - CD47,THBS,ECM-Receptor,KEGG: hsa04512
Inflammatory Mono-derived,IFN-stimulated,THBS1,CD47,0.00151735738995527,0,THBS1_CD47,THBS1 - CD47,THBS,ECM-Receptor,KEGG: hsa04512
Inflammatory Mono-derived,Inflammatory Mono-derived,THBS1,CD47,0.00122002060044005,0,THBS1_CD47,THBS1 - CD47,THBS,ECM-Receptor,KEGG: hsa04512
Inflammatory Mono-derived,Resident M2,THBS1,CD47,0.00153041479269796,0,THBS1_CD47,THBS1 - CD47,THBS,ECM-Receptor,KEGG: hsa04512
Inflammatory Mono-derived,Stress-response,THBS1,CD47,0.00135451463692811,0,THBS1_CD47,THBS1 - CD47,THBS,ECM-Receptor,KEGG: hsa04512
Inflammatory Mono-derived,Classical Mono-derived,LTC4-LTC4S,CYSLTR1,0.00229800886180476,0,LTC4-LTC4S_CYSLTR1,LTC4-LTC4S - CYSLTR1,CysLTs,Non-protein Signaling,PMID:33753496
Resident M2,Classical Mono-derived,LTC4-LTC4S,CYSLTR1,0.00272879273360147,0,LTC4-LTC4S_CYSLTR1,LTC4-LTC4S - CYSLTR1,CysLTs,Non-protein Signaling,PMID:33753496
IFN-stimulated,CD8.CM,PGE2-PTGES2,PTGER4,0.00163502373551544,0,PGE2-PTGES2_PTGER4,PGE2-PTGES2 - PTGER4,Prostaglandin,Non-protein Signaling,PMID: 34949672;PMID: 21508345
IFN-stimulated,CD8.EM,PGE2-PTGES2,PTGER4,0.000498099159031475,0,PGE2-PTGES2_PTGER4,PGE2-PTGES2 - PTGER4,Prostaglandin,Non-protein Signaling,PMID: 34949672;PMID: 21508345
IFN-stimulated,CD8.MAIT,PGE2-PTGES2,PTGER4,0.00155803904875824,0,PGE2-PTGES2_PTGER4,PGE2-PTGES2 - PTGER4,Prostaglandin,Non-protein Signaling,PMID: 34949672;PMID: 21508345
IFN-stimulated,CD8.NaiveLike,PGE2-PTGES2,PTGER4,0.000535136053921535,0,PGE2-PTGES2_PTGER4,PGE2-PTGES2 - PTGER4,Prostaglandin,Non-protein Signaling,PMID: 34949672;PMID: 21508345
IFN-stimulated,CD8.TEMRA,PGE2-PTGES2,PTGER4,0.000472932274071406,0,PGE2-PTGES2_PTGER4,PGE2-PTGES2 - PTGER4,Prostaglandin,Non-protein Signaling,PMID: 34949672;PMID: 21508345
IFN-stimulated,CD8.TEX,PGE2-PTGES2,PTGER4,0.000588605036444214,0,PGE2-PTGES2_PTGER4,PGE2-PTGES2 - PTGER4,Prostaglandin,Non-protein Signaling,PMID: 34949672;PMID: 21508345
IFN-stimulated,CD8.TPEX,PGE2-PTGES2,PTGER4,0.00139342086121373,0,PGE2-PTGES2_PTGER4,PGE2-PTGES2 - PTGER4,Prostaglandin,Non-protein Signaling,PMID: 34949672;PMID: 21508345
IFN-stimulated,Classical Mono-derived,PGE2-PTGES2,PTGER4,0.000912869205041167,0,PGE2-PTGES2_PTGER4,PGE2-PTGES2 - PTGER4,Prostaglandin,Non-protein Signaling,PMID: 34949672;PMID: 21508345
IFN-stimulated,IFN-stimulated,PGE2-PTGES2,PTGER4,0.00133363246644462,0,PGE2-PTGES2_PTGER4,PGE2-PTGES2 - PTGER4,Prostaglandin,Non-protein Signaling,PMID: 34949672;PMID: 21508345
IFN-stimulated,Inflammatory Mono-derived,PGE2-PTGES2,PTGER4,0.00103190404167269,0,PGE2-PTGES2_PTGER4,PGE2-PTGES2 - PTGER4,Prostaglandin,Non-protein Signaling,PMID: 34949672;PMID: 21508345
IFN-stimulated,Lipid-associated,PGE2-PTGES2,PTGER4,0.000346760947860519,0,PGE2-PTGES2_PTGER4,PGE2-PTGES2 - PTGER4,Prostaglandin,Non-protein Signaling,PMID: 34949672;PMID: 21508345
IFN-stimulated,Proliferating,PGE2-PTGES2,PTGER4,0.000637491567630429,0,PGE2-PTGES2_PTGER4,PGE2-PTGES2 - PTGER4,Prostaglandin,Non-protein Signaling,PMID: 34949672;PMID: 21508345
IFN-stimulated,Resident M2,PGE2-PTGES2,PTGER4,0.00105906563204558,0,PGE2-PTGES2_PTGER4,PGE2-PTGES2 - PTGER4,Prostaglandin,Non-protein Signaling,PMID: 34949672;PMID: 21508345
IFN-stimulated,Stress-response,PGE2-PTGES2,PTGER4,0.000431307245925573,0,PGE2-PTGES2_PTGER4,PGE2-PTGES2 - PTGER4,Prostaglandin,Non-protein Signaling,PMID: 34949672;PMID: 21508345
CD8.CM,CD8.CM,PGE2-PTGES3,PTGER4,0.0443189027991182,0,PGE2-PTGES3_PTGER4,PGE2-PTGES3 - PTGER4,Prostaglandin,Non-protein Signaling,PMID: 34949672;PMID: 21508345
CD8.EM,CD8.CM,PGE2-PTGES3,PTGER4,0.0465185122917015,0,PGE2-PTGES3_PTGER4,PGE2-PTGES3 - PTGER4,Prostaglandin,Non-protein Signaling,PMID: 34949672;PMID: 21508345
CD8.MAIT,CD8.CM,PGE2-PTGES3,PTGER4,0.0452092282199248,0,PGE2-PTGES3_PTGER4,PGE2-PTGES3 - PTGER4,Prostaglandin,Non-protein Signaling,PMID: 34949672;PMID: 21508345
CD8.NaiveLike,CD8.CM,PGE2-PTGES3,PTGER4,0.0384963476431512,0,PGE2-PTGES3_PTGER4,PGE2-PTGES3 - PTGER4,Prostaglandin,Non-protein Signaling,PMID: 34949672;PMID: 21508345
CD8.TEX,CD8.CM,PGE2-PTGES3,PTGER4,0.0444524096456304,0,PGE2-PTGES3_PTGER4,PGE2-PTGES3 - PTGER4,Prostaglandin,Non-protein Signaling,PMID: 34949672;PMID: 21508345
CD8.TPEX,CD8.CM,PGE2-PTGES3,PTGER4,0.0451185685182887,0,PGE2-PTGES3_PTGER4,PGE2-PTGES3 - PTGER4,Prostaglandin,Non-protein Signaling,PMID: 34949672;PMID: 21508345
Classical Mono-derived,CD8.CM,PGE2-PTGES3,PTGER4,0.039747606502052,0,PGE2-PTGES3_PTGER4,PGE2-PTGES3 - PTGER4,Prostaglandin,Non-protein Signaling,PMID: 34949672;PMID: 21508345
IFN-stimulated,CD8.CM,PGE2-PTGES3,PTGER4,0.0343032302961617,0,PGE2-PTGES3_PTGER4,PGE2-PTGES3 - PTGER4,Prostaglandin,Non-protein Signaling,PMID: 34949672;PMID: 21508345
Inflammatory Mono-derived,CD8.CM,PGE2-PTGES3,PTGER4,0.0310932986830386,0,PGE2-PTGES3_PTGER4,PGE2-PTGES3 - PTGER4,Prostaglandin,Non-protein Signaling,PMID: 34949672;PMID: 21508345
Lipid-associated,CD8.CM,PGE2-PTGES3,PTGER4,0.0177919980228085,0,PGE2-PTGES3_PTGER4,PGE2-PTGES3 - PTGER4,Prostaglandin,Non-protein Signaling,PMID: 34949672;PMID: 21508345
Proliferating,CD8.CM,PGE2-PTGES3,PTGER4,0.0510371677801808,0,PGE2-PTGES3_PTGER4,PGE2-PTGES3 - PTGER4,Prostaglandin,Non-protein Signaling,PMID: 34949672;PMID: 21508345
Resident M2,CD8.CM,PGE2-PTGES3,PTGER4,0.0320241078592919,0,PGE2-PTGES3_PTGER4,PGE2-PTGES3 - PTGER4,Prostaglandin,Non-protein Signaling,PMID: 34949672;PMID: 21508345
Stress-response,CD8.CM,PGE2-PTGES3,PTGER4,0.0347902913708124,0,PGE2-PTGES3_PTGER4,PGE2-PTGES3 - PTGER4,Prostaglandin,Non-protein Signaling,PMID: 34949672;PMID: 21508345
CD8.CM,CD8.MAIT,PGE2-PTGES3,PTGER4,0.042317345245447,0,PGE2-PTGES3_PTGER4,PGE2-PTGES3 - PTGER4,Prostaglandin,Non-protein Signaling,PMID: 34949672;PMID: 21508345
CD8.EM,CD8.MAIT,PGE2-PTGES3,PTGER4,0.0444222321756087,0,PGE2-PTGES3_PTGER4,PGE2-PTGES3 - PTGER4,Prostaglandin,Non-protein Signaling,PMID: 34949672;PMID: 21508345
CD8.MAIT,CD8.MAIT,PGE2-PTGES3,PTGER4,0.0431692775504678,0.01,PGE2-PTGES3_PTGER4,PGE2-PTGES3 - PTGER4,Prostaglandin,Non-protein Signaling,PMID: 34949672;PMID: 21508345
CD8.NaiveLike,CD8.MAIT,PGE2-PTGES3,PTGER4,0.0367476405572091,0.04,PGE2-PTGES3_PTGER4,PGE2-PTGES3 - PTGER4,Prostaglandin,Non-protein Signaling,PMID: 34949672;PMID: 21508345
CD8.TEX,CD8.MAIT,PGE2-PTGES3,PTGER4,0.0424450903653064,0,PGE2-PTGES3_PTGER4,PGE2-PTGES3 - PTGER4,Prostaglandin,Non-protein Signaling,PMID: 34949672;PMID: 21508345
CD8.TPEX,CD8.MAIT,PGE2-PTGES3,PTGER4,0.0430825240493066,0,PGE2-PTGES3_PTGER4,PGE2-PTGES3 - PTGER4,Prostaglandin,Non-protein Signaling,PMID: 34949672;PMID: 21508345
Classical Mono-derived,CD8.MAIT,PGE2-PTGES3,PTGER4,0.0379443036985893,0.02,PGE2-PTGES3_PTGER4,PGE2-PTGES3 - PTGER4,Prostaglandin,Non-protein Signaling,PMID: 34949672;PMID: 21508345
Proliferating,CD8.MAIT,PGE2-PTGES3,PTGER4,0.0487476724652368,0,PGE2-PTGES3_PTGER4,PGE2-PTGES3 - PTGER4,Prostaglandin,Non-protein Signaling,PMID: 34949672;PMID: 21508345
CD8.EM,CD8.TEX,PGE2-PTGES3,PTGER4,0.0172426809001006,0.01,PGE2-PTGES3_PTGER4,PGE2-PTGES3 - PTGER4,Prostaglandin,Non-protein Signaling,PMID: 34949672;PMID: 21508345
Proliferating,CD8.TEX,PGE2-PTGES3,PTGER4,0.0189741687367069,0.01,PGE2-PTGES3_PTGER4,PGE2-PTGES3 - PTGER4,Prostaglandin,Non-protein Signaling,PMID: 34949672;PMID: 21508345
CD8.CM,CD8.TPEX,PGE2-PTGES3,PTGER4,0.0380101559739764,0.01,PGE2-PTGES3_PTGER4,PGE2-PTGES3 - PTGER4,Prostaglandin,Non-protein Signaling,PMID: 34949672;PMID: 21508345
CD8.EM,CD8.TPEX,PGE2-PTGES3,PTGER4,0.0399097292023507,0.01,PGE2-PTGES3_PTGER4,PGE2-PTGES3 - PTGER4,Prostaglandin,Non-protein Signaling,PMID: 34949672;PMID: 21508345
CD8.MAIT,CD8.TPEX,PGE2-PTGES3,PTGER4,0.0387788871845503,0.01,PGE2-PTGES3_PTGER4,PGE2-PTGES3 - PTGER4,Prostaglandin,Non-protein Signaling,PMID: 34949672;PMID: 21508345
CD8.NaiveLike,CD8.TPEX,PGE2-PTGES3,PTGER4,0.032987825731099,0.01,PGE2-PTGES3_PTGER4,PGE2-PTGES3 - PTGER4,Prostaglandin,Non-protein Signaling,PMID: 34949672;PMID: 21508345
CD8.TEX,CD8.TPEX,PGE2-PTGES3,PTGER4,0.0381254164256138,0.01,PGE2-PTGES3_PTGER4,PGE2-PTGES3 - PTGER4,Prostaglandin,Non-protein Signaling,PMID: 34949672;PMID: 21508345
CD8.TPEX,CD8.TPEX,PGE2-PTGES3,PTGER4,0.0387005998047886,0.01,PGE2-PTGES3_PTGER4,PGE2-PTGES3 - PTGER4,Prostaglandin,Non-protein Signaling,PMID: 34949672;PMID: 21508345
Classical Mono-derived,CD8.TPEX,PGE2-PTGES3,PTGER4,0.0340663830043974,0.02,PGE2-PTGES3_PTGER4,PGE2-PTGES3 - PTGER4,Prostaglandin,Non-protein Signaling,PMID: 34949672;PMID: 21508345
IFN-stimulated,CD8.TPEX,PGE2-PTGES3,PTGER4,0.0293763786280468,0,PGE2-PTGES3_PTGER4,PGE2-PTGES3 - PTGER4,Prostaglandin,Non-protein Signaling,PMID: 34949672;PMID: 21508345
Inflammatory Mono-derived,CD8.TPEX,PGE2-PTGES3,PTGER4,0.026614772043333,0.02,PGE2-PTGES3_PTGER4,PGE2-PTGES3 - PTGER4,Prostaglandin,Non-protein Signaling,PMID: 34949672;PMID: 21508345
Proliferating,CD8.TPEX,PGE2-PTGES3,PTGER4,0.0438159293894398,0,PGE2-PTGES3_PTGER4,PGE2-PTGES3 - PTGER4,Prostaglandin,Non-protein Signaling,PMID: 34949672;PMID: 21508345
Resident M2,CD8.TPEX,PGE2-PTGES3,PTGER4,0.0274153055197181,0.02,PGE2-PTGES3_PTGER4,PGE2-PTGES3 - PTGER4,Prostaglandin,Non-protein Signaling,PMID: 34949672;PMID: 21508345
Stress-response,CD8.TPEX,PGE2-PTGES3,PTGER4,0.0297956432326261,0.02,PGE2-PTGES3_PTGER4,PGE2-PTGES3 - PTGER4,Prostaglandin,Non-protein Signaling,PMID: 34949672;PMID: 21508345
CD8.CM,Inflammatory Mono-derived,PGE2-PTGES3,PTGER4,0.0284189488690033,0.03,PGE2-PTGES3_PTGER4,PGE2-PTGES3 - PTGER4,Prostaglandin,Non-protein Signaling,PMID: 34949672;PMID: 21508345
CD8.EM,Inflammatory Mono-derived,PGE2-PTGES3,PTGER4,0.0298540727628976,0.03,PGE2-PTGES3_PTGER4,PGE2-PTGES3 - PTGER4,Prostaglandin,Non-protein Signaling,PMID: 34949672;PMID: 21508345
CD8.MAIT,Inflammatory Mono-derived,PGE2-PTGES3,PTGER4,0.028999551503243,0.03,PGE2-PTGES3_PTGER4,PGE2-PTGES3 - PTGER4,Prostaglandin,Non-protein Signaling,PMID: 34949672;PMID: 21508345
CD8.NaiveLike,Inflammatory Mono-derived,PGE2-PTGES3,PTGER4,0.0246314682130241,0.04,PGE2-PTGES3_PTGER4,PGE2-PTGES3 - PTGER4,Prostaglandin,Non-protein Signaling,PMID: 34949672;PMID: 21508345
CD8.TEX,Inflammatory Mono-derived,PGE2-PTGES3,PTGER4,0.0285059871600365,0.03,PGE2-PTGES3_PTGER4,PGE2-PTGES3 - PTGER4,Prostaglandin,Non-protein Signaling,PMID: 34949672;PMID: 21508345
CD8.TPEX,Inflammatory Mono-derived,PGE2-PTGES3,PTGER4,0.0289404123766873,0.03,PGE2-PTGES3_PTGER4,PGE2-PTGES3 - PTGER4,Prostaglandin,Non-protein Signaling,PMID: 34949672;PMID: 21508345
Classical Mono-derived,Inflammatory Mono-derived,PGE2-PTGES3,PTGER4,0.0254439980908208,0.04,PGE2-PTGES3_PTGER4,PGE2-PTGES3 - PTGER4,Prostaglandin,Non-protein Signaling,PMID: 34949672;PMID: 21508345
Proliferating,Inflammatory Mono-derived,PGE2-PTGES3,PTGER4,0.0328097004772858,0.03,PGE2-PTGES3_PTGER4,PGE2-PTGES3 - PTGER4,Prostaglandin,Non-protein Signaling,PMID: 34949672;PMID: 21508345
Resident M2,Inflammatory Mono-derived,PGE2-PTGES3,PTGER4,0.0204407201507563,0.04,PGE2-PTGES3_PTGER4,PGE2-PTGES3 - PTGER4,Prostaglandin,Non-protein Signaling,PMID: 34949672;PMID: 21508345
CD8.CM,Resident M2,PGE2-PTGES3,PTGER4,0.0291459549223802,0.02,PGE2-PTGES3_PTGER4,PGE2-PTGES3 - PTGER4,Prostaglandin,Non-protein Signaling,PMID: 34949672;PMID: 21508345
CD8.EM,Resident M2,PGE2-PTGES3,PTGER4,0.0306166348718065,0.02,PGE2-PTGES3_PTGER4,PGE2-PTGES3 - PTGER4,Prostaglandin,Non-protein Signaling,PMID: 34949672;PMID: 21508345
CD8.MAIT,Resident M2,PGE2-PTGES3,PTGER4,0.0297409557219842,0.01,PGE2-PTGES3_PTGER4,PGE2-PTGES3 - PTGER4,Prostaglandin,Non-protein Signaling,PMID: 34949672;PMID: 21508345
CD8.NaiveLike,Resident M2,PGE2-PTGES3,PTGER4,0.0252641033827402,0.02,PGE2-PTGES3_PTGER4,PGE2-PTGES3 - PTGER4,Prostaglandin,Non-protein Signaling,PMID: 34949672;PMID: 21508345
CD8.TEX,Resident M2,PGE2-PTGES3,PTGER4,0.0292351528052643,0.02,PGE2-PTGES3_PTGER4,PGE2-PTGES3 - PTGER4,Prostaglandin,Non-protein Signaling,PMID: 34949672;PMID: 21508345
CD8.TPEX,Resident M2,PGE2-PTGES3,PTGER4,0.029680350856649,0.02,PGE2-PTGES3_PTGER4,PGE2-PTGES3 - PTGER4,Prostaglandin,Non-protein Signaling,PMID: 34949672;PMID: 21508345
Classical Mono-derived,Resident M2,PGE2-PTGES3,PTGER4,0.0260969439241833,0.02,PGE2-PTGES3_PTGER4,PGE2-PTGES3 - PTGER4,Prostaglandin,Non-protein Signaling,PMID: 34949672;PMID: 21508345
IFN-stimulated,Resident M2,PGE2-PTGES3,PTGER4,0.0224785795216065,0.03,PGE2-PTGES3_PTGER4,PGE2-PTGES3 - PTGER4,Prostaglandin,Non-protein Signaling,PMID: 34949672;PMID: 21508345
Inflammatory Mono-derived,Resident M2,PGE2-PTGES3,PTGER4,0.0203518228707552,0.02,PGE2-PTGES3_PTGER4,PGE2-PTGES3 - PTGER4,Prostaglandin,Non-protein Signaling,PMID: 34949672;PMID: 21508345
Proliferating,Resident M2,PGE2-PTGES3,PTGER4,0.0336451399151751,0.01,PGE2-PTGES3_PTGER4,PGE2-PTGES3 - PTGER4,Prostaglandin,Non-protein Signaling,PMID: 34949672;PMID: 21508345
Resident M2,Resident M2,PGE2-PTGES3,PTGER4,0.0209680339498565,0.02,PGE2-PTGES3_PTGER4,PGE2-PTGES3 - PTGER4,Prostaglandin,Non-protein Signaling,PMID: 34949672;PMID: 21508345
Stress-response,Resident M2,PGE2-PTGES3,PTGER4,0.0228017102680402,0.03,PGE2-PTGES3_PTGER4,PGE2-PTGES3 - PTGER4,Prostaglandin,Non-protein Signaling,PMID: 34949672;PMID: 21508345
Classical Mono-derived,CD8.CM,Cholesterol-LIPA,RORA,0.00477708745047796,0,Cholesterol-Cholesterol-LIPA_RORA,CHOLESTEROL-LIPA - RORA,Cholesterol,Non-protein Signaling,HMRbase;PMID:12467577;PDB:1N83
Inflammatory Mono-derived,CD8.CM,Cholesterol-LIPA,RORA,0.00903878518296928,0,Cholesterol-Cholesterol-LIPA_RORA,CHOLESTEROL-LIPA - RORA,Cholesterol,Non-protein Signaling,HMRbase;PMID:12467577;PDB:1N83
Lipid-associated,CD8.CM,Cholesterol-LIPA,RORA,0.0165741875988788,0,Cholesterol-Cholesterol-LIPA_RORA,CHOLESTEROL-LIPA - RORA,Cholesterol,Non-protein Signaling,HMRbase;PMID:12467577;PDB:1N83
Proliferating,CD8.CM,Cholesterol-LIPA,RORA,0.0128404573321456,0,Cholesterol-Cholesterol-LIPA_RORA,CHOLESTEROL-LIPA - RORA,Cholesterol,Non-protein Signaling,HMRbase;PMID:12467577;PDB:1N83
Resident M2,CD8.CM,Cholesterol-LIPA,RORA,0.0259067995408021,0,Cholesterol-Cholesterol-LIPA_RORA,CHOLESTEROL-LIPA - RORA,Cholesterol,Non-protein Signaling,HMRbase;PMID:12467577;PDB:1N83
Stress-response,CD8.CM,Cholesterol-LIPA,RORA,0.0106805547720907,0,Cholesterol-Cholesterol-LIPA_RORA,CHOLESTEROL-LIPA - RORA,Cholesterol,Non-protein Signaling,HMRbase;PMID:12467577;PDB:1N83
Classical Mono-derived,CD8.EM,Cholesterol-LIPA,RORA,0.00150983712740542,0.03,Cholesterol-Cholesterol-LIPA_RORA,CHOLESTEROL-LIPA - RORA,Cholesterol,Non-protein Signaling,HMRbase;PMID:12467577;PDB:1N83
Inflammatory Mono-derived,CD8.EM,Cholesterol-LIPA,RORA,0.0028651725242491,0,Cholesterol-Cholesterol-LIPA_RORA,CHOLESTEROL-LIPA - RORA,Cholesterol,Non-protein Signaling,HMRbase;PMID:12467577;PDB:1N83
Lipid-associated,CD8.EM,Cholesterol-LIPA,RORA,0.00528122229212665,0,Cholesterol-Cholesterol-LIPA_RORA,CHOLESTEROL-LIPA - RORA,Cholesterol,Non-protein Signaling,HMRbase;PMID:12467577;PDB:1N83
Proliferating,CD8.EM,Cholesterol-LIPA,RORA,0.00408094433091945,0,Cholesterol-Cholesterol-LIPA_RORA,CHOLESTEROL-LIPA - RORA,Cholesterol,Non-protein Signaling,HMRbase;PMID:12467577;PDB:1N83
Resident M2,CD8.EM,Cholesterol-LIPA,RORA,0.00830870307777281,0,Cholesterol-Cholesterol-LIPA_RORA,CHOLESTEROL-LIPA - RORA,Cholesterol,Non-protein Signaling,HMRbase;PMID:12467577;PDB:1N83
Stress-response,CD8.EM,Cholesterol-LIPA,RORA,0.00338942665948642,0,Cholesterol-Cholesterol-LIPA_RORA,CHOLESTEROL-LIPA - RORA,Cholesterol,Non-protein Signaling,HMRbase;PMID:12467577;PDB:1N83
Classical Mono-derived,CD8.MAIT,Cholesterol-LIPA,RORA,0.00949790900736683,0,Cholesterol-Cholesterol-LIPA_RORA,CHOLESTEROL-LIPA - RORA,Cholesterol,Non-protein Signaling,HMRbase;PMID:12467577;PDB:1N83
Inflammatory Mono-derived,CD8.MAIT,Cholesterol-LIPA,RORA,0.0178953807887342,0,Cholesterol-Cholesterol-LIPA_RORA,CHOLESTEROL-LIPA - RORA,Cholesterol,Non-protein Signaling,HMRbase;PMID:12467577;PDB:1N83
Lipid-associated,CD8.MAIT,Cholesterol-LIPA,RORA,0.0325716122610956,0,Cholesterol-Cholesterol-LIPA_RORA,CHOLESTEROL-LIPA - RORA,Cholesterol,Non-protein Signaling,HMRbase;PMID:12467577;PDB:1N83
Proliferating,CD8.MAIT,Cholesterol-LIPA,RORA,0.0253268926534099,0,Cholesterol-Cholesterol-LIPA_RORA,CHOLESTEROL-LIPA - RORA,Cholesterol,Non-protein Signaling,HMRbase;PMID:12467577;PDB:1N83
Resident M2,CD8.MAIT,Cholesterol-LIPA,RORA,0.0504499672044971,0,Cholesterol-Cholesterol-LIPA_RORA,CHOLESTEROL-LIPA - RORA,Cholesterol,Non-protein Signaling,HMRbase;PMID:12467577;PDB:1N83
Stress-response,CD8.MAIT,Cholesterol-LIPA,RORA,0.0211115563091725,0,Cholesterol-Cholesterol-LIPA_RORA,CHOLESTEROL-LIPA - RORA,Cholesterol,Non-protein Signaling,HMRbase;PMID:12467577;PDB:1N83
Classical Mono-derived,CD8.NaiveLike,Cholesterol-LIPA,RORA,0.00170168237149754,0.03,Cholesterol-Cholesterol-LIPA_RORA,CHOLESTEROL-LIPA - RORA,Cholesterol,Non-protein Signaling,HMRbase;PMID:12467577;PDB:1N83
Inflammatory Mono-derived,CD8.NaiveLike,Cholesterol-LIPA,RORA,0.00322867461344139,0,Cholesterol-Cholesterol-LIPA_RORA,CHOLESTEROL-LIPA - RORA,Cholesterol,Non-protein Signaling,HMRbase;PMID:12467577;PDB:1N83
Lipid-associated,CD8.NaiveLike,Cholesterol-LIPA,RORA,0.005949417765651,0,Cholesterol-Cholesterol-LIPA_RORA,CHOLESTEROL-LIPA - RORA,Cholesterol,Non-protein Signaling,HMRbase;PMID:12467577;PDB:1N83
Proliferating,CD8.NaiveLike,Cholesterol-LIPA,RORA,0.00459797914407822,0,Cholesterol-Cholesterol-LIPA_RORA,CHOLESTEROL-LIPA - RORA,Cholesterol,Non-protein Signaling,HMRbase;PMID:12467577;PDB:1N83
Resident M2,CD8.NaiveLike,Cholesterol-LIPA,RORA,0.00935634121723202,0,Cholesterol-Cholesterol-LIPA_RORA,CHOLESTEROL-LIPA - RORA,Cholesterol,Non-protein Signaling,HMRbase;PMID:12467577;PDB:1N83
Stress-response,CD8.NaiveLike,Cholesterol-LIPA,RORA,0.00381918569060862,0,Cholesterol-Cholesterol-LIPA_RORA,CHOLESTEROL-LIPA - RORA,Cholesterol,Non-protein Signaling,HMRbase;PMID:12467577;PDB:1N83
Classical Mono-derived,CD8.TEMRA,Cholesterol-LIPA,RORA,0.000403640112955295,0.03,Cholesterol-Cholesterol-LIPA_RORA,CHOLESTEROL-LIPA - RORA,Cholesterol,Non-protein Signaling,HMRbase;PMID:12467577;PDB:1N83
Inflammatory Mono-derived,CD8.TEMRA,Cholesterol-LIPA,RORA,0.000766738229330582,0,Cholesterol-Cholesterol-LIPA_RORA,CHOLESTEROL-LIPA - RORA,Cholesterol,Non-protein Signaling,HMRbase;PMID:12467577;PDB:1N83
Lipid-associated,CD8.TEMRA,Cholesterol-LIPA,RORA,0.00141580083548277,0,Cholesterol-Cholesterol-LIPA_RORA,CHOLESTEROL-LIPA - RORA,Cholesterol,Non-protein Signaling,HMRbase;PMID:12467577;PDB:1N83
Proliferating,CD8.TEMRA,Cholesterol-LIPA,RORA,0.00109306251425313,0,Cholesterol-Cholesterol-LIPA_RORA,CHOLESTEROL-LIPA - RORA,Cholesterol,Non-protein Signaling,HMRbase;PMID:12467577;PDB:1N83
Resident M2,CD8.TEMRA,Cholesterol-LIPA,RORA,0.00223238699178149,0,Cholesterol-Cholesterol-LIPA_RORA,CHOLESTEROL-LIPA - RORA,Cholesterol,Non-protein Signaling,HMRbase;PMID:12467577;PDB:1N83
Stress-response,CD8.TEMRA,Cholesterol-LIPA,RORA,0.00090738134039462,0,Cholesterol-Cholesterol-LIPA_RORA,CHOLESTEROL-LIPA - RORA,Cholesterol,Non-protein Signaling,HMRbase;PMID:12467577;PDB:1N83
Classical Mono-derived,CD8.TEX,Cholesterol-LIPA,RORA,0.00172416781174694,0.03,Cholesterol-Cholesterol-LIPA_RORA,CHOLESTEROL-LIPA - RORA,Cholesterol,Non-protein Signaling,HMRbase;PMID:12467577;PDB:1N83
Inflammatory Mono-derived,CD8.TEX,Cholesterol-LIPA,RORA,0.00327127108177498,0,Cholesterol-Cholesterol-LIPA_RORA,CHOLESTEROL-LIPA - RORA,Cholesterol,Non-protein Signaling,HMRbase;PMID:12467577;PDB:1N83
Lipid-associated,CD8.TEX,Cholesterol-LIPA,RORA,0.00602769240749644,0,Cholesterol-Cholesterol-LIPA_RORA,CHOLESTEROL-LIPA - RORA,Cholesterol,Non-protein Signaling,HMRbase;PMID:12467577;PDB:1N83
Proliferating,CD8.TEX,Cholesterol-LIPA,RORA,0.00465855665471214,0,Cholesterol-Cholesterol-LIPA_RORA,CHOLESTEROL-LIPA - RORA,Cholesterol,Non-protein Signaling,HMRbase;PMID:12467577;PDB:1N83
Resident M2,CD8.TEX,Cholesterol-LIPA,RORA,0.00947901226422792,0,Cholesterol-Cholesterol-LIPA_RORA,CHOLESTEROL-LIPA - RORA,Cholesterol,Non-protein Signaling,HMRbase;PMID:12467577;PDB:1N83
Stress-response,CD8.TEX,Cholesterol-LIPA,RORA,0.00386954263060996,0,Cholesterol-Cholesterol-LIPA_RORA,CHOLESTEROL-LIPA - RORA,Cholesterol,Non-protein Signaling,HMRbase;PMID:12467577;PDB:1N83
Classical Mono-derived,CD8.TPEX,Cholesterol-LIPA,RORA,0.00412231621579771,0,Cholesterol-Cholesterol-LIPA_RORA,CHOLESTEROL-LIPA - RORA,Cholesterol,Non-protein Signaling,HMRbase;PMID:12467577;PDB:1N83
Inflammatory Mono-derived,CD8.TPEX,Cholesterol-LIPA,RORA,0.00780446527740219,0,Cholesterol-Cholesterol-LIPA_RORA,CHOLESTEROL-LIPA - RORA,Cholesterol,Non-protein Signaling,HMRbase;PMID:12467577;PDB:1N83
Lipid-associated,CD8.TPEX,Cholesterol-LIPA,RORA,0.0143257229035045,0,Cholesterol-Cholesterol-LIPA_RORA,CHOLESTEROL-LIPA - RORA,Cholesterol,Non-protein Signaling,HMRbase;PMID:12467577;PDB:1N83
Proliferating,CD8.TPEX,Cholesterol-LIPA,RORA,0.011092799406672,0,Cholesterol-Cholesterol-LIPA_RORA,CHOLESTEROL-LIPA - RORA,Cholesterol,Non-protein Signaling,HMRbase;PMID:12467577;PDB:1N83
Resident M2,CD8.TPEX,Cholesterol-LIPA,RORA,0.0224211319431663,0,Cholesterol-Cholesterol-LIPA_RORA,CHOLESTEROL-LIPA - RORA,Cholesterol,Non-protein Signaling,HMRbase;PMID:12467577;PDB:1N83
Stress-response,CD8.TPEX,Cholesterol-LIPA,RORA,0.00922412471077124,0,Cholesterol-Cholesterol-LIPA_RORA,CHOLESTEROL-LIPA - RORA,Cholesterol,Non-protein Signaling,HMRbase;PMID:12467577;PDB:1N83
Classical Mono-derived,Classical Mono-derived,DHEAS-SULT2B,PPARD,0.000811889810993136,0,DHEAsulfate-DHEAS-SULT2B_PPARD,DHEAS-SULT2B - PPARD,DHEAS,Non-protein Signaling,HMRbase
Classical Mono-derived,CD8.CM,APP,CD74,0.0181097024985314,0.01,APP_CD74,APP - CD74,APP,Cell-Cell Contact,PMID: 19849849
IFN-stimulated,CD8.CM,APP,CD74,0.0154877642126042,0,APP_CD74,APP - CD74,APP,Cell-Cell Contact,PMID: 19849849
Inflammatory Mono-derived,CD8.CM,APP,CD74,0.0193816702318541,0,APP_CD74,APP - CD74,APP,Cell-Cell Contact,PMID: 19849849
Resident M2,CD8.CM,APP,CD74,0.0167506627529208,0,APP_CD74,APP - CD74,APP,Cell-Cell Contact,PMID: 19849849
Classical Mono-derived,CD8.EM,APP,CD74,0.0245940065273917,0,APP_CD74,APP - CD74,APP,Cell-Cell Contact,PMID: 19849849
IFN-stimulated,CD8.EM,APP,CD74,0.0210533946656346,0,APP_CD74,APP - CD74,APP,Cell-Cell Contact,PMID: 19849849
Inflammatory Mono-derived,CD8.EM,APP,CD74,0.0263092079125146,0,APP_CD74,APP - CD74,APP,Cell-Cell Contact,PMID: 19849849
Resident M2,CD8.EM,APP,CD74,0.02275963262935,0,APP_CD74,APP - CD74,APP,Cell-Cell Contact,PMID: 19849849
Classical Mono-derived,CD8.MAIT,APP,CD74,0.0168531089673108,0.01,APP_CD74,APP - CD74,APP,Cell-Cell Contact,PMID: 19849849
IFN-stimulated,CD8.MAIT,APP,CD74,0.0144104313187795,0,APP_CD74,APP - CD74,APP,Cell-Cell Contact,PMID: 19849849
Inflammatory Mono-derived,CD8.MAIT,APP,CD74,0.0180384389997589,0,APP_CD74,APP - CD74,APP,Cell-Cell Contact,PMID: 19849849
Resident M2,CD8.MAIT,APP,CD74,0.0155868731183633,0,APP_CD74,APP - CD74,APP,Cell-Cell Contact,PMID: 19849849
Classical Mono-derived,CD8.NaiveLike,APP,CD74,0.0134898978797338,0.01,APP_CD74,APP - CD74,APP,Cell-Cell Contact,PMID: 19849849
IFN-stimulated,CD8.NaiveLike,APP,CD74,0.0115289653957339,0,APP_CD74,APP - CD74,APP,Cell-Cell Contact,PMID: 19849849
Inflammatory Mono-derived,CD8.NaiveLike,APP,CD74,0.0144421579010181,0,APP_CD74,APP - CD74,APP,Cell-Cell Contact,PMID: 19849849
Resident M2,CD8.NaiveLike,APP,CD74,0.0124731465340614,0,APP_CD74,APP - CD74,APP,Cell-Cell Contact,PMID: 19849849
Classical Mono-derived,CD8.TEMRA,APP,CD74,0.0251867075528886,0,APP_CD74,APP - CD74,APP,Cell-Cell Contact,PMID: 19849849
IFN-stimulated,CD8.TEMRA,APP,CD74,0.0215626552972105,0,APP_CD74,APP - CD74,APP,Cell-Cell Contact,PMID: 19849849
Inflammatory Mono-derived,CD8.TEMRA,APP,CD74,0.0269421025369842,0,APP_CD74,APP - CD74,APP,Cell-Cell Contact,PMID: 19849849
Resident M2,CD8.TEMRA,APP,CD74,0.0233091827459991,0,APP_CD74,APP - CD74,APP,Cell-Cell Contact,PMID: 19849849
Classical Mono-derived,CD8.TEX,APP,CD74,0.0223435396017952,0,APP_CD74,APP - CD74,APP,Cell-Cell Contact,PMID: 19849849
IFN-stimulated,CD8.TEX,APP,CD74,0.0191205594053652,0,APP_CD74,APP - CD74,APP,Cell-Cell Contact,PMID: 19849849
Inflammatory Mono-derived,CD8.TEX,APP,CD74,0.0239056385849726,0,APP_CD74,APP - CD74,APP,Cell-Cell Contact,PMID: 19849849
Resident M2,CD8.TEX,APP,CD74,0.0206734619018916,0,APP_CD74,APP - CD74,APP,Cell-Cell Contact,PMID: 19849849
Classical Mono-derived,CD8.TPEX,APP,CD74,0.021610403392159,0,APP_CD74,APP - CD74,APP,Cell-Cell Contact,PMID: 19849849
IFN-stimulated,CD8.TPEX,APP,CD74,0.018491175442551,0,APP_CD74,APP - CD74,APP,Cell-Cell Contact,PMID: 19849849
Inflammatory Mono-derived,CD8.TPEX,APP,CD74,0.0231224590253829,0,APP_CD74,APP - CD74,APP,Cell-Cell Contact,PMID: 19849849
Resident M2,CD8.TPEX,APP,CD74,0.0199940035976568,0,APP_CD74,APP - CD74,APP,Cell-Cell Contact,PMID: 19849849
Classical Mono-derived,Classical Mono-derived,APP,CD74,0.0428520174396201,0,APP_CD74,APP - CD74,APP,Cell-Cell Contact,PMID: 19849849
IFN-stimulated,Classical Mono-derived,APP,CD74,0.0367820568905606,0,APP_CD74,APP - CD74,APP,Cell-Cell Contact,PMID: 19849849
Inflammatory Mono-derived,Classical Mono-derived,APP,CD74,0.0457807802723543,0,APP_CD74,APP - CD74,APP,Cell-Cell Contact,PMID: 19849849
Resident M2,Classical Mono-derived,APP,CD74,0.039711289805116,0,APP_CD74,APP - CD74,APP,Cell-Cell Contact,PMID: 19849849
Classical Mono-derived,IFN-stimulated,APP,CD74,0.0426822283523048,0,APP_CD74,APP - CD74,APP,Cell-Cell Contact,PMID: 19849849
IFN-stimulated,IFN-stimulated,APP,CD74,0.0366353977701483,0,APP_CD74,APP - CD74,APP,Cell-Cell Contact,PMID: 19849849
Inflammatory Mono-derived,IFN-stimulated,APP,CD74,0.0455999396353653,0,APP_CD74,APP - CD74,APP,Cell-Cell Contact,PMID: 19849849
Resident M2,IFN-stimulated,APP,CD74,0.0395534307197504,0,APP_CD74,APP - CD74,APP,Cell-Cell Contact,PMID: 19849849
Classical Mono-derived,Inflammatory Mono-derived,APP,CD74,0.041069069944814,0,APP_CD74,APP - CD74,APP,Cell-Cell Contact,PMID: 19849849
IFN-stimulated,Inflammatory Mono-derived,APP,CD74,0.0352423636941364,0,APP_CD74,APP - CD74,APP,Cell-Cell Contact,PMID: 19849849
Inflammatory Mono-derived,Inflammatory Mono-derived,APP,CD74,0.0438815621847297,0,APP_CD74,APP - CD74,APP,Cell-Cell Contact,PMID: 19849849
Resident M2,Inflammatory Mono-derived,APP,CD74,0.0380538234558192,0,APP_CD74,APP - CD74,APP,Cell-Cell Contact,PMID: 19849849
Classical Mono-derived,Lipid-associated,APP,CD74,0.0397160350183703,0,APP_CD74,APP - CD74,APP,Cell-Cell Contact,PMID: 19849849
IFN-stimulated,Lipid-associated,APP,CD74,0.0340744704777519,0,APP_CD74,APP - CD74,APP,Cell-Cell Contact,PMID: 19849849
Inflammatory Mono-derived,Lipid-associated,APP,CD74,0.0424399695577563,0,APP_CD74,APP - CD74,APP,Cell-Cell Contact,PMID: 19849849
Resident M2,Lipid-associated,APP,CD74,0.0367963150496005,0,APP_CD74,APP - CD74,APP,Cell-Cell Contact,PMID: 19849849
Classical Mono-derived,Proliferating,APP,CD74,0.0377670412870133,0,APP_CD74,APP - CD74,APP,Cell-Cell Contact,PMID: 19849849
IFN-stimulated,Proliferating,APP,CD74,0.0323929875912905,0,APP_CD74,APP - CD74,APP,Cell-Cell Contact,PMID: 19849849
Inflammatory Mono-derived,Proliferating,APP,CD74,0.0403629221356438,0,APP_CD74,APP - CD74,APP,Cell-Cell Contact,PMID: 19849849
Resident M2,Proliferating,APP,CD74,0.0349853813528321,0,APP_CD74,APP - CD74,APP,Cell-Cell Contact,PMID: 19849849
Classical Mono-derived,Resident M2,APP,CD74,0.0446409309735766,0,APP_CD74,APP - CD74,APP,Cell-Cell Contact,PMID: 19849849
IFN-stimulated,Resident M2,APP,CD74,0.038327718983668,0,APP_CD74,APP - CD74,APP,Cell-Cell Contact,PMID: 19849849
Inflammatory Mono-derived,Resident M2,APP,CD74,0.04768586750209,0,APP_CD74,APP - CD74,APP,Cell-Cell Contact,PMID: 19849849
Resident M2,Resident M2,APP,CD74,0.0413747572269444,0,APP_CD74,APP - CD74,APP,Cell-Cell Contact,PMID: 19849849
Classical Mono-derived,Stress-response,APP,CD74,0.0404691223049349,0,APP_CD74,APP - CD74,APP,Cell-Cell Contact,PMID: 19849849
IFN-stimulated,Stress-response,APP,CD74,0.0347244518295455,0,APP_CD74,APP - CD74,APP,Cell-Cell Contact,PMID: 19849849
Inflammatory Mono-derived,Stress-response,APP,CD74,0.0432423816575974,0,APP_CD74,APP - CD74,APP,Cell-Cell Contact,PMID: 19849849
Resident M2,Stress-response,APP,CD74,0.0374962009704061,0,APP_CD74,APP - CD74,APP,Cell-Cell Contact,PMID: 19849849
CD8.CM,Classical Mono-derived,PTPRC,MRC1,0.0543711139929575,0,PTPRC_MRC1,PTPRC - MRC1,CD45,Cell-Cell Contact,PMID: 27601670; PMID: 10575006
CD8.EM,Classical Mono-derived,PTPRC,MRC1,0.0551325250288196,0,PTPRC_MRC1,PTPRC - MRC1,CD45,Cell-Cell Contact,PMID: 27601670; PMID: 10575006
CD8.MAIT,Classical Mono-derived,PTPRC,MRC1,0.04981958424884,0,PTPRC_MRC1,PTPRC - MRC1,CD45,Cell-Cell Contact,PMID: 27601670; PMID: 10575006
CD8.NaiveLike,Classical Mono-derived,PTPRC,MRC1,0.0504572452843823,0,PTPRC_MRC1,PTPRC - MRC1,CD45,Cell-Cell Contact,PMID: 27601670; PMID: 10575006
CD8.TEMRA,Classical Mono-derived,PTPRC,MRC1,0.0535114937765293,0,PTPRC_MRC1,PTPRC - MRC1,CD45,Cell-Cell Contact,PMID: 27601670; PMID: 10575006
CD8.TEX,Classical Mono-derived,PTPRC,MRC1,0.0561608247877313,0,PTPRC_MRC1,PTPRC - MRC1,CD45,Cell-Cell Contact,PMID: 27601670; PMID: 10575006
CD8.TPEX,Classical Mono-derived,PTPRC,MRC1,0.0549048692436519,0,PTPRC_MRC1,PTPRC - MRC1,CD45,Cell-Cell Contact,PMID: 27601670; PMID: 10575006
Classical Mono-derived,Classical Mono-derived,PTPRC,MRC1,0.0458453443123265,0,PTPRC_MRC1,PTPRC - MRC1,CD45,Cell-Cell Contact,PMID: 27601670; PMID: 10575006
IFN-stimulated,Classical Mono-derived,PTPRC,MRC1,0.0367163721858814,0,PTPRC_MRC1,PTPRC - MRC1,CD45,Cell-Cell Contact,PMID: 27601670; PMID: 10575006
Inflammatory Mono-derived,Classical Mono-derived,PTPRC,MRC1,0.0281463774320216,0,PTPRC_MRC1,PTPRC - MRC1,CD45,Cell-Cell Contact,PMID: 27601670; PMID: 10575006
Lipid-associated,Classical Mono-derived,PTPRC,MRC1,0.0275367435918122,0,PTPRC_MRC1,PTPRC - MRC1,CD45,Cell-Cell Contact,PMID: 27601670; PMID: 10575006
Proliferating,Classical Mono-derived,PTPRC,MRC1,0.0285482569288208,0,PTPRC_MRC1,PTPRC - MRC1,CD45,Cell-Cell Contact,PMID: 27601670; PMID: 10575006
Resident M2,Classical Mono-derived,PTPRC,MRC1,0.036079660218979,0,PTPRC_MRC1,PTPRC - MRC1,CD45,Cell-Cell Contact,PMID: 27601670; PMID: 10575006
Stress-response,Classical Mono-derived,PTPRC,MRC1,0.0272364365492261,0,PTPRC_MRC1,PTPRC - MRC1,CD45,Cell-Cell Contact,PMID: 27601670; PMID: 10575006
CD8.CM,IFN-stimulated,PTPRC,MRC1,0.0395895666848846,0,PTPRC_MRC1,PTPRC - MRC1,CD45,Cell-Cell Contact,PMID: 27601670; PMID: 10575006
CD8.EM,IFN-stimulated,PTPRC,MRC1,0.0401527670166443,0,PTPRC_MRC1,PTPRC - MRC1,CD45,Cell-Cell Contact,PMID: 27601670; PMID: 10575006
CD8.MAIT,IFN-stimulated,PTPRC,MRC1,0.036228027952809,0,PTPRC_MRC1,PTPRC - MRC1,CD45,Cell-Cell Contact,PMID: 27601670; PMID: 10575006
CD8.NaiveLike,IFN-stimulated,PTPRC,MRC1,0.0366984440914404,0,PTPRC_MRC1,PTPRC - MRC1,CD45,Cell-Cell Contact,PMID: 27601670; PMID: 10575006
CD8.TEMRA,IFN-stimulated,PTPRC,MRC1,0.0389540192648571,0,PTPRC_MRC1,PTPRC - MRC1,CD45,Cell-Cell Contact,PMID: 27601670; PMID: 10575006
CD8.TEX,IFN-stimulated,PTPRC,MRC1,0.0409137710970554,0,PTPRC_MRC1,PTPRC - MRC1,CD45,Cell-Cell Contact,PMID: 27601670; PMID: 10575006
CD8.TPEX,IFN-stimulated,PTPRC,MRC1,0.0399843487961157,0,PTPRC_MRC1,PTPRC - MRC1,CD45,Cell-Cell Contact,PMID: 27601670; PMID: 10575006
Classical Mono-derived,IFN-stimulated,PTPRC,MRC1,0.0333000243125006,0,PTPRC_MRC1,PTPRC - MRC1,CD45,Cell-Cell Contact,PMID: 27601670; PMID: 10575006
IFN-stimulated,IFN-stimulated,PTPRC,MRC1,0.026599503238618,0,PTPRC_MRC1,PTPRC - MRC1,CD45,Cell-Cell Contact,PMID: 27601670; PMID: 10575006
Inflammatory Mono-derived,IFN-stimulated,PTPRC,MRC1,0.0203410302826777,0,PTPRC_MRC1,PTPRC - MRC1,CD45,Cell-Cell Contact,PMID: 27601670; PMID: 10575006
Lipid-associated,IFN-stimulated,PTPRC,MRC1,0.0198969944422905,0,PTPRC_MRC1,PTPRC - MRC1,CD45,Cell-Cell Contact,PMID: 27601670; PMID: 10575006
Proliferating,IFN-stimulated,PTPRC,MRC1,0.0206338296645641,0,PTPRC_MRC1,PTPRC - MRC1,CD45,Cell-Cell Contact,PMID: 27601670; PMID: 10575006
Resident M2,IFN-stimulated,PTPRC,MRC1,0.0261334719562106,0,PTPRC_MRC1,PTPRC - MRC1,CD45,Cell-Cell Contact,PMID: 27601670; PMID: 10575006
Stress-response,IFN-stimulated,PTPRC,MRC1,0.0196783181366902,0,PTPRC_MRC1,PTPRC - MRC1,CD45,Cell-Cell Contact,PMID: 27601670; PMID: 10575006
CD8.CM,Inflammatory Mono-derived,PTPRC,MRC1,0.0462387403456436,0,PTPRC_MRC1,PTPRC - MRC1,CD45,Cell-Cell Contact,PMID: 27601670; PMID: 10575006
CD8.EM,Inflammatory Mono-derived,PTPRC,MRC1,0.0468919132868776,0,PTPRC_MRC1,PTPRC - MRC1,CD45,Cell-Cell Contact,PMID: 27601670; PMID: 10575006
CD8.MAIT,Inflammatory Mono-derived,PTPRC,MRC1,0.0423375103888581,0,PTPRC_MRC1,PTPRC - MRC1,CD45,Cell-Cell Contact,PMID: 27601670; PMID: 10575006
CD8.NaiveLike,Inflammatory Mono-derived,PTPRC,MRC1,0.0428837274648288,0,PTPRC_MRC1,PTPRC - MRC1,CD45,Cell-Cell Contact,PMID: 27601670; PMID: 10575006
CD8.TEMRA,Inflammatory Mono-derived,PTPRC,MRC1,0.0455015081622028,0,PTPRC_MRC1,PTPRC - MRC1,CD45,Cell-Cell Contact,PMID: 27601670; PMID: 10575006
CD8.TEX,Inflammatory Mono-derived,PTPRC,MRC1,0.0477742852698291,0,PTPRC_MRC1,PTPRC - MRC1,CD45,Cell-Cell Contact,PMID: 27601670; PMID: 10575006
CD8.TPEX,Inflammatory Mono-derived,PTPRC,MRC1,0.0466966033337694,0,PTPRC_MRC1,PTPRC - MRC1,CD45,Cell-Cell Contact,PMID: 27601670; PMID: 10575006
Classical Mono-derived,Inflammatory Mono-derived,PTPRC,MRC1,0.0389356774495693,0,PTPRC_MRC1,PTPRC - MRC1,CD45,Cell-Cell Contact,PMID: 27601670; PMID: 10575006
IFN-stimulated,Inflammatory Mono-derived,PTPRC,MRC1,0.0311376949142286,0,PTPRC_MRC1,PTPRC - MRC1,CD45,Cell-Cell Contact,PMID: 27601670; PMID: 10575006
Inflammatory Mono-derived,Inflammatory Mono-derived,PTPRC,MRC1,0.023837600635723,0,PTPRC_MRC1,PTPRC - MRC1,CD45,Cell-Cell Contact,PMID: 27601670; PMID: 10575006
Lipid-associated,Inflammatory Mono-derived,PTPRC,MRC1,0.0233190530537946,0,PTPRC_MRC1,PTPRC - MRC1,CD45,Cell-Cell Contact,PMID: 27601670; PMID: 10575006
Proliferating,Inflammatory Mono-derived,PTPRC,MRC1,0.0241794892143486,0,PTPRC_MRC1,PTPRC - MRC1,CD45,Cell-Cell Contact,PMID: 27601670; PMID: 10575006
Resident M2,Inflammatory Mono-derived,PTPRC,MRC1,0.0305946522207243,0,PTPRC_MRC1,PTPRC - MRC1,CD45,Cell-Cell Contact,PMID: 27601670; PMID: 10575006
Stress-response,Inflammatory Mono-derived,PTPRC,MRC1,0.0230636519203509,0,PTPRC_MRC1,PTPRC - MRC1,CD45,Cell-Cell Contact,PMID: 27601670; PMID: 10575006
CD8.CM,Lipid-associated,PTPRC,MRC1,0.0265496973474633,0,PTPRC_MRC1,PTPRC - MRC1,CD45,Cell-Cell Contact,PMID: 27601670; PMID: 10575006
CD8.EM,Lipid-associated,PTPRC,MRC1,0.0269325948523399,0,PTPRC_MRC1,PTPRC - MRC1,CD45,Cell-Cell Contact,PMID: 27601670; PMID: 10575006
CD8.MAIT,Lipid-associated,PTPRC,MRC1,0.0242673934491808,0,PTPRC_MRC1,PTPRC - MRC1,CD45,Cell-Cell Contact,PMID: 27601670; PMID: 10575006
CD8.NaiveLike,Lipid-associated,PTPRC,MRC1,0.0245864643262942,0,PTPRC_MRC1,PTPRC - MRC1,CD45,Cell-Cell Contact,PMID: 27601670; PMID: 10575006
CD8.TEMRA,Lipid-associated,PTPRC,MRC1,0.0261177915321063,0,PTPRC_MRC1,PTPRC - MRC1,CD45,Cell-Cell Contact,PMID: 27601670; PMID: 10575006
CD8.TEX,Lipid-associated,PTPRC,MRC1,0.0274502063270541,0,PTPRC_MRC1,PTPRC - MRC1,CD45,Cell-Cell Contact,PMID: 27601670; PMID: 10575006
CD8.TPEX,Lipid-associated,PTPRC,MRC1,0.0268180784982547,0,PTPRC_MRC1,PTPRC - MRC1,CD45,Cell-Cell Contact,PMID: 27601670; PMID: 10575006
Classical Mono-derived,Lipid-associated,PTPRC,MRC1,0.0222837153857271,0,PTPRC_MRC1,PTPRC - MRC1,CD45,Cell-Cell Contact,PMID: 27601670; PMID: 10575006
IFN-stimulated,Lipid-associated,PTPRC,MRC1,0.017759137551801,0,PTPRC_MRC1,PTPRC - MRC1,CD45,Cell-Cell Contact,PMID: 27601670; PMID: 10575006
Inflammatory Mono-derived,Lipid-associated,PTPRC,MRC1,0.0135517150254739,0,PTPRC_MRC1,PTPRC - MRC1,CD45,Cell-Cell Contact,PMID: 27601670; PMID: 10575006
Lipid-associated,Lipid-associated,PTPRC,MRC1,0.0132538818682743,0,PTPRC_MRC1,PTPRC - MRC1,CD45,Cell-Cell Contact,PMID: 27601670; PMID: 10575006
Proliferating,Lipid-associated,PTPRC,MRC1,0.0137481569585315,0,PTPRC_MRC1,PTPRC - MRC1,CD45,Cell-Cell Contact,PMID: 27601670; PMID: 10575006
Resident M2,Lipid-associated,PTPRC,MRC1,0.0174452162765994,0,PTPRC_MRC1,PTPRC - MRC1,CD45,Cell-Cell Contact,PMID: 27601670; PMID: 10575006
Stress-response,Lipid-associated,PTPRC,MRC1,0.0131072397586383,0,PTPRC_MRC1,PTPRC - MRC1,CD45,Cell-Cell Contact,PMID: 27601670; PMID: 10575006
CD8.CM,Resident M2,PTPRC,MRC1,0.1078868331618,0,PTPRC_MRC1,PTPRC - MRC1,CD45,Cell-Cell Contact,PMID: 27601670; PMID: 10575006
CD8.EM,Resident M2,PTPRC,MRC1,0.109311044859791,0,PTPRC_MRC1,PTPRC - MRC1,CD45,Cell-Cell Contact,PMID: 27601670; PMID: 10575006
CD8.MAIT,Resident M2,PTPRC,MRC1,0.0993259379672638,0,PTPRC_MRC1,PTPRC - MRC1,CD45,Cell-Cell Contact,PMID: 27601670; PMID: 10575006
CD8.NaiveLike,Resident M2,PTPRC,MRC1,0.100530209757886,0,PTPRC_MRC1,PTPRC - MRC1,CD45,Cell-Cell Contact,PMID: 27601670; PMID: 10575006
CD8.TEMRA,Resident M2,PTPRC,MRC1,0.106276206772973,0,PTPRC_MRC1,PTPRC - MRC1,CD45,Cell-Cell Contact,PMID: 27601670; PMID: 10575006
CD8.TEX,Resident M2,PTPRC,MRC1,0.111230892867421,0,PTPRC_MRC1,PTPRC - MRC1,CD45,Cell-Cell Contact,PMID: 27601670; PMID: 10575006
CD8.TPEX,Resident M2,PTPRC,MRC1,0.108885453442831,0,PTPRC_MRC1,PTPRC - MRC1,CD45,Cell-Cell Contact,PMID: 27601670; PMID: 10575006
Classical Mono-derived,Resident M2,PTPRC,MRC1,0.0917839285880434,0,PTPRC_MRC1,PTPRC - MRC1,CD45,Cell-Cell Contact,PMID: 27601670; PMID: 10575006
IFN-stimulated,Resident M2,PTPRC,MRC1,0.0742189595589568,0,PTPRC_MRC1,PTPRC - MRC1,CD45,Cell-Cell Contact,PMID: 27601670; PMID: 10575006
Inflammatory Mono-derived,Resident M2,PTPRC,MRC1,0.0574172180517495,0,PTPRC_MRC1,PTPRC - MRC1,CD45,Cell-Cell Contact,PMID: 27601670; PMID: 10575006
Lipid-associated,Resident M2,PTPRC,MRC1,0.0562102639507337,0,PTPRC_MRC1,PTPRC - MRC1,CD45,Cell-Cell Contact,PMID: 27601670; PMID: 10575006
Proliferating,Resident M2,PTPRC,MRC1,0.0582119989308747,0,PTPRC_MRC1,PTPRC - MRC1,CD45,Cell-Cell Contact,PMID: 27601670; PMID: 10575006
Resident M2,Resident M2,PTPRC,MRC1,0.072981173689791,0,PTPRC_MRC1,PTPRC - MRC1,CD45,Cell-Cell Contact,PMID: 27601670; PMID: 10575006
Stress-response,Resident M2,PTPRC,MRC1,0.0556151360875294,0,PTPRC_MRC1,PTPRC - MRC1,CD45,Cell-Cell Contact,PMID: 27601670; PMID: 10575006
CD8.CM,Stress-response,PTPRC,MRC1,0.104829303475494,0,PTPRC_MRC1,PTPRC - MRC1,CD45,Cell-Cell Contact,PMID: 27601670; PMID: 10575006
CD8.EM,Stress-response,PTPRC,MRC1,0.106217958471042,0,PTPRC_MRC1,PTPRC - MRC1,CD45,Cell-Cell Contact,PMID: 27601670; PMID: 10575006
CD8.MAIT,Stress-response,PTPRC,MRC1,0.0964847855996637,0,PTPRC_MRC1,PTPRC - MRC1,CD45,Cell-Cell Contact,PMID: 27601670; PMID: 10575006
CD8.NaiveLike,Stress-response,PTPRC,MRC1,0.0976583450611674,0,PTPRC_MRC1,PTPRC - MRC1,CD45,Cell-Cell Contact,PMID: 27601670; PMID: 10575006
CD8.TEMRA,Stress-response,PTPRC,MRC1,0.103259039190987,0,PTPRC_MRC1,PTPRC - MRC1,CD45,Cell-Cell Contact,PMID: 27601670; PMID: 10575006
CD8.TEX,Stress-response,PTPRC,MRC1,0.108090074657258,0,PTPRC_MRC1,PTPRC - MRC1,CD45,Cell-Cell Contact,PMID: 27601670; PMID: 10575006
CD8.TPEX,Stress-response,PTPRC,MRC1,0.105802979154907,0,PTPRC_MRC1,PTPRC - MRC1,CD45,Cell-Cell Contact,PMID: 27601670; PMID: 10575006
Classical Mono-derived,Stress-response,PTPRC,MRC1,0.089137159782026,0,PTPRC_MRC1,PTPRC - MRC1,CD45,Cell-Cell Contact,PMID: 27601670; PMID: 10575006
IFN-stimulated,Stress-response,PTPRC,MRC1,0.0720385344024037,0,PTPRC_MRC1,PTPRC - MRC1,CD45,Cell-Cell Contact,PMID: 27601670; PMID: 10575006
Inflammatory Mono-derived,Stress-response,PTPRC,MRC1,0.0557007007159455,0,PTPRC_MRC1,PTPRC - MRC1,CD45,Cell-Cell Contact,PMID: 27601670; PMID: 10575006
Lipid-associated,Stress-response,PTPRC,MRC1,0.0545277417822708,0,PTPRC_MRC1,PTPRC - MRC1,CD45,Cell-Cell Contact,PMID: 27601670; PMID: 10575006
Proliferating,Stress-response,PTPRC,MRC1,0.0564731447714271,0,PTPRC_MRC1,PTPRC - MRC1,CD45,Cell-Cell Contact,PMID: 27601670; PMID: 10575006
Resident M2,Stress-response,PTPRC,MRC1,0.0708343302276774,0,PTPRC_MRC1,PTPRC - MRC1,CD45,Cell-Cell Contact,PMID: 27601670; PMID: 10575006
Stress-response,Stress-response,PTPRC,MRC1,0.053949409393958,0,PTPRC_MRC1,PTPRC - MRC1,CD45,Cell-Cell Contact,PMID: 27601670; PMID: 10575006
CD8.CM,CD8.TEMRA,CD48,CD244,0.0135541637154386,0,CD48_CD244A,CD48 - CD244A,CD48,Cell-Cell Contact,PMID: 26697006
CD8.EM,CD8.TEMRA,CD48,CD244,0.0139687469402701,0,CD48_CD244A,CD48 - CD244A,CD48,Cell-Cell Contact,PMID: 26697006
CD8.MAIT,CD8.TEMRA,CD48,CD244,0.0139338148102804,0,CD48_CD244A,CD48 - CD244A,CD48,Cell-Cell Contact,PMID: 26697006
CD8.NaiveLike,CD8.TEMRA,CD48,CD244,0.0132886553987637,0,CD48_CD244A,CD48 - CD244A,CD48,Cell-Cell Contact,PMID: 26697006
CD8.TEMRA,CD8.TEMRA,CD48,CD244,0.0149040595965436,0,CD48_CD244A,CD48 - CD244A,CD48,Cell-Cell Contact,PMID: 26697006
CD8.TEX,CD8.TEMRA,CD48,CD244,0.0118536969776982,0,CD48_CD244A,CD48 - CD244A,CD48,Cell-Cell Contact,PMID: 26697006
CD8.TPEX,CD8.TEMRA,CD48,CD244,0.0108900407046634,0,CD48_CD244A,CD48 - CD244A,CD48,Cell-Cell Contact,PMID: 26697006
Classical Mono-derived,CD8.TEMRA,CD48,CD244,0.0100342245211867,0,CD48_CD244A,CD48 - CD244A,CD48,Cell-Cell Contact,PMID: 26697006
IFN-stimulated,CD8.TEMRA,CD48,CD244,0.00867162761983538,0,CD48_CD244A,CD48 - CD244A,CD48,Cell-Cell Contact,PMID: 26697006
Inflammatory Mono-derived,CD8.TEMRA,CD48,CD244,0.0073416724793683,0,CD48_CD244A,CD48 - CD244A,CD48,Cell-Cell Contact,PMID: 26697006
Resident M2,CD8.TEMRA,CD48,CD244,0.00253156849681361,0.01,CD48_CD244A,CD48 - CD244A,CD48,Cell-Cell Contact,PMID: 26697006
Stress-response,CD8.TEMRA,CD48,CD244,0.00228000879401459,0.01,CD48_CD244A,CD48 - CD244A,CD48,Cell-Cell Contact,PMID: 26697006
CD8.CM,IFN-stimulated,CD6,ALCAM,0.0030454043549589,0,CD6_ALCAM,CD6 - ALCAM,CD6,Cell-Cell Contact,PMID: 23602662
CD8.EM,IFN-stimulated,CD6,ALCAM,0.00319476638694283,0,CD6_ALCAM,CD6 - ALCAM,CD6,Cell-Cell Contact,PMID: 23602662
CD8.MAIT,IFN-stimulated,CD6,ALCAM,0.0078537978667774,0,CD6_ALCAM,CD6 - ALCAM,CD6,Cell-Cell Contact,PMID: 23602662
CD8.NaiveLike,IFN-stimulated,CD6,ALCAM,0.00729025183144713,0,CD6_ALCAM,CD6 - ALCAM,CD6,Cell-Cell Contact,PMID: 23602662
CD8.TEMRA,IFN-stimulated,CD6,ALCAM,0.00256600007113036,0,CD6_ALCAM,CD6 - ALCAM,CD6,Cell-Cell Contact,PMID: 23602662
CD8.TEX,IFN-stimulated,CD6,ALCAM,0.00807252766544743,0,CD6_ALCAM,CD6 - ALCAM,CD6,Cell-Cell Contact,PMID: 23602662
CD8.TPEX,IFN-stimulated,CD6,ALCAM,0.00752077123714253,0,CD6_ALCAM,CD6 - ALCAM,CD6,Cell-Cell Contact,PMID: 23602662
CD8.CM,Inflammatory Mono-derived,CD6,ALCAM,0.00325173113185543,0,CD6_ALCAM,CD6 - ALCAM,CD6,Cell-Cell Contact,PMID: 23602662
CD8.EM,Inflammatory Mono-derived,CD6,ALCAM,0.00341117784828906,0,CD6_ALCAM,CD6 - ALCAM,CD6,Cell-Cell Contact,PMID: 23602662
CD8.MAIT,Inflammatory Mono-derived,CD6,ALCAM,0.00838315498185702,0,CD6_ALCAM,CD6 - ALCAM,CD6,Cell-Cell Contact,PMID: 23602662
CD8.NaiveLike,Inflammatory Mono-derived,CD6,ALCAM,0.00778192307136425,0,CD6_ALCAM,CD6 - ALCAM,CD6,Cell-Cell Contact,PMID: 23602662
CD8.TEMRA,Inflammatory Mono-derived,CD6,ALCAM,0.00273993637259861,0,CD6_ALCAM,CD6 - ALCAM,CD6,Cell-Cell Contact,PMID: 23602662
CD8.TEX,Inflammatory Mono-derived,CD6,ALCAM,0.00861649944315303,0,CD6_ALCAM,CD6 - ALCAM,CD6,Cell-Cell Contact,PMID: 23602662
CD8.TPEX,Inflammatory Mono-derived,CD6,ALCAM,0.00802786350867057,0,CD6_ALCAM,CD6 - ALCAM,CD6,Cell-Cell Contact,PMID: 23602662
CD8.CM,Proliferating,CD6,ALCAM,0.00306135227061423,0,CD6_ALCAM,CD6 - ALCAM,CD6,Cell-Cell Contact,PMID: 23602662
CD8.EM,Proliferating,CD6,ALCAM,0.00321149394944399,0,CD6_ALCAM,CD6 - ALCAM,CD6,Cell-Cell Contact,PMID: 23602662
CD8.MAIT,Proliferating,CD6,ALCAM,0.00789472657247637,0,CD6_ALCAM,CD6 - ALCAM,CD6,Cell-Cell Contact,PMID: 23602662
CD8.NaiveLike,Proliferating,CD6,ALCAM,0.0073282654068847,0,CD6_ALCAM,CD6 - ALCAM,CD6,Cell-Cell Contact,PMID: 23602662
CD8.TEMRA,Proliferating,CD6,ALCAM,0.00257944397851106,0,CD6_ALCAM,CD6 - ALCAM,CD6,Cell-Cell Contact,PMID: 23602662
CD8.TEX,Proliferating,CD6,ALCAM,0.00811458692075014,0,CD6_ALCAM,CD6 - ALCAM,CD6,Cell-Cell Contact,PMID: 23602662
CD8.TPEX,Proliferating,CD6,ALCAM,0.00755997765659115,0,CD6_ALCAM,CD6 - ALCAM,CD6,Cell-Cell Contact,PMID: 23602662
CD8.CM,Resident M2,CD6,ALCAM,0.00102440808696692,0,CD6_ALCAM,CD6 - ALCAM,CD6,Cell-Cell Contact,PMID: 23602662
CD8.EM,Resident M2,CD6,ALCAM,0.00107475709580121,0,CD6_ALCAM,CD6 - ALCAM,CD6,Cell-Cell Contact,PMID: 23602662
CD8.MAIT,Resident M2,CD6,ALCAM,0.00265033047131725,0,CD6_ALCAM,CD6 - ALCAM,CD6,Cell-Cell Contact,PMID: 23602662
CD8.NaiveLike,Resident M2,CD6,ALCAM,0.00245923162016331,0,CD6_ALCAM,CD6 - ALCAM,CD6,Cell-Cell Contact,PMID: 23602662
CD8.TEMRA,Resident M2,CD6,ALCAM,0.000862871510629817,0,CD6_ALCAM,CD6 - ALCAM,CD6,Cell-Cell Contact,PMID: 23602662
CD8.TEX,Resident M2,CD6,ALCAM,0.00272454064993508,0,CD6_ALCAM,CD6 - ALCAM,CD6,Cell-Cell Contact,PMID: 23602662
CD8.TPEX,Resident M2,CD6,ALCAM,0.00253738353014998,0,CD6_ALCAM,CD6 - ALCAM,CD6,Cell-Cell Contact,PMID: 23602662
CD8.CM,Stress-response,CD6,ALCAM,0.00274830680720145,0,CD6_ALCAM,CD6 - ALCAM,CD6,Cell-Cell Contact,PMID: 23602662
CD8.EM,Stress-response,CD6,ALCAM,0.00288313981188498,0,CD6_ALCAM,CD6 - ALCAM,CD6,Cell-Cell Contact,PMID: 23602662
CD8.MAIT,Stress-response,CD6,ALCAM,0.00709094899268638,0,CD6_ALCAM,CD6 - ALCAM,CD6,Cell-Cell Contact,PMID: 23602662
CD8.NaiveLike,Stress-response,CD6,ALCAM,0.0065817777398779,0,CD6_ALCAM,CD6 - ALCAM,CD6,Cell-Cell Contact,PMID: 23602662
CD8.TEMRA,Stress-response,CD6,ALCAM,0.00231556267351216,0,CD6_ALCAM,CD6 - ALCAM,CD6,Cell-Cell Contact,PMID: 23602662
CD8.TEX,Stress-response,CD6,ALCAM,0.00728858937722318,0,CD6_ALCAM,CD6 - ALCAM,CD6,Cell-Cell Contact,PMID: 23602662
CD8.TPEX,Stress-response,CD6,ALCAM,0.00679004826363557,0,CD6_ALCAM,CD6 - ALCAM,CD6,Cell-Cell Contact,PMID: 23602662
IFN-stimulated,CD8.MAIT,CD80,CD28,0.000474344512565363,0,CD80_CD28,CD80 - CD28,CD80,Cell-Cell Contact,PMID: 23954143
IFN-stimulated,CD8.NaiveLike,CD80,CD28,0.000406105835779474,0,CD80_CD28,CD80 - CD28,CD80,Cell-Cell Contact,PMID: 23954143
IFN-stimulated,CD8.TEX,CD80,CTLA4,0.0014741482554041,0,CD80_CTLA4,CD80 - CTLA4,CD80,Cell-Cell Contact,PMID: 23954143
IFN-stimulated,CD8.TPEX,CD80,CTLA4,0.00146637187998624,0,CD80_CTLA4,CD80 - CTLA4,CD80,Cell-Cell Contact,PMID: 23954143
Classical Mono-derived,CD8.MAIT,CD86,CD28,0.0137867048831245,0,CD86_CD28,CD86 - CD28,CD86,Cell-Cell Contact,PMID: 23954143
IFN-stimulated,CD8.MAIT,CD86,CD28,0.00723179460215433,0,CD86_CD28,CD86 - CD28,CD86,Cell-Cell Contact,PMID: 23954143
Inflammatory Mono-derived,CD8.MAIT,CD86,CD28,0.00876813218121846,0,CD86_CD28,CD86 - CD28,CD86,Cell-Cell Contact,PMID: 23954143
Lipid-associated,CD8.MAIT,CD86,CD28,0.00046953368067001,0,CD86_CD28,CD86 - CD28,CD86,Cell-Cell Contact,PMID: 23954143
Resident M2,CD8.MAIT,CD86,CD28,0.0105205881419531,0,CD86_CD28,CD86 - CD28,CD86,Cell-Cell Contact,PMID: 23954143
Stress-response,CD8.MAIT,CD86,CD28,0.00356084388703607,0,CD86_CD28,CD86 - CD28,CD86,Cell-Cell Contact,PMID: 23954143
Classical Mono-derived,CD8.NaiveLike,CD86,CD28,0.0118260235543255,0,CD86_CD28,CD86 - CD28,CD86,Cell-Cell Contact,PMID: 23954143
IFN-stimulated,CD8.NaiveLike,CD86,CD28,0.00619746416521019,0,CD86_CD28,CD86 - CD28,CD86,Cell-Cell Contact,PMID: 23954143
Inflammatory Mono-derived,CD8.NaiveLike,CD86,CD28,0.00751572992317388,0,CD86_CD28,CD86 - CD28,CD86,Cell-Cell Contact,PMID: 23954143
Lipid-associated,CD8.NaiveLike,CD86,CD28,0.000401986806498673,0,CD86_CD28,CD86 - CD28,CD86,Cell-Cell Contact,PMID: 23954143
Resident M2,CD8.NaiveLike,CD86,CD28,0.00902015045366651,0,CD86_CD28,CD86 - CD28,CD86,Cell-Cell Contact,PMID: 23954143
Stress-response,CD8.NaiveLike,CD86,CD28,0.003049939703073,0,CD86_CD28,CD86 - CD28,CD86,Cell-Cell Contact,PMID: 23954143
Classical Mono-derived,CD8.TEX,CD86,CTLA4,0.0416758046941185,0,CD86_CTLA4,CD86 - CTLA4,CD86,Cell-Cell Contact,PMID: 23954143
IFN-stimulated,CD8.TEX,CD86,CTLA4,0.0221589113406311,0,CD86_CTLA4,CD86 - CTLA4,CD86,Cell-Cell Contact,PMID: 23954143
Inflammatory Mono-derived,CD8.TEX,CD86,CTLA4,0.0267808521520708,0,CD86_CTLA4,CD86 - CTLA4,CD86,Cell-Cell Contact,PMID: 23954143
Lipid-associated,CD8.TEX,CD86,CTLA4,0.00145921215457355,0,CD86_CTLA4,CD86 - CTLA4,CD86,Cell-Cell Contact,PMID: 23954143
Resident M2,CD8.TEX,CD86,CTLA4,0.0320171616966007,0,CD86_CTLA4,CD86 - CTLA4,CD86,Cell-Cell Contact,PMID: 23954143
Stress-response,CD8.TEX,CD86,CTLA4,0.0109946824382388,0,CD86_CTLA4,CD86 - CTLA4,CD86,Cell-Cell Contact,PMID: 23954143
Classical Mono-derived,CD8.TPEX,CD86,CTLA4,0.0414647643741015,0,CD86_CTLA4,CD86 - CTLA4,CD86,Cell-Cell Contact,PMID: 23954143
IFN-stimulated,CD8.TPEX,CD86,CTLA4,0.0220444283658872,0,CD86_CTLA4,CD86 - CTLA4,CD86,Cell-Cell Contact,PMID: 23954143
Inflammatory Mono-derived,CD8.TPEX,CD86,CTLA4,0.0266431407670723,0,CD86_CTLA4,CD86 - CTLA4,CD86,Cell-Cell Contact,PMID: 23954143
Lipid-associated,CD8.TPEX,CD86,CTLA4,0.00145151445501916,0,CD86_CTLA4,CD86 - CTLA4,CD86,Cell-Cell Contact,PMID: 23954143
Resident M2,CD8.TPEX,CD86,CTLA4,0.0318534056624886,0,CD86_CTLA4,CD86 - CTLA4,CD86,Cell-Cell Contact,PMID: 23954143
Stress-response,CD8.TPEX,CD86,CTLA4,0.0109372337781911,0,CD86_CTLA4,CD86 - CTLA4,CD86,Cell-Cell Contact,PMID: 23954143
CD8.CM,Classical Mono-derived,CD99,PILRA,0.0485417577081106,0,CD99_PILRA,CD99 - PILRA,CD99,Cell-Cell Contact,PMID: 18234675
CD8.EM,Classical Mono-derived,CD99,PILRA,0.0479505542649646,0,CD99_PILRA,CD99 - PILRA,CD99,Cell-Cell Contact,PMID: 18234675
CD8.MAIT,Classical Mono-derived,CD99,PILRA,0.0337176942103457,0,CD99_PILRA,CD99 - PILRA,CD99,Cell-Cell Contact,PMID: 18234675
CD8.NaiveLike,Classical Mono-derived,CD99,PILRA,0.0306087626136222,0,CD99_PILRA,CD99 - PILRA,CD99,Cell-Cell Contact,PMID: 18234675
CD8.TEMRA,Classical Mono-derived,CD99,PILRA,0.052077976315532,0,CD99_PILRA,CD99 - PILRA,CD99,Cell-Cell Contact,PMID: 18234675
CD8.TEX,Classical Mono-derived,CD99,PILRA,0.0487844337360029,0,CD99_PILRA,CD99 - PILRA,CD99,Cell-Cell Contact,PMID: 18234675
CD8.TPEX,Classical Mono-derived,CD99,PILRA,0.0436170808089886,0,CD99_PILRA,CD99 - PILRA,CD99,Cell-Cell Contact,PMID: 18234675
Classical Mono-derived,Classical Mono-derived,CD99,PILRA,0.0256628773391445,0,CD99_PILRA,CD99 - PILRA,CD99,Cell-Cell Contact,PMID: 18234675
IFN-stimulated,Classical Mono-derived,CD99,PILRA,0.0124784368242877,0,CD99_PILRA,CD99 - PILRA,CD99,Cell-Cell Contact,PMID: 18234675
Inflammatory Mono-derived,Classical Mono-derived,CD99,PILRA,0.0270674840809823,0,CD99_PILRA,CD99 - PILRA,CD99,Cell-Cell Contact,PMID: 18234675
Lipid-associated,Classical Mono-derived,CD99,PILRA,0.0328710266706305,0,CD99_PILRA,CD99 - PILRA,CD99,Cell-Cell Contact,PMID: 18234675
Proliferating,Classical Mono-derived,CD99,PILRA,0.0143710558541859,0,CD99_PILRA,CD99 - PILRA,CD99,Cell-Cell Contact,PMID: 18234675
Resident M2,Classical Mono-derived,CD99,PILRA,0.0251436865381379,0,CD99_PILRA,CD99 - PILRA,CD99,Cell-Cell Contact,PMID: 18234675
Stress-response,Classical Mono-derived,CD99,PILRA,0.0216091266941007,0,CD99_PILRA,CD99 - PILRA,CD99,Cell-Cell Contact,PMID: 18234675
CD8.CM,IFN-stimulated,CD99,PILRA,0.051715716666815,0,CD99_PILRA,CD99 - PILRA,CD99,Cell-Cell Contact,PMID: 18234675
CD8.EM,IFN-stimulated,CD99,PILRA,0.0510879323396792,0,CD99_PILRA,CD99 - PILRA,CD99,Cell-Cell Contact,PMID: 18234675
CD8.MAIT,IFN-stimulated,CD99,PILRA,0.0359589975032821,0,CD99_PILRA,CD99 - PILRA,CD99,Cell-Cell Contact,PMID: 18234675
CD8.NaiveLike,IFN-stimulated,CD99,PILRA,0.0326503900340951,0,CD99_PILRA,CD99 - PILRA,CD99,Cell-Cell Contact,PMID: 18234675
CD8.TEMRA,IFN-stimulated,CD99,PILRA,0.0554696749887217,0,CD99_PILRA,CD99 - PILRA,CD99,Cell-Cell Contact,PMID: 18234675
CD8.TEX,IFN-stimulated,CD99,PILRA,0.0519733935770944,0,CD99_PILRA,CD99 - PILRA,CD99,Cell-Cell Contact,PMID: 18234675
CD8.TPEX,IFN-stimulated,CD99,PILRA,0.0464847660932403,0,CD99_PILRA,CD99 - PILRA,CD99,Cell-Cell Contact,PMID: 18234675
Classical Mono-derived,IFN-stimulated,CD99,PILRA,0.0273839295483282,0,CD99_PILRA,CD99 - PILRA,CD99,Cell-Cell Contact,PMID: 18234675
IFN-stimulated,IFN-stimulated,CD99,PILRA,0.0133273837024109,0,CD99_PILRA,CD99 - PILRA,CD99,Cell-Cell Contact,PMID: 18234675
Inflammatory Mono-derived,IFN-stimulated,CD99,PILRA,0.0288799425755589,0,CD99_PILRA,CD99 - PILRA,CD99,Cell-Cell Contact,PMID: 18234675
Lipid-associated,IFN-stimulated,CD99,PILRA,0.0350580916841055,0,CD99_PILRA,CD99 - PILRA,CD99,Cell-Cell Contact,PMID: 18234675
Proliferating,IFN-stimulated,CD99,PILRA,0.0153467624623934,0,CD99_PILRA,CD99 - PILRA,CD99,Cell-Cell Contact,PMID: 18234675
Resident M2,IFN-stimulated,CD99,PILRA,0.026830878625445,0,CD99_PILRA,CD99 - PILRA,CD99,Cell-Cell Contact,PMID: 18234675
Stress-response,IFN-stimulated,CD99,PILRA,0.0230647541880483,0,CD99_PILRA,CD99 - PILRA,CD99,Cell-Cell Contact,PMID: 18234675
CD8.CM,Inflammatory Mono-derived,CD99,PILRA,0.0518208863745415,0,CD99_PILRA,CD99 - PILRA,CD99,Cell-Cell Contact,PMID: 18234675
CD8.EM,Inflammatory Mono-derived,CD99,PILRA,0.0511918942969552,0,CD99_PILRA,CD99 - PILRA,CD99,Cell-Cell Contact,PMID: 18234675
CD8.MAIT,Inflammatory Mono-derived,CD99,PILRA,0.0360333417428109,0,CD99_PILRA,CD99 - PILRA,CD99,Cell-Cell Contact,PMID: 18234675
CD8.NaiveLike,Inflammatory Mono-derived,CD99,PILRA,0.0327181259734989,0,CD99_PILRA,CD99 - PILRA,CD99,Cell-Cell Contact,PMID: 18234675
CD8.TEMRA,Inflammatory Mono-derived,CD99,PILRA,0.0555820313323688,0,CD99_PILRA,CD99 - PILRA,CD99,Cell-Cell Contact,PMID: 18234675
CD8.TEX,Inflammatory Mono-derived,CD99,PILRA,0.0520790585212035,0,CD99_PILRA,CD99 - PILRA,CD99,Cell-Cell Contact,PMID: 18234675
CD8.TPEX,Inflammatory Mono-derived,CD99,PILRA,0.046579820602638,0,CD99_PILRA,CD99 - PILRA,CD99,Cell-Cell Contact,PMID: 18234675
Classical Mono-derived,Inflammatory Mono-derived,CD99,PILRA,0.0274410497114219,0,CD99_PILRA,CD99 - PILRA,CD99,Cell-Cell Contact,PMID: 18234675
IFN-stimulated,Inflammatory Mono-derived,CD99,PILRA,0.0133555859225317,0,CD99_PILRA,CD99 - PILRA,CD99,Cell-Cell Contact,PMID: 18234675
Inflammatory Mono-derived,Inflammatory Mono-derived,CD99,PILRA,0.0289400904223689,0,CD99_PILRA,CD99 - PILRA,CD99,Cell-Cell Contact,PMID: 18234675
Lipid-associated,Inflammatory Mono-derived,CD99,PILRA,0.0351306412005809,0,CD99_PILRA,CD99 - PILRA,CD99,Cell-Cell Contact,PMID: 18234675
Proliferating,Inflammatory Mono-derived,CD99,PILRA,0.0153791713052346,0,CD99_PILRA,CD99 - PILRA,CD99,Cell-Cell Contact,PMID: 18234675
Resident M2,Inflammatory Mono-derived,CD99,PILRA,0.0268868770693594,0,CD99_PILRA,CD99 - PILRA,CD99,Cell-Cell Contact,PMID: 18234675
Stress-response,Inflammatory Mono-derived,CD99,PILRA,0.0231130790765444,0,CD99_PILRA,CD99 - PILRA,CD99,Cell-Cell Contact,PMID: 18234675
CD8.CM,Lipid-associated,CD99,PILRA,0.0227178652991965,0,CD99_PILRA,CD99 - PILRA,CD99,Cell-Cell Contact,PMID: 18234675
CD8.EM,Lipid-associated,CD99,PILRA,0.0224337623997474,0,CD99_PILRA,CD99 - PILRA,CD99,Cell-Cell Contact,PMID: 18234675
CD8.MAIT,Lipid-associated,CD99,PILRA,0.0156503844951486,0,CD99_PILRA,CD99 - PILRA,CD99,Cell-Cell Contact,PMID: 18234675
CD8.NaiveLike,Lipid-associated,CD99,PILRA,0.0141828930734386,0,CD99_PILRA,CD99 - PILRA,CD99,Cell-Cell Contact,PMID: 18234675
CD8.TEMRA,Lipid-associated,CD99,PILRA,0.0244211251170727,0,CD99_PILRA,CD99 - PILRA,CD99,Cell-Cell Contact,PMID: 18234675
CD8.TEX,Lipid-associated,CD99,PILRA,0.0228345376798626,0,CD99_PILRA,CD99 - PILRA,CD99,Cell-Cell Contact,PMID: 18234675
CD8.TPEX,Lipid-associated,CD99,PILRA,0.0203570295128443,0,CD99_PILRA,CD99 - PILRA,CD99,Cell-Cell Contact,PMID: 18234675
Classical Mono-derived,Lipid-associated,CD99,PILRA,0.011858696284016,0,CD99_PILRA,CD99 - PILRA,CD99,Cell-Cell Contact,PMID: 18234675
IFN-stimulated,Lipid-associated,CD99,PILRA,0.00572455989917791,0,CD99_PILRA,CD99 - PILRA,CD99,Cell-Cell Contact,PMID: 18234675
Inflammatory Mono-derived,Lipid-associated,CD99,PILRA,0.0125174651291106,0,CD99_PILRA,CD99 - PILRA,CD99,Cell-Cell Contact,PMID: 18234675
Lipid-associated,Lipid-associated,CD99,PILRA,0.0152502356709028,0,CD99_PILRA,CD99 - PILRA,CD99,Cell-Cell Contact,PMID: 18234675
Proliferating,Lipid-associated,CD99,PILRA,0.00659965646427565,0,CD99_PILRA,CD99 - PILRA,CD99,Cell-Cell Contact,PMID: 18234675
Resident M2,Lipid-associated,CD99,PILRA,0.0116154512816586,0,CD99_PILRA,CD99 - PILRA,CD99,Cell-Cell Contact,PMID: 18234675
Stress-response,Lipid-associated,CD99,PILRA,0.00996317972449243,0,CD99_PILRA,CD99 - PILRA,CD99,Cell-Cell Contact,PMID: 18234675
CD8.CM,Resident M2,CD99,PILRA,0.0504599611360269,0,CD99_PILRA,CD99 - PILRA,CD99,Cell-Cell Contact,PMID: 18234675
CD8.EM,Resident M2,CD99,PILRA,0.0498466193103023,0,CD99_PILRA,CD99 - PILRA,CD99,Cell-Cell Contact,PMID: 18234675
CD8.MAIT,Resident M2,CD99,PILRA,0.0350716946218403,0,CD99_PILRA,CD99 - PILRA,CD99,Cell-Cell Contact,PMID: 18234675
CD8.NaiveLike,Resident M2,CD99,PILRA,0.0318420317975386,0,CD99_PILRA,CD99 - PILRA,CD99,Cell-Cell Contact,PMID: 18234675
CD8.TEMRA,Resident M2,CD99,PILRA,0.0541279692575133,0,CD99_PILRA,CD99 - PILRA,CD99,Cell-Cell Contact,PMID: 18234675
CD8.TEX,Resident M2,CD99,PILRA,0.0507117157644237,0,CD99_PILRA,CD99 - PILRA,CD99,Cell-Cell Contact,PMID: 18234675
CD8.TPEX,Resident M2,CD99,PILRA,0.045349953574744,0,CD99_PILRA,CD99 - PILRA,CD99,Cell-Cell Contact,PMID: 18234675
Classical Mono-derived,Resident M2,CD99,PILRA,0.0267023591665826,0,CD99_PILRA,CD99 - PILRA,CD99,Cell-Cell Contact,PMID: 18234675
IFN-stimulated,Resident M2,CD99,PILRA,0.0129909997381629,0,CD99_PILRA,CD99 - PILRA,CD99,Cell-Cell Contact,PMID: 18234675
Inflammatory Mono-derived,Resident M2,CD99,PILRA,0.0281622154244812,0,CD99_PILRA,CD99 - PILRA,CD99,Cell-Cell Contact,PMID: 18234675
Lipid-associated,Resident M2,CD99,PILRA,0.0341922305673037,0,CD99_PILRA,CD99 - PILRA,CD99,Cell-Cell Contact,PMID: 18234675
Proliferating,Resident M2,CD99,PILRA,0.0149601820657307,0,CD99_PILRA,CD99 - PILRA,CD99,Cell-Cell Contact,PMID: 18234675
Resident M2,Resident M2,CD99,PILRA,0.026162703093302,0,CD99_PILRA,CD99 - PILRA,CD99,Cell-Cell Contact,PMID: 18234675
Stress-response,Resident M2,CD99,PILRA,0.0224882000292243,0,CD99_PILRA,CD99 - PILRA,CD99,Cell-Cell Contact,PMID: 18234675
CD8.CM,Stress-response,CD99,PILRA,0.0146020669457732,0,CD99_PILRA,CD99 - PILRA,CD99,Cell-Cell Contact,PMID: 18234675
CD8.EM,Stress-response,CD99,PILRA,0.0144179604686515,0,CD99_PILRA,CD99 - PILRA,CD99,Cell-Cell Contact,PMID: 18234675
CD8.MAIT,Stress-response,CD99,PILRA,0.0100334727135504,0,CD99_PILRA,CD99 - PILRA,CD99,Cell-Cell Contact,PMID: 18234675
CD8.NaiveLike,Stress-response,CD99,PILRA,0.00908780043452568,0,CD99_PILRA,CD99 - PILRA,CD99,Cell-Cell Contact,PMID: 18234675
CD8.TEMRA,Stress-response,CD99,PILRA,0.015706628413561,0,CD99_PILRA,CD99 - PILRA,CD99,Cell-Cell Contact,PMID: 18234675
CD8.TEX,Stress-response,CD99,PILRA,0.014677684928024,0,CD99_PILRA,CD99 - PILRA,CD99,Cell-Cell Contact,PMID: 18234675
CD8.TPEX,Stress-response,CD99,PILRA,0.0130733409574523,0,CD99_PILRA,CD99 - PILRA,CD99,Cell-Cell Contact,PMID: 18234675
Classical Mono-derived,Stress-response,CD99,PILRA,0.00759212279974295,0,CD99_PILRA,CD99 - PILRA,CD99,Cell-Cell Contact,PMID: 18234675
IFN-stimulated,Stress-response,CD99,PILRA,0.00365678550889499,0,CD99_PILRA,CD99 - PILRA,CD99,Cell-Cell Contact,PMID: 18234675
Inflammatory Mono-derived,Stress-response,CD99,PILRA,0.00801579957861877,0,CD99_PILRA,CD99 - PILRA,CD99,Cell-Cell Contact,PMID: 18234675
Lipid-associated,Stress-response,CD99,PILRA,0.00977551080317356,0,CD99_PILRA,CD99 - PILRA,CD99,Cell-Cell Contact,PMID: 18234675
Proliferating,Stress-response,CD99,PILRA,0.00421712819597077,0,CD99_PILRA,CD99 - PILRA,CD99,Cell-Cell Contact,PMID: 18234675
Resident M2,Stress-response,CD99,PILRA,0.00743573499202711,0,CD99_PILRA,CD99 - PILRA,CD99,Cell-Cell Contact,PMID: 18234675
Stress-response,Stress-response,CD99,PILRA,0.00637418424004565,0,CD99_PILRA,CD99 - PILRA,CD99,Cell-Cell Contact,PMID: 18234675
CD8.CM,CD8.CM,CD99,CD99,0.121952611374489,0,CD99_CD99,CD99 - CD99,CD99,Cell-Cell Contact,KEGG: hsa04514
CD8.EM,CD8.CM,CD99,CD99,0.120580627254158,0,CD99_CD99,CD99 - CD99,CD99,Cell-Cell Contact,KEGG: hsa04514
CD8.TEMRA,CD8.CM,CD99,CD99,0.130105447421594,0.03,CD99_CD99,CD99 - CD99,CD99,Cell-Cell Contact,KEGG: hsa04514
CD8.TEX,CD8.CM,CD99,CD99,0.122515034564506,0,CD99_CD99,CD99 - CD99,CD99,Cell-Cell Contact,KEGG: hsa04514
CD8.CM,CD8.EM,CD99,CD99,0.120580627254158,0,CD99_CD99,CD99 - CD99,CD99,Cell-Cell Contact,KEGG: hsa04514
CD8.EM,CD8.EM,CD99,CD99,0.119221982370334,0,CD99_CD99,CD99 - CD99,CD99,Cell-Cell Contact,KEGG: hsa04514
CD8.TEMRA,CD8.EM,CD99,CD99,0.128655182023499,0.03,CD99_CD99,CD99 - CD99,CD99,Cell-Cell Contact,KEGG: hsa04514
CD8.TEX,CD8.EM,CD99,CD99,0.121137596039348,0,CD99_CD99,CD99 - CD99,CD99,Cell-Cell Contact,KEGG: hsa04514
CD8.CM,CD8.TEMRA,CD99,CD99,0.130105447421594,0.03,CD99_CD99,CD99 - CD99,CD99,Cell-Cell Contact,KEGG: hsa04514
CD8.EM,CD8.TEMRA,CD99,CD99,0.128655182023499,0.03,CD99_CD99,CD99 - CD99,CD99,Cell-Cell Contact,KEGG: hsa04514
CD8.TEX,CD8.TEMRA,CD99,CD99,0.130699873226343,0.02,CD99_CD99,CD99 - CD99,CD99,Cell-Cell Contact,KEGG: hsa04514
CD8.CM,CD8.TEX,CD99,CD99,0.122515034564506,0,CD99_CD99,CD99 - CD99,CD99,Cell-Cell Contact,KEGG: hsa04514
CD8.EM,CD8.TEX,CD99,CD99,0.121137596039348,0,CD99_CD99,CD99 - CD99,CD99,Cell-Cell Contact,KEGG: hsa04514
CD8.TEMRA,CD8.TEX,CD99,CD99,0.130699873226343,0.02,CD99_CD99,CD99 - CD99,CD99,Cell-Cell Contact,KEGG: hsa04514
CD8.TEX,CD8.TEX,CD99,CD99,0.123079687964481,0,CD99_CD99,CD99 - CD99,CD99,Cell-Cell Contact,KEGG: hsa04514
CD8.CM,CD8.CM,CLEC2D,KLRB1,0.00445580935395905,0,CLEC2D_KLRB1,CLEC2D - KLRB1,CLEC,Cell-Cell Contact,PMID: 24223577
CD8.EM,CD8.CM,CLEC2D,KLRB1,0.00433918544763925,0,CLEC2D_KLRB1,CLEC2D - KLRB1,CLEC,Cell-Cell Contact,PMID: 24223577
CD8.NaiveLike,CD8.CM,CLEC2D,KLRB1,0.00411461485288084,0,CLEC2D_KLRB1,CLEC2D - KLRB1,CLEC,Cell-Cell Contact,PMID: 24223577
CD8.TEMRA,CD8.CM,CLEC2D,KLRB1,0.00330948896960155,0,CLEC2D_KLRB1,CLEC2D - KLRB1,CLEC,Cell-Cell Contact,PMID: 24223577
CD8.TEX,CD8.CM,CLEC2D,KLRB1,0.0129840752808094,0,CLEC2D_KLRB1,CLEC2D - KLRB1,CLEC,Cell-Cell Contact,PMID: 24223577
CD8.TPEX,CD8.CM,CLEC2D,KLRB1,0.0116329451568705,0,CLEC2D_KLRB1,CLEC2D - KLRB1,CLEC,Cell-Cell Contact,PMID: 24223577
CD8.CM,CD8.MAIT,CLEC2D,KLRB1,0.033505899576531,0,CLEC2D_KLRB1,CLEC2D - KLRB1,CLEC,Cell-Cell Contact,PMID: 24223577
CD8.EM,CD8.MAIT,CLEC2D,KLRB1,0.0326538737735839,0,CLEC2D_KLRB1,CLEC2D - KLRB1,CLEC,Cell-Cell Contact,PMID: 24223577
CD8.NaiveLike,CD8.MAIT,CLEC2D,KLRB1,0.0310095416964608,0,CLEC2D_KLRB1,CLEC2D - KLRB1,CLEC,Cell-Cell Contact,PMID: 24223577
CD8.TEMRA,CD8.MAIT,CLEC2D,KLRB1,0.0250742624196534,0,CLEC2D_KLRB1,CLEC2D - KLRB1,CLEC,Cell-Cell Contact,PMID: 24223577
CD8.TEX,CD8.MAIT,CLEC2D,KLRB1,0.0924705824939241,0,CLEC2D_KLRB1,CLEC2D - KLRB1,CLEC,Cell-Cell Contact,PMID: 24223577
CD8.TPEX,CD8.MAIT,CLEC2D,KLRB1,0.0835481942706334,0,CLEC2D_KLRB1,CLEC2D - KLRB1,CLEC,Cell-Cell Contact,PMID: 24223577
CD8.CM,CD8.TEMRA,CLEC2D,KLRB1,0.00696279542863848,0.01,CLEC2D_KLRB1,CLEC2D - KLRB1,CLEC,Cell-Cell Contact,PMID: 24223577
CD8.EM,CD8.TEMRA,CLEC2D,KLRB1,0.00678100198288522,0.01,CLEC2D_KLRB1,CLEC2D - KLRB1,CLEC,Cell-Cell Contact,PMID: 24223577
CD8.NaiveLike,CD8.TEMRA,CLEC2D,KLRB1,0.00643087363205818,0.03,CLEC2D_KLRB1,CLEC2D - KLRB1,CLEC,Cell-Cell Contact,PMID: 24223577
CD8.TEX,CD8.TEMRA,CLEC2D,KLRB1,0.0201920257797667,0,CLEC2D_KLRB1,CLEC2D - KLRB1,CLEC,Cell-Cell Contact,PMID: 24223577
CD8.TPEX,CD8.TEMRA,CLEC2D,KLRB1,0.0181045905297933,0,CLEC2D_KLRB1,CLEC2D - KLRB1,CLEC,Cell-Cell Contact,PMID: 24223577
CD8.CM,CD8.TEX,CLEC2D,KLRB1,0.00460132200726634,0,CLEC2D_KLRB1,CLEC2D - KLRB1,CLEC,Cell-Cell Contact,PMID: 24223577
CD8.EM,CD8.TEX,CLEC2D,KLRB1,0.00448090667491476,0,CLEC2D_KLRB1,CLEC2D - KLRB1,CLEC,Cell-Cell Contact,PMID: 24223577
CD8.NaiveLike,CD8.TEX,CLEC2D,KLRB1,0.00424903272798846,0,CLEC2D_KLRB1,CLEC2D - KLRB1,CLEC,Cell-Cell Contact,PMID: 24223577
CD8.TEMRA,CD8.TEX,CLEC2D,KLRB1,0.00341769493622131,0,CLEC2D_KLRB1,CLEC2D - KLRB1,CLEC,Cell-Cell Contact,PMID: 24223577
CD8.TEX,CD8.TEX,CLEC2D,KLRB1,0.0134043442482369,0,CLEC2D_KLRB1,CLEC2D - KLRB1,CLEC,Cell-Cell Contact,PMID: 24223577
CD8.TPEX,CD8.TEX,CLEC2D,KLRB1,0.0120100128493048,0,CLEC2D_KLRB1,CLEC2D - KLRB1,CLEC,Cell-Cell Contact,PMID: 24223577
CD8.CM,CD8.TPEX,CLEC2D,KLRB1,0.00439691757489728,0,CLEC2D_KLRB1,CLEC2D - KLRB1,CLEC,Cell-Cell Contact,PMID: 24223577
CD8.EM,CD8.TPEX,CLEC2D,KLRB1,0.00428182844009662,0,CLEC2D_KLRB1,CLEC2D - KLRB1,CLEC,Cell-Cell Contact,PMID: 24223577
CD8.NaiveLike,CD8.TPEX,CLEC2D,KLRB1,0.00406021419996759,0.02,CLEC2D_KLRB1,CLEC2D - KLRB1,CLEC,Cell-Cell Contact,PMID: 24223577
CD8.TEMRA,CD8.TPEX,CLEC2D,KLRB1,0.00326569823979976,0.02,CLEC2D_KLRB1,CLEC2D - KLRB1,CLEC,Cell-Cell Contact,PMID: 24223577
CD8.TEX,CD8.TPEX,CLEC2D,KLRB1,0.012813917469957,0,CLEC2D_KLRB1,CLEC2D - KLRB1,CLEC,Cell-Cell Contact,PMID: 24223577
CD8.TPEX,CD8.TPEX,CLEC2D,KLRB1,0.0114802881105195,0,CLEC2D_KLRB1,CLEC2D - KLRB1,CLEC,Cell-Cell Contact,PMID: 24223577
CD8.CM,CD8.CM,CLEC2B,KLRB1,0.0157715022944266,0,CLEC2B_KLRB1,CLEC2B - KLRB1,CLEC,Cell-Cell Contact,PMID: 24223577
CD8.EM,CD8.CM,CLEC2B,KLRB1,0.0167557298007252,0,CLEC2B_KLRB1,CLEC2B - KLRB1,CLEC,Cell-Cell Contact,PMID: 24223577
CD8.MAIT,CD8.CM,CLEC2B,KLRB1,0.0132379351696691,0,CLEC2B_KLRB1,CLEC2B - KLRB1,CLEC,Cell-Cell Contact,PMID: 24223577
CD8.NaiveLike,CD8.CM,CLEC2B,KLRB1,0.00432746603290053,0,CLEC2B_KLRB1,CLEC2B - KLRB1,CLEC,Cell-Cell Contact,PMID: 24223577
CD8.TEMRA,CD8.CM,CLEC2B,KLRB1,0.0146809519883154,0,CLEC2B_KLRB1,CLEC2B - KLRB1,CLEC,Cell-Cell Contact,PMID: 24223577
CD8.TEX,CD8.CM,CLEC2B,KLRB1,0.0227372991457497,0,CLEC2B_KLRB1,CLEC2B - KLRB1,CLEC,Cell-Cell Contact,PMID: 24223577
CD8.TPEX,CD8.CM,CLEC2B,KLRB1,0.0232636888156263,0,CLEC2B_KLRB1,CLEC2B - KLRB1,CLEC,Cell-Cell Contact,PMID: 24223577
Classical Mono-derived,CD8.CM,CLEC2B,KLRB1,0.0170431224973342,0,CLEC2B_KLRB1,CLEC2B - KLRB1,CLEC,Cell-Cell Contact,PMID: 24223577
IFN-stimulated,CD8.CM,CLEC2B,KLRB1,0.0096920375464454,0,CLEC2B_KLRB1,CLEC2B - KLRB1,CLEC,Cell-Cell Contact,PMID: 24223577
Inflammatory Mono-derived,CD8.CM,CLEC2B,KLRB1,0.009269831171643,0,CLEC2B_KLRB1,CLEC2B - KLRB1,CLEC,Cell-Cell Contact,PMID: 24223577
Lipid-associated,CD8.CM,CLEC2B,KLRB1,0.00516410063473543,0,CLEC2B_KLRB1,CLEC2B - KLRB1,CLEC,Cell-Cell Contact,PMID: 24223577
Proliferating,CD8.CM,CLEC2B,KLRB1,0.00577896617449467,0,CLEC2B_KLRB1,CLEC2B - KLRB1,CLEC,Cell-Cell Contact,PMID: 24223577
Resident M2,CD8.CM,CLEC2B,KLRB1,0.0123179724570043,0,CLEC2B_KLRB1,CLEC2B - KLRB1,CLEC,Cell-Cell Contact,PMID: 24223577
Stress-response,CD8.CM,CLEC2B,KLRB1,0.00363684551712416,0,CLEC2B_KLRB1,CLEC2B - KLRB1,CLEC,Cell-Cell Contact,PMID: 24223577
CD8.CM,CD8.MAIT,CLEC2B,KLRB1,0.1104133080669,0,CLEC2B_KLRB1,CLEC2B - KLRB1,CLEC,Cell-Cell Contact,PMID: 24223577
CD8.EM,CD8.MAIT,CLEC2B,KLRB1,0.116603981144107,0,CLEC2B_KLRB1,CLEC2B - KLRB1,CLEC,Cell-Cell Contact,PMID: 24223577
CD8.MAIT,CD8.MAIT,CLEC2B,KLRB1,0.0941303220016215,0,CLEC2B_KLRB1,CLEC2B - KLRB1,CLEC,Cell-Cell Contact,PMID: 24223577
CD8.NaiveLike,CD8.MAIT,CLEC2B,KLRB1,0.0325681825663,0,CLEC2B_KLRB1,CLEC2B - KLRB1,CLEC,Cell-Cell Contact,PMID: 24223577
CD8.TEMRA,CD8.MAIT,CLEC2B,KLRB1,0.103466525696128,0,CLEC2B_KLRB1,CLEC2B - KLRB1,CLEC,Cell-Cell Contact,PMID: 24223577
CD8.TEX,CD8.MAIT,CLEC2B,KLRB1,0.152694559654629,0,CLEC2B_KLRB1,CLEC2B - KLRB1,CLEC,Cell-Cell Contact,PMID: 24223577
CD8.TPEX,CD8.MAIT,CLEC2B,KLRB1,0.155750083933063,0,CLEC2B_KLRB1,CLEC2B - KLRB1,CLEC,Cell-Cell Contact,PMID: 24223577
Classical Mono-derived,CD8.MAIT,CLEC2B,KLRB1,0.118397739705167,0,CLEC2B_KLRB1,CLEC2B - KLRB1,CLEC,Cell-Cell Contact,PMID: 24223577
IFN-stimulated,CD8.MAIT,CLEC2B,KLRB1,0.0704639630346861,0,CLEC2B_KLRB1,CLEC2B - KLRB1,CLEC,Cell-Cell Contact,PMID: 24223577
Inflammatory Mono-derived,CD8.MAIT,CLEC2B,KLRB1,0.0675750447076687,0,CLEC2B_KLRB1,CLEC2B - KLRB1,CLEC,Cell-Cell Contact,PMID: 24223577
Lipid-associated,CD8.MAIT,CLEC2B,KLRB1,0.0386526777372963,0,CLEC2B_KLRB1,CLEC2B - KLRB1,CLEC,Cell-Cell Contact,PMID: 24223577
Proliferating,CD8.MAIT,CLEC2B,KLRB1,0.0430821983760063,0,CLEC2B_KLRB1,CLEC2B - KLRB1,CLEC,Cell-Cell Contact,PMID: 24223577
Resident M2,CD8.MAIT,CLEC2B,KLRB1,0.0880906404354765,0,CLEC2B_KLRB1,CLEC2B - KLRB1,CLEC,Cell-Cell Contact,PMID: 24223577
Stress-response,CD8.MAIT,CLEC2B,KLRB1,0.0274950819135839,0,CLEC2B_KLRB1,CLEC2B - KLRB1,CLEC,Cell-Cell Contact,PMID: 24223577
CD8.CM,CD8.TEMRA,CLEC2B,KLRB1,0.0244884667028079,0.01,CLEC2B_KLRB1,CLEC2B - KLRB1,CLEC,Cell-Cell Contact,PMID: 24223577
CD8.EM,CD8.TEMRA,CLEC2B,KLRB1,0.0260023086374347,0,CLEC2B_KLRB1,CLEC2B - KLRB1,CLEC,Cell-Cell Contact,PMID: 24223577
CD8.TEMRA,CD8.TEMRA,CLEC2B,KLRB1,0.0228091339654018,0.04,CLEC2B_KLRB1,CLEC2B - KLRB1,CLEC,Cell-Cell Contact,PMID: 24223577
CD8.TEX,CD8.TEMRA,CLEC2B,KLRB1,0.0351667216532172,0,CLEC2B_KLRB1,CLEC2B - KLRB1,CLEC,Cell-Cell Contact,PMID: 24223577
CD8.TPEX,CD8.TEMRA,CLEC2B,KLRB1,0.0359702726775888,0,CLEC2B_KLRB1,CLEC2B - KLRB1,CLEC,Cell-Cell Contact,PMID: 24223577
Classical Mono-derived,CD8.TEMRA,CLEC2B,KLRB1,0.0264440323823378,0.01,CLEC2B_KLRB1,CLEC2B - KLRB1,CLEC,Cell-Cell Contact,PMID: 24223577
CD8.CM,CD8.TEX,CLEC2B,KLRB1,0.0162805065815917,0,CLEC2B_KLRB1,CLEC2B - KLRB1,CLEC,Cell-Cell Contact,PMID: 24223577
CD8.EM,CD8.TEX,CLEC2B,KLRB1,0.0172959405203566,0,CLEC2B_KLRB1,CLEC2B - KLRB1,CLEC,Cell-Cell Contact,PMID: 24223577
CD8.MAIT,CD8.TEX,CLEC2B,KLRB1,0.0136663073096386,0,CLEC2B_KLRB1,CLEC2B - KLRB1,CLEC,Cell-Cell Contact,PMID: 24223577
CD8.NaiveLike,CD8.TEX,CLEC2B,KLRB1,0.00446880621278403,0,CLEC2B_KLRB1,CLEC2B - KLRB1,CLEC,Cell-Cell Contact,PMID: 24223577
CD8.TEMRA,CD8.TEX,CLEC2B,KLRB1,0.0151553021673337,0,CLEC2B_KLRB1,CLEC2B - KLRB1,CLEC,Cell-Cell Contact,PMID: 24223577
CD8.TEX,CD8.TEX,CLEC2B,KLRB1,0.0234657553600349,0,CLEC2B_KLRB1,CLEC2B - KLRB1,CLEC,Cell-Cell Contact,PMID: 24223577
CD8.TPEX,CD8.TEX,CLEC2B,KLRB1,0.0240085951584506,0,CLEC2B_KLRB1,CLEC2B - KLRB1,CLEC,Cell-Cell Contact,PMID: 24223577
Classical Mono-derived,CD8.TEX,CLEC2B,KLRB1,0.0175924330772338,0,CLEC2B_KLRB1,CLEC2B - KLRB1,CLEC,Cell-Cell Contact,PMID: 24223577
IFN-stimulated,CD8.TEX,CLEC2B,KLRB1,0.0100068300529325,0,CLEC2B_KLRB1,CLEC2B - KLRB1,CLEC,Cell-Cell Contact,PMID: 24223577
Inflammatory Mono-derived,CD8.TEX,CLEC2B,KLRB1,0.00957104316006881,0,CLEC2B_KLRB1,CLEC2B - KLRB1,CLEC,Cell-Cell Contact,PMID: 24223577
Lipid-associated,CD8.TEX,CLEC2B,KLRB1,0.00533261994457115,0,CLEC2B_KLRB1,CLEC2B - KLRB1,CLEC,Cell-Cell Contact,PMID: 24223577
Proliferating,CD8.TEX,CLEC2B,KLRB1,0.00596742994097851,0,CLEC2B_KLRB1,CLEC2B - KLRB1,CLEC,Cell-Cell Contact,PMID: 24223577
Resident M2,CD8.TEX,CLEC2B,KLRB1,0.012716958776793,0,CLEC2B_KLRB1,CLEC2B - KLRB1,CLEC,Cell-Cell Contact,PMID: 24223577
Stress-response,CD8.TEX,CLEC2B,KLRB1,0.00375571429470489,0,CLEC2B_KLRB1,CLEC2B - KLRB1,CLEC,Cell-Cell Contact,PMID: 24223577
CD8.CM,CD8.TPEX,CLEC2B,KLRB1,0.0155653910062303,0,CLEC2B_KLRB1,CLEC2B - KLRB1,CLEC,Cell-Cell Contact,PMID: 24223577
CD8.EM,CD8.TPEX,CLEC2B,KLRB1,0.0165369721620242,0,CLEC2B_KLRB1,CLEC2B - KLRB1,CLEC,Cell-Cell Contact,PMID: 24223577
CD8.MAIT,CD8.TPEX,CLEC2B,KLRB1,0.0130644945311093,0.02,CLEC2B_KLRB1,CLEC2B - KLRB1,CLEC,Cell-Cell Contact,PMID: 24223577
CD8.NaiveLike,CD8.TPEX,CLEC2B,KLRB1,0.00427026327265324,0.04,CLEC2B_KLRB1,CLEC2B - KLRB1,CLEC,Cell-Cell Contact,PMID: 24223577
CD8.TEMRA,CD8.TPEX,CLEC2B,KLRB1,0.0144888828505073,0.01,CLEC2B_KLRB1,CLEC2B - KLRB1,CLEC,Cell-Cell Contact,PMID: 24223577
CD8.TEX,CD8.TPEX,CLEC2B,KLRB1,0.0224422304424147,0,CLEC2B_KLRB1,CLEC2B - KLRB1,CLEC,Cell-Cell Contact,PMID: 24223577
CD8.TPEX,CD8.TPEX,CLEC2B,KLRB1,0.022961949501944,0,CLEC2B_KLRB1,CLEC2B - KLRB1,CLEC,Cell-Cell Contact,PMID: 24223577
Classical Mono-derived,CD8.TPEX,CLEC2B,KLRB1,0.0168206769368171,0.02,CLEC2B_KLRB1,CLEC2B - KLRB1,CLEC,Cell-Cell Contact,PMID: 24223577
IFN-stimulated,CD8.TPEX,CLEC2B,KLRB1,0.0095646042019813,0.03,CLEC2B_KLRB1,CLEC2B - KLRB1,CLEC,Cell-Cell Contact,PMID: 24223577
Inflammatory Mono-derived,CD8.TPEX,CLEC2B,KLRB1,0.00914789782315641,0.04,CLEC2B_KLRB1,CLEC2B - KLRB1,CLEC,Cell-Cell Contact,PMID: 24223577
Lipid-associated,CD8.TPEX,CLEC2B,KLRB1,0.00509589539178048,0.04,CLEC2B_KLRB1,CLEC2B - KLRB1,CLEC,Cell-Cell Contact,PMID: 24223577
Proliferating,CD8.TPEX,CLEC2B,KLRB1,0.00570268660046555,0.04,CLEC2B_KLRB1,CLEC2B - KLRB1,CLEC,Cell-Cell Contact,PMID: 24223577
Resident M2,CD8.TPEX,CLEC2B,KLRB1,0.0121564364870174,0.02,CLEC2B_KLRB1,CLEC2B - KLRB1,CLEC,Cell-Cell Contact,PMID: 24223577
Stress-response,CD8.TPEX,CLEC2B,KLRB1,0.00358873884422513,0.04,CLEC2B_KLRB1,CLEC2B - KLRB1,CLEC,Cell-Cell Contact,PMID: 24223577
CD8.CM,CD8.CM,CD69,KLRB1,0.0354488106808453,0,CLEC2C_KLRB1,CLEC2C - KLRB1,CLEC,Cell-Cell Contact,PMID: 24223577
CD8.EM,CD8.CM,CD69,KLRB1,0.0320161556411782,0,CLEC2C_KLRB1,CLEC2C - KLRB1,CLEC,Cell-Cell Contact,PMID: 24223577
CD8.MAIT,CD8.CM,CD69,KLRB1,0.0401250384956971,0,CLEC2C_KLRB1,CLEC2C - KLRB1,CLEC,Cell-Cell Contact,PMID: 24223577
CD8.NaiveLike,CD8.CM,CD69,KLRB1,0.0284106996358801,0,CLEC2C_KLRB1,CLEC2C - KLRB1,CLEC,Cell-Cell Contact,PMID: 24223577
CD8.TEMRA,CD8.CM,CD69,KLRB1,0.031824122742604,0,CLEC2C_KLRB1,CLEC2C - KLRB1,CLEC,Cell-Cell Contact,PMID: 24223577
CD8.TEX,CD8.CM,CD69,KLRB1,0.0335445054317658,0,CLEC2C_KLRB1,CLEC2C - KLRB1,CLEC,Cell-Cell Contact,PMID: 24223577
CD8.TPEX,CD8.CM,CD69,KLRB1,0.03397959899754,0,CLEC2C_KLRB1,CLEC2C - KLRB1,CLEC,Cell-Cell Contact,PMID: 24223577
Classical Mono-derived,CD8.CM,CD69,KLRB1,0.00452965243856862,0,CLEC2C_KLRB1,CLEC2C - KLRB1,CLEC,Cell-Cell Contact,PMID: 24223577
IFN-stimulated,CD8.CM,CD69,KLRB1,0.00399946221654365,0,CLEC2C_KLRB1,CLEC2C - KLRB1,CLEC,Cell-Cell Contact,PMID: 24223577
Inflammatory Mono-derived,CD8.CM,CD69,KLRB1,0.0026022503960781,0,CLEC2C_KLRB1,CLEC2C - KLRB1,CLEC,Cell-Cell Contact,PMID: 24223577
Lipid-associated,CD8.CM,CD69,KLRB1,0.00636544255647427,0,CLEC2C_KLRB1,CLEC2C - KLRB1,CLEC,Cell-Cell Contact,PMID: 24223577
Proliferating,CD8.CM,CD69,KLRB1,0.0185397454393974,0,CLEC2C_KLRB1,CLEC2C - KLRB1,CLEC,Cell-Cell Contact,PMID: 24223577
Resident M2,CD8.CM,CD69,KLRB1,0.00312875496095419,0,CLEC2C_KLRB1,CLEC2C - KLRB1,CLEC,Cell-Cell Contact,PMID: 24223577
Stress-response,CD8.CM,CD69,KLRB1,0.0103027851910213,0,CLEC2C_KLRB1,CLEC2C - KLRB1,CLEC,Cell-Cell Contact,PMID: 24223577
CD8.CM,CD8.MAIT,CD69,KLRB1,0.221586288058908,0,CLEC2C_KLRB1,CLEC2C - KLRB1,CLEC,Cell-Cell Contact,PMID: 24223577
CD8.EM,CD8.MAIT,CD69,KLRB1,0.203940178512938,0,CLEC2C_KLRB1,CLEC2C - KLRB1,CLEC,Cell-Cell Contact,PMID: 24223577
CD8.MAIT,CD8.MAIT,CD69,KLRB1,0.244590360851228,0,CLEC2C_KLRB1,CLEC2C - KLRB1,CLEC,Cell-Cell Contact,PMID: 24223577
CD8.NaiveLike,CD8.MAIT,CD69,KLRB1,0.184667328796506,0,CLEC2C_KLRB1,CLEC2C - KLRB1,CLEC,Cell-Cell Contact,PMID: 24223577
CD8.TEMRA,CD8.MAIT,CD69,KLRB1,0.202933131491163,0,CLEC2C_KLRB1,CLEC2C - KLRB1,CLEC,Cell-Cell Contact,PMID: 24223577
CD8.TEX,CD8.MAIT,CD69,KLRB1,0.2118792059181,0,CLEC2C_KLRB1,CLEC2C - KLRB1,CLEC,Cell-Cell Contact,PMID: 24223577
CD8.TPEX,CD8.MAIT,CD69,KLRB1,0.214114951250194,0,CLEC2C_KLRB1,CLEC2C - KLRB1,CLEC,Cell-Cell Contact,PMID: 24223577
Classical Mono-derived,CD8.MAIT,CD69,KLRB1,0.0340447065529606,0,CLEC2C_KLRB1,CLEC2C - KLRB1,CLEC,Cell-Cell Contact,PMID: 24223577
IFN-stimulated,CD8.MAIT,CD69,KLRB1,0.030164499203578,0.02,CLEC2C_KLRB1,CLEC2C - KLRB1,CLEC,Cell-Cell Contact,PMID: 24223577
Inflammatory Mono-derived,CD8.MAIT,CD69,KLRB1,0.0198083237772035,0.03,CLEC2C_KLRB1,CLEC2C - KLRB1,CLEC,Cell-Cell Contact,PMID: 24223577
Lipid-associated,CD8.MAIT,CD69,KLRB1,0.0472743732514303,0,CLEC2C_KLRB1,CLEC2C - KLRB1,CLEC,Cell-Cell Contact,PMID: 24223577
Proliferating,CD8.MAIT,CD69,KLRB1,0.127638978227588,0,CLEC2C_KLRB1,CLEC2C - KLRB1,CLEC,Cell-Cell Contact,PMID: 24223577
Resident M2,CD8.MAIT,CD69,KLRB1,0.0237332384375833,0.03,CLEC2C_KLRB1,CLEC2C - KLRB1,CLEC,Cell-Cell Contact,PMID: 24223577
Stress-response,CD8.MAIT,CD69,KLRB1,0.0746157354611584,0,CLEC2C_KLRB1,CLEC2C - KLRB1,CLEC,Cell-Cell Contact,PMID: 24223577
CD8.CM,CD8.TEMRA,CD69,KLRB1,0.0544399313588204,0,CLEC2C_KLRB1,CLEC2C - KLRB1,CLEC,Cell-Cell Contact,PMID: 24223577
CD8.EM,CD8.TEMRA,CD69,KLRB1,0.0492622095890698,0.01,CLEC2C_KLRB1,CLEC2C - KLRB1,CLEC,Cell-Cell Contact,PMID: 24223577
CD8.MAIT,CD8.TEMRA,CD69,KLRB1,0.0614617382223411,0,CLEC2C_KLRB1,CLEC2C - KLRB1,CLEC,Cell-Cell Contact,PMID: 24223577
CD8.NaiveLike,CD8.TEMRA,CD69,KLRB1,0.0438024969205927,0.02,CLEC2C_KLRB1,CLEC2C - KLRB1,CLEC,Cell-Cell Contact,PMID: 24223577
CD8.TEMRA,CD8.TEMRA,CD69,KLRB1,0.0489719681606683,0,CLEC2C_KLRB1,CLEC2C - KLRB1,CLEC,Cell-Cell Contact,PMID: 24223577
CD8.TEX,CD8.TEMRA,CD69,KLRB1,0.0515699709808646,0,CLEC2C_KLRB1,CLEC2C - KLRB1,CLEC,Cell-Cell Contact,PMID: 24223577
CD8.TPEX,CD8.TEMRA,CD69,KLRB1,0.0522262318977728,0,CLEC2C_KLRB1,CLEC2C - KLRB1,CLEC,Cell-Cell Contact,PMID: 24223577
CD8.CM,CD8.TEX,CD69,KLRB1,0.0365692781687484,0,CLEC2C_KLRB1,CLEC2C - KLRB1,CLEC,Cell-Cell Contact,PMID: 24223577
CD8.EM,CD8.TEX,CD69,KLRB1,0.0330318392789574,0,CLEC2C_KLRB1,CLEC2C - KLRB1,CLEC,Cell-Cell Contact,PMID: 24223577
CD8.MAIT,CD8.TEX,CD69,KLRB1,0.0413869703092036,0,CLEC2C_KLRB1,CLEC2C - KLRB1,CLEC,Cell-Cell Contact,PMID: 24223577
CD8.NaiveLike,CD8.TEX,CD69,KLRB1,0.029315467438854,0,CLEC2C_KLRB1,CLEC2C - KLRB1,CLEC,Cell-Cell Contact,PMID: 24223577
CD8.TEMRA,CD8.TEX,CD69,KLRB1,0.0328339209524716,0,CLEC2C_KLRB1,CLEC2C - KLRB1,CLEC,Cell-Cell Contact,PMID: 24223577
CD8.TEX,CD8.TEX,CD69,KLRB1,0.0346069411537375,0,CLEC2C_KLRB1,CLEC2C - KLRB1,CLEC,Cell-Cell Contact,PMID: 24223577
CD8.TPEX,CD8.TEX,CD69,KLRB1,0.0350553153407197,0,CLEC2C_KLRB1,CLEC2C - KLRB1,CLEC,Cell-Cell Contact,PMID: 24223577
Classical Mono-derived,CD8.TEX,CD69,KLRB1,0.0046775652433285,0,CLEC2C_KLRB1,CLEC2C - KLRB1,CLEC,Cell-Cell Contact,PMID: 24223577
IFN-stimulated,CD8.TEX,CD69,KLRB1,0.00413013384065684,0,CLEC2C_KLRB1,CLEC2C - KLRB1,CLEC,Cell-Cell Contact,PMID: 24223577
Inflammatory Mono-derived,CD8.TEX,CD69,KLRB1,0.00268739507080515,0,CLEC2C_KLRB1,CLEC2C - KLRB1,CLEC,Cell-Cell Contact,PMID: 24223577
Lipid-associated,CD8.TEX,CD69,KLRB1,0.00657290605775962,0,CLEC2C_KLRB1,CLEC2C - KLRB1,CLEC,Cell-Cell Contact,PMID: 24223577
Proliferating,CD8.TEX,CD69,KLRB1,0.0191363540327849,0,CLEC2C_KLRB1,CLEC2C - KLRB1,CLEC,Cell-Cell Contact,PMID: 24223577
Resident M2,CD8.TEX,CD69,KLRB1,0.00323107086417179,0,CLEC2C_KLRB1,CLEC2C - KLRB1,CLEC,Cell-Cell Contact,PMID: 24223577
Stress-response,CD8.TEX,CD69,KLRB1,0.0106372014010323,0,CLEC2C_KLRB1,CLEC2C - KLRB1,CLEC,Cell-Cell Contact,PMID: 24223577
CD8.CM,CD8.TPEX,CD69,KLRB1,0.0349946879782712,0,CLEC2C_KLRB1,CLEC2C - KLRB1,CLEC,Cell-Cell Contact,PMID: 24223577
CD8.EM,CD8.TPEX,CD69,KLRB1,0.0316045666443722,0,CLEC2C_KLRB1,CLEC2C - KLRB1,CLEC,Cell-Cell Contact,PMID: 24223577
CD8.MAIT,CD8.TPEX,CD69,KLRB1,0.0396134705046154,0,CLEC2C_KLRB1,CLEC2C - KLRB1,CLEC,Cell-Cell Contact,PMID: 24223577
CD8.NaiveLike,CD8.TPEX,CD69,KLRB1,0.0280441183235543,0.02,CLEC2C_KLRB1,CLEC2C - KLRB1,CLEC,Cell-Cell Contact,PMID: 24223577
CD8.TEMRA,CD8.TPEX,CD69,KLRB1,0.0314149223370883,0.01,CLEC2C_KLRB1,CLEC2C - KLRB1,CLEC,Cell-Cell Contact,PMID: 24223577
CD8.TEX,CD8.TPEX,CD69,KLRB1,0.0331139406213839,0,CLEC2C_KLRB1,CLEC2C - KLRB1,CLEC,Cell-Cell Contact,PMID: 24223577
CD8.TPEX,CD8.TPEX,CD69,KLRB1,0.0335436433209823,0,CLEC2C_KLRB1,CLEC2C - KLRB1,CLEC,Cell-Cell Contact,PMID: 24223577
Classical Mono-derived,CD8.TPEX,CD69,KLRB1,0.00446978906820154,0.04,CLEC2C_KLRB1,CLEC2C - KLRB1,CLEC,Cell-Cell Contact,PMID: 24223577
IFN-stimulated,CD8.TPEX,CD69,KLRB1,0.00394657800048305,0.04,CLEC2C_KLRB1,CLEC2C - KLRB1,CLEC,Cell-Cell Contact,PMID: 24223577
Inflammatory Mono-derived,CD8.TPEX,CD69,KLRB1,0.00256779364613322,0.04,CLEC2C_KLRB1,CLEC2C - KLRB1,CLEC,Cell-Cell Contact,PMID: 24223577
Lipid-associated,CD8.TPEX,CD69,KLRB1,0.00628147068507892,0.04,CLEC2C_KLRB1,CLEC2C - KLRB1,CLEC,Cell-Cell Contact,PMID: 24223577
Proliferating,CD8.TPEX,CD69,KLRB1,0.0182981296977293,0.04,CLEC2C_KLRB1,CLEC2C - KLRB1,CLEC,Cell-Cell Contact,PMID: 24223577
Resident M2,CD8.TPEX,CD69,KLRB1,0.0030873482724162,0.04,CLEC2C_KLRB1,CLEC2C - KLRB1,CLEC,Cell-Cell Contact,PMID: 24223577
Stress-response,CD8.TPEX,CD69,KLRB1,0.010167404029099,0.04,CLEC2C_KLRB1,CLEC2C - KLRB1,CLEC,Cell-Cell Contact,PMID: 24223577
Classical Mono-derived,Classical Mono-derived,ICAM1,ITGAX_ITGB2,0.0426043877038608,0,ICAM1_ITGAX_ITGB2,ICAM1 - (ITGAX+ITGB2),ICAM,Cell-Cell Contact,PMID: 16252253
IFN-stimulated,Classical Mono-derived,ICAM1,ITGAX_ITGB2,0.044485459505068,0,ICAM1_ITGAX_ITGB2,ICAM1 - (ITGAX+ITGB2),ICAM,Cell-Cell Contact,PMID: 16252253
Inflammatory Mono-derived,Classical Mono-derived,ICAM1,ITGAX_ITGB2,0.0472085872279713,0,ICAM1_ITGAX_ITGB2,ICAM1 - (ITGAX+ITGB2),ICAM,Cell-Cell Contact,PMID: 16252253
Proliferating,Classical Mono-derived,ICAM1,ITGAX_ITGB2,0.00988707673426081,0,ICAM1_ITGAX_ITGB2,ICAM1 - (ITGAX+ITGB2),ICAM,Cell-Cell Contact,PMID: 16252253
Resident M2,Classical Mono-derived,ICAM1,ITGAX_ITGB2,0.0436225505608186,0,ICAM1_ITGAX_ITGB2,ICAM1 - (ITGAX+ITGB2),ICAM,Cell-Cell Contact,PMID: 16252253
Stress-response,Classical Mono-derived,ICAM1,ITGAX_ITGB2,0.0153977924012131,0,ICAM1_ITGAX_ITGB2,ICAM1 - (ITGAX+ITGB2),ICAM,Cell-Cell Contact,PMID: 16252253
Classical Mono-derived,IFN-stimulated,ICAM1,ITGAX_ITGB2,0.044799746224862,0,ICAM1_ITGAX_ITGB2,ICAM1 - (ITGAX+ITGB2),ICAM,Cell-Cell Contact,PMID: 16252253
IFN-stimulated,IFN-stimulated,ICAM1,ITGAX_ITGB2,0.0467730122029109,0,ICAM1_ITGAX_ITGB2,ICAM1 - (ITGAX+ITGB2),ICAM,Cell-Cell Contact,PMID: 16252253
Inflammatory Mono-derived,IFN-stimulated,ICAM1,ITGAX_ITGB2,0.0496288968295919,0,ICAM1_ITGAX_ITGB2,ICAM1 - (ITGAX+ITGB2),ICAM,Cell-Cell Contact,PMID: 16252253
Proliferating,IFN-stimulated,ICAM1,ITGAX_ITGB2,0.0104148869055927,0,ICAM1_ITGAX_ITGB2,ICAM1 - (ITGAX+ITGB2),ICAM,Cell-Cell Contact,PMID: 16252253
Resident M2,IFN-stimulated,ICAM1,ITGAX_ITGB2,0.0458678603868021,0,ICAM1_ITGAX_ITGB2,ICAM1 - (ITGAX+ITGB2),ICAM,Cell-Cell Contact,PMID: 16252253
Stress-response,IFN-stimulated,ICAM1,ITGAX_ITGB2,0.0162149679582217,0,ICAM1_ITGAX_ITGB2,ICAM1 - (ITGAX+ITGB2),ICAM,Cell-Cell Contact,PMID: 16252253
Classical Mono-derived,Inflammatory Mono-derived,ICAM1,ITGAX_ITGB2,0.0493712377421724,0,ICAM1_ITGAX_ITGB2,ICAM1 - (ITGAX+ITGB2),ICAM,Cell-Cell Contact,PMID: 16252253
IFN-stimulated,Inflammatory Mono-derived,ICAM1,ITGAX_ITGB2,0.0515349976531207,0,ICAM1_ITGAX_ITGB2,ICAM1 - (ITGAX+ITGB2),ICAM,Cell-Cell Contact,PMID: 16252253
Inflammatory Mono-derived,Inflammatory Mono-derived,ICAM1,ITGAX_ITGB2,0.0546649671811287,0,ICAM1_ITGAX_ITGB2,ICAM1 - (ITGAX+ITGB2),ICAM,Cell-Cell Contact,PMID: 16252253
Proliferating,Inflammatory Mono-derived,ICAM1,ITGAX_ITGB2,0.0115199672987068,0,ICAM1_ITGAX_ITGB2,ICAM1 - (ITGAX+ITGB2),ICAM,Cell-Cell Contact,PMID: 16252253
Resident M2,Inflammatory Mono-derived,ICAM1,ITGAX_ITGB2,0.0505425780900127,0,ICAM1_ITGAX_ITGB2,ICAM1 - (ITGAX+ITGB2),ICAM,Cell-Cell Contact,PMID: 16252253
Stress-response,Inflammatory Mono-derived,ICAM1,ITGAX_ITGB2,0.0179243237337936,0,ICAM1_ITGAX_ITGB2,ICAM1 - (ITGAX+ITGB2),ICAM,Cell-Cell Contact,PMID: 16252253
Classical Mono-derived,Lipid-associated,ICAM1,ITGAX_ITGB2,0.0268112185177116,0,ICAM1_ITGAX_ITGB2,ICAM1 - (ITGAX+ITGB2),ICAM,Cell-Cell Contact,PMID: 16252253
IFN-stimulated,Lipid-associated,ICAM1,ITGAX_ITGB2,0.0280153937318046,0,ICAM1_ITGAX_ITGB2,ICAM1 - (ITGAX+ITGB2),ICAM,Cell-Cell Contact,PMID: 16252253
Inflammatory Mono-derived,Lipid-associated,ICAM1,ITGAX_ITGB2,0.0297617274074388,0,ICAM1_ITGAX_ITGB2,ICAM1 - (ITGAX+ITGB2),ICAM,Cell-Cell Contact,PMID: 16252253
Proliferating,Lipid-associated,ICAM1,ITGAX_ITGB2,0.00614416866200485,0,ICAM1_ITGAX_ITGB2,ICAM1 - (ITGAX+ITGB2),ICAM,Cell-Cell Contact,PMID: 16252253
Resident M2,Lipid-associated,ICAM1,ITGAX_ITGB2,0.0274627814620156,0,ICAM1_ITGAX_ITGB2,ICAM1 - (ITGAX+ITGB2),ICAM,Cell-Cell Contact,PMID: 16252253
Stress-response,Lipid-associated,ICAM1,ITGAX_ITGB2,0.00958892027910468,0,ICAM1_ITGAX_ITGB2,ICAM1 - (ITGAX+ITGB2),ICAM,Cell-Cell Contact,PMID: 16252253
Classical Mono-derived,Resident M2,ICAM1,ITGAX_ITGB2,0.0341748358885337,0,ICAM1_ITGAX_ITGB2,ICAM1 - (ITGAX+ITGB2),ICAM,Cell-Cell Contact,PMID: 16252253
IFN-stimulated,Resident M2,ICAM1,ITGAX_ITGB2,0.035697602790697,0,ICAM1_ITGAX_ITGB2,ICAM1 - (ITGAX+ITGB2),ICAM,Cell-Cell Contact,PMID: 16252253
Inflammatory Mono-derived,Resident M2,ICAM1,ITGAX_ITGB2,0.0379041310759562,0,ICAM1_ITGAX_ITGB2,ICAM1 - (ITGAX+ITGB2),ICAM,Cell-Cell Contact,PMID: 16252253
Proliferating,Resident M2,ICAM1,ITGAX_ITGB2,0.0078775915733324,0,ICAM1_ITGAX_ITGB2,ICAM1 - (ITGAX+ITGB2),ICAM,Cell-Cell Contact,PMID: 16252253
Resident M2,Resident M2,ICAM1,ITGAX_ITGB2,0.0349989129671556,0,ICAM1_ITGAX_ITGB2,ICAM1 - (ITGAX+ITGB2),ICAM,Cell-Cell Contact,PMID: 16252253
Stress-response,Resident M2,ICAM1,ITGAX_ITGB2,0.0122821831286944,0,ICAM1_ITGAX_ITGB2,ICAM1 - (ITGAX+ITGB2),ICAM,Cell-Cell Contact,PMID: 16252253
Classical Mono-derived,Stress-response,ICAM1,ITGAX_ITGB2,0.0230547823870527,0,ICAM1_ITGAX_ITGB2,ICAM1 - (ITGAX+ITGB2),ICAM,Cell-Cell Contact,PMID: 16252253
IFN-stimulated,Stress-response,ICAM1,ITGAX_ITGB2,0.0240944214101166,0,ICAM1_ITGAX_ITGB2,ICAM1 - (ITGAX+ITGB2),ICAM,Cell-Cell Contact,PMID: 16252253
Inflammatory Mono-derived,Stress-response,ICAM1,ITGAX_ITGB2,0.0256027801162478,0,ICAM1_ITGAX_ITGB2,ICAM1 - (ITGAX+ITGB2),ICAM,Cell-Cell Contact,PMID: 16252253
Proliferating,Stress-response,ICAM1,ITGAX_ITGB2,0.00526765515242946,0,ICAM1_ITGAX_ITGB2,ICAM1 - (ITGAX+ITGB2),ICAM,Cell-Cell Contact,PMID: 16252253
Resident M2,Stress-response,ICAM1,ITGAX_ITGB2,0.0236172722624495,0,ICAM1_ITGAX_ITGB2,ICAM1 - (ITGAX+ITGB2),ICAM,Cell-Cell Contact,PMID: 16252253
Stress-response,Stress-response,ICAM1,ITGAX_ITGB2,0.00822505307300811,0,ICAM1_ITGAX_ITGB2,ICAM1 - (ITGAX+ITGB2),ICAM,Cell-Cell Contact,PMID: 16252253
Classical Mono-derived,CD8.CM,ICAM1,ITGAL_ITGB2,0.0141765918940491,0,ICAM1_ITGAL_ITGB2,ICAM1 - (ITGAL+ITGB2),ICAM,Cell-Cell Contact,KEGG: hsa04514
IFN-stimulated,CD8.CM,ICAM1,ITGAL_ITGB2,0.0148219493164873,0,ICAM1_ITGAL_ITGB2,ICAM1 - (ITGAL+ITGB2),ICAM,Cell-Cell Contact,KEGG: hsa04514
Inflammatory Mono-derived,CD8.CM,ICAM1,ITGAL_ITGB2,0.0157592065077619,0,ICAM1_ITGAL_ITGB2,ICAM1 - (ITGAL+ITGB2),ICAM,Cell-Cell Contact,KEGG: hsa04514
Proliferating,CD8.CM,ICAM1,ITGAL_ITGB2,0.00321657586426365,0,ICAM1_ITGAL_ITGB2,ICAM1 - (ITGAL+ITGB2),ICAM,Cell-Cell Contact,KEGG: hsa04514
Resident M2,CD8.CM,ICAM1,ITGAL_ITGB2,0.014525692608656,0,ICAM1_ITGAL_ITGB2,ICAM1 - (ITGAL+ITGB2),ICAM,Cell-Cell Contact,KEGG: hsa04514
Stress-response,CD8.CM,ICAM1,ITGAL_ITGB2,0.00502826564993486,0,ICAM1_ITGAL_ITGB2,ICAM1 - (ITGAL+ITGB2),ICAM,Cell-Cell Contact,KEGG: hsa04514
Classical Mono-derived,CD8.EM,ICAM1,ITGAL_ITGB2,0.0186060669835021,0,ICAM1_ITGAL_ITGB2,ICAM1 - (ITGAL+ITGB2),ICAM,Cell-Cell Contact,KEGG: hsa04514
IFN-stimulated,CD8.EM,ICAM1,ITGAL_ITGB2,0.0194490881376347,0,ICAM1_ITGAL_ITGB2,ICAM1 - (ITGAL+ITGB2),ICAM,Cell-Cell Contact,KEGG: hsa04514
Inflammatory Mono-derived,CD8.EM,ICAM1,ITGAL_ITGB2,0.0206727999650453,0,ICAM1_ITGAL_ITGB2,ICAM1 - (ITGAL+ITGB2),ICAM,Cell-Cell Contact,KEGG: hsa04514
Proliferating,CD8.EM,ICAM1,ITGAL_ITGB2,0.00423631043298169,0,ICAM1_ITGAL_ITGB2,ICAM1 - (ITGAL+ITGB2),ICAM,Cell-Cell Contact,KEGG: hsa04514
Resident M2,CD8.EM,ICAM1,ITGAL_ITGB2,0.0190621350594621,0,ICAM1_ITGAL_ITGB2,ICAM1 - (ITGAL+ITGB2),ICAM,Cell-Cell Contact,KEGG: hsa04514
Stress-response,CD8.EM,ICAM1,ITGAL_ITGB2,0.00661853732209283,0,ICAM1_ITGAL_ITGB2,ICAM1 - (ITGAL+ITGB2),ICAM,Cell-Cell Contact,KEGG: hsa04514
Classical Mono-derived,CD8.MAIT,ICAM1,ITGAL_ITGB2,0.007698917083285,0,ICAM1_ITGAL_ITGB2,ICAM1 - (ITGAL+ITGB2),ICAM,Cell-Cell Contact,KEGG: hsa04514
IFN-stimulated,CD8.MAIT,ICAM1,ITGAL_ITGB2,0.00805180141838123,0,ICAM1_ITGAL_ITGB2,ICAM1 - (ITGAL+ITGB2),ICAM,Cell-Cell Contact,KEGG: hsa04514
Inflammatory Mono-derived,CD8.MAIT,ICAM1,ITGAL_ITGB2,0.0085646740694018,0,ICAM1_ITGAL_ITGB2,ICAM1 - (ITGAL+ITGB2),ICAM,Cell-Cell Contact,KEGG: hsa04514
Proliferating,CD8.MAIT,ICAM1,ITGAL_ITGB2,0.00173800489271679,0,ICAM1_ITGAL_ITGB2,ICAM1 - (ITGAL+ITGB2),ICAM,Cell-Cell Contact,KEGG: hsa04514
Resident M2,CD8.MAIT,ICAM1,ITGAL_ITGB2,0.00788978070469052,0,ICAM1_ITGAL_ITGB2,ICAM1 - (ITGAL+ITGB2),ICAM,Cell-Cell Contact,KEGG: hsa04514
Stress-response,CD8.MAIT,ICAM1,ITGAL_ITGB2,0.00271918278404063,0,ICAM1_ITGAL_ITGB2,ICAM1 - (ITGAL+ITGB2),ICAM,Cell-Cell Contact,KEGG: hsa04514
Classical Mono-derived,CD8.TEMRA,ICAM1,ITGAL_ITGB2,0.0316425691200225,0,ICAM1_ITGAL_ITGB2,ICAM1 - (ITGAL+ITGB2),ICAM,Cell-Cell Contact,KEGG: hsa04514
IFN-stimulated,CD8.TEMRA,ICAM1,ITGAL_ITGB2,0.0330563647701337,0,ICAM1_ITGAL_ITGB2,ICAM1 - (ITGAL+ITGB2),ICAM,Cell-Cell Contact,KEGG: hsa04514
Inflammatory Mono-derived,CD8.TEMRA,ICAM1,ITGAL_ITGB2,0.0351055772149026,0,ICAM1_ITGAL_ITGB2,ICAM1 - (ITGAL+ITGB2),ICAM,Cell-Cell Contact,KEGG: hsa04514
Proliferating,CD8.TEMRA,ICAM1,ITGAL_ITGB2,0.00727919663431857,0,ICAM1_ITGAL_ITGB2,ICAM1 - (ITGAL+ITGB2),ICAM,Cell-Cell Contact,KEGG: hsa04514
Resident M2,CD8.TEMRA,ICAM1,ITGAL_ITGB2,0.0324076331176268,0,ICAM1_ITGAL_ITGB2,ICAM1 - (ITGAL+ITGB2),ICAM,Cell-Cell Contact,KEGG: hsa04514
Stress-response,CD8.TEMRA,ICAM1,ITGAL_ITGB2,0.0113530367606727,0,ICAM1_ITGAL_ITGB2,ICAM1 - (ITGAL+ITGB2),ICAM,Cell-Cell Contact,KEGG: hsa04514
Classical Mono-derived,CD8.TEX,ICAM1,ITGAL_ITGB2,0.0210066803014771,0,ICAM1_ITGAL_ITGB2,ICAM1 - (ITGAL+ITGB2),ICAM,Cell-Cell Contact,KEGG: hsa04514
IFN-stimulated,CD8.TEX,ICAM1,ITGAL_ITGB2,0.0219560372801383,0,ICAM1_ITGAL_ITGB2,ICAM1 - (ITGAL+ITGB2),ICAM,Cell-Cell Contact,KEGG: hsa04514
Inflammatory Mono-derived,CD8.TEX,ICAM1,ITGAL_ITGB2,0.023333729624967,0,ICAM1_ITGAL_ITGB2,ICAM1 - (ITGAL+ITGB2),ICAM,Cell-Cell Contact,KEGG: hsa04514
Proliferating,CD8.TEX,ICAM1,ITGAL_ITGB2,0.00479194539162113,0,ICAM1_ITGAL_ITGB2,ICAM1 - (ITGAL+ITGB2),ICAM,Cell-Cell Contact,KEGG: hsa04514
Resident M2,CD8.TEX,ICAM1,ITGAL_ITGB2,0.0215203013814774,0,ICAM1_ITGAL_ITGB2,ICAM1 - (ITGAL+ITGB2),ICAM,Cell-Cell Contact,KEGG: hsa04514
Stress-response,CD8.TEX,ICAM1,ITGAL_ITGB2,0.00748427699607334,0,ICAM1_ITGAL_ITGB2,ICAM1 - (ITGAL+ITGB2),ICAM,Cell-Cell Contact,KEGG: hsa04514
Classical Mono-derived,CD8.TPEX,ICAM1,ITGAL_ITGB2,0.0162149005942425,0,ICAM1_ITGAL_ITGB2,ICAM1 - (ITGAL+ITGB2),ICAM,Cell-Cell Contact,KEGG: hsa04514
IFN-stimulated,CD8.TPEX,ICAM1,ITGAL_ITGB2,0.0169514518957714,0,ICAM1_ITGAL_ITGB2,ICAM1 - (ITGAL+ITGB2),ICAM,Cell-Cell Contact,KEGG: hsa04514
Inflammatory Mono-derived,CD8.TPEX,ICAM1,ITGAL_ITGB2,0.0180209037573128,0,ICAM1_ITGAL_ITGB2,ICAM1 - (ITGAL+ITGB2),ICAM,Cell-Cell Contact,KEGG: hsa04514
Proliferating,CD8.TPEX,ICAM1,ITGAL_ITGB2,0.00368494511175939,0,ICAM1_ITGAL_ITGB2,ICAM1 - (ITGAL+ITGB2),ICAM,Cell-Cell Contact,KEGG: hsa04514
Resident M2,CD8.TPEX,ICAM1,ITGAL_ITGB2,0.0166133490917385,0,ICAM1_ITGAL_ITGB2,ICAM1 - (ITGAL+ITGB2),ICAM,Cell-Cell Contact,KEGG: hsa04514
Stress-response,CD8.TPEX,ICAM1,ITGAL_ITGB2,0.00575891297865524,0,ICAM1_ITGAL_ITGB2,ICAM1 - (ITGAL+ITGB2),ICAM,Cell-Cell Contact,KEGG: hsa04514
Classical Mono-derived,Classical Mono-derived,ICAM1,ITGAL_ITGB2,0.0218950306036238,0,ICAM1_ITGAL_ITGB2,ICAM1 - (ITGAL+ITGB2),ICAM,Cell-Cell Contact,KEGG: hsa04514
IFN-stimulated,Classical Mono-derived,ICAM1,ITGAL_ITGB2,0.0228835964573371,0,ICAM1_ITGAL_ITGB2,ICAM1 - (ITGAL+ITGB2),ICAM,Cell-Cell Contact,KEGG: hsa04514
Inflammatory Mono-derived,Classical Mono-derived,ICAM1,ITGAL_ITGB2,0.0243180439319478,0,ICAM1_ITGAL_ITGB2,ICAM1 - (ITGAL+ITGB2),ICAM,Cell-Cell Contact,KEGG: hsa04514
Proliferating,Classical Mono-derived,ICAM1,ITGAL_ITGB2,0.00499809244742375,0,ICAM1_ITGAL_ITGB2,ICAM1 - (ITGAL+ITGB2),ICAM,Cell-Cell Contact,KEGG: hsa04514
Resident M2,Classical Mono-derived,ICAM1,ITGAL_ITGB2,0.0224298745343865,0,ICAM1_ITGAL_ITGB2,ICAM1 - (ITGAL+ITGB2),ICAM,Cell-Cell Contact,KEGG: hsa04514
Stress-response,Classical Mono-derived,ICAM1,ITGAL_ITGB2,0.00780533840082754,0,ICAM1_ITGAL_ITGB2,ICAM1 - (ITGAL+ITGB2),ICAM,Cell-Cell Contact,KEGG: hsa04514
CD8.NaiveLike,CD8.CM,ICAM2,ITGAL_ITGB2,0.00424498202151185,0,ICAM2_ITGAL_ITGB2,ICAM2 - (ITGAL+ITGB2),ICAM,Cell-Cell Contact,KEGG: hsa04514
Classical Mono-derived,CD8.CM,ICAM2,ITGAL_ITGB2,0.00359838056383906,0.01,ICAM2_ITGAL_ITGB2,ICAM2 - (ITGAL+ITGB2),ICAM,Cell-Cell Contact,KEGG: hsa04514
IFN-stimulated,CD8.CM,ICAM2,ITGAL_ITGB2,0.000721890030894596,0.01,ICAM2_ITGAL_ITGB2,ICAM2 - (ITGAL+ITGB2),ICAM,Cell-Cell Contact,KEGG: hsa04514
CD8.NaiveLike,CD8.EM,ICAM2,ITGAL_ITGB2,0.00558891888893131,0,ICAM2_ITGAL_ITGB2,ICAM2 - (ITGAL+ITGB2),ICAM,Cell-Cell Contact,KEGG: hsa04514
Classical Mono-derived,CD8.EM,ICAM2,ITGAL_ITGB2,0.00473858130431914,0,ICAM2_ITGAL_ITGB2,ICAM2 - (ITGAL+ITGB2),ICAM,Cell-Cell Contact,KEGG: hsa04514
IFN-stimulated,CD8.EM,ICAM2,ITGAL_ITGB2,0.000951502079279426,0,ICAM2_ITGAL_ITGB2,ICAM2 - (ITGAL+ITGB2),ICAM,Cell-Cell Contact,KEGG: hsa04514
CD8.NaiveLike,CD8.MAIT,ICAM2,ITGAL_ITGB2,0.00229476948638517,0,ICAM2_ITGAL_ITGB2,ICAM2 - (ITGAL+ITGB2),ICAM,Cell-Cell Contact,KEGG: hsa04514
Classical Mono-derived,CD8.MAIT,ICAM2,ITGAL_ITGB2,0.00194464692729384,0.01,ICAM2_ITGAL_ITGB2,ICAM2 - (ITGAL+ITGB2),ICAM,Cell-Cell Contact,KEGG: hsa04514
IFN-stimulated,CD8.MAIT,ICAM2,ITGAL_ITGB2,0.000389608926170653,0.01,ICAM2_ITGAL_ITGB2,ICAM2 - (ITGAL+ITGB2),ICAM,Cell-Cell Contact,KEGG: hsa04514
CD8.NaiveLike,CD8.TEMRA,ICAM2,ITGAL_ITGB2,0.00959400518152884,0,ICAM2_ITGAL_ITGB2,ICAM2 - (ITGAL+ITGB2),ICAM,Cell-Cell Contact,KEGG: hsa04514
Classical Mono-derived,CD8.TEMRA,ICAM2,ITGAL_ITGB2,0.00813929313979871,0,ICAM2_ITGAL_ITGB2,ICAM2 - (ITGAL+ITGB2),ICAM,Cell-Cell Contact,KEGG: hsa04514
IFN-stimulated,CD8.TEMRA,ICAM2,ITGAL_ITGB2,0.00163883671724355,0,ICAM2_ITGAL_ITGB2,ICAM2 - (ITGAL+ITGB2),ICAM,Cell-Cell Contact,KEGG: hsa04514
CD8.NaiveLike,CD8.TEX,ICAM2,ITGAL_ITGB2,0.00632083598731978,0,ICAM2_ITGAL_ITGB2,ICAM2 - (ITGAL+ITGB2),ICAM,Cell-Cell Contact,KEGG: hsa04514
Classical Mono-derived,CD8.TEX,ICAM2,ITGAL_ITGB2,0.0053597395770517,0,ICAM2_ITGAL_ITGB2,ICAM2 - (ITGAL+ITGB2),ICAM,Cell-Cell Contact,KEGG: hsa04514
IFN-stimulated,CD8.TEX,ICAM2,ITGAL_ITGB2,0.00107676708378949,0,ICAM2_ITGAL_ITGB2,ICAM2 - (ITGAL+ITGB2),ICAM,Cell-Cell Contact,KEGG: hsa04514
CD8.NaiveLike,CD8.TPEX,ICAM2,ITGAL_ITGB2,0.00486236817549457,0,ICAM2_ITGAL_ITGB2,ICAM2 - (ITGAL+ITGB2),ICAM,Cell-Cell Contact,KEGG: hsa04514
Classical Mono-derived,CD8.TPEX,ICAM2,ITGAL_ITGB2,0.00412211491666378,0.01,ICAM2_ITGAL_ITGB2,ICAM2 - (ITGAL+ITGB2),ICAM,Cell-Cell Contact,KEGG: hsa04514
IFN-stimulated,CD8.TPEX,ICAM2,ITGAL_ITGB2,0.000827306746569019,0,ICAM2_ITGAL_ITGB2,ICAM2 - (ITGAL+ITGB2),ICAM,Cell-Cell Contact,KEGG: hsa04514
CD8.NaiveLike,Classical Mono-derived,ICAM2,ITGAL_ITGB2,0.00659231946125053,0,ICAM2_ITGAL_ITGB2,ICAM2 - (ITGAL+ITGB2),ICAM,Cell-Cell Contact,KEGG: hsa04514
Classical Mono-derived,Classical Mono-derived,ICAM2,ITGAL_ITGB2,0.00559017564587573,0,ICAM2_ITGAL_ITGB2,ICAM2 - (ITGAL+ITGB2),ICAM,Cell-Cell Contact,KEGG: hsa04514
IFN-stimulated,Classical Mono-derived,ICAM2,ITGAL_ITGB2,0.00112326944765017,0,ICAM2_ITGAL_ITGB2,ICAM2 - (ITGAL+ITGB2),ICAM,Cell-Cell Contact,KEGG: hsa04514
Classical Mono-derived,Classical Mono-derived,ICAM1,ITGAM_ITGB2,0.0251743718924612,0,ICAM1_ITGAM_ITGB2,ICAM1 - (ITGAM+ITGB2),ICAM,Cell-Cell Contact,KEGG: hsa04514
IFN-stimulated,Classical Mono-derived,ICAM1,ITGAM_ITGB2,0.0263070184979701,0,ICAM1_ITGAM_ITGB2,ICAM1 - (ITGAM+ITGB2),ICAM,Cell-Cell Contact,KEGG: hsa04514
Inflammatory Mono-derived,Classical Mono-derived,ICAM1,ITGAM_ITGB2,0.027949923172922,0,ICAM1_ITGAM_ITGB2,ICAM1 - (ITGAM+ITGB2),ICAM,Cell-Cell Contact,KEGG: hsa04514
Proliferating,Classical Mono-derived,ICAM1,ITGAM_ITGB2,0.00576159227469891,0,ICAM1_ITGAM_ITGB2,ICAM1 - (ITGAM+ITGB2),ICAM,Cell-Cell Contact,KEGG: hsa04514
Resident M2,Classical Mono-derived,ICAM1,ITGAM_ITGB2,0.0257872104259424,0,ICAM1_ITGAM_ITGB2,ICAM1 - (ITGAM+ITGB2),ICAM,Cell-Cell Contact,KEGG: hsa04514
Stress-response,Classical Mono-derived,ICAM1,ITGAM_ITGB2,0.00899379201034319,0,ICAM1_ITGAM_ITGB2,ICAM1 - (ITGAM+ITGB2),ICAM,Cell-Cell Contact,KEGG: hsa04514
Classical Mono-derived,IFN-stimulated,ICAM1,ITGAM_ITGB2,0.0201630912760475,0,ICAM1_ITGAM_ITGB2,ICAM1 - (ITGAM+ITGB2),ICAM,Cell-Cell Contact,KEGG: hsa04514
IFN-stimulated,IFN-stimulated,ICAM1,ITGAM_ITGB2,0.0210751445703674,0,ICAM1_ITGAM_ITGB2,ICAM1 - (ITGAM+ITGB2),ICAM,Cell-Cell Contact,KEGG: hsa04514
Inflammatory Mono-derived,IFN-stimulated,ICAM1,ITGAM_ITGB2,0.0223988287308076,0,ICAM1_ITGAM_ITGB2,ICAM1 - (ITGAM+ITGB2),ICAM,Cell-Cell Contact,KEGG: hsa04514
Proliferating,IFN-stimulated,ICAM1,ITGAM_ITGB2,0.00459645260148399,0,ICAM1_ITGAM_ITGB2,ICAM1 - (ITGAM+ITGB2),ICAM,Cell-Cell Contact,KEGG: hsa04514
Resident M2,IFN-stimulated,ICAM1,ITGAM_ITGB2,0.0206565214982053,0,ICAM1_ITGAM_ITGB2,ICAM1 - (ITGAM+ITGB2),ICAM,Cell-Cell Contact,KEGG: hsa04514
Stress-response,IFN-stimulated,ICAM1,ITGAM_ITGB2,0.00717973991257368,0,ICAM1_ITGAM_ITGB2,ICAM1 - (ITGAM+ITGB2),ICAM,Cell-Cell Contact,KEGG: hsa04514
Classical Mono-derived,Inflammatory Mono-derived,ICAM1,ITGAM_ITGB2,0.0232091135823518,0,ICAM1_ITGAM_ITGB2,ICAM1 - (ITGAM+ITGB2),ICAM,Cell-Cell Contact,KEGG: hsa04514
IFN-stimulated,Inflammatory Mono-derived,ICAM1,ITGAM_ITGB2,0.0242555392720009,0,ICAM1_ITGAM_ITGB2,ICAM1 - (ITGAM+ITGB2),ICAM,Cell-Cell Contact,KEGG: hsa04514
Inflammatory Mono-derived,Inflammatory Mono-derived,ICAM1,ITGAM_ITGB2,0.0257737178970835,0,ICAM1_ITGAM_ITGB2,ICAM1 - (ITGAM+ITGB2),ICAM,Cell-Cell Contact,KEGG: hsa04514
Proliferating,Inflammatory Mono-derived,ICAM1,ITGAM_ITGB2,0.00530356379529251,0,ICAM1_ITGAM_ITGB2,ICAM1 - (ITGAM+ITGB2),ICAM,Cell-Cell Contact,KEGG: hsa04514
Resident M2,Inflammatory Mono-derived,ICAM1,ITGAM_ITGB2,0.0237752771902357,0,ICAM1_ITGAM_ITGB2,ICAM1 - (ITGAM+ITGB2),ICAM,Cell-Cell Contact,KEGG: hsa04514
Stress-response,Inflammatory Mono-derived,ICAM1,ITGAM_ITGB2,0.0082809539287934,0,ICAM1_ITGAM_ITGB2,ICAM1 - (ITGAM+ITGB2),ICAM,Cell-Cell Contact,KEGG: hsa04514
Classical Mono-derived,Resident M2,ICAM1,ITGAM_ITGB2,0.0202234685581105,0,ICAM1_ITGAM_ITGB2,ICAM1 - (ITGAM+ITGB2),ICAM,Cell-Cell Contact,KEGG: hsa04514
IFN-stimulated,Resident M2,ICAM1,ITGAM_ITGB2,0.0211381940281272,0,ICAM1_ITGAM_ITGB2,ICAM1 - (ITGAM+ITGB2),ICAM,Cell-Cell Contact,KEGG: hsa04514
Inflammatory Mono-derived,Resident M2,ICAM1,ITGAM_ITGB2,0.0224657473087235,0,ICAM1_ITGAM_ITGB2,ICAM1 - (ITGAM+ITGB2),ICAM,Cell-Cell Contact,KEGG: hsa04514
Proliferating,Resident M2,ICAM1,ITGAM_ITGB2,0.00461043575995495,0,ICAM1_ITGAM_ITGB2,ICAM1 - (ITGAM+ITGB2),ICAM,Cell-Cell Contact,KEGG: hsa04514
Resident M2,Resident M2,ICAM1,ITGAM_ITGB2,0.0207183450879447,0,ICAM1_ITGAM_ITGB2,ICAM1 - (ITGAM+ITGB2),ICAM,Cell-Cell Contact,KEGG: hsa04514
Stress-response,Resident M2,ICAM1,ITGAM_ITGB2,0.00720152499581699,0,ICAM1_ITGAM_ITGB2,ICAM1 - (ITGAM+ITGB2),ICAM,Cell-Cell Contact,KEGG: hsa04514
Classical Mono-derived,Stress-response,ICAM1,ITGAM_ITGB2,0.0177315769783343,0,ICAM1_ITGAM_ITGB2,ICAM1 - (ITGAM+ITGB2),ICAM,Cell-Cell Contact,KEGG: hsa04514
IFN-stimulated,Stress-response,ICAM1,ITGAM_ITGB2,0.0185357242684548,0,ICAM1_ITGAM_ITGB2,ICAM1 - (ITGAM+ITGB2),ICAM,Cell-Cell Contact,KEGG: hsa04514
Inflammatory Mono-derived,Stress-response,ICAM1,ITGAM_ITGB2,0.0197031231576304,0,ICAM1_ITGAM_ITGB2,ICAM1 - (ITGAM+ITGB2),ICAM,Cell-Cell Contact,KEGG: hsa04514
Proliferating,Stress-response,ICAM1,ITGAM_ITGB2,0.00403442629802762,0,ICAM1_ITGAM_ITGB2,ICAM1 - (ITGAM+ITGB2),ICAM,Cell-Cell Contact,KEGG: hsa04514
Resident M2,Stress-response,ICAM1,ITGAM_ITGB2,0.0181666065253666,0,ICAM1_ITGAM_ITGB2,ICAM1 - (ITGAM+ITGB2),ICAM,Cell-Cell Contact,KEGG: hsa04514
Stress-response,Stress-response,ICAM1,ITGAM_ITGB2,0.00630384531057721,0,ICAM1_ITGAM_ITGB2,ICAM1 - (ITGAM+ITGB2),ICAM,Cell-Cell Contact,KEGG: hsa04514
CD8.NaiveLike,Classical Mono-derived,ICAM2,ITGAM_ITGB2,0.00759749108713461,0,ICAM2_ITGAM_ITGB2,ICAM2 - (ITGAM+ITGB2),ICAM,Cell-Cell Contact,KEGG: hsa04514
Classical Mono-derived,Classical Mono-derived,ICAM2,ITGAM_ITGB2,0.0064435353462224,0,ICAM2_ITGAM_ITGB2,ICAM2 - (ITGAM+ITGB2),ICAM,Cell-Cell Contact,KEGG: hsa04514
IFN-stimulated,Classical Mono-derived,ICAM2,ITGAM_ITGB2,0.00129562886584454,0,ICAM2_ITGAM_ITGB2,ICAM2 - (ITGAM+ITGB2),ICAM,Cell-Cell Contact,KEGG: hsa04514
CD8.NaiveLike,IFN-stimulated,ICAM2,ITGAM_ITGB2,0.00606335039866525,0,ICAM2_ITGAM_ITGB2,ICAM2 - (ITGAM+ITGB2),ICAM,Cell-Cell Contact,KEGG: hsa04514
Classical Mono-derived,IFN-stimulated,ICAM2,ITGAM_ITGB2,0.00514120264911279,0,ICAM2_ITGAM_ITGB2,ICAM2 - (ITGAM+ITGB2),ICAM,Cell-Cell Contact,KEGG: hsa04514
IFN-stimulated,IFN-stimulated,ICAM2,ITGAM_ITGB2,0.00103268189024286,0,ICAM2_ITGAM_ITGB2,ICAM2 - (ITGAM+ITGB2),ICAM,Cell-Cell Contact,KEGG: hsa04514
CD8.NaiveLike,Inflammatory Mono-derived,ICAM2,ITGAM_ITGB2,0.00699454117800066,0,ICAM2_ITGAM_ITGB2,ICAM2 - (ITGAM+ITGB2),ICAM,Cell-Cell Contact,KEGG: hsa04514
Classical Mono-derived,Inflammatory Mono-derived,ICAM2,ITGAM_ITGB2,0.00593161796602112,0,ICAM2_ITGAM_ITGB2,ICAM2 - (ITGAM+ITGB2),ICAM,Cell-Cell Contact,KEGG: hsa04514
IFN-stimulated,Inflammatory Mono-derived,ICAM2,ITGAM_ITGB2,0.00119220472132289,0,ICAM2_ITGAM_ITGB2,ICAM2 - (ITGAM+ITGB2),ICAM,Cell-Cell Contact,KEGG: hsa04514
CD8.NaiveLike,Resident M2,ICAM2,ITGAM_ITGB2,0.00608176883400314,0,ICAM2_ITGAM_ITGB2,ICAM2 - (ITGAM+ITGB2),ICAM,Cell-Cell Contact,KEGG: hsa04514
Classical Mono-derived,Resident M2,ICAM2,ITGAM_ITGB2,0.00515683444061043,0,ICAM2_ITGAM_ITGB2,ICAM2 - (ITGAM+ITGB2),ICAM,Cell-Cell Contact,KEGG: hsa04514
IFN-stimulated,Resident M2,ICAM2,ITGAM_ITGB2,0.00103583475891168,0,ICAM2_ITGAM_ITGB2,ICAM2 - (ITGAM+ITGB2),ICAM,Cell-Cell Contact,KEGG: hsa04514
CD8.NaiveLike,Stress-response,ICAM2,ITGAM_ITGB2,0.00532291988850198,0,ICAM2_ITGAM_ITGB2,ICAM2 - (ITGAM+ITGB2),ICAM,Cell-Cell Contact,KEGG: hsa04514
Classical Mono-derived,Stress-response,ICAM2,ITGAM_ITGB2,0.00451286960341368,0,ICAM2_ITGAM_ITGB2,ICAM2 - (ITGAM+ITGB2),ICAM,Cell-Cell Contact,KEGG: hsa04514
IFN-stimulated,Stress-response,ICAM2,ITGAM_ITGB2,0.000906015196780046,0,ICAM2_ITGAM_ITGB2,ICAM2 - (ITGAM+ITGB2),ICAM,Cell-Cell Contact,KEGG: hsa04514
Classical Mono-derived,CD8.CM,ICAM1,ITGAL,0.00605446534485027,0,ICAM1_ITGAL,ICAM1 - ITGAL,ICAM,Cell-Cell Contact,PMID: 23602662
IFN-stimulated,CD8.CM,ICAM1,ITGAL,0.0063324562879587,0,ICAM1_ITGAL,ICAM1 - ITGAL,ICAM,Cell-Cell Contact,PMID: 23602662
Inflammatory Mono-derived,CD8.CM,ICAM1,ITGAL,0.00673655619343136,0,ICAM1_ITGAL,ICAM1 - ITGAL,ICAM,Cell-Cell Contact,PMID: 23602662
Proliferating,CD8.CM,ICAM1,ITGAL,0.00136502392591386,0,ICAM1_ITGAL,ICAM1 - ITGAL,ICAM,Cell-Cell Contact,PMID: 23602662
Resident M2,CD8.CM,ICAM1,ITGAL,0.00620481633053612,0,ICAM1_ITGAL,ICAM1 - ITGAL,ICAM,Cell-Cell Contact,PMID: 23602662
Stress-response,CD8.CM,ICAM1,ITGAL,0.0021360887188462,0,ICAM1_ITGAL,ICAM1 - ITGAL,ICAM,Cell-Cell Contact,PMID: 23602662
Classical Mono-derived,CD8.EM,ICAM1,ITGAL,0.00896553731618859,0,ICAM1_ITGAL,ICAM1 - ITGAL,ICAM,Cell-Cell Contact,PMID: 23602662
IFN-stimulated,CD8.EM,ICAM1,ITGAL,0.00937592937035589,0,ICAM1_ITGAL,ICAM1 - ITGAL,ICAM,Cell-Cell Contact,PMID: 23602662
Inflammatory Mono-derived,CD8.EM,ICAM1,ITGAL,0.00997229659978686,0,ICAM1_ITGAL,ICAM1 - ITGAL,ICAM,Cell-Cell Contact,PMID: 23602662
Proliferating,CD8.EM,ICAM1,ITGAL,0.00202594241839135,0,ICAM1_ITGAL,ICAM1 - ITGAL,ICAM,Cell-Cell Contact,PMID: 23602662
Resident M2,CD8.EM,ICAM1,ITGAL,0.00918751094860969,0,ICAM1_ITGAL,ICAM1 - ITGAL,ICAM,Cell-Cell Contact,PMID: 23602662
Stress-response,CD8.EM,ICAM1,ITGAL,0.00316915727109994,0,ICAM1_ITGAL,ICAM1 - ITGAL,ICAM,Cell-Cell Contact,PMID: 23602662
Classical Mono-derived,CD8.MAIT,ICAM1,ITGAL,0.00519950340099832,0,ICAM1_ITGAL,ICAM1 - ITGAL,ICAM,Cell-Cell Contact,PMID: 23602662
IFN-stimulated,CD8.MAIT,ICAM1,ITGAL,0.00543845353310362,0,ICAM1_ITGAL,ICAM1 - ITGAL,ICAM,Cell-Cell Contact,PMID: 23602662
Inflammatory Mono-derived,CD8.MAIT,ICAM1,ITGAL,0.00578583565584217,0,ICAM1_ITGAL,ICAM1 - ITGAL,ICAM,Cell-Cell Contact,PMID: 23602662
Proliferating,CD8.MAIT,ICAM1,ITGAL,0.00117148595287595,0,ICAM1_ITGAL,ICAM1 - ITGAL,ICAM,Cell-Cell Contact,PMID: 23602662
Resident M2,CD8.MAIT,ICAM1,ITGAL,0.00532873687884077,0,ICAM1_ITGAL,ICAM1 - ITGAL,ICAM,Cell-Cell Contact,PMID: 23602662
Stress-response,CD8.MAIT,ICAM1,ITGAL,0.00183342713458103,0,ICAM1_ITGAL,ICAM1 - ITGAL,ICAM,Cell-Cell Contact,PMID: 23602662
Classical Mono-derived,CD8.TEMRA,ICAM1,ITGAL,0.0189427279050322,0,ICAM1_ITGAL,ICAM1 - ITGAL,ICAM,Cell-Cell Contact,PMID: 23602662
IFN-stimulated,CD8.TEMRA,ICAM1,ITGAL,0.0198006950472665,0,ICAM1_ITGAL,ICAM1 - ITGAL,ICAM,Cell-Cell Contact,PMID: 23602662
Inflammatory Mono-derived,CD8.TEMRA,ICAM1,ITGAL,0.0210460547034368,0,ICAM1_ITGAL,ICAM1 - ITGAL,ICAM,Cell-Cell Contact,PMID: 23602662
Proliferating,CD8.TEMRA,ICAM1,ITGAL,0.0043141058294192,0,ICAM1_ITGAL,ICAM1 - ITGAL,ICAM,Cell-Cell Contact,PMID: 23602662
Resident M2,CD8.TEMRA,ICAM1,ITGAL,0.019406884959046,0,ICAM1_ITGAL,ICAM1 - ITGAL,ICAM,Cell-Cell Contact,PMID: 23602662
Stress-response,CD8.TEMRA,ICAM1,ITGAL,0.00673978371560945,0,ICAM1_ITGAL,ICAM1 - ITGAL,ICAM,Cell-Cell Contact,PMID: 23602662
Classical Mono-derived,CD8.TEX,ICAM1,ITGAL,0.00871432632504888,0,ICAM1_ITGAL,ICAM1 - ITGAL,ICAM,Cell-Cell Contact,PMID: 23602662
IFN-stimulated,CD8.TEX,ICAM1,ITGAL,0.00911332509031334,0,ICAM1_ITGAL,ICAM1 - ITGAL,ICAM,Cell-Cell Contact,PMID: 23602662
Inflammatory Mono-derived,CD8.TEX,ICAM1,ITGAL,0.00969315249929307,0,ICAM1_ITGAL,ICAM1 - ITGAL,ICAM,Cell-Cell Contact,PMID: 23602662
Proliferating,CD8.TEX,ICAM1,ITGAL,0.00196878998778491,0,ICAM1_ITGAL,ICAM1 - ITGAL,ICAM,Cell-Cell Contact,PMID: 23602662
Resident M2,CD8.TEX,ICAM1,ITGAL,0.0089301363840937,0,ICAM1_ITGAL,ICAM1 - ITGAL,ICAM,Cell-Cell Contact,PMID: 23602662
Stress-response,CD8.TEX,ICAM1,ITGAL,0.00307985394199892,0,ICAM1_ITGAL,ICAM1 - ITGAL,ICAM,Cell-Cell Contact,PMID: 23602662
Classical Mono-derived,CD8.TPEX,ICAM1,ITGAL,0.00706784693703397,0,ICAM1_ITGAL,ICAM1 - ITGAL,ICAM,Cell-Cell Contact,PMID: 23602662
IFN-stimulated,CD8.TPEX,ICAM1,ITGAL,0.00739202128213008,0,ICAM1_ITGAL,ICAM1 - ITGAL,ICAM,Cell-Cell Contact,PMID: 23602662
Inflammatory Mono-derived,CD8.TPEX,ICAM1,ITGAL,0.00786320129853743,0,ICAM1_ITGAL,ICAM1 - ITGAL,ICAM,Cell-Cell Contact,PMID: 23602662
Proliferating,CD8.TPEX,ICAM1,ITGAL,0.00159475765154651,0,ICAM1_ITGAL,ICAM1 - ITGAL,ICAM,Cell-Cell Contact,PMID: 23602662
Resident M2,CD8.TPEX,ICAM1,ITGAL,0.0072431799150568,0,ICAM1_ITGAL,ICAM1 - ITGAL,ICAM,Cell-Cell Contact,PMID: 23602662
Stress-response,CD8.TPEX,ICAM1,ITGAL,0.00249526850708312,0,ICAM1_ITGAL,ICAM1 - ITGAL,ICAM,Cell-Cell Contact,PMID: 23602662
Classical Mono-derived,Classical Mono-derived,ICAM1,ITGAL,0.00666080393314775,0,ICAM1_ITGAL,ICAM1 - ITGAL,ICAM,Cell-Cell Contact,PMID: 23602662
IFN-stimulated,Classical Mono-derived,ICAM1,ITGAL,0.00696643980179683,0,ICAM1_ITGAL,ICAM1 - ITGAL,ICAM,Cell-Cell Contact,PMID: 23602662
Inflammatory Mono-derived,Classical Mono-derived,ICAM1,ITGAL,0.00741069505954264,0,ICAM1_ITGAL,ICAM1 - ITGAL,ICAM,Cell-Cell Contact,PMID: 23602662
Proliferating,Classical Mono-derived,ICAM1,ITGAL,0.00150243733393275,0,ICAM1_ITGAL,ICAM1 - ITGAL,ICAM,Cell-Cell Contact,PMID: 23602662
Resident M2,Classical Mono-derived,ICAM1,ITGAL,0.00682610876132419,0,ICAM1_ITGAL,ICAM1 - ITGAL,ICAM,Cell-Cell Contact,PMID: 23602662
Stress-response,Classical Mono-derived,ICAM1,ITGAL,0.00235094048194148,0,ICAM1_ITGAL,ICAM1 - ITGAL,ICAM,Cell-Cell Contact,PMID: 23602662
Classical Mono-derived,CD8.CM,ICAM1,SPN,0.00822965806415104,0,ICAM1_SPN,ICAM1 - SPN,ICAM,Cell-Cell Contact,PMID: 1683685
IFN-stimulated,CD8.CM,ICAM1,SPN,0.00860665822321086,0,ICAM1_SPN,ICAM1 - SPN,ICAM,Cell-Cell Contact,PMID: 1683685
Inflammatory Mono-derived,CD8.CM,ICAM1,SPN,0.00915454721431051,0,ICAM1_SPN,ICAM1 - SPN,ICAM,Cell-Cell Contact,PMID: 1683685
Proliferating,CD8.CM,ICAM1,SPN,0.00185858757293764,0,ICAM1_SPN,ICAM1 - SPN,ICAM,Cell-Cell Contact,PMID: 1683685
Resident M2,CD8.CM,ICAM1,SPN,0.00843356744290867,0,ICAM1_SPN,ICAM1 - SPN,ICAM,Cell-Cell Contact,PMID: 1683685
Stress-response,CD8.CM,ICAM1,SPN,0.00290764125076516,0,ICAM1_SPN,ICAM1 - SPN,ICAM,Cell-Cell Contact,PMID: 1683685
Classical Mono-derived,CD8.MAIT,ICAM1,SPN,0.00920987933108182,0,ICAM1_SPN,ICAM1 - SPN,ICAM,Cell-Cell Contact,PMID: 1683685
IFN-stimulated,CD8.MAIT,ICAM1,SPN,0.00963134729598745,0,ICAM1_SPN,ICAM1 - SPN,ICAM,Cell-Cell Contact,PMID: 1683685
Inflammatory Mono-derived,CD8.MAIT,ICAM1,SPN,0.0102437926913644,0,ICAM1_SPN,ICAM1 - SPN,ICAM,Cell-Cell Contact,PMID: 1683685
Proliferating,CD8.MAIT,ICAM1,SPN,0.00208155362382793,0,ICAM1_SPN,ICAM1 - SPN,ICAM,Cell-Cell Contact,PMID: 1683685
Resident M2,CD8.MAIT,ICAM1,SPN,0.00943784490429742,0,ICAM1_SPN,ICAM1 - SPN,ICAM,Cell-Cell Contact,PMID: 1683685
Stress-response,CD8.MAIT,ICAM1,SPN,0.00325604682395549,0,ICAM1_SPN,ICAM1 - SPN,ICAM,Cell-Cell Contact,PMID: 1683685
Classical Mono-derived,CD8.TEMRA,ICAM1,SPN,0.00925221367934761,0,ICAM1_SPN,ICAM1 - SPN,ICAM,Cell-Cell Contact,PMID: 1683685
IFN-stimulated,CD8.TEMRA,ICAM1,SPN,0.00967560005475964,0,ICAM1_SPN,ICAM1 - SPN,ICAM,Cell-Cell Contact,PMID: 1683685
Inflammatory Mono-derived,CD8.TEMRA,ICAM1,SPN,0.0102908301882396,0,ICAM1_SPN,ICAM1 - SPN,ICAM,Cell-Cell Contact,PMID: 1683685
Proliferating,CD8.TEMRA,ICAM1,SPN,0.00209119089961755,0,ICAM1_SPN,ICAM1 - SPN,ICAM,Cell-Cell Contact,PMID: 1683685
Resident M2,CD8.TEMRA,ICAM1,SPN,0.0094812170970338,0,ICAM1_SPN,ICAM1 - SPN,ICAM,Cell-Cell Contact,PMID: 1683685
Stress-response,CD8.TEMRA,ICAM1,SPN,0.00327110399965773,0,ICAM1_SPN,ICAM1 - SPN,ICAM,Cell-Cell Contact,PMID: 1683685
Classical Mono-derived,CD8.TEX,ICAM1,SPN,0.00938763756248221,0,ICAM1_SPN,ICAM1 - SPN,ICAM,Cell-Cell Contact,PMID: 1683685
IFN-stimulated,CD8.TEX,ICAM1,SPN,0.00981715960332811,0,ICAM1_SPN,ICAM1 - SPN,ICAM,Cell-Cell Contact,PMID: 1683685
Inflammatory Mono-derived,CD8.TEX,ICAM1,SPN,0.0104412960025469,0,ICAM1_SPN,ICAM1 - SPN,ICAM,Cell-Cell Contact,PMID: 1683685
Proliferating,CD8.TEX,ICAM1,SPN,0.00212202398479241,0,ICAM1_SPN,ICAM1 - SPN,ICAM,Cell-Cell Contact,PMID: 1683685
Resident M2,CD8.TEX,ICAM1,SPN,0.00961996033786304,0,ICAM1_SPN,ICAM1 - SPN,ICAM,Cell-Cell Contact,PMID: 1683685
Stress-response,CD8.TEX,ICAM1,SPN,0.0033192761769256,0,ICAM1_SPN,ICAM1 - SPN,ICAM,Cell-Cell Contact,PMID: 1683685
Classical Mono-derived,CD8.TPEX,ICAM1,SPN,0.0068591322830887,0,ICAM1_SPN,ICAM1 - SPN,ICAM,Cell-Cell Contact,PMID: 1683685
IFN-stimulated,CD8.TPEX,ICAM1,SPN,0.00717380287084485,0,ICAM1_SPN,ICAM1 - SPN,ICAM,Cell-Cell Contact,PMID: 1683685
Inflammatory Mono-derived,CD8.TPEX,ICAM1,SPN,0.00763118021159372,0,ICAM1_SPN,ICAM1 - SPN,ICAM,Cell-Cell Contact,PMID: 1683685
Proliferating,CD8.TPEX,ICAM1,SPN,0.001547412327392,0,ICAM1_SPN,ICAM1 - SPN,ICAM,Cell-Cell Contact,PMID: 1683685
Resident M2,CD8.TPEX,ICAM1,SPN,0.00702932430431455,0,ICAM1_SPN,ICAM1 - SPN,ICAM,Cell-Cell Contact,PMID: 1683685
Stress-response,CD8.TPEX,ICAM1,SPN,0.00242125356116151,0,ICAM1_SPN,ICAM1 - SPN,ICAM,Cell-Cell Contact,PMID: 1683685
Classical Mono-derived,Classical Mono-derived,ICAM1,SPN,0.00583856697195302,0,ICAM1_SPN,ICAM1 - SPN,ICAM,Cell-Cell Contact,PMID: 1683685
IFN-stimulated,Classical Mono-derived,ICAM1,SPN,0.00610670583971671,0,ICAM1_SPN,ICAM1 - SPN,ICAM,Cell-Cell Contact,PMID: 1683685
Inflammatory Mono-derived,Classical Mono-derived,ICAM1,SPN,0.00649649387213157,0,ICAM1_SPN,ICAM1 - SPN,ICAM,Cell-Cell Contact,PMID: 1683685
Proliferating,Classical Mono-derived,ICAM1,SPN,0.00131612661668445,0,ICAM1_SPN,ICAM1 - SPN,ICAM,Cell-Cell Contact,PMID: 1683685
Resident M2,Classical Mono-derived,ICAM1,SPN,0.00598358881332517,0,ICAM1_SPN,ICAM1 - SPN,ICAM,Cell-Cell Contact,PMID: 1683685
Stress-response,Classical Mono-derived,ICAM1,SPN,0.0020596276192465,0,ICAM1_SPN,ICAM1 - SPN,ICAM,Cell-Cell Contact,PMID: 1683685
Classical Mono-derived,Stress-response,ICAM1,SPN,0.002630747011418,0.02,ICAM1_SPN,ICAM1 - SPN,ICAM,Cell-Cell Contact,PMID: 1683685
IFN-stimulated,Stress-response,ICAM1,SPN,0.00275197307860646,0.01,ICAM1_SPN,ICAM1 - SPN,ICAM,Cell-Cell Contact,PMID: 1683685
Inflammatory Mono-derived,Stress-response,ICAM1,SPN,0.00292826105159336,0,ICAM1_SPN,ICAM1 - SPN,ICAM,Cell-Cell Contact,PMID: 1683685
Proliferating,Stress-response,ICAM1,SPN,0.00059154312388272,0,ICAM1_SPN,ICAM1 - SPN,ICAM,Cell-Cell Contact,PMID: 1683685
Resident M2,Stress-response,ICAM1,SPN,0.00269630718687006,0,ICAM1_SPN,ICAM1 - SPN,ICAM,Cell-Cell Contact,PMID: 1683685
Stress-response,Stress-response,ICAM1,SPN,0.0009260948845873,0,ICAM1_SPN,ICAM1 - SPN,ICAM,Cell-Cell Contact,PMID: 1683685
CD8.CM,CD8.CM,LCK,CD8 receptor,0.0754065713248755,0,LCK_CD8A_CD8B1,LCK - (CD8A+CD8B1),LCK,Cell-Cell Contact,PMID: 25427562
CD8.EM,CD8.CM,LCK,CD8 receptor,0.0730794546985258,0,LCK_CD8A_CD8B1,LCK - (CD8A+CD8B1),LCK,Cell-Cell Contact,PMID: 25427562
CD8.TEX,CD8.CM,LCK,CD8 receptor,0.0974446371017445,0,LCK_CD8A_CD8B1,LCK - (CD8A+CD8B1),LCK,Cell-Cell Contact,PMID: 25427562
CD8.TPEX,CD8.CM,LCK,CD8 receptor,0.0699702958803646,0.04,LCK_CD8A_CD8B1,LCK - (CD8A+CD8B1),LCK,Cell-Cell Contact,PMID: 25427562
CD8.CM,CD8.EM,LCK,CD8 receptor,0.0729319665257122,0,LCK_CD8A_CD8B1,LCK - (CD8A+CD8B1),LCK,Cell-Cell Contact,PMID: 25427562
CD8.EM,CD8.EM,LCK,CD8 receptor,0.0706753809244336,0,LCK_CD8A_CD8B1,LCK - (CD8A+CD8B1),LCK,Cell-Cell Contact,PMID: 25427562
CD8.TEX,CD8.EM,LCK,CD8 receptor,0.0943205906193887,0,LCK_CD8A_CD8B1,LCK - (CD8A+CD8B1),LCK,Cell-Cell Contact,PMID: 25427562
CD8.CM,CD8.NaiveLike,LCK,CD8 receptor,0.0690067411422572,0.03,LCK_CD8A_CD8B1,LCK - (CD8A+CD8B1),LCK,Cell-Cell Contact,PMID: 25427562
CD8.TEX,CD8.NaiveLike,LCK,CD8 receptor,0.0893551742204514,0,LCK_CD8A_CD8B1,LCK - (CD8A+CD8B1),LCK,Cell-Cell Contact,PMID: 25427562
CD8.CM,CD8.TEMRA,LCK,CD8 receptor,0.0857788280709983,0,LCK_CD8A_CD8B1,LCK - (CD8A+CD8B1),LCK,Cell-Cell Contact,PMID: 25427562
CD8.EM,CD8.TEMRA,LCK,CD8 receptor,0.0831604044157396,0.02,LCK_CD8A_CD8B1,LCK - (CD8A+CD8B1),LCK,Cell-Cell Contact,PMID: 25427562
CD8.TEX,CD8.TEMRA,LCK,CD8 receptor,0.110486015976164,0,LCK_CD8A_CD8B1,LCK - (CD8A+CD8B1),LCK,Cell-Cell Contact,PMID: 25427562
CD8.TPEX,CD8.TEMRA,LCK,CD8 receptor,0.0796592114151989,0.02,LCK_CD8A_CD8B1,LCK - (CD8A+CD8B1),LCK,Cell-Cell Contact,PMID: 25427562
CD8.CM,CD8.TEX,LCK,CD8 receptor,0.0843239610991029,0,LCK_CD8A_CD8B1,LCK - (CD8A+CD8B1),LCK,Cell-Cell Contact,PMID: 25427562
CD8.EM,CD8.TEX,LCK,CD8 receptor,0.0817459766963485,0,LCK_CD8A_CD8B1,LCK - (CD8A+CD8B1),LCK,Cell-Cell Contact,PMID: 25427562
CD8.NaiveLike,CD8.TEX,LCK,CD8 receptor,0.0740686634539002,0,LCK_CD8A_CD8B1,LCK - (CD8A+CD8B1),LCK,Cell-Cell Contact,PMID: 25427562
CD8.TEX,CD8.TEX,LCK,CD8 receptor,0.108661905624583,0,LCK_CD8A_CD8B1,LCK - (CD8A+CD8B1),LCK,Cell-Cell Contact,PMID: 25427562
CD8.TPEX,CD8.TEX,LCK,CD8 receptor,0.0782992478572104,0,LCK_CD8A_CD8B1,LCK - (CD8A+CD8B1),LCK,Cell-Cell Contact,PMID: 25427562
CD8.TEX,CD8.TPEX,LCK,CD8 receptor,0.0845637214801459,0,LCK_CD8A_CD8B1,LCK - (CD8A+CD8B1),LCK,Cell-Cell Contact,PMID: 25427562
CD8.CM,CD8.CM,HLA-A,CD8A,0.245885250097096,0.02,HLA-A_CD8A,HLA-A - CD8A,MHC-I,Cell-Cell Contact,KEGG: hsa04514
CD8.EM,CD8.CM,HLA-A,CD8A,0.250224575214888,0,HLA-A_CD8A,HLA-A - CD8A,MHC-I,Cell-Cell Contact,KEGG: hsa04514
CD8.TEMRA,CD8.CM,HLA-A,CD8A,0.251088583709795,0.04,HLA-A_CD8A,HLA-A - CD8A,MHC-I,Cell-Cell Contact,KEGG: hsa04514
CD8.TEX,CD8.CM,HLA-A,CD8A,0.256554059008396,0,HLA-A_CD8A,HLA-A - CD8A,MHC-I,Cell-Cell Contact,KEGG: hsa04514
CD8.TPEX,CD8.CM,HLA-A,CD8A,0.255088385110645,0,HLA-A_CD8A,HLA-A - CD8A,MHC-I,Cell-Cell Contact,KEGG: hsa04514
CD8.CM,CD8.EM,HLA-A,CD8A,0.250517669667268,0,HLA-A_CD8A,HLA-A - CD8A,MHC-I,Cell-Cell Contact,KEGG: hsa04514
CD8.EM,CD8.EM,HLA-A,CD8A,0.254911112307557,0,HLA-A_CD8A,HLA-A - CD8A,MHC-I,Cell-Cell Contact,KEGG: hsa04514
CD8.MAIT,CD8.EM,HLA-A,CD8A,0.247627812797813,0.02,HLA-A_CD8A,HLA-A - CD8A,MHC-I,Cell-Cell Contact,KEGG: hsa04514
CD8.TEMRA,CD8.EM,HLA-A,CD8A,0.255785782509677,0,HLA-A_CD8A,HLA-A - CD8A,MHC-I,Cell-Cell Contact,KEGG: hsa04514
CD8.TEX,CD8.EM,HLA-A,CD8A,0.261317826105322,0,HLA-A_CD8A,HLA-A - CD8A,MHC-I,Cell-Cell Contact,KEGG: hsa04514
CD8.TPEX,CD8.EM,HLA-A,CD8A,0.259834448827155,0,HLA-A_CD8A,HLA-A - CD8A,MHC-I,Cell-Cell Contact,KEGG: hsa04514
CD8.EM,CD8.TEMRA,HLA-A,CD8A,0.268025697002871,0.04,HLA-A_CD8A,HLA-A - CD8A,MHC-I,Cell-Cell Contact,KEGG: hsa04514
CD8.TEX,CD8.TEMRA,HLA-A,CD8A,0.274640526561572,0.01,HLA-A_CD8A,HLA-A - CD8A,MHC-I,Cell-Cell Contact,KEGG: hsa04514
CD8.TPEX,CD8.TEMRA,HLA-A,CD8A,0.273109483720317,0.01,HLA-A_CD8A,HLA-A - CD8A,MHC-I,Cell-Cell Contact,KEGG: hsa04514
CD8.CM,CD8.TEX,HLA-A,CD8A,0.270342976559244,0,HLA-A_CD8A,HLA-A - CD8A,MHC-I,Cell-Cell Contact,KEGG: hsa04514
CD8.EM,CD8.TEX,HLA-A,CD8A,0.27495655208588,0,HLA-A_CD8A,HLA-A - CD8A,MHC-I,Cell-Cell Contact,KEGG: hsa04514
CD8.MAIT,CD8.TEX,HLA-A,CD8A,0.26730598929934,0,HLA-A_CD8A,HLA-A - CD8A,MHC-I,Cell-Cell Contact,KEGG: hsa04514
CD8.NaiveLike,CD8.TEX,HLA-A,CD8A,0.249784822787663,0,HLA-A_CD8A,HLA-A - CD8A,MHC-I,Cell-Cell Contact,KEGG: hsa04514
CD8.TEMRA,CD8.TEX,HLA-A,CD8A,0.275874536892392,0,HLA-A_CD8A,HLA-A - CD8A,MHC-I,Cell-Cell Contact,KEGG: hsa04514
CD8.TEX,CD8.TEX,HLA-A,CD8A,0.281676610035556,0,HLA-A_CD8A,HLA-A - CD8A,MHC-I,Cell-Cell Contact,KEGG: hsa04514
CD8.TPEX,CD8.TEX,HLA-A,CD8A,0.28012149073486,0,HLA-A_CD8A,HLA-A - CD8A,MHC-I,Cell-Cell Contact,KEGG: hsa04514
IFN-stimulated,CD8.TEX,HLA-A,CD8A,0.258849116161225,0.01,HLA-A_CD8A,HLA-A - CD8A,MHC-I,Cell-Cell Contact,KEGG: hsa04514
CD8.TEX,CD8.TPEX,HLA-A,CD8A,0.254034213043803,0,HLA-A_CD8A,HLA-A - CD8A,MHC-I,Cell-Cell Contact,KEGG: hsa04514
CD8.TPEX,CD8.TPEX,HLA-A,CD8A,0.252578044049121,0.04,HLA-A_CD8A,HLA-A - CD8A,MHC-I,Cell-Cell Contact,KEGG: hsa04514
CD8.EM,CD8.CM,HLA-B,CD8A,0.248844313947533,0,HLA-B_CD8A,HLA-B - CD8A,MHC-I,Cell-Cell Contact,KEGG: hsa04514
CD8.TEMRA,CD8.CM,HLA-B,CD8A,0.268689838918628,0,HLA-B_CD8A,HLA-B - CD8A,MHC-I,Cell-Cell Contact,KEGG: hsa04514
CD8.TEX,CD8.CM,HLA-B,CD8A,0.250001441758273,0,HLA-B_CD8A,HLA-B - CD8A,MHC-I,Cell-Cell Contact,KEGG: hsa04514
CD8.TPEX,CD8.CM,HLA-B,CD8A,0.250581502821939,0,HLA-B_CD8A,HLA-B - CD8A,MHC-I,Cell-Cell Contact,KEGG: hsa04514
IFN-stimulated,CD8.CM,HLA-B,CD8A,0.255536454350617,0.02,HLA-B_CD8A,HLA-B - CD8A,MHC-I,Cell-Cell Contact,KEGG: hsa04514
CD8.EM,CD8.EM,HLA-B,CD8A,0.253513740530664,0,HLA-B_CD8A,HLA-B - CD8A,MHC-I,Cell-Cell Contact,KEGG: hsa04514
CD8.MAIT,CD8.EM,HLA-B,CD8A,0.249489328188798,0,HLA-B_CD8A,HLA-B - CD8A,MHC-I,Cell-Cell Contact,KEGG: hsa04514
CD8.TEMRA,CD8.EM,HLA-B,CD8A,0.273596018835651,0,HLA-B_CD8A,HLA-B - CD8A,MHC-I,Cell-Cell Contact,KEGG: hsa04514
CD8.TEX,CD8.EM,HLA-B,CD8A,0.254685219290414,0,HLA-B_CD8A,HLA-B - CD8A,MHC-I,Cell-Cell Contact,KEGG: hsa04514
CD8.TPEX,CD8.EM,HLA-B,CD8A,0.25527244891306,0,HLA-B_CD8A,HLA-B - CD8A,MHC-I,Cell-Cell Contact,KEGG: hsa04514
IFN-stimulated,CD8.EM,HLA-B,CD8A,0.260287941670092,0,HLA-B_CD8A,HLA-B - CD8A,MHC-I,Cell-Cell Contact,KEGG: hsa04514
Inflammatory Mono-derived,CD8.EM,HLA-B,CD8A,0.248529858805956,0,HLA-B_CD8A,HLA-B - CD8A,MHC-I,Cell-Cell Contact,KEGG: hsa04514
Lipid-associated,CD8.EM,HLA-B,CD8A,0.24603156391944,0,HLA-B_CD8A,HLA-B - CD8A,MHC-I,Cell-Cell Contact,KEGG: hsa04514
CD8.EM,CD8.TEMRA,HLA-B,CD8A,0.266582155456347,0.02,HLA-B_CD8A,HLA-B - CD8A,MHC-I,Cell-Cell Contact,KEGG: hsa04514
CD8.TEMRA,CD8.TEMRA,HLA-B,CD8A,0.287301229716058,0,HLA-B_CD8A,HLA-B - CD8A,MHC-I,Cell-Cell Contact,KEGG: hsa04514
CD8.TEX,CD8.TEMRA,HLA-B,CD8A,0.267792359258851,0.02,HLA-B_CD8A,HLA-B - CD8A,MHC-I,Cell-Cell Contact,KEGG: hsa04514
CD8.TPEX,CD8.TEMRA,HLA-B,CD8A,0.268398926998197,0.02,HLA-B_CD8A,HLA-B - CD8A,MHC-I,Cell-Cell Contact,KEGG: hsa04514
IFN-stimulated,CD8.TEMRA,HLA-B,CD8A,0.273577581983165,0.01,HLA-B_CD8A,HLA-B - CD8A,MHC-I,Cell-Cell Contact,KEGG: hsa04514
Stress-response,CD8.TEMRA,HLA-B,CD8A,0.26059419502766,0.03,HLA-B_CD8A,HLA-B - CD8A,MHC-I,Cell-Cell Contact,KEGG: hsa04514
CD8.CM,CD8.TEX,HLA-B,CD8A,0.25956313427756,0,HLA-B_CD8A,HLA-B - CD8A,MHC-I,Cell-Cell Contact,KEGG: hsa04514
CD8.EM,CD8.TEX,HLA-B,CD8A,0.273489629239053,0,HLA-B_CD8A,HLA-B - CD8A,MHC-I,Cell-Cell Contact,KEGG: hsa04514
CD8.MAIT,CD8.TEX,HLA-B,CD8A,0.269262491889422,0,HLA-B_CD8A,HLA-B - CD8A,MHC-I,Cell-Cell Contact,KEGG: hsa04514
CD8.NaiveLike,CD8.TEX,HLA-B,CD8A,0.256065484221843,0,HLA-B_CD8A,HLA-B - CD8A,MHC-I,Cell-Cell Contact,KEGG: hsa04514
CD8.TEMRA,CD8.TEX,HLA-B,CD8A,0.294529966439642,0,HLA-B_CD8A,HLA-B - CD8A,MHC-I,Cell-Cell Contact,KEGG: hsa04514
CD8.TEX,CD8.TEX,HLA-B,CD8A,0.27471944506644,0,HLA-B_CD8A,HLA-B - CD8A,MHC-I,Cell-Cell Contact,KEGG: hsa04514
CD8.TPEX,CD8.TEX,HLA-B,CD8A,0.275335803011698,0,HLA-B_CD8A,HLA-B - CD8A,MHC-I,Cell-Cell Contact,KEGG: hsa04514
Classical Mono-derived,CD8.TEX,HLA-B,CD8A,0.27107173206521,0,HLA-B_CD8A,HLA-B - CD8A,MHC-I,Cell-Cell Contact,KEGG: hsa04514
IFN-stimulated,CD8.TEX,HLA-B,CD8A,0.280596967941396,0,HLA-B_CD8A,HLA-B - CD8A,MHC-I,Cell-Cell Contact,KEGG: hsa04514
Inflammatory Mono-derived,CD8.TEX,HLA-B,CD8A,0.268254159910476,0,HLA-B_CD8A,HLA-B - CD8A,MHC-I,Cell-Cell Contact,KEGG: hsa04514
Lipid-associated,CD8.TEX,HLA-B,CD8A,0.265627676102876,0,HLA-B_CD8A,HLA-B - CD8A,MHC-I,Cell-Cell Contact,KEGG: hsa04514
Proliferating,CD8.TEX,HLA-B,CD8A,0.264658537770652,0,HLA-B_CD8A,HLA-B - CD8A,MHC-I,Cell-Cell Contact,KEGG: hsa04514
Stress-response,CD8.TEX,HLA-B,CD8A,0.267403082799664,0,HLA-B_CD8A,HLA-B - CD8A,MHC-I,Cell-Cell Contact,KEGG: hsa04514
CD8.TEMRA,CD8.TPEX,HLA-B,CD8A,0.26609345927596,0,HLA-B_CD8A,HLA-B - CD8A,MHC-I,Cell-Cell Contact,KEGG: hsa04514
CD8.CM,CD8.CM,HLA-C,CD8A,0.232915127131508,0.02,HLA-C_CD8A,HLA-C - CD8A,MHC-I,Cell-Cell Contact,KEGG: hsa04514
CD8.EM,CD8.CM,HLA-C,CD8A,0.236362554989525,0,HLA-C_CD8A,HLA-C - CD8A,MHC-I,Cell-Cell Contact,KEGG: hsa04514
CD8.TEMRA,CD8.CM,HLA-C,CD8A,0.251898837382848,0,HLA-C_CD8A,HLA-C - CD8A,MHC-I,Cell-Cell Contact,KEGG: hsa04514
CD8.TEX,CD8.CM,HLA-C,CD8A,0.24167180361605,0,HLA-C_CD8A,HLA-C - CD8A,MHC-I,Cell-Cell Contact,KEGG: hsa04514
IFN-stimulated,CD8.CM,HLA-C,CD8A,0.239039281675918,0.03,HLA-C_CD8A,HLA-C - CD8A,MHC-I,Cell-Cell Contact,KEGG: hsa04514
CD8.CM,CD8.EM,HLA-C,CD8A,0.237380110391838,0,HLA-C_CD8A,HLA-C - CD8A,MHC-I,Cell-Cell Contact,KEGG: hsa04514
CD8.EM,CD8.EM,HLA-C,CD8A,0.240872873357902,0,HLA-C_CD8A,HLA-C - CD8A,MHC-I,Cell-Cell Contact,KEGG: hsa04514
CD8.MAIT,CD8.EM,HLA-C,CD8A,0.235649258729507,0.02,HLA-C_CD8A,HLA-C - CD8A,MHC-I,Cell-Cell Contact,KEGG: hsa04514
CD8.TEMRA,CD8.EM,HLA-C,CD8A,0.256606000261343,0,HLA-C_CD8A,HLA-C - CD8A,MHC-I,Cell-Cell Contact,KEGG: hsa04514
CD8.TEX,CD8.EM,HLA-C,CD8A,0.24625076393474,0,HLA-C_CD8A,HLA-C - CD8A,MHC-I,Cell-Cell Contact,KEGG: hsa04514
CD8.TPEX,CD8.EM,HLA-C,CD8A,0.234762458478007,0.02,HLA-C_CD8A,HLA-C - CD8A,MHC-I,Cell-Cell Contact,KEGG: hsa04514
IFN-stimulated,CD8.EM,HLA-C,CD8A,0.243584385123082,0.01,HLA-C_CD8A,HLA-C - CD8A,MHC-I,Cell-Cell Contact,KEGG: hsa04514
CD8.EM,CD8.TEMRA,HLA-C,CD8A,0.253510958284527,0.04,HLA-C_CD8A,HLA-C - CD8A,MHC-I,Cell-Cell Contact,KEGG: hsa04514
CD8.TEMRA,CD8.TEMRA,HLA-C,CD8A,0.269776210988234,0,HLA-C_CD8A,HLA-C - CD8A,MHC-I,Cell-Cell Contact,KEGG: hsa04514
CD8.TEX,CD8.TEMRA,HLA-C,CD8A,0.259074717599557,0.01,HLA-C_CD8A,HLA-C - CD8A,MHC-I,Cell-Cell Contact,KEGG: hsa04514
IFN-stimulated,CD8.TEMRA,HLA-C,CD8A,0.256316701230322,0.02,HLA-C_CD8A,HLA-C - CD8A,MHC-I,Cell-Cell Contact,KEGG: hsa04514
CD8.CM,CD8.TEX,HLA-C,CD8A,0.256521588810613,0,HLA-C_CD8A,HLA-C - CD8A,MHC-I,Cell-Cell Contact,KEGG: hsa04514
CD8.EM,CD8.TEX,HLA-C,CD8A,0.260199900959391,0,HLA-C_CD8A,HLA-C - CD8A,MHC-I,Cell-Cell Contact,KEGG: hsa04514
CD8.MAIT,CD8.TEX,HLA-C,CD8A,0.254697780599819,0,HLA-C_CD8A,HLA-C - CD8A,MHC-I,Cell-Cell Contact,KEGG: hsa04514
CD8.NaiveLike,CD8.TEX,HLA-C,CD8A,0.243463495636429,0,HLA-C_CD8A,HLA-C - CD8A,MHC-I,Cell-Cell Contact,KEGG: hsa04514
CD8.TEMRA,CD8.TEX,HLA-C,CD8A,0.276735218746795,0,HLA-C_CD8A,HLA-C - CD8A,MHC-I,Cell-Cell Contact,KEGG: hsa04514
CD8.TEX,CD8.TEX,HLA-C,CD8A,0.26585817887643,0,HLA-C_CD8A,HLA-C - CD8A,MHC-I,Cell-Cell Contact,KEGG: hsa04514
CD8.TPEX,CD8.TEX,HLA-C,CD8A,0.253763095444234,0,HLA-C_CD8A,HLA-C - CD8A,MHC-I,Cell-Cell Contact,KEGG: hsa04514
Classical Mono-derived,CD8.TEX,HLA-C,CD8A,0.2516751077639,0,HLA-C_CD8A,HLA-C - CD8A,MHC-I,Cell-Cell Contact,KEGG: hsa04514
IFN-stimulated,CD8.TEX,HLA-C,CD8A,0.263053586736508,0,HLA-C_CD8A,HLA-C - CD8A,MHC-I,Cell-Cell Contact,KEGG: hsa04514
Inflammatory Mono-derived,CD8.TEX,HLA-C,CD8A,0.244740351215066,0,HLA-C_CD8A,HLA-C - CD8A,MHC-I,Cell-Cell Contact,KEGG: hsa04514
Lipid-associated,CD8.TEX,HLA-C,CD8A,0.243544183703127,0,HLA-C_CD8A,HLA-C - CD8A,MHC-I,Cell-Cell Contact,KEGG: hsa04514
Proliferating,CD8.TEX,HLA-C,CD8A,0.241113061471663,0,HLA-C_CD8A,HLA-C - CD8A,MHC-I,Cell-Cell Contact,KEGG: hsa04514
Stress-response,CD8.TEX,HLA-C,CD8A,0.244205454773469,0,HLA-C_CD8A,HLA-C - CD8A,MHC-I,Cell-Cell Contact,KEGG: hsa04514
CD8.TEMRA,CD8.TPEX,HLA-C,CD8A,0.249409375433441,0,HLA-C_CD8A,HLA-C - CD8A,MHC-I,Cell-Cell Contact,KEGG: hsa04514
CD8.TEX,CD8.TPEX,HLA-C,CD8A,0.239251089423305,0.02,HLA-C_CD8A,HLA-C - CD8A,MHC-I,Cell-Cell Contact,KEGG: hsa04514
CD8.CM,CD8.CM,HLA-E,CD8A,0.193453389082778,0,HLA-E_CD8A,HLA-E - CD8A,MHC-I,Cell-Cell Contact,KEGG: hsa04514
CD8.EM,CD8.CM,HLA-E,CD8A,0.194112719824242,0,HLA-E_CD8A,HLA-E - CD8A,MHC-I,Cell-Cell Contact,KEGG: hsa04514
CD8.MAIT,CD8.CM,HLA-E,CD8A,0.195818987860484,0,HLA-E_CD8A,HLA-E - CD8A,MHC-I,Cell-Cell Contact,KEGG: hsa04514
CD8.TEMRA,CD8.CM,HLA-E,CD8A,0.217292471363114,0,HLA-E_CD8A,HLA-E - CD8A,MHC-I,Cell-Cell Contact,KEGG: hsa04514
CD8.TEX,CD8.CM,HLA-E,CD8A,0.196781800248137,0,HLA-E_CD8A,HLA-E - CD8A,MHC-I,Cell-Cell Contact,KEGG: hsa04514
CD8.CM,CD8.EM,HLA-E,CD8A,0.197356519265799,0,HLA-E_CD8A,HLA-E - CD8A,MHC-I,Cell-Cell Contact,KEGG: hsa04514
CD8.EM,CD8.EM,HLA-E,CD8A,0.198025886591234,0,HLA-E_CD8A,HLA-E - CD8A,MHC-I,Cell-Cell Contact,KEGG: hsa04514
CD8.MAIT,CD8.EM,HLA-E,CD8A,0.199758025588486,0,HLA-E_CD8A,HLA-E - CD8A,MHC-I,Cell-Cell Contact,KEGG: hsa04514
CD8.TEMRA,CD8.EM,HLA-E,CD8A,0.221544463987887,0,HLA-E_CD8A,HLA-E - CD8A,MHC-I,Cell-Cell Contact,KEGG: hsa04514
CD8.TEX,CD8.EM,HLA-E,CD8A,0.20073537117942,0,HLA-E_CD8A,HLA-E - CD8A,MHC-I,Cell-Cell Contact,KEGG: hsa04514
CD8.CM,CD8.TEMRA,HLA-E,CD8A,0.20833800776957,0.04,HLA-E_CD8A,HLA-E - CD8A,MHC-I,Cell-Cell Contact,KEGG: hsa04514
CD8.EM,CD8.TEMRA,HLA-E,CD8A,0.209034920661953,0.04,HLA-E_CD8A,HLA-E - CD8A,MHC-I,Cell-Cell Contact,KEGG: hsa04514
CD8.MAIT,CD8.TEMRA,HLA-E,CD8A,0.21083803984003,0.02,HLA-E_CD8A,HLA-E - CD8A,MHC-I,Cell-Cell Contact,KEGG: hsa04514
CD8.TEMRA,CD8.TEMRA,HLA-E,CD8A,0.233480335699866,0,HLA-E_CD8A,HLA-E - CD8A,MHC-I,Cell-Cell Contact,KEGG: hsa04514
CD8.TEX,CD8.TEMRA,HLA-E,CD8A,0.211855244374401,0.02,HLA-E_CD8A,HLA-E - CD8A,MHC-I,Cell-Cell Contact,KEGG: hsa04514
CD8.CM,CD8.TEX,HLA-E,CD8A,0.214177022652816,0,HLA-E_CD8A,HLA-E - CD8A,MHC-I,Cell-Cell Contact,KEGG: hsa04514
CD8.EM,CD8.TEX,HLA-E,CD8A,0.214888165886727,0,HLA-E_CD8A,HLA-E - CD8A,MHC-I,Cell-Cell Contact,KEGG: hsa04514
CD8.MAIT,CD8.TEX,HLA-E,CD8A,0.216727940322353,0,HLA-E_CD8A,HLA-E - CD8A,MHC-I,Cell-Cell Contact,KEGG: hsa04514
CD8.NaiveLike,CD8.TEX,HLA-E,CD8A,0.2069522710372,0,HLA-E_CD8A,HLA-E - CD8A,MHC-I,Cell-Cell Contact,KEGG: hsa04514
CD8.TEMRA,CD8.TEX,HLA-E,CD8A,0.239810551250149,0,HLA-E_CD8A,HLA-E - CD8A,MHC-I,Cell-Cell Contact,KEGG: hsa04514
CD8.TEX,CD8.TEX,HLA-E,CD8A,0.217765719793534,0,HLA-E_CD8A,HLA-E - CD8A,MHC-I,Cell-Cell Contact,KEGG: hsa04514
CD8.TPEX,CD8.TEX,HLA-E,CD8A,0.206433115170875,0,HLA-E_CD8A,HLA-E - CD8A,MHC-I,Cell-Cell Contact,KEGG: hsa04514
IFN-stimulated,CD8.TEX,HLA-E,CD8A,0.208705259708955,0,HLA-E_CD8A,HLA-E - CD8A,MHC-I,Cell-Cell Contact,KEGG: hsa04514
Resident M2,CD8.TEX,HLA-E,CD8A,0.207720467698154,0,HLA-E_CD8A,HLA-E - CD8A,MHC-I,Cell-Cell Contact,KEGG: hsa04514
CD8.TEMRA,CD8.TPEX,HLA-E,CD8A,0.215046704390153,0,HLA-E_CD8A,HLA-E - CD8A,MHC-I,Cell-Cell Contact,KEGG: hsa04514
CD8.TEX,CD8.TPEX,HLA-E,CD8A,0.19469528595139,0.03,HLA-E_CD8A,HLA-E - CD8A,MHC-I,Cell-Cell Contact,KEGG: hsa04514
CD8.CM,CD8.CM,HLA-F,CD8A,0.085360909250246,0,HLA-F_CD8A,HLA-F - CD8A,MHC-I,Cell-Cell Contact,KEGG: hsa04514
CD8.EM,CD8.CM,HLA-F,CD8A,0.0882647747530186,0,HLA-F_CD8A,HLA-F - CD8A,MHC-I,Cell-Cell Contact,KEGG: hsa04514
CD8.TEMRA,CD8.CM,HLA-F,CD8A,0.117745697989297,0.01,HLA-F_CD8A,HLA-F - CD8A,MHC-I,Cell-Cell Contact,KEGG: hsa04514
CD8.TEX,CD8.CM,HLA-F,CD8A,0.0846590658774055,0.03,HLA-F_CD8A,HLA-F - CD8A,MHC-I,Cell-Cell Contact,KEGG: hsa04514
CD8.CM,CD8.EM,HLA-F,CD8A,0.087319266530842,0,HLA-F_CD8A,HLA-F - CD8A,MHC-I,Cell-Cell Contact,KEGG: hsa04514
CD8.EM,CD8.EM,HLA-F,CD8A,0.0902831766937693,0,HLA-F_CD8A,HLA-F - CD8A,MHC-I,Cell-Cell Contact,KEGG: hsa04514
CD8.TEMRA,CD8.EM,HLA-F,CD8A,0.120349268407448,0.01,HLA-F_CD8A,HLA-F - CD8A,MHC-I,Cell-Cell Contact,KEGG: hsa04514
CD8.TEX,CD8.EM,HLA-F,CD8A,0.0866028460058698,0,HLA-F_CD8A,HLA-F - CD8A,MHC-I,Cell-Cell Contact,KEGG: hsa04514
CD8.TEMRA,CD8.MAIT,HLA-F,CD8A,0.107942620483743,0.03,HLA-F_CD8A,HLA-F - CD8A,MHC-I,Cell-Cell Contact,KEGG: hsa04514
CD8.CM,CD8.TEMRA,HLA-F,CD8A,0.0928865282123634,0,HLA-F_CD8A,HLA-F - CD8A,MHC-I,Cell-Cell Contact,KEGG: hsa04514
CD8.EM,CD8.TEMRA,HLA-F,CD8A,0.0960195290410926,0,HLA-F_CD8A,HLA-F - CD8A,MHC-I,Cell-Cell Contact,KEGG: hsa04514
CD8.TEMRA,CD8.TEMRA,HLA-F,CD8A,0.127727723921643,0.01,HLA-F_CD8A,HLA-F - CD8A,MHC-I,Cell-Cell Contact,KEGG: hsa04514
CD8.TEX,CD8.TEMRA,HLA-F,CD8A,0.0921290412868753,0.03,HLA-F_CD8A,HLA-F - CD8A,MHC-I,Cell-Cell Contact,KEGG: hsa04514
CD8.CM,CD8.TEX,HLA-F,CD8A,0.0958817179140236,0,HLA-F_CD8A,HLA-F - CD8A,MHC-I,Cell-Cell Contact,KEGG: hsa04514
CD8.EM,CD8.TEX,HLA-F,CD8A,0.0991047071505536,0,HLA-F_CD8A,HLA-F - CD8A,MHC-I,Cell-Cell Contact,KEGG: hsa04514
CD8.MAIT,CD8.TEX,HLA-F,CD8A,0.0941762699077172,0,HLA-F_CD8A,HLA-F - CD8A,MHC-I,Cell-Cell Contact,KEGG: hsa04514
CD8.NaiveLike,CD8.TEX,HLA-F,CD8A,0.0917276600201674,0,HLA-F_CD8A,HLA-F - CD8A,MHC-I,Cell-Cell Contact,KEGG: hsa04514
CD8.TEMRA,CD8.TEX,HLA-F,CD8A,0.131683299429736,0.01,HLA-F_CD8A,HLA-F - CD8A,MHC-I,Cell-Cell Contact,KEGG: hsa04514
CD8.TEX,CD8.TEX,HLA-F,CD8A,0.0951023661086206,0,HLA-F_CD8A,HLA-F - CD8A,MHC-I,Cell-Cell Contact,KEGG: hsa04514
CD8.EM,CD8.TPEX,HLA-F,CD8A,0.0872039653611082,0,HLA-F_CD8A,HLA-F - CD8A,MHC-I,Cell-Cell Contact,KEGG: hsa04514
CD8.TEMRA,CD8.TPEX,HLA-F,CD8A,0.11637579805434,0.02,HLA-F_CD8A,HLA-F - CD8A,MHC-I,Cell-Cell Contact,KEGG: hsa04514
CD8.CM,CD8.CM,HLA-A,CD8B,0.181175460484822,0,HLA-A_CD8B,HLA-A - CD8B,MHC-I,Cell-Cell Contact,KEGG: hsa04514
CD8.EM,CD8.CM,HLA-A,CD8B,0.184652428271897,0,HLA-A_CD8B,HLA-A - CD8B,MHC-I,Cell-Cell Contact,KEGG: hsa04514
CD8.MAIT,CD8.CM,HLA-A,CD8B,0.178894574729989,0,HLA-A_CD8B,HLA-A - CD8B,MHC-I,Cell-Cell Contact,KEGG: hsa04514
CD8.NaiveLike,CD8.CM,HLA-A,CD8B,0.165856714844566,0,HLA-A_CD8B,HLA-A - CD8B,MHC-I,Cell-Cell Contact,KEGG: hsa04514
CD8.TEMRA,CD8.CM,HLA-A,CD8B,0.185345991122742,0,HLA-A_CD8B,HLA-A - CD8B,MHC-I,Cell-Cell Contact,KEGG: hsa04514
CD8.TEX,CD8.CM,HLA-A,CD8B,0.189743002219934,0,HLA-A_CD8B,HLA-A - CD8B,MHC-I,Cell-Cell Contact,KEGG: hsa04514
CD8.TPEX,CD8.CM,HLA-A,CD8B,0.18856220664531,0,HLA-A_CD8B,HLA-A - CD8B,MHC-I,Cell-Cell Contact,KEGG: hsa04514
Classical Mono-derived,CD8.CM,HLA-A,CD8B,0.164787550274124,0.02,HLA-A_CD8B,HLA-A - CD8B,MHC-I,Cell-Cell Contact,KEGG: hsa04514
IFN-stimulated,CD8.CM,HLA-A,CD8B,0.172575990430118,0,HLA-A_CD8B,HLA-A - CD8B,MHC-I,Cell-Cell Contact,KEGG: hsa04514
CD8.CM,CD8.EM,HLA-A,CD8B,0.167240689819238,0,HLA-A_CD8B,HLA-A - CD8B,MHC-I,Cell-Cell Contact,KEGG: hsa04514
CD8.EM,CD8.EM,HLA-A,CD8B,0.17050591962702,0,HLA-A_CD8B,HLA-A - CD8B,MHC-I,Cell-Cell Contact,KEGG: hsa04514
CD8.MAIT,CD8.EM,HLA-A,CD8B,0.165099862094727,0,HLA-A_CD8B,HLA-A - CD8B,MHC-I,Cell-Cell Contact,KEGG: hsa04514
CD8.TEMRA,CD8.EM,HLA-A,CD8B,0.171157501619601,0,HLA-A_CD8B,HLA-A - CD8B,MHC-I,Cell-Cell Contact,KEGG: hsa04514
CD8.TEX,CD8.EM,HLA-A,CD8B,0.175290341630463,0,HLA-A_CD8B,HLA-A - CD8B,MHC-I,Cell-Cell Contact,KEGG: hsa04514
CD8.TPEX,CD8.EM,HLA-A,CD8B,0.174180152371288,0,HLA-A_CD8B,HLA-A - CD8B,MHC-I,Cell-Cell Contact,KEGG: hsa04514
CD8.CM,CD8.NaiveLike,HLA-A,CD8B,0.194996397377835,0,HLA-A_CD8B,HLA-A - CD8B,MHC-I,Cell-Cell Contact,KEGG: hsa04514
CD8.EM,CD8.NaiveLike,HLA-A,CD8B,0.19867424894829,0,HLA-A_CD8B,HLA-A - CD8B,MHC-I,Cell-Cell Contact,KEGG: hsa04514
CD8.MAIT,CD8.NaiveLike,HLA-A,CD8B,0.192582437670909,0,HLA-A_CD8B,HLA-A - CD8B,MHC-I,Cell-Cell Contact,KEGG: hsa04514
CD8.NaiveLike,CD8.NaiveLike,HLA-A,CD8B,0.178764187832198,0.01,HLA-A_CD8B,HLA-A - CD8B,MHC-I,Cell-Cell Contact,KEGG: hsa04514
CD8.TEMRA,CD8.NaiveLike,HLA-A,CD8B,0.199407597848456,0,HLA-A_CD8B,HLA-A - CD8B,MHC-I,Cell-Cell Contact,KEGG: hsa04514
CD8.TEX,CD8.NaiveLike,HLA-A,CD8B,0.204054639143633,0,HLA-A_CD8B,HLA-A - CD8B,MHC-I,Cell-Cell Contact,KEGG: hsa04514
CD8.TPEX,CD8.NaiveLike,HLA-A,CD8B,0.202807072865657,0,HLA-A_CD8B,HLA-A - CD8B,MHC-I,Cell-Cell Contact,KEGG: hsa04514
Classical Mono-derived,CD8.NaiveLike,HLA-A,CD8B,0.177629536141614,0.01,HLA-A_CD8B,HLA-A - CD8B,MHC-I,Cell-Cell Contact,KEGG: hsa04514
IFN-stimulated,CD8.NaiveLike,HLA-A,CD8B,0.185889845724464,0.01,HLA-A_CD8B,HLA-A - CD8B,MHC-I,Cell-Cell Contact,KEGG: hsa04514
Stress-response,CD8.NaiveLike,HLA-A,CD8B,0.171222328032148,0.03,HLA-A_CD8B,HLA-A - CD8B,MHC-I,Cell-Cell Contact,KEGG: hsa04514
CD8.CM,CD8.TEMRA,HLA-A,CD8B,0.210678991339134,0.01,HLA-A_CD8B,HLA-A - CD8B,MHC-I,Cell-Cell Contact,KEGG: hsa04514
CD8.EM,CD8.TEMRA,HLA-A,CD8B,0.214573791065135,0.01,HLA-A_CD8B,HLA-A - CD8B,MHC-I,Cell-Cell Contact,KEGG: hsa04514
CD8.MAIT,CD8.TEMRA,HLA-A,CD8B,0.208121081401669,0.03,HLA-A_CD8B,HLA-A - CD8B,MHC-I,Cell-Cell Contact,KEGG: hsa04514
CD8.TEMRA,CD8.TEMRA,HLA-A,CD8B,0.215350056454369,0.02,HLA-A_CD8B,HLA-A - CD8B,MHC-I,Cell-Cell Contact,KEGG: hsa04514
CD8.TEX,CD8.TEMRA,HLA-A,CD8B,0.220266406638904,0.01,HLA-A_CD8B,HLA-A - CD8B,MHC-I,Cell-Cell Contact,KEGG: hsa04514
CD8.TPEX,CD8.TEMRA,HLA-A,CD8B,0.218946988362243,0.01,HLA-A_CD8B,HLA-A - CD8B,MHC-I,Cell-Cell Contact,KEGG: hsa04514
IFN-stimulated,CD8.TEMRA,HLA-A,CD8B,0.201022936165606,0.04,HLA-A_CD8B,HLA-A - CD8B,MHC-I,Cell-Cell Contact,KEGG: hsa04514
CD8.CM,CD8.TEX,HLA-A,CD8B,0.198885583849562,0,HLA-A_CD8B,HLA-A - CD8B,MHC-I,Cell-Cell Contact,KEGG: hsa04514
CD8.EM,CD8.TEX,HLA-A,CD8B,0.202618326642215,0,HLA-A_CD8B,HLA-A - CD8B,MHC-I,Cell-Cell Contact,KEGG: hsa04514
CD8.MAIT,CD8.TEX,HLA-A,CD8B,0.196435226458463,0,HLA-A_CD8B,HLA-A - CD8B,MHC-I,Cell-Cell Contact,KEGG: hsa04514
CD8.NaiveLike,CD8.TEX,HLA-A,CD8B,0.182402981672244,0,HLA-A_CD8B,HLA-A - CD8B,MHC-I,Cell-Cell Contact,KEGG: hsa04514
CD8.TEMRA,CD8.TEX,HLA-A,CD8B,0.203362539295639,0,HLA-A_CD8B,HLA-A - CD8B,MHC-I,Cell-Cell Contact,KEGG: hsa04514
CD8.TEX,CD8.TEX,HLA-A,CD8B,0.208077792858374,0,HLA-A_CD8B,HLA-A - CD8B,MHC-I,Cell-Cell Contact,KEGG: hsa04514
CD8.TPEX,CD8.TEX,HLA-A,CD8B,0.206812020597695,0,HLA-A_CD8B,HLA-A - CD8B,MHC-I,Cell-Cell Contact,KEGG: hsa04514
Classical Mono-derived,CD8.TEX,HLA-A,CD8B,0.181250331256846,0,HLA-A_CD8B,HLA-A - CD8B,MHC-I,Cell-Cell Contact,KEGG: hsa04514
IFN-stimulated,CD8.TEX,HLA-A,CD8B,0.189640190477603,0,HLA-A_CD8B,HLA-A - CD8B,MHC-I,Cell-Cell Contact,KEGG: hsa04514
Inflammatory Mono-derived,CD8.TEX,HLA-A,CD8B,0.170986404783602,0,HLA-A_CD8B,HLA-A - CD8B,MHC-I,Cell-Cell Contact,KEGG: hsa04514
Lipid-associated,CD8.TEX,HLA-A,CD8B,0.169716513191679,0,HLA-A_CD8B,HLA-A - CD8B,MHC-I,Cell-Cell Contact,KEGG: hsa04514
Proliferating,CD8.TEX,HLA-A,CD8B,0.168517915426479,0,HLA-A_CD8B,HLA-A - CD8B,MHC-I,Cell-Cell Contact,KEGG: hsa04514
Resident M2,CD8.TEX,HLA-A,CD8B,0.167960997877485,0,HLA-A_CD8B,HLA-A - CD8B,MHC-I,Cell-Cell Contact,KEGG: hsa04514
Stress-response,CD8.TEX,HLA-A,CD8B,0.174740270095273,0,HLA-A_CD8B,HLA-A - CD8B,MHC-I,Cell-Cell Contact,KEGG: hsa04514
CD8.CM,CD8.CM,HLA-B,CD8B,0.173107613572906,0,HLA-B_CD8B,HLA-B - CD8B,MHC-I,Cell-Cell Contact,KEGG: hsa04514
CD8.EM,CD8.CM,HLA-B,CD8B,0.183545324105549,0,HLA-B_CD8B,HLA-B - CD8B,MHC-I,Cell-Cell Contact,KEGG: hsa04514
CD8.MAIT,CD8.CM,HLA-B,CD8B,0.180363260627048,0,HLA-B_CD8B,HLA-B - CD8B,MHC-I,Cell-Cell Contact,KEGG: hsa04514
CD8.NaiveLike,CD8.CM,HLA-B,CD8B,0.170506689379387,0,HLA-B_CD8B,HLA-B - CD8B,MHC-I,Cell-Cell Contact,KEGG: hsa04514
CD8.TEMRA,CD8.CM,HLA-B,CD8B,0.199566769643237,0,HLA-B_CD8B,HLA-B - CD8B,MHC-I,Cell-Cell Contact,KEGG: hsa04514
CD8.TEX,CD8.CM,HLA-B,CD8B,0.184473381098876,0,HLA-B_CD8B,HLA-B - CD8B,MHC-I,Cell-Cell Contact,KEGG: hsa04514
CD8.TPEX,CD8.CM,HLA-B,CD8B,0.18493889287411,0,HLA-B_CD8B,HLA-B - CD8B,MHC-I,Cell-Cell Contact,KEGG: hsa04514
Classical Mono-derived,CD8.CM,HLA-B,CD8B,0.181723713847993,0,HLA-B_CD8B,HLA-B - CD8B,MHC-I,Cell-Cell Contact,KEGG: hsa04514
IFN-stimulated,CD8.CM,HLA-B,CD8B,0.188923057482288,0,HLA-B_CD8B,HLA-B - CD8B,MHC-I,Cell-Cell Contact,KEGG: hsa04514
Inflammatory Mono-derived,CD8.CM,HLA-B,CD8B,0.179606012924037,0,HLA-B_CD8B,HLA-B - CD8B,MHC-I,Cell-Cell Contact,KEGG: hsa04514
Lipid-associated,CD8.CM,HLA-B,CD8B,0.177636782622108,0,HLA-B_CD8B,HLA-B - CD8B,MHC-I,Cell-Cell Contact,KEGG: hsa04514
Proliferating,CD8.CM,HLA-B,CD8B,0.176911340262401,0,HLA-B_CD8B,HLA-B - CD8B,MHC-I,Cell-Cell Contact,KEGG: hsa04514
Stress-response,CD8.CM,HLA-B,CD8B,0.178967398633451,0,HLA-B_CD8B,HLA-B - CD8B,MHC-I,Cell-Cell Contact,KEGG: hsa04514
CD8.CM,CD8.EM,HLA-B,CD8B,0.159672362976433,0,HLA-B_CD8B,HLA-B - CD8B,MHC-I,Cell-Cell Contact,KEGG: hsa04514
CD8.EM,CD8.EM,HLA-B,CD8B,0.169466003634959,0,HLA-B_CD8B,HLA-B - CD8B,MHC-I,Cell-Cell Contact,KEGG: hsa04514
CD8.MAIT,CD8.EM,HLA-B,CD8B,0.166478258020376,0,HLA-B_CD8B,HLA-B - CD8B,MHC-I,Cell-Cell Contact,KEGG: hsa04514
CD8.TEMRA,CD8.EM,HLA-B,CD8B,0.184536255392647,0,HLA-B_CD8B,HLA-B - CD8B,MHC-I,Cell-Cell Contact,KEGG: hsa04514
CD8.TEX,CD8.EM,HLA-B,CD8B,0.170337723841633,0,HLA-B_CD8B,HLA-B - CD8B,MHC-I,Cell-Cell Contact,KEGG: hsa04514
CD8.TPEX,CD8.EM,HLA-B,CD8B,0.170775034439062,0,HLA-B_CD8B,HLA-B - CD8B,MHC-I,Cell-Cell Contact,KEGG: hsa04514
Classical Mono-derived,CD8.EM,HLA-B,CD8B,0.167755414382627,0.02,HLA-B_CD8B,HLA-B - CD8B,MHC-I,Cell-Cell Contact,KEGG: hsa04514
IFN-stimulated,CD8.EM,HLA-B,CD8B,0.174519399786324,0,HLA-B_CD8B,HLA-B - CD8B,MHC-I,Cell-Cell Contact,KEGG: hsa04514
Inflammatory Mono-derived,CD8.EM,HLA-B,CD8B,0.165767515925911,0,HLA-B_CD8B,HLA-B - CD8B,MHC-I,Cell-Cell Contact,KEGG: hsa04514
Lipid-associated,CD8.EM,HLA-B,CD8B,0.163919697121337,0,HLA-B_CD8B,HLA-B - CD8B,MHC-I,Cell-Cell Contact,KEGG: hsa04514
Proliferating,CD8.EM,HLA-B,CD8B,0.16323915362519,0,HLA-B_CD8B,HLA-B - CD8B,MHC-I,Cell-Cell Contact,KEGG: hsa04514
Stress-response,CD8.EM,HLA-B,CD8B,0.165168200065028,0,HLA-B_CD8B,HLA-B - CD8B,MHC-I,Cell-Cell Contact,KEGG: hsa04514
CD8.CM,CD8.NaiveLike,HLA-B,CD8B,0.186453240346972,0.01,HLA-B_CD8B,HLA-B - CD8B,MHC-I,Cell-Cell Contact,KEGG: hsa04514
CD8.EM,CD8.NaiveLike,HLA-B,CD8B,0.19750343970937,0,HLA-B_CD8B,HLA-B - CD8B,MHC-I,Cell-Cell Contact,KEGG: hsa04514
CD8.MAIT,CD8.NaiveLike,HLA-B,CD8B,0.194136928884933,0,HLA-B_CD8B,HLA-B - CD8B,MHC-I,Cell-Cell Contact,KEGG: hsa04514
CD8.NaiveLike,CD8.NaiveLike,HLA-B,CD8B,0.183696344789486,0.01,HLA-B_CD8B,HLA-B - CD8B,MHC-I,Cell-Cell Contact,KEGG: hsa04514
CD8.TEMRA,CD8.NaiveLike,HLA-B,CD8B,0.214423290361815,0,HLA-B_CD8B,HLA-B - CD8B,MHC-I,Cell-Cell Contact,KEGG: hsa04514
CD8.TEX,CD8.NaiveLike,HLA-B,CD8B,0.198484915395568,0,HLA-B_CD8B,HLA-B - CD8B,MHC-I,Cell-Cell Contact,KEGG: hsa04514
CD8.TPEX,CD8.NaiveLike,HLA-B,CD8B,0.198977158000485,0,HLA-B_CD8B,HLA-B - CD8B,MHC-I,Cell-Cell Contact,KEGG: hsa04514
Classical Mono-derived,CD8.NaiveLike,HLA-B,CD8B,0.195576484615283,0,HLA-B_CD8B,HLA-B - CD8B,MHC-I,Cell-Cell Contact,KEGG: hsa04514
IFN-stimulated,CD8.NaiveLike,HLA-B,CD8B,0.203188357915967,0,HLA-B_CD8B,HLA-B - CD8B,MHC-I,Cell-Cell Contact,KEGG: hsa04514
Inflammatory Mono-derived,CD8.NaiveLike,HLA-B,CD8B,0.193335493485255,0,HLA-B_CD8B,HLA-B - CD8B,MHC-I,Cell-Cell Contact,KEGG: hsa04514
Lipid-associated,CD8.NaiveLike,HLA-B,CD8B,0.191250823066419,0,HLA-B_CD8B,HLA-B - CD8B,MHC-I,Cell-Cell Contact,KEGG: hsa04514
Proliferating,CD8.NaiveLike,HLA-B,CD8B,0.190482660990019,0.01,HLA-B_CD8B,HLA-B - CD8B,MHC-I,Cell-Cell Contact,KEGG: hsa04514
Resident M2,CD8.NaiveLike,HLA-B,CD8B,0.171426761049491,0.01,HLA-B_CD8B,HLA-B - CD8B,MHC-I,Cell-Cell Contact,KEGG: hsa04514
Stress-response,CD8.NaiveLike,HLA-B,CD8B,0.192659526204854,0,HLA-B_CD8B,HLA-B - CD8B,MHC-I,Cell-Cell Contact,KEGG: hsa04514
CD8.CM,CD8.TEMRA,HLA-B,CD8B,0.201620837216097,0.03,HLA-B_CD8B,HLA-B - CD8B,MHC-I,Cell-Cell Contact,KEGG: hsa04514
CD8.EM,CD8.TEMRA,HLA-B,CD8B,0.213334228906906,0.01,HLA-B_CD8B,HLA-B - CD8B,MHC-I,Cell-Cell Contact,KEGG: hsa04514
CD8.MAIT,CD8.TEMRA,HLA-B,CD8B,0.209768412120678,0.01,HLA-B_CD8B,HLA-B - CD8B,MHC-I,Cell-Cell Contact,KEGG: hsa04514
CD8.NaiveLike,CD8.TEMRA,HLA-B,CD8B,0.198694447222427,0.03,HLA-B_CD8B,HLA-B - CD8B,MHC-I,Cell-Cell Contact,KEGG: hsa04514
CD8.TEMRA,CD8.TEMRA,HLA-B,CD8B,0.231219525617532,0.01,HLA-B_CD8B,HLA-B - CD8B,MHC-I,Cell-Cell Contact,KEGG: hsa04514
CD8.TEX,CD8.TEMRA,HLA-B,CD8B,0.214373359009526,0.01,HLA-B_CD8B,HLA-B - CD8B,MHC-I,Cell-Cell Contact,KEGG: hsa04514
CD8.TPEX,CD8.TEMRA,HLA-B,CD8B,0.214894440514573,0.01,HLA-B_CD8B,HLA-B - CD8B,MHC-I,Cell-Cell Contact,KEGG: hsa04514
Classical Mono-derived,CD8.TEMRA,HLA-B,CD8B,0.211293486720488,0.02,HLA-B_CD8B,HLA-B - CD8B,MHC-I,Cell-Cell Contact,KEGG: hsa04514
IFN-stimulated,CD8.TEMRA,HLA-B,CD8B,0.219350267912915,0.01,HLA-B_CD8B,HLA-B - CD8B,MHC-I,Cell-Cell Contact,KEGG: hsa04514
Inflammatory Mono-derived,CD8.TEMRA,HLA-B,CD8B,0.208919176179561,0.03,HLA-B_CD8B,HLA-B - CD8B,MHC-I,Cell-Cell Contact,KEGG: hsa04514
Lipid-associated,CD8.TEMRA,HLA-B,CD8B,0.206709531199602,0.03,HLA-B_CD8B,HLA-B - CD8B,MHC-I,Cell-Cell Contact,KEGG: hsa04514
Proliferating,CD8.TEMRA,HLA-B,CD8B,0.20589508616516,0.01,HLA-B_CD8B,HLA-B - CD8B,MHC-I,Cell-Cell Contact,KEGG: hsa04514
Stress-response,CD8.TEMRA,HLA-B,CD8B,0.20820278598598,0.02,HLA-B_CD8B,HLA-B - CD8B,MHC-I,Cell-Cell Contact,KEGG: hsa04514
CD8.CM,CD8.TEX,HLA-B,CD8B,0.190212295910211,0,HLA-B_CD8B,HLA-B - CD8B,MHC-I,Cell-Cell Contact,KEGG: hsa04514
CD8.EM,CD8.TEX,HLA-B,CD8B,0.201430117107775,0,HLA-B_CD8B,HLA-B - CD8B,MHC-I,Cell-Cell Contact,KEGG: hsa04514
CD8.MAIT,CD8.TEX,HLA-B,CD8B,0.198013189892527,0,HLA-B_CD8B,HLA-B - CD8B,MHC-I,Cell-Cell Contact,KEGG: hsa04514
CD8.NaiveLike,CD8.TEX,HLA-B,CD8B,0.187412622992017,0,HLA-B_CD8B,HLA-B - CD8B,MHC-I,Cell-Cell Contact,KEGG: hsa04514
CD8.TEMRA,CD8.TEX,HLA-B,CD8B,0.218594729618389,0,HLA-B_CD8B,HLA-B - CD8B,MHC-I,Cell-Cell Contact,KEGG: hsa04514
CD8.TEX,CD8.TEX,HLA-B,CD8B,0.202426183930206,0,HLA-B_CD8B,HLA-B - CD8B,MHC-I,Cell-Cell Contact,KEGG: hsa04514
CD8.TPEX,CD8.TEX,HLA-B,CD8B,0.202925726235113,0,HLA-B_CD8B,HLA-B - CD8B,MHC-I,Cell-Cell Contact,KEGG: hsa04514
Classical Mono-derived,CD8.TEX,HLA-B,CD8B,0.199474373962628,0,HLA-B_CD8B,HLA-B - CD8B,MHC-I,Cell-Cell Contact,KEGG: hsa04514
IFN-stimulated,CD8.TEX,HLA-B,CD8B,0.207198878117855,0,HLA-B_CD8B,HLA-B - CD8B,MHC-I,Cell-Cell Contact,KEGG: hsa04514
Inflammatory Mono-derived,CD8.TEX,HLA-B,CD8B,0.197199668305723,0,HLA-B_CD8B,HLA-B - CD8B,MHC-I,Cell-Cell Contact,KEGG: hsa04514
Lipid-associated,CD8.TEX,HLA-B,CD8B,0.195083408319017,0,HLA-B_CD8B,HLA-B - CD8B,MHC-I,Cell-Cell Contact,KEGG: hsa04514
Proliferating,CD8.TEX,HLA-B,CD8B,0.194303550953048,0,HLA-B_CD8B,HLA-B - CD8B,MHC-I,Cell-Cell Contact,KEGG: hsa04514
Resident M2,CD8.TEX,HLA-B,CD8B,0.17494801675698,0,HLA-B_CD8B,HLA-B - CD8B,MHC-I,Cell-Cell Contact,KEGG: hsa04514
Stress-response,CD8.TEX,HLA-B,CD8B,0.196513481864203,0,HLA-B_CD8B,HLA-B - CD8B,MHC-I,Cell-Cell Contact,KEGG: hsa04514
CD8.CM,CD8.CM,HLA-C,CD8B,0.17084539466662,0,HLA-C_CD8B,HLA-C - CD8B,MHC-I,Cell-Cell Contact,KEGG: hsa04514
CD8.EM,CD8.CM,HLA-C,CD8B,0.173582007225884,0,HLA-C_CD8B,HLA-C - CD8B,MHC-I,Cell-Cell Contact,KEGG: hsa04514
CD8.MAIT,CD8.CM,HLA-C,CD8B,0.169491858072664,0,HLA-C_CD8B,HLA-C - CD8B,MHC-I,Cell-Cell Contact,KEGG: hsa04514
CD8.NaiveLike,CD8.CM,HLA-C,CD8B,0.161202973156285,0,HLA-C_CD8B,HLA-C - CD8B,MHC-I,Cell-Cell Contact,KEGG: hsa04514
CD8.TEMRA,CD8.CM,HLA-C,CD8B,0.185996784357064,0,HLA-C_CD8B,HLA-C - CD8B,MHC-I,Cell-Cell Contact,KEGG: hsa04514
CD8.TEX,CD8.CM,HLA-C,CD8B,0.177809417389727,0,HLA-C_CD8B,HLA-C - CD8B,MHC-I,Cell-Cell Contact,KEGG: hsa04514
CD8.TPEX,CD8.CM,HLA-C,CD8B,0.168799041387953,0,HLA-C_CD8B,HLA-C - CD8B,MHC-I,Cell-Cell Contact,KEGG: hsa04514
Classical Mono-derived,CD8.CM,HLA-C,CD8B,0.167253459249952,0,HLA-C_CD8B,HLA-C - CD8B,MHC-I,Cell-Cell Contact,KEGG: hsa04514
IFN-stimulated,CD8.CM,HLA-C,CD8B,0.175711357638702,0,HLA-C_CD8B,HLA-C - CD8B,MHC-I,Cell-Cell Contact,KEGG: hsa04514
Inflammatory Mono-derived,CD8.CM,HLA-C,CD8B,0.162140871342346,0,HLA-C_CD8B,HLA-C - CD8B,MHC-I,Cell-Cell Contact,KEGG: hsa04514
Lipid-associated,CD8.CM,HLA-C,CD8B,0.16126220989611,0,HLA-C_CD8B,HLA-C - CD8B,MHC-I,Cell-Cell Contact,KEGG: hsa04514
Proliferating,CD8.CM,HLA-C,CD8B,0.159479285274366,0,HLA-C_CD8B,HLA-C - CD8B,MHC-I,Cell-Cell Contact,KEGG: hsa04514
Stress-response,CD8.CM,HLA-C,CD8B,0.161747839659765,0,HLA-C_CD8B,HLA-C - CD8B,MHC-I,Cell-Cell Contact,KEGG: hsa04514
CD8.CM,CD8.EM,HLA-C,CD8B,0.1575522663265,0,HLA-C_CD8B,HLA-C - CD8B,MHC-I,Cell-Cell Contact,KEGG: hsa04514
CD8.EM,CD8.EM,HLA-C,CD8B,0.16011706739528,0,HLA-C_CD8B,HLA-C - CD8B,MHC-I,Cell-Cell Contact,KEGG: hsa04514
CD8.MAIT,CD8.EM,HLA-C,CD8B,0.156284195035476,0,HLA-C_CD8B,HLA-C - CD8B,MHC-I,Cell-Cell Contact,KEGG: hsa04514
CD8.TEMRA,CD8.EM,HLA-C,CD8B,0.171768980050474,0,HLA-C_CD8B,HLA-C - CD8B,MHC-I,Cell-Cell Contact,KEGG: hsa04514
CD8.TEX,CD8.EM,HLA-C,CD8B,0.164081660886448,0,HLA-C_CD8B,HLA-C - CD8B,MHC-I,Cell-Cell Contact,KEGG: hsa04514
CD8.TPEX,CD8.EM,HLA-C,CD8B,0.155635248950128,0,HLA-C_CD8B,HLA-C - CD8B,MHC-I,Cell-Cell Contact,KEGG: hsa04514
IFN-stimulated,CD8.EM,HLA-C,CD8B,0.162113643459621,0,HLA-C_CD8B,HLA-C - CD8B,MHC-I,Cell-Cell Contact,KEGG: hsa04514
CD8.CM,CD8.NaiveLike,HLA-C,CD8B,0.184055437181783,0,HLA-C_CD8B,HLA-C - CD8B,MHC-I,Cell-Cell Contact,KEGG: hsa04514
CD8.EM,CD8.NaiveLike,HLA-C,CD8B,0.186955938111624,0,HLA-C_CD8B,HLA-C - CD8B,MHC-I,Cell-Cell Contact,KEGG: hsa04514
CD8.MAIT,CD8.NaiveLike,HLA-C,CD8B,0.182620293665141,0.01,HLA-C_CD8B,HLA-C - CD8B,MHC-I,Cell-Cell Contact,KEGG: hsa04514
CD8.NaiveLike,CD8.NaiveLike,HLA-C,CD8B,0.173823748629305,0.01,HLA-C_CD8B,HLA-C - CD8B,MHC-I,Cell-Cell Contact,KEGG: hsa04514
CD8.TEMRA,CD8.NaiveLike,HLA-C,CD8B,0.200095637518513,0,HLA-C_CD8B,HLA-C - CD8B,MHC-I,Cell-Cell Contact,KEGG: hsa04514
CD8.TEX,CD8.NaiveLike,HLA-C,CD8B,0.191433608619155,0,HLA-C_CD8B,HLA-C - CD8B,MHC-I,Cell-Cell Contact,KEGG: hsa04514
CD8.TPEX,CD8.NaiveLike,HLA-C,CD8B,0.181885565727755,0,HLA-C_CD8B,HLA-C - CD8B,MHC-I,Cell-Cell Contact,KEGG: hsa04514
Classical Mono-derived,CD8.NaiveLike,HLA-C,CD8B,0.180246142889437,0.01,HLA-C_CD8B,HLA-C - CD8B,MHC-I,Cell-Cell Contact,KEGG: hsa04514
IFN-stimulated,CD8.NaiveLike,HLA-C,CD8B,0.189211785964891,0,HLA-C_CD8B,HLA-C - CD8B,MHC-I,Cell-Cell Contact,KEGG: hsa04514
Inflammatory Mono-derived,CD8.NaiveLike,HLA-C,CD8B,0.174819772088813,0.01,HLA-C_CD8B,HLA-C - CD8B,MHC-I,Cell-Cell Contact,KEGG: hsa04514
Lipid-associated,CD8.NaiveLike,HLA-C,CD8B,0.173886661664204,0.01,HLA-C_CD8B,HLA-C - CD8B,MHC-I,Cell-Cell Contact,KEGG: hsa04514
Proliferating,CD8.NaiveLike,HLA-C,CD8B,0.171992782147982,0.01,HLA-C_CD8B,HLA-C - CD8B,MHC-I,Cell-Cell Contact,KEGG: hsa04514
Stress-response,CD8.NaiveLike,HLA-C,CD8B,0.174402403898651,0.01,HLA-C_CD8B,HLA-C - CD8B,MHC-I,Cell-Cell Contact,KEGG: hsa04514
CD8.CM,CD8.TEMRA,HLA-C,CD8B,0.199075708091121,0.03,HLA-C_CD8B,HLA-C - CD8B,MHC-I,Cell-Cell Contact,KEGG: hsa04514
CD8.EM,CD8.TEMRA,HLA-C,CD8B,0.20215426701992,0.01,HLA-C_CD8B,HLA-C - CD8B,MHC-I,Cell-Cell Contact,KEGG: hsa04514
CD8.MAIT,CD8.TEMRA,HLA-C,CD8B,0.197551802347141,0.03,HLA-C_CD8B,HLA-C - CD8B,MHC-I,Cell-Cell Contact,KEGG: hsa04514
CD8.NaiveLike,CD8.TEMRA,HLA-C,CD8B,0.188201631264815,0.04,HLA-C_CD8B,HLA-C - CD8B,MHC-I,Cell-Cell Contact,KEGG: hsa04514
CD8.TEMRA,CD8.TEMRA,HLA-C,CD8B,0.216078257690166,0.01,HLA-C_CD8B,HLA-C - CD8B,MHC-I,Cell-Cell Contact,KEGG: hsa04514
CD8.TEX,CD8.TEMRA,HLA-C,CD8B,0.206903311447199,0.01,HLA-C_CD8B,HLA-C - CD8B,MHC-I,Cell-Cell Contact,KEGG: hsa04514
CD8.TPEX,CD8.TEMRA,HLA-C,CD8B,0.196771462852805,0.03,HLA-C_CD8B,HLA-C - CD8B,MHC-I,Cell-Cell Contact,KEGG: hsa04514
Classical Mono-derived,CD8.TEMRA,HLA-C,CD8B,0.19502985182397,0.02,HLA-C_CD8B,HLA-C - CD8B,MHC-I,Cell-Cell Contact,KEGG: hsa04514
IFN-stimulated,CD8.TEMRA,HLA-C,CD8B,0.204547364294969,0.01,HLA-C_CD8B,HLA-C - CD8B,MHC-I,Cell-Cell Contact,KEGG: hsa04514
Inflammatory Mono-derived,CD8.TEMRA,HLA-C,CD8B,0.189261167956907,0.04,HLA-C_CD8B,HLA-C - CD8B,MHC-I,Cell-Cell Contact,KEGG: hsa04514
Lipid-associated,CD8.TEMRA,HLA-C,CD8B,0.188268562315037,0.04,HLA-C_CD8B,HLA-C - CD8B,MHC-I,Cell-Cell Contact,KEGG: hsa04514
CD8.CM,CD8.TEX,HLA-C,CD8B,0.187777308910215,0,HLA-C_CD8B,HLA-C - CD8B,MHC-I,Cell-Cell Contact,KEGG: hsa04514
CD8.EM,CD8.TEX,HLA-C,CD8B,0.190722752546887,0,HLA-C_CD8B,HLA-C - CD8B,MHC-I,Cell-Cell Contact,KEGG: hsa04514
CD8.MAIT,CD8.TEX,HLA-C,CD8B,0.186319771518533,0,HLA-C_CD8B,HLA-C - CD8B,MHC-I,Cell-Cell Contact,KEGG: hsa04514
CD8.NaiveLike,CD8.TEX,HLA-C,CD8B,0.177383699906122,0,HLA-C_CD8B,HLA-C - CD8B,MHC-I,Cell-Cell Contact,KEGG: hsa04514
CD8.TEMRA,CD8.TEX,HLA-C,CD8B,0.204060746926553,0,HLA-C_CD8B,HLA-C - CD8B,MHC-I,Cell-Cell Contact,KEGG: hsa04514
CD8.TEX,CD8.TEX,HLA-C,CD8B,0.19526897241448,0,HLA-C_CD8B,HLA-C - CD8B,MHC-I,Cell-Cell Contact,KEGG: hsa04514
CD8.TPEX,CD8.TEX,HLA-C,CD8B,0.185573538810668,0,HLA-C_CD8B,HLA-C - CD8B,MHC-I,Cell-Cell Contact,KEGG: hsa04514
Classical Mono-derived,CD8.TEX,HLA-C,CD8B,0.183908347015441,0,HLA-C_CD8B,HLA-C - CD8B,MHC-I,Cell-Cell Contact,KEGG: hsa04514
IFN-stimulated,CD8.TEX,HLA-C,CD8B,0.193013261628453,0,HLA-C_CD8B,HLA-C - CD8B,MHC-I,Cell-Cell Contact,KEGG: hsa04514
Inflammatory Mono-derived,CD8.TEX,HLA-C,CD8B,0.178395717461551,0,HLA-C_CD8B,HLA-C - CD8B,MHC-I,Cell-Cell Contact,KEGG: hsa04514
Lipid-associated,CD8.TEX,HLA-C,CD8B,0.177447624674065,0,HLA-C_CD8B,HLA-C - CD8B,MHC-I,Cell-Cell Contact,KEGG: hsa04514
Proliferating,CD8.TEX,HLA-C,CD8B,0.175523201476505,0,HLA-C_CD8B,HLA-C - CD8B,MHC-I,Cell-Cell Contact,KEGG: hsa04514
Resident M2,CD8.TEX,HLA-C,CD8B,0.161922706492481,0,HLA-C_CD8B,HLA-C - CD8B,MHC-I,Cell-Cell Contact,KEGG: hsa04514
Stress-response,CD8.TEX,HLA-C,CD8B,0.177971653276381,0,HLA-C_CD8B,HLA-C - CD8B,MHC-I,Cell-Cell Contact,KEGG: hsa04514
CD8.CM,CD8.CM,HLA-E,CD8B,0.139980808208672,0,HLA-E_CD8B,HLA-E - CD8B,MHC-I,Cell-Cell Contact,KEGG: hsa04514
CD8.EM,CD8.CM,HLA-E,CD8B,0.140489637724178,0,HLA-E_CD8B,HLA-E - CD8B,MHC-I,Cell-Cell Contact,KEGG: hsa04514
CD8.MAIT,CD8.CM,HLA-E,CD8B,0.141807495233531,0,HLA-E_CD8B,HLA-E - CD8B,MHC-I,Cell-Cell Contact,KEGG: hsa04514
CD8.NaiveLike,CD8.CM,HLA-E,CD8B,0.134829459639347,0,HLA-E_CD8B,HLA-E - CD8B,MHC-I,Cell-Cell Contact,KEGG: hsa04514
CD8.TEMRA,CD8.CM,HLA-E,CD8B,0.158525646875659,0,HLA-E_CD8B,HLA-E - CD8B,MHC-I,Cell-Cell Contact,KEGG: hsa04514
CD8.TEX,CD8.CM,HLA-E,CD8B,0.142551816449485,0,HLA-E_CD8B,HLA-E - CD8B,MHC-I,Cell-Cell Contact,KEGG: hsa04514
CD8.TPEX,CD8.CM,HLA-E,CD8B,0.134460553662193,0,HLA-E_CD8B,HLA-E - CD8B,MHC-I,Cell-Cell Contact,KEGG: hsa04514
IFN-stimulated,CD8.CM,HLA-E,CD8B,0.136076357234617,0,HLA-E_CD8B,HLA-E - CD8B,MHC-I,Cell-Cell Contact,KEGG: hsa04514
Resident M2,CD8.CM,HLA-E,CD8B,0.135375639953899,0,HLA-E_CD8B,HLA-E - CD8B,MHC-I,Cell-Cell Contact,KEGG: hsa04514
CD8.CM,CD8.EM,HLA-E,CD8B,0.128716383950462,0,HLA-E_CD8B,HLA-E - CD8B,MHC-I,Cell-Cell Contact,KEGG: hsa04514
CD8.EM,CD8.EM,HLA-E,CD8B,0.129190418189409,0,HLA-E_CD8B,HLA-E - CD8B,MHC-I,Cell-Cell Contact,KEGG: hsa04514
CD8.MAIT,CD8.EM,HLA-E,CD8B,0.130418366562983,0,HLA-E_CD8B,HLA-E - CD8B,MHC-I,Cell-Cell Contact,KEGG: hsa04514
CD8.NaiveLike,CD8.EM,HLA-E,CD8B,0.123919840381959,0.01,HLA-E_CD8B,HLA-E - CD8B,MHC-I,Cell-Cell Contact,KEGG: hsa04514
CD8.TEMRA,CD8.EM,HLA-E,CD8B,0.146022278398802,0,HLA-E_CD8B,HLA-E - CD8B,MHC-I,Cell-Cell Contact,KEGG: hsa04514
CD8.TEX,CD8.EM,HLA-E,CD8B,0.131112041275249,0,HLA-E_CD8B,HLA-E - CD8B,MHC-I,Cell-Cell Contact,KEGG: hsa04514
CD8.TPEX,CD8.EM,HLA-E,CD8B,0.123576520557537,0.03,HLA-E_CD8B,HLA-E - CD8B,MHC-I,Cell-Cell Contact,KEGG: hsa04514
Resident M2,CD8.EM,HLA-E,CD8B,0.124428182859707,0,HLA-E_CD8B,HLA-E - CD8B,MHC-I,Cell-Cell Contact,KEGG: hsa04514
CD8.CM,CD8.NaiveLike,HLA-E,CD8B,0.151239653827277,0,HLA-E_CD8B,HLA-E - CD8B,MHC-I,Cell-Cell Contact,KEGG: hsa04514
CD8.EM,CD8.NaiveLike,HLA-E,CD8B,0.151782186309764,0,HLA-E_CD8B,HLA-E - CD8B,MHC-I,Cell-Cell Contact,KEGG: hsa04514
CD8.MAIT,CD8.NaiveLike,HLA-E,CD8B,0.153187093769387,0,HLA-E_CD8B,HLA-E - CD8B,MHC-I,Cell-Cell Contact,KEGG: hsa04514
CD8.NaiveLike,CD8.NaiveLike,HLA-E,CD8B,0.145744190250742,0.01,HLA-E_CD8B,HLA-E - CD8B,MHC-I,Cell-Cell Contact,KEGG: hsa04514
CD8.TEMRA,CD8.NaiveLike,HLA-E,CD8B,0.170979538156878,0,HLA-E_CD8B,HLA-E - CD8B,MHC-I,Cell-Cell Contact,KEGG: hsa04514
CD8.TEX,CD8.NaiveLike,HLA-E,CD8B,0.153980427490905,0,HLA-E_CD8B,HLA-E - CD8B,MHC-I,Cell-Cell Contact,KEGG: hsa04514
CD8.TPEX,CD8.NaiveLike,HLA-E,CD8B,0.145350437719419,0.01,HLA-E_CD8B,HLA-E - CD8B,MHC-I,Cell-Cell Contact,KEGG: hsa04514
IFN-stimulated,CD8.NaiveLike,HLA-E,CD8B,0.147074867700413,0,HLA-E_CD8B,HLA-E - CD8B,MHC-I,Cell-Cell Contact,KEGG: hsa04514
Resident M2,CD8.NaiveLike,HLA-E,CD8B,0.14632710698747,0,HLA-E_CD8B,HLA-E - CD8B,MHC-I,Cell-Cell Contact,KEGG: hsa04514
CD8.CM,CD8.TEMRA,HLA-E,CD8B,0.164120576045898,0.01,HLA-E_CD8B,HLA-E - CD8B,MHC-I,Cell-Cell Contact,KEGG: hsa04514
CD8.EM,CD8.TEMRA,HLA-E,CD8B,0.164700349083104,0.01,HLA-E_CD8B,HLA-E - CD8B,MHC-I,Cell-Cell Contact,KEGG: hsa04514
CD8.MAIT,CD8.TEMRA,HLA-E,CD8B,0.16620139897503,0.01,HLA-E_CD8B,HLA-E - CD8B,MHC-I,Cell-Cell Contact,KEGG: hsa04514
CD8.NaiveLike,CD8.TEMRA,HLA-E,CD8B,0.158244332328301,0.03,HLA-E_CD8B,HLA-E - CD8B,MHC-I,Cell-Cell Contact,KEGG: hsa04514
CD8.TEMRA,CD8.TEMRA,HLA-E,CD8B,0.185174890983905,0.01,HLA-E_CD8B,HLA-E - CD8B,MHC-I,Cell-Cell Contact,KEGG: hsa04514
CD8.TEX,CD8.TEMRA,HLA-E,CD8B,0.167048836209198,0.01,HLA-E_CD8B,HLA-E - CD8B,MHC-I,Cell-Cell Contact,KEGG: hsa04514
CD8.TPEX,CD8.TEMRA,HLA-E,CD8B,0.15782304776226,0.03,HLA-E_CD8B,HLA-E - CD8B,MHC-I,Cell-Cell Contact,KEGG: hsa04514
IFN-stimulated,CD8.TEMRA,HLA-E,CD8B,0.159667807182877,0.03,HLA-E_CD8B,HLA-E - CD8B,MHC-I,Cell-Cell Contact,KEGG: hsa04514
Resident M2,CD8.TEMRA,HLA-E,CD8B,0.158867946720221,0.03,HLA-E_CD8B,HLA-E - CD8B,MHC-I,Cell-Cell Contact,KEGG: hsa04514
CD8.CM,CD8.TEX,HLA-E,CD8B,0.154423530195909,0,HLA-E_CD8B,HLA-E - CD8B,MHC-I,Cell-Cell Contact,KEGG: hsa04514
CD8.EM,CD8.TEX,HLA-E,CD8B,0.154975398575536,0,HLA-E_CD8B,HLA-E - CD8B,MHC-I,Cell-Cell Contact,KEGG: hsa04514
CD8.MAIT,CD8.TEX,HLA-E,CD8B,0.156404412653077,0,HLA-E_CD8B,HLA-E - CD8B,MHC-I,Cell-Cell Contact,KEGG: hsa04514
CD8.NaiveLike,CD8.TEX,HLA-E,CD8B,0.148832663418938,0,HLA-E_CD8B,HLA-E - CD8B,MHC-I,Cell-Cell Contact,KEGG: hsa04514
CD8.TEMRA,CD8.TEX,HLA-E,CD8B,0.174493542115821,0,HLA-E_CD8B,HLA-E - CD8B,MHC-I,Cell-Cell Contact,KEGG: hsa04514
CD8.TEX,CD8.TEX,HLA-E,CD8B,0.15721131508684,0,HLA-E_CD8B,HLA-E - CD8B,MHC-I,Cell-Cell Contact,KEGG: hsa04514
CD8.TPEX,CD8.TEX,HLA-E,CD8B,0.148432016681031,0,HLA-E_CD8B,HLA-E - CD8B,MHC-I,Cell-Cell Contact,KEGG: hsa04514
IFN-stimulated,CD8.TEX,HLA-E,CD8B,0.150186581761039,0,HLA-E_CD8B,HLA-E - CD8B,MHC-I,Cell-Cell Contact,KEGG: hsa04514
Inflammatory Mono-derived,CD8.TEX,HLA-E,CD8B,0.125224963726648,0.01,HLA-E_CD8B,HLA-E - CD8B,MHC-I,Cell-Cell Contact,KEGG: hsa04514
Resident M2,CD8.TEX,HLA-E,CD8B,0.149425772065408,0,HLA-E_CD8B,HLA-E - CD8B,MHC-I,Cell-Cell Contact,KEGG: hsa04514
CD8.CM,CD8.CM,HLA-F,CD8B,0.0595598915907334,0,HLA-F_CD8B,HLA-F - CD8B,MHC-I,Cell-Cell Contact,KEGG: hsa04514
CD8.EM,CD8.CM,HLA-F,CD8B,0.0616451971954703,0,HLA-F_CD8B,HLA-F - CD8B,MHC-I,Cell-Cell Contact,KEGG: hsa04514
CD8.MAIT,CD8.CM,HLA-F,CD8B,0.0584587269837614,0,HLA-F_CD8B,HLA-F - CD8B,MHC-I,Cell-Cell Contact,KEGG: hsa04514
CD8.NaiveLike,CD8.CM,HLA-F,CD8B,0.0568804685533196,0,HLA-F_CD8B,HLA-F - CD8B,MHC-I,Cell-Cell Contact,KEGG: hsa04514
CD8.TEMRA,CD8.CM,HLA-F,CD8B,0.0830448736375329,0,HLA-F_CD8B,HLA-F - CD8B,MHC-I,Cell-Cell Contact,KEGG: hsa04514
CD8.TEX,CD8.CM,HLA-F,CD8B,0.059056488663238,0,HLA-F_CD8B,HLA-F - CD8B,MHC-I,Cell-Cell Contact,KEGG: hsa04514
CD8.CM,CD8.EM,HLA-F,CD8B,0.0543579962740877,0,HLA-F_CD8B,HLA-F - CD8B,MHC-I,Cell-Cell Contact,KEGG: hsa04514
CD8.EM,CD8.EM,HLA-F,CD8B,0.0562720713932878,0,HLA-F_CD8B,HLA-F - CD8B,MHC-I,Cell-Cell Contact,KEGG: hsa04514
CD8.TEMRA,CD8.EM,HLA-F,CD8B,0.0759574934015744,0.01,HLA-F_CD8B,HLA-F - CD8B,MHC-I,Cell-Cell Contact,KEGG: hsa04514
CD8.TEX,CD8.EM,HLA-F,CD8B,0.0538960403018046,0,HLA-F_CD8B,HLA-F - CD8B,MHC-I,Cell-Cell Contact,KEGG: hsa04514
CD8.CM,CD8.NaiveLike,HLA-F,CD8B,0.0648380329893207,0,HLA-F_CD8B,HLA-F - CD8B,MHC-I,Cell-Cell Contact,KEGG: hsa04514
CD8.EM,CD8.NaiveLike,HLA-F,CD8B,0.0670949521560173,0,HLA-F_CD8B,HLA-F - CD8B,MHC-I,Cell-Cell Contact,KEGG: hsa04514
CD8.MAIT,CD8.NaiveLike,HLA-F,CD8B,0.0636458883888659,0,HLA-F_CD8B,HLA-F - CD8B,MHC-I,Cell-Cell Contact,KEGG: hsa04514
CD8.NaiveLike,CD8.NaiveLike,HLA-F,CD8B,0.0619368001839784,0.01,HLA-F_CD8B,HLA-F - CD8B,MHC-I,Cell-Cell Contact,KEGG: hsa04514
CD8.TEMRA,CD8.NaiveLike,HLA-F,CD8B,0.0902046069867325,0,HLA-F_CD8B,HLA-F - CD8B,MHC-I,Cell-Cell Contact,KEGG: hsa04514
CD8.TEX,CD8.NaiveLike,HLA-F,CD8B,0.0642930688010289,0,HLA-F_CD8B,HLA-F - CD8B,MHC-I,Cell-Cell Contact,KEGG: hsa04514
CD8.TPEX,CD8.NaiveLike,HLA-F,CD8B,0.056632802056535,0.01,HLA-F_CD8B,HLA-F - CD8B,MHC-I,Cell-Cell Contact,KEGG: hsa04514
CD8.CM,CD8.TEMRA,HLA-F,CD8B,0.0709755768782442,0.01,HLA-F_CD8B,HLA-F - CD8B,MHC-I,Cell-Cell Contact,KEGG: hsa04514
CD8.EM,CD8.TEMRA,HLA-F,CD8B,0.073429360121988,0.01,HLA-F_CD8B,HLA-F - CD8B,MHC-I,Cell-Cell Contact,KEGG: hsa04514
CD8.MAIT,CD8.TEMRA,HLA-F,CD8B,0.0696789926275044,0.02,HLA-F_CD8B,HLA-F - CD8B,MHC-I,Cell-Cell Contact,KEGG: hsa04514
CD8.NaiveLike,CD8.TEMRA,HLA-F,CD8B,0.0678196310976747,0.04,HLA-F_CD8B,HLA-F - CD8B,MHC-I,Cell-Cell Contact,KEGG: hsa04514
CD8.TEMRA,CD8.TEMRA,HLA-F,CD8B,0.0984904499626003,0.01,HLA-F_CD8B,HLA-F - CD8B,MHC-I,Cell-Cell Contact,KEGG: hsa04514
CD8.TEX,CD8.TEMRA,HLA-F,CD8B,0.0703829090990588,0.01,HLA-F_CD8B,HLA-F - CD8B,MHC-I,Cell-Cell Contact,KEGG: hsa04514
CD8.CM,CD8.TEX,HLA-F,CD8B,0.0663451737284509,0,HLA-F_CD8B,HLA-F - CD8B,MHC-I,Cell-Cell Contact,KEGG: hsa04514
CD8.EM,CD8.TEX,HLA-F,CD8B,0.0686507030897587,0,HLA-F_CD8B,HLA-F - CD8B,MHC-I,Cell-Cell Contact,KEGG: hsa04514
CD8.MAIT,CD8.TEX,HLA-F,CD8B,0.0651272479556456,0,HLA-F_CD8B,HLA-F - CD8B,MHC-I,Cell-Cell Contact,KEGG: hsa04514
CD8.NaiveLike,CD8.TEX,HLA-F,CD8B,0.0633810732959863,0,HLA-F_CD8B,HLA-F - CD8B,MHC-I,Cell-Cell Contact,KEGG: hsa04514
CD8.TEMRA,CD8.TEX,HLA-F,CD8B,0.0922432249625451,0,HLA-F_CD8B,HLA-F - CD8B,MHC-I,Cell-Cell Contact,KEGG: hsa04514
CD8.TEX,CD8.TEX,HLA-F,CD8B,0.0657884331680119,0,HLA-F_CD8B,HLA-F - CD8B,MHC-I,Cell-Cell Contact,KEGG: hsa04514
CD8.TPEX,CD8.TEX,HLA-F,CD8B,0.0579610359185367,0,HLA-F_CD8B,HLA-F - CD8B,MHC-I,Cell-Cell Contact,KEGG: hsa04514
CD8.CM,CD8.CM,HLA-E,KLRC1,0.0336508909405919,0,HLA-E_KLRC1,HLA-E - KLRC1,MHC-I,Cell-Cell Contact,PMID: 24223577
CD8.EM,CD8.CM,HLA-E,KLRC1,0.0337883968926634,0,HLA-E_KLRC1,HLA-E - KLRC1,MHC-I,Cell-Cell Contact,PMID: 24223577
CD8.MAIT,CD8.CM,HLA-E,KLRC1,0.0341451098751943,0,HLA-E_KLRC1,HLA-E - KLRC1,MHC-I,Cell-Cell Contact,PMID: 24223577
CD8.NaiveLike,CD8.CM,HLA-E,KLRC1,0.0322657198770962,0,HLA-E_KLRC1,HLA-E - KLRC1,MHC-I,Cell-Cell Contact,PMID: 24223577
CD8.TEMRA,CD8.CM,HLA-E,KLRC1,0.0387436072812477,0,HLA-E_KLRC1,HLA-E - KLRC1,MHC-I,Cell-Cell Contact,PMID: 24223577
CD8.TEX,CD8.CM,HLA-E,KLRC1,0.0343469478869897,0,HLA-E_KLRC1,HLA-E - KLRC1,MHC-I,Cell-Cell Contact,PMID: 24223577
CD8.TPEX,CD8.CM,HLA-E,KLRC1,0.0321670042711291,0,HLA-E_KLRC1,HLA-E - KLRC1,MHC-I,Cell-Cell Contact,PMID: 24223577
Classical Mono-derived,CD8.CM,HLA-E,KLRC1,0.0261491190970888,0,HLA-E_KLRC1,HLA-E - KLRC1,MHC-I,Cell-Cell Contact,PMID: 24223577
IFN-stimulated,CD8.CM,HLA-E,KLRC1,0.0325998519327424,0,HLA-E_KLRC1,HLA-E - KLRC1,MHC-I,Cell-Cell Contact,PMID: 24223577
Inflammatory Mono-derived,CD8.CM,HLA-E,KLRC1,0.0265705738131435,0,HLA-E_KLRC1,HLA-E - KLRC1,MHC-I,Cell-Cell Contact,PMID: 24223577
Lipid-associated,CD8.CM,HLA-E,KLRC1,0.0251290455500359,0,HLA-E_KLRC1,HLA-E - KLRC1,MHC-I,Cell-Cell Contact,PMID: 24223577
Proliferating,CD8.CM,HLA-E,KLRC1,0.0263111935458507,0,HLA-E_KLRC1,HLA-E - KLRC1,MHC-I,Cell-Cell Contact,PMID: 24223577
Resident M2,CD8.CM,HLA-E,KLRC1,0.0324119899975906,0,HLA-E_KLRC1,HLA-E - KLRC1,MHC-I,Cell-Cell Contact,PMID: 24223577
Stress-response,CD8.CM,HLA-E,KLRC1,0.0222248903245283,0,HLA-E_KLRC1,HLA-E - KLRC1,MHC-I,Cell-Cell Contact,PMID: 24223577
CD8.CM,CD8.TEX,HLA-E,KLRC1,0.0322569977947686,0,HLA-E_KLRC1,HLA-E - KLRC1,MHC-I,Cell-Cell Contact,PMID: 24223577
CD8.EM,CD8.TEX,HLA-E,KLRC1,0.0323889988562722,0,HLA-E_KLRC1,HLA-E - KLRC1,MHC-I,Cell-Cell Contact,PMID: 24223577
CD8.MAIT,CD8.TEX,HLA-E,KLRC1,0.0327314385046062,0,HLA-E_KLRC1,HLA-E - KLRC1,MHC-I,Cell-Cell Contact,PMID: 24223577
CD8.NaiveLike,CD8.TEX,HLA-E,KLRC1,0.0309273672248936,0,HLA-E_KLRC1,HLA-E - KLRC1,MHC-I,Cell-Cell Contact,PMID: 24223577
CD8.TEMRA,CD8.TEX,HLA-E,KLRC1,0.0371468718015987,0,HLA-E_KLRC1,HLA-E - KLRC1,MHC-I,Cell-Cell Contact,PMID: 24223577
CD8.TEX,CD8.TEX,HLA-E,KLRC1,0.0329252049107257,0,HLA-E_KLRC1,HLA-E - KLRC1,MHC-I,Cell-Cell Contact,PMID: 24223577
CD8.TPEX,CD8.TEX,HLA-E,KLRC1,0.0308326157947241,0,HLA-E_KLRC1,HLA-E - KLRC1,MHC-I,Cell-Cell Contact,PMID: 24223577
Classical Mono-derived,CD8.TEX,HLA-E,KLRC1,0.0250579080352249,0,HLA-E_KLRC1,HLA-E - KLRC1,MHC-I,Cell-Cell Contact,PMID: 24223577
IFN-stimulated,CD8.TEX,HLA-E,KLRC1,0.031248087309693,0,HLA-E_KLRC1,HLA-E - KLRC1,MHC-I,Cell-Cell Contact,PMID: 24223577
Inflammatory Mono-derived,CD8.TEX,HLA-E,KLRC1,0.0254622351517783,0,HLA-E_KLRC1,HLA-E - KLRC1,MHC-I,Cell-Cell Contact,PMID: 24223577
Lipid-associated,CD8.TEX,HLA-E,KLRC1,0.0240793499495146,0,HLA-E_KLRC1,HLA-E - KLRC1,MHC-I,Cell-Cell Contact,PMID: 24223577
Proliferating,CD8.TEX,HLA-E,KLRC1,0.0252133941733027,0,HLA-E_KLRC1,HLA-E - KLRC1,MHC-I,Cell-Cell Contact,PMID: 24223577
Resident M2,CD8.TEX,HLA-E,KLRC1,0.0310677649715716,0,HLA-E_KLRC1,HLA-E - KLRC1,MHC-I,Cell-Cell Contact,PMID: 24223577
Stress-response,CD8.TEX,HLA-E,KLRC1,0.0212938578784912,0,HLA-E_KLRC1,HLA-E - KLRC1,MHC-I,Cell-Cell Contact,PMID: 24223577
CD8.CM,Classical Mono-derived,HLA-F,LILRB1,0.00915045281640107,0,HLA-F_LILRB1,HLA-F - LILRB1,MHC-I,Cell-Cell Contact,PMID: 28484462
CD8.EM,Classical Mono-derived,HLA-F,LILRB1,0.00948863504329099,0,HLA-F_LILRB1,HLA-F - LILRB1,MHC-I,Cell-Cell Contact,PMID: 28484462
CD8.MAIT,Classical Mono-derived,HLA-F,LILRB1,0.00897238422397832,0,HLA-F_LILRB1,HLA-F - LILRB1,MHC-I,Cell-Cell Contact,PMID: 28484462
CD8.NaiveLike,Classical Mono-derived,HLA-F,LILRB1,0.00871777906158249,0,HLA-F_LILRB1,HLA-F - LILRB1,MHC-I,Cell-Cell Contact,PMID: 28484462
CD8.TEMRA,Classical Mono-derived,HLA-F,LILRB1,0.0130340395740743,0,HLA-F_LILRB1,HLA-F - LILRB1,MHC-I,Cell-Cell Contact,PMID: 28484462
CD8.TEX,Classical Mono-derived,HLA-F,LILRB1,0.00906900409226912,0,HLA-F_LILRB1,HLA-F - LILRB1,MHC-I,Cell-Cell Contact,PMID: 28484462
CD8.TPEX,Classical Mono-derived,HLA-F,LILRB1,0.00793268656780734,0,HLA-F_LILRB1,HLA-F - LILRB1,MHC-I,Cell-Cell Contact,PMID: 28484462
Classical Mono-derived,Classical Mono-derived,HLA-F,LILRB1,0.00827556280847297,0,HLA-F_LILRB1,HLA-F - LILRB1,MHC-I,Cell-Cell Contact,PMID: 28484462
IFN-stimulated,Classical Mono-derived,HLA-F,LILRB1,0.00780264946958587,0,HLA-F_LILRB1,HLA-F - LILRB1,MHC-I,Cell-Cell Contact,PMID: 28484462
Inflammatory Mono-derived,Classical Mono-derived,HLA-F,LILRB1,0.00527811364721024,0,HLA-F_LILRB1,HLA-F - LILRB1,MHC-I,Cell-Cell Contact,PMID: 28484462
Lipid-associated,Classical Mono-derived,HLA-F,LILRB1,0.00214966057495091,0,HLA-F_LILRB1,HLA-F - LILRB1,MHC-I,Cell-Cell Contact,PMID: 28484462
Resident M2,Classical Mono-derived,HLA-F,LILRB1,0.00246842651931374,0,HLA-F_LILRB1,HLA-F - LILRB1,MHC-I,Cell-Cell Contact,PMID: 28484462
Stress-response,Classical Mono-derived,HLA-F,LILRB1,0.00163945446988198,0,HLA-F_LILRB1,HLA-F - LILRB1,MHC-I,Cell-Cell Contact,PMID: 28484462
CD8.CM,IFN-stimulated,HLA-F,LILRB1,0.0074034029705418,0,HLA-F_LILRB1,HLA-F - LILRB1,MHC-I,Cell-Cell Contact,PMID: 28484462
CD8.EM,IFN-stimulated,HLA-F,LILRB1,0.00767751806452667,0,HLA-F_LILRB1,HLA-F - LILRB1,MHC-I,Cell-Cell Contact,PMID: 28484462
CD8.MAIT,IFN-stimulated,HLA-F,LILRB1,0.00725908304563015,0,HLA-F_LILRB1,HLA-F - LILRB1,MHC-I,Cell-Cell Contact,PMID: 28484462
CD8.NaiveLike,IFN-stimulated,HLA-F,LILRB1,0.0070527494399285,0,HLA-F_LILRB1,HLA-F - LILRB1,MHC-I,Cell-Cell Contact,PMID: 28484462
CD8.TEMRA,IFN-stimulated,HLA-F,LILRB1,0.0105534134207177,0,HLA-F_LILRB1,HLA-F - LILRB1,MHC-I,Cell-Cell Contact,PMID: 28484462
CD8.TEX,IFN-stimulated,HLA-F,LILRB1,0.00733738968639,0,HLA-F_LILRB1,HLA-F - LILRB1,MHC-I,Cell-Cell Contact,PMID: 28484462
CD8.TPEX,IFN-stimulated,HLA-F,LILRB1,0.00641663303801271,0,HLA-F_LILRB1,HLA-F - LILRB1,MHC-I,Cell-Cell Contact,PMID: 28484462
Classical Mono-derived,IFN-stimulated,HLA-F,LILRB1,0.00669442275110847,0,HLA-F_LILRB1,HLA-F - LILRB1,MHC-I,Cell-Cell Contact,PMID: 28484462
IFN-stimulated,IFN-stimulated,HLA-F,LILRB1,0.00631128984685649,0,HLA-F_LILRB1,HLA-F - LILRB1,MHC-I,Cell-Cell Contact,PMID: 28484462
Inflammatory Mono-derived,IFN-stimulated,HLA-F,LILRB1,0.00426720601348547,0,HLA-F_LILRB1,HLA-F - LILRB1,MHC-I,Cell-Cell Contact,PMID: 28484462
Lipid-associated,IFN-stimulated,HLA-F,LILRB1,0.00173689369689384,0,HLA-F_LILRB1,HLA-F - LILRB1,MHC-I,Cell-Cell Contact,PMID: 28484462
Resident M2,IFN-stimulated,HLA-F,LILRB1,0.00199457417422591,0,HLA-F_LILRB1,HLA-F - LILRB1,MHC-I,Cell-Cell Contact,PMID: 28484462
Stress-response,IFN-stimulated,HLA-F,LILRB1,0.00132452473078432,0,HLA-F_LILRB1,HLA-F - LILRB1,MHC-I,Cell-Cell Contact,PMID: 28484462
CD8.CM,Resident M2,HLA-F,LILRB1,0.00977238162564976,0,HLA-F_LILRB1,HLA-F - LILRB1,MHC-I,Cell-Cell Contact,PMID: 28484462
CD8.EM,Resident M2,HLA-F,LILRB1,0.0101333140157789,0,HLA-F_LILRB1,HLA-F - LILRB1,MHC-I,Cell-Cell Contact,PMID: 28484462
CD8.MAIT,Resident M2,HLA-F,LILRB1,0.0095823272894201,0,HLA-F_LILRB1,HLA-F - LILRB1,MHC-I,Cell-Cell Contact,PMID: 28484462
CD8.NaiveLike,Resident M2,HLA-F,LILRB1,0.00931057666421909,0,HLA-F_LILRB1,HLA-F - LILRB1,MHC-I,Cell-Cell Contact,PMID: 28484462
CD8.TEMRA,Resident M2,HLA-F,LILRB1,0.0139162169294318,0,HLA-F_LILRB1,HLA-F - LILRB1,MHC-I,Cell-Cell Contact,PMID: 28484462
CD8.TEX,Resident M2,HLA-F,LILRB1,0.00968545118835481,0,HLA-F_LILRB1,HLA-F - LILRB1,MHC-I,Cell-Cell Contact,PMID: 28484462
CD8.TPEX,Resident M2,HLA-F,LILRB1,0.00847255519254896,0,HLA-F_LILRB1,HLA-F - LILRB1,MHC-I,Cell-Cell Contact,PMID: 28484462
Classical Mono-derived,Resident M2,HLA-F,LILRB1,0.00883855839677342,0,HLA-F_LILRB1,HLA-F - LILRB1,MHC-I,Cell-Cell Contact,PMID: 28484462
IFN-stimulated,Resident M2,HLA-F,LILRB1,0.0083337426035373,0,HLA-F_LILRB1,HLA-F - LILRB1,MHC-I,Cell-Cell Contact,PMID: 28484462
Inflammatory Mono-derived,Resident M2,HLA-F,LILRB1,0.00563834885601329,0,HLA-F_LILRB1,HLA-F - LILRB1,MHC-I,Cell-Cell Contact,PMID: 28484462
Lipid-associated,Resident M2,HLA-F,LILRB1,0.00229686954706564,0,HLA-F_LILRB1,HLA-F - LILRB1,MHC-I,Cell-Cell Contact,PMID: 28484462
Resident M2,Resident M2,HLA-F,LILRB1,0.0026374069190099,0,HLA-F_LILRB1,HLA-F - LILRB1,MHC-I,Cell-Cell Contact,PMID: 28484462
Stress-response,Resident M2,HLA-F,LILRB1,0.00175178581410782,0,HLA-F_LILRB1,HLA-F - LILRB1,MHC-I,Cell-Cell Contact,PMID: 28484462
CD8.CM,CD8.CM,HLA-E,CD94:NKG2A,0.0335951735906798,0,HLA-E_CD94:NKG2A,HLA-E - CD94:NKG2A,MHC-I,Cell-Cell Contact,PMID: 28484462
CD8.EM,CD8.CM,HLA-E,CD94:NKG2A,0.0337324598152101,0,HLA-E_CD94:NKG2A,HLA-E - CD94:NKG2A,MHC-I,Cell-Cell Contact,PMID: 28484462
CD8.MAIT,CD8.CM,HLA-E,CD94:NKG2A,0.0340886030900578,0,HLA-E_CD94:NKG2A,HLA-E - CD94:NKG2A,MHC-I,Cell-Cell Contact,PMID: 28484462
CD8.NaiveLike,CD8.CM,HLA-E,CD94:NKG2A,0.0322122195684032,0,HLA-E_CD94:NKG2A,HLA-E - CD94:NKG2A,MHC-I,Cell-Cell Contact,PMID: 28484462
CD8.TEMRA,CD8.CM,HLA-E,CD94:NKG2A,0.0386797951986375,0,HLA-E_CD94:NKG2A,HLA-E - CD94:NKG2A,MHC-I,Cell-Cell Contact,PMID: 28484462
CD8.TEX,CD8.CM,HLA-E,CD94:NKG2A,0.0342901189384399,0,HLA-E_CD94:NKG2A,HLA-E - CD94:NKG2A,MHC-I,Cell-Cell Contact,PMID: 28484462
CD8.TPEX,CD8.CM,HLA-E,CD94:NKG2A,0.0321136622126855,0,HLA-E_CD94:NKG2A,HLA-E - CD94:NKG2A,MHC-I,Cell-Cell Contact,PMID: 28484462
Classical Mono-derived,CD8.CM,HLA-E,CD94:NKG2A,0.0261054872321237,0,HLA-E_CD94:NKG2A,HLA-E - CD94:NKG2A,MHC-I,Cell-Cell Contact,PMID: 28484462
IFN-stimulated,CD8.CM,HLA-E,CD94:NKG2A,0.0325458162268601,0,HLA-E_CD94:NKG2A,HLA-E - CD94:NKG2A,MHC-I,Cell-Cell Contact,PMID: 28484462
Inflammatory Mono-derived,CD8.CM,HLA-E,CD94:NKG2A,0.0265262578727429,0,HLA-E_CD94:NKG2A,HLA-E - CD94:NKG2A,MHC-I,Cell-Cell Contact,PMID: 28484462
Lipid-associated,CD8.CM,HLA-E,CD94:NKG2A,0.025087071911556,0,HLA-E_CD94:NKG2A,HLA-E - CD94:NKG2A,MHC-I,Cell-Cell Contact,PMID: 28484462
Proliferating,CD8.CM,HLA-E,CD94:NKG2A,0.0262672985412114,0,HLA-E_CD94:NKG2A,HLA-E - CD94:NKG2A,MHC-I,Cell-Cell Contact,PMID: 28484462
Resident M2,CD8.CM,HLA-E,CD94:NKG2A,0.0323582552656616,0,HLA-E_CD94:NKG2A,HLA-E - CD94:NKG2A,MHC-I,Cell-Cell Contact,PMID: 28484462
Stress-response,CD8.CM,HLA-E,CD94:NKG2A,0.022187657161146,0,HLA-E_CD94:NKG2A,HLA-E - CD94:NKG2A,MHC-I,Cell-Cell Contact,PMID: 28484462
CD8.CM,CD8.TEX,HLA-E,CD94:NKG2A,0.0556417619837242,0,HLA-E_CD94:NKG2A,HLA-E - CD94:NKG2A,MHC-I,Cell-Cell Contact,PMID: 28484462
CD8.EM,CD8.TEX,HLA-E,CD94:NKG2A,0.0558639333798754,0,HLA-E_CD94:NKG2A,HLA-E - CD94:NKG2A,MHC-I,Cell-Cell Contact,PMID: 28484462
CD8.MAIT,CD8.TEX,HLA-E,CD94:NKG2A,0.0564400898420202,0,HLA-E_CD94:NKG2A,HLA-E - CD94:NKG2A,MHC-I,Cell-Cell Contact,PMID: 28484462
CD8.NaiveLike,CD8.TEX,HLA-E,CD94:NKG2A,0.053401403850264,0,HLA-E_CD94:NKG2A,HLA-E - CD94:NKG2A,MHC-I,Cell-Cell Contact,PMID: 28484462
CD8.TEMRA,CD8.TEX,HLA-E,CD94:NKG2A,0.0638426972266262,0,HLA-E_CD94:NKG2A,HLA-E - CD94:NKG2A,MHC-I,Cell-Cell Contact,PMID: 28484462
CD8.TEX,CD8.TEX,HLA-E,CD94:NKG2A,0.0567659719251732,0,HLA-E_CD94:NKG2A,HLA-E - CD94:NKG2A,MHC-I,Cell-Cell Contact,PMID: 28484462
CD8.TPEX,CD8.TEX,HLA-E,CD94:NKG2A,0.0532415821001663,0,HLA-E_CD94:NKG2A,HLA-E - CD94:NKG2A,MHC-I,Cell-Cell Contact,PMID: 28484462
Classical Mono-derived,CD8.TEX,HLA-E,CD94:NKG2A,0.0434580473193272,0,HLA-E_CD94:NKG2A,HLA-E - CD94:NKG2A,MHC-I,Cell-Cell Contact,PMID: 28484462
IFN-stimulated,CD8.TEX,HLA-E,CD94:NKG2A,0.0539422091945298,0,HLA-E_CD94:NKG2A,HLA-E - CD94:NKG2A,MHC-I,Cell-Cell Contact,PMID: 28484462
Inflammatory Mono-derived,CD8.TEX,HLA-E,CD94:NKG2A,0.0441458299943186,0,HLA-E_CD94:NKG2A,HLA-E - CD94:NKG2A,MHC-I,Cell-Cell Contact,PMID: 28484462
Lipid-associated,CD8.TEX,HLA-E,CD94:NKG2A,0.0417917311292372,0,HLA-E_CD94:NKG2A,HLA-E - CD94:NKG2A,MHC-I,Cell-Cell Contact,PMID: 28484462
Proliferating,CD8.TEX,HLA-E,CD94:NKG2A,0.0437225873618448,0,HLA-E_CD94:NKG2A,HLA-E - CD94:NKG2A,MHC-I,Cell-Cell Contact,PMID: 28484462
Resident M2,CD8.TEX,HLA-E,CD94:NKG2A,0.0536381776632615,0,HLA-E_CD94:NKG2A,HLA-E - CD94:NKG2A,MHC-I,Cell-Cell Contact,PMID: 28484462
Stress-response,CD8.TEX,HLA-E,CD94:NKG2A,0.037035031766157,0,HLA-E_CD94:NKG2A,HLA-E - CD94:NKG2A,MHC-I,Cell-Cell Contact,PMID: 28484462
CD8.CM,CD8.TEMRA,HLA-E,CD94:NKG2E,0.0789248525579288,0,HLA-E_CD94:NKG2E,HLA-E - CD94:NKG2E,MHC-I,Cell-Cell Contact,PMID: 28484462
CD8.EM,CD8.TEMRA,HLA-E,CD94:NKG2E,0.0792321907899195,0,HLA-E_CD94:NKG2E,HLA-E - CD94:NKG2E,MHC-I,Cell-Cell Contact,PMID: 28484462
CD8.MAIT,CD8.TEMRA,HLA-E,CD94:NKG2E,0.0800289283319722,0,HLA-E_CD94:NKG2E,HLA-E - CD94:NKG2E,MHC-I,Cell-Cell Contact,PMID: 28484462
CD8.NaiveLike,CD8.TEMRA,HLA-E,CD94:NKG2E,0.0758222940150461,0,HLA-E_CD94:NKG2E,HLA-E - CD94:NKG2E,MHC-I,Cell-Cell Contact,PMID: 28484462
CD8.TEMRA,CD8.TEMRA,HLA-E,CD94:NKG2E,0.0902295587748435,0,HLA-E_CD94:NKG2E,HLA-E - CD94:NKG2E,MHC-I,Cell-Cell Contact,PMID: 28484462
CD8.TEX,CD8.TEMRA,HLA-E,CD94:NKG2E,0.0804793941012562,0,HLA-E_CD94:NKG2E,HLA-E - CD94:NKG2E,MHC-I,Cell-Cell Contact,PMID: 28484462
CD8.TPEX,CD8.TEMRA,HLA-E,CD94:NKG2E,0.0756007293265171,0,HLA-E_CD94:NKG2E,HLA-E - CD94:NKG2E,MHC-I,Cell-Cell Contact,PMID: 28484462
Classical Mono-derived,CD8.TEMRA,HLA-E,CD94:NKG2E,0.0619775002474427,0,HLA-E_CD94:NKG2E,HLA-E - CD94:NKG2E,MHC-I,Cell-Cell Contact,PMID: 28484462
IFN-stimulated,CD8.TEMRA,HLA-E,CD94:NKG2E,0.0765717923814138,0,HLA-E_CD94:NKG2E,HLA-E - CD94:NKG2E,MHC-I,Cell-Cell Contact,PMID: 28484462
Inflammatory Mono-derived,CD8.TEMRA,HLA-E,CD94:NKG2E,0.0629390931739651,0,HLA-E_CD94:NKG2E,HLA-E - CD94:NKG2E,MHC-I,Cell-Cell Contact,PMID: 28484462
Lipid-associated,CD8.TEMRA,HLA-E,CD94:NKG2E,0.0596453688561468,0,HLA-E_CD94:NKG2E,HLA-E - CD94:NKG2E,MHC-I,Cell-Cell Contact,PMID: 28484462
Proliferating,CD8.TEMRA,HLA-E,CD94:NKG2E,0.0623474249379564,0,HLA-E_CD94:NKG2E,HLA-E - CD94:NKG2E,MHC-I,Cell-Cell Contact,PMID: 28484462
Resident M2,CD8.TEMRA,HLA-E,CD94:NKG2E,0.0761504814418423,0,HLA-E_CD94:NKG2E,HLA-E - CD94:NKG2E,MHC-I,Cell-Cell Contact,PMID: 28484462
Stress-response,CD8.TEMRA,HLA-E,CD94:NKG2E,0.0529689155335119,0,HLA-E_CD94:NKG2E,HLA-E - CD94:NKG2E,MHC-I,Cell-Cell Contact,PMID: 28484462
CD8.CM,Classical Mono-derived,HLA-DPA1,CD4,0.0118796249395145,0,HLA-DPA1_CD4,HLA-DPA1 - CD4,MHC-II,Cell-Cell Contact,KEGG: hsa04514
CD8.EM,Classical Mono-derived,HLA-DPA1,CD4,0.038041756658456,0,HLA-DPA1_CD4,HLA-DPA1 - CD4,MHC-II,Cell-Cell Contact,KEGG: hsa04514
CD8.MAIT,Classical Mono-derived,HLA-DPA1,CD4,0.00687566301503391,0,HLA-DPA1_CD4,HLA-DPA1 - CD4,MHC-II,Cell-Cell Contact,KEGG: hsa04514
CD8.TEMRA,Classical Mono-derived,HLA-DPA1,CD4,0.0420672647050916,0,HLA-DPA1_CD4,HLA-DPA1 - CD4,MHC-II,Cell-Cell Contact,KEGG: hsa04514
CD8.TEX,Classical Mono-derived,HLA-DPA1,CD4,0.0476321936800612,0,HLA-DPA1_CD4,HLA-DPA1 - CD4,MHC-II,Cell-Cell Contact,KEGG: hsa04514
CD8.TPEX,Classical Mono-derived,HLA-DPA1,CD4,0.0323718824495824,0,HLA-DPA1_CD4,HLA-DPA1 - CD4,MHC-II,Cell-Cell Contact,KEGG: hsa04514
Classical Mono-derived,Classical Mono-derived,HLA-DPA1,CD4,0.10428151322,0,HLA-DPA1_CD4,HLA-DPA1 - CD4,MHC-II,Cell-Cell Contact,KEGG: hsa04514
IFN-stimulated,Classical Mono-derived,HLA-DPA1,CD4,0.0992899910339767,0,HLA-DPA1_CD4,HLA-DPA1 - CD4,MHC-II,Cell-Cell Contact,KEGG: hsa04514
Inflammatory Mono-derived,Classical Mono-derived,HLA-DPA1,CD4,0.0993568014002391,0,HLA-DPA1_CD4,HLA-DPA1 - CD4,MHC-II,Cell-Cell Contact,KEGG: hsa04514
Lipid-associated,Classical Mono-derived,HLA-DPA1,CD4,0.0885169039031963,0,HLA-DPA1_CD4,HLA-DPA1 - CD4,MHC-II,Cell-Cell Contact,KEGG: hsa04514
Proliferating,Classical Mono-derived,HLA-DPA1,CD4,0.0755117132002352,0,HLA-DPA1_CD4,HLA-DPA1 - CD4,MHC-II,Cell-Cell Contact,KEGG: hsa04514
Resident M2,Classical Mono-derived,HLA-DPA1,CD4,0.111355732768951,0,HLA-DPA1_CD4,HLA-DPA1 - CD4,MHC-II,Cell-Cell Contact,KEGG: hsa04514
Stress-response,Classical Mono-derived,HLA-DPA1,CD4,0.0934471663136581,0,HLA-DPA1_CD4,HLA-DPA1 - CD4,MHC-II,Cell-Cell Contact,KEGG: hsa04514
CD8.CM,IFN-stimulated,HLA-DPA1,CD4,0.00394883376866129,0,HLA-DPA1_CD4,HLA-DPA1 - CD4,MHC-II,Cell-Cell Contact,KEGG: hsa04514
CD8.EM,IFN-stimulated,HLA-DPA1,CD4,0.0128727639653761,0,HLA-DPA1_CD4,HLA-DPA1 - CD4,MHC-II,Cell-Cell Contact,KEGG: hsa04514
CD8.MAIT,IFN-stimulated,HLA-DPA1,CD4,0.00227779651699283,0,HLA-DPA1_CD4,HLA-DPA1 - CD4,MHC-II,Cell-Cell Contact,KEGG: hsa04514
CD8.TEMRA,IFN-stimulated,HLA-DPA1,CD4,0.014274457073239,0,HLA-DPA1_CD4,HLA-DPA1 - CD4,MHC-II,Cell-Cell Contact,KEGG: hsa04514
CD8.TEX,IFN-stimulated,HLA-DPA1,CD4,0.0162250471272159,0,HLA-DPA1_CD4,HLA-DPA1 - CD4,MHC-II,Cell-Cell Contact,KEGG: hsa04514
CD8.TPEX,IFN-stimulated,HLA-DPA1,CD4,0.0109116118065734,0,HLA-DPA1_CD4,HLA-DPA1 - CD4,MHC-II,Cell-Cell Contact,KEGG: hsa04514
Classical Mono-derived,IFN-stimulated,HLA-DPA1,CD4,0.0369716790841069,0,HLA-DPA1_CD4,HLA-DPA1 - CD4,MHC-II,Cell-Cell Contact,KEGG: hsa04514
IFN-stimulated,IFN-stimulated,HLA-DPA1,CD4,0.0350758331096834,0,HLA-DPA1_CD4,HLA-DPA1 - CD4,MHC-II,Cell-Cell Contact,KEGG: hsa04514
Inflammatory Mono-derived,IFN-stimulated,HLA-DPA1,CD4,0.0351011188343884,0,HLA-DPA1_CD4,HLA-DPA1 - CD4,MHC-II,Cell-Cell Contact,KEGG: hsa04514
Lipid-associated,IFN-stimulated,HLA-DPA1,CD4,0.0310300332654203,0,HLA-DPA1_CD4,HLA-DPA1 - CD4,MHC-II,Cell-Cell Contact,KEGG: hsa04514
Proliferating,IFN-stimulated,HLA-DPA1,CD4,0.0262279615929111,0,HLA-DPA1_CD4,HLA-DPA1 - CD4,MHC-II,Cell-Cell Contact,KEGG: hsa04514
Resident M2,IFN-stimulated,HLA-DPA1,CD4,0.0396820422762511,0,HLA-DPA1_CD4,HLA-DPA1 - CD4,MHC-II,Cell-Cell Contact,KEGG: hsa04514
Stress-response,IFN-stimulated,HLA-DPA1,CD4,0.032873842861286,0,HLA-DPA1_CD4,HLA-DPA1 - CD4,MHC-II,Cell-Cell Contact,KEGG: hsa04514
CD8.CM,Inflammatory Mono-derived,HLA-DPA1,CD4,0.00965563281041856,0,HLA-DPA1_CD4,HLA-DPA1 - CD4,MHC-II,Cell-Cell Contact,KEGG: hsa04514
CD8.EM,Inflammatory Mono-derived,HLA-DPA1,CD4,0.0310739599429865,0,HLA-DPA1_CD4,HLA-DPA1 - CD4,MHC-II,Cell-Cell Contact,KEGG: hsa04514
CD8.MAIT,Inflammatory Mono-derived,HLA-DPA1,CD4,0.00558317260716967,0,HLA-DPA1_CD4,HLA-DPA1 - CD4,MHC-II,Cell-Cell Contact,KEGG: hsa04514
CD8.TEMRA,Inflammatory Mono-derived,HLA-DPA1,CD4,0.0343885066954899,0,HLA-DPA1_CD4,HLA-DPA1 - CD4,MHC-II,Cell-Cell Contact,KEGG: hsa04514
CD8.TEX,Inflammatory Mono-derived,HLA-DPA1,CD4,0.0389789735131517,0,HLA-DPA1_CD4,HLA-DPA1 - CD4,MHC-II,Cell-Cell Contact,KEGG: hsa04514
CD8.TPEX,Inflammatory Mono-derived,HLA-DPA1,CD4,0.0264140741858066,0,HLA-DPA1_CD4,HLA-DPA1 - CD4,MHC-II,Cell-Cell Contact,KEGG: hsa04514
Classical Mono-derived,Inflammatory Mono-derived,HLA-DPA1,CD4,0.0862691839565127,0,HLA-DPA1_CD4,HLA-DPA1 - CD4,MHC-II,Cell-Cell Contact,KEGG: hsa04514
IFN-stimulated,Inflammatory Mono-derived,HLA-DPA1,CD4,0.0820608492321988,0,HLA-DPA1_CD4,HLA-DPA1 - CD4,MHC-II,Cell-Cell Contact,KEGG: hsa04514
Inflammatory Mono-derived,Inflammatory Mono-derived,HLA-DPA1,CD4,0.0821171233742556,0,HLA-DPA1_CD4,HLA-DPA1 - CD4,MHC-II,Cell-Cell Contact,KEGG: hsa04514
Lipid-associated,Inflammatory Mono-derived,HLA-DPA1,CD4,0.0730056254453339,0,HLA-DPA1_CD4,HLA-DPA1 - CD4,MHC-II,Cell-Cell Contact,KEGG: hsa04514
Proliferating,Inflammatory Mono-derived,HLA-DPA1,CD4,0.0621240742175491,0,HLA-DPA1_CD4,HLA-DPA1 - CD4,MHC-II,Cell-Cell Contact,KEGG: hsa04514
Resident M2,Inflammatory Mono-derived,HLA-DPA1,CD4,0.0922473295958026,0,HLA-DPA1_CD4,HLA-DPA1 - CD4,MHC-II,Cell-Cell Contact,KEGG: hsa04514
Stress-response,Inflammatory Mono-derived,HLA-DPA1,CD4,0.0771450547507712,0,HLA-DPA1_CD4,HLA-DPA1 - CD4,MHC-II,Cell-Cell Contact,KEGG: hsa04514
CD8.CM,Lipid-associated,HLA-DPA1,CD4,0.00481319723059204,0,HLA-DPA1_CD4,HLA-DPA1 - CD4,MHC-II,Cell-Cell Contact,KEGG: hsa04514
CD8.EM,Lipid-associated,HLA-DPA1,CD4,0.0156597832609321,0,HLA-DPA1_CD4,HLA-DPA1 - CD4,MHC-II,Cell-Cell Contact,KEGG: hsa04514
CD8.MAIT,Lipid-associated,HLA-DPA1,CD4,0.00277740519667827,0,HLA-DPA1_CD4,HLA-DPA1 - CD4,MHC-II,Cell-Cell Contact,KEGG: hsa04514
CD8.TEMRA,Lipid-associated,HLA-DPA1,CD4,0.0173596132149454,0,HLA-DPA1_CD4,HLA-DPA1 - CD4,MHC-II,Cell-Cell Contact,KEGG: hsa04514
CD8.TEX,Lipid-associated,HLA-DPA1,CD4,0.0197233512707076,0,HLA-DPA1_CD4,HLA-DPA1 - CD4,MHC-II,Cell-Cell Contact,KEGG: hsa04514
CD8.TPEX,Lipid-associated,HLA-DPA1,CD4,0.0132797437232557,0,HLA-DPA1_CD4,HLA-DPA1 - CD4,MHC-II,Cell-Cell Contact,KEGG: hsa04514
Classical Mono-derived,Lipid-associated,HLA-DPA1,CD4,0.0447397613474491,0,HLA-DPA1_CD4,HLA-DPA1 - CD4,MHC-II,Cell-Cell Contact,KEGG: hsa04514
IFN-stimulated,Lipid-associated,HLA-DPA1,CD4,0.0424631449776554,0,HLA-DPA1_CD4,HLA-DPA1 - CD4,MHC-II,Cell-Cell Contact,KEGG: hsa04514
Inflammatory Mono-derived,Lipid-associated,HLA-DPA1,CD4,0.0424935216002154,0,HLA-DPA1_CD4,HLA-DPA1 - CD4,MHC-II,Cell-Cell Contact,KEGG: hsa04514
Lipid-associated,Lipid-associated,HLA-DPA1,CD4,0.0375984619605567,0,HLA-DPA1_CD4,HLA-DPA1 - CD4,MHC-II,Cell-Cell Contact,KEGG: hsa04514
Proliferating,Lipid-associated,HLA-DPA1,CD4,0.0318132629196388,0,HLA-DPA1_CD4,HLA-DPA1 - CD4,MHC-II,Cell-Cell Contact,KEGG: hsa04514
Resident M2,Lipid-associated,HLA-DPA1,CD4,0.0479912173675864,0,HLA-DPA1_CD4,HLA-DPA1 - CD4,MHC-II,Cell-Cell Contact,KEGG: hsa04514
Stress-response,Lipid-associated,HLA-DPA1,CD4,0.0398165307180412,0,HLA-DPA1_CD4,HLA-DPA1 - CD4,MHC-II,Cell-Cell Contact,KEGG: hsa04514
CD8.CM,Resident M2,HLA-DPA1,CD4,0.0126115796409649,0,HLA-DPA1_CD4,HLA-DPA1 - CD4,MHC-II,Cell-Cell Contact,KEGG: hsa04514
CD8.EM,Resident M2,HLA-DPA1,CD4,0.0403198971296093,0,HLA-DPA1_CD4,HLA-DPA1 - CD4,MHC-II,Cell-Cell Contact,KEGG: hsa04514
CD8.MAIT,Resident M2,HLA-DPA1,CD4,0.00730158039204394,0,HLA-DPA1_CD4,HLA-DPA1 - CD4,MHC-II,Cell-Cell Contact,KEGG: hsa04514
CD8.TEMRA,Resident M2,HLA-DPA1,CD4,0.0445753031133552,0,HLA-DPA1_CD4,HLA-DPA1 - CD4,MHC-II,Cell-Cell Contact,KEGG: hsa04514
CD8.TEX,Resident M2,HLA-DPA1,CD4,0.0504545366760855,0,HLA-DPA1_CD4,HLA-DPA1 - CD4,MHC-II,Cell-Cell Contact,KEGG: hsa04514
CD8.TPEX,Resident M2,HLA-DPA1,CD4,0.0343225958605061,0,HLA-DPA1_CD4,HLA-DPA1 - CD4,MHC-II,Cell-Cell Contact,KEGG: hsa04514
Classical Mono-derived,Resident M2,HLA-DPA1,CD4,0.110072537410784,0,HLA-DPA1_CD4,HLA-DPA1 - CD4,MHC-II,Cell-Cell Contact,KEGG: hsa04514
IFN-stimulated,Resident M2,HLA-DPA1,CD4,0.104836265994161,0,HLA-DPA1_CD4,HLA-DPA1 - CD4,MHC-II,Cell-Cell Contact,KEGG: hsa04514
Inflammatory Mono-derived,Resident M2,HLA-DPA1,CD4,0.104906373677466,0,HLA-DPA1_CD4,HLA-DPA1 - CD4,MHC-II,Cell-Cell Contact,KEGG: hsa04514
Lipid-associated,Resident M2,HLA-DPA1,CD4,0.0935238858483036,0,HLA-DPA1_CD4,HLA-DPA1 - CD4,MHC-II,Cell-Cell Contact,KEGG: hsa04514
Proliferating,Resident M2,HLA-DPA1,CD4,0.0798474966285625,0,HLA-DPA1_CD4,HLA-DPA1 - CD4,MHC-II,Cell-Cell Contact,KEGG: hsa04514
Resident M2,Resident M2,HLA-DPA1,CD4,0.117488078146765,0,HLA-DPA1_CD4,HLA-DPA1 - CD4,MHC-II,Cell-Cell Contact,KEGG: hsa04514
Stress-response,Resident M2,HLA-DPA1,CD4,0.0987028302733433,0,HLA-DPA1_CD4,HLA-DPA1 - CD4,MHC-II,Cell-Cell Contact,KEGG: hsa04514
CD8.CM,Stress-response,HLA-DPA1,CD4,0.00395440081834297,0,HLA-DPA1_CD4,HLA-DPA1 - CD4,MHC-II,Cell-Cell Contact,KEGG: hsa04514
CD8.EM,Stress-response,HLA-DPA1,CD4,0.0128907491148796,0,HLA-DPA1_CD4,HLA-DPA1 - CD4,MHC-II,Cell-Cell Contact,KEGG: hsa04514
CD8.MAIT,Stress-response,HLA-DPA1,CD4,0.00228101314016141,0,HLA-DPA1_CD4,HLA-DPA1 - CD4,MHC-II,Cell-Cell Contact,KEGG: hsa04514
CD8.TEMRA,Stress-response,HLA-DPA1,CD4,0.0142943722359573,0,HLA-DPA1_CD4,HLA-DPA1 - CD4,MHC-II,Cell-Cell Contact,KEGG: hsa04514
CD8.TEX,Stress-response,HLA-DPA1,CD4,0.0162476388202729,0,HLA-DPA1_CD4,HLA-DPA1 - CD4,MHC-II,Cell-Cell Contact,KEGG: hsa04514
CD8.TPEX,Stress-response,HLA-DPA1,CD4,0.0109268872676267,0,HLA-DPA1_CD4,HLA-DPA1 - CD4,MHC-II,Cell-Cell Contact,KEGG: hsa04514
Classical Mono-derived,Stress-response,HLA-DPA1,CD4,0.0370220711928106,0,HLA-DPA1_CD4,HLA-DPA1 - CD4,MHC-II,Cell-Cell Contact,KEGG: hsa04514
IFN-stimulated,Stress-response,HLA-DPA1,CD4,0.0351237354401299,0,HLA-DPA1_CD4,HLA-DPA1 - CD4,MHC-II,Cell-Cell Contact,KEGG: hsa04514
Inflammatory Mono-derived,Stress-response,HLA-DPA1,CD4,0.035149054439124,0,HLA-DPA1_CD4,HLA-DPA1 - CD4,MHC-II,Cell-Cell Contact,KEGG: hsa04514
Lipid-associated,Stress-response,HLA-DPA1,CD4,0.0310725882569062,0,HLA-DPA1_CD4,HLA-DPA1 - CD4,MHC-II,Cell-Cell Contact,KEGG: hsa04514
Proliferating,Stress-response,HLA-DPA1,CD4,0.0262641094653457,0,HLA-DPA1_CD4,HLA-DPA1 - CD4,MHC-II,Cell-Cell Contact,KEGG: hsa04514
Resident M2,Stress-response,HLA-DPA1,CD4,0.03973597616041,0,HLA-DPA1_CD4,HLA-DPA1 - CD4,MHC-II,Cell-Cell Contact,KEGG: hsa04514
Stress-response,Stress-response,HLA-DPA1,CD4,0.0329188405722278,0,HLA-DPA1_CD4,HLA-DPA1 - CD4,MHC-II,Cell-Cell Contact,KEGG: hsa04514
CD8.CM,Classical Mono-derived,HLA-DPB1,CD4,0.026846196267696,0,HLA-DPB1_CD4,HLA-DPB1 - CD4,MHC-II,Cell-Cell Contact,KEGG: hsa04514
CD8.EM,Classical Mono-derived,HLA-DPB1,CD4,0.0394799690464884,0,HLA-DPB1_CD4,HLA-DPB1 - CD4,MHC-II,Cell-Cell Contact,KEGG: hsa04514
CD8.MAIT,Classical Mono-derived,HLA-DPB1,CD4,0.00913019323720366,0,HLA-DPB1_CD4,HLA-DPB1 - CD4,MHC-II,Cell-Cell Contact,KEGG: hsa04514
CD8.NaiveLike,Classical Mono-derived,HLA-DPB1,CD4,0.00860594389044057,0,HLA-DPB1_CD4,HLA-DPB1 - CD4,MHC-II,Cell-Cell Contact,KEGG: hsa04514
CD8.TEMRA,Classical Mono-derived,HLA-DPB1,CD4,0.0494058793332878,0,HLA-DPB1_CD4,HLA-DPB1 - CD4,MHC-II,Cell-Cell Contact,KEGG: hsa04514
CD8.TEX,Classical Mono-derived,HLA-DPB1,CD4,0.0481678472610233,0,HLA-DPB1_CD4,HLA-DPB1 - CD4,MHC-II,Cell-Cell Contact,KEGG: hsa04514
CD8.TPEX,Classical Mono-derived,HLA-DPB1,CD4,0.0302538270949295,0,HLA-DPB1_CD4,HLA-DPB1 - CD4,MHC-II,Cell-Cell Contact,KEGG: hsa04514
Classical Mono-derived,Classical Mono-derived,HLA-DPB1,CD4,0.10062748412302,0,HLA-DPB1_CD4,HLA-DPB1 - CD4,MHC-II,Cell-Cell Contact,KEGG: hsa04514
IFN-stimulated,Classical Mono-derived,HLA-DPB1,CD4,0.0939228302786507,0,HLA-DPB1_CD4,HLA-DPB1 - CD4,MHC-II,Cell-Cell Contact,KEGG: hsa04514
Inflammatory Mono-derived,Classical Mono-derived,HLA-DPB1,CD4,0.0965867664184637,0,HLA-DPB1_CD4,HLA-DPB1 - CD4,MHC-II,Cell-Cell Contact,KEGG: hsa04514
Lipid-associated,Classical Mono-derived,HLA-DPB1,CD4,0.0796928850605981,0,HLA-DPB1_CD4,HLA-DPB1 - CD4,MHC-II,Cell-Cell Contact,KEGG: hsa04514
Proliferating,Classical Mono-derived,HLA-DPB1,CD4,0.0723592944866654,0,HLA-DPB1_CD4,HLA-DPB1 - CD4,MHC-II,Cell-Cell Contact,KEGG: hsa04514
Resident M2,Classical Mono-derived,HLA-DPB1,CD4,0.107642160076658,0,HLA-DPB1_CD4,HLA-DPB1 - CD4,MHC-II,Cell-Cell Contact,KEGG: hsa04514
Stress-response,Classical Mono-derived,HLA-DPB1,CD4,0.0807401100135217,0,HLA-DPB1_CD4,HLA-DPB1 - CD4,MHC-II,Cell-Cell Contact,KEGG: hsa04514
CD8.CM,IFN-stimulated,HLA-DPB1,CD4,0.00901493736157935,0,HLA-DPB1_CD4,HLA-DPB1 - CD4,MHC-II,Cell-Cell Contact,KEGG: hsa04514
CD8.EM,IFN-stimulated,HLA-DPB1,CD4,0.0133726614910416,0,HLA-DPB1_CD4,HLA-DPB1 - CD4,MHC-II,Cell-Cell Contact,KEGG: hsa04514
CD8.MAIT,IFN-stimulated,HLA-DPB1,CD4,0.00302928479268791,0,HLA-DPB1_CD4,HLA-DPB1 - CD4,MHC-II,Cell-Cell Contact,KEGG: hsa04514
CD8.NaiveLike,IFN-stimulated,HLA-DPB1,CD4,0.00285433625065717,0,HLA-DPB1_CD4,HLA-DPB1 - CD4,MHC-II,Cell-Cell Contact,KEGG: hsa04514
CD8.TEMRA,IFN-stimulated,HLA-DPB1,CD4,0.0168499128975604,0,HLA-DPB1_CD4,HLA-DPB1 - CD4,MHC-II,Cell-Cell Contact,KEGG: hsa04514
CD8.TEX,IFN-stimulated,HLA-DPB1,CD4,0.0164135949589998,0,HLA-DPB1_CD4,HLA-DPB1 - CD4,MHC-II,Cell-Cell Contact,KEGG: hsa04514
CD8.TPEX,IFN-stimulated,HLA-DPB1,CD4,0.0101829011242875,0,HLA-DPB1_CD4,HLA-DPB1 - CD4,MHC-II,Cell-Cell Contact,KEGG: hsa04514
Classical Mono-derived,IFN-stimulated,HLA-DPB1,CD4,0.0355824965204585,0,HLA-DPB1_CD4,HLA-DPB1 - CD4,MHC-II,Cell-Cell Contact,KEGG: hsa04514
IFN-stimulated,IFN-stimulated,HLA-DPB1,CD4,0.0330524185500854,0,HLA-DPB1_CD4,HLA-DPB1 - CD4,MHC-II,Cell-Cell Contact,KEGG: hsa04514
Inflammatory Mono-derived,IFN-stimulated,HLA-DPB1,CD4,0.0340547744117081,0,HLA-DPB1_CD4,HLA-DPB1 - CD4,MHC-II,Cell-Cell Contact,KEGG: hsa04514
Lipid-associated,IFN-stimulated,HLA-DPB1,CD4,0.0277621827400778,0,HLA-DPB1_CD4,HLA-DPB1 - CD4,MHC-II,Cell-Cell Contact,KEGG: hsa04514
Proliferating,IFN-stimulated,HLA-DPB1,CD4,0.0250772021667609,0,HLA-DPB1_CD4,HLA-DPB1 - CD4,MHC-II,Cell-Cell Contact,KEGG: hsa04514
Resident M2,IFN-stimulated,HLA-DPB1,CD4,0.038255798053948,0,HLA-DPB1_CD4,HLA-DPB1 - CD4,MHC-II,Cell-Cell Contact,KEGG: hsa04514
Stress-response,IFN-stimulated,HLA-DPB1,CD4,0.0281478705569122,0,HLA-DPB1_CD4,HLA-DPB1 - CD4,MHC-II,Cell-Cell Contact,KEGG: hsa04514
CD8.CM,Inflammatory Mono-derived,HLA-DPB1,CD4,0.0218823521296705,0,HLA-DPB1_CD4,HLA-DPB1 - CD4,MHC-II,Cell-Cell Contact,KEGG: hsa04514
CD8.EM,Inflammatory Mono-derived,HLA-DPB1,CD4,0.0322575802717758,0,HLA-DPB1_CD4,HLA-DPB1 - CD4,MHC-II,Cell-Cell Contact,KEGG: hsa04514
CD8.MAIT,Inflammatory Mono-derived,HLA-DPB1,CD4,0.00741706033419336,0,HLA-DPB1_CD4,HLA-DPB1 - CD4,MHC-II,Cell-Cell Contact,KEGG: hsa04514
CD8.NaiveLike,Inflammatory Mono-derived,HLA-DPB1,CD4,0.00699048391915222,0,HLA-DPB1_CD4,HLA-DPB1 - CD4,MHC-II,Cell-Cell Contact,KEGG: hsa04514
CD8.TEMRA,Inflammatory Mono-derived,HLA-DPB1,CD4,0.0404441219103099,0,HLA-DPB1_CD4,HLA-DPB1 - CD4,MHC-II,Cell-Cell Contact,KEGG: hsa04514
CD8.TEX,Inflammatory Mono-derived,HLA-DPB1,CD4,0.0394213442482695,0,HLA-DPB1_CD4,HLA-DPB1 - CD4,MHC-II,Cell-Cell Contact,KEGG: hsa04514
CD8.TPEX,Inflammatory Mono-derived,HLA-DPB1,CD4,0.0246758906573883,0,HLA-DPB1_CD4,HLA-DPB1 - CD4,MHC-II,Cell-Cell Contact,KEGG: hsa04514
Classical Mono-derived,Inflammatory Mono-derived,HLA-DPB1,CD4,0.0831876909214584,0,HLA-DPB1_CD4,HLA-DPB1 - CD4,MHC-II,Cell-Cell Contact,KEGG: hsa04514
IFN-stimulated,Inflammatory Mono-derived,HLA-DPB1,CD4,0.0775448358756991,0,HLA-DPB1_CD4,HLA-DPB1 - CD4,MHC-II,Cell-Cell Contact,KEGG: hsa04514
Inflammatory Mono-derived,Inflammatory Mono-derived,HLA-DPB1,CD4,0.079785146871784,0,HLA-DPB1_CD4,HLA-DPB1 - CD4,MHC-II,Cell-Cell Contact,KEGG: hsa04514
Lipid-associated,Inflammatory Mono-derived,HLA-DPB1,CD4,0.0656165706687067,0,HLA-DPB1_CD4,HLA-DPB1 - CD4,MHC-II,Cell-Cell Contact,KEGG: hsa04514
Proliferating,Inflammatory Mono-derived,HLA-DPB1,CD4,0.0594945873573534,0,HLA-DPB1_CD4,HLA-DPB1 - CD4,MHC-II,Cell-Cell Contact,KEGG: hsa04514
Resident M2,Inflammatory Mono-derived,HLA-DPB1,CD4,0.0891070998303583,0,HLA-DPB1_CD4,HLA-DPB1 - CD4,MHC-II,Cell-Cell Contact,KEGG: hsa04514
Stress-response,Inflammatory Mono-derived,HLA-DPB1,CD4,0.0664921865053686,0,HLA-DPB1_CD4,HLA-DPB1 - CD4,MHC-II,Cell-Cell Contact,KEGG: hsa04514
CD8.CM,Lipid-associated,HLA-DPB1,CD4,0.0109760045893397,0,HLA-DPB1_CD4,HLA-DPB1 - CD4,MHC-II,Cell-Cell Contact,KEGG: hsa04514
CD8.EM,Lipid-associated,HLA-DPB1,CD4,0.0162661277129661,0,HLA-DPB1_CD4,HLA-DPB1 - CD4,MHC-II,Cell-Cell Contact,KEGG: hsa04514
CD8.MAIT,Lipid-associated,HLA-DPB1,CD4,0.00369311372518454,0,HLA-DPB1_CD4,HLA-DPB1 - CD4,MHC-II,Cell-Cell Contact,KEGG: hsa04514
CD8.NaiveLike,Lipid-associated,HLA-DPB1,CD4,0.0034799612718778,0,HLA-DPB1_CD4,HLA-DPB1 - CD4,MHC-II,Cell-Cell Contact,KEGG: hsa04514
CD8.TEMRA,Lipid-associated,HLA-DPB1,CD4,0.0204801404280774,0,HLA-DPB1_CD4,HLA-DPB1 - CD4,MHC-II,Cell-Cell Contact,KEGG: hsa04514
CD8.TEX,Lipid-associated,HLA-DPB1,CD4,0.019951727677298,0,HLA-DPB1_CD4,HLA-DPB1 - CD4,MHC-II,Cell-Cell Contact,KEGG: hsa04514
CD8.TPEX,Lipid-associated,HLA-DPB1,CD4,0.0123948638627675,0,HLA-DPB1_CD4,HLA-DPB1 - CD4,MHC-II,Cell-Cell Contact,KEGG: hsa04514
Classical Mono-derived,Lipid-associated,HLA-DPB1,CD4,0.0430717534505065,0,HLA-DPB1_CD4,HLA-DPB1 - CD4,MHC-II,Cell-Cell Contact,KEGG: hsa04514
IFN-stimulated,Lipid-associated,HLA-DPB1,CD4,0.0400312590921186,0,HLA-DPB1_CD4,HLA-DPB1 - CD4,MHC-II,Cell-Cell Contact,KEGG: hsa04514
Inflammatory Mono-derived,Lipid-associated,HLA-DPB1,CD4,0.0412362313670256,0,HLA-DPB1_CD4,HLA-DPB1 - CD4,MHC-II,Cell-Cell Contact,KEGG: hsa04514
Lipid-associated,Lipid-associated,HLA-DPB1,CD4,0.033662905358505,0,HLA-DPB1_CD4,HLA-DPB1 - CD4,MHC-II,Cell-Cell Contact,KEGG: hsa04514
Proliferating,Lipid-associated,HLA-DPB1,CD4,0.0304251034724161,0,HLA-DPB1_CD4,HLA-DPB1 - CD4,MHC-II,Cell-Cell Contact,KEGG: hsa04514
Resident M2,Lipid-associated,HLA-DPB1,CD4,0.0462807191139444,0,HLA-DPB1_CD4,HLA-DPB1 - CD4,MHC-II,Cell-Cell Contact,KEGG: hsa04514
Stress-response,Lipid-associated,HLA-DPB1,CD4,0.0341276917805471,0,HLA-DPB1_CD4,HLA-DPB1 - CD4,MHC-II,Cell-Cell Contact,KEGG: hsa04514
CD8.CM,Resident M2,HLA-DPB1,CD4,0.0284737328295219,0,HLA-DPB1_CD4,HLA-DPB1 - CD4,MHC-II,Cell-Cell Contact,KEGG: hsa04514
CD8.EM,Resident M2,HLA-DPB1,CD4,0.0418404911040065,0,HLA-DPB1_CD4,HLA-DPB1 - CD4,MHC-II,Cell-Cell Contact,KEGG: hsa04514
CD8.MAIT,Resident M2,HLA-DPB1,CD4,0.00969440566400658,0,HLA-DPB1_CD4,HLA-DPB1 - CD4,MHC-II,Cell-Cell Contact,KEGG: hsa04514
CD8.NaiveLike,Resident M2,HLA-DPB1,CD4,0.00913805840267134,0,HLA-DPB1_CD4,HLA-DPB1 - CD4,MHC-II,Cell-Cell Contact,KEGG: hsa04514
CD8.TEMRA,Resident M2,HLA-DPB1,CD4,0.0523275437889535,0,HLA-DPB1_CD4,HLA-DPB1 - CD4,MHC-II,Cell-Cell Contact,KEGG: hsa04514
CD8.TEX,Resident M2,HLA-DPB1,CD4,0.0510202289347335,0,HLA-DPB1_CD4,HLA-DPB1 - CD4,MHC-II,Cell-Cell Contact,KEGG: hsa04514
CD8.TPEX,Resident M2,HLA-DPB1,CD4,0.0320811391470602,0,HLA-DPB1_CD4,HLA-DPB1 - CD4,MHC-II,Cell-Cell Contact,KEGG: hsa04514
Classical Mono-derived,Resident M2,HLA-DPB1,CD4,0.106239658288416,0,HLA-DPB1_CD4,HLA-DPB1 - CD4,MHC-II,Cell-Cell Contact,KEGG: hsa04514
IFN-stimulated,Resident M2,HLA-DPB1,CD4,0.0992023191177489,0,HLA-DPB1_CD4,HLA-DPB1 - CD4,MHC-II,Cell-Cell Contact,KEGG: hsa04514
Inflammatory Mono-derived,Resident M2,HLA-DPB1,CD4,0.101999140735374,0,HLA-DPB1_CD4,HLA-DPB1 - CD4,MHC-II,Cell-Cell Contact,KEGG: hsa04514
Lipid-associated,Resident M2,HLA-DPB1,CD4,0.0842468680884401,0,HLA-DPB1_CD4,HLA-DPB1 - CD4,MHC-II,Cell-Cell Contact,KEGG: hsa04514
Proliferating,Resident M2,HLA-DPB1,CD4,0.0765290539755426,0,HLA-DPB1_CD4,HLA-DPB1 - CD4,MHC-II,Cell-Cell Contact,KEGG: hsa04514
Resident M2,Resident M2,HLA-DPB1,CD4,0.113596141668241,0,HLA-DPB1_CD4,HLA-DPB1 - CD4,MHC-II,Cell-Cell Contact,KEGG: hsa04514
Stress-response,Resident M2,HLA-DPB1,CD4,0.0853483860701403,0,HLA-DPB1_CD4,HLA-DPB1 - CD4,MHC-II,Cell-Cell Contact,KEGG: hsa04514
CD8.CM,Stress-response,HLA-DPB1,CD4,0.00902758185120735,0,HLA-DPB1_CD4,HLA-DPB1 - CD4,MHC-II,Cell-Cell Contact,KEGG: hsa04514
CD8.EM,Stress-response,HLA-DPB1,CD4,0.0133913355962184,0,HLA-DPB1_CD4,HLA-DPB1 - CD4,MHC-II,Cell-Cell Contact,KEGG: hsa04514
CD8.MAIT,Stress-response,HLA-DPB1,CD4,0.0030335594142133,0,HLA-DPB1_CD4,HLA-DPB1 - CD4,MHC-II,Cell-Cell Contact,KEGG: hsa04514
CD8.NaiveLike,Stress-response,HLA-DPB1,CD4,0.00285836471021248,0,HLA-DPB1_CD4,HLA-DPB1 - CD4,MHC-II,Cell-Cell Contact,KEGG: hsa04514
CD8.TEMRA,Stress-response,HLA-DPB1,CD4,0.0168733597283336,0,HLA-DPB1_CD4,HLA-DPB1 - CD4,MHC-II,Cell-Cell Contact,KEGG: hsa04514
CD8.TEX,Stress-response,HLA-DPB1,CD4,0.0164364447990494,0,HLA-DPB1_CD4,HLA-DPB1 - CD4,MHC-II,Cell-Cell Contact,KEGG: hsa04514
CD8.TPEX,Stress-response,HLA-DPB1,CD4,0.0101971669608273,0,HLA-DPB1_CD4,HLA-DPB1 - CD4,MHC-II,Cell-Cell Contact,KEGG: hsa04514
Classical Mono-derived,Stress-response,HLA-DPB1,CD4,0.0356310652397512,0,HLA-DPB1_CD4,HLA-DPB1 - CD4,MHC-II,Cell-Cell Contact,KEGG: hsa04514
IFN-stimulated,Stress-response,HLA-DPB1,CD4,0.0330976523302017,0,HLA-DPB1_CD4,HLA-DPB1 - CD4,MHC-II,Cell-Cell Contact,KEGG: hsa04514
Inflammatory Mono-derived,Stress-response,HLA-DPB1,CD4,0.0341013315844547,0,HLA-DPB1_CD4,HLA-DPB1 - CD4,MHC-II,Cell-Cell Contact,KEGG: hsa04514
Lipid-associated,Stress-response,HLA-DPB1,CD4,0.0278003847380866,0,HLA-DPB1_CD4,HLA-DPB1 - CD4,MHC-II,Cell-Cell Contact,KEGG: hsa04514
Proliferating,Stress-response,HLA-DPB1,CD4,0.0251118049408085,0,HLA-DPB1_CD4,HLA-DPB1 - CD4,MHC-II,Cell-Cell Contact,KEGG: hsa04514
Resident M2,Stress-response,HLA-DPB1,CD4,0.0383078707845662,0,HLA-DPB1_CD4,HLA-DPB1 - CD4,MHC-II,Cell-Cell Contact,KEGG: hsa04514
Stress-response,Stress-response,HLA-DPB1,CD4,0.0281865878920597,0,HLA-DPB1_CD4,HLA-DPB1 - CD4,MHC-II,Cell-Cell Contact,KEGG: hsa04514
CD8.CM,Classical Mono-derived,HLA-DQA1,CD4,0.0091224777851126,0,HLA-DQA1_CD4,HLA-DQA1 - CD4,MHC-II,Cell-Cell Contact,KEGG: hsa04514
CD8.EM,Classical Mono-derived,HLA-DQA1,CD4,0.0279442364191397,0,HLA-DQA1_CD4,HLA-DQA1 - CD4,MHC-II,Cell-Cell Contact,KEGG: hsa04514
CD8.TEMRA,Classical Mono-derived,HLA-DQA1,CD4,0.034989147731629,0,HLA-DQA1_CD4,HLA-DQA1 - CD4,MHC-II,Cell-Cell Contact,KEGG: hsa04514
CD8.TEX,Classical Mono-derived,HLA-DQA1,CD4,0.0321857091594382,0,HLA-DQA1_CD4,HLA-DQA1 - CD4,MHC-II,Cell-Cell Contact,KEGG: hsa04514
CD8.TPEX,Classical Mono-derived,HLA-DQA1,CD4,0.0300168980364882,0,HLA-DQA1_CD4,HLA-DQA1 - CD4,MHC-II,Cell-Cell Contact,KEGG: hsa04514
Classical Mono-derived,Classical Mono-derived,HLA-DQA1,CD4,0.0964830942842657,0,HLA-DQA1_CD4,HLA-DQA1 - CD4,MHC-II,Cell-Cell Contact,KEGG: hsa04514
IFN-stimulated,Classical Mono-derived,HLA-DQA1,CD4,0.0809265520158578,0,HLA-DQA1_CD4,HLA-DQA1 - CD4,MHC-II,Cell-Cell Contact,KEGG: hsa04514
Inflammatory Mono-derived,Classical Mono-derived,HLA-DQA1,CD4,0.0790646353479494,0,HLA-DQA1_CD4,HLA-DQA1 - CD4,MHC-II,Cell-Cell Contact,KEGG: hsa04514
Lipid-associated,Classical Mono-derived,HLA-DQA1,CD4,0.0603458358648487,0,HLA-DQA1_CD4,HLA-DQA1 - CD4,MHC-II,Cell-Cell Contact,KEGG: hsa04514
Proliferating,Classical Mono-derived,HLA-DQA1,CD4,0.0683172721824586,0,HLA-DQA1_CD4,HLA-DQA1 - CD4,MHC-II,Cell-Cell Contact,KEGG: hsa04514
Resident M2,Classical Mono-derived,HLA-DQA1,CD4,0.0937754216719652,0,HLA-DQA1_CD4,HLA-DQA1 - CD4,MHC-II,Cell-Cell Contact,KEGG: hsa04514
Stress-response,Classical Mono-derived,HLA-DQA1,CD4,0.0673489533819805,0,HLA-DQA1_CD4,HLA-DQA1 - CD4,MHC-II,Cell-Cell Contact,KEGG: hsa04514
CD8.CM,IFN-stimulated,HLA-DQA1,CD4,0.00302670915328081,0,HLA-DQA1_CD4,HLA-DQA1 - CD4,MHC-II,Cell-Cell Contact,KEGG: hsa04514
CD8.EM,IFN-stimulated,HLA-DQA1,CD4,0.00939069636590345,0,HLA-DQA1_CD4,HLA-DQA1 - CD4,MHC-II,Cell-Cell Contact,KEGG: hsa04514
CD8.TEMRA,IFN-stimulated,HLA-DQA1,CD4,0.0118150007195799,0,HLA-DQA1_CD4,HLA-DQA1 - CD4,MHC-II,Cell-Cell Contact,KEGG: hsa04514
CD8.TEX,IFN-stimulated,HLA-DQA1,CD4,0.0108474746710494,0,HLA-DQA1_CD4,HLA-DQA1 - CD4,MHC-II,Cell-Cell Contact,KEGG: hsa04514
CD8.TPEX,IFN-stimulated,HLA-DQA1,CD4,0.0101015176877332,0,HLA-DQA1_CD4,HLA-DQA1 - CD4,MHC-II,Cell-Cell Contact,KEGG: hsa04514
Classical Mono-derived,IFN-stimulated,HLA-DQA1,CD4,0.0340156942630155,0,HLA-DQA1_CD4,HLA-DQA1 - CD4,MHC-II,Cell-Cell Contact,KEGG: hsa04514
IFN-stimulated,IFN-stimulated,HLA-DQA1,CD4,0.0282165962653227,0,HLA-DQA1_CD4,HLA-DQA1 - CD4,MHC-II,Cell-Cell Contact,KEGG: hsa04514
Inflammatory Mono-derived,IFN-stimulated,HLA-DQA1,CD4,0.0275310758256668,0,HLA-DQA1_CD4,HLA-DQA1 - CD4,MHC-II,Cell-Cell Contact,KEGG: hsa04514
Lipid-associated,IFN-stimulated,HLA-DQA1,CD4,0.0207382630418946,0,HLA-DQA1_CD4,HLA-DQA1 - CD4,MHC-II,Cell-Cell Contact,KEGG: hsa04514
Proliferating,IFN-stimulated,HLA-DQA1,CD4,0.0236091580192056,0,HLA-DQA1_CD4,HLA-DQA1 - CD4,MHC-II,Cell-Cell Contact,KEGG: hsa04514
Resident M2,IFN-stimulated,HLA-DQA1,CD4,0.0329970648228609,0,HLA-DQA1_CD4,HLA-DQA1 - CD4,MHC-II,Cell-Cell Contact,KEGG: hsa04514
Stress-response,IFN-stimulated,HLA-DQA1,CD4,0.023258705882032,0,HLA-DQA1_CD4,HLA-DQA1 - CD4,MHC-II,Cell-Cell Contact,KEGG: hsa04514
CD8.CM,Inflammatory Mono-derived,HLA-DQA1,CD4,0.00741078173444701,0,HLA-DQA1_CD4,HLA-DQA1 - CD4,MHC-II,Cell-Cell Contact,KEGG: hsa04514
CD8.EM,Inflammatory Mono-derived,HLA-DQA1,CD4,0.0227821183575098,0,HLA-DQA1_CD4,HLA-DQA1 - CD4,MHC-II,Cell-Cell Contact,KEGG: hsa04514
CD8.TEMRA,Inflammatory Mono-derived,HLA-DQA1,CD4,0.0285638701207719,0,HLA-DQA1_CD4,HLA-DQA1 - CD4,MHC-II,Cell-Cell Contact,KEGG: hsa04514
CD8.TEX,Inflammatory Mono-derived,HLA-DQA1,CD4,0.0262612348148146,0,HLA-DQA1_CD4,HLA-DQA1 - CD4,MHC-II,Cell-Cell Contact,KEGG: hsa04514
CD8.TPEX,Inflammatory Mono-derived,HLA-DQA1,CD4,0.0244815417210994,0,HLA-DQA1_CD4,HLA-DQA1 - CD4,MHC-II,Cell-Cell Contact,KEGG: hsa04514
Classical Mono-derived,Inflammatory Mono-derived,HLA-DQA1,CD4,0.0796979179342734,0,HLA-DQA1_CD4,HLA-DQA1 - CD4,MHC-II,Cell-Cell Contact,KEGG: hsa04514
IFN-stimulated,Inflammatory Mono-derived,HLA-DQA1,CD4,0.0666481131115281,0,HLA-DQA1_CD4,HLA-DQA1 - CD4,MHC-II,Cell-Cell Contact,KEGG: hsa04514
Inflammatory Mono-derived,Inflammatory Mono-derived,HLA-DQA1,CD4,0.0650914413537559,0,HLA-DQA1_CD4,HLA-DQA1 - CD4,MHC-II,Cell-Cell Contact,KEGG: hsa04514
Lipid-associated,Inflammatory Mono-derived,HLA-DQA1,CD4,0.0495030137704629,0,HLA-DQA1_CD4,HLA-DQA1 - CD4,MHC-II,Cell-Cell Contact,KEGG: hsa04514
Proliferating,Inflammatory Mono-derived,HLA-DQA1,CD4,0.056127712072281,0,HLA-DQA1_CD4,HLA-DQA1 - CD4,MHC-II,Cell-Cell Contact,KEGG: hsa04514
Resident M2,Inflammatory Mono-derived,HLA-DQA1,CD4,0.0774209355894969,0,HLA-DQA1_CD4,HLA-DQA1 - CD4,MHC-II,Cell-Cell Contact,KEGG: hsa04514
Stress-response,Inflammatory Mono-derived,HLA-DQA1,CD4,0.0553219072752793,0,HLA-DQA1_CD4,HLA-DQA1 - CD4,MHC-II,Cell-Cell Contact,KEGG: hsa04514
CD8.CM,Lipid-associated,HLA-DQA1,CD4,0.00368997575643459,0,HLA-DQA1_CD4,HLA-DQA1 - CD4,MHC-II,Cell-Cell Contact,KEGG: hsa04514
CD8.EM,Lipid-associated,HLA-DQA1,CD4,0.011432561438094,0,HLA-DQA1_CD4,HLA-DQA1 - CD4,MHC-II,Cell-Cell Contact,KEGG: hsa04514
CD8.TEMRA,Lipid-associated,HLA-DQA1,CD4,0.0143763441350689,0,HLA-DQA1_CD4,HLA-DQA1 - CD4,MHC-II,Cell-Cell Contact,KEGG: hsa04514
CD8.TEX,Lipid-associated,HLA-DQA1,CD4,0.0132018727865046,0,HLA-DQA1_CD4,HLA-DQA1 - CD4,MHC-II,Cell-Cell Contact,KEGG: hsa04514
CD8.TPEX,Lipid-associated,HLA-DQA1,CD4,0.0122960216626623,0,HLA-DQA1_CD4,HLA-DQA1 - CD4,MHC-II,Cell-Cell Contact,KEGG: hsa04514
Classical Mono-derived,Lipid-associated,HLA-DQA1,CD4,0.041189261429091,0,HLA-DQA1_CD4,HLA-DQA1 - CD4,MHC-II,Cell-Cell Contact,KEGG: hsa04514
IFN-stimulated,Lipid-associated,HLA-DQA1,CD4,0.0342105038419995,0,HLA-DQA1_CD4,HLA-DQA1 - CD4,MHC-II,Cell-Cell Contact,KEGG: hsa04514
Inflammatory Mono-derived,Lipid-associated,HLA-DQA1,CD4,0.0333843644354561,0,HLA-DQA1_CD4,HLA-DQA1 - CD4,MHC-II,Cell-Cell Contact,KEGG: hsa04514
Lipid-associated,Lipid-associated,HLA-DQA1,CD4,0.0251847562242219,0,HLA-DQA1_CD4,HLA-DQA1 - CD4,MHC-II,Cell-Cell Contact,KEGG: hsa04514
Proliferating,Lipid-associated,HLA-DQA1,CD4,0.0286531891437641,0,HLA-DQA1_CD4,HLA-DQA1 - CD4,MHC-II,Cell-Cell Contact,KEGG: hsa04514
Resident M2,Lipid-associated,HLA-DQA1,CD4,0.0399647007822774,0,HLA-DQA1_CD4,HLA-DQA1 - CD4,MHC-II,Cell-Cell Contact,KEGG: hsa04514
Stress-response,Lipid-associated,HLA-DQA1,CD4,0.0282300286586896,0,HLA-DQA1_CD4,HLA-DQA1 - CD4,MHC-II,Cell-Cell Contact,KEGG: hsa04514
CD8.CM,Resident M2,HLA-DQA1,CD4,0.00968621808611156,0,HLA-DQA1_CD4,HLA-DQA1 - CD4,MHC-II,Cell-Cell Contact,KEGG: hsa04514
CD8.EM,Resident M2,HLA-DQA1,CD4,0.0296363138314837,0,HLA-DQA1_CD4,HLA-DQA1 - CD4,MHC-II,Cell-Cell Contact,KEGG: hsa04514
CD8.TEMRA,Resident M2,HLA-DQA1,CD4,0.0370915306348664,0,HLA-DQA1_CD4,HLA-DQA1 - CD4,MHC-II,Cell-Cell Contact,KEGG: hsa04514
CD8.TEX,Resident M2,HLA-DQA1,CD4,0.0341255995144268,0,HLA-DQA1_CD4,HLA-DQA1 - CD4,MHC-II,Cell-Cell Contact,KEGG: hsa04514
CD8.TPEX,Resident M2,HLA-DQA1,CD4,0.0318303694379971,0,HLA-DQA1_CD4,HLA-DQA1 - CD4,MHC-II,Cell-Cell Contact,KEGG: hsa04514
Classical Mono-derived,Resident M2,HLA-DQA1,CD4,0.101890314395627,0,HLA-DQA1_CD4,HLA-DQA1 - CD4,MHC-II,Cell-Cell Contact,KEGG: hsa04514
IFN-stimulated,Resident M2,HLA-DQA1,CD4,0.0855444790749607,0,HLA-DQA1_CD4,HLA-DQA1 - CD4,MHC-II,Cell-Cell Contact,KEGG: hsa04514
Inflammatory Mono-derived,Resident M2,HLA-DQA1,CD4,0.0835859782279493,0,HLA-DQA1_CD4,HLA-DQA1 - CD4,MHC-II,Cell-Cell Contact,KEGG: hsa04514
Lipid-associated,Resident M2,HLA-DQA1,CD4,0.0638709766222256,0,HLA-DQA1_CD4,HLA-DQA1 - CD4,MHC-II,Cell-Cell Contact,KEGG: hsa04514
Proliferating,Resident M2,HLA-DQA1,CD4,0.0722722541539302,0,HLA-DQA1_CD4,HLA-DQA1 - CD4,MHC-II,Cell-Cell Contact,KEGG: hsa04514
Resident M2,Resident M2,HLA-DQA1,CD4,0.0990475303159496,0,HLA-DQA1_CD4,HLA-DQA1 - CD4,MHC-II,Cell-Cell Contact,KEGG: hsa04514
Stress-response,Resident M2,HLA-DQA1,CD4,0.0712521651181572,0,HLA-DQA1_CD4,HLA-DQA1 - CD4,MHC-II,Cell-Cell Contact,KEGG: hsa04514
CD8.CM,Stress-response,HLA-DQA1,CD4,0.00303098015137285,0,HLA-DQA1_CD4,HLA-DQA1 - CD4,MHC-II,Cell-Cell Contact,KEGG: hsa04514
CD8.EM,Stress-response,HLA-DQA1,CD4,0.00940386289953414,0,HLA-DQA1_CD4,HLA-DQA1 - CD4,MHC-II,Cell-Cell Contact,KEGG: hsa04514
CD8.TEMRA,Stress-response,HLA-DQA1,CD4,0.0118315257311026,0,HLA-DQA1_CD4,HLA-DQA1 - CD4,MHC-II,Cell-Cell Contact,KEGG: hsa04514
CD8.TEX,Stress-response,HLA-DQA1,CD4,0.0108626613308776,0,HLA-DQA1_CD4,HLA-DQA1 - CD4,MHC-II,Cell-Cell Contact,KEGG: hsa04514
CD8.TPEX,Stress-response,HLA-DQA1,CD4,0.0101156706745413,0,HLA-DQA1_CD4,HLA-DQA1 - CD4,MHC-II,Cell-Cell Contact,KEGG: hsa04514
Classical Mono-derived,Stress-response,HLA-DQA1,CD4,0.0340621998922865,0,HLA-DQA1_CD4,HLA-DQA1 - CD4,MHC-II,Cell-Cell Contact,KEGG: hsa04514
IFN-stimulated,Stress-response,HLA-DQA1,CD4,0.0282554053841302,0,HLA-DQA1_CD4,HLA-DQA1 - CD4,MHC-II,Cell-Cell Contact,KEGG: hsa04514
Inflammatory Mono-derived,Stress-response,HLA-DQA1,CD4,0.0275689688279351,0,HLA-DQA1_CD4,HLA-DQA1 - CD4,MHC-II,Cell-Cell Contact,KEGG: hsa04514
Lipid-associated,Stress-response,HLA-DQA1,CD4,0.0207670062633402,0,HLA-DQA1_CD4,HLA-DQA1 - CD4,MHC-II,Cell-Cell Contact,KEGG: hsa04514
Proliferating,Stress-response,HLA-DQA1,CD4,0.0236417842352912,0,HLA-DQA1_CD4,HLA-DQA1 - CD4,MHC-II,Cell-Cell Contact,KEGG: hsa04514
Resident M2,Stress-response,HLA-DQA1,CD4,0.0330422254374607,0,HLA-DQA1_CD4,HLA-DQA1 - CD4,MHC-II,Cell-Cell Contact,KEGG: hsa04514
Stress-response,Stress-response,HLA-DQA1,CD4,0.0232908593501326,0,HLA-DQA1_CD4,HLA-DQA1 - CD4,MHC-II,Cell-Cell Contact,KEGG: hsa04514
CD8.EM,Classical Mono-derived,HLA-DMA,CD4,0.00860818866707376,0,HLA-DMA_CD4,HLA-DMA - CD4,MHC-II,Cell-Cell Contact,KEGG: hsa04514
CD8.TEX,Classical Mono-derived,HLA-DMA,CD4,0.00892361608204593,0,HLA-DMA_CD4,HLA-DMA - CD4,MHC-II,Cell-Cell Contact,KEGG: hsa04514
CD8.TPEX,Classical Mono-derived,HLA-DMA,CD4,0.00704410898954258,0,HLA-DMA_CD4,HLA-DMA - CD4,MHC-II,Cell-Cell Contact,KEGG: hsa04514
Classical Mono-derived,Classical Mono-derived,HLA-DMA,CD4,0.0702716458767297,0,HLA-DMA_CD4,HLA-DMA - CD4,MHC-II,Cell-Cell Contact,KEGG: hsa04514
IFN-stimulated,Classical Mono-derived,HLA-DMA,CD4,0.0647330473978452,0,HLA-DMA_CD4,HLA-DMA - CD4,MHC-II,Cell-Cell Contact,KEGG: hsa04514
Inflammatory Mono-derived,Classical Mono-derived,HLA-DMA,CD4,0.0612327505528805,0,HLA-DMA_CD4,HLA-DMA - CD4,MHC-II,Cell-Cell Contact,KEGG: hsa04514
Lipid-associated,Classical Mono-derived,HLA-DMA,CD4,0.0473850562600814,0,HLA-DMA_CD4,HLA-DMA - CD4,MHC-II,Cell-Cell Contact,KEGG: hsa04514
Proliferating,Classical Mono-derived,HLA-DMA,CD4,0.0441856532350342,0,HLA-DMA_CD4,HLA-DMA - CD4,MHC-II,Cell-Cell Contact,KEGG: hsa04514
Resident M2,Classical Mono-derived,HLA-DMA,CD4,0.0694213232219367,0,HLA-DMA_CD4,HLA-DMA - CD4,MHC-II,Cell-Cell Contact,KEGG: hsa04514
Stress-response,Classical Mono-derived,HLA-DMA,CD4,0.0571007555566774,0,HLA-DMA_CD4,HLA-DMA - CD4,MHC-II,Cell-Cell Contact,KEGG: hsa04514
CD8.EM,IFN-stimulated,HLA-DMA,CD4,0.00285508509699,0,HLA-DMA_CD4,HLA-DMA - CD4,MHC-II,Cell-Cell Contact,KEGG: hsa04514
CD8.TEX,IFN-stimulated,HLA-DMA,CD4,0.00296033265464078,0,HLA-DMA_CD4,HLA-DMA - CD4,MHC-II,Cell-Cell Contact,KEGG: hsa04514
CD8.TPEX,IFN-stimulated,HLA-DMA,CD4,0.00233386467029909,0,HLA-DMA_CD4,HLA-DMA - CD4,MHC-II,Cell-Cell Contact,KEGG: hsa04514
Classical Mono-derived,IFN-stimulated,HLA-DMA,CD4,0.0243179353779207,0,HLA-DMA_CD4,HLA-DMA - CD4,MHC-II,Cell-Cell Contact,KEGG: hsa04514
IFN-stimulated,IFN-stimulated,HLA-DMA,CD4,0.0223143395756511,0,HLA-DMA_CD4,HLA-DMA - CD4,MHC-II,Cell-Cell Contact,KEGG: hsa04514
Inflammatory Mono-derived,IFN-stimulated,HLA-DMA,CD4,0.0210561017541481,0,HLA-DMA_CD4,HLA-DMA - CD4,MHC-II,Cell-Cell Contact,KEGG: hsa04514
Lipid-associated,IFN-stimulated,HLA-DMA,CD4,0.0161381029216139,0,HLA-DMA_CD4,HLA-DMA - CD4,MHC-II,Cell-Cell Contact,KEGG: hsa04514
Proliferating,IFN-stimulated,HLA-DMA,CD4,0.01501521604042,0,HLA-DMA_CD4,HLA-DMA - CD4,MHC-II,Cell-Cell Contact,KEGG: hsa04514
Resident M2,IFN-stimulated,HLA-DMA,CD4,0.0240093162073641,0,HLA-DMA_CD4,HLA-DMA - CD4,MHC-II,Cell-Cell Contact,KEGG: hsa04514
Stress-response,IFN-stimulated,HLA-DMA,CD4,0.0195786903609591,0,HLA-DMA_CD4,HLA-DMA - CD4,MHC-II,Cell-Cell Contact,KEGG: hsa04514
CD8.EM,Inflammatory Mono-derived,HLA-DMA,CD4,0.00699231029076348,0,HLA-DMA_CD4,HLA-DMA - CD4,MHC-II,Cell-Cell Contact,KEGG: hsa04514
CD8.TEX,Inflammatory Mono-derived,HLA-DMA,CD4,0.00724896047188058,0,HLA-DMA_CD4,HLA-DMA - CD4,MHC-II,Cell-Cell Contact,KEGG: hsa04514
CD8.TPEX,Inflammatory Mono-derived,HLA-DMA,CD4,0.00572013640672495,0,HLA-DMA_CD4,HLA-DMA - CD4,MHC-II,Cell-Cell Contact,KEGG: hsa04514
Classical Mono-derived,Inflammatory Mono-derived,HLA-DMA,CD4,0.0577549917474773,0,HLA-DMA_CD4,HLA-DMA - CD4,MHC-II,Cell-Cell Contact,KEGG: hsa04514
IFN-stimulated,Inflammatory Mono-derived,HLA-DMA,CD4,0.0531465248619148,0,HLA-DMA_CD4,HLA-DMA - CD4,MHC-II,Cell-Cell Contact,KEGG: hsa04514
Inflammatory Mono-derived,Inflammatory Mono-derived,HLA-DMA,CD4,0.0502390895728252,0,HLA-DMA_CD4,HLA-DMA - CD4,MHC-II,Cell-Cell Contact,KEGG: hsa04514
Lipid-associated,Inflammatory Mono-derived,HLA-DMA,CD4,0.0387749049841954,0,HLA-DMA_CD4,HLA-DMA - CD4,MHC-II,Cell-Cell Contact,KEGG: hsa04514
Proliferating,Inflammatory Mono-derived,HLA-DMA,CD4,0.0361348009065016,0,HLA-DMA_CD4,HLA-DMA - CD4,MHC-II,Cell-Cell Contact,KEGG: hsa04514
Resident M2,Inflammatory Mono-derived,HLA-DMA,CD4,0.0570468337294294,0,HLA-DMA_CD4,HLA-DMA - CD4,MHC-II,Cell-Cell Contact,KEGG: hsa04514
Stress-response,Inflammatory Mono-derived,HLA-DMA,CD4,0.0468119556326407,0,HLA-DMA_CD4,HLA-DMA - CD4,MHC-II,Cell-Cell Contact,KEGG: hsa04514
CD8.EM,Lipid-associated,HLA-DMA,CD4,0.00348087368042435,0,HLA-DMA_CD4,HLA-DMA - CD4,MHC-II,Cell-Cell Contact,KEGG: hsa04514
CD8.TEX,Lipid-associated,HLA-DMA,CD4,0.00360910630913668,0,HLA-DMA_CD4,HLA-DMA - CD4,MHC-II,Cell-Cell Contact,KEGG: hsa04514
CD8.TPEX,Lipid-associated,HLA-DMA,CD4,0.00284573618325291,0,HLA-DMA_CD4,HLA-DMA - CD4,MHC-II,Cell-Cell Contact,KEGG: hsa04514
Classical Mono-derived,Lipid-associated,HLA-DMA,CD4,0.029508818300757,0,HLA-DMA_CD4,HLA-DMA - CD4,MHC-II,Cell-Cell Contact,KEGG: hsa04514
IFN-stimulated,Lipid-associated,HLA-DMA,CD4,0.0270894113952913,0,HLA-DMA_CD4,HLA-DMA - CD4,MHC-II,Cell-Cell Contact,KEGG: hsa04514
Inflammatory Mono-derived,Lipid-associated,HLA-DMA,CD4,0.0255689633980644,0,HLA-DMA_CD4,HLA-DMA - CD4,MHC-II,Cell-Cell Contact,KEGG: hsa04514
Lipid-associated,Lipid-associated,HLA-DMA,CD4,0.0196180347366105,0,HLA-DMA_CD4,HLA-DMA - CD4,MHC-II,Cell-Cell Contact,KEGG: hsa04514
Proliferating,Lipid-associated,HLA-DMA,CD4,0.0182575079607371,0,HLA-DMA_CD4,HLA-DMA - CD4,MHC-II,Cell-Cell Contact,KEGG: hsa04514
Resident M2,Lipid-associated,HLA-DMA,CD4,0.0291362888482664,0,HLA-DMA_CD4,HLA-DMA - CD4,MHC-II,Cell-Cell Contact,KEGG: hsa04514
Stress-response,Lipid-associated,HLA-DMA,CD4,0.0237825975892149,0,HLA-DMA_CD4,HLA-DMA - CD4,MHC-II,Cell-Cell Contact,KEGG: hsa04514
CD8.EM,Resident M2,HLA-DMA,CD4,0.00914044069651416,0,HLA-DMA_CD4,HLA-DMA - CD4,MHC-II,Cell-Cell Contact,KEGG: hsa04514
CD8.TEX,Resident M2,HLA-DMA,CD4,0.00947518487096886,0,HLA-DMA_CD4,HLA-DMA - CD4,MHC-II,Cell-Cell Contact,KEGG: hsa04514
CD8.TPEX,Resident M2,HLA-DMA,CD4,0.00748038226661547,0,HLA-DMA_CD4,HLA-DMA - CD4,MHC-II,Cell-Cell Contact,KEGG: hsa04514
Classical Mono-derived,Resident M2,HLA-DMA,CD4,0.074330742706597,0,HLA-DMA_CD4,HLA-DMA - CD4,MHC-II,Cell-Cell Contact,KEGG: hsa04514
IFN-stimulated,Resident M2,HLA-DMA,CD4,0.068495788356531,0,HLA-DMA_CD4,HLA-DMA - CD4,MHC-II,Cell-Cell Contact,KEGG: hsa04514
Inflammatory Mono-derived,Resident M2,HLA-DMA,CD4,0.0648061277873031,0,HLA-DMA_CD4,HLA-DMA - CD4,MHC-II,Cell-Cell Contact,KEGG: hsa04514
Lipid-associated,Resident M2,HLA-DMA,CD4,0.0501935274358696,0,HLA-DMA_CD4,HLA-DMA - CD4,MHC-II,Cell-Cell Contact,KEGG: hsa04514
Proliferating,Resident M2,HLA-DMA,CD4,0.0468138172446166,0,HLA-DMA_CD4,HLA-DMA - CD4,MHC-II,Cell-Cell Contact,KEGG: hsa04514
Resident M2,Resident M2,HLA-DMA,CD4,0.0734351824638115,0,HLA-DMA_CD4,HLA-DMA - CD4,MHC-II,Cell-Cell Contact,KEGG: hsa04514
Stress-response,Resident M2,HLA-DMA,CD4,0.0604485275965935,0,HLA-DMA_CD4,HLA-DMA - CD4,MHC-II,Cell-Cell Contact,KEGG: hsa04514
CD8.EM,Stress-response,HLA-DMA,CD4,0.00285911461039711,0,HLA-DMA_CD4,HLA-DMA - CD4,MHC-II,Cell-Cell Contact,KEGG: hsa04514
CD8.TEX,Stress-response,HLA-DMA,CD4,0.00296451026717356,0,HLA-DMA_CD4,HLA-DMA - CD4,MHC-II,Cell-Cell Contact,KEGG: hsa04514
CD8.TPEX,Stress-response,HLA-DMA,CD4,0.00233716028544529,0,HLA-DMA_CD4,HLA-DMA - CD4,MHC-II,Cell-Cell Contact,KEGG: hsa04514
Classical Mono-derived,Stress-response,HLA-DMA,CD4,0.0243515166464842,0,HLA-DMA_CD4,HLA-DMA - CD4,MHC-II,Cell-Cell Contact,KEGG: hsa04514
IFN-stimulated,Stress-response,HLA-DMA,CD4,0.0223452173928028,0,HLA-DMA_CD4,HLA-DMA - CD4,MHC-II,Cell-Cell Contact,KEGG: hsa04514
Inflammatory Mono-derived,Stress-response,HLA-DMA,CD4,0.0210852760145939,0,HLA-DMA_CD4,HLA-DMA - CD4,MHC-II,Cell-Cell Contact,KEGG: hsa04514
Lipid-associated,Stress-response,HLA-DMA,CD4,0.0161605755425724,0,HLA-DMA_CD4,HLA-DMA - CD4,MHC-II,Cell-Cell Contact,KEGG: hsa04514
Proliferating,Stress-response,HLA-DMA,CD4,0.015036148916442,0,HLA-DMA_CD4,HLA-DMA - CD4,MHC-II,Cell-Cell Contact,KEGG: hsa04514
Resident M2,Stress-response,HLA-DMA,CD4,0.0240424817975122,0,HLA-DMA_CD4,HLA-DMA - CD4,MHC-II,Cell-Cell Contact,KEGG: hsa04514
Stress-response,Stress-response,HLA-DMA,CD4,0.0196058585924814,0,HLA-DMA_CD4,HLA-DMA - CD4,MHC-II,Cell-Cell Contact,KEGG: hsa04514
Classical Mono-derived,Classical Mono-derived,HLA-DMB,CD4,0.050834361810694,0,HLA-DMB_CD4,HLA-DMB - CD4,MHC-II,Cell-Cell Contact,KEGG: hsa04514
IFN-stimulated,Classical Mono-derived,HLA-DMB,CD4,0.0327348530540545,0,HLA-DMB_CD4,HLA-DMB - CD4,MHC-II,Cell-Cell Contact,KEGG: hsa04514
Inflammatory Mono-derived,Classical Mono-derived,HLA-DMB,CD4,0.0301037856754478,0,HLA-DMB_CD4,HLA-DMB - CD4,MHC-II,Cell-Cell Contact,KEGG: hsa04514
Lipid-associated,Classical Mono-derived,HLA-DMB,CD4,0.0144441010703614,0,HLA-DMB_CD4,HLA-DMB - CD4,MHC-II,Cell-Cell Contact,KEGG: hsa04514
Resident M2,Classical Mono-derived,HLA-DMB,CD4,0.0502953579969667,0,HLA-DMB_CD4,HLA-DMB - CD4,MHC-II,Cell-Cell Contact,KEGG: hsa04514
Stress-response,Classical Mono-derived,HLA-DMB,CD4,0.0352425959398807,0,HLA-DMB_CD4,HLA-DMB - CD4,MHC-II,Cell-Cell Contact,KEGG: hsa04514
Classical Mono-derived,IFN-stimulated,HLA-DMB,CD4,0.017354282497911,0,HLA-DMB_CD4,HLA-DMB - CD4,MHC-II,Cell-Cell Contact,KEGG: hsa04514
IFN-stimulated,IFN-stimulated,HLA-DMB,CD4,0.0110367030881108,0,HLA-DMB_CD4,HLA-DMB - CD4,MHC-II,Cell-Cell Contact,KEGG: hsa04514
Inflammatory Mono-derived,IFN-stimulated,HLA-DMB,CD4,0.0101313599069393,0,HLA-DMB_CD4,HLA-DMB - CD4,MHC-II,Cell-Cell Contact,KEGG: hsa04514
Lipid-associated,IFN-stimulated,HLA-DMB,CD4,0.00480960886985727,0,HLA-DMB_CD4,HLA-DMB - CD4,MHC-II,Cell-Cell Contact,KEGG: hsa04514
Resident M2,IFN-stimulated,HLA-DMB,CD4,0.0171638532356383,0,HLA-DMB_CD4,HLA-DMB - CD4,MHC-II,Cell-Cell Contact,KEGG: hsa04514
Stress-response,IFN-stimulated,HLA-DMB,CD4,0.0119026546159429,0,HLA-DMB_CD4,HLA-DMB - CD4,MHC-II,Cell-Cell Contact,KEGG: hsa04514
Classical Mono-derived,Inflammatory Mono-derived,HLA-DMB,CD4,0.0416248373366506,0,HLA-DMB_CD4,HLA-DMB - CD4,MHC-II,Cell-Cell Contact,KEGG: hsa04514
IFN-stimulated,Inflammatory Mono-derived,HLA-DMB,CD4,0.0267120868253179,0,HLA-DMB_CD4,HLA-DMB - CD4,MHC-II,Cell-Cell Contact,KEGG: hsa04514
Inflammatory Mono-derived,Inflammatory Mono-derived,HLA-DMB,CD4,0.0245528121622279,0,HLA-DMB_CD4,HLA-DMB - CD4,MHC-II,Cell-Cell Contact,KEGG: hsa04514
Lipid-associated,Inflammatory Mono-derived,HLA-DMB,CD4,0.0117457186185372,0,HLA-DMB_CD4,HLA-DMB - CD4,MHC-II,Cell-Cell Contact,KEGG: hsa04514
Resident M2,Inflammatory Mono-derived,HLA-DMB,CD4,0.0411792468844678,0,HLA-DMB_CD4,HLA-DMB - CD4,MHC-II,Cell-Cell Contact,KEGG: hsa04514
Stress-response,Inflammatory Mono-derived,HLA-DMB,CD4,0.0287721637139739,0,HLA-DMB_CD4,HLA-DMB - CD4,MHC-II,Cell-Cell Contact,KEGG: hsa04514
Classical Mono-derived,Lipid-associated,HLA-DMB,CD4,0.0210908427876389,0,HLA-DMB_CD4,HLA-DMB - CD4,MHC-II,Cell-Cell Contact,KEGG: hsa04514
IFN-stimulated,Lipid-associated,HLA-DMB,CD4,0.0134316147219962,0,HLA-DMB_CD4,HLA-DMB - CD4,MHC-II,Cell-Cell Contact,KEGG: hsa04514
Inflammatory Mono-derived,Lipid-associated,HLA-DMB,CD4,0.0123322661872453,0,HLA-DMB_CD4,HLA-DMB - CD4,MHC-II,Cell-Cell Contact,KEGG: hsa04514
Lipid-associated,Lipid-associated,HLA-DMB,CD4,0.00586127936391767,0,HLA-DMB_CD4,HLA-DMB - CD4,MHC-II,Cell-Cell Contact,KEGG: hsa04514
Resident M2,Lipid-associated,HLA-DMB,CD4,0.0208602825009137,0,HLA-DMB_CD4,HLA-DMB - CD4,MHC-II,Cell-Cell Contact,KEGG: hsa04514
Stress-response,Lipid-associated,HLA-DMB,CD4,0.0144827217977972,0,HLA-DMB_CD4,HLA-DMB - CD4,MHC-II,Cell-Cell Contact,KEGG: hsa04514
Classical Mono-derived,Resident M2,HLA-DMB,CD4,0.0538357168399103,0,HLA-DMB_CD4,HLA-DMB - CD4,MHC-II,Cell-Cell Contact,KEGG: hsa04514
IFN-stimulated,Resident M2,HLA-DMB,CD4,0.0347066543766944,0,HLA-DMB_CD4,HLA-DMB - CD4,MHC-II,Cell-Cell Contact,KEGG: hsa04514
Inflammatory Mono-derived,Resident M2,HLA-DMB,CD4,0.031922333639043,0,HLA-DMB_CD4,HLA-DMB - CD4,MHC-II,Cell-Cell Contact,KEGG: hsa04514
Lipid-associated,Resident M2,HLA-DMB,CD4,0.0153316125096193,0,HLA-DMB_CD4,HLA-DMB - CD4,MHC-II,Cell-Cell Contact,KEGG: hsa04514
Resident M2,Resident M2,HLA-DMB,CD4,0.0532666751751027,0,HLA-DMB_CD4,HLA-DMB - CD4,MHC-II,Cell-Cell Contact,KEGG: hsa04514
Stress-response,Resident M2,HLA-DMB,CD4,0.0373596181396139,0,HLA-DMB_CD4,HLA-DMB - CD4,MHC-II,Cell-Cell Contact,KEGG: hsa04514
Classical Mono-derived,Stress-response,HLA-DMB,CD4,0.0173784187584504,0,HLA-DMB_CD4,HLA-DMB - CD4,MHC-II,Cell-Cell Contact,KEGG: hsa04514
IFN-stimulated,Stress-response,HLA-DMB,CD4,0.011052151711049,0,HLA-DMB_CD4,HLA-DMB - CD4,MHC-II,Cell-Cell Contact,KEGG: hsa04514
Inflammatory Mono-derived,Stress-response,HLA-DMB,CD4,0.0101455542764168,0,HLA-DMB_CD4,HLA-DMB - CD4,MHC-II,Cell-Cell Contact,KEGG: hsa04514
Lipid-associated,Stress-response,HLA-DMB,CD4,0.00481638356881698,0,HLA-DMB_CD4,HLA-DMB - CD4,MHC-II,Cell-Cell Contact,KEGG: hsa04514
Resident M2,Stress-response,HLA-DMB,CD4,0.0171877292805221,0,HLA-DMB_CD4,HLA-DMB - CD4,MHC-II,Cell-Cell Contact,KEGG: hsa04514
Stress-response,Stress-response,HLA-DMB,CD4,0.0119193007455569,0,HLA-DMB_CD4,HLA-DMB - CD4,MHC-II,Cell-Cell Contact,KEGG: hsa04514
Classical Mono-derived,Classical Mono-derived,HLA-DQA2,CD4,0.00653687757502583,0,HLA-DQA2_CD4,HLA-DQA2 - CD4,MHC-II,Cell-Cell Contact,KEGG: hsa04514
IFN-stimulated,Classical Mono-derived,HLA-DQA2,CD4,0.0168074248543345,0,HLA-DQA2_CD4,HLA-DQA2 - CD4,MHC-II,Cell-Cell Contact,KEGG: hsa04514
Inflammatory Mono-derived,Classical Mono-derived,HLA-DQA2,CD4,0.00974443288927503,0,HLA-DQA2_CD4,HLA-DQA2 - CD4,MHC-II,Cell-Cell Contact,KEGG: hsa04514
Resident M2,Classical Mono-derived,HLA-DQA2,CD4,0.00892922260082729,0,HLA-DQA2_CD4,HLA-DQA2 - CD4,MHC-II,Cell-Cell Contact,KEGG: hsa04514
Stress-response,Classical Mono-derived,HLA-DQA2,CD4,0.00578594169495924,0,HLA-DQA2_CD4,HLA-DQA2 - CD4,MHC-II,Cell-Cell Contact,KEGG: hsa04514
Classical Mono-derived,IFN-stimulated,HLA-DQA2,CD4,0.0021650684574169,0,HLA-DQA2_CD4,HLA-DQA2 - CD4,MHC-II,Cell-Cell Contact,KEGG: hsa04514
IFN-stimulated,IFN-stimulated,HLA-DQA2,CD4,0.00560551634392362,0,HLA-DQA2_CD4,HLA-DQA2 - CD4,MHC-II,Cell-Cell Contact,KEGG: hsa04514
Inflammatory Mono-derived,IFN-stimulated,HLA-DQA2,CD4,0.00323442166206473,0,HLA-DQA2_CD4,HLA-DQA2 - CD4,MHC-II,Cell-Cell Contact,KEGG: hsa04514
Resident M2,IFN-stimulated,HLA-DQA2,CD4,0.00296220376701517,0,HLA-DQA2_CD4,HLA-DQA2 - CD4,MHC-II,Cell-Cell Contact,KEGG: hsa04514
Stress-response,IFN-stimulated,HLA-DQA2,CD4,0.00191538394821248,0,HLA-DQA2_CD4,HLA-DQA2 - CD4,MHC-II,Cell-Cell Contact,KEGG: hsa04514
Classical Mono-derived,Inflammatory Mono-derived,HLA-DQA2,CD4,0.00530773185212568,0,HLA-DQA2_CD4,HLA-DQA2 - CD4,MHC-II,Cell-Cell Contact,KEGG: hsa04514
IFN-stimulated,Inflammatory Mono-derived,HLA-DQA2,CD4,0.0136736622836259,0,HLA-DQA2_CD4,HLA-DQA2 - CD4,MHC-II,Cell-Cell Contact,KEGG: hsa04514
Inflammatory Mono-derived,Inflammatory Mono-derived,HLA-DQA2,CD4,0.00791696871783341,0,HLA-DQA2_CD4,HLA-DQA2 - CD4,MHC-II,Cell-Cell Contact,KEGG: hsa04514
Resident M2,Inflammatory Mono-derived,HLA-DQA2,CD4,0.00725352254056359,0,HLA-DQA2_CD4,HLA-DQA2 - CD4,MHC-II,Cell-Cell Contact,KEGG: hsa04514
Stress-response,Inflammatory Mono-derived,HLA-DQA2,CD4,0.00469732872744446,0,HLA-DQA2_CD4,HLA-DQA2 - CD4,MHC-II,Cell-Cell Contact,KEGG: hsa04514
Classical Mono-derived,Lipid-associated,HLA-DQA2,CD4,0.00264001694836064,0,HLA-DQA2_CD4,HLA-DQA2 - CD4,MHC-II,Cell-Cell Contact,KEGG: hsa04514
IFN-stimulated,Lipid-associated,HLA-DQA2,CD4,0.00683002580407112,0,HLA-DQA2_CD4,HLA-DQA2 - CD4,MHC-II,Cell-Cell Contact,KEGG: hsa04514
Inflammatory Mono-derived,Lipid-associated,HLA-DQA2,CD4,0.00394302592013495,0,HLA-DQA2_CD4,HLA-DQA2 - CD4,MHC-II,Cell-Cell Contact,KEGG: hsa04514
Resident M2,Lipid-associated,HLA-DQA2,CD4,0.00361138600107749,0,HLA-DQA2_CD4,HLA-DQA2 - CD4,MHC-II,Cell-Cell Contact,KEGG: hsa04514
Stress-response,Lipid-associated,HLA-DQA2,CD4,0.00233568765570037,0,HLA-DQA2_CD4,HLA-DQA2 - CD4,MHC-II,Cell-Cell Contact,KEGG: hsa04514
Classical Mono-derived,Resident M2,HLA-DQA2,CD4,0.00694195536405612,0,HLA-DQA2_CD4,HLA-DQA2 - CD4,MHC-II,Cell-Cell Contact,KEGG: hsa04514
IFN-stimulated,Resident M2,HLA-DQA2,CD4,0.0178375214752611,0,HLA-DQA2_CD4,HLA-DQA2 - CD4,MHC-II,Cell-Cell Contact,KEGG: hsa04514
Inflammatory Mono-derived,Resident M2,HLA-DQA2,CD4,0.0103462067343901,0,HLA-DQA2_CD4,HLA-DQA2 - CD4,MHC-II,Cell-Cell Contact,KEGG: hsa04514
Resident M2,Resident M2,HLA-DQA2,CD4,0.00948113461355972,0,HLA-DQA2_CD4,HLA-DQA2 - CD4,MHC-II,Cell-Cell Contact,KEGG: hsa04514
Stress-response,Resident M2,HLA-DQA2,CD4,0.00614477324780635,0,HLA-DQA2_CD4,HLA-DQA2 - CD4,MHC-II,Cell-Cell Contact,KEGG: hsa04514
Classical Mono-derived,Stress-response,HLA-DQA2,CD4,0.00216812623596521,0,HLA-DQA2_CD4,HLA-DQA2 - CD4,MHC-II,Cell-Cell Contact,KEGG: hsa04514
IFN-stimulated,Stress-response,HLA-DQA2,CD4,0.00561340581535861,0,HLA-DQA2_CD4,HLA-DQA2 - CD4,MHC-II,Cell-Cell Contact,KEGG: hsa04514
Inflammatory Mono-derived,Stress-response,HLA-DQA2,CD4,0.00323898481164157,0,HLA-DQA2_CD4,HLA-DQA2 - CD4,MHC-II,Cell-Cell Contact,KEGG: hsa04514
Resident M2,Stress-response,HLA-DQA2,CD4,0.00296638401220007,0,HLA-DQA2_CD4,HLA-DQA2 - CD4,MHC-II,Cell-Cell Contact,KEGG: hsa04514
Stress-response,Stress-response,HLA-DQA2,CD4,0.00191808976914348,0,HLA-DQA2_CD4,HLA-DQA2 - CD4,MHC-II,Cell-Cell Contact,KEGG: hsa04514
IFN-stimulated,Classical Mono-derived,HLA-DOA,CD4,0.00124958204267208,0,HLA-DOA_CD4,HLA-DOA - CD4,MHC-II,Cell-Cell Contact,KEGG: hsa04514
Resident M2,Classical Mono-derived,HLA-DOA,CD4,0.00803020994649085,0,HLA-DOA_CD4,HLA-DOA - CD4,MHC-II,Cell-Cell Contact,KEGG: hsa04514
IFN-stimulated,IFN-stimulated,HLA-DOA,CD4,0.000412404113406749,0,HLA-DOA_CD4,HLA-DOA - CD4,MHC-II,Cell-Cell Contact,KEGG: hsa04514
Resident M2,IFN-stimulated,HLA-DOA,CD4,0.00266234907193717,0,HLA-DOA_CD4,HLA-DOA - CD4,MHC-II,Cell-Cell Contact,KEGG: hsa04514
IFN-stimulated,Inflammatory Mono-derived,HLA-DOA,CD4,0.00101360561101596,0,HLA-DOA_CD4,HLA-DOA - CD4,MHC-II,Cell-Cell Contact,KEGG: hsa04514
Resident M2,Inflammatory Mono-derived,HLA-DOA,CD4,0.00652211256555534,0,HLA-DOA_CD4,HLA-DOA - CD4,MHC-II,Cell-Cell Contact,KEGG: hsa04514
IFN-stimulated,Lipid-associated,HLA-DOA,CD4,0.000503066551626509,0,HLA-DOA_CD4,HLA-DOA - CD4,MHC-II,Cell-Cell Contact,KEGG: hsa04514
Resident M2,Lipid-associated,HLA-DOA,CD4,0.0032460305486601,0,HLA-DOA_CD4,HLA-DOA - CD4,MHC-II,Cell-Cell Contact,KEGG: hsa04514
IFN-stimulated,Resident M2,HLA-DOA,CD4,0.00132745404323925,0,HLA-DOA_CD4,HLA-DOA - CD4,MHC-II,Cell-Cell Contact,KEGG: hsa04514
Resident M2,Resident M2,HLA-DOA,CD4,0.00852703240903668,0,HLA-DOA_CD4,HLA-DOA - CD4,MHC-II,Cell-Cell Contact,KEGG: hsa04514
IFN-stimulated,Stress-response,HLA-DOA,CD4,0.000412987586209589,0,HLA-DOA_CD4,HLA-DOA - CD4,MHC-II,Cell-Cell Contact,KEGG: hsa04514
Resident M2,Stress-response,HLA-DOA,CD4,0.00266610729539783,0,HLA-DOA_CD4,HLA-DOA - CD4,MHC-II,Cell-Cell Contact,KEGG: hsa04514
CD8.EM,Classical Mono-derived,HLA-DQB1,CD4,0.00858687928966165,0,HLA-DQB1_CD4,HLA-DQB1 - CD4,MHC-II,Cell-Cell Contact,KEGG: hsa04514
CD8.TEMRA,Classical Mono-derived,HLA-DQB1,CD4,0.0102288325604582,0,HLA-DQB1_CD4,HLA-DQB1 - CD4,MHC-II,Cell-Cell Contact,KEGG: hsa04514
CD8.TEX,Classical Mono-derived,HLA-DQB1,CD4,0.00922382957547416,0,HLA-DQB1_CD4,HLA-DQB1 - CD4,MHC-II,Cell-Cell Contact,KEGG: hsa04514
CD8.TPEX,Classical Mono-derived,HLA-DQB1,CD4,0.00671704254018838,0,HLA-DQB1_CD4,HLA-DQB1 - CD4,MHC-II,Cell-Cell Contact,KEGG: hsa04514
Classical Mono-derived,Classical Mono-derived,HLA-DQB1,CD4,0.0869489619054513,0,HLA-DQB1_CD4,HLA-DQB1 - CD4,MHC-II,Cell-Cell Contact,KEGG: hsa04514
IFN-stimulated,Classical Mono-derived,HLA-DQB1,CD4,0.0723419461326077,0,HLA-DQB1_CD4,HLA-DQB1 - CD4,MHC-II,Cell-Cell Contact,KEGG: hsa04514
Inflammatory Mono-derived,Classical Mono-derived,HLA-DQB1,CD4,0.0670245610500997,0,HLA-DQB1_CD4,HLA-DQB1 - CD4,MHC-II,Cell-Cell Contact,KEGG: hsa04514
Lipid-associated,Classical Mono-derived,HLA-DQB1,CD4,0.0522064844103603,0,HLA-DQB1_CD4,HLA-DQB1 - CD4,MHC-II,Cell-Cell Contact,KEGG: hsa04514
Proliferating,Classical Mono-derived,HLA-DQB1,CD4,0.0636969403869119,0,HLA-DQB1_CD4,HLA-DQB1 - CD4,MHC-II,Cell-Cell Contact,KEGG: hsa04514
Resident M2,Classical Mono-derived,HLA-DQB1,CD4,0.0824550931334832,0,HLA-DQB1_CD4,HLA-DQB1 - CD4,MHC-II,Cell-Cell Contact,KEGG: hsa04514
Stress-response,Classical Mono-derived,HLA-DQB1,CD4,0.0708740282478193,0,HLA-DQB1_CD4,HLA-DQB1 - CD4,MHC-II,Cell-Cell Contact,KEGG: hsa04514
CD8.EM,IFN-stimulated,HLA-DQB1,CD4,0.00284797648591001,0,HLA-DQB1_CD4,HLA-DQB1 - CD4,MHC-II,Cell-Cell Contact,KEGG: hsa04514
CD8.TEMRA,IFN-stimulated,HLA-DQB1,CD4,0.00339631597667445,0,HLA-DQB1_CD4,HLA-DQB1 - CD4,MHC-II,Cell-Cell Contact,KEGG: hsa04514
CD8.TEX,IFN-stimulated,HLA-DQB1,CD4,0.00306054542717031,0,HLA-DQB1_CD4,HLA-DQB1 - CD4,MHC-II,Cell-Cell Contact,KEGG: hsa04514
CD8.TPEX,IFN-stimulated,HLA-DQB1,CD4,0.00222501046069972,0,HLA-DQB1_CD4,HLA-DQB1 - CD4,MHC-II,Cell-Cell Contact,KEGG: hsa04514
Classical Mono-derived,IFN-stimulated,HLA-DQB1,CD4,0.0304463694073965,0,HLA-DQB1_CD4,HLA-DQB1 - CD4,MHC-II,Cell-Cell Contact,KEGG: hsa04514
IFN-stimulated,IFN-stimulated,HLA-DQB1,CD4,0.0250708834606584,0,HLA-DQB1_CD4,HLA-DQB1 - CD4,MHC-II,Cell-Cell Contact,KEGG: hsa04514
Inflammatory Mono-derived,IFN-stimulated,HLA-DQB1,CD4,0.0231414089198078,0,HLA-DQB1_CD4,HLA-DQB1 - CD4,MHC-II,Cell-Cell Contact,KEGG: hsa04514
Lipid-associated,IFN-stimulated,HLA-DQB1,CD4,0.017839694878775,0,HLA-DQB1_CD4,HLA-DQB1 - CD4,MHC-II,Cell-Cell Contact,KEGG: hsa04514
Proliferating,IFN-stimulated,HLA-DQB1,CD4,0.0219412517332721,0,HLA-DQB1_CD4,HLA-DQB1 - CD4,MHC-II,Cell-Cell Contact,KEGG: hsa04514
Resident M2,IFN-stimulated,HLA-DQB1,CD4,0.0287807281872516,0,HLA-DQB1_CD4,HLA-DQB1 - CD4,MHC-II,Cell-Cell Contact,KEGG: hsa04514
Stress-response,IFN-stimulated,HLA-DQB1,CD4,0.0245367896974253,0,HLA-DQB1_CD4,HLA-DQB1 - CD4,MHC-II,Cell-Cell Contact,KEGG: hsa04514
CD8.EM,Inflammatory Mono-derived,HLA-DQB1,CD4,0.00697497284128347,0,HLA-DQB1_CD4,HLA-DQB1 - CD4,MHC-II,Cell-Cell Contact,KEGG: hsa04514
CD8.TEMRA,Inflammatory Mono-derived,HLA-DQB1,CD4,0.00831128687145241,0,HLA-DQB1_CD4,HLA-DQB1 - CD4,MHC-II,Cell-Cell Contact,KEGG: hsa04514
CD8.TEX,Inflammatory Mono-derived,HLA-DQB1,CD4,0.00749326019470665,0,HLA-DQB1_CD4,HLA-DQB1 - CD4,MHC-II,Cell-Cell Contact,KEGG: hsa04514
CD8.TPEX,Inflammatory Mono-derived,HLA-DQB1,CD4,0.00545420592771409,0,HLA-DQB1_CD4,HLA-DQB1 - CD4,MHC-II,Cell-Cell Contact,KEGG: hsa04514
Classical Mono-derived,Inflammatory Mono-derived,HLA-DQB1,CD4,0.0716908315191984,0,HLA-DQB1_CD4,HLA-DQB1 - CD4,MHC-II,Cell-Cell Contact,KEGG: hsa04514
IFN-stimulated,Inflammatory Mono-derived,HLA-DQB1,CD4,0.0594801255867743,0,HLA-DQB1_CD4,HLA-DQB1 - CD4,MHC-II,Cell-Cell Contact,KEGG: hsa04514
Inflammatory Mono-derived,Inflammatory Mono-derived,HLA-DQB1,CD4,0.0550520248769933,0,HLA-DQB1_CD4,HLA-DQB1 - CD4,MHC-II,Cell-Cell Contact,KEGG: hsa04514
Lipid-associated,Inflammatory Mono-derived,HLA-DQB1,CD4,0.0427595747888903,0,HLA-DQB1_CD4,HLA-DQB1 - CD4,MHC-II,Cell-Cell Contact,KEGG: hsa04514
Proliferating,Inflammatory Mono-derived,HLA-DQB1,CD4,0.0522855023354022,0,HLA-DQB1_CD4,HLA-DQB1 - CD4,MHC-II,Cell-Cell Contact,KEGG: hsa04514
Resident M2,Inflammatory Mono-derived,HLA-DQB1,CD4,0.0679268953474548,0,HLA-DQB1_CD4,HLA-DQB1 - CD4,MHC-II,Cell-Cell Contact,KEGG: hsa04514
Stress-response,Inflammatory Mono-derived,HLA-DQB1,CD4,0.0582568020185678,0,HLA-DQB1_CD4,HLA-DQB1 - CD4,MHC-II,Cell-Cell Contact,KEGG: hsa04514
CD8.EM,Lipid-associated,HLA-DQB1,CD4,0.00347221240202022,0,HLA-DQB1_CD4,HLA-DQB1 - CD4,MHC-II,Cell-Cell Contact,KEGG: hsa04514
CD8.TEMRA,Lipid-associated,HLA-DQB1,CD4,0.00414024107633159,0,HLA-DQB1_CD4,HLA-DQB1 - CD4,MHC-II,Cell-Cell Contact,KEGG: hsa04514
CD8.TEX,Lipid-associated,HLA-DQB1,CD4,0.00373119908926188,0,HLA-DQB1_CD4,HLA-DQB1 - CD4,MHC-II,Cell-Cell Contact,KEGG: hsa04514
CD8.TPEX,Lipid-associated,HLA-DQB1,CD4,0.00271307260486905,0,HLA-DQB1_CD4,HLA-DQB1 - CD4,MHC-II,Cell-Cell Contact,KEGG: hsa04514
Classical Mono-derived,Lipid-associated,HLA-DQB1,CD4,0.0368959527689851,0,HLA-DQB1_CD4,HLA-DQB1 - CD4,MHC-II,Cell-Cell Contact,KEGG: hsa04514
IFN-stimulated,Lipid-associated,HLA-DQB1,CD4,0.0304174792970829,0,HLA-DQB1_CD4,HLA-DQB1 - CD4,MHC-II,Cell-Cell Contact,KEGG: hsa04514
Inflammatory Mono-derived,Lipid-associated,HLA-DQB1,CD4,0.0280883815837862,0,HLA-DQB1_CD4,HLA-DQB1 - CD4,MHC-II,Cell-Cell Contact,KEGG: hsa04514
Lipid-associated,Lipid-associated,HLA-DQB1,CD4,0.0216784638541256,0,HLA-DQB1_CD4,HLA-DQB1 - CD4,MHC-II,Cell-Cell Contact,KEGG: hsa04514
Proliferating,Lipid-associated,HLA-DQB1,CD4,0.0266386613507004,0,HLA-DQB1_CD4,HLA-DQB1 - CD4,MHC-II,Cell-Cell Contact,KEGG: hsa04514
Resident M2,Lipid-associated,HLA-DQB1,CD4,0.0348901689415661,0,HLA-DQB1_CD4,HLA-DQB1 - CD4,MHC-II,Cell-Cell Contact,KEGG: hsa04514
Stress-response,Lipid-associated,HLA-DQB1,CD4,0.0297729634981408,0,HLA-DQB1_CD4,HLA-DQB1 - CD4,MHC-II,Cell-Cell Contact,KEGG: hsa04514
CD8.EM,Resident M2,HLA-DQB1,CD4,0.00911782585893373,0,HLA-DQB1_CD4,HLA-DQB1 - CD4,MHC-II,Cell-Cell Contact,KEGG: hsa04514
CD8.TEMRA,Resident M2,HLA-DQB1,CD4,0.010860192751769,0,HLA-DQB1_CD4,HLA-DQB1 - CD4,MHC-II,Cell-Cell Contact,KEGG: hsa04514
CD8.TEX,Resident M2,HLA-DQB1,CD4,0.00979377119157905,0,HLA-DQB1_CD4,HLA-DQB1 - CD4,MHC-II,Cell-Cell Contact,KEGG: hsa04514
CD8.TPEX,Resident M2,HLA-DQB1,CD4,0.00713320464468059,0,HLA-DQB1_CD4,HLA-DQB1 - CD4,MHC-II,Cell-Cell Contact,KEGG: hsa04514
Classical Mono-derived,Resident M2,HLA-DQB1,CD4,0.0918761927303195,0,HLA-DQB1_CD4,HLA-DQB1 - CD4,MHC-II,Cell-Cell Contact,KEGG: hsa04514
IFN-stimulated,Resident M2,HLA-DQB1,CD4,0.0765107883645212,0,HLA-DQB1_CD4,HLA-DQB1 - CD4,MHC-II,Cell-Cell Contact,KEGG: hsa04514
Inflammatory Mono-derived,Resident M2,HLA-DQB1,CD4,0.0709104020096844,0,HLA-DQB1_CD4,HLA-DQB1 - CD4,MHC-II,Cell-Cell Contact,KEGG: hsa04514
Lipid-associated,Resident M2,HLA-DQB1,CD4,0.0552841335224451,0,HLA-DQB1_CD4,HLA-DQB1 - CD4,MHC-II,Cell-Cell Contact,KEGG: hsa04514
Proliferating,Resident M2,HLA-DQB1,CD4,0.0674037959224629,0,HLA-DQB1_CD4,HLA-DQB1 - CD4,MHC-II,Cell-Cell Contact,KEGG: hsa04514
Resident M2,Resident M2,HLA-DQB1,CD4,0.0871519725811574,0,HLA-DQB1_CD4,HLA-DQB1 - CD4,MHC-II,Cell-Cell Contact,KEGG: hsa04514
Stress-response,Resident M2,HLA-DQB1,CD4,0.074965114861115,0,HLA-DQB1_CD4,HLA-DQB1 - CD4,MHC-II,Cell-Cell Contact,KEGG: hsa04514
CD8.EM,Stress-response,HLA-DQB1,CD4,0.0028519959953013,0,HLA-DQB1_CD4,HLA-DQB1 - CD4,MHC-II,Cell-Cell Contact,KEGG: hsa04514
CD8.TEMRA,Stress-response,HLA-DQB1,CD4,0.00340110674878674,0,HLA-DQB1_CD4,HLA-DQB1 - CD4,MHC-II,Cell-Cell Contact,KEGG: hsa04514
CD8.TEX,Stress-response,HLA-DQB1,CD4,0.0030648640249462,0,HLA-DQB1_CD4,HLA-DQB1 - CD4,MHC-II,Cell-Cell Contact,KEGG: hsa04514
CD8.TPEX,Stress-response,HLA-DQB1,CD4,0.00222815270774986,0,HLA-DQB1_CD4,HLA-DQB1 - CD4,MHC-II,Cell-Cell Contact,KEGG: hsa04514
Classical Mono-derived,Stress-response,HLA-DQB1,CD4,0.0304881491402427,0,HLA-DQB1_CD4,HLA-DQB1 - CD4,MHC-II,Cell-Cell Contact,KEGG: hsa04514
IFN-stimulated,Stress-response,HLA-DQB1,CD4,0.0251054777403619,0,HLA-DQB1_CD4,HLA-DQB1 - CD4,MHC-II,Cell-Cell Contact,KEGG: hsa04514
Inflammatory Mono-derived,Stress-response,HLA-DQB1,CD4,0.0231734040805468,0,HLA-DQB1_CD4,HLA-DQB1 - CD4,MHC-II,Cell-Cell Contact,KEGG: hsa04514
Lipid-associated,Stress-response,HLA-DQB1,CD4,0.0178644939752545,0,HLA-DQB1_CD4,HLA-DQB1 - CD4,MHC-II,Cell-Cell Contact,KEGG: hsa04514
Proliferating,Stress-response,HLA-DQB1,CD4,0.0219716248863734,0,HLA-DQB1_CD4,HLA-DQB1 - CD4,MHC-II,Cell-Cell Contact,KEGG: hsa04514
Resident M2,Stress-response,HLA-DQB1,CD4,0.0288202902021802,0,HLA-DQB1_CD4,HLA-DQB1 - CD4,MHC-II,Cell-Cell Contact,KEGG: hsa04514
Stress-response,Stress-response,HLA-DQB1,CD4,0.0245706655767361,0,HLA-DQB1_CD4,HLA-DQB1 - CD4,MHC-II,Cell-Cell Contact,KEGG: hsa04514
CD8.CM,Classical Mono-derived,HLA-DRA,CD4,0.00733390757468453,0,HLA-DRA_CD4,HLA-DRA - CD4,MHC-II,Cell-Cell Contact,KEGG: hsa04514
CD8.EM,Classical Mono-derived,HLA-DRA,CD4,0.0129660195502807,0,HLA-DRA_CD4,HLA-DRA - CD4,MHC-II,Cell-Cell Contact,KEGG: hsa04514
CD8.TEMRA,Classical Mono-derived,HLA-DRA,CD4,0.0107022590043953,0,HLA-DRA_CD4,HLA-DRA - CD4,MHC-II,Cell-Cell Contact,KEGG: hsa04514
CD8.TEX,Classical Mono-derived,HLA-DRA,CD4,0.0277882014200768,0,HLA-DRA_CD4,HLA-DRA - CD4,MHC-II,Cell-Cell Contact,KEGG: hsa04514
CD8.TPEX,Classical Mono-derived,HLA-DRA,CD4,0.0100942048460244,0,HLA-DRA_CD4,HLA-DRA - CD4,MHC-II,Cell-Cell Contact,KEGG: hsa04514
Classical Mono-derived,Classical Mono-derived,HLA-DRA,CD4,0.124158579207698,0,HLA-DRA_CD4,HLA-DRA - CD4,MHC-II,Cell-Cell Contact,KEGG: hsa04514
IFN-stimulated,Classical Mono-derived,HLA-DRA,CD4,0.12274349580238,0,HLA-DRA_CD4,HLA-DRA - CD4,MHC-II,Cell-Cell Contact,KEGG: hsa04514
Inflammatory Mono-derived,Classical Mono-derived,HLA-DRA,CD4,0.120244930720017,0,HLA-DRA_CD4,HLA-DRA - CD4,MHC-II,Cell-Cell Contact,KEGG: hsa04514
Lipid-associated,Classical Mono-derived,HLA-DRA,CD4,0.106121353850784,0,HLA-DRA_CD4,HLA-DRA - CD4,MHC-II,Cell-Cell Contact,KEGG: hsa04514
Proliferating,Classical Mono-derived,HLA-DRA,CD4,0.10183058278479,0,HLA-DRA_CD4,HLA-DRA - CD4,MHC-II,Cell-Cell Contact,KEGG: hsa04514
Resident M2,Classical Mono-derived,HLA-DRA,CD4,0.126641274118865,0,HLA-DRA_CD4,HLA-DRA - CD4,MHC-II,Cell-Cell Contact,KEGG: hsa04514
Stress-response,Classical Mono-derived,HLA-DRA,CD4,0.116699842223152,0,HLA-DRA_CD4,HLA-DRA - CD4,MHC-II,Cell-Cell Contact,KEGG: hsa04514
CD8.CM,IFN-stimulated,HLA-DRA,CD4,0.00243035546905453,0,HLA-DRA_CD4,HLA-DRA - CD4,MHC-II,Cell-Cell Contact,KEGG: hsa04514
CD8.EM,IFN-stimulated,HLA-DRA,CD4,0.00431312138221193,0,HLA-DRA_CD4,HLA-DRA - CD4,MHC-II,Cell-Cell Contact,KEGG: hsa04514
CD8.TEMRA,IFN-stimulated,HLA-DRA,CD4,0.00355464517052854,0,HLA-DRA_CD4,HLA-DRA - CD4,MHC-II,Cell-Cell Contact,KEGG: hsa04514
CD8.TEX,IFN-stimulated,HLA-DRA,CD4,0.00933726546295627,0,HLA-DRA_CD4,HLA-DRA - CD4,MHC-II,Cell-Cell Contact,KEGG: hsa04514
CD8.TPEX,IFN-stimulated,HLA-DRA,CD4,0.00335131056644498,0,HLA-DRA_CD4,HLA-DRA - CD4,MHC-II,Cell-Cell Contact,KEGG: hsa04514
Classical Mono-derived,IFN-stimulated,HLA-DRA,CD4,0.0446585093073011,0,HLA-DRA_CD4,HLA-DRA - CD4,MHC-II,Cell-Cell Contact,KEGG: hsa04514
IFN-stimulated,IFN-stimulated,HLA-DRA,CD4,0.0441038917384542,0,HLA-DRA_CD4,HLA-DRA - CD4,MHC-II,Cell-Cell Contact,KEGG: hsa04514
Inflammatory Mono-derived,IFN-stimulated,HLA-DRA,CD4,0.0431274160720799,0,HLA-DRA_CD4,HLA-DRA - CD4,MHC-II,Cell-Cell Contact,KEGG: hsa04514
Lipid-associated,IFN-stimulated,HLA-DRA,CD4,0.0376739193843077,0,HLA-DRA_CD4,HLA-DRA - CD4,MHC-II,Cell-Cell Contact,KEGG: hsa04514
Proliferating,IFN-stimulated,HLA-DRA,CD4,0.0360390821179224,0,HLA-DRA_CD4,HLA-DRA - CD4,MHC-II,Cell-Cell Contact,KEGG: hsa04514
Resident M2,IFN-stimulated,HLA-DRA,CD4,0.0456343366528849,0,HLA-DRA_CD4,HLA-DRA - CD4,MHC-II,Cell-Cell Contact,KEGG: hsa04514
Stress-response,IFN-stimulated,HLA-DRA,CD4,0.0417480321644954,0,HLA-DRA_CD4,HLA-DRA - CD4,MHC-II,Cell-Cell Contact,KEGG: hsa04514
CD8.CM,Inflammatory Mono-derived,HLA-DRA,CD4,0.00595579272629601,0,HLA-DRA_CD4,HLA-DRA - CD4,MHC-II,Cell-Cell Contact,KEGG: hsa04514
CD8.EM,Inflammatory Mono-derived,HLA-DRA,CD4,0.0105408124095592,0,HLA-DRA_CD4,HLA-DRA - CD4,MHC-II,Cell-Cell Contact,KEGG: hsa04514
CD8.TEMRA,Inflammatory Mono-derived,HLA-DRA,CD4,0.00869674235776022,0,HLA-DRA_CD4,HLA-DRA - CD4,MHC-II,Cell-Cell Contact,KEGG: hsa04514
CD8.TEX,Inflammatory Mono-derived,HLA-DRA,CD4,0.0226542358252665,0,HLA-DRA_CD4,HLA-DRA - CD4,MHC-II,Cell-Cell Contact,KEGG: hsa04514
CD8.TPEX,Inflammatory Mono-derived,HLA-DRA,CD4,0.0082016879768252,0,HLA-DRA_CD4,HLA-DRA - CD4,MHC-II,Cell-Cell Contact,KEGG: hsa04514
Classical Mono-derived,Inflammatory Mono-derived,HLA-DRA,CD4,0.103108143191346,0,HLA-DRA_CD4,HLA-DRA - CD4,MHC-II,Cell-Cell Contact,KEGG: hsa04514
IFN-stimulated,Inflammatory Mono-derived,HLA-DRA,CD4,0.101905064817322,0,HLA-DRA_CD4,HLA-DRA - CD4,MHC-II,Cell-Cell Contact,KEGG: hsa04514
Inflammatory Mono-derived,Inflammatory Mono-derived,HLA-DRA,CD4,0.0997824379792299,0,HLA-DRA_CD4,HLA-DRA - CD4,MHC-II,Cell-Cell Contact,KEGG: hsa04514
Lipid-associated,Inflammatory Mono-derived,HLA-DRA,CD4,0.0878223912305436,0,HLA-DRA_CD4,HLA-DRA - CD4,MHC-II,Cell-Cell Contact,KEGG: hsa04514
Proliferating,Inflammatory Mono-derived,HLA-DRA,CD4,0.0842018012837668,0,HLA-DRA_CD4,HLA-DRA - CD4,MHC-II,Cell-Cell Contact,KEGG: hsa04514
Resident M2,Inflammatory Mono-derived,HLA-DRA,CD4,0.105220478983519,0,HLA-DRA_CD4,HLA-DRA - CD4,MHC-II,Cell-Cell Contact,KEGG: hsa04514
Stress-response,Inflammatory Mono-derived,HLA-DRA,CD4,0.0967742677476406,0,HLA-DRA_CD4,HLA-DRA - CD4,MHC-II,Cell-Cell Contact,KEGG: hsa04514
CD8.CM,Lipid-associated,HLA-DRA,CD4,0.00296332682898416,0,HLA-DRA_CD4,HLA-DRA - CD4,MHC-II,Cell-Cell Contact,KEGG: hsa04514
CD8.EM,Lipid-associated,HLA-DRA,CD4,0.00525680322344527,0,HLA-DRA_CD4,HLA-DRA - CD4,MHC-II,Cell-Cell Contact,KEGG: hsa04514
CD8.TEMRA,Lipid-associated,HLA-DRA,CD4,0.00433309972751675,0,HLA-DRA_CD4,HLA-DRA - CD4,MHC-II,Cell-Cell Contact,KEGG: hsa04514
CD8.TEX,Lipid-associated,HLA-DRA,CD4,0.0113676461107496,0,HLA-DRA_CD4,HLA-DRA - CD4,MHC-II,Cell-Cell Contact,KEGG: hsa04514
CD8.TPEX,Lipid-associated,HLA-DRA,CD4,0.00408541814443838,0,HLA-DRA_CD4,HLA-DRA - CD4,MHC-II,Cell-Cell Contact,KEGG: hsa04514
Classical Mono-derived,Lipid-associated,HLA-DRA,CD4,0.0539511834670119,0,HLA-DRA_CD4,HLA-DRA - CD4,MHC-II,Cell-Cell Contact,KEGG: hsa04514
IFN-stimulated,Lipid-associated,HLA-DRA,CD4,0.0532875966497007,0,HLA-DRA_CD4,HLA-DRA - CD4,MHC-II,Cell-Cell Contact,KEGG: hsa04514
Inflammatory Mono-derived,Lipid-associated,HLA-DRA,CD4,0.0521188768324536,0,HLA-DRA_CD4,HLA-DRA - CD4,MHC-II,Cell-Cell Contact,KEGG: hsa04514
Lipid-associated,Lipid-associated,HLA-DRA,CD4,0.0455825648773904,0,HLA-DRA_CD4,HLA-DRA - CD4,MHC-II,Cell-Cell Contact,KEGG: hsa04514
Proliferating,Lipid-associated,HLA-DRA,CD4,0.0436200927356157,0,HLA-DRA_CD4,HLA-DRA - CD4,MHC-II,Cell-Cell Contact,KEGG: hsa04514
Resident M2,Lipid-associated,HLA-DRA,CD4,0.055118348713226,0,HLA-DRA_CD4,HLA-DRA - CD4,MHC-II,Cell-Cell Contact,KEGG: hsa04514
Stress-response,Lipid-associated,HLA-DRA,CD4,0.0504670783165639,0,HLA-DRA_CD4,HLA-DRA - CD4,MHC-II,Cell-Cell Contact,KEGG: hsa04514
CD8.CM,Resident M2,HLA-DRA,CD4,0.00778798860392649,0,HLA-DRA_CD4,HLA-DRA - CD4,MHC-II,Cell-Cell Contact,KEGG: hsa04514
CD8.EM,Resident M2,HLA-DRA,CD4,0.0137639792863993,0,HLA-DRA_CD4,HLA-DRA - CD4,MHC-II,Cell-Cell Contact,KEGG: hsa04514
CD8.TEMRA,Resident M2,HLA-DRA,CD4,0.0113625053102207,0,HLA-DRA_CD4,HLA-DRA - CD4,MHC-II,Cell-Cell Contact,KEGG: hsa04514
CD8.TEX,Resident M2,HLA-DRA,CD4,0.0294711170666266,0,HLA-DRA_CD4,HLA-DRA - CD4,MHC-II,Cell-Cell Contact,KEGG: hsa04514
CD8.TPEX,Resident M2,HLA-DRA,CD4,0.0107173453108346,0,HLA-DRA_CD4,HLA-DRA - CD4,MHC-II,Cell-Cell Contact,KEGG: hsa04514
Classical Mono-derived,Resident M2,HLA-DRA,CD4,0.130892125720569,0,HLA-DRA_CD4,HLA-DRA - CD4,MHC-II,Cell-Cell Contact,KEGG: hsa04514
IFN-stimulated,Resident M2,HLA-DRA,CD4,0.129411637059506,0,HLA-DRA_CD4,HLA-DRA - CD4,MHC-II,Cell-Cell Contact,KEGG: hsa04514
Inflammatory Mono-derived,Resident M2,HLA-DRA,CD4,0.126796954481355,0,HLA-DRA_CD4,HLA-DRA - CD4,MHC-II,Cell-Cell Contact,KEGG: hsa04514
Lipid-associated,Resident M2,HLA-DRA,CD4,0.11200177357718,0,HLA-DRA_CD4,HLA-DRA - CD4,MHC-II,Cell-Cell Contact,KEGG: hsa04514
Proliferating,Resident M2,HLA-DRA,CD4,0.107501835580867,0,HLA-DRA_CD4,HLA-DRA - CD4,MHC-II,Cell-Cell Contact,KEGG: hsa04514
Resident M2,Resident M2,HLA-DRA,CD4,0.133488944153672,0,HLA-DRA_CD4,HLA-DRA - CD4,MHC-II,Cell-Cell Contact,KEGG: hsa04514
Stress-response,Resident M2,HLA-DRA,CD4,0.123085723718138,0,HLA-DRA_CD4,HLA-DRA - CD4,MHC-II,Cell-Cell Contact,KEGG: hsa04514
CD8.CM,Stress-response,HLA-DRA,CD4,0.0024337870050172,0,HLA-DRA_CD4,HLA-DRA - CD4,MHC-II,Cell-Cell Contact,KEGG: hsa04514
CD8.EM,Stress-response,HLA-DRA,CD4,0.00431919977606926,0,HLA-DRA_CD4,HLA-DRA - CD4,MHC-II,Cell-Cell Contact,KEGG: hsa04514
CD8.TEMRA,Stress-response,HLA-DRA,CD4,0.00355965848077368,0,HLA-DRA_CD4,HLA-DRA - CD4,MHC-II,Cell-Cell Contact,KEGG: hsa04514
CD8.TEX,Stress-response,HLA-DRA,CD4,0.00935035778915639,0,HLA-DRA_CD4,HLA-DRA - CD4,MHC-II,Cell-Cell Contact,KEGG: hsa04514
CD8.TPEX,Stress-response,HLA-DRA,CD4,0.00335603806864888,0,HLA-DRA_CD4,HLA-DRA - CD4,MHC-II,Cell-Cell Contact,KEGG: hsa04514
Classical Mono-derived,Stress-response,HLA-DRA,CD4,0.0447188919943754,0,HLA-DRA_CD4,HLA-DRA - CD4,MHC-II,Cell-Cell Contact,KEGG: hsa04514
IFN-stimulated,Stress-response,HLA-DRA,CD4,0.0441635591944307,0,HLA-DRA_CD4,HLA-DRA - CD4,MHC-II,Cell-Cell Contact,KEGG: hsa04514
Inflammatory Mono-derived,Stress-response,HLA-DRA,CD4,0.0431858221528662,0,HLA-DRA_CD4,HLA-DRA - CD4,MHC-II,Cell-Cell Contact,KEGG: hsa04514
Lipid-associated,Stress-response,HLA-DRA,CD4,0.0377252311461555,0,HLA-DRA_CD4,HLA-DRA - CD4,MHC-II,Cell-Cell Contact,KEGG: hsa04514
Proliferating,Stress-response,HLA-DRA,CD4,0.0360882507379528,0,HLA-DRA_CD4,HLA-DRA - CD4,MHC-II,Cell-Cell Contact,KEGG: hsa04514
Resident M2,Stress-response,HLA-DRA,CD4,0.0456959756439529,0,HLA-DRA_CD4,HLA-DRA - CD4,MHC-II,Cell-Cell Contact,KEGG: hsa04514
Stress-response,Stress-response,HLA-DRA,CD4,0.0418046518029314,0,HLA-DRA_CD4,HLA-DRA - CD4,MHC-II,Cell-Cell Contact,KEGG: hsa04514
CD8.CM,Classical Mono-derived,HLA-DRB1,CD4,0.0127808191143854,0,HLA-DRB1_CD4,HLA-DRB1 - CD4,MHC-II,Cell-Cell Contact,KEGG: hsa04514
CD8.EM,Classical Mono-derived,HLA-DRB1,CD4,0.0426835380872536,0,HLA-DRB1_CD4,HLA-DRB1 - CD4,MHC-II,Cell-Cell Contact,KEGG: hsa04514
CD8.TEMRA,Classical Mono-derived,HLA-DRB1,CD4,0.0467435627686808,0,HLA-DRB1_CD4,HLA-DRB1 - CD4,MHC-II,Cell-Cell Contact,KEGG: hsa04514
CD8.TEX,Classical Mono-derived,HLA-DRB1,CD4,0.0542160944848959,0,HLA-DRB1_CD4,HLA-DRB1 - CD4,MHC-II,Cell-Cell Contact,KEGG: hsa04514
CD8.TPEX,Classical Mono-derived,HLA-DRB1,CD4,0.0448244669350965,0,HLA-DRB1_CD4,HLA-DRB1 - CD4,MHC-II,Cell-Cell Contact,KEGG: hsa04514
Classical Mono-derived,Classical Mono-derived,HLA-DRB1,CD4,0.118313254956109,0,HLA-DRB1_CD4,HLA-DRB1 - CD4,MHC-II,Cell-Cell Contact,KEGG: hsa04514
IFN-stimulated,Classical Mono-derived,HLA-DRB1,CD4,0.10861771887657,0,HLA-DRB1_CD4,HLA-DRB1 - CD4,MHC-II,Cell-Cell Contact,KEGG: hsa04514
Inflammatory Mono-derived,Classical Mono-derived,HLA-DRB1,CD4,0.111704460980901,0,HLA-DRB1_CD4,HLA-DRB1 - CD4,MHC-II,Cell-Cell Contact,KEGG: hsa04514
Lipid-associated,Classical Mono-derived,HLA-DRB1,CD4,0.0938585917021916,0,HLA-DRB1_CD4,HLA-DRB1 - CD4,MHC-II,Cell-Cell Contact,KEGG: hsa04514
Proliferating,Classical Mono-derived,HLA-DRB1,CD4,0.0910274671334693,0,HLA-DRB1_CD4,HLA-DRB1 - CD4,MHC-II,Cell-Cell Contact,KEGG: hsa04514
Resident M2,Classical Mono-derived,HLA-DRB1,CD4,0.1213960582063,0,HLA-DRB1_CD4,HLA-DRB1 - CD4,MHC-II,Cell-Cell Contact,KEGG: hsa04514
Stress-response,Classical Mono-derived,HLA-DRB1,CD4,0.105297917025605,0,HLA-DRB1_CD4,HLA-DRB1 - CD4,MHC-II,Cell-Cell Contact,KEGG: hsa04514
CD8.CM,IFN-stimulated,HLA-DRB1,CD4,0.00425098251745353,0,HLA-DRB1_CD4,HLA-DRB1 - CD4,MHC-II,Cell-Cell Contact,KEGG: hsa04514
CD8.EM,IFN-stimulated,HLA-DRB1,CD4,0.0144897324515877,0,HLA-DRB1_CD4,HLA-DRB1 - CD4,MHC-II,Cell-Cell Contact,KEGG: hsa04514
CD8.TEMRA,IFN-stimulated,HLA-DRB1,CD4,0.015912560999936,0,HLA-DRB1_CD4,HLA-DRB1 - CD4,MHC-II,Cell-Cell Contact,KEGG: hsa04514
CD8.TEX,IFN-stimulated,HLA-DRB1,CD4,0.0185523017639069,0,HLA-DRB1_CD4,HLA-DRB1 - CD4,MHC-II,Cell-Cell Contact,KEGG: hsa04514
CD8.TPEX,IFN-stimulated,HLA-DRB1,CD4,0.0152390222686717,0,HLA-DRB1_CD4,HLA-DRB1 - CD4,MHC-II,Cell-Cell Contact,KEGG: hsa04514
Classical Mono-derived,IFN-stimulated,HLA-DRB1,CD4,0.0423749237184621,0,HLA-DRB1_CD4,HLA-DRB1 - CD4,MHC-II,Cell-Cell Contact,KEGG: hsa04514
IFN-stimulated,IFN-stimulated,HLA-DRB1,CD4,0.0386297320946084,0,HLA-DRB1_CD4,HLA-DRB1 - CD4,MHC-II,Cell-Cell Contact,KEGG: hsa04514
Inflammatory Mono-derived,IFN-stimulated,HLA-DRB1,CD4,0.0398163699008133,0,HLA-DRB1_CD4,HLA-DRB1 - CD4,MHC-II,Cell-Cell Contact,KEGG: hsa04514
Lipid-associated,IFN-stimulated,HLA-DRB1,CD4,0.0330282947472592,0,HLA-DRB1_CD4,HLA-DRB1 - CD4,MHC-II,Cell-Cell Contact,KEGG: hsa04514
Proliferating,IFN-stimulated,HLA-DRB1,CD4,0.0319673070171679,0,HLA-DRB1_CD4,HLA-DRB1 - CD4,MHC-II,Cell-Cell Contact,KEGG: hsa04514
Resident M2,IFN-stimulated,HLA-DRB1,CD4,0.0435768512040777,0,HLA-DRB1_CD4,HLA-DRB1 - CD4,MHC-II,Cell-Cell Contact,KEGG: hsa04514
Stress-response,IFN-stimulated,HLA-DRB1,CD4,0.037359395206555,0,HLA-DRB1_CD4,HLA-DRB1 - CD4,MHC-II,Cell-Cell Contact,KEGG: hsa04514
CD8.CM,Inflammatory Mono-derived,HLA-DRB1,CD4,0.0103898878363182,0,HLA-DRB1_CD4,HLA-DRB1 - CD4,MHC-II,Cell-Cell Contact,KEGG: hsa04514
CD8.EM,Inflammatory Mono-derived,HLA-DRB1,CD4,0.034896386411254,0,HLA-DRB1_CD4,HLA-DRB1 - CD4,MHC-II,Cell-Cell Contact,KEGG: hsa04514
CD8.TEMRA,Inflammatory Mono-derived,HLA-DRB1,CD4,0.0382452949937371,0,HLA-DRB1_CD4,HLA-DRB1 - CD4,MHC-II,Cell-Cell Contact,KEGG: hsa04514
CD8.TEX,Inflammatory Mono-derived,HLA-DRB1,CD4,0.0444225841201936,0,HLA-DRB1_CD4,HLA-DRB1 - CD4,MHC-II,Cell-Cell Contact,KEGG: hsa04514
CD8.TPEX,Inflammatory Mono-derived,HLA-DRB1,CD4,0.0366616839871816,0,HLA-DRB1_CD4,HLA-DRB1 - CD4,MHC-II,Cell-Cell Contact,KEGG: hsa04514
Classical Mono-derived,Inflammatory Mono-derived,HLA-DRB1,CD4,0.0981428111165778,0,HLA-DRB1_CD4,HLA-DRB1 - CD4,MHC-II,Cell-Cell Contact,KEGG: hsa04514
IFN-stimulated,Inflammatory Mono-derived,HLA-DRB1,CD4,0.0899316050149142,0,HLA-DRB1_CD4,HLA-DRB1 - CD4,MHC-II,Cell-Cell Contact,KEGG: hsa04514
Inflammatory Mono-derived,Inflammatory Mono-derived,HLA-DRB1,CD4,0.0925424485775057,0,HLA-DRB1_CD4,HLA-DRB1 - CD4,MHC-II,Cell-Cell Contact,KEGG: hsa04514
Lipid-associated,Inflammatory Mono-derived,HLA-DRB1,CD4,0.0774908410270742,0,HLA-DRB1_CD4,HLA-DRB1 - CD4,MHC-II,Cell-Cell Contact,KEGG: hsa04514
Proliferating,Inflammatory Mono-derived,HLA-DRB1,CD4,0.0751125036140212,0,HLA-DRB1_CD4,HLA-DRB1 - CD4,MHC-II,Cell-Cell Contact,KEGG: hsa04514
Resident M2,Inflammatory Mono-derived,HLA-DRB1,CD4,0.100760109973431,0,HLA-DRB1_CD4,HLA-DRB1 - CD4,MHC-II,Cell-Cell Contact,KEGG: hsa04514
Stress-response,Inflammatory Mono-derived,HLA-DRB1,CD4,0.087127103403565,0,HLA-DRB1_CD4,HLA-DRB1 - CD4,MHC-II,Cell-Cell Contact,KEGG: hsa04514
CD8.CM,Lipid-associated,HLA-DRB1,CD4,0.00518113954021669,0,HLA-DRB1_CD4,HLA-DRB1 - CD4,MHC-II,Cell-Cell Contact,KEGG: hsa04514
CD8.EM,Lipid-associated,HLA-DRB1,CD4,0.017620584610056,0,HLA-DRB1_CD4,HLA-DRB1 - CD4,MHC-II,Cell-Cell Contact,KEGG: hsa04514
CD8.TEMRA,Lipid-associated,HLA-DRB1,CD4,0.0193448144545043,0,HLA-DRB1_CD4,HLA-DRB1 - CD4,MHC-II,Cell-Cell Contact,KEGG: hsa04514
CD8.TEX,Lipid-associated,HLA-DRB1,CD4,0.0225408912302363,0,HLA-DRB1_CD4,HLA-DRB1 - CD4,MHC-II,Cell-Cell Contact,KEGG: hsa04514
CD8.TPEX,Lipid-associated,HLA-DRB1,CD4,0.0185287324131365,0,HLA-DRB1_CD4,HLA-DRB1 - CD4,MHC-II,Cell-Cell Contact,KEGG: hsa04514
Classical Mono-derived,Lipid-associated,HLA-DRB1,CD4,0.0512178978207098,0,HLA-DRB1_CD4,HLA-DRB1 - CD4,MHC-II,Cell-Cell Contact,KEGG: hsa04514
IFN-stimulated,Lipid-associated,HLA-DRB1,CD4,0.0467292820655534,0,HLA-DRB1_CD4,HLA-DRB1 - CD4,MHC-II,Cell-Cell Contact,KEGG: hsa04514
Inflammatory Mono-derived,Lipid-associated,HLA-DRB1,CD4,0.0481522620059744,0,HLA-DRB1_CD4,HLA-DRB1 - CD4,MHC-II,Cell-Cell Contact,KEGG: hsa04514
Lipid-associated,Lipid-associated,HLA-DRB1,CD4,0.0400022523987312,0,HLA-DRB1_CD4,HLA-DRB1 - CD4,MHC-II,Cell-Cell Contact,KEGG: hsa04514
Proliferating,Lipid-associated,HLA-DRB1,CD4,0.0387262081552243,0,HLA-DRB1_CD4,HLA-DRB1 - CD4,MHC-II,Cell-Cell Contact,KEGG: hsa04514
Resident M2,Lipid-associated,HLA-DRB1,CD4,0.0526568565027413,0,HLA-DRB1_CD4,HLA-DRB1 - CD4,MHC-II,Cell-Cell Contact,KEGG: hsa04514
Stress-response,Lipid-associated,HLA-DRB1,CD4,0.0452051162095094,0,HLA-DRB1_CD4,HLA-DRB1 - CD4,MHC-II,Cell-Cell Contact,KEGG: hsa04514
CD8.CM,Resident M2,HLA-DRB1,CD4,0.0135675378442034,0,HLA-DRB1_CD4,HLA-DRB1 - CD4,MHC-II,Cell-Cell Contact,KEGG: hsa04514
CD8.EM,Resident M2,HLA-DRB1,CD4,0.0452265838491764,0,HLA-DRB1_CD4,HLA-DRB1 - CD4,MHC-II,Cell-Cell Contact,KEGG: hsa04514
CD8.TEMRA,Resident M2,HLA-DRB1,CD4,0.0495159894636747,0,HLA-DRB1_CD4,HLA-DRB1 - CD4,MHC-II,Cell-Cell Contact,KEGG: hsa04514
CD8.TEX,Resident M2,HLA-DRB1,CD4,0.0574050377253191,0,HLA-DRB1_CD4,HLA-DRB1 - CD4,MHC-II,Cell-Cell Contact,KEGG: hsa04514
CD8.TPEX,Resident M2,HLA-DRB1,CD4,0.0474887397747953,0,HLA-DRB1_CD4,HLA-DRB1 - CD4,MHC-II,Cell-Cell Contact,KEGG: hsa04514
Classical Mono-derived,Resident M2,HLA-DRB1,CD4,0.124774951911225,0,HLA-DRB1_CD4,HLA-DRB1 - CD4,MHC-II,Cell-Cell Contact,KEGG: hsa04514
IFN-stimulated,Resident M2,HLA-DRB1,CD4,0.114618730300343,0,HLA-DRB1_CD4,HLA-DRB1 - CD4,MHC-II,Cell-Cell Contact,KEGG: hsa04514
Inflammatory Mono-derived,Resident M2,HLA-DRB1,CD4,0.117853463853665,0,HLA-DRB1_CD4,HLA-DRB1 - CD4,MHC-II,Cell-Cell Contact,KEGG: hsa04514
Lipid-associated,Resident M2,HLA-DRB1,CD4,0.0991348647051607,0,HLA-DRB1_CD4,HLA-DRB1 - CD4,MHC-II,Cell-Cell Contact,KEGG: hsa04514
Proliferating,Resident M2,HLA-DRB1,CD4,0.096161477620538,0,HLA-DRB1_CD4,HLA-DRB1 - CD4,MHC-II,Cell-Cell Contact,KEGG: hsa04514
Resident M2,Resident M2,HLA-DRB1,CD4,0.128001679615161,0,HLA-DRB1_CD4,HLA-DRB1 - CD4,MHC-II,Cell-Cell Contact,KEGG: hsa04514
Stress-response,Resident M2,HLA-DRB1,CD4,0.111138381401802,0,HLA-DRB1_CD4,HLA-DRB1 - CD4,MHC-II,Cell-Cell Contact,KEGG: hsa04514
CD8.CM,Stress-response,HLA-DRB1,CD4,0.00425697371468053,0,HLA-DRB1_CD4,HLA-DRB1 - CD4,MHC-II,Cell-Cell Contact,KEGG: hsa04514
CD8.EM,Stress-response,HLA-DRB1,CD4,0.014509943536992,0,HLA-DRB1_CD4,HLA-DRB1 - CD4,MHC-II,Cell-Cell Contact,KEGG: hsa04514
CD8.TEMRA,Stress-response,HLA-DRB1,CD4,0.0159347246361322,0,HLA-DRB1_CD4,HLA-DRB1 - CD4,MHC-II,Cell-Cell Contact,KEGG: hsa04514
CD8.TEX,Stress-response,HLA-DRB1,CD4,0.0185780727229556,0,HLA-DRB1_CD4,HLA-DRB1 - CD4,MHC-II,Cell-Cell Contact,KEGG: hsa04514
CD8.TPEX,Stress-response,HLA-DRB1,CD4,0.0152602623214433,0,HLA-DRB1_CD4,HLA-DRB1 - CD4,MHC-II,Cell-Cell Contact,KEGG: hsa04514
Classical Mono-derived,Stress-response,HLA-DRB1,CD4,0.0424323559136824,0,HLA-DRB1_CD4,HLA-DRB1 - CD4,MHC-II,Cell-Cell Contact,KEGG: hsa04514
IFN-stimulated,Stress-response,HLA-DRB1,CD4,0.0386822933418438,0,HLA-DRB1_CD4,HLA-DRB1 - CD4,MHC-II,Cell-Cell Contact,KEGG: hsa04514
Inflammatory Mono-derived,Stress-response,HLA-DRB1,CD4,0.0398704787764825,0,HLA-DRB1_CD4,HLA-DRB1 - CD4,MHC-II,Cell-Cell Contact,KEGG: hsa04514
Lipid-associated,Stress-response,HLA-DRB1,CD4,0.0330734966420539,0,HLA-DRB1_CD4,HLA-DRB1 - CD4,MHC-II,Cell-Cell Contact,KEGG: hsa04514
Proliferating,Stress-response,HLA-DRB1,CD4,0.0320111049336683,0,HLA-DRB1_CD4,HLA-DRB1 - CD4,MHC-II,Cell-Cell Contact,KEGG: hsa04514
Resident M2,Stress-response,HLA-DRB1,CD4,0.0436358381842405,0,HLA-DRB1_CD4,HLA-DRB1 - CD4,MHC-II,Cell-Cell Contact,KEGG: hsa04514
Stress-response,Stress-response,HLA-DRB1,CD4,0.0374102952406954,0,HLA-DRB1_CD4,HLA-DRB1 - CD4,MHC-II,Cell-Cell Contact,KEGG: hsa04514
CD8.CM,Classical Mono-derived,HLA-DRB5,CD4,0.00798144413061261,0,HLA-DRB5_CD4,HLA-DRB5 - CD4,MHC-II,Cell-Cell Contact,KEGG: hsa04514
CD8.EM,Classical Mono-derived,HLA-DRB5,CD4,0.0111540766294674,0,HLA-DRB5_CD4,HLA-DRB5 - CD4,MHC-II,Cell-Cell Contact,KEGG: hsa04514
CD8.TEMRA,Classical Mono-derived,HLA-DRB5,CD4,0.0316979256213635,0,HLA-DRB5_CD4,HLA-DRB5 - CD4,MHC-II,Cell-Cell Contact,KEGG: hsa04514
CD8.TEX,Classical Mono-derived,HLA-DRB5,CD4,0.0294333794835249,0,HLA-DRB5_CD4,HLA-DRB5 - CD4,MHC-II,Cell-Cell Contact,KEGG: hsa04514
CD8.TPEX,Classical Mono-derived,HLA-DRB5,CD4,0.0110065521186258,0,HLA-DRB5_CD4,HLA-DRB5 - CD4,MHC-II,Cell-Cell Contact,KEGG: hsa04514
Classical Mono-derived,Classical Mono-derived,HLA-DRB5,CD4,0.0599979555598678,0,HLA-DRB5_CD4,HLA-DRB5 - CD4,MHC-II,Cell-Cell Contact,KEGG: hsa04514
IFN-stimulated,Classical Mono-derived,HLA-DRB5,CD4,0.0719496288337503,0,HLA-DRB5_CD4,HLA-DRB5 - CD4,MHC-II,Cell-Cell Contact,KEGG: hsa04514
Inflammatory Mono-derived,Classical Mono-derived,HLA-DRB5,CD4,0.061590041837185,0,HLA-DRB5_CD4,HLA-DRB5 - CD4,MHC-II,Cell-Cell Contact,KEGG: hsa04514
Lipid-associated,Classical Mono-derived,HLA-DRB5,CD4,0.0489402794338052,0,HLA-DRB5_CD4,HLA-DRB5 - CD4,MHC-II,Cell-Cell Contact,KEGG: hsa04514
Proliferating,Classical Mono-derived,HLA-DRB5,CD4,0.0608630237220862,0,HLA-DRB5_CD4,HLA-DRB5 - CD4,MHC-II,Cell-Cell Contact,KEGG: hsa04514
Resident M2,Classical Mono-derived,HLA-DRB5,CD4,0.0606145690282826,0,HLA-DRB5_CD4,HLA-DRB5 - CD4,MHC-II,Cell-Cell Contact,KEGG: hsa04514
Stress-response,Classical Mono-derived,HLA-DRB5,CD4,0.0730947540833577,0,HLA-DRB5_CD4,HLA-DRB5 - CD4,MHC-II,Cell-Cell Contact,KEGG: hsa04514
CD8.CM,IFN-stimulated,HLA-DRB5,CD4,0.00264609421734824,0,HLA-DRB5_CD4,HLA-DRB5 - CD4,MHC-II,Cell-Cell Contact,KEGG: hsa04514
CD8.EM,IFN-stimulated,HLA-DRB5,CD4,0.0037058420830865,0,HLA-DRB5_CD4,HLA-DRB5 - CD4,MHC-II,Cell-Cell Contact,KEGG: hsa04514
CD8.TEMRA,IFN-stimulated,HLA-DRB5,CD4,0.0106795096520169,0,HLA-DRB5_CD4,HLA-DRB5 - CD4,MHC-II,Cell-Cell Contact,KEGG: hsa04514
CD8.TEX,IFN-stimulated,HLA-DRB5,CD4,0.00990119567617204,0,HLA-DRB5_CD4,HLA-DRB5 - CD4,MHC-II,Cell-Cell Contact,KEGG: hsa04514
CD8.TPEX,IFN-stimulated,HLA-DRB5,CD4,0.00365646412105413,0,HLA-DRB5_CD4,HLA-DRB5 - CD4,MHC-II,Cell-Cell Contact,KEGG: hsa04514
Classical Mono-derived,IFN-stimulated,HLA-DRB5,CD4,0.0206137026003609,0,HLA-DRB5_CD4,HLA-DRB5 - CD4,MHC-II,Cell-Cell Contact,KEGG: hsa04514
IFN-stimulated,IFN-stimulated,HLA-DRB5,CD4,0.0249280328732229,0,HLA-DRB5_CD4,HLA-DRB5 - CD4,MHC-II,Cell-Cell Contact,KEGG: hsa04514
Inflammatory Mono-derived,IFN-stimulated,HLA-DRB5,CD4,0.0211842536289938,0,HLA-DRB5_CD4,HLA-DRB5 - CD4,MHC-II,Cell-Cell Contact,KEGG: hsa04514
Lipid-associated,IFN-stimulated,HLA-DRB5,CD4,0.0166857343323953,0,HLA-DRB5_CD4,HLA-DRB5 - CD4,MHC-II,Cell-Cell Contact,KEGG: hsa04514
Proliferating,IFN-stimulated,HLA-DRB5,CD4,0.0209235569121338,0,HLA-DRB5_CD4,HLA-DRB5 - CD4,MHC-II,Cell-Cell Contact,KEGG: hsa04514
Resident M2,IFN-stimulated,HLA-DRB5,CD4,0.0208345258679261,0,HLA-DRB5_CD4,HLA-DRB5 - CD4,MHC-II,Cell-Cell Contact,KEGG: hsa04514
Stress-response,IFN-stimulated,HLA-DRB5,CD4,0.0253452171383566,0,HLA-DRB5_CD4,HLA-DRB5 - CD4,MHC-II,Cell-Cell Contact,KEGG: hsa04514
CD8.CM,Inflammatory Mono-derived,HLA-DRB5,CD4,0.00648244526615463,0,HLA-DRB5_CD4,HLA-DRB5 - CD4,MHC-II,Cell-Cell Contact,KEGG: hsa04514
CD8.EM,Inflammatory Mono-derived,HLA-DRB5,CD4,0.00906466880030541,0,HLA-DRB5_CD4,HLA-DRB5 - CD4,MHC-II,Cell-Cell Contact,KEGG: hsa04514
CD8.TEMRA,Inflammatory Mono-derived,HLA-DRB5,CD4,0.0258608391743783,0,HLA-DRB5_CD4,HLA-DRB5 - CD4,MHC-II,Cell-Cell Contact,KEGG: hsa04514
CD8.TEX,Inflammatory Mono-derived,HLA-DRB5,CD4,0.0240029658816444,0,HLA-DRB5_CD4,HLA-DRB5 - CD4,MHC-II,Cell-Cell Contact,KEGG: hsa04514
CD8.TPEX,Inflammatory Mono-derived,HLA-DRB5,CD4,0.00894452896032135,0,HLA-DRB5_CD4,HLA-DRB5 - CD4,MHC-II,Cell-Cell Contact,KEGG: hsa04514
Classical Mono-derived,Inflammatory Mono-derived,HLA-DRB5,CD4,0.0492143661460134,0,HLA-DRB5_CD4,HLA-DRB5 - CD4,MHC-II,Cell-Cell Contact,KEGG: hsa04514
IFN-stimulated,Inflammatory Mono-derived,HLA-DRB5,CD4,0.0591531114319616,0,HLA-DRB5_CD4,HLA-DRB5 - CD4,MHC-II,Cell-Cell Contact,KEGG: hsa04514
Inflammatory Mono-derived,Inflammatory Mono-derived,HLA-DRB5,CD4,0.0505356863672331,0,HLA-DRB5_CD4,HLA-DRB5 - CD4,MHC-II,Cell-Cell Contact,KEGG: hsa04514
Lipid-associated,Inflammatory Mono-derived,HLA-DRB5,CD4,0.040059418338524,0,HLA-DRB5_CD4,HLA-DRB5 - CD4,MHC-II,Cell-Cell Contact,KEGG: hsa04514
Proliferating,Inflammatory Mono-derived,HLA-DRB5,CD4,0.0499322123793348,0,HLA-DRB5_CD4,HLA-DRB5 - CD4,MHC-II,Cell-Cell Contact,KEGG: hsa04514
Resident M2,Inflammatory Mono-derived,HLA-DRB5,CD4,0.0497260167245078,0,HLA-DRB5_CD4,HLA-DRB5 - CD4,MHC-II,Cell-Cell Contact,KEGG: hsa04514
Stress-response,Inflammatory Mono-derived,HLA-DRB5,CD4,0.0601077626892094,0,HLA-DRB5_CD4,HLA-DRB5 - CD4,MHC-II,Cell-Cell Contact,KEGG: hsa04514
CD8.CM,Lipid-associated,HLA-DRB5,CD4,0.00322622358040756,0,HLA-DRB5_CD4,HLA-DRB5 - CD4,MHC-II,Cell-Cell Contact,KEGG: hsa04514
CD8.EM,Lipid-associated,HLA-DRB5,CD4,0.00451725811508539,0,HLA-DRB5_CD4,HLA-DRB5 - CD4,MHC-II,Cell-Cell Contact,KEGG: hsa04514
CD8.TEMRA,Lipid-associated,HLA-DRB5,CD4,0.0129979307266532,0,HLA-DRB5_CD4,HLA-DRB5 - CD4,MHC-II,Cell-Cell Contact,KEGG: hsa04514
CD8.TEX,Lipid-associated,HLA-DRB5,CD4,0.0120527105742105,0,HLA-DRB5_CD4,HLA-DRB5 - CD4,MHC-II,Cell-Cell Contact,KEGG: hsa04514
CD8.TPEX,Lipid-associated,HLA-DRB5,CD4,0.00445711692415128,0,HLA-DRB5_CD4,HLA-DRB5 - CD4,MHC-II,Cell-Cell Contact,KEGG: hsa04514
Classical Mono-derived,Lipid-associated,HLA-DRB5,CD4,0.0250341715122285,0,HLA-DRB5_CD4,HLA-DRB5 - CD4,MHC-II,Cell-Cell Contact,KEGG: hsa04514
IFN-stimulated,Lipid-associated,HLA-DRB5,CD4,0.0302451095988937,0,HLA-DRB5_CD4,HLA-DRB5 - CD4,MHC-II,Cell-Cell Contact,KEGG: hsa04514
Inflammatory Mono-derived,Lipid-associated,HLA-DRB5,CD4,0.0257238597660937,0,HLA-DRB5_CD4,HLA-DRB5 - CD4,MHC-II,Cell-Cell Contact,KEGG: hsa04514
Lipid-associated,Lipid-associated,HLA-DRB5,CD4,0.0202813201052581,0,HLA-DRB5_CD4,HLA-DRB5 - CD4,MHC-II,Cell-Cell Contact,KEGG: hsa04514
Proliferating,Lipid-associated,HLA-DRB5,CD4,0.0254087481339944,0,HLA-DRB5_CD4,HLA-DRB5 - CD4,MHC-II,Cell-Cell Contact,KEGG: hsa04514
Resident M2,Lipid-associated,HLA-DRB5,CD4,0.0253011255057586,0,HLA-DRB5_CD4,HLA-DRB5 - CD4,MHC-II,Cell-Cell Contact,KEGG: hsa04514
Stress-response,Lipid-associated,HLA-DRB5,CD4,0.0307484719735482,0,HLA-DRB5_CD4,HLA-DRB5 - CD4,MHC-II,Cell-Cell Contact,KEGG: hsa04514
CD8.CM,Resident M2,HLA-DRB5,CD4,0.00847527527013402,0,HLA-DRB5_CD4,HLA-DRB5 - CD4,MHC-II,Cell-Cell Contact,KEGG: hsa04514
CD8.EM,Resident M2,HLA-DRB5,CD4,0.0118418629289905,0,HLA-DRB5_CD4,HLA-DRB5 - CD4,MHC-II,Cell-Cell Contact,KEGG: hsa04514
CD8.TEMRA,Resident M2,HLA-DRB5,CD4,0.0336094373526537,0,HLA-DRB5_CD4,HLA-DRB5 - CD4,MHC-II,Cell-Cell Contact,KEGG: hsa04514
CD8.TEX,Resident M2,HLA-DRB5,CD4,0.0312127320043344,0,HLA-DRB5_CD4,HLA-DRB5 - CD4,MHC-II,Cell-Cell Contact,KEGG: hsa04514
CD8.TPEX,Resident M2,HLA-DRB5,CD4,0.0116853492109974,0,HLA-DRB5_CD4,HLA-DRB5 - CD4,MHC-II,Cell-Cell Contact,KEGG: hsa04514
Classical Mono-derived,Resident M2,HLA-DRB5,CD4,0.0635041480531833,0,HLA-DRB5_CD4,HLA-DRB5 - CD4,MHC-II,Cell-Cell Contact,KEGG: hsa04514
IFN-stimulated,Resident M2,HLA-DRB5,CD4,0.0760977176188903,0,HLA-DRB5_CD4,HLA-DRB5 - CD4,MHC-II,Cell-Cell Contact,KEGG: hsa04514
Inflammatory Mono-derived,Resident M2,HLA-DRB5,CD4,0.065182821874594,0,HLA-DRB5_CD4,HLA-DRB5 - CD4,MHC-II,Cell-Cell Contact,KEGG: hsa04514
Lipid-associated,Resident M2,HLA-DRB5,CD4,0.0518359116022163,0,HLA-DRB5_CD4,HLA-DRB5 - CD4,MHC-II,Cell-Cell Contact,KEGG: hsa04514
Proliferating,Resident M2,HLA-DRB5,CD4,0.0644163052203815,0,HLA-DRB5_CD4,HLA-DRB5 - CD4,MHC-II,Cell-Cell Contact,KEGG: hsa04514
Resident M2,Resident M2,HLA-DRB5,CD4,0.0641543362192137,0,HLA-DRB5_CD4,HLA-DRB5 - CD4,MHC-II,Cell-Cell Contact,KEGG: hsa04514
Stress-response,Resident M2,HLA-DRB5,CD4,0.077303363208321,0,HLA-DRB5_CD4,HLA-DRB5 - CD4,MHC-II,Cell-Cell Contact,KEGG: hsa04514
CD8.CM,Stress-response,HLA-DRB5,CD4,0.00264982955610608,0,HLA-DRB5_CD4,HLA-DRB5 - CD4,MHC-II,Cell-Cell Contact,KEGG: hsa04514
CD8.EM,Stress-response,HLA-DRB5,CD4,0.00371106784042026,0,HLA-DRB5_CD4,HLA-DRB5 - CD4,MHC-II,Cell-Cell Contact,KEGG: hsa04514
CD8.TEMRA,Stress-response,HLA-DRB5,CD4,0.01069446370022,0,HLA-DRB5_CD4,HLA-DRB5 - CD4,MHC-II,Cell-Cell Contact,KEGG: hsa04514
CD8.TEX,Stress-response,HLA-DRB5,CD4,0.00991507080798311,0,HLA-DRB5_CD4,HLA-DRB5 - CD4,MHC-II,Cell-Cell Contact,KEGG: hsa04514
CD8.TPEX,Stress-response,HLA-DRB5,CD4,0.00366162050443926,0,HLA-DRB5_CD4,HLA-DRB5 - CD4,MHC-II,Cell-Cell Contact,KEGG: hsa04514
Classical Mono-derived,Stress-response,HLA-DRB5,CD4,0.0206422768202686,0,HLA-DRB5_CD4,HLA-DRB5 - CD4,MHC-II,Cell-Cell Contact,KEGG: hsa04514
IFN-stimulated,Stress-response,HLA-DRB5,CD4,0.0249624350862517,0,HLA-DRB5_CD4,HLA-DRB5 - CD4,MHC-II,Cell-Cell Contact,KEGG: hsa04514
Inflammatory Mono-derived,Stress-response,HLA-DRB5,CD4,0.0212136016024199,0,HLA-DRB5_CD4,HLA-DRB5 - CD4,MHC-II,Cell-Cell Contact,KEGG: hsa04514
Lipid-associated,Stress-response,HLA-DRB5,CD4,0.0167089565896583,0,HLA-DRB5_CD4,HLA-DRB5 - CD4,MHC-II,Cell-Cell Contact,KEGG: hsa04514
Proliferating,Stress-response,HLA-DRB5,CD4,0.0209525514558531,0,HLA-DRB5_CD4,HLA-DRB5 - CD4,MHC-II,Cell-Cell Contact,KEGG: hsa04514
Resident M2,Stress-response,HLA-DRB5,CD4,0.0208633996670479,0,HLA-DRB5_CD4,HLA-DRB5 - CD4,MHC-II,Cell-Cell Contact,KEGG: hsa04514
Stress-response,Stress-response,HLA-DRB5,CD4,0.0253801801052861,0,HLA-DRB5_CD4,HLA-DRB5 - CD4,MHC-II,Cell-Cell Contact,KEGG: hsa04514
Classical Mono-derived,CD8.EM,NECTIN2,TIGIT,0.00233836660773275,0,NECTIN2_TIGIT,NECTIN2 - TIGIT,NECTIN,Cell-Cell Contact,KEGG: hsa04514
IFN-stimulated,CD8.EM,NECTIN2,TIGIT,0.00280745430332253,0,NECTIN2_TIGIT,NECTIN2 - TIGIT,NECTIN,Cell-Cell Contact,KEGG: hsa04514
Inflammatory Mono-derived,CD8.EM,NECTIN2,TIGIT,0.00288965014033716,0,NECTIN2_TIGIT,NECTIN2 - TIGIT,NECTIN,Cell-Cell Contact,KEGG: hsa04514
Resident M2,CD8.EM,NECTIN2,TIGIT,0.00205759251170382,0,NECTIN2_TIGIT,NECTIN2 - TIGIT,NECTIN,Cell-Cell Contact,KEGG: hsa04514
Classical Mono-derived,CD8.TEMRA,NECTIN2,TIGIT,0.000612731538150596,0,NECTIN2_TIGIT,NECTIN2 - TIGIT,NECTIN,Cell-Cell Contact,KEGG: hsa04514
IFN-stimulated,CD8.TEMRA,NECTIN2,TIGIT,0.000735903805339292,0,NECTIN2_TIGIT,NECTIN2 - TIGIT,NECTIN,Cell-Cell Contact,KEGG: hsa04514
Inflammatory Mono-derived,CD8.TEMRA,NECTIN2,TIGIT,0.000757495456249033,0,NECTIN2_TIGIT,NECTIN2 - TIGIT,NECTIN,Cell-Cell Contact,KEGG: hsa04514
Resident M2,CD8.TEMRA,NECTIN2,TIGIT,0.0005390472274672,0,NECTIN2_TIGIT,NECTIN2 - TIGIT,NECTIN,Cell-Cell Contact,KEGG: hsa04514
Classical Mono-derived,CD8.TEX,NECTIN2,TIGIT,0.00259545656680698,0,NECTIN2_TIGIT,NECTIN2 - TIGIT,NECTIN,Cell-Cell Contact,KEGG: hsa04514
IFN-stimulated,CD8.TEX,NECTIN2,TIGIT,0.00311595667907117,0,NECTIN2_TIGIT,NECTIN2 - TIGIT,NECTIN,Cell-Cell Contact,KEGG: hsa04514
Inflammatory Mono-derived,CD8.TEX,NECTIN2,TIGIT,0.0032071557102598,0,NECTIN2_TIGIT,NECTIN2 - TIGIT,NECTIN,Cell-Cell Contact,KEGG: hsa04514
Resident M2,CD8.TEX,NECTIN2,TIGIT,0.00228388364141737,0,NECTIN2_TIGIT,NECTIN2 - TIGIT,NECTIN,Cell-Cell Contact,KEGG: hsa04514
Classical Mono-derived,CD8.TPEX,NECTIN2,TIGIT,0.00255560021012672,0,NECTIN2_TIGIT,NECTIN2 - TIGIT,NECTIN,Cell-Cell Contact,KEGG: hsa04514
IFN-stimulated,CD8.TPEX,NECTIN2,TIGIT,0.00306813200435641,0,NECTIN2_TIGIT,NECTIN2 - TIGIT,NECTIN,Cell-Cell Contact,KEGG: hsa04514
Inflammatory Mono-derived,CD8.TPEX,NECTIN2,TIGIT,0.00315793571851787,0,NECTIN2_TIGIT,NECTIN2 - TIGIT,NECTIN,Cell-Cell Contact,KEGG: hsa04514
Resident M2,CD8.TPEX,NECTIN2,TIGIT,0.00224880107411975,0,NECTIN2_TIGIT,NECTIN2 - TIGIT,NECTIN,Cell-Cell Contact,KEGG: hsa04514
Inflammatory Mono-derived,Classical Mono-derived,PECAM1,PECAM1,0.00379392496239873,0,PECAM1_PECAM1,PECAM1 - PECAM1,PECAM1,Cell-Cell Contact,KEGG: hsa04514
Resident M2,Classical Mono-derived,PECAM1,PECAM1,0.00236159739261222,0,PECAM1_PECAM1,PECAM1 - PECAM1,PECAM1,Cell-Cell Contact,KEGG: hsa04514
Stress-response,Classical Mono-derived,PECAM1,PECAM1,0.00778929107552168,0,PECAM1_PECAM1,PECAM1 - PECAM1,PECAM1,Cell-Cell Contact,KEGG: hsa04514
Inflammatory Mono-derived,IFN-stimulated,PECAM1,PECAM1,0.000708142094590673,0,PECAM1_PECAM1,PECAM1 - PECAM1,PECAM1,Cell-Cell Contact,KEGG: hsa04514
Resident M2,IFN-stimulated,PECAM1,PECAM1,0.000440281015797298,0,PECAM1_PECAM1,PECAM1 - PECAM1,PECAM1,Cell-Cell Contact,KEGG: hsa04514
Stress-response,IFN-stimulated,PECAM1,PECAM1,0.00145864158813881,0,PECAM1_PECAM1,PECAM1 - PECAM1,PECAM1,Cell-Cell Contact,KEGG: hsa04514
Classical Mono-derived,Inflammatory Mono-derived,PECAM1,PECAM1,0.00379392496239873,0,PECAM1_PECAM1,PECAM1 - PECAM1,PECAM1,Cell-Cell Contact,KEGG: hsa04514
IFN-stimulated,Inflammatory Mono-derived,PECAM1,PECAM1,0.000708142094590673,0,PECAM1_PECAM1,PECAM1 - PECAM1,PECAM1,Cell-Cell Contact,KEGG: hsa04514
Inflammatory Mono-derived,Inflammatory Mono-derived,PECAM1,PECAM1,0.00688621604281171,0,PECAM1_PECAM1,PECAM1 - PECAM1,PECAM1,Cell-Cell Contact,KEGG: hsa04514
Resident M2,Inflammatory Mono-derived,PECAM1,PECAM1,0.00429147916958004,0,PECAM1_PECAM1,PECAM1 - PECAM1,PECAM1,Cell-Cell Contact,KEGG: hsa04514
Stress-response,Inflammatory Mono-derived,PECAM1,PECAM1,0.0140919955881772,0,PECAM1_PECAM1,PECAM1 - PECAM1,PECAM1,Cell-Cell Contact,KEGG: hsa04514
Classical Mono-derived,Resident M2,PECAM1,PECAM1,0.00236159739261222,0,PECAM1_PECAM1,PECAM1 - PECAM1,PECAM1,Cell-Cell Contact,KEGG: hsa04514
IFN-stimulated,Resident M2,PECAM1,PECAM1,0.000440281015797298,0,PECAM1_PECAM1,PECAM1 - PECAM1,PECAM1,Cell-Cell Contact,KEGG: hsa04514
Inflammatory Mono-derived,Resident M2,PECAM1,PECAM1,0.00429147916958004,0,PECAM1_PECAM1,PECAM1 - PECAM1,PECAM1,Cell-Cell Contact,KEGG: hsa04514
Resident M2,Resident M2,PECAM1,PECAM1,0.00267181282314585,0,PECAM1_PECAM1,PECAM1 - PECAM1,PECAM1,Cell-Cell Contact,KEGG: hsa04514
Stress-response,Resident M2,PECAM1,PECAM1,0.00880618571613142,0,PECAM1_PECAM1,PECAM1 - PECAM1,PECAM1,Cell-Cell Contact,KEGG: hsa04514
Classical Mono-derived,Stress-response,PECAM1,PECAM1,0.00778929107552168,0,PECAM1_PECAM1,PECAM1 - PECAM1,PECAM1,Cell-Cell Contact,KEGG: hsa04514
IFN-stimulated,Stress-response,PECAM1,PECAM1,0.00145864158813881,0,PECAM1_PECAM1,PECAM1 - PECAM1,PECAM1,Cell-Cell Contact,KEGG: hsa04514
Inflammatory Mono-derived,Stress-response,PECAM1,PECAM1,0.0140919955881772,0,PECAM1_PECAM1,PECAM1 - PECAM1,PECAM1,Cell-Cell Contact,KEGG: hsa04514
Resident M2,Stress-response,PECAM1,PECAM1,0.00880618571613142,0,PECAM1_PECAM1,PECAM1 - PECAM1,PECAM1,Cell-Cell Contact,KEGG: hsa04514
Stress-response,Stress-response,PECAM1,PECAM1,0.028620646922155,0,PECAM1_PECAM1,PECAM1 - PECAM1,PECAM1,Cell-Cell Contact,KEGG: hsa04514
CD8.CM,CD8.NaiveLike,SELPLG,SELL,0.0123158147799636,0,SELPLG_SELL,SELPLG - SELL,SELPLG,Cell-Cell Contact,"PMC2431087; PMID:  8892633,PMID:  8896607"
CD8.EM,CD8.NaiveLike,SELPLG,SELL,0.0114284597025941,0,SELPLG_SELL,SELPLG - SELL,SELPLG,Cell-Cell Contact,"PMC2431087; PMID:  8892633,PMID:  8896607"
CD8.NaiveLike,CD8.NaiveLike,SELPLG,SELL,0.0125816047924145,0,SELPLG_SELL,SELPLG - SELL,SELPLG,Cell-Cell Contact,"PMC2431087; PMID:  8892633,PMID:  8896607"
CD8.TEX,CD8.NaiveLike,SELPLG,SELL,0.0139165105440444,0,SELPLG_SELL,SELPLG - SELL,SELPLG,Cell-Cell Contact,"PMC2431087; PMID:  8892633,PMID:  8896607"
Resident M2,CD8.NaiveLike,SELPLG,SELL,0.00790083800731502,0,SELPLG_SELL,SELPLG - SELL,SELPLG,Cell-Cell Contact,"PMC2431087; PMID:  8892633,PMID:  8896607"
Stress-response,CD8.NaiveLike,SELPLG,SELL,0.00828209615874989,0,SELPLG_SELL,SELPLG - SELL,SELPLG,Cell-Cell Contact,"PMC2431087; PMID:  8892633,PMID:  8896607"
CD8.CM,IFN-stimulated,SELPLG,SELL,0.000489794249915313,0,SELPLG_SELL,SELPLG - SELL,SELPLG,Cell-Cell Contact,"PMC2431087; PMID:  8892633,PMID:  8896607"
CD8.EM,IFN-stimulated,SELPLG,SELL,0.000454112790840647,0,SELPLG_SELL,SELPLG - SELL,SELPLG,Cell-Cell Contact,"PMC2431087; PMID:  8892633,PMID:  8896607"
CD8.NaiveLike,IFN-stimulated,SELPLG,SELL,0.000500493924294498,0,SELPLG_SELL,SELPLG - SELL,SELPLG,Cell-Cell Contact,"PMC2431087; PMID:  8892633,PMID:  8896607"
CD8.TEX,IFN-stimulated,SELPLG,SELL,0.000554315806891991,0,SELPLG_SELL,SELPLG - SELL,SELPLG,Cell-Cell Contact,"PMC2431087; PMID:  8892633,PMID:  8896607"
Resident M2,IFN-stimulated,SELPLG,SELL,0.000312869750755233,0,SELPLG_SELL,SELPLG - SELL,SELPLG,Cell-Cell Contact,"PMC2431087; PMID:  8892633,PMID:  8896607"
Stress-response,IFN-stimulated,SELPLG,SELL,0.000328088497583873,0,SELPLG_SELL,SELPLG - SELL,SELPLG,Cell-Cell Contact,"PMC2431087; PMID:  8892633,PMID:  8896607"
Classical Mono-derived,Classical Mono-derived,SEMA4A,PLXNB2,0.00154990572105023,0,SEMA4A_PLXNB2,SEMA4A - PLXNB2,SEMA4,Cell-Cell Contact,PMID: 27533782
IFN-stimulated,Classical Mono-derived,SEMA4A,PLXNB2,0.0013338675502843,0,SEMA4A_PLXNB2,SEMA4A - PLXNB2,SEMA4,Cell-Cell Contact,PMID: 27533782
Inflammatory Mono-derived,Classical Mono-derived,SEMA4A,PLXNB2,0.00114451279125994,0,SEMA4A_PLXNB2,SEMA4A - PLXNB2,SEMA4,Cell-Cell Contact,PMID: 27533782
Classical Mono-derived,IFN-stimulated,SEMA4A,PLXNB2,0.00139025534910835,0,SEMA4A_PLXNB2,SEMA4A - PLXNB2,SEMA4,Cell-Cell Contact,PMID: 27533782
IFN-stimulated,IFN-stimulated,SEMA4A,PLXNB2,0.0011964438491362,0,SEMA4A_PLXNB2,SEMA4A - PLXNB2,SEMA4,Cell-Cell Contact,PMID: 27533782
Inflammatory Mono-derived,IFN-stimulated,SEMA4A,PLXNB2,0.00102657759382448,0,SEMA4A_PLXNB2,SEMA4A - PLXNB2,SEMA4,Cell-Cell Contact,PMID: 27533782
Classical Mono-derived,Inflammatory Mono-derived,SEMA4A,PLXNB2,0.00146500858553794,0,SEMA4A_PLXNB2,SEMA4A - PLXNB2,SEMA4,Cell-Cell Contact,PMID: 27533782
IFN-stimulated,Inflammatory Mono-derived,SEMA4A,PLXNB2,0.00126078910900228,0,SEMA4A_PLXNB2,SEMA4A - PLXNB2,SEMA4,Cell-Cell Contact,PMID: 27533782
Inflammatory Mono-derived,Inflammatory Mono-derived,SEMA4A,PLXNB2,0.00108179726869564,0,SEMA4A_PLXNB2,SEMA4A - PLXNB2,SEMA4,Cell-Cell Contact,PMID: 27533782
Classical Mono-derived,Resident M2,SEMA4A,PLXNB2,0.00138005738076535,0,SEMA4A_PLXNB2,SEMA4A - PLXNB2,SEMA4,Cell-Cell Contact,PMID: 27533782
IFN-stimulated,Resident M2,SEMA4A,PLXNB2,0.00118766585941256,0,SEMA4A_PLXNB2,SEMA4A - PLXNB2,SEMA4,Cell-Cell Contact,PMID: 27533782
Inflammatory Mono-derived,Resident M2,SEMA4A,PLXNB2,0.00101904459603514,0,SEMA4A_PLXNB2,SEMA4A - PLXNB2,SEMA4,Cell-Cell Contact,PMID: 27533782
CD8.CM,Classical Mono-derived,SEMA4D,PLXNB2,0.00200029515267265,0,SEMA4D_PLXNB2,SEMA4D - PLXNB2,SEMA4,Cell-Cell Contact,PMID: 27533782
CD8.EM,Classical Mono-derived,SEMA4D,PLXNB2,0.00188950992113949,0,SEMA4D_PLXNB2,SEMA4D - PLXNB2,SEMA4,Cell-Cell Contact,PMID: 27533782
CD8.MAIT,Classical Mono-derived,SEMA4D,PLXNB2,0.00158494523501832,0,SEMA4D_PLXNB2,SEMA4D - PLXNB2,SEMA4,Cell-Cell Contact,PMID: 27533782
CD8.NaiveLike,Classical Mono-derived,SEMA4D,PLXNB2,0.00199659718936134,0,SEMA4D_PLXNB2,SEMA4D - PLXNB2,SEMA4,Cell-Cell Contact,PMID: 27533782
CD8.TEMRA,Classical Mono-derived,SEMA4D,PLXNB2,0.00242410251637671,0,SEMA4D_PLXNB2,SEMA4D - PLXNB2,SEMA4,Cell-Cell Contact,PMID: 27533782
CD8.TEX,Classical Mono-derived,SEMA4D,PLXNB2,0.00207760731436045,0,SEMA4D_PLXNB2,SEMA4D - PLXNB2,SEMA4,Cell-Cell Contact,PMID: 27533782
CD8.TPEX,Classical Mono-derived,SEMA4D,PLXNB2,0.00192791269810242,0,SEMA4D_PLXNB2,SEMA4D - PLXNB2,SEMA4,Cell-Cell Contact,PMID: 27533782
IFN-stimulated,Classical Mono-derived,SEMA4D,PLXNB2,0.00130526367681231,0,SEMA4D_PLXNB2,SEMA4D - PLXNB2,SEMA4,Cell-Cell Contact,PMID: 27533782
CD8.CM,IFN-stimulated,SEMA4D,PLXNB2,0.00179433511321921,0,SEMA4D_PLXNB2,SEMA4D - PLXNB2,SEMA4,Cell-Cell Contact,PMID: 27533782
CD8.EM,IFN-stimulated,SEMA4D,PLXNB2,0.00169493749074138,0,SEMA4D_PLXNB2,SEMA4D - PLXNB2,SEMA4,Cell-Cell Contact,PMID: 27533782
CD8.MAIT,IFN-stimulated,SEMA4D,PLXNB2,0.00142169070446418,0,SEMA4D_PLXNB2,SEMA4D - PLXNB2,SEMA4,Cell-Cell Contact,PMID: 27533782
CD8.NaiveLike,IFN-stimulated,SEMA4D,PLXNB2,0.00179101722673666,0,SEMA4D_PLXNB2,SEMA4D - PLXNB2,SEMA4,Cell-Cell Contact,PMID: 27533782
CD8.TEMRA,IFN-stimulated,SEMA4D,PLXNB2,0.00217460030984914,0,SEMA4D_PLXNB2,SEMA4D - PLXNB2,SEMA4,Cell-Cell Contact,PMID: 27533782
CD8.TEX,IFN-stimulated,SEMA4D,PLXNB2,0.00186370170735134,0,SEMA4D_PLXNB2,SEMA4D - PLXNB2,SEMA4,Cell-Cell Contact,PMID: 27533782
CD8.TPEX,IFN-stimulated,SEMA4D,PLXNB2,0.00172939259065348,0,SEMA4D_PLXNB2,SEMA4D - PLXNB2,SEMA4,Cell-Cell Contact,PMID: 27533782
IFN-stimulated,IFN-stimulated,SEMA4D,PLXNB2,0.0011707834776915,0,SEMA4D_PLXNB2,SEMA4D - PLXNB2,SEMA4,Cell-Cell Contact,PMID: 27533782
CD8.CM,Inflammatory Mono-derived,SEMA4D,PLXNB2,0.0018907743495689,0,SEMA4D_PLXNB2,SEMA4D - PLXNB2,SEMA4,Cell-Cell Contact,PMID: 27533782
CD8.EM,Inflammatory Mono-derived,SEMA4D,PLXNB2,0.00178604401123157,0,SEMA4D_PLXNB2,SEMA4D - PLXNB2,SEMA4,Cell-Cell Contact,PMID: 27533782
CD8.MAIT,Inflammatory Mono-derived,SEMA4D,PLXNB2,0.00149813166624587,0,SEMA4D_PLXNB2,SEMA4D - PLXNB2,SEMA4,Cell-Cell Contact,PMID: 27533782
CD8.NaiveLike,Inflammatory Mono-derived,SEMA4D,PLXNB2,0.00188727847544628,0,SEMA4D_PLXNB2,SEMA4D - PLXNB2,SEMA4,Cell-Cell Contact,PMID: 27533782
CD8.TEMRA,Inflammatory Mono-derived,SEMA4D,PLXNB2,0.00229143055420918,0,SEMA4D_PLXNB2,SEMA4D - PLXNB2,SEMA4,Cell-Cell Contact,PMID: 27533782
CD8.TEX,Inflammatory Mono-derived,SEMA4D,PLXNB2,0.00196386182066038,0,SEMA4D_PLXNB2,SEMA4D - PLXNB2,SEMA4,Cell-Cell Contact,PMID: 27533782
CD8.TPEX,Inflammatory Mono-derived,SEMA4D,PLXNB2,0.00182234776578002,0,SEMA4D_PLXNB2,SEMA4D - PLXNB2,SEMA4,Cell-Cell Contact,PMID: 27533782
IFN-stimulated,Inflammatory Mono-derived,SEMA4D,PLXNB2,0.0012337504164973,0,SEMA4D_PLXNB2,SEMA4D - PLXNB2,SEMA4,Cell-Cell Contact,PMID: 27533782
CD8.CM,Resident M2,SEMA4D,PLXNB2,0.00178117837722261,0,SEMA4D_PLXNB2,SEMA4D - PLXNB2,SEMA4,Cell-Cell Contact,PMID: 27533782
CD8.EM,Resident M2,SEMA4D,PLXNB2,0.00168250834682913,0,SEMA4D_PLXNB2,SEMA4D - PLXNB2,SEMA4,Cell-Cell Contact,PMID: 27533782
CD8.MAIT,Resident M2,SEMA4D,PLXNB2,0.00141126247359339,0,SEMA4D_PLXNB2,SEMA4D - PLXNB2,SEMA4,Cell-Cell Contact,PMID: 27533782
CD8.NaiveLike,Resident M2,SEMA4D,PLXNB2,0.00177788477539428,0,SEMA4D_PLXNB2,SEMA4D - PLXNB2,SEMA4,Cell-Cell Contact,PMID: 27533782
CD8.TEMRA,Resident M2,SEMA4D,PLXNB2,0.00215866135693975,0,SEMA4D_PLXNB2,SEMA4D - PLXNB2,SEMA4,Cell-Cell Contact,PMID: 27533782
CD8.TEX,Resident M2,SEMA4D,PLXNB2,0.00185003729220942,0,SEMA4D_PLXNB2,SEMA4D - PLXNB2,SEMA4,Cell-Cell Contact,PMID: 27533782
CD8.TPEX,Resident M2,SEMA4D,PLXNB2,0.00171671121857804,0,SEMA4D_PLXNB2,SEMA4D - PLXNB2,SEMA4,Cell-Cell Contact,PMID: 27533782
IFN-stimulated,Resident M2,SEMA4D,PLXNB2,0.00116219353221533,0,SEMA4D_PLXNB2,SEMA4D - PLXNB2,SEMA4,Cell-Cell Contact,PMID: 27533782
Resident M2,CD8.CM,SIGLEC1,SPN,0.00191062056840102,0,SIGLEC1_SPN,SIGLEC1 - SPN,SN,Cell-Cell Contact,KEGG: hsa04514; PMID: 11238599
Resident M2,CD8.MAIT,SIGLEC1,SPN,0.00213981539225476,0,SIGLEC1_SPN,SIGLEC1 - SPN,SN,Cell-Cell Contact,KEGG: hsa04514; PMID: 11238599
Resident M2,CD8.TEMRA,SIGLEC1,SPN,0.00214972183006364,0,SIGLEC1_SPN,SIGLEC1 - SPN,SN,Cell-Cell Contact,KEGG: hsa04514; PMID: 11238599
Resident M2,CD8.TEX,SIGLEC1,SPN,0.00218141602463625,0,SIGLEC1_SPN,SIGLEC1 - SPN,SN,Cell-Cell Contact,KEGG: hsa04514; PMID: 11238599
Resident M2,CD8.TPEX,SIGLEC1,SPN,0.0015907475482564,0,SIGLEC1_SPN,SIGLEC1 - SPN,SN,Cell-Cell Contact,KEGG: hsa04514; PMID: 11238599
Resident M2,Classical Mono-derived,SIGLEC1,SPN,0.00135299346751197,0,SIGLEC1_SPN,SIGLEC1 - SPN,SN,Cell-Cell Contact,KEGG: hsa04514; PMID: 11238599
Resident M2,Stress-response,SIGLEC1,SPN,0.000608125569799621,0,SIGLEC1_SPN,SIGLEC1 - SPN,SN,Cell-Cell Contact,KEGG: hsa04514; PMID: 11238599
CD8.CM,CD8.TEX,ITGA4_ITGB1,VCAM1,0.00430376814908582,0,ITGA4_ITGB1_VCAM1,VCAM1 - (ITGA4+ITGB1),VCAM,Cell-Cell Contact,KEGG: hsa04514
CD8.EM,CD8.TEX,ITGA4_ITGB1,VCAM1,0.00414754212506602,0,ITGA4_ITGB1_VCAM1,VCAM1 - (ITGA4+ITGB1),VCAM,Cell-Cell Contact,KEGG: hsa04514
CD8.NaiveLike,CD8.TEX,ITGA4_ITGB1,VCAM1,0.00388301364875415,0,ITGA4_ITGB1_VCAM1,VCAM1 - (ITGA4+ITGB1),VCAM,Cell-Cell Contact,KEGG: hsa04514
CD8.TEMRA,CD8.TEX,ITGA4_ITGB1,VCAM1,0.00651440319083107,0,ITGA4_ITGB1_VCAM1,VCAM1 - (ITGA4+ITGB1),VCAM,Cell-Cell Contact,KEGG: hsa04514
CD8.TEX,CD8.TEX,ITGA4_ITGB1,VCAM1,0.0126057542073659,0,ITGA4_ITGB1_VCAM1,VCAM1 - (ITGA4+ITGB1),VCAM,Cell-Cell Contact,KEGG: hsa04514
CD8.TPEX,CD8.TEX,ITGA4_ITGB1,VCAM1,0.0103748844632543,0,ITGA4_ITGB1_VCAM1,VCAM1 - (ITGA4+ITGB1),VCAM,Cell-Cell Contact,KEGG: hsa04514
Classical Mono-derived,CD8.TEX,ITGA4_ITGB1,VCAM1,0.00796299382990019,0,ITGA4_ITGB1_VCAM1,VCAM1 - (ITGA4+ITGB1),VCAM,Cell-Cell Contact,KEGG: hsa04514
IFN-stimulated,CD8.TEX,ITGA4_ITGB1,VCAM1,0.00577881734132625,0,ITGA4_ITGB1_VCAM1,VCAM1 - (ITGA4+ITGB1),VCAM,Cell-Cell Contact,KEGG: hsa04514
Inflammatory Mono-derived,CD8.TEX,ITGA4_ITGB1,VCAM1,0.0050446227528564,0,ITGA4_ITGB1_VCAM1,VCAM1 - (ITGA4+ITGB1),VCAM,Cell-Cell Contact,KEGG: hsa04514
Resident M2,CD8.TEX,ITGA4_ITGB1,VCAM1,0.00589134153296108,0,ITGA4_ITGB1_VCAM1,VCAM1 - (ITGA4+ITGB1),VCAM,Cell-Cell Contact,KEGG: hsa04514
Stress-response,CD8.TEX,ITGA4_ITGB1,VCAM1,0.00313348565119704,0,ITGA4_ITGB1_VCAM1,VCAM1 - (ITGA4+ITGB1),VCAM,Cell-Cell Contact,KEGG: hsa04514
CD8.CM,CD8.TPEX,ITGA4_ITGB1,VCAM1,0.00489339835591056,0,ITGA4_ITGB1_VCAM1,VCAM1 - (ITGA4+ITGB1),VCAM,Cell-Cell Contact,KEGG: hsa04514
CD8.EM,CD8.TPEX,ITGA4_ITGB1,VCAM1,0.00471587023175819,0,ITGA4_ITGB1_VCAM1,VCAM1 - (ITGA4+ITGB1),VCAM,Cell-Cell Contact,KEGG: hsa04514
CD8.NaiveLike,CD8.TPEX,ITGA4_ITGB1,VCAM1,0.00441525473951928,0,ITGA4_ITGB1_VCAM1,VCAM1 - (ITGA4+ITGB1),VCAM,Cell-Cell Contact,KEGG: hsa04514
CD8.TEMRA,CD8.TPEX,ITGA4_ITGB1,VCAM1,0.00740464527913373,0,ITGA4_ITGB1_VCAM1,VCAM1 - (ITGA4+ITGB1),VCAM,Cell-Cell Contact,KEGG: hsa04514
CD8.TEX,CD8.TPEX,ITGA4_ITGB1,VCAM1,0.0143164295765983,0,ITGA4_ITGB1_VCAM1,VCAM1 - (ITGA4+ITGB1),VCAM,Cell-Cell Contact,KEGG: hsa04514
CD8.TPEX,CD8.TPEX,ITGA4_ITGB1,VCAM1,0.0117864314247191,0,ITGA4_ITGB1_VCAM1,VCAM1 - (ITGA4+ITGB1),VCAM,Cell-Cell Contact,KEGG: hsa04514
Classical Mono-derived,CD8.TPEX,ITGA4_ITGB1,VCAM1,0.00904939352946333,0,ITGA4_ITGB1_VCAM1,VCAM1 - (ITGA4+ITGB1),VCAM,Cell-Cell Contact,KEGG: hsa04514
IFN-stimulated,CD8.TPEX,ITGA4_ITGB1,VCAM1,0.00656920079049783,0,ITGA4_ITGB1_VCAM1,VCAM1 - (ITGA4+ITGB1),VCAM,Cell-Cell Contact,KEGG: hsa04514
Inflammatory Mono-derived,CD8.TPEX,ITGA4_ITGB1,VCAM1,0.0057351678125688,0,ITGA4_ITGB1_VCAM1,VCAM1 - (ITGA4+ITGB1),VCAM,Cell-Cell Contact,KEGG: hsa04514
Resident M2,CD8.TPEX,ITGA4_ITGB1,VCAM1,0.00669701153259535,0,ITGA4_ITGB1_VCAM1,VCAM1 - (ITGA4+ITGB1),VCAM,Cell-Cell Contact,KEGG: hsa04514
Stress-response,CD8.TPEX,ITGA4_ITGB1,VCAM1,0.00356335714840281,0,ITGA4_ITGB1_VCAM1,VCAM1 - (ITGA4+ITGB1),VCAM,Cell-Cell Contact,KEGG: hsa04514
CD8.CM,CD8.TEX,ITGA4_ITGB7,VCAM1,0.00371494974149047,0,ITGA4_ITGB7_VCAM1,VCAM1 - (ITGA4+ITGB7),VCAM,Cell-Cell Contact,KEGG: hsa04514
CD8.TEMRA,CD8.TEX,ITGA4_ITGB7,VCAM1,0.00656424263778042,0,ITGA4_ITGB7_VCAM1,VCAM1 - (ITGA4+ITGB7),VCAM,Cell-Cell Contact,KEGG: hsa04514
CD8.TEX,CD8.TEX,ITGA4_ITGB7,VCAM1,0.00699325542558415,0,ITGA4_ITGB7_VCAM1,VCAM1 - (ITGA4+ITGB7),VCAM,Cell-Cell Contact,KEGG: hsa04514
CD8.TPEX,CD8.TEX,ITGA4_ITGB7,VCAM1,0.00605302490493959,0,ITGA4_ITGB7_VCAM1,VCAM1 - (ITGA4+ITGB7),VCAM,Cell-Cell Contact,KEGG: hsa04514
CD8.CM,CD8.TPEX,ITGA4_ITGB7,VCAM1,0.0042242521586182,0,ITGA4_ITGB7_VCAM1,VCAM1 - (ITGA4+ITGB7),VCAM,Cell-Cell Contact,KEGG: hsa04514
CD8.TEMRA,CD8.TPEX,ITGA4_ITGB7,VCAM1,0.0074612445092991,0,ITGA4_ITGB7_VCAM1,VCAM1 - (ITGA4+ITGB7),VCAM,Cell-Cell Contact,KEGG: hsa04514
CD8.TEX,CD8.TPEX,ITGA4_ITGB7,VCAM1,0.00794841272088631,0,ITGA4_ITGB7_VCAM1,VCAM1 - (ITGA4+ITGB7),VCAM,Cell-Cell Contact,KEGG: hsa04514
CD8.TPEX,CD8.TPEX,ITGA4_ITGB7,VCAM1,0.00688065286309729,0,ITGA4_ITGB7_VCAM1,VCAM1 - (ITGA4+ITGB7),VCAM,Cell-Cell Contact,KEGG: hsa04514
Inflammatory Mono-derived,Classical Mono-derived,ITGAV_ITGB1,ADGRE2,0.0048171280455913,0,ITGAV_ITGB1_ADGRE2,(ITGAV+ITGB1) - ADGRE2,ADGRE,Cell-Cell Contact,PMID: 31462748
Resident M2,Classical Mono-derived,ITGAV_ITGB1,ADGRE2,0.00474985340143839,0,ITGAV_ITGB1_ADGRE2,(ITGAV+ITGB1) - ADGRE2,ADGRE,Cell-Cell Contact,PMID: 31462748
Inflammatory Mono-derived,IFN-stimulated,ITGAV_ITGB1,ADGRE2,0.00330989998156484,0,ITGAV_ITGB1_ADGRE2,(ITGAV+ITGB1) - ADGRE2,ADGRE,Cell-Cell Contact,PMID: 31462748
Resident M2,IFN-stimulated,ITGAV_ITGB1,ADGRE2,0.00326360582724522,0,ITGAV_ITGB1_ADGRE2,(ITGAV+ITGB1) - ADGRE2,ADGRE,Cell-Cell Contact,PMID: 31462748
Inflammatory Mono-derived,Inflammatory Mono-derived,ITGAV_ITGB1,ADGRE2,0.00388326443598078,0,ITGAV_ITGB1_ADGRE2,(ITGAV+ITGB1) - ADGRE2,ADGRE,Cell-Cell Contact,PMID: 31462748
Resident M2,Inflammatory Mono-derived,ITGAV_ITGB1,ADGRE2,0.00382898168657184,0,ITGAV_ITGB1_ADGRE2,(ITGAV+ITGB1) - ADGRE2,ADGRE,Cell-Cell Contact,PMID: 31462748
Inflammatory Mono-derived,Resident M2,ITGAV_ITGB1,ADGRE2,0.00391678502518159,0,ITGAV_ITGB1_ADGRE2,(ITGAV+ITGB1) - ADGRE2,ADGRE,Cell-Cell Contact,PMID: 31462748
Resident M2,Resident M2,ITGAV_ITGB1,ADGRE2,0.00386203552027402,0,ITGAV_ITGB1_ADGRE2,(ITGAV+ITGB1) - ADGRE2,ADGRE,Cell-Cell Contact,PMID: 31462748
CD8.CM,CD8.CM,CD55,ADGRE5,0.0149423280262806,0,CD55_ADGRE5,CD55 - ADGRE5,ADGRE,Cell-Cell Contact,PMID: 31462748
CD8.MAIT,CD8.CM,CD55,ADGRE5,0.0343466827220754,0,CD55_ADGRE5,CD55 - ADGRE5,ADGRE,Cell-Cell Contact,PMID: 31462748
CD8.NaiveLike,CD8.CM,CD55,ADGRE5,0.0421742710030449,0,CD55_ADGRE5,CD55 - ADGRE5,ADGRE,Cell-Cell Contact,PMID: 31462748
Classical Mono-derived,CD8.CM,CD55,ADGRE5,0.020891435391646,0.02,CD55_ADGRE5,CD55 - ADGRE5,ADGRE,Cell-Cell Contact,PMID: 31462748
Inflammatory Mono-derived,CD8.CM,CD55,ADGRE5,0.0379495023355139,0,CD55_ADGRE5,CD55 - ADGRE5,ADGRE,Cell-Cell Contact,PMID: 31462748
Stress-response,CD8.CM,CD55,ADGRE5,0.0341254709522349,0,CD55_ADGRE5,CD55 - ADGRE5,ADGRE,Cell-Cell Contact,PMID: 31462748
CD8.CM,CD8.EM,CD55,ADGRE5,0.0137937772627777,0,CD55_ADGRE5,CD55 - ADGRE5,ADGRE,Cell-Cell Contact,PMID: 31462748
CD8.MAIT,CD8.EM,CD55,ADGRE5,0.0317546863331753,0,CD55_ADGRE5,CD55 - ADGRE5,ADGRE,Cell-Cell Contact,PMID: 31462748
CD8.NaiveLike,CD8.EM,CD55,ADGRE5,0.0390154269177419,0,CD55_ADGRE5,CD55 - ADGRE5,ADGRE,Cell-Cell Contact,PMID: 31462748
Classical Mono-derived,CD8.EM,CD55,ADGRE5,0.0192945599029398,0.03,CD55_ADGRE5,CD55 - ADGRE5,ADGRE,Cell-Cell Contact,PMID: 31462748
Inflammatory Mono-derived,CD8.EM,CD55,ADGRE5,0.035095498135982,0,CD55_ADGRE5,CD55 - ADGRE5,ADGRE,Cell-Cell Contact,PMID: 31462748
Stress-response,CD8.EM,CD55,ADGRE5,0.0315496230443457,0,CD55_ADGRE5,CD55 - ADGRE5,ADGRE,Cell-Cell Contact,PMID: 31462748
CD8.CM,CD8.MAIT,CD55,ADGRE5,0.0152470456470611,0,CD55_ADGRE5,CD55 - ADGRE5,ADGRE,Cell-Cell Contact,PMID: 31462748
CD8.MAIT,CD8.MAIT,CD55,ADGRE5,0.0350330384346992,0,CD55_ADGRE5,CD55 - ADGRE5,ADGRE,Cell-Cell Contact,PMID: 31462748
CD8.NaiveLike,CD8.MAIT,CD55,ADGRE5,0.0430100798387964,0,CD55_ADGRE5,CD55 - ADGRE5,ADGRE,Cell-Cell Contact,PMID: 31462748
Classical Mono-derived,CD8.MAIT,CD55,ADGRE5,0.0213148475162,0.03,CD55_ADGRE5,CD55 - ADGRE5,ADGRE,Cell-Cell Contact,PMID: 31462748
Inflammatory Mono-derived,CD8.MAIT,CD55,ADGRE5,0.0387049681083482,0,CD55_ADGRE5,CD55 - ADGRE5,ADGRE,Cell-Cell Contact,PMID: 31462748
Stress-response,CD8.MAIT,CD55,ADGRE5,0.0348075654918334,0,CD55_ADGRE5,CD55 - ADGRE5,ADGRE,Cell-Cell Contact,PMID: 31462748
CD8.CM,CD8.TEMRA,CD55,ADGRE5,0.0156251805735646,0.04,CD55_ADGRE5,CD55 - ADGRE5,ADGRE,Cell-Cell Contact,PMID: 31462748
CD8.MAIT,CD8.TEMRA,CD55,ADGRE5,0.0358839955899664,0,CD55_ADGRE5,CD55 - ADGRE5,ADGRE,Cell-Cell Contact,PMID: 31462748
CD8.NaiveLike,CD8.TEMRA,CD55,ADGRE5,0.0440459560509516,0,CD55_ADGRE5,CD55 - ADGRE5,ADGRE,Cell-Cell Contact,PMID: 31462748
Classical Mono-derived,CD8.TEMRA,CD55,ADGRE5,0.0218401296968562,0.02,CD55_ADGRE5,CD55 - ADGRE5,ADGRE,Cell-Cell Contact,PMID: 31462748
Inflammatory Mono-derived,CD8.TEMRA,CD55,ADGRE5,0.0396414528731913,0,CD55_ADGRE5,CD55 - ADGRE5,ADGRE,Cell-Cell Contact,PMID: 31462748
Stress-response,CD8.TEMRA,CD55,ADGRE5,0.0356532482330013,0,CD55_ADGRE5,CD55 - ADGRE5,ADGRE,Cell-Cell Contact,PMID: 31462748
CD8.CM,CD8.TEX,CD55,ADGRE5,0.0164471587024281,0,CD55_ADGRE5,CD55 - ADGRE5,ADGRE,Cell-Cell Contact,PMID: 31462748
CD8.MAIT,CD8.TEX,CD55,ADGRE5,0.0377308594066056,0,CD55_ADGRE5,CD55 - ADGRE5,ADGRE,Cell-Cell Contact,PMID: 31462748
CD8.NaiveLike,CD8.TEX,CD55,ADGRE5,0.0462927262548699,0,CD55_ADGRE5,CD55 - ADGRE5,ADGRE,Cell-Cell Contact,PMID: 31462748
CD8.TPEX,CD8.TEX,CD55,ADGRE5,0.0143356807578911,0.01,CD55_ADGRE5,CD55 - ADGRE5,ADGRE,Cell-Cell Contact,PMID: 31462748
Classical Mono-derived,CD8.TEX,CD55,ADGRE5,0.0229814184991862,0.02,CD55_ADGRE5,CD55 - ADGRE5,ADGRE,Cell-Cell Contact,PMID: 31462748
Inflammatory Mono-derived,CD8.TEX,CD55,ADGRE5,0.0416733450147284,0,CD55_ADGRE5,CD55 - ADGRE5,ADGRE,Cell-Cell Contact,PMID: 31462748
Resident M2,CD8.TEX,CD55,ADGRE5,0.0137218550118711,0.03,CD55_ADGRE5,CD55 - ADGRE5,ADGRE,Cell-Cell Contact,PMID: 31462748
Stress-response,CD8.TEX,CD55,ADGRE5,0.0374886978197498,0,CD55_ADGRE5,CD55 - ADGRE5,ADGRE,Cell-Cell Contact,PMID: 31462748
CD8.CM,CD8.TPEX,CD55,ADGRE5,0.0236332281927903,0,CD55_ADGRE5,CD55 - ADGRE5,ADGRE,Cell-Cell Contact,PMID: 31462748
CD8.MAIT,CD8.TPEX,CD55,ADGRE5,0.0537083743633451,0,CD55_ADGRE5,CD55 - ADGRE5,ADGRE,Cell-Cell Contact,PMID: 31462748
CD8.NaiveLike,CD8.TPEX,CD55,ADGRE5,0.0656485020422895,0,CD55_ADGRE5,CD55 - ADGRE5,ADGRE,Cell-Cell Contact,PMID: 31462748
CD8.TPEX,CD8.TPEX,CD55,ADGRE5,0.0206185458657631,0,CD55_ADGRE5,CD55 - ADGRE5,ADGRE,Cell-Cell Contact,PMID: 31462748
Classical Mono-derived,CD8.TPEX,CD55,ADGRE5,0.0329268514781018,0.01,CD55_ADGRE5,CD55 - ADGRE5,ADGRE,Cell-Cell Contact,PMID: 31462748
IFN-stimulated,CD8.TPEX,CD55,ADGRE5,0.016520560960876,0.02,CD55_ADGRE5,CD55 - ADGRE5,ADGRE,Cell-Cell Contact,PMID: 31462748
Inflammatory Mono-derived,CD8.TPEX,CD55,ADGRE5,0.0592176060938592,0,CD55_ADGRE5,CD55 - ADGRE5,ADGRE,Cell-Cell Contact,PMID: 31462748
Proliferating,CD8.TPEX,CD55,ADGRE5,0.0161694199677312,0.01,CD55_ADGRE5,CD55 - ADGRE5,ADGRE,Cell-Cell Contact,PMID: 31462748
Resident M2,CD8.TPEX,CD55,ADGRE5,0.0197410881402555,0,CD55_ADGRE5,CD55 - ADGRE5,ADGRE,Cell-Cell Contact,PMID: 31462748
Stress-response,CD8.TPEX,CD55,ADGRE5,0.0533693543895622,0,CD55_ADGRE5,CD55 - ADGRE5,ADGRE,Cell-Cell Contact,PMID: 31462748
CD8.CM,IFN-stimulated,CD55,ADGRE5,0.0178741137983429,0.01,CD55_ADGRE5,CD55 - ADGRE5,ADGRE,Cell-Cell Contact,PMID: 31462748
CD8.MAIT,IFN-stimulated,CD55,ADGRE5,0.0409275483545925,0,CD55_ADGRE5,CD55 - ADGRE5,ADGRE,Cell-Cell Contact,PMID: 31462748
CD8.NaiveLike,IFN-stimulated,CD55,ADGRE5,0.0501769810809042,0,CD55_ADGRE5,CD55 - ADGRE5,ADGRE,Cell-Cell Contact,PMID: 31462748
Classical Mono-derived,IFN-stimulated,CD55,ADGRE5,0.0249608985507022,0.02,CD55_ADGRE5,CD55 - ADGRE5,ADGRE,Cell-Cell Contact,PMID: 31462748
Inflammatory Mono-derived,IFN-stimulated,CD55,ADGRE5,0.0451883692832405,0,CD55_ADGRE5,CD55 - ADGRE5,ADGRE,Cell-Cell Contact,PMID: 31462748
Stress-response,IFN-stimulated,CD55,ADGRE5,0.0406657370440587,0,CD55_ADGRE5,CD55 - ADGRE5,ADGRE,Cell-Cell Contact,PMID: 31462748
CD8.MAIT,Inflammatory Mono-derived,CD55,ADGRE5,0.0240248909511469,0,CD55_ADGRE5,CD55 - ADGRE5,ADGRE,Cell-Cell Contact,PMID: 31462748
CD8.NaiveLike,Inflammatory Mono-derived,CD55,ADGRE5,0.0295721869173335,0,CD55_ADGRE5,CD55 - ADGRE5,ADGRE,Cell-Cell Contact,PMID: 31462748
Inflammatory Mono-derived,Inflammatory Mono-derived,CD55,ADGRE5,0.0265747951480226,0,CD55_ADGRE5,CD55 - ADGRE5,ADGRE,Cell-Cell Contact,PMID: 31462748
Stress-response,Inflammatory Mono-derived,CD55,ADGRE5,0.0238685140994904,0,CD55_ADGRE5,CD55 - ADGRE5,ADGRE,Cell-Cell Contact,PMID: 31462748
CD8.NaiveLike,Proliferating,CD55,ADGRE5,0.0174545618974714,0,CD55_ADGRE5,CD55 - ADGRE5,ADGRE,Cell-Cell Contact,PMID: 31462748
Inflammatory Mono-derived,Proliferating,CD55,ADGRE5,0.0156655669635668,0.02,CD55_ADGRE5,CD55 - ADGRE5,ADGRE,Cell-Cell Contact,PMID: 31462748
CD8.MAIT,Stress-response,CD55,ADGRE5,0.0309765529998354,0,CD55_ADGRE5,CD55 - ADGRE5,ADGRE,Cell-Cell Contact,PMID: 31462748
CD8.NaiveLike,Stress-response,CD55,ADGRE5,0.0380663675508528,0,CD55_ADGRE5,CD55 - ADGRE5,ADGRE,Cell-Cell Contact,PMID: 31462748
Classical Mono-derived,Stress-response,CD55,ADGRE5,0.0188158225432927,0.03,CD55_ADGRE5,CD55 - ADGRE5,ADGRE,Cell-Cell Contact,PMID: 31462748
Inflammatory Mono-derived,Stress-response,CD55,ADGRE5,0.0342383946652309,0,CD55_ADGRE5,CD55 - ADGRE5,ADGRE,Cell-Cell Contact,PMID: 31462748
Stress-response,Stress-response,CD55,ADGRE5,0.0307763549659613,0,CD55_ADGRE5,CD55 - ADGRE5,ADGRE,Cell-Cell Contact,PMID: 31462748
Inflammatory Mono-derived,CD8.CM,ITGAV_ITGB1,ADGRE5,0.0164754068275175,0,ITGAV_ITGB1_ADGRE5,(ITGAV+ITGB1) - ADGRE5,ADGRE,Cell-Cell Contact,PMID: 31462748
Resident M2,CD8.CM,ITGAV_ITGB1,ADGRE5,0.0162479742069117,0,ITGAV_ITGB1_ADGRE5,(ITGAV+ITGB1) - ADGRE5,ADGRE,Cell-Cell Contact,PMID: 31462748
Inflammatory Mono-derived,CD8.EM,ITGAV_ITGB1,ADGRE5,0.0152108347170392,0,ITGAV_ITGB1_ADGRE5,(ITGAV+ITGB1) - ADGRE5,ADGRE,Cell-Cell Contact,PMID: 31462748
Resident M2,CD8.EM,ITGAV_ITGB1,ADGRE5,0.0150005924722314,0,ITGAV_ITGB1_ADGRE5,(ITGAV+ITGB1) - ADGRE5,ADGRE,Cell-Cell Contact,PMID: 31462748
Inflammatory Mono-derived,CD8.MAIT,ITGAV_ITGB1,ADGRE5,0.0168108548474467,0,ITGAV_ITGB1_ADGRE5,(ITGAV+ITGB1) - ADGRE5,ADGRE,Cell-Cell Contact,PMID: 31462748
Resident M2,CD8.MAIT,ITGAV_ITGB1,ADGRE5,0.0165788696350197,0,ITGAV_ITGB1_ADGRE5,(ITGAV+ITGB1) - ADGRE5,ADGRE,Cell-Cell Contact,PMID: 31462748
Inflammatory Mono-derived,CD8.NaiveLike,ITGAV_ITGB1,ADGRE5,0.00483504650093112,0,ITGAV_ITGB1_ADGRE5,(ITGAV+ITGB1) - ADGRE5,ADGRE,Cell-Cell Contact,PMID: 31462748
Resident M2,CD8.NaiveLike,ITGAV_ITGB1,ADGRE5,0.00476752281153175,0,ITGAV_ITGB1_ADGRE5,(ITGAV+ITGB1) - ADGRE5,ADGRE,Cell-Cell Contact,PMID: 31462748
Inflammatory Mono-derived,CD8.TEMRA,ITGAV_ITGB1,ADGRE5,0.0172270946142167,0,ITGAV_ITGB1_ADGRE5,(ITGAV+ITGB1) - ADGRE5,ADGRE,Cell-Cell Contact,PMID: 31462748
Resident M2,CD8.TEMRA,ITGAV_ITGB1,ADGRE5,0.016989464662503,0,ITGAV_ITGB1_ADGRE5,(ITGAV+ITGB1) - ADGRE5,ADGRE,Cell-Cell Contact,PMID: 31462748
Inflammatory Mono-derived,CD8.TEX,ITGAV_ITGB1,ADGRE5,0.0181317907959216,0,ITGAV_ITGB1_ADGRE5,(ITGAV+ITGB1) - ADGRE5,ADGRE,Cell-Cell Contact,PMID: 31462748
Resident M2,CD8.TEX,ITGAV_ITGB1,ADGRE5,0.0178819085623882,0,ITGAV_ITGB1_ADGRE5,(ITGAV+ITGB1) - ADGRE5,ADGRE,Cell-Cell Contact,PMID: 31462748
Inflammatory Mono-derived,CD8.TPEX,ITGAV_ITGB1,ADGRE5,0.0260344243732335,0,ITGAV_ITGB1_ADGRE5,(ITGAV+ITGB1) - ADGRE5,ADGRE,Cell-Cell Contact,PMID: 31462748
Resident M2,CD8.TPEX,ITGAV_ITGB1,ADGRE5,0.0256784807287175,0,ITGAV_ITGB1_ADGRE5,(ITGAV+ITGB1) - ADGRE5,ADGRE,Cell-Cell Contact,PMID: 31462748
Inflammatory Mono-derived,Classical Mono-derived,ITGAV_ITGB1,ADGRE5,0.00407385108340755,0,ITGAV_ITGB1_ADGRE5,(ITGAV+ITGB1) - ADGRE5,ADGRE,Cell-Cell Contact,PMID: 31462748
Resident M2,Classical Mono-derived,ITGAV_ITGB1,ADGRE5,0.00401691493551844,0,ITGAV_ITGB1_ADGRE5,(ITGAV+ITGB1) - ADGRE5,ADGRE,Cell-Cell Contact,PMID: 31462748
Inflammatory Mono-derived,IFN-stimulated,ITGAV_ITGB1,ADGRE5,0.0197019767644124,0,ITGAV_ITGB1_ADGRE5,(ITGAV+ITGB1) - ADGRE5,ADGRE,Cell-Cell Contact,PMID: 31462748
Resident M2,IFN-stimulated,ITGAV_ITGB1,ADGRE5,0.0194308833410474,0,ITGAV_ITGB1_ADGRE5,(ITGAV+ITGB1) - ADGRE5,ADGRE,Cell-Cell Contact,PMID: 31462748
Inflammatory Mono-derived,Inflammatory Mono-derived,ITGAV_ITGB1,ADGRE5,0.0114605132334001,0,ITGAV_ITGB1_ADGRE5,(ITGAV+ITGB1) - ADGRE5,ADGRE,Cell-Cell Contact,PMID: 31462748
Resident M2,Inflammatory Mono-derived,ITGAV_ITGB1,ADGRE5,0.0113015125814151,0,ITGAV_ITGB1_ADGRE5,(ITGAV+ITGB1) - ADGRE5,ADGRE,Cell-Cell Contact,PMID: 31462748
Inflammatory Mono-derived,Lipid-associated,ITGAV_ITGB1,ADGRE5,0.00450009113802526,0,ITGAV_ITGB1_ADGRE5,(ITGAV+ITGB1) - ADGRE5,ADGRE,Cell-Cell Contact,PMID: 31462748
Resident M2,Lipid-associated,ITGAV_ITGB1,ADGRE5,0.0044372243998488,0,ITGAV_ITGB1_ADGRE5,(ITGAV+ITGB1) - ADGRE5,ADGRE,Cell-Cell Contact,PMID: 31462748
Inflammatory Mono-derived,Proliferating,ITGAV_ITGB1,ADGRE5,0.00671306527271613,0,ITGAV_ITGB1_ADGRE5,(ITGAV+ITGB1) - ADGRE5,ADGRE,Cell-Cell Contact,PMID: 31462748
Resident M2,Proliferating,ITGAV_ITGB1,ADGRE5,0.00661948862695242,0,ITGAV_ITGB1_ADGRE5,(ITGAV+ITGB1) - ADGRE5,ADGRE,Cell-Cell Contact,PMID: 31462748
Inflammatory Mono-derived,Resident M2,ITGAV_ITGB1,ADGRE5,0.00397901925848044,0,ITGAV_ITGB1_ADGRE5,(ITGAV+ITGB1) - ADGRE5,ADGRE,Cell-Cell Contact,PMID: 31462748
Resident M2,Resident M2,ITGAV_ITGB1,ADGRE5,0.00392340325906599,0,ITGAV_ITGB1_ADGRE5,(ITGAV+ITGB1) - ADGRE5,ADGRE,Cell-Cell Contact,PMID: 31462748
Inflammatory Mono-derived,Stress-response,ITGAV_ITGB1,ADGRE5,0.0148318904864816,0,ITGAV_ITGB1_ADGRE5,(ITGAV+ITGB1) - ADGRE5,ADGRE,Cell-Cell Contact,PMID: 31462748
Resident M2,Stress-response,ITGAV_ITGB1,ADGRE5,0.0146268081667424,0,ITGAV_ITGB1_ADGRE5,(ITGAV+ITGB1) - ADGRE5,ADGRE,Cell-Cell Contact,PMID: 31462748
Classical Mono-derived,CD8.MAIT,APP,SORL1,0.00185430543659577,0,APP_SORL1,APP - SORL1,APP,Cell-Cell Contact,PMID: 24523320
IFN-stimulated,CD8.MAIT,APP,SORL1,0.00158204553375328,0,APP_SORL1,APP - SORL1,APP,Cell-Cell Contact,PMID: 24523320
Inflammatory Mono-derived,CD8.MAIT,APP,SORL1,0.00198685622166529,0,APP_SORL1,APP - SORL1,APP,Cell-Cell Contact,PMID: 24523320
Resident M2,CD8.MAIT,APP,SORL1,0.00171302115169332,0,APP_SORL1,APP - SORL1,APP,Cell-Cell Contact,PMID: 24523320
Classical Mono-derived,CD8.NaiveLike,APP,SORL1,0.00236642131916063,0,APP_SORL1,APP - SORL1,APP,Cell-Cell Contact,PMID: 24523320
IFN-stimulated,CD8.NaiveLike,APP,SORL1,0.00201912168913328,0,APP_SORL1,APP - SORL1,APP,Cell-Cell Contact,PMID: 24523320
Inflammatory Mono-derived,CD8.NaiveLike,APP,SORL1,0.00253548654727806,0,APP_SORL1,APP - SORL1,APP,Cell-Cell Contact,PMID: 24523320
Resident M2,CD8.NaiveLike,APP,SORL1,0.00218620307516232,0,APP_SORL1,APP - SORL1,APP,Cell-Cell Contact,PMID: 24523320
Classical Mono-derived,Classical Mono-derived,APP,SORL1,0.00156952648856761,0,APP_SORL1,APP - SORL1,APP,Cell-Cell Contact,PMID: 24523320
IFN-stimulated,Classical Mono-derived,APP,SORL1,0.00133902339376318,0,APP_SORL1,APP - SORL1,APP,Cell-Cell Contact,PMID: 24523320
Inflammatory Mono-derived,Classical Mono-derived,APP,SORL1,0.00168175480026036,0,APP_SORL1,APP - SORL1,APP,Cell-Cell Contact,PMID: 24523320
Resident M2,Classical Mono-derived,APP,SORL1,0.00144990872315344,0,APP_SORL1,APP - SORL1,APP,Cell-Cell Contact,PMID: 24523320
Classical Mono-derived,IFN-stimulated,APP,SORL1,0.00206891067323512,0,APP_SORL1,APP - SORL1,APP,Cell-Cell Contact,PMID: 24523320
IFN-stimulated,IFN-stimulated,APP,SORL1,0.00176519690605646,0,APP_SORL1,APP - SORL1,APP,Cell-Cell Contact,PMID: 24523320
Inflammatory Mono-derived,IFN-stimulated,APP,SORL1,0.00221676795339612,0,APP_SORL1,APP - SORL1,APP,Cell-Cell Contact,PMID: 24523320
Resident M2,IFN-stimulated,APP,SORL1,0.0019113063756395,0,APP_SORL1,APP - SORL1,APP,Cell-Cell Contact,PMID: 24523320
Classical Mono-derived,Inflammatory Mono-derived,APP,SORL1,0.0023554675409535,0,APP_SORL1,APP - SORL1,APP,Cell-Cell Contact,PMID: 24523320
IFN-stimulated,Inflammatory Mono-derived,APP,SORL1,0.00200977226569169,0,APP_SORL1,APP - SORL1,APP,Cell-Cell Contact,PMID: 24523320
Inflammatory Mono-derived,Inflammatory Mono-derived,APP,SORL1,0.0025237521734239,0,APP_SORL1,APP - SORL1,APP,Cell-Cell Contact,PMID: 24523320
Resident M2,Inflammatory Mono-derived,APP,SORL1,0.00217608167820912,0,APP_SORL1,APP - SORL1,APP,Cell-Cell Contact,PMID: 24523320
Classical Mono-derived,Resident M2,APP,SORL1,0.00190550821855132,0,APP_SORL1,APP - SORL1,APP,Cell-Cell Contact,PMID: 24523320
IFN-stimulated,Resident M2,APP,SORL1,0.00162574267049278,0,APP_SORL1,APP - SORL1,APP,Cell-Cell Contact,PMID: 24523320
Inflammatory Mono-derived,Resident M2,APP,SORL1,0.00204171163065624,0,APP_SORL1,APP - SORL1,APP,Cell-Cell Contact,PMID: 24523320
Resident M2,Resident M2,APP,SORL1,0.0017603295427096,0,APP_SORL1,APP - SORL1,APP,Cell-Cell Contact,PMID: 24523320
Classical Mono-derived,Classical Mono-derived,APP,TREM2_TYROBP,0.00689444478291679,0,APP_TREM2_TYROBP,APP - (TREM2+TYROBP),APP,Cell-Cell Contact,PMID:27477013
IFN-stimulated,Classical Mono-derived,APP,TREM2_TYROBP,0.00588652657920941,0,APP_TREM2_TYROBP,APP - (TREM2+TYROBP),APP,Cell-Cell Contact,PMID:27477013
Inflammatory Mono-derived,Classical Mono-derived,APP,TREM2_TYROBP,0.00738461291512161,0,APP_TREM2_TYROBP,APP - (TREM2+TYROBP),APP,Cell-Cell Contact,PMID:27477013
Resident M2,Classical Mono-derived,APP,TREM2_TYROBP,0.00637159073145417,0,APP_TREM2_TYROBP,APP - (TREM2+TYROBP),APP,Cell-Cell Contact,PMID:27477013
Classical Mono-derived,Inflammatory Mono-derived,APP,TREM2_TYROBP,0.00852317187614741,0,APP_TREM2_TYROBP,APP - (TREM2+TYROBP),APP,Cell-Cell Contact,PMID:27477013
IFN-stimulated,Inflammatory Mono-derived,APP,TREM2_TYROBP,0.00727889068991431,0,APP_TREM2_TYROBP,APP - (TREM2+TYROBP),APP,Cell-Cell Contact,PMID:27477013
Inflammatory Mono-derived,Inflammatory Mono-derived,APP,TREM2_TYROBP,0.00912807181830995,0,APP_TREM2_TYROBP,APP - (TREM2+TYROBP),APP,Cell-Cell Contact,PMID:27477013
Resident M2,Inflammatory Mono-derived,APP,TREM2_TYROBP,0.00787777983919842,0,APP_TREM2_TYROBP,APP - (TREM2+TYROBP),APP,Cell-Cell Contact,PMID:27477013
Classical Mono-derived,Lipid-associated,APP,TREM2_TYROBP,0.0154762969743738,0,APP_TREM2_TYROBP,APP - (TREM2+TYROBP),APP,Cell-Cell Contact,PMID:27477013
IFN-stimulated,Lipid-associated,APP,TREM2_TYROBP,0.0132304880214751,0,APP_TREM2_TYROBP,APP - (TREM2+TYROBP),APP,Cell-Cell Contact,PMID:27477013
Inflammatory Mono-derived,Lipid-associated,APP,TREM2_TYROBP,0.0165664233775987,0,APP_TREM2_TYROBP,APP - (TREM2+TYROBP),APP,Cell-Cell Contact,PMID:27477013
Resident M2,Lipid-associated,APP,TREM2_TYROBP,0.0143120001742455,0,APP_TREM2_TYROBP,APP - (TREM2+TYROBP),APP,Cell-Cell Contact,PMID:27477013
Classical Mono-derived,Proliferating,APP,TREM2_TYROBP,0.00857636835634185,0,APP_TREM2_TYROBP,APP - (TREM2+TYROBP),APP,Cell-Cell Contact,PMID:27477013
IFN-stimulated,Proliferating,APP,TREM2_TYROBP,0.00732437849051484,0,APP_TREM2_TYROBP,APP - (TREM2+TYROBP),APP,Cell-Cell Contact,PMID:27477013
Inflammatory Mono-derived,Proliferating,APP,TREM2_TYROBP,0.00918500874246671,0,APP_TREM2_TYROBP,APP - (TREM2+TYROBP),APP,Cell-Cell Contact,PMID:27477013
Resident M2,Proliferating,APP,TREM2_TYROBP,0.00792698037845357,0,APP_TREM2_TYROBP,APP - (TREM2+TYROBP),APP,Cell-Cell Contact,PMID:27477013
Classical Mono-derived,Resident M2,APP,TREM2_TYROBP,0.00675652367868402,0,APP_TREM2_TYROBP,APP - (TREM2+TYROBP),APP,Cell-Cell Contact,PMID:27477013
IFN-stimulated,Resident M2,APP,TREM2_TYROBP,0.00576865142648843,0,APP_TREM2_TYROBP,APP - (TREM2+TYROBP),APP,Cell-Cell Contact,PMID:27477013
Inflammatory Mono-derived,Resident M2,APP,TREM2_TYROBP,0.00723695761408025,0,APP_TREM2_TYROBP,APP - (TREM2+TYROBP),APP,Cell-Cell Contact,PMID:27477013
Resident M2,Resident M2,APP,TREM2_TYROBP,0.00624406338752231,0,APP_TREM2_TYROBP,APP - (TREM2+TYROBP),APP,Cell-Cell Contact,PMID:27477013
Classical Mono-derived,Stress-response,APP,TREM2_TYROBP,0.0105566118073942,0,APP_TREM2_TYROBP,APP - (TREM2+TYROBP),APP,Cell-Cell Contact,PMID:27477013
IFN-stimulated,Stress-response,APP,TREM2_TYROBP,0.00901817283378653,0,APP_TREM2_TYROBP,APP - (TREM2+TYROBP),APP,Cell-Cell Contact,PMID:27477013
Inflammatory Mono-derived,Stress-response,APP,TREM2_TYROBP,0.0113041820756498,0,APP_TREM2_TYROBP,APP - (TREM2+TYROBP),APP,Cell-Cell Contact,PMID:27477013
Resident M2,Stress-response,APP,TREM2_TYROBP,0.00975875906685321,0,APP_TREM2_TYROBP,APP - (TREM2+TYROBP),APP,Cell-Cell Contact,PMID:27477013
IFN-stimulated,Classical Mono-derived,APOE,TREM2_TYROBP,0.0013333979306691,0,APOE_TREM2_TYROBP,APOE - TREM2,ApoE,Cell-Cell Contact,uniprot;PMID:27477015
Inflammatory Mono-derived,Classical Mono-derived,APOE,TREM2_TYROBP,0.00837322972712074,0,APOE_TREM2_TYROBP,APOE - TREM2,ApoE,Cell-Cell Contact,uniprot;PMID:27477015
Lipid-associated,Classical Mono-derived,APOE,TREM2_TYROBP,0.108586601563391,0,APOE_TREM2_TYROBP,APOE - TREM2,ApoE,Cell-Cell Contact,uniprot;PMID:27477015
Proliferating,Classical Mono-derived,APOE,TREM2_TYROBP,0.112959966587928,0,APOE_TREM2_TYROBP,APOE - TREM2,ApoE,Cell-Cell Contact,uniprot;PMID:27477015
Resident M2,Classical Mono-derived,APOE,TREM2_TYROBP,0.0322163037241405,0,APOE_TREM2_TYROBP,APOE - TREM2,ApoE,Cell-Cell Contact,uniprot;PMID:27477015
Stress-response,Classical Mono-derived,APOE,TREM2_TYROBP,0.108947996005365,0,APOE_TREM2_TYROBP,APOE - TREM2,ApoE,Cell-Cell Contact,uniprot;PMID:27477015
IFN-stimulated,Inflammatory Mono-derived,APOE,TREM2_TYROBP,0.00165058012623167,0,APOE_TREM2_TYROBP,APOE - TREM2,ApoE,Cell-Cell Contact,uniprot;PMID:27477015
Inflammatory Mono-derived,Inflammatory Mono-derived,APOE,TREM2_TYROBP,0.0103476614319613,0,APOE_TREM2_TYROBP,APOE - TREM2,ApoE,Cell-Cell Contact,uniprot;PMID:27477015
Lipid-associated,Inflammatory Mono-derived,APOE,TREM2_TYROBP,0.131068260579013,0,APOE_TREM2_TYROBP,APOE - TREM2,ApoE,Cell-Cell Contact,uniprot;PMID:27477015
Proliferating,Inflammatory Mono-derived,APOE,TREM2_TYROBP,0.136208728022607,0,APOE_TREM2_TYROBP,APOE - TREM2,ApoE,Cell-Cell Contact,uniprot;PMID:27477015
Resident M2,Inflammatory Mono-derived,APOE,TREM2_TYROBP,0.0395885442659012,0,APOE_TREM2_TYROBP,APOE - TREM2,ApoE,Cell-Cell Contact,uniprot;PMID:27477015
Stress-response,Inflammatory Mono-derived,APOE,TREM2_TYROBP,0.131493440566994,0,APOE_TREM2_TYROBP,APOE - TREM2,ApoE,Cell-Cell Contact,uniprot;PMID:27477015
IFN-stimulated,Lipid-associated,APOE,TREM2_TYROBP,0.00301415259898948,0,APOE_TREM2_TYROBP,APOE - TREM2,ApoE,Cell-Cell Contact,uniprot;PMID:27477015
Inflammatory Mono-derived,Lipid-associated,APOE,TREM2_TYROBP,0.0187610243136643,0,APOE_TREM2_TYROBP,APOE - TREM2,ApoE,Cell-Cell Contact,uniprot;PMID:27477015
Lipid-associated,Lipid-associated,APOE,TREM2_TYROBP,0.216193618532367,0,APOE_TREM2_TYROBP,APOE - TREM2,ApoE,Cell-Cell Contact,uniprot;PMID:27477015
Proliferating,Lipid-associated,APOE,TREM2_TYROBP,0.223812753011293,0,APOE_TREM2_TYROBP,APOE - TREM2,ApoE,Cell-Cell Contact,uniprot;PMID:27477015
Resident M2,Lipid-associated,APOE,TREM2_TYROBP,0.0700928904291076,0,APOE_TREM2_TYROBP,APOE - TREM2,ApoE,Cell-Cell Contact,uniprot;PMID:27477015
Stress-response,Lipid-associated,APOE,TREM2_TYROBP,0.216826035172983,0,APOE_TREM2_TYROBP,APOE - TREM2,ApoE,Cell-Cell Contact,uniprot;PMID:27477015
IFN-stimulated,Proliferating,APOE,TREM2_TYROBP,0.0016609539067095,0,APOE_TREM2_TYROBP,APOE - TREM2,ApoE,Cell-Cell Contact,uniprot;PMID:27477015
Inflammatory Mono-derived,Proliferating,APOE,TREM2_TYROBP,0.0104121256858197,0,APOE_TREM2_TYROBP,APOE - TREM2,ApoE,Cell-Cell Contact,uniprot;PMID:27477015
Lipid-associated,Proliferating,APOE,TREM2_TYROBP,0.13178464706049,0,APOE_TREM2_TYROBP,APOE - TREM2,ApoE,Cell-Cell Contact,uniprot;PMID:27477015
Proliferating,Proliferating,APOE,TREM2_TYROBP,0.136948782842327,0,APOE_TREM2_TYROBP,APOE - TREM2,ApoE,Cell-Cell Contact,uniprot;PMID:27477015
Resident M2,Proliferating,APOE,TREM2_TYROBP,0.0398278433437558,0,APOE_TREM2_TYROBP,APOE - TREM2,ApoE,Cell-Cell Contact,uniprot;PMID:27477015
Stress-response,Proliferating,APOE,TREM2_TYROBP,0.132211797380541,0,APOE_TREM2_TYROBP,APOE - TREM2,ApoE,Cell-Cell Contact,uniprot;PMID:27477015
IFN-stimulated,Resident M2,APOE,TREM2_TYROBP,0.00130657738107194,0,APOE_TREM2_TYROBP,APOE - TREM2,ApoE,Cell-Cell Contact,uniprot;PMID:27477015
Inflammatory Mono-derived,Resident M2,APOE,TREM2_TYROBP,0.00820597045488227,0,APOE_TREM2_TYROBP,APOE - TREM2,ApoE,Cell-Cell Contact,uniprot;PMID:27477015
Lipid-associated,Resident M2,APOE,TREM2_TYROBP,0.106632793244572,0,APOE_TREM2_TYROBP,APOE - TREM2,ApoE,Cell-Cell Contact,uniprot;PMID:27477015
Proliferating,Resident M2,APOE,TREM2_TYROBP,0.110937261015175,0,APOE_TREM2_TYROBP,APOE - TREM2,ApoE,Cell-Cell Contact,uniprot;PMID:27477015
Resident M2,Resident M2,APOE,TREM2_TYROBP,0.0315879392734342,0,APOE_TREM2_TYROBP,APOE - TREM2,ApoE,Cell-Cell Contact,uniprot;PMID:27477015
Stress-response,Resident M2,APOE,TREM2_TYROBP,0.106988465534229,0,APOE_TREM2_TYROBP,APOE - TREM2,ApoE,Cell-Cell Contact,uniprot;PMID:27477015
IFN-stimulated,Stress-response,APOE,TREM2_TYROBP,0.00204775843318639,0,APOE_TREM2_TYROBP,APOE - TREM2,ApoE,Cell-Cell Contact,uniprot;PMID:27477015
Inflammatory Mono-derived,Stress-response,APOE,TREM2_TYROBP,0.0128107598999896,0,APOE_TREM2_TYROBP,APOE - TREM2,ApoE,Cell-Cell Contact,uniprot;PMID:27477015
Lipid-associated,Stress-response,APOE,TREM2_TYROBP,0.157688349041823,0,APOE_TREM2_TYROBP,APOE - TREM2,ApoE,Cell-Cell Contact,uniprot;PMID:27477015
Proliferating,Stress-response,APOE,TREM2_TYROBP,0.163676191046525,0,APOE_TREM2_TYROBP,APOE - TREM2,ApoE,Cell-Cell Contact,uniprot;PMID:27477015
Resident M2,Stress-response,APOE,TREM2_TYROBP,0.0486696769813271,0,APOE_TREM2_TYROBP,APOE - TREM2,ApoE,Cell-Cell Contact,uniprot;PMID:27477015
Stress-response,Stress-response,APOE,TREM2_TYROBP,0.15818416314352,0,APOE_TREM2_TYROBP,APOE - TREM2,ApoE,Cell-Cell Contact,uniprot;PMID:27477015
CD8.TEMRA,CD8.CM,CD160,TNFRSF14,0.0025635036953119,0,CD160_TNFRSF14,CD160 - TNFRSF14,CD160,Cell-Cell Contact,PMID:21959263;PMID:18193050
CD8.TEMRA,CD8.EM,CD160,TNFRSF14,0.0036624953248791,0,CD160_TNFRSF14,CD160 - TNFRSF14,CD160,Cell-Cell Contact,PMID:21959263;PMID:18193050
CD8.TEMRA,CD8.NaiveLike,CD160,TNFRSF14,0.00322550719975598,0,CD160_TNFRSF14,CD160 - TNFRSF14,CD160,Cell-Cell Contact,PMID:21959263;PMID:18193050
CD8.TEMRA,CD8.TEMRA,CD160,TNFRSF14,0.0111860455410585,0,CD160_TNFRSF14,CD160 - TNFRSF14,CD160,Cell-Cell Contact,PMID:21959263;PMID:18193050
CD8.TEMRA,CD8.TEX,CD160,TNFRSF14,0.00329796087676018,0,CD160_TNFRSF14,CD160 - TNFRSF14,CD160,Cell-Cell Contact,PMID:21959263;PMID:18193050
CD8.TEMRA,CD8.TPEX,CD160,TNFRSF14,0.00290613597399718,0,CD160_TNFRSF14,CD160 - TNFRSF14,CD160,Cell-Cell Contact,PMID:21959263;PMID:18193050
CD8.TEMRA,Classical Mono-derived,CD160,TNFRSF14,0.00283042628915847,0,CD160_TNFRSF14,CD160 - TNFRSF14,CD160,Cell-Cell Contact,PMID:21959263;PMID:18193050
CD8.TEMRA,IFN-stimulated,CD160,TNFRSF14,0.00311169531558829,0,CD160_TNFRSF14,CD160 - TNFRSF14,CD160,Cell-Cell Contact,PMID:21959263;PMID:18193050
CD8.TEMRA,Inflammatory Mono-derived,CD160,TNFRSF14,0.00712240092358771,0,CD160_TNFRSF14,CD160 - TNFRSF14,CD160,Cell-Cell Contact,PMID:21959263;PMID:18193050
CD8.TEMRA,Resident M2,CD160,TNFRSF14,0.00802196810629153,0,CD160_TNFRSF14,CD160 - TNFRSF14,CD160,Cell-Cell Contact,PMID:21959263;PMID:18193050
Classical Mono-derived,Classical Mono-derived,LAIR1,LILRB4,0.00810546099134958,0,LAIR1_LILRB4,LAIR1 - LILRB4,LAIR1,Cell-Cell Contact,PMID:19283782
IFN-stimulated,Classical Mono-derived,LAIR1,LILRB4,0.00260627214716312,0,LAIR1_LILRB4,LAIR1 - LILRB4,LAIR1,Cell-Cell Contact,PMID:19283782
Inflammatory Mono-derived,Classical Mono-derived,LAIR1,LILRB4,0.00651030284366907,0,LAIR1_LILRB4,LAIR1 - LILRB4,LAIR1,Cell-Cell Contact,PMID:19283782
Lipid-associated,Classical Mono-derived,LAIR1,LILRB4,0.00209432636215907,0,LAIR1_LILRB4,LAIR1 - LILRB4,LAIR1,Cell-Cell Contact,PMID:19283782
Resident M2,Classical Mono-derived,LAIR1,LILRB4,0.00923934924334342,0,LAIR1_LILRB4,LAIR1 - LILRB4,LAIR1,Cell-Cell Contact,PMID:19283782
Stress-response,Classical Mono-derived,LAIR1,LILRB4,0.00106069147335067,0,LAIR1_LILRB4,LAIR1 - LILRB4,LAIR1,Cell-Cell Contact,PMID:19283782
Classical Mono-derived,IFN-stimulated,LAIR1,LILRB4,0.0256410509215499,0,LAIR1_LILRB4,LAIR1 - LILRB4,LAIR1,Cell-Cell Contact,PMID:19283782
IFN-stimulated,IFN-stimulated,LAIR1,LILRB4,0.00834484788704639,0,LAIR1_LILRB4,LAIR1 - LILRB4,LAIR1,Cell-Cell Contact,PMID:19283782
Inflammatory Mono-derived,IFN-stimulated,LAIR1,LILRB4,0.0206667853971076,0,LAIR1_LILRB4,LAIR1 - LILRB4,LAIR1,Cell-Cell Contact,PMID:19283782
Lipid-associated,IFN-stimulated,LAIR1,LILRB4,0.0067132701337056,0,LAIR1_LILRB4,LAIR1 - LILRB4,LAIR1,Cell-Cell Contact,PMID:19283782
Resident M2,IFN-stimulated,LAIR1,LILRB4,0.0291559195218739,0,LAIR1_LILRB4,LAIR1 - LILRB4,LAIR1,Cell-Cell Contact,PMID:19283782
Stress-response,IFN-stimulated,LAIR1,LILRB4,0.00340778421783046,0,LAIR1_LILRB4,LAIR1 - LILRB4,LAIR1,Cell-Cell Contact,PMID:19283782
Classical Mono-derived,Inflammatory Mono-derived,LAIR1,LILRB4,0.0210100662126302,0,LAIR1_LILRB4,LAIR1 - LILRB4,LAIR1,Cell-Cell Contact,PMID:19283782
IFN-stimulated,Inflammatory Mono-derived,LAIR1,LILRB4,0.00681584781729863,0,LAIR1_LILRB4,LAIR1 - LILRB4,LAIR1,Cell-Cell Contact,PMID:19283782
Inflammatory Mono-derived,Inflammatory Mono-derived,LAIR1,LILRB4,0.0169185944181554,0,LAIR1_LILRB4,LAIR1 - LILRB4,LAIR1,Cell-Cell Contact,PMID:19283782
Lipid-associated,Inflammatory Mono-derived,LAIR1,LILRB4,0.00548156639462257,0,LAIR1_LILRB4,LAIR1 - LILRB4,LAIR1,Cell-Cell Contact,PMID:19283782
Resident M2,Inflammatory Mono-derived,LAIR1,LILRB4,0.0239056956667862,0,LAIR1_LILRB4,LAIR1 - LILRB4,LAIR1,Cell-Cell Contact,PMID:19283782
Stress-response,Inflammatory Mono-derived,LAIR1,LILRB4,0.00278084996744634,0,LAIR1_LILRB4,LAIR1 - LILRB4,LAIR1,Cell-Cell Contact,PMID:19283782
Classical Mono-derived,Lipid-associated,LAIR1,LILRB4,0.0132147018000276,0,LAIR1_LILRB4,LAIR1 - LILRB4,LAIR1,Cell-Cell Contact,PMID:19283782
IFN-stimulated,Lipid-associated,LAIR1,LILRB4,0.00426402560499953,0,LAIR1_LILRB4,LAIR1 - LILRB4,LAIR1,Cell-Cell Contact,PMID:19283782
Inflammatory Mono-derived,Lipid-associated,LAIR1,LILRB4,0.01062481346077,0,LAIR1_LILRB4,LAIR1 - LILRB4,LAIR1,Cell-Cell Contact,PMID:19283782
Lipid-associated,Lipid-associated,LAIR1,LILRB4,0.00342756904851854,0,LAIR1_LILRB4,LAIR1 - LILRB4,LAIR1,Cell-Cell Contact,PMID:19283782
Resident M2,Lipid-associated,LAIR1,LILRB4,0.0150524848521784,0,LAIR1_LILRB4,LAIR1 - LILRB4,LAIR1,Cell-Cell Contact,PMID:19283782
Stress-response,Lipid-associated,LAIR1,LILRB4,0.00173707029923142,0,LAIR1_LILRB4,LAIR1 - LILRB4,LAIR1,Cell-Cell Contact,PMID:19283782
Classical Mono-derived,Resident M2,LAIR1,LILRB4,0.0198826584083959,0,LAIR1_LILRB4,LAIR1 - LILRB4,LAIR1,Cell-Cell Contact,PMID:19283782
IFN-stimulated,Resident M2,LAIR1,LILRB4,0.00644509257525963,0,LAIR1_LILRB4,LAIR1 - LILRB4,LAIR1,Cell-Cell Contact,PMID:19283782
Inflammatory Mono-derived,Resident M2,LAIR1,LILRB4,0.016007146691794,0,LAIR1_LILRB4,LAIR1 - LILRB4,LAIR1,Cell-Cell Contact,PMID:19283782
Lipid-associated,Resident M2,LAIR1,LILRB4,0.00518301203728109,0,LAIR1_LILRB4,LAIR1 - LILRB4,LAIR1,Cell-Cell Contact,PMID:19283782
Resident M2,Resident M2,LAIR1,LILRB4,0.0226264984995665,0,LAIR1_LILRB4,LAIR1 - LILRB4,LAIR1,Cell-Cell Contact,PMID:19283782
Stress-response,Resident M2,LAIR1,LILRB4,0.00262900170166097,0,LAIR1_LILRB4,LAIR1 - LILRB4,LAIR1,Cell-Cell Contact,PMID:19283782
Classical Mono-derived,Stress-response,LAIR1,LILRB4,0.00734465712743213,0,LAIR1_LILRB4,LAIR1 - LILRB4,LAIR1,Cell-Cell Contact,PMID:19283782
IFN-stimulated,Stress-response,LAIR1,LILRB4,0.00236041097790328,0,LAIR1_LILRB4,LAIR1 - LILRB4,LAIR1,Cell-Cell Contact,PMID:19283782
Inflammatory Mono-derived,Stress-response,LAIR1,LILRB4,0.00589833514767709,0,LAIR1_LILRB4,LAIR1 - LILRB4,LAIR1,Cell-Cell Contact,PMID:19283782
Lipid-associated,Stress-response,LAIR1,LILRB4,0.00189666746396889,0,LAIR1_LILRB4,LAIR1 - LILRB4,LAIR1,Cell-Cell Contact,PMID:19283782
Resident M2,Stress-response,LAIR1,LILRB4,0.00837301351389065,0,LAIR1_LILRB4,LAIR1 - LILRB4,LAIR1,Cell-Cell Contact,PMID:19283782
Stress-response,Stress-response,LAIR1,LILRB4,0.000960491352294217,0,LAIR1_LILRB4,LAIR1 - LILRB4,LAIR1,Cell-Cell Contact,PMID:19283782
Classical Mono-derived,IFN-stimulated,PECAM1,CD38,0.00150499130840539,0,PECAM1_CD38,PECAM1 - CD38,PECAM2,Cell-Cell Contact,PMID:26407101
IFN-stimulated,IFN-stimulated,PECAM1,CD38,0.000280385027055188,0,PECAM1_CD38,PECAM1 - CD38,PECAM2,Cell-Cell Contact,PMID:26407101
Inflammatory Mono-derived,IFN-stimulated,PECAM1,CD38,0.00273678057281902,0,PECAM1_CD38,PECAM1 - CD38,PECAM2,Cell-Cell Contact,PMID:26407101
Resident M2,IFN-stimulated,PECAM1,CD38,0.00170287648088242,0,PECAM1_CD38,PECAM1 - CD38,PECAM2,Cell-Cell Contact,PMID:26407101
Stress-response,IFN-stimulated,PECAM1,CD38,0.00562515865480187,0,PECAM1_CD38,PECAM1 - CD38,PECAM2,Cell-Cell Contact,PMID:26407101
CD8.TEX,CD8.CM,SIRPG,CD47,0.00401626246549543,0,SIRPG_CD47,SIRPG - CD47,SIRP,Cell-Cell Contact,PMID:15294972
CD8.TPEX,CD8.CM,SIRPG,CD47,0.00314318117964283,0,SIRPG_CD47,SIRPG - CD47,SIRP,Cell-Cell Contact,PMID:15294972
CD8.TEX,CD8.EM,SIRPG,CD47,0.00362206803498034,0,SIRPG_CD47,SIRPG - CD47,SIRP,Cell-Cell Contact,PMID:15294972
CD8.TPEX,CD8.EM,SIRPG,CD47,0.00283443543170322,0.01,SIRPG_CD47,SIRPG - CD47,SIRP,Cell-Cell Contact,PMID:15294972
CD8.TEX,CD8.MAIT,SIRPG,CD47,0.00426298072655812,0,SIRPG_CD47,SIRPG - CD47,SIRP,Cell-Cell Contact,PMID:15294972
CD8.TPEX,CD8.MAIT,SIRPG,CD47,0.00333644588458678,0,SIRPG_CD47,SIRPG - CD47,SIRP,Cell-Cell Contact,PMID:15294972
CD8.TEX,CD8.NaiveLike,SIRPG,CD47,0.00413879720577435,0,SIRPG_CD47,SIRPG - CD47,SIRP,Cell-Cell Contact,PMID:15294972
CD8.TPEX,CD8.NaiveLike,SIRPG,CD47,0.0032391651510882,0,SIRPG_CD47,SIRPG - CD47,SIRP,Cell-Cell Contact,PMID:15294972
CD8.TEX,CD8.TEMRA,SIRPG,CD47,0.00357033368207574,0,SIRPG_CD47,SIRPG - CD47,SIRP,Cell-Cell Contact,PMID:15294972
CD8.TPEX,CD8.TEMRA,SIRPG,CD47,0.00279391936711454,0.03,SIRPG_CD47,SIRPG - CD47,SIRP,Cell-Cell Contact,PMID:15294972
CD8.TEX,CD8.TEX,SIRPG,CD47,0.00388677147504823,0,SIRPG_CD47,SIRPG - CD47,SIRP,Cell-Cell Contact,PMID:15294972
CD8.TPEX,CD8.TEX,SIRPG,CD47,0.00304175381444151,0,SIRPG_CD47,SIRPG - CD47,SIRP,Cell-Cell Contact,PMID:15294972
CD8.TEX,CD8.TPEX,SIRPG,CD47,0.0034241372141882,0,SIRPG_CD47,SIRPG - CD47,SIRP,Cell-Cell Contact,PMID:15294972
CD8.TEX,Classical Mono-derived,SIRPG,CD47,0.00791427619809438,0,SIRPG_CD47,SIRPG - CD47,SIRP,Cell-Cell Contact,PMID:15294972
CD8.TPEX,Classical Mono-derived,SIRPG,CD47,0.00619909344881176,0.01,SIRPG_CD47,SIRPG - CD47,SIRP,Cell-Cell Contact,PMID:15294972
CD8.TEX,IFN-stimulated,SIRPG,CD47,0.0031726484944461,0,SIRPG_CD47,SIRPG - CD47,SIRP,Cell-Cell Contact,PMID:15294972
CD8.TPEX,IFN-stimulated,SIRPG,CD47,0.00248250040431467,0.04,SIRPG_CD47,SIRPG - CD47,SIRP,Cell-Cell Contact,PMID:15294972
CD8.TEX,Inflammatory Mono-derived,SIRPG,CD47,0.00255177480613849,0,SIRPG_CD47,SIRPG - CD47,SIRP,Cell-Cell Contact,PMID:15294972
CD8.TEX,Resident M2,SIRPG,CD47,0.00319990461895363,0,SIRPG_CD47,SIRPG - CD47,SIRP,Cell-Cell Contact,PMID:15294972
CD8.TEX,Stress-response,SIRPG,CD47,0.00283266392151809,0,SIRPG_CD47,SIRPG - CD47,SIRP,Cell-Cell Contact,PMID:15294972
CD8.TPEX,Stress-response,SIRPG,CD47,0.00221630844188167,0.04,SIRPG_CD47,SIRPG - CD47,SIRP,Cell-Cell Contact,PMID:15294972
