source,target,ligand,receptor,prob,pval,interaction_name,interaction_name_2,pathway_name,annotation,evidence
CD8.CM,Classical Mono-derived,TGFB1,TGFbR1_R2,0.008365095980357,0,TGFB1_TGFBR1_TGFBR2,TGFB1 - (TGFBR1+TGFBR2),TGFb,Secreted Signaling,KEGG: hsa04350
CD8.EM,Classical Mono-derived,TGFB1,TGFbR1_R2,0.00748163756475541,0,TGFB1_TGFBR1_TGFBR2,TGFB1 - (TGFBR1+TGFBR2),TGFb,Secreted Signaling,KEGG: hsa04350
CD8.MAIT,Classical Mono-derived,TGFB1,TGFbR1_R2,0.0114658312014497,0,TGFB1_TGFBR1_TGFBR2,TGFB1 - (TGFBR1+TGFBR2),TGFb,Secreted Signaling,KEGG: hsa04350
CD8.NaiveLike,Classical Mono-derived,TGFB1,TGFbR1_R2,0.0069929568603171,0,TGFB1_TGFBR1_TGFBR2,TGFB1 - (TGFBR1+TGFBR2),TGFb,Secreted Signaling,KEGG: hsa04350
CD8.TEMRA,Classical Mono-derived,TGFB1,TGFbR1_R2,0.00298205970635141,0,TGFB1_TGFBR1_TGFBR2,TGFB1 - (TGFBR1+TGFBR2),TGFb,Secreted Signaling,KEGG: hsa04350
CD8.TEX,Classical Mono-derived,TGFB1,TGFbR1_R2,0.0066776193337346,0,TGFB1_TGFBR1_TGFBR2,TGFB1 - (TGFBR1+TGFBR2),TGFb,Secreted Signaling,KEGG: hsa04350
CD8.TPEX,Classical Mono-derived,TGFB1,TGFbR1_R2,0.00742146803497637,0,TGFB1_TGFBR1_TGFBR2,TGFB1 - (TGFBR1+TGFBR2),TGFb,Secreted Signaling,KEGG: hsa04350
Classical Mono-derived,Classical Mono-derived,TGFB1,TGFbR1_R2,0.00885193635222136,0,TGFB1_TGFBR1_TGFBR2,TGFB1 - (TGFBR1+TGFBR2),TGFb,Secreted Signaling,KEGG: hsa04350
IFN-stimulated,Classical Mono-derived,TGFB1,TGFbR1_R2,0.00926418776824872,0,TGFB1_TGFBR1_TGFBR2,TGFB1 - (TGFBR1+TGFBR2),TGFb,Secreted Signaling,KEGG: hsa04350
Inflammatory Mono-derived,Classical Mono-derived,TGFB1,TGFbR1_R2,0.0079422644689947,0,TGFB1_TGFBR1_TGFBR2,TGFB1 - (TGFBR1+TGFBR2),TGFb,Secreted Signaling,KEGG: hsa04350
Lipid-associated,Classical Mono-derived,TGFB1,TGFbR1_R2,0.00641256673034387,0,TGFB1_TGFBR1_TGFBR2,TGFB1 - (TGFBR1+TGFBR2),TGFb,Secreted Signaling,KEGG: hsa04350
Proliferating,Classical Mono-derived,TGFB1,TGFbR1_R2,0.00574079636585794,0,TGFB1_TGFBR1_TGFBR2,TGFB1 - (TGFBR1+TGFBR2),TGFb,Secreted Signaling,KEGG: hsa04350
Resident M2,Classical Mono-derived,TGFB1,TGFbR1_R2,0.00775424928728008,0,TGFB1_TGFBR1_TGFBR2,TGFB1 - (TGFBR1+TGFBR2),TGFb,Secreted Signaling,KEGG: hsa04350
Stress-response,Classical Mono-derived,TGFB1,TGFbR1_R2,0.0058716336801699,0,TGFB1_TGFBR1_TGFBR2,TGFB1 - (TGFBR1+TGFBR2),TGFb,Secreted Signaling,KEGG: hsa04350
CD8.CM,IFN-stimulated,TGFB1,TGFbR1_R2,0.00689791344143838,0,TGFB1_TGFBR1_TGFBR2,TGFB1 - (TGFBR1+TGFBR2),TGFb,Secreted Signaling,KEGG: hsa04350
CD8.EM,IFN-stimulated,TGFB1,TGFbR1_R2,0.00616844391158361,0,TGFB1_TGFBR1_TGFBR2,TGFB1 - (TGFBR1+TGFBR2),TGFb,Secreted Signaling,KEGG: hsa04350
CD8.MAIT,IFN-stimulated,TGFB1,TGFbR1_R2,0.00945998840155381,0,TGFB1_TGFBR1_TGFBR2,TGFB1 - (TGFBR1+TGFBR2),TGFb,Secreted Signaling,KEGG: hsa04350
CD8.NaiveLike,IFN-stimulated,TGFB1,TGFbR1_R2,0.00576503931062632,0,TGFB1_TGFBR1_TGFBR2,TGFB1 - (TGFBR1+TGFBR2),TGFb,Secreted Signaling,KEGG: hsa04350
CD8.TEMRA,IFN-stimulated,TGFB1,TGFbR1_R2,0.00245668710129943,0,TGFB1_TGFBR1_TGFBR2,TGFB1 - (TGFBR1+TGFBR2),TGFb,Secreted Signaling,KEGG: hsa04350
CD8.TEX,IFN-stimulated,TGFB1,TGFbR1_R2,0.00550476604200373,0,TGFB1_TGFBR1_TGFBR2,TGFB1 - (TGFBR1+TGFBR2),TGFb,Secreted Signaling,KEGG: hsa04350
CD8.TPEX,IFN-stimulated,TGFB1,TGFbR1_R2,0.00611877036340066,0,TGFB1_TGFBR1_TGFBR2,TGFB1 - (TGFBR1+TGFBR2),TGFb,Secreted Signaling,KEGG: hsa04350
Classical Mono-derived,IFN-stimulated,TGFB1,TGFbR1_R2,0.00729999382463401,0,TGFB1_TGFBR1_TGFBR2,TGFB1 - (TGFBR1+TGFBR2),TGFb,Secreted Signaling,KEGG: hsa04350
IFN-stimulated,IFN-stimulated,TGFB1,TGFbR1_R2,0.00764052550771612,0,TGFB1_TGFBR1_TGFBR2,TGFB1 - (TGFBR1+TGFBR2),TGFb,Secreted Signaling,KEGG: hsa04350
Inflammatory Mono-derived,IFN-stimulated,TGFB1,TGFbR1_R2,0.00654929489419785,0,TGFB1_TGFBR1_TGFBR2,TGFB1 - (TGFBR1+TGFBR2),TGFb,Secreted Signaling,KEGG: hsa04350
Lipid-associated,IFN-stimulated,TGFB1,TGFbR1_R2,0.00528601939030217,0,TGFB1_TGFBR1_TGFBR2,TGFB1 - (TGFBR1+TGFBR2),TGFb,Secreted Signaling,KEGG: hsa04350
Proliferating,IFN-stimulated,TGFB1,TGFbR1_R2,0.00473170232887036,0,TGFB1_TGFBR1_TGFBR2,TGFB1 - (TGFBR1+TGFBR2),TGFb,Secreted Signaling,KEGG: hsa04350
Resident M2,IFN-stimulated,TGFB1,TGFbR1_R2,0.00639351445070514,0,TGFB1_TGFBR1_TGFBR2,TGFB1 - (TGFBR1+TGFBR2),TGFb,Secreted Signaling,KEGG: hsa04350
Stress-response,IFN-stimulated,TGFB1,TGFbR1_R2,0.00483990204794237,0,TGFB1_TGFBR1_TGFBR2,TGFB1 - (TGFBR1+TGFBR2),TGFb,Secreted Signaling,KEGG: hsa04350
CD8.CM,Inflammatory Mono-derived,TGFB1,TGFbR1_R2,0.00665281678353768,0,TGFB1_TGFBR1_TGFBR2,TGFB1 - (TGFBR1+TGFBR2),TGFb,Secreted Signaling,KEGG: hsa04350
CD8.EM,Inflammatory Mono-derived,TGFB1,TGFbR1_R2,0.00594935928945221,0,TGFB1_TGFBR1_TGFBR2,TGFB1 - (TGFBR1+TGFBR2),TGFb,Secreted Signaling,KEGG: hsa04350
CD8.MAIT,Inflammatory Mono-derived,TGFB1,TGFbR1_R2,0.00912335775581767,0,TGFB1_TGFBR1_TGFBR2,TGFB1 - (TGFBR1+TGFBR2),TGFb,Secreted Signaling,KEGG: hsa04350
CD8.NaiveLike,Inflammatory Mono-derived,TGFB1,TGFbR1_R2,0.00556033023177482,0,TGFB1_TGFBR1_TGFBR2,TGFB1 - (TGFBR1+TGFBR2),TGFb,Secreted Signaling,KEGG: hsa04350
CD8.TEMRA,Inflammatory Mono-derived,TGFB1,TGFbR1_R2,0.00236962046467972,0,TGFB1_TGFBR1_TGFBR2,TGFB1 - (TGFBR1+TGFBR2),TGFb,Secreted Signaling,KEGG: hsa04350
CD8.TEX,Inflammatory Mono-derived,TGFB1,TGFbR1_R2,0.00530932839165359,0,TGFB1_TGFBR1_TGFBR2,TGFB1 - (TGFBR1+TGFBR2),TGFb,Secreted Signaling,KEGG: hsa04350
CD8.TPEX,Inflammatory Mono-derived,TGFB1,TGFbR1_R2,0.00590145624655464,0,TGFB1_TGFBR1_TGFBR2,TGFB1 - (TGFBR1+TGFBR2),TGFb,Secreted Signaling,KEGG: hsa04350
Classical Mono-derived,Inflammatory Mono-derived,TGFB1,TGFbR1_R2,0.00704055009357237,0,TGFB1_TGFBR1_TGFBR2,TGFB1 - (TGFBR1+TGFBR2),TGFb,Secreted Signaling,KEGG: hsa04350
IFN-stimulated,Inflammatory Mono-derived,TGFB1,TGFbR1_R2,0.00736892569155517,0,TGFB1_TGFBR1_TGFBR2,TGFB1 - (TGFBR1+TGFBR2),TGFb,Secreted Signaling,KEGG: hsa04350
Inflammatory Mono-derived,Inflammatory Mono-derived,TGFB1,TGFbR1_R2,0.00631658044332105,0,TGFB1_TGFBR1_TGFBR2,TGFB1 - (TGFBR1+TGFBR2),TGFb,Secreted Signaling,KEGG: hsa04350
Lipid-associated,Inflammatory Mono-derived,TGFB1,TGFbR1_R2,0.00509837175697779,0,TGFB1_TGFBR1_TGFBR2,TGFB1 - (TGFBR1+TGFBR2),TGFb,Secreted Signaling,KEGG: hsa04350
Proliferating,Inflammatory Mono-derived,TGFB1,TGFbR1_R2,0.0045637862522748,0,TGFB1_TGFBR1_TGFBR2,TGFB1 - (TGFBR1+TGFBR2),TGFb,Secreted Signaling,KEGG: hsa04350
Resident M2,Inflammatory Mono-derived,TGFB1,TGFbR1_R2,0.00616640640872877,0,TGFB1_TGFBR1_TGFBR2,TGFB1 - (TGFBR1+TGFBR2),TGFb,Secreted Signaling,KEGG: hsa04350
Stress-response,Inflammatory Mono-derived,TGFB1,TGFbR1_R2,0.00466811164302041,0,TGFB1_TGFBR1_TGFBR2,TGFB1 - (TGFBR1+TGFBR2),TGFb,Secreted Signaling,KEGG: hsa04350
CD8.CM,Lipid-associated,TGFB1,TGFbR1_R2,0.00777669107752169,0,TGFB1_TGFBR1_TGFBR2,TGFB1 - (TGFBR1+TGFBR2),TGFb,Secreted Signaling,KEGG: hsa04350
CD8.EM,Lipid-associated,TGFB1,TGFbR1_R2,0.00695493970880411,0,TGFB1_TGFBR1_TGFBR2,TGFB1 - (TGFBR1+TGFBR2),TGFb,Secreted Signaling,KEGG: hsa04350
CD8.MAIT,Lipid-associated,TGFB1,TGFbR1_R2,0.0106616640833948,0,TGFB1_TGFBR1_TGFBR2,TGFB1 - (TGFBR1+TGFBR2),TGFb,Secreted Signaling,KEGG: hsa04350
CD8.NaiveLike,Lipid-associated,TGFB1,TGFbR1_R2,0.00650043619307281,0,TGFB1_TGFBR1_TGFBR2,TGFB1 - (TGFBR1+TGFBR2),TGFb,Secreted Signaling,KEGG: hsa04350
CD8.TEMRA,Lipid-associated,TGFB1,TGFbR1_R2,0.0027712420125941,0,TGFB1_TGFBR1_TGFBR2,TGFB1 - (TGFBR1+TGFBR2),TGFb,Secreted Signaling,KEGG: hsa04350
CD8.TEX,Lipid-associated,TGFB1,TGFbR1_R2,0.00620716936220875,0,TGFB1_TGFBR1_TGFBR2,TGFB1 - (TGFBR1+TGFBR2),TGFb,Secreted Signaling,KEGG: hsa04350
CD8.TPEX,Lipid-associated,TGFB1,TGFbR1_R2,0.00689897659471663,0,TGFB1_TGFBR1_TGFBR2,TGFB1 - (TGFBR1+TGFBR2),TGFb,Secreted Signaling,KEGG: hsa04350
Classical Mono-derived,Lipid-associated,TGFB1,TGFbR1_R2,0.0082295710574213,0,TGFB1_TGFBR1_TGFBR2,TGFB1 - (TGFBR1+TGFBR2),TGFb,Secreted Signaling,KEGG: hsa04350
IFN-stimulated,Lipid-associated,TGFB1,TGFbR1_R2,0.00861308962237173,0,TGFB1_TGFBR1_TGFBR2,TGFB1 - (TGFBR1+TGFBR2),TGFb,Secreted Signaling,KEGG: hsa04350
Inflammatory Mono-derived,Lipid-associated,TGFB1,TGFbR1_R2,0.00738362484897754,0,TGFB1_TGFBR1_TGFBR2,TGFB1 - (TGFBR1+TGFBR2),TGFb,Secreted Signaling,KEGG: hsa04350
Lipid-associated,Lipid-associated,TGFB1,TGFbR1_R2,0.00596067812421027,0,TGFB1_TGFBR1_TGFBR2,TGFB1 - (TGFBR1+TGFBR2),TGFb,Secreted Signaling,KEGG: hsa04350
Proliferating,Lipid-associated,TGFB1,TGFbR1_R2,0.00533599266495493,0,TGFB1_TGFBR1_TGFBR2,TGFB1 - (TGFBR1+TGFBR2),TGFb,Secreted Signaling,KEGG: hsa04350
Resident M2,Lipid-associated,TGFB1,TGFbR1_R2,0.00720849929451537,0,TGFB1_TGFBR1_TGFBR2,TGFB1 - (TGFBR1+TGFBR2),TGFb,Secreted Signaling,KEGG: hsa04350
Stress-response,Lipid-associated,TGFB1,TGFbR1_R2,0.00545776724149991,0,TGFB1_TGFBR1_TGFBR2,TGFB1 - (TGFBR1+TGFBR2),TGFb,Secreted Signaling,KEGG: hsa04350
CD8.CM,Proliferating,TGFB1,TGFbR1_R2,0.00821155839607572,0,TGFB1_TGFBR1_TGFBR2,TGFB1 - (TGFBR1+TGFBR2),TGFb,Secreted Signaling,KEGG: hsa04350
CD8.EM,Proliferating,TGFB1,TGFbR1_R2,0.00734419536911358,0,TGFB1_TGFBR1_TGFBR2,TGFB1 - (TGFBR1+TGFBR2),TGFb,Secreted Signaling,KEGG: hsa04350
CD8.MAIT,Proliferating,TGFB1,TGFbR1_R2,0.0112560270268983,0,TGFB1_TGFBR1_TGFBR2,TGFB1 - (TGFBR1+TGFBR2),TGFb,Secreted Signaling,KEGG: hsa04350
CD8.NaiveLike,Proliferating,TGFB1,TGFbR1_R2,0.00686442993504914,0,TGFB1_TGFBR1_TGFBR2,TGFB1 - (TGFBR1+TGFBR2),TGFb,Secreted Signaling,KEGG: hsa04350
CD8.TEMRA,Proliferating,TGFB1,TGFbR1_R2,0.00292703369820301,0,TGFB1_TGFBR1_TGFBR2,TGFB1 - (TGFBR1+TGFBR2),TGFb,Secreted Signaling,KEGG: hsa04350
CD8.TEX,Proliferating,TGFB1,TGFbR1_R2,0.00655484989114095,0,TGFB1_TGFBR1_TGFBR2,TGFB1 - (TGFBR1+TGFBR2),TGFb,Secreted Signaling,KEGG: hsa04350
CD8.TPEX,Proliferating,TGFB1,TGFbR1_R2,0.00728512307658033,0,TGFB1_TGFBR1_TGFBR2,TGFB1 - (TGFBR1+TGFBR2),TGFb,Secreted Signaling,KEGG: hsa04350
Classical Mono-derived,Proliferating,TGFB1,TGFbR1_R2,0.00868954133376317,0,TGFB1_TGFBR1_TGFBR2,TGFB1 - (TGFBR1+TGFBR2),TGFb,Secreted Signaling,KEGG: hsa04350
IFN-stimulated,Proliferating,TGFB1,TGFbR1_R2,0.00909429910152699,0,TGFB1_TGFBR1_TGFBR2,TGFB1 - (TGFBR1+TGFBR2),TGFb,Secreted Signaling,KEGG: hsa04350
Inflammatory Mono-derived,Proliferating,TGFB1,TGFbR1_R2,0.00779649413478292,0,TGFB1_TGFBR1_TGFBR2,TGFB1 - (TGFBR1+TGFBR2),TGFb,Secreted Signaling,KEGG: hsa04350
Lipid-associated,Proliferating,TGFB1,TGFbR1_R2,0.0062946394555878,0,TGFB1_TGFBR1_TGFBR2,TGFB1 - (TGFBR1+TGFBR2),TGFb,Secreted Signaling,KEGG: hsa04350
Proliferating,Proliferating,TGFB1,TGFbR1_R2,0.00563515290091126,0,TGFB1_TGFBR1_TGFBR2,TGFB1 - (TGFBR1+TGFBR2),TGFb,Secreted Signaling,KEGG: hsa04350
Resident M2,Proliferating,TGFB1,TGFbR1_R2,0.00761183745758537,0,TGFB1_TGFBR1_TGFBR2,TGFB1 - (TGFBR1+TGFBR2),TGFb,Secreted Signaling,KEGG: hsa04350
Stress-response,Proliferating,TGFB1,TGFbR1_R2,0.00576362745610028,0,TGFB1_TGFBR1_TGFBR2,TGFB1 - (TGFBR1+TGFBR2),TGFb,Secreted Signaling,KEGG: hsa04350
CD8.CM,Resident M2,TGFB1,TGFbR1_R2,0.0151369233191215,0,TGFB1_TGFBR1_TGFBR2,TGFB1 - (TGFBR1+TGFBR2),TGFb,Secreted Signaling,KEGG: hsa04350
CD8.EM,Resident M2,TGFB1,TGFbR1_R2,0.0135480466741358,0,TGFB1_TGFBR1_TGFBR2,TGFB1 - (TGFBR1+TGFBR2),TGFb,Secreted Signaling,KEGG: hsa04350
CD8.MAIT,Resident M2,TGFB1,TGFbR1_R2,0.0206954214572995,0,TGFB1_TGFBR1_TGFBR2,TGFB1 - (TGFBR1+TGFBR2),TGFb,Secreted Signaling,KEGG: hsa04350
CD8.NaiveLike,Resident M2,TGFB1,TGFbR1_R2,0.0126681817317404,0,TGFB1_TGFBR1_TGFBR2,TGFB1 - (TGFBR1+TGFBR2),TGFb,Secreted Signaling,KEGG: hsa04350
CD8.TEMRA,Resident M2,TGFB1,TGFbR1_R2,0.0054199556681982,0,TGFB1_TGFBR1_TGFBR2,TGFB1 - (TGFBR1+TGFBR2),TGFb,Secreted Signaling,KEGG: hsa04350
CD8.TEX,Resident M2,TGFB1,TGFbR1_R2,0.0121000463495499,0,TGFB1_TGFBR1_TGFBR2,TGFB1 - (TGFBR1+TGFBR2),TGFb,Secreted Signaling,KEGG: hsa04350
CD8.TPEX,Resident M2,TGFB1,TGFbR1_R2,0.0134397499371764,0,TGFB1_TGFBR1_TGFBR2,TGFB1 - (TGFBR1+TGFBR2),TGFb,Secreted Signaling,KEGG: hsa04350
Classical Mono-derived,Resident M2,TGFB1,TGFbR1_R2,0.0160115138034324,0,TGFB1_TGFBR1_TGFBR2,TGFB1 - (TGFBR1+TGFBR2),TGFb,Secreted Signaling,KEGG: hsa04350
IFN-stimulated,Resident M2,TGFB1,TGFbR1_R2,0.0167515648373665,0,TGFB1_TGFBR1_TGFBR2,TGFB1 - (TGFBR1+TGFBR2),TGFb,Secreted Signaling,KEGG: hsa04350
Inflammatory Mono-derived,Resident M2,TGFB1,TGFbR1_R2,0.014371277775968,0,TGFB1_TGFBR1_TGFBR2,TGFB1 - (TGFBR1+TGFBR2),TGFb,Secreted Signaling,KEGG: hsa04350
Lipid-associated,Resident M2,TGFB1,TGFbR1_R2,0.0116222813764558,0,TGFB1_TGFBR1_TGFBR2,TGFB1 - (TGFBR1+TGFBR2),TGFb,Secreted Signaling,KEGG: hsa04350
Proliferating,Resident M2,TGFB1,TGFbR1_R2,0.0104104678337023,0,TGFB1_TGFBR1_TGFBR2,TGFB1 - (TGFBR1+TGFBR2),TGFb,Secreted Signaling,KEGG: hsa04350
Resident M2,Resident M2,TGFB1,TGFbR1_R2,0.014038576276158,0,TGFB1_TGFBR1_TGFBR2,TGFB1 - (TGFBR1+TGFBR2),TGFb,Secreted Signaling,KEGG: hsa04350
Stress-response,Resident M2,TGFB1,TGFbR1_R2,0.010644062221092,0,TGFB1_TGFBR1_TGFBR2,TGFB1 - (TGFBR1+TGFBR2),TGFb,Secreted Signaling,KEGG: hsa04350
CD8.CM,Stress-response,TGFB1,TGFbR1_R2,0.006347816687324,0,TGFB1_TGFBR1_TGFBR2,TGFB1 - (TGFBR1+TGFBR2),TGFb,Secreted Signaling,KEGG: hsa04350
CD8.EM,Stress-response,TGFB1,TGFbR1_R2,0.00567637838136308,0,TGFB1_TGFBR1_TGFBR2,TGFB1 - (TGFBR1+TGFBR2),TGFb,Secreted Signaling,KEGG: hsa04350
CD8.MAIT,Stress-response,TGFB1,TGFbR1_R2,0.00870633939725761,0,TGFB1_TGFBR1_TGFBR2,TGFB1 - (TGFBR1+TGFBR2),TGFb,Secreted Signaling,KEGG: hsa04350
CD8.NaiveLike,Stress-response,TGFB1,TGFbR1_R2,0.00530508017769843,0,TGFB1_TGFBR1_TGFBR2,TGFB1 - (TGFBR1+TGFBR2),TGFb,Secreted Signaling,KEGG: hsa04350
CD8.TEMRA,Stress-response,TGFB1,TGFbR1_R2,0.00226042450747715,0,TGFB1_TGFBR1_TGFBR2,TGFB1 - (TGFBR1+TGFBR2),TGFb,Secreted Signaling,KEGG: hsa04350
CD8.TEX,Stress-response,TGFB1,TGFbR1_R2,0.00506552716722661,0,TGFB1_TGFBR1_TGFBR2,TGFB1 - (TGFBR1+TGFBR2),TGFb,Secreted Signaling,KEGG: hsa04350
CD8.TPEX,Stress-response,TGFB1,TGFbR1_R2,0.00563065772268421,0,TGFB1_TGFBR1_TGFBR2,TGFB1 - (TGFBR1+TGFBR2),TGFb,Secreted Signaling,KEGG: hsa04350
Classical Mono-derived,Stress-response,TGFB1,TGFbR1_R2,0.00671792495044294,0,TGFB1_TGFBR1_TGFBR2,TGFB1 - (TGFBR1+TGFBR2),TGFb,Secreted Signaling,KEGG: hsa04350
IFN-stimulated,Stress-response,TGFB1,TGFbR1_R2,0.00703138668847143,0,TGFB1_TGFBR1_TGFBR2,TGFB1 - (TGFBR1+TGFBR2),TGFb,Secreted Signaling,KEGG: hsa04350
Inflammatory Mono-derived,Stress-response,TGFB1,TGFbR1_R2,0.00602700744013743,0,TGFB1_TGFBR1_TGFBR2,TGFB1 - (TGFBR1+TGFBR2),TGFb,Secreted Signaling,KEGG: hsa04350
Lipid-associated,Stress-response,TGFB1,TGFbR1_R2,0.00486419817902145,0,TGFB1_TGFBR1_TGFBR2,TGFB1 - (TGFBR1+TGFBR2),TGFb,Secreted Signaling,KEGG: hsa04350
Proliferating,Stress-response,TGFB1,TGFbR1_R2,0.00435403210846044,0,TGFB1_TGFBR1_TGFBR2,TGFB1 - (TGFBR1+TGFBR2),TGFb,Secreted Signaling,KEGG: hsa04350
Resident M2,Stress-response,TGFB1,TGFbR1_R2,0.00588354036431164,0,TGFB1_TGFBR1_TGFBR2,TGFB1 - (TGFBR1+TGFBR2),TGFb,Secreted Signaling,KEGG: hsa04350
Stress-response,Stress-response,TGFB1,TGFbR1_R2,0.00445364900579975,0,TGFB1_TGFBR1_TGFBR2,TGFB1 - (TGFBR1+TGFBR2),TGFb,Secreted Signaling,KEGG: hsa04350
Classical Mono-derived,Inflammatory Mono-derived,VEGFA,FLT1,0.00165439751905211,0,VEGFA_VEGFR1,VEGFA - VEGFR1,VEGF,Secreted Signaling,KEGG: hsa04370; PMID: 16633338
IFN-stimulated,Inflammatory Mono-derived,VEGFA,FLT1,0.00434407830492051,0,VEGFA_VEGFR1,VEGFA - VEGFR1,VEGF,Secreted Signaling,KEGG: hsa04370; PMID: 16633338
Inflammatory Mono-derived,Inflammatory Mono-derived,VEGFA,FLT1,0.00664035871214967,0,VEGFA_VEGFR1,VEGFA - VEGFR1,VEGF,Secreted Signaling,KEGG: hsa04370; PMID: 16633338
Proliferating,Inflammatory Mono-derived,VEGFA,FLT1,0.00124715808034933,0,VEGFA_VEGFR1,VEGFA - VEGFR1,VEGF,Secreted Signaling,KEGG: hsa04370; PMID: 16633338
Resident M2,Inflammatory Mono-derived,VEGFA,FLT1,0.00463757051311348,0,VEGFA_VEGFR1,VEGFA - VEGFR1,VEGF,Secreted Signaling,KEGG: hsa04370; PMID: 16633338
Stress-response,Inflammatory Mono-derived,VEGFA,FLT1,0.00152105040715958,0,VEGFA_VEGFR1,VEGFA - VEGFR1,VEGF,Secreted Signaling,KEGG: hsa04370; PMID: 16633338
Classical Mono-derived,Inflammatory Mono-derived,VEGFB,FLT1,0.000969504456871645,0,VEGFB_VEGFR1,VEGFB - VEGFR1,VEGF,Secreted Signaling,KEGG: hsa04370; PMID: 16633338
IFN-stimulated,Inflammatory Mono-derived,VEGFB,FLT1,0.00107324039703845,0,VEGFB_VEGFR1,VEGFB - VEGFR1,VEGF,Secreted Signaling,KEGG: hsa04370; PMID: 16633338
Inflammatory Mono-derived,Inflammatory Mono-derived,VEGFB,FLT1,0.00136915553062658,0,VEGFB_VEGFR1,VEGFB - VEGFR1,VEGF,Secreted Signaling,KEGG: hsa04370; PMID: 16633338
Lipid-associated,Inflammatory Mono-derived,VEGFB,FLT1,0.00180722465854023,0,VEGFB_VEGFR1,VEGFB - VEGFR1,VEGF,Secreted Signaling,KEGG: hsa04370; PMID: 16633338
Proliferating,Inflammatory Mono-derived,VEGFB,FLT1,0.00103571815752398,0,VEGFB_VEGFR1,VEGFB - VEGFR1,VEGF,Secreted Signaling,KEGG: hsa04370; PMID: 16633338
Resident M2,Inflammatory Mono-derived,VEGFB,FLT1,0.00124394988331835,0,VEGFB_VEGFR1,VEGFB - VEGFR1,VEGF,Secreted Signaling,KEGG: hsa04370; PMID: 16633338
Stress-response,Inflammatory Mono-derived,VEGFB,FLT1,0.00142391762731232,0,VEGFB_VEGFR1,VEGFB - VEGFR1,VEGF,Secreted Signaling,KEGG: hsa04370; PMID: 16633338
CD8.CM,Classical Mono-derived,CCL5,CCR1,0.024788152284425,0,CCL5_CCR1,CCL5 - CCR1,CCL,Secreted Signaling,KEGG: hsa04060
CD8.EM,Classical Mono-derived,CCL5,CCR1,0.0272545510142165,0,CCL5_CCR1,CCL5 - CCR1,CCL,Secreted Signaling,KEGG: hsa04060
CD8.MAIT,Classical Mono-derived,CCL5,CCR1,0.0200971182052503,0,CCL5_CCR1,CCL5 - CCR1,CCL,Secreted Signaling,KEGG: hsa04060
CD8.NaiveLike,Classical Mono-derived,CCL5,CCR1,0.011988560415515,0,CCL5_CCR1,CCL5 - CCR1,CCL,Secreted Signaling,KEGG: hsa04060
CD8.TEMRA,Classical Mono-derived,CCL5,CCR1,0.0269535070985967,0,CCL5_CCR1,CCL5 - CCR1,CCL,Secreted Signaling,KEGG: hsa04060
CD8.TEX,Classical Mono-derived,CCL5,CCR1,0.0269154780759164,0,CCL5_CCR1,CCL5 - CCR1,CCL,Secreted Signaling,KEGG: hsa04060
CD8.TPEX,Classical Mono-derived,CCL5,CCR1,0.0215783898753829,0,CCL5_CCR1,CCL5 - CCR1,CCL,Secreted Signaling,KEGG: hsa04060
IFN-stimulated,Classical Mono-derived,CCL5,CCR1,0.00129410731446288,0,CCL5_CCR1,CCL5 - CCR1,CCL,Secreted Signaling,KEGG: hsa04060
Proliferating,Classical Mono-derived,CCL5,CCR1,0.00299029999096562,0,CCL5_CCR1,CCL5 - CCR1,CCL,Secreted Signaling,KEGG: hsa04060
CD8.CM,IFN-stimulated,CCL5,CCR1,0.0255010807698593,0,CCL5_CCR1,CCL5 - CCR1,CCL,Secreted Signaling,KEGG: hsa04060
CD8.EM,IFN-stimulated,CCL5,CCR1,0.0280363759067251,0,CCL5_CCR1,CCL5 - CCR1,CCL,Secreted Signaling,KEGG: hsa04060
CD8.MAIT,IFN-stimulated,CCL5,CCR1,0.0206779892825864,0,CCL5_CCR1,CCL5 - CCR1,CCL,Secreted Signaling,KEGG: hsa04060
CD8.NaiveLike,IFN-stimulated,CCL5,CCR1,0.0123380190879602,0,CCL5_CCR1,CCL5 - CCR1,CCL,Secreted Signaling,KEGG: hsa04060
CD8.TEMRA,IFN-stimulated,CCL5,CCR1,0.0277269423878812,0,CCL5_CCR1,CCL5 - CCR1,CCL,Secreted Signaling,KEGG: hsa04060
CD8.TEX,IFN-stimulated,CCL5,CCR1,0.0276878531674664,0,CCL5_CCR1,CCL5 - CCR1,CCL,Secreted Signaling,KEGG: hsa04060
CD8.TPEX,IFN-stimulated,CCL5,CCR1,0.0222011044466696,0,CCL5_CCR1,CCL5 - CCR1,CCL,Secreted Signaling,KEGG: hsa04060
IFN-stimulated,IFN-stimulated,CCL5,CCR1,0.00133225004391701,0,CCL5_CCR1,CCL5 - CCR1,CCL,Secreted Signaling,KEGG: hsa04060
Proliferating,IFN-stimulated,CCL5,CCR1,0.00307828248459306,0,CCL5_CCR1,CCL5 - CCR1,CCL,Secreted Signaling,KEGG: hsa04060
CD8.CM,Inflammatory Mono-derived,CCL5,CCR1,0.022213279417496,0,CCL5_CCR1,CCL5 - CCR1,CCL,Secreted Signaling,KEGG: hsa04060
CD8.EM,Inflammatory Mono-derived,CCL5,CCR1,0.0244298985952249,0,CCL5_CCR1,CCL5 - CCR1,CCL,Secreted Signaling,KEGG: hsa04060
CD8.MAIT,Inflammatory Mono-derived,CCL5,CCR1,0.0180005328903932,0,CCL5_CCR1,CCL5 - CCR1,CCL,Secreted Signaling,KEGG: hsa04060
CD8.NaiveLike,Inflammatory Mono-derived,CCL5,CCR1,0.010728620074011,0,CCL5_CCR1,CCL5 - CCR1,CCL,Secreted Signaling,KEGG: hsa04060
CD8.TEMRA,Inflammatory Mono-derived,CCL5,CCR1,0.0241592798778736,0,CCL5_CCR1,CCL5 - CCR1,CCL,Secreted Signaling,KEGG: hsa04060
CD8.TEX,Inflammatory Mono-derived,CCL5,CCR1,0.02412509551794,0,CCL5_CCR1,CCL5 - CCR1,CCL,Secreted Signaling,KEGG: hsa04060
CD8.TPEX,Inflammatory Mono-derived,CCL5,CCR1,0.0193303227069975,0,CCL5_CCR1,CCL5 - CCR1,CCL,Secreted Signaling,KEGG: hsa04060
IFN-stimulated,Inflammatory Mono-derived,CCL5,CCR1,0.00115678689687043,0,CCL5_CCR1,CCL5 - CCR1,CCL,Secreted Signaling,KEGG: hsa04060
Proliferating,Inflammatory Mono-derived,CCL5,CCR1,0.00267347485506082,0,CCL5_CCR1,CCL5 - CCR1,CCL,Secreted Signaling,KEGG: hsa04060
CD8.CM,Lipid-associated,CCL5,CCR1,0.0185924109393065,0,CCL5_CCR1,CCL5 - CCR1,CCL,Secreted Signaling,KEGG: hsa04060
CD8.EM,Lipid-associated,CCL5,CCR1,0.0204552696089189,0,CCL5_CCR1,CCL5 - CCR1,CCL,Secreted Signaling,KEGG: hsa04060
CD8.MAIT,Lipid-associated,CCL5,CCR1,0.0150557881611748,0,CCL5_CCR1,CCL5 - CCR1,CCL,Secreted Signaling,KEGG: hsa04060
CD8.NaiveLike,Lipid-associated,CCL5,CCR1,0.00896264508190095,0,CCL5_CCR1,CCL5 - CCR1,CCL,Secreted Signaling,KEGG: hsa04060
CD8.TEMRA,Lipid-associated,CCL5,CCR1,0.0202277663793748,0,CCL5_CCR1,CCL5 - CCR1,CCL,Secreted Signaling,KEGG: hsa04060
CD8.TEX,Lipid-associated,CCL5,CCR1,0.0201990297972966,0,CCL5_CCR1,CCL5 - CCR1,CCL,Secreted Signaling,KEGG: hsa04060
CD8.TPEX,Lipid-associated,CCL5,CCR1,0.0161716173981292,0,CCL5_CCR1,CCL5 - CCR1,CCL,Secreted Signaling,KEGG: hsa04060
IFN-stimulated,Lipid-associated,CCL5,CCR1,0.000964838365791236,0,CCL5_CCR1,CCL5 - CCR1,CCL,Secreted Signaling,KEGG: hsa04060
Proliferating,Lipid-associated,CCL5,CCR1,0.00223042048849606,0,CCL5_CCR1,CCL5 - CCR1,CCL,Secreted Signaling,KEGG: hsa04060
CD8.CM,Resident M2,CCL5,CCR1,0.0203132396693864,0,CCL5_CCR1,CCL5 - CCR1,CCL,Secreted Signaling,KEGG: hsa04060
CD8.EM,Resident M2,CCL5,CCR1,0.0223445904492651,0,CCL5_CCR1,CCL5 - CCR1,CCL,Secreted Signaling,KEGG: hsa04060
CD8.MAIT,Resident M2,CCL5,CCR1,0.0164547714628149,0,CCL5_CCR1,CCL5 - CCR1,CCL,Secreted Signaling,KEGG: hsa04060
CD8.NaiveLike,Resident M2,CCL5,CCR1,0.00980108769570244,0,CCL5_CCR1,CCL5 - CCR1,CCL,Secreted Signaling,KEGG: hsa04060
CD8.TEMRA,Resident M2,CCL5,CCR1,0.0220965482299086,0,CCL5_CCR1,CCL5 - CCR1,CCL,Secreted Signaling,KEGG: hsa04060
CD8.TEX,Resident M2,CCL5,CCR1,0.022065216552403,0,CCL5_CCR1,CCL5 - CCR1,CCL,Secreted Signaling,KEGG: hsa04060
CD8.TPEX,Resident M2,CCL5,CCR1,0.0176724231775043,0,CCL5_CCR1,CCL5 - CCR1,CCL,Secreted Signaling,KEGG: hsa04060
IFN-stimulated,Resident M2,CCL5,CCR1,0.00105589476080524,0,CCL5_CCR1,CCL5 - CCR1,CCL,Secreted Signaling,KEGG: hsa04060
Proliferating,Resident M2,CCL5,CCR1,0.00244062411294157,0,CCL5_CCR1,CCL5 - CCR1,CCL,Secreted Signaling,KEGG: hsa04060
CD8.CM,Stress-response,CCL5,CCR1,0.0192798097238769,0,CCL5_CCR1,CCL5 - CCR1,CCL,Secreted Signaling,KEGG: hsa04060
CD8.EM,Stress-response,CCL5,CCR1,0.0212100535330819,0,CCL5_CCR1,CCL5 - CCR1,CCL,Secreted Signaling,KEGG: hsa04060
CD8.MAIT,Stress-response,CCL5,CCR1,0.0156145112674784,0,CCL5_CCR1,CCL5 - CCR1,CCL,Secreted Signaling,KEGG: hsa04060
CD8.NaiveLike,Stress-response,CCL5,CCR1,0.00929738495100245,0,CCL5_CCR1,CCL5 - CCR1,CCL,Secreted Signaling,KEGG: hsa04060
CD8.TEMRA,Stress-response,CCL5,CCR1,0.0209743353570446,0,CCL5_CCR1,CCL5 - CCR1,CCL,Secreted Signaling,KEGG: hsa04060
CD8.TEX,Stress-response,CCL5,CCR1,0.0209445608342359,0,CCL5_CCR1,CCL5 - CCR1,CCL,Secreted Signaling,KEGG: hsa04060
CD8.TPEX,Stress-response,CCL5,CCR1,0.0167710440539649,0,CCL5_CCR1,CCL5 - CCR1,CCL,Secreted Signaling,KEGG: hsa04060
IFN-stimulated,Stress-response,CCL5,CCR1,0.00100117523247429,0,CCL5_CCR1,CCL5 - CCR1,CCL,Secreted Signaling,KEGG: hsa04060
Proliferating,Stress-response,CCL5,CCR1,0.00231431014625881,0,CCL5_CCR1,CCL5 - CCR1,CCL,Secreted Signaling,KEGG: hsa04060
CD8.EM,Classical Mono-derived,CCL3,CCR1,0.00186892154341686,0,CCL3_CCR1,CCL3 - CCR1,CCL,Secreted Signaling,KEGG: hsa04060
CD8.TEMRA,Classical Mono-derived,CCL3,CCR1,0.00183312986653428,0,CCL3_CCR1,CCL3 - CCR1,CCL,Secreted Signaling,KEGG: hsa04060
CD8.TEX,Classical Mono-derived,CCL3,CCR1,0.00364296726789619,0,CCL3_CCR1,CCL3 - CCR1,CCL,Secreted Signaling,KEGG: hsa04060
CD8.TPEX,Classical Mono-derived,CCL3,CCR1,0.00237542739361717,0,CCL3_CCR1,CCL3 - CCR1,CCL,Secreted Signaling,KEGG: hsa04060
Classical Mono-derived,Classical Mono-derived,CCL3,CCR1,0.00291198372219208,0,CCL3_CCR1,CCL3 - CCR1,CCL,Secreted Signaling,KEGG: hsa04060
IFN-stimulated,Classical Mono-derived,CCL3,CCR1,0.0147393149519123,0,CCL3_CCR1,CCL3 - CCR1,CCL,Secreted Signaling,KEGG: hsa04060
Inflammatory Mono-derived,Classical Mono-derived,CCL3,CCR1,0.0099616564537418,0,CCL3_CCR1,CCL3 - CCR1,CCL,Secreted Signaling,KEGG: hsa04060
Lipid-associated,Classical Mono-derived,CCL3,CCR1,0.0102629772784693,0,CCL3_CCR1,CCL3 - CCR1,CCL,Secreted Signaling,KEGG: hsa04060
Proliferating,Classical Mono-derived,CCL3,CCR1,0.0129373191818735,0,CCL3_CCR1,CCL3 - CCR1,CCL,Secreted Signaling,KEGG: hsa04060
Resident M2,Classical Mono-derived,CCL3,CCR1,0.0194230374993231,0,CCL3_CCR1,CCL3 - CCR1,CCL,Secreted Signaling,KEGG: hsa04060
Stress-response,Classical Mono-derived,CCL3,CCR1,0.0107895864783437,0,CCL3_CCR1,CCL3 - CCR1,CCL,Secreted Signaling,KEGG: hsa04060
CD8.EM,IFN-stimulated,CCL3,CCR1,0.00192397380241505,0,CCL3_CCR1,CCL3 - CCR1,CCL,Secreted Signaling,KEGG: hsa04060
CD8.TEMRA,IFN-stimulated,CCL3,CCR1,0.00188712981422185,0,CCL3_CCR1,CCL3 - CCR1,CCL,Secreted Signaling,KEGG: hsa04060
CD8.TEX,IFN-stimulated,CCL3,CCR1,0.00375008072057389,0,CCL3_CCR1,CCL3 - CCR1,CCL,Secreted Signaling,KEGG: hsa04060
CD8.TPEX,IFN-stimulated,CCL3,CCR1,0.00244536308978024,0,CCL3_CCR1,CCL3 - CCR1,CCL,Secreted Signaling,KEGG: hsa04060
Classical Mono-derived,IFN-stimulated,CCL3,CCR1,0.00299766887328904,0,CCL3_CCR1,CCL3 - CCR1,CCL,Secreted Signaling,KEGG: hsa04060
IFN-stimulated,IFN-stimulated,CCL3,CCR1,0.0151677253684868,0,CCL3_CCR1,CCL3 - CCR1,CCL,Secreted Signaling,KEGG: hsa04060
Inflammatory Mono-derived,IFN-stimulated,CCL3,CCR1,0.0102526453117073,0,CCL3_CCR1,CCL3 - CCR1,CCL,Secreted Signaling,KEGG: hsa04060
Lipid-associated,IFN-stimulated,CCL3,CCR1,0.0105626740795806,0,CCL3_CCR1,CCL3 - CCR1,CCL,Secreted Signaling,KEGG: hsa04060
Proliferating,IFN-stimulated,CCL3,CCR1,0.013314060872555,0,CCL3_CCR1,CCL3 - CCR1,CCL,Secreted Signaling,KEGG: hsa04060
Resident M2,IFN-stimulated,CCL3,CCR1,0.0199848228372583,0,CCL3_CCR1,CCL3 - CCR1,CCL,Secreted Signaling,KEGG: hsa04060
Stress-response,IFN-stimulated,CCL3,CCR1,0.0111044886502581,0,CCL3_CCR1,CCL3 - CCR1,CCL,Secreted Signaling,KEGG: hsa04060
CD8.EM,Inflammatory Mono-derived,CCL3,CCR1,0.00167070842940929,0,CCL3_CCR1,CCL3 - CCR1,CCL,Secreted Signaling,KEGG: hsa04060
CD8.TEMRA,Inflammatory Mono-derived,CCL3,CCR1,0.00163870649553717,0,CCL3_CCR1,CCL3 - CCR1,CCL,Secreted Signaling,KEGG: hsa04060
CD8.TEX,Inflammatory Mono-derived,CCL3,CCR1,0.00325721732602579,0,CCL3_CCR1,CCL3 - CCR1,CCL,Secreted Signaling,KEGG: hsa04060
CD8.TPEX,Inflammatory Mono-derived,CCL3,CCR1,0.00212360983546871,0,CCL3_CCR1,CCL3 - CCR1,CCL,Secreted Signaling,KEGG: hsa04060
Classical Mono-derived,Inflammatory Mono-derived,CCL3,CCR1,0.00260343460238677,0,CCL3_CCR1,CCL3 - CCR1,CCL,Secreted Signaling,KEGG: hsa04060
IFN-stimulated,Inflammatory Mono-derived,CCL3,CCR1,0.0131941440624814,0,CCL3_CCR1,CCL3 - CCR1,CCL,Secreted Signaling,KEGG: hsa04060
Inflammatory Mono-derived,Inflammatory Mono-derived,CCL3,CCR1,0.00891281239489426,0,CCL3_CCR1,CCL3 - CCR1,CCL,Secreted Signaling,KEGG: hsa04060
Lipid-associated,Inflammatory Mono-derived,CCL3,CCR1,0.00918270197423511,0,CCL3_CCR1,CCL3 - CCR1,CCL,Secreted Signaling,KEGG: hsa04060
Proliferating,Inflammatory Mono-derived,CCL3,CCR1,0.0115788373682831,0,CCL3_CCR1,CCL3 - CCR1,CCL,Secreted Signaling,KEGG: hsa04060
Resident M2,Inflammatory Mono-derived,CCL3,CCR1,0.0173955257177267,0,CCL3_CCR1,CCL3 - CCR1,CCL,Secreted Signaling,KEGG: hsa04060
Stress-response,Inflammatory Mono-derived,CCL3,CCR1,0.00965442128087097,0,CCL3_CCR1,CCL3 - CCR1,CCL,Secreted Signaling,KEGG: hsa04060
CD8.EM,Lipid-associated,CCL3,CCR1,0.00139360259725785,0,CCL3_CCR1,CCL3 - CCR1,CCL,Secreted Signaling,KEGG: hsa04060
CD8.TEMRA,Lipid-associated,CCL3,CCR1,0.00136690127748456,0,CCL3_CCR1,CCL3 - CCR1,CCL,Secreted Signaling,KEGG: hsa04060
CD8.TEX,Lipid-associated,CCL3,CCR1,0.00271768743379238,0,CCL3_CCR1,CCL3 - CCR1,CCL,Secreted Signaling,KEGG: hsa04060
CD8.TPEX,Lipid-associated,CCL3,CCR1,0.00177151849519809,0,CCL3_CCR1,CCL3 - CCR1,CCL,Secreted Signaling,KEGG: hsa04060
Classical Mono-derived,Lipid-associated,CCL3,CCR1,0.00217196218861339,0,CCL3_CCR1,CCL3 - CCR1,CCL,Secreted Signaling,KEGG: hsa04060
IFN-stimulated,Lipid-associated,CCL3,CCR1,0.0110268573020533,0,CCL3_CCR1,CCL3 - CCR1,CCL,Secreted Signaling,KEGG: hsa04060
Inflammatory Mono-derived,Lipid-associated,CCL3,CCR1,0.00744347791099117,0,CCL3_CCR1,CCL3 - CCR1,CCL,Secreted Signaling,KEGG: hsa04060
Lipid-associated,Lipid-associated,CCL3,CCR1,0.00766921875168883,0,CCL3_CCR1,CCL3 - CCR1,CCL,Secreted Signaling,KEGG: hsa04060
Proliferating,Lipid-associated,CCL3,CCR1,0.00967428170420533,0,CCL3_CCR1,CCL3 - CCR1,CCL,Secreted Signaling,KEGG: hsa04060
Resident M2,Lipid-associated,CCL3,CCR1,0.0145482890718904,0,CCL3_CCR1,CCL3 - CCR1,CCL,Secreted Signaling,KEGG: hsa04060
Stress-response,Lipid-associated,CCL3,CCR1,0.00806382254010672,0,CCL3_CCR1,CCL3 - CCR1,CCL,Secreted Signaling,KEGG: hsa04060
CD8.EM,Resident M2,CCL3,CCR1,0.00152506174579599,0,CCL3_CCR1,CCL3 - CCR1,CCL,Secreted Signaling,KEGG: hsa04060
CD8.TEMRA,Resident M2,CCL3,CCR1,0.00149584545164943,0,CCL3_CCR1,CCL3 - CCR1,CCL,Secreted Signaling,KEGG: hsa04060
CD8.TEX,Resident M2,CCL3,CCR1,0.00297367615483045,0,CCL3_CCR1,CCL3 - CCR1,CCL,Secreted Signaling,KEGG: hsa04060
CD8.TPEX,Resident M2,CCL3,CCR1,0.0019385574132853,0,CCL3_CCR1,CCL3 - CCR1,CCL,Secreted Signaling,KEGG: hsa04060
Classical Mono-derived,Resident M2,CCL3,CCR1,0.00237666959544946,0,CCL3_CCR1,CCL3 - CCR1,CCL,Secreted Signaling,KEGG: hsa04060
IFN-stimulated,Resident M2,CCL3,CCR1,0.0120560548853069,0,CCL3_CCR1,CCL3 - CCR1,CCL,Secreted Signaling,KEGG: hsa04060
Inflammatory Mono-derived,Resident M2,CCL3,CCR1,0.00814097203614235,0,CCL3_CCR1,CCL3 - CCR1,CCL,Secreted Signaling,KEGG: hsa04060
Lipid-associated,Resident M2,CCL3,CCR1,0.00838768725766367,0,CCL3_CCR1,CCL3 - CCR1,CCL,Secreted Signaling,KEGG: hsa04060
Proliferating,Resident M2,CCL3,CCR1,0.0105785862922039,0,CCL3_CCR1,CCL3 - CCR1,CCL,Secreted Signaling,KEGG: hsa04060
Resident M2,Resident M2,CCL3,CCR1,0.0159008768725093,0,CCL3_CCR1,CCL3 - CCR1,CCL,Secreted Signaling,KEGG: hsa04060
Stress-response,Resident M2,CCL3,CCR1,0.00881892982532629,0,CCL3_CCR1,CCL3 - CCR1,CCL,Secreted Signaling,KEGG: hsa04060
CD8.EM,Stress-response,CCL3,CCR1,0.00144606382000953,0,CCL3_CCR1,CCL3 - CCR1,CCL,Secreted Signaling,KEGG: hsa04060
CD8.TEMRA,Stress-response,CCL3,CCR1,0.00141835877485546,0,CCL3_CCR1,CCL3 - CCR1,CCL,Secreted Signaling,KEGG: hsa04060
CD8.TEX,Stress-response,CCL3,CCR1,0.0028198521808006,0,CCL3_CCR1,CCL3 - CCR1,CCL,Secreted Signaling,KEGG: hsa04060
CD8.TPEX,Stress-response,CCL3,CCR1,0.00183817991796145,0,CCL3_CCR1,CCL3 - CCR1,CCL,Secreted Signaling,KEGG: hsa04060
Classical Mono-derived,Stress-response,CCL3,CCR1,0.00225365810306844,0,CCL3_CCR1,CCL3 - CCR1,CCL,Secreted Signaling,KEGG: hsa04060
IFN-stimulated,Stress-response,CCL3,CCR1,0.0114378022894272,0,CCL3_CCR1,CCL3 - CCR1,CCL,Secreted Signaling,KEGG: hsa04060
Inflammatory Mono-derived,Stress-response,CCL3,CCR1,0.00772192150749842,0,CCL3_CCR1,CCL3 - CCR1,CCL,Secreted Signaling,KEGG: hsa04060
Lipid-associated,Stress-response,CCL3,CCR1,0.00795603911192056,0,CCL3_CCR1,CCL3 - CCR1,CCL,Secreted Signaling,KEGG: hsa04060
Proliferating,Stress-response,CCL3,CCR1,0.0100353308804887,0,CCL3_CCR1,CCL3 - CCR1,CCL,Secreted Signaling,KEGG: hsa04060
Resident M2,Stress-response,CCL3,CCR1,0.0150884673030332,0,CCL3_CCR1,CCL3 - CCR1,CCL,Secreted Signaling,KEGG: hsa04060
Stress-response,Stress-response,CCL3,CCR1,0.00836527624199136,0,CCL3_CCR1,CCL3 - CCR1,CCL,Secreted Signaling,KEGG: hsa04060
CD8.EM,Classical Mono-derived,CCL3L1,CCR1,0.0021631043951731,0,CCL3L1_CCR1,CCL3L1 - CCR1,CCL,Secreted Signaling,KEGG: hsa04060
CD8.TEX,Classical Mono-derived,CCL3L1,CCR1,0.00232724130201375,0,CCL3L1_CCR1,CCL3L1 - CCR1,CCL,Secreted Signaling,KEGG: hsa04060
CD8.TPEX,Classical Mono-derived,CCL3L1,CCR1,0.00135346000123226,0,CCL3L1_CCR1,CCL3L1 - CCR1,CCL,Secreted Signaling,KEGG: hsa04060
Classical Mono-derived,Classical Mono-derived,CCL3L1,CCR1,0.00245835706782777,0,CCL3L1_CCR1,CCL3L1 - CCR1,CCL,Secreted Signaling,KEGG: hsa04060
IFN-stimulated,Classical Mono-derived,CCL3L1,CCR1,0.00771320951205717,0,CCL3L1_CCR1,CCL3L1 - CCR1,CCL,Secreted Signaling,KEGG: hsa04060
Inflammatory Mono-derived,Classical Mono-derived,CCL3L1,CCR1,0.00267417878146007,0,CCL3L1_CCR1,CCL3L1 - CCR1,CCL,Secreted Signaling,KEGG: hsa04060
Lipid-associated,Classical Mono-derived,CCL3L1,CCR1,0.00263089515089444,0,CCL3L1_CCR1,CCL3L1 - CCR1,CCL,Secreted Signaling,KEGG: hsa04060
Proliferating,Classical Mono-derived,CCL3L1,CCR1,0.0111131209158551,0,CCL3L1_CCR1,CCL3L1 - CCR1,CCL,Secreted Signaling,KEGG: hsa04060
Resident M2,Classical Mono-derived,CCL3L1,CCR1,0.0133002891110519,0,CCL3L1_CCR1,CCL3L1 - CCR1,CCL,Secreted Signaling,KEGG: hsa04060
Stress-response,Classical Mono-derived,CCL3L1,CCR1,0.00202685271759552,0,CCL3L1_CCR1,CCL3L1 - CCR1,CCL,Secreted Signaling,KEGG: hsa04060
CD8.EM,IFN-stimulated,CCL3L1,CCR1,0.00222680297699025,0,CCL3L1_CCR1,CCL3L1 - CCR1,CCL,Secreted Signaling,KEGG: hsa04060
CD8.TEX,IFN-stimulated,CCL3L1,CCR1,0.00239576174334619,0,CCL3L1_CCR1,CCL3L1 - CCR1,CCL,Secreted Signaling,KEGG: hsa04060
CD8.TPEX,IFN-stimulated,CCL3L1,CCR1,0.0013933496607855,0,CCL3L1_CCR1,CCL3L1 - CCR1,CCL,Secreted Signaling,KEGG: hsa04060
Classical Mono-derived,IFN-stimulated,CCL3L1,CCR1,0.00253072812867046,0,CCL3L1_CCR1,CCL3L1 - CCR1,CCL,Secreted Signaling,KEGG: hsa04060
IFN-stimulated,IFN-stimulated,CCL3L1,CCR1,0.00793904590839962,0,CCL3L1_CCR1,CCL3L1 - CCR1,CCL,Secreted Signaling,KEGG: hsa04060
Inflammatory Mono-derived,IFN-stimulated,CCL3L1,CCR1,0.00275288583905654,0,CCL3L1_CCR1,CCL3L1 - CCR1,CCL,Secreted Signaling,KEGG: hsa04060
Lipid-associated,IFN-stimulated,CCL3L1,CCR1,0.00270833173400338,0,CCL3L1_CCR1,CCL3L1 - CCR1,CCL,Secreted Signaling,KEGG: hsa04060
Proliferating,IFN-stimulated,CCL3L1,CCR1,0.0114373565066354,0,CCL3L1_CCR1,CCL3L1 - CCR1,CCL,Secreted Signaling,KEGG: hsa04060
Resident M2,IFN-stimulated,CCL3L1,CCR1,0.0136874541102558,0,CCL3L1_CCR1,CCL3L1 - CCR1,CCL,Secreted Signaling,KEGG: hsa04060
Stress-response,IFN-stimulated,CCL3L1,CCR1,0.0020865473825565,0,CCL3L1_CCR1,CCL3L1 - CCR1,CCL,Secreted Signaling,KEGG: hsa04060
CD8.EM,Inflammatory Mono-derived,CCL3L1,CCR1,0.00193375143507491,0,CCL3L1_CCR1,CCL3L1 - CCR1,CCL,Secreted Signaling,KEGG: hsa04060
CD8.TEX,Inflammatory Mono-derived,CCL3L1,CCR1,0.00208052126803483,0,CCL3L1_CCR1,CCL3L1 - CCR1,CCL,Secreted Signaling,KEGG: hsa04060
CD8.TPEX,Inflammatory Mono-derived,CCL3L1,CCR1,0.00120984917620053,0,CCL3L1_CCR1,CCL3L1 - CCR1,CCL,Secreted Signaling,KEGG: hsa04060
Classical Mono-derived,Inflammatory Mono-derived,CCL3L1,CCR1,0.00219776755456691,0,CCL3L1_CCR1,CCL3L1 - CCR1,CCL,Secreted Signaling,KEGG: hsa04060
IFN-stimulated,Inflammatory Mono-derived,CCL3L1,CCR1,0.00689945042569097,0,CCL3L1_CCR1,CCL3L1 - CCR1,CCL,Secreted Signaling,KEGG: hsa04060
Inflammatory Mono-derived,Inflammatory Mono-derived,CCL3L1,CCR1,0.00239076667425302,0,CCL3L1_CCR1,CCL3L1 - CCR1,CCL,Secreted Signaling,KEGG: hsa04060
Lipid-associated,Inflammatory Mono-derived,CCL3L1,CCR1,0.00235205946718826,0,CCL3L1_CCR1,CCL3L1 - CCR1,CCL,Secreted Signaling,KEGG: hsa04060
Proliferating,Inflammatory Mono-derived,CCL3L1,CCR1,0.00994425905906787,0,CCL3L1_CCR1,CCL3L1 - CCR1,CCL,Secreted Signaling,KEGG: hsa04060
Resident M2,Inflammatory Mono-derived,CCL3L1,CCR1,0.011904153336054,0,CCL3L1_CCR1,CCL3L1 - CCR1,CCL,Secreted Signaling,KEGG: hsa04060
Stress-response,Inflammatory Mono-derived,CCL3L1,CCR1,0.0018119202269327,0,CCL3L1_CCR1,CCL3L1 - CCR1,CCL,Secreted Signaling,KEGG: hsa04060
CD8.EM,Lipid-associated,CCL3L1,CCR1,0.00161308744892675,0,CCL3L1_CCR1,CCL3L1 - CCR1,CCL,Secreted Signaling,KEGG: hsa04060
CD8.TEX,Lipid-associated,CCL3L1,CCR1,0.00173556152264261,0,CCL3L1_CCR1,CCL3L1 - CCR1,CCL,Secreted Signaling,KEGG: hsa04060
CD8.TPEX,Lipid-associated,CCL3L1,CCR1,0.001009104784158,0,CCL3L1_CCR1,CCL3L1 - CCR1,CCL,Secreted Signaling,KEGG: hsa04060
Classical Mono-derived,Lipid-associated,CCL3L1,CCR1,0.00183340356529161,0,CCL3L1_CCR1,CCL3L1 - CCR1,CCL,Secreted Signaling,KEGG: hsa04060
IFN-stimulated,Lipid-associated,CCL3L1,CCR1,0.00576010255818737,0,CCL3L1_CCR1,CCL3L1 - CCR1,CCL,Secreted Signaling,KEGG: hsa04060
Inflammatory Mono-derived,Lipid-associated,CCL3L1,CCR1,0.00199446966041893,0,CCL3L1_CCR1,CCL3L1 - CCR1,CCL,Secreted Signaling,KEGG: hsa04060
Lipid-associated,Lipid-associated,CCL3L1,CCR1,0.00196216599739818,0,CCL3L1_CCR1,CCL3L1 - CCR1,CCL,Secreted Signaling,KEGG: hsa04060
Proliferating,Lipid-associated,CCL3L1,CCR1,0.00830630906614881,0,CCL3L1_CCR1,CCL3L1 - CCR1,CCL,Secreted Signaling,KEGG: hsa04060
Resident M2,Lipid-associated,CCL3L1,CCR1,0.00994662625508697,0,CCL3L1_CCR1,CCL3L1 - CCR1,CCL,Secreted Signaling,KEGG: hsa04060
Stress-response,Lipid-associated,CCL3L1,CCR1,0.00151142828510256,0,CCL3L1_CCR1,CCL3L1 - CCR1,CCL,Secreted Signaling,KEGG: hsa04060
CD8.EM,Resident M2,CCL3L1,CCR1,0.00176521410228894,0,CCL3L1_CCR1,CCL3L1 - CCR1,CCL,Secreted Signaling,KEGG: hsa04060
CD8.TEX,Resident M2,CCL3L1,CCR1,0.00189921645887145,0,CCL3L1_CCR1,CCL3L1 - CCR1,CCL,Secreted Signaling,KEGG: hsa04060
CD8.TPEX,Resident M2,CCL3L1,CCR1,0.00110433419408927,0,CCL3L1_CCR1,CCL3L1 - CCR1,CCL,Secreted Signaling,KEGG: hsa04060
Classical Mono-derived,Resident M2,CCL3L1,CCR1,0.00200626598405009,0,CCL3L1_CCR1,CCL3L1 - CCR1,CCL,Secreted Signaling,KEGG: hsa04060
IFN-stimulated,Resident M2,CCL3L1,CCR1,0.00630085667059431,0,CCL3L1_CCR1,CCL3L1 - CCR1,CCL,Secreted Signaling,KEGG: hsa04060
Inflammatory Mono-derived,Resident M2,CCL3L1,CCR1,0.00218248498841726,0,CCL3L1_CCR1,CCL3L1 - CCR1,CCL,Secreted Signaling,KEGG: hsa04060
Lipid-associated,Resident M2,CCL3L1,CCR1,0.00214714266454035,0,CCL3L1_CCR1,CCL3L1 - CCR1,CCL,Secreted Signaling,KEGG: hsa04060
Proliferating,Resident M2,CCL3L1,CCR1,0.00908391517555458,0,CCL3L1_CCR1,CCL3L1 - CCR1,CCL,Secreted Signaling,KEGG: hsa04060
Resident M2,Resident M2,CCL3L1,CCR1,0.010876108698482,0,CCL3L1_CCR1,CCL3L1 - CCR1,CCL,Secreted Signaling,KEGG: hsa04060
Stress-response,Resident M2,CCL3L1,CCR1,0.00165398357388089,0,CCL3L1_CCR1,CCL3L1 - CCR1,CCL,Secreted Signaling,KEGG: hsa04060
CD8.EM,Stress-response,CCL3L1,CCR1,0.00167379718095725,0,CCL3L1_CCR1,CCL3L1 - CCR1,CCL,Secreted Signaling,KEGG: hsa04060
CD8.TEX,Stress-response,CCL3L1,CCR1,0.0018008723421204,0,CCL3L1_CCR1,CCL3L1 - CCR1,CCL,Secreted Signaling,KEGG: hsa04060
CD8.TPEX,Stress-response,CCL3L1,CCR1,0.00104710702516523,0,CCL3L1_CCR1,CCL3L1 - CCR1,CCL,Secreted Signaling,KEGG: hsa04060
Classical Mono-derived,Stress-response,CCL3L1,CCR1,0.00190238925669138,0,CCL3L1_CCR1,CCL3L1 - CCR1,CCL,Secreted Signaling,KEGG: hsa04060
IFN-stimulated,Stress-response,CCL3L1,CCR1,0.00597595404286689,0,CCL3L1_CCR1,CCL3L1 - CCR1,CCL,Secreted Signaling,KEGG: hsa04060
Inflammatory Mono-derived,Stress-response,CCL3L1,CCR1,0.00206950323954349,0,CCL3L1_CCR1,CCL3L1 - CCR1,CCL,Secreted Signaling,KEGG: hsa04060
Lipid-associated,Stress-response,CCL3L1,CCR1,0.00203598676557091,0,CCL3L1_CCR1,CCL3L1 - CCR1,CCL,Secreted Signaling,KEGG: hsa04060
Proliferating,Stress-response,CCL3L1,CCR1,0.00861674901109895,0,CCL3L1_CCR1,CCL3L1 - CCR1,CCL,Secreted Signaling,KEGG: hsa04060
Resident M2,Stress-response,CCL3L1,CCR1,0.010317733575993,0,CCL3L1_CCR1,CCL3L1 - CCR1,CCL,Secreted Signaling,KEGG: hsa04060
Stress-response,Stress-response,CCL3L1,CCR1,0.00156831800987275,0,CCL3L1_CCR1,CCL3L1 - CCR1,CCL,Secreted Signaling,KEGG: hsa04060
IFN-stimulated,Classical Mono-derived,CCL8,CCR1,0.00136510476631474,0,CCL8_CCR1,CCL8 - CCR1,CCL,Secreted Signaling,KEGG: hsa04060
IFN-stimulated,IFN-stimulated,CCL8,CCR1,0.00140533714160575,0,CCL8_CCR1,CCL8 - CCR1,CCL,Secreted Signaling,KEGG: hsa04060
IFN-stimulated,Inflammatory Mono-derived,CCL8,CCR1,0.00122025986647066,0,CCL8_CCR1,CCL8 - CCR1,CCL,Secreted Signaling,KEGG: hsa04060
IFN-stimulated,Lipid-associated,CCL8,CCR1,0.00101778983945883,0,CCL8_CCR1,CCL8 - CCR1,CCL,Secreted Signaling,KEGG: hsa04060
IFN-stimulated,Resident M2,CCL8,CCR1,0.00111383794587138,0,CCL8_CCR1,CCL8 - CCR1,CCL,Secreted Signaling,KEGG: hsa04060
IFN-stimulated,Stress-response,CCL8,CCR1,0.00105611880831843,0,CCL8_CCR1,CCL8 - CCR1,CCL,Secreted Signaling,KEGG: hsa04060
IFN-stimulated,Classical Mono-derived,CCL8,CCR2,0.0013233819714862,0,CCL8_CCR2,CCL8 - CCR2,CCL,Secreted Signaling,KEGG: hsa04060
Classical Mono-derived,Classical Mono-derived,CCL2,CCR2,0.00153806303769684,0,CCL2_CCR2,CCL2 - CCR2,CCL,Secreted Signaling,KEGG: hsa04060
IFN-stimulated,Classical Mono-derived,CCL2,CCR2,0.00630232576154393,0,CCL2_CCR2,CCL2 - CCR2,CCL,Secreted Signaling,KEGG: hsa04060
Inflammatory Mono-derived,Classical Mono-derived,CCL2,CCR2,0.00198093917845785,0,CCL2_CCR2,CCL2 - CCR2,CCL,Secreted Signaling,KEGG: hsa04060
Lipid-associated,Classical Mono-derived,CCL2,CCR2,0.00331805238588468,0,CCL2_CCR2,CCL2 - CCR2,CCL,Secreted Signaling,KEGG: hsa04060
Proliferating,Classical Mono-derived,CCL2,CCR2,0.00339297866003223,0,CCL2_CCR2,CCL2 - CCR2,CCL,Secreted Signaling,KEGG: hsa04060
Resident M2,Classical Mono-derived,CCL2,CCR2,0.00253879750825741,0,CCL2_CCR2,CCL2 - CCR2,CCL,Secreted Signaling,KEGG: hsa04060
Stress-response,Classical Mono-derived,CCL2,CCR2,0.00269797754824044,0,CCL2_CCR2,CCL2 - CCR2,CCL,Secreted Signaling,KEGG: hsa04060
CD8.MAIT,CD8.MAIT,CCL20,CCR6,0.00488599397226362,0,CCL20_CCR6,CCL20 - CCR6,CCL,Secreted Signaling,KEGG: hsa04060
Inflammatory Mono-derived,CD8.MAIT,CCL20,CCR6,0.00302468560018882,0,CCL20_CCR6,CCL20 - CCR6,CCL,Secreted Signaling,KEGG: hsa04060
Classical Mono-derived,CD8.CM,CXCL9,CXCR3,0.00038640727641617,0,CXCL9_CXCR3,CXCL9 - CXCR3,CXCL,Secreted Signaling,KEGG: hsa04060
IFN-stimulated,CD8.CM,CXCL9,CXCR3,0.0108566252921384,0,CXCL9_CXCR3,CXCL9 - CXCR3,CXCL,Secreted Signaling,KEGG: hsa04060
Classical Mono-derived,CD8.EM,CXCL9,CXCR3,0.000429566963046125,0,CXCL9_CXCR3,CXCL9 - CXCR3,CXCL,Secreted Signaling,KEGG: hsa04060
IFN-stimulated,CD8.EM,CXCL9,CXCR3,0.0120551503976214,0,CXCL9_CXCR3,CXCL9 - CXCR3,CXCL,Secreted Signaling,KEGG: hsa04060
Classical Mono-derived,CD8.TEX,CXCL9,CXCR3,0.000337321221643338,0,CXCL9_CXCR3,CXCL9 - CXCR3,CXCL,Secreted Signaling,KEGG: hsa04060
IFN-stimulated,CD8.TEX,CXCL9,CXCR3,0.00949011465692281,0,CXCL9_CXCR3,CXCL9 - CXCR3,CXCL,Secreted Signaling,KEGG: hsa04060
Classical Mono-derived,CD8.TPEX,CXCL9,CXCR3,0.000247828587561495,0,CXCL9_CXCR3,CXCL9 - CXCR3,CXCL,Secreted Signaling,KEGG: hsa04060
IFN-stimulated,CD8.TPEX,CXCL9,CXCR3,0.00698932798589985,0,CXCL9_CXCR3,CXCL9 - CXCR3,CXCL,Secreted Signaling,KEGG: hsa04060
Classical Mono-derived,CD8.CM,CXCL10,CXCR3,0.00497025051449419,0,CXCL10_CXCR3,CXCL10 - CXCR3,CXCL,Secreted Signaling,KEGG: hsa04060
IFN-stimulated,CD8.CM,CXCL10,CXCR3,0.026908633747839,0,CXCL10_CXCR3,CXCL10 - CXCR3,CXCL,Secreted Signaling,KEGG: hsa04060
Proliferating,CD8.CM,CXCL10,CXCR3,0.00405933329598278,0,CXCL10_CXCR3,CXCL10 - CXCR3,CXCL,Secreted Signaling,KEGG: hsa04060
Classical Mono-derived,CD8.EM,CXCL10,CXCR3,0.00552257308903762,0,CXCL10_CXCR3,CXCL10 - CXCR3,CXCL,Secreted Signaling,KEGG: hsa04060
IFN-stimulated,CD8.EM,CXCL10,CXCR3,0.0298257984826897,0,CXCL10_CXCR3,CXCL10 - CXCR3,CXCL,Secreted Signaling,KEGG: hsa04060
Proliferating,CD8.EM,CXCL10,CXCR3,0.00451088845717461,0,CXCL10_CXCR3,CXCL10 - CXCR3,CXCL,Secreted Signaling,KEGG: hsa04060
Classical Mono-derived,CD8.TEX,CXCL10,CXCR3,0.00434139904257273,0,CXCL10_CXCR3,CXCL10 - CXCR3,CXCL,Secreted Signaling,KEGG: hsa04060
IFN-stimulated,CD8.TEX,CXCL10,CXCR3,0.0235698199849468,0,CXCL10_CXCR3,CXCL10 - CXCR3,CXCL,Secreted Signaling,KEGG: hsa04060
Proliferating,CD8.TEX,CXCL10,CXCR3,0.00354532324187744,0,CXCL10_CXCR3,CXCL10 - CXCR3,CXCL,Secreted Signaling,KEGG: hsa04060
Classical Mono-derived,CD8.TPEX,CXCL10,CXCR3,0.00319300202780748,0,CXCL10_CXCR3,CXCL10 - CXCR3,CXCL,Secreted Signaling,KEGG: hsa04060
IFN-stimulated,CD8.TPEX,CXCL10,CXCR3,0.0174240875376498,0,CXCL10_CXCR3,CXCL10 - CXCR3,CXCL,Secreted Signaling,KEGG: hsa04060
Proliferating,CD8.TPEX,CXCL10,CXCR3,0.002606954691498,0,CXCL10_CXCR3,CXCL10 - CXCR3,CXCL,Secreted Signaling,KEGG: hsa04060
IFN-stimulated,CD8.CM,CXCL11,CXCR3,0.0040286782428849,0,CXCL11_CXCR3,CXCL11 - CXCR3,CXCL,Secreted Signaling,KEGG: hsa04060
IFN-stimulated,CD8.EM,CXCL11,CXCR3,0.00447683870266892,0,CXCL11_CXCR3,CXCL11 - CXCR3,CXCL,Secreted Signaling,KEGG: hsa04060
IFN-stimulated,CD8.TEX,CXCL11,CXCR3,0.0035185361485626,0,CXCL11_CXCR3,CXCL11 - CXCR3,CXCL,Secreted Signaling,KEGG: hsa04060
IFN-stimulated,CD8.TPEX,CXCL11,CXCR3,0.00258723913991734,0,CXCL11_CXCR3,CXCL11 - CXCR3,CXCL,Secreted Signaling,KEGG: hsa04060
CD8.TEX,CD8.CM,CXCL13,CXCR3,0.0178564524003853,0,CXCL13_CXCR3,CXCL13 - CXCR3,CXCL,Secreted Signaling,KEGG: hsa04060
CD8.TPEX,CD8.CM,CXCL13,CXCR3,0.0163518587728584,0,CXCL13_CXCR3,CXCL13 - CXCR3,CXCL,Secreted Signaling,KEGG: hsa04060
CD8.TEX,CD8.EM,CXCL13,CXCR3,0.0198122505734688,0,CXCL13_CXCR3,CXCL13 - CXCR3,CXCL,Secreted Signaling,KEGG: hsa04060
CD8.TPEX,CD8.EM,CXCL13,CXCR3,0.0181459051625098,0,CXCL13_CXCR3,CXCL13 - CXCR3,CXCL,Secreted Signaling,KEGG: hsa04060
CD8.TEX,CD8.TEX,CXCL13,CXCR3,0.0156227974729684,0,CXCL13_CXCR3,CXCL13 - CXCR3,CXCL,Secreted Signaling,KEGG: hsa04060
CD8.TPEX,CD8.TEX,CXCL13,CXCR3,0.0143036717059312,0,CXCL13_CXCR3,CXCL13 - CXCR3,CXCL,Secreted Signaling,KEGG: hsa04060
CD8.TEX,CD8.TPEX,CXCL13,CXCR3,0.0115247605376215,0,CXCL13_CXCR3,CXCL13 - CXCR3,CXCL,Secreted Signaling,KEGG: hsa04060
CD8.TPEX,CD8.TPEX,CXCL13,CXCR3,0.0105479486738912,0,CXCL13_CXCR3,CXCL13 - CXCR3,CXCL,Secreted Signaling,KEGG: hsa04060
Classical Mono-derived,CD8.EM,CXCL16,CXCR6,0.00947748616536574,0,CXCL16_CXCR6,CXCL16 - CXCR6,CXCL,Secreted Signaling,KEGG: hsa04060
IFN-stimulated,CD8.EM,CXCL16,CXCR6,0.0125561463478896,0,CXCL16_CXCR6,CXCL16 - CXCR6,CXCL,Secreted Signaling,KEGG: hsa04060
Inflammatory Mono-derived,CD8.EM,CXCL16,CXCR6,0.0122254067721667,0,CXCL16_CXCR6,CXCL16 - CXCR6,CXCL,Secreted Signaling,KEGG: hsa04060
Lipid-associated,CD8.EM,CXCL16,CXCR6,0.011349325431258,0,CXCL16_CXCR6,CXCL16 - CXCR6,CXCL,Secreted Signaling,KEGG: hsa04060
Proliferating,CD8.EM,CXCL16,CXCR6,0.0035482318675323,0,CXCL16_CXCR6,CXCL16 - CXCR6,CXCL,Secreted Signaling,KEGG: hsa04060
Resident M2,CD8.EM,CXCL16,CXCR6,0.0125104152404258,0,CXCL16_CXCR6,CXCL16 - CXCR6,CXCL,Secreted Signaling,KEGG: hsa04060
Stress-response,CD8.EM,CXCL16,CXCR6,0.012369204755632,0,CXCL16_CXCR6,CXCL16 - CXCR6,CXCL,Secreted Signaling,KEGG: hsa04060
Classical Mono-derived,CD8.MAIT,CXCL16,CXCR6,0.0112136764495776,0,CXCL16_CXCR6,CXCL16 - CXCR6,CXCL,Secreted Signaling,KEGG: hsa04060
IFN-stimulated,CD8.MAIT,CXCL16,CXCR6,0.0148478654421814,0,CXCL16_CXCR6,CXCL16 - CXCR6,CXCL,Secreted Signaling,KEGG: hsa04060
Inflammatory Mono-derived,CD8.MAIT,CXCL16,CXCR6,0.0144576438814283,0,CXCL16_CXCR6,CXCL16 - CXCR6,CXCL,Secreted Signaling,KEGG: hsa04060
Lipid-associated,CD8.MAIT,CXCL16,CXCR6,0.013423772735326,0,CXCL16_CXCR6,CXCL16 - CXCR6,CXCL,Secreted Signaling,KEGG: hsa04060
Proliferating,CD8.MAIT,CXCL16,CXCR6,0.00420284480600912,0,CXCL16_CXCR6,CXCL16 - CXCR6,CXCL,Secreted Signaling,KEGG: hsa04060
Resident M2,CD8.MAIT,CXCL16,CXCR6,0.0147939126487062,0,CXCL16_CXCR6,CXCL16 - CXCR6,CXCL,Secreted Signaling,KEGG: hsa04060
Stress-response,CD8.MAIT,CXCL16,CXCR6,0.0146273091306427,0,CXCL16_CXCR6,CXCL16 - CXCR6,CXCL,Secreted Signaling,KEGG: hsa04060
Classical Mono-derived,CD8.TEX,CXCL16,CXCR6,0.029796111734997,0,CXCL16_CXCR6,CXCL16 - CXCR6,CXCL,Secreted Signaling,KEGG: hsa04060
IFN-stimulated,CD8.TEX,CXCL16,CXCR6,0.0392137618787406,0,CXCL16_CXCR6,CXCL16 - CXCR6,CXCL,Secreted Signaling,KEGG: hsa04060
Inflammatory Mono-derived,CD8.TEX,CXCL16,CXCR6,0.0382080082491258,0,CXCL16_CXCR6,CXCL16 - CXCR6,CXCL,Secreted Signaling,KEGG: hsa04060
Lipid-associated,CD8.TEX,CXCL16,CXCR6,0.0355369815820438,0,CXCL16_CXCR6,CXCL16 - CXCR6,CXCL,Secreted Signaling,KEGG: hsa04060
Proliferating,CD8.TEX,CXCL16,CXCR6,0.0113002463485983,0,CXCL16_CXCR6,CXCL16 - CXCR6,CXCL,Secreted Signaling,KEGG: hsa04060
Resident M2,CD8.TEX,CXCL16,CXCR6,0.0390747823213855,0,CXCL16_CXCR6,CXCL16 - CXCR6,CXCL,Secreted Signaling,KEGG: hsa04060
Stress-response,CD8.TEX,CXCL16,CXCR6,0.0386454626940598,0,CXCL16_CXCR6,CXCL16 - CXCR6,CXCL,Secreted Signaling,KEGG: hsa04060
Classical Mono-derived,CD8.TPEX,CXCL16,CXCR6,0.0101892165575356,0,CXCL16_CXCR6,CXCL16 - CXCR6,CXCL,Secreted Signaling,KEGG: hsa04060
IFN-stimulated,CD8.TPEX,CXCL16,CXCR6,0.0134959246723376,0,CXCL16_CXCR6,CXCL16 - CXCR6,CXCL,Secreted Signaling,KEGG: hsa04060
Inflammatory Mono-derived,CD8.TPEX,CXCL16,CXCR6,0.0131407599662339,0,CXCL16_CXCR6,CXCL16 - CXCR6,CXCL,Secreted Signaling,KEGG: hsa04060
Lipid-associated,CD8.TPEX,CXCL16,CXCR6,0.0121998939194847,0,CXCL16_CXCR6,CXCL16 - CXCR6,CXCL,Secreted Signaling,KEGG: hsa04060
Proliferating,CD8.TPEX,CXCL16,CXCR6,0.00381640887933425,0,CXCL16_CXCR6,CXCL16 - CXCR6,CXCL,Secreted Signaling,KEGG: hsa04060
Resident M2,CD8.TPEX,CXCL16,CXCR6,0.0134468173817219,0,CXCL16_CXCR6,CXCL16 - CXCR6,CXCL,Secreted Signaling,KEGG: hsa04060
Stress-response,CD8.TPEX,CXCL16,CXCR6,0.0132951796243957,0,CXCL16_CXCR6,CXCL16 - CXCR6,CXCL,Secreted Signaling,KEGG: hsa04060
CD8.TEX,CD8.CM,MIF,CD74_CXCR4,0.145424584936754,0,MIF_CD74_CXCR4,MIF - (CD74+CXCR4),MIF,Secreted Signaling,PMID: 29637711; PMID: 24760155
CD8.TPEX,CD8.CM,MIF,CD74_CXCR4,0.140975040795244,0.01,MIF_CD74_CXCR4,MIF - (CD74+CXCR4),MIF,Secreted Signaling,PMID: 29637711; PMID: 24760155
Classical Mono-derived,CD8.CM,MIF,CD74_CXCR4,0.151398302351233,0.01,MIF_CD74_CXCR4,MIF - (CD74+CXCR4),MIF,Secreted Signaling,PMID: 29637711; PMID: 24760155
Inflammatory Mono-derived,CD8.CM,MIF,CD74_CXCR4,0.163923981702982,0,MIF_CD74_CXCR4,MIF - (CD74+CXCR4),MIF,Secreted Signaling,PMID: 29637711; PMID: 24760155
Proliferating,CD8.CM,MIF,CD74_CXCR4,0.152347580511058,0,MIF_CD74_CXCR4,MIF - (CD74+CXCR4),MIF,Secreted Signaling,PMID: 29637711; PMID: 24760155
Stress-response,CD8.CM,MIF,CD74_CXCR4,0.142776621409113,0,MIF_CD74_CXCR4,MIF - (CD74+CXCR4),MIF,Secreted Signaling,PMID: 29637711; PMID: 24760155
CD8.CM,CD8.EM,MIF,CD74_CXCR4,0.145399475287482,0,MIF_CD74_CXCR4,MIF - (CD74+CXCR4),MIF,Secreted Signaling,PMID: 29637711; PMID: 24760155
CD8.EM,CD8.EM,MIF,CD74_CXCR4,0.143134711232811,0,MIF_CD74_CXCR4,MIF - (CD74+CXCR4),MIF,Secreted Signaling,PMID: 29637711; PMID: 24760155
CD8.NaiveLike,CD8.EM,MIF,CD74_CXCR4,0.146835804170701,0,MIF_CD74_CXCR4,MIF - (CD74+CXCR4),MIF,Secreted Signaling,PMID: 29637711; PMID: 24760155
CD8.TEX,CD8.EM,MIF,CD74_CXCR4,0.16387425403136,0,MIF_CD74_CXCR4,MIF - (CD74+CXCR4),MIF,Secreted Signaling,PMID: 29637711; PMID: 24760155
CD8.TPEX,CD8.EM,MIF,CD74_CXCR4,0.158965213804689,0,MIF_CD74_CXCR4,MIF - (CD74+CXCR4),MIF,Secreted Signaling,PMID: 29637711; PMID: 24760155
Classical Mono-derived,CD8.EM,MIF,CD74_CXCR4,0.170454676739079,0,MIF_CD74_CXCR4,MIF - (CD74+CXCR4),MIF,Secreted Signaling,PMID: 29637711; PMID: 24760155
IFN-stimulated,CD8.EM,MIF,CD74_CXCR4,0.157515436258829,0,MIF_CD74_CXCR4,MIF - (CD74+CXCR4),MIF,Secreted Signaling,PMID: 29637711; PMID: 24760155
Inflammatory Mono-derived,CD8.EM,MIF,CD74_CXCR4,0.184214704570025,0,MIF_CD74_CXCR4,MIF - (CD74+CXCR4),MIF,Secreted Signaling,PMID: 29637711; PMID: 24760155
Lipid-associated,CD8.EM,MIF,CD74_CXCR4,0.151803645364599,0,MIF_CD74_CXCR4,MIF - (CD74+CXCR4),MIF,Secreted Signaling,PMID: 29637711; PMID: 24760155
Proliferating,CD8.EM,MIF,CD74_CXCR4,0.171499292280625,0,MIF_CD74_CXCR4,MIF - (CD74+CXCR4),MIF,Secreted Signaling,PMID: 29637711; PMID: 24760155
Stress-response,CD8.EM,MIF,CD74_CXCR4,0.160953621932425,0,MIF_CD74_CXCR4,MIF - (CD74+CXCR4),MIF,Secreted Signaling,PMID: 29637711; PMID: 24760155
Classical Mono-derived,CD8.MAIT,MIF,CD74_CXCR4,0.146399524913633,0.04,MIF_CD74_CXCR4,MIF - (CD74+CXCR4),MIF,Secreted Signaling,PMID: 29637711; PMID: 24760155
Inflammatory Mono-derived,CD8.MAIT,MIF,CD74_CXCR4,0.158588927146585,0,MIF_CD74_CXCR4,MIF - (CD74+CXCR4),MIF,Secreted Signaling,PMID: 29637711; PMID: 24760155
Proliferating,CD8.MAIT,MIF,CD74_CXCR4,0.147322901681972,0,MIF_CD74_CXCR4,MIF - (CD74+CXCR4),MIF,Secreted Signaling,PMID: 29637711; PMID: 24760155
Inflammatory Mono-derived,CD8.NaiveLike,MIF,CD74_CXCR4,0.146561241607055,0,MIF_CD74_CXCR4,MIF - (CD74+CXCR4),MIF,Secreted Signaling,PMID: 29637711; PMID: 24760155
Inflammatory Mono-derived,CD8.TEMRA,MIF,CD74_CXCR4,0.146896327998496,0.04,MIF_CD74_CXCR4,MIF - (CD74+CXCR4),MIF,Secreted Signaling,PMID: 29637711; PMID: 24760155
CD8.TEX,CD8.TEX,MIF,CD74_CXCR4,0.142579589847014,0,MIF_CD74_CXCR4,MIF - (CD74+CXCR4),MIF,Secreted Signaling,PMID: 29637711; PMID: 24760155
Classical Mono-derived,CD8.TEX,MIF,CD74_CXCR4,0.148456743168889,0.01,MIF_CD74_CXCR4,MIF - (CD74+CXCR4),MIF,Secreted Signaling,PMID: 29637711; PMID: 24760155
Inflammatory Mono-derived,CD8.TEX,MIF,CD74_CXCR4,0.160785168171585,0,MIF_CD74_CXCR4,MIF - (CD74+CXCR4),MIF,Secreted Signaling,PMID: 29637711; PMID: 24760155
Proliferating,CD8.TEX,MIF,CD74_CXCR4,0.149390824451614,0,MIF_CD74_CXCR4,MIF - (CD74+CXCR4),MIF,Secreted Signaling,PMID: 29637711; PMID: 24760155
CD8.TEX,CD8.TPEX,MIF,CD74_CXCR4,0.149266274557467,0,MIF_CD74_CXCR4,MIF - (CD74+CXCR4),MIF,Secreted Signaling,PMID: 29637711; PMID: 24760155
CD8.TPEX,CD8.TPEX,MIF,CD74_CXCR4,0.144719092158203,0,MIF_CD74_CXCR4,MIF - (CD74+CXCR4),MIF,Secreted Signaling,PMID: 29637711; PMID: 24760155
Classical Mono-derived,CD8.TPEX,MIF,CD74_CXCR4,0.155369109159505,0,MIF_CD74_CXCR4,MIF - (CD74+CXCR4),MIF,Secreted Signaling,PMID: 29637711; PMID: 24760155
IFN-stimulated,CD8.TPEX,MIF,CD74_CXCR4,0.143377091180035,0.02,MIF_CD74_CXCR4,MIF - (CD74+CXCR4),MIF,Secreted Signaling,PMID: 29637711; PMID: 24760155
Inflammatory Mono-derived,CD8.TPEX,MIF,CD74_CXCR4,0.168158207579675,0,MIF_CD74_CXCR4,MIF - (CD74+CXCR4),MIF,Secreted Signaling,PMID: 29637711; PMID: 24760155
Proliferating,CD8.TPEX,MIF,CD74_CXCR4,0.156338697718803,0,MIF_CD74_CXCR4,MIF - (CD74+CXCR4),MIF,Secreted Signaling,PMID: 29637711; PMID: 24760155
Stress-response,CD8.TPEX,MIF,CD74_CXCR4,0.146560356346059,0,MIF_CD74_CXCR4,MIF - (CD74+CXCR4),MIF,Secreted Signaling,PMID: 29637711; PMID: 24760155
Inflammatory Mono-derived,IFN-stimulated,MIF,CD74_CXCR4,0.143066966293791,0.01,MIF_CD74_CXCR4,MIF - (CD74+CXCR4),MIF,Secreted Signaling,PMID: 29637711; PMID: 24760155
Inflammatory Mono-derived,Inflammatory Mono-derived,MIF,CD74_CXCR4,0.145298495913273,0,MIF_CD74_CXCR4,MIF - (CD74+CXCR4),MIF,Secreted Signaling,PMID: 29637711; PMID: 24760155
CD8.TEX,Resident M2,MIF,CD74_CXCR4,0.14158683773531,0,MIF_CD74_CXCR4,MIF - (CD74+CXCR4),MIF,Secreted Signaling,PMID: 29637711; PMID: 24760155
Classical Mono-derived,Resident M2,MIF,CD74_CXCR4,0.147430105933147,0.02,MIF_CD74_CXCR4,MIF - (CD74+CXCR4),MIF,Secreted Signaling,PMID: 29637711; PMID: 24760155
Inflammatory Mono-derived,Resident M2,MIF,CD74_CXCR4,0.159689262972445,0,MIF_CD74_CXCR4,MIF - (CD74+CXCR4),MIF,Secreted Signaling,PMID: 29637711; PMID: 24760155
Proliferating,Resident M2,MIF,CD74_CXCR4,0.148358853077611,0,MIF_CD74_CXCR4,MIF - (CD74+CXCR4),MIF,Secreted Signaling,PMID: 29637711; PMID: 24760155
Inflammatory Mono-derived,CD8.CM,MIF,CD74_CD44,0.114911852587164,0,MIF_CD74_CD44,MIF - (CD74+CD44),MIF,Secreted Signaling,PMID: 29637711; PMID: 26175090
CD8.TEX,CD8.EM,MIF,CD74_CD44,0.120108577027287,0,MIF_CD74_CD44,MIF - (CD74+CD44),MIF,Secreted Signaling,PMID: 29637711; PMID: 26175090
CD8.TPEX,CD8.EM,MIF,CD74_CD44,0.116328184209277,0,MIF_CD74_CD44,MIF - (CD74+CD44),MIF,Secreted Signaling,PMID: 29637711; PMID: 26175090
Classical Mono-derived,CD8.EM,MIF,CD74_CD44,0.125194717654807,0,MIF_CD74_CD44,MIF - (CD74+CD44),MIF,Secreted Signaling,PMID: 29637711; PMID: 26175090
IFN-stimulated,CD8.EM,MIF,CD74_CD44,0.115213990982554,0,MIF_CD74_CD44,MIF - (CD74+CD44),MIF,Secreted Signaling,PMID: 29637711; PMID: 26175090
Inflammatory Mono-derived,CD8.EM,MIF,CD74_CD44,0.135899668923276,0,MIF_CD74_CD44,MIF - (CD74+CD44),MIF,Secreted Signaling,PMID: 29637711; PMID: 26175090
Lipid-associated,CD8.EM,MIF,CD74_CD44,0.110834328066318,0,MIF_CD74_CD44,MIF - (CD74+CD44),MIF,Secreted Signaling,PMID: 29637711; PMID: 26175090
Proliferating,CD8.EM,MIF,CD74_CD44,0.126004093205961,0,MIF_CD74_CD44,MIF - (CD74+CD44),MIF,Secreted Signaling,PMID: 29637711; PMID: 26175090
Stress-response,CD8.EM,MIF,CD74_CD44,0.117858006237699,0,MIF_CD74_CD44,MIF - (CD74+CD44),MIF,Secreted Signaling,PMID: 29637711; PMID: 26175090
Inflammatory Mono-derived,CD8.TEX,MIF,CD74_CD44,0.120004453633765,0,MIF_CD74_CD44,MIF - (CD74+CD44),MIF,Secreted Signaling,PMID: 29637711; PMID: 26175090
Proliferating,CD8.TEX,MIF,CD74_CD44,0.111117457120265,0.03,MIF_CD74_CD44,MIF - (CD74+CD44),MIF,Secreted Signaling,PMID: 29637711; PMID: 26175090
Inflammatory Mono-derived,CD8.TPEX,MIF,CD74_CD44,0.118672494069053,0,MIF_CD74_CD44,MIF - (CD74+CD44),MIF,Secreted Signaling,PMID: 29637711; PMID: 26175090
CD8.CM,Classical Mono-derived,MIF,CD74_CD44,0.146543319224,0,MIF_CD74_CD44,MIF - (CD74+CD44),MIF,Secreted Signaling,PMID: 29637711; PMID: 26175090
CD8.EM,Classical Mono-derived,MIF,CD74_CD44,0.144263746090501,0,MIF_CD74_CD44,MIF - (CD74+CD44),MIF,Secreted Signaling,PMID: 29637711; PMID: 26175090
CD8.MAIT,Classical Mono-derived,MIF,CD74_CD44,0.138504476460811,0,MIF_CD74_CD44,MIF - (CD74+CD44),MIF,Secreted Signaling,PMID: 29637711; PMID: 26175090
CD8.NaiveLike,Classical Mono-derived,MIF,CD74_CD44,0.147988990871589,0,MIF_CD74_CD44,MIF - (CD74+CD44),MIF,Secreted Signaling,PMID: 29637711; PMID: 26175090
CD8.TEX,Classical Mono-derived,MIF,CD74_CD44,0.165135353234476,0,MIF_CD74_CD44,MIF - (CD74+CD44),MIF,Secreted Signaling,PMID: 29637711; PMID: 26175090
CD8.TPEX,Classical Mono-derived,MIF,CD74_CD44,0.160195773275726,0,MIF_CD74_CD44,MIF - (CD74+CD44),MIF,Secreted Signaling,PMID: 29637711; PMID: 26175090
Classical Mono-derived,Classical Mono-derived,MIF,CD74_CD44,0.1717560134022,0,MIF_CD74_CD44,MIF - (CD74+CD44),MIF,Secreted Signaling,PMID: 29637711; PMID: 26175090
IFN-stimulated,Classical Mono-derived,MIF,CD74_CD44,0.158736891107225,0,MIF_CD74_CD44,MIF - (CD74+CD44),MIF,Secreted Signaling,PMID: 29637711; PMID: 26175090
Inflammatory Mono-derived,Classical Mono-derived,MIF,CD74_CD44,0.185597588715388,0,MIF_CD74_CD44,MIF - (CD74+CD44),MIF,Secreted Signaling,PMID: 29637711; PMID: 26175090
Lipid-associated,Classical Mono-derived,MIF,CD74_CD44,0.152988851197593,0,MIF_CD74_CD44,MIF - (CD74+CD44),MIF,Secreted Signaling,PMID: 29637711; PMID: 26175090
Proliferating,Classical Mono-derived,MIF,CD74_CD44,0.172806942724624,0,MIF_CD74_CD44,MIF - (CD74+CD44),MIF,Secreted Signaling,PMID: 29637711; PMID: 26175090
Resident M2,Classical Mono-derived,MIF,CD74_CD44,0.119350826650842,0.03,MIF_CD74_CD44,MIF - (CD74+CD44),MIF,Secreted Signaling,PMID: 29637711; PMID: 26175090
Stress-response,Classical Mono-derived,MIF,CD74_CD44,0.162196605314713,0,MIF_CD74_CD44,MIF - (CD74+CD44),MIF,Secreted Signaling,PMID: 29637711; PMID: 26175090
CD8.CM,IFN-stimulated,MIF,CD74_CD44,0.149422707977006,0,MIF_CD74_CD44,MIF - (CD74+CD44),MIF,Secreted Signaling,PMID: 29637711; PMID: 26175090
CD8.EM,IFN-stimulated,MIF,CD74_CD44,0.14710606449613,0,MIF_CD74_CD44,MIF - (CD74+CD44),MIF,Secreted Signaling,PMID: 29637711; PMID: 26175090
CD8.MAIT,IFN-stimulated,MIF,CD74_CD44,0.141252054375536,0,MIF_CD74_CD44,MIF - (CD74+CD44),MIF,Secreted Signaling,PMID: 29637711; PMID: 26175090
CD8.NaiveLike,IFN-stimulated,MIF,CD74_CD44,0.150891763092545,0,MIF_CD74_CD44,MIF - (CD74+CD44),MIF,Secreted Signaling,PMID: 29637711; PMID: 26175090
CD8.TEX,IFN-stimulated,MIF,CD74_CD44,0.16830800988266,0,MIF_CD74_CD44,MIF - (CD74+CD44),MIF,Secreted Signaling,PMID: 29637711; PMID: 26175090
CD8.TPEX,IFN-stimulated,MIF,CD74_CD44,0.16329209031965,0,MIF_CD74_CD44,MIF - (CD74+CD44),MIF,Secreted Signaling,PMID: 29637711; PMID: 26175090
Classical Mono-derived,IFN-stimulated,MIF,CD74_CD44,0.175029201948273,0,MIF_CD74_CD44,MIF - (CD74+CD44),MIF,Secreted Signaling,PMID: 29637711; PMID: 26175090
IFN-stimulated,IFN-stimulated,MIF,CD74_CD44,0.161810443434874,0,MIF_CD74_CD44,MIF - (CD74+CD44),MIF,Secreted Signaling,PMID: 29637711; PMID: 26175090
Inflammatory Mono-derived,IFN-stimulated,MIF,CD74_CD44,0.189074341948375,0,MIF_CD74_CD44,MIF - (CD74+CD44),MIF,Secreted Signaling,PMID: 29637711; PMID: 26175090
Lipid-associated,IFN-stimulated,MIF,CD74_CD44,0.155971741392237,0,MIF_CD74_CD44,MIF - (CD74+CD44),MIF,Secreted Signaling,PMID: 29637711; PMID: 26175090
Proliferating,IFN-stimulated,MIF,CD74_CD44,0.176095900864747,0,MIF_CD74_CD44,MIF - (CD74+CD44),MIF,Secreted Signaling,PMID: 29637711; PMID: 26175090
Resident M2,IFN-stimulated,MIF,CD74_CD44,0.121772151902718,0,MIF_CD74_CD44,MIF - (CD74+CD44),MIF,Secreted Signaling,PMID: 29637711; PMID: 26175090
Stress-response,IFN-stimulated,MIF,CD74_CD44,0.165323981981715,0,MIF_CD74_CD44,MIF - (CD74+CD44),MIF,Secreted Signaling,PMID: 29637711; PMID: 26175090
CD8.CM,Inflammatory Mono-derived,MIF,CD74_CD44,0.153968934923172,0,MIF_CD74_CD44,MIF - (CD74+CD44),MIF,Secreted Signaling,PMID: 29637711; PMID: 26175090
CD8.EM,Inflammatory Mono-derived,MIF,CD74_CD44,0.151594369049603,0,MIF_CD74_CD44,MIF - (CD74+CD44),MIF,Secreted Signaling,PMID: 29637711; PMID: 26175090
CD8.MAIT,Inflammatory Mono-derived,MIF,CD74_CD44,0.145592238526405,0,MIF_CD74_CD44,MIF - (CD74+CD44),MIF,Secreted Signaling,PMID: 29637711; PMID: 26175090
CD8.NaiveLike,Inflammatory Mono-derived,MIF,CD74_CD44,0.15547451652,0,MIF_CD74_CD44,MIF - (CD74+CD44),MIF,Secreted Signaling,PMID: 29637711; PMID: 26175090
CD8.TEX,Inflammatory Mono-derived,MIF,CD74_CD44,0.173311750037442,0,MIF_CD74_CD44,MIF - (CD74+CD44),MIF,Secreted Signaling,PMID: 29637711; PMID: 26175090
CD8.TPEX,Inflammatory Mono-derived,MIF,CD74_CD44,0.168176862837027,0,MIF_CD74_CD44,MIF - (CD74+CD44),MIF,Secreted Signaling,PMID: 29637711; PMID: 26175090
Classical Mono-derived,Inflammatory Mono-derived,MIF,CD74_CD44,0.18018946931561,0,MIF_CD74_CD44,MIF - (CD74+CD44),MIF,Secreted Signaling,PMID: 29637711; PMID: 26175090
IFN-stimulated,Inflammatory Mono-derived,MIF,CD74_CD44,0.166659721860331,0,MIF_CD74_CD44,MIF - (CD74+CD44),MIF,Secreted Signaling,PMID: 29637711; PMID: 26175090
Inflammatory Mono-derived,Inflammatory Mono-derived,MIF,CD74_CD44,0.194551040301352,0,MIF_CD74_CD44,MIF - (CD74+CD44),MIF,Secreted Signaling,PMID: 29637711; PMID: 26175090
Lipid-associated,Inflammatory Mono-derived,MIF,CD74_CD44,0.160679583698232,0,MIF_CD74_CD44,MIF - (CD74+CD44),MIF,Secreted Signaling,PMID: 29637711; PMID: 26175090
Proliferating,Inflammatory Mono-derived,MIF,CD74_CD44,0.181280706380772,0,MIF_CD74_CD44,MIF - (CD74+CD44),MIF,Secreted Signaling,PMID: 29637711; PMID: 26175090
Resident M2,Inflammatory Mono-derived,MIF,CD74_CD44,0.125601330894862,0,MIF_CD74_CD44,MIF - (CD74+CD44),MIF,Secreted Signaling,PMID: 29637711; PMID: 26175090
Stress-response,Inflammatory Mono-derived,MIF,CD74_CD44,0.170257168828832,0,MIF_CD74_CD44,MIF - (CD74+CD44),MIF,Secreted Signaling,PMID: 29637711; PMID: 26175090
CD8.CM,Lipid-associated,MIF,CD74_CD44,0.136122300468952,0,MIF_CD74_CD44,MIF - (CD74+CD44),MIF,Secreted Signaling,PMID: 29637711; PMID: 26175090
CD8.EM,Lipid-associated,MIF,CD74_CD44,0.133979384779796,0,MIF_CD74_CD44,MIF - (CD74+CD44),MIF,Secreted Signaling,PMID: 29637711; PMID: 26175090
CD8.MAIT,Lipid-associated,MIF,CD74_CD44,0.128568999841539,0,MIF_CD74_CD44,MIF - (CD74+CD44),MIF,Secreted Signaling,PMID: 29637711; PMID: 26175090
CD8.NaiveLike,Lipid-associated,MIF,CD74_CD44,0.137481727863658,0,MIF_CD74_CD44,MIF - (CD74+CD44),MIF,Secreted Signaling,PMID: 29637711; PMID: 26175090
CD8.TEX,Lipid-associated,MIF,CD74_CD44,0.1536302080227,0,MIF_CD74_CD44,MIF - (CD74+CD44),MIF,Secreted Signaling,PMID: 29637711; PMID: 26175090
CD8.TPEX,Lipid-associated,MIF,CD74_CD44,0.148973364172984,0,MIF_CD74_CD44,MIF - (CD74+CD44),MIF,Secreted Signaling,PMID: 29637711; PMID: 26175090
Classical Mono-derived,Lipid-associated,MIF,CD74_CD44,0.159877933748161,0,MIF_CD74_CD44,MIF - (CD74+CD44),MIF,Secreted Signaling,PMID: 29637711; PMID: 26175090
IFN-stimulated,Lipid-associated,MIF,CD74_CD44,0.147598720820211,0,MIF_CD74_CD44,MIF - (CD74+CD44),MIF,Secreted Signaling,PMID: 29637711; PMID: 26175090
Inflammatory Mono-derived,Lipid-associated,MIF,CD74_CD44,0.172962171273355,0,MIF_CD74_CD44,MIF - (CD74+CD44),MIF,Secreted Signaling,PMID: 29637711; PMID: 26175090
Lipid-associated,Lipid-associated,MIF,CD74_CD44,0.142185838528497,0,MIF_CD74_CD44,MIF - (CD74+CD44),MIF,Secreted Signaling,PMID: 29637711; PMID: 26175090
Proliferating,Lipid-associated,MIF,CD74_CD44,0.160870300709366,0,MIF_CD74_CD44,MIF - (CD74+CD44),MIF,Secreted Signaling,PMID: 29637711; PMID: 26175090
Resident M2,Lipid-associated,MIF,CD74_CD44,0.110612905021703,0.01,MIF_CD74_CD44,MIF - (CD74+CD44),MIF,Secreted Signaling,PMID: 29637711; PMID: 26175090
Stress-response,Lipid-associated,MIF,CD74_CD44,0.150859208300884,0,MIF_CD74_CD44,MIF - (CD74+CD44),MIF,Secreted Signaling,PMID: 29637711; PMID: 26175090
CD8.CM,Proliferating,MIF,CD74_CD44,0.117426898698625,0.02,MIF_CD74_CD44,MIF - (CD74+CD44),MIF,Secreted Signaling,PMID: 29637711; PMID: 26175090
CD8.NaiveLike,Proliferating,MIF,CD74_CD44,0.118625256825264,0.01,MIF_CD74_CD44,MIF - (CD74+CD44),MIF,Secreted Signaling,PMID: 29637711; PMID: 26175090
CD8.TEX,Proliferating,MIF,CD74_CD44,0.132900147671209,0,MIF_CD74_CD44,MIF - (CD74+CD44),MIF,Secreted Signaling,PMID: 29637711; PMID: 26175090
CD8.TPEX,Proliferating,MIF,CD74_CD44,0.128776066877615,0,MIF_CD74_CD44,MIF - (CD74+CD44),MIF,Secreted Signaling,PMID: 29637711; PMID: 26175090
Classical Mono-derived,Proliferating,MIF,CD74_CD44,0.138442735167761,0,MIF_CD74_CD44,MIF - (CD74+CD44),MIF,Secreted Signaling,PMID: 29637711; PMID: 26175090
IFN-stimulated,Proliferating,MIF,CD74_CD44,0.127559858152971,0,MIF_CD74_CD44,MIF - (CD74+CD44),MIF,Secreted Signaling,PMID: 29637711; PMID: 26175090
Inflammatory Mono-derived,Proliferating,MIF,CD74_CD44,0.150086129492703,0,MIF_CD74_CD44,MIF - (CD74+CD44),MIF,Secreted Signaling,PMID: 29637711; PMID: 26175090
Lipid-associated,Proliferating,MIF,CD74_CD44,0.122776010891609,0,MIF_CD74_CD44,MIF - (CD74+CD44),MIF,Secreted Signaling,PMID: 29637711; PMID: 26175090
Proliferating,Proliferating,MIF,CD74_CD44,0.139324117787029,0,MIF_CD74_CD44,MIF - (CD74+CD44),MIF,Secreted Signaling,PMID: 29637711; PMID: 26175090
Stress-response,Proliferating,MIF,CD74_CD44,0.130445424810426,0,MIF_CD74_CD44,MIF - (CD74+CD44),MIF,Secreted Signaling,PMID: 29637711; PMID: 26175090
CD8.CM,Resident M2,MIF,CD74_CD44,0.129577747955107,0,MIF_CD74_CD44,MIF - (CD74+CD44),MIF,Secreted Signaling,PMID: 29637711; PMID: 26175090
CD8.EM,Resident M2,MIF,CD74_CD44,0.127522651726797,0,MIF_CD74_CD44,MIF - (CD74+CD44),MIF,Secreted Signaling,PMID: 29637711; PMID: 26175090
CD8.MAIT,Resident M2,MIF,CD74_CD44,0.122336171629906,0,MIF_CD74_CD44,MIF - (CD74+CD44),MIF,Secreted Signaling,PMID: 29637711; PMID: 26175090
CD8.NaiveLike,Resident M2,MIF,CD74_CD44,0.13088171839421,0,MIF_CD74_CD44,MIF - (CD74+CD44),MIF,Secreted Signaling,PMID: 29637711; PMID: 26175090
CD8.TEX,Resident M2,MIF,CD74_CD44,0.146386539554689,0,MIF_CD74_CD44,MIF - (CD74+CD44),MIF,Secreted Signaling,PMID: 29637711; PMID: 26175090
CD8.TPEX,Resident M2,MIF,CD74_CD44,0.141912450241952,0,MIF_CD74_CD44,MIF - (CD74+CD44),MIF,Secreted Signaling,PMID: 29637711; PMID: 26175090
Classical Mono-derived,Resident M2,MIF,CD74_CD44,0.152392725388763,0,MIF_CD74_CD44,MIF - (CD74+CD44),MIF,Secreted Signaling,PMID: 29637711; PMID: 26175090
IFN-stimulated,Resident M2,MIF,CD74_CD44,0.140592197405494,0,MIF_CD74_CD44,MIF - (CD74+CD44),MIF,Secreted Signaling,PMID: 29637711; PMID: 26175090
Inflammatory Mono-derived,Resident M2,MIF,CD74_CD44,0.164984681372357,0,MIF_CD74_CD44,MIF - (CD74+CD44),MIF,Secreted Signaling,PMID: 29637711; PMID: 26175090
Lipid-associated,Resident M2,MIF,CD74_CD44,0.135395451138811,0,MIF_CD74_CD44,MIF - (CD74+CD44),MIF,Secreted Signaling,PMID: 29637711; PMID: 26175090
Proliferating,Resident M2,MIF,CD74_CD44,0.153347111933652,0,MIF_CD74_CD44,MIF - (CD74+CD44),MIF,Secreted Signaling,PMID: 29637711; PMID: 26175090
Stress-response,Resident M2,MIF,CD74_CD44,0.14372400610649,0,MIF_CD74_CD44,MIF - (CD74+CD44),MIF,Secreted Signaling,PMID: 29637711; PMID: 26175090
CD8.CM,Stress-response,MIF,CD74_CD44,0.14605973426885,0,MIF_CD74_CD44,MIF - (CD74+CD44),MIF,Secreted Signaling,PMID: 29637711; PMID: 26175090
CD8.EM,Stress-response,MIF,CD74_CD44,0.143786416251997,0,MIF_CD74_CD44,MIF - (CD74+CD44),MIF,Secreted Signaling,PMID: 29637711; PMID: 26175090
CD8.MAIT,Stress-response,MIF,CD74_CD44,0.138043128494162,0,MIF_CD74_CD44,MIF - (CD74+CD44),MIF,Secreted Signaling,PMID: 29637711; PMID: 26175090
CD8.NaiveLike,Stress-response,MIF,CD74_CD44,0.147501459780039,0,MIF_CD74_CD44,MIF - (CD74+CD44),MIF,Secreted Signaling,PMID: 29637711; PMID: 26175090
CD8.TEX,Stress-response,MIF,CD74_CD44,0.16460224839325,0,MIF_CD74_CD44,MIF - (CD74+CD44),MIF,Secreted Signaling,PMID: 29637711; PMID: 26175090
CD8.TPEX,Stress-response,MIF,CD74_CD44,0.159675564936407,0,MIF_CD74_CD44,MIF - (CD74+CD44),MIF,Secreted Signaling,PMID: 29637711; PMID: 26175090
Classical Mono-derived,Stress-response,MIF,CD74_CD44,0.171205918200109,0,MIF_CD74_CD44,MIF - (CD74+CD44),MIF,Secreted Signaling,PMID: 29637711; PMID: 26175090
IFN-stimulated,Stress-response,MIF,CD74_CD44,0.158220527690597,0,MIF_CD74_CD44,MIF - (CD74+CD44),MIF,Secreted Signaling,PMID: 29637711; PMID: 26175090
Inflammatory Mono-derived,Stress-response,MIF,CD74_CD44,0.185013064858957,0,MIF_CD74_CD44,MIF - (CD74+CD44),MIF,Secreted Signaling,PMID: 29637711; PMID: 26175090
Lipid-associated,Stress-response,MIF,CD74_CD44,0.152487796649655,0,MIF_CD74_CD44,MIF - (CD74+CD44),MIF,Secreted Signaling,PMID: 29637711; PMID: 26175090
Proliferating,Stress-response,MIF,CD74_CD44,0.172254181657157,0,MIF_CD74_CD44,MIF - (CD74+CD44),MIF,Secreted Signaling,PMID: 29637711; PMID: 26175090
Resident M2,Stress-response,MIF,CD74_CD44,0.118944469433506,0,MIF_CD74_CD44,MIF - (CD74+CD44),MIF,Secreted Signaling,PMID: 29637711; PMID: 26175090
Stress-response,Stress-response,MIF,CD74_CD44,0.161671150426052,0,MIF_CD74_CD44,MIF - (CD74+CD44),MIF,Secreted Signaling,PMID: 29637711; PMID: 26175090
CD8.CM,Classical Mono-derived,IL16,CD4,0.00617008731582044,0,IL16_CD4,IL16 - CD4,IL16,Secreted Signaling,KEGG: hsa04060
CD8.EM,Classical Mono-derived,IL16,CD4,0.00739579537930506,0,IL16_CD4,IL16 - CD4,IL16,Secreted Signaling,KEGG: hsa04060
CD8.NaiveLike,Classical Mono-derived,IL16,CD4,0.00557159901601554,0,IL16_CD4,IL16 - CD4,IL16,Secreted Signaling,KEGG: hsa04060
CD8.TEX,Classical Mono-derived,IL16,CD4,0.00594394925282145,0,IL16_CD4,IL16 - CD4,IL16,Secreted Signaling,KEGG: hsa04060
CD8.TPEX,Classical Mono-derived,IL16,CD4,0.00596307265147596,0,IL16_CD4,IL16 - CD4,IL16,Secreted Signaling,KEGG: hsa04060
CD8.CM,IFN-stimulated,IL16,CD4,0.00547838481493036,0,IL16_CD4,IL16 - CD4,IL16,Secreted Signaling,KEGG: hsa04060
CD8.EM,IFN-stimulated,IL16,CD4,0.0065675919588123,0,IL16_CD4,IL16 - CD4,IL16,Secreted Signaling,KEGG: hsa04060
CD8.NaiveLike,IFN-stimulated,IL16,CD4,0.00494665656611716,0,IL16_CD4,IL16 - CD4,IL16,Secreted Signaling,KEGG: hsa04060
CD8.TEX,IFN-stimulated,IL16,CD4,0.00527746351605173,0,IL16_CD4,IL16 - CD4,IL16,Secreted Signaling,KEGG: hsa04060
CD8.TPEX,IFN-stimulated,IL16,CD4,0.00529445405857199,0,IL16_CD4,IL16 - CD4,IL16,Secreted Signaling,KEGG: hsa04060
CD8.CM,Inflammatory Mono-derived,IL16,CD4,0.00213982551489183,0,IL16_CD4,IL16 - CD4,IL16,Secreted Signaling,KEGG: hsa04060
CD8.EM,Inflammatory Mono-derived,IL16,CD4,0.00256697680969421,0,IL16_CD4,IL16 - CD4,IL16,Secreted Signaling,KEGG: hsa04060
CD8.NaiveLike,Inflammatory Mono-derived,IL16,CD4,0.0019315061977599,0,IL16_CD4,IL16 - CD4,IL16,Secreted Signaling,KEGG: hsa04060
CD8.TEX,Inflammatory Mono-derived,IL16,CD4,0.00206109305850101,0,IL16_CD4,IL16 - CD4,IL16,Secreted Signaling,KEGG: hsa04060
CD8.TPEX,Inflammatory Mono-derived,IL16,CD4,0.002067750174521,0,IL16_CD4,IL16 - CD4,IL16,Secreted Signaling,KEGG: hsa04060
CD8.CM,Lipid-associated,IL16,CD4,0.00277695078723555,0,IL16_CD4,IL16 - CD4,IL16,Secreted Signaling,KEGG: hsa04060
CD8.EM,Lipid-associated,IL16,CD4,0.00333086029168673,0,IL16_CD4,IL16 - CD4,IL16,Secreted Signaling,KEGG: hsa04060
CD8.NaiveLike,Lipid-associated,IL16,CD4,0.00250676096890472,0,IL16_CD4,IL16 - CD4,IL16,Secreted Signaling,KEGG: hsa04060
CD8.TEX,Lipid-associated,IL16,CD4,0.00267483886686312,0,IL16_CD4,IL16 - CD4,IL16,Secreted Signaling,KEGG: hsa04060
CD8.TPEX,Lipid-associated,IL16,CD4,0.00268347298742409,0,IL16_CD4,IL16 - CD4,IL16,Secreted Signaling,KEGG: hsa04060
CD8.CM,Proliferating,IL16,CD4,0.00295439196428233,0,IL16_CD4,IL16 - CD4,IL16,Secreted Signaling,KEGG: hsa04060
CD8.EM,Proliferating,IL16,CD4,0.00354356932458625,0,IL16_CD4,IL16 - CD4,IL16,Secreted Signaling,KEGG: hsa04060
CD8.NaiveLike,Proliferating,IL16,CD4,0.0026669837707158,0,IL16_CD4,IL16 - CD4,IL16,Secreted Signaling,KEGG: hsa04060
CD8.TEX,Proliferating,IL16,CD4,0.00284577393164371,0,IL16_CD4,IL16 - CD4,IL16,Secreted Signaling,KEGG: hsa04060
CD8.TPEX,Proliferating,IL16,CD4,0.00285495823454139,0,IL16_CD4,IL16 - CD4,IL16,Secreted Signaling,KEGG: hsa04060
CD8.CM,Resident M2,IL16,CD4,0.00738571009924521,0,IL16_CD4,IL16 - CD4,IL16,Secreted Signaling,KEGG: hsa04060
CD8.EM,Resident M2,IL16,CD4,0.00885075499628547,0,IL16_CD4,IL16 - CD4,IL16,Secreted Signaling,KEGG: hsa04060
CD8.NaiveLike,Resident M2,IL16,CD4,0.00667009977014512,0,IL16_CD4,IL16 - CD4,IL16,Secreted Signaling,KEGG: hsa04060
CD8.TEX,Resident M2,IL16,CD4,0.00711533758253307,0,IL16_CD4,IL16 - CD4,IL16,Secreted Signaling,KEGG: hsa04060
CD8.TPEX,Resident M2,IL16,CD4,0.00713820261264827,0,IL16_CD4,IL16 - CD4,IL16,Secreted Signaling,KEGG: hsa04060
CD8.CM,Stress-response,IL16,CD4,0.0021341142805913,0,IL16_CD4,IL16 - CD4,IL16,Secreted Signaling,KEGG: hsa04060
CD8.EM,Stress-response,IL16,CD4,0.00256012842559967,0,IL16_CD4,IL16 - CD4,IL16,Secreted Signaling,KEGG: hsa04060
CD8.NaiveLike,Stress-response,IL16,CD4,0.00192634989824801,0,IL16_CD4,IL16 - CD4,IL16,Secreted Signaling,KEGG: hsa04060
CD8.TEX,Stress-response,IL16,CD4,0.00205559152971339,0,IL16_CD4,IL16 - CD4,IL16,Secreted Signaling,KEGG: hsa04060
CD8.TPEX,Stress-response,IL16,CD4,0.00206223091308832,0,IL16_CD4,IL16 - CD4,IL16,Secreted Signaling,KEGG: hsa04060
CD8.CM,Classical Mono-derived,IFNG,IFNGR1_IFNGR2,0.0112586726724071,0,IFNG_IFNGR1_IFNGR2,IFNG - (IFNGR1+IFNGR2),IFN-II,Secreted Signaling,KEGG: hsa04060
CD8.EM,Classical Mono-derived,IFNG,IFNGR1_IFNGR2,0.0168201310040472,0,IFNG_IFNGR1_IFNGR2,IFNG - (IFNGR1+IFNGR2),IFN-II,Secreted Signaling,KEGG: hsa04060
CD8.TEMRA,Classical Mono-derived,IFNG,IFNGR1_IFNGR2,0.0147275766478302,0,IFNG_IFNGR1_IFNGR2,IFNG - (IFNGR1+IFNGR2),IFN-II,Secreted Signaling,KEGG: hsa04060
CD8.TEX,Classical Mono-derived,IFNG,IFNGR1_IFNGR2,0.042202262827517,0,IFNG_IFNGR1_IFNGR2,IFNG - (IFNGR1+IFNGR2),IFN-II,Secreted Signaling,KEGG: hsa04060
CD8.TPEX,Classical Mono-derived,IFNG,IFNGR1_IFNGR2,0.0366411480754387,0,IFNG_IFNGR1_IFNGR2,IFNG - (IFNGR1+IFNGR2),IFN-II,Secreted Signaling,KEGG: hsa04060
CD8.CM,IFN-stimulated,IFNG,IFNGR1_IFNGR2,0.00962075898070632,0,IFNG_IFNGR1_IFNGR2,IFNG - (IFNGR1+IFNGR2),IFN-II,Secreted Signaling,KEGG: hsa04060
CD8.EM,IFN-stimulated,IFNG,IFNGR1_IFNGR2,0.0143849064655656,0,IFNG_IFNGR1_IFNGR2,IFNG - (IFNGR1+IFNGR2),IFN-II,Secreted Signaling,KEGG: hsa04060
CD8.TEMRA,IFN-stimulated,IFNG,IFNGR1_IFNGR2,0.0125914329002223,0,IFNG_IFNGR1_IFNGR2,IFNG - (IFNGR1+IFNGR2),IFN-II,Secreted Signaling,KEGG: hsa04060
CD8.TEX,IFN-stimulated,IFNG,IFNGR1_IFNGR2,0.036227612276559,0,IFNG_IFNGR1_IFNGR2,IFNG - (IFNGR1+IFNGR2),IFN-II,Secreted Signaling,KEGG: hsa04060
CD8.TPEX,IFN-stimulated,IFNG,IFNGR1_IFNGR2,0.031427961213402,0,IFNG_IFNGR1_IFNGR2,IFNG - (IFNGR1+IFNGR2),IFN-II,Secreted Signaling,KEGG: hsa04060
CD8.CM,Inflammatory Mono-derived,IFNG,IFNGR1_IFNGR2,0.00894991047178697,0,IFNG_IFNGR1_IFNGR2,IFNG - (IFNGR1+IFNGR2),IFN-II,Secreted Signaling,KEGG: hsa04060
CD8.EM,Inflammatory Mono-derived,IFNG,IFNGR1_IFNGR2,0.0133863475766408,0,IFNG_IFNGR1_IFNGR2,IFNG - (IFNGR1+IFNGR2),IFN-II,Secreted Signaling,KEGG: hsa04060
CD8.TEMRA,Inflammatory Mono-derived,IFNG,IFNGR1_IFNGR2,0.0117158919041286,0,IFNG_IFNGR1_IFNGR2,IFNG - (IFNGR1+IFNGR2),IFN-II,Secreted Signaling,KEGG: hsa04060
CD8.TEX,Inflammatory Mono-derived,IFNG,IFNGR1_IFNGR2,0.0337647387398658,0,IFNG_IFNGR1_IFNGR2,IFNG - (IFNGR1+IFNGR2),IFN-II,Secreted Signaling,KEGG: hsa04060
CD8.TPEX,Inflammatory Mono-derived,IFNG,IFNGR1_IFNGR2,0.029281470335568,0,IFNG_IFNGR1_IFNGR2,IFNG - (IFNGR1+IFNGR2),IFN-II,Secreted Signaling,KEGG: hsa04060
CD8.CM,Lipid-associated,IFNG,IFNGR1_IFNGR2,0.00757680772674042,0,IFNG_IFNGR1_IFNGR2,IFNG - (IFNGR1+IFNGR2),IFN-II,Secreted Signaling,KEGG: hsa04060
CD8.EM,Lipid-associated,IFNG,IFNGR1_IFNGR2,0.0113403913942883,0,IFNG_IFNGR1_IFNGR2,IFNG - (IFNGR1+IFNGR2),IFN-II,Secreted Signaling,KEGG: hsa04060
CD8.TEMRA,Lipid-associated,IFNG,IFNGR1_IFNGR2,0.00992267878218394,0,IFNG_IFNGR1_IFNGR2,IFNG - (IFNGR1+IFNGR2),IFN-II,Secreted Signaling,KEGG: hsa04060
CD8.TEX,Lipid-associated,IFNG,IFNGR1_IFNGR2,0.0286947549934399,0,IFNG_IFNGR1_IFNGR2,IFNG - (IFNGR1+IFNGR2),IFN-II,Secreted Signaling,KEGG: hsa04060
CD8.TPEX,Lipid-associated,IFNG,IFNGR1_IFNGR2,0.024867351536382,0,IFNG_IFNGR1_IFNGR2,IFNG - (IFNGR1+IFNGR2),IFN-II,Secreted Signaling,KEGG: hsa04060
CD8.CM,Proliferating,IFNG,IFNGR1_IFNGR2,0.00631437661435583,0,IFNG_IFNGR1_IFNGR2,IFNG - (IFNGR1+IFNGR2),IFN-II,Secreted Signaling,KEGG: hsa04060
CD8.EM,Proliferating,IFNG,IFNGR1_IFNGR2,0.00945685569318469,0,IFNG_IFNGR1_IFNGR2,IFNG - (IFNGR1+IFNGR2),IFN-II,Secreted Signaling,KEGG: hsa04060
CD8.TEMRA,Proliferating,IFNG,IFNGR1_IFNGR2,0.00827264193488507,0,IFNG_IFNGR1_IFNGR2,IFNG - (IFNGR1+IFNGR2),IFN-II,Secreted Signaling,KEGG: hsa04060
CD8.TEX,Proliferating,IFNG,IFNGR1_IFNGR2,0.0239987851936552,0,IFNG_IFNGR1_IFNGR2,IFNG - (IFNGR1+IFNGR2),IFN-II,Secreted Signaling,KEGG: hsa04060
CD8.TPEX,Proliferating,IFNG,IFNGR1_IFNGR2,0.0207843428968996,0,IFNG_IFNGR1_IFNGR2,IFNG - (IFNGR1+IFNGR2),IFN-II,Secreted Signaling,KEGG: hsa04060
CD8.CM,Resident M2,IFNG,IFNGR1_IFNGR2,0.00995013224953793,0,IFNG_IFNGR1_IFNGR2,IFNG - (IFNGR1+IFNGR2),IFN-II,Secreted Signaling,KEGG: hsa04060
CD8.EM,Resident M2,IFNG,IFNGR1_IFNGR2,0.0148749338572438,0,IFNG_IFNGR1_IFNGR2,IFNG - (IFNGR1+IFNGR2),IFN-II,Secreted Signaling,KEGG: hsa04060
CD8.TEMRA,Resident M2,IFNG,IFNGR1_IFNGR2,0.0130211720665796,0,IFNG_IFNGR1_IFNGR2,IFNG - (IFNGR1+IFNGR2),IFN-II,Secreted Signaling,KEGG: hsa04060
CD8.TEX,Resident M2,IFNG,IFNGR1_IFNGR2,0.0374334598593553,0,IFNG_IFNGR1_IFNGR2,IFNG - (IFNGR1+IFNGR2),IFN-II,Secreted Signaling,KEGG: hsa04060
CD8.TPEX,Resident M2,IFNG,IFNGR1_IFNGR2,0.0324794347780765,0,IFNG_IFNGR1_IFNGR2,IFNG - (IFNGR1+IFNGR2),IFN-II,Secreted Signaling,KEGG: hsa04060
CD8.CM,Stress-response,IFNG,IFNGR1_IFNGR2,0.00732225125603682,0,IFNG_IFNGR1_IFNGR2,IFNG - (IFNGR1+IFNGR2),IFN-II,Secreted Signaling,KEGG: hsa04060
CD8.EM,Stress-response,IFNG,IFNGR1_IFNGR2,0.010960787078072,0,IFNG_IFNGR1_IFNGR2,IFNG - (IFNGR1+IFNGR2),IFN-II,Secreted Signaling,KEGG: hsa04060
CD8.TEMRA,Stress-response,IFNG,IFNGR1_IFNGR2,0.00959007015788796,0,IFNG_IFNGR1_IFNGR2,IFNG - (IFNGR1+IFNGR2),IFN-II,Secreted Signaling,KEGG: hsa04060
CD8.TEX,Stress-response,IFNG,IFNGR1_IFNGR2,0.0277505423360285,0,IFNG_IFNGR1_IFNGR2,IFNG - (IFNGR1+IFNGR2),IFN-II,Secreted Signaling,KEGG: hsa04060
CD8.TPEX,Stress-response,IFNG,IFNGR1_IFNGR2,0.0240459632863389,0,IFNG_IFNGR1_IFNGR2,IFNG - (IFNGR1+IFNGR2),IFN-II,Secreted Signaling,KEGG: hsa04060
CD8.MAIT,Classical Mono-derived,TNF,TNFRSF1A,0.00862764751365119,0,TNF_TNFRSF1A,TNF - TNFRSF1A,TNF,Secreted Signaling,KEGG: hsa04060
CD8.TEMRA,Classical Mono-derived,TNF,TNFRSF1A,0.0072410075571416,0,TNF_TNFRSF1A,TNF - TNFRSF1A,TNF,Secreted Signaling,KEGG: hsa04060
IFN-stimulated,Classical Mono-derived,TNF,TNFRSF1A,0.00565682067024137,0,TNF_TNFRSF1A,TNF - TNFRSF1A,TNF,Secreted Signaling,KEGG: hsa04060
Inflammatory Mono-derived,Classical Mono-derived,TNF,TNFRSF1A,0.00345090038933409,0,TNF_TNFRSF1A,TNF - TNFRSF1A,TNF,Secreted Signaling,KEGG: hsa04060
Proliferating,Classical Mono-derived,TNF,TNFRSF1A,0.00721248274004732,0,TNF_TNFRSF1A,TNF - TNFRSF1A,TNF,Secreted Signaling,KEGG: hsa04060
Resident M2,Classical Mono-derived,TNF,TNFRSF1A,0.00683642879401499,0,TNF_TNFRSF1A,TNF - TNFRSF1A,TNF,Secreted Signaling,KEGG: hsa04060
Stress-response,Classical Mono-derived,TNF,TNFRSF1A,0.00547689411475918,0,TNF_TNFRSF1A,TNF - TNFRSF1A,TNF,Secreted Signaling,KEGG: hsa04060
CD8.MAIT,IFN-stimulated,TNF,TNFRSF1A,0.00594876055329844,0,TNF_TNFRSF1A,TNF - TNFRSF1A,TNF,Secreted Signaling,KEGG: hsa04060
CD8.TEMRA,IFN-stimulated,TNF,TNFRSF1A,0.00499050531836568,0,TNF_TNFRSF1A,TNF - TNFRSF1A,TNF,Secreted Signaling,KEGG: hsa04060
IFN-stimulated,IFN-stimulated,TNF,TNFRSF1A,0.00389675046300989,0,TNF_TNFRSF1A,TNF - TNFRSF1A,TNF,Secreted Signaling,KEGG: hsa04060
Inflammatory Mono-derived,IFN-stimulated,TNF,TNFRSF1A,0.00237554322094749,0,TNF_TNFRSF1A,TNF - TNFRSF1A,TNF,Secreted Signaling,KEGG: hsa04060
Proliferating,IFN-stimulated,TNF,TNFRSF1A,0.00497080161288188,0,TNF_TNFRSF1A,TNF - TNFRSF1A,TNF,Secreted Signaling,KEGG: hsa04060
Resident M2,IFN-stimulated,TNF,TNFRSF1A,0.0047110727674528,0,TNF_TNFRSF1A,TNF - TNFRSF1A,TNF,Secreted Signaling,KEGG: hsa04060
Stress-response,IFN-stimulated,TNF,TNFRSF1A,0.00377259407837572,0,TNF_TNFRSF1A,TNF - TNFRSF1A,TNF,Secreted Signaling,KEGG: hsa04060
CD8.MAIT,Inflammatory Mono-derived,TNF,TNFRSF1A,0.00315747005492714,0,TNF_TNFRSF1A,TNF - TNFRSF1A,TNF,Secreted Signaling,KEGG: hsa04060
CD8.TEMRA,Inflammatory Mono-derived,TNF,TNFRSF1A,0.00264765184677149,0,TNF_TNFRSF1A,TNF - TNFRSF1A,TNF,Secreted Signaling,KEGG: hsa04060
IFN-stimulated,Inflammatory Mono-derived,TNF,TNFRSF1A,0.00206630720090422,0,TNF_TNFRSF1A,TNF - TNFRSF1A,TNF,Secreted Signaling,KEGG: hsa04060
Inflammatory Mono-derived,Inflammatory Mono-derived,TNF,TNFRSF1A,0.00125876249840595,0,TNF_TNFRSF1A,TNF - TNFRSF1A,TNF,Secreted Signaling,KEGG: hsa04060
Proliferating,Inflammatory Mono-derived,TNF,TNFRSF1A,0.00263717376909379,0,TNF_TNFRSF1A,TNF - TNFRSF1A,TNF,Secreted Signaling,KEGG: hsa04060
Resident M2,Inflammatory Mono-derived,TNF,TNFRSF1A,0.00249907282826836,0,TNF_TNFRSF1A,TNF - TNFRSF1A,TNF,Secreted Signaling,KEGG: hsa04060
Stress-response,Inflammatory Mono-derived,TNF,TNFRSF1A,0.00200035439858131,0,TNF_TNFRSF1A,TNF - TNFRSF1A,TNF,Secreted Signaling,KEGG: hsa04060
CD8.MAIT,Lipid-associated,TNF,TNFRSF1A,0.00302861728672599,0,TNF_TNFRSF1A,TNF - TNFRSF1A,TNF,Secreted Signaling,KEGG: hsa04060
CD8.TEMRA,Lipid-associated,TNF,TNFRSF1A,0.00253955117786083,0,TNF_TNFRSF1A,TNF - TNFRSF1A,TNF,Secreted Signaling,KEGG: hsa04060
IFN-stimulated,Lipid-associated,TNF,TNFRSF1A,0.00198189501838477,0,TNF_TNFRSF1A,TNF - TNFRSF1A,TNF,Secreted Signaling,KEGG: hsa04060
Inflammatory Mono-derived,Lipid-associated,TNF,TNFRSF1A,0.00120729998708622,0,TNF_TNFRSF1A,TNF - TNFRSF1A,TNF,Secreted Signaling,KEGG: hsa04060
Proliferating,Lipid-associated,TNF,TNFRSF1A,0.00252949982338284,0,TNF_TNFRSF1A,TNF - TNFRSF1A,TNF,Secreted Signaling,KEGG: hsa04060
Resident M2,Lipid-associated,TNF,TNFRSF1A,0.00239702389509585,0,TNF_TNFRSF1A,TNF - TNFRSF1A,TNF,Secreted Signaling,KEGG: hsa04060
Stress-response,Lipid-associated,TNF,TNFRSF1A,0.00191863132077263,0,TNF_TNFRSF1A,TNF - TNFRSF1A,TNF,Secreted Signaling,KEGG: hsa04060
CD8.MAIT,Proliferating,TNF,TNFRSF1A,0.00303998775347755,0,TNF_TNFRSF1A,TNF - TNFRSF1A,TNF,Secreted Signaling,KEGG: hsa04060
CD8.TEMRA,Proliferating,TNF,TNFRSF1A,0.0025490902175676,0,TNF_TNFRSF1A,TNF - TNFRSF1A,TNF,Secreted Signaling,KEGG: hsa04060
IFN-stimulated,Proliferating,TNF,TNFRSF1A,0.00198934357256406,0,TNF_TNFRSF1A,TNF - TNFRSF1A,TNF,Secreted Signaling,KEGG: hsa04060
Inflammatory Mono-derived,Proliferating,TNF,TNFRSF1A,0.00121184091635785,0,TNF_TNFRSF1A,TNF - TNFRSF1A,TNF,Secreted Signaling,KEGG: hsa04060
Proliferating,Proliferating,TNF,TNFRSF1A,0.00253900120438425,0,TNF_TNFRSF1A,TNF - TNFRSF1A,TNF,Secreted Signaling,KEGG: hsa04060
Resident M2,Proliferating,TNF,TNFRSF1A,0.00240602886645224,0,TNF_TNFRSF1A,TNF - TNFRSF1A,TNF,Secreted Signaling,KEGG: hsa04060
Stress-response,Proliferating,TNF,TNFRSF1A,0.00192584256986196,0,TNF_TNFRSF1A,TNF - TNFRSF1A,TNF,Secreted Signaling,KEGG: hsa04060
CD8.MAIT,Resident M2,TNF,TNFRSF1A,0.00807884890464513,0,TNF_TNFRSF1A,TNF - TNFRSF1A,TNF,Secreted Signaling,KEGG: hsa04060
CD8.TEMRA,Resident M2,TNF,TNFRSF1A,0.00677980893846348,0,TNF_TNFRSF1A,TNF - TNFRSF1A,TNF,Secreted Signaling,KEGG: hsa04060
IFN-stimulated,Resident M2,TNF,TNFRSF1A,0.00529598477012737,0,TNF_TNFRSF1A,TNF - TNFRSF1A,TNF,Secreted Signaling,KEGG: hsa04060
Inflammatory Mono-derived,Resident M2,TNF,TNFRSF1A,0.00323031806898813,0,TNF_TNFRSF1A,TNF - TNFRSF1A,TNF,Secreted Signaling,KEGG: hsa04060
Proliferating,Resident M2,TNF,TNFRSF1A,0.00675308858258185,0,TNF_TNFRSF1A,TNF - TNFRSF1A,TNF,Secreted Signaling,KEGG: hsa04060
Resident M2,Resident M2,TNF,TNFRSF1A,0.00640083270579965,0,TNF_TNFRSF1A,TNF - TNFRSF1A,TNF,Secreted Signaling,KEGG: hsa04060
Stress-response,Resident M2,TNF,TNFRSF1A,0.00512747614256997,0,TNF_TNFRSF1A,TNF - TNFRSF1A,TNF,Secreted Signaling,KEGG: hsa04060
CD8.MAIT,Stress-response,TNF,TNFRSF1A,0.00284797104550139,0,TNF_TNFRSF1A,TNF - TNFRSF1A,TNF,Secreted Signaling,KEGG: hsa04060
CD8.TEMRA,Stress-response,TNF,TNFRSF1A,0.00238800611700092,0,TNF_TNFRSF1A,TNF - TNFRSF1A,TNF,Secreted Signaling,KEGG: hsa04060
IFN-stimulated,Stress-response,TNF,TNFRSF1A,0.00186356533290905,0,TNF_TNFRSF1A,TNF - TNFRSF1A,TNF,Secreted Signaling,KEGG: hsa04060
Inflammatory Mono-derived,Stress-response,TNF,TNFRSF1A,0.00113516514667498,0,TNF_TNFRSF1A,TNF - TNFRSF1A,TNF,Secreted Signaling,KEGG: hsa04060
Proliferating,Stress-response,TNF,TNFRSF1A,0.00237855313629226,0,TNF_TNFRSF1A,TNF - TNFRSF1A,TNF,Secreted Signaling,KEGG: hsa04060
Resident M2,Stress-response,TNF,TNFRSF1A,0.00225396478163631,0,TNF_TNFRSF1A,TNF - TNFRSF1A,TNF,Secreted Signaling,KEGG: hsa04060
Stress-response,Stress-response,TNF,TNFRSF1A,0.00180407198706483,0,TNF_TNFRSF1A,TNF - TNFRSF1A,TNF,Secreted Signaling,KEGG: hsa04060
CD8.MAIT,CD8.CM,TNF,TNFRSF1B,0.00417367022468436,0,TNF_TNFRSF1B,TNF - TNFRSF1B,TNF,Secreted Signaling,KEGG: hsa04060
Proliferating,CD8.CM,TNF,TNFRSF1B,0.00348650745345843,0,TNF_TNFRSF1B,TNF - TNFRSF1B,TNF,Secreted Signaling,KEGG: hsa04060
Resident M2,CD8.CM,TNF,TNFRSF1B,0.0033040767798468,0,TNF_TNFRSF1B,TNF - TNFRSF1B,TNF,Secreted Signaling,KEGG: hsa04060
Stress-response,CD8.CM,TNF,TNFRSF1B,0.00264513664803529,0.01,TNF_TNFRSF1B,TNF - TNFRSF1B,TNF,Secreted Signaling,KEGG: hsa04060
CD8.MAIT,CD8.EM,TNF,TNFRSF1B,0.00459081779851511,0,TNF_TNFRSF1B,TNF - TNFRSF1B,TNF,Secreted Signaling,KEGG: hsa04060
IFN-stimulated,CD8.EM,TNF,TNFRSF1B,0.00300581026439183,0.02,TNF_TNFRSF1B,TNF - TNFRSF1B,TNF,Secreted Signaling,KEGG: hsa04060
Proliferating,CD8.EM,TNF,TNFRSF1B,0.00383523938947648,0,TNF_TNFRSF1B,TNF - TNFRSF1B,TNF,Secreted Signaling,KEGG: hsa04060
Resident M2,CD8.EM,TNF,TNFRSF1B,0.00363462795446647,0,TNF_TNFRSF1B,TNF - TNFRSF1B,TNF,Secreted Signaling,KEGG: hsa04060
Stress-response,CD8.EM,TNF,TNFRSF1B,0.00290995765958237,0,TNF_TNFRSF1B,TNF - TNFRSF1B,TNF,Secreted Signaling,KEGG: hsa04060
CD8.MAIT,CD8.MAIT,TNF,TNFRSF1B,0.00404605429367173,0,TNF_TNFRSF1B,TNF - TNFRSF1B,TNF,Secreted Signaling,KEGG: hsa04060
Proliferating,CD8.MAIT,TNF,TNFRSF1B,0.00337983119487783,0,TNF_TNFRSF1B,TNF - TNFRSF1B,TNF,Secreted Signaling,KEGG: hsa04060
Resident M2,CD8.MAIT,TNF,TNFRSF1B,0.00320296439024567,0,TNF_TNFRSF1B,TNF - TNFRSF1B,TNF,Secreted Signaling,KEGG: hsa04060
Stress-response,CD8.MAIT,TNF,TNFRSF1B,0.00256413747268452,0.04,TNF_TNFRSF1B,TNF - TNFRSF1B,TNF,Secreted Signaling,KEGG: hsa04060
CD8.MAIT,CD8.TEMRA,TNF,TNFRSF1B,0.00508950491337936,0.01,TNF_TNFRSF1B,TNF - TNFRSF1B,TNF,Secreted Signaling,KEGG: hsa04060
CD8.MAIT,CD8.TEX,TNF,TNFRSF1B,0.0132188073012269,0,TNF_TNFRSF1B,TNF - TNFRSF1B,TNF,Secreted Signaling,KEGG: hsa04060
CD8.TEMRA,CD8.TEX,TNF,TNFRSF1B,0.0111025375647251,0,TNF_TNFRSF1B,TNF - TNFRSF1B,TNF,Secreted Signaling,KEGG: hsa04060
IFN-stimulated,CD8.TEX,TNF,TNFRSF1B,0.00868091288607879,0,TNF_TNFRSF1B,TNF - TNFRSF1B,TNF,Secreted Signaling,KEGG: hsa04060
Inflammatory Mono-derived,CD8.TEX,TNF,TNFRSF1B,0.00530201288918653,0,TNF_TNFRSF1B,TNF - TNFRSF1B,TNF,Secreted Signaling,KEGG: hsa04060
Proliferating,CD8.TEX,TNF,TNFRSF1B,0.0110589703088453,0,TNF_TNFRSF1B,TNF - TNFRSF1B,TNF,Secreted Signaling,KEGG: hsa04060
Resident M2,CD8.TEX,TNF,TNFRSF1B,0.0104844810889055,0,TNF_TNFRSF1B,TNF - TNFRSF1B,TNF,Secreted Signaling,KEGG: hsa04060
Stress-response,CD8.TEX,TNF,TNFRSF1B,0.00840561211023463,0,TNF_TNFRSF1B,TNF - TNFRSF1B,TNF,Secreted Signaling,KEGG: hsa04060
CD8.MAIT,CD8.TPEX,TNF,TNFRSF1B,0.0128884259695349,0,TNF_TNFRSF1B,TNF - TNFRSF1B,TNF,Secreted Signaling,KEGG: hsa04060
CD8.TEMRA,CD8.TPEX,TNF,TNFRSF1B,0.0108244685488406,0,TNF_TNFRSF1B,TNF - TNFRSF1B,TNF,Secreted Signaling,KEGG: hsa04060
IFN-stimulated,CD8.TPEX,TNF,TNFRSF1B,0.00846297571101167,0,TNF_TNFRSF1B,TNF - TNFRSF1B,TNF,Secreted Signaling,KEGG: hsa04060
Inflammatory Mono-derived,CD8.TPEX,TNF,TNFRSF1B,0.0051684618389532,0,TNF_TNFRSF1B,TNF - TNFRSF1B,TNF,Secreted Signaling,KEGG: hsa04060
Proliferating,CD8.TPEX,TNF,TNFRSF1B,0.0107819805612717,0,TNF_TNFRSF1B,TNF - TNFRSF1B,TNF,Secreted Signaling,KEGG: hsa04060
Resident M2,CD8.TPEX,TNF,TNFRSF1B,0.0102217316250579,0,TNF_TNFRSF1B,TNF - TNFRSF1B,TNF,Secreted Signaling,KEGG: hsa04060
Stress-response,CD8.TPEX,TNF,TNFRSF1B,0.00819452931916376,0,TNF_TNFRSF1B,TNF - TNFRSF1B,TNF,Secreted Signaling,KEGG: hsa04060
CD8.MAIT,Classical Mono-derived,TNF,TNFRSF1B,0.0106408100388244,0,TNF_TNFRSF1B,TNF - TNFRSF1B,TNF,Secreted Signaling,KEGG: hsa04060
CD8.TEMRA,Classical Mono-derived,TNF,TNFRSF1B,0.00893352922022858,0,TNF_TNFRSF1B,TNF - TNFRSF1B,TNF,Secreted Signaling,KEGG: hsa04060
IFN-stimulated,Classical Mono-derived,TNF,TNFRSF1B,0.00698165671027716,0,TNF_TNFRSF1B,TNF - TNFRSF1B,TNF,Secreted Signaling,KEGG: hsa04060
Inflammatory Mono-derived,Classical Mono-derived,TNF,TNFRSF1B,0.00426132058081634,0,TNF_TNFRSF1B,TNF - TNFRSF1B,TNF,Secreted Signaling,KEGG: hsa04060
Proliferating,Classical Mono-derived,TNF,TNFRSF1B,0.00889839674080503,0,TNF_TNFRSF1B,TNF - TNFRSF1B,TNF,Secreted Signaling,KEGG: hsa04060
Resident M2,Classical Mono-derived,TNF,TNFRSF1B,0.0084351872450883,0,TNF_TNFRSF1B,TNF - TNFRSF1B,TNF,Secreted Signaling,KEGG: hsa04060
Stress-response,Classical Mono-derived,TNF,TNFRSF1B,0.00675987755623994,0,TNF_TNFRSF1B,TNF - TNFRSF1B,TNF,Secreted Signaling,KEGG: hsa04060
CD8.MAIT,IFN-stimulated,TNF,TNFRSF1B,0.00907576733703984,0,TNF_TNFRSF1B,TNF - TNFRSF1B,TNF,Secreted Signaling,KEGG: hsa04060
CD8.TEMRA,IFN-stimulated,TNF,TNFRSF1B,0.0076176587455334,0,TNF_TNFRSF1B,TNF - TNFRSF1B,TNF,Secreted Signaling,KEGG: hsa04060
IFN-stimulated,IFN-stimulated,TNF,TNFRSF1B,0.00595156215837075,0,TNF_TNFRSF1B,TNF - TNFRSF1B,TNF,Secreted Signaling,KEGG: hsa04060
Inflammatory Mono-derived,IFN-stimulated,TNF,TNFRSF1B,0.00363112491432159,0,TNF_TNFRSF1B,TNF - TNFRSF1B,TNF,Secreted Signaling,KEGG: hsa04060
Proliferating,IFN-stimulated,TNF,TNFRSF1B,0.00758766151034696,0,TNF_TNFRSF1B,TNF - TNFRSF1B,TNF,Secreted Signaling,KEGG: hsa04060
Resident M2,IFN-stimulated,TNF,TNFRSF1B,0.00719218771088295,0,TNF_TNFRSF1B,TNF - TNFRSF1B,TNF,Secreted Signaling,KEGG: hsa04060
Stress-response,IFN-stimulated,TNF,TNFRSF1B,0.00576231508536644,0,TNF_TNFRSF1B,TNF - TNFRSF1B,TNF,Secreted Signaling,KEGG: hsa04060
CD8.MAIT,Inflammatory Mono-derived,TNF,TNFRSF1B,0.0129087606336507,0,TNF_TNFRSF1B,TNF - TNFRSF1B,TNF,Secreted Signaling,KEGG: hsa04060
CD8.TEMRA,Inflammatory Mono-derived,TNF,TNFRSF1B,0.0108415825776355,0,TNF_TNFRSF1B,TNF - TNFRSF1B,TNF,Secreted Signaling,KEGG: hsa04060
IFN-stimulated,Inflammatory Mono-derived,TNF,TNFRSF1B,0.0084763880950364,0,TNF_TNFRSF1B,TNF - TNFRSF1B,TNF,Secreted Signaling,KEGG: hsa04060
Inflammatory Mono-derived,Inflammatory Mono-derived,TNF,TNFRSF1B,0.00517668023555452,0,TNF_TNFRSF1B,TNF - TNFRSF1B,TNF,Secreted Signaling,KEGG: hsa04060
Proliferating,Inflammatory Mono-derived,TNF,TNFRSF1B,0.0107990281477929,0,TNF_TNFRSF1B,TNF - TNFRSF1B,TNF,Secreted Signaling,KEGG: hsa04060
Resident M2,Inflammatory Mono-derived,TNF,TNFRSF1B,0.0102379025595307,0,TNF_TNFRSF1B,TNF - TNFRSF1B,TNF,Secreted Signaling,KEGG: hsa04060
Stress-response,Inflammatory Mono-derived,TNF,TNFRSF1B,0.00820751978272357,0,TNF_TNFRSF1B,TNF - TNFRSF1B,TNF,Secreted Signaling,KEGG: hsa04060
CD8.MAIT,Lipid-associated,TNF,TNFRSF1B,0.00360158066743254,0,TNF_TNFRSF1B,TNF - TNFRSF1B,TNF,Secreted Signaling,KEGG: hsa04060
Proliferating,Lipid-associated,TNF,TNFRSF1B,0.00300832350920463,0.01,TNF_TNFRSF1B,TNF - TNFRSF1B,TNF,Secreted Signaling,KEGG: hsa04060
Resident M2,Lipid-associated,TNF,TNFRSF1B,0.00285084211670207,0,TNF_TNFRSF1B,TNF - TNFRSF1B,TNF,Secreted Signaling,KEGG: hsa04060
CD8.MAIT,Proliferating,TNF,TNFRSF1B,0.00434731042988535,0,TNF_TNFRSF1B,TNF - TNFRSF1B,TNF,Secreted Signaling,KEGG: hsa04060
IFN-stimulated,Proliferating,TNF,TNFRSF1B,0.00284613489855854,0.04,TNF_TNFRSF1B,TNF - TNFRSF1B,TNF,Secreted Signaling,KEGG: hsa04060
Proliferating,Proliferating,TNF,TNFRSF1B,0.00363166339054338,0,TNF_TNFRSF1B,TNF - TNFRSF1B,TNF,Secreted Signaling,KEGG: hsa04060
Resident M2,Proliferating,TNF,TNFRSF1B,0.00344166369878655,0,TNF_TNFRSF1B,TNF - TNFRSF1B,TNF,Secreted Signaling,KEGG: hsa04060
Stress-response,Proliferating,TNF,TNFRSF1B,0.00275536012622746,0.01,TNF_TNFRSF1B,TNF - TNFRSF1B,TNF,Secreted Signaling,KEGG: hsa04060
CD8.MAIT,Resident M2,TNF,TNFRSF1B,0.0109866599806513,0,TNF_TNFRSF1B,TNF - TNFRSF1B,TNF,Secreted Signaling,KEGG: hsa04060
CD8.TEMRA,Resident M2,TNF,TNFRSF1B,0.00922440611779625,0,TNF_TNFRSF1B,TNF - TNFRSF1B,TNF,Secreted Signaling,KEGG: hsa04060
IFN-stimulated,Resident M2,TNF,TNFRSF1B,0.0072094426932058,0,TNF_TNFRSF1B,TNF - TNFRSF1B,TNF,Secreted Signaling,KEGG: hsa04060
Inflammatory Mono-derived,Resident M2,TNF,TNFRSF1B,0.00440074525481938,0,TNF_TNFRSF1B,TNF - TNFRSF1B,TNF,Secreted Signaling,KEGG: hsa04060
Proliferating,Resident M2,TNF,TNFRSF1B,0.0091881403254009,0,TNF_TNFRSF1B,TNF - TNFRSF1B,TNF,Secreted Signaling,KEGG: hsa04060
Resident M2,Resident M2,TNF,TNFRSF1B,0.00870998066457459,0,TNF_TNFRSF1B,TNF - TNFRSF1B,TNF,Secreted Signaling,KEGG: hsa04060
Stress-response,Resident M2,TNF,TNFRSF1B,0.0069804785594055,0,TNF_TNFRSF1B,TNF - TNFRSF1B,TNF,Secreted Signaling,KEGG: hsa04060
CD8.MAIT,Stress-response,TNF,TNFRSF1B,0.00329086957842359,0,TNF_TNFRSF1B,TNF - TNFRSF1B,TNF,Secreted Signaling,KEGG: hsa04060
Proliferating,Stress-response,TNF,TNFRSF1B,0.00274865197752594,0.04,TNF_TNFRSF1B,TNF - TNFRSF1B,TNF,Secreted Signaling,KEGG: hsa04060
Resident M2,Stress-response,TNF,TNFRSF1B,0.00260472850077971,0,TNF_TNFRSF1B,TNF - TNFRSF1B,TNF,Secreted Signaling,KEGG: hsa04060
CD8.TPEX,Classical Mono-derived,TNFSF14,LTBR,0.00407049474121329,0,TNFSF14_LTBR,TNFSF14 - LTBR,LIGHT,Secreted Signaling,KEGG: hsa04060
CD8.TPEX,IFN-stimulated,TNFSF14,LTBR,0.00137817338227248,0,TNFSF14_LTBR,TNFSF14 - LTBR,LIGHT,Secreted Signaling,KEGG: hsa04060
CD8.TPEX,Inflammatory Mono-derived,TNFSF14,LTBR,0.00130908122779224,0,TNFSF14_LTBR,TNFSF14 - LTBR,LIGHT,Secreted Signaling,KEGG: hsa04060
CD8.TPEX,Lipid-associated,TNFSF14,LTBR,0.00132201797865678,0,TNFSF14_LTBR,TNFSF14 - LTBR,LIGHT,Secreted Signaling,KEGG: hsa04060
CD8.TPEX,Proliferating,TNFSF14,LTBR,0.001122487429716,0,TNFSF14_LTBR,TNFSF14 - LTBR,LIGHT,Secreted Signaling,KEGG: hsa04060
CD8.TPEX,Resident M2,TNFSF14,LTBR,0.00140461676386719,0,TNFSF14_LTBR,TNFSF14 - LTBR,LIGHT,Secreted Signaling,KEGG: hsa04060
CD8.TPEX,Stress-response,TNFSF14,LTBR,0.00137574025142977,0,TNFSF14_LTBR,TNFSF14 - LTBR,LIGHT,Secreted Signaling,KEGG: hsa04060
CD8.TPEX,CD8.CM,TNFSF14,TNFRSF14,0.00124876451911503,0,TNFSF14_TNFRSF14,TNFSF14 - TNFRSF14,LIGHT,Secreted Signaling,KEGG: hsa04060
CD8.TPEX,CD8.EM,TNFSF14,TNFRSF14,0.00205461397606167,0,TNFSF14_TNFRSF14,TNFSF14 - TNFRSF14,LIGHT,Secreted Signaling,KEGG: hsa04060
CD8.TPEX,CD8.NaiveLike,TNFSF14,TNFRSF14,0.00184037802581845,0,TNFSF14_TNFRSF14,TNFSF14 - TNFRSF14,LIGHT,Secreted Signaling,KEGG: hsa04060
CD8.TPEX,CD8.TEMRA,TNFSF14,TNFRSF14,0.00242294539490722,0,TNFSF14_TNFRSF14,TNFSF14 - TNFRSF14,LIGHT,Secreted Signaling,KEGG: hsa04060
CD8.TPEX,CD8.TEX,TNFSF14,TNFRSF14,0.00183965808518416,0,TNFSF14_TNFRSF14,TNFSF14 - TNFRSF14,LIGHT,Secreted Signaling,KEGG: hsa04060
CD8.TPEX,CD8.TPEX,TNFSF14,TNFRSF14,0.00160554035175045,0,TNFSF14_TNFRSF14,TNFSF14 - TNFRSF14,LIGHT,Secreted Signaling,KEGG: hsa04060
CD8.TPEX,Classical Mono-derived,TNFSF14,TNFRSF14,0.00397651698223595,0,TNFSF14_TNFRSF14,TNFSF14 - TNFRSF14,LIGHT,Secreted Signaling,KEGG: hsa04060
CD8.TPEX,IFN-stimulated,TNFSF14,TNFRSF14,0.00419140005517266,0,TNFSF14_TNFRSF14,TNFSF14 - TNFRSF14,LIGHT,Secreted Signaling,KEGG: hsa04060
CD8.TPEX,Inflammatory Mono-derived,TNFSF14,TNFRSF14,0.00376145515368031,0,TNFSF14_TNFRSF14,TNFSF14 - TNFRSF14,LIGHT,Secreted Signaling,KEGG: hsa04060
CD8.TPEX,Lipid-associated,TNFSF14,TNFRSF14,0.00178800517588348,0,TNFSF14_TNFRSF14,TNFSF14 - TNFRSF14,LIGHT,Secreted Signaling,KEGG: hsa04060
CD8.TPEX,Resident M2,TNFSF14,TNFRSF14,0.00167488037628333,0,TNFSF14_TNFRSF14,TNFSF14 - TNFRSF14,LIGHT,Secreted Signaling,KEGG: hsa04060
CD8.TPEX,Stress-response,TNFSF14,TNFRSF14,0.00167184440101088,0,TNFSF14_TNFRSF14,TNFSF14 - TNFRSF14,LIGHT,Secreted Signaling,KEGG: hsa04060
CD8.TEX,CD8.TEX,FASLG,FAS,0.00213293724510615,0,FASL_FAS,FASL - FAS,FASLG,Secreted Signaling,KEGG: hsa04060
CD8.TEX,CD8.TPEX,FASLG,FAS,0.00188699756722503,0,FASL_FAS,FASL - FAS,FASLG,Secreted Signaling,KEGG: hsa04060
CD8.CM,CD8.TEX,TNFSF9,TNFRSF9,0.00321455704894055,0,TNFSF9_TNFRSF9,TNFSF9 - TNFRSF9,CD137,Secreted Signaling,KEGG: hsa04060
CD8.EM,CD8.TEX,TNFSF9,TNFRSF9,0.00566282761655064,0,TNFSF9_TNFRSF9,TNFSF9 - TNFRSF9,CD137,Secreted Signaling,KEGG: hsa04060
CD8.TEMRA,CD8.TEX,TNFSF9,TNFRSF9,0.00484860472948905,0,TNFSF9_TNFRSF9,TNFSF9 - TNFRSF9,CD137,Secreted Signaling,KEGG: hsa04060
CD8.TEX,CD8.TEX,TNFSF9,TNFRSF9,0.00376668977834231,0,TNFSF9_TNFRSF9,TNFSF9 - TNFRSF9,CD137,Secreted Signaling,KEGG: hsa04060
CD8.TPEX,CD8.TEX,TNFSF9,TNFRSF9,0.00482583843973901,0,TNFSF9_TNFRSF9,TNFSF9 - TNFRSF9,CD137,Secreted Signaling,KEGG: hsa04060
Resident M2,CD8.TEX,TNFSF9,TNFRSF9,0.002236590476963,0,TNFSF9_TNFRSF9,TNFSF9 - TNFRSF9,CD137,Secreted Signaling,KEGG: hsa04060
Stress-response,CD8.TEX,TNFSF9,TNFRSF9,0.00189136121427868,0,TNFSF9_TNFRSF9,TNFSF9 - TNFRSF9,CD137,Secreted Signaling,KEGG: hsa04060
CD8.CM,CD8.TPEX,TNFSF9,TNFRSF9,0.00832872052456327,0,TNFSF9_TNFRSF9,TNFSF9 - TNFRSF9,CD137,Secreted Signaling,KEGG: hsa04060
CD8.EM,CD8.TPEX,TNFSF9,TNFRSF9,0.0146149302415766,0,TNFSF9_TNFRSF9,TNFSF9 - TNFRSF9,CD137,Secreted Signaling,KEGG: hsa04060
CD8.TEMRA,CD8.TPEX,TNFSF9,TNFRSF9,0.0125297597469296,0,TNFSF9_TNFRSF9,TNFSF9 - TNFRSF9,CD137,Secreted Signaling,KEGG: hsa04060
CD8.TEX,CD8.TPEX,TNFSF9,TNFRSF9,0.00975066992432438,0,TNFSF9_TNFRSF9,TNFSF9 - TNFRSF9,CD137,Secreted Signaling,KEGG: hsa04060
CD8.TPEX,CD8.TPEX,TNFSF9,TNFRSF9,0.0124713791109789,0,TNFSF9_TNFRSF9,TNFSF9 - TNFRSF9,CD137,Secreted Signaling,KEGG: hsa04060
Resident M2,CD8.TPEX,TNFSF9,TNFRSF9,0.00580392837251304,0,TNFSF9_TNFRSF9,TNFSF9 - TNFRSF9,CD137,Secreted Signaling,KEGG: hsa04060
Stress-response,CD8.TPEX,TNFSF9,TNFRSF9,0.00491077224150717,0,TNFSF9_TNFRSF9,TNFSF9 - TNFRSF9,CD137,Secreted Signaling,KEGG: hsa04060
Classical Mono-derived,CD8.CM,SPP1,CD44,0.00171869364402155,0,SPP1_CD44,SPP1 - CD44,SPP1,Secreted Signaling,PMID: 21907263
IFN-stimulated,CD8.CM,SPP1,CD44,0.0272383466116559,0,SPP1_CD44,SPP1 - CD44,SPP1,Secreted Signaling,PMID: 21907263
Inflammatory Mono-derived,CD8.CM,SPP1,CD44,0.0496650480925306,0,SPP1_CD44,SPP1 - CD44,SPP1,Secreted Signaling,PMID: 21907263
Lipid-associated,CD8.CM,SPP1,CD44,0.0362641626752265,0,SPP1_CD44,SPP1 - CD44,SPP1,Secreted Signaling,PMID: 21907263
Proliferating,CD8.CM,SPP1,CD44,0.120873857413253,0,SPP1_CD44,SPP1 - CD44,SPP1,Secreted Signaling,PMID: 21907263
Resident M2,CD8.CM,SPP1,CD44,0.0603190983943294,0,SPP1_CD44,SPP1 - CD44,SPP1,Secreted Signaling,PMID: 21907263
Stress-response,CD8.CM,SPP1,CD44,0.0305107472337295,0,SPP1_CD44,SPP1 - CD44,SPP1,Secreted Signaling,PMID: 21907263
Classical Mono-derived,CD8.EM,SPP1,CD44,0.0017518551060027,0,SPP1_CD44,SPP1 - CD44,SPP1,Secreted Signaling,PMID: 21907263
IFN-stimulated,CD8.EM,SPP1,CD44,0.0277502114360742,0,SPP1_CD44,SPP1 - CD44,SPP1,Secreted Signaling,PMID: 21907263
Inflammatory Mono-derived,CD8.EM,SPP1,CD44,0.0505764449963646,0,SPP1_CD44,SPP1 - CD44,SPP1,Secreted Signaling,PMID: 21907263
Lipid-associated,CD8.EM,SPP1,CD44,0.0369392004030303,0,SPP1_CD44,SPP1 - CD44,SPP1,Secreted Signaling,PMID: 21907263
Proliferating,CD8.EM,SPP1,CD44,0.12292297463387,0,SPP1_CD44,SPP1 - CD44,SPP1,Secreted Signaling,PMID: 21907263
Resident M2,CD8.EM,SPP1,CD44,0.0614133719149578,0,SPP1_CD44,SPP1 - CD44,SPP1,Secreted Signaling,PMID: 21907263
Stress-response,CD8.EM,SPP1,CD44,0.0310821423057856,0,SPP1_CD44,SPP1 - CD44,SPP1,Secreted Signaling,PMID: 21907263
Classical Mono-derived,CD8.MAIT,SPP1,CD44,0.00175474435740179,0,SPP1_CD44,SPP1 - CD44,SPP1,Secreted Signaling,PMID: 21907263
IFN-stimulated,CD8.MAIT,SPP1,CD44,0.0277947846692279,0,SPP1_CD44,SPP1 - CD44,SPP1,Secreted Signaling,PMID: 21907263
Inflammatory Mono-derived,CD8.MAIT,SPP1,CD44,0.0506557721566601,0,SPP1_CD44,SPP1 - CD44,SPP1,Secreted Signaling,PMID: 21907263
Lipid-associated,CD8.MAIT,SPP1,CD44,0.0369979716068298,0,SPP1_CD44,SPP1 - CD44,SPP1,Secreted Signaling,PMID: 21907263
Proliferating,CD8.MAIT,SPP1,CD44,0.123101061749377,0,SPP1_CD44,SPP1 - CD44,SPP1,Secreted Signaling,PMID: 21907263
Resident M2,CD8.MAIT,SPP1,CD44,0.0615085951949309,0,SPP1_CD44,SPP1 - CD44,SPP1,Secreted Signaling,PMID: 21907263
Stress-response,CD8.MAIT,SPP1,CD44,0.031131896018872,0,SPP1_CD44,SPP1 - CD44,SPP1,Secreted Signaling,PMID: 21907263
Classical Mono-derived,CD8.NaiveLike,SPP1,CD44,0.00196365952006332,0,SPP1_CD44,SPP1 - CD44,SPP1,Secreted Signaling,PMID: 21907263
IFN-stimulated,CD8.NaiveLike,SPP1,CD44,0.0310076565752695,0,SPP1_CD44,SPP1 - CD44,SPP1,Secreted Signaling,PMID: 21907263
Inflammatory Mono-derived,CD8.NaiveLike,SPP1,CD44,0.0563580181086796,0,SPP1_CD44,SPP1 - CD44,SPP1,Secreted Signaling,PMID: 21907263
Lipid-associated,CD8.NaiveLike,SPP1,CD44,0.0412295491839206,0,SPP1_CD44,SPP1 - CD44,SPP1,Secreted Signaling,PMID: 21907263
Proliferating,CD8.NaiveLike,SPP1,CD44,0.135791887734486,0,SPP1_CD44,SPP1 - CD44,SPP1,Secreted Signaling,PMID: 21907263
Resident M2,CD8.NaiveLike,SPP1,CD44,0.0683445766575751,0,SPP1_CD44,SPP1 - CD44,SPP1,Secreted Signaling,PMID: 21907263
Stress-response,CD8.NaiveLike,SPP1,CD44,0.034716738671955,0,SPP1_CD44,SPP1 - CD44,SPP1,Secreted Signaling,PMID: 21907263
Classical Mono-derived,CD8.TEMRA,SPP1,CD44,0.00159234750371156,0,SPP1_CD44,SPP1 - CD44,SPP1,Secreted Signaling,PMID: 21907263
IFN-stimulated,CD8.TEMRA,SPP1,CD44,0.0252834910631225,0,SPP1_CD44,SPP1 - CD44,SPP1,Secreted Signaling,PMID: 21907263
Inflammatory Mono-derived,CD8.TEMRA,SPP1,CD44,0.0461770661473347,0,SPP1_CD44,SPP1 - CD44,SPP1,Secreted Signaling,PMID: 21907263
Lipid-associated,CD8.TEMRA,SPP1,CD44,0.0336839681672627,0,SPP1_CD44,SPP1 - CD44,SPP1,Secreted Signaling,PMID: 21907263
Proliferating,CD8.TEMRA,SPP1,CD44,0.112979410840998,0,SPP1_CD44,SPP1 - CD44,SPP1,Secreted Signaling,PMID: 21907263
Resident M2,CD8.TEMRA,SPP1,CD44,0.0561270722881184,0,SPP1_CD44,SPP1 - CD44,SPP1,Secreted Signaling,PMID: 21907263
Stress-response,CD8.TEMRA,SPP1,CD44,0.0283278756105755,0,SPP1_CD44,SPP1 - CD44,SPP1,Secreted Signaling,PMID: 21907263
Classical Mono-derived,CD8.TEX,SPP1,CD44,0.00142943727010507,0,SPP1_CD44,SPP1 - CD44,SPP1,Secreted Signaling,PMID: 21907263
IFN-stimulated,CD8.TEX,SPP1,CD44,0.0227520164372455,0,SPP1_CD44,SPP1 - CD44,SPP1,Secreted Signaling,PMID: 21907263
Inflammatory Mono-derived,CD8.TEX,SPP1,CD44,0.0416430255934428,0,SPP1_CD44,SPP1 - CD44,SPP1,Secreted Signaling,PMID: 21907263
Lipid-associated,CD8.TEX,SPP1,CD44,0.0303375857777687,0,SPP1_CD44,SPP1 - CD44,SPP1,Secreted Signaling,PMID: 21907263
Proliferating,CD8.TEX,SPP1,CD44,0.102591668743067,0,SPP1_CD44,SPP1 - CD44,SPP1,Secreted Signaling,PMID: 21907263
Resident M2,CD8.TEX,SPP1,CD44,0.0506679567615779,0,SPP1_CD44,SPP1 - CD44,SPP1,Secreted Signaling,PMID: 21907263
Stress-response,CD8.TEX,SPP1,CD44,0.0254995604467416,0,SPP1_CD44,SPP1 - CD44,SPP1,Secreted Signaling,PMID: 21907263
Classical Mono-derived,CD8.TPEX,SPP1,CD44,0.00151255794443202,0,SPP1_CD44,SPP1 - CD44,SPP1,Secreted Signaling,PMID: 21907263
IFN-stimulated,CD8.TPEX,SPP1,CD44,0.0240451725548994,0,SPP1_CD44,SPP1 - CD44,SPP1,Secreted Signaling,PMID: 21907263
Inflammatory Mono-derived,CD8.TPEX,SPP1,CD44,0.043961588943294,0,SPP1_CD44,SPP1 - CD44,SPP1,Secreted Signaling,PMID: 21907263
Lipid-associated,CD8.TPEX,SPP1,CD44,0.0320477440400775,0,SPP1_CD44,SPP1 - CD44,SPP1,Secreted Signaling,PMID: 21907263
Proliferating,CD8.TPEX,SPP1,CD44,0.107921537287737,0,SPP1_CD44,SPP1 - CD44,SPP1,Secreted Signaling,PMID: 21907263
Resident M2,CD8.TPEX,SPP1,CD44,0.053460971750141,0,SPP1_CD44,SPP1 - CD44,SPP1,Secreted Signaling,PMID: 21907263
Stress-response,CD8.TPEX,SPP1,CD44,0.0269445730092873,0,SPP1_CD44,SPP1 - CD44,SPP1,Secreted Signaling,PMID: 21907263
Classical Mono-derived,Classical Mono-derived,SPP1,CD44,0.0023175087126055,0,SPP1_CD44,SPP1 - CD44,SPP1,Secreted Signaling,PMID: 21907263
IFN-stimulated,Classical Mono-derived,SPP1,CD44,0.0364042968593323,0,SPP1_CD44,SPP1 - CD44,SPP1,Secreted Signaling,PMID: 21907263
Inflammatory Mono-derived,Classical Mono-derived,SPP1,CD44,0.0658667849326691,0,SPP1_CD44,SPP1 - CD44,SPP1,Secreted Signaling,PMID: 21907263
Lipid-associated,Classical Mono-derived,SPP1,CD44,0.0483165223186684,0,SPP1_CD44,SPP1 - CD44,SPP1,Secreted Signaling,PMID: 21907263
Proliferating,Classical Mono-derived,SPP1,CD44,0.156480372738864,0,SPP1_CD44,SPP1 - CD44,SPP1,Secreted Signaling,PMID: 21907263
Resident M2,Classical Mono-derived,SPP1,CD44,0.0797049037617394,0,SPP1_CD44,SPP1 - CD44,SPP1,Secreted Signaling,PMID: 21907263
Stress-response,Classical Mono-derived,SPP1,CD44,0.040731780444244,0,SPP1_CD44,SPP1 - CD44,SPP1,Secreted Signaling,PMID: 21907263
Classical Mono-derived,IFN-stimulated,SPP1,CD44,0.00244045062803567,0,SPP1_CD44,SPP1 - CD44,SPP1,Secreted Signaling,PMID: 21907263
IFN-stimulated,IFN-stimulated,SPP1,CD44,0.038266158116075,0,SPP1_CD44,SPP1 - CD44,SPP1,Secreted Signaling,PMID: 21907263
Inflammatory Mono-derived,IFN-stimulated,SPP1,CD44,0.069127377185546,0,SPP1_CD44,SPP1 - CD44,SPP1,Secreted Signaling,PMID: 21907263
Lipid-associated,IFN-stimulated,SPP1,CD44,0.0507555319292596,0,SPP1_CD44,SPP1 - CD44,SPP1,Secreted Signaling,PMID: 21907263
Proliferating,IFN-stimulated,SPP1,CD44,0.163441760449924,0,SPP1_CD44,SPP1 - CD44,SPP1,Secreted Signaling,PMID: 21907263
Resident M2,IFN-stimulated,SPP1,CD44,0.0835892237393032,0,SPP1_CD44,SPP1 - CD44,SPP1,Secreted Signaling,PMID: 21907263
Stress-response,IFN-stimulated,SPP1,CD44,0.0428051347529229,0,SPP1_CD44,SPP1 - CD44,SPP1,Secreted Signaling,PMID: 21907263
Classical Mono-derived,Inflammatory Mono-derived,SPP1,CD44,0.00287178729969159,0,SPP1_CD44,SPP1 - CD44,SPP1,Secreted Signaling,PMID: 21907263
IFN-stimulated,Inflammatory Mono-derived,SPP1,CD44,0.0447454764414237,0,SPP1_CD44,SPP1 - CD44,SPP1,Secreted Signaling,PMID: 21907263
Inflammatory Mono-derived,Inflammatory Mono-derived,SPP1,CD44,0.0803953705023643,0,SPP1_CD44,SPP1 - CD44,SPP1,Secreted Signaling,PMID: 21907263
Lipid-associated,Inflammatory Mono-derived,SPP1,CD44,0.0592193653112406,0,SPP1_CD44,SPP1 - CD44,SPP1,Secreted Signaling,PMID: 21907263
Proliferating,Inflammatory Mono-derived,SPP1,CD44,0.186995050143487,0,SPP1_CD44,SPP1 - CD44,SPP1,Secreted Signaling,PMID: 21907263
Resident M2,Inflammatory Mono-derived,SPP1,CD44,0.0969689833902753,0,SPP1_CD44,SPP1 - CD44,SPP1,Secreted Signaling,PMID: 21907263
Stress-response,Inflammatory Mono-derived,SPP1,CD44,0.0500130366420916,0,SPP1_CD44,SPP1 - CD44,SPP1,Secreted Signaling,PMID: 21907263
Classical Mono-derived,Lipid-associated,SPP1,CD44,0.00192432865386861,0,SPP1_CD44,SPP1 - CD44,SPP1,Secreted Signaling,PMID: 21907263
IFN-stimulated,Lipid-associated,SPP1,CD44,0.0304043146931732,0,SPP1_CD44,SPP1 - CD44,SPP1,Secreted Signaling,PMID: 21907263
Inflammatory Mono-derived,Lipid-associated,SPP1,CD44,0.0552895580743552,0,SPP1_CD44,SPP1 - CD44,SPP1,Secreted Signaling,PMID: 21907263
Lipid-associated,Lipid-associated,SPP1,CD44,0.040435611232511,0,SPP1_CD44,SPP1 - CD44,SPP1,Secreted Signaling,PMID: 21907263
Proliferating,Lipid-associated,SPP1,CD44,0.133430424888656,0,SPP1_CD44,SPP1 - CD44,SPP1,Secreted Signaling,PMID: 21907263
Resident M2,Lipid-associated,SPP1,CD44,0.0670650206841243,0,SPP1_CD44,SPP1 - CD44,SPP1,Secreted Signaling,PMID: 21907263
Stress-response,Lipid-associated,SPP1,CD44,0.0340437616653998,0,SPP1_CD44,SPP1 - CD44,SPP1,Secreted Signaling,PMID: 21907263
Classical Mono-derived,Proliferating,SPP1,CD44,0.00134995822650162,0,SPP1_CD44,SPP1 - CD44,SPP1,Secreted Signaling,PMID: 21907263
IFN-stimulated,Proliferating,SPP1,CD44,0.0215125083129348,0,SPP1_CD44,SPP1 - CD44,SPP1,Secreted Signaling,PMID: 21907263
Inflammatory Mono-derived,Proliferating,SPP1,CD44,0.039415863158668,0,SPP1_CD44,SPP1 - CD44,SPP1,Secreted Signaling,PMID: 21907263
Lipid-associated,Proliferating,SPP1,CD44,0.0286969583316787,0,SPP1_CD44,SPP1 - CD44,SPP1,Secreted Signaling,PMID: 21907263
Proliferating,Proliferating,SPP1,CD44,0.0974362471192006,0,SPP1_CD44,SPP1 - CD44,SPP1,Secreted Signaling,PMID: 21907263
Resident M2,Proliferating,SPP1,CD44,0.0479822868929212,0,SPP1_CD44,SPP1 - CD44,SPP1,Secreted Signaling,PMID: 21907263
Stress-response,Proliferating,SPP1,CD44,0.024114062262959,0,SPP1_CD44,SPP1 - CD44,SPP1,Secreted Signaling,PMID: 21907263
Classical Mono-derived,Resident M2,SPP1,CD44,0.00166663696869042,0,SPP1_CD44,SPP1 - CD44,SPP1,Secreted Signaling,PMID: 21907263
IFN-stimulated,Resident M2,SPP1,CD44,0.026433804835942,0,SPP1_CD44,SPP1 - CD44,SPP1,Secreted Signaling,PMID: 21907263
Inflammatory Mono-derived,Resident M2,SPP1,CD44,0.0482309303146583,0,SPP1_CD44,SPP1 - CD44,SPP1,Secreted Signaling,PMID: 21907263
Lipid-associated,Resident M2,SPP1,CD44,0.0352026721593187,0,SPP1_CD44,SPP1 - CD44,SPP1,Secreted Signaling,PMID: 21907263
Proliferating,Resident M2,SPP1,CD44,0.117638058524669,0,SPP1_CD44,SPP1 - CD44,SPP1,Secreted Signaling,PMID: 21907263
Resident M2,Resident M2,SPP1,CD44,0.058596305341248,0,SPP1_CD44,SPP1 - CD44,SPP1,Secreted Signaling,PMID: 21907263
Stress-response,Resident M2,SPP1,CD44,0.029612490640136,0,SPP1_CD44,SPP1 - CD44,SPP1,Secreted Signaling,PMID: 21907263
Classical Mono-derived,Stress-response,SPP1,CD44,0.00245351125656796,0,SPP1_CD44,SPP1 - CD44,SPP1,Secreted Signaling,PMID: 21907263
IFN-stimulated,Stress-response,SPP1,CD44,0.0384635555571803,0,SPP1_CD44,SPP1 - CD44,SPP1,Secreted Signaling,PMID: 21907263
Inflammatory Mono-derived,Stress-response,SPP1,CD44,0.0694724734127363,0,SPP1_CD44,SPP1 - CD44,SPP1,Secreted Signaling,PMID: 21907263
Lipid-associated,Stress-response,SPP1,CD44,0.0510139388401513,0,SPP1_CD44,SPP1 - CD44,SPP1,Secreted Signaling,PMID: 21907263
Proliferating,Stress-response,SPP1,CD44,0.164174651598752,0,SPP1_CD44,SPP1 - CD44,SPP1,Secreted Signaling,PMID: 21907263
Resident M2,Stress-response,SPP1,CD44,0.0840000012629055,0,SPP1_CD44,SPP1 - CD44,SPP1,Secreted Signaling,PMID: 21907263
Stress-response,Stress-response,SPP1,CD44,0.0430248991894861,0,SPP1_CD44,SPP1 - CD44,SPP1,Secreted Signaling,PMID: 21907263
Classical Mono-derived,Classical Mono-derived,SPP1,ITGAV_ITGB1,0.000443563605005157,0,SPP1_ITGAV_ITGB1,SPP1 - (ITGAV+ITGB1),SPP1,Secreted Signaling,PMID: 21907263
IFN-stimulated,Classical Mono-derived,SPP1,ITGAV_ITGB1,0.00716562632689942,0,SPP1_ITGAV_ITGB1,SPP1 - (ITGAV+ITGB1),SPP1,Secreted Signaling,PMID: 21907263
Inflammatory Mono-derived,Classical Mono-derived,SPP1,ITGAV_ITGB1,0.0132912609590916,0,SPP1_ITGAV_ITGB1,SPP1 - (ITGAV+ITGB1),SPP1,Secreted Signaling,PMID: 21907263
Lipid-associated,Classical Mono-derived,SPP1,ITGAV_ITGB1,0.00960573966870752,0,SPP1_ITGAV_ITGB1,SPP1 - (ITGAV+ITGB1),SPP1,Secreted Signaling,PMID: 21907263
Proliferating,Classical Mono-derived,SPP1,ITGAV_ITGB1,0.0342262741979787,0,SPP1_ITGAV_ITGB1,SPP1 - (ITGAV+ITGB1),SPP1,Secreted Signaling,PMID: 21907263
Resident M2,Classical Mono-derived,SPP1,ITGAV_ITGB1,0.0162761135240213,0,SPP1_ITGAV_ITGB1,SPP1 - (ITGAV+ITGB1),SPP1,Secreted Signaling,PMID: 21907263
Stress-response,Classical Mono-derived,SPP1,ITGAV_ITGB1,0.00804644845997631,0,SPP1_ITGAV_ITGB1,SPP1 - (ITGAV+ITGB1),SPP1,Secreted Signaling,PMID: 21907263
Classical Mono-derived,IFN-stimulated,SPP1,ITGAV_ITGB1,0.000430859828836463,0,SPP1_ITGAV_ITGB1,SPP1 - (ITGAV+ITGB1),SPP1,Secreted Signaling,PMID: 21907263
IFN-stimulated,IFN-stimulated,SPP1,ITGAV_ITGB1,0.00696174181936419,0,SPP1_ITGAV_ITGB1,SPP1 - (ITGAV+ITGB1),SPP1,Secreted Signaling,PMID: 21907263
Inflammatory Mono-derived,IFN-stimulated,SPP1,ITGAV_ITGB1,0.0129153502724989,0,SPP1_ITGAV_ITGB1,SPP1 - (ITGAV+ITGB1),SPP1,Secreted Signaling,PMID: 21907263
Lipid-associated,IFN-stimulated,SPP1,ITGAV_ITGB1,0.00933307895741042,0,SPP1_ITGAV_ITGB1,SPP1 - (ITGAV+ITGB1),SPP1,Secreted Signaling,PMID: 21907263
Proliferating,IFN-stimulated,SPP1,ITGAV_ITGB1,0.0332782373671346,0,SPP1_ITGAV_ITGB1,SPP1 - (ITGAV+ITGB1),SPP1,Secreted Signaling,PMID: 21907263
Resident M2,IFN-stimulated,SPP1,ITGAV_ITGB1,0.0158171368673108,0,SPP1_ITGAV_ITGB1,SPP1 - (ITGAV+ITGB1),SPP1,Secreted Signaling,PMID: 21907263
Stress-response,IFN-stimulated,SPP1,ITGAV_ITGB1,0.00781769914695151,0,SPP1_ITGAV_ITGB1,SPP1 - (ITGAV+ITGB1),SPP1,Secreted Signaling,PMID: 21907263
Classical Mono-derived,Inflammatory Mono-derived,SPP1,ITGAV_ITGB1,0.000526685751984114,0,SPP1_ITGAV_ITGB1,SPP1 - (ITGAV+ITGB1),SPP1,Secreted Signaling,PMID: 21907263
IFN-stimulated,Inflammatory Mono-derived,SPP1,ITGAV_ITGB1,0.00849772843324691,0,SPP1_ITGAV_ITGB1,SPP1 - (ITGAV+ITGB1),SPP1,Secreted Signaling,PMID: 21907263
Inflammatory Mono-derived,Inflammatory Mono-derived,SPP1,ITGAV_ITGB1,0.0157440707401102,0,SPP1_ITGAV_ITGB1,SPP1 - (ITGAV+ITGB1),SPP1,Secreted Signaling,PMID: 21907263
Lipid-associated,Inflammatory Mono-derived,SPP1,ITGAV_ITGB1,0.0113862606629603,0,SPP1_ITGAV_ITGB1,SPP1 - (ITGAV+ITGB1),SPP1,Secreted Signaling,PMID: 21907263
Proliferating,Inflammatory Mono-derived,SPP1,ITGAV_ITGB1,0.0403843720010906,0,SPP1_ITGAV_ITGB1,SPP1 - (ITGAV+ITGB1),SPP1,Secreted Signaling,PMID: 21907263
Resident M2,Inflammatory Mono-derived,SPP1,ITGAV_ITGB1,0.0192690000986851,0,SPP1_ITGAV_ITGB1,SPP1 - (ITGAV+ITGB1),SPP1,Secreted Signaling,PMID: 21907263
Stress-response,Inflammatory Mono-derived,SPP1,ITGAV_ITGB1,0.00954072336330746,0,SPP1_ITGAV_ITGB1,SPP1 - (ITGAV+ITGB1),SPP1,Secreted Signaling,PMID: 21907263
Classical Mono-derived,Resident M2,SPP1,ITGAV_ITGB1,0.000537079705784338,0,SPP1_ITGAV_ITGB1,SPP1 - (ITGAV+ITGB1),SPP1,Secreted Signaling,PMID: 21907263
IFN-stimulated,Resident M2,SPP1,ITGAV_ITGB1,0.00866406442160794,0,SPP1_ITGAV_ITGB1,SPP1 - (ITGAV+ITGB1),SPP1,Secreted Signaling,PMID: 21907263
Inflammatory Mono-derived,Resident M2,SPP1,ITGAV_ITGB1,0.0160499518162174,0,SPP1_ITGAV_ITGB1,SPP1 - (ITGAV+ITGB1),SPP1,Secreted Signaling,PMID: 21907263
Lipid-associated,Resident M2,SPP1,ITGAV_ITGB1,0.0116084752990295,0,SPP1_ITGAV_ITGB1,SPP1 - (ITGAV+ITGB1),SPP1,Secreted Signaling,PMID: 21907263
Proliferating,Resident M2,SPP1,ITGAV_ITGB1,0.041148959166241,0,SPP1_ITGAV_ITGB1,SPP1 - (ITGAV+ITGB1),SPP1,Secreted Signaling,PMID: 21907263
Resident M2,Resident M2,SPP1,ITGAV_ITGB1,0.0196419980123519,0,SPP1_ITGAV_ITGB1,SPP1 - (ITGAV+ITGB1),SPP1,Secreted Signaling,PMID: 21907263
Stress-response,Resident M2,SPP1,ITGAV_ITGB1,0.00972727482090372,0,SPP1_ITGAV_ITGB1,SPP1 - (ITGAV+ITGB1),SPP1,Secreted Signaling,PMID: 21907263
Classical Mono-derived,CD8.CM,SPP1,ITGA4_ITGB1,0.000449070445767498,0,SPP1_ITGA4_ITGB1,SPP1 - (ITGA4+ITGB1),SPP1,Secreted Signaling,PMID: 21907263
IFN-stimulated,CD8.CM,SPP1,ITGA4_ITGB1,0.00725398190997158,0,SPP1_ITGA4_ITGB1,SPP1 - (ITGA4+ITGB1),SPP1,Secreted Signaling,PMID: 21907263
Inflammatory Mono-derived,CD8.CM,SPP1,ITGA4_ITGB1,0.0134541249814329,0,SPP1_ITGA4_ITGB1,SPP1 - (ITGA4+ITGB1),SPP1,Secreted Signaling,PMID: 21907263
Lipid-associated,CD8.CM,SPP1,ITGA4_ITGB1,0.00972388832906442,0,SPP1_ITGA4_ITGB1,SPP1 - (ITGA4+ITGB1),SPP1,Secreted Signaling,PMID: 21907263
Proliferating,CD8.CM,SPP1,ITGA4_ITGB1,0.0346366597987977,0,SPP1_ITGA4_ITGB1,SPP1 - (ITGA4+ITGB1),SPP1,Secreted Signaling,PMID: 21907263
Resident M2,CD8.CM,SPP1,ITGA4_ITGB1,0.0164749416532809,0,SPP1_ITGA4_ITGB1,SPP1 - (ITGA4+ITGB1),SPP1,Secreted Signaling,PMID: 21907263
Stress-response,CD8.CM,SPP1,ITGA4_ITGB1,0.00814557589192269,0,SPP1_ITGA4_ITGB1,SPP1 - (ITGA4+ITGB1),SPP1,Secreted Signaling,PMID: 21907263
Classical Mono-derived,CD8.EM,SPP1,ITGA4_ITGB1,0.000446949714386058,0,SPP1_ITGA4_ITGB1,SPP1 - (ITGA4+ITGB1),SPP1,Secreted Signaling,PMID: 21907263
IFN-stimulated,CD8.EM,SPP1,ITGA4_ITGB1,0.00721995716753559,0,SPP1_ITGA4_ITGB1,SPP1 - (ITGA4+ITGB1),SPP1,Secreted Signaling,PMID: 21907263
Inflammatory Mono-derived,CD8.EM,SPP1,ITGA4_ITGB1,0.0133914108098895,0,SPP1_ITGA4_ITGB1,SPP1 - (ITGA4+ITGB1),SPP1,Secreted Signaling,PMID: 21907263
Lipid-associated,CD8.EM,SPP1,ITGA4_ITGB1,0.0096783914550943,0,SPP1_ITGA4_ITGB1,SPP1 - (ITGA4+ITGB1),SPP1,Secreted Signaling,PMID: 21907263
Proliferating,CD8.EM,SPP1,ITGA4_ITGB1,0.0344786575668128,0,SPP1_ITGA4_ITGB1,SPP1 - (ITGA4+ITGB1),SPP1,Secreted Signaling,PMID: 21907263
Resident M2,CD8.EM,SPP1,ITGA4_ITGB1,0.0163983805011692,0,SPP1_ITGA4_ITGB1,SPP1 - (ITGA4+ITGB1),SPP1,Secreted Signaling,PMID: 21907263
Stress-response,CD8.EM,SPP1,ITGA4_ITGB1,0.00810740328827505,0,SPP1_ITGA4_ITGB1,SPP1 - (ITGA4+ITGB1),SPP1,Secreted Signaling,PMID: 21907263
Classical Mono-derived,CD8.NaiveLike,SPP1,ITGA4_ITGB1,0.000502437413423467,0,SPP1_ITGA4_ITGB1,SPP1 - (ITGA4+ITGB1),SPP1,Secreted Signaling,PMID: 21907263
IFN-stimulated,CD8.NaiveLike,SPP1,ITGA4_ITGB1,0.00810947503332185,0,SPP1_ITGA4_ITGB1,SPP1 - (ITGA4+ITGB1),SPP1,Secreted Signaling,PMID: 21907263
Inflammatory Mono-derived,CD8.NaiveLike,SPP1,ITGA4_ITGB1,0.0150297573021059,0,SPP1_ITGA4_ITGB1,SPP1 - (ITGA4+ITGB1),SPP1,Secreted Signaling,PMID: 21907263
Lipid-associated,CD8.NaiveLike,SPP1,ITGA4_ITGB1,0.0108674794019865,0,SPP1_ITGA4_ITGB1,SPP1 - (ITGA4+ITGB1),SPP1,Secreted Signaling,PMID: 21907263
Proliferating,CD8.NaiveLike,SPP1,ITGA4_ITGB1,0.0385959584369115,0,SPP1_ITGA4_ITGB1,SPP1 - (ITGA4+ITGB1),SPP1,Secreted Signaling,PMID: 21907263
Resident M2,CD8.NaiveLike,SPP1,ITGA4_ITGB1,0.0183977488721214,0,SPP1_ITGA4_ITGB1,SPP1 - (ITGA4+ITGB1),SPP1,Secreted Signaling,PMID: 21907263
Stress-response,CD8.NaiveLike,SPP1,ITGA4_ITGB1,0.00910525409966083,0,SPP1_ITGA4_ITGB1,SPP1 - (ITGA4+ITGB1),SPP1,Secreted Signaling,PMID: 21907263
Classical Mono-derived,CD8.TEMRA,SPP1,ITGA4_ITGB1,0.000475582632609744,0,SPP1_ITGA4_ITGB1,SPP1 - (ITGA4+ITGB1),SPP1,Secreted Signaling,PMID: 21907263
IFN-stimulated,CD8.TEMRA,SPP1,ITGA4_ITGB1,0.00767915547236819,0,SPP1_ITGA4_ITGB1,SPP1 - (ITGA4+ITGB1),SPP1,Secreted Signaling,PMID: 21907263
Inflammatory Mono-derived,CD8.TEMRA,SPP1,ITGA4_ITGB1,0.0142374922538089,0,SPP1_ITGA4_ITGB1,SPP1 - (ITGA4+ITGB1),SPP1,Secreted Signaling,PMID: 21907263
Lipid-associated,CD8.TEMRA,SPP1,ITGA4_ITGB1,0.0102923282481827,0,SPP1_ITGA4_ITGB1,SPP1 - (ITGA4+ITGB1),SPP1,Secreted Signaling,PMID: 21907263
Proliferating,CD8.TEMRA,SPP1,ITGA4_ITGB1,0.0366076155871122,0,SPP1_ITGA4_ITGB1,SPP1 - (ITGA4+ITGB1),SPP1,Secreted Signaling,PMID: 21907263
Resident M2,CD8.TEMRA,SPP1,ITGA4_ITGB1,0.0174310884485069,0,SPP1_ITGA4_ITGB1,SPP1 - (ITGA4+ITGB1),SPP1,Secreted Signaling,PMID: 21907263
Stress-response,CD8.TEMRA,SPP1,ITGA4_ITGB1,0.00862255405674038,0,SPP1_ITGA4_ITGB1,SPP1 - (ITGA4+ITGB1),SPP1,Secreted Signaling,PMID: 21907263
Classical Mono-derived,CD8.TEX,SPP1,ITGA4_ITGB1,0.0011425208383602,0,SPP1_ITGA4_ITGB1,SPP1 - (ITGA4+ITGB1),SPP1,Secreted Signaling,PMID: 21907263
IFN-stimulated,CD8.TEX,SPP1,ITGA4_ITGB1,0.0182635124109279,0,SPP1_ITGA4_ITGB1,SPP1 - (ITGA4+ITGB1),SPP1,Secreted Signaling,PMID: 21907263
Inflammatory Mono-derived,CD8.TEX,SPP1,ITGA4_ITGB1,0.0335556817724665,0,SPP1_ITGA4_ITGB1,SPP1 - (ITGA4+ITGB1),SPP1,Secreted Signaling,PMID: 21907263
Lipid-associated,CD8.TEX,SPP1,ITGA4_ITGB1,0.024389953978092,0,SPP1_ITGA4_ITGB1,SPP1 - (ITGA4+ITGB1),SPP1,Secreted Signaling,PMID: 21907263
Proliferating,CD8.TEX,SPP1,ITGA4_ITGB1,0.0837014988416604,0,SPP1_ITGA4_ITGB1,SPP1 - (ITGA4+ITGB1),SPP1,Secreted Signaling,PMID: 21907263
Resident M2,CD8.TEX,SPP1,ITGA4_ITGB1,0.0409027184765106,0,SPP1_ITGA4_ITGB1,SPP1 - (ITGA4+ITGB1),SPP1,Secreted Signaling,PMID: 21907263
Stress-response,CD8.TEX,SPP1,ITGA4_ITGB1,0.0204803821133926,0,SPP1_ITGA4_ITGB1,SPP1 - (ITGA4+ITGB1),SPP1,Secreted Signaling,PMID: 21907263
Classical Mono-derived,CD8.TPEX,SPP1,ITGA4_ITGB1,0.000672504642124243,0,SPP1_ITGA4_ITGB1,SPP1 - (ITGA4+ITGB1),SPP1,Secreted Signaling,PMID: 21907263
IFN-stimulated,CD8.TPEX,SPP1,ITGA4_ITGB1,0.0108265150482096,0,SPP1_ITGA4_ITGB1,SPP1 - (ITGA4+ITGB1),SPP1,Secreted Signaling,PMID: 21907263
Inflammatory Mono-derived,CD8.TPEX,SPP1,ITGA4_ITGB1,0.0200186093380123,0,SPP1_ITGA4_ITGB1,SPP1 - (ITGA4+ITGB1),SPP1,Secreted Signaling,PMID: 21907263
Lipid-associated,CD8.TPEX,SPP1,ITGA4_ITGB1,0.014495071549669,0,SPP1_ITGA4_ITGB1,SPP1 - (ITGA4+ITGB1),SPP1,Secreted Signaling,PMID: 21907263
Proliferating,CD8.TPEX,SPP1,ITGA4_ITGB1,0.051002133157817,0,SPP1_ITGA4_ITGB1,SPP1 - (ITGA4+ITGB1),SPP1,Secreted Signaling,PMID: 21907263
Resident M2,CD8.TPEX,SPP1,ITGA4_ITGB1,0.0244767627144637,0,SPP1_ITGA4_ITGB1,SPP1 - (ITGA4+ITGB1),SPP1,Secreted Signaling,PMID: 21907263
Stress-response,CD8.TPEX,SPP1,ITGA4_ITGB1,0.0121518376535982,0,SPP1_ITGA4_ITGB1,SPP1 - (ITGA4+ITGB1),SPP1,Secreted Signaling,PMID: 21907263
Classical Mono-derived,Classical Mono-derived,SPP1,ITGA4_ITGB1,0.000907041551887358,0,SPP1_ITGA4_ITGB1,SPP1 - (ITGA4+ITGB1),SPP1,Secreted Signaling,PMID: 21907263
IFN-stimulated,Classical Mono-derived,SPP1,ITGA4_ITGB1,0.0145507148845138,0,SPP1_ITGA4_ITGB1,SPP1 - (ITGA4+ITGB1),SPP1,Secreted Signaling,PMID: 21907263
Inflammatory Mono-derived,Classical Mono-derived,SPP1,ITGA4_ITGB1,0.0268190571840709,0,SPP1_ITGA4_ITGB1,SPP1 - (ITGA4+ITGB1),SPP1,Secreted Signaling,PMID: 21907263
Lipid-associated,Classical Mono-derived,SPP1,ITGA4_ITGB1,0.0194563921306157,0,SPP1_ITGA4_ITGB1,SPP1 - (ITGA4+ITGB1),SPP1,Secreted Signaling,PMID: 21907263
Proliferating,Classical Mono-derived,SPP1,ITGA4_ITGB1,0.0676018153775821,0,SPP1_ITGA4_ITGB1,SPP1 - (ITGA4+ITGB1),SPP1,Secreted Signaling,PMID: 21907263
Resident M2,Classical Mono-derived,SPP1,ITGA4_ITGB1,0.0327410753355984,0,SPP1_ITGA4_ITGB1,SPP1 - (ITGA4+ITGB1),SPP1,Secreted Signaling,PMID: 21907263
Stress-response,Classical Mono-derived,SPP1,ITGA4_ITGB1,0.016324409921811,0,SPP1_ITGA4_ITGB1,SPP1 - (ITGA4+ITGB1),SPP1,Secreted Signaling,PMID: 21907263
Classical Mono-derived,IFN-stimulated,SPP1,ITGA4_ITGB1,0.000524010837490447,0,SPP1_ITGA4_ITGB1,SPP1 - (ITGA4+ITGB1),SPP1,Secreted Signaling,PMID: 21907263
IFN-stimulated,IFN-stimulated,SPP1,ITGA4_ITGB1,0.00845491290725753,0,SPP1_ITGA4_ITGB1,SPP1 - (ITGA4+ITGB1),SPP1,Secreted Signaling,PMID: 21907263
Inflammatory Mono-derived,IFN-stimulated,SPP1,ITGA4_ITGB1,0.0156653216060659,0,SPP1_ITGA4_ITGB1,SPP1 - (ITGA4+ITGB1),SPP1,Secreted Signaling,PMID: 21907263
Lipid-associated,IFN-stimulated,SPP1,ITGA4_ITGB1,0.0113290576557474,0,SPP1_ITGA4_ITGB1,SPP1 - (ITGA4+ITGB1),SPP1,Secreted Signaling,PMID: 21907263
Proliferating,IFN-stimulated,SPP1,ITGA4_ITGB1,0.0401874085044996,0,SPP1_ITGA4_ITGB1,SPP1 - (ITGA4+ITGB1),SPP1,Secreted Signaling,PMID: 21907263
Resident M2,IFN-stimulated,SPP1,ITGA4_ITGB1,0.0191729633217478,0,SPP1_ITGA4_ITGB1,SPP1 - (ITGA4+ITGB1),SPP1,Secreted Signaling,PMID: 21907263
Stress-response,IFN-stimulated,SPP1,ITGA4_ITGB1,0.00949270305417902,0,SPP1_ITGA4_ITGB1,SPP1 - (ITGA4+ITGB1),SPP1,Secreted Signaling,PMID: 21907263
Classical Mono-derived,Inflammatory Mono-derived,SPP1,ITGA4_ITGB1,0.000530472423230676,0,SPP1_ITGA4_ITGB1,SPP1 - (ITGA4+ITGB1),SPP1,Secreted Signaling,PMID: 21907263
IFN-stimulated,Inflammatory Mono-derived,SPP1,ITGA4_ITGB1,0.00855833315884836,0,SPP1_ITGA4_ITGB1,SPP1 - (ITGA4+ITGB1),SPP1,Secreted Signaling,PMID: 21907263
Inflammatory Mono-derived,Inflammatory Mono-derived,SPP1,ITGA4_ITGB1,0.0158555290270179,0,SPP1_ITGA4_ITGB1,SPP1 - (ITGA4+ITGB1),SPP1,Secreted Signaling,PMID: 21907263
Lipid-associated,Inflammatory Mono-derived,SPP1,ITGA4_ITGB1,0.0114672277785396,0,SPP1_ITGA4_ITGB1,SPP1 - (ITGA4+ITGB1),SPP1,Secreted Signaling,PMID: 21907263
Proliferating,Inflammatory Mono-derived,SPP1,ITGA4_ITGB1,0.0406630617376328,0,SPP1_ITGA4_ITGB1,SPP1 - (ITGA4+ITGB1),SPP1,Secreted Signaling,PMID: 21907263
Resident M2,Inflammatory Mono-derived,SPP1,ITGA4_ITGB1,0.0194049207237103,0,SPP1_ITGA4_ITGB1,SPP1 - (ITGA4+ITGB1),SPP1,Secreted Signaling,PMID: 21907263
Stress-response,Inflammatory Mono-derived,SPP1,ITGA4_ITGB1,0.0096086945100536,0,SPP1_ITGA4_ITGB1,SPP1 - (ITGA4+ITGB1),SPP1,Secreted Signaling,PMID: 21907263
Classical Mono-derived,Lipid-associated,SPP1,ITGA4_ITGB1,0.000478749612897676,0,SPP1_ITGA4_ITGB1,SPP1 - (ITGA4+ITGB1),SPP1,Secreted Signaling,PMID: 21907263
IFN-stimulated,Lipid-associated,SPP1,ITGA4_ITGB1,0.00772992120964016,0,SPP1_ITGA4_ITGB1,SPP1 - (ITGA4+ITGB1),SPP1,Secreted Signaling,PMID: 21907263
Inflammatory Mono-derived,Lipid-associated,SPP1,ITGA4_ITGB1,0.0143309880201535,0,SPP1_ITGA4_ITGB1,SPP1 - (ITGA4+ITGB1),SPP1,Secreted Signaling,PMID: 21907263
Lipid-associated,Lipid-associated,SPP1,ITGA4_ITGB1,0.0103601889157961,0,SPP1_ITGA4_ITGB1,SPP1 - (ITGA4+ITGB1),SPP1,Secreted Signaling,PMID: 21907263
Proliferating,Lipid-associated,SPP1,ITGA4_ITGB1,0.0368425226553084,0,SPP1_ITGA4_ITGB1,SPP1 - (ITGA4+ITGB1),SPP1,Secreted Signaling,PMID: 21907263
Resident M2,Lipid-associated,SPP1,ITGA4_ITGB1,0.01754518287632,0,SPP1_ITGA4_ITGB1,SPP1 - (ITGA4+ITGB1),SPP1,Secreted Signaling,PMID: 21907263
Stress-response,Lipid-associated,SPP1,ITGA4_ITGB1,0.00867950190955085,0,SPP1_ITGA4_ITGB1,SPP1 - (ITGA4+ITGB1),SPP1,Secreted Signaling,PMID: 21907263
Classical Mono-derived,Proliferating,SPP1,ITGA4_ITGB1,0.00068725446766955,0,SPP1_ITGA4_ITGB1,SPP1 - (ITGA4+ITGB1),SPP1,Secreted Signaling,PMID: 21907263
IFN-stimulated,Proliferating,SPP1,ITGA4_ITGB1,0.0110615043750414,0,SPP1_ITGA4_ITGB1,SPP1 - (ITGA4+ITGB1),SPP1,Secreted Signaling,PMID: 21907263
Inflammatory Mono-derived,Proliferating,SPP1,ITGA4_ITGB1,0.0204489883978491,0,SPP1_ITGA4_ITGB1,SPP1 - (ITGA4+ITGB1),SPP1,Secreted Signaling,PMID: 21907263
Lipid-associated,Proliferating,SPP1,ITGA4_ITGB1,0.0148084947873187,0,SPP1_ITGA4_ITGB1,SPP1 - (ITGA4+ITGB1),SPP1,Secreted Signaling,PMID: 21907263
Proliferating,Proliferating,SPP1,ITGA4_ITGB1,0.052063236977494,0,SPP1_ITGA4_ITGB1,SPP1 - (ITGA4+ITGB1),SPP1,Secreted Signaling,PMID: 21907263
Resident M2,Proliferating,SPP1,ITGA4_ITGB1,0.0250005422454894,0,SPP1_ITGA4_ITGB1,SPP1 - (ITGA4+ITGB1),SPP1,Secreted Signaling,PMID: 21907263
Stress-response,Proliferating,SPP1,ITGA4_ITGB1,0.0124152320385206,0,SPP1_ITGA4_ITGB1,SPP1 - (ITGA4+ITGB1),SPP1,Secreted Signaling,PMID: 21907263
Classical Mono-derived,Resident M2,SPP1,ITGA4_ITGB1,0.000959630141553446,0,SPP1_ITGA4_ITGB1,SPP1 - (ITGA4+ITGB1),SPP1,Secreted Signaling,PMID: 21907263
IFN-stimulated,Resident M2,SPP1,ITGA4_ITGB1,0.0153821595188491,0,SPP1_ITGA4_ITGB1,SPP1 - (ITGA4+ITGB1),SPP1,Secreted Signaling,PMID: 21907263
Inflammatory Mono-derived,Resident M2,SPP1,ITGA4_ITGB1,0.028331374725236,0,SPP1_ITGA4_ITGB1,SPP1 - (ITGA4+ITGB1),SPP1,Secreted Signaling,PMID: 21907263
Lipid-associated,Resident M2,SPP1,ITGA4_ITGB1,0.0205623037702239,0,SPP1_ITGA4_ITGB1,SPP1 - (ITGA4+ITGB1),SPP1,Secreted Signaling,PMID: 21907263
Proliferating,Resident M2,SPP1,ITGA4_ITGB1,0.0712454984399292,0,SPP1_ITGA4_ITGB1,SPP1 - (ITGA4+ITGB1),SPP1,Secreted Signaling,PMID: 21907263
Resident M2,Resident M2,SPP1,ITGA4_ITGB1,0.0345754691291153,0,SPP1_ITGA4_ITGB1,SPP1 - (ITGA4+ITGB1),SPP1,Secreted Signaling,PMID: 21907263
Stress-response,Resident M2,SPP1,ITGA4_ITGB1,0.0172554308590612,0,SPP1_ITGA4_ITGB1,SPP1 - (ITGA4+ITGB1),SPP1,Secreted Signaling,PMID: 21907263
Classical Mono-derived,Stress-response,SPP1,ITGA4_ITGB1,0.000418694432241199,0,SPP1_ITGA4_ITGB1,SPP1 - (ITGA4+ITGB1),SPP1,Secreted Signaling,PMID: 21907263
IFN-stimulated,Stress-response,SPP1,ITGA4_ITGB1,0.00676642418876534,0,SPP1_ITGA4_ITGB1,SPP1 - (ITGA4+ITGB1),SPP1,Secreted Signaling,PMID: 21907263
Inflammatory Mono-derived,Stress-response,SPP1,ITGA4_ITGB1,0.0125551108837012,0,SPP1_ITGA4_ITGB1,SPP1 - (ITGA4+ITGB1),SPP1,Secreted Signaling,PMID: 21907263
Lipid-associated,Stress-response,SPP1,ITGA4_ITGB1,0.00907183921168453,0,SPP1_ITGA4_ITGB1,SPP1 - (ITGA4+ITGB1),SPP1,Secreted Signaling,PMID: 21907263
Proliferating,Stress-response,SPP1,ITGA4_ITGB1,0.0323686542609732,0,SPP1_ITGA4_ITGB1,SPP1 - (ITGA4+ITGB1),SPP1,Secreted Signaling,PMID: 21907263
Resident M2,Stress-response,SPP1,ITGA4_ITGB1,0.015377220729969,0,SPP1_ITGA4_ITGB1,SPP1 - (ITGA4+ITGB1),SPP1,Secreted Signaling,PMID: 21907263
Stress-response,Stress-response,SPP1,ITGA4_ITGB1,0.0075985506557969,0,SPP1_ITGA4_ITGB1,SPP1 - (ITGA4+ITGB1),SPP1,Secreted Signaling,PMID: 21907263
Classical Mono-derived,Classical Mono-derived,SPP1,ITGA5_ITGB1,0.000502905629245912,0,SPP1_ITGA5_ITGB1,SPP1 - (ITGA5+ITGB1),SPP1,Secreted Signaling,PMID: 21907263
IFN-stimulated,Classical Mono-derived,SPP1,ITGA5_ITGB1,0.00811697459321344,0,SPP1_ITGA5_ITGB1,SPP1 - (ITGA5+ITGB1),SPP1,Secreted Signaling,PMID: 21907263
Inflammatory Mono-derived,Classical Mono-derived,SPP1,ITGA5_ITGB1,0.0150435596055348,0,SPP1_ITGA5_ITGB1,SPP1 - (ITGA5+ITGB1),SPP1,Secreted Signaling,PMID: 21907263
Lipid-associated,Classical Mono-derived,SPP1,ITGA5_ITGB1,0.0108775015655156,0,SPP1_ITGA5_ITGB1,SPP1 - (ITGA5+ITGB1),SPP1,Secreted Signaling,PMID: 21907263
Proliferating,Classical Mono-derived,SPP1,ITGA5_ITGB1,0.0386305535475838,0,SPP1_ITGA5_ITGB1,SPP1 - (ITGA5+ITGB1),SPP1,Secreted Signaling,PMID: 21907263
Resident M2,Classical Mono-derived,SPP1,ITGA5_ITGB1,0.0184145862849898,0,SPP1_ITGA5_ITGB1,SPP1 - (ITGA5+ITGB1),SPP1,Secreted Signaling,PMID: 21907263
Stress-response,Classical Mono-derived,SPP1,ITGA5_ITGB1,0.00911366608462099,0,SPP1_ITGA5_ITGB1,SPP1 - (ITGA5+ITGB1),SPP1,Secreted Signaling,PMID: 21907263
Classical Mono-derived,IFN-stimulated,SPP1,ITGA5_ITGB1,0.000451652098712286,0,SPP1_ITGA5_ITGB1,SPP1 - (ITGA5+ITGB1),SPP1,Secreted Signaling,PMID: 21907263
IFN-stimulated,IFN-stimulated,SPP1,ITGA5_ITGB1,0.00729539866624124,0,SPP1_ITGA5_ITGB1,SPP1 - (ITGA5+ITGB1),SPP1,Secreted Signaling,PMID: 21907263
Inflammatory Mono-derived,IFN-stimulated,SPP1,ITGA5_ITGB1,0.0135304591038444,0,SPP1_ITGA5_ITGB1,SPP1 - (ITGA5+ITGB1),SPP1,Secreted Signaling,PMID: 21907263
Lipid-associated,IFN-stimulated,SPP1,ITGA5_ITGB1,0.00977926815119952,0,SPP1_ITGA5_ITGB1,SPP1 - (ITGA5+ITGB1),SPP1,Secreted Signaling,PMID: 21907263
Proliferating,IFN-stimulated,SPP1,ITGA5_ITGB1,0.0348289334960492,0,SPP1_ITGA5_ITGB1,SPP1 - (ITGA5+ITGB1),SPP1,Secreted Signaling,PMID: 21907263
Resident M2,IFN-stimulated,SPP1,ITGA5_ITGB1,0.0165681270254359,0,SPP1_ITGA5_ITGB1,SPP1 - (ITGA5+ITGB1),SPP1,Secreted Signaling,PMID: 21907263
Stress-response,IFN-stimulated,SPP1,ITGA5_ITGB1,0.00819204121513731,0,SPP1_ITGA5_ITGB1,SPP1 - (ITGA5+ITGB1),SPP1,Secreted Signaling,PMID: 21907263
Classical Mono-derived,Inflammatory Mono-derived,SPP1,ITGA5_ITGB1,0.000979043411415216,0,SPP1_ITGA5_ITGB1,SPP1 - (ITGA5+ITGB1),SPP1,Secreted Signaling,PMID: 21907263
IFN-stimulated,Inflammatory Mono-derived,SPP1,ITGA5_ITGB1,0.0156887579785699,0,SPP1_ITGA5_ITGB1,SPP1 - (ITGA5+ITGB1),SPP1,Secreted Signaling,PMID: 21907263
Inflammatory Mono-derived,Inflammatory Mono-derived,SPP1,ITGA5_ITGB1,0.0288885052524402,0,SPP1_ITGA5_ITGB1,SPP1 - (ITGA5+ITGB1),SPP1,Secreted Signaling,PMID: 21907263
Lipid-associated,Inflammatory Mono-derived,SPP1,ITGA5_ITGB1,0.0209699542929336,0,SPP1_ITGA5_ITGB1,SPP1 - (ITGA5+ITGB1),SPP1,Secreted Signaling,PMID: 21907263
Proliferating,Inflammatory Mono-derived,SPP1,ITGA5_ITGB1,0.0725834872029914,0,SPP1_ITGA5_ITGB1,SPP1 - (ITGA5+ITGB1),SPP1,Secreted Signaling,PMID: 21907263
Resident M2,Inflammatory Mono-derived,SPP1,ITGA5_ITGB1,0.0352509338342693,0,SPP1_ITGA5_ITGB1,SPP1 - (ITGA5+ITGB1),SPP1,Secreted Signaling,PMID: 21907263
Stress-response,Inflammatory Mono-derived,SPP1,ITGA5_ITGB1,0.0175987001467965,0,SPP1_ITGA5_ITGB1,SPP1 - (ITGA5+ITGB1),SPP1,Secreted Signaling,PMID: 21907263
Classical Mono-derived,Resident M2,SPP1,ITGA5_ITGB1,0.000472828097877479,0,SPP1_ITGA5_ITGB1,SPP1 - (ITGA5+ITGB1),SPP1,Secreted Signaling,PMID: 21907263
IFN-stimulated,Resident M2,SPP1,ITGA5_ITGB1,0.00763499715040137,0,SPP1_ITGA5_ITGB1,SPP1 - (ITGA5+ITGB1),SPP1,Secreted Signaling,PMID: 21907263
Inflammatory Mono-derived,Resident M2,SPP1,ITGA5_ITGB1,0.0141561587859675,0,SPP1_ITGA5_ITGB1,SPP1 - (ITGA5+ITGB1),SPP1,Secreted Signaling,PMID: 21907263
Lipid-associated,Resident M2,SPP1,ITGA5_ITGB1,0.0102332980652702,0,SPP1_ITGA5_ITGB1,SPP1 - (ITGA5+ITGB1),SPP1,Secreted Signaling,PMID: 21907263
Proliferating,Resident M2,SPP1,ITGA5_ITGB1,0.0364032092063428,0,SPP1_ITGA5_ITGB1,SPP1 - (ITGA5+ITGB1),SPP1,Secreted Signaling,PMID: 21907263
Resident M2,Resident M2,SPP1,ITGA5_ITGB1,0.0173318319258714,0,SPP1_ITGA5_ITGB1,SPP1 - (ITGA5+ITGB1),SPP1,Secreted Signaling,PMID: 21907263
Stress-response,Resident M2,SPP1,ITGA5_ITGB1,0.00857301767043668,0,SPP1_ITGA5_ITGB1,SPP1 - (ITGA5+ITGB1),SPP1,Secreted Signaling,PMID: 21907263
Classical Mono-derived,Stress-response,SPP1,ITGA5_ITGB1,0.000492303013117325,0,SPP1_ITGA5_ITGB1,SPP1 - (ITGA5+ITGB1),SPP1,Secreted Signaling,PMID: 21907263
IFN-stimulated,Stress-response,SPP1,ITGA5_ITGB1,0.00794712308577071,0,SPP1_ITGA5_ITGB1,SPP1 - (ITGA5+ITGB1),SPP1,Secreted Signaling,PMID: 21907263
Inflammatory Mono-derived,Stress-response,SPP1,ITGA5_ITGB1,0.0147309186540883,0,SPP1_ITGA5_ITGB1,SPP1 - (ITGA5+ITGB1),SPP1,Secreted Signaling,PMID: 21907263
Lipid-associated,Stress-response,SPP1,ITGA5_ITGB1,0.0106505049985792,0,SPP1_ITGA5_ITGB1,SPP1 - (ITGA5+ITGB1),SPP1,Secreted Signaling,PMID: 21907263
Proliferating,Stress-response,SPP1,ITGA5_ITGB1,0.0378465542583163,0,SPP1_ITGA5_ITGB1,SPP1 - (ITGA5+ITGB1),SPP1,Secreted Signaling,PMID: 21907263
Resident M2,Stress-response,SPP1,ITGA5_ITGB1,0.0180331700435574,0,SPP1_ITGA5_ITGB1,SPP1 - (ITGA5+ITGB1),SPP1,Secreted Signaling,PMID: 21907263
Stress-response,Stress-response,SPP1,ITGA5_ITGB1,0.00892314596559716,0,SPP1_ITGA5_ITGB1,SPP1 - (ITGA5+ITGB1),SPP1,Secreted Signaling,PMID: 21907263
Classical Mono-derived,Classical Mono-derived,RETN,TLR4,0.00148147913666781,0,RETN_TLR4,RETN - TLR4,RESISTIN,Secreted Signaling,PMID: 30809105
Inflammatory Mono-derived,Classical Mono-derived,RETN,TLR4,0.00185605098648465,0,RETN_TLR4,RETN - TLR4,RESISTIN,Secreted Signaling,PMID: 30809105
Stress-response,Classical Mono-derived,RETN,TLR4,0.00460596354309139,0,RETN_TLR4,RETN - TLR4,RESISTIN,Secreted Signaling,PMID: 30809105
Classical Mono-derived,IFN-stimulated,RETN,TLR4,0.00157450697788618,0,RETN_TLR4,RETN - TLR4,RESISTIN,Secreted Signaling,PMID: 30809105
Inflammatory Mono-derived,IFN-stimulated,RETN,TLR4,0.00197255318715123,0,RETN_TLR4,RETN - TLR4,RESISTIN,Secreted Signaling,PMID: 30809105
Stress-response,IFN-stimulated,RETN,TLR4,0.00489422825622608,0,RETN_TLR4,RETN - TLR4,RESISTIN,Secreted Signaling,PMID: 30809105
Classical Mono-derived,Inflammatory Mono-derived,RETN,TLR4,0.00147541592085326,0,RETN_TLR4,RETN - TLR4,RESISTIN,Secreted Signaling,PMID: 30809105
Inflammatory Mono-derived,Inflammatory Mono-derived,RETN,TLR4,0.00184845760691123,0,RETN_TLR4,RETN - TLR4,RESISTIN,Secreted Signaling,PMID: 30809105
Stress-response,Inflammatory Mono-derived,RETN,TLR4,0.00458717156684724,0,RETN_TLR4,RETN - TLR4,RESISTIN,Secreted Signaling,PMID: 30809105
Classical Mono-derived,Resident M2,RETN,TLR4,0.00162469118073684,0,RETN_TLR4,RETN - TLR4,RESISTIN,Secreted Signaling,PMID: 30809105
Inflammatory Mono-derived,Resident M2,RETN,TLR4,0.00203539843850928,0,RETN_TLR4,RETN - TLR4,RESISTIN,Secreted Signaling,PMID: 30809105
Stress-response,Resident M2,RETN,TLR4,0.00504968666630015,0,RETN_TLR4,RETN - TLR4,RESISTIN,Secreted Signaling,PMID: 30809105
Classical Mono-derived,Stress-response,RETN,TLR4,0.00144833188927435,0,RETN_TLR4,RETN - TLR4,RESISTIN,Secreted Signaling,PMID: 30809105
Inflammatory Mono-derived,Stress-response,RETN,TLR4,0.00181453813832964,0,RETN_TLR4,RETN - TLR4,RESISTIN,Secreted Signaling,PMID: 30809105
Stress-response,Stress-response,RETN,TLR4,0.00450322302704447,0,RETN_TLR4,RETN - TLR4,RESISTIN,Secreted Signaling,PMID: 30809105
Classical Mono-derived,CD8.CM,RETN,CAP1,0.00333188119950021,0,RETN_CAP1,RETN - CAP1,RESISTIN,Secreted Signaling,PMID: 30809105
Inflammatory Mono-derived,CD8.CM,RETN,CAP1,0.00417234711863954,0,RETN_CAP1,RETN - CAP1,RESISTIN,Secreted Signaling,PMID: 30809105
Stress-response,CD8.CM,RETN,CAP1,0.0103185910414189,0,RETN_CAP1,RETN - CAP1,RESISTIN,Secreted Signaling,PMID: 30809105
Classical Mono-derived,CD8.EM,RETN,CAP1,0.00899601866564539,0,RETN_CAP1,RETN - CAP1,RESISTIN,Secreted Signaling,PMID: 30809105
Inflammatory Mono-derived,CD8.EM,RETN,CAP1,0.0112491351339976,0,RETN_CAP1,RETN - CAP1,RESISTIN,Secreted Signaling,PMID: 30809105
Stress-response,CD8.EM,RETN,CAP1,0.0275319108341302,0,RETN_CAP1,RETN - CAP1,RESISTIN,Secreted Signaling,PMID: 30809105
Classical Mono-derived,CD8.MAIT,RETN,CAP1,0.00330715127380121,0,RETN_CAP1,RETN - CAP1,RESISTIN,Secreted Signaling,PMID: 30809105
Inflammatory Mono-derived,CD8.MAIT,RETN,CAP1,0.00414140499837524,0,RETN_CAP1,RETN - CAP1,RESISTIN,Secreted Signaling,PMID: 30809105
Stress-response,CD8.MAIT,RETN,CAP1,0.0102425372014159,0,RETN_CAP1,RETN - CAP1,RESISTIN,Secreted Signaling,PMID: 30809105
Classical Mono-derived,CD8.NaiveLike,RETN,CAP1,0.0028751097633061,0,RETN_CAP1,RETN - CAP1,RESISTIN,Secreted Signaling,PMID: 30809105
Inflammatory Mono-derived,CD8.NaiveLike,RETN,CAP1,0.00360077150975322,0,RETN_CAP1,RETN - CAP1,RESISTIN,Secreted Signaling,PMID: 30809105
Stress-response,CD8.NaiveLike,RETN,CAP1,0.00891256863528856,0,RETN_CAP1,RETN - CAP1,RESISTIN,Secreted Signaling,PMID: 30809105
Classical Mono-derived,CD8.TEMRA,RETN,CAP1,0.00878223256915555,0,RETN_CAP1,RETN - CAP1,RESISTIN,Secreted Signaling,PMID: 30809105
Inflammatory Mono-derived,CD8.TEMRA,RETN,CAP1,0.0109823981806037,0,RETN_CAP1,RETN - CAP1,RESISTIN,Secreted Signaling,PMID: 30809105
Stress-response,CD8.TEMRA,RETN,CAP1,0.0268895803866013,0,RETN_CAP1,RETN - CAP1,RESISTIN,Secreted Signaling,PMID: 30809105
Classical Mono-derived,CD8.TEX,RETN,CAP1,0.00973225028579234,0,RETN_CAP1,RETN - CAP1,RESISTIN,Secreted Signaling,PMID: 30809105
Inflammatory Mono-derived,CD8.TEX,RETN,CAP1,0.0121674971825234,0,RETN_CAP1,RETN - CAP1,RESISTIN,Secreted Signaling,PMID: 30809105
Stress-response,CD8.TEX,RETN,CAP1,0.0297395909569999,0,RETN_CAP1,RETN - CAP1,RESISTIN,Secreted Signaling,PMID: 30809105
Classical Mono-derived,CD8.TPEX,RETN,CAP1,0.0084706056334269,0,RETN_CAP1,RETN - CAP1,RESISTIN,Secreted Signaling,PMID: 30809105
Inflammatory Mono-derived,CD8.TPEX,RETN,CAP1,0.0105935353877469,0,RETN_CAP1,RETN - CAP1,RESISTIN,Secreted Signaling,PMID: 30809105
Stress-response,CD8.TPEX,RETN,CAP1,0.0259522585591741,0,RETN_CAP1,RETN - CAP1,RESISTIN,Secreted Signaling,PMID: 30809105
Classical Mono-derived,Classical Mono-derived,RETN,CAP1,0.0141128623148762,0,RETN_CAP1,RETN - CAP1,RESISTIN,Secreted Signaling,PMID: 30809105
Inflammatory Mono-derived,Classical Mono-derived,RETN,CAP1,0.0176247364341237,0,RETN_CAP1,RETN - CAP1,RESISTIN,Secreted Signaling,PMID: 30809105
Stress-response,Classical Mono-derived,RETN,CAP1,0.0427371121562424,0,RETN_CAP1,RETN - CAP1,RESISTIN,Secreted Signaling,PMID: 30809105
Classical Mono-derived,IFN-stimulated,RETN,CAP1,0.0118597380182227,0,RETN_CAP1,RETN - CAP1,RESISTIN,Secreted Signaling,PMID: 30809105
Inflammatory Mono-derived,IFN-stimulated,RETN,CAP1,0.0148193677305027,0,RETN_CAP1,RETN - CAP1,RESISTIN,Secreted Signaling,PMID: 30809105
Stress-response,IFN-stimulated,RETN,CAP1,0.0360813621477601,0,RETN_CAP1,RETN - CAP1,RESISTIN,Secreted Signaling,PMID: 30809105
Classical Mono-derived,Inflammatory Mono-derived,RETN,CAP1,0.0116680006777275,0,RETN_CAP1,RETN - CAP1,RESISTIN,Secreted Signaling,PMID: 30809105
Inflammatory Mono-derived,Inflammatory Mono-derived,RETN,CAP1,0.0145804878467293,0,RETN_CAP1,RETN - CAP1,RESISTIN,Secreted Signaling,PMID: 30809105
Stress-response,Inflammatory Mono-derived,RETN,CAP1,0.0355121050519429,0,RETN_CAP1,RETN - CAP1,RESISTIN,Secreted Signaling,PMID: 30809105
Classical Mono-derived,Lipid-associated,RETN,CAP1,0.0102368244840122,0,RETN_CAP1,RETN - CAP1,RESISTIN,Secreted Signaling,PMID: 30809105
Inflammatory Mono-derived,Lipid-associated,RETN,CAP1,0.012796696629348,0,RETN_CAP1,RETN - CAP1,RESISTIN,Secreted Signaling,PMID: 30809105
Stress-response,Lipid-associated,RETN,CAP1,0.0312487247911779,0,RETN_CAP1,RETN - CAP1,RESISTIN,Secreted Signaling,PMID: 30809105
Classical Mono-derived,Proliferating,RETN,CAP1,0.0115910883773883,0,RETN_CAP1,RETN - CAP1,RESISTIN,Secreted Signaling,PMID: 30809105
Inflammatory Mono-derived,Proliferating,RETN,CAP1,0.0144846585839454,0,RETN_CAP1,RETN - CAP1,RESISTIN,Secreted Signaling,PMID: 30809105
Stress-response,Proliferating,RETN,CAP1,0.0352836300091382,0,RETN_CAP1,RETN - CAP1,RESISTIN,Secreted Signaling,PMID: 30809105
Classical Mono-derived,Resident M2,RETN,CAP1,0.0114212582653075,0,RETN_CAP1,RETN - CAP1,RESISTIN,Secreted Signaling,PMID: 30809105
Inflammatory Mono-derived,Resident M2,RETN,CAP1,0.0142730447247135,0,RETN_CAP1,RETN - CAP1,RESISTIN,Secreted Signaling,PMID: 30809105
Stress-response,Resident M2,RETN,CAP1,0.0347788765674811,0,RETN_CAP1,RETN - CAP1,RESISTIN,Secreted Signaling,PMID: 30809105
Classical Mono-derived,Stress-response,RETN,CAP1,0.0107672702386865,0,RETN_CAP1,RETN - CAP1,RESISTIN,Secreted Signaling,PMID: 30809105
Inflammatory Mono-derived,Stress-response,RETN,CAP1,0.0134579847239319,0,RETN_CAP1,RETN - CAP1,RESISTIN,Secreted Signaling,PMID: 30809105
Stress-response,Stress-response,RETN,CAP1,0.0328318364067056,0,RETN_CAP1,RETN - CAP1,RESISTIN,Secreted Signaling,PMID: 30809105
CD8.CM,Classical Mono-derived,NAMPT,ITGA5_ITGB1,0.00272379770067908,0,NAMPT_ITGA5_ITGB1,NAMPT - (ITGA5+ITGB1),VISFATIN,Secreted Signaling,PMID: 28490838
CD8.EM,Classical Mono-derived,NAMPT,ITGA5_ITGB1,0.00329823363494284,0,NAMPT_ITGA5_ITGB1,NAMPT - (ITGA5+ITGB1),VISFATIN,Secreted Signaling,PMID: 28490838
CD8.MAIT,Classical Mono-derived,NAMPT,ITGA5_ITGB1,0.00299306176590408,0,NAMPT_ITGA5_ITGB1,NAMPT - (ITGA5+ITGB1),VISFATIN,Secreted Signaling,PMID: 28490838
CD8.NaiveLike,Classical Mono-derived,NAMPT,ITGA5_ITGB1,0.00276495264634829,0,NAMPT_ITGA5_ITGB1,NAMPT - (ITGA5+ITGB1),VISFATIN,Secreted Signaling,PMID: 28490838
CD8.TEX,Classical Mono-derived,NAMPT,ITGA5_ITGB1,0.00435368330213682,0,NAMPT_ITGA5_ITGB1,NAMPT - (ITGA5+ITGB1),VISFATIN,Secreted Signaling,PMID: 28490838
CD8.TPEX,Classical Mono-derived,NAMPT,ITGA5_ITGB1,0.00917101130585858,0,NAMPT_ITGA5_ITGB1,NAMPT - (ITGA5+ITGB1),VISFATIN,Secreted Signaling,PMID: 28490838
Classical Mono-derived,Classical Mono-derived,NAMPT,ITGA5_ITGB1,0.0161565319632804,0,NAMPT_ITGA5_ITGB1,NAMPT - (ITGA5+ITGB1),VISFATIN,Secreted Signaling,PMID: 28490838
IFN-stimulated,Classical Mono-derived,NAMPT,ITGA5_ITGB1,0.0195998179057696,0,NAMPT_ITGA5_ITGB1,NAMPT - (ITGA5+ITGB1),VISFATIN,Secreted Signaling,PMID: 28490838
Inflammatory Mono-derived,Classical Mono-derived,NAMPT,ITGA5_ITGB1,0.0211042206552,0,NAMPT_ITGA5_ITGB1,NAMPT - (ITGA5+ITGB1),VISFATIN,Secreted Signaling,PMID: 28490838
Lipid-associated,Classical Mono-derived,NAMPT,ITGA5_ITGB1,0.0043714904554925,0,NAMPT_ITGA5_ITGB1,NAMPT - (ITGA5+ITGB1),VISFATIN,Secreted Signaling,PMID: 28490838
Proliferating,Classical Mono-derived,NAMPT,ITGA5_ITGB1,0.0144061971261737,0,NAMPT_ITGA5_ITGB1,NAMPT - (ITGA5+ITGB1),VISFATIN,Secreted Signaling,PMID: 28490838
Resident M2,Classical Mono-derived,NAMPT,ITGA5_ITGB1,0.0242033164388085,0,NAMPT_ITGA5_ITGB1,NAMPT - (ITGA5+ITGB1),VISFATIN,Secreted Signaling,PMID: 28490838
Stress-response,Classical Mono-derived,NAMPT,ITGA5_ITGB1,0.0116544713763608,0,NAMPT_ITGA5_ITGB1,NAMPT - (ITGA5+ITGB1),VISFATIN,Secreted Signaling,PMID: 28490838
CD8.CM,IFN-stimulated,NAMPT,ITGA5_ITGB1,0.00244675646348103,0,NAMPT_ITGA5_ITGB1,NAMPT - (ITGA5+ITGB1),VISFATIN,Secreted Signaling,PMID: 28490838
CD8.EM,IFN-stimulated,NAMPT,ITGA5_ITGB1,0.00296293931065826,0,NAMPT_ITGA5_ITGB1,NAMPT - (ITGA5+ITGB1),VISFATIN,Secreted Signaling,PMID: 28490838
CD8.MAIT,IFN-stimulated,NAMPT,ITGA5_ITGB1,0.00268870714497665,0,NAMPT_ITGA5_ITGB1,NAMPT - (ITGA5+ITGB1),VISFATIN,Secreted Signaling,PMID: 28490838
CD8.NaiveLike,IFN-stimulated,NAMPT,ITGA5_ITGB1,0.00248373590774951,0,NAMPT_ITGA5_ITGB1,NAMPT - (ITGA5+ITGB1),VISFATIN,Secreted Signaling,PMID: 28490838
CD8.TEX,IFN-stimulated,NAMPT,ITGA5_ITGB1,0.00391151435643636,0,NAMPT_ITGA5_ITGB1,NAMPT - (ITGA5+ITGB1),VISFATIN,Secreted Signaling,PMID: 28490838
CD8.TPEX,IFN-stimulated,NAMPT,ITGA5_ITGB1,0.0082436356120878,0,NAMPT_ITGA5_ITGB1,NAMPT - (ITGA5+ITGB1),VISFATIN,Secreted Signaling,PMID: 28490838
Classical Mono-derived,IFN-stimulated,NAMPT,ITGA5_ITGB1,0.0145331390242987,0,NAMPT_ITGA5_ITGB1,NAMPT - (ITGA5+ITGB1),VISFATIN,Secreted Signaling,PMID: 28490838
IFN-stimulated,IFN-stimulated,NAMPT,ITGA5_ITGB1,0.0176366489743292,0,NAMPT_ITGA5_ITGB1,NAMPT - (ITGA5+ITGB1),VISFATIN,Secreted Signaling,PMID: 28490838
Inflammatory Mono-derived,IFN-stimulated,NAMPT,ITGA5_ITGB1,0.0189932860344489,0,NAMPT_ITGA5_ITGB1,NAMPT - (ITGA5+ITGB1),VISFATIN,Secreted Signaling,PMID: 28490838
Lipid-associated,IFN-stimulated,NAMPT,ITGA5_ITGB1,0.00392752011312024,0,NAMPT_ITGA5_ITGB1,NAMPT - (ITGA5+ITGB1),VISFATIN,Secreted Signaling,PMID: 28490838
Proliferating,IFN-stimulated,NAMPT,ITGA5_ITGB1,0.0129563600835523,0,NAMPT_ITGA5_ITGB1,NAMPT - (ITGA5+ITGB1),VISFATIN,Secreted Signaling,PMID: 28490838
Resident M2,IFN-stimulated,NAMPT,ITGA5_ITGB1,0.0217892969427408,0,NAMPT_ITGA5_ITGB1,NAMPT - (ITGA5+ITGB1),VISFATIN,Secreted Signaling,PMID: 28490838
Stress-response,IFN-stimulated,NAMPT,ITGA5_ITGB1,0.0104786232151754,0,NAMPT_ITGA5_ITGB1,NAMPT - (ITGA5+ITGB1),VISFATIN,Secreted Signaling,PMID: 28490838
CD8.CM,Inflammatory Mono-derived,NAMPT,ITGA5_ITGB1,0.00529148559482258,0,NAMPT_ITGA5_ITGB1,NAMPT - (ITGA5+ITGB1),VISFATIN,Secreted Signaling,PMID: 28490838
CD8.EM,Inflammatory Mono-derived,NAMPT,ITGA5_ITGB1,0.00640395735188001,0,NAMPT_ITGA5_ITGB1,NAMPT - (ITGA5+ITGB1),VISFATIN,Secreted Signaling,PMID: 28490838
CD8.MAIT,Inflammatory Mono-derived,NAMPT,ITGA5_ITGB1,0.00581310173659887,0,NAMPT_ITGA5_ITGB1,NAMPT - (ITGA5+ITGB1),VISFATIN,Secreted Signaling,PMID: 28490838
CD8.NaiveLike,Inflammatory Mono-derived,NAMPT,ITGA5_ITGB1,0.00537122780835793,0,NAMPT_ITGA5_ITGB1,NAMPT - (ITGA5+ITGB1),VISFATIN,Secreted Signaling,PMID: 28490838
CD8.TEX,Inflammatory Mono-derived,NAMPT,ITGA5_ITGB1,0.00844483201004696,0,NAMPT_ITGA5_ITGB1,NAMPT - (ITGA5+ITGB1),VISFATIN,Secreted Signaling,PMID: 28490838
CD8.TPEX,Inflammatory Mono-derived,NAMPT,ITGA5_ITGB1,0.0177084809495111,0,NAMPT_ITGA5_ITGB1,NAMPT - (ITGA5+ITGB1),VISFATIN,Secreted Signaling,PMID: 28490838
Classical Mono-derived,Inflammatory Mono-derived,NAMPT,ITGA5_ITGB1,0.0309935411359558,0,NAMPT_ITGA5_ITGB1,NAMPT - (ITGA5+ITGB1),VISFATIN,Secreted Signaling,PMID: 28490838
IFN-stimulated,Inflammatory Mono-derived,NAMPT,ITGA5_ITGB1,0.0374784402965325,0,NAMPT_ITGA5_ITGB1,NAMPT - (ITGA5+ITGB1),VISFATIN,Secreted Signaling,PMID: 28490838
Inflammatory Mono-derived,Inflammatory Mono-derived,NAMPT,ITGA5_ITGB1,0.0402987266499713,0,NAMPT_ITGA5_ITGB1,NAMPT - (ITGA5+ITGB1),VISFATIN,Secreted Signaling,PMID: 28490838
Lipid-associated,Inflammatory Mono-derived,NAMPT,ITGA5_ITGB1,0.00847923000840869,0,NAMPT_ITGA5_ITGB1,NAMPT - (ITGA5+ITGB1),VISFATIN,Secreted Signaling,PMID: 28490838
Proliferating,Inflammatory Mono-derived,NAMPT,ITGA5_ITGB1,0.0276810480666992,0,NAMPT_ITGA5_ITGB1,NAMPT - (ITGA5+ITGB1),VISFATIN,Secreted Signaling,PMID: 28490838
Resident M2,Inflammatory Mono-derived,NAMPT,ITGA5_ITGB1,0.0460837870315939,0,NAMPT_ITGA5_ITGB1,NAMPT - (ITGA5+ITGB1),VISFATIN,Secreted Signaling,PMID: 28490838
Stress-response,Inflammatory Mono-derived,NAMPT,ITGA5_ITGB1,0.02245145548621,0,NAMPT_ITGA5_ITGB1,NAMPT - (ITGA5+ITGB1),VISFATIN,Secreted Signaling,PMID: 28490838
CD8.CM,Resident M2,NAMPT,ITGA5_ITGB1,0.00256123452348332,0,NAMPT_ITGA5_ITGB1,NAMPT - (ITGA5+ITGB1),VISFATIN,Secreted Signaling,PMID: 28490838
CD8.EM,Resident M2,NAMPT,ITGA5_ITGB1,0.00310149328098257,0,NAMPT_ITGA5_ITGB1,NAMPT - (ITGA5+ITGB1),VISFATIN,Secreted Signaling,PMID: 28490838
CD8.MAIT,Resident M2,NAMPT,ITGA5_ITGB1,0.0028144735773305,0,NAMPT_ITGA5_ITGB1,NAMPT - (ITGA5+ITGB1),VISFATIN,Secreted Signaling,PMID: 28490838
CD8.NaiveLike,Resident M2,NAMPT,ITGA5_ITGB1,0.00259993964077696,0,NAMPT_ITGA5_ITGB1,NAMPT - (ITGA5+ITGB1),VISFATIN,Secreted Signaling,PMID: 28490838
CD8.TEX,Resident M2,NAMPT,ITGA5_ITGB1,0.00409424376345227,0,NAMPT_ITGA5_ITGB1,NAMPT - (ITGA5+ITGB1),VISFATIN,Secreted Signaling,PMID: 28490838
CD8.TPEX,Resident M2,NAMPT,ITGA5_ITGB1,0.00862699062909477,0,NAMPT_ITGA5_ITGB1,NAMPT - (ITGA5+ITGB1),VISFATIN,Secreted Signaling,PMID: 28490838
Classical Mono-derived,Resident M2,NAMPT,ITGA5_ITGB1,0.0152044917567206,0,NAMPT_ITGA5_ITGB1,NAMPT - (ITGA5+ITGB1),VISFATIN,Secreted Signaling,PMID: 28490838
IFN-stimulated,Resident M2,NAMPT,ITGA5_ITGB1,0.0184486832384978,0,NAMPT_ITGA5_ITGB1,NAMPT - (ITGA5+ITGB1),VISFATIN,Secreted Signaling,PMID: 28490838
Inflammatory Mono-derived,Resident M2,NAMPT,ITGA5_ITGB1,0.0198665199737719,0,NAMPT_ITGA5_ITGB1,NAMPT - (ITGA5+ITGB1),VISFATIN,Secreted Signaling,PMID: 28490838
Lipid-associated,Resident M2,NAMPT,ITGA5_ITGB1,0.00411099415544376,0,NAMPT_ITGA5_ITGB1,NAMPT - (ITGA5+ITGB1),VISFATIN,Secreted Signaling,PMID: 28490838
Proliferating,Resident M2,NAMPT,ITGA5_ITGB1,0.0135558760769009,0,NAMPT_ITGA5_ITGB1,NAMPT - (ITGA5+ITGB1),VISFATIN,Secreted Signaling,PMID: 28490838
Resident M2,Resident M2,NAMPT,ITGA5_ITGB1,0.0227880939694123,0,NAMPT_ITGA5_ITGB1,NAMPT - (ITGA5+ITGB1),VISFATIN,Secreted Signaling,PMID: 28490838
Stress-response,Resident M2,NAMPT,ITGA5_ITGB1,0.0109647631102982,0,NAMPT_ITGA5_ITGB1,NAMPT - (ITGA5+ITGB1),VISFATIN,Secreted Signaling,PMID: 28490838
CD8.CM,Stress-response,NAMPT,ITGA5_ITGB1,0.00266649756435917,0,NAMPT_ITGA5_ITGB1,NAMPT - (ITGA5+ITGB1),VISFATIN,Secreted Signaling,PMID: 28490838
CD8.EM,Stress-response,NAMPT,ITGA5_ITGB1,0.00322888829887558,0,NAMPT_ITGA5_ITGB1,NAMPT - (ITGA5+ITGB1),VISFATIN,Secreted Signaling,PMID: 28490838
CD8.MAIT,Stress-response,NAMPT,ITGA5_ITGB1,0.00293011380345271,0,NAMPT_ITGA5_ITGB1,NAMPT - (ITGA5+ITGB1),VISFATIN,Secreted Signaling,PMID: 28490838
CD8.NaiveLike,Stress-response,NAMPT,ITGA5_ITGB1,0.00270678908927726,0,NAMPT_ITGA5_ITGB1,NAMPT - (ITGA5+ITGB1),VISFATIN,Secreted Signaling,PMID: 28490838
CD8.TEX,Stress-response,NAMPT,ITGA5_ITGB1,0.00426224204080903,0,NAMPT_ITGA5_ITGB1,NAMPT - (ITGA5+ITGB1),VISFATIN,Secreted Signaling,PMID: 28490838
CD8.TPEX,Stress-response,NAMPT,ITGA5_ITGB1,0.00897930325507025,0,NAMPT_ITGA5_ITGB1,NAMPT - (ITGA5+ITGB1),VISFATIN,Secreted Signaling,PMID: 28490838
Classical Mono-derived,Stress-response,NAMPT,ITGA5_ITGB1,0.0158211323342809,0,NAMPT_ITGA5_ITGB1,NAMPT - (ITGA5+ITGB1),VISFATIN,Secreted Signaling,PMID: 28490838
IFN-stimulated,Stress-response,NAMPT,ITGA5_ITGB1,0.0191943323377878,0,NAMPT_ITGA5_ITGB1,NAMPT - (ITGA5+ITGB1),VISFATIN,Secreted Signaling,PMID: 28490838
Inflammatory Mono-derived,Stress-response,NAMPT,ITGA5_ITGB1,0.0206682677824468,0,NAMPT_ITGA5_ITGB1,NAMPT - (ITGA5+ITGB1),VISFATIN,Secreted Signaling,PMID: 28490838
Lipid-associated,Stress-response,NAMPT,ITGA5_ITGB1,0.00427967679467106,0,NAMPT_ITGA5_ITGB1,NAMPT - (ITGA5+ITGB1),VISFATIN,Secreted Signaling,PMID: 28490838
Proliferating,Stress-response,NAMPT,ITGA5_ITGB1,0.0141066123742983,0,NAMPT_ITGA5_ITGB1,NAMPT - (ITGA5+ITGB1),VISFATIN,Secreted Signaling,PMID: 28490838
Resident M2,Stress-response,NAMPT,ITGA5_ITGB1,0.0237048953739687,0,NAMPT_ITGA5_ITGB1,NAMPT - (ITGA5+ITGB1),VISFATIN,Secreted Signaling,PMID: 28490838
Stress-response,Stress-response,NAMPT,ITGA5_ITGB1,0.0114114477176904,0,NAMPT_ITGA5_ITGB1,NAMPT - (ITGA5+ITGB1),VISFATIN,Secreted Signaling,PMID: 28490838
Classical Mono-derived,Classical Mono-derived,C3,C3AR1,0.00133738758277087,0,C3_C3AR1,C3 - C3AR1,COMPLEMENT,Secreted Signaling,KEGG: hsa04080
IFN-stimulated,Classical Mono-derived,C3,C3AR1,0.00219326392100026,0,C3_C3AR1,C3 - C3AR1,COMPLEMENT,Secreted Signaling,KEGG: hsa04080
Lipid-associated,Classical Mono-derived,C3,C3AR1,0.00122298760322366,0,C3_C3AR1,C3 - C3AR1,COMPLEMENT,Secreted Signaling,KEGG: hsa04080
Proliferating,Classical Mono-derived,C3,C3AR1,0.0100125215681034,0,C3_C3AR1,C3 - C3AR1,COMPLEMENT,Secreted Signaling,KEGG: hsa04080
Resident M2,Classical Mono-derived,C3,C3AR1,0.00971357843218296,0,C3_C3AR1,C3 - C3AR1,COMPLEMENT,Secreted Signaling,KEGG: hsa04080
Classical Mono-derived,IFN-stimulated,C3,C3AR1,0.00326967449107386,0,C3_C3AR1,C3 - C3AR1,COMPLEMENT,Secreted Signaling,KEGG: hsa04080
IFN-stimulated,IFN-stimulated,C3,C3AR1,0.00535550830109407,0,C3_C3AR1,C3 - C3AR1,COMPLEMENT,Secreted Signaling,KEGG: hsa04080
Lipid-associated,IFN-stimulated,C3,C3AR1,0.00299048186381168,0,C3_C3AR1,C3 - C3AR1,COMPLEMENT,Secreted Signaling,KEGG: hsa04080
Proliferating,IFN-stimulated,C3,C3AR1,0.0241754113297812,0,C3_C3AR1,C3 - C3AR1,COMPLEMENT,Secreted Signaling,KEGG: hsa04080
Resident M2,IFN-stimulated,C3,C3AR1,0.0234636300003305,0,C3_C3AR1,C3 - C3AR1,COMPLEMENT,Secreted Signaling,KEGG: hsa04080
Classical Mono-derived,Inflammatory Mono-derived,C3,C3AR1,0.00109007438103518,0,C3_C3AR1,C3 - C3AR1,COMPLEMENT,Secreted Signaling,KEGG: hsa04080
IFN-stimulated,Inflammatory Mono-derived,C3,C3AR1,0.00178796319486204,0,C3_C3AR1,C3 - C3AR1,COMPLEMENT,Secreted Signaling,KEGG: hsa04080
Lipid-associated,Inflammatory Mono-derived,C3,C3AR1,0.00099680842836933,0,C3_C3AR1,C3 - C3AR1,COMPLEMENT,Secreted Signaling,KEGG: hsa04080
Proliferating,Inflammatory Mono-derived,C3,C3AR1,0.00817411065333873,0,C3_C3AR1,C3 - C3AR1,COMPLEMENT,Secreted Signaling,KEGG: hsa04080
Resident M2,Inflammatory Mono-derived,C3,C3AR1,0.00792961716661001,0,C3_C3AR1,C3 - C3AR1,COMPLEMENT,Secreted Signaling,KEGG: hsa04080
Classical Mono-derived,Lipid-associated,C3,C3AR1,0.00162059558058474,0,C3_C3AR1,C3 - C3AR1,COMPLEMENT,Secreted Signaling,KEGG: hsa04080
IFN-stimulated,Lipid-associated,C3,C3AR1,0.00265723183878304,0,C3_C3AR1,C3 - C3AR1,COMPLEMENT,Secreted Signaling,KEGG: hsa04080
Lipid-associated,Lipid-associated,C3,C3AR1,0.00148200597210906,0,C3_C3AR1,C3 - C3AR1,COMPLEMENT,Secreted Signaling,KEGG: hsa04080
Proliferating,Lipid-associated,C3,C3AR1,0.012110516528069,0,C3_C3AR1,C3 - C3AR1,COMPLEMENT,Secreted Signaling,KEGG: hsa04080
Resident M2,Lipid-associated,C3,C3AR1,0.0117496771473851,0,C3_C3AR1,C3 - C3AR1,COMPLEMENT,Secreted Signaling,KEGG: hsa04080
Classical Mono-derived,Proliferating,C3,C3AR1,0.00122355468894393,0,C3_C3AR1,C3 - C3AR1,COMPLEMENT,Secreted Signaling,KEGG: hsa04080
IFN-stimulated,Proliferating,C3,C3AR1,0.00200672876012181,0,C3_C3AR1,C3 - C3AR1,COMPLEMENT,Secreted Signaling,KEGG: hsa04080
Lipid-associated,Proliferating,C3,C3AR1,0.00111888105258518,0,C3_C3AR1,C3 - C3AR1,COMPLEMENT,Secreted Signaling,KEGG: hsa04080
Proliferating,Proliferating,C3,C3AR1,0.00916707514231262,0,C3_C3AR1,C3 - C3AR1,COMPLEMENT,Secreted Signaling,KEGG: hsa04080
Resident M2,Proliferating,C3,C3AR1,0.00889314768441003,0,C3_C3AR1,C3 - C3AR1,COMPLEMENT,Secreted Signaling,KEGG: hsa04080
Classical Mono-derived,Resident M2,C3,C3AR1,0.00384241997985724,0,C3_C3AR1,C3 - C3AR1,COMPLEMENT,Secreted Signaling,KEGG: hsa04080
IFN-stimulated,Resident M2,C3,C3AR1,0.00629132091306676,0,C3_C3AR1,C3 - C3AR1,COMPLEMENT,Secreted Signaling,KEGG: hsa04080
Lipid-associated,Resident M2,C3,C3AR1,0.00351449391296089,0,C3_C3AR1,C3 - C3AR1,COMPLEMENT,Secreted Signaling,KEGG: hsa04080
Proliferating,Resident M2,C3,C3AR1,0.0283061947024576,0,C3_C3AR1,C3 - C3AR1,COMPLEMENT,Secreted Signaling,KEGG: hsa04080
Resident M2,Resident M2,C3,C3AR1,0.0274762177795985,0,C3_C3AR1,C3 - C3AR1,COMPLEMENT,Secreted Signaling,KEGG: hsa04080
Classical Mono-derived,Stress-response,C3,C3AR1,0.0011620116306458,0,C3_C3AR1,C3 - C3AR1,COMPLEMENT,Secreted Signaling,KEGG: hsa04080
IFN-stimulated,Stress-response,C3,C3AR1,0.00190586833038876,0,C3_C3AR1,C3 - C3AR1,COMPLEMENT,Secreted Signaling,KEGG: hsa04080
Lipid-associated,Stress-response,C3,C3AR1,0.00106259732776308,0,C3_C3AR1,C3 - C3AR1,COMPLEMENT,Secreted Signaling,KEGG: hsa04080
Proliferating,Stress-response,C3,C3AR1,0.00870946842982561,0,C3_C3AR1,C3 - C3AR1,COMPLEMENT,Secreted Signaling,KEGG: hsa04080
Resident M2,Stress-response,C3,C3AR1,0.00844909841958577,0,C3_C3AR1,C3 - C3AR1,COMPLEMENT,Secreted Signaling,KEGG: hsa04080
Classical Mono-derived,Classical Mono-derived,C3,ITGAM_ITGB2,0.00416748818282359,0,C3_ITGAM_ITGB2,C3 - (ITGAM+ITGB2),COMPLEMENT,Secreted Signaling,PMID: 16234578
IFN-stimulated,Classical Mono-derived,C3,ITGAM_ITGB2,0.00682214695733631,0,C3_ITGAM_ITGB2,C3 - (ITGAM+ITGB2),COMPLEMENT,Secreted Signaling,PMID: 16234578
Lipid-associated,Classical Mono-derived,C3,ITGAM_ITGB2,0.00381192577593616,0,C3_ITGAM_ITGB2,C3 - (ITGAM+ITGB2),COMPLEMENT,Secreted Signaling,PMID: 16234578
Proliferating,Classical Mono-derived,C3,ITGAM_ITGB2,0.0306372424933646,0,C3_ITGAM_ITGB2,C3 - (ITGAM+ITGB2),COMPLEMENT,Secreted Signaling,PMID: 16234578
Resident M2,Classical Mono-derived,C3,ITGAM_ITGB2,0.0297410080146785,0,C3_ITGAM_ITGB2,C3 - (ITGAM+ITGB2),COMPLEMENT,Secreted Signaling,PMID: 16234578
Classical Mono-derived,IFN-stimulated,C3,ITGAM_ITGB2,0.00345060775547028,0,C3_ITGAM_ITGB2,C3 - (ITGAM+ITGB2),COMPLEMENT,Secreted Signaling,PMID: 16234578
IFN-stimulated,IFN-stimulated,C3,ITGAM_ITGB2,0.00565121047496235,0,C3_ITGAM_ITGB2,C3 - (ITGAM+ITGB2),COMPLEMENT,Secreted Signaling,PMID: 16234578
Lipid-associated,IFN-stimulated,C3,ITGAM_ITGB2,0.00315601442584638,0,C3_ITGAM_ITGB2,C3 - (ITGAM+ITGB2),COMPLEMENT,Secreted Signaling,PMID: 16234578
Proliferating,IFN-stimulated,C3,ITGAM_ITGB2,0.0254836231987187,0,C3_ITGAM_ITGB2,C3 - (ITGAM+ITGB2),COMPLEMENT,Secreted Signaling,PMID: 16234578
Resident M2,IFN-stimulated,C3,ITGAM_ITGB2,0.0247343013051584,0,C3_ITGAM_ITGB2,C3 - (ITGAM+ITGB2),COMPLEMENT,Secreted Signaling,PMID: 16234578
Classical Mono-derived,Inflammatory Mono-derived,C3,ITGAM_ITGB2,0.0037496949036113,0,C3_ITGAM_ITGB2,C3 - (ITGAM+ITGB2),COMPLEMENT,Secreted Signaling,PMID: 16234578
IFN-stimulated,Inflammatory Mono-derived,C3,ITGAM_ITGB2,0.00613986333423443,0,C3_ITGAM_ITGB2,C3 - (ITGAM+ITGB2),COMPLEMENT,Secreted Signaling,PMID: 16234578
Lipid-associated,Inflammatory Mono-derived,C3,ITGAM_ITGB2,0.00342965508601697,0,C3_ITGAM_ITGB2,C3 - (ITGAM+ITGB2),COMPLEMENT,Secreted Signaling,PMID: 16234578
Proliferating,Inflammatory Mono-derived,C3,ITGAM_ITGB2,0.0276394912537877,0,C3_ITGAM_ITGB2,C3 - (ITGAM+ITGB2),COMPLEMENT,Secreted Signaling,PMID: 16234578
Resident M2,Inflammatory Mono-derived,C3,ITGAM_ITGB2,0.0268285232616015,0,C3_ITGAM_ITGB2,C3 - (ITGAM+ITGB2),COMPLEMENT,Secreted Signaling,PMID: 16234578
Classical Mono-derived,Lipid-associated,C3,ITGAM_ITGB2,0.00340325855827784,0,C3_ITGAM_ITGB2,C3 - (ITGAM+ITGB2),COMPLEMENT,Secreted Signaling,PMID: 16234578
IFN-stimulated,Lipid-associated,C3,ITGAM_ITGB2,0.00557383352816147,0,C3_ITGAM_ITGB2,C3 - (ITGAM+ITGB2),COMPLEMENT,Secreted Signaling,PMID: 16234578
Lipid-associated,Lipid-associated,C3,ITGAM_ITGB2,0.00311269500835507,0,C3_ITGAM_ITGB2,C3 - (ITGAM+ITGB2),COMPLEMENT,Secreted Signaling,PMID: 16234578
Proliferating,Lipid-associated,C3,ITGAM_ITGB2,0.0251415647735848,0,C3_ITGAM_ITGB2,C3 - (ITGAM+ITGB2),COMPLEMENT,Secreted Signaling,PMID: 16234578
Resident M2,Lipid-associated,C3,ITGAM_ITGB2,0.0244020489336595,0,C3_ITGAM_ITGB2,C3 - (ITGAM+ITGB2),COMPLEMENT,Secreted Signaling,PMID: 16234578
Classical Mono-derived,Resident M2,C3,ITGAM_ITGB2,0.00351316856202672,0,C3_ITGAM_ITGB2,C3 - (ITGAM+ITGB2),COMPLEMENT,Secreted Signaling,PMID: 16234578
IFN-stimulated,Resident M2,C3,ITGAM_ITGB2,0.00575343868612695,0,C3_ITGAM_ITGB2,C3 - (ITGAM+ITGB2),COMPLEMENT,Secreted Signaling,PMID: 16234578
Lipid-associated,Resident M2,C3,ITGAM_ITGB2,0.00321325136705933,0,C3_ITGAM_ITGB2,C3 - (ITGAM+ITGB2),COMPLEMENT,Secreted Signaling,PMID: 16234578
Proliferating,Resident M2,C3,ITGAM_ITGB2,0.025935254653104,0,C3_ITGAM_ITGB2,C3 - (ITGAM+ITGB2),COMPLEMENT,Secreted Signaling,PMID: 16234578
Resident M2,Resident M2,C3,ITGAM_ITGB2,0.0251729959968116,0,C3_ITGAM_ITGB2,C3 - (ITGAM+ITGB2),COMPLEMENT,Secreted Signaling,PMID: 16234578
Classical Mono-derived,Stress-response,C3,ITGAM_ITGB2,0.00375559260627929,0,C3_ITGAM_ITGB2,C3 - (ITGAM+ITGB2),COMPLEMENT,Secreted Signaling,PMID: 16234578
IFN-stimulated,Stress-response,C3,ITGAM_ITGB2,0.00614949720488815,0,C3_ITGAM_ITGB2,C3 - (ITGAM+ITGB2),COMPLEMENT,Secreted Signaling,PMID: 16234578
Lipid-associated,Stress-response,C3,ITGAM_ITGB2,0.0034350511501055,0,C3_ITGAM_ITGB2,C3 - (ITGAM+ITGB2),COMPLEMENT,Secreted Signaling,PMID: 16234578
Proliferating,Stress-response,C3,ITGAM_ITGB2,0.0276819199270169,0,C3_ITGAM_ITGB2,C3 - (ITGAM+ITGB2),COMPLEMENT,Secreted Signaling,PMID: 16234578
Resident M2,Stress-response,C3,ITGAM_ITGB2,0.0268697414395515,0,C3_ITGAM_ITGB2,C3 - (ITGAM+ITGB2),COMPLEMENT,Secreted Signaling,PMID: 16234578
Classical Mono-derived,Classical Mono-derived,C3,ITGAX_ITGB2,0.00649130010462216,0,C3_ITGAX_ITGB2,C3 - (ITGAX+ITGB2),COMPLEMENT,Secreted Signaling,PMID: 16234578
IFN-stimulated,Classical Mono-derived,C3,ITGAX_ITGB2,0.0106104378391646,0,C3_ITGAX_ITGB2,C3 - (ITGAX+ITGB2),COMPLEMENT,Secreted Signaling,PMID: 16234578
Lipid-associated,Classical Mono-derived,C3,ITGAX_ITGB2,0.00593865669505843,0,C3_ITGAX_ITGB2,C3 - (ITGAX+ITGB2),COMPLEMENT,Secreted Signaling,PMID: 16234578
Proliferating,Classical Mono-derived,C3,ITGAX_ITGB2,0.0470237601636648,0,C3_ITGAX_ITGB2,C3 - (ITGAX+ITGB2),COMPLEMENT,Secreted Signaling,PMID: 16234578
Resident M2,Classical Mono-derived,C3,ITGAX_ITGB2,0.0456707536598058,0,C3_ITGAX_ITGB2,C3 - (ITGAX+ITGB2),COMPLEMENT,Secreted Signaling,PMID: 16234578
Classical Mono-derived,IFN-stimulated,C3,ITGAX_ITGB2,0.00639550839768647,0,C3_ITGAX_ITGB2,C3 - (ITGAX+ITGB2),COMPLEMENT,Secreted Signaling,PMID: 16234578
IFN-stimulated,IFN-stimulated,C3,ITGAX_ITGB2,0.0104544999138407,0,C3_ITGAX_ITGB2,C3 - (ITGAX+ITGB2),COMPLEMENT,Secreted Signaling,PMID: 16234578
Lipid-associated,IFN-stimulated,C3,ITGAX_ITGB2,0.00585097228378083,0,C3_ITGAX_ITGB2,C3 - (ITGAX+ITGB2),COMPLEMENT,Secreted Signaling,PMID: 16234578
Proliferating,IFN-stimulated,C3,ITGAX_ITGB2,0.0463577428503734,0,C3_ITGAX_ITGB2,C3 - (ITGAX+ITGB2),COMPLEMENT,Secreted Signaling,PMID: 16234578
Resident M2,IFN-stimulated,C3,ITGAX_ITGB2,0.0450229941892609,0,C3_ITGAX_ITGB2,C3 - (ITGAX+ITGB2),COMPLEMENT,Secreted Signaling,PMID: 16234578
Classical Mono-derived,Inflammatory Mono-derived,C3,ITGAX_ITGB2,0.00719105976952269,0,C3_ITGAX_ITGB2,C3 - (ITGAX+ITGB2),COMPLEMENT,Secreted Signaling,PMID: 16234578
IFN-stimulated,Inflammatory Mono-derived,C3,ITGAX_ITGB2,0.0117489878496252,0,C3_ITGAX_ITGB2,C3 - (ITGAX+ITGB2),COMPLEMENT,Secreted Signaling,PMID: 16234578
Lipid-associated,Inflammatory Mono-derived,C3,ITGAX_ITGB2,0.00657923612935182,0,C3_ITGAX_ITGB2,C3 - (ITGAX+ITGB2),COMPLEMENT,Secreted Signaling,PMID: 16234578
Proliferating,Inflammatory Mono-derived,C3,ITGAX_ITGB2,0.0518648056112138,0,C3_ITGAX_ITGB2,C3 - (ITGAX+ITGB2),COMPLEMENT,Secreted Signaling,PMID: 16234578
Resident M2,Inflammatory Mono-derived,C3,ITGAX_ITGB2,0.0503798722555016,0,C3_ITGAX_ITGB2,C3 - (ITGAX+ITGB2),COMPLEMENT,Secreted Signaling,PMID: 16234578
Classical Mono-derived,Lipid-associated,C3,ITGAX_ITGB2,0.00455174150160686,0,C3_ITGAX_ITGB2,C3 - (ITGAX+ITGB2),COMPLEMENT,Secreted Signaling,PMID: 16234578
IFN-stimulated,Lipid-associated,C3,ITGAX_ITGB2,0.00744933578531705,0,C3_ITGAX_ITGB2,C3 - (ITGAX+ITGB2),COMPLEMENT,Secreted Signaling,PMID: 16234578
Lipid-associated,Lipid-associated,C3,ITGAX_ITGB2,0.00416353237770219,0,C3_ITGAX_ITGB2,C3 - (ITGAX+ITGB2),COMPLEMENT,Secreted Signaling,PMID: 16234578
Proliferating,Lipid-associated,C3,ITGAX_ITGB2,0.0333802682728877,0,C3_ITGAX_ITGB2,C3 - (ITGAX+ITGB2),COMPLEMENT,Secreted Signaling,PMID: 16234578
Resident M2,Lipid-associated,C3,ITGAX_ITGB2,0.0324064743192751,0,C3_ITGAX_ITGB2,C3 - (ITGAX+ITGB2),COMPLEMENT,Secreted Signaling,PMID: 16234578
Classical Mono-derived,Resident M2,C3,ITGAX_ITGB2,0.00629723865480563,0,C3_ITGAX_ITGB2,C3 - (ITGAX+ITGB2),COMPLEMENT,Secreted Signaling,PMID: 16234578
IFN-stimulated,Resident M2,C3,ITGAX_ITGB2,0.010294508199097,0,C3_ITGAX_ITGB2,C3 - (ITGAX+ITGB2),COMPLEMENT,Secreted Signaling,PMID: 16234578
Lipid-associated,Resident M2,C3,ITGAX_ITGB2,0.00576102106006279,0,C3_ITGAX_ITGB2,C3 - (ITGAX+ITGB2),COMPLEMENT,Secreted Signaling,PMID: 16234578
Proliferating,Resident M2,C3,ITGAX_ITGB2,0.0456736619870263,0,C3_ITGAX_ITGB2,C3 - (ITGAX+ITGB2),COMPLEMENT,Secreted Signaling,PMID: 16234578
Resident M2,Resident M2,C3,ITGAX_ITGB2,0.044357693472802,0,C3_ITGAX_ITGB2,C3 - (ITGAX+ITGB2),COMPLEMENT,Secreted Signaling,PMID: 16234578
Classical Mono-derived,Stress-response,C3,ITGAX_ITGB2,0.00595631835179361,0,C3_ITGAX_ITGB2,C3 - (ITGAX+ITGB2),COMPLEMENT,Secreted Signaling,PMID: 16234578
IFN-stimulated,Stress-response,C3,ITGAX_ITGB2,0.00973930445065399,0,C3_ITGAX_ITGB2,C3 - (ITGAX+ITGB2),COMPLEMENT,Secreted Signaling,PMID: 16234578
Lipid-associated,Stress-response,C3,ITGAX_ITGB2,0.00544897135410072,0,C3_ITGAX_ITGB2,C3 - (ITGAX+ITGB2),COMPLEMENT,Secreted Signaling,PMID: 16234578
Proliferating,Stress-response,C3,ITGAX_ITGB2,0.0432938555181339,0,C3_ITGAX_ITGB2,C3 - (ITGAX+ITGB2),COMPLEMENT,Secreted Signaling,PMID: 16234578
Resident M2,Stress-response,C3,ITGAX_ITGB2,0.0420434341718435,0,C3_ITGAX_ITGB2,C3 - (ITGAX+ITGB2),COMPLEMENT,Secreted Signaling,PMID: 16234578
CD8.CM,CD8.EM,GZMA,F2R,0.0116571626452358,0,GZMA_F2R,GZMA - F2R,PARs,Secreted Signaling,KEGG: hsa04080
CD8.EM,CD8.EM,GZMA,F2R,0.022499389643388,0,GZMA_F2R,GZMA - F2R,PARs,Secreted Signaling,KEGG: hsa04080
CD8.MAIT,CD8.EM,GZMA,F2R,0.011720383300443,0,GZMA_F2R,GZMA - F2R,PARs,Secreted Signaling,KEGG: hsa04080
CD8.TEMRA,CD8.EM,GZMA,F2R,0.0200117146119755,0,GZMA_F2R,GZMA - F2R,PARs,Secreted Signaling,KEGG: hsa04080
CD8.TEX,CD8.EM,GZMA,F2R,0.0226832708347353,0,GZMA_F2R,GZMA - F2R,PARs,Secreted Signaling,KEGG: hsa04080
CD8.TPEX,CD8.EM,GZMA,F2R,0.0126552618376852,0,GZMA_F2R,GZMA - F2R,PARs,Secreted Signaling,KEGG: hsa04080
CD8.CM,CD8.TEX,GZMA,F2R,0.00817149857041743,0,GZMA_F2R,GZMA - F2R,PARs,Secreted Signaling,KEGG: hsa04080
CD8.EM,CD8.TEX,GZMA,F2R,0.0158236444115579,0,GZMA_F2R,GZMA - F2R,PARs,Secreted Signaling,KEGG: hsa04080
CD8.MAIT,CD8.TEX,GZMA,F2R,0.00821597246038571,0,GZMA_F2R,GZMA - F2R,PARs,Secreted Signaling,KEGG: hsa04080
CD8.TEMRA,CD8.TEX,GZMA,F2R,0.0140634627085504,0,GZMA_F2R,GZMA - F2R,PARs,Secreted Signaling,KEGG: hsa04080
CD8.TEX,CD8.TEX,GZMA,F2R,0.0159538570735504,0,GZMA_F2R,GZMA - F2R,PARs,Secreted Signaling,KEGG: hsa04080
CD8.TPEX,CD8.TEX,GZMA,F2R,0.00887383093912139,0,GZMA_F2R,GZMA - F2R,PARs,Secreted Signaling,KEGG: hsa04080
CD8.CM,Classical Mono-derived,ANXA1,FPR2,0.0146611938775196,0,ANXA1_FPR2,ANXA1 - FPR2,ANNEXIN,Secreted Signaling,PMID: 23230437
CD8.EM,Classical Mono-derived,ANXA1,FPR2,0.00829729083189163,0,ANXA1_FPR2,ANXA1 - FPR2,ANNEXIN,Secreted Signaling,PMID: 23230437
CD8.MAIT,Classical Mono-derived,ANXA1,FPR2,0.0124063697763702,0,ANXA1_FPR2,ANXA1 - FPR2,ANNEXIN,Secreted Signaling,PMID: 23230437
CD8.NaiveLike,Classical Mono-derived,ANXA1,FPR2,0.0107380365848897,0,ANXA1_FPR2,ANXA1 - FPR2,ANNEXIN,Secreted Signaling,PMID: 23230437
CD8.TEMRA,Classical Mono-derived,ANXA1,FPR2,0.00836404538326513,0,ANXA1_FPR2,ANXA1 - FPR2,ANNEXIN,Secreted Signaling,PMID: 23230437
CD8.TEX,Classical Mono-derived,ANXA1,FPR2,0.00598841957949888,0,ANXA1_FPR2,ANXA1 - FPR2,ANNEXIN,Secreted Signaling,PMID: 23230437
CD8.TPEX,Classical Mono-derived,ANXA1,FPR2,0.00616891298819335,0,ANXA1_FPR2,ANXA1 - FPR2,ANNEXIN,Secreted Signaling,PMID: 23230437
Classical Mono-derived,Classical Mono-derived,ANXA1,FPR2,0.00942659243554132,0,ANXA1_FPR2,ANXA1 - FPR2,ANNEXIN,Secreted Signaling,PMID: 23230437
IFN-stimulated,Classical Mono-derived,ANXA1,FPR2,0.00970563882650462,0,ANXA1_FPR2,ANXA1 - FPR2,ANNEXIN,Secreted Signaling,PMID: 23230437
Inflammatory Mono-derived,Classical Mono-derived,ANXA1,FPR2,0.0142134636537902,0,ANXA1_FPR2,ANXA1 - FPR2,ANNEXIN,Secreted Signaling,PMID: 23230437
Lipid-associated,Classical Mono-derived,ANXA1,FPR2,0.0109214207523517,0,ANXA1_FPR2,ANXA1 - FPR2,ANNEXIN,Secreted Signaling,PMID: 23230437
Proliferating,Classical Mono-derived,ANXA1,FPR2,0.00789295737022825,0,ANXA1_FPR2,ANXA1 - FPR2,ANNEXIN,Secreted Signaling,PMID: 23230437
Resident M2,Classical Mono-derived,ANXA1,FPR2,0.00811509635803555,0,ANXA1_FPR2,ANXA1 - FPR2,ANNEXIN,Secreted Signaling,PMID: 23230437
Stress-response,Classical Mono-derived,ANXA1,FPR2,0.0153588171985412,0,ANXA1_FPR2,ANXA1 - FPR2,ANNEXIN,Secreted Signaling,PMID: 23230437
CD8.CM,Classical Mono-derived,ANXA1,FPR1,0.109487072163481,0,ANXA1_FPR1,ANXA1 - FPR1,ANNEXIN,Secreted Signaling,PMID: 23230437
CD8.EM,Classical Mono-derived,ANXA1,FPR1,0.064663827549135,0,ANXA1_FPR1,ANXA1 - FPR1,ANNEXIN,Secreted Signaling,PMID: 23230437
CD8.MAIT,Classical Mono-derived,ANXA1,FPR1,0.0940403350280242,0,ANXA1_FPR1,ANXA1 - FPR1,ANNEXIN,Secreted Signaling,PMID: 23230437
CD8.NaiveLike,Classical Mono-derived,ANXA1,FPR1,0.0823092747051714,0,ANXA1_FPR1,ANXA1 - FPR1,ANNEXIN,Secreted Signaling,PMID: 23230437
CD8.TEMRA,Classical Mono-derived,ANXA1,FPR1,0.0651542763272791,0,ANXA1_FPR1,ANXA1 - FPR1,ANNEXIN,Secreted Signaling,PMID: 23230437
CD8.TEX,Classical Mono-derived,ANXA1,FPR1,0.0474199532950005,0,ANXA1_FPR1,ANXA1 - FPR1,ANNEXIN,Secreted Signaling,PMID: 23230437
CD8.TPEX,Classical Mono-derived,ANXA1,FPR1,0.0487879184259687,0,ANXA1_FPR1,ANXA1 - FPR1,ANNEXIN,Secreted Signaling,PMID: 23230437
Classical Mono-derived,Classical Mono-derived,ANXA1,FPR1,0.0729009309822976,0,ANXA1_FPR1,ANXA1 - FPR1,ANNEXIN,Secreted Signaling,PMID: 23230437
IFN-stimulated,Classical Mono-derived,ANXA1,FPR1,0.0749168413686007,0,ANXA1_FPR1,ANXA1 - FPR1,ANNEXIN,Secreted Signaling,PMID: 23230437
Inflammatory Mono-derived,Classical Mono-derived,ANXA1,FPR1,0.106456373225624,0,ANXA1_FPR1,ANXA1 - FPR1,ANNEXIN,Secreted Signaling,PMID: 23230437
Lipid-associated,Classical Mono-derived,ANXA1,FPR1,0.0836116450505232,0,ANXA1_FPR1,ANXA1 - FPR1,ANNEXIN,Secreted Signaling,PMID: 23230437
Proliferating,Classical Mono-derived,ANXA1,FPR1,0.0616835578136358,0,ANXA1_FPR1,ANXA1 - FPR1,ANNEXIN,Secreted Signaling,PMID: 23230437
Resident M2,Classical Mono-derived,ANXA1,FPR1,0.0633229506967925,0,ANXA1_FPR1,ANXA1 - FPR1,ANNEXIN,Secreted Signaling,PMID: 23230437
Stress-response,Classical Mono-derived,ANXA1,FPR1,0.114173964099513,0,ANXA1_FPR1,ANXA1 - FPR1,ANNEXIN,Secreted Signaling,PMID: 23230437
CD8.CM,IFN-stimulated,ANXA1,FPR1,0.0673316825432496,0,ANXA1_FPR1,ANXA1 - FPR1,ANNEXIN,Secreted Signaling,PMID: 23230437
CD8.EM,IFN-stimulated,ANXA1,FPR1,0.0390105373306312,0,ANXA1_FPR1,ANXA1 - FPR1,ANNEXIN,Secreted Signaling,PMID: 23230437
CD8.MAIT,IFN-stimulated,ANXA1,FPR1,0.05744866580566,0,ANXA1_FPR1,ANXA1 - FPR1,ANNEXIN,Secreted Signaling,PMID: 23230437
CD8.NaiveLike,IFN-stimulated,ANXA1,FPR1,0.0500301585997736,0,ANXA1_FPR1,ANXA1 - FPR1,ANNEXIN,Secreted Signaling,PMID: 23230437
CD8.TEMRA,IFN-stimulated,ANXA1,FPR1,0.0393145946265749,0,ANXA1_FPR1,ANXA1 - FPR1,ANNEXIN,Secreted Signaling,PMID: 23230437
CD8.TEX,IFN-stimulated,ANXA1,FPR1,0.0283999006960595,0,ANXA1_FPR1,ANXA1 - FPR1,ANNEXIN,Secreted Signaling,PMID: 23230437
CD8.TPEX,IFN-stimulated,ANXA1,FPR1,0.0292360176389197,0,ANXA1_FPR1,ANXA1 - FPR1,ANNEXIN,Secreted Signaling,PMID: 23230437
Classical Mono-derived,IFN-stimulated,ANXA1,FPR1,0.0441340274246519,0,ANXA1_FPR1,ANXA1 - FPR1,ANNEXIN,Secreted Signaling,PMID: 23230437
IFN-stimulated,IFN-stimulated,ANXA1,FPR1,0.0453934032865398,0,ANXA1_FPR1,ANXA1 - FPR1,ANNEXIN,Secreted Signaling,PMID: 23230437
Inflammatory Mono-derived,IFN-stimulated,ANXA1,FPR1,0.0653822073885787,0,ANXA1_FPR1,ANXA1 - FPR1,ANNEXIN,Secreted Signaling,PMID: 23230437
Lipid-associated,IFN-stimulated,ANXA1,FPR1,0.0508500811990874,0,ANXA1_FPR1,ANXA1 - FPR1,ANNEXIN,Secreted Signaling,PMID: 23230437
Proliferating,IFN-stimulated,ANXA1,FPR1,0.0371656138305802,0,ANXA1_FPR1,ANXA1 - FPR1,ANNEXIN,Secreted Signaling,PMID: 23230437
Resident M2,IFN-stimulated,ANXA1,FPR1,0.0381798962815686,0,ANXA1_FPR1,ANXA1 - FPR1,ANNEXIN,Secreted Signaling,PMID: 23230437
Stress-response,IFN-stimulated,ANXA1,FPR1,0.0703565721361668,0,ANXA1_FPR1,ANXA1 - FPR1,ANNEXIN,Secreted Signaling,PMID: 23230437
CD8.CM,Inflammatory Mono-derived,ANXA1,FPR1,0.0563731313225962,0,ANXA1_FPR1,ANXA1 - FPR1,ANNEXIN,Secreted Signaling,PMID: 23230437
CD8.EM,Inflammatory Mono-derived,ANXA1,FPR1,0.0325007629039899,0,ANXA1_FPR1,ANXA1 - FPR1,ANNEXIN,Secreted Signaling,PMID: 23230437
CD8.MAIT,Inflammatory Mono-derived,ANXA1,FPR1,0.0480158129922091,0,ANXA1_FPR1,ANXA1 - FPR1,ANNEXIN,Secreted Signaling,PMID: 23230437
CD8.NaiveLike,Inflammatory Mono-derived,ANXA1,FPR1,0.0417614268109052,0,ANXA1_FPR1,ANXA1 - FPR1,ANNEXIN,Secreted Signaling,PMID: 23230437
CD8.TEMRA,Inflammatory Mono-derived,ANXA1,FPR1,0.0327558109427733,0,ANXA1_FPR1,ANXA1 - FPR1,ANNEXIN,Secreted Signaling,PMID: 23230437
CD8.TEX,Inflammatory Mono-derived,ANXA1,FPR1,0.0236172319306012,0,ANXA1_FPR1,ANXA1 - FPR1,ANNEXIN,Secreted Signaling,PMID: 23230437
CD8.TPEX,Inflammatory Mono-derived,ANXA1,FPR1,0.0243160670078072,0,ANXA1_FPR1,ANXA1 - FPR1,ANNEXIN,Secreted Signaling,PMID: 23230437
Classical Mono-derived,Inflammatory Mono-derived,ANXA1,FPR1,0.0368020267382238,0,ANXA1_FPR1,ANXA1 - FPR1,ANNEXIN,Secreted Signaling,PMID: 23230437
IFN-stimulated,Inflammatory Mono-derived,ANXA1,FPR1,0.0378604689911397,0,ANXA1_FPR1,ANXA1 - FPR1,ANNEXIN,Secreted Signaling,PMID: 23230437
Inflammatory Mono-derived,Inflammatory Mono-derived,ANXA1,FPR1,0.0547223264109418,0,ANXA1_FPR1,ANXA1 - FPR1,ANNEXIN,Secreted Signaling,PMID: 23230437
Lipid-associated,Inflammatory Mono-derived,ANXA1,FPR1,0.0424518924850314,0,ANXA1_FPR1,ANXA1 - FPR1,ANNEXIN,Secreted Signaling,PMID: 23230437
Proliferating,Inflammatory Mono-derived,ANXA1,FPR1,0.030953789377902,0,ANXA1_FPR1,ANXA1 - FPR1,ANNEXIN,Secreted Signaling,PMID: 23230437
Resident M2,Inflammatory Mono-derived,ANXA1,FPR1,0.0318041454026832,0,ANXA1_FPR1,ANXA1 - FPR1,ANNEXIN,Secreted Signaling,PMID: 23230437
Stress-response,Inflammatory Mono-derived,ANXA1,FPR1,0.0589368159521675,0,ANXA1_FPR1,ANXA1 - FPR1,ANNEXIN,Secreted Signaling,PMID: 23230437
CD8.CM,Lipid-associated,ANXA1,FPR1,0.0197460290532738,0,ANXA1_FPR1,ANXA1 - FPR1,ANNEXIN,Secreted Signaling,PMID: 23230437
CD8.EM,Lipid-associated,ANXA1,FPR1,0.0112000678346855,0,ANXA1_FPR1,ANXA1 - FPR1,ANNEXIN,Secreted Signaling,PMID: 23230437
CD8.MAIT,Lipid-associated,ANXA1,FPR1,0.0167224526643952,0,ANXA1_FPR1,ANXA1 - FPR1,ANNEXIN,Secreted Signaling,PMID: 23230437
CD8.NaiveLike,Lipid-associated,ANXA1,FPR1,0.0144822299693157,0,ANXA1_FPR1,ANXA1 - FPR1,ANNEXIN,Secreted Signaling,PMID: 23230437
CD8.TEMRA,Lipid-associated,ANXA1,FPR1,0.0112899103542152,0,ANXA1_FPR1,ANXA1 - FPR1,ANNEXIN,Secreted Signaling,PMID: 23230437
CD8.TEX,Lipid-associated,ANXA1,FPR1,0.00809003577912593,0,ANXA1_FPR1,ANXA1 - FPR1,ANNEXIN,Secreted Signaling,PMID: 23230437
CD8.TPEX,Lipid-associated,ANXA1,FPR1,0.00833334171356615,0,ANXA1_FPR1,ANXA1 - FPR1,ANNEXIN,Secreted Signaling,PMID: 23230437
Classical Mono-derived,Lipid-associated,ANXA1,FPR1,0.0127193842498307,0,ANXA1_FPR1,ANXA1 - FPR1,ANNEXIN,Secreted Signaling,PMID: 23230437
IFN-stimulated,Lipid-associated,ANXA1,FPR1,0.0130946154817999,0,ANXA1_FPR1,ANXA1 - FPR1,ANNEXIN,Secreted Signaling,PMID: 23230437
Inflammatory Mono-derived,Lipid-associated,ANXA1,FPR1,0.019146033105238,0,ANXA1_FPR1,ANXA1 - FPR1,ANNEXIN,Secreted Signaling,PMID: 23230437
Lipid-associated,Lipid-associated,ANXA1,FPR1,0.0147286054451077,0,ANXA1_FPR1,ANXA1 - FPR1,ANNEXIN,Secreted Signaling,PMID: 23230437
Proliferating,Lipid-associated,ANXA1,FPR1,0.0106557997058961,0,ANXA1_FPR1,ANXA1 - FPR1,ANNEXIN,Secreted Signaling,PMID: 23230437
Resident M2,Lipid-associated,ANXA1,FPR1,0.0109548373914767,0,ANXA1_FPR1,ANXA1 - FPR1,ANNEXIN,Secreted Signaling,PMID: 23230437
Stress-response,Lipid-associated,ANXA1,FPR1,0.0206805258554817,0,ANXA1_FPR1,ANXA1 - FPR1,ANNEXIN,Secreted Signaling,PMID: 23230437
CD8.CM,Proliferating,ANXA1,FPR1,0.0169881769360768,0,ANXA1_FPR1,ANXA1 - FPR1,ANNEXIN,Secreted Signaling,PMID: 23230437
CD8.EM,Proliferating,ANXA1,FPR1,0.00962407881440793,0,ANXA1_FPR1,ANXA1 - FPR1,ANNEXIN,Secreted Signaling,PMID: 23230437
CD8.MAIT,Proliferating,ANXA1,FPR1,0.0143806966873447,0,ANXA1_FPR1,ANXA1 - FPR1,ANNEXIN,Secreted Signaling,PMID: 23230437
CD8.NaiveLike,Proliferating,ANXA1,FPR1,0.0124502150143953,0,ANXA1_FPR1,ANXA1 - FPR1,ANNEXIN,Secreted Signaling,PMID: 23230437
CD8.TEMRA,Proliferating,ANXA1,FPR1,0.00970140340657426,0,ANXA1_FPR1,ANXA1 - FPR1,ANNEXIN,Secreted Signaling,PMID: 23230437
CD8.TEX,Proliferating,ANXA1,FPR1,0.00694859171090602,0,ANXA1_FPR1,ANXA1 - FPR1,ANNEXIN,Secreted Signaling,PMID: 23230437
CD8.TPEX,Proliferating,ANXA1,FPR1,0.00715781670425118,0,ANXA1_FPR1,ANXA1 - FPR1,ANNEXIN,Secreted Signaling,PMID: 23230437
Classical Mono-derived,Proliferating,ANXA1,FPR1,0.0109319720726516,0,ANXA1_FPR1,ANXA1 - FPR1,ANNEXIN,Secreted Signaling,PMID: 23230437
IFN-stimulated,Proliferating,ANXA1,FPR1,0.0112550744507189,0,ANXA1_FPR1,ANXA1 - FPR1,ANNEXIN,Secreted Signaling,PMID: 23230437
Inflammatory Mono-derived,Proliferating,ANXA1,FPR1,0.0164705720975668,0,ANXA1_FPR1,ANXA1 - FPR1,ANNEXIN,Secreted Signaling,PMID: 23230437
Lipid-associated,Proliferating,ANXA1,FPR1,0.0126624654848436,0,ANXA1_FPR1,ANXA1 - FPR1,ANNEXIN,Secreted Signaling,PMID: 23230437
Proliferating,Proliferating,ANXA1,FPR1,0.00915568685578337,0,ANXA1_FPR1,ANXA1 - FPR1,ANNEXIN,Secreted Signaling,PMID: 23230437
Resident M2,Proliferating,ANXA1,FPR1,0.00941302685418453,0,ANXA1_FPR1,ANXA1 - FPR1,ANNEXIN,Secreted Signaling,PMID: 23230437
Stress-response,Proliferating,ANXA1,FPR1,0.0177945254377234,0,ANXA1_FPR1,ANXA1 - FPR1,ANNEXIN,Secreted Signaling,PMID: 23230437
CD8.CM,Resident M2,ANXA1,FPR1,0.046503674881272,0,ANXA1_FPR1,ANXA1 - FPR1,ANNEXIN,Secreted Signaling,PMID: 23230437
CD8.EM,Resident M2,ANXA1,FPR1,0.0266925079172757,0,ANXA1_FPR1,ANXA1 - FPR1,ANNEXIN,Secreted Signaling,PMID: 23230437
CD8.MAIT,Resident M2,ANXA1,FPR1,0.0395481820419648,0,ANXA1_FPR1,ANXA1 - FPR1,ANNEXIN,Secreted Signaling,PMID: 23230437
CD8.NaiveLike,Resident M2,ANXA1,FPR1,0.0343569564928469,0,ANXA1_FPR1,ANXA1 - FPR1,ANNEXIN,Secreted Signaling,PMID: 23230437
CD8.TEMRA,Resident M2,ANXA1,FPR1,0.0269032434205864,0,ANXA1_FPR1,ANXA1 - FPR1,ANNEXIN,Secreted Signaling,PMID: 23230437
CD8.TEX,Resident M2,ANXA1,FPR1,0.0193647886475961,0,ANXA1_FPR1,ANXA1 - FPR1,ANNEXIN,Secreted Signaling,PMID: 23230437
CD8.TPEX,Resident M2,ANXA1,FPR1,0.0199403635022064,0,ANXA1_FPR1,ANXA1 - FPR1,ANNEXIN,Secreted Signaling,PMID: 23230437
Classical Mono-derived,Resident M2,ANXA1,FPR1,0.0302491202441703,0,ANXA1_FPR1,ANXA1 - FPR1,ANNEXIN,Secreted Signaling,PMID: 23230437
IFN-stimulated,Resident M2,ANXA1,FPR1,0.0311251881835076,0,ANXA1_FPR1,ANXA1 - FPR1,ANNEXIN,Secreted Signaling,PMID: 23230437
Inflammatory Mono-derived,Resident M2,ANXA1,FPR1,0.0451280608482261,0,ANXA1_FPR1,ANXA1 - FPR1,ANNEXIN,Secreted Signaling,PMID: 23230437
Lipid-associated,Resident M2,ANXA1,FPR1,0.0349294623111297,0,ANXA1_FPR1,ANXA1 - FPR1,ANNEXIN,Secreted Signaling,PMID: 23230437
Proliferating,Resident M2,ANXA1,FPR1,0.0254147338786712,0,ANXA1_FPR1,ANXA1 - FPR1,ANNEXIN,Secreted Signaling,PMID: 23230437
Resident M2,Resident M2,ANXA1,FPR1,0.0261170232441218,0,ANXA1_FPR1,ANXA1 - FPR1,ANNEXIN,Secreted Signaling,PMID: 23230437
Stress-response,Resident M2,ANXA1,FPR1,0.0486416618794209,0,ANXA1_FPR1,ANXA1 - FPR1,ANNEXIN,Secreted Signaling,PMID: 23230437
CD8.CM,Stress-response,ANXA1,FPR1,0.0418854392718155,0,ANXA1_FPR1,ANXA1 - FPR1,ANNEXIN,Secreted Signaling,PMID: 23230437
CD8.EM,Stress-response,ANXA1,FPR1,0.0239921953205479,0,ANXA1_FPR1,ANXA1 - FPR1,ANNEXIN,Secreted Signaling,PMID: 23230437
CD8.MAIT,Stress-response,ANXA1,FPR1,0.0355949037026051,0,ANXA1_FPR1,ANXA1 - FPR1,ANNEXIN,Secreted Signaling,PMID: 23230437
CD8.NaiveLike,Stress-response,ANXA1,FPR1,0.0309059004987634,0,ANXA1_FPR1,ANXA1 - FPR1,ANNEXIN,Secreted Signaling,PMID: 23230437
CD8.TEMRA,Stress-response,ANXA1,FPR1,0.0241821417147883,0,ANXA1_FPR1,ANXA1 - FPR1,ANNEXIN,Secreted Signaling,PMID: 23230437
CD8.TEX,Stress-response,ANXA1,FPR1,0.0173925285191254,0,ANXA1_FPR1,ANXA1 - FPR1,ANNEXIN,Secreted Signaling,PMID: 23230437
CD8.TPEX,Stress-response,ANXA1,FPR1,0.0179105530384086,0,ANXA1_FPR1,ANXA1 - FPR1,ANNEXIN,Secreted Signaling,PMID: 23230437
Classical Mono-derived,Stress-response,ANXA1,FPR1,0.0271990622264644,0,ANXA1_FPR1,ANXA1 - FPR1,ANNEXIN,Secreted Signaling,PMID: 23230437
IFN-stimulated,Stress-response,ANXA1,FPR1,0.0279893446621404,0,ANXA1_FPR1,ANXA1 - FPR1,ANNEXIN,Secreted Signaling,PMID: 23230437
Inflammatory Mono-derived,Stress-response,ANXA1,FPR1,0.0406406134268511,0,ANXA1_FPR1,ANXA1 - FPR1,ANNEXIN,Secreted Signaling,PMID: 23230437
Lipid-associated,Stress-response,ANXA1,FPR1,0.0314227710859159,0,ANXA1_FPR1,ANXA1 - FPR1,ANNEXIN,Secreted Signaling,PMID: 23230437
Proliferating,Stress-response,ANXA1,FPR1,0.0228406521664968,0,ANXA1_FPR1,ANXA1 - FPR1,ANNEXIN,Secreted Signaling,PMID: 23230437
Resident M2,Stress-response,ANXA1,FPR1,0.0234735247372533,0,ANXA1_FPR1,ANXA1 - FPR1,ANNEXIN,Secreted Signaling,PMID: 23230437
Stress-response,Stress-response,ANXA1,FPR1,0.0438208627065362,0,ANXA1_FPR1,ANXA1 - FPR1,ANNEXIN,Secreted Signaling,PMID: 23230437
Classical Mono-derived,IFN-stimulated,GAS6,AXL,0.000849138902848851,0,GAS6_AXL,GAS6 - AXL,GAS,Secreted Signaling,PMID: 27801848
Resident M2,IFN-stimulated,GAS6,AXL,0.00116478119477836,0,GAS6_AXL,GAS6 - AXL,GAS,Secreted Signaling,PMID: 27801848
Classical Mono-derived,Proliferating,GAS6,AXL,0.000916084277415554,0,GAS6_AXL,GAS6 - AXL,GAS,Secreted Signaling,PMID: 27801848
Resident M2,Proliferating,GAS6,AXL,0.00125658023732636,0,GAS6_AXL,GAS6 - AXL,GAS,Secreted Signaling,PMID: 27801848
Classical Mono-derived,Resident M2,GAS6,AXL,0.00122770294902331,0,GAS6_AXL,GAS6 - AXL,GAS,Secreted Signaling,PMID: 27801848
Resident M2,Resident M2,GAS6,AXL,0.00168382808749122,0,GAS6_AXL,GAS6 - AXL,GAS,Secreted Signaling,PMID: 27801848
Classical Mono-derived,Resident M2,GAS6,MERTK,0.0010678438496533,0,GAS6_MERTK,GAS6 - MERTK,GAS,Secreted Signaling,PMID: 27801848
Resident M2,Resident M2,GAS6,MERTK,0.00146466406787765,0,GAS6_MERTK,GAS6 - MERTK,GAS,Secreted Signaling,PMID: 27801848
Classical Mono-derived,Classical Mono-derived,GRN,SORT1,0.0131006243909321,0,GRN_SORT1,GRN - SORT1,GRN,Secreted Signaling,PMID: 29555433
IFN-stimulated,Classical Mono-derived,GRN,SORT1,0.013243405694291,0,GRN_SORT1,GRN - SORT1,GRN,Secreted Signaling,PMID: 29555433
Inflammatory Mono-derived,Classical Mono-derived,GRN,SORT1,0.0121760625177896,0,GRN_SORT1,GRN - SORT1,GRN,Secreted Signaling,PMID: 29555433
Lipid-associated,Classical Mono-derived,GRN,SORT1,0.0147275276078808,0,GRN_SORT1,GRN - SORT1,GRN,Secreted Signaling,PMID: 29555433
Proliferating,Classical Mono-derived,GRN,SORT1,0.0123019616569956,0,GRN_SORT1,GRN - SORT1,GRN,Secreted Signaling,PMID: 29555433
Resident M2,Classical Mono-derived,GRN,SORT1,0.0135467617936469,0,GRN_SORT1,GRN - SORT1,GRN,Secreted Signaling,PMID: 29555433
Stress-response,Classical Mono-derived,GRN,SORT1,0.014336519074157,0,GRN_SORT1,GRN - SORT1,GRN,Secreted Signaling,PMID: 29555433
Classical Mono-derived,Resident M2,GRN,SORT1,0.0120408011989618,0,GRN_SORT1,GRN - SORT1,GRN,Secreted Signaling,PMID: 29555433
IFN-stimulated,Resident M2,GRN,SORT1,0.0121721741486163,0,GRN_SORT1,GRN - SORT1,GRN,Secreted Signaling,PMID: 29555433
Inflammatory Mono-derived,Resident M2,GRN,SORT1,0.011190187069057,0,GRN_SORT1,GRN - SORT1,GRN,Secreted Signaling,PMID: 29555433
Lipid-associated,Resident M2,GRN,SORT1,0.0135378955299084,0,GRN_SORT1,GRN - SORT1,GRN,Secreted Signaling,PMID: 29555433
Proliferating,Resident M2,GRN,SORT1,0.0113060090374968,0,GRN_SORT1,GRN - SORT1,GRN,Secreted Signaling,PMID: 29555433
Resident M2,Resident M2,GRN,SORT1,0.0124513020325984,0,GRN_SORT1,GRN - SORT1,GRN,Secreted Signaling,PMID: 29555433
Stress-response,Resident M2,GRN,SORT1,0.0131780486974144,0,GRN_SORT1,GRN - SORT1,GRN,Secreted Signaling,PMID: 29555433
Classical Mono-derived,Stress-response,GRN,SORT1,0.0125620932569189,0,GRN_SORT1,GRN - SORT1,GRN,Secreted Signaling,PMID: 29555433
IFN-stimulated,Stress-response,GRN,SORT1,0.012699080732981,0,GRN_SORT1,GRN - SORT1,GRN,Secreted Signaling,PMID: 29555433
Inflammatory Mono-derived,Stress-response,GRN,SORT1,0.0116750879982161,0,GRN_SORT1,GRN - SORT1,GRN,Secreted Signaling,PMID: 29555433
Lipid-associated,Stress-response,GRN,SORT1,0.0141230759506398,0,GRN_SORT1,GRN - SORT1,GRN,Secreted Signaling,PMID: 29555433
Proliferating,Stress-response,GRN,SORT1,0.0117958689723333,0,GRN_SORT1,GRN - SORT1,GRN,Secreted Signaling,PMID: 29555433
Resident M2,Stress-response,GRN,SORT1,0.0129901325560715,0,GRN_SORT1,GRN - SORT1,GRN,Secreted Signaling,PMID: 29555433
Stress-response,Stress-response,GRN,SORT1,0.0137478913853255,0,GRN_SORT1,GRN - SORT1,GRN,Secreted Signaling,PMID: 29555433
Classical Mono-derived,CD8.CM,LGALS9,PTPRC,0.0619688055633567,0,LGALS9_CD45,LGALS9 - CD45,GALECTIN,Secreted Signaling,PMID: 30120235
IFN-stimulated,CD8.CM,LGALS9,PTPRC,0.0860513738321984,0,LGALS9_CD45,LGALS9 - CD45,GALECTIN,Secreted Signaling,PMID: 30120235
Inflammatory Mono-derived,CD8.CM,LGALS9,PTPRC,0.0540611362721987,0,LGALS9_CD45,LGALS9 - CD45,GALECTIN,Secreted Signaling,PMID: 30120235
Lipid-associated,CD8.CM,LGALS9,PTPRC,0.0621315893361672,0,LGALS9_CD45,LGALS9 - CD45,GALECTIN,Secreted Signaling,PMID: 30120235
Proliferating,CD8.CM,LGALS9,PTPRC,0.0620342271071519,0,LGALS9_CD45,LGALS9 - CD45,GALECTIN,Secreted Signaling,PMID: 30120235
Resident M2,CD8.CM,LGALS9,PTPRC,0.0600710719201055,0,LGALS9_CD45,LGALS9 - CD45,GALECTIN,Secreted Signaling,PMID: 30120235
Stress-response,CD8.CM,LGALS9,PTPRC,0.0617132405206808,0,LGALS9_CD45,LGALS9 - CD45,GALECTIN,Secreted Signaling,PMID: 30120235
Classical Mono-derived,CD8.EM,LGALS9,PTPRC,0.0662225657201374,0,LGALS9_CD45,LGALS9 - CD45,GALECTIN,Secreted Signaling,PMID: 30120235
IFN-stimulated,CD8.EM,LGALS9,PTPRC,0.0917964725027244,0,LGALS9_CD45,LGALS9 - CD45,GALECTIN,Secreted Signaling,PMID: 30120235
Inflammatory Mono-derived,CD8.EM,LGALS9,PTPRC,0.0578055361029284,0,LGALS9_CD45,LGALS9 - CD45,GALECTIN,Secreted Signaling,PMID: 30120235
Lipid-associated,CD8.EM,LGALS9,PTPRC,0.0663957326301622,0,LGALS9_CD45,LGALS9 - CD45,GALECTIN,Secreted Signaling,PMID: 30120235
Proliferating,CD8.EM,LGALS9,PTPRC,0.0662921606626058,0,LGALS9_CD45,LGALS9 - CD45,GALECTIN,Secreted Signaling,PMID: 30120235
Resident M2,CD8.EM,LGALS9,PTPRC,0.0642034809918788,0,LGALS9_CD45,LGALS9 - CD45,GALECTIN,Secreted Signaling,PMID: 30120235
Stress-response,CD8.EM,LGALS9,PTPRC,0.0659506911785282,0,LGALS9_CD45,LGALS9 - CD45,GALECTIN,Secreted Signaling,PMID: 30120235
Classical Mono-derived,CD8.MAIT,LGALS9,PTPRC,0.0581611278638871,0,LGALS9_CD45,LGALS9 - CD45,GALECTIN,Secreted Signaling,PMID: 30120235
IFN-stimulated,CD8.MAIT,LGALS9,PTPRC,0.0808915483589136,0,LGALS9_CD45,LGALS9 - CD45,GALECTIN,Secreted Signaling,PMID: 30120235
Inflammatory Mono-derived,CD8.MAIT,LGALS9,PTPRC,0.0507130771999589,0,LGALS9_CD45,LGALS9 - CD45,GALECTIN,Secreted Signaling,PMID: 30120235
Lipid-associated,CD8.MAIT,LGALS9,PTPRC,0.058314531186067,0,LGALS9_CD45,LGALS9 - CD45,GALECTIN,Secreted Signaling,PMID: 30120235
Proliferating,CD8.MAIT,LGALS9,PTPRC,0.0582227790836708,0,LGALS9_CD45,LGALS9 - CD45,GALECTIN,Secreted Signaling,PMID: 30120235
Resident M2,CD8.MAIT,LGALS9,PTPRC,0.0563729928903298,0,LGALS9_CD45,LGALS9 - CD45,GALECTIN,Secreted Signaling,PMID: 30120235
Stress-response,CD8.MAIT,LGALS9,PTPRC,0.0579202964126081,0,LGALS9_CD45,LGALS9 - CD45,GALECTIN,Secreted Signaling,PMID: 30120235
Classical Mono-derived,CD8.NaiveLike,LGALS9,PTPRC,0.0592030337047079,0,LGALS9_CD45,LGALS9 - CD45,GALECTIN,Secreted Signaling,PMID: 30120235
IFN-stimulated,CD8.NaiveLike,LGALS9,PTPRC,0.082305065981247,0,LGALS9_CD45,LGALS9 - CD45,GALECTIN,Secreted Signaling,PMID: 30120235
Inflammatory Mono-derived,CD8.NaiveLike,LGALS9,PTPRC,0.0516288717029499,0,LGALS9_CD45,LGALS9 - CD45,GALECTIN,Secreted Signaling,PMID: 30120235
Lipid-associated,CD8.NaiveLike,LGALS9,PTPRC,0.0593590119164676,0,LGALS9_CD45,LGALS9 - CD45,GALECTIN,Secreted Signaling,PMID: 30120235
Proliferating,CD8.NaiveLike,LGALS9,PTPRC,0.0592657198555675,0,LGALS9_CD45,LGALS9 - CD45,GALECTIN,Secreted Signaling,PMID: 30120235
Resident M2,CD8.NaiveLike,LGALS9,PTPRC,0.0573848175685918,0,LGALS9_CD45,LGALS9 - CD45,GALECTIN,Secreted Signaling,PMID: 30120235
Stress-response,CD8.NaiveLike,LGALS9,PTPRC,0.0589581580380646,0,LGALS9_CD45,LGALS9 - CD45,GALECTIN,Secreted Signaling,PMID: 30120235
Classical Mono-derived,CD8.TEMRA,LGALS9,PTPRC,0.0717491686657658,0,LGALS9_CD45,LGALS9 - CD45,GALECTIN,Secreted Signaling,PMID: 30120235
IFN-stimulated,CD8.TEMRA,LGALS9,PTPRC,0.0992305410252561,0,LGALS9_CD45,LGALS9 - CD45,GALECTIN,Secreted Signaling,PMID: 30120235
Inflammatory Mono-derived,CD8.TEMRA,LGALS9,PTPRC,0.0626768452630036,0,LGALS9_CD45,LGALS9 - CD45,GALECTIN,Secreted Signaling,PMID: 30120235
Lipid-associated,CD8.TEMRA,LGALS9,PTPRC,0.0719356739018002,0,LGALS9_CD45,LGALS9 - CD45,GALECTIN,Secreted Signaling,PMID: 30120235
Proliferating,CD8.TEMRA,LGALS9,PTPRC,0.0718241249106867,0,LGALS9_CD45,LGALS9 - CD45,GALECTIN,Secreted Signaling,PMID: 30120235
Resident M2,CD8.TEMRA,LGALS9,PTPRC,0.0695741361024721,0,LGALS9_CD45,LGALS9 - CD45,GALECTIN,Secreted Signaling,PMID: 30120235
Stress-response,CD8.TEMRA,LGALS9,PTPRC,0.0714563411132931,0,LGALS9_CD45,LGALS9 - CD45,GALECTIN,Secreted Signaling,PMID: 30120235
Classical Mono-derived,CD8.TEX,LGALS9,PTPRC,0.0638295634710265,0,LGALS9_CD45,LGALS9 - CD45,GALECTIN,Secreted Signaling,PMID: 30120235
IFN-stimulated,CD8.TEX,LGALS9,PTPRC,0.0885669900600627,0,LGALS9_CD45,LGALS9 - CD45,GALECTIN,Secreted Signaling,PMID: 30120235
Inflammatory Mono-derived,CD8.TEX,LGALS9,PTPRC,0.0556985470818316,0,LGALS9_CD45,LGALS9 - CD45,GALECTIN,Secreted Signaling,PMID: 30120235
Lipid-associated,CD8.TEX,LGALS9,PTPRC,0.0639969017264572,0,LGALS9_CD45,LGALS9 - CD45,GALECTIN,Secreted Signaling,PMID: 30120235
Proliferating,CD8.TEX,LGALS9,PTPRC,0.0638968156358889,0,LGALS9_CD45,LGALS9 - CD45,GALECTIN,Secreted Signaling,PMID: 30120235
Resident M2,CD8.TEX,LGALS9,PTPRC,0.0618786049745409,0,LGALS9_CD45,LGALS9 - CD45,GALECTIN,Secreted Signaling,PMID: 30120235
Stress-response,CD8.TEX,LGALS9,PTPRC,0.0635668445257247,0,LGALS9_CD45,LGALS9 - CD45,GALECTIN,Secreted Signaling,PMID: 30120235
Classical Mono-derived,CD8.TPEX,LGALS9,PTPRC,0.0624742017247189,0,LGALS9_CD45,LGALS9 - CD45,GALECTIN,Secreted Signaling,PMID: 30120235
IFN-stimulated,CD8.TPEX,LGALS9,PTPRC,0.0867350181370897,0,LGALS9_CD45,LGALS9 - CD45,GALECTIN,Secreted Signaling,PMID: 30120235
Inflammatory Mono-derived,CD8.TPEX,LGALS9,PTPRC,0.0545057876381818,0,LGALS9_CD45,LGALS9 - CD45,GALECTIN,Secreted Signaling,PMID: 30120235
Lipid-associated,CD8.TPEX,LGALS9,PTPRC,0.0626382244529981,0,LGALS9_CD45,LGALS9 - CD45,GALECTIN,Secreted Signaling,PMID: 30120235
Proliferating,CD8.TPEX,LGALS9,PTPRC,0.0625401212509704,0,LGALS9_CD45,LGALS9 - CD45,GALECTIN,Secreted Signaling,PMID: 30120235
Resident M2,CD8.TPEX,LGALS9,PTPRC,0.0605619900781161,0,LGALS9_CD45,LGALS9 - CD45,GALECTIN,Secreted Signaling,PMID: 30120235
Stress-response,CD8.TPEX,LGALS9,PTPRC,0.0622166906270249,0,LGALS9_CD45,LGALS9 - CD45,GALECTIN,Secreted Signaling,PMID: 30120235
Classical Mono-derived,Classical Mono-derived,LGALS9,PTPRC,0.0488199499975844,0,LGALS9_CD45,LGALS9 - CD45,GALECTIN,Secreted Signaling,PMID: 30120235
IFN-stimulated,Classical Mono-derived,LGALS9,PTPRC,0.0681638821539583,0,LGALS9_CD45,LGALS9 - CD45,GALECTIN,Secreted Signaling,PMID: 30120235
Inflammatory Mono-derived,Classical Mono-derived,LGALS9,PTPRC,0.04251412358834,0,LGALS9_CD45,LGALS9 - CD45,GALECTIN,Secreted Signaling,PMID: 30120235
Lipid-associated,Classical Mono-derived,LGALS9,PTPRC,0.0489499959256709,0,LGALS9_CD45,LGALS9 - CD45,GALECTIN,Secreted Signaling,PMID: 30120235
Proliferating,Classical Mono-derived,LGALS9,PTPRC,0.0488722133028123,0,LGALS9_CD45,LGALS9 - CD45,GALECTIN,Secreted Signaling,PMID: 30120235
Resident M2,Classical Mono-derived,LGALS9,PTPRC,0.047304580563697,0,LGALS9_CD45,LGALS9 - CD45,GALECTIN,Secreted Signaling,PMID: 30120235
Stress-response,Classical Mono-derived,LGALS9,PTPRC,0.0486158015884989,0,LGALS9_CD45,LGALS9 - CD45,GALECTIN,Secreted Signaling,PMID: 30120235
Classical Mono-derived,IFN-stimulated,LGALS9,PTPRC,0.0450380178873398,0,LGALS9_CD45,LGALS9 - CD45,GALECTIN,Secreted Signaling,PMID: 30120235
IFN-stimulated,IFN-stimulated,LGALS9,PTPRC,0.0629826594372459,0,LGALS9_CD45,LGALS9 - CD45,GALECTIN,Secreted Signaling,PMID: 30120235
Inflammatory Mono-derived,IFN-stimulated,LGALS9,PTPRC,0.0392005525069913,0,LGALS9_CD45,LGALS9 - CD45,GALECTIN,Secreted Signaling,PMID: 30120235
Lipid-associated,IFN-stimulated,LGALS9,PTPRC,0.0451584678435415,0,LGALS9_CD45,LGALS9 - CD45,GALECTIN,Secreted Signaling,PMID: 30120235
Proliferating,IFN-stimulated,LGALS9,PTPRC,0.0450864244237037,0,LGALS9_CD45,LGALS9 - CD45,GALECTIN,Secreted Signaling,PMID: 30120235
Resident M2,IFN-stimulated,LGALS9,PTPRC,0.0436346542621849,0,LGALS9_CD45,LGALS9 - CD45,GALECTIN,Secreted Signaling,PMID: 30120235
Stress-response,IFN-stimulated,LGALS9,PTPRC,0.0448489385518334,0,LGALS9_CD45,LGALS9 - CD45,GALECTIN,Secreted Signaling,PMID: 30120235
Classical Mono-derived,Inflammatory Mono-derived,LGALS9,PTPRC,0.034460210197111,0,LGALS9_CD45,LGALS9 - CD45,GALECTIN,Secreted Signaling,PMID: 30120235
IFN-stimulated,Inflammatory Mono-derived,LGALS9,PTPRC,0.0484039238392922,0,LGALS9_CD45,LGALS9 - CD45,GALECTIN,Secreted Signaling,PMID: 30120235
Inflammatory Mono-derived,Inflammatory Mono-derived,LGALS9,PTPRC,0.0299507557095309,0,LGALS9_CD45,LGALS9 - CD45,GALECTIN,Secreted Signaling,PMID: 30120235
Lipid-associated,Inflammatory Mono-derived,LGALS9,PTPRC,0.0345533943922677,0,LGALS9_CD45,LGALS9 - CD45,GALECTIN,Secreted Signaling,PMID: 30120235
Proliferating,Inflammatory Mono-derived,LGALS9,PTPRC,0.0344976584814428,0,LGALS9_CD45,LGALS9 - CD45,GALECTIN,Secreted Signaling,PMID: 30120235
Resident M2,Inflammatory Mono-derived,LGALS9,PTPRC,0.0333749269633883,0,LGALS9_CD45,LGALS9 - CD45,GALECTIN,Secreted Signaling,PMID: 30120235
Stress-response,Inflammatory Mono-derived,LGALS9,PTPRC,0.0343139431079303,0,LGALS9_CD45,LGALS9 - CD45,GALECTIN,Secreted Signaling,PMID: 30120235
Classical Mono-derived,Lipid-associated,LGALS9,PTPRC,0.0301104471659549,0,LGALS9_CD45,LGALS9 - CD45,GALECTIN,Secreted Signaling,PMID: 30120235
IFN-stimulated,Lipid-associated,LGALS9,PTPRC,0.0423713437446896,0,LGALS9_CD45,LGALS9 - CD45,GALECTIN,Secreted Signaling,PMID: 30120235
Inflammatory Mono-derived,Lipid-associated,LGALS9,PTPRC,0.0261547827079642,0,LGALS9_CD45,LGALS9 - CD45,GALECTIN,Secreted Signaling,PMID: 30120235
Lipid-associated,Lipid-associated,LGALS9,PTPRC,0.0301922369267016,0,LGALS9_CD45,LGALS9 - CD45,GALECTIN,Secreted Signaling,PMID: 30120235
Proliferating,Lipid-associated,LGALS9,PTPRC,0.030143316086411,0,LGALS9_CD45,LGALS9 - CD45,GALECTIN,Secreted Signaling,PMID: 30120235
Resident M2,Lipid-associated,LGALS9,PTPRC,0.0291580175987819,0,LGALS9_CD45,LGALS9 - CD45,GALECTIN,Secreted Signaling,PMID: 30120235
Stress-response,Lipid-associated,LGALS9,PTPRC,0.0299820694327328,0,LGALS9_CD45,LGALS9 - CD45,GALECTIN,Secreted Signaling,PMID: 30120235
Classical Mono-derived,Proliferating,LGALS9,PTPRC,0.0433604220687424,0,LGALS9_CD45,LGALS9 - CD45,GALECTIN,Secreted Signaling,PMID: 30120235
IFN-stimulated,Proliferating,LGALS9,PTPRC,0.0606791251013188,0,LGALS9_CD45,LGALS9 - CD45,GALECTIN,Secreted Signaling,PMID: 30120235
Inflammatory Mono-derived,Proliferating,LGALS9,PTPRC,0.0377318019555425,0,LGALS9_CD45,LGALS9 - CD45,GALECTIN,Secreted Signaling,PMID: 30120235
Lipid-associated,Proliferating,LGALS9,PTPRC,0.0434765897125776,0,LGALS9_CD45,LGALS9 - CD45,GALECTIN,Secreted Signaling,PMID: 30120235
Proliferating,Proliferating,LGALS9,PTPRC,0.0434071074943843,0,LGALS9_CD45,LGALS9 - CD45,GALECTIN,Secreted Signaling,PMID: 30120235
Resident M2,Proliferating,LGALS9,PTPRC,0.0420070321483632,0,LGALS9_CD45,LGALS9 - CD45,GALECTIN,Secreted Signaling,PMID: 30120235
Stress-response,Proliferating,LGALS9,PTPRC,0.0431780672019509,0,LGALS9_CD45,LGALS9 - CD45,GALECTIN,Secreted Signaling,PMID: 30120235
Classical Mono-derived,Resident M2,LGALS9,PTPRC,0.044009738388109,0,LGALS9_CD45,LGALS9 - CD45,GALECTIN,Secreted Signaling,PMID: 30120235
IFN-stimulated,Resident M2,LGALS9,PTPRC,0.0615710946655939,0,LGALS9_CD45,LGALS9 - CD45,GALECTIN,Secreted Signaling,PMID: 30120235
Inflammatory Mono-derived,Resident M2,LGALS9,PTPRC,0.0383002050304816,0,LGALS9_CD45,LGALS9 - CD45,GALECTIN,Secreted Signaling,PMID: 30120235
Lipid-associated,Resident M2,LGALS9,PTPRC,0.0441275653828778,0,LGALS9_CD45,LGALS9 - CD45,GALECTIN,Secreted Signaling,PMID: 30120235
Proliferating,Resident M2,LGALS9,PTPRC,0.0440570907248201,0,LGALS9_CD45,LGALS9 - CD45,GALECTIN,Secreted Signaling,PMID: 30120235
Resident M2,Resident M2,LGALS9,PTPRC,0.0426369849241062,0,LGALS9_CD45,LGALS9 - CD45,GALECTIN,Secreted Signaling,PMID: 30120235
Stress-response,Resident M2,LGALS9,PTPRC,0.0438247778807676,0,LGALS9_CD45,LGALS9 - CD45,GALECTIN,Secreted Signaling,PMID: 30120235
Classical Mono-derived,Stress-response,LGALS9,PTPRC,0.0295243733813971,0,LGALS9_CD45,LGALS9 - CD45,GALECTIN,Secreted Signaling,PMID: 30120235
IFN-stimulated,Stress-response,LGALS9,PTPRC,0.0415568475607478,0,LGALS9_CD45,LGALS9 - CD45,GALECTIN,Secreted Signaling,PMID: 30120235
Inflammatory Mono-derived,Stress-response,LGALS9,PTPRC,0.0256436668138279,0,LGALS9_CD45,LGALS9 - CD45,GALECTIN,Secreted Signaling,PMID: 30120235
Lipid-associated,Stress-response,LGALS9,PTPRC,0.0296046197679869,0,LGALS9_CD45,LGALS9 - CD45,GALECTIN,Secreted Signaling,PMID: 30120235
Proliferating,Stress-response,LGALS9,PTPRC,0.0295566220331124,0,LGALS9_CD45,LGALS9 - CD45,GALECTIN,Secreted Signaling,PMID: 30120235
Resident M2,Stress-response,LGALS9,PTPRC,0.0285899355705384,0,LGALS9_CD45,LGALS9 - CD45,GALECTIN,Secreted Signaling,PMID: 30120235
Stress-response,Stress-response,LGALS9,PTPRC,0.0293984186693971,0,LGALS9_CD45,LGALS9 - CD45,GALECTIN,Secreted Signaling,PMID: 30120235
Classical Mono-derived,CD8.MAIT,BAG6,NCR3,0.00213841039036604,0,BAG6_NCR3-PS,BAG6 - NCR3-PS,BAG,Secreted Signaling,PMID: 30021652
IFN-stimulated,CD8.MAIT,BAG6,NCR3,0.00230282286997472,0,BAG6_NCR3-PS,BAG6 - NCR3-PS,BAG,Secreted Signaling,PMID: 30021652
Inflammatory Mono-derived,CD8.MAIT,BAG6,NCR3,0.0022854856985349,0,BAG6_NCR3-PS,BAG6 - NCR3-PS,BAG,Secreted Signaling,PMID: 30021652
Resident M2,CD8.MAIT,BAG6,NCR3,0.00216823844565233,0,BAG6_NCR3-PS,BAG6 - NCR3-PS,BAG,Secreted Signaling,PMID: 30021652
Stress-response,CD8.MAIT,BAG6,NCR3,0.00217777610793861,0,BAG6_NCR3-PS,BAG6 - NCR3-PS,BAG,Secreted Signaling,PMID: 30021652
Classical Mono-derived,CD8.TEX,LGALS9,HAVCR2,0.0226564929661717,0,LGALS9_HAVCR2,LGALS9 - HAVCR2,GALECTIN,Secreted Signaling,PMID: 27192565
IFN-stimulated,CD8.TEX,LGALS9,HAVCR2,0.0319822457540476,0,LGALS9_HAVCR2,LGALS9 - HAVCR2,GALECTIN,Secreted Signaling,PMID: 27192565
Inflammatory Mono-derived,CD8.TEX,LGALS9,HAVCR2,0.0196602183414737,0,LGALS9_HAVCR2,LGALS9 - HAVCR2,GALECTIN,Secreted Signaling,PMID: 27192565
Lipid-associated,CD8.TEX,LGALS9,HAVCR2,0.0227185096350777,0,LGALS9_HAVCR2,LGALS9 - HAVCR2,GALECTIN,Secreted Signaling,PMID: 27192565
Proliferating,CD8.TEX,LGALS9,HAVCR2,0.0226814153462549,0,LGALS9_HAVCR2,LGALS9 - HAVCR2,GALECTIN,Secreted Signaling,PMID: 27192565
Resident M2,CD8.TEX,LGALS9,HAVCR2,0.0219345086933619,0,LGALS9_HAVCR2,LGALS9 - HAVCR2,GALECTIN,Secreted Signaling,PMID: 27192565
Stress-response,CD8.TEX,LGALS9,HAVCR2,0.0225591564262945,0,LGALS9_HAVCR2,LGALS9 - HAVCR2,GALECTIN,Secreted Signaling,PMID: 27192565
Classical Mono-derived,Classical Mono-derived,LGALS9,HAVCR2,0.0161239910844455,0,LGALS9_HAVCR2,LGALS9 - HAVCR2,GALECTIN,Secreted Signaling,PMID: 27192565
IFN-stimulated,Classical Mono-derived,LGALS9,HAVCR2,0.0228236606367103,0,LGALS9_HAVCR2,LGALS9 - HAVCR2,GALECTIN,Secreted Signaling,PMID: 27192565
Inflammatory Mono-derived,Classical Mono-derived,LGALS9,HAVCR2,0.0139792696145211,0,LGALS9_HAVCR2,LGALS9 - HAVCR2,GALECTIN,Secreted Signaling,PMID: 27192565
Lipid-associated,Classical Mono-derived,LGALS9,HAVCR2,0.0161684224216035,0,LGALS9_HAVCR2,LGALS9 - HAVCR2,GALECTIN,Secreted Signaling,PMID: 27192565
Proliferating,Classical Mono-derived,LGALS9,HAVCR2,0.0161418463252033,0,LGALS9_HAVCR2,LGALS9 - HAVCR2,GALECTIN,Secreted Signaling,PMID: 27192565
Resident M2,Classical Mono-derived,LGALS9,HAVCR2,0.0156068509458975,0,LGALS9_HAVCR2,LGALS9 - HAVCR2,GALECTIN,Secreted Signaling,PMID: 27192565
Stress-response,Classical Mono-derived,LGALS9,HAVCR2,0.0160542583917688,0,LGALS9_HAVCR2,LGALS9 - HAVCR2,GALECTIN,Secreted Signaling,PMID: 27192565
Classical Mono-derived,IFN-stimulated,LGALS9,HAVCR2,0.0189375266720228,0,LGALS9_HAVCR2,LGALS9 - HAVCR2,GALECTIN,Secreted Signaling,PMID: 27192565
IFN-stimulated,IFN-stimulated,LGALS9,HAVCR2,0.0267744330292181,0,LGALS9_HAVCR2,LGALS9 - HAVCR2,GALECTIN,Secreted Signaling,PMID: 27192565
Inflammatory Mono-derived,IFN-stimulated,LGALS9,HAVCR2,0.0164248122863151,0,LGALS9_HAVCR2,LGALS9 - HAVCR2,GALECTIN,Secreted Signaling,PMID: 27192565
Lipid-associated,IFN-stimulated,LGALS9,HAVCR2,0.0189895613609342,0,LGALS9_HAVCR2,LGALS9 - HAVCR2,GALECTIN,Secreted Signaling,PMID: 27192565
Proliferating,IFN-stimulated,LGALS9,HAVCR2,0.0189584375051607,0,LGALS9_HAVCR2,LGALS9 - HAVCR2,GALECTIN,Secreted Signaling,PMID: 27192565
Resident M2,IFN-stimulated,LGALS9,HAVCR2,0.0183318301463777,0,LGALS9_HAVCR2,LGALS9 - HAVCR2,GALECTIN,Secreted Signaling,PMID: 27192565
Stress-response,IFN-stimulated,LGALS9,HAVCR2,0.0188558592572793,0,LGALS9_HAVCR2,LGALS9 - HAVCR2,GALECTIN,Secreted Signaling,PMID: 27192565
Classical Mono-derived,Inflammatory Mono-derived,LGALS9,HAVCR2,0.018143660908053,0,LGALS9_HAVCR2,LGALS9 - HAVCR2,GALECTIN,Secreted Signaling,PMID: 27192565
IFN-stimulated,Inflammatory Mono-derived,LGALS9,HAVCR2,0.0256606351173249,0,LGALS9_HAVCR2,LGALS9 - HAVCR2,GALECTIN,Secreted Signaling,PMID: 27192565
Inflammatory Mono-derived,Inflammatory Mono-derived,LGALS9,HAVCR2,0.015734590752127,0,LGALS9_HAVCR2,LGALS9 - HAVCR2,GALECTIN,Secreted Signaling,PMID: 27192565
Lipid-associated,Inflammatory Mono-derived,LGALS9,HAVCR2,0.0181935547418235,0,LGALS9_HAVCR2,LGALS9 - HAVCR2,GALECTIN,Secreted Signaling,PMID: 27192565
Proliferating,Inflammatory Mono-derived,LGALS9,HAVCR2,0.0181637113833588,0,LGALS9_HAVCR2,LGALS9 - HAVCR2,GALECTIN,Secreted Signaling,PMID: 27192565
Resident M2,Inflammatory Mono-derived,LGALS9,HAVCR2,0.0175629007826847,0,LGALS9_HAVCR2,LGALS9 - HAVCR2,GALECTIN,Secreted Signaling,PMID: 27192565
Stress-response,Inflammatory Mono-derived,LGALS9,HAVCR2,0.0180653539704663,0,LGALS9_HAVCR2,LGALS9 - HAVCR2,GALECTIN,Secreted Signaling,PMID: 27192565
Classical Mono-derived,Lipid-associated,LGALS9,HAVCR2,0.00766797460274654,0,LGALS9_HAVCR2,LGALS9 - HAVCR2,GALECTIN,Secreted Signaling,PMID: 27192565
IFN-stimulated,Lipid-associated,LGALS9,HAVCR2,0.0108929903226193,0,LGALS9_HAVCR2,LGALS9 - HAVCR2,GALECTIN,Secreted Signaling,PMID: 27192565
Inflammatory Mono-derived,Lipid-associated,LGALS9,HAVCR2,0.00664043291864805,0,LGALS9_HAVCR2,LGALS9 - HAVCR2,GALECTIN,Secreted Signaling,PMID: 27192565
Lipid-associated,Lipid-associated,LGALS9,HAVCR2,0.00768928661328961,0,LGALS9_HAVCR2,LGALS9 - HAVCR2,GALECTIN,Secreted Signaling,PMID: 27192565
Proliferating,Lipid-associated,LGALS9,HAVCR2,0.00767653895648886,0,LGALS9_HAVCR2,LGALS9 - HAVCR2,GALECTIN,Secreted Signaling,PMID: 27192565
Resident M2,Lipid-associated,LGALS9,HAVCR2,0.0074199965171011,0,LGALS9_HAVCR2,LGALS9 - HAVCR2,GALECTIN,Secreted Signaling,PMID: 27192565
Stress-response,Lipid-associated,LGALS9,HAVCR2,0.00763452853644331,0,LGALS9_HAVCR2,LGALS9 - HAVCR2,GALECTIN,Secreted Signaling,PMID: 27192565
Classical Mono-derived,Proliferating,LGALS9,HAVCR2,0.00819950475657423,0,LGALS9_HAVCR2,LGALS9 - HAVCR2,GALECTIN,Secreted Signaling,PMID: 27192565
IFN-stimulated,Proliferating,LGALS9,HAVCR2,0.0116454492595373,0,LGALS9_HAVCR2,LGALS9 - HAVCR2,GALECTIN,Secreted Signaling,PMID: 27192565
Inflammatory Mono-derived,Proliferating,LGALS9,HAVCR2,0.00710124544954426,0,LGALS9_HAVCR2,LGALS9 - HAVCR2,GALECTIN,Secreted Signaling,PMID: 27192565
Lipid-associated,Proliferating,LGALS9,HAVCR2,0.00822228183648478,0,LGALS9_HAVCR2,LGALS9 - HAVCR2,GALECTIN,Secreted Signaling,PMID: 27192565
Proliferating,Proliferating,LGALS9,HAVCR2,0.0082086578650002,0,LGALS9_HAVCR2,LGALS9 - HAVCR2,GALECTIN,Secreted Signaling,PMID: 27192565
Resident M2,Proliferating,LGALS9,HAVCR2,0.0079344747205046,0,LGALS9_HAVCR2,LGALS9 - HAVCR2,GALECTIN,Secreted Signaling,PMID: 27192565
Stress-response,Proliferating,LGALS9,HAVCR2,0.00816375934263049,0,LGALS9_HAVCR2,LGALS9 - HAVCR2,GALECTIN,Secreted Signaling,PMID: 27192565
Classical Mono-derived,Resident M2,LGALS9,HAVCR2,0.0180419198547528,0,LGALS9_HAVCR2,LGALS9 - HAVCR2,GALECTIN,Secreted Signaling,PMID: 27192565
IFN-stimulated,Resident M2,LGALS9,HAVCR2,0.0255178379291894,0,LGALS9_HAVCR2,LGALS9 - HAVCR2,GALECTIN,Secreted Signaling,PMID: 27192565
Inflammatory Mono-derived,Resident M2,LGALS9,HAVCR2,0.0156461433544476,0,LGALS9_HAVCR2,LGALS9 - HAVCR2,GALECTIN,Secreted Signaling,PMID: 27192565
Lipid-associated,Resident M2,LGALS9,HAVCR2,0.0180915390627476,0,LGALS9_HAVCR2,LGALS9 - HAVCR2,GALECTIN,Secreted Signaling,PMID: 27192565
Proliferating,Resident M2,LGALS9,HAVCR2,0.0180618599647793,0,LGALS9_HAVCR2,LGALS9 - HAVCR2,GALECTIN,Secreted Signaling,PMID: 27192565
Resident M2,Resident M2,LGALS9,HAVCR2,0.0174643584310845,0,LGALS9_HAVCR2,LGALS9 - HAVCR2,GALECTIN,Secreted Signaling,PMID: 27192565
Stress-response,Resident M2,LGALS9,HAVCR2,0.0179640439914438,0,LGALS9_HAVCR2,LGALS9 - HAVCR2,GALECTIN,Secreted Signaling,PMID: 27192565
Classical Mono-derived,Stress-response,LGALS9,HAVCR2,0.0156292005341447,0,LGALS9_HAVCR2,LGALS9 - HAVCR2,GALECTIN,Secreted Signaling,PMID: 27192565
IFN-stimulated,Stress-response,LGALS9,HAVCR2,0.0221279038041389,0,LGALS9_HAVCR2,LGALS9 - HAVCR2,GALECTIN,Secreted Signaling,PMID: 27192565
Inflammatory Mono-derived,Stress-response,LGALS9,HAVCR2,0.0135493869290186,0,LGALS9_HAVCR2,LGALS9 - HAVCR2,GALECTIN,Secreted Signaling,PMID: 27192565
Lipid-associated,Stress-response,LGALS9,HAVCR2,0.0156722901429211,0,LGALS9_HAVCR2,LGALS9 - HAVCR2,GALECTIN,Secreted Signaling,PMID: 27192565
Proliferating,Stress-response,LGALS9,HAVCR2,0.0156465165716612,0,LGALS9_HAVCR2,LGALS9 - HAVCR2,GALECTIN,Secreted Signaling,PMID: 27192565
Resident M2,Stress-response,LGALS9,HAVCR2,0.015127685671257,0,LGALS9_HAVCR2,LGALS9 - HAVCR2,GALECTIN,Secreted Signaling,PMID: 27192565
Stress-response,Stress-response,LGALS9,HAVCR2,0.01556157385578,0,LGALS9_HAVCR2,LGALS9 - HAVCR2,GALECTIN,Secreted Signaling,PMID: 27192565
Classical Mono-derived,CD8.CM,LGALS9,CD44,0.0353628339869978,0,LGALS9_CD44,LGALS9 - CD44,GALECTIN,Secreted Signaling,PMID: 25065622
IFN-stimulated,CD8.CM,LGALS9,CD44,0.0496529963242618,0,LGALS9_CD44,LGALS9 - CD44,GALECTIN,Secreted Signaling,PMID: 25065622
Inflammatory Mono-derived,CD8.CM,LGALS9,CD44,0.0307390227647585,0,LGALS9_CD44,LGALS9 - CD44,GALECTIN,Secreted Signaling,PMID: 25065622
Lipid-associated,CD8.CM,LGALS9,CD44,0.0354583693406427,0,LGALS9_CD44,LGALS9 - CD44,GALECTIN,Secreted Signaling,PMID: 25065622
Proliferating,CD8.CM,LGALS9,CD44,0.035401227198319,0,LGALS9_CD44,LGALS9 - CD44,GALECTIN,Secreted Signaling,PMID: 25065622
Resident M2,CD8.CM,LGALS9,CD44,0.0342501320727314,0,LGALS9_CD44,LGALS9 - CD44,GALECTIN,Secreted Signaling,PMID: 25065622
Stress-response,CD8.CM,LGALS9,CD44,0.0352128754147398,0,LGALS9_CD44,LGALS9 - CD44,GALECTIN,Secreted Signaling,PMID: 25065622
Classical Mono-derived,CD8.EM,LGALS9,CD44,0.0360217210745925,0,LGALS9_CD44,LGALS9 - CD44,GALECTIN,Secreted Signaling,PMID: 25065622
IFN-stimulated,CD8.EM,LGALS9,CD44,0.0505641838348648,0,LGALS9_CD44,LGALS9 - CD44,GALECTIN,Secreted Signaling,PMID: 25065622
Inflammatory Mono-derived,CD8.EM,LGALS9,CD44,0.0313145548197098,0,LGALS9_CD44,LGALS9 - CD44,GALECTIN,Secreted Signaling,PMID: 25065622
Lipid-associated,CD8.EM,LGALS9,CD44,0.0361189698113354,0,LGALS9_CD44,LGALS9 - CD44,GALECTIN,Secreted Signaling,PMID: 25065622
Proliferating,CD8.EM,LGALS9,CD44,0.0360608028938244,0,LGALS9_CD44,LGALS9 - CD44,GALECTIN,Secreted Signaling,PMID: 25065622
Resident M2,CD8.EM,LGALS9,CD44,0.034889036923948,0,LGALS9_CD44,LGALS9 - CD44,GALECTIN,Secreted Signaling,PMID: 25065622
Stress-response,CD8.EM,LGALS9,CD44,0.0358690723397494,0,LGALS9_CD44,LGALS9 - CD44,GALECTIN,Secreted Signaling,PMID: 25065622
Classical Mono-derived,CD8.MAIT,LGALS9,CD44,0.0360790872314154,0,LGALS9_CD44,LGALS9 - CD44,GALECTIN,Secreted Signaling,PMID: 25065622
IFN-stimulated,CD8.MAIT,LGALS9,CD44,0.0506434927898264,0,LGALS9_CD44,LGALS9 - CD44,GALECTIN,Secreted Signaling,PMID: 25065622
Inflammatory Mono-derived,CD8.MAIT,LGALS9,CD44,0.0313646685166454,0,LGALS9_CD44,LGALS9 - CD44,GALECTIN,Secreted Signaling,PMID: 25065622
Lipid-associated,CD8.MAIT,LGALS9,CD44,0.0361764850288819,0,LGALS9_CD44,LGALS9 - CD44,GALECTIN,Secreted Signaling,PMID: 25065622
Proliferating,CD8.MAIT,LGALS9,CD44,0.0361182289581611,0,LGALS9_CD44,LGALS9 - CD44,GALECTIN,Secreted Signaling,PMID: 25065622
Resident M2,CD8.MAIT,LGALS9,CD44,0.0349446646223817,0,LGALS9_CD44,LGALS9 - CD44,GALECTIN,Secreted Signaling,PMID: 25065622
Stress-response,CD8.MAIT,LGALS9,CD44,0.0359262044568341,0,LGALS9_CD44,LGALS9 - CD44,GALECTIN,Secreted Signaling,PMID: 25065622
Classical Mono-derived,CD8.NaiveLike,LGALS9,CD44,0.040209957286088,0,LGALS9_CD44,LGALS9 - CD44,GALECTIN,Secreted Signaling,PMID: 25065622
IFN-stimulated,CD8.NaiveLike,LGALS9,CD44,0.05634443851053,0,LGALS9_CD44,LGALS9 - CD44,GALECTIN,Secreted Signaling,PMID: 25065622
Inflammatory Mono-derived,CD8.NaiveLike,LGALS9,CD44,0.0349753473640327,0,LGALS9_CD44,LGALS9 - CD44,GALECTIN,Secreted Signaling,PMID: 25065622
Lipid-associated,CD8.NaiveLike,LGALS9,CD44,0.0403180401936195,0,LGALS9_CD44,LGALS9 - CD44,GALECTIN,Secreted Signaling,PMID: 25065622
Proliferating,CD8.NaiveLike,LGALS9,CD44,0.040253393390563,0,LGALS9_CD44,LGALS9 - CD44,GALECTIN,Secreted Signaling,PMID: 25065622
Resident M2,CD8.NaiveLike,LGALS9,CD44,0.038950897639765,0,LGALS9_CD44,LGALS9 - CD44,GALECTIN,Secreted Signaling,PMID: 25065622
Stress-response,CD8.NaiveLike,LGALS9,CD44,0.0400402973301167,0,LGALS9_CD44,LGALS9 - CD44,GALECTIN,Secreted Signaling,PMID: 25065622
Classical Mono-derived,CD8.TEMRA,LGALS9,CD44,0.0328445834335955,0,LGALS9_CD44,LGALS9 - CD44,GALECTIN,Secreted Signaling,PMID: 25065622
IFN-stimulated,CD8.TEMRA,LGALS9,CD44,0.0461658196594395,0,LGALS9_CD44,LGALS9 - CD44,GALECTIN,Secreted Signaling,PMID: 25065622
Inflammatory Mono-derived,CD8.TEMRA,LGALS9,CD44,0.0285403001010536,0,LGALS9_CD44,LGALS9 - CD44,GALECTIN,Secreted Signaling,PMID: 25065622
Lipid-associated,CD8.TEMRA,LGALS9,CD44,0.0329335478127249,0,LGALS9_CD44,LGALS9 - CD44,GALECTIN,Secreted Signaling,PMID: 25065622
Proliferating,CD8.TEMRA,LGALS9,CD44,0.0328803357877685,0,LGALS9_CD44,LGALS9 - CD44,GALECTIN,Secreted Signaling,PMID: 25065622
Resident M2,CD8.TEMRA,LGALS9,CD44,0.0318085061865019,0,LGALS9_CD44,LGALS9 - CD44,GALECTIN,Secreted Signaling,PMID: 25065622
Stress-response,CD8.TEMRA,LGALS9,CD44,0.0327049416256978,0,LGALS9_CD44,LGALS9 - CD44,GALECTIN,Secreted Signaling,PMID: 25065622
Classical Mono-derived,CD8.TEX,LGALS9,CD44,0.0295790383573894,0,LGALS9_CD44,LGALS9 - CD44,GALECTIN,Secreted Signaling,PMID: 25065622
IFN-stimulated,CD8.TEX,LGALS9,CD44,0.0416328351776668,0,LGALS9_CD44,LGALS9 - CD44,GALECTIN,Secreted Signaling,PMID: 25065622
Inflammatory Mono-derived,CD8.TEX,LGALS9,CD44,0.0256913367964248,0,LGALS9_CD44,LGALS9 - CD44,GALECTIN,Secreted Signaling,PMID: 25065622
Lipid-associated,CD8.TEX,LGALS9,CD44,0.0296594287809939,0,LGALS9_CD44,LGALS9 - CD44,GALECTIN,Secreted Signaling,PMID: 25065622
Proliferating,CD8.TEX,LGALS9,CD44,0.0296113448962834,0,LGALS9_CD44,LGALS9 - CD44,GALECTIN,Secreted Signaling,PMID: 25065622
Resident M2,CD8.TEX,LGALS9,CD44,0.0286429214795908,0,LGALS9_CD44,LGALS9 - CD44,GALECTIN,Secreted Signaling,PMID: 25065622
Stress-response,CD8.TEX,LGALS9,CD44,0.0294528575152808,0,LGALS9_CD44,LGALS9 - CD44,GALECTIN,Secreted Signaling,PMID: 25065622
Classical Mono-derived,CD8.TPEX,LGALS9,CD44,0.0312478145492868,0,LGALS9_CD44,LGALS9 - CD44,GALECTIN,Secreted Signaling,PMID: 25065622
IFN-stimulated,CD8.TPEX,LGALS9,CD44,0.0439508571746904,0,LGALS9_CD44,LGALS9 - CD44,GALECTIN,Secreted Signaling,PMID: 25065622
Inflammatory Mono-derived,CD8.TPEX,LGALS9,CD44,0.0271469142254468,0,LGALS9_CD44,LGALS9 - CD44,GALECTIN,Secreted Signaling,PMID: 25065622
Lipid-associated,CD8.TPEX,LGALS9,CD44,0.0313325939635223,0,LGALS9_CD44,LGALS9 - CD44,GALECTIN,Secreted Signaling,PMID: 25065622
Proliferating,CD8.TPEX,LGALS9,CD44,0.0312818849892367,0,LGALS9_CD44,LGALS9 - CD44,GALECTIN,Secreted Signaling,PMID: 25065622
Resident M2,CD8.TPEX,LGALS9,CD44,0.0302605311468356,0,LGALS9_CD44,LGALS9 - CD44,GALECTIN,Secreted Signaling,PMID: 25065622
Stress-response,CD8.TPEX,LGALS9,CD44,0.031114743147561,0,LGALS9_CD44,LGALS9 - CD44,GALECTIN,Secreted Signaling,PMID: 25065622
Classical Mono-derived,Classical Mono-derived,LGALS9,CD44,0.0471302873017786,0,LGALS9_CD44,LGALS9 - CD44,GALECTIN,Secreted Signaling,PMID: 25065622
IFN-stimulated,Classical Mono-derived,LGALS9,CD44,0.0658510740608093,0,LGALS9_CD44,LGALS9 - CD44,GALECTIN,Secreted Signaling,PMID: 25065622
Inflammatory Mono-derived,Classical Mono-derived,LGALS9,CD44,0.0410332911340114,0,LGALS9_CD44,LGALS9 - CD44,GALECTIN,Secreted Signaling,PMID: 25065622
Lipid-associated,Classical Mono-derived,LGALS9,CD44,0.0472560559405607,0,LGALS9_CD44,LGALS9 - CD44,GALECTIN,Secreted Signaling,PMID: 25065622
Proliferating,Classical Mono-derived,LGALS9,CD44,0.0471808314922048,0,LGALS9_CD44,LGALS9 - CD44,GALECTIN,Secreted Signaling,PMID: 25065622
Resident M2,Classical Mono-derived,LGALS9,CD44,0.0456648470235606,0,LGALS9_CD44,LGALS9 - CD44,GALECTIN,Secreted Signaling,PMID: 25065622
Stress-response,Classical Mono-derived,LGALS9,CD44,0.046932855858267,0,LGALS9_CD44,LGALS9 - CD44,GALECTIN,Secreted Signaling,PMID: 25065622
Classical Mono-derived,IFN-stimulated,LGALS9,CD44,0.0495125313569634,0,LGALS9_CD44,LGALS9 - CD44,GALECTIN,Secreted Signaling,PMID: 25065622
IFN-stimulated,IFN-stimulated,LGALS9,CD44,0.069110946120867,0,LGALS9_CD44,LGALS9 - CD44,GALECTIN,Secreted Signaling,PMID: 25065622
Inflammatory Mono-derived,IFN-stimulated,LGALS9,CD44,0.0431213032129774,0,LGALS9_CD44,LGALS9 - CD44,GALECTIN,Secreted Signaling,PMID: 25065622
Lipid-associated,IFN-stimulated,LGALS9,CD44,0.0496443258848904,0,LGALS9_CD44,LGALS9 - CD44,GALECTIN,Secreted Signaling,PMID: 25065622
Proliferating,IFN-stimulated,LGALS9,CD44,0.0495654974569598,0,LGALS9_CD44,LGALS9 - CD44,GALECTIN,Secreted Signaling,PMID: 25065622
Resident M2,IFN-stimulated,LGALS9,CD44,0.047976748549912,0,LGALS9_CD44,LGALS9 - CD44,GALECTIN,Secreted Signaling,PMID: 25065622
Stress-response,IFN-stimulated,LGALS9,CD44,0.0493056369335368,0,LGALS9_CD44,LGALS9 - CD44,GALECTIN,Secreted Signaling,PMID: 25065622
Classical Mono-derived,Inflammatory Mono-derived,LGALS9,CD44,0.0577817031861261,0,LGALS9_CD44,LGALS9 - CD44,GALECTIN,Secreted Signaling,PMID: 25065622
IFN-stimulated,Inflammatory Mono-derived,LGALS9,CD44,0.0803764923795289,0,LGALS9_CD44,LGALS9 - CD44,GALECTIN,Secreted Signaling,PMID: 25065622
Inflammatory Mono-derived,Inflammatory Mono-derived,LGALS9,CD44,0.0503796421877541,0,LGALS9_CD44,LGALS9 - CD44,GALECTIN,Secreted Signaling,PMID: 25065622
Lipid-associated,Inflammatory Mono-derived,LGALS9,CD44,0.0579341673120475,0,LGALS9_CD44,LGALS9 - CD44,GALECTIN,Secreted Signaling,PMID: 25065622
Proliferating,Inflammatory Mono-derived,LGALS9,CD44,0.0578429769136378,0,LGALS9_CD44,LGALS9 - CD44,GALECTIN,Secreted Signaling,PMID: 25065622
Resident M2,Inflammatory Mono-derived,LGALS9,CD44,0.0560045397868805,0,LGALS9_CD44,LGALS9 - CD44,GALECTIN,Secreted Signaling,PMID: 25065622
Stress-response,Inflammatory Mono-derived,LGALS9,CD44,0.0575423468545524,0,LGALS9_CD44,LGALS9 - CD44,GALECTIN,Secreted Signaling,PMID: 25065622
Classical Mono-derived,Lipid-associated,LGALS9,CD44,0.0394348455833825,0,LGALS9_CD44,LGALS9 - CD44,GALECTIN,Secreted Signaling,PMID: 25065622
IFN-stimulated,Lipid-associated,LGALS9,CD44,0.0552762208435174,0,LGALS9_CD44,LGALS9 - CD44,GALECTIN,Secreted Signaling,PMID: 25065622
Inflammatory Mono-derived,Lipid-associated,LGALS9,CD44,0.0342975353998698,0,LGALS9_CD44,LGALS9 - CD44,GALECTIN,Secreted Signaling,PMID: 25065622
Lipid-associated,Lipid-associated,LGALS9,CD44,0.0395409308525578,0,LGALS9_CD44,LGALS9 - CD44,GALECTIN,Secreted Signaling,PMID: 25065622
Proliferating,Lipid-associated,LGALS9,CD44,0.0394774788263027,0,LGALS9_CD44,LGALS9 - CD44,GALECTIN,Secreted Signaling,PMID: 25065622
Resident M2,Lipid-associated,LGALS9,CD44,0.0381990903919717,0,LGALS9_CD44,LGALS9 - CD44,GALECTIN,Secreted Signaling,PMID: 25065622
Stress-response,Lipid-associated,LGALS9,CD44,0.0392683222902056,0,LGALS9_CD44,LGALS9 - CD44,GALECTIN,Secreted Signaling,PMID: 25065622
Classical Mono-derived,Proliferating,LGALS9,CD44,0.0279782488076088,0,LGALS9_CD44,LGALS9 - CD44,GALECTIN,Secreted Signaling,PMID: 25065622
IFN-stimulated,Proliferating,LGALS9,CD44,0.0394061953393518,0,LGALS9_CD44,LGALS9 - CD44,GALECTIN,Secreted Signaling,PMID: 25065622
Inflammatory Mono-derived,Proliferating,LGALS9,CD44,0.0242956783840927,0,LGALS9_CD44,LGALS9 - CD44,GALECTIN,Secreted Signaling,PMID: 25065622
Lipid-associated,Proliferating,LGALS9,CD44,0.0280544143529564,0,LGALS9_CD44,LGALS9 - CD44,GALECTIN,Secreted Signaling,PMID: 25065622
Proliferating,Proliferating,LGALS9,CD44,0.0280088574105296,0,LGALS9_CD44,LGALS9 - CD44,GALECTIN,Secreted Signaling,PMID: 25065622
Resident M2,Proliferating,LGALS9,CD44,0.0270913793573994,0,LGALS9_CD44,LGALS9 - CD44,GALECTIN,Secreted Signaling,PMID: 25065622
Stress-response,Proliferating,LGALS9,CD44,0.0278587007133819,0,LGALS9_CD44,LGALS9 - CD44,GALECTIN,Secreted Signaling,PMID: 25065622
Classical Mono-derived,Resident M2,LGALS9,CD44,0.034326786601672,0,LGALS9_CD44,LGALS9 - CD44,GALECTIN,Secreted Signaling,PMID: 25065622
IFN-stimulated,Resident M2,LGALS9,CD44,0.0482192088933317,0,LGALS9_CD44,LGALS9 - CD44,GALECTIN,Secreted Signaling,PMID: 25065622
Inflammatory Mono-derived,Resident M2,LGALS9,CD44,0.029834252402035,0,LGALS9_CD44,LGALS9 - CD44,GALECTIN,Secreted Signaling,PMID: 25065622
Lipid-associated,Resident M2,LGALS9,CD44,0.0344196228663031,0,LGALS9_CD44,LGALS9 - CD44,GALECTIN,Secreted Signaling,PMID: 25065622
Proliferating,Resident M2,LGALS9,CD44,0.0343640950535114,0,LGALS9_CD44,LGALS9 - CD44,GALECTIN,Secreted Signaling,PMID: 25065622
Resident M2,Resident M2,LGALS9,CD44,0.0332455607007453,0,LGALS9_CD44,LGALS9 - CD44,GALECTIN,Secreted Signaling,PMID: 25065622
Stress-response,Resident M2,LGALS9,CD44,0.0341810657834936,0,LGALS9_CD44,LGALS9 - CD44,GALECTIN,Secreted Signaling,PMID: 25065622
Classical Mono-derived,Stress-response,LGALS9,CD44,0.049764941665141,0,LGALS9_CD44,LGALS9 - CD44,GALECTIN,Secreted Signaling,PMID: 25065622
IFN-stimulated,Stress-response,LGALS9,CD44,0.0694559664415787,0,LGALS9_CD44,LGALS9 - CD44,GALECTIN,Secreted Signaling,PMID: 25065622
Inflammatory Mono-derived,Stress-response,LGALS9,CD44,0.0433426173783747,0,LGALS9_CD44,LGALS9 - CD44,GALECTIN,Secreted Signaling,PMID: 25065622
Lipid-associated,Stress-response,LGALS9,CD44,0.0498973727981578,0,LGALS9_CD44,LGALS9 - CD44,GALECTIN,Secreted Signaling,PMID: 25065622
Proliferating,Stress-response,LGALS9,CD44,0.0498181636289809,0,LGALS9_CD44,LGALS9 - CD44,GALECTIN,Secreted Signaling,PMID: 25065622
Resident M2,Stress-response,LGALS9,CD44,0.0482217267874213,0,LGALS9_CD44,LGALS9 - CD44,GALECTIN,Secreted Signaling,PMID: 25065622
Stress-response,Stress-response,LGALS9,CD44,0.0495570475051003,0,LGALS9_CD44,LGALS9 - CD44,GALECTIN,Secreted Signaling,PMID: 25065622
CD8.CM,Classical Mono-derived,ANXA1,FPR2_LXA4,0.0278036404399082,0,ANXA1_FPR2_LXA4,ANXA1 - (FPR2+LXA4),ANNEXIN,Secreted Signaling,PMID: 22610094
CD8.EM,Classical Mono-derived,ANXA1,FPR2_LXA4,0.0158266980338635,0,ANXA1_FPR2_LXA4,ANXA1 - (FPR2+LXA4),ANNEXIN,Secreted Signaling,PMID: 22610094
CD8.MAIT,Classical Mono-derived,ANXA1,FPR2_LXA4,0.0235759304193968,0,ANXA1_FPR2_LXA4,ANXA1 - (FPR2+LXA4),ANNEXIN,Secreted Signaling,PMID: 22610094
CD8.NaiveLike,Classical Mono-derived,ANXA1,FPR2_LXA4,0.0204366643910664,0,ANXA1_FPR2_LXA4,ANXA1 - (FPR2+LXA4),ANNEXIN,Secreted Signaling,PMID: 22610094
CD8.TEMRA,Classical Mono-derived,ANXA1,FPR2_LXA4,0.0159530547810745,0,ANXA1_FPR2_LXA4,ANXA1 - (FPR2+LXA4),ANNEXIN,Secreted Signaling,PMID: 22610094
CD8.TEX,Classical Mono-derived,ANXA1,FPR2_LXA4,0.0114468169990177,0,ANXA1_FPR2_LXA4,ANXA1 - (FPR2+LXA4),ANNEXIN,Secreted Signaling,PMID: 22610094
CD8.TPEX,Classical Mono-derived,ANXA1,FPR2_LXA4,0.0117898773960213,0,ANXA1_FPR2_LXA4,ANXA1 - (FPR2+LXA4),ANNEXIN,Secreted Signaling,PMID: 22610094
Classical Mono-derived,Classical Mono-derived,ANXA1,FPR2_LXA4,0.017962227046281,0,ANXA1_FPR2_LXA4,ANXA1 - (FPR2+LXA4),ANNEXIN,Secreted Signaling,PMID: 22610094
IFN-stimulated,Classical Mono-derived,ANXA1,FPR2_LXA4,0.01848922948463,0,ANXA1_FPR2_LXA4,ANXA1 - (FPR2+LXA4),ANNEXIN,Secreted Signaling,PMID: 22610094
Inflammatory Mono-derived,Classical Mono-derived,ANXA1,FPR2_LXA4,0.02696554384568,0,ANXA1_FPR2_LXA4,ANXA1 - (FPR2+LXA4),ANNEXIN,Secreted Signaling,PMID: 22610094
Lipid-associated,Classical Mono-derived,ANXA1,FPR2_LXA4,0.0207822021194907,0,ANXA1_FPR2_LXA4,ANXA1 - (FPR2+LXA4),ANNEXIN,Secreted Signaling,PMID: 22610094
Proliferating,Classical Mono-derived,ANXA1,FPR2_LXA4,0.0150610230133265,0,ANXA1_FPR2_LXA4,ANXA1 - (FPR2+LXA4),ANNEXIN,Secreted Signaling,PMID: 22610094
Resident M2,Classical Mono-derived,ANXA1,FPR2_LXA4,0.0154817515729695,0,ANXA1_FPR2_LXA4,ANXA1 - (FPR2+LXA4),ANNEXIN,Secreted Signaling,PMID: 22610094
Stress-response,Classical Mono-derived,ANXA1,FPR2_LXA4,0.0291081467304461,0,ANXA1_FPR2_LXA4,ANXA1 - (FPR2+LXA4),ANNEXIN,Secreted Signaling,PMID: 22610094
CD8.CM,Classical Mono-derived,ANXA1,FPR3,0.0521041389493774,0,ANXA1_FPR3,ANXA1 - FPR3,ANNEXIN,Secreted Signaling,PMID: 33082511
CD8.EM,Classical Mono-derived,ANXA1,FPR3,0.0299821241229944,0,ANXA1_FPR3,ANXA1 - FPR3,ANNEXIN,Secreted Signaling,PMID: 33082511
CD8.MAIT,Classical Mono-derived,ANXA1,FPR3,0.0443499539243481,0,ANXA1_FPR3,ANXA1 - FPR3,ANNEXIN,Secreted Signaling,PMID: 33082511
CD8.NaiveLike,Classical Mono-derived,ANXA1,FPR3,0.0385537327583821,0,ANXA1_FPR3,ANXA1 - FPR3,ANNEXIN,Secreted Signaling,PMID: 33082511
CD8.TEMRA,Classical Mono-derived,ANXA1,FPR3,0.0302180245947004,0,ANXA1_FPR3,ANXA1 - FPR3,ANNEXIN,Secreted Signaling,PMID: 33082511
CD8.TEX,Classical Mono-derived,ANXA1,FPR3,0.0217715286405051,0,ANXA1_FPR3,ANXA1 - FPR3,ANNEXIN,Secreted Signaling,PMID: 33082511
CD8.TPEX,Classical Mono-derived,ANXA1,FPR3,0.0224170031709537,0,ANXA1_FPR3,ANXA1 - FPR3,ANNEXIN,Secreted Signaling,PMID: 33082511
Classical Mono-derived,Classical Mono-derived,ANXA1,FPR3,0.0339617631507164,0,ANXA1_FPR3,ANXA1 - FPR3,ANNEXIN,Secreted Signaling,PMID: 33082511
IFN-stimulated,Classical Mono-derived,ANXA1,FPR3,0.0349414815195513,0,ANXA1_FPR3,ANXA1 - FPR3,ANNEXIN,Secreted Signaling,PMID: 33082511
Inflammatory Mono-derived,Classical Mono-derived,ANXA1,FPR3,0.0505716455453984,0,ANXA1_FPR3,ANXA1 - FPR3,ANNEXIN,Secreted Signaling,PMID: 33082511
Lipid-associated,Classical Mono-derived,ANXA1,FPR3,0.039193332976227,0,ANXA1_FPR3,ANXA1 - FPR3,ANNEXIN,Secreted Signaling,PMID: 33082511
Proliferating,Classical Mono-derived,ANXA1,FPR3,0.0285514951358351,0,ANXA1_FPR3,ANXA1 - FPR3,ANNEXIN,Secreted Signaling,PMID: 33082511
Resident M2,Classical Mono-derived,ANXA1,FPR3,0.0293378538429547,0,ANXA1_FPR3,ANXA1 - FPR3,ANNEXIN,Secreted Signaling,PMID: 33082511
Stress-response,Classical Mono-derived,ANXA1,FPR3,0.0544848920201827,0,ANXA1_FPR3,ANXA1 - FPR3,ANNEXIN,Secreted Signaling,PMID: 33082511
CD8.CM,IFN-stimulated,ANXA1,FPR3,0.0456246037519952,0,ANXA1_FPR3,ANXA1 - FPR3,ANNEXIN,Secreted Signaling,PMID: 33082511
CD8.EM,IFN-stimulated,ANXA1,FPR3,0.0261776509120748,0,ANXA1_FPR3,ANXA1 - FPR3,ANNEXIN,Secreted Signaling,PMID: 33082511
CD8.MAIT,IFN-stimulated,ANXA1,FPR3,0.0387952427786476,0,ANXA1_FPR3,ANXA1 - FPR3,ANNEXIN,Secreted Signaling,PMID: 33082511
CD8.NaiveLike,IFN-stimulated,ANXA1,FPR3,0.0336993827694117,0,ANXA1_FPR3,ANXA1 - FPR3,ANNEXIN,Secreted Signaling,PMID: 33082511
CD8.TEMRA,IFN-stimulated,ANXA1,FPR3,0.0263844318425268,0,ANXA1_FPR3,ANXA1 - FPR3,ANNEXIN,Secreted Signaling,PMID: 33082511
CD8.TEX,IFN-stimulated,ANXA1,FPR3,0.0189885145160729,0,ANXA1_FPR3,ANXA1 - FPR3,ANNEXIN,Secreted Signaling,PMID: 33082511
CD8.TPEX,IFN-stimulated,ANXA1,FPR3,0.019553128465755,0,ANXA1_FPR3,ANXA1 - FPR3,ANNEXIN,Secreted Signaling,PMID: 33082511
Classical Mono-derived,IFN-stimulated,ANXA1,FPR3,0.0296677527821262,0,ANXA1_FPR3,ANXA1 - FPR3,ANNEXIN,Secreted Signaling,PMID: 33082511
IFN-stimulated,IFN-stimulated,ANXA1,FPR3,0.0305275133311244,0,ANXA1_FPR3,ANXA1 - FPR3,ANNEXIN,Secreted Signaling,PMID: 33082511
Inflammatory Mono-derived,IFN-stimulated,ANXA1,FPR3,0.0442737858835437,0,ANXA1_FPR3,ANXA1 - FPR3,ANNEXIN,Secreted Signaling,PMID: 33082511
Lipid-associated,IFN-stimulated,ANXA1,FPR3,0.0342613199072758,0,ANXA1_FPR3,ANXA1 - FPR3,ANNEXIN,Secreted Signaling,PMID: 33082511
Proliferating,IFN-stimulated,ANXA1,FPR3,0.0249238920218845,0,ANXA1_FPR3,ANXA1 - FPR3,ANNEXIN,Secreted Signaling,PMID: 33082511
Resident M2,IFN-stimulated,ANXA1,FPR3,0.025612974337806,0,ANXA1_FPR3,ANXA1 - FPR3,ANNEXIN,Secreted Signaling,PMID: 33082511
Stress-response,IFN-stimulated,ANXA1,FPR3,0.0477241986622245,0,ANXA1_FPR3,ANXA1 - FPR3,ANNEXIN,Secreted Signaling,PMID: 33082511
CD8.CM,Inflammatory Mono-derived,ANXA1,FPR3,0.0203812235856124,0,ANXA1_FPR3,ANXA1 - FPR3,ANNEXIN,Secreted Signaling,PMID: 33082511
CD8.EM,Inflammatory Mono-derived,ANXA1,FPR3,0.0115635970034211,0,ANXA1_FPR3,ANXA1 - FPR3,ANNEXIN,Secreted Signaling,PMID: 33082511
CD8.MAIT,Inflammatory Mono-derived,ANXA1,FPR3,0.0172620969227141,0,ANXA1_FPR3,ANXA1 - FPR3,ANNEXIN,Secreted Signaling,PMID: 33082511
CD8.NaiveLike,Inflammatory Mono-derived,ANXA1,FPR3,0.0149506800238074,0,ANXA1_FPR3,ANXA1 - FPR3,ANNEXIN,Secreted Signaling,PMID: 33082511
CD8.TEMRA,Inflammatory Mono-derived,ANXA1,FPR3,0.0116563212344653,0,ANXA1_FPR3,ANXA1 - FPR3,ANNEXIN,Secreted Signaling,PMID: 33082511
CD8.TEX,Inflammatory Mono-derived,ANXA1,FPR3,0.0083534730485928,0,ANXA1_FPR3,ANXA1 - FPR3,ANNEXIN,Secreted Signaling,PMID: 33082511
CD8.TPEX,Inflammatory Mono-derived,ANXA1,FPR3,0.00860463306838591,0,ANXA1_FPR3,ANXA1 - FPR3,ANNEXIN,Secreted Signaling,PMID: 33082511
Classical Mono-derived,Inflammatory Mono-derived,ANXA1,FPR3,0.0131315721333708,0,ANXA1_FPR3,ANXA1 - FPR3,ANNEXIN,Secreted Signaling,PMID: 33082511
IFN-stimulated,Inflammatory Mono-derived,ANXA1,FPR3,0.01351879670808,0,ANXA1_FPR3,ANXA1 - FPR3,ANNEXIN,Secreted Signaling,PMID: 33082511
Inflammatory Mono-derived,Inflammatory Mono-derived,ANXA1,FPR3,0.0197623159500917,0,ANXA1_FPR3,ANXA1 - FPR3,ANNEXIN,Secreted Signaling,PMID: 33082511
Lipid-associated,Inflammatory Mono-derived,ANXA1,FPR3,0.0152049019396632,0,ANXA1_FPR3,ANXA1 - FPR3,ANNEXIN,Secreted Signaling,PMID: 33082511
Proliferating,Inflammatory Mono-derived,ANXA1,FPR3,0.0110018597049652,0,ANXA1_FPR3,ANXA1 - FPR3,ANNEXIN,Secreted Signaling,PMID: 33082511
Resident M2,Inflammatory Mono-derived,ANXA1,FPR3,0.0113104979752748,0,ANXA1_FPR3,ANXA1 - FPR3,ANNEXIN,Secreted Signaling,PMID: 33082511
Stress-response,Inflammatory Mono-derived,ANXA1,FPR3,0.0213451268997102,0,ANXA1_FPR3,ANXA1 - FPR3,ANNEXIN,Secreted Signaling,PMID: 33082511
CD8.CM,Lipid-associated,ANXA1,FPR3,0.017364907468992,0,ANXA1_FPR3,ANXA1 - FPR3,ANNEXIN,Secreted Signaling,PMID: 33082511
CD8.EM,Lipid-associated,ANXA1,FPR3,0.00983913735861929,0,ANXA1_FPR3,ANXA1 - FPR3,ANNEXIN,Secreted Signaling,PMID: 33082511
CD8.MAIT,Lipid-associated,ANXA1,FPR3,0.0147004683515497,0,ANXA1_FPR3,ANXA1 - FPR3,ANNEXIN,Secreted Signaling,PMID: 33082511
CD8.NaiveLike,Lipid-associated,ANXA1,FPR3,0.0127276144773274,0,ANXA1_FPR3,ANXA1 - FPR3,ANNEXIN,Secreted Signaling,PMID: 33082511
CD8.TEMRA,Lipid-associated,ANXA1,FPR3,0.00991817253310581,0,ANXA1_FPR3,ANXA1 - FPR3,ANNEXIN,Secreted Signaling,PMID: 33082511
CD8.TEX,Lipid-associated,ANXA1,FPR3,0.00710429299750525,0,ANXA1_FPR3,ANXA1 - FPR3,ANNEXIN,Secreted Signaling,PMID: 33082511
CD8.TPEX,Lipid-associated,ANXA1,FPR3,0.00731817167215712,0,ANXA1_FPR3,ANXA1 - FPR3,ANNEXIN,Secreted Signaling,PMID: 33082511
Classical Mono-derived,Lipid-associated,ANXA1,FPR3,0.0111759268452549,0,ANXA1_FPR3,ANXA1 - FPR3,ANNEXIN,Secreted Signaling,PMID: 33082511
IFN-stimulated,Lipid-associated,ANXA1,FPR3,0.0115061556045437,0,ANXA1_FPR3,ANXA1 - FPR3,ANNEXIN,Secreted Signaling,PMID: 33082511
Inflammatory Mono-derived,Lipid-associated,ANXA1,FPR3,0.0168360207943619,0,ANXA1_FPR3,ANXA1 - FPR3,ANNEXIN,Secreted Signaling,PMID: 33082511
Lipid-associated,Lipid-associated,ANXA1,FPR3,0.0129445320485097,0,ANXA1_FPR3,ANXA1 - FPR3,ANNEXIN,Secreted Signaling,PMID: 33082511
Proliferating,Lipid-associated,ANXA1,FPR3,0.00936037769152317,0,ANXA1_FPR3,ANXA1 - FPR3,ANNEXIN,Secreted Signaling,PMID: 33082511
Resident M2,Lipid-associated,ANXA1,FPR3,0.00962341508230953,0,ANXA1_FPR3,ANXA1 - FPR3,ANNEXIN,Secreted Signaling,PMID: 33082511
Stress-response,Lipid-associated,ANXA1,FPR3,0.0181888067231254,0,ANXA1_FPR3,ANXA1 - FPR3,ANNEXIN,Secreted Signaling,PMID: 33082511
CD8.CM,Resident M2,ANXA1,FPR3,0.018014383456409,0,ANXA1_FPR3,ANXA1 - FPR3,ANNEXIN,Secreted Signaling,PMID: 33082511
CD8.EM,Resident M2,ANXA1,FPR3,0.0102100618902469,0,ANXA1_FPR3,ANXA1 - FPR3,ANNEXIN,Secreted Signaling,PMID: 33082511
CD8.MAIT,Resident M2,ANXA1,FPR3,0.0152518367229618,0,ANXA1_FPR3,ANXA1 - FPR3,ANNEXIN,Secreted Signaling,PMID: 33082511
CD8.NaiveLike,Resident M2,ANXA1,FPR3,0.0132059790626955,0,ANXA1_FPR3,ANXA1 - FPR3,ANNEXIN,Secreted Signaling,PMID: 33082511
CD8.TEMRA,Resident M2,ANXA1,FPR3,0.0102920456326157,0,ANXA1_FPR3,ANXA1 - FPR3,ANNEXIN,Secreted Signaling,PMID: 33082511
CD8.TEX,Resident M2,ANXA1,FPR3,0.00737288464172474,0,ANXA1_FPR3,ANXA1 - FPR3,ANNEXIN,Secreted Signaling,PMID: 33082511
CD8.TPEX,Resident M2,ANXA1,FPR3,0.00759478756493176,0,ANXA1_FPR3,ANXA1 - FPR3,ANNEXIN,Secreted Signaling,PMID: 33082511
Classical Mono-derived,Resident M2,ANXA1,FPR3,0.0115966566268951,0,ANXA1_FPR3,ANXA1 - FPR3,ANNEXIN,Secreted Signaling,PMID: 33082511
IFN-stimulated,Resident M2,ANXA1,FPR3,0.0119391670997877,0,ANXA1_FPR3,ANXA1 - FPR3,ANNEXIN,Secreted Signaling,PMID: 33082511
Inflammatory Mono-derived,Resident M2,ANXA1,FPR3,0.01746606715956,0,ANXA1_FPR3,ANXA1 - FPR3,ANNEXIN,Secreted Signaling,PMID: 33082511
Lipid-associated,Resident M2,ANXA1,FPR3,0.013430938521608,0,ANXA1_FPR3,ANXA1 - FPR3,ANNEXIN,Secreted Signaling,PMID: 33082511
Proliferating,Resident M2,ANXA1,FPR3,0.00971343057330597,0,ANXA1_FPR3,ANXA1 - FPR3,ANNEXIN,Secreted Signaling,PMID: 33082511
Resident M2,Resident M2,ANXA1,FPR3,0.00998628914453251,0,ANXA1_FPR3,ANXA1 - FPR3,ANNEXIN,Secreted Signaling,PMID: 33082511
Stress-response,Resident M2,ANXA1,FPR3,0.0188685061809366,0,ANXA1_FPR3,ANXA1 - FPR3,ANNEXIN,Secreted Signaling,PMID: 33082511
CD8.CM,Stress-response,ANXA1,FPR3,0.0147872638996781,0,ANXA1_FPR3,ANXA1 - FPR3,ANNEXIN,Secreted Signaling,PMID: 33082511
CD8.EM,Stress-response,ANXA1,FPR3,0.008369103132103,0,ANXA1_FPR3,ANXA1 - FPR3,ANNEXIN,Secreted Signaling,PMID: 33082511
CD8.MAIT,Stress-response,ANXA1,FPR3,0.0125132970398993,0,ANXA1_FPR3,ANXA1 - FPR3,ANNEXIN,Secreted Signaling,PMID: 33082511
CD8.NaiveLike,Stress-response,ANXA1,FPR3,0.0108307426108541,0,ANXA1_FPR3,ANXA1 - FPR3,ANNEXIN,Secreted Signaling,PMID: 33082511
CD8.TEMRA,Stress-response,ANXA1,FPR3,0.00843643052310164,0,ANXA1_FPR3,ANXA1 - FPR3,ANNEXIN,Secreted Signaling,PMID: 33082511
CD8.TEX,Stress-response,ANXA1,FPR3,0.00604037052332233,0,ANXA1_FPR3,ANXA1 - FPR3,ANNEXIN,Secreted Signaling,PMID: 33082511
CD8.TPEX,Stress-response,ANXA1,FPR3,0.00622241995274956,0,ANXA1_FPR3,ANXA1 - FPR3,ANNEXIN,Secreted Signaling,PMID: 33082511
Classical Mono-derived,Stress-response,ANXA1,FPR3,0.00950808502920212,0,ANXA1_FPR3,ANXA1 - FPR3,ANNEXIN,Secreted Signaling,PMID: 33082511
IFN-stimulated,Stress-response,ANXA1,FPR3,0.00978951992694,0,ANXA1_FPR3,ANXA1 - FPR3,ANNEXIN,Secreted Signaling,PMID: 33082511
Inflammatory Mono-derived,Stress-response,ANXA1,FPR3,0.0143357397057197,0,ANXA1_FPR3,ANXA1 - FPR3,ANNEXIN,Secreted Signaling,PMID: 33082511
Lipid-associated,Stress-response,ANXA1,FPR3,0.0110156923819235,0,ANXA1_FPR3,ANXA1 - FPR3,ANNEXIN,Secreted Signaling,PMID: 33082511
Proliferating,Stress-response,ANXA1,FPR3,0.00796129829439106,0,ANXA1_FPR3,ANXA1 - FPR3,ANNEXIN,Secreted Signaling,PMID: 33082511
Resident M2,Stress-response,ANXA1,FPR3,0.00818534479685765,0,ANXA1_FPR3,ANXA1 - FPR3,ANNEXIN,Secreted Signaling,PMID: 33082511
Stress-response,Stress-response,ANXA1,FPR3,0.01549079169962,0,ANXA1_FPR3,ANXA1 - FPR3,ANNEXIN,Secreted Signaling,PMID: 33082511
Classical Mono-derived,CD8.CM,LGALS9,P4HB,0.00846302765333916,0,LGALS9_P4HB,LGALS9 - P4HB,GALECTIN,Secreted Signaling,PMID:21670307;uniprot
IFN-stimulated,CD8.CM,LGALS9,P4HB,0.0120183789271164,0,LGALS9_P4HB,LGALS9 - P4HB,GALECTIN,Secreted Signaling,PMID:21670307;uniprot
Inflammatory Mono-derived,CD8.CM,LGALS9,P4HB,0.00732973237774351,0,LGALS9_P4HB,LGALS9 - P4HB,GALECTIN,Secreted Signaling,PMID:21670307;uniprot
Lipid-associated,CD8.CM,LGALS9,P4HB,0.00848653049932714,0,LGALS9_P4HB,LGALS9 - P4HB,GALECTIN,Secreted Signaling,PMID:21670307;uniprot
Proliferating,CD8.CM,LGALS9,P4HB,0.00847247241945776,0,LGALS9_P4HB,LGALS9 - P4HB,GALECTIN,Secreted Signaling,PMID:21670307;uniprot
Resident M2,CD8.CM,LGALS9,P4HB,0.00818955018222112,0,LGALS9_P4HB,LGALS9 - P4HB,GALECTIN,Secreted Signaling,PMID:21670307;uniprot
Stress-response,CD8.CM,LGALS9,P4HB,0.00842614318196722,0,LGALS9_P4HB,LGALS9 - P4HB,GALECTIN,Secreted Signaling,PMID:21670307;uniprot
Classical Mono-derived,CD8.EM,LGALS9,P4HB,0.00868020195624569,0,LGALS9_P4HB,LGALS9 - P4HB,GALECTIN,Secreted Signaling,PMID:21670307;uniprot
IFN-stimulated,CD8.EM,LGALS9,P4HB,0.0123256548716621,0,LGALS9_P4HB,LGALS9 - P4HB,GALECTIN,Secreted Signaling,PMID:21670307;uniprot
Inflammatory Mono-derived,CD8.EM,LGALS9,P4HB,0.0075180450879358,0,LGALS9_P4HB,LGALS9 - P4HB,GALECTIN,Secreted Signaling,PMID:21670307;uniprot
Lipid-associated,CD8.EM,LGALS9,P4HB,0.00870430262686169,0,LGALS9_P4HB,LGALS9 - P4HB,GALECTIN,Secreted Signaling,PMID:21670307;uniprot
Proliferating,CD8.EM,LGALS9,P4HB,0.00868988696546555,0,LGALS9_P4HB,LGALS9 - P4HB,GALECTIN,Secreted Signaling,PMID:21670307;uniprot
Resident M2,CD8.EM,LGALS9,P4HB,0.00839976608415949,0,LGALS9_P4HB,LGALS9 - P4HB,GALECTIN,Secreted Signaling,PMID:21670307;uniprot
Stress-response,CD8.EM,LGALS9,P4HB,0.00864237922255955,0,LGALS9_P4HB,LGALS9 - P4HB,GALECTIN,Secreted Signaling,PMID:21670307;uniprot
Classical Mono-derived,CD8.MAIT,LGALS9,P4HB,0.00860403333395038,0,LGALS9_P4HB,LGALS9 - P4HB,GALECTIN,Secreted Signaling,PMID:21670307;uniprot
IFN-stimulated,CD8.MAIT,LGALS9,P4HB,0.0122178917207412,0,LGALS9_P4HB,LGALS9 - P4HB,GALECTIN,Secreted Signaling,PMID:21670307;uniprot
Inflammatory Mono-derived,CD8.MAIT,LGALS9,P4HB,0.00745199771189274,0,LGALS9_P4HB,LGALS9 - P4HB,GALECTIN,Secreted Signaling,PMID:21670307;uniprot
Lipid-associated,CD8.MAIT,LGALS9,P4HB,0.00862792436223399,0,LGALS9_P4HB,LGALS9 - P4HB,GALECTIN,Secreted Signaling,PMID:21670307;uniprot
Proliferating,CD8.MAIT,LGALS9,P4HB,0.00861363409582791,0,LGALS9_P4HB,LGALS9 - P4HB,GALECTIN,Secreted Signaling,PMID:21670307;uniprot
Resident M2,CD8.MAIT,LGALS9,P4HB,0.00832603761351556,0,LGALS9_P4HB,LGALS9 - P4HB,GALECTIN,Secreted Signaling,PMID:21670307;uniprot
Stress-response,CD8.MAIT,LGALS9,P4HB,0.00856653962602212,0,LGALS9_P4HB,LGALS9 - P4HB,GALECTIN,Secreted Signaling,PMID:21670307;uniprot
Classical Mono-derived,CD8.NaiveLike,LGALS9,P4HB,0.00772009644024601,0,LGALS9_P4HB,LGALS9 - P4HB,GALECTIN,Secreted Signaling,PMID:21670307;uniprot
IFN-stimulated,CD8.NaiveLike,LGALS9,P4HB,0.0109667914248664,0,LGALS9_P4HB,LGALS9 - P4HB,GALECTIN,Secreted Signaling,PMID:21670307;uniprot
Inflammatory Mono-derived,CD8.NaiveLike,LGALS9,P4HB,0.00668561726188318,0,LGALS9_P4HB,LGALS9 - P4HB,GALECTIN,Secreted Signaling,PMID:21670307;uniprot
Lipid-associated,CD8.NaiveLike,LGALS9,P4HB,0.00774155218564442,0,LGALS9_P4HB,LGALS9 - P4HB,GALECTIN,Secreted Signaling,PMID:21670307;uniprot
Proliferating,CD8.NaiveLike,LGALS9,P4HB,0.00772871855541769,0,LGALS9_P4HB,LGALS9 - P4HB,GALECTIN,Secreted Signaling,PMID:21670307;uniprot
Resident M2,CD8.NaiveLike,LGALS9,P4HB,0.00747044545243527,0,LGALS9_P4HB,LGALS9 - P4HB,GALECTIN,Secreted Signaling,PMID:21670307;uniprot
Stress-response,CD8.NaiveLike,LGALS9,P4HB,0.0076864247905959,0,LGALS9_P4HB,LGALS9 - P4HB,GALECTIN,Secreted Signaling,PMID:21670307;uniprot
Classical Mono-derived,CD8.TEMRA,LGALS9,P4HB,0.00883100422350876,0,LGALS9_P4HB,LGALS9 - P4HB,GALECTIN,Secreted Signaling,PMID:21670307;uniprot
IFN-stimulated,CD8.TEMRA,LGALS9,P4HB,0.0125389889778375,0,LGALS9_P4HB,LGALS9 - P4HB,GALECTIN,Secreted Signaling,PMID:21670307;uniprot
Inflammatory Mono-derived,CD8.TEMRA,LGALS9,P4HB,0.00764881283822166,0,LGALS9_P4HB,LGALS9 - P4HB,GALECTIN,Secreted Signaling,PMID:21670307;uniprot
Lipid-associated,CD8.TEMRA,LGALS9,P4HB,0.00885551985787267,0,LGALS9_P4HB,LGALS9 - P4HB,GALECTIN,Secreted Signaling,PMID:21670307;uniprot
Proliferating,CD8.TEMRA,LGALS9,P4HB,0.00884085599106383,0,LGALS9_P4HB,LGALS9 - P4HB,GALECTIN,Secreted Signaling,PMID:21670307;uniprot
Resident M2,CD8.TEMRA,LGALS9,P4HB,0.00854573830269391,0,LGALS9_P4HB,LGALS9 - P4HB,GALECTIN,Secreted Signaling,PMID:21670307;uniprot
Stress-response,CD8.TEMRA,LGALS9,P4HB,0.00879253021875019,0,LGALS9_P4HB,LGALS9 - P4HB,GALECTIN,Secreted Signaling,PMID:21670307;uniprot
Classical Mono-derived,CD8.TEX,LGALS9,P4HB,0.00892594336492724,0,LGALS9_P4HB,LGALS9 - P4HB,GALECTIN,Secreted Signaling,PMID:21670307;uniprot
IFN-stimulated,CD8.TEX,LGALS9,P4HB,0.0126732817101299,0,LGALS9_P4HB,LGALS9 - P4HB,GALECTIN,Secreted Signaling,PMID:21670307;uniprot
Inflammatory Mono-derived,CD8.TEX,LGALS9,P4HB,0.0077311417728068,0,LGALS9_P4HB,LGALS9 - P4HB,GALECTIN,Secreted Signaling,PMID:21670307;uniprot
Lipid-associated,CD8.TEX,LGALS9,P4HB,0.00895072017852573,0,LGALS9_P4HB,LGALS9 - P4HB,GALECTIN,Secreted Signaling,PMID:21670307;uniprot
Proliferating,CD8.TEX,LGALS9,P4HB,0.00893590009064471,0,LGALS9_P4HB,LGALS9 - P4HB,GALECTIN,Secreted Signaling,PMID:21670307;uniprot
Resident M2,CD8.TEX,LGALS9,P4HB,0.00863763737252228,0,LGALS9_P4HB,LGALS9 - P4HB,GALECTIN,Secreted Signaling,PMID:21670307;uniprot
Stress-response,CD8.TEX,LGALS9,P4HB,0.00888705944777368,0,LGALS9_P4HB,LGALS9 - P4HB,GALECTIN,Secreted Signaling,PMID:21670307;uniprot
Classical Mono-derived,CD8.TPEX,LGALS9,P4HB,0.00880554449122929,0,LGALS9_P4HB,LGALS9 - P4HB,GALECTIN,Secreted Signaling,PMID:21670307;uniprot
IFN-stimulated,CD8.TPEX,LGALS9,P4HB,0.012502973996588,0,LGALS9_P4HB,LGALS9 - P4HB,GALECTIN,Secreted Signaling,PMID:21670307;uniprot
Inflammatory Mono-derived,CD8.TPEX,LGALS9,P4HB,0.00762673513120273,0,LGALS9_P4HB,LGALS9 - P4HB,GALECTIN,Secreted Signaling,PMID:21670307;uniprot
Lipid-associated,CD8.TPEX,LGALS9,P4HB,0.00882999007681643,0,LGALS9_P4HB,LGALS9 - P4HB,GALECTIN,Secreted Signaling,PMID:21670307;uniprot
Proliferating,CD8.TPEX,LGALS9,P4HB,0.00881536810880757,0,LGALS9_P4HB,LGALS9 - P4HB,GALECTIN,Secreted Signaling,PMID:21670307;uniprot
Resident M2,CD8.TPEX,LGALS9,P4HB,0.00852109391999953,0,LGALS9_P4HB,LGALS9 - P4HB,GALECTIN,Secreted Signaling,PMID:21670307;uniprot
Stress-response,CD8.TPEX,LGALS9,P4HB,0.00876718042567318,0,LGALS9_P4HB,LGALS9 - P4HB,GALECTIN,Secreted Signaling,PMID:21670307;uniprot
Classical Mono-derived,Classical Mono-derived,LGALS9,P4HB,0.0340857762348037,0,LGALS9_P4HB,LGALS9 - P4HB,GALECTIN,Secreted Signaling,PMID:21670307;uniprot
IFN-stimulated,Classical Mono-derived,LGALS9,P4HB,0.0478854957788258,0,LGALS9_P4HB,LGALS9 - P4HB,GALECTIN,Secreted Signaling,PMID:21670307;uniprot
Inflammatory Mono-derived,Classical Mono-derived,LGALS9,P4HB,0.0296238167593851,0,LGALS9_P4HB,LGALS9 - P4HB,GALECTIN,Secreted Signaling,PMID:21670307;uniprot
Lipid-associated,Classical Mono-derived,LGALS9,P4HB,0.0341779837600267,0,LGALS9_P4HB,LGALS9 - P4HB,GALECTIN,Secreted Signaling,PMID:21670307;uniprot
Proliferating,Classical Mono-derived,LGALS9,P4HB,0.0341228319978595,0,LGALS9_P4HB,LGALS9 - P4HB,GALECTIN,Secreted Signaling,PMID:21670307;uniprot
Resident M2,Classical Mono-derived,LGALS9,P4HB,0.0330118821708661,0,LGALS9_P4HB,LGALS9 - P4HB,GALECTIN,Secreted Signaling,PMID:21670307;uniprot
Stress-response,Classical Mono-derived,LGALS9,P4HB,0.0339410425710145,0,LGALS9_P4HB,LGALS9 - P4HB,GALECTIN,Secreted Signaling,PMID:21670307;uniprot
Classical Mono-derived,IFN-stimulated,LGALS9,P4HB,0.0313656300089318,0,LGALS9_P4HB,LGALS9 - P4HB,GALECTIN,Secreted Signaling,PMID:21670307;uniprot
IFN-stimulated,IFN-stimulated,LGALS9,P4HB,0.0441143866462154,0,LGALS9_P4HB,LGALS9 - P4HB,GALECTIN,Secreted Signaling,PMID:21670307;uniprot
Inflammatory Mono-derived,IFN-stimulated,LGALS9,P4HB,0.0272497027427073,0,LGALS9_P4HB,LGALS9 - P4HB,GALECTIN,Secreted Signaling,PMID:21670307;uniprot
Lipid-associated,IFN-stimulated,LGALS9,P4HB,0.0314507186944861,0,LGALS9_P4HB,LGALS9 - P4HB,GALECTIN,Secreted Signaling,PMID:21670307;uniprot
Proliferating,IFN-stimulated,LGALS9,P4HB,0.0313998247429941,0,LGALS9_P4HB,LGALS9 - P4HB,GALECTIN,Secreted Signaling,PMID:21670307;uniprot
Resident M2,IFN-stimulated,LGALS9,P4HB,0.0303747409086013,0,LGALS9_P4HB,LGALS9 - P4HB,GALECTIN,Secreted Signaling,PMID:21670307;uniprot
Stress-response,IFN-stimulated,LGALS9,P4HB,0.0312320730557473,0,LGALS9_P4HB,LGALS9 - P4HB,GALECTIN,Secreted Signaling,PMID:21670307;uniprot
Classical Mono-derived,Inflammatory Mono-derived,LGALS9,P4HB,0.0325891744883737,0,LGALS9_P4HB,LGALS9 - P4HB,GALECTIN,Secreted Signaling,PMID:21670307;uniprot
IFN-stimulated,Inflammatory Mono-derived,LGALS9,P4HB,0.0458117277305096,0,LGALS9_P4HB,LGALS9 - P4HB,GALECTIN,Secreted Signaling,PMID:21670307;uniprot
Inflammatory Mono-derived,Inflammatory Mono-derived,LGALS9,P4HB,0.0283173824944057,0,LGALS9_P4HB,LGALS9 - P4HB,GALECTIN,Secreted Signaling,PMID:21670307;uniprot
Lipid-associated,Inflammatory Mono-derived,LGALS9,P4HB,0.0326774704292652,0,LGALS9_P4HB,LGALS9 - P4HB,GALECTIN,Secreted Signaling,PMID:21670307;uniprot
Proliferating,Inflammatory Mono-derived,LGALS9,P4HB,0.0326246582002938,0,LGALS9_P4HB,LGALS9 - P4HB,GALECTIN,Secreted Signaling,PMID:21670307;uniprot
Resident M2,Inflammatory Mono-derived,LGALS9,P4HB,0.0315608911602325,0,LGALS9_P4HB,LGALS9 - P4HB,GALECTIN,Secreted Signaling,PMID:21670307;uniprot
Stress-response,Inflammatory Mono-derived,LGALS9,P4HB,0.0324505821408109,0,LGALS9_P4HB,LGALS9 - P4HB,GALECTIN,Secreted Signaling,PMID:21670307;uniprot
Classical Mono-derived,Lipid-associated,LGALS9,P4HB,0.0292941987472594,0,LGALS9_P4HB,LGALS9 - P4HB,GALECTIN,Secreted Signaling,PMID:21670307;uniprot
IFN-stimulated,Lipid-associated,LGALS9,P4HB,0.0412368526472617,0,LGALS9_P4HB,LGALS9 - P4HB,GALECTIN,Secreted Signaling,PMID:21670307;uniprot
Inflammatory Mono-derived,Lipid-associated,LGALS9,P4HB,0.0254429533347206,0,LGALS9_P4HB,LGALS9 - P4HB,GALECTIN,Secreted Signaling,PMID:21670307;uniprot
Lipid-associated,Lipid-associated,LGALS9,P4HB,0.0293738384614679,0,LGALS9_P4HB,LGALS9 - P4HB,GALECTIN,Secreted Signaling,PMID:21670307;uniprot
Proliferating,Lipid-associated,LGALS9,P4HB,0.0293262035829297,0,LGALS9_P4HB,LGALS9 - P4HB,GALECTIN,Secreted Signaling,PMID:21670307;uniprot
Resident M2,Lipid-associated,LGALS9,P4HB,0.0283668329583631,0,LGALS9_P4HB,LGALS9 - P4HB,GALECTIN,Secreted Signaling,PMID:21670307;uniprot
Stress-response,Lipid-associated,LGALS9,P4HB,0.0291691964751675,0,LGALS9_P4HB,LGALS9 - P4HB,GALECTIN,Secreted Signaling,PMID:21670307;uniprot
Classical Mono-derived,Proliferating,LGALS9,P4HB,0.0299377321506721,0,LGALS9_P4HB,LGALS9 - P4HB,GALECTIN,Secreted Signaling,PMID:21670307;uniprot
IFN-stimulated,Proliferating,LGALS9,P4HB,0.0421313546693394,0,LGALS9_P4HB,LGALS9 - P4HB,GALECTIN,Secreted Signaling,PMID:21670307;uniprot
Inflammatory Mono-derived,Proliferating,LGALS9,P4HB,0.0260041492309338,0,LGALS9_P4HB,LGALS9 - P4HB,GALECTIN,Secreted Signaling,PMID:21670307;uniprot
Lipid-associated,Proliferating,LGALS9,P4HB,0.0300190672819757,0,LGALS9_P4HB,LGALS9 - P4HB,GALECTIN,Secreted Signaling,PMID:21670307;uniprot
Proliferating,Proliferating,LGALS9,P4HB,0.0299704183593518,0,LGALS9_P4HB,LGALS9 - P4HB,GALECTIN,Secreted Signaling,PMID:21670307;uniprot
Resident M2,Proliferating,LGALS9,P4HB,0.0289906024686928,0,LGALS9_P4HB,LGALS9 - P4HB,GALECTIN,Secreted Signaling,PMID:21670307;uniprot
Stress-response,Proliferating,LGALS9,P4HB,0.0298100681654216,0,LGALS9_P4HB,LGALS9 - P4HB,GALECTIN,Secreted Signaling,PMID:21670307;uniprot
Classical Mono-derived,Resident M2,LGALS9,P4HB,0.0248548310931061,0,LGALS9_P4HB,LGALS9 - P4HB,GALECTIN,Secreted Signaling,PMID:21670307;uniprot
IFN-stimulated,Resident M2,LGALS9,P4HB,0.0350529992132821,0,LGALS9_P4HB,LGALS9 - P4HB,GALECTIN,Secreted Signaling,PMID:21670307;uniprot
Inflammatory Mono-derived,Resident M2,LGALS9,P4HB,0.0215742483582463,0,LGALS9_P4HB,LGALS9 - P4HB,GALECTIN,Secreted Signaling,PMID:21670307;uniprot
Lipid-associated,Resident M2,LGALS9,P4HB,0.0249227117338928,0,LGALS9_P4HB,LGALS9 - P4HB,GALECTIN,Secreted Signaling,PMID:21670307;uniprot
Proliferating,Resident M2,LGALS9,P4HB,0.0248821101035711,0,LGALS9_P4HB,LGALS9 - P4HB,GALECTIN,Secreted Signaling,PMID:21670307;uniprot
Resident M2,Resident M2,LGALS9,P4HB,0.0240645182501616,0,LGALS9_P4HB,LGALS9 - P4HB,GALECTIN,Secreted Signaling,PMID:21670307;uniprot
Stress-response,Resident M2,LGALS9,P4HB,0.0247482892335463,0,LGALS9_P4HB,LGALS9 - P4HB,GALECTIN,Secreted Signaling,PMID:21670307;uniprot
Classical Mono-derived,Stress-response,LGALS9,P4HB,0.030695537782172,0,LGALS9_P4HB,LGALS9 - P4HB,GALECTIN,Secreted Signaling,PMID:21670307;uniprot
IFN-stimulated,Stress-response,LGALS9,P4HB,0.0431840738520792,0,LGALS9_P4HB,LGALS9 - P4HB,GALECTIN,Secreted Signaling,PMID:21670307;uniprot
Inflammatory Mono-derived,Stress-response,LGALS9,P4HB,0.0266651221304484,0,LGALS9_P4HB,LGALS9 - P4HB,GALECTIN,Secreted Signaling,PMID:21670307;uniprot
Lipid-associated,Stress-response,LGALS9,P4HB,0.0307788664038242,0,LGALS9_P4HB,LGALS9 - P4HB,GALECTIN,Secreted Signaling,PMID:21670307;uniprot
Proliferating,Stress-response,LGALS9,P4HB,0.0307290251587856,0,LGALS9_P4HB,LGALS9 - P4HB,GALECTIN,Secreted Signaling,PMID:21670307;uniprot
Resident M2,Stress-response,LGALS9,P4HB,0.0297251683029065,0,LGALS9_P4HB,LGALS9 - P4HB,GALECTIN,Secreted Signaling,PMID:21670307;uniprot
Stress-response,Stress-response,LGALS9,P4HB,0.0305647440922736,0,LGALS9_P4HB,LGALS9 - P4HB,GALECTIN,Secreted Signaling,PMID:21670307;uniprot
Classical Mono-derived,CD8.CM,PPIA,BSG,0.0262814925680364,0,PPIA_BSG,PPIA - BSG,CypA,Secreted Signaling,PMID: 36012604
IFN-stimulated,CD8.CM,PPIA,BSG,0.0253016149857233,0,PPIA_BSG,PPIA - BSG,CypA,Secreted Signaling,PMID: 36012604
Inflammatory Mono-derived,CD8.CM,PPIA,BSG,0.0259141956225814,0,PPIA_BSG,PPIA - BSG,CypA,Secreted Signaling,PMID: 36012604
Lipid-associated,CD8.CM,PPIA,BSG,0.0259893703626836,0,PPIA_BSG,PPIA - BSG,CypA,Secreted Signaling,PMID: 36012604
Proliferating,CD8.CM,PPIA,BSG,0.0275220277272417,0,PPIA_BSG,PPIA - BSG,CypA,Secreted Signaling,PMID: 36012604
Stress-response,CD8.CM,PPIA,BSG,0.0263457065040253,0,PPIA_BSG,PPIA - BSG,CypA,Secreted Signaling,PMID: 36012604
CD8.TEX,CD8.EM,PPIA,BSG,0.0257292015305542,0,PPIA_BSG,PPIA - BSG,CypA,Secreted Signaling,PMID: 36012604
CD8.TPEX,CD8.EM,PPIA,BSG,0.0255756237842382,0,PPIA_BSG,PPIA - BSG,CypA,Secreted Signaling,PMID: 36012604
Classical Mono-derived,CD8.EM,PPIA,BSG,0.0288816637965368,0,PPIA_BSG,PPIA - BSG,CypA,Secreted Signaling,PMID: 36012604
IFN-stimulated,CD8.EM,PPIA,BSG,0.0278076101474041,0,PPIA_BSG,PPIA - BSG,CypA,Secreted Signaling,PMID: 36012604
Inflammatory Mono-derived,CD8.EM,PPIA,BSG,0.0284790909888447,0,PPIA_BSG,PPIA - BSG,CypA,Secreted Signaling,PMID: 36012604
Lipid-associated,CD8.EM,PPIA,BSG,0.0285614880924585,0,PPIA_BSG,PPIA - BSG,CypA,Secreted Signaling,PMID: 36012604
Proliferating,CD8.EM,PPIA,BSG,0.0302411200977503,0,PPIA_BSG,PPIA - BSG,CypA,Secreted Signaling,PMID: 36012604
Resident M2,CD8.EM,PPIA,BSG,0.0252738119375067,0,PPIA_BSG,PPIA - BSG,CypA,Secreted Signaling,PMID: 36012604
Stress-response,CD8.EM,PPIA,BSG,0.0289520418691815,0,PPIA_BSG,PPIA - BSG,CypA,Secreted Signaling,PMID: 36012604
Classical Mono-derived,CD8.MAIT,PPIA,BSG,0.026606563670494,0.03,PPIA_BSG,PPIA - BSG,CypA,Secreted Signaling,PMID: 36012604
IFN-stimulated,CD8.MAIT,PPIA,BSG,0.0256148849867967,0.03,PPIA_BSG,PPIA - BSG,CypA,Secreted Signaling,PMID: 36012604
Inflammatory Mono-derived,CD8.MAIT,PPIA,BSG,0.0262348460971442,0.02,PPIA_BSG,PPIA - BSG,CypA,Secreted Signaling,PMID: 36012604
Lipid-associated,CD8.MAIT,PPIA,BSG,0.0263109258903632,0.02,PPIA_BSG,PPIA - BSG,CypA,Secreted Signaling,PMID: 36012604
Proliferating,CD8.MAIT,PPIA,BSG,0.027862003735839,0.02,PPIA_BSG,PPIA - BSG,CypA,Secreted Signaling,PMID: 36012604
Stress-response,CD8.MAIT,PPIA,BSG,0.0266715501015547,0.02,PPIA_BSG,PPIA - BSG,CypA,Secreted Signaling,PMID: 36012604
CD8.CM,CD8.TEX,PPIA,BSG,0.0528465688171485,0,PPIA_BSG,PPIA - BSG,CypA,Secreted Signaling,PMID: 36012604
CD8.EM,CD8.TEX,PPIA,BSG,0.0527254680619026,0,PPIA_BSG,PPIA - BSG,CypA,Secreted Signaling,PMID: 36012604
CD8.MAIT,CD8.TEX,PPIA,BSG,0.0515344092779375,0,PPIA_BSG,PPIA - BSG,CypA,Secreted Signaling,PMID: 36012604
CD8.NaiveLike,CD8.TEX,PPIA,BSG,0.0532321496925159,0,PPIA_BSG,PPIA - BSG,CypA,Secreted Signaling,PMID: 36012604
CD8.TEMRA,CD8.TEX,PPIA,BSG,0.0565846055746856,0,PPIA_BSG,PPIA - BSG,CypA,Secreted Signaling,PMID: 36012604
CD8.TEX,CD8.TEX,PPIA,BSG,0.0557899982367901,0,PPIA_BSG,PPIA - BSG,CypA,Secreted Signaling,PMID: 36012604
CD8.TPEX,CD8.TEX,PPIA,BSG,0.0554672029149451,0,PPIA_BSG,PPIA - BSG,CypA,Secreted Signaling,PMID: 36012604
Classical Mono-derived,CD8.TEX,PPIA,BSG,0.0623897881371123,0,PPIA_BSG,PPIA - BSG,CypA,Secreted Signaling,PMID: 36012604
IFN-stimulated,CD8.TEX,PPIA,BSG,0.0601468097935369,0,PPIA_BSG,PPIA - BSG,CypA,Secreted Signaling,PMID: 36012604
Inflammatory Mono-derived,CD8.TEX,PPIA,BSG,0.0615497580565491,0,PPIA_BSG,PPIA - BSG,CypA,Secreted Signaling,PMID: 36012604
Lipid-associated,CD8.TEX,PPIA,BSG,0.0617217580781752,0,PPIA_BSG,PPIA - BSG,CypA,Secreted Signaling,PMID: 36012604
Proliferating,CD8.TEX,PPIA,BSG,0.0652205409677682,0,PPIA_BSG,PPIA - BSG,CypA,Secreted Signaling,PMID: 36012604
Resident M2,CD8.TEX,PPIA,BSG,0.054832497124411,0,PPIA_BSG,PPIA - BSG,CypA,Secreted Signaling,PMID: 36012604
Stress-response,CD8.TEX,PPIA,BSG,0.062536559839741,0,PPIA_BSG,PPIA - BSG,CypA,Secreted Signaling,PMID: 36012604
Classical Mono-derived,CD8.TPEX,PPIA,BSG,0.0276812455756358,0.01,PPIA_BSG,PPIA - BSG,CypA,Secreted Signaling,PMID: 36012604
IFN-stimulated,CD8.TPEX,PPIA,BSG,0.0266506080770257,0.01,PPIA_BSG,PPIA - BSG,CypA,Secreted Signaling,PMID: 36012604
Inflammatory Mono-derived,CD8.TPEX,PPIA,BSG,0.0272949347468753,0.01,PPIA_BSG,PPIA - BSG,CypA,Secreted Signaling,PMID: 36012604
Lipid-associated,CD8.TPEX,PPIA,BSG,0.0273740023256899,0.01,PPIA_BSG,PPIA - BSG,CypA,Secreted Signaling,PMID: 36012604
Proliferating,CD8.TPEX,PPIA,BSG,0.0289858848557007,0.01,PPIA_BSG,PPIA - BSG,CypA,Secreted Signaling,PMID: 36012604
Stress-response,CD8.TPEX,PPIA,BSG,0.0277487820842843,0.01,PPIA_BSG,PPIA - BSG,CypA,Secreted Signaling,PMID: 36012604
CD8.CM,Classical Mono-derived,PPIA,BSG,0.0555434276601227,0.02,PPIA_BSG,PPIA - BSG,CypA,Secreted Signaling,PMID: 36012604
CD8.EM,Classical Mono-derived,PPIA,BSG,0.055416508490008,0.02,PPIA_BSG,PPIA - BSG,CypA,Secreted Signaling,PMID: 36012604
CD8.MAIT,Classical Mono-derived,PPIA,BSG,0.0541681357596242,0.04,PPIA_BSG,PPIA - BSG,CypA,Secreted Signaling,PMID: 36012604
CD8.NaiveLike,Classical Mono-derived,PPIA,BSG,0.0559475231479271,0.02,PPIA_BSG,PPIA - BSG,CypA,Secreted Signaling,PMID: 36012604
CD8.TEMRA,Classical Mono-derived,PPIA,BSG,0.0594602479592492,0.01,PPIA_BSG,PPIA - BSG,CypA,Secreted Signaling,PMID: 36012604
CD8.TEX,Classical Mono-derived,PPIA,BSG,0.0586277680113036,0.02,PPIA_BSG,PPIA - BSG,CypA,Secreted Signaling,PMID: 36012604
CD8.TPEX,Classical Mono-derived,PPIA,BSG,0.0582895672473716,0.02,PPIA_BSG,PPIA - BSG,CypA,Secreted Signaling,PMID: 36012604
Classical Mono-derived,Classical Mono-derived,PPIA,BSG,0.065539955840717,0,PPIA_BSG,PPIA - BSG,CypA,Secreted Signaling,PMID: 36012604
IFN-stimulated,Classical Mono-derived,PPIA,BSG,0.0631913584054303,0,PPIA_BSG,PPIA - BSG,CypA,Secreted Signaling,PMID: 36012604
Inflammatory Mono-derived,Classical Mono-derived,PPIA,BSG,0.0646604362332583,0,PPIA_BSG,PPIA - BSG,CypA,Secreted Signaling,PMID: 36012604
Lipid-associated,Classical Mono-derived,PPIA,BSG,0.0648405283958089,0,PPIA_BSG,PPIA - BSG,CypA,Secreted Signaling,PMID: 36012604
Proliferating,Classical Mono-derived,PPIA,BSG,0.0685031956027783,0,PPIA_BSG,PPIA - BSG,CypA,Secreted Signaling,PMID: 36012604
Resident M2,Classical Mono-derived,PPIA,BSG,0.0576245357503452,0.02,PPIA_BSG,PPIA - BSG,CypA,Secreted Signaling,PMID: 36012604
Stress-response,Classical Mono-derived,PPIA,BSG,0.0656936190647576,0,PPIA_BSG,PPIA - BSG,CypA,Secreted Signaling,PMID: 36012604
CD8.CM,IFN-stimulated,PPIA,BSG,0.046195421552494,0.04,PPIA_BSG,PPIA - BSG,CypA,Secreted Signaling,PMID: 36012604
CD8.EM,IFN-stimulated,PPIA,BSG,0.04608882060408,0.04,PPIA_BSG,PPIA - BSG,CypA,Secreted Signaling,PMID: 36012604
CD8.MAIT,IFN-stimulated,PPIA,BSG,0.0450405541296929,0.04,PPIA_BSG,PPIA - BSG,CypA,Secreted Signaling,PMID: 36012604
CD8.NaiveLike,IFN-stimulated,PPIA,BSG,0.0465348583665566,0.04,PPIA_BSG,PPIA - BSG,CypA,Secreted Signaling,PMID: 36012604
CD8.TEMRA,IFN-stimulated,PPIA,BSG,0.0494875786058337,0.02,PPIA_BSG,PPIA - BSG,CypA,Secreted Signaling,PMID: 36012604
CD8.TEX,IFN-stimulated,PPIA,BSG,0.0487874796265159,0.02,PPIA_BSG,PPIA - BSG,CypA,Secreted Signaling,PMID: 36012604
CD8.TPEX,IFN-stimulated,PPIA,BSG,0.0485031189140002,0.03,PPIA_BSG,PPIA - BSG,CypA,Secreted Signaling,PMID: 36012604
Classical Mono-derived,IFN-stimulated,PPIA,BSG,0.0546068003160475,0,PPIA_BSG,PPIA - BSG,CypA,Secreted Signaling,PMID: 36012604
IFN-stimulated,IFN-stimulated,PPIA,BSG,0.0526279230486282,0,PPIA_BSG,PPIA - BSG,CypA,Secreted Signaling,PMID: 36012604
Inflammatory Mono-derived,IFN-stimulated,PPIA,BSG,0.053865541850894,0,PPIA_BSG,PPIA - BSG,CypA,Secreted Signaling,PMID: 36012604
Lipid-associated,IFN-stimulated,PPIA,BSG,0.0540173044413571,0,PPIA_BSG,PPIA - BSG,CypA,Secreted Signaling,PMID: 36012604
Proliferating,IFN-stimulated,PPIA,BSG,0.057105930689127,0,PPIA_BSG,PPIA - BSG,CypA,Secreted Signaling,PMID: 36012604
Resident M2,IFN-stimulated,PPIA,BSG,0.0479440574626171,0.04,PPIA_BSG,PPIA - BSG,CypA,Secreted Signaling,PMID: 36012604
Stress-response,IFN-stimulated,PPIA,BSG,0.054736331452968,0,PPIA_BSG,PPIA - BSG,CypA,Secreted Signaling,PMID: 36012604
CD8.CM,Inflammatory Mono-derived,PPIA,BSG,0.0484546359999909,0,PPIA_BSG,PPIA - BSG,CypA,Secreted Signaling,PMID: 36012604
CD8.EM,Inflammatory Mono-derived,PPIA,BSG,0.0483430859066309,0,PPIA_BSG,PPIA - BSG,CypA,Secreted Signaling,PMID: 36012604
CD8.MAIT,Inflammatory Mono-derived,PPIA,BSG,0.0472460867758894,0,PPIA_BSG,PPIA - BSG,CypA,Secreted Signaling,PMID: 36012604
CD8.NaiveLike,Inflammatory Mono-derived,PPIA,BSG,0.0488098236687061,0,PPIA_BSG,PPIA - BSG,CypA,Secreted Signaling,PMID: 36012604
CD8.TEMRA,Inflammatory Mono-derived,PPIA,BSG,0.0518990372404345,0,PPIA_BSG,PPIA - BSG,CypA,Secreted Signaling,PMID: 36012604
CD8.TEX,Inflammatory Mono-derived,PPIA,BSG,0.0511666598646162,0,PPIA_BSG,PPIA - BSG,CypA,Secreted Signaling,PMID: 36012604
CD8.TPEX,Inflammatory Mono-derived,PPIA,BSG,0.0508691735523666,0,PPIA_BSG,PPIA - BSG,CypA,Secreted Signaling,PMID: 36012604
Classical Mono-derived,Inflammatory Mono-derived,PPIA,BSG,0.057252685887314,0,PPIA_BSG,PPIA - BSG,CypA,Secreted Signaling,PMID: 36012604
IFN-stimulated,Inflammatory Mono-derived,PPIA,BSG,0.0551835220768228,0,PPIA_BSG,PPIA - BSG,CypA,Secreted Signaling,PMID: 36012604
Inflammatory Mono-derived,Inflammatory Mono-derived,PPIA,BSG,0.0564776565699477,0,PPIA_BSG,PPIA - BSG,CypA,Secreted Signaling,PMID: 36012604
Lipid-associated,Inflammatory Mono-derived,PPIA,BSG,0.0566363380773868,0,PPIA_BSG,PPIA - BSG,CypA,Secreted Signaling,PMID: 36012604
Proliferating,Inflammatory Mono-derived,PPIA,BSG,0.0598652397605489,0,PPIA_BSG,PPIA - BSG,CypA,Secreted Signaling,PMID: 36012604
Resident M2,Inflammatory Mono-derived,PPIA,BSG,0.0502842814984532,0,PPIA_BSG,PPIA - BSG,CypA,Secreted Signaling,PMID: 36012604
Stress-response,Inflammatory Mono-derived,PPIA,BSG,0.0573881122641687,0,PPIA_BSG,PPIA - BSG,CypA,Secreted Signaling,PMID: 36012604
CD8.CM,Lipid-associated,PPIA,BSG,0.0492591316243522,0,PPIA_BSG,PPIA - BSG,CypA,Secreted Signaling,PMID: 36012604
CD8.EM,Lipid-associated,PPIA,BSG,0.0491458251138946,0,PPIA_BSG,PPIA - BSG,CypA,Secreted Signaling,PMID: 36012604
CD8.MAIT,Lipid-associated,PPIA,BSG,0.0480315296355571,0,PPIA_BSG,PPIA - BSG,CypA,Secreted Signaling,PMID: 36012604
CD8.NaiveLike,Lipid-associated,PPIA,BSG,0.0496199089786163,0,PPIA_BSG,PPIA - BSG,CypA,Secreted Signaling,PMID: 36012604
CD8.TEMRA,Lipid-associated,PPIA,BSG,0.0527575497783718,0,PPIA_BSG,PPIA - BSG,CypA,Secreted Signaling,PMID: 36012604
CD8.TEX,Lipid-associated,PPIA,BSG,0.0520137220735268,0,PPIA_BSG,PPIA - BSG,CypA,Secreted Signaling,PMID: 36012604
CD8.TPEX,Lipid-associated,PPIA,BSG,0.0517115792926447,0,PPIA_BSG,PPIA - BSG,CypA,Secreted Signaling,PMID: 36012604
Classical Mono-derived,Lipid-associated,PPIA,BSG,0.0581943225462702,0,PPIA_BSG,PPIA - BSG,CypA,Secreted Signaling,PMID: 36012604
IFN-stimulated,Lipid-associated,PPIA,BSG,0.0560931520048001,0,PPIA_BSG,PPIA - BSG,CypA,Secreted Signaling,PMID: 36012604
Inflammatory Mono-derived,Lipid-associated,PPIA,BSG,0.0574073225053464,0,PPIA_BSG,PPIA - BSG,CypA,Secreted Signaling,PMID: 36012604
Lipid-associated,Lipid-associated,PPIA,BSG,0.0575684566623242,0,PPIA_BSG,PPIA - BSG,CypA,Secreted Signaling,PMID: 36012604
Proliferating,Lipid-associated,PPIA,BSG,0.0608470718704344,0,PPIA_BSG,PPIA - BSG,CypA,Secreted Signaling,PMID: 36012604
Resident M2,Lipid-associated,PPIA,BSG,0.0511175229439896,0,PPIA_BSG,PPIA - BSG,CypA,Secreted Signaling,PMID: 36012604
Stress-response,Lipid-associated,PPIA,BSG,0.05833183846838,0,PPIA_BSG,PPIA - BSG,CypA,Secreted Signaling,PMID: 36012604
Proliferating,Proliferating,PPIA,BSG,0.0257515641607388,0.04,PPIA_BSG,PPIA - BSG,CypA,Secreted Signaling,PMID: 36012604
CD8.CM,Resident M2,PPIA,BSG,0.0422595320859536,0,PPIA_BSG,PPIA - BSG,CypA,Secreted Signaling,PMID: 36012604
CD8.EM,Resident M2,PPIA,BSG,0.0421616121506112,0,PPIA_BSG,PPIA - BSG,CypA,Secreted Signaling,PMID: 36012604
CD8.MAIT,Resident M2,PPIA,BSG,0.0411988102346644,0,PPIA_BSG,PPIA - BSG,CypA,Secreted Signaling,PMID: 36012604
CD8.NaiveLike,Resident M2,PPIA,BSG,0.0425713393983657,0,PPIA_BSG,PPIA - BSG,CypA,Secreted Signaling,PMID: 36012604
CD8.TEMRA,Resident M2,PPIA,BSG,0.0452845117970814,0,PPIA_BSG,PPIA - BSG,CypA,Secreted Signaling,PMID: 36012604
CD8.TEX,Resident M2,PPIA,BSG,0.0446410808661984,0,PPIA_BSG,PPIA - BSG,CypA,Secreted Signaling,PMID: 36012604
CD8.TPEX,Resident M2,PPIA,BSG,0.0443797601242424,0,PPIA_BSG,PPIA - BSG,CypA,Secreted Signaling,PMID: 36012604
Classical Mono-derived,Resident M2,PPIA,BSG,0.0499918163464029,0,PPIA_BSG,PPIA - BSG,CypA,Secreted Signaling,PMID: 36012604
IFN-stimulated,Resident M2,PPIA,BSG,0.048171658307736,0,PPIA_BSG,PPIA - BSG,CypA,Secreted Signaling,PMID: 36012604
Inflammatory Mono-derived,Resident M2,PPIA,BSG,0.0493099363542369,0,PPIA_BSG,PPIA - BSG,CypA,Secreted Signaling,PMID: 36012604
Lipid-associated,Resident M2,PPIA,BSG,0.0494495346533249,0,PPIA_BSG,PPIA - BSG,CypA,Secreted Signaling,PMID: 36012604
Proliferating,Resident M2,PPIA,BSG,0.0522914200926825,0,PPIA_BSG,PPIA - BSG,CypA,Secreted Signaling,PMID: 36012604
Resident M2,Resident M2,PPIA,BSG,0.0438660346401071,0,PPIA_BSG,PPIA - BSG,CypA,Secreted Signaling,PMID: 36012604
Stress-response,Resident M2,PPIA,BSG,0.0501109806735484,0,PPIA_BSG,PPIA - BSG,CypA,Secreted Signaling,PMID: 36012604
CD8.CM,Stress-response,PPIA,BSG,0.0567706299214226,0,PPIA_BSG,PPIA - BSG,CypA,Secreted Signaling,PMID: 36012604
CD8.EM,Stress-response,PPIA,BSG,0.0566410747147921,0,PPIA_BSG,PPIA - BSG,CypA,Secreted Signaling,PMID: 36012604
CD8.MAIT,Stress-response,PPIA,BSG,0.0553667330171792,0,PPIA_BSG,PPIA - BSG,CypA,Secreted Signaling,PMID: 36012604
CD8.NaiveLike,Stress-response,PPIA,BSG,0.0571831131107645,0,PPIA_BSG,PPIA - BSG,CypA,Secreted Signaling,PMID: 36012604
CD8.TEMRA,Stress-response,PPIA,BSG,0.060768422087878,0,PPIA_BSG,PPIA - BSG,CypA,Secreted Signaling,PMID: 36012604
CD8.TEX,Stress-response,PPIA,BSG,0.0599187937052782,0,PPIA_BSG,PPIA - BSG,CypA,Secreted Signaling,PMID: 36012604
CD8.TPEX,Stress-response,PPIA,BSG,0.0595736168182051,0,PPIA_BSG,PPIA - BSG,CypA,Secreted Signaling,PMID: 36012604
Classical Mono-derived,Stress-response,PPIA,BSG,0.0669723640668873,0,PPIA_BSG,PPIA - BSG,CypA,Secreted Signaling,PMID: 36012604
IFN-stimulated,Stress-response,PPIA,BSG,0.064575984020231,0,PPIA_BSG,PPIA - BSG,CypA,Secreted Signaling,PMID: 36012604
Inflammatory Mono-derived,Stress-response,PPIA,BSG,0.0660749813196792,0,PPIA_BSG,PPIA - BSG,CypA,Secreted Signaling,PMID: 36012604
Lipid-associated,Stress-response,PPIA,BSG,0.0662587341797303,0,PPIA_BSG,PPIA - BSG,CypA,Secreted Signaling,PMID: 36012604
Proliferating,Stress-response,PPIA,BSG,0.0699955158397232,0,PPIA_BSG,PPIA - BSG,CypA,Secreted Signaling,PMID: 36012604
Resident M2,Stress-response,PPIA,BSG,0.0588948516773073,0,PPIA_BSG,PPIA - BSG,CypA,Secreted Signaling,PMID: 36012604
Stress-response,Stress-response,PPIA,BSG,0.0671291444192812,0,PPIA_BSG,PPIA - BSG,CypA,Secreted Signaling,PMID: 36012604
Classical Mono-derived,Classical Mono-derived,PLAU,PLAUR,0.00947452779487746,0,PLAU_PLAUR,PLAU - PLAUR,PLAU,Secreted Signaling,uniprot
IFN-stimulated,Classical Mono-derived,PLAU,PLAUR,0.00951603841610746,0,PLAU_PLAUR,PLAU - PLAUR,PLAU,Secreted Signaling,uniprot
Inflammatory Mono-derived,Classical Mono-derived,PLAU,PLAUR,0.0082550141281227,0,PLAU_PLAUR,PLAU - PLAUR,PLAU,Secreted Signaling,uniprot
Lipid-associated,Classical Mono-derived,PLAU,PLAUR,0.0128686793572072,0,PLAU_PLAUR,PLAU - PLAUR,PLAU,Secreted Signaling,uniprot
Proliferating,Classical Mono-derived,PLAU,PLAUR,0.0194584582053592,0,PLAU_PLAUR,PLAU - PLAUR,PLAU,Secreted Signaling,uniprot
Resident M2,Classical Mono-derived,PLAU,PLAUR,0.0358854713610567,0,PLAU_PLAUR,PLAU - PLAUR,PLAU,Secreted Signaling,uniprot
Stress-response,Classical Mono-derived,PLAU,PLAUR,0.00905196109541866,0,PLAU_PLAUR,PLAU - PLAUR,PLAU,Secreted Signaling,uniprot
Classical Mono-derived,IFN-stimulated,PLAU,PLAUR,0.0134774704179425,0,PLAU_PLAUR,PLAU - PLAUR,PLAU,Secreted Signaling,uniprot
IFN-stimulated,IFN-stimulated,PLAU,PLAUR,0.0135362794073047,0,PLAU_PLAUR,PLAU - PLAUR,PLAU,Secreted Signaling,uniprot
Inflammatory Mono-derived,IFN-stimulated,PLAU,PLAUR,0.0117488294204204,0,PLAU_PLAUR,PLAU - PLAUR,PLAU,Secreted Signaling,uniprot
Lipid-associated,IFN-stimulated,PLAU,PLAUR,0.0182791714691991,0,PLAU_PLAUR,PLAU - PLAUR,PLAU,Secreted Signaling,uniprot
Proliferating,IFN-stimulated,PLAU,PLAUR,0.0275621897520894,0,PLAU_PLAUR,PLAU - PLAUR,PLAU,Secreted Signaling,uniprot
Resident M2,IFN-stimulated,PLAU,PLAUR,0.0504782619412489,0,PLAU_PLAUR,PLAU - PLAUR,PLAU,Secreted Signaling,uniprot
Stress-response,IFN-stimulated,PLAU,PLAUR,0.0128786925682848,0,PLAU_PLAUR,PLAU - PLAUR,PLAU,Secreted Signaling,uniprot
Classical Mono-derived,Inflammatory Mono-derived,PLAU,PLAUR,0.0166591426770041,0,PLAU_PLAUR,PLAU - PLAUR,PLAU,Secreted Signaling,uniprot
IFN-stimulated,Inflammatory Mono-derived,PLAU,PLAUR,0.016731599442197,0,PLAU_PLAUR,PLAU - PLAUR,PLAU,Secreted Signaling,uniprot
Inflammatory Mono-derived,Inflammatory Mono-derived,PLAU,PLAUR,0.014528425369382,0,PLAU_PLAUR,PLAU - PLAUR,PLAU,Secreted Signaling,uniprot
Lipid-associated,Inflammatory Mono-derived,PLAU,PLAUR,0.0225684655484639,0,PLAU_PLAUR,PLAU - PLAUR,PLAU,Secreted Signaling,uniprot
Proliferating,Inflammatory Mono-derived,PLAU,PLAUR,0.0339544477244539,0,PLAU_PLAUR,PLAU - PLAUR,PLAU,Secreted Signaling,uniprot
Resident M2,Inflammatory Mono-derived,PLAU,PLAUR,0.0618472269394924,0,PLAU_PLAUR,PLAU - PLAUR,PLAU,Secreted Signaling,uniprot
Stress-response,Inflammatory Mono-derived,PLAU,PLAUR,0.0159212906134191,0,PLAU_PLAUR,PLAU - PLAUR,PLAU,Secreted Signaling,uniprot
Classical Mono-derived,Lipid-associated,PLAU,PLAUR,0.00893561269218529,0,PLAU_PLAUR,PLAU - PLAUR,PLAU,Secreted Signaling,uniprot
IFN-stimulated,Lipid-associated,PLAU,PLAUR,0.00897478356534878,0,PLAU_PLAUR,PLAU - PLAUR,PLAU,Secreted Signaling,uniprot
Inflammatory Mono-derived,Lipid-associated,PLAU,PLAUR,0.00778492029516484,0,PLAU_PLAUR,PLAU - PLAUR,PLAU,Secreted Signaling,uniprot
Lipid-associated,Lipid-associated,PLAU,PLAUR,0.0121390694890695,0,PLAU_PLAUR,PLAU - PLAUR,PLAU,Secreted Signaling,uniprot
Proliferating,Lipid-associated,PLAU,PLAUR,0.0183621804098923,0,PLAU_PLAUR,PLAU - PLAUR,PLAU,Secreted Signaling,uniprot
Resident M2,Lipid-associated,PLAU,PLAUR,0.0338956981439502,0,PLAU_PLAUR,PLAU - PLAUR,PLAU,Secreted Signaling,uniprot
Stress-response,Lipid-associated,PLAU,PLAUR,0.00853687461024892,0,PLAU_PLAUR,PLAU - PLAUR,PLAU,Secreted Signaling,uniprot
Classical Mono-derived,Proliferating,PLAU,PLAUR,0.0108187330331758,0,PLAU_PLAUR,PLAU - PLAUR,PLAU,Secreted Signaling,uniprot
IFN-stimulated,Proliferating,PLAU,PLAUR,0.0108660683965669,0,PLAU_PLAUR,PLAU - PLAUR,PLAU,Secreted Signaling,uniprot
Inflammatory Mono-derived,Proliferating,PLAU,PLAUR,0.00942784681710256,0,PLAU_PLAUR,PLAU - PLAUR,PLAU,Secreted Signaling,uniprot
Lipid-associated,Proliferating,PLAU,PLAUR,0.0146872919341763,0,PLAU_PLAUR,PLAU - PLAUR,PLAU,Secreted Signaling,uniprot
Proliferating,Proliferating,PLAU,PLAUR,0.0221874119593201,0,PLAU_PLAUR,PLAU - PLAUR,PLAU,Secreted Signaling,uniprot
Resident M2,Proliferating,PLAU,PLAUR,0.040822320376707,0,PLAU_PLAUR,PLAU - PLAUR,PLAU,Secreted Signaling,uniprot
Stress-response,Proliferating,PLAU,PLAUR,0.0103368400298622,0,PLAU_PLAUR,PLAU - PLAUR,PLAU,Secreted Signaling,uniprot
Classical Mono-derived,Resident M2,PLAU,PLAUR,0.0149139551566298,0,PLAU_PLAUR,PLAU - PLAUR,PLAU,Secreted Signaling,uniprot
IFN-stimulated,Resident M2,PLAU,PLAUR,0.0149789370799299,0,PLAU_PLAUR,PLAU - PLAUR,PLAU,Secreted Signaling,uniprot
Inflammatory Mono-derived,Resident M2,PLAU,PLAUR,0.0130034969962528,0,PLAU_PLAUR,PLAU - PLAUR,PLAU,Secreted Signaling,uniprot
Lipid-associated,Resident M2,PLAU,PLAUR,0.0202169533455383,0,PLAU_PLAUR,PLAU - PLAUR,PLAU,Secreted Signaling,uniprot
Proliferating,Resident M2,PLAU,PLAUR,0.0304535406768156,0,PLAU_PLAUR,PLAU - PLAUR,PLAU,Secreted Signaling,uniprot
Resident M2,Resident M2,PLAU,PLAUR,0.0556360353892621,0,PLAU_PLAUR,PLAU - PLAUR,PLAU,Secreted Signaling,uniprot
Stress-response,Resident M2,PLAU,PLAUR,0.0142522790884543,0,PLAU_PLAUR,PLAU - PLAUR,PLAU,Secreted Signaling,uniprot
Classical Mono-derived,Stress-response,PLAU,PLAUR,0.0131178150690231,0,PLAU_PLAUR,PLAU - PLAUR,PLAU,Secreted Signaling,uniprot
IFN-stimulated,Stress-response,PLAU,PLAUR,0.0131750756598857,0,PLAU_PLAUR,PLAU - PLAUR,PLAU,Secreted Signaling,uniprot
Inflammatory Mono-derived,Stress-response,PLAU,PLAUR,0.0114347693258113,0,PLAU_PLAUR,PLAU - PLAUR,PLAU,Secreted Signaling,uniprot
Lipid-associated,Stress-response,PLAU,PLAUR,0.01779369067522,0,PLAU_PLAUR,PLAU - PLAUR,PLAU,Secreted Signaling,uniprot
Proliferating,Stress-response,PLAU,PLAUR,0.0268368989345991,0,PLAU_PLAUR,PLAU - PLAUR,PLAU,Secreted Signaling,uniprot
Resident M2,Stress-response,PLAU,PLAUR,0.0491804393557045,0,PLAU_PLAUR,PLAU - PLAUR,PLAU,Secreted Signaling,uniprot
Stress-response,Stress-response,PLAU,PLAUR,0.0125348129809655,0,PLAU_PLAUR,PLAU - PLAUR,PLAU,Secreted Signaling,uniprot
Classical Mono-derived,CD8.CM,FN1,ITGA4_ITGB1,0.00585982998569649,0,FN1_ITGA4_ITGB1,FN1 - (ITGA4+ITGB1),FN1,ECM-Receptor,KEGG: hsa04512
IFN-stimulated,CD8.CM,FN1,ITGA4_ITGB1,0.0101747200251963,0,FN1_ITGA4_ITGB1,FN1 - (ITGA4+ITGB1),FN1,ECM-Receptor,KEGG: hsa04512
Inflammatory Mono-derived,CD8.CM,FN1,ITGA4_ITGB1,0.00549546469953772,0,FN1_ITGA4_ITGB1,FN1 - (ITGA4+ITGB1),FN1,ECM-Receptor,KEGG: hsa04512
Lipid-associated,CD8.CM,FN1,ITGA4_ITGB1,0.00435819193028406,0,FN1_ITGA4_ITGB1,FN1 - (ITGA4+ITGB1),FN1,ECM-Receptor,KEGG: hsa04512
Proliferating,CD8.CM,FN1,ITGA4_ITGB1,0.0144388034380771,0,FN1_ITGA4_ITGB1,FN1 - (ITGA4+ITGB1),FN1,ECM-Receptor,KEGG: hsa04512
Resident M2,CD8.CM,FN1,ITGA4_ITGB1,0.00528152240537966,0,FN1_ITGA4_ITGB1,FN1 - (ITGA4+ITGB1),FN1,ECM-Receptor,KEGG: hsa04512
Stress-response,CD8.CM,FN1,ITGA4_ITGB1,0.00966395619200467,0,FN1_ITGA4_ITGB1,FN1 - (ITGA4+ITGB1),FN1,ECM-Receptor,KEGG: hsa04512
Classical Mono-derived,CD8.EM,FN1,ITGA4_ITGB1,0.00583230608374926,0,FN1_ITGA4_ITGB1,FN1 - (ITGA4+ITGB1),FN1,ECM-Receptor,KEGG: hsa04512
IFN-stimulated,CD8.EM,FN1,ITGA4_ITGB1,0.0101271353371319,0,FN1_ITGA4_ITGB1,FN1 - (ITGA4+ITGB1),FN1,ECM-Receptor,KEGG: hsa04512
Inflammatory Mono-derived,CD8.EM,FN1,ITGA4_ITGB1,0.00546964282263234,0,FN1_ITGA4_ITGB1,FN1 - (ITGA4+ITGB1),FN1,ECM-Receptor,KEGG: hsa04512
Lipid-associated,CD8.EM,FN1,ITGA4_ITGB1,0.0043376905189432,0,FN1_ITGA4_ITGB1,FN1 - (ITGA4+ITGB1),FN1,ECM-Receptor,KEGG: hsa04512
Proliferating,CD8.EM,FN1,ITGA4_ITGB1,0.0143715662151335,0,FN1_ITGA4_ITGB1,FN1 - (ITGA4+ITGB1),FN1,ECM-Receptor,KEGG: hsa04512
Resident M2,CD8.EM,FN1,ITGA4_ITGB1,0.00525670047867733,0,FN1_ITGA4_ITGB1,FN1 - (ITGA4+ITGB1),FN1,ECM-Receptor,KEGG: hsa04512
Stress-response,CD8.EM,FN1,ITGA4_ITGB1,0.00961873700938668,0,FN1_ITGA4_ITGB1,FN1 - (ITGA4+ITGB1),FN1,ECM-Receptor,KEGG: hsa04512
Classical Mono-derived,CD8.NaiveLike,FN1,ITGA4_ITGB1,0.00655198994626697,0,FN1_ITGA4_ITGB1,FN1 - (ITGA4+ITGB1),FN1,ECM-Receptor,KEGG: hsa04512
IFN-stimulated,CD8.NaiveLike,FN1,ITGA4_ITGB1,0.0113707229677684,0,FN1_ITGA4_ITGB1,FN1 - (ITGA4+ITGB1),FN1,ECM-Receptor,KEGG: hsa04512
Inflammatory Mono-derived,CD8.NaiveLike,FN1,ITGA4_ITGB1,0.00614485205371347,0,FN1_ITGA4_ITGB1,FN1 - (ITGA4+ITGB1),FN1,ECM-Receptor,KEGG: hsa04512
Lipid-associated,CD8.NaiveLike,FN1,ITGA4_ITGB1,0.00487384879607111,0,FN1_ITGA4_ITGB1,FN1 - (ITGA4+ITGB1),FN1,ECM-Receptor,KEGG: hsa04512
Proliferating,CD8.NaiveLike,FN1,ITGA4_ITGB1,0.0161278677147828,0,FN1_ITGA4_ITGB1,FN1 - (ITGA4+ITGB1),FN1,ECM-Receptor,KEGG: hsa04512
Resident M2,CD8.NaiveLike,FN1,ITGA4_ITGB1,0.00590577878415468,0,FN1_ITGA4_ITGB1,FN1 - (ITGA4+ITGB1),FN1,ECM-Receptor,KEGG: hsa04512
Stress-response,CD8.NaiveLike,FN1,ITGA4_ITGB1,0.0108005757389753,0,FN1_ITGA4_ITGB1,FN1 - (ITGA4+ITGB1),FN1,ECM-Receptor,KEGG: hsa04512
Classical Mono-derived,CD8.TEMRA,FN1,ITGA4_ITGB1,0.00620379955083687,0,FN1_ITGA4_ITGB1,FN1 - (ITGA4+ITGB1),FN1,ECM-Receptor,KEGG: hsa04512
IFN-stimulated,CD8.TEMRA,FN1,ITGA4_ITGB1,0.0107692280959076,0,FN1_ITGA4_ITGB1,FN1 - (ITGA4+ITGB1),FN1,ECM-Receptor,KEGG: hsa04512
Inflammatory Mono-derived,CD8.TEMRA,FN1,ITGA4_ITGB1,0.0058181713480974,0,FN1_ITGA4_ITGB1,FN1 - (ITGA4+ITGB1),FN1,ECM-Receptor,KEGG: hsa04512
Lipid-associated,CD8.TEMRA,FN1,ITGA4_ITGB1,0.00461442510909839,0,FN1_ITGA4_ITGB1,FN1 - (ITGA4+ITGB1),FN1,ECM-Receptor,KEGG: hsa04512
Proliferating,CD8.TEMRA,FN1,ITGA4_ITGB1,0.0152786157610044,0,FN1_ITGA4_ITGB1,FN1 - (ITGA4+ITGB1),FN1,ECM-Receptor,KEGG: hsa04512
Resident M2,CD8.TEMRA,FN1,ITGA4_ITGB1,0.0055917364961022,0,FN1_ITGA4_ITGB1,FN1 - (ITGA4+ITGB1),FN1,ECM-Receptor,KEGG: hsa04512
Stress-response,CD8.TEMRA,FN1,ITGA4_ITGB1,0.0102289287821206,0,FN1_ITGA4_ITGB1,FN1 - (ITGA4+ITGB1),FN1,ECM-Receptor,KEGG: hsa04512
Classical Mono-derived,CD8.TEX,FN1,ITGA4_ITGB1,0.01478493751251,0,FN1_ITGA4_ITGB1,FN1 - (ITGA4+ITGB1),FN1,ECM-Receptor,KEGG: hsa04512
IFN-stimulated,CD8.TEX,FN1,ITGA4_ITGB1,0.0255032414388304,0,FN1_ITGA4_ITGB1,FN1 - (ITGA4+ITGB1),FN1,ECM-Receptor,KEGG: hsa04512
Inflammatory Mono-derived,CD8.TEX,FN1,ITGA4_ITGB1,0.013873352033487,0,FN1_ITGA4_ITGB1,FN1 - (ITGA4+ITGB1),FN1,ECM-Receptor,KEGG: hsa04512
Lipid-associated,CD8.TEX,FN1,ITGA4_ITGB1,0.0110215107908688,0,FN1_ITGA4_ITGB1,FN1 - (ITGA4+ITGB1),FN1,ECM-Receptor,KEGG: hsa04512
Proliferating,CD8.TEX,FN1,ITGA4_ITGB1,0.0359579275415942,0,FN1_ITGA4_ITGB1,FN1 - (ITGA4+ITGB1),FN1,ECM-Receptor,KEGG: hsa04512
Resident M2,CD8.TEX,FN1,ITGA4_ITGB1,0.0133376269098821,0,FN1_ITGA4_ITGB1,FN1 - (ITGA4+ITGB1),FN1,ECM-Receptor,KEGG: hsa04512
Stress-response,CD8.TEX,FN1,ITGA4_ITGB1,0.0242418419299746,0,FN1_ITGA4_ITGB1,FN1 - (ITGA4+ITGB1),FN1,ECM-Receptor,KEGG: hsa04512
Classical Mono-derived,CD8.TPEX,FN1,ITGA4_ITGB1,0.0087518064611845,0,FN1_ITGA4_ITGB1,FN1 - (ITGA4+ITGB1),FN1,ECM-Receptor,KEGG: hsa04512
IFN-stimulated,CD8.TPEX,FN1,ITGA4_ITGB1,0.0151637238431377,0,FN1_ITGA4_ITGB1,FN1 - (ITGA4+ITGB1),FN1,ECM-Receptor,KEGG: hsa04512
Inflammatory Mono-derived,CD8.TPEX,FN1,ITGA4_ITGB1,0.00820910244752912,0,FN1_ITGA4_ITGB1,FN1 - (ITGA4+ITGB1),FN1,ECM-Receptor,KEGG: hsa04512
Lipid-associated,CD8.TPEX,FN1,ITGA4_ITGB1,0.00651392739601644,0,FN1_ITGA4_ITGB1,FN1 - (ITGA4+ITGB1),FN1,ECM-Receptor,KEGG: hsa04512
Proliferating,CD8.TPEX,FN1,ITGA4_ITGB1,0.0214732709563476,0,FN1_ITGA4_ITGB1,FN1 - (ITGA4+ITGB1),FN1,ECM-Receptor,KEGG: hsa04512
Resident M2,CD8.TPEX,FN1,ITGA4_ITGB1,0.00789035450639207,0,FN1_ITGA4_ITGB1,FN1 - (ITGA4+ITGB1),FN1,ECM-Receptor,KEGG: hsa04512
Stress-response,CD8.TPEX,FN1,ITGA4_ITGB1,0.0144061605364761,0,FN1_ITGA4_ITGB1,FN1 - (ITGA4+ITGB1),FN1,ECM-Receptor,KEGG: hsa04512
Classical Mono-derived,Classical Mono-derived,FN1,ITGA4_ITGB1,0.0117708222997457,0,FN1_ITGA4_ITGB1,FN1 - (ITGA4+ITGB1),FN1,ECM-Receptor,KEGG: hsa04512
IFN-stimulated,Classical Mono-derived,FN1,ITGA4_ITGB1,0.0203491826166359,0,FN1_ITGA4_ITGB1,FN1 - (ITGA4+ITGB1),FN1,ECM-Receptor,KEGG: hsa04512
Inflammatory Mono-derived,Classical Mono-derived,FN1,ITGA4_ITGB1,0.0110429931830254,0,FN1_ITGA4_ITGB1,FN1 - (ITGA4+ITGB1),FN1,ECM-Receptor,KEGG: hsa04512
Lipid-associated,Classical Mono-derived,FN1,ITGA4_ITGB1,0.00876779463833906,0,FN1_ITGA4_ITGB1,FN1 - (ITGA4+ITGB1),FN1,ECM-Receptor,KEGG: hsa04512
Proliferating,Classical Mono-derived,FN1,ITGA4_ITGB1,0.0287533775759102,0,FN1_ITGA4_ITGB1,FN1 - (ITGA4+ITGB1),FN1,ECM-Receptor,KEGG: hsa04512
Resident M2,Classical Mono-derived,FN1,ITGA4_ITGB1,0.0106153869799501,0,FN1_ITGA4_ITGB1,FN1 - (ITGA4+ITGB1),FN1,ECM-Receptor,KEGG: hsa04512
Stress-response,Classical Mono-derived,FN1,ITGA4_ITGB1,0.0193376461194656,0,FN1_ITGA4_ITGB1,FN1 - (ITGA4+ITGB1),FN1,ECM-Receptor,KEGG: hsa04512
Classical Mono-derived,IFN-stimulated,FN1,ITGA4_ITGB1,0.00683154084006507,0,FN1_ITGA4_ITGB1,FN1 - (ITGA4+ITGB1),FN1,ECM-Receptor,KEGG: hsa04512
IFN-stimulated,IFN-stimulated,FN1,ITGA4_ITGB1,0.0118534195176763,0,FN1_ITGA4_ITGB1,FN1 - (ITGA4+ITGB1),FN1,ECM-Receptor,KEGG: hsa04512
Inflammatory Mono-derived,IFN-stimulated,FN1,ITGA4_ITGB1,0.00640714380650376,0,FN1_ITGA4_ITGB1,FN1 - (ITGA4+ITGB1),FN1,ECM-Receptor,KEGG: hsa04512
Lipid-associated,IFN-stimulated,FN1,ITGA4_ITGB1,0.00508216545982098,0,FN1_ITGA4_ITGB1,FN1 - (ITGA4+ITGB1),FN1,ECM-Receptor,KEGG: hsa04512
Proliferating,IFN-stimulated,FN1,ITGA4_ITGB1,0.0168090754293261,0,FN1_ITGA4_ITGB1,FN1 - (ITGA4+ITGB1),FN1,ECM-Receptor,KEGG: hsa04512
Resident M2,IFN-stimulated,FN1,ITGA4_ITGB1,0.00615792897227037,0,FN1_ITGA4_ITGB1,FN1 - (ITGA4+ITGB1),FN1,ECM-Receptor,KEGG: hsa04512
Stress-response,IFN-stimulated,FN1,ITGA4_ITGB1,0.0112593447163886,0,FN1_ITGA4_ITGB1,FN1 - (ITGA4+ITGB1),FN1,ECM-Receptor,KEGG: hsa04512
Classical Mono-derived,Inflammatory Mono-derived,FN1,ITGA4_ITGB1,0.00691524253835184,0,FN1_ITGA4_ITGB1,FN1 - (ITGA4+ITGB1),FN1,ECM-Receptor,KEGG: hsa04512
IFN-stimulated,Inflammatory Mono-derived,FN1,ITGA4_ITGB1,0.0119979071932757,0,FN1_ITGA4_ITGB1,FN1 - (ITGA4+ITGB1),FN1,ECM-Receptor,KEGG: hsa04512
Inflammatory Mono-derived,Inflammatory Mono-derived,FN1,ITGA4_ITGB1,0.00648567964552815,0,FN1_ITGA4_ITGB1,FN1 - (ITGA4+ITGB1),FN1,ECM-Receptor,KEGG: hsa04512
Lipid-associated,Inflammatory Mono-derived,FN1,ITGA4_ITGB1,0.00514454441135734,0,FN1_ITGA4_ITGB1,FN1 - (ITGA4+ITGB1),FN1,ECM-Receptor,KEGG: hsa04512
Proliferating,Inflammatory Mono-derived,FN1,ITGA4_ITGB1,0.0170129302171602,0,FN1_ITGA4_ITGB1,FN1 - (ITGA4+ITGB1),FN1,ECM-Receptor,KEGG: hsa04512
Resident M2,Inflammatory Mono-derived,FN1,ITGA4_ITGB1,0.00623342921424239,0,FN1_ITGA4_ITGB1,FN1 - (ITGA4+ITGB1),FN1,ECM-Receptor,KEGG: hsa04512
Stress-response,Inflammatory Mono-derived,FN1,ITGA4_ITGB1,0.0113966744151834,0,FN1_ITGA4_ITGB1,FN1 - (ITGA4+ITGB1),FN1,ECM-Receptor,KEGG: hsa04512
Classical Mono-derived,Lipid-associated,FN1,ITGA4_ITGB1,0.00624487331270383,0,FN1_ITGA4_ITGB1,FN1 - (ITGA4+ITGB1),FN1,ECM-Receptor,KEGG: hsa04512
IFN-stimulated,Lipid-associated,FN1,ITGA4_ITGB1,0.0108401986794153,0,FN1_ITGA4_ITGB1,FN1 - (ITGA4+ITGB1),FN1,ECM-Receptor,KEGG: hsa04512
Inflammatory Mono-derived,Lipid-associated,FN1,ITGA4_ITGB1,0.00585670701114466,0,FN1_ITGA4_ITGB1,FN1 - (ITGA4+ITGB1),FN1,ECM-Receptor,KEGG: hsa04512
Lipid-associated,Lipid-associated,FN1,ITGA4_ITGB1,0.00464502521538777,0,FN1_ITGA4_ITGB1,FN1 - (ITGA4+ITGB1),FN1,ECM-Receptor,KEGG: hsa04512
Proliferating,Lipid-associated,FN1,ITGA4_ITGB1,0.0153788417879166,0,FN1_ITGA4_ITGB1,FN1 - (ITGA4+ITGB1),FN1,ECM-Receptor,KEGG: hsa04512
Resident M2,Lipid-associated,FN1,ITGA4_ITGB1,0.00562878089780794,0,FN1_ITGA4_ITGB1,FN1 - (ITGA4+ITGB1),FN1,ECM-Receptor,KEGG: hsa04512
Stress-response,Lipid-associated,FN1,ITGA4_ITGB1,0.0102963757852153,0,FN1_ITGA4_ITGB1,FN1 - (ITGA4+ITGB1),FN1,ECM-Receptor,KEGG: hsa04512
Classical Mono-derived,Proliferating,FN1,ITGA4_ITGB1,0.00894217135992269,0,FN1_ITGA4_ITGB1,FN1 - (ITGA4+ITGB1),FN1,ECM-Receptor,KEGG: hsa04512
IFN-stimulated,Proliferating,FN1,ITGA4_ITGB1,0.0154913779087457,0,FN1_ITGA4_ITGB1,FN1 - (ITGA4+ITGB1),FN1,ECM-Receptor,KEGG: hsa04512
Inflammatory Mono-derived,Proliferating,FN1,ITGA4_ITGB1,0.00838776260972272,0,FN1_ITGA4_ITGB1,FN1 - (ITGA4+ITGB1),FN1,ECM-Receptor,KEGG: hsa04512
Lipid-associated,Proliferating,FN1,ITGA4_ITGB1,0.00665594192657186,0,FN1_ITGA4_ITGB1,FN1 - (ITGA4+ITGB1),FN1,ECM-Receptor,KEGG: hsa04512
Proliferating,Proliferating,FN1,ITGA4_ITGB1,0.0219342237352258,0,FN1_ITGA4_ITGB1,FN1 - (ITGA4+ITGB1),FN1,ECM-Receptor,KEGG: hsa04512
Resident M2,Proliferating,FN1,ITGA4_ITGB1,0.00806213393585914,0,FN1_ITGA4_ITGB1,FN1 - (ITGA4+ITGB1),FN1,ECM-Receptor,KEGG: hsa04512
Stress-response,Proliferating,FN1,ITGA4_ITGB1,0.0147176899848775,0,FN1_ITGA4_ITGB1,FN1 - (ITGA4+ITGB1),FN1,ECM-Receptor,KEGG: hsa04512
Classical Mono-derived,Resident M2,FN1,ITGA4_ITGB1,0.012445426764675,0,FN1_ITGA4_ITGB1,FN1 - (ITGA4+ITGB1),FN1,ECM-Receptor,KEGG: hsa04512
IFN-stimulated,Resident M2,FN1,ITGA4_ITGB1,0.0215047279930149,0,FN1_ITGA4_ITGB1,FN1 - (ITGA4+ITGB1),FN1,ECM-Receptor,KEGG: hsa04512
Inflammatory Mono-derived,Resident M2,FN1,ITGA4_ITGB1,0.0116763774673094,0,FN1_ITGA4_ITGB1,FN1 - (ITGA4+ITGB1),FN1,ECM-Receptor,KEGG: hsa04512
Lipid-associated,Resident M2,FN1,ITGA4_ITGB1,0.00927190561165617,0,FN1_ITGA4_ITGB1,FN1 - (ITGA4+ITGB1),FN1,ECM-Receptor,KEGG: hsa04512
Proliferating,Resident M2,FN1,ITGA4_ITGB1,0.0303713667169232,0,FN1_ITGA4_ITGB1,FN1 - (ITGA4+ITGB1),FN1,ECM-Receptor,KEGG: hsa04512
Resident M2,Resident M2,FN1,ITGA4_ITGB1,0.0112245237564149,0,FN1_ITGA4_ITGB1,FN1 - (ITGA4+ITGB1),FN1,ECM-Receptor,KEGG: hsa04512
Stress-response,Resident M2,FN1,ITGA4_ITGB1,0.0204369488509056,0,FN1_ITGA4_ITGB1,FN1 - (ITGA4+ITGB1),FN1,ECM-Receptor,KEGG: hsa04512
Classical Mono-derived,Stress-response,FN1,ITGA4_ITGB1,0.00546546071778656,0,FN1_ITGA4_ITGB1,FN1 - (ITGA4+ITGB1),FN1,ECM-Receptor,KEGG: hsa04512
IFN-stimulated,Stress-response,FN1,ITGA4_ITGB1,0.00949272954342945,0,FN1_ITGA4_ITGB1,FN1 - (ITGA4+ITGB1),FN1,ECM-Receptor,KEGG: hsa04512
Inflammatory Mono-derived,Stress-response,FN1,ITGA4_ITGB1,0.00512549095599617,0,FN1_ITGA4_ITGB1,FN1 - (ITGA4+ITGB1),FN1,ECM-Receptor,KEGG: hsa04512
Lipid-associated,Stress-response,FN1,ITGA4_ITGB1,0.00406447041758486,0,FN1_ITGA4_ITGB1,FN1 - (ITGA4+ITGB1),FN1,ECM-Receptor,KEGG: hsa04512
Proliferating,Stress-response,FN1,ITGA4_ITGB1,0.0134748911303907,0,FN1_ITGA4_ITGB1,FN1 - (ITGA4+ITGB1),FN1,ECM-Receptor,KEGG: hsa04512
Resident M2,Stress-response,FN1,ITGA4_ITGB1,0.00492588065792545,0,FN1_ITGA4_ITGB1,FN1 - (ITGA4+ITGB1),FN1,ECM-Receptor,KEGG: hsa04512
Stress-response,Stress-response,FN1,ITGA4_ITGB1,0.00901588931988547,0,FN1_ITGA4_ITGB1,FN1 - (ITGA4+ITGB1),FN1,ECM-Receptor,KEGG: hsa04512
Classical Mono-derived,Classical Mono-derived,FN1,ITGA5_ITGB1,0.00655805868292088,0,FN1_ITGA5_ITGB1,FN1 - (ITGA5+ITGB1),FN1,ECM-Receptor,KEGG: hsa04512
IFN-stimulated,Classical Mono-derived,FN1,ITGA5_ITGB1,0.0113812038905312,0,FN1_ITGA5_ITGB1,FN1 - (ITGA5+ITGB1),FN1,ECM-Receptor,KEGG: hsa04512
Inflammatory Mono-derived,Classical Mono-derived,FN1,ITGA5_ITGB1,0.00615054601635236,0,FN1_ITGA5_ITGB1,FN1 - (ITGA5+ITGB1),FN1,ECM-Receptor,KEGG: hsa04512
Lipid-associated,Classical Mono-derived,FN1,ITGA5_ITGB1,0.00487837079855125,0,FN1_ITGA5_ITGB1,FN1 - (ITGA5+ITGB1),FN1,ECM-Receptor,KEGG: hsa04512
Proliferating,Classical Mono-derived,FN1,ITGA5_ITGB1,0.0161426619207382,0,FN1_ITGA5_ITGB1,FN1 - (ITGA5+ITGB1),FN1,ECM-Receptor,KEGG: hsa04512
Resident M2,Classical Mono-derived,FN1,ITGA5_ITGB1,0.00591125253357042,0,FN1_ITGA5_ITGB1,FN1 - (ITGA5+ITGB1),FN1,ECM-Receptor,KEGG: hsa04512
Stress-response,Classical Mono-derived,FN1,ITGA5_ITGB1,0.0108105368772094,0,FN1_ITGA5_ITGB1,FN1 - (ITGA5+ITGB1),FN1,ECM-Receptor,KEGG: hsa04512
Classical Mono-derived,IFN-stimulated,FN1,ITGA5_ITGB1,0.00589333405674004,0,FN1_ITGA5_ITGB1,FN1 - (ITGA5+ITGB1),FN1,ECM-Receptor,KEGG: hsa04512
IFN-stimulated,IFN-stimulated,FN1,ITGA5_ITGB1,0.0102326409082261,0,FN1_ITGA5_ITGB1,FN1 - (ITGA5+ITGB1),FN1,ECM-Receptor,KEGG: hsa04512
Inflammatory Mono-derived,IFN-stimulated,FN1,ITGA5_ITGB1,0.00552689706338998,0,FN1_ITGA5_ITGB1,FN1 - (ITGA5+ITGB1),FN1,ECM-Receptor,KEGG: hsa04512
Lipid-associated,IFN-stimulated,FN1,ITGA5_ITGB1,0.00438314811378301,0,FN1_ITGA5_ITGB1,FN1 - (ITGA5+ITGB1),FN1,ECM-Receptor,KEGG: hsa04512
Proliferating,IFN-stimulated,FN1,ITGA5_ITGB1,0.0145206420614198,0,FN1_ITGA5_ITGB1,FN1 - (ITGA5+ITGB1),FN1,ECM-Receptor,KEGG: hsa04512
Resident M2,IFN-stimulated,FN1,ITGA5_ITGB1,0.0053117376210723,0,FN1_ITGA5_ITGB1,FN1 - (ITGA5+ITGB1),FN1,ECM-Receptor,KEGG: hsa04512
Stress-response,IFN-stimulated,FN1,ITGA5_ITGB1,0.00971899803651469,0,FN1_ITGA5_ITGB1,FN1 - (ITGA5+ITGB1),FN1,ECM-Receptor,KEGG: hsa04512
Classical Mono-derived,Inflammatory Mono-derived,FN1,ITGA5_ITGB1,0.0126942446958571,0,FN1_ITGA5_ITGB1,FN1 - (ITGA5+ITGB1),FN1,ECM-Receptor,KEGG: hsa04512
IFN-stimulated,Inflammatory Mono-derived,FN1,ITGA5_ITGB1,0.0219306438590259,0,FN1_ITGA5_ITGB1,FN1 - (ITGA5+ITGB1),FN1,ECM-Receptor,KEGG: hsa04512
Inflammatory Mono-derived,Inflammatory Mono-derived,FN1,ITGA5_ITGB1,0.011910005439994,0,FN1_ITGA5_ITGB1,FN1 - (ITGA5+ITGB1),FN1,ECM-Receptor,KEGG: hsa04512
Lipid-associated,Inflammatory Mono-derived,FN1,ITGA5_ITGB1,0.00945788386308457,0,FN1_ITGA5_ITGB1,FN1 - (ITGA5+ITGB1),FN1,ECM-Receptor,KEGG: hsa04512
Proliferating,Inflammatory Mono-derived,FN1,ITGA5_ITGB1,0.03096733474982,0,FN1_ITGA5_ITGB1,FN1 - (ITGA5+ITGB1),FN1,ECM-Receptor,KEGG: hsa04512
Resident M2,Inflammatory Mono-derived,FN1,ITGA5_ITGB1,0.0114492155035159,0,FN1_ITGA5_ITGB1,FN1 - (ITGA5+ITGB1),FN1,ECM-Receptor,KEGG: hsa04512
Stress-response,Inflammatory Mono-derived,FN1,ITGA5_ITGB1,0.0208421670788865,0,FN1_ITGA5_ITGB1,FN1 - (ITGA5+ITGB1),FN1,ECM-Receptor,KEGG: hsa04512
Classical Mono-derived,Resident M2,FN1,ITGA5_ITGB1,0.00616807240168316,0,FN1_ITGA5_ITGB1,FN1 - (ITGA5+ITGB1),FN1,ECM-Receptor,KEGG: hsa04512
IFN-stimulated,Resident M2,FN1,ITGA5_ITGB1,0.0107074923134397,0,FN1_ITGA5_ITGB1,FN1 - (ITGA5+ITGB1),FN1,ECM-Receptor,KEGG: hsa04512
Inflammatory Mono-derived,Resident M2,FN1,ITGA5_ITGB1,0.0057846520719169,0,FN1_ITGA5_ITGB1,FN1 - (ITGA5+ITGB1),FN1,ECM-Receptor,KEGG: hsa04512
Lipid-associated,Resident M2,FN1,ITGA5_ITGB1,0.00458780877626285,0,FN1_ITGA5_ITGB1,FN1 - (ITGA5+ITGB1),FN1,ECM-Receptor,KEGG: hsa04512
Proliferating,Resident M2,FN1,ITGA5_ITGB1,0.0151914264007064,0,FN1_ITGA5_ITGB1,FN1 - (ITGA5+ITGB1),FN1,ECM-Receptor,KEGG: hsa04512
Resident M2,Resident M2,FN1,ITGA5_ITGB1,0.00555951444693833,0,FN1_ITGA5_ITGB1,FN1 - (ITGA5+ITGB1),FN1,ECM-Receptor,KEGG: hsa04512
Stress-response,Resident M2,FN1,ITGA5_ITGB1,0.0101702584812637,0,FN1_ITGA5_ITGB1,FN1 - (ITGA5+ITGB1),FN1,ECM-Receptor,KEGG: hsa04512
Classical Mono-derived,Stress-response,FN1,ITGA5_ITGB1,0.00642061706217149,0,FN1_ITGA5_ITGB1,FN1 - (ITGA5+ITGB1),FN1,ECM-Receptor,KEGG: hsa04512
IFN-stimulated,Stress-response,FN1,ITGA5_ITGB1,0.0111438142644497,0,FN1_ITGA5_ITGB1,FN1 - (ITGA5+ITGB1),FN1,ECM-Receptor,KEGG: hsa04512
Inflammatory Mono-derived,Stress-response,FN1,ITGA5_ITGB1,0.00602159314403229,0,FN1_ITGA5_ITGB1,FN1 - (ITGA5+ITGB1),FN1,ECM-Receptor,KEGG: hsa04512
Lipid-associated,Stress-response,FN1,ITGA5_ITGB1,0.00477596228497794,0,FN1_ITGA5_ITGB1,FN1 - (ITGA5+ITGB1),FN1,ECM-Receptor,KEGG: hsa04512
Proliferating,Stress-response,FN1,ITGA5_ITGB1,0.0158075455989922,0,FN1_ITGA5_ITGB1,FN1 - (ITGA5+ITGB1),FN1,ECM-Receptor,KEGG: hsa04512
Resident M2,Stress-response,FN1,ITGA5_ITGB1,0.00578728749403467,0,FN1_ITGA5_ITGB1,FN1 - (ITGA5+ITGB1),FN1,ECM-Receptor,KEGG: hsa04512
Stress-response,Stress-response,FN1,ITGA5_ITGB1,0.0105849228047756,0,FN1_ITGA5_ITGB1,FN1 - (ITGA5+ITGB1),FN1,ECM-Receptor,KEGG: hsa04512
Classical Mono-derived,Classical Mono-derived,FN1,ITGAV_ITGB1,0.00578835656217705,0,FN1_ITGAV_ITGB1,FN1 - (ITGAV+ITGB1),FN1,ECM-Receptor,KEGG: hsa04512
IFN-stimulated,Classical Mono-derived,FN1,ITGAV_ITGB1,0.0100511491997523,0,FN1_ITGAV_ITGB1,FN1 - (ITGAV+ITGB1),FN1,ECM-Receptor,KEGG: hsa04512
Inflammatory Mono-derived,Classical Mono-derived,FN1,ITGAV_ITGB1,0.00542841123908061,0,FN1_ITGAV_ITGB1,FN1 - (ITGAV+ITGB1),FN1,ECM-Receptor,KEGG: hsa04512
Lipid-associated,Classical Mono-derived,FN1,ITGAV_ITGB1,0.00430495494890117,0,FN1_ITGAV_ITGB1,FN1 - (ITGAV+ITGB1),FN1,ECM-Receptor,KEGG: hsa04512
Proliferating,Classical Mono-derived,FN1,ITGAV_ITGB1,0.0142641920915442,0,FN1_ITGAV_ITGB1,FN1 - (ITGAV+ITGB1),FN1,ECM-Receptor,KEGG: hsa04512
Resident M2,Classical Mono-derived,FN1,ITGAV_ITGB1,0.00521706568907276,0,FN1_ITGAV_ITGB1,FN1 - (ITGAV+ITGB1),FN1,ECM-Receptor,KEGG: hsa04512
Stress-response,Classical Mono-derived,FN1,ITGAV_ITGB1,0.00954652870816349,0,FN1_ITGAV_ITGB1,FN1 - (ITGAV+ITGB1),FN1,ECM-Receptor,KEGG: hsa04512
Classical Mono-derived,IFN-stimulated,FN1,ITGAV_ITGB1,0.00562343773252814,0,FN1_ITGAV_ITGB1,FN1 - (ITGAV+ITGB1),FN1,ECM-Receptor,KEGG: hsa04512
IFN-stimulated,IFN-stimulated,FN1,ITGAV_ITGB1,0.00976597012489522,0,FN1_ITGAV_ITGB1,FN1 - (ITGAV+ITGB1),FN1,ECM-Receptor,KEGG: hsa04512
Inflammatory Mono-derived,IFN-stimulated,FN1,ITGAV_ITGB1,0.00527369338486085,0,FN1_ITGAV_ITGB1,FN1 - (ITGAV+ITGB1),FN1,ECM-Receptor,KEGG: hsa04512
Lipid-associated,IFN-stimulated,FN1,ITGAV_ITGB1,0.00418212263908255,0,FN1_ITGAV_ITGB1,FN1 - (ITGAV+ITGB1),FN1,ECM-Receptor,KEGG: hsa04512
Proliferating,IFN-stimulated,FN1,ITGAV_ITGB1,0.0138611509910409,0,FN1_ITGAV_ITGB1,FN1 - (ITGAV+ITGB1),FN1,ECM-Receptor,KEGG: hsa04512
Resident M2,IFN-stimulated,FN1,ITGAV_ITGB1,0.00506834080308716,0,FN1_ITGAV_ITGB1,FN1 - (ITGAV+ITGB1),FN1,ECM-Receptor,KEGG: hsa04512
Stress-response,IFN-stimulated,FN1,ITGAV_ITGB1,0.00927553297029934,0,FN1_ITGAV_ITGB1,FN1 - (ITGAV+ITGB1),FN1,ECM-Receptor,KEGG: hsa04512
Classical Mono-derived,Inflammatory Mono-derived,FN1,ITGAV_ITGB1,0.00686619256567836,0,FN1_ITGAV_ITGB1,FN1 - (ITGAV+ITGB1),FN1,ECM-Receptor,KEGG: hsa04512
IFN-stimulated,Inflammatory Mono-derived,FN1,ITGAV_ITGB1,0.0119132382448453,0,FN1_ITGAV_ITGB1,FN1 - (ITGAV+ITGB1),FN1,ECM-Receptor,KEGG: hsa04512
Inflammatory Mono-derived,Inflammatory Mono-derived,FN1,ITGAV_ITGB1,0.0064396568146127,0,FN1_ITGAV_ITGB1,FN1 - (ITGAV+ITGB1),FN1,ECM-Receptor,KEGG: hsa04512
Lipid-associated,Inflammatory Mono-derived,FN1,ITGAV_ITGB1,0.00510798943974214,0,FN1_ITGAV_ITGB1,FN1 - (ITGAV+ITGB1),FN1,ECM-Receptor,KEGG: hsa04512
Proliferating,Inflammatory Mono-derived,FN1,ITGAV_ITGB1,0.0168934755050408,0,FN1_ITGAV_ITGB1,FN1 - (ITGAV+ITGB1),FN1,ECM-Receptor,KEGG: hsa04512
Resident M2,Inflammatory Mono-derived,FN1,ITGAV_ITGB1,0.00618918521893851,0,FN1_ITGAV_ITGB1,FN1 - (ITGAV+ITGB1),FN1,ECM-Receptor,KEGG: hsa04512
Stress-response,Inflammatory Mono-derived,FN1,ITGAV_ITGB1,0.0113161997559094,0,FN1_ITGAV_ITGB1,FN1 - (ITGAV+ITGB1),FN1,ECM-Receptor,KEGG: hsa04512
Classical Mono-derived,Resident M2,FN1,ITGAV_ITGB1,0.00700081808623323,0,FN1_ITGAV_ITGB1,FN1 - (ITGAV+ITGB1),FN1,ECM-Receptor,KEGG: hsa04512
IFN-stimulated,Resident M2,FN1,ITGAV_ITGB1,0.012145611042327,0,FN1_ITGAV_ITGB1,FN1 - (ITGAV+ITGB1),FN1,ECM-Receptor,KEGG: hsa04512
Inflammatory Mono-derived,Resident M2,FN1,ITGAV_ITGB1,0.006565974535034,0,FN1_ITGAV_ITGB1,FN1 - (ITGAV+ITGB1),FN1,ECM-Receptor,KEGG: hsa04512
Lipid-associated,Resident M2,FN1,ITGAV_ITGB1,0.00520832263878069,0,FN1_ITGAV_ITGB1,FN1 - (ITGAV+ITGB1),FN1,ECM-Receptor,KEGG: hsa04512
Proliferating,Resident M2,FN1,ITGAV_ITGB1,0.017221296880976,0,FN1_ITGAV_ITGB1,FN1 - (ITGAV+ITGB1),FN1,ECM-Receptor,KEGG: hsa04512
Resident M2,Resident M2,FN1,ITGAV_ITGB1,0.0063106209951708,0,FN1_ITGAV_ITGB1,FN1 - (ITGAV+ITGB1),FN1,ECM-Receptor,KEGG: hsa04512
Stress-response,Resident M2,FN1,ITGAV_ITGB1,0.0115370630374585,0,FN1_ITGAV_ITGB1,FN1 - (ITGAV+ITGB1),FN1,ECM-Receptor,KEGG: hsa04512
Classical Mono-derived,CD8.TEMRA,FN1,ITGA4_ITGB7,0.00530700503101443,0,FN1_ITGA4_ITGB7,FN1 - (ITGA4+ITGB7),FN1,ECM-Receptor,KEGG: hsa04512
IFN-stimulated,CD8.TEMRA,FN1,ITGA4_ITGB7,0.00921859677792392,0,FN1_ITGA4_ITGB7,FN1 - (ITGA4+ITGB7),FN1,ECM-Receptor,KEGG: hsa04512
Inflammatory Mono-derived,CD8.TEMRA,FN1,ITGA4_ITGB7,0.0049768424141814,0,FN1_ITGA4_ITGB7,FN1 - (ITGA4+ITGB7),FN1,ECM-Receptor,KEGG: hsa04512
Lipid-associated,CD8.TEMRA,FN1,ITGA4_ITGB7,0.00394647133284167,0,FN1_ITGA4_ITGB7,FN1 - (ITGA4+ITGB7),FN1,ECM-Receptor,KEGG: hsa04512
Proliferating,CD8.TEMRA,FN1,ITGA4_ITGB7,0.0130872802094522,0,FN1_ITGA4_ITGB7,FN1 - (ITGA4+ITGB7),FN1,ECM-Receptor,KEGG: hsa04512
Resident M2,CD8.TEMRA,FN1,ITGA4_ITGB7,0.00478299334540775,0,FN1_ITGA4_ITGB7,FN1 - (ITGA4+ITGB7),FN1,ECM-Receptor,KEGG: hsa04512
Stress-response,CD8.TEMRA,FN1,ITGA4_ITGB7,0.00875540511302287,0,FN1_ITGA4_ITGB7,FN1 - (ITGA4+ITGB7),FN1,ECM-Receptor,KEGG: hsa04512
Classical Mono-derived,CD8.TEX,FN1,ITGA4_ITGB7,0.00881043384996721,0,FN1_ITGA4_ITGB7,FN1 - (ITGA4+ITGB7),FN1,ECM-Receptor,KEGG: hsa04512
IFN-stimulated,CD8.TEX,FN1,ITGA4_ITGB7,0.0152646425142377,0,FN1_ITGA4_ITGB7,FN1 - (ITGA4+ITGB7),FN1,ECM-Receptor,KEGG: hsa04512
Inflammatory Mono-derived,CD8.TEX,FN1,ITGA4_ITGB7,0.0082641246314306,0,FN1_ITGA4_ITGB7,FN1 - (ITGA4+ITGB7),FN1,ECM-Receptor,KEGG: hsa04512
Lipid-associated,CD8.TEX,FN1,ITGA4_ITGB7,0.00655766265500252,0,FN1_ITGA4_ITGB7,FN1 - (ITGA4+ITGB7),FN1,ECM-Receptor,KEGG: hsa04512
Proliferating,CD8.TEX,FN1,ITGA4_ITGB7,0.0216152597270948,0,FN1_ITGA4_ITGB7,FN1 - (ITGA4+ITGB7),FN1,ECM-Receptor,KEGG: hsa04512
Resident M2,CD8.TEX,FN1,ITGA4_ITGB7,0.00794325736672947,0,FN1_ITGA4_ITGB7,FN1 - (ITGA4+ITGB7),FN1,ECM-Receptor,KEGG: hsa04512
Stress-response,CD8.TEX,FN1,ITGA4_ITGB7,0.0145021116618565,0,FN1_ITGA4_ITGB7,FN1 - (ITGA4+ITGB7),FN1,ECM-Receptor,KEGG: hsa04512
Classical Mono-derived,CD8.TPEX,FN1,ITGA4_ITGB7,0.00708939643265825,0,FN1_ITGA4_ITGB7,FN1 - (ITGA4+ITGB7),FN1,ECM-Receptor,KEGG: hsa04512
IFN-stimulated,CD8.TPEX,FN1,ITGA4_ITGB7,0.0122984780340175,0,FN1_ITGA4_ITGB7,FN1 - (ITGA4+ITGB7),FN1,ECM-Receptor,KEGG: hsa04512
Inflammatory Mono-derived,CD8.TPEX,FN1,ITGA4_ITGB7,0.00664908783310013,0,FN1_ITGA4_ITGB7,FN1 - (ITGA4+ITGB7),FN1,ECM-Receptor,KEGG: hsa04512
Lipid-associated,CD8.TPEX,FN1,ITGA4_ITGB7,0.00527434177337038,0,FN1_ITGA4_ITGB7,FN1 - (ITGA4+ITGB7),FN1,ECM-Receptor,KEGG: hsa04512
Proliferating,CD8.TPEX,FN1,ITGA4_ITGB7,0.0174369198006318,0,FN1_ITGA4_ITGB7,FN1 - (ITGA4+ITGB7),FN1,ECM-Receptor,KEGG: hsa04512
Resident M2,CD8.TPEX,FN1,ITGA4_ITGB7,0.0063905227744407,0,FN1_ITGA4_ITGB7,FN1 - (ITGA4+ITGB7),FN1,ECM-Receptor,KEGG: hsa04512
Stress-response,CD8.TPEX,FN1,ITGA4_ITGB7,0.0116823613060297,0,FN1_ITGA4_ITGB7,FN1 - (ITGA4+ITGB7),FN1,ECM-Receptor,KEGG: hsa04512
Classical Mono-derived,CD8.CM,FN1,CD44,0.0220888336106515,0,FN1_CD44,FN1 - CD44,FN1,ECM-Receptor,KEGG: hsa04512
IFN-stimulated,CD8.CM,FN1,CD44,0.0378983977599035,0,FN1_CD44,FN1 - CD44,FN1,ECM-Receptor,KEGG: hsa04512
Inflammatory Mono-derived,CD8.CM,FN1,CD44,0.020736394852907,0,FN1_CD44,FN1 - CD44,FN1,ECM-Receptor,KEGG: hsa04512
Lipid-associated,CD8.CM,FN1,CD44,0.0164973708824295,0,FN1_CD44,FN1 - CD44,FN1,ECM-Receptor,KEGG: hsa04512
Proliferating,CD8.CM,FN1,CD44,0.053157127871451,0,FN1_CD44,FN1 - CD44,FN1,ECM-Receptor,KEGG: hsa04512
Resident M2,CD8.CM,FN1,CD44,0.0199410096421288,0,FN1_CD44,FN1 - CD44,FN1,ECM-Receptor,KEGG: hsa04512
Stress-response,CD8.CM,FN1,CD44,0.0360466067548381,0,FN1_CD44,FN1 - CD44,FN1,ECM-Receptor,KEGG: hsa04512
Classical Mono-derived,CD8.EM,FN1,CD44,0.0225061673493539,0,FN1_CD44,FN1 - CD44,FN1,ECM-Receptor,KEGG: hsa04512
IFN-stimulated,CD8.EM,FN1,CD44,0.0386026373924282,0,FN1_CD44,FN1 - CD44,FN1,ECM-Receptor,KEGG: hsa04512
Inflammatory Mono-derived,CD8.EM,FN1,CD44,0.0211287284706327,0,FN1_CD44,FN1 - CD44,FN1,ECM-Receptor,KEGG: hsa04512
Lipid-associated,CD8.EM,FN1,CD44,0.0168108787823045,0,FN1_CD44,FN1 - CD44,FN1,ECM-Receptor,KEGG: hsa04512
Proliferating,CD8.EM,FN1,CD44,0.0541289574738379,0,FN1_CD44,FN1 - CD44,FN1,ECM-Receptor,KEGG: hsa04512
Resident M2,CD8.EM,FN1,CD44,0.0203186067762628,0,FN1_CD44,FN1 - CD44,FN1,ECM-Receptor,KEGG: hsa04512
Stress-response,CD8.EM,FN1,CD44,0.0367177490876849,0,FN1_CD44,FN1 - CD44,FN1,ECM-Receptor,KEGG: hsa04512
Classical Mono-derived,CD8.MAIT,FN1,CD44,0.0225425127378683,0,FN1_CD44,FN1 - CD44,FN1,ECM-Receptor,KEGG: hsa04512
IFN-stimulated,CD8.MAIT,FN1,CD44,0.0386639489149095,0,FN1_CD44,FN1 - CD44,FN1,ECM-Receptor,KEGG: hsa04512
Inflammatory Mono-derived,CD8.MAIT,FN1,CD44,0.0211628975815712,0,FN1_CD44,FN1 - CD44,FN1,ECM-Receptor,KEGG: hsa04512
Lipid-associated,CD8.MAIT,FN1,CD44,0.0168381852367278,0,FN1_CD44,FN1 - CD44,FN1,ECM-Receptor,KEGG: hsa04512
Proliferating,CD8.MAIT,FN1,CD44,0.05421353844157,0,FN1_CD44,FN1 - CD44,FN1,ECM-Receptor,KEGG: hsa04512
Resident M2,CD8.MAIT,FN1,CD44,0.0203514930070812,0,FN1_CD44,FN1 - CD44,FN1,ECM-Receptor,KEGG: hsa04512
Stress-response,CD8.MAIT,FN1,CD44,0.036776181411353,0,FN1_CD44,FN1 - CD44,FN1,ECM-Receptor,KEGG: hsa04512
Classical Mono-derived,CD8.NaiveLike,FN1,CD44,0.0251639752137225,0,FN1_CD44,FN1 - CD44,FN1,ECM-Receptor,KEGG: hsa04512
IFN-stimulated,CD8.NaiveLike,FN1,CD44,0.0430775462150277,0,FN1_CD44,FN1 - CD44,FN1,ECM-Receptor,KEGG: hsa04512
Inflammatory Mono-derived,CD8.NaiveLike,FN1,CD44,0.0236278031495949,0,FN1_CD44,FN1 - CD44,FN1,ECM-Receptor,KEGG: hsa04512
Lipid-associated,CD8.NaiveLike,FN1,CD44,0.0188090578965439,0,FN1_CD44,FN1 - CD44,FN1,ECM-Receptor,KEGG: hsa04512
Proliferating,CD8.NaiveLike,FN1,CD44,0.0602908424915619,0,FN1_CD44,FN1 - CD44,FN1,ECM-Receptor,KEGG: hsa04512
Resident M2,CD8.NaiveLike,FN1,CD44,0.0227240858832018,0,FN1_CD44,FN1 - CD44,FN1,ECM-Receptor,KEGG: hsa04512
Stress-response,CD8.NaiveLike,FN1,CD44,0.0409834716907532,0,FN1_CD44,FN1 - CD44,FN1,ECM-Receptor,KEGG: hsa04512
Classical Mono-derived,CD8.TEMRA,FN1,CD44,0.0204957641595008,0,FN1_CD44,FN1 - CD44,FN1,ECM-Receptor,KEGG: hsa04512
IFN-stimulated,CD8.TEMRA,FN1,CD44,0.0352061751197191,0,FN1_CD44,FN1 - CD44,FN1,ECM-Receptor,KEGG: hsa04512
Inflammatory Mono-derived,CD8.TEMRA,FN1,CD44,0.0192389457391676,0,FN1_CD44,FN1 - CD44,FN1,ECM-Receptor,KEGG: hsa04512
Lipid-associated,CD8.TEMRA,FN1,CD44,0.0153012536964698,0,FN1_CD44,FN1 - CD44,FN1,ECM-Receptor,KEGG: hsa04512
Proliferating,CD8.TEMRA,FN1,CD44,0.0494366546890634,0,FN1_CD44,FN1 - CD44,FN1,ECM-Receptor,KEGG: hsa04512
Resident M2,CD8.TEMRA,FN1,CD44,0.0184999130428578,0,FN1_CD44,FN1 - CD44,FN1,ECM-Receptor,KEGG: hsa04512
Stress-response,CD8.TEMRA,FN1,CD44,0.0334813535838858,0,FN1_CD44,FN1 - CD44,FN1,ECM-Receptor,KEGG: hsa04512
Classical Mono-derived,CD8.TEX,FN1,CD44,0.0184345879671464,0,FN1_CD44,FN1 - CD44,FN1,ECM-Receptor,KEGG: hsa04512
IFN-stimulated,CD8.TEX,FN1,CD44,0.031713529967169,0,FN1_CD44,FN1 - CD44,FN1,ECM-Receptor,KEGG: hsa04512
Inflammatory Mono-derived,CD8.TEX,FN1,CD44,0.0173019300930256,0,FN1_CD44,FN1 - CD44,FN1,ECM-Receptor,KEGG: hsa04512
Lipid-associated,CD8.TEX,FN1,CD44,0.0137551325223864,0,FN1_CD44,FN1 - CD44,FN1,ECM-Receptor,KEGG: hsa04512
Proliferating,CD8.TEX,FN1,CD44,0.0445975257676031,0,FN1_CD44,FN1 - CD44,FN1,ECM-Receptor,KEGG: hsa04512
Resident M2,CD8.TEX,FN1,CD44,0.0166360425660531,0,FN1_CD44,FN1 - CD44,FN1,ECM-Receptor,KEGG: hsa04512
Stress-response,CD8.TEX,FN1,CD44,0.0301544720936276,0,FN1_CD44,FN1 - CD44,FN1,ECM-Receptor,KEGG: hsa04512
Classical Mono-derived,CD8.TPEX,FN1,CD44,0.0194872477496046,0,FN1_CD44,FN1 - CD44,FN1,ECM-Receptor,KEGG: hsa04512
IFN-stimulated,CD8.TPEX,FN1,CD44,0.0334985719485782,0,FN1_CD44,FN1 - CD44,FN1,ECM-Receptor,KEGG: hsa04512
Inflammatory Mono-derived,CD8.TPEX,FN1,CD44,0.0182911175999123,0,FN1_CD44,FN1 - CD44,FN1,ECM-Receptor,KEGG: hsa04512
Lipid-associated,CD8.TPEX,FN1,CD44,0.0145445434370294,0,FN1_CD44,FN1 - CD44,FN1,ECM-Receptor,KEGG: hsa04512
Proliferating,CD8.TPEX,FN1,CD44,0.0470725073486912,0,FN1_CD44,FN1 - CD44,FN1,ECM-Receptor,KEGG: hsa04512
Resident M2,CD8.TPEX,FN1,CD44,0.0175878412524001,0,FN1_CD44,FN1 - CD44,FN1,ECM-Receptor,KEGG: hsa04512
Stress-response,CD8.TPEX,FN1,CD44,0.0318546471656417,0,FN1_CD44,FN1 - CD44,FN1,ECM-Receptor,KEGG: hsa04512
Classical Mono-derived,Classical Mono-derived,FN1,CD44,0.0295746097162995,0,FN1_CD44,FN1 - CD44,FN1,ECM-Receptor,KEGG: hsa04512
IFN-stimulated,Classical Mono-derived,FN1,CD44,0.0504654528473655,0,FN1_CD44,FN1 - CD44,FN1,ECM-Receptor,KEGG: hsa04512
Inflammatory Mono-derived,Classical Mono-derived,FN1,CD44,0.0277768560306039,0,FN1_CD44,FN1 - CD44,FN1,ECM-Receptor,KEGG: hsa04512
Lipid-associated,Classical Mono-derived,FN1,CD44,0.0221311168917915,0,FN1_CD44,FN1 - CD44,FN1,ECM-Receptor,KEGG: hsa04512
Proliferating,Classical Mono-derived,FN1,CD44,0.0704136449926701,0,FN1_CD44,FN1 - CD44,FN1,ECM-Receptor,KEGG: hsa04512
Resident M2,Classical Mono-derived,FN1,CD44,0.0267187883022936,0,FN1_CD44,FN1 - CD44,FN1,ECM-Receptor,KEGG: hsa04512
Stress-response,Classical Mono-derived,FN1,CD44,0.0480302653786677,0,FN1_CD44,FN1 - CD44,FN1,ECM-Receptor,KEGG: hsa04512
Classical Mono-derived,IFN-stimulated,FN1,CD44,0.0310984464679716,0,FN1_CD44,FN1 - CD44,FN1,ECM-Receptor,KEGG: hsa04512
IFN-stimulated,IFN-stimulated,FN1,CD44,0.0530068981047468,0,FN1_CD44,FN1 - CD44,FN1,ECM-Receptor,KEGG: hsa04512
Inflammatory Mono-derived,IFN-stimulated,FN1,CD44,0.0292108514703024,0,FN1_CD44,FN1 - CD44,FN1,ECM-Receptor,KEGG: hsa04512
Lipid-associated,IFN-stimulated,FN1,CD44,0.0232806272871258,0,FN1_CD44,FN1 - CD44,FN1,ECM-Receptor,KEGG: hsa04512
Proliferating,IFN-stimulated,FN1,CD44,0.0738815176935424,0,FN1_CD44,FN1 - CD44,FN1,ECM-Receptor,KEGG: hsa04512
Resident M2,IFN-stimulated,FN1,CD44,0.0280997391688025,0,FN1_CD44,FN1 - CD44,FN1,ECM-Receptor,KEGG: hsa04512
Stress-response,IFN-stimulated,FN1,CD44,0.0504555908980339,0,FN1_CD44,FN1 - CD44,FN1,ECM-Receptor,KEGG: hsa04512
Classical Mono-derived,Inflammatory Mono-derived,FN1,CD44,0.0364100579974071,0,FN1_CD44,FN1 - CD44,FN1,ECM-Receptor,KEGG: hsa04512
IFN-stimulated,Inflammatory Mono-derived,FN1,CD44,0.0618217114668999,0,FN1_CD44,FN1 - CD44,FN1,ECM-Receptor,KEGG: hsa04512
Inflammatory Mono-derived,Inflammatory Mono-derived,FN1,CD44,0.0342114457887794,0,FN1_CD44,FN1 - CD44,FN1,ECM-Receptor,KEGG: hsa04512
Lipid-associated,Inflammatory Mono-derived,FN1,CD44,0.0272945718488179,0,FN1_CD44,FN1 - CD44,FN1,ECM-Receptor,KEGG: hsa04512
Proliferating,Inflammatory Mono-derived,FN1,CD44,0.0858529801676016,0,FN1_CD44,FN1 - CD44,FN1,ECM-Receptor,KEGG: hsa04512
Resident M2,Inflammatory Mono-derived,FN1,CD44,0.0329165720891214,0,FN1_CD44,FN1 - CD44,FN1,ECM-Receptor,KEGG: hsa04512
Stress-response,Inflammatory Mono-derived,FN1,CD44,0.0588725091416946,0,FN1_CD44,FN1 - CD44,FN1,ECM-Receptor,KEGG: hsa04512
Classical Mono-derived,Lipid-associated,FN1,CD44,0.0246714436778037,0,FN1_CD44,FN1 - CD44,FN1,ECM-Receptor,KEGG: hsa04512
IFN-stimulated,Lipid-associated,FN1,CD44,0.042249590406015,0,FN1_CD44,FN1 - CD44,FN1,ECM-Receptor,KEGG: hsa04512
Inflammatory Mono-derived,Lipid-associated,FN1,CD44,0.0231646244521816,0,FN1_CD44,FN1 - CD44,FN1,ECM-Receptor,KEGG: hsa04512
Lipid-associated,Lipid-associated,FN1,CD44,0.0184385577471267,0,FN1_CD44,FN1 - CD44,FN1,ECM-Receptor,KEGG: hsa04512
Proliferating,Lipid-associated,FN1,CD44,0.0591524960774199,0,FN1_CD44,FN1 - CD44,FN1,ECM-Receptor,KEGG: hsa04512
Resident M2,Lipid-associated,FN1,CD44,0.0222782186404984,0,FN1_CD44,FN1 - CD44,FN1,ECM-Receptor,KEGG: hsa04512
Stress-response,Lipid-associated,FN1,CD44,0.0401940736834078,0,FN1_CD44,FN1 - CD44,FN1,ECM-Receptor,KEGG: hsa04512
Classical Mono-derived,Proliferating,FN1,CD44,0.0174260950144958,0,FN1_CD44,FN1 - CD44,FN1,ECM-Receptor,KEGG: hsa04512
IFN-stimulated,Proliferating,FN1,CD44,0.0300007949776415,0,FN1_CD44,FN1 - CD44,FN1,ECM-Receptor,KEGG: hsa04512
Inflammatory Mono-derived,Proliferating,FN1,CD44,0.0163543685487902,0,FN1_CD44,FN1 - CD44,FN1,ECM-Receptor,KEGG: hsa04512
Lipid-associated,Proliferating,FN1,CD44,0.012999246229802,0,FN1_CD44,FN1 - CD44,FN1,ECM-Receptor,KEGG: hsa04512
Proliferating,Proliferating,FN1,CD44,0.0422193111286768,0,FN1_CD44,FN1 - CD44,FN1,ECM-Receptor,KEGG: hsa04512
Resident M2,Proliferating,FN1,CD44,0.0157243656388017,0,FN1_CD44,FN1 - CD44,FN1,ECM-Receptor,KEGG: hsa04512
Stress-response,Proliferating,FN1,CD44,0.028523455965507,0,FN1_CD44,FN1 - CD44,FN1,ECM-Receptor,KEGG: hsa04512
Classical Mono-derived,Resident M2,FN1,CD44,0.0214330422316716,0,FN1_CD44,FN1 - CD44,FN1,ECM-Receptor,KEGG: hsa04512
IFN-stimulated,Resident M2,FN1,CD44,0.036790897594691,0,FN1_CD44,FN1 - CD44,FN1,ECM-Receptor,KEGG: hsa04512
Inflammatory Mono-derived,Resident M2,FN1,CD44,0.0201199296737371,0,FN1_CD44,FN1 - CD44,FN1,ECM-Receptor,KEGG: hsa04512
Lipid-associated,Resident M2,FN1,CD44,0.0160048665438852,0,FN1_CD44,FN1 - CD44,FN1,ECM-Receptor,KEGG: hsa04512
Proliferating,Resident M2,FN1,CD44,0.0516276515337643,0,FN1_CD44,FN1 - CD44,FN1,ECM-Receptor,KEGG: hsa04512
Resident M2,Resident M2,FN1,CD44,0.0193477230187012,0,FN1_CD44,FN1 - CD44,FN1,ECM-Receptor,KEGG: hsa04512
Stress-response,Resident M2,FN1,CD44,0.0349912531192765,0,FN1_CD44,FN1 - CD44,FN1,ECM-Receptor,KEGG: hsa04512
Classical Mono-derived,Stress-response,FN1,CD44,0.0312600708220176,0,FN1_CD44,FN1 - CD44,FN1,ECM-Receptor,KEGG: hsa04512
IFN-stimulated,Stress-response,FN1,CD44,0.0532761238748315,0,FN1_CD44,FN1 - CD44,FN1,ECM-Receptor,KEGG: hsa04512
Inflammatory Mono-derived,Stress-response,FN1,CD44,0.02936296294702,0,FN1_CD44,FN1 - CD44,FN1,ECM-Receptor,KEGG: hsa04512
Lipid-associated,Stress-response,FN1,CD44,0.0234026023773153,0,FN1_CD44,FN1 - CD44,FN1,ECM-Receptor,KEGG: hsa04512
Proliferating,Stress-response,FN1,CD44,0.0742484544023275,0,FN1_CD44,FN1 - CD44,FN1,ECM-Receptor,KEGG: hsa04512
Resident M2,Stress-response,FN1,CD44,0.0282462330309021,0,FN1_CD44,FN1 - CD44,FN1,ECM-Receptor,KEGG: hsa04512
Stress-response,Stress-response,FN1,CD44,0.0507125523290359,0,FN1_CD44,FN1 - CD44,FN1,ECM-Receptor,KEGG: hsa04512
Classical Mono-derived,IFN-stimulated,FN1,SDC4,0.00273374824294738,0,FN1_SDC4,FN1 - SDC4,FN1,ECM-Receptor,KEGG: hsa04512
IFN-stimulated,IFN-stimulated,FN1,SDC4,0.00475776214634438,0,FN1_SDC4,FN1 - SDC4,FN1,ECM-Receptor,KEGG: hsa04512
Inflammatory Mono-derived,IFN-stimulated,FN1,SDC4,0.00256326209920176,0,FN1_SDC4,FN1 - SDC4,FN1,ECM-Receptor,KEGG: hsa04512
Lipid-associated,IFN-stimulated,FN1,SDC4,0.00203156178644442,0,FN1_SDC4,FN1 - SDC4,FN1,ECM-Receptor,KEGG: hsa04512
Proliferating,IFN-stimulated,FN1,SDC4,0.0067671945895535,0,FN1_SDC4,FN1 - SDC4,FN1,ECM-Receptor,KEGG: hsa04512
Resident M2,IFN-stimulated,FN1,SDC4,0.00246318977480376,0,FN1_SDC4,FN1 - SDC4,FN1,ECM-Receptor,KEGG: hsa04512
Stress-response,IFN-stimulated,FN1,SDC4,0.00451768470159139,0,FN1_SDC4,FN1 - SDC4,FN1,ECM-Receptor,KEGG: hsa04512
Classical Mono-derived,Inflammatory Mono-derived,FN1,SDC4,0.0036017977494663,0,FN1_SDC4,FN1 - SDC4,FN1,ECM-Receptor,KEGG: hsa04512
IFN-stimulated,Inflammatory Mono-derived,FN1,SDC4,0.00626446146047015,0,FN1_SDC4,FN1 - SDC4,FN1,ECM-Receptor,KEGG: hsa04512
Inflammatory Mono-derived,Inflammatory Mono-derived,FN1,SDC4,0.00337736032243806,0,FN1_SDC4,FN1 - SDC4,FN1,ECM-Receptor,KEGG: hsa04512
Lipid-associated,Inflammatory Mono-derived,FN1,SDC4,0.00267724397447433,0,FN1_SDC4,FN1 - SDC4,FN1,ECM-Receptor,KEGG: hsa04512
Proliferating,Inflammatory Mono-derived,FN1,SDC4,0.00890455218292575,0,FN1_SDC4,FN1 - SDC4,FN1,ECM-Receptor,KEGG: hsa04512
Resident M2,Inflammatory Mono-derived,FN1,SDC4,0.00324560820746433,0,FN1_SDC4,FN1 - SDC4,FN1,ECM-Receptor,KEGG: hsa04512
Stress-response,Inflammatory Mono-derived,FN1,SDC4,0.00594881016546217,0,FN1_SDC4,FN1 - SDC4,FN1,ECM-Receptor,KEGG: hsa04512
Classical Mono-derived,Stress-response,FN1,SDC4,0.00310816606448423,0,FN1_SDC4,FN1 - SDC4,FN1,ECM-Receptor,KEGG: hsa04512
IFN-stimulated,Stress-response,FN1,SDC4,0.00540788838432937,0,FN1_SDC4,FN1 - SDC4,FN1,ECM-Receptor,KEGG: hsa04512
Inflammatory Mono-derived,Stress-response,FN1,SDC4,0.00291439814787727,0,FN1_SDC4,FN1 - SDC4,FN1,ECM-Receptor,KEGG: hsa04512
Lipid-associated,Stress-response,FN1,SDC4,0.00231002998035537,0,FN1_SDC4,FN1 - SDC4,FN1,ECM-Receptor,KEGG: hsa04512
Proliferating,Stress-response,FN1,SDC4,0.00768977894563519,0,FN1_SDC4,FN1 - SDC4,FN1,ECM-Receptor,KEGG: hsa04512
Resident M2,Stress-response,FN1,SDC4,0.00280065561182278,0,FN1_SDC4,FN1 - SDC4,FN1,ECM-Receptor,KEGG: hsa04512
Stress-response,Stress-response,FN1,SDC4,0.00513517473199935,0,FN1_SDC4,FN1 - SDC4,FN1,ECM-Receptor,KEGG: hsa04512
Inflammatory Mono-derived,IFN-stimulated,THBS1,SDC4,0.000862567231554161,0,THBS1_SDC4,THBS1 - SDC4,THBS,ECM-Receptor,KEGG: hsa04512
Inflammatory Mono-derived,Inflammatory Mono-derived,THBS1,SDC4,0.00113713646089946,0,THBS1_SDC4,THBS1 - SDC4,THBS,ECM-Receptor,KEGG: hsa04512
Inflammatory Mono-derived,Stress-response,THBS1,SDC4,0.000980957683549614,0,THBS1_SDC4,THBS1 - SDC4,THBS,ECM-Receptor,KEGG: hsa04512
Inflammatory Mono-derived,Classical Mono-derived,THBS1,CD36,0.0014939229680009,0,THBS1_CD36,THBS1 - CD36,THBS,ECM-Receptor,KEGG: hsa04512
Inflammatory Mono-derived,Inflammatory Mono-derived,THBS1,CD36,0.000978234458892773,0,THBS1_CD36,THBS1 - CD36,THBS,ECM-Receptor,KEGG: hsa04512
Inflammatory Mono-derived,CD8.CM,THBS1,CD47,0.00159176075814808,0,THBS1_CD47,THBS1 - CD47,THBS,ECM-Receptor,KEGG: hsa04512
Inflammatory Mono-derived,CD8.EM,THBS1,CD47,0.00160644771980359,0,THBS1_CD47,THBS1 - CD47,THBS,ECM-Receptor,KEGG: hsa04512
Inflammatory Mono-derived,CD8.MAIT,THBS1,CD47,0.0017221594739766,0,THBS1_CD47,THBS1 - CD47,THBS,ECM-Receptor,KEGG: hsa04512
Inflammatory Mono-derived,CD8.NaiveLike,THBS1,CD47,0.00160820827816556,0,THBS1_CD47,THBS1 - CD47,THBS,ECM-Receptor,KEGG: hsa04512
Inflammatory Mono-derived,CD8.TEMRA,THBS1,CD47,0.00204596733083497,0,THBS1_CD47,THBS1 - CD47,THBS,ECM-Receptor,KEGG: hsa04512
Inflammatory Mono-derived,CD8.TEX,THBS1,CD47,0.00143675405604135,0,THBS1_CD47,THBS1 - CD47,THBS,ECM-Receptor,KEGG: hsa04512
Inflammatory Mono-derived,CD8.TPEX,THBS1,CD47,0.00114687367176337,0,THBS1_CD47,THBS1 - CD47,THBS,ECM-Receptor,KEGG: hsa04512
Inflammatory Mono-derived,Classical Mono-derived,THBS1,CD47,0.00338713445699864,0,THBS1_CD47,THBS1 - CD47,THBS,ECM-Receptor,KEGG: hsa04512
Inflammatory Mono-derived,IFN-stimulated,THBS1,CD47,0.00378076035583861,0,THBS1_CD47,THBS1 - CD47,THBS,ECM-Receptor,KEGG: hsa04512
Inflammatory Mono-derived,Inflammatory Mono-derived,THBS1,CD47,0.00127395373526535,0,THBS1_CD47,THBS1 - CD47,THBS,ECM-Receptor,KEGG: hsa04512
Inflammatory Mono-derived,Lipid-associated,THBS1,CD47,0.00133659798962936,0,THBS1_CD47,THBS1 - CD47,THBS,ECM-Receptor,KEGG: hsa04512
Inflammatory Mono-derived,Proliferating,THBS1,CD47,0.00140450810275106,0,THBS1_CD47,THBS1 - CD47,THBS,ECM-Receptor,KEGG: hsa04512
Inflammatory Mono-derived,Resident M2,THBS1,CD47,0.00125004964754308,0,THBS1_CD47,THBS1 - CD47,THBS,ECM-Receptor,KEGG: hsa04512
Inflammatory Mono-derived,Stress-response,THBS1,CD47,0.00123530894275255,0,THBS1_CD47,THBS1 - CD47,THBS,ECM-Receptor,KEGG: hsa04512
Classical Mono-derived,Classical Mono-derived,LXA4-ALOX5,FPR2,0.00376164675642155,0,LipoxinA4-ALOX5_FPR-RS7,LXA4-ALOX5 - FPR2,LXA4,Non-protein Signaling,PMID: 33082511
Proliferating,Classical Mono-derived,LXA4-ALOX5,FPR2,0.00306981039203825,0,LipoxinA4-ALOX5_FPR-RS7,LXA4-ALOX5 - FPR2,LXA4,Non-protein Signaling,PMID: 33082511
Resident M2,Classical Mono-derived,LXA4-ALOX5,FPR2,0.00434430046472298,0,LipoxinA4-ALOX5_FPR-RS7,LXA4-ALOX5 - FPR2,LXA4,Non-protein Signaling,PMID: 33082511
Classical Mono-derived,CD8.CM,PGE2-PTGES2,PTGER4,0.00638086082721937,0,PGE2-PTGES2_PTGER4,PGE2-PTGES2 - PTGER4,Prostaglandin,Non-protein Signaling,PMID: 34949672;PMID: 21508345
Classical Mono-derived,CD8.EM,PGE2-PTGES2,PTGER4,0.00212851897940654,0,PGE2-PTGES2_PTGER4,PGE2-PTGES2 - PTGER4,Prostaglandin,Non-protein Signaling,PMID: 34949672;PMID: 21508345
Classical Mono-derived,CD8.MAIT,PGE2-PTGES2,PTGER4,0.00250035234471791,0,PGE2-PTGES2_PTGER4,PGE2-PTGES2 - PTGER4,Prostaglandin,Non-protein Signaling,PMID: 34949672;PMID: 21508345
Classical Mono-derived,CD8.NaiveLike,PGE2-PTGES2,PTGER4,0.00589600619999034,0,PGE2-PTGES2_PTGER4,PGE2-PTGES2 - PTGER4,Prostaglandin,Non-protein Signaling,PMID: 34949672;PMID: 21508345
Classical Mono-derived,CD8.TEMRA,PGE2-PTGES2,PTGER4,0.00232150758228744,0,PGE2-PTGES2_PTGER4,PGE2-PTGES2 - PTGER4,Prostaglandin,Non-protein Signaling,PMID: 34949672;PMID: 21508345
Classical Mono-derived,CD8.TEX,PGE2-PTGES2,PTGER4,0.00503701529907474,0,PGE2-PTGES2_PTGER4,PGE2-PTGES2 - PTGER4,Prostaglandin,Non-protein Signaling,PMID: 34949672;PMID: 21508345
Classical Mono-derived,CD8.TPEX,PGE2-PTGES2,PTGER4,0.00536355768676046,0,PGE2-PTGES2_PTGER4,PGE2-PTGES2 - PTGER4,Prostaglandin,Non-protein Signaling,PMID: 34949672;PMID: 21508345
Classical Mono-derived,Classical Mono-derived,PGE2-PTGES2,PTGER4,0.00175755240482984,0,PGE2-PTGES2_PTGER4,PGE2-PTGES2 - PTGER4,Prostaglandin,Non-protein Signaling,PMID: 34949672;PMID: 21508345
Classical Mono-derived,IFN-stimulated,PGE2-PTGES2,PTGER4,0.00403868857238402,0,PGE2-PTGES2_PTGER4,PGE2-PTGES2 - PTGER4,Prostaglandin,Non-protein Signaling,PMID: 34949672;PMID: 21508345
Classical Mono-derived,Inflammatory Mono-derived,PGE2-PTGES2,PTGER4,0.00374616744590867,0,PGE2-PTGES2_PTGER4,PGE2-PTGES2 - PTGER4,Prostaglandin,Non-protein Signaling,PMID: 34949672;PMID: 21508345
Classical Mono-derived,Lipid-associated,PGE2-PTGES2,PTGER4,0.00137721460638424,0,PGE2-PTGES2_PTGER4,PGE2-PTGES2 - PTGER4,Prostaglandin,Non-protein Signaling,PMID: 34949672;PMID: 21508345
Classical Mono-derived,Proliferating,PGE2-PTGES2,PTGER4,0.00245321227794751,0,PGE2-PTGES2_PTGER4,PGE2-PTGES2 - PTGER4,Prostaglandin,Non-protein Signaling,PMID: 34949672;PMID: 21508345
Classical Mono-derived,Resident M2,PGE2-PTGES2,PTGER4,0.00598034449777965,0,PGE2-PTGES2_PTGER4,PGE2-PTGES2 - PTGER4,Prostaglandin,Non-protein Signaling,PMID: 34949672;PMID: 21508345
Classical Mono-derived,Stress-response,PGE2-PTGES2,PTGER4,0.00357616070131034,0,PGE2-PTGES2_PTGER4,PGE2-PTGES2 - PTGER4,Prostaglandin,Non-protein Signaling,PMID: 34949672;PMID: 21508345
CD8.CM,CD8.CM,PGE2-PTGES3,PTGER4,0.0388497969758127,0,PGE2-PTGES3_PTGER4,PGE2-PTGES3 - PTGER4,Prostaglandin,Non-protein Signaling,PMID: 34949672;PMID: 21508345
CD8.EM,CD8.CM,PGE2-PTGES3,PTGER4,0.0374441964514688,0,PGE2-PTGES3_PTGER4,PGE2-PTGES3 - PTGER4,Prostaglandin,Non-protein Signaling,PMID: 34949672;PMID: 21508345
CD8.MAIT,CD8.CM,PGE2-PTGES3,PTGER4,0.0382037677124812,0,PGE2-PTGES3_PTGER4,PGE2-PTGES3 - PTGER4,Prostaglandin,Non-protein Signaling,PMID: 34949672;PMID: 21508345
CD8.NaiveLike,CD8.CM,PGE2-PTGES3,PTGER4,0.0339396337618837,0,PGE2-PTGES3_PTGER4,PGE2-PTGES3 - PTGER4,Prostaglandin,Non-protein Signaling,PMID: 34949672;PMID: 21508345
CD8.TEMRA,CD8.CM,PGE2-PTGES3,PTGER4,0.035213266122427,0,PGE2-PTGES3_PTGER4,PGE2-PTGES3 - PTGER4,Prostaglandin,Non-protein Signaling,PMID: 34949672;PMID: 21508345
CD8.TEX,CD8.CM,PGE2-PTGES3,PTGER4,0.0379515451826312,0,PGE2-PTGES3_PTGER4,PGE2-PTGES3 - PTGER4,Prostaglandin,Non-protein Signaling,PMID: 34949672;PMID: 21508345
CD8.TPEX,CD8.CM,PGE2-PTGES3,PTGER4,0.0466371649692988,0,PGE2-PTGES3_PTGER4,PGE2-PTGES3 - PTGER4,Prostaglandin,Non-protein Signaling,PMID: 34949672;PMID: 21508345
Classical Mono-derived,CD8.CM,PGE2-PTGES3,PTGER4,0.0362657022659213,0,PGE2-PTGES3_PTGER4,PGE2-PTGES3 - PTGER4,Prostaglandin,Non-protein Signaling,PMID: 34949672;PMID: 21508345
IFN-stimulated,CD8.CM,PGE2-PTGES3,PTGER4,0.0359588686816184,0,PGE2-PTGES3_PTGER4,PGE2-PTGES3 - PTGER4,Prostaglandin,Non-protein Signaling,PMID: 34949672;PMID: 21508345
Inflammatory Mono-derived,CD8.CM,PGE2-PTGES3,PTGER4,0.0355054957386339,0,PGE2-PTGES3_PTGER4,PGE2-PTGES3 - PTGER4,Prostaglandin,Non-protein Signaling,PMID: 34949672;PMID: 21508345
Lipid-associated,CD8.CM,PGE2-PTGES3,PTGER4,0.0298403333338837,0,PGE2-PTGES3_PTGER4,PGE2-PTGES3 - PTGER4,Prostaglandin,Non-protein Signaling,PMID: 34949672;PMID: 21508345
Proliferating,CD8.CM,PGE2-PTGES3,PTGER4,0.0398251050774802,0,PGE2-PTGES3_PTGER4,PGE2-PTGES3 - PTGER4,Prostaglandin,Non-protein Signaling,PMID: 34949672;PMID: 21508345
Resident M2,CD8.CM,PGE2-PTGES3,PTGER4,0.0368465212031709,0,PGE2-PTGES3_PTGER4,PGE2-PTGES3 - PTGER4,Prostaglandin,Non-protein Signaling,PMID: 34949672;PMID: 21508345
Stress-response,CD8.CM,PGE2-PTGES3,PTGER4,0.0373294564406707,0,PGE2-PTGES3_PTGER4,PGE2-PTGES3 - PTGER4,Prostaglandin,Non-protein Signaling,PMID: 34949672;PMID: 21508345
CD8.TPEX,CD8.EM,PGE2-PTGES3,PTGER4,0.015988861156919,0,PGE2-PTGES3_PTGER4,PGE2-PTGES3 - PTGER4,Prostaglandin,Non-protein Signaling,PMID: 34949672;PMID: 21508345
CD8.CM,CD8.NaiveLike,PGE2-PTGES3,PTGER4,0.0359871219915324,0,PGE2-PTGES3_PTGER4,PGE2-PTGES3 - PTGER4,Prostaglandin,Non-protein Signaling,PMID: 34949672;PMID: 21508345
CD8.EM,CD8.NaiveLike,PGE2-PTGES3,PTGER4,0.0346813569121533,0,PGE2-PTGES3_PTGER4,PGE2-PTGES3 - PTGER4,Prostaglandin,Non-protein Signaling,PMID: 34949672;PMID: 21508345
CD8.MAIT,CD8.NaiveLike,PGE2-PTGES3,PTGER4,0.035386943236993,0,PGE2-PTGES3_PTGER4,PGE2-PTGES3 - PTGER4,Prostaglandin,Non-protein Signaling,PMID: 34949672;PMID: 21508345
CD8.NaiveLike,CD8.NaiveLike,PGE2-PTGES3,PTGER4,0.0314269375106015,0,PGE2-PTGES3_PTGER4,PGE2-PTGES3 - PTGER4,Prostaglandin,Non-protein Signaling,PMID: 34949672;PMID: 21508345
CD8.TEMRA,CD8.NaiveLike,PGE2-PTGES3,PTGER4,0.0326094602707421,0.01,PGE2-PTGES3_PTGER4,PGE2-PTGES3 - PTGER4,Prostaglandin,Non-protein Signaling,PMID: 34949672;PMID: 21508345
CD8.TEX,CD8.NaiveLike,PGE2-PTGES3,PTGER4,0.0351526377826484,0,PGE2-PTGES3_PTGER4,PGE2-PTGES3 - PTGER4,Prostaglandin,Non-protein Signaling,PMID: 34949672;PMID: 21508345
CD8.TPEX,CD8.NaiveLike,PGE2-PTGES3,PTGER4,0.0432264789298929,0,PGE2-PTGES3_PTGER4,PGE2-PTGES3 - PTGER4,Prostaglandin,Non-protein Signaling,PMID: 34949672;PMID: 21508345
Classical Mono-derived,CD8.NaiveLike,PGE2-PTGES3,PTGER4,0.0335867843556284,0,PGE2-PTGES3_PTGER4,PGE2-PTGES3 - PTGER4,Prostaglandin,Non-protein Signaling,PMID: 34949672;PMID: 21508345
IFN-stimulated,CD8.NaiveLike,PGE2-PTGES3,PTGER4,0.0333018331106197,0,PGE2-PTGES3_PTGER4,PGE2-PTGES3 - PTGER4,Prostaglandin,Non-protein Signaling,PMID: 34949672;PMID: 21508345
Inflammatory Mono-derived,CD8.NaiveLike,PGE2-PTGES3,PTGER4,0.0328808177332982,0,PGE2-PTGES3_PTGER4,PGE2-PTGES3 - PTGER4,Prostaglandin,Non-protein Signaling,PMID: 34949672;PMID: 21508345
Lipid-associated,CD8.NaiveLike,PGE2-PTGES3,PTGER4,0.0276224482092247,0,PGE2-PTGES3_PTGER4,PGE2-PTGES3 - PTGER4,Prostaglandin,Non-protein Signaling,PMID: 34949672;PMID: 21508345
Proliferating,CD8.NaiveLike,PGE2-PTGES3,PTGER4,0.0368933223753429,0,PGE2-PTGES3_PTGER4,PGE2-PTGES3 - PTGER4,Prostaglandin,Non-protein Signaling,PMID: 34949672;PMID: 21508345
Resident M2,CD8.NaiveLike,PGE2-PTGES3,PTGER4,0.0341262179405789,0,PGE2-PTGES3_PTGER4,PGE2-PTGES3 - PTGER4,Prostaglandin,Non-protein Signaling,PMID: 34949672;PMID: 21508345
Stress-response,CD8.NaiveLike,PGE2-PTGES3,PTGER4,0.0345747789506413,0,PGE2-PTGES3_PTGER4,PGE2-PTGES3 - PTGER4,Prostaglandin,Non-protein Signaling,PMID: 34949672;PMID: 21508345
CD8.CM,CD8.TEX,PGE2-PTGES3,PTGER4,0.030880329247151,0,PGE2-PTGES3_PTGER4,PGE2-PTGES3 - PTGER4,Prostaglandin,Non-protein Signaling,PMID: 34949672;PMID: 21508345
CD8.EM,CD8.TEX,PGE2-PTGES3,PTGER4,0.029754141079645,0,PGE2-PTGES3_PTGER4,PGE2-PTGES3 - PTGER4,Prostaglandin,Non-protein Signaling,PMID: 34949672;PMID: 21508345
CD8.MAIT,CD8.TEX,PGE2-PTGES3,PTGER4,0.0303626370374831,0,PGE2-PTGES3_PTGER4,PGE2-PTGES3 - PTGER4,Prostaglandin,Non-protein Signaling,PMID: 34949672;PMID: 21508345
CD8.NaiveLike,CD8.TEX,PGE2-PTGES3,PTGER4,0.0269491725238315,0,PGE2-PTGES3_PTGER4,PGE2-PTGES3 - PTGER4,Prostaglandin,Non-protein Signaling,PMID: 34949672;PMID: 21508345
CD8.TEMRA,CD8.TEX,PGE2-PTGES3,PTGER4,0.0279680725539948,0,PGE2-PTGES3_PTGER4,PGE2-PTGES3 - PTGER4,Prostaglandin,Non-protein Signaling,PMID: 34949672;PMID: 21508345
CD8.TEX,CD8.TEX,PGE2-PTGES3,PTGER4,0.0301605585580854,0,PGE2-PTGES3_PTGER4,PGE2-PTGES3 - PTGER4,Prostaglandin,Non-protein Signaling,PMID: 34949672;PMID: 21508345
CD8.TPEX,CD8.TEX,PGE2-PTGES3,PTGER4,0.0371319471476455,0,PGE2-PTGES3_PTGER4,PGE2-PTGES3 - PTGER4,Prostaglandin,Non-protein Signaling,PMID: 34949672;PMID: 21508345
Classical Mono-derived,CD8.TEX,PGE2-PTGES3,PTGER4,0.028810434377112,0,PGE2-PTGES3_PTGER4,PGE2-PTGES3 - PTGER4,Prostaglandin,Non-protein Signaling,PMID: 34949672;PMID: 21508345
IFN-stimulated,CD8.TEX,PGE2-PTGES3,PTGER4,0.0285648080712684,0,PGE2-PTGES3_PTGER4,PGE2-PTGES3 - PTGER4,Prostaglandin,Non-protein Signaling,PMID: 34949672;PMID: 21508345
Inflammatory Mono-derived,CD8.TEX,PGE2-PTGES3,PTGER4,0.0282019329764797,0,PGE2-PTGES3_PTGER4,PGE2-PTGES3 - PTGER4,Prostaglandin,Non-protein Signaling,PMID: 34949672;PMID: 21508345
Lipid-associated,CD8.TEX,PGE2-PTGES3,PTGER4,0.0236735044265215,0,PGE2-PTGES3_PTGER4,PGE2-PTGES3 - PTGER4,Prostaglandin,Non-protein Signaling,PMID: 34949672;PMID: 21508345
Proliferating,CD8.TEX,PGE2-PTGES3,PTGER4,0.0316621578557018,0,PGE2-PTGES3_PTGER4,PGE2-PTGES3 - PTGER4,Prostaglandin,Non-protein Signaling,PMID: 34949672;PMID: 21508345
Resident M2,CD8.TEX,PGE2-PTGES3,PTGER4,0.0292754793829324,0,PGE2-PTGES3_PTGER4,PGE2-PTGES3 - PTGER4,Prostaglandin,Non-protein Signaling,PMID: 34949672;PMID: 21508345
Stress-response,CD8.TEX,PGE2-PTGES3,PTGER4,0.029662239486897,0,PGE2-PTGES3_PTGER4,PGE2-PTGES3 - PTGER4,Prostaglandin,Non-protein Signaling,PMID: 34949672;PMID: 21508345
CD8.CM,CD8.TPEX,PGE2-PTGES3,PTGER4,0.0328269799103667,0,PGE2-PTGES3_PTGER4,PGE2-PTGES3 - PTGER4,Prostaglandin,Non-protein Signaling,PMID: 34949672;PMID: 21508345
CD8.EM,CD8.TPEX,PGE2-PTGES3,PTGER4,0.0316321157159015,0,PGE2-PTGES3_PTGER4,PGE2-PTGES3 - PTGER4,Prostaglandin,Non-protein Signaling,PMID: 34949672;PMID: 21508345
CD8.MAIT,CD8.TPEX,PGE2-PTGES3,PTGER4,0.0322777400777743,0,PGE2-PTGES3_PTGER4,PGE2-PTGES3 - PTGER4,Prostaglandin,Non-protein Signaling,PMID: 34949672;PMID: 21508345
CD8.NaiveLike,CD8.TPEX,PGE2-PTGES3,PTGER4,0.0286553363116885,0,PGE2-PTGES3_PTGER4,PGE2-PTGES3 - PTGER4,Prostaglandin,Non-protein Signaling,PMID: 34949672;PMID: 21508345
CD8.TEMRA,CD8.TPEX,PGE2-PTGES3,PTGER4,0.0297367719877415,0.01,PGE2-PTGES3_PTGER4,PGE2-PTGES3 - PTGER4,Prostaglandin,Non-protein Signaling,PMID: 34949672;PMID: 21508345
CD8.TEX,CD8.TPEX,PGE2-PTGES3,PTGER4,0.032063337108609,0,PGE2-PTGES3_PTGER4,PGE2-PTGES3 - PTGER4,Prostaglandin,Non-protein Signaling,PMID: 34949672;PMID: 21508345
CD8.TPEX,CD8.TPEX,PGE2-PTGES3,PTGER4,0.0394566455764855,0,PGE2-PTGES3_PTGER4,PGE2-PTGES3 - PTGER4,Prostaglandin,Non-protein Signaling,PMID: 34949672;PMID: 21508345
Classical Mono-derived,CD8.TPEX,PGE2-PTGES3,PTGER4,0.0306307260519286,0,PGE2-PTGES3_PTGER4,PGE2-PTGES3 - PTGER4,Prostaglandin,Non-protein Signaling,PMID: 34949672;PMID: 21508345
IFN-stimulated,CD8.TPEX,PGE2-PTGES3,PTGER4,0.0303700659603739,0,PGE2-PTGES3_PTGER4,PGE2-PTGES3 - PTGER4,Prostaglandin,Non-protein Signaling,PMID: 34949672;PMID: 21508345
Inflammatory Mono-derived,CD8.TPEX,PGE2-PTGES3,PTGER4,0.0299849655142367,0,PGE2-PTGES3_PTGER4,PGE2-PTGES3 - PTGER4,Prostaglandin,Non-protein Signaling,PMID: 34949672;PMID: 21508345
Lipid-associated,CD8.TPEX,PGE2-PTGES3,PTGER4,0.0251776502996324,0.03,PGE2-PTGES3_PTGER4,PGE2-PTGES3 - PTGER4,Prostaglandin,Non-protein Signaling,PMID: 34949672;PMID: 21508345
Proliferating,CD8.TPEX,PGE2-PTGES3,PTGER4,0.0336563822263917,0,PGE2-PTGES3_PTGER4,PGE2-PTGES3 - PTGER4,Prostaglandin,Non-protein Signaling,PMID: 34949672;PMID: 21508345
Resident M2,CD8.TPEX,PGE2-PTGES3,PTGER4,0.0311242117524706,0,PGE2-PTGES3_PTGER4,PGE2-PTGES3 - PTGER4,Prostaglandin,Non-protein Signaling,PMID: 34949672;PMID: 21508345
Stress-response,CD8.TPEX,PGE2-PTGES3,PTGER4,0.031534602150181,0,PGE2-PTGES3_PTGER4,PGE2-PTGES3 - PTGER4,Prostaglandin,Non-protein Signaling,PMID: 34949672;PMID: 21508345
CD8.TPEX,IFN-stimulated,PGE2-PTGES3,PTGER4,0.0299640375626961,0,PGE2-PTGES3_PTGER4,PGE2-PTGES3 - PTGER4,Prostaglandin,Non-protein Signaling,PMID: 34949672;PMID: 21508345
CD8.CM,Inflammatory Mono-derived,PGE2-PTGES3,PTGER4,0.0231204543427535,0,PGE2-PTGES3_PTGER4,PGE2-PTGES3 - PTGER4,Prostaglandin,Non-protein Signaling,PMID: 34949672;PMID: 21508345
CD8.EM,Inflammatory Mono-derived,PGE2-PTGES3,PTGER4,0.0222707610164243,0,PGE2-PTGES3_PTGER4,PGE2-PTGES3 - PTGER4,Prostaglandin,Non-protein Signaling,PMID: 34949672;PMID: 21508345
CD8.MAIT,Inflammatory Mono-derived,PGE2-PTGES3,PTGER4,0.022729801143392,0,PGE2-PTGES3_PTGER4,PGE2-PTGES3 - PTGER4,Prostaglandin,Non-protein Signaling,PMID: 34949672;PMID: 21508345
CD8.NaiveLike,Inflammatory Mono-derived,PGE2-PTGES3,PTGER4,0.0201566062363585,0,PGE2-PTGES3_PTGER4,PGE2-PTGES3 - PTGER4,Prostaglandin,Non-protein Signaling,PMID: 34949672;PMID: 21508345
CD8.TEMRA,Inflammatory Mono-derived,PGE2-PTGES3,PTGER4,0.0209242139533966,0,PGE2-PTGES3_PTGER4,PGE2-PTGES3 - PTGER4,Prostaglandin,Non-protein Signaling,PMID: 34949672;PMID: 21508345
CD8.TEX,Inflammatory Mono-derived,PGE2-PTGES3,PTGER4,0.0225773401396501,0,PGE2-PTGES3_PTGER4,PGE2-PTGES3 - PTGER4,Prostaglandin,Non-protein Signaling,PMID: 34949672;PMID: 21508345
CD8.TPEX,Inflammatory Mono-derived,PGE2-PTGES3,PTGER4,0.0278462511648132,0,PGE2-PTGES3_PTGER4,PGE2-PTGES3 - PTGER4,Prostaglandin,Non-protein Signaling,PMID: 34949672;PMID: 21508345
Classical Mono-derived,Inflammatory Mono-derived,PGE2-PTGES3,PTGER4,0.0215591293635483,0,PGE2-PTGES3_PTGER4,PGE2-PTGES3 - PTGER4,Prostaglandin,Non-protein Signaling,PMID: 34949672;PMID: 21508345
IFN-stimulated,Inflammatory Mono-derived,PGE2-PTGES3,PTGER4,0.0213739642260109,0,PGE2-PTGES3_PTGER4,PGE2-PTGES3 - PTGER4,Prostaglandin,Non-protein Signaling,PMID: 34949672;PMID: 21508345
Inflammatory Mono-derived,Inflammatory Mono-derived,PGE2-PTGES3,PTGER4,0.0211004543414933,0,PGE2-PTGES3_PTGER4,PGE2-PTGES3 - PTGER4,Prostaglandin,Non-protein Signaling,PMID: 34949672;PMID: 21508345
Lipid-associated,Inflammatory Mono-derived,PGE2-PTGES3,PTGER4,0.0176915622836296,0,PGE2-PTGES3_PTGER4,PGE2-PTGES3 - PTGER4,Prostaglandin,Non-protein Signaling,PMID: 34949672;PMID: 21508345
Proliferating,Inflammatory Mono-derived,PGE2-PTGES3,PTGER4,0.0237106250622101,0,PGE2-PTGES3_PTGER4,PGE2-PTGES3 - PTGER4,Prostaglandin,Non-protein Signaling,PMID: 34949672;PMID: 21508345
Resident M2,Inflammatory Mono-derived,PGE2-PTGES3,PTGER4,0.0219097676367106,0,PGE2-PTGES3_PTGER4,PGE2-PTGES3 - PTGER4,Prostaglandin,Non-protein Signaling,PMID: 34949672;PMID: 21508345
Stress-response,Inflammatory Mono-derived,PGE2-PTGES3,PTGER4,0.0222014444348081,0,PGE2-PTGES3_PTGER4,PGE2-PTGES3 - PTGER4,Prostaglandin,Non-protein Signaling,PMID: 34949672;PMID: 21508345
CD8.CM,Resident M2,PGE2-PTGES3,PTGER4,0.036486094973473,0,PGE2-PTGES3_PTGER4,PGE2-PTGES3 - PTGER4,Prostaglandin,Non-protein Signaling,PMID: 34949672;PMID: 21508345
CD8.EM,Resident M2,PGE2-PTGES3,PTGER4,0.03516288542685,0,PGE2-PTGES3_PTGER4,PGE2-PTGES3 - PTGER4,Prostaglandin,Non-protein Signaling,PMID: 34949672;PMID: 21508345
CD8.MAIT,Resident M2,PGE2-PTGES3,PTGER4,0.0358779042577854,0,PGE2-PTGES3_PTGER4,PGE2-PTGES3 - PTGER4,Prostaglandin,Non-protein Signaling,PMID: 34949672;PMID: 21508345
CD8.NaiveLike,Resident M2,PGE2-PTGES3,PTGER4,0.0318647720441911,0,PGE2-PTGES3_PTGER4,PGE2-PTGES3 - PTGER4,Prostaglandin,Non-protein Signaling,PMID: 34949672;PMID: 21508345
CD8.TEMRA,Resident M2,PGE2-PTGES3,PTGER4,0.033063207121986,0,PGE2-PTGES3_PTGER4,PGE2-PTGES3 - PTGER4,Prostaglandin,Non-protein Signaling,PMID: 34949672;PMID: 21508345
CD8.TEX,Resident M2,PGE2-PTGES3,PTGER4,0.0356404681418458,0,PGE2-PTGES3_PTGER4,PGE2-PTGES3 - PTGER4,Prostaglandin,Non-protein Signaling,PMID: 34949672;PMID: 21508345
CD8.TPEX,Resident M2,PGE2-PTGES3,PTGER4,0.0438212651105798,0,PGE2-PTGES3_PTGER4,PGE2-PTGES3 - PTGER4,Prostaglandin,Non-protein Signaling,PMID: 34949672;PMID: 21508345
Classical Mono-derived,Resident M2,PGE2-PTGES3,PTGER4,0.0340536515505074,0,PGE2-PTGES3_PTGER4,PGE2-PTGES3 - PTGER4,Prostaglandin,Non-protein Signaling,PMID: 34949672;PMID: 21508345
IFN-stimulated,Resident M2,PGE2-PTGES3,PTGER4,0.0337648777785848,0,PGE2-PTGES3_PTGER4,PGE2-PTGES3 - PTGER4,Prostaglandin,Non-protein Signaling,PMID: 34949672;PMID: 21508345
Inflammatory Mono-derived,Resident M2,PGE2-PTGES3,PTGER4,0.0333382102864451,0,PGE2-PTGES3_PTGER4,PGE2-PTGES3 - PTGER4,Prostaglandin,Non-protein Signaling,PMID: 34949672;PMID: 21508345
Lipid-associated,Resident M2,PGE2-PTGES3,PTGER4,0.0280088120043243,0,PGE2-PTGES3_PTGER4,PGE2-PTGES3 - PTGER4,Prostaglandin,Non-protein Signaling,PMID: 34949672;PMID: 21508345
Proliferating,Resident M2,PGE2-PTGES3,PTGER4,0.0374043725946717,0,PGE2-PTGES3_PTGER4,PGE2-PTGES3 - PTGER4,Prostaglandin,Non-protein Signaling,PMID: 34949672;PMID: 21508345
Resident M2,Resident M2,PGE2-PTGES3,PTGER4,0.0346003149769072,0,PGE2-PTGES3_PTGER4,PGE2-PTGES3 - PTGER4,Prostaglandin,Non-protein Signaling,PMID: 34949672;PMID: 21508345
Stress-response,Resident M2,PGE2-PTGES3,PTGER4,0.0350548814350561,0,PGE2-PTGES3_PTGER4,PGE2-PTGES3 - PTGER4,Prostaglandin,Non-protein Signaling,PMID: 34949672;PMID: 21508345
CD8.TPEX,Stress-response,PGE2-PTGES3,PTGER4,0.0266117608501382,0.01,PGE2-PTGES3_PTGER4,PGE2-PTGES3 - PTGER4,Prostaglandin,Non-protein Signaling,PMID: 34949672;PMID: 21508345
Classical Mono-derived,CD8.CM,Cholesterol-LIPA,RORA,0.00318587251244511,0,Cholesterol-Cholesterol-LIPA_RORA,CHOLESTEROL-LIPA - RORA,Cholesterol,Non-protein Signaling,HMRbase;PMID:12467577;PDB:1N83
IFN-stimulated,CD8.CM,Cholesterol-LIPA,RORA,0.00318862856444021,0,Cholesterol-Cholesterol-LIPA_RORA,CHOLESTEROL-LIPA - RORA,Cholesterol,Non-protein Signaling,HMRbase;PMID:12467577;PDB:1N83
Inflammatory Mono-derived,CD8.CM,Cholesterol-LIPA,RORA,0.00316750462414823,0,Cholesterol-Cholesterol-LIPA_RORA,CHOLESTEROL-LIPA - RORA,Cholesterol,Non-protein Signaling,HMRbase;PMID:12467577;PDB:1N83
Lipid-associated,CD8.CM,Cholesterol-LIPA,RORA,0.0141967986382597,0,Cholesterol-Cholesterol-LIPA_RORA,CHOLESTEROL-LIPA - RORA,Cholesterol,Non-protein Signaling,HMRbase;PMID:12467577;PDB:1N83
Proliferating,CD8.CM,Cholesterol-LIPA,RORA,0.00214601731204776,0,Cholesterol-Cholesterol-LIPA_RORA,CHOLESTEROL-LIPA - RORA,Cholesterol,Non-protein Signaling,HMRbase;PMID:12467577;PDB:1N83
Resident M2,CD8.CM,Cholesterol-LIPA,RORA,0.00756180110618361,0,Cholesterol-Cholesterol-LIPA_RORA,CHOLESTEROL-LIPA - RORA,Cholesterol,Non-protein Signaling,HMRbase;PMID:12467577;PDB:1N83
Stress-response,CD8.CM,Cholesterol-LIPA,RORA,0.00801875583059373,0,Cholesterol-Cholesterol-LIPA_RORA,CHOLESTEROL-LIPA - RORA,Cholesterol,Non-protein Signaling,HMRbase;PMID:12467577;PDB:1N83
Classical Mono-derived,CD8.MAIT,Cholesterol-LIPA,RORA,0.0109356371765487,0,Cholesterol-Cholesterol-LIPA_RORA,CHOLESTEROL-LIPA - RORA,Cholesterol,Non-protein Signaling,HMRbase;PMID:12467577;PDB:1N83
IFN-stimulated,CD8.MAIT,Cholesterol-LIPA,RORA,0.0109450238250469,0,Cholesterol-Cholesterol-LIPA_RORA,CHOLESTEROL-LIPA - RORA,Cholesterol,Non-protein Signaling,HMRbase;PMID:12467577;PDB:1N83
Inflammatory Mono-derived,CD8.MAIT,Cholesterol-LIPA,RORA,0.0108730760203994,0,Cholesterol-Cholesterol-LIPA_RORA,CHOLESTEROL-LIPA - RORA,Cholesterol,Non-protein Signaling,HMRbase;PMID:12467577;PDB:1N83
Lipid-associated,CD8.MAIT,Cholesterol-LIPA,RORA,0.0474559422453233,0,Cholesterol-Cholesterol-LIPA_RORA,CHOLESTEROL-LIPA - RORA,Cholesterol,Non-protein Signaling,HMRbase;PMID:12467577;PDB:1N83
Proliferating,CD8.MAIT,Cholesterol-LIPA,RORA,0.00738503191116329,0,Cholesterol-Cholesterol-LIPA_RORA,CHOLESTEROL-LIPA - RORA,Cholesterol,Non-protein Signaling,HMRbase;PMID:12467577;PDB:1N83
Resident M2,CD8.MAIT,Cholesterol-LIPA,RORA,0.0256819419788715,0,Cholesterol-Cholesterol-LIPA_RORA,CHOLESTEROL-LIPA - RORA,Cholesterol,Non-protein Signaling,HMRbase;PMID:12467577;PDB:1N83
Stress-response,CD8.MAIT,Cholesterol-LIPA,RORA,0.0272038701480952,0,Cholesterol-Cholesterol-LIPA_RORA,CHOLESTEROL-LIPA - RORA,Cholesterol,Non-protein Signaling,HMRbase;PMID:12467577;PDB:1N83
Classical Mono-derived,CD8.NaiveLike,Cholesterol-LIPA,RORA,0.00279122365040512,0,Cholesterol-Cholesterol-LIPA_RORA,CHOLESTEROL-LIPA - RORA,Cholesterol,Non-protein Signaling,HMRbase;PMID:12467577;PDB:1N83
IFN-stimulated,CD8.NaiveLike,Cholesterol-LIPA,RORA,0.00279363925421764,0,Cholesterol-Cholesterol-LIPA_RORA,CHOLESTEROL-LIPA - RORA,Cholesterol,Non-protein Signaling,HMRbase;PMID:12467577;PDB:1N83
Inflammatory Mono-derived,CD8.NaiveLike,Cholesterol-LIPA,RORA,0.00277512474348924,0,Cholesterol-Cholesterol-LIPA_RORA,CHOLESTEROL-LIPA - RORA,Cholesterol,Non-protein Signaling,HMRbase;PMID:12467577;PDB:1N83
Lipid-associated,CD8.NaiveLike,Cholesterol-LIPA,RORA,0.0124552179869789,0,Cholesterol-Cholesterol-LIPA_RORA,CHOLESTEROL-LIPA - RORA,Cholesterol,Non-protein Signaling,HMRbase;PMID:12467577;PDB:1N83
Proliferating,CD8.NaiveLike,Cholesterol-LIPA,RORA,0.00187993722354055,0,Cholesterol-Cholesterol-LIPA_RORA,CHOLESTEROL-LIPA - RORA,Cholesterol,Non-protein Signaling,HMRbase;PMID:12467577;PDB:1N83
Resident M2,CD8.NaiveLike,Cholesterol-LIPA,RORA,0.00662869027019174,0,Cholesterol-Cholesterol-LIPA_RORA,CHOLESTEROL-LIPA - RORA,Cholesterol,Non-protein Signaling,HMRbase;PMID:12467577;PDB:1N83
Stress-response,CD8.NaiveLike,Cholesterol-LIPA,RORA,0.00702965711692283,0,Cholesterol-Cholesterol-LIPA_RORA,CHOLESTEROL-LIPA - RORA,Cholesterol,Non-protein Signaling,HMRbase;PMID:12467577;PDB:1N83
Classical Mono-derived,CD8.TEMRA,Cholesterol-LIPA,RORA,0.0033081329172307,0,Cholesterol-Cholesterol-LIPA_RORA,CHOLESTEROL-LIPA - RORA,Cholesterol,Non-protein Signaling,HMRbase;PMID:12467577;PDB:1N83
IFN-stimulated,CD8.TEMRA,Cholesterol-LIPA,RORA,0.00331099438361573,0,Cholesterol-Cholesterol-LIPA_RORA,CHOLESTEROL-LIPA - RORA,Cholesterol,Non-protein Signaling,HMRbase;PMID:12467577;PDB:1N83
Inflammatory Mono-derived,CD8.TEMRA,Cholesterol-LIPA,RORA,0.0032890624723472,0,Cholesterol-Cholesterol-LIPA_RORA,CHOLESTEROL-LIPA - RORA,Cholesterol,Non-protein Signaling,HMRbase;PMID:12467577;PDB:1N83
Lipid-associated,CD8.TEMRA,Cholesterol-LIPA,RORA,0.0147353657618747,0,Cholesterol-Cholesterol-LIPA_RORA,CHOLESTEROL-LIPA - RORA,Cholesterol,Non-protein Signaling,HMRbase;PMID:12467577;PDB:1N83
Proliferating,CD8.TEMRA,Cholesterol-LIPA,RORA,0.00222846165374001,0,Cholesterol-Cholesterol-LIPA_RORA,CHOLESTEROL-LIPA - RORA,Cholesterol,Non-protein Signaling,HMRbase;PMID:12467577;PDB:1N83
Resident M2,CD8.TEMRA,Cholesterol-LIPA,RORA,0.00785066869487955,0,Cholesterol-Cholesterol-LIPA_RORA,CHOLESTEROL-LIPA - RORA,Cholesterol,Non-protein Signaling,HMRbase;PMID:12467577;PDB:1N83
Stress-response,CD8.TEMRA,Cholesterol-LIPA,RORA,0.00832493307190068,0,Cholesterol-Cholesterol-LIPA_RORA,CHOLESTEROL-LIPA - RORA,Cholesterol,Non-protein Signaling,HMRbase;PMID:12467577;PDB:1N83
Classical Mono-derived,CD8.TEX,Cholesterol-LIPA,RORA,0.00285392108579207,0,Cholesterol-Cholesterol-LIPA_RORA,CHOLESTEROL-LIPA - RORA,Cholesterol,Non-protein Signaling,HMRbase;PMID:12467577;PDB:1N83
IFN-stimulated,CD8.TEX,Cholesterol-LIPA,RORA,0.00285639079431471,0,Cholesterol-Cholesterol-LIPA_RORA,CHOLESTEROL-LIPA - RORA,Cholesterol,Non-protein Signaling,HMRbase;PMID:12467577;PDB:1N83
Inflammatory Mono-derived,CD8.TEX,Cholesterol-LIPA,RORA,0.00283746158858856,0,Cholesterol-Cholesterol-LIPA_RORA,CHOLESTEROL-LIPA - RORA,Cholesterol,Non-protein Signaling,HMRbase;PMID:12467577;PDB:1N83
Lipid-associated,CD8.TEX,Cholesterol-LIPA,RORA,0.0127322198252317,0,Cholesterol-Cholesterol-LIPA_RORA,CHOLESTEROL-LIPA - RORA,Cholesterol,Non-protein Signaling,HMRbase;PMID:12467577;PDB:1N83
Proliferating,CD8.TEX,Cholesterol-LIPA,RORA,0.00192220448355231,0,Cholesterol-Cholesterol-LIPA_RORA,CHOLESTEROL-LIPA - RORA,Cholesterol,Non-protein Signaling,HMRbase;PMID:12467577;PDB:1N83
Resident M2,CD8.TEX,Cholesterol-LIPA,RORA,0.00677700041160593,0,Cholesterol-Cholesterol-LIPA_RORA,CHOLESTEROL-LIPA - RORA,Cholesterol,Non-protein Signaling,HMRbase;PMID:12467577;PDB:1N83
Stress-response,CD8.TEX,Cholesterol-LIPA,RORA,0.00718687357472594,0,Cholesterol-Cholesterol-LIPA_RORA,CHOLESTEROL-LIPA - RORA,Cholesterol,Non-protein Signaling,HMRbase;PMID:12467577;PDB:1N83
Classical Mono-derived,CD8.TPEX,Cholesterol-LIPA,RORA,0.00670985791615177,0,Cholesterol-Cholesterol-LIPA_RORA,CHOLESTEROL-LIPA - RORA,Cholesterol,Non-protein Signaling,HMRbase;PMID:12467577;PDB:1N83
IFN-stimulated,CD8.TPEX,Cholesterol-LIPA,RORA,0.00671564197829553,0,Cholesterol-Cholesterol-LIPA_RORA,CHOLESTEROL-LIPA - RORA,Cholesterol,Non-protein Signaling,HMRbase;PMID:12467577;PDB:1N83
Inflammatory Mono-derived,CD8.TPEX,Cholesterol-LIPA,RORA,0.00667130875309589,0,Cholesterol-Cholesterol-LIPA_RORA,CHOLESTEROL-LIPA - RORA,Cholesterol,Non-protein Signaling,HMRbase;PMID:12467577;PDB:1N83
Lipid-associated,CD8.TPEX,Cholesterol-LIPA,RORA,0.0295393621657648,0,Cholesterol-Cholesterol-LIPA_RORA,CHOLESTEROL-LIPA - RORA,Cholesterol,Non-protein Signaling,HMRbase;PMID:12467577;PDB:1N83
Proliferating,CD8.TPEX,Cholesterol-LIPA,RORA,0.00452501027358107,0,Cholesterol-Cholesterol-LIPA_RORA,CHOLESTEROL-LIPA - RORA,Cholesterol,Non-protein Signaling,HMRbase;PMID:12467577;PDB:1N83
Resident M2,CD8.TPEX,Cholesterol-LIPA,RORA,0.015849166689226,0,Cholesterol-Cholesterol-LIPA_RORA,CHOLESTEROL-LIPA - RORA,Cholesterol,Non-protein Signaling,HMRbase;PMID:12467577;PDB:1N83
Stress-response,CD8.TPEX,Cholesterol-LIPA,RORA,0.0167984447649978,0,Cholesterol-Cholesterol-LIPA_RORA,CHOLESTEROL-LIPA - RORA,Cholesterol,Non-protein Signaling,HMRbase;PMID:12467577;PDB:1N83
Classical Mono-derived,CD8.CM,APP,CD74,0.0194063264845702,0,APP_CD74,APP - CD74,APP,Cell-Cell Contact,PMID: 19849849
IFN-stimulated,CD8.CM,APP,CD74,0.0155618163800013,0,APP_CD74,APP - CD74,APP,Cell-Cell Contact,PMID: 19849849
Inflammatory Mono-derived,CD8.CM,APP,CD74,0.042694783765621,0,APP_CD74,APP - CD74,APP,Cell-Cell Contact,PMID: 19849849
Lipid-associated,CD8.CM,APP,CD74,0.017009007195825,0,APP_CD74,APP - CD74,APP,Cell-Cell Contact,PMID: 19849849
Proliferating,CD8.CM,APP,CD74,0.0139164274201318,0,APP_CD74,APP - CD74,APP,Cell-Cell Contact,PMID: 19849849
Resident M2,CD8.CM,APP,CD74,0.0164920712728826,0,APP_CD74,APP - CD74,APP,Cell-Cell Contact,PMID: 19849849
Stress-response,CD8.CM,APP,CD74,0.0420068438374772,0,APP_CD74,APP - CD74,APP,Cell-Cell Contact,PMID: 19849849
Classical Mono-derived,CD8.EM,APP,CD74,0.0277007736816398,0,APP_CD74,APP - CD74,APP,Cell-Cell Contact,PMID: 19849849
IFN-stimulated,CD8.EM,APP,CD74,0.0222503685762531,0,APP_CD74,APP - CD74,APP,Cell-Cell Contact,PMID: 19849849
Inflammatory Mono-derived,CD8.EM,APP,CD74,0.0603305406500427,0,APP_CD74,APP - CD74,APP,Cell-Cell Contact,PMID: 19849849
Lipid-associated,CD8.EM,APP,CD74,0.0243042133242457,0,APP_CD74,APP - CD74,APP,Cell-Cell Contact,PMID: 19849849
Proliferating,CD8.EM,APP,CD74,0.0199120869813334,0,APP_CD74,APP - CD74,APP,Cell-Cell Contact,PMID: 19849849
Resident M2,CD8.EM,APP,CD74,0.0235708787266219,0,APP_CD74,APP - CD74,APP,Cell-Cell Contact,PMID: 19849849
Stress-response,CD8.EM,APP,CD74,0.0593760613013524,0,APP_CD74,APP - CD74,APP,Cell-Cell Contact,PMID: 19849849
Classical Mono-derived,CD8.MAIT,APP,CD74,0.0177542763789655,0,APP_CD74,APP - CD74,APP,Cell-Cell Contact,PMID: 19849849
IFN-stimulated,CD8.MAIT,APP,CD74,0.0142322972014908,0,APP_CD74,APP - CD74,APP,Cell-Cell Contact,PMID: 19849849
Inflammatory Mono-derived,CD8.MAIT,APP,CD74,0.0391393305355654,0,APP_CD74,APP - CD74,APP,Cell-Cell Contact,PMID: 19849849
Lipid-associated,CD8.MAIT,APP,CD74,0.0155578016771398,0,APP_CD74,APP - CD74,APP,Cell-Cell Contact,PMID: 19849849
Proliferating,CD8.MAIT,APP,CD74,0.0127256643933204,0,APP_CD74,APP - CD74,APP,Cell-Cell Contact,PMID: 19849849
Resident M2,CD8.MAIT,APP,CD74,0.0150842938339687,0,APP_CD74,APP - CD74,APP,Cell-Cell Contact,PMID: 19849849
Stress-response,CD8.MAIT,APP,CD74,0.03850637515828,0,APP_CD74,APP - CD74,APP,Cell-Cell Contact,PMID: 19849849
Classical Mono-derived,CD8.NaiveLike,APP,CD74,0.0158092847122052,0,APP_CD74,APP - CD74,APP,Cell-Cell Contact,PMID: 19849849
IFN-stimulated,CD8.NaiveLike,APP,CD74,0.0126681643054451,0,APP_CD74,APP - CD74,APP,Cell-Cell Contact,PMID: 19849849
Inflammatory Mono-derived,CD8.NaiveLike,APP,CD74,0.0349349162692548,0,APP_CD74,APP - CD74,APP,Cell-Cell Contact,PMID: 19849849
Lipid-associated,CD8.NaiveLike,APP,CD74,0.0138500422296504,0,APP_CD74,APP - CD74,APP,Cell-Cell Contact,PMID: 19849849
Proliferating,CD8.NaiveLike,APP,CD74,0.0113252085121566,0,APP_CD74,APP - CD74,APP,Cell-Cell Contact,PMID: 19849849
Resident M2,CD8.NaiveLike,APP,CD74,0.0134278017625154,0,APP_CD74,APP - CD74,APP,Cell-Cell Contact,PMID: 19849849
Stress-response,CD8.NaiveLike,APP,CD74,0.0343675221074213,0,APP_CD74,APP - CD74,APP,Cell-Cell Contact,PMID: 19849849
Classical Mono-derived,CD8.TEMRA,APP,CD74,0.0238723801840456,0,APP_CD74,APP - CD74,APP,Cell-Cell Contact,PMID: 19849849
IFN-stimulated,CD8.TEMRA,APP,CD74,0.0191604056558893,0,APP_CD74,APP - CD74,APP,Cell-Cell Contact,PMID: 19849849
Inflammatory Mono-derived,CD8.TEMRA,APP,CD74,0.0522348101908324,0,APP_CD74,APP - CD74,APP,Cell-Cell Contact,PMID: 19849849
Lipid-associated,CD8.TEMRA,APP,CD74,0.0209351350316178,0,APP_CD74,APP - CD74,APP,Cell-Cell Contact,PMID: 19849849
Proliferating,CD8.TEMRA,APP,CD74,0.0171411541343308,0,APP_CD74,APP - CD74,APP,Cell-Cell Contact,PMID: 19849849
Resident M2,CD8.TEMRA,APP,CD74,0.0203013409739926,0,APP_CD74,APP - CD74,APP,Cell-Cell Contact,PMID: 19849849
Stress-response,CD8.TEMRA,APP,CD74,0.0514014057899564,0,APP_CD74,APP - CD74,APP,Cell-Cell Contact,PMID: 19849849
Classical Mono-derived,CD8.TEX,APP,CD74,0.0255878217423739,0,APP_CD74,APP - CD74,APP,Cell-Cell Contact,PMID: 19849849
IFN-stimulated,CD8.TEX,APP,CD74,0.0205443765771529,0,APP_CD74,APP - CD74,APP,Cell-Cell Contact,PMID: 19849849
Inflammatory Mono-derived,CD8.TEX,APP,CD74,0.0558716866134803,0,APP_CD74,APP - CD74,APP,Cell-Cell Contact,PMID: 19849849
Lipid-associated,CD8.TEX,APP,CD74,0.0224443626797595,0,APP_CD74,APP - CD74,APP,Cell-Cell Contact,PMID: 19849849
Proliferating,CD8.TEX,APP,CD74,0.01838200638409,0,APP_CD74,APP - CD74,APP,Cell-Cell Contact,PMID: 19849849
Resident M2,CD8.TEX,APP,CD74,0.0217658937543653,0,APP_CD74,APP - CD74,APP,Cell-Cell Contact,PMID: 19849849
Stress-response,CD8.TEX,APP,CD74,0.054983622319937,0,APP_CD74,APP - CD74,APP,Cell-Cell Contact,PMID: 19849849
Classical Mono-derived,CD8.TPEX,APP,CD74,0.0236220304165113,0,APP_CD74,APP - CD74,APP,Cell-Cell Contact,PMID: 19849849
IFN-stimulated,CD8.TPEX,APP,CD74,0.0189585106517182,0,APP_CD74,APP - CD74,APP,Cell-Cell Contact,PMID: 19849849
Inflammatory Mono-derived,CD8.TPEX,APP,CD74,0.0517027778927985,0,APP_CD74,APP - CD74,APP,Cell-Cell Contact,PMID: 19849849
Lipid-associated,CD8.TPEX,APP,CD74,0.0207149344831723,0,APP_CD74,APP - CD74,APP,Cell-Cell Contact,PMID: 19849849
Proliferating,CD8.TPEX,APP,CD74,0.0169601682625867,0,APP_CD74,APP - CD74,APP,Cell-Cell Contact,PMID: 19849849
Resident M2,CD8.TPEX,APP,CD74,0.0200876700410228,0,APP_CD74,APP - CD74,APP,Cell-Cell Contact,PMID: 19849849
Stress-response,CD8.TPEX,APP,CD74,0.0508774063689997,0,APP_CD74,APP - CD74,APP,Cell-Cell Contact,PMID: 19849849
Classical Mono-derived,Classical Mono-derived,APP,CD74,0.0432398126713367,0,APP_CD74,APP - CD74,APP,Cell-Cell Contact,PMID: 19849849
IFN-stimulated,Classical Mono-derived,APP,CD74,0.0348415072794885,0,APP_CD74,APP - CD74,APP,Cell-Cell Contact,PMID: 19849849
Inflammatory Mono-derived,Classical Mono-derived,APP,CD74,0.0924334833956329,0,APP_CD74,APP - CD74,APP,Cell-Cell Contact,PMID: 19849849
Lipid-associated,Classical Mono-derived,APP,CD74,0.0380124060588683,0,APP_CD74,APP - CD74,APP,Cell-Cell Contact,PMID: 19849849
Proliferating,Classical Mono-derived,APP,CD74,0.0312222817655383,0,APP_CD74,APP - CD74,APP,Cell-Cell Contact,PMID: 19849849
Resident M2,Classical Mono-derived,APP,CD74,0.0368810868682056,0,APP_CD74,APP - CD74,APP,Cell-Cell Contact,PMID: 19849849
Stress-response,Classical Mono-derived,APP,CD74,0.091020305637784,0,APP_CD74,APP - CD74,APP,Cell-Cell Contact,PMID: 19849849
Classical Mono-derived,IFN-stimulated,APP,CD74,0.0429866013504505,0,APP_CD74,APP - CD74,APP,Cell-Cell Contact,PMID: 19849849
IFN-stimulated,IFN-stimulated,APP,CD74,0.034635695860172,0,APP_CD74,APP - CD74,APP,Cell-Cell Contact,PMID: 19849849
Inflammatory Mono-derived,IFN-stimulated,APP,CD74,0.0919198718371191,0,APP_CD74,APP - CD74,APP,Cell-Cell Contact,PMID: 19849849
Lipid-associated,IFN-stimulated,APP,CD74,0.0377885972602875,0,APP_CD74,APP - CD74,APP,Cell-Cell Contact,PMID: 19849849
Proliferating,IFN-stimulated,APP,CD74,0.0310371618869691,0,APP_CD74,APP - CD74,APP,Cell-Cell Contact,PMID: 19849849
Resident M2,IFN-stimulated,APP,CD74,0.0366636851660882,0,APP_CD74,APP - CD74,APP,Cell-Cell Contact,PMID: 19849849
Stress-response,IFN-stimulated,APP,CD74,0.0905137633382987,0,APP_CD74,APP - CD74,APP,Cell-Cell Contact,PMID: 19849849
Classical Mono-derived,Inflammatory Mono-derived,APP,CD74,0.0393372439148313,0,APP_CD74,APP - CD74,APP,Cell-Cell Contact,PMID: 19849849
IFN-stimulated,Inflammatory Mono-derived,APP,CD74,0.0316718280969675,0,APP_CD74,APP - CD74,APP,Cell-Cell Contact,PMID: 19849849
Inflammatory Mono-derived,Inflammatory Mono-derived,APP,CD74,0.0844830368658087,0,APP_CD74,APP - CD74,APP,Cell-Cell Contact,PMID: 19849849
Lipid-associated,Inflammatory Mono-derived,APP,CD74,0.0345645876009611,0,APP_CD74,APP - CD74,APP,Cell-Cell Contact,PMID: 19849849
Proliferating,Inflammatory Mono-derived,APP,CD74,0.0283721798790559,0,APP_CD74,APP - CD74,APP,Cell-Cell Contact,PMID: 19849849
Resident M2,Inflammatory Mono-derived,APP,CD74,0.0335323050070079,0,APP_CD74,APP - CD74,APP,Cell-Cell Contact,PMID: 19849849
Stress-response,Inflammatory Mono-derived,APP,CD74,0.0831802698344793,0,APP_CD74,APP - CD74,APP,Cell-Cell Contact,PMID: 19849849
Classical Mono-derived,Lipid-associated,APP,CD74,0.0438437579314334,0,APP_CD74,APP - CD74,APP,Cell-Cell Contact,PMID: 19849849
IFN-stimulated,Lipid-associated,APP,CD74,0.0353324824150568,0,APP_CD74,APP - CD74,APP,Cell-Cell Contact,PMID: 19849849
Inflammatory Mono-derived,Lipid-associated,APP,CD74,0.0936572727835882,0,APP_CD74,APP - CD74,APP,Cell-Cell Contact,PMID: 19849849
Lipid-associated,Lipid-associated,APP,CD74,0.0385462799136623,0,APP_CD74,APP - CD74,APP,Cell-Cell Contact,PMID: 19849849
Proliferating,Lipid-associated,APP,CD74,0.0316639291444014,0,APP_CD74,APP - CD74,APP,Cell-Cell Contact,PMID: 19849849
Resident M2,Lipid-associated,APP,CD74,0.0373996893816922,0,APP_CD74,APP - CD74,APP,Cell-Cell Contact,PMID: 19849849
Stress-response,Lipid-associated,APP,CD74,0.0922272863294318,0,APP_CD74,APP - CD74,APP,Cell-Cell Contact,PMID: 19849849
Classical Mono-derived,Proliferating,APP,CD74,0.0445527158557899,0,APP_CD74,APP - CD74,APP,Cell-Cell Contact,PMID: 19849849
IFN-stimulated,Proliferating,APP,CD74,0.0359089808709074,0,APP_CD74,APP - CD74,APP,Cell-Cell Contact,PMID: 19849849
Inflammatory Mono-derived,Proliferating,APP,CD74,0.0950916126866195,0,APP_CD74,APP - CD74,APP,Cell-Cell Contact,PMID: 19849849
Lipid-associated,Proliferating,APP,CD74,0.0391730865557482,0,APP_CD74,APP - CD74,APP,Cell-Cell Contact,PMID: 19849849
Proliferating,Proliferating,APP,CD74,0.0321825669909089,0,APP_CD74,APP - CD74,APP,Cell-Cell Contact,PMID: 19849849
Resident M2,Proliferating,APP,CD74,0.038008588225966,0,APP_CD74,APP - CD74,APP,Cell-Cell Contact,PMID: 19849849
Stress-response,Proliferating,APP,CD74,0.0936419889812109,0,APP_CD74,APP - CD74,APP,Cell-Cell Contact,PMID: 19849849
Classical Mono-derived,Resident M2,APP,CD74,0.0451354601749005,0,APP_CD74,APP - CD74,APP,Cell-Cell Contact,PMID: 19849849
IFN-stimulated,Resident M2,APP,CD74,0.0363829713799238,0,APP_CD74,APP - CD74,APP,Cell-Cell Contact,PMID: 19849849
Inflammatory Mono-derived,Resident M2,APP,CD74,0.0962687946281987,0,APP_CD74,APP - CD74,APP,Cell-Cell Contact,PMID: 19849849
Lipid-associated,Resident M2,APP,CD74,0.0396883888452697,0,APP_CD74,APP - CD74,APP,Cell-Cell Contact,PMID: 19849849
Proliferating,Resident M2,APP,CD74,0.0326090333805713,0,APP_CD74,APP - CD74,APP,Cell-Cell Contact,PMID: 19849849
Resident M2,Resident M2,APP,CD74,0.038509186073562,0,APP_CD74,APP - CD74,APP,Cell-Cell Contact,PMID: 19849849
Stress-response,Resident M2,APP,CD74,0.0948031054499979,0,APP_CD74,APP - CD74,APP,Cell-Cell Contact,PMID: 19849849
Classical Mono-derived,Stress-response,APP,CD74,0.0406327894858581,0,APP_CD74,APP - CD74,APP,Cell-Cell Contact,PMID: 19849849
IFN-stimulated,Stress-response,APP,CD74,0.0327235178793288,0,APP_CD74,APP - CD74,APP,Cell-Cell Contact,PMID: 19849849
Inflammatory Mono-derived,Stress-response,APP,CD74,0.087130574077725,0,APP_CD74,APP - CD74,APP,Cell-Cell Contact,PMID: 19849849
Lipid-associated,Stress-response,APP,CD74,0.0357087916522053,0,APP_CD74,APP - CD74,APP,Cell-Cell Contact,PMID: 19849849
Proliferating,Stress-response,APP,CD74,0.0293176193846259,0,APP_CD74,APP - CD74,APP,Cell-Cell Contact,PMID: 19849849
Resident M2,Stress-response,APP,CD74,0.0346435632586252,0,APP_CD74,APP - CD74,APP,Cell-Cell Contact,PMID: 19849849
Stress-response,Stress-response,APP,CD74,0.0857908065371599,0,APP_CD74,APP - CD74,APP,Cell-Cell Contact,PMID: 19849849
CD8.CM,Classical Mono-derived,PTPRC,MRC1,0.0614919355169968,0,PTPRC_MRC1,PTPRC - MRC1,CD45,Cell-Cell Contact,PMID: 27601670; PMID: 10575006
CD8.EM,Classical Mono-derived,PTPRC,MRC1,0.0657152548469237,0,PTPRC_MRC1,PTPRC - MRC1,CD45,Cell-Cell Contact,PMID: 27601670; PMID: 10575006
CD8.MAIT,Classical Mono-derived,PTPRC,MRC1,0.0577117563874944,0,PTPRC_MRC1,PTPRC - MRC1,CD45,Cell-Cell Contact,PMID: 27601670; PMID: 10575006
CD8.NaiveLike,Classical Mono-derived,PTPRC,MRC1,0.0587461142461127,0,PTPRC_MRC1,PTPRC - MRC1,CD45,Cell-Cell Contact,PMID: 27601670; PMID: 10575006
CD8.TEMRA,Classical Mono-derived,PTPRC,MRC1,0.0712027485174839,0,PTPRC_MRC1,PTPRC - MRC1,CD45,Cell-Cell Contact,PMID: 27601670; PMID: 10575006
CD8.TEX,Classical Mono-derived,PTPRC,MRC1,0.0633393411704504,0,PTPRC_MRC1,PTPRC - MRC1,CD45,Cell-Cell Contact,PMID: 27601670; PMID: 10575006
CD8.TPEX,Classical Mono-derived,PTPRC,MRC1,0.0619936995242155,0,PTPRC_MRC1,PTPRC - MRC1,CD45,Cell-Cell Contact,PMID: 27601670; PMID: 10575006
Classical Mono-derived,Classical Mono-derived,PTPRC,MRC1,0.0484390395750154,0,PTPRC_MRC1,PTPRC - MRC1,CD45,Cell-Cell Contact,PMID: 27601670; PMID: 10575006
IFN-stimulated,Classical Mono-derived,PTPRC,MRC1,0.0446852291827555,0,PTPRC_MRC1,PTPRC - MRC1,CD45,Cell-Cell Contact,PMID: 27601670; PMID: 10575006
Inflammatory Mono-derived,Classical Mono-derived,PTPRC,MRC1,0.0341873125833019,0,PTPRC_MRC1,PTPRC - MRC1,CD45,Cell-Cell Contact,PMID: 27601670; PMID: 10575006
Lipid-associated,Classical Mono-derived,PTPRC,MRC1,0.0298709305576071,0,PTPRC_MRC1,PTPRC - MRC1,CD45,Cell-Cell Contact,PMID: 27601670; PMID: 10575006
Proliferating,Classical Mono-derived,PTPRC,MRC1,0.0430201822098169,0,PTPRC_MRC1,PTPRC - MRC1,CD45,Cell-Cell Contact,PMID: 27601670; PMID: 10575006
Resident M2,Classical Mono-derived,PTPRC,MRC1,0.0436646360414341,0,PTPRC_MRC1,PTPRC - MRC1,CD45,Cell-Cell Contact,PMID: 27601670; PMID: 10575006
Stress-response,Classical Mono-derived,PTPRC,MRC1,0.0292893779707431,0,PTPRC_MRC1,PTPRC - MRC1,CD45,Cell-Cell Contact,PMID: 27601670; PMID: 10575006
CD8.CM,IFN-stimulated,PTPRC,MRC1,0.0531660898419309,0,PTPRC_MRC1,PTPRC - MRC1,CD45,Cell-Cell Contact,PMID: 27601670; PMID: 10575006
CD8.EM,IFN-stimulated,PTPRC,MRC1,0.0568522225424947,0,PTPRC_MRC1,PTPRC - MRC1,CD45,Cell-Cell Contact,PMID: 27601670; PMID: 10575006
CD8.MAIT,IFN-stimulated,PTPRC,MRC1,0.0498705395056714,0,PTPRC_MRC1,PTPRC - MRC1,CD45,Cell-Cell Contact,PMID: 27601670; PMID: 10575006
CD8.NaiveLike,IFN-stimulated,PTPRC,MRC1,0.0507719329228858,0,PTPRC_MRC1,PTPRC - MRC1,CD45,Cell-Cell Contact,PMID: 27601670; PMID: 10575006
CD8.TEMRA,IFN-stimulated,PTPRC,MRC1,0.0616484518282447,0,PTPRC_MRC1,PTPRC - MRC1,CD45,Cell-Cell Contact,PMID: 27601670; PMID: 10575006
CD8.TEX,IFN-stimulated,PTPRC,MRC1,0.0547779612272107,0,PTPRC_MRC1,PTPRC - MRC1,CD45,Cell-Cell Contact,PMID: 27601670; PMID: 10575006
CD8.TPEX,IFN-stimulated,PTPRC,MRC1,0.0536037966449869,0,PTPRC_MRC1,PTPRC - MRC1,CD45,Cell-Cell Contact,PMID: 27601670; PMID: 10575006
Classical Mono-derived,IFN-stimulated,PTPRC,MRC1,0.0418018035338697,0,PTPRC_MRC1,PTPRC - MRC1,CD45,Cell-Cell Contact,PMID: 27601670; PMID: 10575006
IFN-stimulated,IFN-stimulated,PTPRC,MRC1,0.0385415162381449,0,PTPRC_MRC1,PTPRC - MRC1,CD45,Cell-Cell Contact,PMID: 27601670; PMID: 10575006
Inflammatory Mono-derived,IFN-stimulated,PTPRC,MRC1,0.0294424609127029,0,PTPRC_MRC1,PTPRC - MRC1,CD45,Cell-Cell Contact,PMID: 27601670; PMID: 10575006
Lipid-associated,IFN-stimulated,PTPRC,MRC1,0.0257092020722819,0,PTPRC_MRC1,PTPRC - MRC1,CD45,Cell-Cell Contact,PMID: 27601670; PMID: 10575006
Proliferating,IFN-stimulated,PTPRC,MRC1,0.0370965048141893,0,PTPRC_MRC1,PTPRC - MRC1,CD45,Cell-Cell Contact,PMID: 27601670; PMID: 10575006
Resident M2,IFN-stimulated,PTPRC,MRC1,0.0376557120917293,0,PTPRC_MRC1,PTPRC - MRC1,CD45,Cell-Cell Contact,PMID: 27601670; PMID: 10575006
Stress-response,IFN-stimulated,PTPRC,MRC1,0.0252065683185614,0,PTPRC_MRC1,PTPRC - MRC1,CD45,Cell-Cell Contact,PMID: 27601670; PMID: 10575006
CD8.CM,Inflammatory Mono-derived,PTPRC,MRC1,0.075980112181988,0,PTPRC_MRC1,PTPRC - MRC1,CD45,Cell-Cell Contact,PMID: 27601670; PMID: 10575006
CD8.EM,Inflammatory Mono-derived,PTPRC,MRC1,0.0811124918662482,0,PTPRC_MRC1,PTPRC - MRC1,CD45,Cell-Cell Contact,PMID: 27601670; PMID: 10575006
CD8.MAIT,Inflammatory Mono-derived,PTPRC,MRC1,0.0713770186247307,0,PTPRC_MRC1,PTPRC - MRC1,CD45,Cell-Cell Contact,PMID: 27601670; PMID: 10575006
CD8.NaiveLike,Inflammatory Mono-derived,PTPRC,MRC1,0.0726374166602203,0,PTPRC_MRC1,PTPRC - MRC1,CD45,Cell-Cell Contact,PMID: 27601670; PMID: 10575006
CD8.TEMRA,Inflammatory Mono-derived,PTPRC,MRC1,0.0877649387864272,0,PTPRC_MRC1,PTPRC - MRC1,CD45,Cell-Cell Contact,PMID: 27601670; PMID: 10575006
CD8.TEX,Inflammatory Mono-derived,PTPRC,MRC1,0.0782265063944086,0,PTPRC_MRC1,PTPRC - MRC1,CD45,Cell-Cell Contact,PMID: 27601670; PMID: 10575006
CD8.TPEX,Inflammatory Mono-derived,PTPRC,MRC1,0.0765904494353592,0,PTPRC_MRC1,PTPRC - MRC1,CD45,Cell-Cell Contact,PMID: 27601670; PMID: 10575006
Classical Mono-derived,Inflammatory Mono-derived,PTPRC,MRC1,0.0600485840929428,0,PTPRC_MRC1,PTPRC - MRC1,CD45,Cell-Cell Contact,PMID: 27601670; PMID: 10575006
IFN-stimulated,Inflammatory Mono-derived,PTPRC,MRC1,0.0554475104498268,0,PTPRC_MRC1,PTPRC - MRC1,CD45,Cell-Cell Contact,PMID: 27601670; PMID: 10575006
Inflammatory Mono-derived,Inflammatory Mono-derived,PTPRC,MRC1,0.0425337794760983,0,PTPRC_MRC1,PTPRC - MRC1,CD45,Cell-Cell Contact,PMID: 27601670; PMID: 10575006
Lipid-associated,Inflammatory Mono-derived,PTPRC,MRC1,0.0372041924285705,0,PTPRC_MRC1,PTPRC - MRC1,CD45,Cell-Cell Contact,PMID: 27601670; PMID: 10575006
Proliferating,Inflammatory Mono-derived,PTPRC,MRC1,0.0534038605334705,0,PTPRC_MRC1,PTPRC - MRC1,CD45,Cell-Cell Contact,PMID: 27601670; PMID: 10575006
Resident M2,Inflammatory Mono-derived,PTPRC,MRC1,0.0541950556209545,0,PTPRC_MRC1,PTPRC - MRC1,CD45,Cell-Cell Contact,PMID: 27601670; PMID: 10575006
Stress-response,Inflammatory Mono-derived,PTPRC,MRC1,0.0364852390778579,0,PTPRC_MRC1,PTPRC - MRC1,CD45,Cell-Cell Contact,PMID: 27601670; PMID: 10575006
CD8.CM,Lipid-associated,PTPRC,MRC1,0.0790901386056129,0,PTPRC_MRC1,PTPRC - MRC1,CD45,Cell-Cell Contact,PMID: 27601670; PMID: 10575006
CD8.EM,Lipid-associated,PTPRC,MRC1,0.0844134057457775,0,PTPRC_MRC1,PTPRC - MRC1,CD45,Cell-Cell Contact,PMID: 27601670; PMID: 10575006
CD8.MAIT,Lipid-associated,PTPRC,MRC1,0.0743137838276721,0,PTPRC_MRC1,PTPRC - MRC1,CD45,Cell-Cell Contact,PMID: 27601670; PMID: 10575006
CD8.NaiveLike,Lipid-associated,PTPRC,MRC1,0.0756218171446718,0,PTPRC_MRC1,PTPRC - MRC1,CD45,Cell-Cell Contact,PMID: 27601670; PMID: 10575006
CD8.TEMRA,Lipid-associated,PTPRC,MRC1,0.0913096754971521,0,PTPRC_MRC1,PTPRC - MRC1,CD45,Cell-Cell Contact,PMID: 27601670; PMID: 10575006
CD8.TEX,Lipid-associated,PTPRC,MRC1,0.0814203802956537,0,PTPRC_MRC1,PTPRC - MRC1,CD45,Cell-Cell Contact,PMID: 27601670; PMID: 10575006
CD8.TPEX,Lipid-associated,PTPRC,MRC1,0.079723302801302,0,PTPRC_MRC1,PTPRC - MRC1,CD45,Cell-Cell Contact,PMID: 27601670; PMID: 10575006
Classical Mono-derived,Lipid-associated,PTPRC,MRC1,0.0625506434692516,0,PTPRC_MRC1,PTPRC - MRC1,CD45,Cell-Cell Contact,PMID: 27601670; PMID: 10575006
IFN-stimulated,Lipid-associated,PTPRC,MRC1,0.0577696385331078,0,PTPRC_MRC1,PTPRC - MRC1,CD45,Cell-Cell Contact,PMID: 27601670; PMID: 10575006
Inflammatory Mono-derived,Lipid-associated,PTPRC,MRC1,0.0443404717784892,0,PTPRC_MRC1,PTPRC - MRC1,CD45,Cell-Cell Contact,PMID: 27601670; PMID: 10575006
Lipid-associated,Lipid-associated,PTPRC,MRC1,0.0387936741104925,0,PTPRC_MRC1,PTPRC - MRC1,CD45,Cell-Cell Contact,PMID: 27601670; PMID: 10575006
Proliferating,Lipid-associated,PTPRC,MRC1,0.0556454431925756,0,PTPRC_MRC1,PTPRC - MRC1,CD45,Cell-Cell Contact,PMID: 27601670; PMID: 10575006
Resident M2,Lipid-associated,PTPRC,MRC1,0.0564678669547583,0,PTPRC_MRC1,PTPRC - MRC1,CD45,Cell-Cell Contact,PMID: 27601670; PMID: 10575006
Stress-response,Lipid-associated,PTPRC,MRC1,0.038045218533923,0,PTPRC_MRC1,PTPRC - MRC1,CD45,Cell-Cell Contact,PMID: 27601670; PMID: 10575006
CD8.CM,Proliferating,PTPRC,MRC1,0.0204850114368599,0,PTPRC_MRC1,PTPRC - MRC1,CD45,Cell-Cell Contact,PMID: 27601670; PMID: 10575006
CD8.EM,Proliferating,PTPRC,MRC1,0.0219578335259395,0,PTPRC_MRC1,PTPRC - MRC1,CD45,Cell-Cell Contact,PMID: 27601670; PMID: 10575006
CD8.MAIT,Proliferating,PTPRC,MRC1,0.0191742050949992,0,PTPRC_MRC1,PTPRC - MRC1,CD45,Cell-Cell Contact,PMID: 27601670; PMID: 10575006
CD8.NaiveLike,Proliferating,PTPRC,MRC1,0.0195321782488461,0,PTPRC_MRC1,PTPRC - MRC1,CD45,Cell-Cell Contact,PMID: 27601670; PMID: 10575006
CD8.TEMRA,Proliferating,PTPRC,MRC1,0.0238848146989862,0,PTPRC_MRC1,PTPRC - MRC1,CD45,Cell-Cell Contact,PMID: 27601670; PMID: 10575006
CD8.TEX,Proliferating,PTPRC,MRC1,0.0211281785995694,0,PTPRC_MRC1,PTPRC - MRC1,CD45,Cell-Cell Contact,PMID: 27601670; PMID: 10575006
CD8.TPEX,Proliferating,PTPRC,MRC1,0.0206595315549169,0,PTPRC_MRC1,PTPRC - MRC1,CD45,Cell-Cell Contact,PMID: 27601670; PMID: 10575006
Classical Mono-derived,Proliferating,PTPRC,MRC1,0.0159883670807231,0,PTPRC_MRC1,PTPRC - MRC1,CD45,Cell-Cell Contact,PMID: 27601670; PMID: 10575006
IFN-stimulated,Proliferating,PTPRC,MRC1,0.0147104628799974,0,PTPRC_MRC1,PTPRC - MRC1,CD45,Cell-Cell Contact,PMID: 27601670; PMID: 10575006
Inflammatory Mono-derived,Proliferating,PTPRC,MRC1,0.011172174389752,0,PTPRC_MRC1,PTPRC - MRC1,CD45,Cell-Cell Contact,PMID: 27601670; PMID: 10575006
Lipid-associated,Proliferating,PTPRC,MRC1,0.00973232952706637,0,PTPRC_MRC1,PTPRC - MRC1,CD45,Cell-Cell Contact,PMID: 27601670; PMID: 10575006
Proliferating,Proliferating,PTPRC,MRC1,0.0141457876253804,0,PTPRC_MRC1,PTPRC - MRC1,CD45,Cell-Cell Contact,PMID: 27601670; PMID: 10575006
Resident M2,Proliferating,PTPRC,MRC1,0.0143641877879971,0,PTPRC_MRC1,PTPRC - MRC1,CD45,Cell-Cell Contact,PMID: 27601670; PMID: 10575006
Stress-response,Proliferating,PTPRC,MRC1,0.00953899712633055,0,PTPRC_MRC1,PTPRC - MRC1,CD45,Cell-Cell Contact,PMID: 27601670; PMID: 10575006
CD8.CM,Resident M2,PTPRC,MRC1,0.0584603538299822,0,PTPRC_MRC1,PTPRC - MRC1,CD45,Cell-Cell Contact,PMID: 27601670; PMID: 10575006
CD8.EM,Resident M2,PTPRC,MRC1,0.06248932500597,0,PTPRC_MRC1,PTPRC - MRC1,CD45,Cell-Cell Contact,PMID: 27601670; PMID: 10575006
CD8.MAIT,Resident M2,PTPRC,MRC1,0.0548556463478309,0,PTPRC_MRC1,PTPRC - MRC1,CD45,Cell-Cell Contact,PMID: 27601670; PMID: 10575006
CD8.NaiveLike,Resident M2,PTPRC,MRC1,0.0558418482328004,0,PTPRC_MRC1,PTPRC - MRC1,CD45,Cell-Cell Contact,PMID: 27601670; PMID: 10575006
CD8.TEMRA,Resident M2,PTPRC,MRC1,0.0677269677177112,0,PTPRC_MRC1,PTPRC - MRC1,CD45,Cell-Cell Contact,PMID: 27601670; PMID: 10575006
CD8.TEX,Resident M2,PTPRC,MRC1,0.0602225258301984,0,PTPRC_MRC1,PTPRC - MRC1,CD45,Cell-Cell Contact,PMID: 27601670; PMID: 10575006
CD8.TPEX,Resident M2,PTPRC,MRC1,0.0589389341458177,0,PTPRC_MRC1,PTPRC - MRC1,CD45,Cell-Cell Contact,PMID: 27601670; PMID: 10575006
Classical Mono-derived,Resident M2,PTPRC,MRC1,0.046019417385349,0,PTPRC_MRC1,PTPRC - MRC1,CD45,Cell-Cell Contact,PMID: 27601670; PMID: 10575006
IFN-stimulated,Resident M2,PTPRC,MRC1,0.0424447530079618,0,PTPRC_MRC1,PTPRC - MRC1,CD45,Cell-Cell Contact,PMID: 27601670; PMID: 10575006
Inflammatory Mono-derived,Resident M2,PTPRC,MRC1,0.0324553101551549,0,PTPRC_MRC1,PTPRC - MRC1,CD45,Cell-Cell Contact,PMID: 27601670; PMID: 10575006
Lipid-associated,Resident M2,PTPRC,MRC1,0.0283511860691926,0,PTPRC_MRC1,PTPRC - MRC1,CD45,Cell-Cell Contact,PMID: 27601670; PMID: 10575006
Proliferating,Resident M2,PTPRC,MRC1,0.0408596192767371,0,PTPRC_MRC1,PTPRC - MRC1,CD45,Cell-Cell Contact,PMID: 27601670; PMID: 10575006
Resident M2,Resident M2,PTPRC,MRC1,0.0414731099511666,0,PTPRC_MRC1,PTPRC - MRC1,CD45,Cell-Cell Contact,PMID: 27601670; PMID: 10575006
Stress-response,Resident M2,PTPRC,MRC1,0.0277983733415747,0,PTPRC_MRC1,PTPRC - MRC1,CD45,Cell-Cell Contact,PMID: 27601670; PMID: 10575006
CD8.CM,Stress-response,PTPRC,MRC1,0.0846382662503059,0,PTPRC_MRC1,PTPRC - MRC1,CD45,Cell-Cell Contact,PMID: 27601670; PMID: 10575006
CD8.EM,Stress-response,PTPRC,MRC1,0.0902983420082155,0,PTPRC_MRC1,PTPRC - MRC1,CD45,Cell-Cell Contact,PMID: 27601670; PMID: 10575006
CD8.MAIT,Stress-response,PTPRC,MRC1,0.0795557980601807,0,PTPRC_MRC1,PTPRC - MRC1,CD45,Cell-Cell Contact,PMID: 27601670; PMID: 10575006
CD8.NaiveLike,Stress-response,PTPRC,MRC1,0.0809480301878013,0,PTPRC_MRC1,PTPRC - MRC1,CD45,Cell-Cell Contact,PMID: 27601670; PMID: 10575006
CD8.TEMRA,Stress-response,PTPRC,MRC1,0.0976241269547548,0,PTPRC_MRC1,PTPRC - MRC1,CD45,Cell-Cell Contact,PMID: 27601670; PMID: 10575006
CD8.TEX,Stress-response,PTPRC,MRC1,0.0871165095299568,0,PTPRC_MRC1,PTPRC - MRC1,CD45,Cell-Cell Contact,PMID: 27601670; PMID: 10575006
CD8.TPEX,Stress-response,PTPRC,MRC1,0.0853117319070966,0,PTPRC_MRC1,PTPRC - MRC1,CD45,Cell-Cell Contact,PMID: 27601670; PMID: 10575006
Classical Mono-derived,Stress-response,PTPRC,MRC1,0.0670229759784844,0,PTPRC_MRC1,PTPRC - MRC1,CD45,Cell-Cell Contact,PMID: 27601670; PMID: 10575006
IFN-stimulated,Stress-response,PTPRC,MRC1,0.0619227121170571,0,PTPRC_MRC1,PTPRC - MRC1,CD45,Cell-Cell Contact,PMID: 27601670; PMID: 10575006
Inflammatory Mono-derived,Stress-response,PTPRC,MRC1,0.0475768673582565,0,PTPRC_MRC1,PTPRC - MRC1,CD45,Cell-Cell Contact,PMID: 27601670; PMID: 10575006
Lipid-associated,Stress-response,PTPRC,MRC1,0.0416428525805021,0,PTPRC_MRC1,PTPRC - MRC1,CD45,Cell-Cell Contact,PMID: 27601670; PMID: 10575006
Proliferating,Stress-response,PTPRC,MRC1,0.0596554763164981,0,PTPRC_MRC1,PTPRC - MRC1,CD45,Cell-Cell Contact,PMID: 27601670; PMID: 10575006
Resident M2,Stress-response,PTPRC,MRC1,0.060533368184185,0,PTPRC_MRC1,PTPRC - MRC1,CD45,Cell-Cell Contact,PMID: 27601670; PMID: 10575006
Stress-response,Stress-response,PTPRC,MRC1,0.0408417628025684,0,PTPRC_MRC1,PTPRC - MRC1,CD45,Cell-Cell Contact,PMID: 27601670; PMID: 10575006
CD8.CM,Classical Mono-derived,CD6,ALCAM,0.0022229775231554,0,CD6_ALCAM,CD6 - ALCAM,CD6,Cell-Cell Contact,PMID: 23602662
CD8.EM,Classical Mono-derived,CD6,ALCAM,0.00242944613838516,0,CD6_ALCAM,CD6 - ALCAM,CD6,Cell-Cell Contact,PMID: 23602662
CD8.MAIT,Classical Mono-derived,CD6,ALCAM,0.0024767675707123,0,CD6_ALCAM,CD6 - ALCAM,CD6,Cell-Cell Contact,PMID: 23602662
CD8.NaiveLike,Classical Mono-derived,CD6,ALCAM,0.00216205540497646,0,CD6_ALCAM,CD6 - ALCAM,CD6,Cell-Cell Contact,PMID: 23602662
CD8.TEMRA,Classical Mono-derived,CD6,ALCAM,0.00257003634763663,0,CD6_ALCAM,CD6 - ALCAM,CD6,Cell-Cell Contact,PMID: 23602662
CD8.TEX,Classical Mono-derived,CD6,ALCAM,0.00548085678692963,0,CD6_ALCAM,CD6 - ALCAM,CD6,Cell-Cell Contact,PMID: 23602662
CD8.TPEX,Classical Mono-derived,CD6,ALCAM,0.00525418578281835,0,CD6_ALCAM,CD6 - ALCAM,CD6,Cell-Cell Contact,PMID: 23602662
CD8.CM,IFN-stimulated,CD6,ALCAM,0.00268076882479357,0,CD6_ALCAM,CD6 - ALCAM,CD6,Cell-Cell Contact,PMID: 23602662
CD8.EM,IFN-stimulated,CD6,ALCAM,0.0029296319360314,0,CD6_ALCAM,CD6 - ALCAM,CD6,Cell-Cell Contact,PMID: 23602662
CD8.MAIT,IFN-stimulated,CD6,ALCAM,0.00298666695817637,0,CD6_ALCAM,CD6 - ALCAM,CD6,Cell-Cell Contact,PMID: 23602662
CD8.NaiveLike,IFN-stimulated,CD6,ALCAM,0.0026073334283863,0,CD6_ALCAM,CD6 - ALCAM,CD6,Cell-Cell Contact,PMID: 23602662
CD8.TEMRA,IFN-stimulated,CD6,ALCAM,0.00309907759639631,0,CD6_ALCAM,CD6 - ALCAM,CD6,Cell-Cell Contact,PMID: 23602662
CD8.TEX,IFN-stimulated,CD6,ALCAM,0.00660512166161055,0,CD6_ALCAM,CD6 - ALCAM,CD6,Cell-Cell Contact,PMID: 23602662
CD8.TPEX,IFN-stimulated,CD6,ALCAM,0.0063322506444328,0,CD6_ALCAM,CD6 - ALCAM,CD6,Cell-Cell Contact,PMID: 23602662
CD8.CM,Inflammatory Mono-derived,CD6,ALCAM,0.00607288412911662,0,CD6_ALCAM,CD6 - ALCAM,CD6,Cell-Cell Contact,PMID: 23602662
CD8.EM,Inflammatory Mono-derived,CD6,ALCAM,0.00663455176147865,0,CD6_ALCAM,CD6 - ALCAM,CD6,Cell-Cell Contact,PMID: 23602662
CD8.MAIT,Inflammatory Mono-derived,CD6,ALCAM,0.0067632261059568,0,CD6_ALCAM,CD6 - ALCAM,CD6,Cell-Cell Contact,PMID: 23602662
CD8.NaiveLike,Inflammatory Mono-derived,CD6,ALCAM,0.00590707750188249,0,CD6_ALCAM,CD6 - ALCAM,CD6,Cell-Cell Contact,PMID: 23602662
CD8.TEMRA,Inflammatory Mono-derived,CD6,ALCAM,0.00701677658554171,0,CD6_ALCAM,CD6 - ALCAM,CD6,Cell-Cell Contact,PMID: 23602662
CD8.TEX,Inflammatory Mono-derived,CD6,ALCAM,0.014888791574154,0,CD6_ALCAM,CD6 - ALCAM,CD6,Cell-Cell Contact,PMID: 23602662
CD8.TPEX,Inflammatory Mono-derived,CD6,ALCAM,0.0142786241484425,0,CD6_ALCAM,CD6 - ALCAM,CD6,Cell-Cell Contact,PMID: 23602662
CD8.CM,Lipid-associated,CD6,ALCAM,0.00290243411536854,0,CD6_ALCAM,CD6 - ALCAM,CD6,Cell-Cell Contact,PMID: 23602662
CD8.EM,Lipid-associated,CD6,ALCAM,0.00317180957826513,0,CD6_ALCAM,CD6 - ALCAM,CD6,Cell-Cell Contact,PMID: 23602662
CD8.MAIT,Lipid-associated,CD6,ALCAM,0.00323354410279857,0,CD6_ALCAM,CD6 - ALCAM,CD6,Cell-Cell Contact,PMID: 23602662
CD8.NaiveLike,Lipid-associated,CD6,ALCAM,0.00282294373849627,0,CD6_ALCAM,CD6 - ALCAM,CD6,Cell-Cell Contact,PMID: 23602662
CD8.TEMRA,Lipid-associated,CD6,ALCAM,0.0033552153067914,0,CD6_ALCAM,CD6 - ALCAM,CD6,Cell-Cell Contact,PMID: 23602662
CD8.TEX,Lipid-associated,CD6,ALCAM,0.0071489547062829,0,CD6_ALCAM,CD6 - ALCAM,CD6,Cell-Cell Contact,PMID: 23602662
CD8.TPEX,Lipid-associated,CD6,ALCAM,0.00685377184583576,0,CD6_ALCAM,CD6 - ALCAM,CD6,Cell-Cell Contact,PMID: 23602662
CD8.CM,Proliferating,CD6,ALCAM,0.00346885862727618,0,CD6_ALCAM,CD6 - ALCAM,CD6,Cell-Cell Contact,PMID: 23602662
CD8.EM,Proliferating,CD6,ALCAM,0.00379060420498071,0,CD6_ALCAM,CD6 - ALCAM,CD6,Cell-Cell Contact,PMID: 23602662
CD8.MAIT,Proliferating,CD6,ALCAM,0.00386433595064018,0,CD6_ALCAM,CD6 - ALCAM,CD6,Cell-Cell Contact,PMID: 23602662
CD8.NaiveLike,Proliferating,CD6,ALCAM,0.00337390779799117,0,CD6_ALCAM,CD6 - ALCAM,CD6,Cell-Cell Contact,PMID: 23602662
CD8.TEMRA,Proliferating,CD6,ALCAM,0.00400964699551411,0,CD6_ALCAM,CD6 - ALCAM,CD6,Cell-Cell Contact,PMID: 23602662
CD8.TEX,Proliferating,CD6,ALCAM,0.00853701344722731,0,CD6_ALCAM,CD6 - ALCAM,CD6,Cell-Cell Contact,PMID: 23602662
CD8.TPEX,Proliferating,CD6,ALCAM,0.00818498963961899,0,CD6_ALCAM,CD6 - ALCAM,CD6,Cell-Cell Contact,PMID: 23602662
CD8.CM,Resident M2,CD6,ALCAM,0.00725910402253514,0,CD6_ALCAM,CD6 - ALCAM,CD6,Cell-Cell Contact,PMID: 23602662
CD8.EM,Resident M2,CD6,ALCAM,0.00792960723188709,0,CD6_ALCAM,CD6 - ALCAM,CD6,Cell-Cell Contact,PMID: 23602662
CD8.MAIT,Resident M2,CD6,ALCAM,0.00808319425117511,0,CD6_ALCAM,CD6 - ALCAM,CD6,Cell-Cell Contact,PMID: 23602662
CD8.NaiveLike,Resident M2,CD6,ALCAM,0.00706114038014668,0,CD6_ALCAM,CD6 - ALCAM,CD6,Cell-Cell Contact,PMID: 23602662
CD8.TEMRA,Resident M2,CD6,ALCAM,0.00838581197899636,0,CD6_ALCAM,CD6 - ALCAM,CD6,Cell-Cell Contact,PMID: 23602662
CD8.TEX,Resident M2,CD6,ALCAM,0.0177662469650046,0,CD6_ALCAM,CD6 - ALCAM,CD6,Cell-Cell Contact,PMID: 23602662
CD8.TPEX,Resident M2,CD6,ALCAM,0.017040196434301,0,CD6_ALCAM,CD6 - ALCAM,CD6,Cell-Cell Contact,PMID: 23602662
CD8.CM,Stress-response,CD6,ALCAM,0.00234340443566876,0,CD6_ALCAM,CD6 - ALCAM,CD6,Cell-Cell Contact,PMID: 23602662
CD8.EM,Stress-response,CD6,ALCAM,0.00256102950989472,0,CD6_ALCAM,CD6 - ALCAM,CD6,Cell-Cell Contact,PMID: 23602662
CD8.MAIT,Stress-response,CD6,ALCAM,0.0026109072518876,0,CD6_ALCAM,CD6 - ALCAM,CD6,Cell-Cell Contact,PMID: 23602662
CD8.NaiveLike,Stress-response,CD6,ALCAM,0.00227918948001354,0,CD6_ALCAM,CD6 - ALCAM,CD6,Cell-Cell Contact,PMID: 23602662
CD8.TEMRA,Stress-response,CD6,ALCAM,0.00270921366936313,0,CD6_ALCAM,CD6 - ALCAM,CD6,Cell-Cell Contact,PMID: 23602662
CD8.TEX,Stress-response,CD6,ALCAM,0.00577675324753058,0,CD6_ALCAM,CD6 - ALCAM,CD6,Cell-Cell Contact,PMID: 23602662
CD8.TPEX,Stress-response,CD6,ALCAM,0.00553791303899574,0,CD6_ALCAM,CD6 - ALCAM,CD6,Cell-Cell Contact,PMID: 23602662
IFN-stimulated,IFN-stimulated,CD80,CD274,0.00103174354913202,0,CD80_CD274,CD80 - CD274,CD80,Cell-Cell Contact,PMID: 17629517; PMID: 18585785
IFN-stimulated,CD8.NaiveLike,CD80,CD28,0.0016042285811792,0,CD80_CD28,CD80 - CD28,CD80,Cell-Cell Contact,PMID: 23954143
IFN-stimulated,CD8.TEX,CD80,CTLA4,0.00782528160234756,0,CD80_CTLA4,CD80 - CTLA4,CD80,Cell-Cell Contact,PMID: 23954143
IFN-stimulated,CD8.TPEX,CD80,CTLA4,0.00743189798456661,0,CD80_CTLA4,CD80 - CTLA4,CD80,Cell-Cell Contact,PMID: 23954143
Classical Mono-derived,CD8.NaiveLike,CD86,CD28,0.00842564795700085,0,CD86_CD28,CD86 - CD28,CD86,Cell-Cell Contact,PMID: 23954143
IFN-stimulated,CD8.NaiveLike,CD86,CD28,0.00811201737415547,0,CD86_CD28,CD86 - CD28,CD86,Cell-Cell Contact,PMID: 23954143
Inflammatory Mono-derived,CD8.NaiveLike,CD86,CD28,0.00740199954420928,0,CD86_CD28,CD86 - CD28,CD86,Cell-Cell Contact,PMID: 23954143
Lipid-associated,CD8.NaiveLike,CD86,CD28,0.00289690468727943,0,CD86_CD28,CD86 - CD28,CD86,Cell-Cell Contact,PMID: 23954143
Proliferating,CD8.NaiveLike,CD86,CD28,0.00313341444187914,0,CD86_CD28,CD86 - CD28,CD86,Cell-Cell Contact,PMID: 23954143
Resident M2,CD8.NaiveLike,CD86,CD28,0.00809298692987269,0,CD86_CD28,CD86 - CD28,CD86,Cell-Cell Contact,PMID: 23954143
Stress-response,CD8.NaiveLike,CD86,CD28,0.00555515702810673,0,CD86_CD28,CD86 - CD28,CD86,Cell-Cell Contact,PMID: 23954143
Classical Mono-derived,CD8.TEX,CD86,CTLA4,0.040038707394154,0,CD86_CTLA4,CD86 - CTLA4,CD86,Cell-Cell Contact,PMID: 23954143
IFN-stimulated,CD8.TEX,CD86,CTLA4,0.038594135094781,0,CD86_CTLA4,CD86 - CTLA4,CD86,Cell-Cell Contact,PMID: 23954143
Inflammatory Mono-derived,CD8.TEX,CD86,CTLA4,0.035311099578293,0,CD86_CTLA4,CD86 - CTLA4,CD86,Cell-Cell Contact,PMID: 23954143
Lipid-associated,CD8.TEX,CD86,CTLA4,0.0140602428995949,0,CD86_CTLA4,CD86 - CTLA4,CD86,Cell-Cell Contact,PMID: 23954143
Proliferating,CD8.TEX,CD86,CTLA4,0.0151942641815172,0,CD86_CTLA4,CD86 - CTLA4,CD86,Cell-Cell Contact,PMID: 23954143
Resident M2,CD8.TEX,CD86,CTLA4,0.0385063710120839,0,CD86_CTLA4,CD86 - CTLA4,CD86,Cell-Cell Contact,PMID: 23954143
Stress-response,CD8.TEX,CD86,CTLA4,0.0266879994377458,0,CD86_CTLA4,CD86 - CTLA4,CD86,Cell-Cell Contact,PMID: 23954143
Classical Mono-derived,CD8.TPEX,CD86,CTLA4,0.0380880934276567,0,CD86_CTLA4,CD86 - CTLA4,CD86,Cell-Cell Contact,PMID: 23954143
IFN-stimulated,CD8.TPEX,CD86,CTLA4,0.0367112067151417,0,CD86_CTLA4,CD86 - CTLA4,CD86,Cell-Cell Contact,PMID: 23954143
Inflammatory Mono-derived,CD8.TPEX,CD86,CTLA4,0.0335827487740204,0,CD86_CTLA4,CD86 - CTLA4,CD86,Cell-Cell Contact,PMID: 23954143
Lipid-associated,CD8.TPEX,CD86,CTLA4,0.013357642228207,0,CD86_CTLA4,CD86 - CTLA4,CD86,Cell-Cell Contact,PMID: 23954143
Proliferating,CD8.TPEX,CD86,CTLA4,0.0144358253467611,0,CD86_CTLA4,CD86 - CTLA4,CD86,Cell-Cell Contact,PMID: 23954143
Resident M2,CD8.TPEX,CD86,CTLA4,0.0366275613325556,0,CD86_CTLA4,CD86 - CTLA4,CD86,Cell-Cell Contact,PMID: 23954143
Stress-response,CD8.TPEX,CD86,CTLA4,0.0253706181199569,0,CD86_CTLA4,CD86 - CTLA4,CD86,Cell-Cell Contact,PMID: 23954143
CD8.CM,Classical Mono-derived,CD99,PILRA,0.0609517547140249,0,CD99_PILRA,CD99 - PILRA,CD99,Cell-Cell Contact,PMID: 18234675
CD8.EM,Classical Mono-derived,CD99,PILRA,0.0623169172004397,0,CD99_PILRA,CD99 - PILRA,CD99,Cell-Cell Contact,PMID: 18234675
CD8.MAIT,Classical Mono-derived,CD99,PILRA,0.0458609358199002,0,CD99_PILRA,CD99 - PILRA,CD99,Cell-Cell Contact,PMID: 18234675
CD8.NaiveLike,Classical Mono-derived,CD99,PILRA,0.0418496129926745,0,CD99_PILRA,CD99 - PILRA,CD99,Cell-Cell Contact,PMID: 18234675
CD8.TEMRA,Classical Mono-derived,CD99,PILRA,0.067797730123859,0,CD99_PILRA,CD99 - PILRA,CD99,Cell-Cell Contact,PMID: 18234675
CD8.TEX,Classical Mono-derived,CD99,PILRA,0.0602911733720597,0,CD99_PILRA,CD99 - PILRA,CD99,Cell-Cell Contact,PMID: 18234675
CD8.TPEX,Classical Mono-derived,CD99,PILRA,0.0532935932946295,0,CD99_PILRA,CD99 - PILRA,CD99,Cell-Cell Contact,PMID: 18234675
Classical Mono-derived,Classical Mono-derived,CD99,PILRA,0.0328449879201638,0,CD99_PILRA,CD99 - PILRA,CD99,Cell-Cell Contact,PMID: 18234675
IFN-stimulated,Classical Mono-derived,CD99,PILRA,0.030141758237244,0,CD99_PILRA,CD99 - PILRA,CD99,Cell-Cell Contact,PMID: 18234675
Inflammatory Mono-derived,Classical Mono-derived,CD99,PILRA,0.0339218458035929,0,CD99_PILRA,CD99 - PILRA,CD99,Cell-Cell Contact,PMID: 18234675
Lipid-associated,Classical Mono-derived,CD99,PILRA,0.0381375866408614,0,CD99_PILRA,CD99 - PILRA,CD99,Cell-Cell Contact,PMID: 18234675
Proliferating,Classical Mono-derived,CD99,PILRA,0.0354040941434758,0,CD99_PILRA,CD99 - PILRA,CD99,Cell-Cell Contact,PMID: 18234675
Resident M2,Classical Mono-derived,CD99,PILRA,0.0301323629175712,0,CD99_PILRA,CD99 - PILRA,CD99,Cell-Cell Contact,PMID: 18234675
Stress-response,Classical Mono-derived,CD99,PILRA,0.0347959353395777,0,CD99_PILRA,CD99 - PILRA,CD99,Cell-Cell Contact,PMID: 18234675
CD8.CM,IFN-stimulated,CD99,PILRA,0.0413309008738141,0,CD99_PILRA,CD99 - PILRA,CD99,Cell-Cell Contact,PMID: 18234675
CD8.EM,IFN-stimulated,CD99,PILRA,0.0422763912592545,0,CD99_PILRA,CD99 - PILRA,CD99,Cell-Cell Contact,PMID: 18234675
CD8.MAIT,IFN-stimulated,CD99,PILRA,0.0309378895096181,0,CD99_PILRA,CD99 - PILRA,CD99,Cell-Cell Contact,PMID: 18234675
CD8.NaiveLike,IFN-stimulated,CD99,PILRA,0.0281932734006756,0,CD99_PILRA,CD99 - PILRA,CD99,Cell-Cell Contact,PMID: 18234675
CD8.TEMRA,IFN-stimulated,CD99,PILRA,0.0460812466641549,0,CD99_PILRA,CD99 - PILRA,CD99,Cell-Cell Contact,PMID: 18234675
CD8.TEX,IFN-stimulated,CD99,PILRA,0.0408737101073247,0,CD99_PILRA,CD99 - PILRA,CD99,Cell-Cell Contact,PMID: 18234675
CD8.TPEX,IFN-stimulated,CD99,PILRA,0.03604334016313,0,CD99_PILRA,CD99 - PILRA,CD99,Cell-Cell Contact,PMID: 18234675
Classical Mono-derived,IFN-stimulated,CD99,PILRA,0.0220593819063355,0,CD99_PILRA,CD99 - PILRA,CD99,Cell-Cell Contact,PMID: 18234675
IFN-stimulated,IFN-stimulated,CD99,PILRA,0.0202252728608405,0,CD99_PILRA,CD99 - PILRA,CD99,Cell-Cell Contact,PMID: 18234675
Inflammatory Mono-derived,IFN-stimulated,CD99,PILRA,0.0227909551971037,0,CD99_PILRA,CD99 - PILRA,CD99,Cell-Cell Contact,PMID: 18234675
Lipid-associated,IFN-stimulated,CD99,PILRA,0.025660113323755,0,CD99_PILRA,CD99 - PILRA,CD99,Cell-Cell Contact,PMID: 18234675
Proliferating,IFN-stimulated,CD99,PILRA,0.0237988099374384,0,CD99_PILRA,CD99 - PILRA,CD99,Cell-Cell Contact,PMID: 18234675
Resident M2,IFN-stimulated,CD99,PILRA,0.0202189041144282,0,CD99_PILRA,CD99 - PILRA,CD99,Cell-Cell Contact,PMID: 18234675
Stress-response,IFN-stimulated,CD99,PILRA,0.0233851695609891,0,CD99_PILRA,CD99 - PILRA,CD99,Cell-Cell Contact,PMID: 18234675
CD8.CM,Inflammatory Mono-derived,CD99,PILRA,0.0360761891337675,0,CD99_PILRA,CD99 - PILRA,CD99,Cell-Cell Contact,PMID: 18234675
CD8.EM,Inflammatory Mono-derived,CD99,PILRA,0.0369060997869104,0,CD99_PILRA,CD99 - PILRA,CD99,Cell-Cell Contact,PMID: 18234675
CD8.MAIT,Inflammatory Mono-derived,CD99,PILRA,0.0269673509890698,0,CD99_PILRA,CD99 - PILRA,CD99,Cell-Cell Contact,PMID: 18234675
CD8.NaiveLike,Inflammatory Mono-derived,CD99,PILRA,0.0245660467953112,0,CD99_PILRA,CD99 - PILRA,CD99,Cell-Cell Contact,PMID: 18234675
CD8.TEMRA,Inflammatory Mono-derived,CD99,PILRA,0.04024794295703,0,CD99_PILRA,CD99 - PILRA,CD99,Cell-Cell Contact,PMID: 18234675
CD8.TEX,Inflammatory Mono-derived,CD99,PILRA,0.035674961457741,0,CD99_PILRA,CD99 - PILRA,CD99,Cell-Cell Contact,PMID: 18234675
CD8.TPEX,Inflammatory Mono-derived,CD99,PILRA,0.0314388303669909,0,CD99_PILRA,CD99 - PILRA,CD99,Cell-Cell Contact,PMID: 18234675
Classical Mono-derived,Inflammatory Mono-derived,CD99,PILRA,0.0192057195854654,0,CD99_PILRA,CD99 - PILRA,CD99,Cell-Cell Contact,PMID: 18234675
IFN-stimulated,Inflammatory Mono-derived,CD99,PILRA,0.0176046047479837,0,CD99_PILRA,CD99 - PILRA,CD99,Cell-Cell Contact,PMID: 18234675
Inflammatory Mono-derived,Inflammatory Mono-derived,CD99,PILRA,0.0198445749638366,0,CD99_PILRA,CD99 - PILRA,CD99,Cell-Cell Contact,PMID: 18234675
Lipid-associated,Inflammatory Mono-derived,CD99,PILRA,0.0223512965741859,0,CD99_PILRA,CD99 - PILRA,CD99,Cell-Cell Contact,PMID: 18234675
Proliferating,Inflammatory Mono-derived,CD99,PILRA,0.0207248990740891,0,CD99_PILRA,CD99 - PILRA,CD99,Cell-Cell Contact,PMID: 18234675
Resident M2,Inflammatory Mono-derived,CD99,PILRA,0.0175990464021355,0,CD99_PILRA,CD99 - PILRA,CD99,Cell-Cell Contact,PMID: 18234675
Stress-response,Inflammatory Mono-derived,CD99,PILRA,0.0203635709886342,0,CD99_PILRA,CD99 - PILRA,CD99,Cell-Cell Contact,PMID: 18234675
CD8.CM,Lipid-associated,CD99,PILRA,0.0196410612600004,0,CD99_PILRA,CD99 - PILRA,CD99,Cell-Cell Contact,PMID: 18234675
CD8.EM,Lipid-associated,CD99,PILRA,0.0201007759863684,0,CD99_PILRA,CD99 - PILRA,CD99,Cell-Cell Contact,PMID: 18234675
CD8.MAIT,Lipid-associated,CD99,PILRA,0.014618976225579,0,CD99_PILRA,CD99 - PILRA,CD99,Cell-Cell Contact,PMID: 18234675
CD8.NaiveLike,Lipid-associated,CD99,PILRA,0.0133021994958716,0,CD99_PILRA,CD99 - PILRA,CD99,Cell-Cell Contact,PMID: 18234675
CD8.TEMRA,Lipid-associated,CD99,PILRA,0.0219555895398289,0,CD99_PILRA,CD99 - PILRA,CD99,Cell-Cell Contact,PMID: 18234675
CD8.TEX,Lipid-associated,CD99,PILRA,0.0194189373877661,0,CD99_PILRA,CD99 - PILRA,CD99,Cell-Cell Contact,PMID: 18234675
CD8.TPEX,Lipid-associated,CD99,PILRA,0.0170788992011874,0,CD99_PILRA,CD99 - PILRA,CD99,Cell-Cell Contact,PMID: 18234675
Classical Mono-derived,Lipid-associated,CD99,PILRA,0.0103735131060511,0,CD99_PILRA,CD99 - PILRA,CD99,Cell-Cell Contact,PMID: 18234675
IFN-stimulated,Lipid-associated,CD99,PILRA,0.00950157586062681,0,CD99_PILRA,CD99 - PILRA,CD99,Cell-Cell Contact,PMID: 18234675
Inflammatory Mono-derived,Lipid-associated,CD99,PILRA,0.0107217873260241,0,CD99_PILRA,CD99 - PILRA,CD99,Cell-Cell Contact,PMID: 18234675
Lipid-associated,Lipid-associated,CD99,PILRA,0.0120903537766673,0,CD99_PILRA,CD99 - PILRA,CD99,Cell-Cell Contact,PMID: 18234675
Proliferating,Lipid-associated,CD99,PILRA,0.0112020411508637,0,CD99_PILRA,CD99 - PILRA,CD99,Cell-Cell Contact,PMID: 18234675
Resident M2,Lipid-associated,CD99,PILRA,0.00949855116786747,0,CD99_PILRA,CD99 - PILRA,CD99,Cell-Cell Contact,PMID: 18234675
Stress-response,Lipid-associated,CD99,PILRA,0.0110048734899258,0,CD99_PILRA,CD99 - PILRA,CD99,Cell-Cell Contact,PMID: 18234675
CD8.CM,Resident M2,CD99,PILRA,0.0331057105602101,0,CD99_PILRA,CD99 - PILRA,CD99,Cell-Cell Contact,PMID: 18234675
CD8.EM,Resident M2,CD99,PILRA,0.0338696882459396,0,CD99_PILRA,CD99 - PILRA,CD99,Cell-Cell Contact,PMID: 18234675
CD8.MAIT,Resident M2,CD99,PILRA,0.024727645186079,0,CD99_PILRA,CD99 - PILRA,CD99,Cell-Cell Contact,PMID: 18234675
CD8.NaiveLike,Resident M2,CD99,PILRA,0.0225211593262962,0,CD99_PILRA,CD99 - PILRA,CD99,Cell-Cell Contact,PMID: 18234675
CD8.TEMRA,Resident M2,CD99,PILRA,0.0369471324637664,0,CD99_PILRA,CD99 - PILRA,CD99,Cell-Cell Contact,PMID: 18234675
CD8.TEX,Resident M2,CD99,PILRA,0.0327363976042894,0,CD99_PILRA,CD99 - PILRA,CD99,Cell-Cell Contact,PMID: 18234675
CD8.TPEX,Resident M2,CD99,PILRA,0.0288387636410468,0,CD99_PILRA,CD99 - PILRA,CD99,Cell-Cell Contact,PMID: 18234675
Classical Mono-derived,Resident M2,CD99,PILRA,0.0175989775227607,0,CD99_PILRA,CD99 - PILRA,CD99,Cell-Cell Contact,PMID: 18234675
IFN-stimulated,Resident M2,CD99,PILRA,0.0161296084040441,0,CD99_PILRA,CD99 - PILRA,CD99,Cell-Cell Contact,PMID: 18234675
Inflammatory Mono-derived,Resident M2,CD99,PILRA,0.0181853775154704,0,CD99_PILRA,CD99 - PILRA,CD99,Cell-Cell Contact,PMID: 18234675
Lipid-associated,Resident M2,CD99,PILRA,0.0204868937751577,0,CD99_PILRA,CD99 - PILRA,CD99,Cell-Cell Contact,PMID: 18234675
Proliferating,Resident M2,CD99,PILRA,0.0189935243533727,0,CD99_PILRA,CD99 - PILRA,CD99,Cell-Cell Contact,PMID: 18234675
Resident M2,Resident M2,CD99,PILRA,0.0161245081186585,0,CD99_PILRA,CD99 - PILRA,CD99,Cell-Cell Contact,PMID: 18234675
Stress-response,Resident M2,CD99,PILRA,0.0186618066661476,0,CD99_PILRA,CD99 - PILRA,CD99,Cell-Cell Contact,PMID: 18234675
CD8.CM,Stress-response,CD99,PILRA,0.0390314881072176,0,CD99_PILRA,CD99 - PILRA,CD99,Cell-Cell Contact,PMID: 18234675
CD8.EM,Stress-response,CD99,PILRA,0.0399265676129301,0,CD99_PILRA,CD99 - PILRA,CD99,Cell-Cell Contact,PMID: 18234675
CD8.MAIT,Stress-response,CD99,PILRA,0.0291990729165514,0,CD99_PILRA,CD99 - PILRA,CD99,Cell-Cell Contact,PMID: 18234675
CD8.NaiveLike,Stress-response,CD99,PILRA,0.026604478797623,0,CD99_PILRA,CD99 - PILRA,CD99,Cell-Cell Contact,PMID: 18234675
CD8.TEMRA,Stress-response,CD99,PILRA,0.0435295521181787,0,CD99_PILRA,CD99 - PILRA,CD99,Cell-Cell Contact,PMID: 18234675
CD8.TEX,Stress-response,CD99,PILRA,0.0385987086932889,0,CD99_PILRA,CD99 - PILRA,CD99,Cell-Cell Contact,PMID: 18234675
CD8.TPEX,Stress-response,CD99,PILRA,0.0340276553071895,0,CD99_PILRA,CD99 - PILRA,CD99,Cell-Cell Contact,PMID: 18234675
Classical Mono-derived,Stress-response,CD99,PILRA,0.020808853022429,0,CD99_PILRA,CD99 - PILRA,CD99,Cell-Cell Contact,PMID: 18234675
IFN-stimulated,Stress-response,CD99,PILRA,0.0190766899409209,0,CD99_PILRA,CD99 - PILRA,CD99,Cell-Cell Contact,PMID: 18234675
Inflammatory Mono-derived,Stress-response,CD99,PILRA,0.0214998657649366,0,CD99_PILRA,CD99 - PILRA,CD99,Cell-Cell Contact,PMID: 18234675
Lipid-associated,Stress-response,CD99,PILRA,0.0242105152166547,0,CD99_PILRA,CD99 - PILRA,CD99,Cell-Cell Contact,PMID: 18234675
Proliferating,Stress-response,CD99,PILRA,0.0224519381093961,0,CD99_PILRA,CD99 - PILRA,CD99,Cell-Cell Contact,PMID: 18234675
Resident M2,Stress-response,CD99,PILRA,0.0190706758325422,0,CD99_PILRA,CD99 - PILRA,CD99,Cell-Cell Contact,PMID: 18234675
Stress-response,Stress-response,CD99,PILRA,0.0220611782971142,0,CD99_PILRA,CD99 - PILRA,CD99,Cell-Cell Contact,PMID: 18234675
CD8.CM,CD8.CM,CD99,CD99,0.0915454580205803,0,CD99_CD99,CD99 - CD99,CD99,Cell-Cell Contact,KEGG: hsa04514
CD8.EM,CD8.CM,CD99,CD99,0.0935275939880065,0,CD99_CD99,CD99 - CD99,CD99,Cell-Cell Contact,KEGG: hsa04514
CD8.TEMRA,CD8.CM,CD99,CD99,0.10145639975867,0,CD99_CD99,CD99 - CD99,CD99,Cell-Cell Contact,KEGG: hsa04514
CD8.TEX,CD8.CM,CD99,CD99,0.090585293710876,0,CD99_CD99,CD99 - CD99,CD99,Cell-Cell Contact,KEGG: hsa04514
CD8.TPEX,CD8.CM,CD99,CD99,0.0803724069806048,0,CD99_CD99,CD99 - CD99,CD99,Cell-Cell Contact,KEGG: hsa04514
CD8.CM,CD8.EM,CD99,CD99,0.0935275939880065,0,CD99_CD99,CD99 - CD99,CD99,Cell-Cell Contact,KEGG: hsa04514
CD8.EM,CD8.EM,CD99,CD99,0.0955481331567916,0,CD99_CD99,CD99 - CD99,CD99,Cell-Cell Contact,KEGG: hsa04514
CD8.TEMRA,CD8.EM,CD99,CD99,0.10362864806439,0,CD99_CD99,CD99 - CD99,CD99,Cell-Cell Contact,KEGG: hsa04514
CD8.TEX,CD8.EM,CD99,CD99,0.0925487581868453,0,CD99_CD99,CD99 - CD99,CD99,Cell-Cell Contact,KEGG: hsa04514
CD8.TPEX,CD8.EM,CD99,CD99,0.0821344969317347,0,CD99_CD99,CD99 - CD99,CD99,Cell-Cell Contact,KEGG: hsa04514
CD8.CM,CD8.TEMRA,CD99,CD99,0.10145639975867,0,CD99_CD99,CD99 - CD99,CD99,Cell-Cell Contact,KEGG: hsa04514
CD8.EM,CD8.TEMRA,CD99,CD99,0.10362864806439,0,CD99_CD99,CD99 - CD99,CD99,Cell-Cell Contact,KEGG: hsa04514
CD8.TEMRA,CD8.TEMRA,CD99,CD99,0.112307677431389,0,CD99_CD99,CD99 - CD99,CD99,Cell-Cell Contact,KEGG: hsa04514
CD8.TEX,CD8.TEMRA,CD99,CD99,0.100403774333913,0,CD99_CD99,CD99 - CD99,CD99,Cell-Cell Contact,KEGG: hsa04514
CD8.TPEX,CD8.TEMRA,CD99,CD99,0.0891924873964089,0,CD99_CD99,CD99 - CD99,CD99,Cell-Cell Contact,KEGG: hsa04514
CD8.CM,CD8.TEX,CD99,CD99,0.090585293710876,0,CD99_CD99,CD99 - CD99,CD99,Cell-Cell Contact,KEGG: hsa04514
CD8.EM,CD8.TEX,CD99,CD99,0.0925487581868453,0,CD99_CD99,CD99 - CD99,CD99,Cell-Cell Contact,KEGG: hsa04514
CD8.TEMRA,CD8.TEX,CD99,CD99,0.100403774333913,0,CD99_CD99,CD99 - CD99,CD99,Cell-Cell Contact,KEGG: hsa04514
CD8.TEX,CD8.TEX,CD99,CD99,0.089634206346821,0,CD99_CD99,CD99 - CD99,CD99,Cell-Cell Contact,KEGG: hsa04514
CD8.TPEX,CD8.TEX,CD99,CD99,0.0795191722875469,0.01,CD99_CD99,CD99 - CD99,CD99,Cell-Cell Contact,KEGG: hsa04514
CD8.CM,CD8.TPEX,CD99,CD99,0.0803724069806048,0,CD99_CD99,CD99 - CD99,CD99,Cell-Cell Contact,KEGG: hsa04514
CD8.EM,CD8.TPEX,CD99,CD99,0.0821344969317347,0,CD99_CD99,CD99 - CD99,CD99,Cell-Cell Contact,KEGG: hsa04514
CD8.TEMRA,CD8.TPEX,CD99,CD99,0.0891924873964089,0,CD99_CD99,CD99 - CD99,CD99,Cell-Cell Contact,KEGG: hsa04514
CD8.TEX,CD8.TPEX,CD99,CD99,0.0795191722875469,0.01,CD99_CD99,CD99 - CD99,CD99,Cell-Cell Contact,KEGG: hsa04514
CD8.CM,CD8.MAIT,CLEC2D,KLRB1,0.0275416750803401,0,CLEC2D_KLRB1,CLEC2D - KLRB1,CLEC,Cell-Cell Contact,PMID: 24223577
CD8.EM,CD8.MAIT,CLEC2D,KLRB1,0.0269399290808263,0,CLEC2D_KLRB1,CLEC2D - KLRB1,CLEC,Cell-Cell Contact,PMID: 24223577
CD8.MAIT,CD8.MAIT,CLEC2D,KLRB1,0.0228603372331863,0,CLEC2D_KLRB1,CLEC2D - KLRB1,CLEC,Cell-Cell Contact,PMID: 24223577
CD8.NaiveLike,CD8.MAIT,CLEC2D,KLRB1,0.0251404545144876,0,CLEC2D_KLRB1,CLEC2D - KLRB1,CLEC,Cell-Cell Contact,PMID: 24223577
CD8.TEMRA,CD8.MAIT,CLEC2D,KLRB1,0.0288155445882085,0,CLEC2D_KLRB1,CLEC2D - KLRB1,CLEC,Cell-Cell Contact,PMID: 24223577
CD8.TEX,CD8.MAIT,CLEC2D,KLRB1,0.0780477312348604,0,CLEC2D_KLRB1,CLEC2D - KLRB1,CLEC,Cell-Cell Contact,PMID: 24223577
CD8.TPEX,CD8.MAIT,CLEC2D,KLRB1,0.0737543866504784,0,CLEC2D_KLRB1,CLEC2D - KLRB1,CLEC,Cell-Cell Contact,PMID: 24223577
CD8.CM,CD8.TEMRA,CLEC2D,KLRB1,0.0060904713661797,0,CLEC2D_KLRB1,CLEC2D - KLRB1,CLEC,Cell-Cell Contact,PMID: 24223577
CD8.EM,CD8.TEMRA,CLEC2D,KLRB1,0.00595453352641123,0,CLEC2D_KLRB1,CLEC2D - KLRB1,CLEC,Cell-Cell Contact,PMID: 24223577
CD8.MAIT,CD8.TEMRA,CLEC2D,KLRB1,0.00503637309121174,0,CLEC2D_KLRB1,CLEC2D - KLRB1,CLEC,Cell-Cell Contact,PMID: 24223577
CD8.NaiveLike,CD8.TEMRA,CLEC2D,KLRB1,0.00554880229774785,0,CLEC2D_KLRB1,CLEC2D - KLRB1,CLEC,Cell-Cell Contact,PMID: 24223577
CD8.TEMRA,CD8.TEMRA,CLEC2D,KLRB1,0.0063786784672756,0.02,CLEC2D_KLRB1,CLEC2D - KLRB1,CLEC,Cell-Cell Contact,PMID: 24223577
CD8.TEX,CD8.TEMRA,CLEC2D,KLRB1,0.0179867985847648,0,CLEC2D_KLRB1,CLEC2D - KLRB1,CLEC,Cell-Cell Contact,PMID: 24223577
CD8.TPEX,CD8.TEMRA,CLEC2D,KLRB1,0.0169366647066349,0,CLEC2D_KLRB1,CLEC2D - KLRB1,CLEC,Cell-Cell Contact,PMID: 24223577
CD8.CM,CD8.TEX,CLEC2D,KLRB1,0.00447187736219316,0,CLEC2D_KLRB1,CLEC2D - KLRB1,CLEC,Cell-Cell Contact,PMID: 24223577
CD8.EM,CD8.TEX,CLEC2D,KLRB1,0.00437190723688368,0,CLEC2D_KLRB1,CLEC2D - KLRB1,CLEC,Cell-Cell Contact,PMID: 24223577
CD8.MAIT,CD8.TEX,CLEC2D,KLRB1,0.00369687260050991,0,CLEC2D_KLRB1,CLEC2D - KLRB1,CLEC,Cell-Cell Contact,PMID: 24223577
CD8.NaiveLike,CD8.TEX,CLEC2D,KLRB1,0.00407357140905703,0,CLEC2D_KLRB1,CLEC2D - KLRB1,CLEC,Cell-Cell Contact,PMID: 24223577
CD8.TEMRA,CD8.TEX,CLEC2D,KLRB1,0.00468385195231606,0,CLEC2D_KLRB1,CLEC2D - KLRB1,CLEC,Cell-Cell Contact,PMID: 24223577
CD8.TEX,CD8.TEX,CLEC2D,KLRB1,0.0132487989407857,0,CLEC2D_KLRB1,CLEC2D - KLRB1,CLEC,Cell-Cell Contact,PMID: 24223577
CD8.TPEX,CD8.TEX,CLEC2D,KLRB1,0.0124717733422853,0,CLEC2D_KLRB1,CLEC2D - KLRB1,CLEC,Cell-Cell Contact,PMID: 24223577
CD8.CM,CD8.TPEX,CLEC2D,KLRB1,0.00527881062140516,0,CLEC2D_KLRB1,CLEC2D - KLRB1,CLEC,Cell-Cell Contact,PMID: 24223577
CD8.EM,CD8.TPEX,CLEC2D,KLRB1,0.00516089478402235,0,CLEC2D_KLRB1,CLEC2D - KLRB1,CLEC,Cell-Cell Contact,PMID: 24223577
CD8.MAIT,CD8.TPEX,CLEC2D,KLRB1,0.00436457231118479,0,CLEC2D_KLRB1,CLEC2D - KLRB1,CLEC,Cell-Cell Contact,PMID: 24223577
CD8.NaiveLike,CD8.TPEX,CLEC2D,KLRB1,0.00480897906150253,0,CLEC2D_KLRB1,CLEC2D - KLRB1,CLEC,Cell-Cell Contact,PMID: 24223577
CD8.TEMRA,CD8.TPEX,CLEC2D,KLRB1,0.00552882279250701,0,CLEC2D_KLRB1,CLEC2D - KLRB1,CLEC,Cell-Cell Contact,PMID: 24223577
CD8.TEX,CD8.TPEX,CLEC2D,KLRB1,0.0156146533297284,0,CLEC2D_KLRB1,CLEC2D - KLRB1,CLEC,Cell-Cell Contact,PMID: 24223577
CD8.TPEX,CD8.TPEX,CLEC2D,KLRB1,0.0147009405190038,0,CLEC2D_KLRB1,CLEC2D - KLRB1,CLEC,Cell-Cell Contact,PMID: 24223577
CD8.CM,CD8.MAIT,CLEC2B,KLRB1,0.0906108133210555,0,CLEC2B_KLRB1,CLEC2B - KLRB1,CLEC,Cell-Cell Contact,PMID: 24223577
CD8.EM,CD8.MAIT,CLEC2B,KLRB1,0.0967227798267461,0,CLEC2B_KLRB1,CLEC2B - KLRB1,CLEC,Cell-Cell Contact,PMID: 24223577
CD8.MAIT,CD8.MAIT,CLEC2B,KLRB1,0.0855553187427484,0,CLEC2B_KLRB1,CLEC2B - KLRB1,CLEC,Cell-Cell Contact,PMID: 24223577
CD8.NaiveLike,CD8.MAIT,CLEC2B,KLRB1,0.0289236358526019,0,CLEC2B_KLRB1,CLEC2B - KLRB1,CLEC,Cell-Cell Contact,PMID: 24223577
CD8.TEMRA,CD8.MAIT,CLEC2B,KLRB1,0.0922247202433594,0,CLEC2B_KLRB1,CLEC2B - KLRB1,CLEC,Cell-Cell Contact,PMID: 24223577
CD8.TEX,CD8.MAIT,CLEC2B,KLRB1,0.124503084055756,0,CLEC2B_KLRB1,CLEC2B - KLRB1,CLEC,Cell-Cell Contact,PMID: 24223577
CD8.TPEX,CD8.MAIT,CLEC2B,KLRB1,0.0950627550348638,0,CLEC2B_KLRB1,CLEC2B - KLRB1,CLEC,Cell-Cell Contact,PMID: 24223577
Classical Mono-derived,CD8.MAIT,CLEC2B,KLRB1,0.0586689275856887,0,CLEC2B_KLRB1,CLEC2B - KLRB1,CLEC,Cell-Cell Contact,PMID: 24223577
IFN-stimulated,CD8.MAIT,CLEC2B,KLRB1,0.0624995029256037,0,CLEC2B_KLRB1,CLEC2B - KLRB1,CLEC,Cell-Cell Contact,PMID: 24223577
Inflammatory Mono-derived,CD8.MAIT,CLEC2B,KLRB1,0.0564544407793803,0,CLEC2B_KLRB1,CLEC2B - KLRB1,CLEC,Cell-Cell Contact,PMID: 24223577
Lipid-associated,CD8.MAIT,CLEC2B,KLRB1,0.0249008491347673,0,CLEC2B_KLRB1,CLEC2B - KLRB1,CLEC,Cell-Cell Contact,PMID: 24223577
Proliferating,CD8.MAIT,CLEC2B,KLRB1,0.0540779599655024,0,CLEC2B_KLRB1,CLEC2B - KLRB1,CLEC,Cell-Cell Contact,PMID: 24223577
Resident M2,CD8.MAIT,CLEC2B,KLRB1,0.0550513686492078,0,CLEC2B_KLRB1,CLEC2B - KLRB1,CLEC,Cell-Cell Contact,PMID: 24223577
Stress-response,CD8.MAIT,CLEC2B,KLRB1,0.0559529800049522,0,CLEC2B_KLRB1,CLEC2B - KLRB1,CLEC,Cell-Cell Contact,PMID: 24223577
CD8.CM,CD8.TEMRA,CLEC2B,KLRB1,0.0211033682139362,0,CLEC2B_KLRB1,CLEC2B - KLRB1,CLEC,Cell-Cell Contact,PMID: 24223577
CD8.EM,CD8.TEMRA,CLEC2B,KLRB1,0.0226435948130067,0,CLEC2B_KLRB1,CLEC2B - KLRB1,CLEC,Cell-Cell Contact,PMID: 24223577
CD8.MAIT,CD8.TEMRA,CLEC2B,KLRB1,0.019841324648501,0,CLEC2B_KLRB1,CLEC2B - KLRB1,CLEC,Cell-Cell Contact,PMID: 24223577
CD8.TEMRA,CD8.TEMRA,CLEC2B,KLRB1,0.0215085304172432,0,CLEC2B_KLRB1,CLEC2B - KLRB1,CLEC,Cell-Cell Contact,PMID: 24223577
CD8.TEX,CD8.TEMRA,CLEC2B,KLRB1,0.0298503161367282,0,CLEC2B_KLRB1,CLEC2B - KLRB1,CLEC,Cell-Cell Contact,PMID: 24223577
CD8.TPEX,CD8.TEMRA,CLEC2B,KLRB1,0.022223688670491,0,CLEC2B_KLRB1,CLEC2B - KLRB1,CLEC,Cell-Cell Contact,PMID: 24223577
Classical Mono-derived,CD8.TEMRA,CLEC2B,KLRB1,0.0133055593378496,0.02,CLEC2B_KLRB1,CLEC2B - KLRB1,CLEC,Cell-Cell Contact,PMID: 24223577
IFN-stimulated,CD8.TEMRA,CLEC2B,KLRB1,0.0142190369650623,0.01,CLEC2B_KLRB1,CLEC2B - KLRB1,CLEC,Cell-Cell Contact,PMID: 24223577
Inflammatory Mono-derived,CD8.TEMRA,CLEC2B,KLRB1,0.0127800878998454,0.02,CLEC2B_KLRB1,CLEC2B - KLRB1,CLEC,Cell-Cell Contact,PMID: 24223577
Proliferating,CD8.TEMRA,CLEC2B,KLRB1,0.0122182957365432,0.02,CLEC2B_KLRB1,CLEC2B - KLRB1,CLEC,Cell-Cell Contact,PMID: 24223577
Resident M2,CD8.TEMRA,CLEC2B,KLRB1,0.0124481419001059,0.02,CLEC2B_KLRB1,CLEC2B - KLRB1,CLEC,Cell-Cell Contact,PMID: 24223577
Stress-response,CD8.TEMRA,CLEC2B,KLRB1,0.0126613620723472,0.02,CLEC2B_KLRB1,CLEC2B - KLRB1,CLEC,Cell-Cell Contact,PMID: 24223577
CD8.CM,CD8.TEX,CLEC2B,KLRB1,0.0155574219883434,0,CLEC2B_KLRB1,CLEC2B - KLRB1,CLEC,Cell-Cell Contact,PMID: 24223577
CD8.EM,CD8.TEX,CLEC2B,KLRB1,0.0166997837189198,0,CLEC2B_KLRB1,CLEC2B - KLRB1,CLEC,Cell-Cell Contact,PMID: 24223577
CD8.MAIT,CD8.TEX,CLEC2B,KLRB1,0.0146220881705028,0,CLEC2B_KLRB1,CLEC2B - KLRB1,CLEC,Cell-Cell Contact,PMID: 24223577
CD8.NaiveLike,CD8.TEX,CLEC2B,KLRB1,0.00470186000421015,0,CLEC2B_KLRB1,CLEC2B - KLRB1,CLEC,Cell-Cell Contact,PMID: 24223577
CD8.TEMRA,CD8.TEX,CLEC2B,KLRB1,0.0158578328119065,0,CLEC2B_KLRB1,CLEC2B - KLRB1,CLEC,Cell-Cell Contact,PMID: 24223577
CD8.TEX,CD8.TEX,CLEC2B,KLRB1,0.0220574762272211,0,CLEC2B_KLRB1,CLEC2B - KLRB1,CLEC,Cell-Cell Contact,PMID: 24223577
CD8.TPEX,CD8.TEX,CLEC2B,KLRB1,0.0163882522699895,0,CLEC2B_KLRB1,CLEC2B - KLRB1,CLEC,Cell-Cell Contact,PMID: 24223577
Classical Mono-derived,CD8.TEX,CLEC2B,KLRB1,0.00978837894397053,0,CLEC2B_KLRB1,CLEC2B - KLRB1,CLEC,Cell-Cell Contact,PMID: 24223577
IFN-stimulated,CD8.TEX,CLEC2B,KLRB1,0.0104629491973182,0,CLEC2B_KLRB1,CLEC2B - KLRB1,CLEC,Cell-Cell Contact,PMID: 24223577
Inflammatory Mono-derived,CD8.TEX,CLEC2B,KLRB1,0.00940048682423046,0,CLEC2B_KLRB1,CLEC2B - KLRB1,CLEC,Cell-Cell Contact,PMID: 24223577
Lipid-associated,CD8.TEX,CLEC2B,KLRB1,0.00403391672039294,0,CLEC2B_KLRB1,CLEC2B - KLRB1,CLEC,Cell-Cell Contact,PMID: 24223577
Proliferating,CD8.TEX,CLEC2B,KLRB1,0.00898590425864225,0,CLEC2B_KLRB1,CLEC2B - KLRB1,CLEC,Cell-Cell Contact,PMID: 24223577
Resident M2,CD8.TEX,CLEC2B,KLRB1,0.00915550744329234,0,CLEC2B_KLRB1,CLEC2B - KLRB1,CLEC,Cell-Cell Contact,PMID: 24223577
Stress-response,CD8.TEX,CLEC2B,KLRB1,0.00931286100290026,0,CLEC2B_KLRB1,CLEC2B - KLRB1,CLEC,Cell-Cell Contact,PMID: 24223577
CD8.CM,CD8.TPEX,CLEC2B,KLRB1,0.018327872864723,0,CLEC2B_KLRB1,CLEC2B - KLRB1,CLEC,Cell-Cell Contact,PMID: 24223577
CD8.EM,CD8.TPEX,CLEC2B,KLRB1,0.0196696006475934,0,CLEC2B_KLRB1,CLEC2B - KLRB1,CLEC,Cell-Cell Contact,PMID: 24223577
CD8.MAIT,CD8.TPEX,CLEC2B,KLRB1,0.017228890744821,0,CLEC2B_KLRB1,CLEC2B - KLRB1,CLEC,Cell-Cell Contact,PMID: 24223577
CD8.NaiveLike,CD8.TPEX,CLEC2B,KLRB1,0.00555006139698756,0,CLEC2B_KLRB1,CLEC2B - KLRB1,CLEC,Cell-Cell Contact,PMID: 24223577
CD8.TEMRA,CD8.TPEX,CLEC2B,KLRB1,0.0186807654056146,0,CLEC2B_KLRB1,CLEC2B - KLRB1,CLEC,Cell-Cell Contact,PMID: 24223577
CD8.TEX,CD8.TPEX,CLEC2B,KLRB1,0.0259549323376921,0,CLEC2B_KLRB1,CLEC2B - KLRB1,CLEC,Cell-Cell Contact,PMID: 24223577
CD8.TPEX,CD8.TPEX,CLEC2B,KLRB1,0.0193037554183028,0,CLEC2B_KLRB1,CLEC2B - KLRB1,CLEC,Cell-Cell Contact,PMID: 24223577
Classical Mono-derived,CD8.TPEX,CLEC2B,KLRB1,0.0115435307455044,0,CLEC2B_KLRB1,CLEC2B - KLRB1,CLEC,Cell-Cell Contact,PMID: 24223577
IFN-stimulated,CD8.TPEX,CLEC2B,KLRB1,0.012337550958545,0,CLEC2B_KLRB1,CLEC2B - KLRB1,CLEC,Cell-Cell Contact,PMID: 24223577
Inflammatory Mono-derived,CD8.TPEX,CLEC2B,KLRB1,0.0110868645315165,0,CLEC2B_KLRB1,CLEC2B - KLRB1,CLEC,Cell-Cell Contact,PMID: 24223577
Lipid-associated,CD8.TPEX,CLEC2B,KLRB1,0.00476219968701452,0,CLEC2B_KLRB1,CLEC2B - KLRB1,CLEC,Cell-Cell Contact,PMID: 24223577
Proliferating,CD8.TPEX,CLEC2B,KLRB1,0.0105987046626842,0,CLEC2B_KLRB1,CLEC2B - KLRB1,CLEC,Cell-Cell Contact,PMID: 24223577
Resident M2,CD8.TPEX,CLEC2B,KLRB1,0.0107984167309221,0,CLEC2B_KLRB1,CLEC2B - KLRB1,CLEC,Cell-Cell Contact,PMID: 24223577
Stress-response,CD8.TPEX,CLEC2B,KLRB1,0.0109836935826744,0,CLEC2B_KLRB1,CLEC2B - KLRB1,CLEC,Cell-Cell Contact,PMID: 24223577
CD8.CM,CD8.MAIT,CD69,KLRB1,0.196308850821285,0,CLEC2C_KLRB1,CLEC2C - KLRB1,CLEC,Cell-Cell Contact,PMID: 24223577
CD8.EM,CD8.MAIT,CD69,KLRB1,0.171018504445836,0,CLEC2C_KLRB1,CLEC2C - KLRB1,CLEC,Cell-Cell Contact,PMID: 24223577
CD8.MAIT,CD8.MAIT,CD69,KLRB1,0.209729389754756,0,CLEC2C_KLRB1,CLEC2C - KLRB1,CLEC,Cell-Cell Contact,PMID: 24223577
CD8.NaiveLike,CD8.MAIT,CD69,KLRB1,0.178391230524681,0,CLEC2C_KLRB1,CLEC2C - KLRB1,CLEC,Cell-Cell Contact,PMID: 24223577
CD8.TEMRA,CD8.MAIT,CD69,KLRB1,0.161655829422523,0,CLEC2C_KLRB1,CLEC2C - KLRB1,CLEC,Cell-Cell Contact,PMID: 24223577
CD8.TEX,CD8.MAIT,CD69,KLRB1,0.157748761966814,0,CLEC2C_KLRB1,CLEC2C - KLRB1,CLEC,Cell-Cell Contact,PMID: 24223577
CD8.TPEX,CD8.MAIT,CD69,KLRB1,0.175589657270678,0,CLEC2C_KLRB1,CLEC2C - KLRB1,CLEC,Cell-Cell Contact,PMID: 24223577
Classical Mono-derived,CD8.MAIT,CD69,KLRB1,0.0185510969634731,0,CLEC2C_KLRB1,CLEC2C - KLRB1,CLEC,Cell-Cell Contact,PMID: 24223577
IFN-stimulated,CD8.MAIT,CD69,KLRB1,0.0260888067951257,0,CLEC2C_KLRB1,CLEC2C - KLRB1,CLEC,Cell-Cell Contact,PMID: 24223577
Inflammatory Mono-derived,CD8.MAIT,CD69,KLRB1,0.0168886989034663,0,CLEC2C_KLRB1,CLEC2C - KLRB1,CLEC,Cell-Cell Contact,PMID: 24223577
Proliferating,CD8.MAIT,CD69,KLRB1,0.0770757021861358,0,CLEC2C_KLRB1,CLEC2C - KLRB1,CLEC,Cell-Cell Contact,PMID: 24223577
Resident M2,CD8.MAIT,CD69,KLRB1,0.0531516738513033,0,CLEC2C_KLRB1,CLEC2C - KLRB1,CLEC,Cell-Cell Contact,PMID: 24223577
Stress-response,CD8.MAIT,CD69,KLRB1,0.0141956629370911,0,CLEC2C_KLRB1,CLEC2C - KLRB1,CLEC,Cell-Cell Contact,PMID: 24223577
CD8.CM,CD8.TEMRA,CD69,KLRB1,0.0501960305583036,0,CLEC2C_KLRB1,CLEC2C - KLRB1,CLEC,Cell-Cell Contact,PMID: 24223577
CD8.EM,CD8.TEMRA,CD69,KLRB1,0.0427285423517097,0,CLEC2C_KLRB1,CLEC2C - KLRB1,CLEC,Cell-Cell Contact,PMID: 24223577
CD8.MAIT,CD8.TEMRA,CD69,KLRB1,0.0543025683989129,0,CLEC2C_KLRB1,CLEC2C - KLRB1,CLEC,Cell-Cell Contact,PMID: 24223577
CD8.NaiveLike,CD8.TEMRA,CD69,KLRB1,0.0448699557332536,0,CLEC2C_KLRB1,CLEC2C - KLRB1,CLEC,Cell-Cell Contact,PMID: 24223577
CD8.TEMRA,CD8.TEMRA,CD69,KLRB1,0.0400499834916615,0,CLEC2C_KLRB1,CLEC2C - KLRB1,CLEC,Cell-Cell Contact,PMID: 24223577
CD8.TEX,CD8.TEMRA,CD69,KLRB1,0.0389454770590513,0,CLEC2C_KLRB1,CLEC2C - KLRB1,CLEC,Cell-Cell Contact,PMID: 24223577
CD8.TPEX,CD8.TEMRA,CD69,KLRB1,0.0440528569374208,0,CLEC2C_KLRB1,CLEC2C - KLRB1,CLEC,Cell-Cell Contact,PMID: 24223577
Proliferating,CD8.TEMRA,CD69,KLRB1,0.0177483858202615,0.04,CLEC2C_KLRB1,CLEC2C - KLRB1,CLEC,Cell-Cell Contact,PMID: 24223577
CD8.CM,CD8.TEX,CD69,KLRB1,0.0372958524508164,0,CLEC2C_KLRB1,CLEC2C - KLRB1,CLEC,Cell-Cell Contact,PMID: 24223577
CD8.EM,CD8.TEX,CD69,KLRB1,0.0316834610817548,0,CLEC2C_KLRB1,CLEC2C - KLRB1,CLEC,Cell-Cell Contact,PMID: 24223577
CD8.MAIT,CD8.TEX,CD69,KLRB1,0.040391907573221,0,CLEC2C_KLRB1,CLEC2C - KLRB1,CLEC,Cell-Cell Contact,PMID: 24223577
CD8.NaiveLike,CD8.TEX,CD69,KLRB1,0.0332905817848533,0,CLEC2C_KLRB1,CLEC2C - KLRB1,CLEC,Cell-Cell Contact,PMID: 24223577
CD8.TEMRA,CD8.TEX,CD69,KLRB1,0.029675829756234,0,CLEC2C_KLRB1,CLEC2C - KLRB1,CLEC,Cell-Cell Contact,PMID: 24223577
CD8.TEX,CD8.TEX,CD69,KLRB1,0.0288488257912233,0,CLEC2C_KLRB1,CLEC2C - KLRB1,CLEC,Cell-Cell Contact,PMID: 24223577
CD8.TPEX,CD8.TEX,CD69,KLRB1,0.032677133595636,0,CLEC2C_KLRB1,CLEC2C - KLRB1,CLEC,Cell-Cell Contact,PMID: 24223577
Classical Mono-derived,CD8.TEX,CD69,KLRB1,0.00298895153072816,0,CLEC2C_KLRB1,CLEC2C - KLRB1,CLEC,Cell-Cell Contact,PMID: 24223577
IFN-stimulated,CD8.TEX,CD69,KLRB1,0.00423068410616835,0,CLEC2C_KLRB1,CLEC2C - KLRB1,CLEC,Cell-Cell Contact,PMID: 24223577
Inflammatory Mono-derived,CD8.TEX,CD69,KLRB1,0.00271724509755339,0,CLEC2C_KLRB1,CLEC2C - KLRB1,CLEC,Cell-Cell Contact,PMID: 24223577
Proliferating,CD8.TEX,CD69,KLRB1,0.0130723517671864,0,CLEC2C_KLRB1,CLEC2C - KLRB1,CLEC,Cell-Cell Contact,PMID: 24223577
Resident M2,CD8.TEX,CD69,KLRB1,0.00882478158488647,0,CLEC2C_KLRB1,CLEC2C - KLRB1,CLEC,Cell-Cell Contact,PMID: 24223577
Stress-response,CD8.TEX,CD69,KLRB1,0.00227872118061202,0,CLEC2C_KLRB1,CLEC2C - KLRB1,CLEC,Cell-Cell Contact,PMID: 24223577
CD8.CM,CD8.TPEX,CD69,KLRB1,0.0437653621915639,0,CLEC2C_KLRB1,CLEC2C - KLRB1,CLEC,Cell-Cell Contact,PMID: 24223577
CD8.EM,CD8.TPEX,CD69,KLRB1,0.0372170560462852,0,CLEC2C_KLRB1,CLEC2C - KLRB1,CLEC,Cell-Cell Contact,PMID: 24223577
CD8.MAIT,CD8.TPEX,CD69,KLRB1,0.0473720461872459,0,CLEC2C_KLRB1,CLEC2C - KLRB1,CLEC,Cell-Cell Contact,PMID: 24223577
CD8.NaiveLike,CD8.TPEX,CD69,KLRB1,0.0390935322506568,0,CLEC2C_KLRB1,CLEC2C - KLRB1,CLEC,Cell-Cell Contact,PMID: 24223577
CD8.TEMRA,CD8.TPEX,CD69,KLRB1,0.0348714142488261,0,CLEC2C_KLRB1,CLEC2C - KLRB1,CLEC,Cell-Cell Contact,PMID: 24223577
CD8.TEX,CD8.TPEX,CD69,KLRB1,0.0339046792964785,0,CLEC2C_KLRB1,CLEC2C - KLRB1,CLEC,Cell-Cell Contact,PMID: 24223577
CD8.TPEX,CD8.TPEX,CD69,KLRB1,0.0383773977040785,0,CLEC2C_KLRB1,CLEC2C - KLRB1,CLEC,Cell-Cell Contact,PMID: 24223577
Classical Mono-derived,CD8.TPEX,CD69,KLRB1,0.00352924509155426,0,CLEC2C_KLRB1,CLEC2C - KLRB1,CLEC,Cell-Cell Contact,PMID: 24223577
IFN-stimulated,CD8.TPEX,CD69,KLRB1,0.00499431330074046,0,CLEC2C_KLRB1,CLEC2C - KLRB1,CLEC,Cell-Cell Contact,PMID: 24223577
Inflammatory Mono-derived,CD8.TPEX,CD69,KLRB1,0.00320858209321977,0,CLEC2C_KLRB1,CLEC2C - KLRB1,CLEC,Cell-Cell Contact,PMID: 24223577
Proliferating,CD8.TPEX,CD69,KLRB1,0.0154071897402301,0,CLEC2C_KLRB1,CLEC2C - KLRB1,CLEC,Cell-Cell Contact,PMID: 24223577
Resident M2,CD8.TPEX,CD69,KLRB1,0.0104089672475415,0,CLEC2C_KLRB1,CLEC2C - KLRB1,CLEC,Cell-Cell Contact,PMID: 24223577
Stress-response,CD8.TPEX,CD69,KLRB1,0.00269097747864146,0,CLEC2C_KLRB1,CLEC2C - KLRB1,CLEC,Cell-Cell Contact,PMID: 24223577
Classical Mono-derived,Classical Mono-derived,ICAM1,ITGAX_ITGB2,0.0224958727801459,0,ICAM1_ITGAX_ITGB2,ICAM1 - (ITGAX+ITGB2),ICAM,Cell-Cell Contact,PMID: 16252253
IFN-stimulated,Classical Mono-derived,ICAM1,ITGAX_ITGB2,0.0495729130204176,0,ICAM1_ITGAX_ITGB2,ICAM1 - (ITGAX+ITGB2),ICAM,Cell-Cell Contact,PMID: 16252253
Inflammatory Mono-derived,Classical Mono-derived,ICAM1,ITGAX_ITGB2,0.0354516426390253,0,ICAM1_ITGAX_ITGB2,ICAM1 - (ITGAX+ITGB2),ICAM,Cell-Cell Contact,PMID: 16252253
Lipid-associated,Classical Mono-derived,ICAM1,ITGAX_ITGB2,0.0125274484610842,0,ICAM1_ITGAX_ITGB2,ICAM1 - (ITGAX+ITGB2),ICAM,Cell-Cell Contact,PMID: 16252253
Proliferating,Classical Mono-derived,ICAM1,ITGAX_ITGB2,0.0152678187874116,0,ICAM1_ITGAX_ITGB2,ICAM1 - (ITGAX+ITGB2),ICAM,Cell-Cell Contact,PMID: 16252253
Resident M2,Classical Mono-derived,ICAM1,ITGAX_ITGB2,0.0492945498476342,0,ICAM1_ITGAX_ITGB2,ICAM1 - (ITGAX+ITGB2),ICAM,Cell-Cell Contact,PMID: 16252253
Stress-response,Classical Mono-derived,ICAM1,ITGAX_ITGB2,0.0297786415997588,0,ICAM1_ITGAX_ITGB2,ICAM1 - (ITGAX+ITGB2),ICAM,Cell-Cell Contact,PMID: 16252253
Classical Mono-derived,IFN-stimulated,ICAM1,ITGAX_ITGB2,0.0221691726929837,0,ICAM1_ITGAX_ITGB2,ICAM1 - (ITGAX+ITGB2),ICAM,Cell-Cell Contact,PMID: 16252253
IFN-stimulated,IFN-stimulated,ICAM1,ITGAX_ITGB2,0.0488726425846109,0,ICAM1_ITGAX_ITGB2,ICAM1 - (ITGAX+ITGB2),ICAM,Cell-Cell Contact,PMID: 16252253
Inflammatory Mono-derived,IFN-stimulated,ICAM1,ITGAX_ITGB2,0.0349435162220767,0,ICAM1_ITGAX_ITGB2,ICAM1 - (ITGAX+ITGB2),ICAM,Cell-Cell Contact,PMID: 16252253
Lipid-associated,IFN-stimulated,ICAM1,ITGAX_ITGB2,0.0123436883916159,0,ICAM1_ITGAX_ITGB2,ICAM1 - (ITGAX+ITGB2),ICAM,Cell-Cell Contact,PMID: 16252253
Proliferating,IFN-stimulated,ICAM1,ITGAX_ITGB2,0.015044473755662,0,ICAM1_ITGAX_ITGB2,ICAM1 - (ITGAX+ITGB2),ICAM,Cell-Cell Contact,PMID: 16252253
Resident M2,IFN-stimulated,ICAM1,ITGAX_ITGB2,0.0485980105261671,0,ICAM1_ITGAX_ITGB2,ICAM1 - (ITGAX+ITGB2),ICAM,Cell-Cell Contact,PMID: 16252253
Stress-response,IFN-stimulated,ICAM1,ITGAX_ITGB2,0.0293493518588184,0,ICAM1_ITGAX_ITGB2,ICAM1 - (ITGAX+ITGB2),ICAM,Cell-Cell Contact,PMID: 16252253
Classical Mono-derived,Inflammatory Mono-derived,ICAM1,ITGAX_ITGB2,0.0248777176165153,0,ICAM1_ITGAX_ITGB2,ICAM1 - (ITGAX+ITGB2),ICAM,Cell-Cell Contact,PMID: 16252253
IFN-stimulated,Inflammatory Mono-derived,ICAM1,ITGAX_ITGB2,0.0546613382574297,0,ICAM1_ITGAX_ITGB2,ICAM1 - (ITGAX+ITGB2),ICAM,Cell-Cell Contact,PMID: 16252253
Inflammatory Mono-derived,Inflammatory Mono-derived,ICAM1,ITGAX_ITGB2,0.0391502937174449,0,ICAM1_ITGAX_ITGB2,ICAM1 - (ITGAX+ITGB2),ICAM,Cell-Cell Contact,PMID: 16252253
Lipid-associated,Inflammatory Mono-derived,ICAM1,ITGAX_ITGB2,0.013868819280011,0,ICAM1_ITGAX_ITGB2,ICAM1 - (ITGAX+ITGB2),ICAM,Cell-Cell Contact,PMID: 16252253
Proliferating,Inflammatory Mono-derived,ICAM1,ITGAX_ITGB2,0.0168975924481462,0,ICAM1_ITGAX_ITGB2,ICAM1 - (ITGAX+ITGB2),ICAM,Cell-Cell Contact,PMID: 16252253
Resident M2,Inflammatory Mono-derived,ICAM1,ITGAX_ITGB2,0.0543560365245949,0,ICAM1_ITGAX_ITGB2,ICAM1 - (ITGAX+ITGB2),ICAM,Cell-Cell Contact,PMID: 16252253
Stress-response,Inflammatory Mono-derived,ICAM1,ITGAX_ITGB2,0.0329056228665,0,ICAM1_ITGAX_ITGB2,ICAM1 - (ITGAX+ITGB2),ICAM,Cell-Cell Contact,PMID: 16252253
Classical Mono-derived,Lipid-associated,ICAM1,ITGAX_ITGB2,0.0158505446383535,0,ICAM1_ITGAX_ITGB2,ICAM1 - (ITGAX+ITGB2),ICAM,Cell-Cell Contact,PMID: 16252253
IFN-stimulated,Lipid-associated,ICAM1,ITGAX_ITGB2,0.0352171412319398,0,ICAM1_ITGAX_ITGB2,ICAM1 - (ITGAX+ITGB2),ICAM,Cell-Cell Contact,PMID: 16252253
Inflammatory Mono-derived,Lipid-associated,ICAM1,ITGAX_ITGB2,0.0250773365775367,0,ICAM1_ITGAX_ITGB2,ICAM1 - (ITGAX+ITGB2),ICAM,Cell-Cell Contact,PMID: 16252253
Lipid-associated,Lipid-associated,ICAM1,ITGAX_ITGB2,0.00880030325838547,0,ICAM1_ITGAX_ITGB2,ICAM1 - (ITGAX+ITGB2),ICAM,Cell-Cell Contact,PMID: 16252253
Proliferating,Lipid-associated,ICAM1,ITGAX_ITGB2,0.0107342260095985,0,ICAM1_ITGAX_ITGB2,ICAM1 - (ITGAX+ITGB2),ICAM,Cell-Cell Contact,PMID: 16252253
Resident M2,Lipid-associated,ICAM1,ITGAX_ITGB2,0.0350164190462305,0,ICAM1_ITGAX_ITGB2,ICAM1 - (ITGAX+ITGB2),ICAM,Cell-Cell Contact,PMID: 16252253
Stress-response,Lipid-associated,ICAM1,ITGAX_ITGB2,0.0210282483623489,0,ICAM1_ITGAX_ITGB2,ICAM1 - (ITGAX+ITGB2),ICAM,Cell-Cell Contact,PMID: 16252253
Classical Mono-derived,Resident M2,ICAM1,ITGAX_ITGB2,0.0218338597159991,0,ICAM1_ITGAX_ITGB2,ICAM1 - (ITGAX+ITGB2),ICAM,Cell-Cell Contact,PMID: 16252253
IFN-stimulated,Resident M2,ICAM1,ITGAX_ITGB2,0.0481533243506661,0,ICAM1_ITGAX_ITGB2,ICAM1 - (ITGAX+ITGB2),ICAM,Cell-Cell Contact,PMID: 16252253
Inflammatory Mono-derived,Resident M2,ICAM1,ITGAX_ITGB2,0.0344217904264317,0,ICAM1_ITGAX_ITGB2,ICAM1 - (ITGAX+ITGB2),ICAM,Cell-Cell Contact,PMID: 16252253
Lipid-associated,Resident M2,ICAM1,ITGAX_ITGB2,0.012155140385753,0,ICAM1_ITGAX_ITGB2,ICAM1 - (ITGAX+ITGB2),ICAM,Cell-Cell Contact,PMID: 16252253
Proliferating,Resident M2,ICAM1,ITGAX_ITGB2,0.0148152904847579,0,ICAM1_ITGAX_ITGB2,ICAM1 - (ITGAX+ITGB2),ICAM,Cell-Cell Contact,PMID: 16252253
Resident M2,Resident M2,ICAM1,ITGAX_ITGB2,0.0478825308960171,0,ICAM1_ITGAX_ITGB2,ICAM1 - (ITGAX+ITGB2),ICAM,Cell-Cell Contact,PMID: 16252253
Stress-response,Resident M2,ICAM1,ITGAX_ITGB2,0.0289086480022747,0,ICAM1_ITGAX_ITGB2,ICAM1 - (ITGAX+ITGB2),ICAM,Cell-Cell Contact,PMID: 16252253
Classical Mono-derived,Stress-response,ICAM1,ITGAX_ITGB2,0.0206693124423493,0,ICAM1_ITGAX_ITGB2,ICAM1 - (ITGAX+ITGB2),ICAM,Cell-Cell Contact,PMID: 16252253
IFN-stimulated,Stress-response,ICAM1,ITGAX_ITGB2,0.0456504965485053,0,ICAM1_ITGAX_ITGB2,ICAM1 - (ITGAX+ITGB2),ICAM,Cell-Cell Contact,PMID: 16252253
Inflammatory Mono-derived,Stress-response,ICAM1,ITGAX_ITGB2,0.0326082255740916,0,ICAM1_ITGAX_ITGB2,ICAM1 - (ITGAX+ITGB2),ICAM,Cell-Cell Contact,PMID: 16252253
Lipid-associated,Stress-response,ICAM1,ITGAX_ITGB2,0.0115007550404011,0,ICAM1_ITGAX_ITGB2,ICAM1 - (ITGAX+ITGB2),ICAM,Cell-Cell Contact,PMID: 16252253
Proliferating,Stress-response,ICAM1,ITGAX_ITGB2,0.0140197255341299,0,ICAM1_ITGAX_ITGB2,ICAM1 - (ITGAX+ITGB2),ICAM,Cell-Cell Contact,PMID: 16252253
Resident M2,Stress-response,ICAM1,ITGAX_ITGB2,0.0453931066927941,0,ICAM1_ITGAX_ITGB2,ICAM1 - (ITGAX+ITGB2),ICAM,Cell-Cell Contact,PMID: 16252253
Stress-response,Stress-response,ICAM1,ITGAX_ITGB2,0.0273773157860869,0,ICAM1_ITGAX_ITGB2,ICAM1 - (ITGAX+ITGB2),ICAM,Cell-Cell Contact,PMID: 16252253
Classical Mono-derived,CD8.EM,ICAM1,ITGAL_ITGB2,0.0112925542211993,0,ICAM1_ITGAL_ITGB2,ICAM1 - (ITGAL+ITGB2),ICAM,Cell-Cell Contact,KEGG: hsa04514
IFN-stimulated,CD8.EM,ICAM1,ITGAL_ITGB2,0.0252328695834992,0,ICAM1_ITGAL_ITGB2,ICAM1 - (ITGAL+ITGB2),ICAM,Cell-Cell Contact,KEGG: hsa04514
Inflammatory Mono-derived,CD8.EM,ICAM1,ITGAL_ITGB2,0.0179143823932083,0,ICAM1_ITGAL_ITGB2,ICAM1 - (ITGAL+ITGB2),ICAM,Cell-Cell Contact,KEGG: hsa04514
Lipid-associated,CD8.EM,ICAM1,ITGAL_ITGB2,0.00625679457920104,0,ICAM1_ITGAL_ITGB2,ICAM1 - (ITGAL+ITGB2),ICAM,Cell-Cell Contact,KEGG: hsa04514
Proliferating,CD8.EM,ICAM1,ITGAL_ITGB2,0.00763607117500562,0,ICAM1_ITGAL_ITGB2,ICAM1 - (ITGAL+ITGB2),ICAM,Cell-Cell Contact,KEGG: hsa04514
Resident M2,CD8.EM,ICAM1,ITGAL_ITGB2,0.0250875736018214,0,ICAM1_ITGAL_ITGB2,ICAM1 - (ITGAL+ITGB2),ICAM,Cell-Cell Contact,KEGG: hsa04514
Stress-response,CD8.EM,ICAM1,ITGAL_ITGB2,0.0150040542935255,0,ICAM1_ITGAL_ITGB2,ICAM1 - (ITGAL+ITGB2),ICAM,Cell-Cell Contact,KEGG: hsa04514
Classical Mono-derived,CD8.TEMRA,ICAM1,ITGAL_ITGB2,0.0143764853491183,0,ICAM1_ITGAL_ITGB2,ICAM1 - (ITGAL+ITGB2),ICAM,Cell-Cell Contact,KEGG: hsa04514
IFN-stimulated,CD8.TEMRA,ICAM1,ITGAL_ITGB2,0.0320006017055967,0,ICAM1_ITGAL_ITGB2,ICAM1 - (ITGAL+ITGB2),ICAM,Cell-Cell Contact,KEGG: hsa04514
Inflammatory Mono-derived,CD8.TEMRA,ICAM1,ITGAL_ITGB2,0.0227650582842879,0,ICAM1_ITGAL_ITGB2,ICAM1 - (ITGAL+ITGB2),ICAM,Cell-Cell Contact,KEGG: hsa04514
Lipid-associated,CD8.TEMRA,ICAM1,ITGAL_ITGB2,0.00797658390871658,0,ICAM1_ITGAL_ITGB2,ICAM1 - (ITGAL+ITGB2),ICAM,Cell-Cell Contact,KEGG: hsa04514
Proliferating,CD8.TEMRA,ICAM1,ITGAL_ITGB2,0.00973126625074882,0,ICAM1_ITGAL_ITGB2,ICAM1 - (ITGAL+ITGB2),ICAM,Cell-Cell Contact,KEGG: hsa04514
Resident M2,CD8.TEMRA,ICAM1,ITGAL_ITGB2,0.0318176077777763,0,ICAM1_ITGAL_ITGB2,ICAM1 - (ITGAL+ITGB2),ICAM,Cell-Cell Contact,KEGG: hsa04514
Stress-response,CD8.TEMRA,ICAM1,ITGAL_ITGB2,0.0190820123579927,0,ICAM1_ITGAL_ITGB2,ICAM1 - (ITGAL+ITGB2),ICAM,Cell-Cell Contact,KEGG: hsa04514
Classical Mono-derived,CD8.TEX,ICAM1,ITGAL_ITGB2,0.0100290616884361,0,ICAM1_ITGAL_ITGB2,ICAM1 - (ITGAL+ITGB2),ICAM,Cell-Cell Contact,KEGG: hsa04514
IFN-stimulated,CD8.TEX,ICAM1,ITGAL_ITGB2,0.0224450422287848,0,ICAM1_ITGAL_ITGB2,ICAM1 - (ITGAL+ITGB2),ICAM,Cell-Cell Contact,KEGG: hsa04514
Inflammatory Mono-derived,CD8.TEX,ICAM1,ITGAL_ITGB2,0.0159219231496868,0,ICAM1_ITGAL_ITGB2,ICAM1 - (ITGAL+ITGB2),ICAM,Cell-Cell Contact,KEGG: hsa04514
Lipid-associated,CD8.TEX,ICAM1,ITGAL_ITGB2,0.0055535743794506,0,ICAM1_ITGAL_ITGB2,ICAM1 - (ITGAL+ITGB2),ICAM,Cell-Cell Contact,KEGG: hsa04514
Proliferating,CD8.TEX,ICAM1,ITGAL_ITGB2,0.00677888736468027,0,ICAM1_ITGAL_ITGB2,ICAM1 - (ITGAL+ITGB2),ICAM,Cell-Cell Contact,KEGG: hsa04514
Resident M2,CD8.TEX,ICAM1,ITGAL_ITGB2,0.0223154316226187,0,ICAM1_ITGAL_ITGB2,ICAM1 - (ITGAL+ITGB2),ICAM,Cell-Cell Contact,KEGG: hsa04514
Stress-response,CD8.TEX,ICAM1,ITGAL_ITGB2,0.0133308914647632,0,ICAM1_ITGAL_ITGB2,ICAM1 - (ITGAL+ITGB2),ICAM,Cell-Cell Contact,KEGG: hsa04514
Classical Mono-derived,CD8.TPEX,ICAM1,ITGAL_ITGB2,0.00875736722220169,0,ICAM1_ITGAL_ITGB2,ICAM1 - (ITGAL+ITGB2),ICAM,Cell-Cell Contact,KEGG: hsa04514
IFN-stimulated,CD8.TPEX,ICAM1,ITGAL_ITGB2,0.0196302078012379,0,ICAM1_ITGAL_ITGB2,ICAM1 - (ITGAL+ITGB2),ICAM,Cell-Cell Contact,KEGG: hsa04514
Inflammatory Mono-derived,CD8.TPEX,ICAM1,ITGAL_ITGB2,0.0139135100823293,0,ICAM1_ITGAL_ITGB2,ICAM1 - (ITGAL+ITGB2),ICAM,Cell-Cell Contact,KEGG: hsa04514
Lipid-associated,CD8.TPEX,ICAM1,ITGAL_ITGB2,0.00484659763004076,0,ICAM1_ITGAL_ITGB2,ICAM1 - (ITGAL+ITGB2),ICAM,Cell-Cell Contact,KEGG: hsa04514
Proliferating,CD8.TPEX,ICAM1,ITGAL_ITGB2,0.00591685487505592,0,ICAM1_ITGAL_ITGB2,ICAM1 - (ITGAL+ITGB2),ICAM,Cell-Cell Contact,KEGG: hsa04514
Resident M2,CD8.TPEX,ICAM1,ITGAL_ITGB2,0.0195165271562375,0,ICAM1_ITGAL_ITGB2,ICAM1 - (ITGAL+ITGB2),ICAM,Cell-Cell Contact,KEGG: hsa04514
Stress-response,CD8.TPEX,ICAM1,ITGAL_ITGB2,0.0116454469262347,0,ICAM1_ITGAL_ITGB2,ICAM1 - (ITGAL+ITGB2),ICAM,Cell-Cell Contact,KEGG: hsa04514
CD8.NaiveLike,CD8.EM,ICAM2,ITGAL_ITGB2,0.0052981639399852,0,ICAM2_ITGAL_ITGB2,ICAM2 - (ITGAL+ITGB2),ICAM,Cell-Cell Contact,KEGG: hsa04514
CD8.NaiveLike,CD8.TEMRA,ICAM2,ITGAL_ITGB2,0.00675624834172033,0,ICAM2_ITGAL_ITGB2,ICAM2 - (ITGAL+ITGB2),ICAM,Cell-Cell Contact,KEGG: hsa04514
CD8.NaiveLike,CD8.TEX,ICAM2,ITGAL_ITGB2,0.00470217733909594,0,ICAM2_ITGAL_ITGB2,ICAM2 - (ITGAL+ITGB2),ICAM,Cell-Cell Contact,KEGG: hsa04514
CD8.NaiveLike,CD8.TPEX,ICAM2,ITGAL_ITGB2,0.00410313726735084,0,ICAM2_ITGAL_ITGB2,ICAM2 - (ITGAL+ITGB2),ICAM,Cell-Cell Contact,KEGG: hsa04514
Classical Mono-derived,Classical Mono-derived,ICAM1,ITGAM_ITGB2,0.0145263771208895,0,ICAM1_ITGAM_ITGB2,ICAM1 - (ITGAM+ITGB2),ICAM,Cell-Cell Contact,KEGG: hsa04514
IFN-stimulated,Classical Mono-derived,ICAM1,ITGAM_ITGB2,0.0323282185958032,0,ICAM1_ITGAM_ITGB2,ICAM1 - (ITGAM+ITGB2),ICAM,Cell-Cell Contact,KEGG: hsa04514
Inflammatory Mono-derived,Classical Mono-derived,ICAM1,ITGAM_ITGB2,0.0230003698255585,0,ICAM1_ITGAM_ITGB2,ICAM1 - (ITGAM+ITGB2),ICAM,Cell-Cell Contact,KEGG: hsa04514
Lipid-associated,Classical Mono-derived,ICAM1,ITGAM_ITGB2,0.0080602948595841,0,ICAM1_ITGAM_ITGB2,ICAM1 - (ITGAM+ITGB2),ICAM,Cell-Cell Contact,KEGG: hsa04514
Proliferating,Classical Mono-derived,ICAM1,ITGAM_ITGB2,0.00983320933622872,0,ICAM1_ITGAM_ITGB2,ICAM1 - (ITGAM+ITGB2),ICAM,Cell-Cell Contact,KEGG: hsa04514
Resident M2,Classical Mono-derived,ICAM1,ITGAM_ITGB2,0.0321434134165045,0,ICAM1_ITGAM_ITGB2,ICAM1 - (ITGAM+ITGB2),ICAM,Cell-Cell Contact,KEGG: hsa04514
Stress-response,Classical Mono-derived,ICAM1,ITGAM_ITGB2,0.019280005097664,0,ICAM1_ITGAM_ITGB2,ICAM1 - (ITGAM+ITGB2),ICAM,Cell-Cell Contact,KEGG: hsa04514
Classical Mono-derived,IFN-stimulated,ICAM1,ITGAM_ITGB2,0.0120491480245501,0,ICAM1_ITGAM_ITGB2,ICAM1 - (ITGAM+ITGB2),ICAM,Cell-Cell Contact,KEGG: hsa04514
IFN-stimulated,IFN-stimulated,ICAM1,ITGAM_ITGB2,0.0268980459680233,0,ICAM1_ITGAM_ITGB2,ICAM1 - (ITGAM+ITGB2),ICAM,Cell-Cell Contact,KEGG: hsa04514
Inflammatory Mono-derived,IFN-stimulated,ICAM1,ITGAM_ITGB2,0.0191060610104155,0,ICAM1_ITGAM_ITGB2,ICAM1 - (ITGAM+ITGB2),ICAM,Cell-Cell Contact,KEGG: hsa04514
Lipid-associated,IFN-stimulated,ICAM1,ITGAM_ITGB2,0.00667827469066406,0,ICAM1_ITGAM_ITGB2,ICAM1 - (ITGAM+ITGB2),ICAM,Cell-Cell Contact,KEGG: hsa04514
Proliferating,IFN-stimulated,ICAM1,ITGAM_ITGB2,0.00814970232124897,0,ICAM1_ITGAM_ITGB2,ICAM1 - (ITGAM+ITGB2),ICAM,Cell-Cell Contact,KEGG: hsa04514
Resident M2,IFN-stimulated,ICAM1,ITGAM_ITGB2,0.0267434246281018,0,ICAM1_ITGAM_ITGB2,ICAM1 - (ITGAM+ITGB2),ICAM,Cell-Cell Contact,KEGG: hsa04514
Stress-response,IFN-stimulated,ICAM1,ITGAM_ITGB2,0.0160052907298325,0,ICAM1_ITGAM_ITGB2,ICAM1 - (ITGAM+ITGB2),ICAM,Cell-Cell Contact,KEGG: hsa04514
Classical Mono-derived,Inflammatory Mono-derived,ICAM1,ITGAM_ITGB2,0.0130837429237959,0,ICAM1_ITGAM_ITGB2,ICAM1 - (ITGAM+ITGB2),ICAM,Cell-Cell Contact,KEGG: hsa04514
IFN-stimulated,Inflammatory Mono-derived,ICAM1,ITGAM_ITGB2,0.0291699899253563,0,ICAM1_ITGAM_ITGB2,ICAM1 - (ITGAM+ITGB2),ICAM,Cell-Cell Contact,KEGG: hsa04514
Inflammatory Mono-derived,Inflammatory Mono-derived,ICAM1,ITGAM_ITGB2,0.0207338780138834,0,ICAM1_ITGAM_ITGB2,ICAM1 - (ITGAM+ITGB2),ICAM,Cell-Cell Contact,KEGG: hsa04514
Lipid-associated,Inflammatory Mono-derived,ICAM1,ITGAM_ITGB2,0.00725508848564844,0,ICAM1_ITGAM_ITGB2,ICAM1 - (ITGAM+ITGB2),ICAM,Cell-Cell Contact,KEGG: hsa04514
Proliferating,Inflammatory Mono-derived,ICAM1,ITGAM_ITGB2,0.00885247316868899,0,ICAM1_ITGAM_ITGB2,ICAM1 - (ITGAM+ITGB2),ICAM,Cell-Cell Contact,KEGG: hsa04514
Resident M2,Inflammatory Mono-derived,ICAM1,ITGAM_ITGB2,0.0290026977390371,0,ICAM1_ITGAM_ITGB2,ICAM1 - (ITGAM+ITGB2),ICAM,Cell-Cell Contact,KEGG: hsa04514
Stress-response,Inflammatory Mono-derived,ICAM1,ITGAM_ITGB2,0.017373604456052,0,ICAM1_ITGAM_ITGB2,ICAM1 - (ITGAM+ITGB2),ICAM,Cell-Cell Contact,KEGG: hsa04514
Classical Mono-derived,Lipid-associated,ICAM1,ITGAM_ITGB2,0.011885216944763,0,ICAM1_ITGAM_ITGB2,ICAM1 - (ITGAM+ITGB2),ICAM,Cell-Cell Contact,KEGG: hsa04514
IFN-stimulated,Lipid-associated,ICAM1,ITGAM_ITGB2,0.0265375192027068,0,ICAM1_ITGAM_ITGB2,ICAM1 - (ITGAM+ITGB2),ICAM,Cell-Cell Contact,KEGG: hsa04514
Inflammatory Mono-derived,Lipid-associated,ICAM1,ITGAM_ITGB2,0.0188479508870277,0,ICAM1_ITGAM_ITGB2,ICAM1 - (ITGAM+ITGB2),ICAM,Cell-Cell Contact,KEGG: hsa04514
Lipid-associated,Lipid-associated,ICAM1,ITGAM_ITGB2,0.00658692823271369,0,ICAM1_ITGAM_ITGB2,ICAM1 - (ITGAM+ITGB2),ICAM,Cell-Cell Contact,KEGG: hsa04514
Proliferating,Lipid-associated,ICAM1,ITGAM_ITGB2,0.00803839232384127,0,ICAM1_ITGAM_ITGB2,ICAM1 - (ITGAM+ITGB2),ICAM,Cell-Cell Contact,KEGG: hsa04514
Resident M2,Lipid-associated,ICAM1,ITGAM_ITGB2,0.0263849141298797,0,ICAM1_ITGAM_ITGB2,ICAM1 - (ITGAM+ITGB2),ICAM,Cell-Cell Contact,KEGG: hsa04514
Stress-response,Lipid-associated,ICAM1,ITGAM_ITGB2,0.0157883956943227,0,ICAM1_ITGAM_ITGB2,ICAM1 - (ITGAM+ITGB2),ICAM,Cell-Cell Contact,KEGG: hsa04514
Classical Mono-derived,Resident M2,ICAM1,ITGAM_ITGB2,0.0122656847988722,0,ICAM1_ITGAM_ITGB2,ICAM1 - (ITGAM+ITGB2),ICAM,Cell-Cell Contact,KEGG: hsa04514
IFN-stimulated,Resident M2,ICAM1,ITGAM_ITGB2,0.0273740402870919,0,ICAM1_ITGAM_ITGB2,ICAM1 - (ITGAM+ITGB2),ICAM,Cell-Cell Contact,KEGG: hsa04514
Inflammatory Mono-derived,Resident M2,ICAM1,ITGAM_ITGB2,0.0194469221162888,0,ICAM1_ITGAM_ITGB2,ICAM1 - (ITGAM+ITGB2),ICAM,Cell-Cell Contact,KEGG: hsa04514
Lipid-associated,Resident M2,ICAM1,ITGAM_ITGB2,0.00679895505912232,0,ICAM1_ITGAM_ITGB2,ICAM1 - (ITGAM+ITGB2),ICAM,Cell-Cell Contact,KEGG: hsa04514
Proliferating,Resident M2,ICAM1,ITGAM_ITGB2,0.00829675016598226,0,ICAM1_ITGAM_ITGB2,ICAM1 - (ITGAM+ITGB2),ICAM,Cell-Cell Contact,KEGG: hsa04514
Resident M2,Resident M2,ICAM1,ITGAM_ITGB2,0.0272167592600285,0,ICAM1_ITGAM_ITGB2,ICAM1 - (ITGAM+ITGB2),ICAM,Cell-Cell Contact,KEGG: hsa04514
Stress-response,Resident M2,ICAM1,ITGAM_ITGB2,0.016291751438238,0,ICAM1_ITGAM_ITGB2,ICAM1 - (ITGAM+ITGB2),ICAM,Cell-Cell Contact,KEGG: hsa04514
Classical Mono-derived,Stress-response,ICAM1,ITGAM_ITGB2,0.0131041285651505,0,ICAM1_ITGAM_ITGB2,ICAM1 - (ITGAM+ITGB2),ICAM,Cell-Cell Contact,KEGG: hsa04514
IFN-stimulated,Stress-response,ICAM1,ITGAM_ITGB2,0.0292146974388874,0,ICAM1_ITGAM_ITGB2,ICAM1 - (ITGAM+ITGB2),ICAM,Cell-Cell Contact,KEGG: hsa04514
Inflammatory Mono-derived,Stress-response,ICAM1,ITGAM_ITGB2,0.0207659324468077,0,ICAM1_ITGAM_ITGB2,ICAM1 - (ITGAM+ITGB2),ICAM,Cell-Cell Contact,KEGG: hsa04514
Lipid-associated,Stress-response,ICAM1,ITGAM_ITGB2,0.00726645942789619,0,ICAM1_ITGAM_ITGB2,ICAM1 - (ITGAM+ITGB2),ICAM,Cell-Cell Contact,KEGG: hsa04514
Proliferating,Stress-response,ICAM1,ITGAM_ITGB2,0.0088663253413432,0,ICAM1_ITGAM_ITGB2,ICAM1 - (ITGAM+ITGB2),ICAM,Cell-Cell Contact,KEGG: hsa04514
Resident M2,Stress-response,ICAM1,ITGAM_ITGB2,0.0290471565229628,0,ICAM1_ITGAM_ITGB2,ICAM1 - (ITGAM+ITGB2),ICAM,Cell-Cell Contact,KEGG: hsa04514
Stress-response,Stress-response,ICAM1,ITGAM_ITGB2,0.0174005562382646,0,ICAM1_ITGAM_ITGB2,ICAM1 - (ITGAM+ITGB2),ICAM,Cell-Cell Contact,KEGG: hsa04514
CD8.NaiveLike,Classical Mono-derived,ICAM2,ITGAM_ITGB2,0.00682724051421096,0,ICAM2_ITGAM_ITGB2,ICAM2 - (ITGAM+ITGB2),ICAM,Cell-Cell Contact,KEGG: hsa04514
CD8.NaiveLike,IFN-stimulated,ICAM2,ITGAM_ITGB2,0.00565543476449488,0,ICAM2_ITGAM_ITGB2,ICAM2 - (ITGAM+ITGB2),ICAM,Cell-Cell Contact,KEGG: hsa04514
CD8.NaiveLike,Inflammatory Mono-derived,ICAM2,ITGAM_ITGB2,0.00614445063548627,0,ICAM2_ITGAM_ITGB2,ICAM2 - (ITGAM+ITGB2),ICAM,Cell-Cell Contact,KEGG: hsa04514
CD8.NaiveLike,Lipid-associated,ICAM2,ITGAM_ITGB2,0.00557800030275521,0,ICAM2_ITGAM_ITGB2,ICAM2 - (ITGAM+ITGB2),ICAM,Cell-Cell Contact,KEGG: hsa04514
CD8.NaiveLike,Resident M2,ICAM2,ITGAM_ITGB2,0.00575773894894026,0,ICAM2_ITGAM_ITGB2,ICAM2 - (ITGAM+ITGB2),ICAM,Cell-Cell Contact,KEGG: hsa04514
CD8.NaiveLike,Stress-response,ICAM2,ITGAM_ITGB2,0.00615409165936372,0,ICAM2_ITGAM_ITGB2,ICAM2 - (ITGAM+ITGB2),ICAM,Cell-Cell Contact,KEGG: hsa04514
Classical Mono-derived,CD8.EM,ICAM1,ITGAL,0.00541187756311713,0,ICAM1_ITGAL,ICAM1 - ITGAL,ICAM,Cell-Cell Contact,PMID: 23602662
IFN-stimulated,CD8.EM,ICAM1,ITGAL,0.012182122520408,0,ICAM1_ITGAL,ICAM1 - ITGAL,ICAM,Cell-Cell Contact,PMID: 23602662
Inflammatory Mono-derived,CD8.EM,ICAM1,ITGAL,0.00861539068199578,0,ICAM1_ITGAL,ICAM1 - ITGAL,ICAM,Cell-Cell Contact,PMID: 23602662
Lipid-associated,CD8.EM,ICAM1,ITGAL,0.00299059287887794,0,ICAM1_ITGAL,ICAM1 - ITGAL,ICAM,Cell-Cell Contact,PMID: 23602662
Proliferating,CD8.EM,ICAM1,ITGAL,0.00365249935622458,0,ICAM1_ITGAL,ICAM1 - ITGAL,ICAM,Cell-Cell Contact,PMID: 23602662
Resident M2,CD8.EM,ICAM1,ITGAL,0.0121110416971947,0,ICAM1_ITGAL,ICAM1 - ITGAL,ICAM,Cell-Cell Contact,PMID: 23602662
Stress-response,CD8.EM,ICAM1,ITGAL,0.00720467215432184,0,ICAM1_ITGAL,ICAM1 - ITGAL,ICAM,Cell-Cell Contact,PMID: 23602662
Classical Mono-derived,CD8.TEMRA,ICAM1,ITGAL,0.00780784996816983,0,ICAM1_ITGAL,ICAM1 - ITGAL,ICAM,Cell-Cell Contact,PMID: 23602662
IFN-stimulated,CD8.TEMRA,ICAM1,ITGAL,0.0175226428875347,0,ICAM1_ITGAL,ICAM1 - ITGAL,ICAM,Cell-Cell Contact,PMID: 23602662
Inflammatory Mono-derived,CD8.TEMRA,ICAM1,ITGAL,0.0124119384630434,0,ICAM1_ITGAL,ICAM1 - ITGAL,ICAM,Cell-Cell Contact,PMID: 23602662
Lipid-associated,CD8.TEMRA,ICAM1,ITGAL,0.00431925778670883,0,ICAM1_ITGAL,ICAM1 - ITGAL,ICAM,Cell-Cell Contact,PMID: 23602662
Proliferating,CD8.TEMRA,ICAM1,ITGAL,0.00527368152836991,0,ICAM1_ITGAL,ICAM1 - ITGAL,ICAM,Cell-Cell Contact,PMID: 23602662
Resident M2,CD8.TEMRA,ICAM1,ITGAL,0.0174209504951572,0,ICAM1_ITGAL,ICAM1 - ITGAL,ICAM,Cell-Cell Contact,PMID: 23602662
Stress-response,CD8.TEMRA,ICAM1,ITGAL,0.0103860707517579,0,ICAM1_ITGAL,ICAM1 - ITGAL,ICAM,Cell-Cell Contact,PMID: 23602662
Classical Mono-derived,CD8.TEX,ICAM1,ITGAL,0.00498984111949191,0,ICAM1_ITGAL,ICAM1 - ITGAL,ICAM,Cell-Cell Contact,PMID: 23602662
IFN-stimulated,CD8.TEX,ICAM1,ITGAL,0.0112380851855586,0,ICAM1_ITGAL,ICAM1 - ITGAL,ICAM,Cell-Cell Contact,PMID: 23602662
Inflammatory Mono-derived,CD8.TEX,ICAM1,ITGAL,0.00794552925236948,0,ICAM1_ITGAL,ICAM1 - ITGAL,ICAM,Cell-Cell Contact,PMID: 23602662
Lipid-associated,CD8.TEX,ICAM1,ITGAL,0.00275685299034671,0,ICAM1_ITGAL,ICAM1 - ITGAL,ICAM,Cell-Cell Contact,PMID: 23602662
Proliferating,CD8.TEX,ICAM1,ITGAL,0.003367200650781,0,ICAM1_ITGAL,ICAM1 - ITGAL,ICAM,Cell-Cell Contact,PMID: 23602662
Resident M2,CD8.TEX,ICAM1,ITGAL,0.0111724503756146,0,ICAM1_ITGAL,ICAM1 - ITGAL,ICAM,Cell-Cell Contact,PMID: 23602662
Stress-response,CD8.TEX,ICAM1,ITGAL,0.0066437614552629,0,ICAM1_ITGAL,ICAM1 - ITGAL,ICAM,Cell-Cell Contact,PMID: 23602662
Classical Mono-derived,CD8.TPEX,ICAM1,ITGAL,0.00419565225604978,0,ICAM1_ITGAL,ICAM1 - ITGAL,ICAM,Cell-Cell Contact,PMID: 23602662
IFN-stimulated,CD8.TPEX,ICAM1,ITGAL,0.00945887240631279,0,ICAM1_ITGAL,ICAM1 - ITGAL,ICAM,Cell-Cell Contact,PMID: 23602662
Inflammatory Mono-derived,CD8.TPEX,ICAM1,ITGAL,0.00668406981976708,0,ICAM1_ITGAL,ICAM1 - ITGAL,ICAM,Cell-Cell Contact,PMID: 23602662
Lipid-associated,CD8.TPEX,ICAM1,ITGAL,0.00231724140195558,0,ICAM1_ITGAL,ICAM1 - ITGAL,ICAM,Cell-Cell Contact,PMID: 23602662
Proliferating,CD8.TPEX,ICAM1,ITGAL,0.00283053842988478,0,ICAM1_ITGAL,ICAM1 - ITGAL,ICAM,Cell-Cell Contact,PMID: 23602662
Resident M2,CD8.TPEX,ICAM1,ITGAL,0.00940353006892062,0,ICAM1_ITGAL,ICAM1 - ITGAL,ICAM,Cell-Cell Contact,PMID: 23602662
Stress-response,CD8.TPEX,ICAM1,ITGAL,0.00558781103618321,0,ICAM1_ITGAL,ICAM1 - ITGAL,ICAM,Cell-Cell Contact,PMID: 23602662
Classical Mono-derived,CD8.MAIT,ICAM1,SPN,0.00435669191757267,0,ICAM1_SPN,ICAM1 - SPN,ICAM,Cell-Cell Contact,PMID: 1683685
IFN-stimulated,CD8.MAIT,ICAM1,SPN,0.00981993552548304,0,ICAM1_SPN,ICAM1 - SPN,ICAM,Cell-Cell Contact,PMID: 1683685
Inflammatory Mono-derived,CD8.MAIT,ICAM1,SPN,0.00693995555162809,0,ICAM1_SPN,ICAM1 - SPN,ICAM,Cell-Cell Contact,PMID: 1683685
Lipid-associated,CD8.MAIT,ICAM1,SPN,0.00240635716631728,0,ICAM1_SPN,ICAM1 - SPN,ICAM,Cell-Cell Contact,PMID: 1683685
Proliferating,CD8.MAIT,ICAM1,SPN,0.00293933625716266,0,ICAM1_SPN,ICAM1 - SPN,ICAM,Cell-Cell Contact,PMID: 1683685
Resident M2,CD8.MAIT,ICAM1,SPN,0.0097625014864329,0,ICAM1_SPN,ICAM1 - SPN,ICAM,Cell-Cell Contact,PMID: 1683685
Stress-response,CD8.MAIT,ICAM1,SPN,0.00580197391287008,0,ICAM1_SPN,ICAM1 - SPN,ICAM,Cell-Cell Contact,PMID: 1683685
Classical Mono-derived,CD8.TEMRA,ICAM1,SPN,0.00465449914323655,0,ICAM1_SPN,ICAM1 - SPN,ICAM,Cell-Cell Contact,PMID: 1683685
IFN-stimulated,CD8.TEMRA,ICAM1,SPN,0.0104872561556938,0,ICAM1_SPN,ICAM1 - SPN,ICAM,Cell-Cell Contact,PMID: 1683685
Inflammatory Mono-derived,CD8.TEMRA,ICAM1,SPN,0.00741303031593428,0,ICAM1_SPN,ICAM1 - SPN,ICAM,Cell-Cell Contact,PMID: 1683685
Lipid-associated,CD8.TEMRA,ICAM1,SPN,0.00257119106069203,0,ICAM1_SPN,ICAM1 - SPN,ICAM,Cell-Cell Contact,PMID: 1683685
Proliferating,CD8.TEMRA,ICAM1,SPN,0.00314056393664617,0,ICAM1_SPN,ICAM1 - SPN,ICAM,Cell-Cell Contact,PMID: 1683685
Resident M2,CD8.TEMRA,ICAM1,SPN,0.0104259602418698,0,ICAM1_SPN,ICAM1 - SPN,ICAM,Cell-Cell Contact,PMID: 1683685
Stress-response,CD8.TEMRA,ICAM1,SPN,0.00619796022912778,0,ICAM1_SPN,ICAM1 - SPN,ICAM,Cell-Cell Contact,PMID: 1683685
Classical Mono-derived,CD8.TEX,ICAM1,SPN,0.00562173380535906,0,ICAM1_SPN,ICAM1 - SPN,ICAM,Cell-Cell Contact,PMID: 1683685
IFN-stimulated,CD8.TEX,ICAM1,SPN,0.0126511690047819,0,ICAM1_SPN,ICAM1 - SPN,ICAM,Cell-Cell Contact,PMID: 1683685
Inflammatory Mono-derived,CD8.TEX,ICAM1,SPN,0.00894835183753427,0,ICAM1_SPN,ICAM1 - SPN,ICAM,Cell-Cell Contact,PMID: 1683685
Lipid-associated,CD8.TEX,ICAM1,SPN,0.00310685231479324,0,ICAM1_SPN,ICAM1 - SPN,ICAM,Cell-Cell Contact,PMID: 1683685
Proliferating,CD8.TEX,ICAM1,SPN,0.00379439250810915,0,ICAM1_SPN,ICAM1 - SPN,ICAM,Cell-Cell Contact,PMID: 1683685
Resident M2,CD8.TEX,ICAM1,SPN,0.0125773862134905,0,ICAM1_SPN,ICAM1 - SPN,ICAM,Cell-Cell Contact,PMID: 1683685
Stress-response,CD8.TEX,ICAM1,SPN,0.00748352446891789,0,ICAM1_SPN,ICAM1 - SPN,ICAM,Cell-Cell Contact,PMID: 1683685
Classical Mono-derived,CD8.TPEX,ICAM1,SPN,0.00529687703984467,0,ICAM1_SPN,ICAM1 - SPN,ICAM,Cell-Cell Contact,PMID: 1683685
IFN-stimulated,CD8.TPEX,ICAM1,SPN,0.0119249815641992,0,ICAM1_SPN,ICAM1 - SPN,ICAM,Cell-Cell Contact,PMID: 1683685
Inflammatory Mono-derived,CD8.TPEX,ICAM1,SPN,0.00843289379540042,0,ICAM1_SPN,ICAM1 - SPN,ICAM,Cell-Cell Contact,PMID: 1683685
Lipid-associated,CD8.TPEX,ICAM1,SPN,0.00292689240397766,0,ICAM1_SPN,ICAM1 - SPN,ICAM,Cell-Cell Contact,PMID: 1683685
Proliferating,CD8.TPEX,ICAM1,SPN,0.00357475063683827,0,ICAM1_SPN,ICAM1 - SPN,ICAM,Cell-Cell Contact,PMID: 1683685
Resident M2,CD8.TPEX,ICAM1,SPN,0.0118553831122479,0,ICAM1_SPN,ICAM1 - SPN,ICAM,Cell-Cell Contact,PMID: 1683685
Stress-response,CD8.TPEX,ICAM1,SPN,0.00705184547787265,0,ICAM1_SPN,ICAM1 - SPN,ICAM,Cell-Cell Contact,PMID: 1683685
Classical Mono-derived,Classical Mono-derived,ICAM1,SPN,0.00325624454263108,0,ICAM1_SPN,ICAM1 - SPN,ICAM,Cell-Cell Contact,PMID: 1683685
IFN-stimulated,Classical Mono-derived,ICAM1,SPN,0.00734972590685716,0,ICAM1_SPN,ICAM1 - SPN,ICAM,Cell-Cell Contact,PMID: 1683685
Inflammatory Mono-derived,Classical Mono-derived,ICAM1,SPN,0.00519040877698156,0,ICAM1_SPN,ICAM1 - SPN,ICAM,Cell-Cell Contact,PMID: 1683685
Lipid-associated,Classical Mono-derived,ICAM1,SPN,0.00179765116834191,0,ICAM1_SPN,ICAM1 - SPN,ICAM,Cell-Cell Contact,PMID: 1683685
Proliferating,Classical Mono-derived,ICAM1,SPN,0.00219610601732648,0,ICAM1_SPN,ICAM1 - SPN,ICAM,Cell-Cell Contact,PMID: 1683685
Resident M2,Classical Mono-derived,ICAM1,SPN,0.00730663281869687,0,ICAM1_SPN,ICAM1 - SPN,ICAM,Cell-Cell Contact,PMID: 1683685
Stress-response,Classical Mono-derived,ICAM1,SPN,0.00433805647258364,0,ICAM1_SPN,ICAM1 - SPN,ICAM,Cell-Cell Contact,PMID: 1683685
Classical Mono-derived,Inflammatory Mono-derived,ICAM1,SPN,0.00319211450651004,0,ICAM1_SPN,ICAM1 - SPN,ICAM,Cell-Cell Contact,PMID: 1683685
IFN-stimulated,Inflammatory Mono-derived,ICAM1,SPN,0.00720555969515845,0,ICAM1_SPN,ICAM1 - SPN,ICAM,Cell-Cell Contact,PMID: 1683685
Inflammatory Mono-derived,Inflammatory Mono-derived,ICAM1,SPN,0.00508838084775112,0,ICAM1_SPN,ICAM1 - SPN,ICAM,Cell-Cell Contact,PMID: 1683685
Lipid-associated,Inflammatory Mono-derived,ICAM1,SPN,0.00176219658052192,0,ICAM1_SPN,ICAM1 - SPN,ICAM,Cell-Cell Contact,PMID: 1683685
Proliferating,Inflammatory Mono-derived,ICAM1,SPN,0.00215280976085724,0,ICAM1_SPN,ICAM1 - SPN,ICAM,Cell-Cell Contact,PMID: 1683685
Resident M2,Inflammatory Mono-derived,ICAM1,SPN,0.0071633057859453,0,ICAM1_SPN,ICAM1 - SPN,ICAM,Cell-Cell Contact,PMID: 1683685
Stress-response,Inflammatory Mono-derived,ICAM1,SPN,0.00425271161842687,0,ICAM1_SPN,ICAM1 - SPN,ICAM,Cell-Cell Contact,PMID: 1683685
Classical Mono-derived,Stress-response,ICAM1,SPN,0.00376397440032819,0,ICAM1_SPN,ICAM1 - SPN,ICAM,Cell-Cell Contact,PMID: 1683685
IFN-stimulated,Stress-response,ICAM1,SPN,0.00849029489987252,0,ICAM1_SPN,ICAM1 - SPN,ICAM,Cell-Cell Contact,PMID: 1683685
Inflammatory Mono-derived,Stress-response,ICAM1,SPN,0.00599790836411726,0,ICAM1_SPN,ICAM1 - SPN,ICAM,Cell-Cell Contact,PMID: 1683685
Lipid-associated,Stress-response,ICAM1,SPN,0.00207842412929663,0,ICAM1_SPN,ICAM1 - SPN,ICAM,Cell-Cell Contact,PMID: 1683685
Proliferating,Stress-response,ICAM1,SPN,0.0025389548647084,0,ICAM1_SPN,ICAM1 - SPN,ICAM,Cell-Cell Contact,PMID: 1683685
Resident M2,Stress-response,ICAM1,SPN,0.00844057126390324,0,ICAM1_SPN,ICAM1 - SPN,ICAM,Cell-Cell Contact,PMID: 1683685
Stress-response,Stress-response,ICAM1,SPN,0.00501361936367658,0,ICAM1_SPN,ICAM1 - SPN,ICAM,Cell-Cell Contact,PMID: 1683685
CD8.CM,CD8.CM,LCK,CD8 receptor,0.0517656289076526,0,LCK_CD8A_CD8B1,LCK - (CD8A+CD8B1),LCK,Cell-Cell Contact,PMID: 25427562
CD8.EM,CD8.CM,LCK,CD8 receptor,0.0578067752486932,0,LCK_CD8A_CD8B1,LCK - (CD8A+CD8B1),LCK,Cell-Cell Contact,PMID: 25427562
CD8.NaiveLike,CD8.CM,LCK,CD8 receptor,0.0482295241035235,0,LCK_CD8A_CD8B1,LCK - (CD8A+CD8B1),LCK,Cell-Cell Contact,PMID: 25427562
CD8.TEX,CD8.CM,LCK,CD8 receptor,0.0697998219078508,0,LCK_CD8A_CD8B1,LCK - (CD8A+CD8B1),LCK,Cell-Cell Contact,PMID: 25427562
CD8.TPEX,CD8.CM,LCK,CD8 receptor,0.0552444571912268,0,LCK_CD8A_CD8B1,LCK - (CD8A+CD8B1),LCK,Cell-Cell Contact,PMID: 25427562
CD8.CM,CD8.EM,LCK,CD8 receptor,0.0558534985722913,0,LCK_CD8A_CD8B1,LCK - (CD8A+CD8B1),LCK,Cell-Cell Contact,PMID: 25427562
CD8.EM,CD8.EM,LCK,CD8 receptor,0.0623403432185899,0,LCK_CD8A_CD8B1,LCK - (CD8A+CD8B1),LCK,Cell-Cell Contact,PMID: 25427562
CD8.MAIT,CD8.EM,LCK,CD8 receptor,0.0479662732821573,0,LCK_CD8A_CD8B1,LCK - (CD8A+CD8B1),LCK,Cell-Cell Contact,PMID: 25427562
CD8.NaiveLike,CD8.EM,LCK,CD8 receptor,0.0520534808433507,0,LCK_CD8A_CD8B1,LCK - (CD8A+CD8B1),LCK,Cell-Cell Contact,PMID: 25427562
CD8.TEMRA,CD8.EM,LCK,CD8 receptor,0.0513475005702138,0.01,LCK_CD8A_CD8B1,LCK - (CD8A+CD8B1),LCK,Cell-Cell Contact,PMID: 25427562
CD8.TEX,CD8.EM,LCK,CD8 receptor,0.075198890121165,0,LCK_CD8A_CD8B1,LCK - (CD8A+CD8B1),LCK,Cell-Cell Contact,PMID: 25427562
CD8.TPEX,CD8.EM,LCK,CD8 receptor,0.0595897816277724,0,LCK_CD8A_CD8B1,LCK - (CD8A+CD8B1),LCK,Cell-Cell Contact,PMID: 25427562
CD8.CM,CD8.NaiveLike,LCK,CD8 receptor,0.0491740977248194,0,LCK_CD8A_CD8B1,LCK - (CD8A+CD8B1),LCK,Cell-Cell Contact,PMID: 25427562
CD8.EM,CD8.NaiveLike,LCK,CD8 receptor,0.054930327364903,0,LCK_CD8A_CD8B1,LCK - (CD8A+CD8B1),LCK,Cell-Cell Contact,PMID: 25427562
CD8.TEX,CD8.NaiveLike,LCK,CD8 receptor,0.0663686404583872,0,LCK_CD8A_CD8B1,LCK - (CD8A+CD8B1),LCK,Cell-Cell Contact,PMID: 25427562
CD8.TPEX,CD8.NaiveLike,LCK,CD8 receptor,0.0524884066135186,0,LCK_CD8A_CD8B1,LCK - (CD8A+CD8B1),LCK,Cell-Cell Contact,PMID: 25427562
CD8.CM,CD8.TEMRA,LCK,CD8 receptor,0.057957213723215,0,LCK_CD8A_CD8B1,LCK - (CD8A+CD8B1),LCK,Cell-Cell Contact,PMID: 25427562
CD8.EM,CD8.TEMRA,LCK,CD8 receptor,0.0646716488474159,0,LCK_CD8A_CD8B1,LCK - (CD8A+CD8B1),LCK,Cell-Cell Contact,PMID: 25427562
CD8.MAIT,CD8.TEMRA,LCK,CD8 receptor,0.0497885828124759,0.03,LCK_CD8A_CD8B1,LCK - (CD8A+CD8B1),LCK,Cell-Cell Contact,PMID: 25427562
CD8.NaiveLike,CD8.TEMRA,LCK,CD8 receptor,0.0540222582589416,0,LCK_CD8A_CD8B1,LCK - (CD8A+CD8B1),LCK,Cell-Cell Contact,PMID: 25427562
CD8.TEMRA,CD8.TEMRA,LCK,CD8 receptor,0.0532910773568412,0.04,LCK_CD8A_CD8B1,LCK - (CD8A+CD8B1),LCK,Cell-Cell Contact,PMID: 25427562
CD8.TEX,CD8.TEMRA,LCK,CD8 receptor,0.0779710731586756,0,LCK_CD8A_CD8B1,LCK - (CD8A+CD8B1),LCK,Cell-Cell Contact,PMID: 25427562
CD8.TPEX,CD8.TEMRA,LCK,CD8 receptor,0.0618250082976107,0,LCK_CD8A_CD8B1,LCK - (CD8A+CD8B1),LCK,Cell-Cell Contact,PMID: 25427562
CD8.CM,CD8.TEX,LCK,CD8 receptor,0.0552772195895507,0,LCK_CD8A_CD8B1,LCK - (CD8A+CD8B1),LCK,Cell-Cell Contact,PMID: 25427562
CD8.EM,CD8.TEX,LCK,CD8 receptor,0.0617015089301138,0,LCK_CD8A_CD8B1,LCK - (CD8A+CD8B1),LCK,Cell-Cell Contact,PMID: 25427562
CD8.MAIT,CD8.TEX,LCK,CD8 receptor,0.0474672809279729,0,LCK_CD8A_CD8B1,LCK - (CD8A+CD8B1),LCK,Cell-Cell Contact,PMID: 25427562
CD8.NaiveLike,CD8.TEX,LCK,CD8 receptor,0.0515142700350503,0,LCK_CD8A_CD8B1,LCK - (CD8A+CD8B1),LCK,Cell-Cell Contact,PMID: 25427562
CD8.TEMRA,CD8.TEX,LCK,CD8 receptor,0.0508152108369121,0.01,LCK_CD8A_CD8B1,LCK - (CD8A+CD8B1),LCK,Cell-Cell Contact,PMID: 25427562
CD8.TEX,CD8.TEX,LCK,CD8 receptor,0.0744387483353865,0,LCK_CD8A_CD8B1,LCK - (CD8A+CD8B1),LCK,Cell-Cell Contact,PMID: 25427562
CD8.TPEX,CD8.TEX,LCK,CD8 receptor,0.0589773609059709,0,LCK_CD8A_CD8B1,LCK - (CD8A+CD8B1),LCK,Cell-Cell Contact,PMID: 25427562
CD8.CM,CD8.TPEX,LCK,CD8 receptor,0.0484896214545902,0,LCK_CD8A_CD8B1,LCK - (CD8A+CD8B1),LCK,Cell-Cell Contact,PMID: 25427562
CD8.EM,CD8.TPEX,LCK,CD8 receptor,0.0541702923431013,0,LCK_CD8A_CD8B1,LCK - (CD8A+CD8B1),LCK,Cell-Cell Contact,PMID: 25427562
CD8.NaiveLike,CD8.TPEX,LCK,CD8 receptor,0.0451666410363808,0.04,LCK_CD8A_CD8B1,LCK - (CD8A+CD8B1),LCK,Cell-Cell Contact,PMID: 25427562
CD8.TEX,CD8.TPEX,LCK,CD8 receptor,0.0654613033416167,0,LCK_CD8A_CD8B1,LCK - (CD8A+CD8B1),LCK,Cell-Cell Contact,PMID: 25427562
CD8.TPEX,CD8.TPEX,LCK,CD8 receptor,0.0517603083655426,0,LCK_CD8A_CD8B1,LCK - (CD8A+CD8B1),LCK,Cell-Cell Contact,PMID: 25427562
CD8.CM,CD8.CM,HLA-A,CD8A,0.205811189307038,0,HLA-A_CD8A,HLA-A - CD8A,MHC-I,Cell-Cell Contact,KEGG: hsa04514
CD8.EM,CD8.CM,HLA-A,CD8A,0.215390233373082,0,HLA-A_CD8A,HLA-A - CD8A,MHC-I,Cell-Cell Contact,KEGG: hsa04514
CD8.MAIT,CD8.CM,HLA-A,CD8A,0.204176216104553,0,HLA-A_CD8A,HLA-A - CD8A,MHC-I,Cell-Cell Contact,KEGG: hsa04514
CD8.NaiveLike,CD8.CM,HLA-A,CD8A,0.198385361111979,0,HLA-A_CD8A,HLA-A - CD8A,MHC-I,Cell-Cell Contact,KEGG: hsa04514
CD8.TEMRA,CD8.CM,HLA-A,CD8A,0.20950437415869,0,HLA-A_CD8A,HLA-A - CD8A,MHC-I,Cell-Cell Contact,KEGG: hsa04514
CD8.TEX,CD8.CM,HLA-A,CD8A,0.216419056321832,0,HLA-A_CD8A,HLA-A - CD8A,MHC-I,Cell-Cell Contact,KEGG: hsa04514
CD8.TPEX,CD8.CM,HLA-A,CD8A,0.212654081254535,0,HLA-A_CD8A,HLA-A - CD8A,MHC-I,Cell-Cell Contact,KEGG: hsa04514
IFN-stimulated,CD8.CM,HLA-A,CD8A,0.203867634375524,0,HLA-A_CD8A,HLA-A - CD8A,MHC-I,Cell-Cell Contact,KEGG: hsa04514
Lipid-associated,CD8.CM,HLA-A,CD8A,0.204633907332943,0,HLA-A_CD8A,HLA-A - CD8A,MHC-I,Cell-Cell Contact,KEGG: hsa04514
CD8.CM,CD8.EM,HLA-A,CD8A,0.219618244550121,0,HLA-A_CD8A,HLA-A - CD8A,MHC-I,Cell-Cell Contact,KEGG: hsa04514
CD8.EM,CD8.EM,HLA-A,CD8A,0.229654083414668,0,HLA-A_CD8A,HLA-A - CD8A,MHC-I,Cell-Cell Contact,KEGG: hsa04514
CD8.MAIT,CD8.EM,HLA-A,CD8A,0.217903681739242,0,HLA-A_CD8A,HLA-A - CD8A,MHC-I,Cell-Cell Contact,KEGG: hsa04514
CD8.NaiveLike,CD8.EM,HLA-A,CD8A,0.21182711943384,0,HLA-A_CD8A,HLA-A - CD8A,MHC-I,Cell-Cell Contact,KEGG: hsa04514
CD8.TEMRA,CD8.EM,HLA-A,CD8A,0.223489469052363,0,HLA-A_CD8A,HLA-A - CD8A,MHC-I,Cell-Cell Contact,KEGG: hsa04514
CD8.TEX,CD8.EM,HLA-A,CD8A,0.230731002745061,0,HLA-A_CD8A,HLA-A - CD8A,MHC-I,Cell-Cell Contact,KEGG: hsa04514
CD8.TPEX,CD8.EM,HLA-A,CD8A,0.226789108749584,0,HLA-A_CD8A,HLA-A - CD8A,MHC-I,Cell-Cell Contact,KEGG: hsa04514
Classical Mono-derived,CD8.EM,HLA-A,CD8A,0.204945969485042,0,HLA-A_CD8A,HLA-A - CD8A,MHC-I,Cell-Cell Contact,KEGG: hsa04514
IFN-stimulated,CD8.EM,HLA-A,CD8A,0.217580025283007,0,HLA-A_CD8A,HLA-A - CD8A,MHC-I,Cell-Cell Contact,KEGG: hsa04514
Inflammatory Mono-derived,CD8.EM,HLA-A,CD8A,0.199862897482202,0,HLA-A_CD8A,HLA-A - CD8A,MHC-I,Cell-Cell Contact,KEGG: hsa04514
Lipid-associated,CD8.EM,HLA-A,CD8A,0.218383700864443,0,HLA-A_CD8A,HLA-A - CD8A,MHC-I,Cell-Cell Contact,KEGG: hsa04514
Proliferating,CD8.EM,HLA-A,CD8A,0.200474693569831,0,HLA-A_CD8A,HLA-A - CD8A,MHC-I,Cell-Cell Contact,KEGG: hsa04514
Resident M2,CD8.EM,HLA-A,CD8A,0.204700162352445,0,HLA-A_CD8A,HLA-A - CD8A,MHC-I,Cell-Cell Contact,KEGG: hsa04514
Stress-response,CD8.EM,HLA-A,CD8A,0.20696204290628,0,HLA-A_CD8A,HLA-A - CD8A,MHC-I,Cell-Cell Contact,KEGG: hsa04514
CD8.EM,CD8.MAIT,HLA-A,CD8A,0.207242407438715,0,HLA-A_CD8A,HLA-A - CD8A,MHC-I,Cell-Cell Contact,KEGG: hsa04514
CD8.TEX,CD8.MAIT,HLA-A,CD8A,0.208242641196176,0,HLA-A_CD8A,HLA-A - CD8A,MHC-I,Cell-Cell Contact,KEGG: hsa04514
CD8.TPEX,CD8.MAIT,HLA-A,CD8A,0.204582771005311,0,HLA-A_CD8A,HLA-A - CD8A,MHC-I,Cell-Cell Contact,KEGG: hsa04514
CD8.CM,CD8.TEMRA,HLA-A,CD8A,0.21938096597674,0,HLA-A_CD8A,HLA-A - CD8A,MHC-I,Cell-Cell Contact,KEGG: hsa04514
CD8.EM,CD8.TEMRA,HLA-A,CD8A,0.229409149462481,0,HLA-A_CD8A,HLA-A - CD8A,MHC-I,Cell-Cell Contact,KEGG: hsa04514
CD8.MAIT,CD8.TEMRA,HLA-A,CD8A,0.217667738912629,0.01,HLA-A_CD8A,HLA-A - CD8A,MHC-I,Cell-Cell Contact,KEGG: hsa04514
CD8.TEMRA,CD8.TEMRA,HLA-A,CD8A,0.223249204478384,0,HLA-A_CD8A,HLA-A - CD8A,MHC-I,Cell-Cell Contact,KEGG: hsa04514
CD8.TEX,CD8.TEMRA,HLA-A,CD8A,0.230485263870719,0,HLA-A_CD8A,HLA-A - CD8A,MHC-I,Cell-Cell Contact,KEGG: hsa04514
CD8.TPEX,CD8.TEMRA,HLA-A,CD8A,0.226546331790175,0,HLA-A_CD8A,HLA-A - CD8A,MHC-I,Cell-Cell Contact,KEGG: hsa04514
IFN-stimulated,CD8.TEMRA,HLA-A,CD8A,0.217344335516687,0.02,HLA-A_CD8A,HLA-A - CD8A,MHC-I,Cell-Cell Contact,KEGG: hsa04514
Lipid-associated,CD8.TEMRA,HLA-A,CD8A,0.218147383254478,0.01,HLA-A_CD8A,HLA-A - CD8A,MHC-I,Cell-Cell Contact,KEGG: hsa04514
CD8.CM,CD8.TEX,HLA-A,CD8A,0.226693972602146,0,HLA-A_CD8A,HLA-A - CD8A,MHC-I,Cell-Cell Contact,KEGG: hsa04514
CD8.EM,CD8.TEX,HLA-A,CD8A,0.236954970994617,0,HLA-A_CD8A,HLA-A - CD8A,MHC-I,Cell-Cell Contact,KEGG: hsa04514
CD8.MAIT,CD8.TEX,HLA-A,CD8A,0.224940092149447,0,HLA-A_CD8A,HLA-A - CD8A,MHC-I,Cell-Cell Contact,KEGG: hsa04514
CD8.NaiveLike,CD8.TEX,HLA-A,CD8A,0.218722184596331,0,HLA-A_CD8A,HLA-A - CD8A,MHC-I,Cell-Cell Contact,KEGG: hsa04514
CD8.TEMRA,CD8.TEX,HLA-A,CD8A,0.230653057342728,0,HLA-A_CD8A,HLA-A - CD8A,MHC-I,Cell-Cell Contact,KEGG: hsa04514
CD8.TEX,CD8.TEX,HLA-A,CD8A,0.238055546661338,0,HLA-A_CD8A,HLA-A - CD8A,MHC-I,Cell-Cell Contact,KEGG: hsa04514
CD8.TPEX,CD8.TEX,HLA-A,CD8A,0.234026586010117,0,HLA-A_CD8A,HLA-A - CD8A,MHC-I,Cell-Cell Contact,KEGG: hsa04514
Classical Mono-derived,CD8.TEX,HLA-A,CD8A,0.211677205035618,0,HLA-A_CD8A,HLA-A - CD8A,MHC-I,Cell-Cell Contact,KEGG: hsa04514
IFN-stimulated,CD8.TEX,HLA-A,CD8A,0.224608985875761,0,HLA-A_CD8A,HLA-A - CD8A,MHC-I,Cell-Cell Contact,KEGG: hsa04514
Inflammatory Mono-derived,CD8.TEX,HLA-A,CD8A,0.206470540252894,0,HLA-A_CD8A,HLA-A - CD8A,MHC-I,Cell-Cell Contact,KEGG: hsa04514
Lipid-associated,CD8.TEX,HLA-A,CD8A,0.225431143901918,0,HLA-A_CD8A,HLA-A - CD8A,MHC-I,Cell-Cell Contact,KEGG: hsa04514
Proliferating,CD8.TEX,HLA-A,CD8A,0.207097327681589,0,HLA-A_CD8A,HLA-A - CD8A,MHC-I,Cell-Cell Contact,KEGG: hsa04514
Resident M2,CD8.TEX,HLA-A,CD8A,0.211425471519147,0,HLA-A_CD8A,HLA-A - CD8A,MHC-I,Cell-Cell Contact,KEGG: hsa04514
Stress-response,CD8.TEX,HLA-A,CD8A,0.21374169286729,0,HLA-A_CD8A,HLA-A - CD8A,MHC-I,Cell-Cell Contact,KEGG: hsa04514
CD8.CM,CD8.TPEX,HLA-A,CD8A,0.207722068801007,0,HLA-A_CD8A,HLA-A - CD8A,MHC-I,Cell-Cell Contact,KEGG: hsa04514
CD8.EM,CD8.TPEX,HLA-A,CD8A,0.217365708829056,0,HLA-A_CD8A,HLA-A - CD8A,MHC-I,Cell-Cell Contact,KEGG: hsa04514
CD8.MAIT,CD8.TPEX,HLA-A,CD8A,0.206075854417548,0,HLA-A_CD8A,HLA-A - CD8A,MHC-I,Cell-Cell Contact,KEGG: hsa04514
CD8.NaiveLike,CD8.TPEX,HLA-A,CD8A,0.200244678452508,0.04,HLA-A_CD8A,HLA-A - CD8A,MHC-I,Cell-Cell Contact,KEGG: hsa04514
CD8.TEMRA,CD8.TPEX,HLA-A,CD8A,0.211440414350732,0,HLA-A_CD8A,HLA-A - CD8A,MHC-I,Cell-Cell Contact,KEGG: hsa04514
CD8.TEX,CD8.TPEX,HLA-A,CD8A,0.218401341178523,0,HLA-A_CD8A,HLA-A - CD8A,MHC-I,Cell-Cell Contact,KEGG: hsa04514
CD8.TPEX,CD8.TPEX,HLA-A,CD8A,0.21461132590626,0,HLA-A_CD8A,HLA-A - CD8A,MHC-I,Cell-Cell Contact,KEGG: hsa04514
IFN-stimulated,CD8.TPEX,HLA-A,CD8A,0.205765143989614,0,HLA-A_CD8A,HLA-A - CD8A,MHC-I,Cell-Cell Contact,KEGG: hsa04514
Lipid-associated,CD8.TPEX,HLA-A,CD8A,0.206536698823063,0,HLA-A_CD8A,HLA-A - CD8A,MHC-I,Cell-Cell Contact,KEGG: hsa04514
CD8.CM,CD8.CM,HLA-B,CD8A,0.207733686627812,0,HLA-B_CD8A,HLA-B - CD8A,MHC-I,Cell-Cell Contact,KEGG: hsa04514
CD8.EM,CD8.CM,HLA-B,CD8A,0.212233076046932,0,HLA-B_CD8A,HLA-B - CD8A,MHC-I,Cell-Cell Contact,KEGG: hsa04514
CD8.MAIT,CD8.CM,HLA-B,CD8A,0.204966693032797,0,HLA-B_CD8A,HLA-B - CD8A,MHC-I,Cell-Cell Contact,KEGG: hsa04514
CD8.NaiveLike,CD8.CM,HLA-B,CD8A,0.196311496281299,0,HLA-B_CD8A,HLA-B - CD8A,MHC-I,Cell-Cell Contact,KEGG: hsa04514
CD8.TEMRA,CD8.CM,HLA-B,CD8A,0.210236815658946,0,HLA-B_CD8A,HLA-B - CD8A,MHC-I,Cell-Cell Contact,KEGG: hsa04514
CD8.TEX,CD8.CM,HLA-B,CD8A,0.21324003564059,0,HLA-B_CD8A,HLA-B - CD8A,MHC-I,Cell-Cell Contact,KEGG: hsa04514
CD8.TPEX,CD8.CM,HLA-B,CD8A,0.212072407559685,0,HLA-B_CD8A,HLA-B - CD8A,MHC-I,Cell-Cell Contact,KEGG: hsa04514
Classical Mono-derived,CD8.CM,HLA-B,CD8A,0.202624936769859,0,HLA-B_CD8A,HLA-B - CD8A,MHC-I,Cell-Cell Contact,KEGG: hsa04514
IFN-stimulated,CD8.CM,HLA-B,CD8A,0.209725025845096,0,HLA-B_CD8A,HLA-B - CD8A,MHC-I,Cell-Cell Contact,KEGG: hsa04514
Inflammatory Mono-derived,CD8.CM,HLA-B,CD8A,0.195852901921809,0,HLA-B_CD8A,HLA-B - CD8A,MHC-I,Cell-Cell Contact,KEGG: hsa04514
Lipid-associated,CD8.CM,HLA-B,CD8A,0.206342499113406,0,HLA-B_CD8A,HLA-B - CD8A,MHC-I,Cell-Cell Contact,KEGG: hsa04514
Proliferating,CD8.CM,HLA-B,CD8A,0.199045427007424,0,HLA-B_CD8A,HLA-B - CD8A,MHC-I,Cell-Cell Contact,KEGG: hsa04514
Resident M2,CD8.CM,HLA-B,CD8A,0.200514552671441,0,HLA-B_CD8A,HLA-B - CD8A,MHC-I,Cell-Cell Contact,KEGG: hsa04514
Stress-response,CD8.CM,HLA-B,CD8A,0.199564535945558,0,HLA-B_CD8A,HLA-B - CD8A,MHC-I,Cell-Cell Contact,KEGG: hsa04514
CD8.CM,CD8.EM,HLA-B,CD8A,0.221633722255471,0,HLA-B_CD8A,HLA-B - CD8A,MHC-I,Cell-Cell Contact,KEGG: hsa04514
CD8.EM,CD8.EM,HLA-B,CD8A,0.226348164423891,0,HLA-B_CD8A,HLA-B - CD8A,MHC-I,Cell-Cell Contact,KEGG: hsa04514
CD8.MAIT,CD8.EM,HLA-B,CD8A,0.218732697793778,0,HLA-B_CD8A,HLA-B - CD8A,MHC-I,Cell-Cell Contact,KEGG: hsa04514
CD8.NaiveLike,CD8.EM,HLA-B,CD8A,0.209649488045928,0,HLA-B_CD8A,HLA-B - CD8A,MHC-I,Cell-Cell Contact,KEGG: hsa04514
CD8.TEMRA,CD8.EM,HLA-B,CD8A,0.224256932906974,0,HLA-B_CD8A,HLA-B - CD8A,MHC-I,Cell-Cell Contact,KEGG: hsa04514
CD8.TEX,CD8.EM,HLA-B,CD8A,0.227402762200388,0,HLA-B_CD8A,HLA-B - CD8A,MHC-I,Cell-Cell Contact,KEGG: hsa04514
CD8.TPEX,CD8.EM,HLA-B,CD8A,0.226179878294325,0,HLA-B_CD8A,HLA-B - CD8A,MHC-I,Cell-Cell Contact,KEGG: hsa04514
Classical Mono-derived,CD8.EM,HLA-B,CD8A,0.216276449004461,0,HLA-B_CD8A,HLA-B - CD8A,MHC-I,Cell-Cell Contact,KEGG: hsa04514
IFN-stimulated,CD8.EM,HLA-B,CD8A,0.223720681391107,0,HLA-B_CD8A,HLA-B - CD8A,MHC-I,Cell-Cell Contact,KEGG: hsa04514
Inflammatory Mono-derived,CD8.EM,HLA-B,CD8A,0.209167844658465,0,HLA-B_CD8A,HLA-B - CD8A,MHC-I,Cell-Cell Contact,KEGG: hsa04514
Lipid-associated,CD8.EM,HLA-B,CD8A,0.220175316277852,0,HLA-B_CD8A,HLA-B - CD8A,MHC-I,Cell-Cell Contact,KEGG: hsa04514
Proliferating,CD8.EM,HLA-B,CD8A,0.212520051805756,0,HLA-B_CD8A,HLA-B - CD8A,MHC-I,Cell-Cell Contact,KEGG: hsa04514
Resident M2,CD8.EM,HLA-B,CD8A,0.214062051722146,0,HLA-B_CD8A,HLA-B - CD8A,MHC-I,Cell-Cell Contact,KEGG: hsa04514
Stress-response,CD8.EM,HLA-B,CD8A,0.21306495428027,0,HLA-B_CD8A,HLA-B - CD8A,MHC-I,Cell-Cell Contact,KEGG: hsa04514
CD8.CM,CD8.MAIT,HLA-B,CD8A,0.199801738645732,0.02,HLA-B_CD8A,HLA-B - CD8A,MHC-I,Cell-Cell Contact,KEGG: hsa04514
CD8.EM,CD8.MAIT,HLA-B,CD8A,0.204173601365754,0,HLA-B_CD8A,HLA-B - CD8A,MHC-I,Cell-Cell Contact,KEGG: hsa04514
CD8.TEX,CD8.MAIT,HLA-B,CD8A,0.205152280310871,0,HLA-B_CD8A,HLA-B - CD8A,MHC-I,Cell-Cell Contact,KEGG: hsa04514
CD8.TPEX,CD8.MAIT,HLA-B,CD8A,0.204017454072359,0,HLA-B_CD8A,HLA-B - CD8A,MHC-I,Cell-Cell Contact,KEGG: hsa04514
IFN-stimulated,CD8.MAIT,HLA-B,CD8A,0.201736403208075,0,HLA-B_CD8A,HLA-B - CD8A,MHC-I,Cell-Cell Contact,KEGG: hsa04514
CD8.CM,CD8.TEMRA,HLA-B,CD8A,0.221394883904754,0,HLA-B_CD8A,HLA-B - CD8A,MHC-I,Cell-Cell Contact,KEGG: hsa04514
CD8.EM,CD8.TEMRA,HLA-B,CD8A,0.226105721460961,0,HLA-B_CD8A,HLA-B - CD8A,MHC-I,Cell-Cell Contact,KEGG: hsa04514
CD8.MAIT,CD8.TEMRA,HLA-B,CD8A,0.218496108098586,0,HLA-B_CD8A,HLA-B - CD8A,MHC-I,Cell-Cell Contact,KEGG: hsa04514
CD8.TEMRA,CD8.TEMRA,HLA-B,CD8A,0.224016081288287,0,HLA-B_CD8A,HLA-B - CD8A,MHC-I,Cell-Cell Contact,KEGG: hsa04514
CD8.TEX,CD8.TEMRA,HLA-B,CD8A,0.227159521320022,0,HLA-B_CD8A,HLA-B - CD8A,MHC-I,Cell-Cell Contact,KEGG: hsa04514
CD8.TPEX,CD8.TEMRA,HLA-B,CD8A,0.225937562942781,0,HLA-B_CD8A,HLA-B - CD8A,MHC-I,Cell-Cell Contact,KEGG: hsa04514
Classical Mono-derived,CD8.TEMRA,HLA-B,CD8A,0.216041781411944,0.02,HLA-B_CD8A,HLA-B - CD8A,MHC-I,Cell-Cell Contact,KEGG: hsa04514
IFN-stimulated,CD8.TEMRA,HLA-B,CD8A,0.223480239787787,0,HLA-B_CD8A,HLA-B - CD8A,MHC-I,Cell-Cell Contact,KEGG: hsa04514
Lipid-associated,CD8.TEMRA,HLA-B,CD8A,0.219937605462975,0,HLA-B_CD8A,HLA-B - CD8A,MHC-I,Cell-Cell Contact,KEGG: hsa04514
Resident M2,CD8.TEMRA,HLA-B,CD8A,0.213829131282613,0.04,HLA-B_CD8A,HLA-B - CD8A,MHC-I,Cell-Cell Contact,KEGG: hsa04514
CD8.CM,CD8.TEX,HLA-B,CD8A,0.228755350938333,0,HLA-B_CD8A,HLA-B - CD8A,MHC-I,Cell-Cell Contact,KEGG: hsa04514
CD8.EM,CD8.TEX,HLA-B,CD8A,0.233575820791415,0,HLA-B_CD8A,HLA-B - CD8A,MHC-I,Cell-Cell Contact,KEGG: hsa04514
CD8.MAIT,CD8.TEX,HLA-B,CD8A,0.225788149860668,0,HLA-B_CD8A,HLA-B - CD8A,MHC-I,Cell-Cell Contact,KEGG: hsa04514
CD8.NaiveLike,CD8.TEX,HLA-B,CD8A,0.216493140261688,0,HLA-B_CD8A,HLA-B - CD8A,MHC-I,Cell-Cell Contact,KEGG: hsa04514
CD8.TEMRA,CD8.TEX,HLA-B,CD8A,0.231437789060523,0,HLA-B_CD8A,HLA-B - CD8A,MHC-I,Cell-Cell Contact,KEGG: hsa04514
CD8.TEX,CD8.TEX,HLA-B,CD8A,0.234653879698049,0,HLA-B_CD8A,HLA-B - CD8A,MHC-I,Cell-Cell Contact,KEGG: hsa04514
CD8.TPEX,CD8.TEX,HLA-B,CD8A,0.233403782198217,0,HLA-B_CD8A,HLA-B - CD8A,MHC-I,Cell-Cell Contact,KEGG: hsa04514
Classical Mono-derived,CD8.TEX,HLA-B,CD8A,0.223275314705368,0,HLA-B_CD8A,HLA-B - CD8A,MHC-I,Cell-Cell Contact,KEGG: hsa04514
IFN-stimulated,CD8.TEX,HLA-B,CD8A,0.230889477170107,0,HLA-B_CD8A,HLA-B - CD8A,MHC-I,Cell-Cell Contact,KEGG: hsa04514
Inflammatory Mono-derived,CD8.TEX,HLA-B,CD8A,0.216000071328654,0,HLA-B_CD8A,HLA-B - CD8A,MHC-I,Cell-Cell Contact,KEGG: hsa04514
Lipid-associated,CD8.TEX,HLA-B,CD8A,0.227263765425335,0,HLA-B_CD8A,HLA-B - CD8A,MHC-I,Cell-Cell Contact,KEGG: hsa04514
Proliferating,CD8.TEX,HLA-B,CD8A,0.219431392721139,0,HLA-B_CD8A,HLA-B - CD8A,MHC-I,Cell-Cell Contact,KEGG: hsa04514
Resident M2,CD8.TEX,HLA-B,CD8A,0.221009465826221,0,HLA-B_CD8A,HLA-B - CD8A,MHC-I,Cell-Cell Contact,KEGG: hsa04514
Stress-response,CD8.TEX,HLA-B,CD8A,0.219989065479998,0,HLA-B_CD8A,HLA-B - CD8A,MHC-I,Cell-Cell Contact,KEGG: hsa04514
CD8.CM,CD8.TPEX,HLA-B,CD8A,0.209657703657956,0,HLA-B_CD8A,HLA-B - CD8A,MHC-I,Cell-Cell Contact,KEGG: hsa04514
CD8.EM,CD8.TPEX,HLA-B,CD8A,0.214187499926839,0,HLA-B_CD8A,HLA-B - CD8A,MHC-I,Cell-Cell Contact,KEGG: hsa04514
CD8.MAIT,CD8.TPEX,HLA-B,CD8A,0.206871774090468,0,HLA-B_CD8A,HLA-B - CD8A,MHC-I,Cell-Cell Contact,KEGG: hsa04514
CD8.TEMRA,CD8.TPEX,HLA-B,CD8A,0.212177807630743,0,HLA-B_CD8A,HLA-B - CD8A,MHC-I,Cell-Cell Contact,KEGG: hsa04514
CD8.TEX,CD8.TPEX,HLA-B,CD8A,0.215201199294592,0,HLA-B_CD8A,HLA-B - CD8A,MHC-I,Cell-Cell Contact,KEGG: hsa04514
CD8.TPEX,CD8.TPEX,HLA-B,CD8A,0.214025753846822,0,HLA-B_CD8A,HLA-B - CD8A,MHC-I,Cell-Cell Contact,KEGG: hsa04514
Classical Mono-derived,CD8.TPEX,HLA-B,CD8A,0.204513851151231,0,HLA-B_CD8A,HLA-B - CD8A,MHC-I,Cell-Cell Contact,KEGG: hsa04514
IFN-stimulated,CD8.TPEX,HLA-B,CD8A,0.211662559114763,0,HLA-B_CD8A,HLA-B - CD8A,MHC-I,Cell-Cell Contact,KEGG: hsa04514
Lipid-associated,CD8.TPEX,HLA-B,CD8A,0.208257018054791,0,HLA-B_CD8A,HLA-B - CD8A,MHC-I,Cell-Cell Contact,KEGG: hsa04514
Proliferating,CD8.TPEX,HLA-B,CD8A,0.200909380172446,0,HLA-B_CD8A,HLA-B - CD8A,MHC-I,Cell-Cell Contact,KEGG: hsa04514
Resident M2,CD8.TPEX,HLA-B,CD8A,0.202388787082222,0,HLA-B_CD8A,HLA-B - CD8A,MHC-I,Cell-Cell Contact,KEGG: hsa04514
Stress-response,CD8.TPEX,HLA-B,CD8A,0.201432127748657,0,HLA-B_CD8A,HLA-B - CD8A,MHC-I,Cell-Cell Contact,KEGG: hsa04514
CD8.CM,CD8.CM,HLA-C,CD8A,0.18815516934992,0,HLA-C_CD8A,HLA-C - CD8A,MHC-I,Cell-Cell Contact,KEGG: hsa04514
CD8.EM,CD8.CM,HLA-C,CD8A,0.195114233120301,0,HLA-C_CD8A,HLA-C - CD8A,MHC-I,Cell-Cell Contact,KEGG: hsa04514
CD8.MAIT,CD8.CM,HLA-C,CD8A,0.186293285570981,0,HLA-C_CD8A,HLA-C - CD8A,MHC-I,Cell-Cell Contact,KEGG: hsa04514
CD8.TEMRA,CD8.CM,HLA-C,CD8A,0.206205670933427,0,HLA-C_CD8A,HLA-C - CD8A,MHC-I,Cell-Cell Contact,KEGG: hsa04514
CD8.TEX,CD8.CM,HLA-C,CD8A,0.201524559629531,0,HLA-C_CD8A,HLA-C - CD8A,MHC-I,Cell-Cell Contact,KEGG: hsa04514
CD8.TPEX,CD8.CM,HLA-C,CD8A,0.191935244875756,0,HLA-C_CD8A,HLA-C - CD8A,MHC-I,Cell-Cell Contact,KEGG: hsa04514
Classical Mono-derived,CD8.CM,HLA-C,CD8A,0.183995476454035,0,HLA-C_CD8A,HLA-C - CD8A,MHC-I,Cell-Cell Contact,KEGG: hsa04514
IFN-stimulated,CD8.CM,HLA-C,CD8A,0.187530049009305,0,HLA-C_CD8A,HLA-C - CD8A,MHC-I,Cell-Cell Contact,KEGG: hsa04514
CD8.CM,CD8.EM,HLA-C,CD8A,0.201077644365342,0,HLA-C_CD8A,HLA-C - CD8A,MHC-I,Cell-Cell Contact,KEGG: hsa04514
CD8.EM,CD8.EM,HLA-C,CD8A,0.208391971711152,0,HLA-C_CD8A,HLA-C - CD8A,MHC-I,Cell-Cell Contact,KEGG: hsa04514
CD8.MAIT,CD8.EM,HLA-C,CD8A,0.199119249968254,0,HLA-C_CD8A,HLA-C - CD8A,MHC-I,Cell-Cell Contact,KEGG: hsa04514
CD8.NaiveLike,CD8.EM,HLA-C,CD8A,0.188398174275328,0,HLA-C_CD8A,HLA-C - CD8A,MHC-I,Cell-Cell Contact,KEGG: hsa04514
CD8.TEMRA,CD8.EM,HLA-C,CD8A,0.220031858412282,0,HLA-C_CD8A,HLA-C - CD8A,MHC-I,Cell-Cell Contact,KEGG: hsa04514
CD8.TEX,CD8.EM,HLA-C,CD8A,0.215121936805751,0,HLA-C_CD8A,HLA-C - CD8A,MHC-I,Cell-Cell Contact,KEGG: hsa04514
CD8.TPEX,CD8.EM,HLA-C,CD8A,0.205051762723326,0,HLA-C_CD8A,HLA-C - CD8A,MHC-I,Cell-Cell Contact,KEGG: hsa04514
Classical Mono-derived,CD8.EM,HLA-C,CD8A,0.196701483263923,0,HLA-C_CD8A,HLA-C - CD8A,MHC-I,Cell-Cell Contact,KEGG: hsa04514
IFN-stimulated,CD8.EM,HLA-C,CD8A,0.200420189752932,0,HLA-C_CD8A,HLA-C - CD8A,MHC-I,Cell-Cell Contact,KEGG: hsa04514
Inflammatory Mono-derived,CD8.EM,HLA-C,CD8A,0.182615196830692,0,HLA-C_CD8A,HLA-C - CD8A,MHC-I,Cell-Cell Contact,KEGG: hsa04514
Lipid-associated,CD8.EM,HLA-C,CD8A,0.18739619489949,0,HLA-C_CD8A,HLA-C - CD8A,MHC-I,Cell-Cell Contact,KEGG: hsa04514
Proliferating,CD8.EM,HLA-C,CD8A,0.187612172606318,0,HLA-C_CD8A,HLA-C - CD8A,MHC-I,Cell-Cell Contact,KEGG: hsa04514
Resident M2,CD8.EM,HLA-C,CD8A,0.190047842886,0,HLA-C_CD8A,HLA-C - CD8A,MHC-I,Cell-Cell Contact,KEGG: hsa04514
Stress-response,CD8.EM,HLA-C,CD8A,0.188690652737203,0,HLA-C_CD8A,HLA-C - CD8A,MHC-I,Cell-Cell Contact,KEGG: hsa04514
CD8.EM,CD8.MAIT,HLA-C,CD8A,0.187550070060383,0,HLA-C_CD8A,HLA-C - CD8A,MHC-I,Cell-Cell Contact,KEGG: hsa04514
CD8.TEMRA,CD8.MAIT,HLA-C,CD8A,0.1983174629333,0,HLA-C_CD8A,HLA-C - CD8A,MHC-I,Cell-Cell Contact,KEGG: hsa04514
CD8.TEX,CD8.MAIT,HLA-C,CD8A,0.19377171038299,0,HLA-C_CD8A,HLA-C - CD8A,MHC-I,Cell-Cell Contact,KEGG: hsa04514
CD8.TPEX,CD8.MAIT,HLA-C,CD8A,0.184466079315764,0,HLA-C_CD8A,HLA-C - CD8A,MHC-I,Cell-Cell Contact,KEGG: hsa04514
CD8.CM,CD8.TEMRA,HLA-C,CD8A,0.200855241583991,0,HLA-C_CD8A,HLA-C - CD8A,MHC-I,Cell-Cell Contact,KEGG: hsa04514
CD8.EM,CD8.TEMRA,HLA-C,CD8A,0.208163586791887,0,HLA-C_CD8A,HLA-C - CD8A,MHC-I,Cell-Cell Contact,KEGG: hsa04514
CD8.MAIT,CD8.TEMRA,HLA-C,CD8A,0.198898474010809,0.01,HLA-C_CD8A,HLA-C - CD8A,MHC-I,Cell-Cell Contact,KEGG: hsa04514
CD8.TEMRA,CD8.TEMRA,HLA-C,CD8A,0.219794258826735,0,HLA-C_CD8A,HLA-C - CD8A,MHC-I,Cell-Cell Contact,KEGG: hsa04514
CD8.TEX,CD8.TEMRA,HLA-C,CD8A,0.214888178427227,0,HLA-C_CD8A,HLA-C - CD8A,MHC-I,Cell-Cell Contact,KEGG: hsa04514
CD8.TPEX,CD8.TEMRA,HLA-C,CD8A,0.204826091284068,0,HLA-C_CD8A,HLA-C - CD8A,MHC-I,Cell-Cell Contact,KEGG: hsa04514
Classical Mono-derived,CD8.TEMRA,HLA-C,CD8A,0.196482730363385,0.04,HLA-C_CD8A,HLA-C - CD8A,MHC-I,Cell-Cell Contact,KEGG: hsa04514
IFN-stimulated,CD8.TEMRA,HLA-C,CD8A,0.200198331931187,0,HLA-C_CD8A,HLA-C - CD8A,MHC-I,Cell-Cell Contact,KEGG: hsa04514
CD8.CM,CD8.TEX,HLA-C,CD8A,0.207715022071314,0,HLA-C_CD8A,HLA-C - CD8A,MHC-I,Cell-Cell Contact,KEGG: hsa04514
CD8.EM,CD8.TEX,HLA-C,CD8A,0.215205751865829,0,HLA-C_CD8A,HLA-C - CD8A,MHC-I,Cell-Cell Contact,KEGG: hsa04514
CD8.MAIT,CD8.TEX,HLA-C,CD8A,0.205708627864015,0,HLA-C_CD8A,HLA-C - CD8A,MHC-I,Cell-Cell Contact,KEGG: hsa04514
CD8.NaiveLike,CD8.TEX,HLA-C,CD8A,0.194719023795197,0,HLA-C_CD8A,HLA-C - CD8A,MHC-I,Cell-Cell Contact,KEGG: hsa04514
CD8.TEMRA,CD8.TEX,HLA-C,CD8A,0.227117034111649,0,HLA-C_CD8A,HLA-C - CD8A,MHC-I,Cell-Cell Contact,KEGG: hsa04514
CD8.TEX,CD8.TEX,HLA-C,CD8A,0.222094029078299,0,HLA-C_CD8A,HLA-C - CD8A,MHC-I,Cell-Cell Contact,KEGG: hsa04514
CD8.TPEX,CD8.TEX,HLA-C,CD8A,0.211785547363988,0,HLA-C_CD8A,HLA-C - CD8A,MHC-I,Cell-Cell Contact,KEGG: hsa04514
Classical Mono-derived,CD8.TEX,HLA-C,CD8A,0.20323115428561,0,HLA-C_CD8A,HLA-C - CD8A,MHC-I,Cell-Cell Contact,KEGG: hsa04514
IFN-stimulated,CD8.TEX,HLA-C,CD8A,0.207041489598754,0,HLA-C_CD8A,HLA-C - CD8A,MHC-I,Cell-Cell Contact,KEGG: hsa04514
Inflammatory Mono-derived,CD8.TEX,HLA-C,CD8A,0.188787156162749,0,HLA-C_CD8A,HLA-C - CD8A,MHC-I,Cell-Cell Contact,KEGG: hsa04514
Lipid-associated,CD8.TEX,HLA-C,CD8A,0.193691450310311,0,HLA-C_CD8A,HLA-C - CD8A,MHC-I,Cell-Cell Contact,KEGG: hsa04514
Proliferating,CD8.TEX,HLA-C,CD8A,0.193912952051305,0,HLA-C_CD8A,HLA-C - CD8A,MHC-I,Cell-Cell Contact,KEGG: hsa04514
Resident M2,CD8.TEX,HLA-C,CD8A,0.196410645360998,0,HLA-C_CD8A,HLA-C - CD8A,MHC-I,Cell-Cell Contact,KEGG: hsa04514
Stress-response,CD8.TEX,HLA-C,CD8A,0.195018957144506,0,HLA-C_CD8A,HLA-C - CD8A,MHC-I,Cell-Cell Contact,KEGG: hsa04514
CD8.CM,CD8.TPEX,HLA-C,CD8A,0.189941325364899,0,HLA-C_CD8A,HLA-C - CD8A,MHC-I,Cell-Cell Contact,KEGG: hsa04514
CD8.EM,CD8.TPEX,HLA-C,CD8A,0.196950425017805,0,HLA-C_CD8A,HLA-C - CD8A,MHC-I,Cell-Cell Contact,KEGG: hsa04514
CD8.MAIT,CD8.TPEX,HLA-C,CD8A,0.188065861156531,0,HLA-C_CD8A,HLA-C - CD8A,MHC-I,Cell-Cell Contact,KEGG: hsa04514
CD8.TEMRA,CD8.TPEX,HLA-C,CD8A,0.208119253243494,0,HLA-C_CD8A,HLA-C - CD8A,MHC-I,Cell-Cell Contact,KEGG: hsa04514
CD8.TEX,CD8.TPEX,HLA-C,CD8A,0.203405832799089,0,HLA-C_CD8A,HLA-C - CD8A,MHC-I,Cell-Cell Contact,KEGG: hsa04514
CD8.TPEX,CD8.TPEX,HLA-C,CD8A,0.193748721268064,0,HLA-C_CD8A,HLA-C - CD8A,MHC-I,Cell-Cell Contact,KEGG: hsa04514
Classical Mono-derived,CD8.TPEX,HLA-C,CD8A,0.185751179420484,0,HLA-C_CD8A,HLA-C - CD8A,MHC-I,Cell-Cell Contact,KEGG: hsa04514
IFN-stimulated,CD8.TPEX,HLA-C,CD8A,0.189311654553424,0,HLA-C_CD8A,HLA-C - CD8A,MHC-I,Cell-Cell Contact,KEGG: hsa04514
CD8.CM,CD8.CM,HLA-E,CD8A,0.158776383471331,0,HLA-E_CD8A,HLA-E - CD8A,MHC-I,Cell-Cell Contact,KEGG: hsa04514
CD8.EM,CD8.CM,HLA-E,CD8A,0.164550631081331,0,HLA-E_CD8A,HLA-E - CD8A,MHC-I,Cell-Cell Contact,KEGG: hsa04514
CD8.MAIT,CD8.CM,HLA-E,CD8A,0.159219379510222,0,HLA-E_CD8A,HLA-E - CD8A,MHC-I,Cell-Cell Contact,KEGG: hsa04514
CD8.NaiveLike,CD8.CM,HLA-E,CD8A,0.158534093508586,0,HLA-E_CD8A,HLA-E - CD8A,MHC-I,Cell-Cell Contact,KEGG: hsa04514
CD8.TEMRA,CD8.CM,HLA-E,CD8A,0.168798574416849,0,HLA-E_CD8A,HLA-E - CD8A,MHC-I,Cell-Cell Contact,KEGG: hsa04514
CD8.TEX,CD8.CM,HLA-E,CD8A,0.155111502450648,0,HLA-E_CD8A,HLA-E - CD8A,MHC-I,Cell-Cell Contact,KEGG: hsa04514
CD8.TPEX,CD8.CM,HLA-E,CD8A,0.151287724046641,0,HLA-E_CD8A,HLA-E - CD8A,MHC-I,Cell-Cell Contact,KEGG: hsa04514
IFN-stimulated,CD8.CM,HLA-E,CD8A,0.150172493849856,0,HLA-E_CD8A,HLA-E - CD8A,MHC-I,Cell-Cell Contact,KEGG: hsa04514
Resident M2,CD8.CM,HLA-E,CD8A,0.148336796854626,0,HLA-E_CD8A,HLA-E - CD8A,MHC-I,Cell-Cell Contact,KEGG: hsa04514
CD8.CM,CD8.EM,HLA-E,CD8A,0.170103897360914,0,HLA-E_CD8A,HLA-E - CD8A,MHC-I,Cell-Cell Contact,KEGG: hsa04514
CD8.EM,CD8.EM,HLA-E,CD8A,0.176203807076601,0,HLA-E_CD8A,HLA-E - CD8A,MHC-I,Cell-Cell Contact,KEGG: hsa04514
CD8.MAIT,CD8.EM,HLA-E,CD8A,0.170572089539173,0,HLA-E_CD8A,HLA-E - CD8A,MHC-I,Cell-Cell Contact,KEGG: hsa04514
CD8.NaiveLike,CD8.EM,HLA-E,CD8A,0.16984781186943,0,HLA-E_CD8A,HLA-E - CD8A,MHC-I,Cell-Cell Contact,KEGG: hsa04514
CD8.TEMRA,CD8.EM,HLA-E,CD8A,0.180687519411186,0,HLA-E_CD8A,HLA-E - CD8A,MHC-I,Cell-Cell Contact,KEGG: hsa04514
CD8.TEX,CD8.EM,HLA-E,CD8A,0.16622922029921,0,HLA-E_CD8A,HLA-E - CD8A,MHC-I,Cell-Cell Contact,KEGG: hsa04514
CD8.TPEX,CD8.EM,HLA-E,CD8A,0.162183980649622,0,HLA-E_CD8A,HLA-E - CD8A,MHC-I,Cell-Cell Contact,KEGG: hsa04514
Classical Mono-derived,CD8.EM,HLA-E,CD8A,0.150259414537188,0,HLA-E_CD8A,HLA-E - CD8A,MHC-I,Cell-Cell Contact,KEGG: hsa04514
IFN-stimulated,CD8.EM,HLA-E,CD8A,0.161003665269723,0,HLA-E_CD8A,HLA-E - CD8A,MHC-I,Cell-Cell Contact,KEGG: hsa04514
Lipid-associated,CD8.EM,HLA-E,CD8A,0.150457475359256,0,HLA-E_CD8A,HLA-E - CD8A,MHC-I,Cell-Cell Contact,KEGG: hsa04514
Proliferating,CD8.EM,HLA-E,CD8A,0.147883447025834,0,HLA-E_CD8A,HLA-E - CD8A,MHC-I,Cell-Cell Contact,KEGG: hsa04514
Resident M2,CD8.EM,HLA-E,CD8A,0.159060349775653,0,HLA-E_CD8A,HLA-E - CD8A,MHC-I,Cell-Cell Contact,KEGG: hsa04514
CD8.CM,CD8.MAIT,HLA-E,CD8A,0.152354305241334,0,HLA-E_CD8A,HLA-E - CD8A,MHC-I,Cell-Cell Contact,KEGG: hsa04514
CD8.EM,CD8.MAIT,HLA-E,CD8A,0.157938849339127,0,HLA-E_CD8A,HLA-E - CD8A,MHC-I,Cell-Cell Contact,KEGG: hsa04514
CD8.MAIT,CD8.MAIT,HLA-E,CD8A,0.152782637539069,0,HLA-E_CD8A,HLA-E - CD8A,MHC-I,Cell-Cell Contact,KEGG: hsa04514
CD8.NaiveLike,CD8.MAIT,HLA-E,CD8A,0.152120043108357,0,HLA-E_CD8A,HLA-E - CD8A,MHC-I,Cell-Cell Contact,KEGG: hsa04514
CD8.TEMRA,CD8.MAIT,HLA-E,CD8A,0.162049214118226,0,HLA-E_CD8A,HLA-E - CD8A,MHC-I,Cell-Cell Contact,KEGG: hsa04514
CD8.TEX,CD8.MAIT,HLA-E,CD8A,0.148811436294335,0.02,HLA-E_CD8A,HLA-E - CD8A,MHC-I,Cell-Cell Contact,KEGG: hsa04514
CD8.CM,CD8.TEMRA,HLA-E,CD8A,0.169908467367178,0,HLA-E_CD8A,HLA-E - CD8A,MHC-I,Cell-Cell Contact,KEGG: hsa04514
CD8.EM,CD8.TEMRA,HLA-E,CD8A,0.176002855247059,0,HLA-E_CD8A,HLA-E - CD8A,MHC-I,Cell-Cell Contact,KEGG: hsa04514
CD8.MAIT,CD8.TEMRA,HLA-E,CD8A,0.170376232075804,0,HLA-E_CD8A,HLA-E - CD8A,MHC-I,Cell-Cell Contact,KEGG: hsa04514
CD8.NaiveLike,CD8.TEMRA,HLA-E,CD8A,0.169652615943847,0,HLA-E_CD8A,HLA-E - CD8A,MHC-I,Cell-Cell Contact,KEGG: hsa04514
CD8.TEMRA,CD8.TEMRA,HLA-E,CD8A,0.180482574415476,0,HLA-E_CD8A,HLA-E - CD8A,MHC-I,Cell-Cell Contact,KEGG: hsa04514
CD8.TEX,CD8.TEMRA,HLA-E,CD8A,0.166037351243582,0,HLA-E_CD8A,HLA-E - CD8A,MHC-I,Cell-Cell Contact,KEGG: hsa04514
CD8.TPEX,CD8.TEMRA,HLA-E,CD8A,0.16199587359521,0.02,HLA-E_CD8A,HLA-E - CD8A,MHC-I,Cell-Cell Contact,KEGG: hsa04514
CD8.CM,CD8.TEX,HLA-E,CD8A,0.175944024462221,0,HLA-E_CD8A,HLA-E - CD8A,MHC-I,Cell-Cell Contact,KEGG: hsa04514
CD8.EM,CD8.TEX,HLA-E,CD8A,0.182207380085904,0,HLA-E_CD8A,HLA-E - CD8A,MHC-I,Cell-Cell Contact,KEGG: hsa04514
CD8.MAIT,CD8.TEX,HLA-E,CD8A,0.176424873761567,0,HLA-E_CD8A,HLA-E - CD8A,MHC-I,Cell-Cell Contact,KEGG: hsa04514
CD8.NaiveLike,CD8.TEX,HLA-E,CD8A,0.175681008067362,0,HLA-E_CD8A,HLA-E - CD8A,MHC-I,Cell-Cell Contact,KEGG: hsa04514
CD8.TEMRA,CD8.TEX,HLA-E,CD8A,0.186809217746972,0,HLA-E_CD8A,HLA-E - CD8A,MHC-I,Cell-Cell Contact,KEGG: hsa04514
CD8.TEX,CD8.TEX,HLA-E,CD8A,0.171963884193046,0,HLA-E_CD8A,HLA-E - CD8A,MHC-I,Cell-Cell Contact,KEGG: hsa04514
CD8.TPEX,CD8.TEX,HLA-E,CD8A,0.167807176935873,0,HLA-E_CD8A,HLA-E - CD8A,MHC-I,Cell-Cell Contact,KEGG: hsa04514
Classical Mono-derived,CD8.TEX,HLA-E,CD8A,0.155545924442414,0,HLA-E_CD8A,HLA-E - CD8A,MHC-I,Cell-Cell Contact,KEGG: hsa04514
IFN-stimulated,CD8.TEX,HLA-E,CD8A,0.166594075374351,0,HLA-E_CD8A,HLA-E - CD8A,MHC-I,Cell-Cell Contact,KEGG: hsa04514
Inflammatory Mono-derived,CD8.TEX,HLA-E,CD8A,0.145753848841117,0,HLA-E_CD8A,HLA-E - CD8A,MHC-I,Cell-Cell Contact,KEGG: hsa04514
Lipid-associated,CD8.TEX,HLA-E,CD8A,0.155749676326982,0,HLA-E_CD8A,HLA-E - CD8A,MHC-I,Cell-Cell Contact,KEGG: hsa04514
Proliferating,CD8.TEX,HLA-E,CD8A,0.15310142556674,0,HLA-E_CD8A,HLA-E - CD8A,MHC-I,Cell-Cell Contact,KEGG: hsa04514
Resident M2,CD8.TEX,HLA-E,CD8A,0.164596521264598,0,HLA-E_CD8A,HLA-E - CD8A,MHC-I,Cell-Cell Contact,KEGG: hsa04514
Stress-response,CD8.TEX,HLA-E,CD8A,0.145424605871477,0.01,HLA-E_CD8A,HLA-E - CD8A,MHC-I,Cell-Cell Contact,KEGG: hsa04514
CD8.CM,CD8.TPEX,HLA-E,CD8A,0.160338727913963,0,HLA-E_CD8A,HLA-E - CD8A,MHC-I,Cell-Cell Contact,KEGG: hsa04514
CD8.EM,CD8.TPEX,HLA-E,CD8A,0.16615857086298,0,HLA-E_CD8A,HLA-E - CD8A,MHC-I,Cell-Cell Contact,KEGG: hsa04514
CD8.MAIT,CD8.TPEX,HLA-E,CD8A,0.160785249837187,0,HLA-E_CD8A,HLA-E - CD8A,MHC-I,Cell-Cell Contact,KEGG: hsa04514
CD8.NaiveLike,CD8.TPEX,HLA-E,CD8A,0.160094507564643,0,HLA-E_CD8A,HLA-E - CD8A,MHC-I,Cell-Cell Contact,KEGG: hsa04514
CD8.TEMRA,CD8.TPEX,HLA-E,CD8A,0.170439555478376,0,HLA-E_CD8A,HLA-E - CD8A,MHC-I,Cell-Cell Contact,KEGG: hsa04514
CD8.TEX,CD8.TPEX,HLA-E,CD8A,0.156644499944682,0,HLA-E_CD8A,HLA-E - CD8A,MHC-I,Cell-Cell Contact,KEGG: hsa04514
CD8.TPEX,CD8.TPEX,HLA-E,CD8A,0.152789764544535,0,HLA-E_CD8A,HLA-E - CD8A,MHC-I,Cell-Cell Contact,KEGG: hsa04514
IFN-stimulated,CD8.TPEX,HLA-E,CD8A,0.151665440578106,0,HLA-E_CD8A,HLA-E - CD8A,MHC-I,Cell-Cell Contact,KEGG: hsa04514
Resident M2,CD8.TPEX,HLA-E,CD8A,0.149814711121037,0,HLA-E_CD8A,HLA-E - CD8A,MHC-I,Cell-Cell Contact,KEGG: hsa04514
CD8.CM,CD8.CM,HLA-F,CD8A,0.0669310981704959,0,HLA-F_CD8A,HLA-F - CD8A,MHC-I,Cell-Cell Contact,KEGG: hsa04514
CD8.EM,CD8.CM,HLA-F,CD8A,0.0724157392912515,0,HLA-F_CD8A,HLA-F - CD8A,MHC-I,Cell-Cell Contact,KEGG: hsa04514
CD8.MAIT,CD8.CM,HLA-F,CD8A,0.0658893782923824,0,HLA-F_CD8A,HLA-F - CD8A,MHC-I,Cell-Cell Contact,KEGG: hsa04514
CD8.NaiveLike,CD8.CM,HLA-F,CD8A,0.0666807896962401,0,HLA-F_CD8A,HLA-F - CD8A,MHC-I,Cell-Cell Contact,KEGG: hsa04514
CD8.TEMRA,CD8.CM,HLA-F,CD8A,0.082919000810516,0,HLA-F_CD8A,HLA-F - CD8A,MHC-I,Cell-Cell Contact,KEGG: hsa04514
CD8.TEX,CD8.CM,HLA-F,CD8A,0.0647699403858492,0,HLA-F_CD8A,HLA-F - CD8A,MHC-I,Cell-Cell Contact,KEGG: hsa04514
CD8.TPEX,CD8.CM,HLA-F,CD8A,0.0646446607957348,0,HLA-F_CD8A,HLA-F - CD8A,MHC-I,Cell-Cell Contact,KEGG: hsa04514
CD8.CM,CD8.EM,HLA-F,CD8A,0.0722690538919606,0,HLA-F_CD8A,HLA-F - CD8A,MHC-I,Cell-Cell Contact,KEGG: hsa04514
CD8.EM,CD8.EM,HLA-F,CD8A,0.0781544732800516,0,HLA-F_CD8A,HLA-F - CD8A,MHC-I,Cell-Cell Contact,KEGG: hsa04514
CD8.MAIT,CD8.EM,HLA-F,CD8A,0.0711505889660881,0,HLA-F_CD8A,HLA-F - CD8A,MHC-I,Cell-Cell Contact,KEGG: hsa04514
CD8.NaiveLike,CD8.EM,HLA-F,CD8A,0.0720003230012425,0,HLA-F_CD8A,HLA-F - CD8A,MHC-I,Cell-Cell Contact,KEGG: hsa04514
CD8.TEMRA,CD8.EM,HLA-F,CD8A,0.0894098568607877,0,HLA-F_CD8A,HLA-F - CD8A,MHC-I,Cell-Cell Contact,KEGG: hsa04514
CD8.TEX,CD8.EM,HLA-F,CD8A,0.069948458348864,0,HLA-F_CD8A,HLA-F - CD8A,MHC-I,Cell-Cell Contact,KEGG: hsa04514
CD8.TPEX,CD8.EM,HLA-F,CD8A,0.0698139100581936,0,HLA-F_CD8A,HLA-F - CD8A,MHC-I,Cell-Cell Contact,KEGG: hsa04514
IFN-stimulated,CD8.EM,HLA-F,CD8A,0.0625892828706138,0,HLA-F_CD8A,HLA-F - CD8A,MHC-I,Cell-Cell Contact,KEGG: hsa04514
CD8.CM,CD8.MAIT,HLA-F,CD8A,0.0639415452439979,0,HLA-F_CD8A,HLA-F - CD8A,MHC-I,Cell-Cell Contact,KEGG: hsa04514
CD8.EM,CD8.MAIT,HLA-F,CD8A,0.069199377017077,0,HLA-F_CD8A,HLA-F - CD8A,MHC-I,Cell-Cell Contact,KEGG: hsa04514
CD8.MAIT,CD8.MAIT,HLA-F,CD8A,0.0629432161522741,0,HLA-F_CD8A,HLA-F - CD8A,MHC-I,Cell-Cell Contact,KEGG: hsa04514
CD8.NaiveLike,CD8.MAIT,HLA-F,CD8A,0.0637016537875957,0,HLA-F_CD8A,HLA-F - CD8A,MHC-I,Cell-Cell Contact,KEGG: hsa04514
CD8.TEMRA,CD8.MAIT,HLA-F,CD8A,0.0792760035242821,0,HLA-F_CD8A,HLA-F - CD8A,MHC-I,Cell-Cell Contact,KEGG: hsa04514
CD8.TEX,CD8.MAIT,HLA-F,CD8A,0.0618705171992408,0,HLA-F_CD8A,HLA-F - CD8A,MHC-I,Cell-Cell Contact,KEGG: hsa04514
CD8.TPEX,CD8.MAIT,HLA-F,CD8A,0.0617504754552487,0.01,HLA-F_CD8A,HLA-F - CD8A,MHC-I,Cell-Cell Contact,KEGG: hsa04514
CD8.EM,CD8.NaiveLike,HLA-F,CD8A,0.0618296145666451,0,HLA-F_CD8A,HLA-F - CD8A,MHC-I,Cell-Cell Contact,KEGG: hsa04514
CD8.TEMRA,CD8.NaiveLike,HLA-F,CD8A,0.0709148372923821,0,HLA-F_CD8A,HLA-F - CD8A,MHC-I,Cell-Cell Contact,KEGG: hsa04514
CD8.CM,CD8.TEMRA,HLA-F,CD8A,0.0721762494369347,0,HLA-F_CD8A,HLA-F - CD8A,MHC-I,Cell-Cell Contact,KEGG: hsa04514
CD8.EM,CD8.TEMRA,HLA-F,CD8A,0.0780547469256631,0,HLA-F_CD8A,HLA-F - CD8A,MHC-I,Cell-Cell Contact,KEGG: hsa04514
CD8.MAIT,CD8.TEMRA,HLA-F,CD8A,0.0710591107789992,0,HLA-F_CD8A,HLA-F - CD8A,MHC-I,Cell-Cell Contact,KEGG: hsa04514
CD8.NaiveLike,CD8.TEMRA,HLA-F,CD8A,0.0719078368897359,0,HLA-F_CD8A,HLA-F - CD8A,MHC-I,Cell-Cell Contact,KEGG: hsa04514
CD8.TEMRA,CD8.TEMRA,HLA-F,CD8A,0.0892971596777049,0,HLA-F_CD8A,HLA-F - CD8A,MHC-I,Cell-Cell Contact,KEGG: hsa04514
CD8.TEX,CD8.TEMRA,HLA-F,CD8A,0.0698584094967227,0,HLA-F_CD8A,HLA-F - CD8A,MHC-I,Cell-Cell Contact,KEGG: hsa04514
CD8.TPEX,CD8.TEMRA,HLA-F,CD8A,0.0697240214327999,0,HLA-F_CD8A,HLA-F - CD8A,MHC-I,Cell-Cell Contact,KEGG: hsa04514
CD8.CM,CD8.TEX,HLA-F,CD8A,0.0750540209329695,0,HLA-F_CD8A,HLA-F - CD8A,MHC-I,Cell-Cell Contact,KEGG: hsa04514
CD8.EM,CD8.TEX,HLA-F,CD8A,0.0811464036481087,0,HLA-F_CD8A,HLA-F - CD8A,MHC-I,Cell-Cell Contact,KEGG: hsa04514
CD8.MAIT,CD8.TEX,HLA-F,CD8A,0.0738958878522807,0,HLA-F_CD8A,HLA-F - CD8A,MHC-I,Cell-Cell Contact,KEGG: hsa04514
CD8.NaiveLike,CD8.TEX,HLA-F,CD8A,0.0747757688913507,0,HLA-F_CD8A,HLA-F - CD8A,MHC-I,Cell-Cell Contact,KEGG: hsa04514
CD8.TEMRA,CD8.TEX,HLA-F,CD8A,0.0927892979972796,0,HLA-F_CD8A,HLA-F - CD8A,MHC-I,Cell-Cell Contact,KEGG: hsa04514
CD8.TEX,CD8.TEX,HLA-F,CD8A,0.0726510017439346,0,HLA-F_CD8A,HLA-F - CD8A,MHC-I,Cell-Cell Contact,KEGG: hsa04514
CD8.TPEX,CD8.TEX,HLA-F,CD8A,0.0725116603142643,0,HLA-F_CD8A,HLA-F - CD8A,MHC-I,Cell-Cell Contact,KEGG: hsa04514
IFN-stimulated,CD8.TEX,HLA-F,CD8A,0.0650273754497564,0,HLA-F_CD8A,HLA-F - CD8A,MHC-I,Cell-Cell Contact,KEGG: hsa04514
CD8.CM,CD8.TPEX,HLA-F,CD8A,0.0676623852755833,0,HLA-F_CD8A,HLA-F - CD8A,MHC-I,Cell-Cell Contact,KEGG: hsa04514
CD8.EM,CD8.TPEX,HLA-F,CD8A,0.0732022501052379,0,HLA-F_CD8A,HLA-F - CD8A,MHC-I,Cell-Cell Contact,KEGG: hsa04514
CD8.MAIT,CD8.TPEX,HLA-F,CD8A,0.0666100961243439,0,HLA-F_CD8A,HLA-F - CD8A,MHC-I,Cell-Cell Contact,KEGG: hsa04514
CD8.NaiveLike,CD8.TPEX,HLA-F,CD8A,0.067409539518775,0,HLA-F_CD8A,HLA-F - CD8A,MHC-I,Cell-Cell Contact,KEGG: hsa04514
CD8.TEMRA,CD8.TPEX,HLA-F,CD8A,0.0838092809946899,0,HLA-F_CD8A,HLA-F - CD8A,MHC-I,Cell-Cell Contact,KEGG: hsa04514
CD8.TEX,CD8.TPEX,HLA-F,CD8A,0.0654792718015708,0,HLA-F_CD8A,HLA-F - CD8A,MHC-I,Cell-Cell Contact,KEGG: hsa04514
CD8.TPEX,CD8.TPEX,HLA-F,CD8A,0.0653527160795018,0,HLA-F_CD8A,HLA-F - CD8A,MHC-I,Cell-Cell Contact,KEGG: hsa04514
CD8.CM,CD8.CM,HLA-A,CD8B,0.125220168053052,0,HLA-A_CD8B,HLA-A - CD8B,MHC-I,Cell-Cell Contact,KEGG: hsa04514
CD8.EM,CD8.CM,HLA-A,CD8B,0.131670149896424,0,HLA-A_CD8B,HLA-A - CD8B,MHC-I,Cell-Cell Contact,KEGG: hsa04514
CD8.MAIT,CD8.CM,HLA-A,CD8B,0.124125352444664,0,HLA-A_CD8B,HLA-A - CD8B,MHC-I,Cell-Cell Contact,KEGG: hsa04514
CD8.NaiveLike,CD8.CM,HLA-A,CD8B,0.120261808644232,0,HLA-A_CD8B,HLA-A - CD8B,MHC-I,Cell-Cell Contact,KEGG: hsa04514
CD8.TEMRA,CD8.CM,HLA-A,CD8B,0.127699718149982,0,HLA-A_CD8B,HLA-A - CD8B,MHC-I,Cell-Cell Contact,KEGG: hsa04514
CD8.TEX,CD8.CM,HLA-A,CD8B,0.132366542887046,0,HLA-A_CD8B,HLA-A - CD8B,MHC-I,Cell-Cell Contact,KEGG: hsa04514
CD8.TPEX,CD8.CM,HLA-A,CD8B,0.129821544110909,0,HLA-A_CD8B,HLA-A - CD8B,MHC-I,Cell-Cell Contact,KEGG: hsa04514
Classical Mono-derived,CD8.CM,HLA-A,CD8B,0.115917674203319,0,HLA-A_CD8B,HLA-A - CD8B,MHC-I,Cell-Cell Contact,KEGG: hsa04514
IFN-stimulated,CD8.CM,HLA-A,CD8B,0.123918916853741,0,HLA-A_CD8B,HLA-A - CD8B,MHC-I,Cell-Cell Contact,KEGG: hsa04514
Lipid-associated,CD8.CM,HLA-A,CD8B,0.124431655206065,0,HLA-A_CD8B,HLA-A - CD8B,MHC-I,Cell-Cell Contact,KEGG: hsa04514
Resident M2,CD8.CM,HLA-A,CD8B,0.115763098048672,0,HLA-A_CD8B,HLA-A - CD8B,MHC-I,Cell-Cell Contact,KEGG: hsa04514
Stress-response,CD8.CM,HLA-A,CD8B,0.117187053294077,0,HLA-A_CD8B,HLA-A - CD8B,MHC-I,Cell-Cell Contact,KEGG: hsa04514
CD8.CM,CD8.EM,HLA-A,CD8B,0.1340381899538,0,HLA-A_CD8B,HLA-A - CD8B,MHC-I,Cell-Cell Contact,KEGG: hsa04514
CD8.EM,CD8.EM,HLA-A,CD8B,0.14086923742595,0,HLA-A_CD8B,HLA-A - CD8B,MHC-I,Cell-Cell Contact,KEGG: hsa04514
CD8.MAIT,CD8.EM,HLA-A,CD8B,0.132877988226535,0,HLA-A_CD8B,HLA-A - CD8B,MHC-I,Cell-Cell Contact,KEGG: hsa04514
CD8.NaiveLike,CD8.EM,HLA-A,CD8B,0.12878206553721,0,HLA-A_CD8B,HLA-A - CD8B,MHC-I,Cell-Cell Contact,KEGG: hsa04514
CD8.TEMRA,CD8.EM,HLA-A,CD8B,0.136665071311926,0,HLA-A_CD8B,HLA-A - CD8B,MHC-I,Cell-Cell Contact,KEGG: hsa04514
CD8.TEX,CD8.EM,HLA-A,CD8B,0.141606349339917,0,HLA-A_CD8B,HLA-A - CD8B,MHC-I,Cell-Cell Contact,KEGG: hsa04514
CD8.TPEX,CD8.EM,HLA-A,CD8B,0.138912140743028,0,HLA-A_CD8B,HLA-A - CD8B,MHC-I,Cell-Cell Contact,KEGG: hsa04514
Classical Mono-derived,CD8.EM,HLA-A,CD8B,0.124173601151165,0,HLA-A_CD8B,HLA-A - CD8B,MHC-I,Cell-Cell Contact,KEGG: hsa04514
IFN-stimulated,CD8.EM,HLA-A,CD8B,0.132659200680389,0,HLA-A_CD8B,HLA-A - CD8B,MHC-I,Cell-Cell Contact,KEGG: hsa04514
Inflammatory Mono-derived,CD8.EM,HLA-A,CD8B,0.120789490009153,0,HLA-A_CD8B,HLA-A - CD8B,MHC-I,Cell-Cell Contact,KEGG: hsa04514
Lipid-associated,CD8.EM,HLA-A,CD8B,0.133202605037869,0,HLA-A_CD8B,HLA-A - CD8B,MHC-I,Cell-Cell Contact,KEGG: hsa04514
Proliferating,CD8.EM,HLA-A,CD8B,0.121195899203015,0,HLA-A_CD8B,HLA-A - CD8B,MHC-I,Cell-Cell Contact,KEGG: hsa04514
Resident M2,CD8.EM,HLA-A,CD8B,0.124009559985037,0,HLA-A_CD8B,HLA-A - CD8B,MHC-I,Cell-Cell Contact,KEGG: hsa04514
Stress-response,CD8.EM,HLA-A,CD8B,0.125520552381085,0,HLA-A_CD8B,HLA-A - CD8B,MHC-I,Cell-Cell Contact,KEGG: hsa04514
CD8.CM,CD8.NaiveLike,HLA-A,CD8B,0.132080560555863,0,HLA-A_CD8B,HLA-A - CD8B,MHC-I,Cell-Cell Contact,KEGG: hsa04514
CD8.EM,CD8.NaiveLike,HLA-A,CD8B,0.138827834862734,0,HLA-A_CD8B,HLA-A - CD8B,MHC-I,Cell-Cell Contact,KEGG: hsa04514
CD8.MAIT,CD8.NaiveLike,HLA-A,CD8B,0.13093474151545,0,HLA-A_CD8B,HLA-A - CD8B,MHC-I,Cell-Cell Contact,KEGG: hsa04514
CD8.NaiveLike,CD8.NaiveLike,HLA-A,CD8B,0.126889953362985,0,HLA-A_CD8B,HLA-A - CD8B,MHC-I,Cell-Cell Contact,KEGG: hsa04514
CD8.TEMRA,CD8.NaiveLike,HLA-A,CD8B,0.134675042932515,0,HLA-A_CD8B,HLA-A - CD8B,MHC-I,Cell-Cell Contact,KEGG: hsa04514
CD8.TEX,CD8.NaiveLike,HLA-A,CD8B,0.139556000082859,0,HLA-A_CD8B,HLA-A - CD8B,MHC-I,Cell-Cell Contact,KEGG: hsa04514
CD8.TPEX,CD8.NaiveLike,HLA-A,CD8B,0.136894580292965,0,HLA-A_CD8B,HLA-A - CD8B,MHC-I,Cell-Cell Contact,KEGG: hsa04514
Classical Mono-derived,CD8.NaiveLike,HLA-A,CD8B,0.122339690203363,0,HLA-A_CD8B,HLA-A - CD8B,MHC-I,Cell-Cell Contact,KEGG: hsa04514
IFN-stimulated,CD8.NaiveLike,HLA-A,CD8B,0.130718671240803,0,HLA-A_CD8B,HLA-A - CD8B,MHC-I,Cell-Cell Contact,KEGG: hsa04514
Inflammatory Mono-derived,CD8.NaiveLike,HLA-A,CD8B,0.118998768000095,0.01,HLA-A_CD8B,HLA-A - CD8B,MHC-I,Cell-Cell Contact,KEGG: hsa04514
Lipid-associated,CD8.NaiveLike,HLA-A,CD8B,0.131255329627666,0,HLA-A_CD8B,HLA-A - CD8B,MHC-I,Cell-Cell Contact,KEGG: hsa04514
Proliferating,CD8.NaiveLike,HLA-A,CD8B,0.119399970344871,0.01,HLA-A_CD8B,HLA-A - CD8B,MHC-I,Cell-Cell Contact,KEGG: hsa04514
Resident M2,CD8.NaiveLike,HLA-A,CD8B,0.122177733781163,0.01,HLA-A_CD8B,HLA-A - CD8B,MHC-I,Cell-Cell Contact,KEGG: hsa04514
Stress-response,CD8.NaiveLike,HLA-A,CD8B,0.123669557368219,0,HLA-A_CD8B,HLA-A - CD8B,MHC-I,Cell-Cell Contact,KEGG: hsa04514
CD8.CM,CD8.TEMRA,HLA-A,CD8B,0.143573182457526,0,HLA-A_CD8B,HLA-A - CD8B,MHC-I,Cell-Cell Contact,KEGG: hsa04514
CD8.EM,CD8.TEMRA,HLA-A,CD8B,0.150805541161889,0,HLA-A_CD8B,HLA-A - CD8B,MHC-I,Cell-Cell Contact,KEGG: hsa04514
CD8.MAIT,CD8.TEMRA,HLA-A,CD8B,0.14234401460792,0,HLA-A_CD8B,HLA-A - CD8B,MHC-I,Cell-Cell Contact,KEGG: hsa04514
CD8.NaiveLike,CD8.TEMRA,HLA-A,CD8B,0.138002742641909,0.02,HLA-A_CD8B,HLA-A - CD8B,MHC-I,Cell-Cell Contact,KEGG: hsa04514
CD8.TEMRA,CD8.TEMRA,HLA-A,CD8B,0.146355348482548,0,HLA-A_CD8B,HLA-A - CD8B,MHC-I,Cell-Cell Contact,KEGG: hsa04514
CD8.TEX,CD8.TEMRA,HLA-A,CD8B,0.151585472133036,0,HLA-A_CD8B,HLA-A - CD8B,MHC-I,Cell-Cell Contact,KEGG: hsa04514
CD8.TPEX,CD8.TEMRA,HLA-A,CD8B,0.148734298005813,0,HLA-A_CD8B,HLA-A - CD8B,MHC-I,Cell-Cell Contact,KEGG: hsa04514
Classical Mono-derived,CD8.TEMRA,HLA-A,CD8B,0.133114731828823,0.04,HLA-A_CD8B,HLA-A - CD8B,MHC-I,Cell-Cell Contact,KEGG: hsa04514
IFN-stimulated,CD8.TEMRA,HLA-A,CD8B,0.142112195365797,0,HLA-A_CD8B,HLA-A - CD8B,MHC-I,Cell-Cell Contact,KEGG: hsa04514
Inflammatory Mono-derived,CD8.TEMRA,HLA-A,CD8B,0.129522983478286,0.04,HLA-A_CD8B,HLA-A - CD8B,MHC-I,Cell-Cell Contact,KEGG: hsa04514
Lipid-associated,CD8.TEMRA,HLA-A,CD8B,0.142687951294778,0,HLA-A_CD8B,HLA-A - CD8B,MHC-I,Cell-Cell Contact,KEGG: hsa04514
Proliferating,CD8.TEMRA,HLA-A,CD8B,0.129954434139797,0.04,HLA-A_CD8B,HLA-A - CD8B,MHC-I,Cell-Cell Contact,KEGG: hsa04514
Resident M2,CD8.TEMRA,HLA-A,CD8B,0.132940671763731,0.04,HLA-A_CD8B,HLA-A - CD8B,MHC-I,Cell-Cell Contact,KEGG: hsa04514
Stress-response,CD8.TEMRA,HLA-A,CD8B,0.134543771276769,0.04,HLA-A_CD8B,HLA-A - CD8B,MHC-I,Cell-Cell Contact,KEGG: hsa04514
CD8.CM,CD8.TEX,HLA-A,CD8B,0.126916973746003,0,HLA-A_CD8B,HLA-A - CD8B,MHC-I,Cell-Cell Contact,KEGG: hsa04514
CD8.EM,CD8.TEX,HLA-A,CD8B,0.133441024216642,0,HLA-A_CD8B,HLA-A - CD8B,MHC-I,Cell-Cell Contact,KEGG: hsa04514
CD8.MAIT,CD8.TEX,HLA-A,CD8B,0.125809456354611,0,HLA-A_CD8B,HLA-A - CD8B,MHC-I,Cell-Cell Contact,KEGG: hsa04514
CD8.NaiveLike,CD8.TEX,HLA-A,CD8B,0.121900788453174,0,HLA-A_CD8B,HLA-A - CD8B,MHC-I,Cell-Cell Contact,KEGG: hsa04514
CD8.TEMRA,CD8.TEX,HLA-A,CD8B,0.129425152101978,0,HLA-A_CD8B,HLA-A - CD8B,MHC-I,Cell-Cell Contact,KEGG: hsa04514
CD8.TEX,CD8.TEX,HLA-A,CD8B,0.134145336297475,0,HLA-A_CD8B,HLA-A - CD8B,MHC-I,Cell-Cell Contact,KEGG: hsa04514
CD8.TPEX,CD8.TEX,HLA-A,CD8B,0.13157132315773,0,HLA-A_CD8B,HLA-A - CD8B,MHC-I,Cell-Cell Contact,KEGG: hsa04514
Classical Mono-derived,CD8.TEX,HLA-A,CD8B,0.117505358031746,0,HLA-A_CD8B,HLA-A - CD8B,MHC-I,Cell-Cell Contact,KEGG: hsa04514
IFN-stimulated,CD8.TEX,HLA-A,CD8B,0.125600621539007,0,HLA-A_CD8B,HLA-A - CD8B,MHC-I,Cell-Cell Contact,KEGG: hsa04514
Inflammatory Mono-derived,CD8.TEX,HLA-A,CD8B,0.114279264512496,0,HLA-A_CD8B,HLA-A - CD8B,MHC-I,Cell-Cell Contact,KEGG: hsa04514
Lipid-associated,CD8.TEX,HLA-A,CD8B,0.126119316550477,0,HLA-A_CD8B,HLA-A - CD8B,MHC-I,Cell-Cell Contact,KEGG: hsa04514
Proliferating,CD8.TEX,HLA-A,CD8B,0.114666626119812,0,HLA-A_CD8B,HLA-A - CD8B,MHC-I,Cell-Cell Contact,KEGG: hsa04514
Resident M2,CD8.TEX,HLA-A,CD8B,0.117348945725547,0,HLA-A_CD8B,HLA-A - CD8B,MHC-I,Cell-Cell Contact,KEGG: hsa04514
Stress-response,CD8.TEX,HLA-A,CD8B,0.118789787260202,0,HLA-A_CD8B,HLA-A - CD8B,MHC-I,Cell-Cell Contact,KEGG: hsa04514
CD8.CM,CD8.CM,HLA-B,CD8B,0.12650977659562,0,HLA-B_CD8B,HLA-B - CD8B,MHC-I,Cell-Cell Contact,KEGG: hsa04514
CD8.EM,CD8.CM,HLA-B,CD8B,0.129537547722968,0,HLA-B_CD8B,HLA-B - CD8B,MHC-I,Cell-Cell Contact,KEGG: hsa04514
CD8.MAIT,CD8.CM,HLA-B,CD8B,0.124654453643396,0,HLA-B_CD8B,HLA-B - CD8B,MHC-I,Cell-Cell Contact,KEGG: hsa04514
CD8.NaiveLike,CD8.CM,HLA-B,CD8B,0.11888350745868,0,HLA-B_CD8B,HLA-B - CD8B,MHC-I,Cell-Cell Contact,KEGG: hsa04514
CD8.TEMRA,CD8.CM,HLA-B,CD8B,0.128192544002158,0,HLA-B_CD8B,HLA-B - CD8B,MHC-I,Cell-Cell Contact,KEGG: hsa04514
CD8.TEX,CD8.CM,HLA-B,CD8B,0.130217006802029,0,HLA-B_CD8B,HLA-B - CD8B,MHC-I,Cell-Cell Contact,KEGG: hsa04514
CD8.TPEX,CD8.CM,HLA-B,CD8B,0.129429197179111,0,HLA-B_CD8B,HLA-B - CD8B,MHC-I,Cell-Cell Contact,KEGG: hsa04514
Classical Mono-derived,CD8.CM,HLA-B,CD8B,0.123088209516173,0,HLA-B_CD8B,HLA-B - CD8B,MHC-I,Cell-Cell Contact,KEGG: hsa04514
IFN-stimulated,CD8.CM,HLA-B,CD8B,0.127848146880682,0,HLA-B_CD8B,HLA-B - CD8B,MHC-I,Cell-Cell Contact,KEGG: hsa04514
Inflammatory Mono-derived,CD8.CM,HLA-B,CD8B,0.118579102004656,0,HLA-B_CD8B,HLA-B - CD8B,MHC-I,Cell-Cell Contact,KEGG: hsa04514
Lipid-associated,CD8.CM,HLA-B,CD8B,0.125576325405295,0,HLA-B_CD8B,HLA-B - CD8B,MHC-I,Cell-Cell Contact,KEGG: hsa04514
Proliferating,CD8.CM,HLA-B,CD8B,0.120701081185489,0,HLA-B_CD8B,HLA-B - CD8B,MHC-I,Cell-Cell Contact,KEGG: hsa04514
Resident M2,CD8.CM,HLA-B,CD8B,0.121679805115501,0,HLA-B_CD8B,HLA-B - CD8B,MHC-I,Cell-Cell Contact,KEGG: hsa04514
Stress-response,CD8.CM,HLA-B,CD8B,0.121046747387719,0,HLA-B_CD8B,HLA-B - CD8B,MHC-I,Cell-Cell Contact,KEGG: hsa04514
CD8.CM,CD8.EM,HLA-B,CD8B,0.135404556019888,0,HLA-B_CD8B,HLA-B - CD8B,MHC-I,Cell-Cell Contact,KEGG: hsa04514
CD8.EM,CD8.EM,HLA-B,CD8B,0.138611425588606,0,HLA-B_CD8B,HLA-B - CD8B,MHC-I,Cell-Cell Contact,KEGG: hsa04514
CD8.MAIT,CD8.EM,HLA-B,CD8B,0.133438714687465,0,HLA-B_CD8B,HLA-B - CD8B,MHC-I,Cell-Cell Contact,KEGG: hsa04514
CD8.NaiveLike,CD8.EM,HLA-B,CD8B,0.127320247370795,0,HLA-B_CD8B,HLA-B - CD8B,MHC-I,Cell-Cell Contact,KEGG: hsa04514
CD8.TEMRA,CD8.EM,HLA-B,CD8B,0.137187055260596,0,HLA-B_CD8B,HLA-B - CD8B,MHC-I,Cell-Cell Contact,KEGG: hsa04514
CD8.TEX,CD8.EM,HLA-B,CD8B,0.139330861287613,0,HLA-B_CD8B,HLA-B - CD8B,MHC-I,Cell-Cell Contact,KEGG: hsa04514
CD8.TPEX,CD8.EM,HLA-B,CD8B,0.138496692864332,0,HLA-B_CD8B,HLA-B - CD8B,MHC-I,Cell-Cell Contact,KEGG: hsa04514
Classical Mono-derived,CD8.EM,HLA-B,CD8B,0.13177871492695,0,HLA-B_CD8B,HLA-B - CD8B,MHC-I,Cell-Cell Contact,KEGG: hsa04514
IFN-stimulated,CD8.EM,HLA-B,CD8B,0.136822286202628,0,HLA-B_CD8B,HLA-B - CD8B,MHC-I,Cell-Cell Contact,KEGG: hsa04514
Inflammatory Mono-derived,CD8.EM,HLA-B,CD8B,0.126997352972495,0,HLA-B_CD8B,HLA-B - CD8B,MHC-I,Cell-Cell Contact,KEGG: hsa04514
Lipid-associated,CD8.EM,HLA-B,CD8B,0.134415574152936,0,HLA-B_CD8B,HLA-B - CD8B,MHC-I,Cell-Cell Contact,KEGG: hsa04514
Proliferating,CD8.EM,HLA-B,CD8B,0.129247887230506,0,HLA-B_CD8B,HLA-B - CD8B,MHC-I,Cell-Cell Contact,KEGG: hsa04514
Resident M2,CD8.EM,HLA-B,CD8B,0.130285645657886,0,HLA-B_CD8B,HLA-B - CD8B,MHC-I,Cell-Cell Contact,KEGG: hsa04514
Stress-response,CD8.EM,HLA-B,CD8B,0.1296144219502,0,HLA-B_CD8B,HLA-B - CD8B,MHC-I,Cell-Cell Contact,KEGG: hsa04514
CD8.CM,CD8.NaiveLike,HLA-B,CD8B,0.133430045678563,0,HLA-B_CD8B,HLA-B - CD8B,MHC-I,Cell-Cell Contact,KEGG: hsa04514
CD8.EM,CD8.NaiveLike,HLA-B,CD8B,0.136597539879986,0,HLA-B_CD8B,HLA-B - CD8B,MHC-I,Cell-Cell Contact,KEGG: hsa04514
CD8.MAIT,CD8.NaiveLike,HLA-B,CD8B,0.131488511212936,0,HLA-B_CD8B,HLA-B - CD8B,MHC-I,Cell-Cell Contact,KEGG: hsa04514
CD8.NaiveLike,CD8.NaiveLike,HLA-B,CD8B,0.125446520202483,0,HLA-B_CD8B,HLA-B - CD8B,MHC-I,Cell-Cell Contact,KEGG: hsa04514
CD8.TEMRA,CD8.NaiveLike,HLA-B,CD8B,0.135190616305447,0,HLA-B_CD8B,HLA-B - CD8B,MHC-I,Cell-Cell Contact,KEGG: hsa04514
CD8.TEX,CD8.NaiveLike,HLA-B,CD8B,0.137308189088369,0,HLA-B_CD8B,HLA-B - CD8B,MHC-I,Cell-Cell Contact,KEGG: hsa04514
CD8.TPEX,CD8.NaiveLike,HLA-B,CD8B,0.136484209984609,0,HLA-B_CD8B,HLA-B - CD8B,MHC-I,Cell-Cell Contact,KEGG: hsa04514
Classical Mono-derived,CD8.NaiveLike,HLA-B,CD8B,0.129849136960239,0,HLA-B_CD8B,HLA-B - CD8B,MHC-I,Cell-Cell Contact,KEGG: hsa04514
IFN-stimulated,CD8.NaiveLike,HLA-B,CD8B,0.134830326084414,0,HLA-B_CD8B,HLA-B - CD8B,MHC-I,Cell-Cell Contact,KEGG: hsa04514
Inflammatory Mono-derived,CD8.NaiveLike,HLA-B,CD8B,0.125127696380782,0,HLA-B_CD8B,HLA-B - CD8B,MHC-I,Cell-Cell Contact,KEGG: hsa04514
Lipid-associated,CD8.NaiveLike,HLA-B,CD8B,0.132453276096927,0,HLA-B_CD8B,HLA-B - CD8B,MHC-I,Cell-Cell Contact,KEGG: hsa04514
Proliferating,CD8.NaiveLike,HLA-B,CD8B,0.127349931459051,0,HLA-B_CD8B,HLA-B - CD8B,MHC-I,Cell-Cell Contact,KEGG: hsa04514
Resident M2,CD8.NaiveLike,HLA-B,CD8B,0.128374697494342,0,HLA-B_CD8B,HLA-B - CD8B,MHC-I,Cell-Cell Contact,KEGG: hsa04514
Stress-response,CD8.NaiveLike,HLA-B,CD8B,0.127711873188203,0,HLA-B_CD8B,HLA-B - CD8B,MHC-I,Cell-Cell Contact,KEGG: hsa04514
CD8.CM,CD8.TEMRA,HLA-B,CD8B,0.14502046930346,0,HLA-B_CD8B,HLA-B - CD8B,MHC-I,Cell-Cell Contact,KEGG: hsa04514
CD8.EM,CD8.TEMRA,HLA-B,CD8B,0.148415984817585,0,HLA-B_CD8B,HLA-B - CD8B,MHC-I,Cell-Cell Contact,KEGG: hsa04514
CD8.MAIT,CD8.TEMRA,HLA-B,CD8B,0.142938101709175,0,HLA-B_CD8B,HLA-B - CD8B,MHC-I,Cell-Cell Contact,KEGG: hsa04514
CD8.NaiveLike,CD8.TEMRA,HLA-B,CD8B,0.136452652549491,0.03,HLA-B_CD8B,HLA-B - CD8B,MHC-I,Cell-Cell Contact,KEGG: hsa04514
CD8.TEMRA,CD8.TEMRA,HLA-B,CD8B,0.146908045865259,0,HLA-B_CD8B,HLA-B - CD8B,MHC-I,Cell-Cell Contact,KEGG: hsa04514
CD8.TEX,CD8.TEMRA,HLA-B,CD8B,0.149177496148407,0,HLA-B_CD8B,HLA-B - CD8B,MHC-I,Cell-Cell Contact,KEGG: hsa04514
CD8.TPEX,CD8.TEMRA,HLA-B,CD8B,0.148294533721266,0,HLA-B_CD8B,HLA-B - CD8B,MHC-I,Cell-Cell Contact,KEGG: hsa04514
Classical Mono-derived,CD8.TEMRA,HLA-B,CD8B,0.141179180763275,0,HLA-B_CD8B,HLA-B - CD8B,MHC-I,Cell-Cell Contact,KEGG: hsa04514
IFN-stimulated,CD8.TEMRA,HLA-B,CD8B,0.146521818853807,0,HLA-B_CD8B,HLA-B - CD8B,MHC-I,Cell-Cell Contact,KEGG: hsa04514
Inflammatory Mono-derived,CD8.TEMRA,HLA-B,CD8B,0.136110209938055,0.03,HLA-B_CD8B,HLA-B - CD8B,MHC-I,Cell-Cell Contact,KEGG: hsa04514
Lipid-associated,CD8.TEMRA,HLA-B,CD8B,0.143972949088555,0,HLA-B_CD8B,HLA-B - CD8B,MHC-I,Cell-Cell Contact,KEGG: hsa04514
Proliferating,CD8.TEMRA,HLA-B,CD8B,0.138496614741645,0,HLA-B_CD8B,HLA-B - CD8B,MHC-I,Cell-Cell Contact,KEGG: hsa04514
Resident M2,CD8.TEMRA,HLA-B,CD8B,0.139596727977059,0,HLA-B_CD8B,HLA-B - CD8B,MHC-I,Cell-Cell Contact,KEGG: hsa04514
Stress-response,CD8.TEMRA,HLA-B,CD8B,0.13888519451857,0,HLA-B_CD8B,HLA-B - CD8B,MHC-I,Cell-Cell Contact,KEGG: hsa04514
CD8.CM,CD8.TEX,HLA-B,CD8B,0.128221495827732,0,HLA-B_CD8B,HLA-B - CD8B,MHC-I,Cell-Cell Contact,KEGG: hsa04514
CD8.EM,CD8.TEX,HLA-B,CD8B,0.131284076470941,0,HLA-B_CD8B,HLA-B - CD8B,MHC-I,Cell-Cell Contact,KEGG: hsa04514
CD8.MAIT,CD8.TEX,HLA-B,CD8B,0.126344700746468,0,HLA-B_CD8B,HLA-B - CD8B,MHC-I,Cell-Cell Contact,KEGG: hsa04514
CD8.NaiveLike,CD8.TEX,HLA-B,CD8B,0.1205062762226,0,HLA-B_CD8B,HLA-B - CD8B,MHC-I,Cell-Cell Contact,KEGG: hsa04514
CD8.TEMRA,CD8.TEX,HLA-B,CD8B,0.129923645044881,0,HLA-B_CD8B,HLA-B - CD8B,MHC-I,Cell-Cell Contact,KEGG: hsa04514
CD8.TEX,CD8.TEX,HLA-B,CD8B,0.131971307654355,0,HLA-B_CD8B,HLA-B - CD8B,MHC-I,Cell-Cell Contact,KEGG: hsa04514
CD8.TPEX,CD8.TEX,HLA-B,CD8B,0.131174485204298,0,HLA-B_CD8B,HLA-B - CD8B,MHC-I,Cell-Cell Contact,KEGG: hsa04514
Classical Mono-derived,CD8.TEX,HLA-B,CD8B,0.124760246097678,0,HLA-B_CD8B,HLA-B - CD8B,MHC-I,Cell-Cell Contact,KEGG: hsa04514
IFN-stimulated,CD8.TEX,HLA-B,CD8B,0.129575288441541,0,HLA-B_CD8B,HLA-B - CD8B,MHC-I,Cell-Cell Contact,KEGG: hsa04514
Inflammatory Mono-derived,CD8.TEX,HLA-B,CD8B,0.120198282440803,0,HLA-B_CD8B,HLA-B - CD8B,MHC-I,Cell-Cell Contact,KEGG: hsa04514
Lipid-associated,CD8.TEX,HLA-B,CD8B,0.127277255050957,0,HLA-B_CD8B,HLA-B - CD8B,MHC-I,Cell-Cell Contact,KEGG: hsa04514
Proliferating,CD8.TEX,HLA-B,CD8B,0.122345215034092,0,HLA-B_CD8B,HLA-B - CD8B,MHC-I,Cell-Cell Contact,KEGG: hsa04514
Resident M2,CD8.TEX,HLA-B,CD8B,0.123335400703125,0,HLA-B_CD8B,HLA-B - CD8B,MHC-I,Cell-Cell Contact,KEGG: hsa04514
Stress-response,CD8.TEX,HLA-B,CD8B,0.122694932728588,0,HLA-B_CD8B,HLA-B - CD8B,MHC-I,Cell-Cell Contact,KEGG: hsa04514
CD8.CM,CD8.CM,HLA-C,CD8B,0.113489877205219,0,HLA-C_CD8B,HLA-C - CD8B,MHC-I,Cell-Cell Contact,KEGG: hsa04514
CD8.EM,CD8.CM,HLA-C,CD8B,0.118089076847218,0,HLA-C_CD8B,HLA-C - CD8B,MHC-I,Cell-Cell Contact,KEGG: hsa04514
CD8.MAIT,CD8.CM,HLA-C,CD8B,0.112264671123617,0,HLA-C_CD8B,HLA-C - CD8B,MHC-I,Cell-Cell Contact,KEGG: hsa04514
CD8.NaiveLike,CD8.CM,HLA-C,CD8B,0.105603427247466,0,HLA-C_CD8B,HLA-C - CD8B,MHC-I,Cell-Cell Contact,KEGG: hsa04514
CD8.TEMRA,CD8.CM,HLA-C,CD8B,0.125484586382184,0,HLA-C_CD8B,HLA-C - CD8B,MHC-I,Cell-Cell Contact,KEGG: hsa04514
CD8.TEX,CD8.CM,HLA-C,CD8B,0.122353487268661,0,HLA-C_CD8B,HLA-C - CD8B,MHC-I,Cell-Cell Contact,KEGG: hsa04514
CD8.TPEX,CD8.CM,HLA-C,CD8B,0.115984215208474,0,HLA-C_CD8B,HLA-C - CD8B,MHC-I,Cell-Cell Contact,KEGG: hsa04514
Classical Mono-derived,CD8.CM,HLA-C,CD8B,0.110755674073115,0,HLA-C_CD8B,HLA-C - CD8B,MHC-I,Cell-Cell Contact,KEGG: hsa04514
IFN-stimulated,CD8.CM,HLA-C,CD8B,0.113078270359064,0,HLA-C_CD8B,HLA-C - CD8B,MHC-I,Cell-Cell Contact,KEGG: hsa04514
Lipid-associated,CD8.CM,HLA-C,CD8B,0.104984824773037,0,HLA-C_CD8B,HLA-C - CD8B,MHC-I,Cell-Cell Contact,KEGG: hsa04514
Proliferating,CD8.CM,HLA-C,CD8B,0.105118108459929,0,HLA-C_CD8B,HLA-C - CD8B,MHC-I,Cell-Cell Contact,KEGG: hsa04514
Resident M2,CD8.CM,HLA-C,CD8B,0.10662336403888,0,HLA-C_CD8B,HLA-C - CD8B,MHC-I,Cell-Cell Contact,KEGG: hsa04514
Stress-response,CD8.CM,HLA-C,CD8B,0.105784124317097,0,HLA-C_CD8B,HLA-C - CD8B,MHC-I,Cell-Cell Contact,KEGG: hsa04514
CD8.CM,CD8.EM,HLA-C,CD8B,0.121596673293712,0,HLA-C_CD8B,HLA-C - CD8B,MHC-I,Cell-Cell Contact,KEGG: hsa04514
CD8.EM,CD8.EM,HLA-C,CD8B,0.126477531461493,0,HLA-C_CD8B,HLA-C - CD8B,MHC-I,Cell-Cell Contact,KEGG: hsa04514
CD8.MAIT,CD8.EM,HLA-C,CD8B,0.120295824373132,0,HLA-C_CD8B,HLA-C - CD8B,MHC-I,Cell-Cell Contact,KEGG: hsa04514
CD8.NaiveLike,CD8.EM,HLA-C,CD8B,0.113218825659569,0,HLA-C_CD8B,HLA-C - CD8B,MHC-I,Cell-Cell Contact,KEGG: hsa04514
CD8.TEMRA,CD8.EM,HLA-C,CD8B,0.134318369586943,0,HLA-C_CD8B,HLA-C - CD8B,MHC-I,Cell-Cell Contact,KEGG: hsa04514
CD8.TEX,CD8.EM,HLA-C,CD8B,0.130999867812364,0,HLA-C_CD8B,HLA-C - CD8B,MHC-I,Cell-Cell Contact,KEGG: hsa04514
CD8.TPEX,CD8.EM,HLA-C,CD8B,0.124244215339141,0,HLA-C_CD8B,HLA-C - CD8B,MHC-I,Cell-Cell Contact,KEGG: hsa04514
Classical Mono-derived,CD8.EM,HLA-C,CD8B,0.118693310496033,0,HLA-C_CD8B,HLA-C - CD8B,MHC-I,Cell-Cell Contact,KEGG: hsa04514
IFN-stimulated,CD8.EM,HLA-C,CD8B,0.121159682956593,0,HLA-C_CD8B,HLA-C - CD8B,MHC-I,Cell-Cell Contact,KEGG: hsa04514
Inflammatory Mono-derived,CD8.EM,HLA-C,CD8B,0.109432361896173,0,HLA-C_CD8B,HLA-C - CD8B,MHC-I,Cell-Cell Contact,KEGG: hsa04514
Lipid-associated,CD8.EM,HLA-C,CD8B,0.112561227959067,0,HLA-C_CD8B,HLA-C - CD8B,MHC-I,Cell-Cell Contact,KEGG: hsa04514
Proliferating,CD8.EM,HLA-C,CD8B,0.112702919076408,0,HLA-C_CD8B,HLA-C - CD8B,MHC-I,Cell-Cell Contact,KEGG: hsa04514
Resident M2,CD8.EM,HLA-C,CD8B,0.114302913608293,0,HLA-C_CD8B,HLA-C - CD8B,MHC-I,Cell-Cell Contact,KEGG: hsa04514
Stress-response,CD8.EM,HLA-C,CD8B,0.113410901062877,0,HLA-C_CD8B,HLA-C - CD8B,MHC-I,Cell-Cell Contact,KEGG: hsa04514
CD8.CM,CD8.NaiveLike,HLA-C,CD8B,0.119795615167491,0,HLA-C_CD8B,HLA-C - CD8B,MHC-I,Cell-Cell Contact,KEGG: hsa04514
CD8.EM,CD8.NaiveLike,HLA-C,CD8B,0.124614435307257,0,HLA-C_CD8B,HLA-C - CD8B,MHC-I,Cell-Cell Contact,KEGG: hsa04514
CD8.MAIT,CD8.NaiveLike,HLA-C,CD8B,0.118511434524925,0,HLA-C_CD8B,HLA-C - CD8B,MHC-I,Cell-Cell Contact,KEGG: hsa04514
CD8.NaiveLike,CD8.NaiveLike,HLA-C,CD8B,0.111526102925819,0,HLA-C_CD8B,HLA-C - CD8B,MHC-I,Cell-Cell Contact,KEGG: hsa04514
CD8.TEMRA,CD8.NaiveLike,HLA-C,CD8B,0.132357273604794,0,HLA-C_CD8B,HLA-C - CD8B,MHC-I,Cell-Cell Contact,KEGG: hsa04514
CD8.TEX,CD8.NaiveLike,HLA-C,CD8B,0.129079998662566,0,HLA-C_CD8B,HLA-C - CD8B,MHC-I,Cell-Cell Contact,KEGG: hsa04514
CD8.TPEX,CD8.NaiveLike,HLA-C,CD8B,0.122409407255275,0,HLA-C_CD8B,HLA-C - CD8B,MHC-I,Cell-Cell Contact,KEGG: hsa04514
Classical Mono-derived,CD8.NaiveLike,HLA-C,CD8B,0.116929531720022,0,HLA-C_CD8B,HLA-C - CD8B,MHC-I,Cell-Cell Contact,KEGG: hsa04514
IFN-stimulated,CD8.NaiveLike,HLA-C,CD8B,0.119364217871988,0,HLA-C_CD8B,HLA-C - CD8B,MHC-I,Cell-Cell Contact,KEGG: hsa04514
Inflammatory Mono-derived,CD8.NaiveLike,HLA-C,CD8B,0.107789369042305,0.01,HLA-C_CD8B,HLA-C - CD8B,MHC-I,Cell-Cell Contact,KEGG: hsa04514
Lipid-associated,CD8.NaiveLike,HLA-C,CD8B,0.11087710761338,0,HLA-C_CD8B,HLA-C - CD8B,MHC-I,Cell-Cell Contact,KEGG: hsa04514
Proliferating,CD8.NaiveLike,HLA-C,CD8B,0.11101694397695,0,HLA-C_CD8B,HLA-C - CD8B,MHC-I,Cell-Cell Contact,KEGG: hsa04514
Resident M2,CD8.NaiveLike,HLA-C,CD8B,0.112596040756584,0,HLA-C_CD8B,HLA-C - CD8B,MHC-I,Cell-Cell Contact,KEGG: hsa04514
Stress-response,CD8.NaiveLike,HLA-C,CD8B,0.111715668403348,0,HLA-C_CD8B,HLA-C - CD8B,MHC-I,Cell-Cell Contact,KEGG: hsa04514
CD8.CM,CD8.TEMRA,HLA-C,CD8B,0.130379874242652,0,HLA-C_CD8B,HLA-C - CD8B,MHC-I,Cell-Cell Contact,KEGG: hsa04514
CD8.EM,CD8.TEMRA,HLA-C,CD8B,0.135558879945029,0,HLA-C_CD8B,HLA-C - CD8B,MHC-I,Cell-Cell Contact,KEGG: hsa04514
CD8.MAIT,CD8.TEMRA,HLA-C,CD8B,0.128998861153754,0,HLA-C_CD8B,HLA-C - CD8B,MHC-I,Cell-Cell Contact,KEGG: hsa04514
CD8.NaiveLike,CD8.TEMRA,HLA-C,CD8B,0.121480566397759,0.04,HLA-C_CD8B,HLA-C - CD8B,MHC-I,Cell-Cell Contact,KEGG: hsa04514
CD8.TEMRA,CD8.TEMRA,HLA-C,CD8B,0.143869981747591,0,HLA-C_CD8B,HLA-C - CD8B,MHC-I,Cell-Cell Contact,KEGG: hsa04514
CD8.TEX,CD8.TEMRA,HLA-C,CD8B,0.140353755927224,0,HLA-C_CD8B,HLA-C - CD8B,MHC-I,Cell-Cell Contact,KEGG: hsa04514
CD8.TPEX,CD8.TEMRA,HLA-C,CD8B,0.133189657369331,0,HLA-C_CD8B,HLA-C - CD8B,MHC-I,Cell-Cell Contact,KEGG: hsa04514
Classical Mono-derived,CD8.TEMRA,HLA-C,CD8B,0.127297186885163,0,HLA-C_CD8B,HLA-C - CD8B,MHC-I,Cell-Cell Contact,KEGG: hsa04514
IFN-stimulated,CD8.TEMRA,HLA-C,CD8B,0.129915987549435,0,HLA-C_CD8B,HLA-C - CD8B,MHC-I,Cell-Cell Contact,KEGG: hsa04514
Inflammatory Mono-derived,CD8.TEMRA,HLA-C,CD8B,0.117454395419337,0.04,HLA-C_CD8B,HLA-C - CD8B,MHC-I,Cell-Cell Contact,KEGG: hsa04514
Lipid-associated,CD8.TEMRA,HLA-C,CD8B,0.120781518623103,0.04,HLA-C_CD8B,HLA-C - CD8B,MHC-I,Cell-Cell Contact,KEGG: hsa04514
Proliferating,CD8.TEMRA,HLA-C,CD8B,0.120932147290572,0.04,HLA-C_CD8B,HLA-C - CD8B,MHC-I,Cell-Cell Contact,KEGG: hsa04514
Resident M2,CD8.TEMRA,HLA-C,CD8B,0.122632822047753,0.04,HLA-C_CD8B,HLA-C - CD8B,MHC-I,Cell-Cell Contact,KEGG: hsa04514
Stress-response,CD8.TEMRA,HLA-C,CD8B,0.121684734531904,0.04,HLA-C_CD8B,HLA-C - CD8B,MHC-I,Cell-Cell Contact,KEGG: hsa04514
CD8.CM,CD8.TEX,HLA-C,CD8B,0.115048635632532,0,HLA-C_CD8B,HLA-C - CD8B,MHC-I,Cell-Cell Contact,KEGG: hsa04514
CD8.EM,CD8.TEX,HLA-C,CD8B,0.119702474770813,0,HLA-C_CD8B,HLA-C - CD8B,MHC-I,Cell-Cell Contact,KEGG: hsa04514
CD8.MAIT,CD8.TEX,HLA-C,CD8B,0.113808761959289,0,HLA-C_CD8B,HLA-C - CD8B,MHC-I,Cell-Cell Contact,KEGG: hsa04514
CD8.NaiveLike,CD8.TEX,HLA-C,CD8B,0.10706694904919,0,HLA-C_CD8B,HLA-C - CD8B,MHC-I,Cell-Cell Contact,KEGG: hsa04514
CD8.TEMRA,CD8.TEX,HLA-C,CD8B,0.127184454160068,0,HLA-C_CD8B,HLA-C - CD8B,MHC-I,Cell-Cell Contact,KEGG: hsa04514
CD8.TEX,CD8.TEX,HLA-C,CD8B,0.124016954834834,0,HLA-C_CD8B,HLA-C - CD8B,MHC-I,Cell-Cell Contact,KEGG: hsa04514
CD8.TPEX,CD8.TEX,HLA-C,CD8B,0.117572689221626,0,HLA-C_CD8B,HLA-C - CD8B,MHC-I,Cell-Cell Contact,KEGG: hsa04514
Classical Mono-derived,CD8.TEX,HLA-C,CD8B,0.112281635213987,0,HLA-C_CD8B,HLA-C - CD8B,MHC-I,Cell-Cell Contact,KEGG: hsa04514
IFN-stimulated,CD8.TEX,HLA-C,CD8B,0.114632106473094,0,HLA-C_CD8B,HLA-C - CD8B,MHC-I,Cell-Cell Contact,KEGG: hsa04514
Inflammatory Mono-derived,CD8.TEX,HLA-C,CD8B,0.103462222950944,0,HLA-C_CD8B,HLA-C - CD8B,MHC-I,Cell-Cell Contact,KEGG: hsa04514
Lipid-associated,CD8.TEX,HLA-C,CD8B,0.106440793834406,0,HLA-C_CD8B,HLA-C - CD8B,MHC-I,Cell-Cell Contact,KEGG: hsa04514
Proliferating,CD8.TEX,HLA-C,CD8B,0.106575705844363,0,HLA-C_CD8B,HLA-C - CD8B,MHC-I,Cell-Cell Contact,KEGG: hsa04514
Resident M2,CD8.TEX,HLA-C,CD8B,0.108099312405081,0,HLA-C_CD8B,HLA-C - CD8B,MHC-I,Cell-Cell Contact,KEGG: hsa04514
Stress-response,CD8.TEX,HLA-C,CD8B,0.107249850049134,0,HLA-C_CD8B,HLA-C - CD8B,MHC-I,Cell-Cell Contact,KEGG: hsa04514
CD8.TEMRA,CD8.TPEX,HLA-C,CD8B,0.109995333775317,0.02,HLA-C_CD8B,HLA-C - CD8B,MHC-I,Cell-Cell Contact,KEGG: hsa04514
CD8.TEX,CD8.TPEX,HLA-C,CD8B,0.107203345331568,0.01,HLA-C_CD8B,HLA-C - CD8B,MHC-I,Cell-Cell Contact,KEGG: hsa04514
CD8.CM,CD8.CM,HLA-E,CD8B,0.0944136167849523,0,HLA-E_CD8B,HLA-E - CD8B,MHC-I,Cell-Cell Contact,KEGG: hsa04514
CD8.EM,CD8.CM,HLA-E,CD8B,0.0981201906701683,0,HLA-E_CD8B,HLA-E - CD8B,MHC-I,Cell-Cell Contact,KEGG: hsa04514
CD8.MAIT,CD8.CM,HLA-E,CD8B,0.0946972517178115,0,HLA-E_CD8B,HLA-E - CD8B,MHC-I,Cell-Cell Contact,KEGG: hsa04514
CD8.NaiveLike,CD8.CM,HLA-E,CD8B,0.0942585381831495,0,HLA-E_CD8B,HLA-E - CD8B,MHC-I,Cell-Cell Contact,KEGG: hsa04514
CD8.TEMRA,CD8.CM,HLA-E,CD8B,0.100860240552117,0,HLA-E_CD8B,HLA-E - CD8B,MHC-I,Cell-Cell Contact,KEGG: hsa04514
CD8.TEX,CD8.CM,HLA-E,CD8B,0.0920717578177578,0,HLA-E_CD8B,HLA-E - CD8B,MHC-I,Cell-Cell Contact,KEGG: hsa04514
CD8.TPEX,CD8.CM,HLA-E,CD8B,0.0896371490063535,0,HLA-E_CD8B,HLA-E - CD8B,MHC-I,Cell-Cell Contact,KEGG: hsa04514
IFN-stimulated,CD8.CM,HLA-E,CD8B,0.0889287622743963,0,HLA-E_CD8B,HLA-E - CD8B,MHC-I,Cell-Cell Contact,KEGG: hsa04514
Lipid-associated,CD8.CM,HLA-E,CD8B,0.0826386647155883,0.01,HLA-E_CD8B,HLA-E - CD8B,MHC-I,Cell-Cell Contact,KEGG: hsa04514
Resident M2,CD8.CM,HLA-E,CD8B,0.0877643896403293,0,HLA-E_CD8B,HLA-E - CD8B,MHC-I,Cell-Cell Contact,KEGG: hsa04514
CD8.CM,CD8.EM,HLA-E,CD8B,0.101313488393545,0,HLA-E_CD8B,HLA-E - CD8B,MHC-I,Cell-Cell Contact,KEGG: hsa04514
CD8.EM,CD8.EM,HLA-E,CD8B,0.105259458108402,0,HLA-E_CD8B,HLA-E - CD8B,MHC-I,Cell-Cell Contact,KEGG: hsa04514
CD8.MAIT,CD8.EM,HLA-E,CD8B,0.10161552581324,0,HLA-E_CD8B,HLA-E - CD8B,MHC-I,Cell-Cell Contact,KEGG: hsa04514
CD8.NaiveLike,CD8.EM,HLA-E,CD8B,0.101148342307293,0,HLA-E_CD8B,HLA-E - CD8B,MHC-I,Cell-Cell Contact,KEGG: hsa04514
CD8.TEMRA,CD8.EM,HLA-E,CD8B,0.108174962326102,0,HLA-E_CD8B,HLA-E - CD8B,MHC-I,Cell-Cell Contact,KEGG: hsa04514
CD8.TEX,CD8.EM,HLA-E,CD8B,0.0988191590492514,0,HLA-E_CD8B,HLA-E - CD8B,MHC-I,Cell-Cell Contact,KEGG: hsa04514
CD8.TPEX,CD8.EM,HLA-E,CD8B,0.0962250412997215,0,HLA-E_CD8B,HLA-E - CD8B,MHC-I,Cell-Cell Contact,KEGG: hsa04514
Classical Mono-derived,CD8.EM,HLA-E,CD8B,0.0886370337985346,0,HLA-E_CD8B,HLA-E - CD8B,MHC-I,Cell-Cell Contact,KEGG: hsa04514
IFN-stimulated,CD8.EM,HLA-E,CD8B,0.0954700514656083,0,HLA-E_CD8B,HLA-E - CD8B,MHC-I,Cell-Cell Contact,KEGG: hsa04514
Inflammatory Mono-derived,CD8.EM,HLA-E,CD8B,0.0826448405244178,0,HLA-E_CD8B,HLA-E - CD8B,MHC-I,Cell-Cell Contact,KEGG: hsa04514
Lipid-associated,CD8.EM,HLA-E,CD8B,0.0887623532918025,0,HLA-E_CD8B,HLA-E - CD8B,MHC-I,Cell-Cell Contact,KEGG: hsa04514
Proliferating,CD8.EM,HLA-E,CD8B,0.0871355477077387,0,HLA-E_CD8B,HLA-E - CD8B,MHC-I,Cell-Cell Contact,KEGG: hsa04514
Resident M2,CD8.EM,HLA-E,CD8B,0.0942288898335724,0,HLA-E_CD8B,HLA-E - CD8B,MHC-I,Cell-Cell Contact,KEGG: hsa04514
Stress-response,CD8.EM,HLA-E,CD8B,0.0824443959836488,0.01,HLA-E_CD8B,HLA-E - CD8B,MHC-I,Cell-Cell Contact,KEGG: hsa04514
CD8.CM,CD8.NaiveLike,HLA-E,CD8B,0.0997787334338764,0,HLA-E_CD8B,HLA-E - CD8B,MHC-I,Cell-Cell Contact,KEGG: hsa04514
CD8.EM,CD8.NaiveLike,HLA-E,CD8B,0.103671823026126,0,HLA-E_CD8B,HLA-E - CD8B,MHC-I,Cell-Cell Contact,KEGG: hsa04514
CD8.MAIT,CD8.NaiveLike,HLA-E,CD8B,0.100076704932504,0,HLA-E_CD8B,HLA-E - CD8B,MHC-I,Cell-Cell Contact,KEGG: hsa04514
CD8.NaiveLike,CD8.NaiveLike,HLA-E,CD8B,0.0996158117689255,0,HLA-E_CD8B,HLA-E - CD8B,MHC-I,Cell-Cell Contact,KEGG: hsa04514
CD8.TEMRA,CD8.NaiveLike,HLA-E,CD8B,0.106548589162067,0,HLA-E_CD8B,HLA-E - CD8B,MHC-I,Cell-Cell Contact,KEGG: hsa04514
CD8.TEX,CD8.NaiveLike,HLA-E,CD8B,0.0973180978566768,0,HLA-E_CD8B,HLA-E - CD8B,MHC-I,Cell-Cell Contact,KEGG: hsa04514
CD8.TPEX,CD8.NaiveLike,HLA-E,CD8B,0.0947592413105745,0,HLA-E_CD8B,HLA-E - CD8B,MHC-I,Cell-Cell Contact,KEGG: hsa04514
Classical Mono-derived,CD8.NaiveLike,HLA-E,CD8B,0.0872756601048324,0.01,HLA-E_CD8B,HLA-E - CD8B,MHC-I,Cell-Cell Contact,KEGG: hsa04514
IFN-stimulated,CD8.NaiveLike,HLA-E,CD8B,0.0940145559057634,0,HLA-E_CD8B,HLA-E - CD8B,MHC-I,Cell-Cell Contact,KEGG: hsa04514
Lipid-associated,CD8.NaiveLike,HLA-E,CD8B,0.0873992394048221,0.01,HLA-E_CD8B,HLA-E - CD8B,MHC-I,Cell-Cell Contact,KEGG: hsa04514
Proliferating,CD8.NaiveLike,HLA-E,CD8B,0.0857950643236195,0.01,HLA-E_CD8B,HLA-E - CD8B,MHC-I,Cell-Cell Contact,KEGG: hsa04514
Resident M2,CD8.NaiveLike,HLA-E,CD8B,0.0927903753744552,0,HLA-E_CD8B,HLA-E - CD8B,MHC-I,Cell-Cell Contact,KEGG: hsa04514
CD8.CM,CD8.TEMRA,HLA-E,CD8B,0.108813080032308,0,HLA-E_CD8B,HLA-E - CD8B,MHC-I,Cell-Cell Contact,KEGG: hsa04514
CD8.EM,CD8.TEMRA,HLA-E,CD8B,0.11301441229468,0,HLA-E_CD8B,HLA-E - CD8B,MHC-I,Cell-Cell Contact,KEGG: hsa04514
CD8.MAIT,CD8.TEMRA,HLA-E,CD8B,0.109134760255694,0,HLA-E_CD8B,HLA-E - CD8B,MHC-I,Cell-Cell Contact,KEGG: hsa04514
CD8.NaiveLike,CD8.TEMRA,HLA-E,CD8B,0.108637187011215,0,HLA-E_CD8B,HLA-E - CD8B,MHC-I,Cell-Cell Contact,KEGG: hsa04514
CD8.TEMRA,CD8.TEMRA,HLA-E,CD8B,0.11611683931527,0,HLA-E_CD8B,HLA-E - CD8B,MHC-I,Cell-Cell Contact,KEGG: hsa04514
CD8.TEX,CD8.TEMRA,HLA-E,CD8B,0.106155921613774,0,HLA-E_CD8B,HLA-E - CD8B,MHC-I,Cell-Cell Contact,KEGG: hsa04514
CD8.TPEX,CD8.TEMRA,HLA-E,CD8B,0.103391301901298,0,HLA-E_CD8B,HLA-E - CD8B,MHC-I,Cell-Cell Contact,KEGG: hsa04514
Classical Mono-derived,CD8.TEMRA,HLA-E,CD8B,0.0952977728106124,0.04,HLA-E_CD8B,HLA-E - CD8B,MHC-I,Cell-Cell Contact,KEGG: hsa04514
IFN-stimulated,CD8.TEMRA,HLA-E,CD8B,0.10258646725162,0,HLA-E_CD8B,HLA-E - CD8B,MHC-I,Cell-Cell Contact,KEGG: hsa04514
Lipid-associated,CD8.TEMRA,HLA-E,CD8B,0.0954315234793056,0.04,HLA-E_CD8B,HLA-E - CD8B,MHC-I,Cell-Cell Contact,KEGG: hsa04514
Proliferating,CD8.TEMRA,HLA-E,CD8B,0.0936950555877229,0.04,HLA-E_CD8B,HLA-E - CD8B,MHC-I,Cell-Cell Contact,KEGG: hsa04514
Resident M2,CD8.TEMRA,HLA-E,CD8B,0.101263145820667,0.01,HLA-E_CD8B,HLA-E - CD8B,MHC-I,Cell-Cell Contact,KEGG: hsa04514
CD8.CM,CD8.TEX,HLA-E,CD8B,0.0957386625628508,0,HLA-E_CD8B,HLA-E - CD8B,MHC-I,Cell-Cell Contact,KEGG: hsa04514
CD8.EM,CD8.TEX,HLA-E,CD8B,0.0994915411579938,0,HLA-E_CD8B,HLA-E - CD8B,MHC-I,Cell-Cell Contact,KEGG: hsa04514
CD8.MAIT,CD8.TEX,HLA-E,CD8B,0.0960258560648378,0,HLA-E_CD8B,HLA-E - CD8B,MHC-I,Cell-Cell Contact,KEGG: hsa04514
CD8.NaiveLike,CD8.TEX,HLA-E,CD8B,0.0955816372306772,0,HLA-E_CD8B,HLA-E - CD8B,MHC-I,Cell-Cell Contact,KEGG: hsa04514
CD8.TEMRA,CD8.TEX,HLA-E,CD8B,0.102265544217138,0,HLA-E_CD8B,HLA-E - CD8B,MHC-I,Cell-Cell Contact,KEGG: hsa04514
CD8.TEX,CD8.TEX,HLA-E,CD8B,0.0933673254421038,0,HLA-E_CD8B,HLA-E - CD8B,MHC-I,Cell-Cell Contact,KEGG: hsa04514
CD8.TPEX,CD8.TEX,HLA-E,CD8B,0.0909018884865466,0,HLA-E_CD8B,HLA-E - CD8B,MHC-I,Cell-Cell Contact,KEGG: hsa04514
Classical Mono-derived,CD8.TEX,HLA-E,CD8B,0.0836947753898741,0,HLA-E_CD8B,HLA-E - CD8B,MHC-I,Cell-Cell Contact,KEGG: hsa04514
IFN-stimulated,CD8.TEX,HLA-E,CD8B,0.0901844968889908,0,HLA-E_CD8B,HLA-E - CD8B,MHC-I,Cell-Cell Contact,KEGG: hsa04514
Lipid-associated,CD8.TEX,HLA-E,CD8B,0.0838137498876199,0,HLA-E_CD8B,HLA-E - CD8B,MHC-I,Cell-Cell Contact,KEGG: hsa04514
Proliferating,CD8.TEX,HLA-E,CD8B,0.0822694522371538,0.03,HLA-E_CD8B,HLA-E - CD8B,MHC-I,Cell-Cell Contact,KEGG: hsa04514
Resident M2,CD8.TEX,HLA-E,CD8B,0.0890052887636966,0,HLA-E_CD8B,HLA-E - CD8B,MHC-I,Cell-Cell Contact,KEGG: hsa04514
CD8.EM,CD8.TPEX,HLA-E,CD8B,0.0856777532312138,0.02,HLA-E_CD8B,HLA-E - CD8B,MHC-I,Cell-Cell Contact,KEGG: hsa04514
CD8.TEMRA,CD8.TPEX,HLA-E,CD8B,0.0881042858132631,0.01,HLA-E_CD8B,HLA-E - CD8B,MHC-I,Cell-Cell Contact,KEGG: hsa04514
CD8.CM,CD8.CM,HLA-F,CD8B,0.0381126166113683,0,HLA-F_CD8B,HLA-F - CD8B,MHC-I,Cell-Cell Contact,KEGG: hsa04514
CD8.EM,CD8.CM,HLA-F,CD8B,0.0413403681737948,0,HLA-F_CD8B,HLA-F - CD8B,MHC-I,Cell-Cell Contact,KEGG: hsa04514
CD8.MAIT,CD8.CM,HLA-F,CD8B,0.0375014022333294,0,HLA-F_CD8B,HLA-F - CD8B,MHC-I,Cell-Cell Contact,KEGG: hsa04514
CD8.NaiveLike,CD8.CM,HLA-F,CD8B,0.0379656980317908,0,HLA-F_CD8B,HLA-F - CD8B,MHC-I,Cell-Cell Contact,KEGG: hsa04514
CD8.TEMRA,CD8.CM,HLA-F,CD8B,0.0475675570063681,0,HLA-F_CD8B,HLA-F - CD8B,MHC-I,Cell-Cell Contact,KEGG: hsa04514
CD8.TEX,CD8.CM,HLA-F,CD8B,0.0368452422767104,0,HLA-F_CD8B,HLA-F - CD8B,MHC-I,Cell-Cell Contact,KEGG: hsa04514
CD8.TPEX,CD8.CM,HLA-F,CD8B,0.0367718516191466,0,HLA-F_CD8B,HLA-F - CD8B,MHC-I,Cell-Cell Contact,KEGG: hsa04514
IFN-stimulated,CD8.CM,HLA-F,CD8B,0.0328458110704296,0,HLA-F_CD8B,HLA-F - CD8B,MHC-I,Cell-Cell Contact,KEGG: hsa04514
CD8.CM,CD8.EM,HLA-F,CD8B,0.0410846056837824,0,HLA-F_CD8B,HLA-F - CD8B,MHC-I,Cell-Cell Contact,KEGG: hsa04514
CD8.EM,CD8.EM,HLA-F,CD8B,0.044552396501905,0,HLA-F_CD8B,HLA-F - CD8B,MHC-I,Cell-Cell Contact,KEGG: hsa04514
CD8.MAIT,CD8.EM,HLA-F,CD8B,0.0404277325472304,0,HLA-F_CD8B,HLA-F - CD8B,MHC-I,Cell-Cell Contact,KEGG: hsa04514
CD8.NaiveLike,CD8.EM,HLA-F,CD8B,0.0409267179784275,0,HLA-F_CD8B,HLA-F - CD8B,MHC-I,Cell-Cell Contact,KEGG: hsa04514
CD8.TEMRA,CD8.EM,HLA-F,CD8B,0.0512375605339949,0,HLA-F_CD8B,HLA-F - CD8B,MHC-I,Cell-Cell Contact,KEGG: hsa04514
CD8.TEX,CD8.EM,HLA-F,CD8B,0.0397224838600595,0,HLA-F_CD8B,HLA-F - CD8B,MHC-I,Cell-Cell Contact,KEGG: hsa04514
CD8.TPEX,CD8.EM,HLA-F,CD8B,0.039643598024502,0,HLA-F_CD8B,HLA-F - CD8B,MHC-I,Cell-Cell Contact,KEGG: hsa04514
IFN-stimulated,CD8.EM,HLA-F,CD8B,0.0354222235462237,0,HLA-F_CD8B,HLA-F - CD8B,MHC-I,Cell-Cell Contact,KEGG: hsa04514
CD8.CM,CD8.NaiveLike,HLA-F,CD8B,0.0404211952802276,0,HLA-F_CD8B,HLA-F - CD8B,MHC-I,Cell-Cell Contact,KEGG: hsa04514
CD8.EM,CD8.NaiveLike,HLA-F,CD8B,0.0438355499993391,0,HLA-F_CD8B,HLA-F - CD8B,MHC-I,Cell-Cell Contact,KEGG: hsa04514
CD8.MAIT,CD8.NaiveLike,HLA-F,CD8B,0.0397744889946931,0,HLA-F_CD8B,HLA-F - CD8B,MHC-I,Cell-Cell Contact,KEGG: hsa04514
CD8.NaiveLike,CD8.NaiveLike,HLA-F,CD8B,0.0402657499990375,0,HLA-F_CD8B,HLA-F - CD8B,MHC-I,Cell-Cell Contact,KEGG: hsa04514
CD8.TEMRA,CD8.NaiveLike,HLA-F,CD8B,0.0504188261148183,0,HLA-F_CD8B,HLA-F - CD8B,MHC-I,Cell-Cell Contact,KEGG: hsa04514
CD8.TEX,CD8.NaiveLike,HLA-F,CD8B,0.0390801718239051,0,HLA-F_CD8B,HLA-F - CD8B,MHC-I,Cell-Cell Contact,KEGG: hsa04514
CD8.TPEX,CD8.NaiveLike,HLA-F,CD8B,0.0390025097623465,0,HLA-F_CD8B,HLA-F - CD8B,MHC-I,Cell-Cell Contact,KEGG: hsa04514
IFN-stimulated,CD8.NaiveLike,HLA-F,CD8B,0.0348469233436006,0.01,HLA-F_CD8B,HLA-F - CD8B,MHC-I,Cell-Cell Contact,KEGG: hsa04514
CD8.CM,CD8.TEMRA,HLA-F,CD8B,0.0443458356418488,0,HLA-F_CD8B,HLA-F - CD8B,MHC-I,Cell-Cell Contact,KEGG: hsa04514
CD8.EM,CD8.TEMRA,HLA-F,CD8B,0.0480750936138905,0,HLA-F_CD8B,HLA-F - CD8B,MHC-I,Cell-Cell Contact,KEGG: hsa04514
CD8.MAIT,CD8.TEMRA,HLA-F,CD8B,0.0436391938759395,0,HLA-F_CD8B,HLA-F - CD8B,MHC-I,Cell-Cell Contact,KEGG: hsa04514
CD8.NaiveLike,CD8.TEMRA,HLA-F,CD8B,0.0441759924374592,0,HLA-F_CD8B,HLA-F - CD8B,MHC-I,Cell-Cell Contact,KEGG: hsa04514
CD8.TEMRA,CD8.TEMRA,HLA-F,CD8B,0.0552582736355343,0,HLA-F_CD8B,HLA-F - CD8B,MHC-I,Cell-Cell Contact,KEGG: hsa04514
CD8.TEX,CD8.TEMRA,HLA-F,CD8B,0.042880425783648,0,HLA-F_CD8B,HLA-F - CD8B,MHC-I,Cell-Cell Contact,KEGG: hsa04514
CD8.TPEX,CD8.TEMRA,HLA-F,CD8B,0.0427955480068121,0,HLA-F_CD8B,HLA-F - CD8B,MHC-I,Cell-Cell Contact,KEGG: hsa04514
IFN-stimulated,CD8.TEMRA,HLA-F,CD8B,0.0382519124664418,0.01,HLA-F_CD8B,HLA-F - CD8B,MHC-I,Cell-Cell Contact,KEGG: hsa04514
CD8.CM,CD8.TEX,HLA-F,CD8B,0.0386812579923349,0,HLA-F_CD8B,HLA-F - CD8B,MHC-I,Cell-Cell Contact,KEGG: hsa04514
CD8.EM,CD8.TEX,HLA-F,CD8B,0.0419550671694014,0,HLA-F_CD8B,HLA-F - CD8B,MHC-I,Cell-Cell Contact,KEGG: hsa04514
CD8.MAIT,CD8.TEX,HLA-F,CD8B,0.0380612851239578,0,HLA-F_CD8B,HLA-F - CD8B,MHC-I,Cell-Cell Contact,KEGG: hsa04514
CD8.NaiveLike,CD8.TEX,HLA-F,CD8B,0.0385322351936389,0,HLA-F_CD8B,HLA-F - CD8B,MHC-I,Cell-Cell Contact,KEGG: hsa04514
CD8.TEMRA,CD8.TEX,HLA-F,CD8B,0.0482701871963967,0,HLA-F_CD8B,HLA-F - CD8B,MHC-I,Cell-Cell Contact,KEGG: hsa04514
CD8.TEX,CD8.TEX,HLA-F,CD8B,0.0373957095382093,0,HLA-F_CD8B,HLA-F - CD8B,MHC-I,Cell-Cell Contact,KEGG: hsa04514
CD8.TPEX,CD8.TEX,HLA-F,CD8B,0.0373212649120502,0,HLA-F_CD8B,HLA-F - CD8B,MHC-I,Cell-Cell Contact,KEGG: hsa04514
IFN-stimulated,CD8.TEX,HLA-F,CD8B,0.0333385951344603,0,HLA-F_CD8B,HLA-F - CD8B,MHC-I,Cell-Cell Contact,KEGG: hsa04514
CD8.CM,CD8.TPEX,HLA-F,CD8B,0.0330011856041403,0.01,HLA-F_CD8B,HLA-F - CD8B,MHC-I,Cell-Cell Contact,KEGG: hsa04514
CD8.EM,CD8.TPEX,HLA-F,CD8B,0.0358121677230098,0,HLA-F_CD8B,HLA-F - CD8B,MHC-I,Cell-Cell Contact,KEGG: hsa04514
CD8.TEMRA,CD8.TPEX,HLA-F,CD8B,0.0412424564143407,0,HLA-F_CD8B,HLA-F - CD8B,MHC-I,Cell-Cell Contact,KEGG: hsa04514
CD8.CM,Classical Mono-derived,HLA-F,LILRB1,0.0229419074470906,0,HLA-F_LILRB1,HLA-F - LILRB1,MHC-I,Cell-Cell Contact,PMID: 28484462
CD8.EM,Classical Mono-derived,HLA-F,LILRB1,0.0249181374817174,0,HLA-F_LILRB1,HLA-F - LILRB1,MHC-I,Cell-Cell Contact,PMID: 28484462
CD8.MAIT,Classical Mono-derived,HLA-F,LILRB1,0.0225682783906125,0,HLA-F_LILRB1,HLA-F - LILRB1,MHC-I,Cell-Cell Contact,PMID: 28484462
CD8.NaiveLike,Classical Mono-derived,HLA-F,LILRB1,0.0228520803774036,0,HLA-F_LILRB1,HLA-F - LILRB1,MHC-I,Cell-Cell Contact,PMID: 28484462
CD8.TEMRA,Classical Mono-derived,HLA-F,LILRB1,0.028745785627997,0,HLA-F_LILRB1,HLA-F - LILRB1,MHC-I,Cell-Cell Contact,PMID: 28484462
CD8.TEX,Classical Mono-derived,HLA-F,LILRB1,0.0221673848199588,0,HLA-F_LILRB1,HLA-F - LILRB1,MHC-I,Cell-Cell Contact,PMID: 28484462
CD8.TPEX,Classical Mono-derived,HLA-F,LILRB1,0.0221225589130567,0,HLA-F_LILRB1,HLA-F - LILRB1,MHC-I,Cell-Cell Contact,PMID: 28484462
Classical Mono-derived,Classical Mono-derived,HLA-F,LILRB1,0.0166522176230788,0,HLA-F_LILRB1,HLA-F - LILRB1,MHC-I,Cell-Cell Contact,PMID: 28484462
IFN-stimulated,Classical Mono-derived,HLA-F,LILRB1,0.0197285526740317,0,HLA-F_LILRB1,HLA-F - LILRB1,MHC-I,Cell-Cell Contact,PMID: 28484462
Inflammatory Mono-derived,Classical Mono-derived,HLA-F,LILRB1,0.0137012243293585,0,HLA-F_LILRB1,HLA-F - LILRB1,MHC-I,Cell-Cell Contact,PMID: 28484462
Lipid-associated,Classical Mono-derived,HLA-F,LILRB1,0.00696852283669243,0,HLA-F_LILRB1,HLA-F - LILRB1,MHC-I,Cell-Cell Contact,PMID: 28484462
Proliferating,Classical Mono-derived,HLA-F,LILRB1,0.0067585308759268,0,HLA-F_LILRB1,HLA-F - LILRB1,MHC-I,Cell-Cell Contact,PMID: 28484462
Resident M2,Classical Mono-derived,HLA-F,LILRB1,0.0143425874255005,0,HLA-F_LILRB1,HLA-F - LILRB1,MHC-I,Cell-Cell Contact,PMID: 28484462
Stress-response,Classical Mono-derived,HLA-F,LILRB1,0.0146460721439021,0,HLA-F_LILRB1,HLA-F - LILRB1,MHC-I,Cell-Cell Contact,PMID: 28484462
CD8.CM,IFN-stimulated,HLA-F,LILRB1,0.0202724310000888,0,HLA-F_LILRB1,HLA-F - LILRB1,MHC-I,Cell-Cell Contact,PMID: 28484462
CD8.EM,IFN-stimulated,HLA-F,LILRB1,0.0220238940069723,0,HLA-F_LILRB1,HLA-F - LILRB1,MHC-I,Cell-Cell Contact,PMID: 28484462
CD8.MAIT,IFN-stimulated,HLA-F,LILRB1,0.0199413894020197,0,HLA-F_LILRB1,HLA-F - LILRB1,MHC-I,Cell-Cell Contact,PMID: 28484462
CD8.NaiveLike,IFN-stimulated,HLA-F,LILRB1,0.0201928400228663,0,HLA-F_LILRB1,HLA-F - LILRB1,MHC-I,Cell-Cell Contact,PMID: 28484462
CD8.TEMRA,IFN-stimulated,HLA-F,LILRB1,0.0254185499498767,0,HLA-F_LILRB1,HLA-F - LILRB1,MHC-I,Cell-Cell Contact,PMID: 28484462
CD8.TEX,IFN-stimulated,HLA-F,LILRB1,0.0195862237478219,0,HLA-F_LILRB1,HLA-F - LILRB1,MHC-I,Cell-Cell Contact,PMID: 28484462
CD8.TPEX,IFN-stimulated,HLA-F,LILRB1,0.0195465130148054,0,HLA-F_LILRB1,HLA-F - LILRB1,MHC-I,Cell-Cell Contact,PMID: 28484462
Classical Mono-derived,IFN-stimulated,HLA-F,LILRB1,0.0147035838648673,0,HLA-F_LILRB1,HLA-F - LILRB1,MHC-I,Cell-Cell Contact,PMID: 28484462
IFN-stimulated,IFN-stimulated,HLA-F,LILRB1,0.0174263073536725,0,HLA-F_LILRB1,HLA-F - LILRB1,MHC-I,Cell-Cell Contact,PMID: 28484462
Inflammatory Mono-derived,IFN-stimulated,HLA-F,LILRB1,0.0120936673052002,0,HLA-F_LILRB1,HLA-F - LILRB1,MHC-I,Cell-Cell Contact,PMID: 28484462
Lipid-associated,IFN-stimulated,HLA-F,LILRB1,0.00614598750110079,0,HLA-F_LILRB1,HLA-F - LILRB1,MHC-I,Cell-Cell Contact,PMID: 28484462
Proliferating,IFN-stimulated,HLA-F,LILRB1,0.00596063333401249,0,HLA-F_LILRB1,HLA-F - LILRB1,MHC-I,Cell-Cell Contact,PMID: 28484462
Resident M2,IFN-stimulated,HLA-F,LILRB1,0.0126607455921022,0,HLA-F_LILRB1,HLA-F - LILRB1,MHC-I,Cell-Cell Contact,PMID: 28484462
Stress-response,IFN-stimulated,HLA-F,LILRB1,0.0129291098636858,0,HLA-F_LILRB1,HLA-F - LILRB1,MHC-I,Cell-Cell Contact,PMID: 28484462
CD8.CM,Inflammatory Mono-derived,HLA-F,LILRB1,0.00628885180854378,0,HLA-F_LILRB1,HLA-F - LILRB1,MHC-I,Cell-Cell Contact,PMID: 28484462
CD8.EM,Inflammatory Mono-derived,HLA-F,LILRB1,0.00684062068958372,0,HLA-F_LILRB1,HLA-F - LILRB1,MHC-I,Cell-Cell Contact,PMID: 28484462
CD8.MAIT,Inflammatory Mono-derived,HLA-F,LILRB1,0.0061847156092371,0,HLA-F_LILRB1,HLA-F - LILRB1,MHC-I,Cell-Cell Contact,PMID: 28484462
CD8.NaiveLike,Inflammatory Mono-derived,HLA-F,LILRB1,0.0062638103359455,0,HLA-F_LILRB1,HLA-F - LILRB1,MHC-I,Cell-Cell Contact,PMID: 28484462
CD8.TEMRA,Inflammatory Mono-derived,HLA-F,LILRB1,0.007913938589816,0,HLA-F_LILRB1,HLA-F - LILRB1,MHC-I,Cell-Cell Contact,PMID: 28484462
CD8.TEX,Inflammatory Mono-derived,HLA-F,LILRB1,0.00607304462466723,0,HLA-F_LILRB1,HLA-F - LILRB1,MHC-I,Cell-Cell Contact,PMID: 28484462
CD8.TPEX,Inflammatory Mono-derived,HLA-F,LILRB1,0.00606056226787602,0,HLA-F_LILRB1,HLA-F - LILRB1,MHC-I,Cell-Cell Contact,PMID: 28484462
Classical Mono-derived,Inflammatory Mono-derived,HLA-F,LILRB1,0.00454348699594408,0,HLA-F_LILRB1,HLA-F - LILRB1,MHC-I,Cell-Cell Contact,PMID: 28484462
IFN-stimulated,Inflammatory Mono-derived,HLA-F,LILRB1,0.00539512508297057,0,HLA-F_LILRB1,HLA-F - LILRB1,MHC-I,Cell-Cell Contact,PMID: 28484462
Inflammatory Mono-derived,Inflammatory Mono-derived,HLA-F,LILRB1,0.00373018111260226,0,HLA-F_LILRB1,HLA-F - LILRB1,MHC-I,Cell-Cell Contact,PMID: 28484462
Lipid-associated,Inflammatory Mono-derived,HLA-F,LILRB1,0.00188781369553268,0,HLA-F_LILRB1,HLA-F - LILRB1,MHC-I,Cell-Cell Contact,PMID: 28484462
Proliferating,Inflammatory Mono-derived,HLA-F,LILRB1,0.00183064339660824,0,HLA-F_LILRB1,HLA-F - LILRB1,MHC-I,Cell-Cell Contact,PMID: 28484462
Resident M2,Inflammatory Mono-derived,HLA-F,LILRB1,0.0039066420413462,0,HLA-F_LILRB1,HLA-F - LILRB1,MHC-I,Cell-Cell Contact,PMID: 28484462
Stress-response,Inflammatory Mono-derived,HLA-F,LILRB1,0.00399019932265339,0,HLA-F_LILRB1,HLA-F - LILRB1,MHC-I,Cell-Cell Contact,PMID: 28484462
CD8.CM,Resident M2,HLA-F,LILRB1,0.00666533980105222,0,HLA-F_LILRB1,HLA-F - LILRB1,MHC-I,Cell-Cell Contact,PMID: 28484462
CD8.EM,Resident M2,HLA-F,LILRB1,0.00724989984652882,0,HLA-F_LILRB1,HLA-F - LILRB1,MHC-I,Cell-Cell Contact,PMID: 28484462
CD8.MAIT,Resident M2,HLA-F,LILRB1,0.00655501051476519,0,HLA-F_LILRB1,HLA-F - LILRB1,MHC-I,Cell-Cell Contact,PMID: 28484462
CD8.NaiveLike,Resident M2,HLA-F,LILRB1,0.00663880921271875,0,HLA-F_LILRB1,HLA-F - LILRB1,MHC-I,Cell-Cell Contact,PMID: 28484462
CD8.TEMRA,Resident M2,HLA-F,LILRB1,0.00838689281938243,0,HLA-F_LILRB1,HLA-F - LILRB1,MHC-I,Cell-Cell Contact,PMID: 28484462
CD8.TEX,Resident M2,HLA-F,LILRB1,0.00643669680355082,0,HLA-F_LILRB1,HLA-F - LILRB1,MHC-I,Cell-Cell Contact,PMID: 28484462
CD8.TPEX,Resident M2,HLA-F,LILRB1,0.00642347183729277,0,HLA-F_LILRB1,HLA-F - LILRB1,MHC-I,Cell-Cell Contact,PMID: 28484462
Classical Mono-derived,Resident M2,HLA-F,LILRB1,0.00481599349001918,0,HLA-F_LILRB1,HLA-F - LILRB1,MHC-I,Cell-Cell Contact,PMID: 28484462
IFN-stimulated,Resident M2,HLA-F,LILRB1,0.00571841718283626,0,HLA-F_LILRB1,HLA-F - LILRB1,MHC-I,Cell-Cell Contact,PMID: 28484462
Inflammatory Mono-derived,Resident M2,HLA-F,LILRB1,0.0039541014033431,0,HLA-F_LILRB1,HLA-F - LILRB1,MHC-I,Cell-Cell Contact,PMID: 28484462
Lipid-associated,Resident M2,HLA-F,LILRB1,0.00200136006717325,0,HLA-F_LILRB1,HLA-F - LILRB1,MHC-I,Cell-Cell Contact,PMID: 28484462
Proliferating,Resident M2,HLA-F,LILRB1,0.00194075783118599,0,HLA-F_LILRB1,HLA-F - LILRB1,MHC-I,Cell-Cell Contact,PMID: 28484462
Resident M2,Resident M2,HLA-F,LILRB1,0.00414111113391513,0,HLA-F_LILRB1,HLA-F - LILRB1,MHC-I,Cell-Cell Contact,PMID: 28484462
Stress-response,Resident M2,HLA-F,LILRB1,0.00422966206677147,0,HLA-F_LILRB1,HLA-F - LILRB1,MHC-I,Cell-Cell Contact,PMID: 28484462
CD8.CM,Stress-response,HLA-F,LILRB1,0.00575768019574954,0,HLA-F_LILRB1,HLA-F - LILRB1,MHC-I,Cell-Cell Contact,PMID: 28484462
CD8.EM,Stress-response,HLA-F,LILRB1,0.00626313907734611,0,HLA-F_LILRB1,HLA-F - LILRB1,MHC-I,Cell-Cell Contact,PMID: 28484462
CD8.MAIT,Stress-response,HLA-F,LILRB1,0.00566228947295794,0,HLA-F_LILRB1,HLA-F - LILRB1,MHC-I,Cell-Cell Contact,PMID: 28484462
CD8.NaiveLike,Stress-response,HLA-F,LILRB1,0.00573474158030433,0,HLA-F_LILRB1,HLA-F - LILRB1,MHC-I,Cell-Cell Contact,PMID: 28484462
CD8.TEMRA,Stress-response,HLA-F,LILRB1,0.00724650916410749,0,HLA-F_LILRB1,HLA-F - LILRB1,MHC-I,Cell-Cell Contact,PMID: 28484462
CD8.TEX,Stress-response,HLA-F,LILRB1,0.00555999862105962,0,HLA-F_LILRB1,HLA-F - LILRB1,MHC-I,Cell-Cell Contact,PMID: 28484462
CD8.TPEX,Stress-response,HLA-F,LILRB1,0.00554856487718162,0,HLA-F_LILRB1,HLA-F - LILRB1,MHC-I,Cell-Cell Contact,PMID: 28484462
Classical Mono-derived,Stress-response,HLA-F,LILRB1,0.00415911610297078,0,HLA-F_LILRB1,HLA-F - LILRB1,MHC-I,Cell-Cell Contact,PMID: 28484462
IFN-stimulated,Stress-response,HLA-F,LILRB1,0.00493906459665443,0,HLA-F_LILRB1,HLA-F - LILRB1,MHC-I,Cell-Cell Contact,PMID: 28484462
Inflammatory Mono-derived,Stress-response,HLA-F,LILRB1,0.00341437845027597,0,HLA-F_LILRB1,HLA-F - LILRB1,MHC-I,Cell-Cell Contact,PMID: 28484462
Lipid-associated,Stress-response,HLA-F,LILRB1,0.00172771809547977,0,HLA-F_LILRB1,HLA-F - LILRB1,MHC-I,Cell-Cell Contact,PMID: 28484462
Proliferating,Stress-response,HLA-F,LILRB1,0.00167538797224863,0,HLA-F_LILRB1,HLA-F - LILRB1,MHC-I,Cell-Cell Contact,PMID: 28484462
Resident M2,Stress-response,HLA-F,LILRB1,0.00357595355800023,0,HLA-F_LILRB1,HLA-F - LILRB1,MHC-I,Cell-Cell Contact,PMID: 28484462
Stress-response,Stress-response,HLA-F,LILRB1,0.00365246383788781,0,HLA-F_LILRB1,HLA-F - LILRB1,MHC-I,Cell-Cell Contact,PMID: 28484462
CD8.CM,Classical Mono-derived,HLA-DPA1,CD4,0.0085157882868384,0,HLA-DPA1_CD4,HLA-DPA1 - CD4,MHC-II,Cell-Cell Contact,KEGG: hsa04514
CD8.EM,Classical Mono-derived,HLA-DPA1,CD4,0.0371676371107665,0,HLA-DPA1_CD4,HLA-DPA1 - CD4,MHC-II,Cell-Cell Contact,KEGG: hsa04514
CD8.MAIT,Classical Mono-derived,HLA-DPA1,CD4,0.00605332901667282,0,HLA-DPA1_CD4,HLA-DPA1 - CD4,MHC-II,Cell-Cell Contact,KEGG: hsa04514
CD8.NaiveLike,Classical Mono-derived,HLA-DPA1,CD4,0.00597683661585872,0,HLA-DPA1_CD4,HLA-DPA1 - CD4,MHC-II,Cell-Cell Contact,KEGG: hsa04514
CD8.TEMRA,Classical Mono-derived,HLA-DPA1,CD4,0.0283844638386668,0,HLA-DPA1_CD4,HLA-DPA1 - CD4,MHC-II,Cell-Cell Contact,KEGG: hsa04514
CD8.TEX,Classical Mono-derived,HLA-DPA1,CD4,0.0359373720467976,0,HLA-DPA1_CD4,HLA-DPA1 - CD4,MHC-II,Cell-Cell Contact,KEGG: hsa04514
CD8.TPEX,Classical Mono-derived,HLA-DPA1,CD4,0.0260291278914425,0,HLA-DPA1_CD4,HLA-DPA1 - CD4,MHC-II,Cell-Cell Contact,KEGG: hsa04514
Classical Mono-derived,Classical Mono-derived,HLA-DPA1,CD4,0.0777972026850501,0,HLA-DPA1_CD4,HLA-DPA1 - CD4,MHC-II,Cell-Cell Contact,KEGG: hsa04514
IFN-stimulated,Classical Mono-derived,HLA-DPA1,CD4,0.0743099876930946,0,HLA-DPA1_CD4,HLA-DPA1 - CD4,MHC-II,Cell-Cell Contact,KEGG: hsa04514
Inflammatory Mono-derived,Classical Mono-derived,HLA-DPA1,CD4,0.0662422869184598,0,HLA-DPA1_CD4,HLA-DPA1 - CD4,MHC-II,Cell-Cell Contact,KEGG: hsa04514
Lipid-associated,Classical Mono-derived,HLA-DPA1,CD4,0.0746623343120329,0,HLA-DPA1_CD4,HLA-DPA1 - CD4,MHC-II,Cell-Cell Contact,KEGG: hsa04514
Proliferating,Classical Mono-derived,HLA-DPA1,CD4,0.0727234669816644,0,HLA-DPA1_CD4,HLA-DPA1 - CD4,MHC-II,Cell-Cell Contact,KEGG: hsa04514
Resident M2,Classical Mono-derived,HLA-DPA1,CD4,0.078924924535707,0,HLA-DPA1_CD4,HLA-DPA1 - CD4,MHC-II,Cell-Cell Contact,KEGG: hsa04514
Stress-response,Classical Mono-derived,HLA-DPA1,CD4,0.0670799425179622,0,HLA-DPA1_CD4,HLA-DPA1 - CD4,MHC-II,Cell-Cell Contact,KEGG: hsa04514
CD8.CM,IFN-stimulated,HLA-DPA1,CD4,0.00756312032607227,0,HLA-DPA1_CD4,HLA-DPA1 - CD4,MHC-II,Cell-Cell Contact,KEGG: hsa04514
CD8.EM,IFN-stimulated,HLA-DPA1,CD4,0.0331167251061593,0,HLA-DPA1_CD4,HLA-DPA1 - CD4,MHC-II,Cell-Cell Contact,KEGG: hsa04514
CD8.MAIT,IFN-stimulated,HLA-DPA1,CD4,0.00537464500991878,0,HLA-DPA1_CD4,HLA-DPA1 - CD4,MHC-II,Cell-Cell Contact,KEGG: hsa04514
CD8.NaiveLike,IFN-stimulated,HLA-DPA1,CD4,0.00530668295647092,0,HLA-DPA1_CD4,HLA-DPA1 - CD4,MHC-II,Cell-Cell Contact,KEGG: hsa04514
CD8.TEMRA,IFN-stimulated,HLA-DPA1,CD4,0.0252657125127414,0,HLA-DPA1_CD4,HLA-DPA1 - CD4,MHC-II,Cell-Cell Contact,KEGG: hsa04514
CD8.TEX,IFN-stimulated,HLA-DPA1,CD4,0.0320160883456548,0,HLA-DPA1_CD4,HLA-DPA1 - CD4,MHC-II,Cell-Cell Contact,KEGG: hsa04514
CD8.TPEX,IFN-stimulated,HLA-DPA1,CD4,0.0231630002496083,0,HLA-DPA1_CD4,HLA-DPA1 - CD4,MHC-II,Cell-Cell Contact,KEGG: hsa04514
Classical Mono-derived,IFN-stimulated,HLA-DPA1,CD4,0.0696383405342749,0,HLA-DPA1_CD4,HLA-DPA1 - CD4,MHC-II,Cell-Cell Contact,KEGG: hsa04514
IFN-stimulated,IFN-stimulated,HLA-DPA1,CD4,0.0664904738504538,0,HLA-DPA1_CD4,HLA-DPA1 - CD4,MHC-II,Cell-Cell Contact,KEGG: hsa04514
Inflammatory Mono-derived,IFN-stimulated,HLA-DPA1,CD4,0.0592174152303365,0,HLA-DPA1_CD4,HLA-DPA1 - CD4,MHC-II,Cell-Cell Contact,KEGG: hsa04514
Lipid-associated,IFN-stimulated,HLA-DPA1,CD4,0.0668084195231064,0,HLA-DPA1_CD4,HLA-DPA1 - CD4,MHC-II,Cell-Cell Contact,KEGG: hsa04514
Proliferating,IFN-stimulated,HLA-DPA1,CD4,0.0650591666914729,0,HLA-DPA1_CD4,HLA-DPA1 - CD4,MHC-II,Cell-Cell Contact,KEGG: hsa04514
Resident M2,IFN-stimulated,HLA-DPA1,CD4,0.0706568556915327,0,HLA-DPA1_CD4,HLA-DPA1 - CD4,MHC-II,Cell-Cell Contact,KEGG: hsa04514
Stress-response,IFN-stimulated,HLA-DPA1,CD4,0.0599719443596183,0,HLA-DPA1_CD4,HLA-DPA1 - CD4,MHC-II,Cell-Cell Contact,KEGG: hsa04514
CD8.CM,Inflammatory Mono-derived,HLA-DPA1,CD4,0.00295788973378802,0,HLA-DPA1_CD4,HLA-DPA1 - CD4,MHC-II,Cell-Cell Contact,KEGG: hsa04514
CD8.EM,Inflammatory Mono-derived,HLA-DPA1,CD4,0.0131580430983551,0,HLA-DPA1_CD4,HLA-DPA1 - CD4,MHC-II,Cell-Cell Contact,KEGG: hsa04514
CD8.MAIT,Inflammatory Mono-derived,HLA-DPA1,CD4,0.00209917190540347,0,HLA-DPA1_CD4,HLA-DPA1 - CD4,MHC-II,Cell-Cell Contact,KEGG: hsa04514
CD8.NaiveLike,Inflammatory Mono-derived,HLA-DPA1,CD4,0.00207254170189319,0,HLA-DPA1_CD4,HLA-DPA1 - CD4,MHC-II,Cell-Cell Contact,KEGG: hsa04514
CD8.TEMRA,Inflammatory Mono-derived,HLA-DPA1,CD4,0.00998976689124824,0,HLA-DPA1_CD4,HLA-DPA1 - CD4,MHC-II,Cell-Cell Contact,KEGG: hsa04514
CD8.TEX,Inflammatory Mono-derived,HLA-DPA1,CD4,0.0127120135315335,0,HLA-DPA1_CD4,HLA-DPA1 - CD4,MHC-II,Cell-Cell Contact,KEGG: hsa04514
CD8.TPEX,Inflammatory Mono-derived,HLA-DPA1,CD4,0.00914644957041651,0,HLA-DPA1_CD4,HLA-DPA1 - CD4,MHC-II,Cell-Cell Contact,KEGG: hsa04514
Classical Mono-derived,Inflammatory Mono-derived,HLA-DPA1,CD4,0.0283134735746388,0,HLA-DPA1_CD4,HLA-DPA1 - CD4,MHC-II,Cell-Cell Contact,KEGG: hsa04514
IFN-stimulated,Inflammatory Mono-derived,HLA-DPA1,CD4,0.0269794474629576,0,HLA-DPA1_CD4,HLA-DPA1 - CD4,MHC-II,Cell-Cell Contact,KEGG: hsa04514
Inflammatory Mono-derived,Inflammatory Mono-derived,HLA-DPA1,CD4,0.0239175690746776,0,HLA-DPA1_CD4,HLA-DPA1 - CD4,MHC-II,Cell-Cell Contact,KEGG: hsa04514
Lipid-associated,Inflammatory Mono-derived,HLA-DPA1,CD4,0.0271139460455946,0,HLA-DPA1_CD4,HLA-DPA1 - CD4,MHC-II,Cell-Cell Contact,KEGG: hsa04514
Proliferating,Inflammatory Mono-derived,HLA-DPA1,CD4,0.0263746440763813,0,HLA-DPA1_CD4,HLA-DPA1 - CD4,MHC-II,Cell-Cell Contact,KEGG: hsa04514
Resident M2,Inflammatory Mono-derived,HLA-DPA1,CD4,0.0287462552291038,0,HLA-DPA1_CD4,HLA-DPA1 - CD4,MHC-II,Cell-Cell Contact,KEGG: hsa04514
Stress-response,Inflammatory Mono-derived,HLA-DPA1,CD4,0.0242339049944884,0,HLA-DPA1_CD4,HLA-DPA1 - CD4,MHC-II,Cell-Cell Contact,KEGG: hsa04514
CD8.CM,Lipid-associated,HLA-DPA1,CD4,0.00383765389145469,0,HLA-DPA1_CD4,HLA-DPA1 - CD4,MHC-II,Cell-Cell Contact,KEGG: hsa04514
CD8.EM,Lipid-associated,HLA-DPA1,CD4,0.0170198469949299,0,HLA-DPA1_CD4,HLA-DPA1 - CD4,MHC-II,Cell-Cell Contact,KEGG: hsa04514
CD8.MAIT,Lipid-associated,HLA-DPA1,CD4,0.00272422575923718,0,HLA-DPA1_CD4,HLA-DPA1 - CD4,MHC-II,Cell-Cell Contact,KEGG: hsa04514
CD8.NaiveLike,Lipid-associated,HLA-DPA1,CD4,0.00268968746281393,0,HLA-DPA1_CD4,HLA-DPA1 - CD4,MHC-II,Cell-Cell Contact,KEGG: hsa04514
CD8.TEMRA,Lipid-associated,HLA-DPA1,CD4,0.0129338885925034,0,HLA-DPA1_CD4,HLA-DPA1 - CD4,MHC-II,Cell-Cell Contact,KEGG: hsa04514
CD8.TEX,Lipid-associated,HLA-DPA1,CD4,0.0164450920016239,0,HLA-DPA1_CD4,HLA-DPA1 - CD4,MHC-II,Cell-Cell Contact,KEGG: hsa04514
CD8.TPEX,Lipid-associated,HLA-DPA1,CD4,0.0118450076893926,0,HLA-DPA1_CD4,HLA-DPA1 - CD4,MHC-II,Cell-Cell Contact,KEGG: hsa04514
Classical Mono-derived,Lipid-associated,HLA-DPA1,CD4,0.0364589694604675,0,HLA-DPA1_CD4,HLA-DPA1 - CD4,MHC-II,Cell-Cell Contact,KEGG: hsa04514
IFN-stimulated,Lipid-associated,HLA-DPA1,CD4,0.0347548848086922,0,HLA-DPA1_CD4,HLA-DPA1 - CD4,MHC-II,Cell-Cell Contact,KEGG: hsa04514
Inflammatory Mono-derived,Lipid-associated,HLA-DPA1,CD4,0.0308385449085735,0,HLA-DPA1_CD4,HLA-DPA1 - CD4,MHC-II,Cell-Cell Contact,KEGG: hsa04514
Lipid-associated,Lipid-associated,HLA-DPA1,CD4,0.0349267543065485,0,HLA-DPA1_CD4,HLA-DPA1 - CD4,MHC-II,Cell-Cell Contact,KEGG: hsa04514
Proliferating,Lipid-associated,HLA-DPA1,CD4,0.0339818653605322,0,HLA-DPA1_CD4,HLA-DPA1 - CD4,MHC-II,Cell-Cell Contact,KEGG: hsa04514
Resident M2,Lipid-associated,HLA-DPA1,CD4,0.0370115154946066,0,HLA-DPA1_CD4,HLA-DPA1 - CD4,MHC-II,Cell-Cell Contact,KEGG: hsa04514
Stress-response,Lipid-associated,HLA-DPA1,CD4,0.0312434882488959,0,HLA-DPA1_CD4,HLA-DPA1 - CD4,MHC-II,Cell-Cell Contact,KEGG: hsa04514
CD8.CM,Proliferating,HLA-DPA1,CD4,0.00408259423829052,0,HLA-DPA1_CD4,HLA-DPA1 - CD4,MHC-II,Cell-Cell Contact,KEGG: hsa04514
CD8.EM,Proliferating,HLA-DPA1,CD4,0.0180908684036482,0,HLA-DPA1_CD4,HLA-DPA1 - CD4,MHC-II,Cell-Cell Contact,KEGG: hsa04514
CD8.MAIT,Proliferating,HLA-DPA1,CD4,0.00289830771213734,0,HLA-DPA1_CD4,HLA-DPA1 - CD4,MHC-II,Cell-Cell Contact,KEGG: hsa04514
CD8.NaiveLike,Proliferating,HLA-DPA1,CD4,0.00286156870165536,0,HLA-DPA1_CD4,HLA-DPA1 - CD4,MHC-II,Cell-Cell Contact,KEGG: hsa04514
CD8.TEMRA,Proliferating,HLA-DPA1,CD4,0.013751386637979,0,HLA-DPA1_CD4,HLA-DPA1 - CD4,MHC-II,Cell-Cell Contact,KEGG: hsa04514
CD8.TEX,Proliferating,HLA-DPA1,CD4,0.0174805885330516,0,HLA-DPA1_CD4,HLA-DPA1 - CD4,MHC-II,Cell-Cell Contact,KEGG: hsa04514
CD8.TPEX,Proliferating,HLA-DPA1,CD4,0.0125945602016024,0,HLA-DPA1_CD4,HLA-DPA1 - CD4,MHC-II,Cell-Cell Contact,KEGG: hsa04514
Classical Mono-derived,Proliferating,HLA-DPA1,CD4,0.038705085737708,0,HLA-DPA1_CD4,HLA-DPA1 - CD4,MHC-II,Cell-Cell Contact,KEGG: hsa04514
IFN-stimulated,Proliferating,HLA-DPA1,CD4,0.0369000385369805,0,HLA-DPA1_CD4,HLA-DPA1 - CD4,MHC-II,Cell-Cell Contact,KEGG: hsa04514
Inflammatory Mono-derived,Proliferating,HLA-DPA1,CD4,0.0327501744781847,0,HLA-DPA1_CD4,HLA-DPA1 - CD4,MHC-II,Cell-Cell Contact,KEGG: hsa04514
Lipid-associated,Proliferating,HLA-DPA1,CD4,0.0370821086888558,0,HLA-DPA1_CD4,HLA-DPA1 - CD4,MHC-II,Cell-Cell Contact,KEGG: hsa04514
Proliferating,Proliferating,HLA-DPA1,CD4,0.0360810900071869,0,HLA-DPA1_CD4,HLA-DPA1 - CD4,MHC-II,Cell-Cell Contact,KEGG: hsa04514
Resident M2,Proliferating,HLA-DPA1,CD4,0.0392902842320922,0,HLA-DPA1_CD4,HLA-DPA1 - CD4,MHC-II,Cell-Cell Contact,KEGG: hsa04514
Stress-response,Proliferating,HLA-DPA1,CD4,0.0331793602138945,0,HLA-DPA1_CD4,HLA-DPA1 - CD4,MHC-II,Cell-Cell Contact,KEGG: hsa04514
CD8.CM,Resident M2,HLA-DPA1,CD4,0.0101888201361365,0,HLA-DPA1_CD4,HLA-DPA1 - CD4,MHC-II,Cell-Cell Contact,KEGG: hsa04514
CD8.EM,Resident M2,HLA-DPA1,CD4,0.0442186337804145,0,HLA-DPA1_CD4,HLA-DPA1 - CD4,MHC-II,Cell-Cell Contact,KEGG: hsa04514
CD8.MAIT,Resident M2,HLA-DPA1,CD4,0.00724611594937746,0,HLA-DPA1_CD4,HLA-DPA1 - CD4,MHC-II,Cell-Cell Contact,KEGG: hsa04514
CD8.NaiveLike,Resident M2,HLA-DPA1,CD4,0.00715465948905925,0,HLA-DPA1_CD4,HLA-DPA1 - CD4,MHC-II,Cell-Cell Contact,KEGG: hsa04514
CD8.TEMRA,Resident M2,HLA-DPA1,CD4,0.0338277635410654,0,HLA-DPA1_CD4,HLA-DPA1 - CD4,MHC-II,Cell-Cell Contact,KEGG: hsa04514
CD8.TEX,Resident M2,HLA-DPA1,CD4,0.0427653439812182,0,HLA-DPA1_CD4,HLA-DPA1 - CD4,MHC-II,Cell-Cell Contact,KEGG: hsa04514
CD8.TPEX,Resident M2,HLA-DPA1,CD4,0.0310351715010802,0,HLA-DPA1_CD4,HLA-DPA1 - CD4,MHC-II,Cell-Cell Contact,KEGG: hsa04514
Classical Mono-derived,Resident M2,HLA-DPA1,CD4,0.0918208985167538,0,HLA-DPA1_CD4,HLA-DPA1 - CD4,MHC-II,Cell-Cell Contact,KEGG: hsa04514
IFN-stimulated,Resident M2,HLA-DPA1,CD4,0.0877649028811539,0,HLA-DPA1_CD4,HLA-DPA1 - CD4,MHC-II,Cell-Cell Contact,KEGG: hsa04514
Inflammatory Mono-derived,Resident M2,HLA-DPA1,CD4,0.0783600816691903,0,HLA-DPA1_CD4,HLA-DPA1 - CD4,MHC-II,Cell-Cell Contact,KEGG: hsa04514
Lipid-associated,Resident M2,HLA-DPA1,CD4,0.08817497011135,0,HLA-DPA1_CD4,HLA-DPA1 - CD4,MHC-II,Cell-Cell Contact,KEGG: hsa04514
Proliferating,Resident M2,HLA-DPA1,CD4,0.0859177815448539,0,HLA-DPA1_CD4,HLA-DPA1 - CD4,MHC-II,Cell-Cell Contact,KEGG: hsa04514
Resident M2,Resident M2,HLA-DPA1,CD4,0.0931313739957639,0,HLA-DPA1_CD4,HLA-DPA1 - CD4,MHC-II,Cell-Cell Contact,KEGG: hsa04514
Stress-response,Resident M2,HLA-DPA1,CD4,0.0793379510989498,0,HLA-DPA1_CD4,HLA-DPA1 - CD4,MHC-II,Cell-Cell Contact,KEGG: hsa04514
CD8.CM,Stress-response,HLA-DPA1,CD4,0.002950001525725,0,HLA-DPA1_CD4,HLA-DPA1 - CD4,MHC-II,Cell-Cell Contact,KEGG: hsa04514
CD8.EM,Stress-response,HLA-DPA1,CD4,0.0131233107910183,0,HLA-DPA1_CD4,HLA-DPA1 - CD4,MHC-II,Cell-Cell Contact,KEGG: hsa04514
CD8.MAIT,Stress-response,HLA-DPA1,CD4,0.0020935689486963,0,HLA-DPA1_CD4,HLA-DPA1 - CD4,MHC-II,Cell-Cell Contact,KEGG: hsa04514
CD8.NaiveLike,Stress-response,HLA-DPA1,CD4,0.00206700967735411,0,HLA-DPA1_CD4,HLA-DPA1 - CD4,MHC-II,Cell-Cell Contact,KEGG: hsa04514
CD8.TEMRA,Stress-response,HLA-DPA1,CD4,0.00996331321206573,0,HLA-DPA1_CD4,HLA-DPA1 - CD4,MHC-II,Cell-Cell Contact,KEGG: hsa04514
CD8.TEX,Stress-response,HLA-DPA1,CD4,0.0126784434492497,0,HLA-DPA1_CD4,HLA-DPA1 - CD4,MHC-II,Cell-Cell Contact,KEGG: hsa04514
CD8.TPEX,Stress-response,HLA-DPA1,CD4,0.00912220848404634,0,HLA-DPA1_CD4,HLA-DPA1 - CD4,MHC-II,Cell-Cell Contact,KEGG: hsa04514
Classical Mono-derived,Stress-response,HLA-DPA1,CD4,0.0282398813952331,0,HLA-DPA1_CD4,HLA-DPA1 - CD4,MHC-II,Cell-Cell Contact,KEGG: hsa04514
IFN-stimulated,Stress-response,HLA-DPA1,CD4,0.0269092266511694,0,HLA-DPA1_CD4,HLA-DPA1 - CD4,MHC-II,Cell-Cell Contact,KEGG: hsa04514
Inflammatory Mono-derived,Stress-response,HLA-DPA1,CD4,0.0238551221929791,0,HLA-DPA1_CD4,HLA-DPA1 - CD4,MHC-II,Cell-Cell Contact,KEGG: hsa04514
Lipid-associated,Stress-response,HLA-DPA1,CD4,0.0270433848968246,0,HLA-DPA1_CD4,HLA-DPA1 - CD4,MHC-II,Cell-Cell Contact,KEGG: hsa04514
Proliferating,Stress-response,HLA-DPA1,CD4,0.0263059548600484,0,HLA-DPA1_CD4,HLA-DPA1 - CD4,MHC-II,Cell-Cell Contact,KEGG: hsa04514
Resident M2,Stress-response,HLA-DPA1,CD4,0.0286715713586383,0,HLA-DPA1_CD4,HLA-DPA1 - CD4,MHC-II,Cell-Cell Contact,KEGG: hsa04514
Stress-response,Stress-response,HLA-DPA1,CD4,0.024170652637108,0,HLA-DPA1_CD4,HLA-DPA1 - CD4,MHC-II,Cell-Cell Contact,KEGG: hsa04514
CD8.CM,Classical Mono-derived,HLA-DPB1,CD4,0.00869315212504419,0,HLA-DPB1_CD4,HLA-DPB1 - CD4,MHC-II,Cell-Cell Contact,KEGG: hsa04514
CD8.EM,Classical Mono-derived,HLA-DPB1,CD4,0.0369936920597559,0,HLA-DPB1_CD4,HLA-DPB1 - CD4,MHC-II,Cell-Cell Contact,KEGG: hsa04514
CD8.MAIT,Classical Mono-derived,HLA-DPB1,CD4,0.00648043430735186,0,HLA-DPB1_CD4,HLA-DPB1 - CD4,MHC-II,Cell-Cell Contact,KEGG: hsa04514
CD8.NaiveLike,Classical Mono-derived,HLA-DPB1,CD4,0.00652769698019427,0,HLA-DPB1_CD4,HLA-DPB1 - CD4,MHC-II,Cell-Cell Contact,KEGG: hsa04514
CD8.TEMRA,Classical Mono-derived,HLA-DPB1,CD4,0.0294145877604928,0,HLA-DPB1_CD4,HLA-DPB1 - CD4,MHC-II,Cell-Cell Contact,KEGG: hsa04514
CD8.TEX,Classical Mono-derived,HLA-DPB1,CD4,0.0332004221492284,0,HLA-DPB1_CD4,HLA-DPB1 - CD4,MHC-II,Cell-Cell Contact,KEGG: hsa04514
CD8.TPEX,Classical Mono-derived,HLA-DPB1,CD4,0.0243447404170847,0,HLA-DPB1_CD4,HLA-DPB1 - CD4,MHC-II,Cell-Cell Contact,KEGG: hsa04514
Classical Mono-derived,Classical Mono-derived,HLA-DPB1,CD4,0.0729246535816655,0,HLA-DPB1_CD4,HLA-DPB1 - CD4,MHC-II,Cell-Cell Contact,KEGG: hsa04514
IFN-stimulated,Classical Mono-derived,HLA-DPB1,CD4,0.0697682254350873,0,HLA-DPB1_CD4,HLA-DPB1 - CD4,MHC-II,Cell-Cell Contact,KEGG: hsa04514
Inflammatory Mono-derived,Classical Mono-derived,HLA-DPB1,CD4,0.0617534279983811,0,HLA-DPB1_CD4,HLA-DPB1 - CD4,MHC-II,Cell-Cell Contact,KEGG: hsa04514
Lipid-associated,Classical Mono-derived,HLA-DPB1,CD4,0.0695805450230427,0,HLA-DPB1_CD4,HLA-DPB1 - CD4,MHC-II,Cell-Cell Contact,KEGG: hsa04514
Proliferating,Classical Mono-derived,HLA-DPB1,CD4,0.0685573466135622,0,HLA-DPB1_CD4,HLA-DPB1 - CD4,MHC-II,Cell-Cell Contact,KEGG: hsa04514
Resident M2,Classical Mono-derived,HLA-DPB1,CD4,0.0759788035214056,0,HLA-DPB1_CD4,HLA-DPB1 - CD4,MHC-II,Cell-Cell Contact,KEGG: hsa04514
Stress-response,Classical Mono-derived,HLA-DPB1,CD4,0.0615443605060234,0,HLA-DPB1_CD4,HLA-DPB1 - CD4,MHC-II,Cell-Cell Contact,KEGG: hsa04514
CD8.CM,IFN-stimulated,HLA-DPB1,CD4,0.00772079684216748,0,HLA-DPB1_CD4,HLA-DPB1 - CD4,MHC-II,Cell-Cell Contact,KEGG: hsa04514
CD8.EM,IFN-stimulated,HLA-DPB1,CD4,0.0329610893697049,0,HLA-DPB1_CD4,HLA-DPB1 - CD4,MHC-II,Cell-Cell Contact,KEGG: hsa04514
CD8.MAIT,IFN-stimulated,HLA-DPB1,CD4,0.00575414155163662,0,HLA-DPB1_CD4,HLA-DPB1 - CD4,MHC-II,Cell-Cell Contact,KEGG: hsa04514
CD8.NaiveLike,IFN-stimulated,HLA-DPB1,CD4,0.00579613817653138,0,HLA-DPB1_CD4,HLA-DPB1 - CD4,MHC-II,Cell-Cell Contact,KEGG: hsa04514
CD8.TEMRA,IFN-stimulated,HLA-DPB1,CD4,0.0261857016827437,0,HLA-DPB1_CD4,HLA-DPB1 - CD4,MHC-II,Cell-Cell Contact,KEGG: hsa04514
CD8.TEX,IFN-stimulated,HLA-DPB1,CD4,0.0295686194515134,0,HLA-DPB1_CD4,HLA-DPB1 - CD4,MHC-II,Cell-Cell Contact,KEGG: hsa04514
CD8.TPEX,IFN-stimulated,HLA-DPB1,CD4,0.021659959913016,0,HLA-DPB1_CD4,HLA-DPB1 - CD4,MHC-II,Cell-Cell Contact,KEGG: hsa04514
Classical Mono-derived,IFN-stimulated,HLA-DPB1,CD4,0.0652406420913415,0,HLA-DPB1_CD4,HLA-DPB1 - CD4,MHC-II,Cell-Cell Contact,KEGG: hsa04514
IFN-stimulated,IFN-stimulated,HLA-DPB1,CD4,0.062394420081669,0,HLA-DPB1_CD4,HLA-DPB1 - CD4,MHC-II,Cell-Cell Contact,KEGG: hsa04514
Inflammatory Mono-derived,IFN-stimulated,HLA-DPB1,CD4,0.0551764621902274,0,HLA-DPB1_CD4,HLA-DPB1 - CD4,MHC-II,Cell-Cell Contact,KEGG: hsa04514
Lipid-associated,IFN-stimulated,HLA-DPB1,CD4,0.0622252487465829,0,HLA-DPB1_CD4,HLA-DPB1 - CD4,MHC-II,Cell-Cell Contact,KEGG: hsa04514
Proliferating,IFN-stimulated,HLA-DPB1,CD4,0.0613030852213576,0,HLA-DPB1_CD4,HLA-DPB1 - CD4,MHC-II,Cell-Cell Contact,KEGG: hsa04514
Resident M2,IFN-stimulated,HLA-DPB1,CD4,0.0679965822136224,0,HLA-DPB1_CD4,HLA-DPB1 - CD4,MHC-II,Cell-Cell Contact,KEGG: hsa04514
Stress-response,IFN-stimulated,HLA-DPB1,CD4,0.0549883561672473,0,HLA-DPB1_CD4,HLA-DPB1 - CD4,MHC-II,Cell-Cell Contact,KEGG: hsa04514
CD8.CM,Inflammatory Mono-derived,HLA-DPB1,CD4,0.00301984819294662,0,HLA-DPB1_CD4,HLA-DPB1 - CD4,MHC-II,Cell-Cell Contact,KEGG: hsa04514
CD8.EM,Inflammatory Mono-derived,HLA-DPB1,CD4,0.0130949350608042,0,HLA-DPB1_CD4,HLA-DPB1 - CD4,MHC-II,Cell-Cell Contact,KEGG: hsa04514
CD8.MAIT,Inflammatory Mono-derived,HLA-DPB1,CD4,0.00224791434379716,0,HLA-DPB1_CD4,HLA-DPB1 - CD4,MHC-II,Cell-Cell Contact,KEGG: hsa04514
CD8.NaiveLike,Inflammatory Mono-derived,HLA-DPB1,CD4,0.00226437903683573,0,HLA-DPB1_CD4,HLA-DPB1 - CD4,MHC-II,Cell-Cell Contact,KEGG: hsa04514
CD8.TEMRA,Inflammatory Mono-derived,HLA-DPB1,CD4,0.0103594314901,0,HLA-DPB1_CD4,HLA-DPB1 - CD4,MHC-II,Cell-Cell Contact,KEGG: hsa04514
CD8.TEX,Inflammatory Mono-derived,HLA-DPB1,CD4,0.0117223731919754,0,HLA-DPB1_CD4,HLA-DPB1 - CD4,MHC-II,Cell-Cell Contact,KEGG: hsa04514
CD8.TPEX,Inflammatory Mono-derived,HLA-DPB1,CD4,0.0085449829160413,0,HLA-DPB1_CD4,HLA-DPB1 - CD4,MHC-II,Cell-Cell Contact,KEGG: hsa04514
Classical Mono-derived,Inflammatory Mono-derived,HLA-DPB1,CD4,0.0264512661229859,0,HLA-DPB1_CD4,HLA-DPB1 - CD4,MHC-II,Cell-Cell Contact,KEGG: hsa04514
IFN-stimulated,Inflammatory Mono-derived,HLA-DPB1,CD4,0.0252515752089081,0,HLA-DPB1_CD4,HLA-DPB1 - CD4,MHC-II,Cell-Cell Contact,KEGG: hsa04514
Inflammatory Mono-derived,Inflammatory Mono-derived,HLA-DPB1,CD4,0.0222285364142281,0,HLA-DPB1_CD4,HLA-DPB1 - CD4,MHC-II,Cell-Cell Contact,KEGG: hsa04514
Lipid-associated,Inflammatory Mono-derived,HLA-DPB1,CD4,0.0251804054960437,0,HLA-DPB1_CD4,HLA-DPB1 - CD4,MHC-II,Cell-Cell Contact,KEGG: hsa04514
Proliferating,Inflammatory Mono-derived,HLA-DPB1,CD4,0.0247927235640019,0,HLA-DPB1_CD4,HLA-DPB1 - CD4,MHC-II,Cell-Cell Contact,KEGG: hsa04514
Resident M2,Inflammatory Mono-derived,HLA-DPB1,CD4,0.0276170494673786,0,HLA-DPB1_CD4,HLA-DPB1 - CD4,MHC-II,Cell-Cell Contact,KEGG: hsa04514
Stress-response,Inflammatory Mono-derived,HLA-DPB1,CD4,0.0221501222089462,0,HLA-DPB1_CD4,HLA-DPB1 - CD4,MHC-II,Cell-Cell Contact,KEGG: hsa04514
CD8.CM,Lipid-associated,HLA-DPB1,CD4,0.00391796821884239,0,HLA-DPB1_CD4,HLA-DPB1 - CD4,MHC-II,Cell-Cell Contact,KEGG: hsa04514
CD8.EM,Lipid-associated,HLA-DPB1,CD4,0.0169385350560495,0,HLA-DPB1_CD4,HLA-DPB1 - CD4,MHC-II,Cell-Cell Contact,KEGG: hsa04514
CD8.MAIT,Lipid-associated,HLA-DPB1,CD4,0.00291712858878878,0,HLA-DPB1_CD4,HLA-DPB1 - CD4,MHC-II,Cell-Cell Contact,KEGG: hsa04514
CD8.NaiveLike,Lipid-associated,HLA-DPB1,CD4,0.00293848045950455,0,HLA-DPB1_CD4,HLA-DPB1 - CD4,MHC-II,Cell-Cell Contact,KEGG: hsa04514
CD8.TEMRA,Lipid-associated,HLA-DPB1,CD4,0.0134110226228734,0,HLA-DPB1_CD4,HLA-DPB1 - CD4,MHC-II,Cell-Cell Contact,KEGG: hsa04514
CD8.TEX,Lipid-associated,HLA-DPB1,CD4,0.0151692938518316,0,HLA-DPB1_CD4,HLA-DPB1 - CD4,MHC-II,Cell-Cell Contact,KEGG: hsa04514
CD8.TPEX,Lipid-associated,HLA-DPB1,CD4,0.0110680672204397,0,HLA-DPB1_CD4,HLA-DPB1 - CD4,MHC-II,Cell-Cell Contact,KEGG: hsa04514
Classical Mono-derived,Lipid-associated,HLA-DPB1,CD4,0.0340798138857023,0,HLA-DPB1_CD4,HLA-DPB1 - CD4,MHC-II,Cell-Cell Contact,KEGG: hsa04514
IFN-stimulated,Lipid-associated,HLA-DPB1,CD4,0.0325456984592056,0,HLA-DPB1_CD4,HLA-DPB1 - CD4,MHC-II,Cell-Cell Contact,KEGG: hsa04514
Inflammatory Mono-derived,Lipid-associated,HLA-DPB1,CD4,0.028675118911828,0,HLA-DPB1_CD4,HLA-DPB1 - CD4,MHC-II,Cell-Cell Contact,KEGG: hsa04514
Lipid-associated,Lipid-associated,HLA-DPB1,CD4,0.0324546552804521,0,HLA-DPB1_CD4,HLA-DPB1 - CD4,MHC-II,Cell-Cell Contact,KEGG: hsa04514
Proliferating,Lipid-associated,HLA-DPB1,CD4,0.0319586494083653,0,HLA-DPB1_CD4,HLA-DPB1 - CD4,MHC-II,Cell-Cell Contact,KEGG: hsa04514
Resident M2,Lipid-associated,HLA-DPB1,CD4,0.0355695254366329,0,HLA-DPB1_CD4,HLA-DPB1 - CD4,MHC-II,Cell-Cell Contact,KEGG: hsa04514
Stress-response,Lipid-associated,HLA-DPB1,CD4,0.0285746280986084,0,HLA-DPB1_CD4,HLA-DPB1 - CD4,MHC-II,Cell-Cell Contact,KEGG: hsa04514
CD8.CM,Proliferating,HLA-DPB1,CD4,0.00416801322331891,0,HLA-DPB1_CD4,HLA-DPB1 - CD4,MHC-II,Cell-Cell Contact,KEGG: hsa04514
CD8.EM,Proliferating,HLA-DPB1,CD4,0.0180045334042668,0,HLA-DPB1_CD4,HLA-DPB1 - CD4,MHC-II,Cell-Cell Contact,KEGG: hsa04514
CD8.MAIT,Proliferating,HLA-DPB1,CD4,0.00310349894994335,0,HLA-DPB1_CD4,HLA-DPB1 - CD4,MHC-II,Cell-Cell Contact,KEGG: hsa04514
CD8.NaiveLike,Proliferating,HLA-DPB1,CD4,0.0031262106781474,0,HLA-DPB1_CD4,HLA-DPB1 - CD4,MHC-II,Cell-Cell Contact,KEGG: hsa04514
CD8.TEMRA,Proliferating,HLA-DPB1,CD4,0.0142582427233102,0,HLA-DPB1_CD4,HLA-DPB1 - CD4,MHC-II,Cell-Cell Contact,KEGG: hsa04514
CD8.TEX,Proliferating,HLA-DPB1,CD4,0.0161257744159834,0,HLA-DPB1_CD4,HLA-DPB1 - CD4,MHC-II,Cell-Cell Contact,KEGG: hsa04514
CD8.TPEX,Proliferating,HLA-DPB1,CD4,0.0117690404705696,0,HLA-DPB1_CD4,HLA-DPB1 - CD4,MHC-II,Cell-Cell Contact,KEGG: hsa04514
Classical Mono-derived,Proliferating,HLA-DPB1,CD4,0.0361848626401731,0,HLA-DPB1_CD4,HLA-DPB1 - CD4,MHC-II,Cell-Cell Contact,KEGG: hsa04514
IFN-stimulated,Proliferating,HLA-DPB1,CD4,0.0345593780398191,0,HLA-DPB1_CD4,HLA-DPB1 - CD4,MHC-II,Cell-Cell Contact,KEGG: hsa04514
Inflammatory Mono-derived,Proliferating,HLA-DPB1,CD4,0.0304568557892519,0,HLA-DPB1_CD4,HLA-DPB1 - CD4,MHC-II,Cell-Cell Contact,KEGG: hsa04514
Lipid-associated,Proliferating,HLA-DPB1,CD4,0.0344629024657917,0,HLA-DPB1_CD4,HLA-DPB1 - CD4,MHC-II,Cell-Cell Contact,KEGG: hsa04514
Proliferating,Proliferating,HLA-DPB1,CD4,0.0339372810131331,0,HLA-DPB1_CD4,HLA-DPB1 - CD4,MHC-II,Cell-Cell Contact,KEGG: hsa04514
Resident M2,Proliferating,HLA-DPB1,CD4,0.0377629935622938,0,HLA-DPB1_CD4,HLA-DPB1 - CD4,MHC-II,Cell-Cell Contact,KEGG: hsa04514
Stress-response,Proliferating,HLA-DPB1,CD4,0.0303503160527992,0,HLA-DPB1_CD4,HLA-DPB1 - CD4,MHC-II,Cell-Cell Contact,KEGG: hsa04514
CD8.CM,Resident M2,HLA-DPB1,CD4,0.010400663765079,0,HLA-DPB1_CD4,HLA-DPB1 - CD4,MHC-II,Cell-Cell Contact,KEGG: hsa04514
CD8.EM,Resident M2,HLA-DPB1,CD4,0.0440131984147712,0,HLA-DPB1_CD4,HLA-DPB1 - CD4,MHC-II,Cell-Cell Contact,KEGG: hsa04514
CD8.MAIT,Resident M2,HLA-DPB1,CD4,0.00775672403876794,0,HLA-DPB1_CD4,HLA-DPB1 - CD4,MHC-II,Cell-Cell Contact,KEGG: hsa04514
CD8.NaiveLike,Resident M2,HLA-DPB1,CD4,0.00781322166204049,0,HLA-DPB1_CD4,HLA-DPB1 - CD4,MHC-II,Cell-Cell Contact,KEGG: hsa04514
CD8.TEMRA,Resident M2,HLA-DPB1,CD4,0.0350483087649448,0,HLA-DPB1_CD4,HLA-DPB1 - CD4,MHC-II,Cell-Cell Contact,KEGG: hsa04514
CD8.TEX,Resident M2,HLA-DPB1,CD4,0.0395297055390815,0,HLA-DPB1_CD4,HLA-DPB1 - CD4,MHC-II,Cell-Cell Contact,KEGG: hsa04514
CD8.TPEX,Resident M2,HLA-DPB1,CD4,0.0290364924831827,0,HLA-DPB1_CD4,HLA-DPB1 - CD4,MHC-II,Cell-Cell Contact,KEGG: hsa04514
Classical Mono-derived,Resident M2,HLA-DPB1,CD4,0.0861520783827144,0,HLA-DPB1_CD4,HLA-DPB1 - CD4,MHC-II,Cell-Cell Contact,KEGG: hsa04514
IFN-stimulated,Resident M2,HLA-DPB1,CD4,0.0824740550880677,0,HLA-DPB1_CD4,HLA-DPB1 - CD4,MHC-II,Cell-Cell Contact,KEGG: hsa04514
Inflammatory Mono-derived,Resident M2,HLA-DPB1,CD4,0.0731143667732193,0,HLA-DPB1_CD4,HLA-DPB1 - CD4,MHC-II,Cell-Cell Contact,KEGG: hsa04514
Lipid-associated,Resident M2,HLA-DPB1,CD4,0.0822552175797675,0,HLA-DPB1_CD4,HLA-DPB1 - CD4,MHC-II,Cell-Cell Contact,KEGG: hsa04514
Proliferating,Resident M2,HLA-DPB1,CD4,0.081061873632712,0,HLA-DPB1_CD4,HLA-DPB1 - CD4,MHC-II,Cell-Cell Contact,KEGG: hsa04514
Resident M2,Resident M2,HLA-DPB1,CD4,0.089706600318714,0,HLA-DPB1_CD4,HLA-DPB1 - CD4,MHC-II,Cell-Cell Contact,KEGG: hsa04514
Stress-response,Resident M2,HLA-DPB1,CD4,0.0728698238323891,0,HLA-DPB1_CD4,HLA-DPB1 - CD4,MHC-II,Cell-Cell Contact,KEGG: hsa04514
CD8.CM,Stress-response,HLA-DPB1,CD4,0.00301179525093285,0,HLA-DPB1_CD4,HLA-DPB1 - CD4,MHC-II,Cell-Cell Contact,KEGG: hsa04514
CD8.EM,Stress-response,HLA-DPB1,CD4,0.0130603671304333,0,HLA-DPB1_CD4,HLA-DPB1 - CD4,MHC-II,Cell-Cell Contact,KEGG: hsa04514
CD8.MAIT,Stress-response,HLA-DPB1,CD4,0.00224191526655126,0,HLA-DPB1_CD4,HLA-DPB1 - CD4,MHC-II,Cell-Cell Contact,KEGG: hsa04514
CD8.NaiveLike,Stress-response,HLA-DPB1,CD4,0.00225833611921819,0,HLA-DPB1_CD4,HLA-DPB1 - CD4,MHC-II,Cell-Cell Contact,KEGG: hsa04514
CD8.TEMRA,Stress-response,HLA-DPB1,CD4,0.0103320091263935,0,HLA-DPB1_CD4,HLA-DPB1 - CD4,MHC-II,Cell-Cell Contact,KEGG: hsa04514
CD8.TEX,Stress-response,HLA-DPB1,CD4,0.0116913856188772,0,HLA-DPB1_CD4,HLA-DPB1 - CD4,MHC-II,Cell-Cell Contact,KEGG: hsa04514
CD8.TPEX,Stress-response,HLA-DPB1,CD4,0.00852232220255759,0,HLA-DPB1_CD4,HLA-DPB1 - CD4,MHC-II,Cell-Cell Contact,KEGG: hsa04514
Classical Mono-derived,Stress-response,HLA-DPB1,CD4,0.0263823827620962,0,HLA-DPB1_CD4,HLA-DPB1 - CD4,MHC-II,Cell-Cell Contact,KEGG: hsa04514
IFN-stimulated,Stress-response,HLA-DPB1,CD4,0.0251857352136954,0,HLA-DPB1_CD4,HLA-DPB1 - CD4,MHC-II,Cell-Cell Contact,KEGG: hsa04514
Inflammatory Mono-derived,Stress-response,HLA-DPB1,CD4,0.0221703992976109,0,HLA-DPB1_CD4,HLA-DPB1 - CD4,MHC-II,Cell-Cell Contact,KEGG: hsa04514
Lipid-associated,Stress-response,HLA-DPB1,CD4,0.0251147462848744,0,HLA-DPB1_CD4,HLA-DPB1 - CD4,MHC-II,Cell-Cell Contact,KEGG: hsa04514
Proliferating,Stress-response,HLA-DPB1,CD4,0.0247280496102326,0,HLA-DPB1_CD4,HLA-DPB1 - CD4,MHC-II,Cell-Cell Contact,KEGG: hsa04514
Resident M2,Stress-response,HLA-DPB1,CD4,0.0275452161149864,0,HLA-DPB1_CD4,HLA-DPB1 - CD4,MHC-II,Cell-Cell Contact,KEGG: hsa04514
Stress-response,Stress-response,HLA-DPB1,CD4,0.0220921855451519,0,HLA-DPB1_CD4,HLA-DPB1 - CD4,MHC-II,Cell-Cell Contact,KEGG: hsa04514
CD8.EM,Classical Mono-derived,HLA-DQA1,CD4,0.0237688845747944,0,HLA-DQA1_CD4,HLA-DQA1 - CD4,MHC-II,Cell-Cell Contact,KEGG: hsa04514
CD8.TEMRA,Classical Mono-derived,HLA-DQA1,CD4,0.0256439330915986,0,HLA-DQA1_CD4,HLA-DQA1 - CD4,MHC-II,Cell-Cell Contact,KEGG: hsa04514
CD8.TEX,Classical Mono-derived,HLA-DQA1,CD4,0.0241363996539899,0,HLA-DQA1_CD4,HLA-DQA1 - CD4,MHC-II,Cell-Cell Contact,KEGG: hsa04514
CD8.TPEX,Classical Mono-derived,HLA-DQA1,CD4,0.0185503665526074,0,HLA-DQA1_CD4,HLA-DQA1 - CD4,MHC-II,Cell-Cell Contact,KEGG: hsa04514
Classical Mono-derived,Classical Mono-derived,HLA-DQA1,CD4,0.0593131507207938,0,HLA-DQA1_CD4,HLA-DQA1 - CD4,MHC-II,Cell-Cell Contact,KEGG: hsa04514
IFN-stimulated,Classical Mono-derived,HLA-DQA1,CD4,0.0639201157390878,0,HLA-DQA1_CD4,HLA-DQA1 - CD4,MHC-II,Cell-Cell Contact,KEGG: hsa04514
Inflammatory Mono-derived,Classical Mono-derived,HLA-DQA1,CD4,0.0502604740466741,0,HLA-DQA1_CD4,HLA-DQA1 - CD4,MHC-II,Cell-Cell Contact,KEGG: hsa04514
Lipid-associated,Classical Mono-derived,HLA-DQA1,CD4,0.0677792986508394,0,HLA-DQA1_CD4,HLA-DQA1 - CD4,MHC-II,Cell-Cell Contact,KEGG: hsa04514
Proliferating,Classical Mono-derived,HLA-DQA1,CD4,0.0637435886940084,0,HLA-DQA1_CD4,HLA-DQA1 - CD4,MHC-II,Cell-Cell Contact,KEGG: hsa04514
Resident M2,Classical Mono-derived,HLA-DQA1,CD4,0.0703056617628679,0,HLA-DQA1_CD4,HLA-DQA1 - CD4,MHC-II,Cell-Cell Contact,KEGG: hsa04514
Stress-response,Classical Mono-derived,HLA-DQA1,CD4,0.0549757901041238,0,HLA-DQA1_CD4,HLA-DQA1 - CD4,MHC-II,Cell-Cell Contact,KEGG: hsa04514
CD8.EM,IFN-stimulated,HLA-DQA1,CD4,0.0211462340292726,0,HLA-DQA1_CD4,HLA-DQA1 - CD4,MHC-II,Cell-Cell Contact,KEGG: hsa04514
CD8.TEMRA,IFN-stimulated,HLA-DQA1,CD4,0.0228192264059884,0,HLA-DQA1_CD4,HLA-DQA1 - CD4,MHC-II,Cell-Cell Contact,KEGG: hsa04514
CD8.TEX,IFN-stimulated,HLA-DQA1,CD4,0.0214740896294027,0,HLA-DQA1_CD4,HLA-DQA1 - CD4,MHC-II,Cell-Cell Contact,KEGG: hsa04514
CD8.TPEX,IFN-stimulated,HLA-DQA1,CD4,0.0164937969692593,0,HLA-DQA1_CD4,HLA-DQA1 - CD4,MHC-II,Cell-Cell Contact,KEGG: hsa04514
Classical Mono-derived,IFN-stimulated,HLA-DQA1,CD4,0.0529814072784762,0,HLA-DQA1_CD4,HLA-DQA1 - CD4,MHC-II,Cell-Cell Contact,KEGG: hsa04514
IFN-stimulated,IFN-stimulated,HLA-DQA1,CD4,0.0571264399183784,0,HLA-DQA1_CD4,HLA-DQA1 - CD4,MHC-II,Cell-Cell Contact,KEGG: hsa04514
Inflammatory Mono-derived,IFN-stimulated,HLA-DQA1,CD4,0.0448490395422778,0,HLA-DQA1_CD4,HLA-DQA1 - CD4,MHC-II,Cell-Cell Contact,KEGG: hsa04514
Lipid-associated,IFN-stimulated,HLA-DQA1,CD4,0.0606020084376163,0,HLA-DQA1_CD4,HLA-DQA1 - CD4,MHC-II,Cell-Cell Contact,KEGG: hsa04514
Proliferating,IFN-stimulated,HLA-DQA1,CD4,0.0569675330389684,0,HLA-DQA1_CD4,HLA-DQA1 - CD4,MHC-II,Cell-Cell Contact,KEGG: hsa04514
Resident M2,IFN-stimulated,HLA-DQA1,CD4,0.0628788942521662,0,HLA-DQA1_CD4,HLA-DQA1 - CD4,MHC-II,Cell-Cell Contact,KEGG: hsa04514
Stress-response,IFN-stimulated,HLA-DQA1,CD4,0.049082905404714,0,HLA-DQA1_CD4,HLA-DQA1 - CD4,MHC-II,Cell-Cell Contact,KEGG: hsa04514
CD8.EM,Inflammatory Mono-derived,HLA-DQA1,CD4,0.0083396634504352,0,HLA-DQA1_CD4,HLA-DQA1 - CD4,MHC-II,Cell-Cell Contact,KEGG: hsa04514
CD8.TEMRA,Inflammatory Mono-derived,HLA-DQA1,CD4,0.00900878396350047,0,HLA-DQA1_CD4,HLA-DQA1 - CD4,MHC-II,Cell-Cell Contact,KEGG: hsa04514
CD8.TEX,Inflammatory Mono-derived,HLA-DQA1,CD4,0.00847068155958278,0,HLA-DQA1_CD4,HLA-DQA1 - CD4,MHC-II,Cell-Cell Contact,KEGG: hsa04514
CD8.TPEX,Inflammatory Mono-derived,HLA-DQA1,CD4,0.00648616249590841,0,HLA-DQA1_CD4,HLA-DQA1 - CD4,MHC-II,Cell-Cell Contact,KEGG: hsa04514
Classical Mono-derived,Inflammatory Mono-derived,HLA-DQA1,CD4,0.0213146610212487,0,HLA-DQA1_CD4,HLA-DQA1 - CD4,MHC-II,Cell-Cell Contact,KEGG: hsa04514
IFN-stimulated,Inflammatory Mono-derived,HLA-DQA1,CD4,0.023042507314945,0,HLA-DQA1_CD4,HLA-DQA1 - CD4,MHC-II,Cell-Cell Contact,KEGG: hsa04514
Inflammatory Mono-derived,Inflammatory Mono-derived,HLA-DQA1,CD4,0.017950837818263,0,HLA-DQA1_CD4,HLA-DQA1 - CD4,MHC-II,Cell-Cell Contact,KEGG: hsa04514
Lipid-associated,Inflammatory Mono-derived,HLA-DQA1,CD4,0.0244982909606094,0,HLA-DQA1_CD4,HLA-DQA1 - CD4,MHC-II,Cell-Cell Contact,KEGG: hsa04514
Proliferating,Inflammatory Mono-derived,HLA-DQA1,CD4,0.0229761003218831,0,HLA-DQA1_CD4,HLA-DQA1 - CD4,MHC-II,Cell-Cell Contact,KEGG: hsa04514
Resident M2,Inflammatory Mono-derived,HLA-DQA1,CD4,0.0254554761904517,0,HLA-DQA1_CD4,HLA-DQA1 - CD4,MHC-II,Cell-Cell Contact,KEGG: hsa04514
Stress-response,Inflammatory Mono-derived,HLA-DQA1,CD4,0.0196978099978463,0,HLA-DQA1_CD4,HLA-DQA1 - CD4,MHC-II,Cell-Cell Contact,KEGG: hsa04514
CD8.EM,Lipid-associated,HLA-DQA1,CD4,0.0108027834648834,0,HLA-DQA1_CD4,HLA-DQA1 - CD4,MHC-II,Cell-Cell Contact,KEGG: hsa04514
CD8.TEMRA,Lipid-associated,HLA-DQA1,CD4,0.0116672036355023,0,HLA-DQA1_CD4,HLA-DQA1 - CD4,MHC-II,Cell-Cell Contact,KEGG: hsa04514
CD8.TEX,Lipid-associated,HLA-DQA1,CD4,0.0109720696310105,0,HLA-DQA1_CD4,HLA-DQA1 - CD4,MHC-II,Cell-Cell Contact,KEGG: hsa04514
CD8.TPEX,Lipid-associated,HLA-DQA1,CD4,0.00840649159219549,0,HLA-DQA1_CD4,HLA-DQA1 - CD4,MHC-II,Cell-Cell Contact,KEGG: hsa04514
Classical Mono-derived,Lipid-associated,HLA-DQA1,CD4,0.0275036622277641,0,HLA-DQA1_CD4,HLA-DQA1 - CD4,MHC-II,Cell-Cell Contact,KEGG: hsa04514
IFN-stimulated,Lipid-associated,HLA-DQA1,CD4,0.0297179778190257,0,HLA-DQA1_CD4,HLA-DQA1 - CD4,MHC-II,Cell-Cell Contact,KEGG: hsa04514
Inflammatory Mono-derived,Lipid-associated,HLA-DQA1,CD4,0.0231862472527869,0,HLA-DQA1_CD4,HLA-DQA1 - CD4,MHC-II,Cell-Cell Contact,KEGG: hsa04514
Lipid-associated,Lipid-associated,HLA-DQA1,CD4,0.0315818719133986,0,HLA-DQA1_CD4,HLA-DQA1 - CD4,MHC-II,Cell-Cell Contact,KEGG: hsa04514
Proliferating,Lipid-associated,HLA-DQA1,CD4,0.0296329160903087,0,HLA-DQA1_CD4,HLA-DQA1 - CD4,MHC-II,Cell-Cell Contact,KEGG: hsa04514
Resident M2,Lipid-associated,HLA-DQA1,CD4,0.0328065155909787,0,HLA-DQA1_CD4,HLA-DQA1 - CD4,MHC-II,Cell-Cell Contact,KEGG: hsa04514
Stress-response,Lipid-associated,HLA-DQA1,CD4,0.0254295350880021,0,HLA-DQA1_CD4,HLA-DQA1 - CD4,MHC-II,Cell-Cell Contact,KEGG: hsa04514
CD8.EM,Proliferating,HLA-DQA1,CD4,0.0114871506724722,0,HLA-DQA1_CD4,HLA-DQA1 - CD4,MHC-II,Cell-Cell Contact,KEGG: hsa04514
CD8.TEMRA,Proliferating,HLA-DQA1,CD4,0.0124056459554221,0,HLA-DQA1_CD4,HLA-DQA1 - CD4,MHC-II,Cell-Cell Contact,KEGG: hsa04514
CD8.TEX,Proliferating,HLA-DQA1,CD4,0.0116670347986896,0,HLA-DQA1_CD4,HLA-DQA1 - CD4,MHC-II,Cell-Cell Contact,KEGG: hsa04514
CD8.TPEX,Proliferating,HLA-DQA1,CD4,0.0089404233425651,0,HLA-DQA1_CD4,HLA-DQA1 - CD4,MHC-II,Cell-Cell Contact,KEGG: hsa04514
Classical Mono-derived,Proliferating,HLA-DQA1,CD4,0.0292147995908279,0,HLA-DQA1_CD4,HLA-DQA1 - CD4,MHC-II,Cell-Cell Contact,KEGG: hsa04514
IFN-stimulated,Proliferating,HLA-DQA1,CD4,0.0315624074696944,0,HLA-DQA1_CD4,HLA-DQA1 - CD4,MHC-II,Cell-Cell Contact,KEGG: hsa04514
Inflammatory Mono-derived,Proliferating,HLA-DQA1,CD4,0.0246355815607152,0,HLA-DQA1_CD4,HLA-DQA1 - CD4,MHC-II,Cell-Cell Contact,KEGG: hsa04514
Lipid-associated,Proliferating,HLA-DQA1,CD4,0.0335379845524471,0,HLA-DQA1_CD4,HLA-DQA1 - CD4,MHC-II,Cell-Cell Contact,KEGG: hsa04514
Proliferating,Proliferating,HLA-DQA1,CD4,0.0314722376729983,0,HLA-DQA1_CD4,HLA-DQA1 - CD4,MHC-II,Cell-Cell Contact,KEGG: hsa04514
Resident M2,Proliferating,HLA-DQA1,CD4,0.0348357514774734,0,HLA-DQA1_CD4,HLA-DQA1 - CD4,MHC-II,Cell-Cell Contact,KEGG: hsa04514
Stress-response,Proliferating,HLA-DQA1,CD4,0.0270152155342643,0,HLA-DQA1_CD4,HLA-DQA1 - CD4,MHC-II,Cell-Cell Contact,KEGG: hsa04514
CD8.EM,Resident M2,HLA-DQA1,CD4,0.028352882015777,0,HLA-DQA1_CD4,HLA-DQA1 - CD4,MHC-II,Cell-Cell Contact,KEGG: hsa04514
CD8.TEMRA,Resident M2,HLA-DQA1,CD4,0.0305782200856158,0,HLA-DQA1_CD4,HLA-DQA1 - CD4,MHC-II,Cell-Cell Contact,KEGG: hsa04514
CD8.TEX,Resident M2,HLA-DQA1,CD4,0.0287891847782974,0,HLA-DQA1_CD4,HLA-DQA1 - CD4,MHC-II,Cell-Cell Contact,KEGG: hsa04514
CD8.TPEX,Resident M2,HLA-DQA1,CD4,0.022150771841112,0,HLA-DQA1_CD4,HLA-DQA1 - CD4,MHC-II,Cell-Cell Contact,KEGG: hsa04514
Classical Mono-derived,Resident M2,HLA-DQA1,CD4,0.0702587636447126,0,HLA-DQA1_CD4,HLA-DQA1 - CD4,MHC-II,Cell-Cell Contact,KEGG: hsa04514
IFN-stimulated,Resident M2,HLA-DQA1,CD4,0.0756475270733873,0,HLA-DQA1_CD4,HLA-DQA1 - CD4,MHC-II,Cell-Cell Contact,KEGG: hsa04514
Inflammatory Mono-derived,Resident M2,HLA-DQA1,CD4,0.0596414293270863,0,HLA-DQA1_CD4,HLA-DQA1 - CD4,MHC-II,Cell-Cell Contact,KEGG: hsa04514
Lipid-associated,Resident M2,HLA-DQA1,CD4,0.0801541255739588,0,HLA-DQA1_CD4,HLA-DQA1 - CD4,MHC-II,Cell-Cell Contact,KEGG: hsa04514
Proliferating,Resident M2,HLA-DQA1,CD4,0.075441222832565,0,HLA-DQA1_CD4,HLA-DQA1 - CD4,MHC-II,Cell-Cell Contact,KEGG: hsa04514
Resident M2,Resident M2,HLA-DQA1,CD4,0.0831006230467389,0,HLA-DQA1_CD4,HLA-DQA1 - CD4,MHC-II,Cell-Cell Contact,KEGG: hsa04514
Stress-response,Resident M2,HLA-DQA1,CD4,0.0651764466184077,0,HLA-DQA1_CD4,HLA-DQA1 - CD4,MHC-II,Cell-Cell Contact,KEGG: hsa04514
CD8.EM,Stress-response,HLA-DQA1,CD4,0.00831754266233059,0,HLA-DQA1_CD4,HLA-DQA1 - CD4,MHC-II,Cell-Cell Contact,KEGG: hsa04514
CD8.TEMRA,Stress-response,HLA-DQA1,CD4,0.00898490442758374,0,HLA-DQA1_CD4,HLA-DQA1 - CD4,MHC-II,Cell-Cell Contact,KEGG: hsa04514
CD8.TEX,Stress-response,HLA-DQA1,CD4,0.00844821620924093,0,HLA-DQA1_CD4,HLA-DQA1 - CD4,MHC-II,Cell-Cell Contact,KEGG: hsa04514
CD8.TPEX,Stress-response,HLA-DQA1,CD4,0.00646892601036137,0,HLA-DQA1_CD4,HLA-DQA1 - CD4,MHC-II,Cell-Cell Contact,KEGG: hsa04514
Classical Mono-derived,Stress-response,HLA-DQA1,CD4,0.0212588621115517,0,HLA-DQA1_CD4,HLA-DQA1 - CD4,MHC-II,Cell-Cell Contact,KEGG: hsa04514
IFN-stimulated,Stress-response,HLA-DQA1,CD4,0.0229822913556393,0,HLA-DQA1_CD4,HLA-DQA1 - CD4,MHC-II,Cell-Cell Contact,KEGG: hsa04514
Inflammatory Mono-derived,Stress-response,HLA-DQA1,CD4,0.0179036838501776,0,HLA-DQA1_CD4,HLA-DQA1 - CD4,MHC-II,Cell-Cell Contact,KEGG: hsa04514
Lipid-associated,Stress-response,HLA-DQA1,CD4,0.0244343658156391,0,HLA-DQA1_CD4,HLA-DQA1 - CD4,MHC-II,Cell-Cell Contact,KEGG: hsa04514
Proliferating,Stress-response,HLA-DQA1,CD4,0.0229160538304049,0,HLA-DQA1_CD4,HLA-DQA1 - CD4,MHC-II,Cell-Cell Contact,KEGG: hsa04514
Resident M2,Stress-response,HLA-DQA1,CD4,0.0253891183992258,0,HLA-DQA1_CD4,HLA-DQA1 - CD4,MHC-II,Cell-Cell Contact,KEGG: hsa04514
Stress-response,Stress-response,HLA-DQA1,CD4,0.0196461588188968,0,HLA-DQA1_CD4,HLA-DQA1 - CD4,MHC-II,Cell-Cell Contact,KEGG: hsa04514
CD8.EM,Classical Mono-derived,HLA-DMA,CD4,0.00749240984266721,0,HLA-DMA_CD4,HLA-DMA - CD4,MHC-II,Cell-Cell Contact,KEGG: hsa04514
CD8.TEMRA,Classical Mono-derived,HLA-DMA,CD4,0.00728888044997928,0,HLA-DMA_CD4,HLA-DMA - CD4,MHC-II,Cell-Cell Contact,KEGG: hsa04514
CD8.TEX,Classical Mono-derived,HLA-DMA,CD4,0.00740229278929513,0,HLA-DMA_CD4,HLA-DMA - CD4,MHC-II,Cell-Cell Contact,KEGG: hsa04514
CD8.TPEX,Classical Mono-derived,HLA-DMA,CD4,0.00669163122879021,0,HLA-DMA_CD4,HLA-DMA - CD4,MHC-II,Cell-Cell Contact,KEGG: hsa04514
Classical Mono-derived,Classical Mono-derived,HLA-DMA,CD4,0.0497575377315883,0,HLA-DMA_CD4,HLA-DMA - CD4,MHC-II,Cell-Cell Contact,KEGG: hsa04514
IFN-stimulated,Classical Mono-derived,HLA-DMA,CD4,0.0458057647350065,0,HLA-DMA_CD4,HLA-DMA - CD4,MHC-II,Cell-Cell Contact,KEGG: hsa04514
Inflammatory Mono-derived,Classical Mono-derived,HLA-DMA,CD4,0.0388329319452935,0,HLA-DMA_CD4,HLA-DMA - CD4,MHC-II,Cell-Cell Contact,KEGG: hsa04514
Lipid-associated,Classical Mono-derived,HLA-DMA,CD4,0.0483485751416065,0,HLA-DMA_CD4,HLA-DMA - CD4,MHC-II,Cell-Cell Contact,KEGG: hsa04514
Proliferating,Classical Mono-derived,HLA-DMA,CD4,0.0409544069532023,0,HLA-DMA_CD4,HLA-DMA - CD4,MHC-II,Cell-Cell Contact,KEGG: hsa04514
Resident M2,Classical Mono-derived,HLA-DMA,CD4,0.0482652412900866,0,HLA-DMA_CD4,HLA-DMA - CD4,MHC-II,Cell-Cell Contact,KEGG: hsa04514
Stress-response,Classical Mono-derived,HLA-DMA,CD4,0.0423850651191726,0,HLA-DMA_CD4,HLA-DMA - CD4,MHC-II,Cell-Cell Contact,KEGG: hsa04514
CD8.EM,IFN-stimulated,HLA-DMA,CD4,0.00665345976517512,0,HLA-DMA_CD4,HLA-DMA - CD4,MHC-II,Cell-Cell Contact,KEGG: hsa04514
CD8.TEMRA,IFN-stimulated,HLA-DMA,CD4,0.0064725716137098,0,HLA-DMA_CD4,HLA-DMA - CD4,MHC-II,Cell-Cell Contact,KEGG: hsa04514
CD8.TEX,IFN-stimulated,HLA-DMA,CD4,0.00657336658769539,0,HLA-DMA_CD4,HLA-DMA - CD4,MHC-II,Cell-Cell Contact,KEGG: hsa04514
CD8.TPEX,IFN-stimulated,HLA-DMA,CD4,0.00594181019966962,0,HLA-DMA_CD4,HLA-DMA - CD4,MHC-II,Cell-Cell Contact,KEGG: hsa04514
Classical Mono-derived,IFN-stimulated,HLA-DMA,CD4,0.0443977219058371,0,HLA-DMA_CD4,HLA-DMA - CD4,MHC-II,Cell-Cell Contact,KEGG: hsa04514
IFN-stimulated,IFN-stimulated,HLA-DMA,CD4,0.0408533275949077,0,HLA-DMA_CD4,HLA-DMA - CD4,MHC-II,Cell-Cell Contact,KEGG: hsa04514
Inflammatory Mono-derived,IFN-stimulated,HLA-DMA,CD4,0.0346070426355126,0,HLA-DMA_CD4,HLA-DMA - CD4,MHC-II,Cell-Cell Contact,KEGG: hsa04514
Lipid-associated,IFN-stimulated,HLA-DMA,CD4,0.0431336416401268,0,HLA-DMA_CD4,HLA-DMA - CD4,MHC-II,Cell-Cell Contact,KEGG: hsa04514
Proliferating,IFN-stimulated,HLA-DMA,CD4,0.0365064223541014,0,HLA-DMA_CD4,HLA-DMA - CD4,MHC-II,Cell-Cell Contact,KEGG: hsa04514
Resident M2,IFN-stimulated,HLA-DMA,CD4,0.0430588895772032,0,HLA-DMA_CD4,HLA-DMA - CD4,MHC-II,Cell-Cell Contact,KEGG: hsa04514
Stress-response,IFN-stimulated,HLA-DMA,CD4,0.0377878215563907,0,HLA-DMA_CD4,HLA-DMA - CD4,MHC-II,Cell-Cell Contact,KEGG: hsa04514
CD8.EM,Inflammatory Mono-derived,HLA-DMA,CD4,0.00260067560978288,0,HLA-DMA_CD4,HLA-DMA - CD4,MHC-II,Cell-Cell Contact,KEGG: hsa04514
CD8.TEMRA,Inflammatory Mono-derived,HLA-DMA,CD4,0.00252969023384274,0,HLA-DMA_CD4,HLA-DMA - CD4,MHC-II,Cell-Cell Contact,KEGG: hsa04514
CD8.TEX,Inflammatory Mono-derived,HLA-DMA,CD4,0.00256924295012147,0,HLA-DMA_CD4,HLA-DMA - CD4,MHC-II,Cell-Cell Contact,KEGG: hsa04514
CD8.TPEX,Inflammatory Mono-derived,HLA-DMA,CD4,0.00232149603235797,0,HLA-DMA_CD4,HLA-DMA - CD4,MHC-II,Cell-Cell Contact,KEGG: hsa04514
Classical Mono-derived,Inflammatory Mono-derived,HLA-DMA,CD4,0.0177651634145055,0,HLA-DMA_CD4,HLA-DMA - CD4,MHC-II,Cell-Cell Contact,KEGG: hsa04514
IFN-stimulated,Inflammatory Mono-derived,HLA-DMA,CD4,0.0163106306632343,0,HLA-DMA_CD4,HLA-DMA - CD4,MHC-II,Cell-Cell Contact,KEGG: hsa04514
Inflammatory Mono-derived,Inflammatory Mono-derived,HLA-DMA,CD4,0.0137629658397001,0,HLA-DMA_CD4,HLA-DMA - CD4,MHC-II,Cell-Cell Contact,KEGG: hsa04514
Lipid-associated,Inflammatory Mono-derived,HLA-DMA,CD4,0.0172456738235923,0,HLA-DMA_CD4,HLA-DMA - CD4,MHC-II,Cell-Cell Contact,KEGG: hsa04514
Proliferating,Inflammatory Mono-derived,HLA-DMA,CD4,0.0145355600934353,0,HLA-DMA_CD4,HLA-DMA - CD4,MHC-II,Cell-Cell Contact,KEGG: hsa04514
Resident M2,Inflammatory Mono-derived,HLA-DMA,CD4,0.0172149793252119,0,HLA-DMA_CD4,HLA-DMA - CD4,MHC-II,Cell-Cell Contact,KEGG: hsa04514
Stress-response,Inflammatory Mono-derived,HLA-DMA,CD4,0.0150578201762544,0,HLA-DMA_CD4,HLA-DMA - CD4,MHC-II,Cell-Cell Contact,KEGG: hsa04514
CD8.EM,Lipid-associated,HLA-DMA,CD4,0.00337455328630341,0,HLA-DMA_CD4,HLA-DMA - CD4,MHC-II,Cell-Cell Contact,KEGG: hsa04514
CD8.TEMRA,Lipid-associated,HLA-DMA,CD4,0.00328251445572604,0,HLA-DMA_CD4,HLA-DMA - CD4,MHC-II,Cell-Cell Contact,KEGG: hsa04514
CD8.TEX,Lipid-associated,HLA-DMA,CD4,0.00333379853844238,0,HLA-DMA_CD4,HLA-DMA - CD4,MHC-II,Cell-Cell Contact,KEGG: hsa04514
CD8.TPEX,Lipid-associated,HLA-DMA,CD4,0.00301254973771874,0,HLA-DMA_CD4,HLA-DMA - CD4,MHC-II,Cell-Cell Contact,KEGG: hsa04514
Classical Mono-derived,Lipid-associated,HLA-DMA,CD4,0.0229476858047468,0,HLA-DMA_CD4,HLA-DMA - CD4,MHC-II,Cell-Cell Contact,KEGG: hsa04514
IFN-stimulated,Lipid-associated,HLA-DMA,CD4,0.0210779367097809,0,HLA-DMA_CD4,HLA-DMA - CD4,MHC-II,Cell-Cell Contact,KEGG: hsa04514
Inflammatory Mono-derived,Lipid-associated,HLA-DMA,CD4,0.0177991085948887,0,HLA-DMA_CD4,HLA-DMA - CD4,MHC-II,Cell-Cell Contact,KEGG: hsa04514
Lipid-associated,Lipid-associated,HLA-DMA,CD4,0.0222800862556581,0,HLA-DMA_CD4,HLA-DMA - CD4,MHC-II,Cell-Cell Contact,KEGG: hsa04514
Proliferating,Lipid-associated,HLA-DMA,CD4,0.0187939570988051,0,HLA-DMA_CD4,HLA-DMA - CD4,MHC-II,Cell-Cell Contact,KEGG: hsa04514
Resident M2,Lipid-associated,HLA-DMA,CD4,0.0222406341037494,0,HLA-DMA_CD4,HLA-DMA - CD4,MHC-II,Cell-Cell Contact,KEGG: hsa04514
Stress-response,Lipid-associated,HLA-DMA,CD4,0.0194661983002426,0,HLA-DMA_CD4,HLA-DMA - CD4,MHC-II,Cell-Cell Contact,KEGG: hsa04514
CD8.EM,Proliferating,HLA-DMA,CD4,0.00359004250715274,0,HLA-DMA_CD4,HLA-DMA - CD4,MHC-II,Cell-Cell Contact,KEGG: hsa04514
CD8.TEMRA,Proliferating,HLA-DMA,CD4,0.00349214693684338,0,HLA-DMA_CD4,HLA-DMA - CD4,MHC-II,Cell-Cell Contact,KEGG: hsa04514
CD8.TEX,Proliferating,HLA-DMA,CD4,0.00354669454032554,0,HLA-DMA_CD4,HLA-DMA - CD4,MHC-II,Cell-Cell Contact,KEGG: hsa04514
CD8.TPEX,Proliferating,HLA-DMA,CD4,0.00320499679726944,0,HLA-DMA_CD4,HLA-DMA - CD4,MHC-II,Cell-Cell Contact,KEGG: hsa04514
Classical Mono-derived,Proliferating,HLA-DMA,CD4,0.0243824802517172,0,HLA-DMA_CD4,HLA-DMA - CD4,MHC-II,Cell-Cell Contact,KEGG: hsa04514
IFN-stimulated,Proliferating,HLA-DMA,CD4,0.022398505880898,0,HLA-DMA_CD4,HLA-DMA - CD4,MHC-II,Cell-Cell Contact,KEGG: hsa04514
Inflammatory Mono-derived,Proliferating,HLA-DMA,CD4,0.0189182234566772,0,HLA-DMA_CD4,HLA-DMA - CD4,MHC-II,Cell-Cell Contact,KEGG: hsa04514
Lipid-associated,Proliferating,HLA-DMA,CD4,0.0236741507214293,0,HLA-DMA_CD4,HLA-DMA - CD4,MHC-II,Cell-Cell Contact,KEGG: hsa04514
Proliferating,Proliferating,HLA-DMA,CD4,0.0199743507771371,0,HLA-DMA_CD4,HLA-DMA - CD4,MHC-II,Cell-Cell Contact,KEGG: hsa04514
Resident M2,Proliferating,HLA-DMA,CD4,0.0236322897154679,0,HLA-DMA_CD4,HLA-DMA - CD4,MHC-II,Cell-Cell Contact,KEGG: hsa04514
Stress-response,Proliferating,HLA-DMA,CD4,0.0206879232836048,0,HLA-DMA_CD4,HLA-DMA - CD4,MHC-II,Cell-Cell Contact,KEGG: hsa04514
CD8.EM,Resident M2,HLA-DMA,CD4,0.00896620453604476,0,HLA-DMA_CD4,HLA-DMA - CD4,MHC-II,Cell-Cell Contact,KEGG: hsa04514
CD8.TEMRA,Resident M2,HLA-DMA,CD4,0.00872299175182529,0,HLA-DMA_CD4,HLA-DMA - CD4,MHC-II,Cell-Cell Contact,KEGG: hsa04514
CD8.TEX,Resident M2,HLA-DMA,CD4,0.00885851922085944,0,HLA-DMA_CD4,HLA-DMA - CD4,MHC-II,Cell-Cell Contact,KEGG: hsa04514
CD8.TPEX,Resident M2,HLA-DMA,CD4,0.00800917984899785,0,HLA-DMA_CD4,HLA-DMA - CD4,MHC-II,Cell-Cell Contact,KEGG: hsa04514
Classical Mono-derived,Resident M2,HLA-DMA,CD4,0.0590504580684906,0,HLA-DMA_CD4,HLA-DMA - CD4,MHC-II,Cell-Cell Contact,KEGG: hsa04514
IFN-stimulated,Resident M2,HLA-DMA,CD4,0.0544028903471085,0,HLA-DMA_CD4,HLA-DMA - CD4,MHC-II,Cell-Cell Contact,KEGG: hsa04514
Inflammatory Mono-derived,Resident M2,HLA-DMA,CD4,0.046184694414784,0,HLA-DMA_CD4,HLA-DMA - CD4,MHC-II,Cell-Cell Contact,KEGG: hsa04514
Lipid-associated,Resident M2,HLA-DMA,CD4,0.0573942456508687,0,HLA-DMA_CD4,HLA-DMA - CD4,MHC-II,Cell-Cell Contact,KEGG: hsa04514
Proliferating,Resident M2,HLA-DMA,CD4,0.0486874577336701,0,HLA-DMA_CD4,HLA-DMA - CD4,MHC-II,Cell-Cell Contact,KEGG: hsa04514
Resident M2,Resident M2,HLA-DMA,CD4,0.0572962593355626,0,HLA-DMA_CD4,HLA-DMA - CD4,MHC-II,Cell-Cell Contact,KEGG: hsa04514
Stress-response,Resident M2,HLA-DMA,CD4,0.0503740650928248,0,HLA-DMA_CD4,HLA-DMA - CD4,MHC-II,Cell-Cell Contact,KEGG: hsa04514
CD8.EM,Stress-response,HLA-DMA,CD4,0.00259373755514814,0,HLA-DMA_CD4,HLA-DMA - CD4,MHC-II,Cell-Cell Contact,KEGG: hsa04514
CD8.TEMRA,Stress-response,HLA-DMA,CD4,0.002522941074211,0,HLA-DMA_CD4,HLA-DMA - CD4,MHC-II,Cell-Cell Contact,KEGG: hsa04514
CD8.TEX,Stress-response,HLA-DMA,CD4,0.00256238853576951,0,HLA-DMA_CD4,HLA-DMA - CD4,MHC-II,Cell-Cell Contact,KEGG: hsa04514
CD8.TPEX,Stress-response,HLA-DMA,CD4,0.00231530104110547,0,HLA-DMA_CD4,HLA-DMA - CD4,MHC-II,Cell-Cell Contact,KEGG: hsa04514
Classical Mono-derived,Stress-response,HLA-DMA,CD4,0.0177184883833342,0,HLA-DMA_CD4,HLA-DMA - CD4,MHC-II,Cell-Cell Contact,KEGG: hsa04514
IFN-stimulated,Stress-response,HLA-DMA,CD4,0.0162677138843173,0,HLA-DMA_CD4,HLA-DMA - CD4,MHC-II,Cell-Cell Contact,KEGG: hsa04514
Inflammatory Mono-derived,Stress-response,HLA-DMA,CD4,0.0137266589733711,0,HLA-DMA_CD4,HLA-DMA - CD4,MHC-II,Cell-Cell Contact,KEGG: hsa04514
Lipid-associated,Stress-response,HLA-DMA,CD4,0.017200339764592,0,HLA-DMA_CD4,HLA-DMA - CD4,MHC-II,Cell-Cell Contact,KEGG: hsa04514
Proliferating,Stress-response,HLA-DMA,CD4,0.0144972450736957,0,HLA-DMA_CD4,HLA-DMA - CD4,MHC-II,Cell-Cell Contact,KEGG: hsa04514
Resident M2,Stress-response,HLA-DMA,CD4,0.0171697245437843,0,HLA-DMA_CD4,HLA-DMA - CD4,MHC-II,Cell-Cell Contact,KEGG: hsa04514
Stress-response,Stress-response,HLA-DMA,CD4,0.0150181494844011,0,HLA-DMA_CD4,HLA-DMA - CD4,MHC-II,Cell-Cell Contact,KEGG: hsa04514
Classical Mono-derived,Classical Mono-derived,HLA-DMB,CD4,0.0349544301053392,0,HLA-DMB_CD4,HLA-DMB - CD4,MHC-II,Cell-Cell Contact,KEGG: hsa04514
IFN-stimulated,Classical Mono-derived,HLA-DMB,CD4,0.0293792440366105,0,HLA-DMB_CD4,HLA-DMB - CD4,MHC-II,Cell-Cell Contact,KEGG: hsa04514
Inflammatory Mono-derived,Classical Mono-derived,HLA-DMB,CD4,0.0191432759159721,0,HLA-DMB_CD4,HLA-DMB - CD4,MHC-II,Cell-Cell Contact,KEGG: hsa04514
Lipid-associated,Classical Mono-derived,HLA-DMB,CD4,0.0298938273552478,0,HLA-DMB_CD4,HLA-DMB - CD4,MHC-II,Cell-Cell Contact,KEGG: hsa04514
Proliferating,Classical Mono-derived,HLA-DMB,CD4,0.0233391967820591,0,HLA-DMB_CD4,HLA-DMB - CD4,MHC-II,Cell-Cell Contact,KEGG: hsa04514
Resident M2,Classical Mono-derived,HLA-DMB,CD4,0.0343085299518953,0,HLA-DMB_CD4,HLA-DMB - CD4,MHC-II,Cell-Cell Contact,KEGG: hsa04514
Stress-response,Classical Mono-derived,HLA-DMB,CD4,0.0209225946504606,0,HLA-DMB_CD4,HLA-DMB - CD4,MHC-II,Cell-Cell Contact,KEGG: hsa04514
Classical Mono-derived,IFN-stimulated,HLA-DMB,CD4,0.0311369354742894,0,HLA-DMB_CD4,HLA-DMB - CD4,MHC-II,Cell-Cell Contact,KEGG: hsa04514
IFN-stimulated,IFN-stimulated,HLA-DMB,CD4,0.0261541331493008,0,HLA-DMB_CD4,HLA-DMB - CD4,MHC-II,Cell-Cell Contact,KEGG: hsa04514
Inflammatory Mono-derived,IFN-stimulated,HLA-DMB,CD4,0.0170221140252649,0,HLA-DMB_CD4,HLA-DMB - CD4,MHC-II,Cell-Cell Contact,KEGG: hsa04514
Lipid-associated,IFN-stimulated,HLA-DMB,CD4,0.0266137768836276,0,HLA-DMB_CD4,HLA-DMB - CD4,MHC-II,Cell-Cell Contact,KEGG: hsa04514
Proliferating,IFN-stimulated,HLA-DMB,CD4,0.0207629494671259,0,HLA-DMB_CD4,HLA-DMB - CD4,MHC-II,Cell-Cell Contact,KEGG: hsa04514
Resident M2,IFN-stimulated,HLA-DMB,CD4,0.0305593425518382,0,HLA-DMB_CD4,HLA-DMB - CD4,MHC-II,Cell-Cell Contact,KEGG: hsa04514
Stress-response,IFN-stimulated,HLA-DMB,CD4,0.0186080164597041,0,HLA-DMB_CD4,HLA-DMB - CD4,MHC-II,Cell-Cell Contact,KEGG: hsa04514
Classical Mono-derived,Inflammatory Mono-derived,HLA-DMB,CD4,0.0123561787250448,0,HLA-DMB_CD4,HLA-DMB - CD4,MHC-II,Cell-Cell Contact,KEGG: hsa04514
IFN-stimulated,Inflammatory Mono-derived,HLA-DMB,CD4,0.0103467398149476,0,HLA-DMB_CD4,HLA-DMB - CD4,MHC-II,Cell-Cell Contact,KEGG: hsa04514
Inflammatory Mono-derived,Inflammatory Mono-derived,HLA-DMB,CD4,0.00669610491775151,0,HLA-DMB_CD4,HLA-DMB - CD4,MHC-II,Cell-Cell Contact,KEGG: hsa04514
Lipid-associated,Inflammatory Mono-derived,HLA-DMB,CD4,0.0105315820809375,0,HLA-DMB_CD4,HLA-DMB - CD4,MHC-II,Cell-Cell Contact,KEGG: hsa04514
Proliferating,Inflammatory Mono-derived,HLA-DMB,CD4,0.008186562118546,0,HLA-DMB_CD4,HLA-DMB - CD4,MHC-II,Cell-Cell Contact,KEGG: hsa04514
Resident M2,Inflammatory Mono-derived,HLA-DMB,CD4,0.0121226114504746,0,HLA-DMB_CD4,HLA-DMB - CD4,MHC-II,Cell-Cell Contact,KEGG: hsa04514
Stress-response,Inflammatory Mono-derived,HLA-DMB,CD4,0.00732713325929233,0,HLA-DMB_CD4,HLA-DMB - CD4,MHC-II,Cell-Cell Contact,KEGG: hsa04514
Classical Mono-derived,Lipid-associated,HLA-DMB,CD4,0.0159864528617226,0,HLA-DMB_CD4,HLA-DMB - CD4,MHC-II,Cell-Cell Contact,KEGG: hsa04514
IFN-stimulated,Lipid-associated,HLA-DMB,CD4,0.013394642946013,0,HLA-DMB_CD4,HLA-DMB - CD4,MHC-II,Cell-Cell Contact,KEGG: hsa04514
Inflammatory Mono-derived,Lipid-associated,HLA-DMB,CD4,0.00867804780671523,0,HLA-DMB_CD4,HLA-DMB - CD4,MHC-II,Cell-Cell Contact,KEGG: hsa04514
Lipid-associated,Lipid-associated,HLA-DMB,CD4,0.0136331852516687,0,HLA-DMB_CD4,HLA-DMB - CD4,MHC-II,Cell-Cell Contact,KEGG: hsa04514
Proliferating,Lipid-associated,HLA-DMB,CD4,0.0106049472195028,0,HLA-DMB_CD4,HLA-DMB - CD4,MHC-II,Cell-Cell Contact,KEGG: hsa04514
Resident M2,Lipid-associated,HLA-DMB,CD4,0.0156853528130265,0,HLA-DMB_CD4,HLA-DMB - CD4,MHC-II,Cell-Cell Contact,KEGG: hsa04514
Stress-response,Lipid-associated,HLA-DMB,CD4,0.00949406551693671,0,HLA-DMB_CD4,HLA-DMB - CD4,MHC-II,Cell-Cell Contact,KEGG: hsa04514
Classical Mono-derived,Proliferating,HLA-DMB,CD4,0.0169935692706738,0,HLA-DMB_CD4,HLA-DMB - CD4,MHC-II,Cell-Cell Contact,KEGG: hsa04514
IFN-stimulated,Proliferating,HLA-DMB,CD4,0.0142408432224887,0,HLA-DMB_CD4,HLA-DMB - CD4,MHC-II,Cell-Cell Contact,KEGG: hsa04514
Inflammatory Mono-derived,Proliferating,HLA-DMB,CD4,0.00922906670855303,0,HLA-DMB_CD4,HLA-DMB - CD4,MHC-II,Cell-Cell Contact,KEGG: hsa04514
Lipid-associated,Proliferating,HLA-DMB,CD4,0.01449423393563,0,HLA-DMB_CD4,HLA-DMB - CD4,MHC-II,Cell-Cell Contact,KEGG: hsa04514
Proliferating,Proliferating,HLA-DMB,CD4,0.0112769241803766,0,HLA-DMB_CD4,HLA-DMB - CD4,MHC-II,Cell-Cell Contact,KEGG: hsa04514
Resident M2,Proliferating,HLA-DMB,CD4,0.0166738219059183,0,HLA-DMB_CD4,HLA-DMB - CD4,MHC-II,Cell-Cell Contact,KEGG: hsa04514
Stress-response,Proliferating,HLA-DMB,CD4,0.0100963703424742,0,HLA-DMB_CD4,HLA-DMB - CD4,MHC-II,Cell-Cell Contact,KEGG: hsa04514
Classical Mono-derived,Resident M2,HLA-DMB,CD4,0.0416037059431051,0,HLA-DMB_CD4,HLA-DMB - CD4,MHC-II,Cell-Cell Contact,KEGG: hsa04514
IFN-stimulated,Resident M2,HLA-DMB,CD4,0.0350064398750123,0,HLA-DMB_CD4,HLA-DMB - CD4,MHC-II,Cell-Cell Contact,KEGG: hsa04514
Inflammatory Mono-derived,Resident M2,HLA-DMB,CD4,0.0228560779385351,0,HLA-DMB_CD4,HLA-DMB - CD4,MHC-II,Cell-Cell Contact,KEGG: hsa04514
Lipid-associated,Resident M2,HLA-DMB,CD4,0.0356159680359011,0,HLA-DMB_CD4,HLA-DMB - CD4,MHC-II,Cell-Cell Contact,KEGG: hsa04514
Proliferating,Resident M2,HLA-DMB,CD4,0.027842689348031,0,HLA-DMB_CD4,HLA-DMB - CD4,MHC-II,Cell-Cell Contact,KEGG: hsa04514
Resident M2,Resident M2,HLA-DMB,CD4,0.0408401378343699,0,HLA-DMB_CD4,HLA-DMB - CD4,MHC-II,Cell-Cell Contact,KEGG: hsa04514
Stress-response,Resident M2,HLA-DMB,CD4,0.0249717063512528,0,HLA-DMB_CD4,HLA-DMB - CD4,MHC-II,Cell-Cell Contact,KEGG: hsa04514
Classical Mono-derived,Stress-response,HLA-DMB,CD4,0.0123235366073718,0,HLA-DMB_CD4,HLA-DMB - CD4,MHC-II,Cell-Cell Contact,KEGG: hsa04514
IFN-stimulated,Stress-response,HLA-DMB,CD4,0.0103193506969491,0,HLA-DMB_CD4,HLA-DMB - CD4,MHC-II,Cell-Cell Contact,KEGG: hsa04514
Inflammatory Mono-derived,Stress-response,HLA-DMB,CD4,0.00667831427631679,0,HLA-DMB_CD4,HLA-DMB - CD4,MHC-II,Cell-Cell Contact,KEGG: hsa04514
Lipid-associated,Stress-response,HLA-DMB,CD4,0.0105037088554821,0,HLA-DMB_CD4,HLA-DMB - CD4,MHC-II,Cell-Cell Contact,KEGG: hsa04514
Proliferating,Stress-response,HLA-DMB,CD4,0.00816484408500516,0,HLA-DMB_CD4,HLA-DMB - CD4,MHC-II,Cell-Cell Contact,KEGG: hsa04514
Resident M2,Stress-response,HLA-DMB,CD4,0.0120905788090186,0,HLA-DMB_CD4,HLA-DMB - CD4,MHC-II,Cell-Cell Contact,KEGG: hsa04514
Stress-response,Stress-response,HLA-DMB,CD4,0.00730767839557633,0,HLA-DMB_CD4,HLA-DMB - CD4,MHC-II,Cell-Cell Contact,KEGG: hsa04514
Classical Mono-derived,Classical Mono-derived,HLA-DQA2,CD4,0.00524328218447906,0,HLA-DQA2_CD4,HLA-DQA2 - CD4,MHC-II,Cell-Cell Contact,KEGG: hsa04514
IFN-stimulated,Classical Mono-derived,HLA-DQA2,CD4,0.00487684039426327,0,HLA-DQA2_CD4,HLA-DQA2 - CD4,MHC-II,Cell-Cell Contact,KEGG: hsa04514
Resident M2,Classical Mono-derived,HLA-DQA2,CD4,0.00520159396766838,0,HLA-DQA2_CD4,HLA-DQA2 - CD4,MHC-II,Cell-Cell Contact,KEGG: hsa04514
Classical Mono-derived,IFN-stimulated,HLA-DQA2,CD4,0.00465499324566864,0,HLA-DQA2_CD4,HLA-DQA2 - CD4,MHC-II,Cell-Cell Contact,KEGG: hsa04514
IFN-stimulated,IFN-stimulated,HLA-DQA2,CD4,0.00432948677070093,0,HLA-DQA2_CD4,HLA-DQA2 - CD4,MHC-II,Cell-Cell Contact,KEGG: hsa04514
Resident M2,IFN-stimulated,HLA-DQA2,CD4,0.00461796067485184,0,HLA-DQA2_CD4,HLA-DQA2 - CD4,MHC-II,Cell-Cell Contact,KEGG: hsa04514
Classical Mono-derived,Inflammatory Mono-derived,HLA-DQA2,CD4,0.00181729661095908,0,HLA-DQA2_CD4,HLA-DQA2 - CD4,MHC-II,Cell-Cell Contact,KEGG: hsa04514
IFN-stimulated,Inflammatory Mono-derived,HLA-DQA2,CD4,0.0016898828837664,0,HLA-DQA2_CD4,HLA-DQA2 - CD4,MHC-II,Cell-Cell Contact,KEGG: hsa04514
Resident M2,Inflammatory Mono-derived,HLA-DQA2,CD4,0.00180279830797011,0,HLA-DQA2_CD4,HLA-DQA2 - CD4,MHC-II,Cell-Cell Contact,KEGG: hsa04514
Classical Mono-derived,Lipid-associated,HLA-DQA2,CD4,0.0023586170619928,0,HLA-DQA2_CD4,HLA-DQA2 - CD4,MHC-II,Cell-Cell Contact,KEGG: hsa04514
IFN-stimulated,Lipid-associated,HLA-DQA2,CD4,0.00219333384086513,0,HLA-DQA2_CD4,HLA-DQA2 - CD4,MHC-II,Cell-Cell Contact,KEGG: hsa04514
Resident M2,Lipid-associated,HLA-DQA2,CD4,0.00233981025423393,0,HLA-DQA2_CD4,HLA-DQA2 - CD4,MHC-II,Cell-Cell Contact,KEGG: hsa04514
Classical Mono-derived,Proliferating,HLA-DQA2,CD4,0.00250939487907339,0,HLA-DQA2_CD4,HLA-DQA2 - CD4,MHC-II,Cell-Cell Contact,KEGG: hsa04514
IFN-stimulated,Proliferating,HLA-DQA2,CD4,0.0023335704169858,0,HLA-DQA2_CD4,HLA-DQA2 - CD4,MHC-II,Cell-Cell Contact,KEGG: hsa04514
Resident M2,Proliferating,HLA-DQA2,CD4,0.00248938882038785,0,HLA-DQA2_CD4,HLA-DQA2 - CD4,MHC-II,Cell-Cell Contact,KEGG: hsa04514
Classical Mono-derived,Resident M2,HLA-DQA2,CD4,0.0062774603634101,0,HLA-DQA2_CD4,HLA-DQA2 - CD4,MHC-II,Cell-Cell Contact,KEGG: hsa04514
IFN-stimulated,Resident M2,HLA-DQA2,CD4,0.00583916632870478,0,HLA-DQA2_CD4,HLA-DQA2 - CD4,MHC-II,Cell-Cell Contact,KEGG: hsa04514
Resident M2,Resident M2,HLA-DQA2,CD4,0.00622760109331591,0,HLA-DQA2_CD4,HLA-DQA2 - CD4,MHC-II,Cell-Cell Contact,KEGG: hsa04514
Classical Mono-derived,Stress-response,HLA-DQA2,CD4,0.00181244464876966,0,HLA-DQA2_CD4,HLA-DQA2 - CD4,MHC-II,Cell-Cell Contact,KEGG: hsa04514
IFN-stimulated,Stress-response,HLA-DQA2,CD4,0.00168537052644883,0,HLA-DQA2_CD4,HLA-DQA2 - CD4,MHC-II,Cell-Cell Contact,KEGG: hsa04514
Resident M2,Stress-response,HLA-DQA2,CD4,0.00179798498477201,0,HLA-DQA2_CD4,HLA-DQA2 - CD4,MHC-II,Cell-Cell Contact,KEGG: hsa04514
Classical Mono-derived,Classical Mono-derived,HLA-DOA,CD4,0.00364793736834968,0,HLA-DOA_CD4,HLA-DOA - CD4,MHC-II,Cell-Cell Contact,KEGG: hsa04514
IFN-stimulated,Classical Mono-derived,HLA-DOA,CD4,0.00399523606797866,0,HLA-DOA_CD4,HLA-DOA - CD4,MHC-II,Cell-Cell Contact,KEGG: hsa04514
Lipid-associated,Classical Mono-derived,HLA-DOA,CD4,0.00407267030117157,0,HLA-DOA_CD4,HLA-DOA - CD4,MHC-II,Cell-Cell Contact,KEGG: hsa04514
Resident M2,Classical Mono-derived,HLA-DOA,CD4,0.00572832918684866,0,HLA-DOA_CD4,HLA-DOA - CD4,MHC-II,Cell-Cell Contact,KEGG: hsa04514
Classical Mono-derived,IFN-stimulated,HLA-DOA,CD4,0.00323806123671878,0,HLA-DOA_CD4,HLA-DOA - CD4,MHC-II,Cell-Cell Contact,KEGG: hsa04514
IFN-stimulated,IFN-stimulated,HLA-DOA,CD4,0.00354647693321315,0,HLA-DOA_CD4,HLA-DOA - CD4,MHC-II,Cell-Cell Contact,KEGG: hsa04514
Lipid-associated,IFN-stimulated,HLA-DOA,CD4,0.00361524504814157,0,HLA-DOA_CD4,HLA-DOA - CD4,MHC-II,Cell-Cell Contact,KEGG: hsa04514
Resident M2,IFN-stimulated,HLA-DOA,CD4,0.00508589689327098,0,HLA-DOA_CD4,HLA-DOA - CD4,MHC-II,Cell-Cell Contact,KEGG: hsa04514
Classical Mono-derived,Inflammatory Mono-derived,HLA-DOA,CD4,0.00126303416859071,0,HLA-DOA_CD4,HLA-DOA - CD4,MHC-II,Cell-Cell Contact,KEGG: hsa04514
IFN-stimulated,Inflammatory Mono-derived,HLA-DOA,CD4,0.00138359553564872,0,HLA-DOA_CD4,HLA-DOA - CD4,MHC-II,Cell-Cell Contact,KEGG: hsa04514
Lipid-associated,Inflammatory Mono-derived,HLA-DOA,CD4,0.0014104835703827,0,HLA-DOA_CD4,HLA-DOA - CD4,MHC-II,Cell-Cell Contact,KEGG: hsa04514
Resident M2,Inflammatory Mono-derived,HLA-DOA,CD4,0.0019860443485988,0,HLA-DOA_CD4,HLA-DOA - CD4,MHC-II,Cell-Cell Contact,KEGG: hsa04514
Classical Mono-derived,Lipid-associated,HLA-DOA,CD4,0.00163952693836096,0,HLA-DOA_CD4,HLA-DOA - CD4,MHC-II,Cell-Cell Contact,KEGG: hsa04514
IFN-stimulated,Lipid-associated,HLA-DOA,CD4,0.00179596133363398,0,HLA-DOA_CD4,HLA-DOA - CD4,MHC-II,Cell-Cell Contact,KEGG: hsa04514
Lipid-associated,Lipid-associated,HLA-DOA,CD4,0.00183084836632666,0,HLA-DOA_CD4,HLA-DOA - CD4,MHC-II,Cell-Cell Contact,KEGG: hsa04514
Resident M2,Lipid-associated,HLA-DOA,CD4,0.00257750010851466,0,HLA-DOA_CD4,HLA-DOA - CD4,MHC-II,Cell-Cell Contact,KEGG: hsa04514
Classical Mono-derived,Proliferating,HLA-DOA,CD4,0.00174441631549541,0,HLA-DOA_CD4,HLA-DOA - CD4,MHC-II,Cell-Cell Contact,KEGG: hsa04514
IFN-stimulated,Proliferating,HLA-DOA,CD4,0.00191083950739626,0,HLA-DOA_CD4,HLA-DOA - CD4,MHC-II,Cell-Cell Contact,KEGG: hsa04514
Lipid-associated,Proliferating,HLA-DOA,CD4,0.00194795372480297,0,HLA-DOA_CD4,HLA-DOA - CD4,MHC-II,Cell-Cell Contact,KEGG: hsa04514
Resident M2,Proliferating,HLA-DOA,CD4,0.00274223186218019,0,HLA-DOA_CD4,HLA-DOA - CD4,MHC-II,Cell-Cell Contact,KEGG: hsa04514
Classical Mono-derived,Resident M2,HLA-DOA,CD4,0.00436883376407114,0,HLA-DOA_CD4,HLA-DOA - CD4,MHC-II,Cell-Cell Contact,KEGG: hsa04514
IFN-stimulated,Resident M2,HLA-DOA,CD4,0.00478443520801599,0,HLA-DOA_CD4,HLA-DOA - CD4,MHC-II,Cell-Cell Contact,KEGG: hsa04514
Lipid-associated,Resident M2,HLA-DOA,CD4,0.00487709051692302,0,HLA-DOA_CD4,HLA-DOA - CD4,MHC-II,Cell-Cell Contact,KEGG: hsa04514
Resident M2,Resident M2,HLA-DOA,CD4,0.00685751789049368,0,HLA-DOA_CD4,HLA-DOA - CD4,MHC-II,Cell-Cell Contact,KEGG: hsa04514
Classical Mono-derived,Stress-response,HLA-DOA,CD4,0.00125966015264055,0,HLA-DOA_CD4,HLA-DOA - CD4,MHC-II,Cell-Cell Contact,KEGG: hsa04514
IFN-stimulated,Stress-response,HLA-DOA,CD4,0.00137989990214811,0,HLA-DOA_CD4,HLA-DOA - CD4,MHC-II,Cell-Cell Contact,KEGG: hsa04514
Lipid-associated,Stress-response,HLA-DOA,CD4,0.00140671621914185,0,HLA-DOA_CD4,HLA-DOA - CD4,MHC-II,Cell-Cell Contact,KEGG: hsa04514
Resident M2,Stress-response,HLA-DOA,CD4,0.0019807427443769,0,HLA-DOA_CD4,HLA-DOA - CD4,MHC-II,Cell-Cell Contact,KEGG: hsa04514
CD8.EM,Classical Mono-derived,HLA-DQB1,CD4,0.00856254932585212,0,HLA-DQB1_CD4,HLA-DQB1 - CD4,MHC-II,Cell-Cell Contact,KEGG: hsa04514
CD8.TEMRA,Classical Mono-derived,HLA-DQB1,CD4,0.00791902745068476,0,HLA-DQB1_CD4,HLA-DQB1 - CD4,MHC-II,Cell-Cell Contact,KEGG: hsa04514
CD8.TEX,Classical Mono-derived,HLA-DQB1,CD4,0.00730485541103458,0,HLA-DQB1_CD4,HLA-DQB1 - CD4,MHC-II,Cell-Cell Contact,KEGG: hsa04514
CD8.TPEX,Classical Mono-derived,HLA-DQB1,CD4,0.00709025928010633,0,HLA-DQB1_CD4,HLA-DQB1 - CD4,MHC-II,Cell-Cell Contact,KEGG: hsa04514
Classical Mono-derived,Classical Mono-derived,HLA-DQB1,CD4,0.0524972369020687,0,HLA-DQB1_CD4,HLA-DQB1 - CD4,MHC-II,Cell-Cell Contact,KEGG: hsa04514
IFN-stimulated,Classical Mono-derived,HLA-DQB1,CD4,0.0532555172113955,0,HLA-DQB1_CD4,HLA-DQB1 - CD4,MHC-II,Cell-Cell Contact,KEGG: hsa04514
Inflammatory Mono-derived,Classical Mono-derived,HLA-DQB1,CD4,0.044903091165229,0,HLA-DQB1_CD4,HLA-DQB1 - CD4,MHC-II,Cell-Cell Contact,KEGG: hsa04514
Lipid-associated,Classical Mono-derived,HLA-DQB1,CD4,0.0563720575738691,0,HLA-DQB1_CD4,HLA-DQB1 - CD4,MHC-II,Cell-Cell Contact,KEGG: hsa04514
Proliferating,Classical Mono-derived,HLA-DQB1,CD4,0.047542649618714,0,HLA-DQB1_CD4,HLA-DQB1 - CD4,MHC-II,Cell-Cell Contact,KEGG: hsa04514
Resident M2,Classical Mono-derived,HLA-DQB1,CD4,0.0557507682641504,0,HLA-DQB1_CD4,HLA-DQB1 - CD4,MHC-II,Cell-Cell Contact,KEGG: hsa04514
Stress-response,Classical Mono-derived,HLA-DQB1,CD4,0.0481967202008229,0,HLA-DQB1_CD4,HLA-DQB1 - CD4,MHC-II,Cell-Cell Contact,KEGG: hsa04514
CD8.EM,IFN-stimulated,HLA-DQB1,CD4,0.00760469029401771,0,HLA-DQB1_CD4,HLA-DQB1 - CD4,MHC-II,Cell-Cell Contact,KEGG: hsa04514
CD8.TEMRA,IFN-stimulated,HLA-DQB1,CD4,0.00703264606323416,0,HLA-DQB1_CD4,HLA-DQB1 - CD4,MHC-II,Cell-Cell Contact,KEGG: hsa04514
CD8.TEX,IFN-stimulated,HLA-DQB1,CD4,0.00648676917010973,0,HLA-DQB1_CD4,HLA-DQB1 - CD4,MHC-II,Cell-Cell Contact,KEGG: hsa04514
CD8.TPEX,IFN-stimulated,HLA-DQB1,CD4,0.00629605368775304,0,HLA-DQB1_CD4,HLA-DQB1 - CD4,MHC-II,Cell-Cell Contact,KEGG: hsa04514
Classical Mono-derived,IFN-stimulated,HLA-DQB1,CD4,0.0468568566549138,0,HLA-DQB1_CD4,HLA-DQB1 - CD4,MHC-II,Cell-Cell Contact,KEGG: hsa04514
IFN-stimulated,IFN-stimulated,HLA-DQB1,CD4,0.047537753733919,0,HLA-DQB1_CD4,HLA-DQB1 - CD4,MHC-II,Cell-Cell Contact,KEGG: hsa04514
Inflammatory Mono-derived,IFN-stimulated,HLA-DQB1,CD4,0.0400441537373382,0,HLA-DQB1_CD4,HLA-DQB1 - CD4,MHC-II,Cell-Cell Contact,KEGG: hsa04514
Lipid-associated,IFN-stimulated,HLA-DQB1,CD4,0.0503374783245049,0,HLA-DQB1_CD4,HLA-DQB1 - CD4,MHC-II,Cell-Cell Contact,KEGG: hsa04514
Proliferating,IFN-stimulated,HLA-DQB1,CD4,0.0424107701927937,0,HLA-DQB1_CD4,HLA-DQB1 - CD4,MHC-II,Cell-Cell Contact,KEGG: hsa04514
Resident M2,IFN-stimulated,HLA-DQB1,CD4,0.04977918896923,0,HLA-DQB1_CD4,HLA-DQB1 - CD4,MHC-II,Cell-Cell Contact,KEGG: hsa04514
Stress-response,IFN-stimulated,HLA-DQB1,CD4,0.0429974259039664,0,HLA-DQB1_CD4,HLA-DQB1 - CD4,MHC-II,Cell-Cell Contact,KEGG: hsa04514
CD8.EM,Inflammatory Mono-derived,HLA-DQB1,CD4,0.00297422334986518,0,HLA-DQB1_CD4,HLA-DQB1 - CD4,MHC-II,Cell-Cell Contact,KEGG: hsa04514
CD8.TEMRA,Inflammatory Mono-derived,HLA-DQB1,CD4,0.0027495296287832,0,HLA-DQB1_CD4,HLA-DQB1 - CD4,MHC-II,Cell-Cell Contact,KEGG: hsa04514
CD8.TEX,Inflammatory Mono-derived,HLA-DQB1,CD4,0.00253526116740724,0,HLA-DQB1_CD4,HLA-DQB1 - CD4,MHC-II,Cell-Cell Contact,KEGG: hsa04514
CD8.TPEX,Inflammatory Mono-derived,HLA-DQB1,CD4,0.00246043503011013,0,HLA-DQB1_CD4,HLA-DQB1 - CD4,MHC-II,Cell-Cell Contact,KEGG: hsa04514
Classical Mono-derived,Inflammatory Mono-derived,HLA-DQB1,CD4,0.0187781412276928,0,HLA-DQB1_CD4,HLA-DQB1 - CD4,MHC-II,Cell-Cell Contact,KEGG: hsa04514
IFN-stimulated,Inflammatory Mono-derived,HLA-DQB1,CD4,0.0190591733487297,0,HLA-DQB1_CD4,HLA-DQB1 - CD4,MHC-II,Cell-Cell Contact,KEGG: hsa04514
Inflammatory Mono-derived,Inflammatory Mono-derived,HLA-DQB1,CD4,0.0159794705200121,0,HLA-DQB1_CD4,HLA-DQB1 - CD4,MHC-II,Cell-Cell Contact,KEGG: hsa04514
Lipid-associated,Inflammatory Mono-derived,HLA-DQB1,CD4,0.0202172603871111,0,HLA-DQB1_CD4,HLA-DQB1 - CD4,MHC-II,Cell-Cell Contact,KEGG: hsa04514
Proliferating,Inflammatory Mono-derived,HLA-DQB1,CD4,0.016948970834046,0,HLA-DQB1_CD4,HLA-DQB1 - CD4,MHC-II,Cell-Cell Contact,KEGG: hsa04514
Resident M2,Inflammatory Mono-derived,HLA-DQB1,CD4,0.0199860017628887,0,HLA-DQB1_CD4,HLA-DQB1 - CD4,MHC-II,Cell-Cell Contact,KEGG: hsa04514
Stress-response,Inflammatory Mono-derived,HLA-DQB1,CD4,0.01718974342711,0,HLA-DQB1_CD4,HLA-DQB1 - CD4,MHC-II,Cell-Cell Contact,KEGG: hsa04514
CD8.EM,Lipid-associated,HLA-DQB1,CD4,0.00385882680732878,0,HLA-DQB1_CD4,HLA-DQB1 - CD4,MHC-II,Cell-Cell Contact,KEGG: hsa04514
CD8.TEMRA,Lipid-associated,HLA-DQB1,CD4,0.00356754305524079,0,HLA-DQB1_CD4,HLA-DQB1 - CD4,MHC-II,Cell-Cell Contact,KEGG: hsa04514
CD8.TEX,Lipid-associated,HLA-DQB1,CD4,0.00328973780575525,0,HLA-DQB1_CD4,HLA-DQB1 - CD4,MHC-II,Cell-Cell Contact,KEGG: hsa04514
CD8.TPEX,Lipid-associated,HLA-DQB1,CD4,0.0031927151895489,0,HLA-DQB1_CD4,HLA-DQB1 - CD4,MHC-II,Cell-Cell Contact,KEGG: hsa04514
Classical Mono-derived,Lipid-associated,HLA-DQB1,CD4,0.0242488780501512,0,HLA-DQB1_CD4,HLA-DQB1 - CD4,MHC-II,Cell-Cell Contact,KEGG: hsa04514
IFN-stimulated,Lipid-associated,HLA-DQB1,CD4,0.0246097312973882,0,HLA-DQB1_CD4,HLA-DQB1 - CD4,MHC-II,Cell-Cell Contact,KEGG: hsa04514
Inflammatory Mono-derived,Lipid-associated,HLA-DQB1,CD4,0.0206520164698113,0,HLA-DQB1_CD4,HLA-DQB1 - CD4,MHC-II,Cell-Cell Contact,KEGG: hsa04514
Lipid-associated,Lipid-associated,HLA-DQB1,CD4,0.0260961129210626,0,HLA-DQB1_CD4,HLA-DQB1 - CD4,MHC-II,Cell-Cell Contact,KEGG: hsa04514
Proliferating,Lipid-associated,HLA-DQB1,CD4,0.0218986988067416,0,HLA-DQB1_CD4,HLA-DQB1 - CD4,MHC-II,Cell-Cell Contact,KEGG: hsa04514
Resident M2,Lipid-associated,HLA-DQB1,CD4,0.0257993787378315,0,HLA-DQB1_CD4,HLA-DQB1 - CD4,MHC-II,Cell-Cell Contact,KEGG: hsa04514
Stress-response,Lipid-associated,HLA-DQB1,CD4,0.0222081974431344,0,HLA-DQB1_CD4,HLA-DQB1 - CD4,MHC-II,Cell-Cell Contact,KEGG: hsa04514
CD8.EM,Proliferating,HLA-DQB1,CD4,0.00410511295812591,0,HLA-DQB1_CD4,HLA-DQB1 - CD4,MHC-II,Cell-Cell Contact,KEGG: hsa04514
CD8.TEMRA,Proliferating,HLA-DQB1,CD4,0.00379530911413618,0,HLA-DQB1_CD4,HLA-DQB1 - CD4,MHC-II,Cell-Cell Contact,KEGG: hsa04514
CD8.TEX,Proliferating,HLA-DQB1,CD4,0.00349982997463401,0,HLA-DQB1_CD4,HLA-DQB1 - CD4,MHC-II,Cell-Cell Contact,KEGG: hsa04514
CD8.TPEX,Proliferating,HLA-DQB1,CD4,0.00339663232909644,0,HLA-DQB1_CD4,HLA-DQB1 - CD4,MHC-II,Cell-Cell Contact,KEGG: hsa04514
Classical Mono-derived,Proliferating,HLA-DQB1,CD4,0.0257628837919015,0,HLA-DQB1_CD4,HLA-DQB1 - CD4,MHC-II,Cell-Cell Contact,KEGG: hsa04514
IFN-stimulated,Proliferating,HLA-DQB1,CD4,0.026145663605793,0,HLA-DQB1_CD4,HLA-DQB1 - CD4,MHC-II,Cell-Cell Contact,KEGG: hsa04514
Inflammatory Mono-derived,Proliferating,HLA-DQB1,CD4,0.0219464992457987,0,HLA-DQB1_CD4,HLA-DQB1 - CD4,MHC-II,Cell-Cell Contact,KEGG: hsa04514
Lipid-associated,Proliferating,HLA-DQB1,CD4,0.0277221760596981,0,HLA-DQB1_CD4,HLA-DQB1 - CD4,MHC-II,Cell-Cell Contact,KEGG: hsa04514
Proliferating,Proliferating,HLA-DQB1,CD4,0.0232694678114375,0,HLA-DQB1_CD4,HLA-DQB1 - CD4,MHC-II,Cell-Cell Contact,KEGG: hsa04514
Resident M2,Proliferating,HLA-DQB1,CD4,0.0274074725402376,0,HLA-DQB1_CD4,HLA-DQB1 - CD4,MHC-II,Cell-Cell Contact,KEGG: hsa04514
Stress-response,Proliferating,HLA-DQB1,CD4,0.0235978723915827,0,HLA-DQB1_CD4,HLA-DQB1 - CD4,MHC-II,Cell-Cell Contact,KEGG: hsa04514
CD8.EM,Resident M2,HLA-DQB1,CD4,0.0102446730351991,0,HLA-DQB1_CD4,HLA-DQB1 - CD4,MHC-II,Cell-Cell Contact,KEGG: hsa04514
CD8.TEMRA,Resident M2,HLA-DQB1,CD4,0.00947593876975502,0,HLA-DQB1_CD4,HLA-DQB1 - CD4,MHC-II,Cell-Cell Contact,KEGG: hsa04514
CD8.TEX,Resident M2,HLA-DQB1,CD4,0.00874208216001015,0,HLA-DQB1_CD4,HLA-DQB1 - CD4,MHC-II,Cell-Cell Contact,KEGG: hsa04514
CD8.TPEX,Resident M2,HLA-DQB1,CD4,0.00848562525851785,0,HLA-DQB1_CD4,HLA-DQB1 - CD4,MHC-II,Cell-Cell Contact,KEGG: hsa04514
Classical Mono-derived,Resident M2,HLA-DQB1,CD4,0.0622683049761573,0,HLA-DQB1_CD4,HLA-DQB1 - CD4,MHC-II,Cell-Cell Contact,KEGG: hsa04514
IFN-stimulated,Resident M2,HLA-DQB1,CD4,0.063158312752694,0,HLA-DQB1_CD4,HLA-DQB1 - CD4,MHC-II,Cell-Cell Contact,KEGG: hsa04514
Inflammatory Mono-derived,Resident M2,HLA-DQB1,CD4,0.0533402677999802,0,HLA-DQB1_CD4,HLA-DQB1 - CD4,MHC-II,Cell-Cell Contact,KEGG: hsa04514
Lipid-associated,Resident M2,HLA-DQB1,CD4,0.0668134722796403,0,HLA-DQB1_CD4,HLA-DQB1 - CD4,MHC-II,Cell-Cell Contact,KEGG: hsa04514
Proliferating,Resident M2,HLA-DQB1,CD4,0.0564464808328899,0,HLA-DQB1_CD4,HLA-DQB1 - CD4,MHC-II,Cell-Cell Contact,KEGG: hsa04514
Resident M2,Resident M2,HLA-DQB1,CD4,0.0660851649668652,0,HLA-DQB1_CD4,HLA-DQB1 - CD4,MHC-II,Cell-Cell Contact,KEGG: hsa04514
Stress-response,Resident M2,HLA-DQB1,CD4,0.0572156878824565,0,HLA-DQB1_CD4,HLA-DQB1 - CD4,MHC-II,Cell-Cell Contact,KEGG: hsa04514
CD8.EM,Stress-response,HLA-DQB1,CD4,0.00296629171231224,0,HLA-DQB1_CD4,HLA-DQB1 - CD4,MHC-II,Cell-Cell Contact,KEGG: hsa04514
CD8.TEMRA,Stress-response,HLA-DQB1,CD4,0.00274219555478116,0,HLA-DQB1_CD4,HLA-DQB1 - CD4,MHC-II,Cell-Cell Contact,KEGG: hsa04514
CD8.TEX,Stress-response,HLA-DQB1,CD4,0.00252849718232018,0,HLA-DQB1_CD4,HLA-DQB1 - CD4,MHC-II,Cell-Cell Contact,KEGG: hsa04514
CD8.TPEX,Stress-response,HLA-DQB1,CD4,0.00245387018733107,0,HLA-DQB1_CD4,HLA-DQB1 - CD4,MHC-II,Cell-Cell Contact,KEGG: hsa04514
Classical Mono-derived,Stress-response,HLA-DQB1,CD4,0.0187288555118148,0,HLA-DQB1_CD4,HLA-DQB1 - CD4,MHC-II,Cell-Cell Contact,KEGG: hsa04514
IFN-stimulated,Stress-response,HLA-DQB1,CD4,0.0190091643164768,0,HLA-DQB1_CD4,HLA-DQB1 - CD4,MHC-II,Cell-Cell Contact,KEGG: hsa04514
Inflammatory Mono-derived,Stress-response,HLA-DQB1,CD4,0.0159374109773055,0,HLA-DQB1_CD4,HLA-DQB1 - CD4,MHC-II,Cell-Cell Contact,KEGG: hsa04514
Lipid-associated,Stress-response,HLA-DQB1,CD4,0.0201642751338614,0,HLA-DQB1_CD4,HLA-DQB1 - CD4,MHC-II,Cell-Cell Contact,KEGG: hsa04514
Proliferating,Stress-response,HLA-DQB1,CD4,0.0169044033083787,0,HLA-DQB1_CD4,HLA-DQB1 - CD4,MHC-II,Cell-Cell Contact,KEGG: hsa04514
Resident M2,Stress-response,HLA-DQB1,CD4,0.0199336102599341,0,HLA-DQB1_CD4,HLA-DQB1 - CD4,MHC-II,Cell-Cell Contact,KEGG: hsa04514
Stress-response,Stress-response,HLA-DQB1,CD4,0.0171445538285798,0,HLA-DQB1_CD4,HLA-DQB1 - CD4,MHC-II,Cell-Cell Contact,KEGG: hsa04514
CD8.CM,Classical Mono-derived,HLA-DRA,CD4,0.00665363280150369,0,HLA-DRA_CD4,HLA-DRA - CD4,MHC-II,Cell-Cell Contact,KEGG: hsa04514
CD8.EM,Classical Mono-derived,HLA-DRA,CD4,0.027914743441673,0,HLA-DRA_CD4,HLA-DRA - CD4,MHC-II,Cell-Cell Contact,KEGG: hsa04514
CD8.TEMRA,Classical Mono-derived,HLA-DRA,CD4,0.0242557207001453,0,HLA-DRA_CD4,HLA-DRA - CD4,MHC-II,Cell-Cell Contact,KEGG: hsa04514
CD8.TEX,Classical Mono-derived,HLA-DRA,CD4,0.0299561591423524,0,HLA-DRA_CD4,HLA-DRA - CD4,MHC-II,Cell-Cell Contact,KEGG: hsa04514
CD8.TPEX,Classical Mono-derived,HLA-DRA,CD4,0.0241888177287199,0,HLA-DRA_CD4,HLA-DRA - CD4,MHC-II,Cell-Cell Contact,KEGG: hsa04514
Classical Mono-derived,Classical Mono-derived,HLA-DRA,CD4,0.0932484821774922,0,HLA-DRA_CD4,HLA-DRA - CD4,MHC-II,Cell-Cell Contact,KEGG: hsa04514
IFN-stimulated,Classical Mono-derived,HLA-DRA,CD4,0.0918977957510589,0,HLA-DRA_CD4,HLA-DRA - CD4,MHC-II,Cell-Cell Contact,KEGG: hsa04514
Inflammatory Mono-derived,Classical Mono-derived,HLA-DRA,CD4,0.0848890541758629,0,HLA-DRA_CD4,HLA-DRA - CD4,MHC-II,Cell-Cell Contact,KEGG: hsa04514
Lipid-associated,Classical Mono-derived,HLA-DRA,CD4,0.0916657121244662,0,HLA-DRA_CD4,HLA-DRA - CD4,MHC-II,Cell-Cell Contact,KEGG: hsa04514
Proliferating,Classical Mono-derived,HLA-DRA,CD4,0.0892813566823942,0,HLA-DRA_CD4,HLA-DRA - CD4,MHC-II,Cell-Cell Contact,KEGG: hsa04514
Resident M2,Classical Mono-derived,HLA-DRA,CD4,0.0957283869755843,0,HLA-DRA_CD4,HLA-DRA - CD4,MHC-II,Cell-Cell Contact,KEGG: hsa04514
Stress-response,Classical Mono-derived,HLA-DRA,CD4,0.0858086419719752,0,HLA-DRA_CD4,HLA-DRA - CD4,MHC-II,Cell-Cell Contact,KEGG: hsa04514
CD8.CM,IFN-stimulated,HLA-DRA,CD4,0.00590804430594093,0,HLA-DRA_CD4,HLA-DRA - CD4,MHC-II,Cell-Cell Contact,KEGG: hsa04514
CD8.EM,IFN-stimulated,HLA-DRA,CD4,0.024846282987832,0,HLA-DRA_CD4,HLA-DRA - CD4,MHC-II,Cell-Cell Contact,KEGG: hsa04514
CD8.TEMRA,IFN-stimulated,HLA-DRA,CD4,0.0215805402980123,0,HLA-DRA_CD4,HLA-DRA - CD4,MHC-II,Cell-Cell Contact,KEGG: hsa04514
CD8.TEX,IFN-stimulated,HLA-DRA,CD4,0.0266694574388555,0,HLA-DRA_CD4,HLA-DRA - CD4,MHC-II,Cell-Cell Contact,KEGG: hsa04514
CD8.TPEX,IFN-stimulated,HLA-DRA,CD4,0.0215208533570578,0,HLA-DRA_CD4,HLA-DRA - CD4,MHC-II,Cell-Cell Contact,KEGG: hsa04514
Classical Mono-derived,IFN-stimulated,HLA-DRA,CD4,0.0836161151141744,0,HLA-DRA_CD4,HLA-DRA - CD4,MHC-II,Cell-Cell Contact,KEGG: hsa04514
IFN-stimulated,IFN-stimulated,HLA-DRA,CD4,0.0823922738794268,0,HLA-DRA_CD4,HLA-DRA - CD4,MHC-II,Cell-Cell Contact,KEGG: hsa04514
Inflammatory Mono-derived,IFN-stimulated,HLA-DRA,CD4,0.0760477767383193,0,HLA-DRA_CD4,HLA-DRA - CD4,MHC-II,Cell-Cell Contact,KEGG: hsa04514
Lipid-associated,IFN-stimulated,HLA-DRA,CD4,0.082182023519601,0,HLA-DRA_CD4,HLA-DRA - CD4,MHC-II,Cell-Cell Contact,KEGG: hsa04514
Proliferating,IFN-stimulated,HLA-DRA,CD4,0.0800226198590713,0,HLA-DRA_CD4,HLA-DRA - CD4,MHC-II,Cell-Cell Contact,KEGG: hsa04514
Resident M2,IFN-stimulated,HLA-DRA,CD4,0.0858641087969076,0,HLA-DRA_CD4,HLA-DRA - CD4,MHC-II,Cell-Cell Contact,KEGG: hsa04514
Stress-response,IFN-stimulated,HLA-DRA,CD4,0.0768796348327811,0,HLA-DRA_CD4,HLA-DRA - CD4,MHC-II,Cell-Cell Contact,KEGG: hsa04514
CD8.CM,Inflammatory Mono-derived,HLA-DRA,CD4,0.00230825575023382,0,HLA-DRA_CD4,HLA-DRA - CD4,MHC-II,Cell-Cell Contact,KEGG: hsa04514
CD8.EM,Inflammatory Mono-derived,HLA-DRA,CD4,0.00982137418780581,0,HLA-DRA_CD4,HLA-DRA - CD4,MHC-II,Cell-Cell Contact,KEGG: hsa04514
CD8.TEMRA,Inflammatory Mono-derived,HLA-DRA,CD4,0.00851323295708842,0,HLA-DRA_CD4,HLA-DRA - CD4,MHC-II,Cell-Cell Contact,KEGG: hsa04514
CD8.TEX,Inflammatory Mono-derived,HLA-DRA,CD4,0.010553980760492,0,HLA-DRA_CD4,HLA-DRA - CD4,MHC-II,Cell-Cell Contact,KEGG: hsa04514
CD8.TPEX,Inflammatory Mono-derived,HLA-DRA,CD4,0.00848937367763796,0,HLA-DRA_CD4,HLA-DRA - CD4,MHC-II,Cell-Cell Contact,KEGG: hsa04514
Classical Mono-derived,Inflammatory Mono-derived,HLA-DRA,CD4,0.0343023657785487,0,HLA-DRA_CD4,HLA-DRA - CD4,MHC-II,Cell-Cell Contact,KEGG: hsa04514
IFN-stimulated,Inflammatory Mono-derived,HLA-DRA,CD4,0.033773700287827,0,HLA-DRA_CD4,HLA-DRA - CD4,MHC-II,Cell-Cell Contact,KEGG: hsa04514
Inflammatory Mono-derived,Inflammatory Mono-derived,HLA-DRA,CD4,0.0310463378435912,0,HLA-DRA_CD4,HLA-DRA - CD4,MHC-II,Cell-Cell Contact,KEGG: hsa04514
Lipid-associated,Inflammatory Mono-derived,HLA-DRA,CD4,0.033682961707186,0,HLA-DRA_CD4,HLA-DRA - CD4,MHC-II,Cell-Cell Contact,KEGG: hsa04514
Proliferating,Inflammatory Mono-derived,HLA-DRA,CD4,0.032752437299648,0,HLA-DRA_CD4,HLA-DRA - CD4,MHC-II,Cell-Cell Contact,KEGG: hsa04514
Resident M2,Inflammatory Mono-derived,HLA-DRA,CD4,0.0352756096374331,0,HLA-DRA_CD4,HLA-DRA - CD4,MHC-II,Cell-Cell Contact,KEGG: hsa04514
Stress-response,Inflammatory Mono-derived,HLA-DRA,CD4,0.0314026724797777,0,HLA-DRA_CD4,HLA-DRA - CD4,MHC-II,Cell-Cell Contact,KEGG: hsa04514
CD8.CM,Lipid-associated,HLA-DRA,CD4,0.00299537997427929,0,HLA-DRA_CD4,HLA-DRA - CD4,MHC-II,Cell-Cell Contact,KEGG: hsa04514
CD8.EM,Lipid-associated,HLA-DRA,CD4,0.0127165057015977,0,HLA-DRA_CD4,HLA-DRA - CD4,MHC-II,Cell-Cell Contact,KEGG: hsa04514
CD8.TEMRA,Lipid-associated,HLA-DRA,CD4,0.0110270466920916,0,HLA-DRA_CD4,HLA-DRA - CD4,MHC-II,Cell-Cell Contact,KEGG: hsa04514
CD8.TEX,Lipid-associated,HLA-DRA,CD4,0.0136620893719644,0,HLA-DRA_CD4,HLA-DRA - CD4,MHC-II,Cell-Cell Contact,KEGG: hsa04514
CD8.TPEX,Lipid-associated,HLA-DRA,CD4,0.0109962203070979,0,HLA-DRA_CD4,HLA-DRA - CD4,MHC-II,Cell-Cell Contact,KEGG: hsa04514
Classical Mono-derived,Lipid-associated,HLA-DRA,CD4,0.0440926218217478,0,HLA-DRA_CD4,HLA-DRA - CD4,MHC-II,Cell-Cell Contact,KEGG: hsa04514
IFN-stimulated,Lipid-associated,HLA-DRA,CD4,0.0434198538305462,0,HLA-DRA_CD4,HLA-DRA - CD4,MHC-II,Cell-Cell Contact,KEGG: hsa04514
Inflammatory Mono-derived,Lipid-associated,HLA-DRA,CD4,0.0399457296078593,0,HLA-DRA_CD4,HLA-DRA - CD4,MHC-II,Cell-Cell Contact,KEGG: hsa04514
Lipid-associated,Lipid-associated,HLA-DRA,CD4,0.0433043607804698,0,HLA-DRA_CD4,HLA-DRA - CD4,MHC-II,Cell-Cell Contact,KEGG: hsa04514
Proliferating,Lipid-associated,HLA-DRA,CD4,0.0421196215680944,0,HLA-DRA_CD4,HLA-DRA - CD4,MHC-II,Cell-Cell Contact,KEGG: hsa04514
Resident M2,Lipid-associated,HLA-DRA,CD4,0.045330600786112,0,HLA-DRA_CD4,HLA-DRA - CD4,MHC-II,Cell-Cell Contact,KEGG: hsa04514
Stress-response,Lipid-associated,HLA-DRA,CD4,0.0403999483114904,0,HLA-DRA_CD4,HLA-DRA - CD4,MHC-II,Cell-Cell Contact,KEGG: hsa04514
CD8.CM,Proliferating,HLA-DRA,CD4,0.00318673370454874,0,HLA-DRA_CD4,HLA-DRA - CD4,MHC-II,Cell-Cell Contact,KEGG: hsa04514
CD8.EM,Proliferating,HLA-DRA,CD4,0.0135204520698094,0,HLA-DRA_CD4,HLA-DRA - CD4,MHC-II,Cell-Cell Contact,KEGG: hsa04514
CD8.TEMRA,Proliferating,HLA-DRA,CD4,0.0117254527945918,0,HLA-DRA_CD4,HLA-DRA - CD4,MHC-II,Cell-Cell Contact,KEGG: hsa04514
CD8.TEX,Proliferating,HLA-DRA,CD4,0.0145249367085029,0,HLA-DRA_CD4,HLA-DRA - CD4,MHC-II,Cell-Cell Contact,KEGG: hsa04514
CD8.TPEX,Proliferating,HLA-DRA,CD4,0.011692697081362,0,HLA-DRA_CD4,HLA-DRA - CD4,MHC-II,Cell-Cell Contact,KEGG: hsa04514
Classical Mono-derived,Proliferating,HLA-DRA,CD4,0.0467861867723136,0,HLA-DRA_CD4,HLA-DRA - CD4,MHC-II,Cell-Cell Contact,KEGG: hsa04514
IFN-stimulated,Proliferating,HLA-DRA,CD4,0.0460743011310597,0,HLA-DRA_CD4,HLA-DRA - CD4,MHC-II,Cell-Cell Contact,KEGG: hsa04514
Inflammatory Mono-derived,Proliferating,HLA-DRA,CD4,0.0423972017703252,0,HLA-DRA_CD4,HLA-DRA - CD4,MHC-II,Cell-Cell Contact,KEGG: hsa04514
Lipid-associated,Proliferating,HLA-DRA,CD4,0.0459520866573797,0,HLA-DRA_CD4,HLA-DRA - CD4,MHC-II,Cell-Cell Contact,KEGG: hsa04514
Proliferating,Proliferating,HLA-DRA,CD4,0.0446982942257485,0,HLA-DRA_CD4,HLA-DRA - CD4,MHC-II,Cell-Cell Contact,KEGG: hsa04514
Resident M2,Proliferating,HLA-DRA,CD4,0.0480959872593266,0,HLA-DRA_CD4,HLA-DRA - CD4,MHC-II,Cell-Cell Contact,KEGG: hsa04514
Stress-response,Proliferating,HLA-DRA,CD4,0.0428780509312172,0,HLA-DRA_CD4,HLA-DRA - CD4,MHC-II,Cell-Cell Contact,KEGG: hsa04514
CD8.CM,Resident M2,HLA-DRA,CD4,0.0079637597058472,0,HLA-DRA_CD4,HLA-DRA - CD4,MHC-II,Cell-Cell Contact,KEGG: hsa04514
CD8.EM,Resident M2,HLA-DRA,CD4,0.0332710492388576,0,HLA-DRA_CD4,HLA-DRA - CD4,MHC-II,Cell-Cell Contact,KEGG: hsa04514
CD8.TEMRA,Resident M2,HLA-DRA,CD4,0.0289308254852284,0,HLA-DRA_CD4,HLA-DRA - CD4,MHC-II,Cell-Cell Contact,KEGG: hsa04514
CD8.TEX,Resident M2,HLA-DRA,CD4,0.0356897921443917,0,HLA-DRA_CD4,HLA-DRA - CD4,MHC-II,Cell-Cell Contact,KEGG: hsa04514
CD8.TPEX,Resident M2,HLA-DRA,CD4,0.0288514087657735,0,HLA-DRA_CD4,HLA-DRA - CD4,MHC-II,Cell-Cell Contact,KEGG: hsa04514
Classical Mono-derived,Resident M2,HLA-DRA,CD4,0.109726024944408,0,HLA-DRA_CD4,HLA-DRA - CD4,MHC-II,Cell-Cell Contact,KEGG: hsa04514
IFN-stimulated,Resident M2,HLA-DRA,CD4,0.108165135561255,0,HLA-DRA_CD4,HLA-DRA - CD4,MHC-II,Cell-Cell Contact,KEGG: hsa04514
Inflammatory Mono-derived,Resident M2,HLA-DRA,CD4,0.100052430079425,0,HLA-DRA_CD4,HLA-DRA - CD4,MHC-II,Cell-Cell Contact,KEGG: hsa04514
Lipid-associated,Resident M2,HLA-DRA,CD4,0.107896850759474,0,HLA-DRA_CD4,HLA-DRA - CD4,MHC-II,Cell-Cell Contact,KEGG: hsa04514
Proliferating,Resident M2,HLA-DRA,CD4,0.105139169160174,0,HLA-DRA_CD4,HLA-DRA - CD4,MHC-II,Cell-Cell Contact,KEGG: hsa04514
Resident M2,Resident M2,HLA-DRA,CD4,0.112589730987969,0,HLA-DRA_CD4,HLA-DRA - CD4,MHC-II,Cell-Cell Contact,KEGG: hsa04514
Stress-response,Resident M2,HLA-DRA,CD4,0.101118129317872,0,HLA-DRA_CD4,HLA-DRA - CD4,MHC-II,Cell-Cell Contact,KEGG: hsa04514
CD8.CM,Stress-response,HLA-DRA,CD4,0.00230209600959799,0,HLA-DRA_CD4,HLA-DRA - CD4,MHC-II,Cell-Cell Contact,KEGG: hsa04514
CD8.EM,Stress-response,HLA-DRA,CD4,0.00979536201359743,0,HLA-DRA_CD4,HLA-DRA - CD4,MHC-II,Cell-Cell Contact,KEGG: hsa04514
CD8.TEMRA,Stress-response,HLA-DRA,CD4,0.00849065572127238,0,HLA-DRA_CD4,HLA-DRA - CD4,MHC-II,Cell-Cell Contact,KEGG: hsa04514
CD8.TEX,Stress-response,HLA-DRA,CD4,0.0105260488846045,0,HLA-DRA_CD4,HLA-DRA - CD4,MHC-II,Cell-Cell Contact,KEGG: hsa04514
CD8.TPEX,Stress-response,HLA-DRA,CD4,0.0084668591766867,0,HLA-DRA_CD4,HLA-DRA - CD4,MHC-II,Cell-Cell Contact,KEGG: hsa04514
Classical Mono-derived,Stress-response,HLA-DRA,CD4,0.0342137554127768,0,HLA-DRA_CD4,HLA-DRA - CD4,MHC-II,Cell-Cell Contact,KEGG: hsa04514
IFN-stimulated,Stress-response,HLA-DRA,CD4,0.0336864079402145,0,HLA-DRA_CD4,HLA-DRA - CD4,MHC-II,Cell-Cell Contact,KEGG: hsa04514
Inflammatory Mono-derived,Stress-response,HLA-DRA,CD4,0.0309658687900743,0,HLA-DRA_CD4,HLA-DRA - CD4,MHC-II,Cell-Cell Contact,KEGG: hsa04514
Lipid-associated,Stress-response,HLA-DRA,CD4,0.0335958957302793,0,HLA-DRA_CD4,HLA-DRA - CD4,MHC-II,Cell-Cell Contact,KEGG: hsa04514
Proliferating,Stress-response,HLA-DRA,CD4,0.0326676952906872,0,HLA-DRA_CD4,HLA-DRA - CD4,MHC-II,Cell-Cell Contact,KEGG: hsa04514
Resident M2,Stress-response,HLA-DRA,CD4,0.0351845767736346,0,HLA-DRA_CD4,HLA-DRA - CD4,MHC-II,Cell-Cell Contact,KEGG: hsa04514
Stress-response,Stress-response,HLA-DRA,CD4,0.0313213096966894,0,HLA-DRA_CD4,HLA-DRA - CD4,MHC-II,Cell-Cell Contact,KEGG: hsa04514
CD8.CM,Classical Mono-derived,HLA-DRB1,CD4,0.00968810944928672,0,HLA-DRB1_CD4,HLA-DRB1 - CD4,MHC-II,Cell-Cell Contact,KEGG: hsa04514
CD8.EM,Classical Mono-derived,HLA-DRB1,CD4,0.0451002300510448,0,HLA-DRB1_CD4,HLA-DRB1 - CD4,MHC-II,Cell-Cell Contact,KEGG: hsa04514
CD8.MAIT,Classical Mono-derived,HLA-DRB1,CD4,0.00599639822475006,0,HLA-DRB1_CD4,HLA-DRB1 - CD4,MHC-II,Cell-Cell Contact,KEGG: hsa04514
CD8.TEMRA,Classical Mono-derived,HLA-DRB1,CD4,0.0333730584296659,0,HLA-DRB1_CD4,HLA-DRB1 - CD4,MHC-II,Cell-Cell Contact,KEGG: hsa04514
CD8.TEX,Classical Mono-derived,HLA-DRB1,CD4,0.0444257243218166,0,HLA-DRB1_CD4,HLA-DRB1 - CD4,MHC-II,Cell-Cell Contact,KEGG: hsa04514
CD8.TPEX,Classical Mono-derived,HLA-DRB1,CD4,0.0393266975308617,0,HLA-DRB1_CD4,HLA-DRB1 - CD4,MHC-II,Cell-Cell Contact,KEGG: hsa04514
Classical Mono-derived,Classical Mono-derived,HLA-DRB1,CD4,0.0869971699305775,0,HLA-DRB1_CD4,HLA-DRB1 - CD4,MHC-II,Cell-Cell Contact,KEGG: hsa04514
IFN-stimulated,Classical Mono-derived,HLA-DRB1,CD4,0.0843815660471736,0,HLA-DRB1_CD4,HLA-DRB1 - CD4,MHC-II,Cell-Cell Contact,KEGG: hsa04514
Inflammatory Mono-derived,Classical Mono-derived,HLA-DRB1,CD4,0.0780972796672101,0,HLA-DRB1_CD4,HLA-DRB1 - CD4,MHC-II,Cell-Cell Contact,KEGG: hsa04514
Lipid-associated,Classical Mono-derived,HLA-DRB1,CD4,0.0858276362564372,0,HLA-DRB1_CD4,HLA-DRB1 - CD4,MHC-II,Cell-Cell Contact,KEGG: hsa04514
Proliferating,Classical Mono-derived,HLA-DRB1,CD4,0.0795690554988213,0,HLA-DRB1_CD4,HLA-DRB1 - CD4,MHC-II,Cell-Cell Contact,KEGG: hsa04514
Resident M2,Classical Mono-derived,HLA-DRB1,CD4,0.0874739339282761,0,HLA-DRB1_CD4,HLA-DRB1 - CD4,MHC-II,Cell-Cell Contact,KEGG: hsa04514
Stress-response,Classical Mono-derived,HLA-DRB1,CD4,0.0795848297689784,0,HLA-DRB1_CD4,HLA-DRB1 - CD4,MHC-II,Cell-Cell Contact,KEGG: hsa04514
CD8.CM,IFN-stimulated,HLA-DRB1,CD4,0.0086054312769971,0,HLA-DRB1_CD4,HLA-DRB1 - CD4,MHC-II,Cell-Cell Contact,KEGG: hsa04514
CD8.EM,IFN-stimulated,HLA-DRB1,CD4,0.0402208586798504,0,HLA-DRB1_CD4,HLA-DRB1 - CD4,MHC-II,Cell-Cell Contact,KEGG: hsa04514
CD8.MAIT,IFN-stimulated,HLA-DRB1,CD4,0.00532406296490898,0,HLA-DRB1_CD4,HLA-DRB1 - CD4,MHC-II,Cell-Cell Contact,KEGG: hsa04514
CD8.TEMRA,IFN-stimulated,HLA-DRB1,CD4,0.0297229515904484,0,HLA-DRB1_CD4,HLA-DRB1 - CD4,MHC-II,Cell-Cell Contact,KEGG: hsa04514
CD8.TEX,IFN-stimulated,HLA-DRB1,CD4,0.0396162998696683,0,HLA-DRB1_CD4,HLA-DRB1 - CD4,MHC-II,Cell-Cell Contact,KEGG: hsa04514
CD8.TPEX,IFN-stimulated,HLA-DRB1,CD4,0.0350490348777312,0,HLA-DRB1_CD4,HLA-DRB1 - CD4,MHC-II,Cell-Cell Contact,KEGG: hsa04514
Classical Mono-derived,IFN-stimulated,HLA-DRB1,CD4,0.077955033918389,0,HLA-DRB1_CD4,HLA-DRB1 - CD4,MHC-II,Cell-Cell Contact,KEGG: hsa04514
IFN-stimulated,IFN-stimulated,HLA-DRB1,CD4,0.0755887781011382,0,HLA-DRB1_CD4,HLA-DRB1 - CD4,MHC-II,Cell-Cell Contact,KEGG: hsa04514
Inflammatory Mono-derived,IFN-stimulated,HLA-DRB1,CD4,0.0699093330553967,0,HLA-DRB1_CD4,HLA-DRB1 - CD4,MHC-II,Cell-Cell Contact,KEGG: hsa04514
Lipid-associated,IFN-stimulated,HLA-DRB1,CD4,0.0768968188769539,0,HLA-DRB1_CD4,HLA-DRB1 - CD4,MHC-II,Cell-Cell Contact,KEGG: hsa04514
Proliferating,IFN-stimulated,HLA-DRB1,CD4,0.0712387273369754,0,HLA-DRB1_CD4,HLA-DRB1 - CD4,MHC-II,Cell-Cell Contact,KEGG: hsa04514
Resident M2,IFN-stimulated,HLA-DRB1,CD4,0.0783864993851712,0,HLA-DRB1_CD4,HLA-DRB1 - CD4,MHC-II,Cell-Cell Contact,KEGG: hsa04514
Stress-response,IFN-stimulated,HLA-DRB1,CD4,0.0712529779940687,0,HLA-DRB1_CD4,HLA-DRB1 - CD4,MHC-II,Cell-Cell Contact,KEGG: hsa04514
CD8.CM,Inflammatory Mono-derived,HLA-DRB1,CD4,0.00336768477635409,0,HLA-DRB1_CD4,HLA-DRB1 - CD4,MHC-II,Cell-Cell Contact,KEGG: hsa04514
CD8.EM,Inflammatory Mono-derived,HLA-DRB1,CD4,0.0160517596350278,0,HLA-DRB1_CD4,HLA-DRB1 - CD4,MHC-II,Cell-Cell Contact,KEGG: hsa04514
CD8.MAIT,Inflammatory Mono-derived,HLA-DRB1,CD4,0.00207935166118923,0,HLA-DRB1_CD4,HLA-DRB1 - CD4,MHC-II,Cell-Cell Contact,KEGG: hsa04514
CD8.TEMRA,Inflammatory Mono-derived,HLA-DRB1,CD4,0.0117846887790394,0,HLA-DRB1_CD4,HLA-DRB1 - CD4,MHC-II,Cell-Cell Contact,KEGG: hsa04514
CD8.TEX,Inflammatory Mono-derived,HLA-DRB1,CD4,0.0158045038526198,0,HLA-DRB1_CD4,HLA-DRB1 - CD4,MHC-II,Cell-Cell Contact,KEGG: hsa04514
CD8.TPEX,Inflammatory Mono-derived,HLA-DRB1,CD4,0.0139425876826235,0,HLA-DRB1_CD4,HLA-DRB1 - CD4,MHC-II,Cell-Cell Contact,KEGG: hsa04514
Classical Mono-derived,Inflammatory Mono-derived,HLA-DRB1,CD4,0.031863893696182,0,HLA-DRB1_CD4,HLA-DRB1 - CD4,MHC-II,Cell-Cell Contact,KEGG: hsa04514
IFN-stimulated,Inflammatory Mono-derived,HLA-DRB1,CD4,0.0308498837438131,0,HLA-DRB1_CD4,HLA-DRB1 - CD4,MHC-II,Cell-Cell Contact,KEGG: hsa04514
Inflammatory Mono-derived,Inflammatory Mono-derived,HLA-DRB1,CD4,0.0284285672596311,0,HLA-DRB1_CD4,HLA-DRB1 - CD4,MHC-II,Cell-Cell Contact,KEGG: hsa04514
Lipid-associated,Inflammatory Mono-derived,HLA-DRB1,CD4,0.0314100374398171,0,HLA-DRB1_CD4,HLA-DRB1 - CD4,MHC-II,Cell-Cell Contact,KEGG: hsa04514
Proliferating,Inflammatory Mono-derived,HLA-DRB1,CD4,0.0289937534552606,0,HLA-DRB1_CD4,HLA-DRB1 - CD4,MHC-II,Cell-Cell Contact,KEGG: hsa04514
Resident M2,Inflammatory Mono-derived,HLA-DRB1,CD4,0.0320491210881894,0,HLA-DRB1_CD4,HLA-DRB1 - CD4,MHC-II,Cell-Cell Contact,KEGG: hsa04514
Stress-response,Inflammatory Mono-derived,HLA-DRB1,CD4,0.0289998172578862,0,HLA-DRB1_CD4,HLA-DRB1 - CD4,MHC-II,Cell-Cell Contact,KEGG: hsa04514
CD8.CM,Lipid-associated,HLA-DRB1,CD4,0.00436880006513998,0,HLA-DRB1_CD4,HLA-DRB1 - CD4,MHC-II,Cell-Cell Contact,KEGG: hsa04514
CD8.EM,Lipid-associated,HLA-DRB1,CD4,0.0207449979661799,0,HLA-DRB1_CD4,HLA-DRB1 - CD4,MHC-II,Cell-Cell Contact,KEGG: hsa04514
CD8.MAIT,Lipid-associated,HLA-DRB1,CD4,0.002698519756707,0,HLA-DRB1_CD4,HLA-DRB1 - CD4,MHC-II,Cell-Cell Contact,KEGG: hsa04514
CD8.TEMRA,Lipid-associated,HLA-DRB1,CD4,0.0152496503637698,0,HLA-DRB1_CD4,HLA-DRB1 - CD4,MHC-II,Cell-Cell Contact,KEGG: hsa04514
CD8.TEX,Lipid-associated,HLA-DRB1,CD4,0.020426949972171,0,HLA-DRB1_CD4,HLA-DRB1 - CD4,MHC-II,Cell-Cell Contact,KEGG: hsa04514
CD8.TPEX,Lipid-associated,HLA-DRB1,CD4,0.0180304435127563,0,HLA-DRB1_CD4,HLA-DRB1 - CD4,MHC-II,Cell-Cell Contact,KEGG: hsa04514
Classical Mono-derived,Lipid-associated,HLA-DRB1,CD4,0.0409877234683599,0,HLA-DRB1_CD4,HLA-DRB1 - CD4,MHC-II,Cell-Cell Contact,KEGG: hsa04514
IFN-stimulated,Lipid-associated,HLA-DRB1,CD4,0.0396952691953871,0,HLA-DRB1_CD4,HLA-DRB1 - CD4,MHC-II,Cell-Cell Contact,KEGG: hsa04514
Inflammatory Mono-derived,Lipid-associated,HLA-DRB1,CD4,0.0366059270312388,0,HLA-DRB1_CD4,HLA-DRB1 - CD4,MHC-II,Cell-Cell Contact,KEGG: hsa04514
Lipid-associated,Lipid-associated,HLA-DRB1,CD4,0.0404093353942057,0,HLA-DRB1_CD4,HLA-DRB1 - CD4,MHC-II,Cell-Cell Contact,KEGG: hsa04514
Proliferating,Lipid-associated,HLA-DRB1,CD4,0.037327440681119,0,HLA-DRB1_CD4,HLA-DRB1 - CD4,MHC-II,Cell-Cell Contact,KEGG: hsa04514
Resident M2,Lipid-associated,HLA-DRB1,CD4,0.0412237300545674,0,HLA-DRB1_CD4,HLA-DRB1 - CD4,MHC-II,Cell-Cell Contact,KEGG: hsa04514
Stress-response,Lipid-associated,HLA-DRB1,CD4,0.0373351803898713,0,HLA-DRB1_CD4,HLA-DRB1 - CD4,MHC-II,Cell-Cell Contact,KEGG: hsa04514
CD8.CM,Proliferating,HLA-DRB1,CD4,0.00464748294553247,0,HLA-DRB1_CD4,HLA-DRB1 - CD4,MHC-II,Cell-Cell Contact,KEGG: hsa04514
CD8.EM,Proliferating,HLA-DRB1,CD4,0.0220451776952515,0,HLA-DRB1_CD4,HLA-DRB1 - CD4,MHC-II,Cell-Cell Contact,KEGG: hsa04514
CD8.MAIT,Proliferating,HLA-DRB1,CD4,0.00287096378786405,0,HLA-DRB1_CD4,HLA-DRB1 - CD4,MHC-II,Cell-Cell Contact,KEGG: hsa04514
CD8.TEMRA,Proliferating,HLA-DRB1,CD4,0.0162111143024738,0,HLA-DRB1_CD4,HLA-DRB1 - CD4,MHC-II,Cell-Cell Contact,KEGG: hsa04514
CD8.TEX,Proliferating,HLA-DRB1,CD4,0.0217076381178062,0,HLA-DRB1_CD4,HLA-DRB1 - CD4,MHC-II,Cell-Cell Contact,KEGG: hsa04514
CD8.TPEX,Proliferating,HLA-DRB1,CD4,0.0191638197128532,0,HLA-DRB1_CD4,HLA-DRB1 - CD4,MHC-II,Cell-Cell Contact,KEGG: hsa04514
Classical Mono-derived,Proliferating,HLA-DRB1,CD4,0.043500245403809,0,HLA-DRB1_CD4,HLA-DRB1 - CD4,MHC-II,Cell-Cell Contact,KEGG: hsa04514
IFN-stimulated,Proliferating,HLA-DRB1,CD4,0.0421320451325571,0,HLA-DRB1_CD4,HLA-DRB1 - CD4,MHC-II,Cell-Cell Contact,KEGG: hsa04514
Inflammatory Mono-derived,Proliferating,HLA-DRB1,CD4,0.0388607317363965,0,HLA-DRB1_CD4,HLA-DRB1 - CD4,MHC-II,Cell-Cell Contact,KEGG: hsa04514
Lipid-associated,Proliferating,HLA-DRB1,CD4,0.0428879880761382,0,HLA-DRB1_CD4,HLA-DRB1 - CD4,MHC-II,Cell-Cell Contact,KEGG: hsa04514
Proliferating,Proliferating,HLA-DRB1,CD4,0.0396248602975249,0,HLA-DRB1_CD4,HLA-DRB1 - CD4,MHC-II,Cell-Cell Contact,KEGG: hsa04514
Resident M2,Proliferating,HLA-DRB1,CD4,0.0437500590609359,0,HLA-DRB1_CD4,HLA-DRB1 - CD4,MHC-II,Cell-Cell Contact,KEGG: hsa04514
Stress-response,Proliferating,HLA-DRB1,CD4,0.0396330567561388,0,HLA-DRB1_CD4,HLA-DRB1 - CD4,MHC-II,Cell-Cell Contact,KEGG: hsa04514
CD8.CM,Resident M2,HLA-DRB1,CD4,0.0115887662645266,0,HLA-DRB1_CD4,HLA-DRB1 - CD4,MHC-II,Cell-Cell Contact,KEGG: hsa04514
CD8.EM,Resident M2,HLA-DRB1,CD4,0.0535723708629695,0,HLA-DRB1_CD4,HLA-DRB1 - CD4,MHC-II,Cell-Cell Contact,KEGG: hsa04514
CD8.MAIT,Resident M2,HLA-DRB1,CD4,0.00717804816140006,0,HLA-DRB1_CD4,HLA-DRB1 - CD4,MHC-II,Cell-Cell Contact,KEGG: hsa04514
CD8.TEMRA,Resident M2,HLA-DRB1,CD4,0.0397339003706478,0,HLA-DRB1_CD4,HLA-DRB1 - CD4,MHC-II,Cell-Cell Contact,KEGG: hsa04514
CD8.TEX,Resident M2,HLA-DRB1,CD4,0.052778161496178,0,HLA-DRB1_CD4,HLA-DRB1 - CD4,MHC-II,Cell-Cell Contact,KEGG: hsa04514
CD8.TPEX,Resident M2,HLA-DRB1,CD4,0.046767390203498,0,HLA-DRB1_CD4,HLA-DRB1 - CD4,MHC-II,Cell-Cell Contact,KEGG: hsa04514
Classical Mono-derived,Resident M2,HLA-DRB1,CD4,0.102494933527998,0,HLA-DRB1_CD4,HLA-DRB1 - CD4,MHC-II,Cell-Cell Contact,KEGG: hsa04514
IFN-stimulated,Resident M2,HLA-DRB1,CD4,0.0994641443468612,0,HLA-DRB1_CD4,HLA-DRB1 - CD4,MHC-II,Cell-Cell Contact,KEGG: hsa04514
Inflammatory Mono-derived,Resident M2,HLA-DRB1,CD4,0.0921696610601358,0,HLA-DRB1_CD4,HLA-DRB1 - CD4,MHC-II,Cell-Cell Contact,KEGG: hsa04514
Lipid-associated,Resident M2,HLA-DRB1,CD4,0.101140137533655,0,HLA-DRB1_CD4,HLA-DRB1 - CD4,MHC-II,Cell-Cell Contact,KEGG: hsa04514
Proliferating,Resident M2,HLA-DRB1,CD4,0.0938796308317637,0,HLA-DRB1_CD4,HLA-DRB1 - CD4,MHC-II,Cell-Cell Contact,KEGG: hsa04514
Resident M2,Resident M2,HLA-DRB1,CD4,0.103047042892013,0,HLA-DRB1_CD4,HLA-DRB1 - CD4,MHC-II,Cell-Cell Contact,KEGG: hsa04514
Stress-response,Resident M2,HLA-DRB1,CD4,0.0938979527013812,0,HLA-DRB1_CD4,HLA-DRB1 - CD4,MHC-II,Cell-Cell Contact,KEGG: hsa04514
CD8.CM,Stress-response,HLA-DRB1,CD4,0.00335870739342164,0,HLA-DRB1_CD4,HLA-DRB1 - CD4,MHC-II,Cell-Cell Contact,KEGG: hsa04514
CD8.EM,Stress-response,HLA-DRB1,CD4,0.0160095129158694,0,HLA-DRB1_CD4,HLA-DRB1 - CD4,MHC-II,Cell-Cell Contact,KEGG: hsa04514
CD8.MAIT,Stress-response,HLA-DRB1,CD4,0.00207380149729324,0,HLA-DRB1_CD4,HLA-DRB1 - CD4,MHC-II,Cell-Cell Contact,KEGG: hsa04514
CD8.TEMRA,Stress-response,HLA-DRB1,CD4,0.0117535384365614,0,HLA-DRB1_CD4,HLA-DRB1 - CD4,MHC-II,Cell-Cell Contact,KEGG: hsa04514
CD8.TEX,Stress-response,HLA-DRB1,CD4,0.0157628974622785,0,HLA-DRB1_CD4,HLA-DRB1 - CD4,MHC-II,Cell-Cell Contact,KEGG: hsa04514
CD8.TPEX,Stress-response,HLA-DRB1,CD4,0.0139058136528991,0,HLA-DRB1_CD4,HLA-DRB1 - CD4,MHC-II,Cell-Cell Contact,KEGG: hsa04514
Classical Mono-derived,Stress-response,HLA-DRB1,CD4,0.0317813751216534,0,HLA-DRB1_CD4,HLA-DRB1 - CD4,MHC-II,Cell-Cell Contact,KEGG: hsa04514
IFN-stimulated,Stress-response,HLA-DRB1,CD4,0.0307699077102657,0,HLA-DRB1_CD4,HLA-DRB1 - CD4,MHC-II,Cell-Cell Contact,KEGG: hsa04514
Inflammatory Mono-derived,Stress-response,HLA-DRB1,CD4,0.0283546846590224,0,HLA-DRB1_CD4,HLA-DRB1 - CD4,MHC-II,Cell-Cell Contact,KEGG: hsa04514
Lipid-associated,Stress-response,HLA-DRB1,CD4,0.031328656191682,0,HLA-DRB1_CD4,HLA-DRB1 - CD4,MHC-II,Cell-Cell Contact,KEGG: hsa04514
Proliferating,Stress-response,HLA-DRB1,CD4,0.0289184457201366,0,HLA-DRB1_CD4,HLA-DRB1 - CD4,MHC-II,Cell-Cell Contact,KEGG: hsa04514
Resident M2,Stress-response,HLA-DRB1,CD4,0.0319661386649306,0,HLA-DRB1_CD4,HLA-DRB1 - CD4,MHC-II,Cell-Cell Contact,KEGG: hsa04514
Stress-response,Stress-response,HLA-DRB1,CD4,0.0289244942419383,0,HLA-DRB1_CD4,HLA-DRB1 - CD4,MHC-II,Cell-Cell Contact,KEGG: hsa04514
CD8.EM,Classical Mono-derived,HLA-DRB5,CD4,0.00797590444903936,0,HLA-DRB5_CD4,HLA-DRB5 - CD4,MHC-II,Cell-Cell Contact,KEGG: hsa04514
CD8.TEMRA,Classical Mono-derived,HLA-DRB5,CD4,0.00941481200573464,0,HLA-DRB5_CD4,HLA-DRB5 - CD4,MHC-II,Cell-Cell Contact,KEGG: hsa04514
CD8.TEX,Classical Mono-derived,HLA-DRB5,CD4,0.00736778902778742,0,HLA-DRB5_CD4,HLA-DRB5 - CD4,MHC-II,Cell-Cell Contact,KEGG: hsa04514
CD8.TPEX,Classical Mono-derived,HLA-DRB5,CD4,0.00569883589151025,0,HLA-DRB5_CD4,HLA-DRB5 - CD4,MHC-II,Cell-Cell Contact,KEGG: hsa04514
Classical Mono-derived,Classical Mono-derived,HLA-DRB5,CD4,0.0458238447920216,0,HLA-DRB5_CD4,HLA-DRB5 - CD4,MHC-II,Cell-Cell Contact,KEGG: hsa04514
IFN-stimulated,Classical Mono-derived,HLA-DRB5,CD4,0.0445223906809893,0,HLA-DRB5_CD4,HLA-DRB5 - CD4,MHC-II,Cell-Cell Contact,KEGG: hsa04514
Inflammatory Mono-derived,Classical Mono-derived,HLA-DRB5,CD4,0.0424999261306844,0,HLA-DRB5_CD4,HLA-DRB5 - CD4,MHC-II,Cell-Cell Contact,KEGG: hsa04514
Lipid-associated,Classical Mono-derived,HLA-DRB5,CD4,0.0549879956575227,0,HLA-DRB5_CD4,HLA-DRB5 - CD4,MHC-II,Cell-Cell Contact,KEGG: hsa04514
Proliferating,Classical Mono-derived,HLA-DRB5,CD4,0.0316955395803625,0,HLA-DRB5_CD4,HLA-DRB5 - CD4,MHC-II,Cell-Cell Contact,KEGG: hsa04514
Resident M2,Classical Mono-derived,HLA-DRB5,CD4,0.0461931101436108,0,HLA-DRB5_CD4,HLA-DRB5 - CD4,MHC-II,Cell-Cell Contact,KEGG: hsa04514
Stress-response,Classical Mono-derived,HLA-DRB5,CD4,0.0475449929344229,0,HLA-DRB5_CD4,HLA-DRB5 - CD4,MHC-II,Cell-Cell Contact,KEGG: hsa04514
CD8.EM,IFN-stimulated,HLA-DRB5,CD4,0.00708320223936875,0,HLA-DRB5_CD4,HLA-DRB5 - CD4,MHC-II,Cell-Cell Contact,KEGG: hsa04514
CD8.TEMRA,IFN-stimulated,HLA-DRB5,CD4,0.00836241782117605,0,HLA-DRB5_CD4,HLA-DRB5 - CD4,MHC-II,Cell-Cell Contact,KEGG: hsa04514
CD8.TEX,IFN-stimulated,HLA-DRB5,CD4,0.00654270117046844,0,HLA-DRB5_CD4,HLA-DRB5 - CD4,MHC-II,Cell-Cell Contact,KEGG: hsa04514
CD8.TPEX,IFN-stimulated,HLA-DRB5,CD4,0.00505969443966697,0,HLA-DRB5_CD4,HLA-DRB5 - CD4,MHC-II,Cell-Cell Contact,KEGG: hsa04514
Classical Mono-derived,IFN-stimulated,HLA-DRB5,CD4,0.0408695365948146,0,HLA-DRB5_CD4,HLA-DRB5 - CD4,MHC-II,Cell-Cell Contact,KEGG: hsa04514
IFN-stimulated,IFN-stimulated,HLA-DRB5,CD4,0.0397029361586935,0,HLA-DRB5_CD4,HLA-DRB5 - CD4,MHC-II,Cell-Cell Contact,KEGG: hsa04514
Inflammatory Mono-derived,IFN-stimulated,HLA-DRB5,CD4,0.0378907172564752,0,HLA-DRB5_CD4,HLA-DRB5 - CD4,MHC-II,Cell-Cell Contact,KEGG: hsa04514
Lipid-associated,IFN-stimulated,HLA-DRB5,CD4,0.049093870605265,0,HLA-DRB5_CD4,HLA-DRB5 - CD4,MHC-II,Cell-Cell Contact,KEGG: hsa04514
Proliferating,IFN-stimulated,HLA-DRB5,CD4,0.0282235506752689,0,HLA-DRB5_CD4,HLA-DRB5 - CD4,MHC-II,Cell-Cell Contact,KEGG: hsa04514
Resident M2,IFN-stimulated,HLA-DRB5,CD4,0.0412006021856551,0,HLA-DRB5_CD4,HLA-DRB5 - CD4,MHC-II,Cell-Cell Contact,KEGG: hsa04514
Stress-response,IFN-stimulated,HLA-DRB5,CD4,0.0424128718283719,0,HLA-DRB5_CD4,HLA-DRB5 - CD4,MHC-II,Cell-Cell Contact,KEGG: hsa04514
CD8.EM,Inflammatory Mono-derived,HLA-DRB5,CD4,0.00276938127869946,0,HLA-DRB5_CD4,HLA-DRB5 - CD4,MHC-II,Cell-Cell Contact,KEGG: hsa04514
CD8.TEMRA,Inflammatory Mono-derived,HLA-DRB5,CD4,0.00327209471199514,0,HLA-DRB5_CD4,HLA-DRB5 - CD4,MHC-II,Cell-Cell Contact,KEGG: hsa04514
CD8.TEX,Inflammatory Mono-derived,HLA-DRB5,CD4,0.00255720908915693,0,HLA-DRB5_CD4,HLA-DRB5 - CD4,MHC-II,Cell-Cell Contact,KEGG: hsa04514
CD8.TPEX,Inflammatory Mono-derived,HLA-DRB5,CD4,0.00197578056688132,0,HLA-DRB5_CD4,HLA-DRB5 - CD4,MHC-II,Cell-Cell Contact,KEGG: hsa04514
Classical Mono-derived,Inflammatory Mono-derived,HLA-DRB5,CD4,0.0163172677408989,0,HLA-DRB5_CD4,HLA-DRB5 - CD4,MHC-II,Cell-Cell Contact,KEGG: hsa04514
IFN-stimulated,Inflammatory Mono-derived,HLA-DRB5,CD4,0.0158399253518898,0,HLA-DRB5_CD4,HLA-DRB5 - CD4,MHC-II,Cell-Cell Contact,KEGG: hsa04514
Inflammatory Mono-derived,Inflammatory Mono-derived,HLA-DRB5,CD4,0.0150997936874364,0,HLA-DRB5_CD4,HLA-DRB5 - CD4,MHC-II,Cell-Cell Contact,KEGG: hsa04514
Lipid-associated,Inflammatory Mono-derived,HLA-DRB5,CD4,0.0197023465360976,0,HLA-DRB5_CD4,HLA-DRB5 - CD4,MHC-II,Cell-Cell Contact,KEGG: hsa04514
Proliferating,Inflammatory Mono-derived,HLA-DRB5,CD4,0.0111797729806831,0,HLA-DRB5_CD4,HLA-DRB5 - CD4,MHC-II,Cell-Cell Contact,KEGG: hsa04514
Resident M2,Inflammatory Mono-derived,HLA-DRB5,CD4,0.0164528582212204,0,HLA-DRB5_CD4,HLA-DRB5 - CD4,MHC-II,Cell-Cell Contact,KEGG: hsa04514
Stress-response,Inflammatory Mono-derived,HLA-DRB5,CD4,0.016949833061737,0,HLA-DRB5_CD4,HLA-DRB5 - CD4,MHC-II,Cell-Cell Contact,KEGG: hsa04514
CD8.EM,Lipid-associated,HLA-DRB5,CD4,0.00359327949510618,0,HLA-DRB5_CD4,HLA-DRB5 - CD4,MHC-II,Cell-Cell Contact,KEGG: hsa04514
CD8.TEMRA,Lipid-associated,HLA-DRB5,CD4,0.00424491487094625,0,HLA-DRB5_CD4,HLA-DRB5 - CD4,MHC-II,Cell-Cell Contact,KEGG: hsa04514
CD8.TEX,Lipid-associated,HLA-DRB5,CD4,0.00331819555305263,0,HLA-DRB5_CD4,HLA-DRB5 - CD4,MHC-II,Cell-Cell Contact,KEGG: hsa04514
CD8.TPEX,Lipid-associated,HLA-DRB5,CD4,0.00256418756519436,0,HLA-DRB5_CD4,HLA-DRB5 - CD4,MHC-II,Cell-Cell Contact,KEGG: hsa04514
Classical Mono-derived,Lipid-associated,HLA-DRB5,CD4,0.0210864721028221,0,HLA-DRB5_CD4,HLA-DRB5 - CD4,MHC-II,Cell-Cell Contact,KEGG: hsa04514
IFN-stimulated,Lipid-associated,HLA-DRB5,CD4,0.0204725159276568,0,HLA-DRB5_CD4,HLA-DRB5 - CD4,MHC-II,Cell-Cell Contact,KEGG: hsa04514
Inflammatory Mono-derived,Lipid-associated,HLA-DRB5,CD4,0.0195202165803062,0,HLA-DRB5_CD4,HLA-DRB5 - CD4,MHC-II,Cell-Cell Contact,KEGG: hsa04514
Lipid-associated,Lipid-associated,HLA-DRB5,CD4,0.0254353574303966,0,HLA-DRB5_CD4,HLA-DRB5 - CD4,MHC-II,Cell-Cell Contact,KEGG: hsa04514
Proliferating,Lipid-associated,HLA-DRB5,CD4,0.0144694800299,0,HLA-DRB5_CD4,HLA-DRB5 - CD4,MHC-II,Cell-Cell Contact,KEGG: hsa04514
Resident M2,Lipid-associated,HLA-DRB5,CD4,0.0212608363629128,0,HLA-DRB5_CD4,HLA-DRB5 - CD4,MHC-II,Cell-Cell Contact,KEGG: hsa04514
Stress-response,Lipid-associated,HLA-DRB5,CD4,0.0218998072273904,0,HLA-DRB5_CD4,HLA-DRB5 - CD4,MHC-II,Cell-Cell Contact,KEGG: hsa04514
CD8.EM,Proliferating,HLA-DRB5,CD4,0.00382268236651529,0,HLA-DRB5_CD4,HLA-DRB5 - CD4,MHC-II,Cell-Cell Contact,KEGG: hsa04514
CD8.TEMRA,Proliferating,HLA-DRB5,CD4,0.00451573103874969,0,HLA-DRB5_CD4,HLA-DRB5 - CD4,MHC-II,Cell-Cell Contact,KEGG: hsa04514
CD8.TEX,Proliferating,HLA-DRB5,CD4,0.00353009867920669,0,HLA-DRB5_CD4,HLA-DRB5 - CD4,MHC-II,Cell-Cell Contact,KEGG: hsa04514
CD8.TPEX,Proliferating,HLA-DRB5,CD4,0.00272807082209978,0,HLA-DRB5_CD4,HLA-DRB5 - CD4,MHC-II,Cell-Cell Contact,KEGG: hsa04514
Classical Mono-derived,Proliferating,HLA-DRB5,CD4,0.0224075637904565,0,HLA-DRB5_CD4,HLA-DRB5 - CD4,MHC-II,Cell-Cell Contact,KEGG: hsa04514
IFN-stimulated,Proliferating,HLA-DRB5,CD4,0.0217559974279693,0,HLA-DRB5_CD4,HLA-DRB5 - CD4,MHC-II,Cell-Cell Contact,KEGG: hsa04514
Inflammatory Mono-derived,Proliferating,HLA-DRB5,CD4,0.0207452600960151,0,HLA-DRB5_CD4,HLA-DRB5 - CD4,MHC-II,Cell-Cell Contact,KEGG: hsa04514
Lipid-associated,Proliferating,HLA-DRB5,CD4,0.0270213908675167,0,HLA-DRB5_CD4,HLA-DRB5 - CD4,MHC-II,Cell-Cell Contact,KEGG: hsa04514
Proliferating,Proliferating,HLA-DRB5,CD4,0.0153825239443262,0,HLA-DRB5_CD4,HLA-DRB5 - CD4,MHC-II,Cell-Cell Contact,KEGG: hsa04514
Resident M2,Proliferating,HLA-DRB5,CD4,0.0225926000510045,0,HLA-DRB5_CD4,HLA-DRB5 - CD4,MHC-II,Cell-Cell Contact,KEGG: hsa04514
Stress-response,Proliferating,HLA-DRB5,CD4,0.0232706439639602,0,HLA-DRB5_CD4,HLA-DRB5 - CD4,MHC-II,Cell-Cell Contact,KEGG: hsa04514
CD8.EM,Resident M2,HLA-DRB5,CD4,0.00954389043128034,0,HLA-DRB5_CD4,HLA-DRB5 - CD4,MHC-II,Cell-Cell Contact,KEGG: hsa04514
CD8.TEMRA,Resident M2,HLA-DRB5,CD4,0.0112624618650023,0,HLA-DRB5_CD4,HLA-DRB5 - CD4,MHC-II,Cell-Cell Contact,KEGG: hsa04514
CD8.TEX,Resident M2,HLA-DRB5,CD4,0.00881728795479951,0,HLA-DRB5_CD4,HLA-DRB5 - CD4,MHC-II,Cell-Cell Contact,KEGG: hsa04514
CD8.TPEX,Resident M2,HLA-DRB5,CD4,0.00682225066334182,0,HLA-DRB5_CD4,HLA-DRB5 - CD4,MHC-II,Cell-Cell Contact,KEGG: hsa04514
Classical Mono-derived,Resident M2,HLA-DRB5,CD4,0.0544241702398393,0,HLA-DRB5_CD4,HLA-DRB5 - CD4,MHC-II,Cell-Cell Contact,KEGG: hsa04514
IFN-stimulated,Resident M2,HLA-DRB5,CD4,0.0528919960460673,0,HLA-DRB5_CD4,HLA-DRB5 - CD4,MHC-II,Cell-Cell Contact,KEGG: hsa04514
Inflammatory Mono-derived,Resident M2,HLA-DRB5,CD4,0.0505094339051926,0,HLA-DRB5_CD4,HLA-DRB5 - CD4,MHC-II,Cell-Cell Contact,KEGG: hsa04514
Lipid-associated,Resident M2,HLA-DRB5,CD4,0.0651907606623306,0,HLA-DRB5_CD4,HLA-DRB5 - CD4,MHC-II,Cell-Cell Contact,KEGG: hsa04514
Proliferating,Resident M2,HLA-DRB5,CD4,0.0377491359054853,0,HLA-DRB5_CD4,HLA-DRB5 - CD4,MHC-II,Cell-Cell Contact,KEGG: hsa04514
Resident M2,Resident M2,HLA-DRB5,CD4,0.0548587556185832,0,HLA-DRB5_CD4,HLA-DRB5 - CD4,MHC-II,Cell-Cell Contact,KEGG: hsa04514
Stress-response,Resident M2,HLA-DRB5,CD4,0.0564492369971314,0,HLA-DRB5_CD4,HLA-DRB5 - CD4,MHC-II,Cell-Cell Contact,KEGG: hsa04514
CD8.EM,Stress-response,HLA-DRB5,CD4,0.00276199439921718,0,HLA-DRB5_CD4,HLA-DRB5 - CD4,MHC-II,Cell-Cell Contact,KEGG: hsa04514
CD8.TEMRA,Stress-response,HLA-DRB5,CD4,0.0032633713132532,0,HLA-DRB5_CD4,HLA-DRB5 - CD4,MHC-II,Cell-Cell Contact,KEGG: hsa04514
CD8.TEX,Stress-response,HLA-DRB5,CD4,0.00255038669752925,0,HLA-DRB5_CD4,HLA-DRB5 - CD4,MHC-II,Cell-Cell Contact,KEGG: hsa04514
CD8.TPEX,Stress-response,HLA-DRB5,CD4,0.00197050630699895,0,HLA-DRB5_CD4,HLA-DRB5 - CD4,MHC-II,Cell-Cell Contact,KEGG: hsa04514
Classical Mono-derived,Stress-response,HLA-DRB5,CD4,0.016274333787323,0,HLA-DRB5_CD4,HLA-DRB5 - CD4,MHC-II,Cell-Cell Contact,KEGG: hsa04514
IFN-stimulated,Stress-response,HLA-DRB5,CD4,0.0157982272089665,0,HLA-DRB5_CD4,HLA-DRB5 - CD4,MHC-II,Cell-Cell Contact,KEGG: hsa04514
Inflammatory Mono-derived,Stress-response,HLA-DRB5,CD4,0.0150600141047787,0,HLA-DRB5_CD4,HLA-DRB5 - CD4,MHC-II,Cell-Cell Contact,KEGG: hsa04514
Lipid-associated,Stress-response,HLA-DRB5,CD4,0.0196506836999879,0,HLA-DRB5_CD4,HLA-DRB5 - CD4,MHC-II,Cell-Cell Contact,KEGG: hsa04514
Proliferating,Stress-response,HLA-DRB5,CD4,0.0111502035642739,0,HLA-DRB5_CD4,HLA-DRB5 - CD4,MHC-II,Cell-Cell Contact,KEGG: hsa04514
Resident M2,Stress-response,HLA-DRB5,CD4,0.0164095734537946,0,HLA-DRB5_CD4,HLA-DRB5 - CD4,MHC-II,Cell-Cell Contact,KEGG: hsa04514
Stress-response,Stress-response,HLA-DRB5,CD4,0.0169052633078206,0,HLA-DRB5_CD4,HLA-DRB5 - CD4,MHC-II,Cell-Cell Contact,KEGG: hsa04514
Classical Mono-derived,CD8.EM,NECTIN2,TIGIT,0.00266369134403496,0,NECTIN2_TIGIT,NECTIN2 - TIGIT,NECTIN,Cell-Cell Contact,KEGG: hsa04514
IFN-stimulated,CD8.EM,NECTIN2,TIGIT,0.00746079801942573,0,NECTIN2_TIGIT,NECTIN2 - TIGIT,NECTIN,Cell-Cell Contact,KEGG: hsa04514
Inflammatory Mono-derived,CD8.EM,NECTIN2,TIGIT,0.00246595425041238,0,NECTIN2_TIGIT,NECTIN2 - TIGIT,NECTIN,Cell-Cell Contact,KEGG: hsa04514
Lipid-associated,CD8.EM,NECTIN2,TIGIT,0.00179863834707507,0,NECTIN2_TIGIT,NECTIN2 - TIGIT,NECTIN,Cell-Cell Contact,KEGG: hsa04514
Proliferating,CD8.EM,NECTIN2,TIGIT,0.00215559061174735,0,NECTIN2_TIGIT,NECTIN2 - TIGIT,NECTIN,Cell-Cell Contact,KEGG: hsa04514
Resident M2,CD8.EM,NECTIN2,TIGIT,0.00270334884490792,0,NECTIN2_TIGIT,NECTIN2 - TIGIT,NECTIN,Cell-Cell Contact,KEGG: hsa04514
Stress-response,CD8.EM,NECTIN2,TIGIT,0.0020115397376377,0,NECTIN2_TIGIT,NECTIN2 - TIGIT,NECTIN,Cell-Cell Contact,KEGG: hsa04514
Classical Mono-derived,CD8.TEMRA,NECTIN2,TIGIT,0.00221898431185853,0,NECTIN2_TIGIT,NECTIN2 - TIGIT,NECTIN,Cell-Cell Contact,KEGG: hsa04514
IFN-stimulated,CD8.TEMRA,NECTIN2,TIGIT,0.00622020221601887,0,NECTIN2_TIGIT,NECTIN2 - TIGIT,NECTIN,Cell-Cell Contact,KEGG: hsa04514
Inflammatory Mono-derived,CD8.TEMRA,NECTIN2,TIGIT,0.00205419171021173,0,NECTIN2_TIGIT,NECTIN2 - TIGIT,NECTIN,Cell-Cell Contact,KEGG: hsa04514
Lipid-associated,CD8.TEMRA,NECTIN2,TIGIT,0.00149813619315175,0,NECTIN2_TIGIT,NECTIN2 - TIGIT,NECTIN,Cell-Cell Contact,KEGG: hsa04514
Proliferating,CD8.TEMRA,NECTIN2,TIGIT,0.00179555899376395,0,NECTIN2_TIGIT,NECTIN2 - TIGIT,NECTIN,Cell-Cell Contact,KEGG: hsa04514
Resident M2,CD8.TEMRA,NECTIN2,TIGIT,0.00225203588721991,0,NECTIN2_TIGIT,NECTIN2 - TIGIT,NECTIN,Cell-Cell Contact,KEGG: hsa04514
Stress-response,CD8.TEMRA,NECTIN2,TIGIT,0.00167552742258471,0,NECTIN2_TIGIT,NECTIN2 - TIGIT,NECTIN,Cell-Cell Contact,KEGG: hsa04514
Classical Mono-derived,CD8.TEX,NECTIN2,TIGIT,0.00914610708183039,0,NECTIN2_TIGIT,NECTIN2 - TIGIT,NECTIN,Cell-Cell Contact,KEGG: hsa04514
IFN-stimulated,CD8.TEX,NECTIN2,TIGIT,0.0253211569640717,0,NECTIN2_TIGIT,NECTIN2 - TIGIT,NECTIN,Cell-Cell Contact,KEGG: hsa04514
Inflammatory Mono-derived,CD8.TEX,NECTIN2,TIGIT,0.00847124019810803,0,NECTIN2_TIGIT,NECTIN2 - TIGIT,NECTIN,Cell-Cell Contact,KEGG: hsa04514
Lipid-associated,CD8.TEX,NECTIN2,TIGIT,0.00618890652207844,0,NECTIN2_TIGIT,NECTIN2 - TIGIT,NECTIN,Cell-Cell Contact,KEGG: hsa04514
Proliferating,CD8.TEX,NECTIN2,TIGIT,0.00741066958325694,0,NECTIN2_TIGIT,NECTIN2 - TIGIT,NECTIN,Cell-Cell Contact,KEGG: hsa04514
Resident M2,CD8.TEX,NECTIN2,TIGIT,0.00928137776720052,0,NECTIN2_TIGIT,NECTIN2 - TIGIT,NECTIN,Cell-Cell Contact,KEGG: hsa04514
Stress-response,CD8.TEX,NECTIN2,TIGIT,0.00691787410959629,0,NECTIN2_TIGIT,NECTIN2 - TIGIT,NECTIN,Cell-Cell Contact,KEGG: hsa04514
Classical Mono-derived,CD8.TPEX,NECTIN2,TIGIT,0.00799750055743893,0,NECTIN2_TIGIT,NECTIN2 - TIGIT,NECTIN,Cell-Cell Contact,KEGG: hsa04514
IFN-stimulated,CD8.TPEX,NECTIN2,TIGIT,0.0221867043090053,0,NECTIN2_TIGIT,NECTIN2 - TIGIT,NECTIN,Cell-Cell Contact,KEGG: hsa04514
Inflammatory Mono-derived,CD8.TPEX,NECTIN2,TIGIT,0.0074067527541267,0,NECTIN2_TIGIT,NECTIN2 - TIGIT,NECTIN,Cell-Cell Contact,KEGG: hsa04514
Lipid-associated,CD8.TPEX,NECTIN2,TIGIT,0.00540965009130891,0,NECTIN2_TIGIT,NECTIN2 - TIGIT,NECTIN,Cell-Cell Contact,KEGG: hsa04514
Proliferating,CD8.TPEX,NECTIN2,TIGIT,0.00647858158752024,0,NECTIN2_TIGIT,NECTIN2 - TIGIT,NECTIN,Cell-Cell Contact,KEGG: hsa04514
Resident M2,CD8.TPEX,NECTIN2,TIGIT,0.00811592252704222,0,NECTIN2_TIGIT,NECTIN2 - TIGIT,NECTIN,Cell-Cell Contact,KEGG: hsa04514
Stress-response,CD8.TPEX,NECTIN2,TIGIT,0.00604739056961056,0,NECTIN2_TIGIT,NECTIN2 - TIGIT,NECTIN,Cell-Cell Contact,KEGG: hsa04514
IFN-stimulated,CD8.EM,CD274,PDCD1,0.00170448506878237,0,CD274_PDCD1,CD274 - PDCD1,PD-L1,Cell-Cell Contact,PMID: 23954143
IFN-stimulated,CD8.TEX,CD274,PDCD1,0.005520359183097,0,CD274_PDCD1,CD274 - PDCD1,PD-L1,Cell-Cell Contact,PMID: 23954143
IFN-stimulated,CD8.TPEX,CD274,PDCD1,0.004313848182736,0,CD274_PDCD1,CD274 - PDCD1,PD-L1,Cell-Cell Contact,PMID: 23954143
Classical Mono-derived,Classical Mono-derived,PECAM1,PECAM1,0.00192995087143599,0.02,PECAM1_PECAM1,PECAM1 - PECAM1,PECAM1,Cell-Cell Contact,KEGG: hsa04514
IFN-stimulated,Classical Mono-derived,PECAM1,PECAM1,0.00148086653076007,0,PECAM1_PECAM1,PECAM1 - PECAM1,PECAM1,Cell-Cell Contact,KEGG: hsa04514
Inflammatory Mono-derived,Classical Mono-derived,PECAM1,PECAM1,0.00181823933528176,0,PECAM1_PECAM1,PECAM1 - PECAM1,PECAM1,Cell-Cell Contact,KEGG: hsa04514
Lipid-associated,Classical Mono-derived,PECAM1,PECAM1,0.00168682669028471,0,PECAM1_PECAM1,PECAM1 - PECAM1,PECAM1,Cell-Cell Contact,KEGG: hsa04514
Resident M2,Classical Mono-derived,PECAM1,PECAM1,0.00194474264978064,0,PECAM1_PECAM1,PECAM1 - PECAM1,PECAM1,Cell-Cell Contact,KEGG: hsa04514
Stress-response,Classical Mono-derived,PECAM1,PECAM1,0.0018543682382206,0,PECAM1_PECAM1,PECAM1 - PECAM1,PECAM1,Cell-Cell Contact,KEGG: hsa04514
Classical Mono-derived,IFN-stimulated,PECAM1,PECAM1,0.00148086653076007,0,PECAM1_PECAM1,PECAM1 - PECAM1,PECAM1,Cell-Cell Contact,KEGG: hsa04514
IFN-stimulated,IFN-stimulated,PECAM1,PECAM1,0.00113616161629971,0,PECAM1_PECAM1,PECAM1 - PECAM1,PECAM1,Cell-Cell Contact,KEGG: hsa04514
Inflammatory Mono-derived,IFN-stimulated,PECAM1,PECAM1,0.00139511305243449,0,PECAM1_PECAM1,PECAM1 - PECAM1,PECAM1,Cell-Cell Contact,KEGG: hsa04514
Lipid-associated,IFN-stimulated,PECAM1,PECAM1,0.00129424206749755,0,PECAM1_PECAM1,PECAM1 - PECAM1,PECAM1,Cell-Cell Contact,KEGG: hsa04514
Resident M2,IFN-stimulated,PECAM1,PECAM1,0.00149222152504332,0,PECAM1_PECAM1,PECAM1 - PECAM1,PECAM1,Cell-Cell Contact,KEGG: hsa04514
Stress-response,IFN-stimulated,PECAM1,PECAM1,0.00142284630728153,0,PECAM1_PECAM1,PECAM1 - PECAM1,PECAM1,Cell-Cell Contact,KEGG: hsa04514
Classical Mono-derived,Inflammatory Mono-derived,PECAM1,PECAM1,0.00181823933528176,0,PECAM1_PECAM1,PECAM1 - PECAM1,PECAM1,Cell-Cell Contact,KEGG: hsa04514
IFN-stimulated,Inflammatory Mono-derived,PECAM1,PECAM1,0.00139511305243449,0,PECAM1_PECAM1,PECAM1 - PECAM1,PECAM1,Cell-Cell Contact,KEGG: hsa04514
Inflammatory Mono-derived,Inflammatory Mono-derived,PECAM1,PECAM1,0.0017129829110392,0,PECAM1_PECAM1,PECAM1 - PECAM1,PECAM1,Cell-Cell Contact,KEGG: hsa04514
Lipid-associated,Inflammatory Mono-derived,PECAM1,PECAM1,0.00158916552780279,0,PECAM1_PECAM1,PECAM1 - PECAM1,PECAM1,Cell-Cell Contact,KEGG: hsa04514
Resident M2,Inflammatory Mono-derived,PECAM1,PECAM1,0.00183217649139713,0,PECAM1_PECAM1,PECAM1 - PECAM1,PECAM1,Cell-Cell Contact,KEGG: hsa04514
Stress-response,Inflammatory Mono-derived,PECAM1,PECAM1,0.00174702400112607,0,PECAM1_PECAM1,PECAM1 - PECAM1,PECAM1,Cell-Cell Contact,KEGG: hsa04514
Classical Mono-derived,Lipid-associated,PECAM1,PECAM1,0.00168682669028471,0,PECAM1_PECAM1,PECAM1 - PECAM1,PECAM1,Cell-Cell Contact,KEGG: hsa04514
IFN-stimulated,Lipid-associated,PECAM1,PECAM1,0.00129424206749755,0,PECAM1_PECAM1,PECAM1 - PECAM1,PECAM1,Cell-Cell Contact,KEGG: hsa04514
Inflammatory Mono-derived,Lipid-associated,PECAM1,PECAM1,0.00158916552780279,0,PECAM1_PECAM1,PECAM1 - PECAM1,PECAM1,Cell-Cell Contact,KEGG: hsa04514
Lipid-associated,Lipid-associated,PECAM1,PECAM1,0.00147428466321373,0,PECAM1_PECAM1,PECAM1 - PECAM1,PECAM1,Cell-Cell Contact,KEGG: hsa04514
Resident M2,Lipid-associated,PECAM1,PECAM1,0.00169975825835463,0,PECAM1_PECAM1,PECAM1 - PECAM1,PECAM1,Cell-Cell Contact,KEGG: hsa04514
Stress-response,Lipid-associated,PECAM1,PECAM1,0.00162075006348791,0,PECAM1_PECAM1,PECAM1 - PECAM1,PECAM1,Cell-Cell Contact,KEGG: hsa04514
Classical Mono-derived,Resident M2,PECAM1,PECAM1,0.00194474264978064,0,PECAM1_PECAM1,PECAM1 - PECAM1,PECAM1,Cell-Cell Contact,KEGG: hsa04514
IFN-stimulated,Resident M2,PECAM1,PECAM1,0.00149222152504332,0,PECAM1_PECAM1,PECAM1 - PECAM1,PECAM1,Cell-Cell Contact,KEGG: hsa04514
Inflammatory Mono-derived,Resident M2,PECAM1,PECAM1,0.00183217649139713,0,PECAM1_PECAM1,PECAM1 - PECAM1,PECAM1,Cell-Cell Contact,KEGG: hsa04514
Lipid-associated,Resident M2,PECAM1,PECAM1,0.00169975825835463,0,PECAM1_PECAM1,PECAM1 - PECAM1,PECAM1,Cell-Cell Contact,KEGG: hsa04514
Resident M2,Resident M2,PECAM1,PECAM1,0.00195964757458737,0,PECAM1_PECAM1,PECAM1 - PECAM1,PECAM1,Cell-Cell Contact,KEGG: hsa04514
Stress-response,Resident M2,PECAM1,PECAM1,0.00186858181094523,0,PECAM1_PECAM1,PECAM1 - PECAM1,PECAM1,Cell-Cell Contact,KEGG: hsa04514
Classical Mono-derived,Stress-response,PECAM1,PECAM1,0.0018543682382206,0,PECAM1_PECAM1,PECAM1 - PECAM1,PECAM1,Cell-Cell Contact,KEGG: hsa04514
IFN-stimulated,Stress-response,PECAM1,PECAM1,0.00142284630728153,0,PECAM1_PECAM1,PECAM1 - PECAM1,PECAM1,Cell-Cell Contact,KEGG: hsa04514
Inflammatory Mono-derived,Stress-response,PECAM1,PECAM1,0.00174702400112607,0,PECAM1_PECAM1,PECAM1 - PECAM1,PECAM1,Cell-Cell Contact,KEGG: hsa04514
Lipid-associated,Stress-response,PECAM1,PECAM1,0.00162075006348791,0,PECAM1_PECAM1,PECAM1 - PECAM1,PECAM1,Cell-Cell Contact,KEGG: hsa04514
Resident M2,Stress-response,PECAM1,PECAM1,0.00186858181094523,0,PECAM1_PECAM1,PECAM1 - PECAM1,PECAM1,Cell-Cell Contact,KEGG: hsa04514
Stress-response,Stress-response,PECAM1,PECAM1,0.00178174036216325,0,PECAM1_PECAM1,PECAM1 - PECAM1,PECAM1,Cell-Cell Contact,KEGG: hsa04514
CD8.CM,CD8.NaiveLike,SELPLG,SELL,0.0116135655100962,0,SELPLG_SELL,SELPLG - SELL,SELPLG,Cell-Cell Contact,"PMC2431087; PMID:  8892633,PMID:  8896607"
CD8.EM,CD8.NaiveLike,SELPLG,SELL,0.0128519025562725,0,SELPLG_SELL,SELPLG - SELL,SELPLG,Cell-Cell Contact,"PMC2431087; PMID:  8892633,PMID:  8896607"
CD8.MAIT,CD8.NaiveLike,SELPLG,SELL,0.0109430617557422,0,SELPLG_SELL,SELPLG - SELL,SELPLG,Cell-Cell Contact,"PMC2431087; PMID:  8892633,PMID:  8896607"
CD8.NaiveLike,CD8.NaiveLike,SELPLG,SELL,0.0112589524229825,0,SELPLG_SELL,SELPLG - SELL,SELPLG,Cell-Cell Contact,"PMC2431087; PMID:  8892633,PMID:  8896607"
CD8.TEX,CD8.NaiveLike,SELPLG,SELL,0.0118047518037698,0,SELPLG_SELL,SELPLG - SELL,SELPLG,Cell-Cell Contact,"PMC2431087; PMID:  8892633,PMID:  8896607"
CD8.TPEX,CD8.NaiveLike,SELPLG,SELL,0.00788860826984775,0,SELPLG_SELL,SELPLG - SELL,SELPLG,Cell-Cell Contact,"PMC2431087; PMID:  8892633,PMID:  8896607"
Classical Mono-derived,CD8.NaiveLike,SELPLG,SELL,0.00829555037528023,0,SELPLG_SELL,SELPLG - SELL,SELPLG,Cell-Cell Contact,"PMC2431087; PMID:  8892633,PMID:  8896607"
IFN-stimulated,CD8.NaiveLike,SELPLG,SELL,0.00691437917966552,0,SELPLG_SELL,SELPLG - SELL,SELPLG,Cell-Cell Contact,"PMC2431087; PMID:  8892633,PMID:  8896607"
Inflammatory Mono-derived,CD8.NaiveLike,SELPLG,SELL,0.00657043145851153,0,SELPLG_SELL,SELPLG - SELL,SELPLG,Cell-Cell Contact,"PMC2431087; PMID:  8892633,PMID:  8896607"
Lipid-associated,CD8.NaiveLike,SELPLG,SELL,0.00629552864406055,0,SELPLG_SELL,SELPLG - SELL,SELPLG,Cell-Cell Contact,"PMC2431087; PMID:  8892633,PMID:  8896607"
Proliferating,CD8.NaiveLike,SELPLG,SELL,0.00655508300323876,0,SELPLG_SELL,SELPLG - SELL,SELPLG,Cell-Cell Contact,"PMC2431087; PMID:  8892633,PMID:  8896607"
Resident M2,CD8.NaiveLike,SELPLG,SELL,0.00953680874218859,0,SELPLG_SELL,SELPLG - SELL,SELPLG,Cell-Cell Contact,"PMC2431087; PMID:  8892633,PMID:  8896607"
Stress-response,CD8.NaiveLike,SELPLG,SELL,0.00825427579601888,0,SELPLG_SELL,SELPLG - SELL,SELPLG,Cell-Cell Contact,"PMC2431087; PMID:  8892633,PMID:  8896607"
Classical Mono-derived,Classical Mono-derived,SEMA4A,PLXNB2,0.000852409748835987,0,SEMA4A_PLXNB2,SEMA4A - PLXNB2,SEMA4,Cell-Cell Contact,PMID: 27533782
IFN-stimulated,Classical Mono-derived,SEMA4A,PLXNB2,0.00092249634790917,0,SEMA4A_PLXNB2,SEMA4A - PLXNB2,SEMA4,Cell-Cell Contact,PMID: 27533782
Resident M2,Classical Mono-derived,SEMA4A,PLXNB2,0.000846383612889112,0,SEMA4A_PLXNB2,SEMA4A - PLXNB2,SEMA4,Cell-Cell Contact,PMID: 27533782
Classical Mono-derived,IFN-stimulated,SEMA4A,PLXNB2,0.000883462309385373,0,SEMA4A_PLXNB2,SEMA4A - PLXNB2,SEMA4,Cell-Cell Contact,PMID: 27533782
IFN-stimulated,IFN-stimulated,SEMA4A,PLXNB2,0.000956099660328897,0,SEMA4A_PLXNB2,SEMA4A - PLXNB2,SEMA4,Cell-Cell Contact,PMID: 27533782
Resident M2,IFN-stimulated,SEMA4A,PLXNB2,0.000877216839179747,0,SEMA4A_PLXNB2,SEMA4A - PLXNB2,SEMA4,Cell-Cell Contact,PMID: 27533782
Classical Mono-derived,Inflammatory Mono-derived,SEMA4A,PLXNB2,0.000870174555172138,0,SEMA4A_PLXNB2,SEMA4A - PLXNB2,SEMA4,Cell-Cell Contact,PMID: 27533782
IFN-stimulated,Inflammatory Mono-derived,SEMA4A,PLXNB2,0.000941720430547883,0,SEMA4A_PLXNB2,SEMA4A - PLXNB2,SEMA4,Cell-Cell Contact,PMID: 27533782
Resident M2,Inflammatory Mono-derived,SEMA4A,PLXNB2,0.000864022939005312,0,SEMA4A_PLXNB2,SEMA4A - PLXNB2,SEMA4,Cell-Cell Contact,PMID: 27533782
Classical Mono-derived,Resident M2,SEMA4A,PLXNB2,0.000981822551488634,0,SEMA4A_PLXNB2,SEMA4A - PLXNB2,SEMA4,Cell-Cell Contact,PMID: 27533782
IFN-stimulated,Resident M2,SEMA4A,PLXNB2,0.00106253837866731,0,SEMA4A_PLXNB2,SEMA4A - PLXNB2,SEMA4,Cell-Cell Contact,PMID: 27533782
Resident M2,Resident M2,SEMA4A,PLXNB2,0.000974882420572167,0,SEMA4A_PLXNB2,SEMA4A - PLXNB2,SEMA4,Cell-Cell Contact,PMID: 27533782
Classical Mono-derived,Stress-response,SEMA4A,PLXNB2,0.000853219099413195,0,SEMA4A_PLXNB2,SEMA4A - PLXNB2,SEMA4,Cell-Cell Contact,PMID: 27533782
IFN-stimulated,Stress-response,SEMA4A,PLXNB2,0.000923372183186795,0,SEMA4A_PLXNB2,SEMA4A - PLXNB2,SEMA4,Cell-Cell Contact,PMID: 27533782
Resident M2,Stress-response,SEMA4A,PLXNB2,0.000847187246589971,0,SEMA4A_PLXNB2,SEMA4A - PLXNB2,SEMA4,Cell-Cell Contact,PMID: 27533782
CD8.CM,Classical Mono-derived,SEMA4D,PLXNB2,0.00126442867333053,0,SEMA4D_PLXNB2,SEMA4D - PLXNB2,SEMA4,Cell-Cell Contact,PMID: 27533782
CD8.EM,Classical Mono-derived,SEMA4D,PLXNB2,0.00143605296011573,0,SEMA4D_PLXNB2,SEMA4D - PLXNB2,SEMA4,Cell-Cell Contact,PMID: 27533782
CD8.NaiveLike,Classical Mono-derived,SEMA4D,PLXNB2,0.00155066046048783,0,SEMA4D_PLXNB2,SEMA4D - PLXNB2,SEMA4,Cell-Cell Contact,PMID: 27533782
CD8.TEX,Classical Mono-derived,SEMA4D,PLXNB2,0.00147868281731536,0,SEMA4D_PLXNB2,SEMA4D - PLXNB2,SEMA4,Cell-Cell Contact,PMID: 27533782
CD8.TPEX,Classical Mono-derived,SEMA4D,PLXNB2,0.00150804451075041,0,SEMA4D_PLXNB2,SEMA4D - PLXNB2,SEMA4,Cell-Cell Contact,PMID: 27533782
Classical Mono-derived,Classical Mono-derived,SEMA4D,PLXNB2,0.0012728021770582,0,SEMA4D_PLXNB2,SEMA4D - PLXNB2,SEMA4,Cell-Cell Contact,PMID: 27533782
IFN-stimulated,Classical Mono-derived,SEMA4D,PLXNB2,0.000947703067804102,0,SEMA4D_PLXNB2,SEMA4D - PLXNB2,SEMA4,Cell-Cell Contact,PMID: 27533782
Inflammatory Mono-derived,Classical Mono-derived,SEMA4D,PLXNB2,0.000799078315807452,0,SEMA4D_PLXNB2,SEMA4D - PLXNB2,SEMA4,Cell-Cell Contact,PMID: 27533782
Resident M2,Classical Mono-derived,SEMA4D,PLXNB2,0.00087368866695761,0,SEMA4D_PLXNB2,SEMA4D - PLXNB2,SEMA4,Cell-Cell Contact,PMID: 27533782
CD8.CM,IFN-stimulated,SEMA4D,PLXNB2,0.00131047104579751,0,SEMA4D_PLXNB2,SEMA4D - PLXNB2,SEMA4,Cell-Cell Contact,PMID: 27533782
CD8.EM,IFN-stimulated,SEMA4D,PLXNB2,0.00148833547392273,0,SEMA4D_PLXNB2,SEMA4D - PLXNB2,SEMA4,Cell-Cell Contact,PMID: 27533782
CD8.NaiveLike,IFN-stimulated,SEMA4D,PLXNB2,0.00160710878488348,0,SEMA4D_PLXNB2,SEMA4D - PLXNB2,SEMA4,Cell-Cell Contact,PMID: 27533782
CD8.TEX,IFN-stimulated,SEMA4D,PLXNB2,0.00153251497837348,0,SEMA4D_PLXNB2,SEMA4D - PLXNB2,SEMA4,Cell-Cell Contact,PMID: 27533782
CD8.TPEX,IFN-stimulated,SEMA4D,PLXNB2,0.00156294392527128,0,SEMA4D_PLXNB2,SEMA4D - PLXNB2,SEMA4,Cell-Cell Contact,PMID: 27533782
Classical Mono-derived,IFN-stimulated,SEMA4D,PLXNB2,0.00131914905602863,0,SEMA4D_PLXNB2,SEMA4D - PLXNB2,SEMA4,Cell-Cell Contact,PMID: 27533782
IFN-stimulated,IFN-stimulated,SEMA4D,PLXNB2,0.000982223670081087,0,SEMA4D_PLXNB2,SEMA4D - PLXNB2,SEMA4,Cell-Cell Contact,PMID: 27533782
Inflammatory Mono-derived,IFN-stimulated,SEMA4D,PLXNB2,0.000828189668106782,0,SEMA4D_PLXNB2,SEMA4D - PLXNB2,SEMA4,Cell-Cell Contact,PMID: 27533782
Resident M2,IFN-stimulated,SEMA4D,PLXNB2,0.000905515697825824,0,SEMA4D_PLXNB2,SEMA4D - PLXNB2,SEMA4,Cell-Cell Contact,PMID: 27533782
CD8.CM,Inflammatory Mono-derived,SEMA4D,PLXNB2,0.00129076914488826,0,SEMA4D_PLXNB2,SEMA4D - PLXNB2,SEMA4,Cell-Cell Contact,PMID: 27533782
CD8.EM,Inflammatory Mono-derived,SEMA4D,PLXNB2,0.00146596344651149,0,SEMA4D_PLXNB2,SEMA4D - PLXNB2,SEMA4,Cell-Cell Contact,PMID: 27533782
CD8.NaiveLike,Inflammatory Mono-derived,SEMA4D,PLXNB2,0.00158295423779184,0,SEMA4D_PLXNB2,SEMA4D - PLXNB2,SEMA4,Cell-Cell Contact,PMID: 27533782
CD8.TEX,Inflammatory Mono-derived,SEMA4D,PLXNB2,0.00150947986731566,0,SEMA4D_PLXNB2,SEMA4D - PLXNB2,SEMA4,Cell-Cell Contact,PMID: 27533782
CD8.TPEX,Inflammatory Mono-derived,SEMA4D,PLXNB2,0.00153945214431449,0,SEMA4D_PLXNB2,SEMA4D - PLXNB2,SEMA4,Cell-Cell Contact,PMID: 27533782
Classical Mono-derived,Inflammatory Mono-derived,SEMA4D,PLXNB2,0.00129931685780513,0,SEMA4D_PLXNB2,SEMA4D - PLXNB2,SEMA4,Cell-Cell Contact,PMID: 27533782
IFN-stimulated,Inflammatory Mono-derived,SEMA4D,PLXNB2,0.000967451929571196,0,SEMA4D_PLXNB2,SEMA4D - PLXNB2,SEMA4,Cell-Cell Contact,PMID: 27533782
Inflammatory Mono-derived,Inflammatory Mono-derived,SEMA4D,PLXNB2,0.000815732565773405,0,SEMA4D_PLXNB2,SEMA4D - PLXNB2,SEMA4,Cell-Cell Contact,PMID: 27533782
Resident M2,Inflammatory Mono-derived,SEMA4D,PLXNB2,0.000891896544740697,0,SEMA4D_PLXNB2,SEMA4D - PLXNB2,SEMA4,Cell-Cell Contact,PMID: 27533782
CD8.CM,Resident M2,SEMA4D,PLXNB2,0.00145630299375944,0,SEMA4D_PLXNB2,SEMA4D - PLXNB2,SEMA4,Cell-Cell Contact,PMID: 27533782
CD8.EM,Resident M2,SEMA4D,PLXNB2,0.00165392776662137,0,SEMA4D_PLXNB2,SEMA4D - PLXNB2,SEMA4,Cell-Cell Contact,PMID: 27533782
CD8.NaiveLike,Resident M2,SEMA4D,PLXNB2,0.00178589216791977,0,SEMA4D_PLXNB2,SEMA4D - PLXNB2,SEMA4,Cell-Cell Contact,PMID: 27533782
CD8.TEX,Resident M2,SEMA4D,PLXNB2,0.00170301430184737,0,SEMA4D_PLXNB2,SEMA4D - PLXNB2,SEMA4,Cell-Cell Contact,PMID: 27533782
CD8.TPEX,Resident M2,SEMA4D,PLXNB2,0.00173682271991966,0,SEMA4D_PLXNB2,SEMA4D - PLXNB2,SEMA4,Cell-Cell Contact,PMID: 27533782
Classical Mono-derived,Resident M2,SEMA4D,PLXNB2,0.00146594529351585,0,SEMA4D_PLXNB2,SEMA4D - PLXNB2,SEMA4,Cell-Cell Contact,PMID: 27533782
IFN-stimulated,Resident M2,SEMA4D,PLXNB2,0.00109156749141989,0,SEMA4D_PLXNB2,SEMA4D - PLXNB2,SEMA4,Cell-Cell Contact,PMID: 27533782
Inflammatory Mono-derived,Resident M2,SEMA4D,PLXNB2,0.000920401801783573,0,SEMA4D_PLXNB2,SEMA4D - PLXNB2,SEMA4,Cell-Cell Contact,PMID: 27533782
Resident M2,Resident M2,SEMA4D,PLXNB2,0.00100632878004246,0,SEMA4D_PLXNB2,SEMA4D - PLXNB2,SEMA4,Cell-Cell Contact,PMID: 27533782
CD8.CM,Stress-response,SEMA4D,PLXNB2,0.00126562873430069,0,SEMA4D_PLXNB2,SEMA4D - PLXNB2,SEMA4,Cell-Cell Contact,PMID: 27533782
CD8.EM,Stress-response,SEMA4D,PLXNB2,0.00143741567413866,0,SEMA4D_PLXNB2,SEMA4D - PLXNB2,SEMA4,Cell-Cell Contact,PMID: 27533782
CD8.NaiveLike,Stress-response,SEMA4D,PLXNB2,0.00155213175998493,0,SEMA4D_PLXNB2,SEMA4D - PLXNB2,SEMA4,Cell-Cell Contact,PMID: 27533782
CD8.TEX,Stress-response,SEMA4D,PLXNB2,0.00148008592413756,0,SEMA4D_PLXNB2,SEMA4D - PLXNB2,SEMA4,Cell-Cell Contact,PMID: 27533782
CD8.TPEX,Stress-response,SEMA4D,PLXNB2,0.00150947543646184,0,SEMA4D_PLXNB2,SEMA4D - PLXNB2,SEMA4,Cell-Cell Contact,PMID: 27533782
Classical Mono-derived,Stress-response,SEMA4D,PLXNB2,0.00127401017512821,0,SEMA4D_PLXNB2,SEMA4D - PLXNB2,SEMA4,Cell-Cell Contact,PMID: 27533782
IFN-stimulated,Stress-response,SEMA4D,PLXNB2,0.000948602812090134,0,SEMA4D_PLXNB2,SEMA4D - PLXNB2,SEMA4,Cell-Cell Contact,PMID: 27533782
Inflammatory Mono-derived,Stress-response,SEMA4D,PLXNB2,0.000799837069506008,0,SEMA4D_PLXNB2,SEMA4D - PLXNB2,SEMA4,Cell-Cell Contact,PMID: 27533782
Resident M2,Stress-response,SEMA4D,PLXNB2,0.000874518203872191,0,SEMA4D_PLXNB2,SEMA4D - PLXNB2,SEMA4,Cell-Cell Contact,PMID: 27533782
CD8.CM,IFN-stimulated,SEMA4D,CD72,0.0012686523096688,0,SEMA4D_CD72,SEMA4D - CD72,SEMA4,Cell-Cell Contact,PMID: 22325954
CD8.EM,IFN-stimulated,SEMA4D,CD72,0.00144084905485087,0,SEMA4D_CD72,SEMA4D - CD72,SEMA4,Cell-Cell Contact,PMID: 22325954
CD8.NaiveLike,IFN-stimulated,SEMA4D,CD72,0.00155583872218971,0,SEMA4D_CD72,SEMA4D - CD72,SEMA4,Cell-Cell Contact,PMID: 22325954
CD8.TEX,IFN-stimulated,SEMA4D,CD72,0.00148362107467727,0,SEMA4D_CD72,SEMA4D - CD72,SEMA4,Cell-Cell Contact,PMID: 22325954
CD8.TPEX,IFN-stimulated,SEMA4D,CD72,0.00151308067679302,0,SEMA4D_CD72,SEMA4D - CD72,SEMA4,Cell-Cell Contact,PMID: 22325954
Classical Mono-derived,IFN-stimulated,SEMA4D,CD72,0.00127705374807804,0,SEMA4D_CD72,SEMA4D - CD72,SEMA4,Cell-Cell Contact,PMID: 22325954
IFN-stimulated,IFN-stimulated,SEMA4D,CD72,0.000950869736530056,0,SEMA4D_CD72,SEMA4D - CD72,SEMA4,Cell-Cell Contact,PMID: 22325954
Inflammatory Mono-derived,IFN-stimulated,SEMA4D,CD72,0.000801748766178997,0,SEMA4D_CD72,SEMA4D - CD72,SEMA4,Cell-Cell Contact,PMID: 22325954
Resident M2,IFN-stimulated,SEMA4D,CD72,0.00087660823989708,0,SEMA4D_CD72,SEMA4D - CD72,SEMA4,Cell-Cell Contact,PMID: 22325954
CD8.CM,Resident M2,SEMA4D,CD72,0.00129765844396582,0,SEMA4D_CD72,SEMA4D - CD72,SEMA4,Cell-Cell Contact,PMID: 22325954
CD8.EM,Resident M2,SEMA4D,CD72,0.00147378644069348,0,SEMA4D_CD72,SEMA4D - CD72,SEMA4,Cell-Cell Contact,PMID: 22325954
CD8.NaiveLike,Resident M2,SEMA4D,CD72,0.0015914005487861,0,SEMA4D_CD72,SEMA4D - CD72,SEMA4,Cell-Cell Contact,PMID: 22325954
CD8.TEX,Resident M2,SEMA4D,CD72,0.00151753473040049,0,SEMA4D_CD72,SEMA4D - CD72,SEMA4,Cell-Cell Contact,PMID: 22325954
CD8.TPEX,Resident M2,SEMA4D,CD72,0.00154766669709524,0,SEMA4D_CD72,SEMA4D - CD72,SEMA4,Cell-Cell Contact,PMID: 22325954
Classical Mono-derived,Resident M2,SEMA4D,CD72,0.00130625171942911,0,SEMA4D_CD72,SEMA4D - CD72,SEMA4,Cell-Cell Contact,PMID: 22325954
IFN-stimulated,Resident M2,SEMA4D,CD72,0.00097261724898422,0,SEMA4D_CD72,SEMA4D - CD72,SEMA4,Cell-Cell Contact,PMID: 22325954
Inflammatory Mono-derived,Resident M2,SEMA4D,CD72,0.0008200885057819,0,SEMA4D_CD72,SEMA4D - CD72,SEMA4,Cell-Cell Contact,PMID: 22325954
Resident M2,Resident M2,SEMA4D,CD72,0.000896658828707457,0,SEMA4D_CD72,SEMA4D - CD72,SEMA4,Cell-Cell Contact,PMID: 22325954
IFN-stimulated,CD8.MAIT,SIGLEC1,SPN,0.00158904784648554,0,SIGLEC1_SPN,SIGLEC1 - SPN,SN,Cell-Cell Contact,KEGG: hsa04514; PMID: 11238599
Resident M2,CD8.MAIT,SIGLEC1,SPN,0.00138593145548335,0,SIGLEC1_SPN,SIGLEC1 - SPN,SN,Cell-Cell Contact,KEGG: hsa04514; PMID: 11238599
Stress-response,CD8.MAIT,SIGLEC1,SPN,0.00125237929872797,0,SIGLEC1_SPN,SIGLEC1 - SPN,SN,Cell-Cell Contact,KEGG: hsa04514; PMID: 11238599
IFN-stimulated,CD8.TEMRA,SIGLEC1,SPN,0.00169799187785505,0,SIGLEC1_SPN,SIGLEC1 - SPN,SN,Cell-Cell Contact,KEGG: hsa04514; PMID: 11238599
Resident M2,CD8.TEMRA,SIGLEC1,SPN,0.00148097062239323,0,SIGLEC1_SPN,SIGLEC1 - SPN,SN,Cell-Cell Contact,KEGG: hsa04514; PMID: 11238599
Stress-response,CD8.TEMRA,SIGLEC1,SPN,0.00133827250403916,0,SIGLEC1_SPN,SIGLEC1 - SPN,SN,Cell-Cell Contact,KEGG: hsa04514; PMID: 11238599
IFN-stimulated,CD8.TEX,SIGLEC1,SPN,0.00205211211411343,0,SIGLEC1_SPN,SIGLEC1 - SPN,SN,Cell-Cell Contact,KEGG: hsa04514; PMID: 11238599
Resident M2,CD8.TEX,SIGLEC1,SPN,0.0017899117104606,0,SIGLEC1_SPN,SIGLEC1 - SPN,SN,Cell-Cell Contact,KEGG: hsa04514; PMID: 11238599
Stress-response,CD8.TEX,SIGLEC1,SPN,0.00161749396242801,0,SIGLEC1_SPN,SIGLEC1 - SPN,SN,Cell-Cell Contact,KEGG: hsa04514; PMID: 11238599
IFN-stimulated,CD8.TPEX,SIGLEC1,SPN,0.0019331280273263,0,SIGLEC1_SPN,SIGLEC1 - SPN,SN,Cell-Cell Contact,KEGG: hsa04514; PMID: 11238599
Resident M2,CD8.TPEX,SIGLEC1,SPN,0.0016861046525772,0,SIGLEC1_SPN,SIGLEC1 - SPN,SN,Cell-Cell Contact,KEGG: hsa04514; PMID: 11238599
Stress-response,CD8.TPEX,SIGLEC1,SPN,0.00152367111728929,0,SIGLEC1_SPN,SIGLEC1 - SPN,SN,Cell-Cell Contact,KEGG: hsa04514; PMID: 11238599
IFN-stimulated,Classical Mono-derived,SIGLEC1,SPN,0.00118684037395469,0,SIGLEC1_SPN,SIGLEC1 - SPN,SN,Cell-Cell Contact,KEGG: hsa04514; PMID: 11238599
Resident M2,Classical Mono-derived,SIGLEC1,SPN,0.00103508192972783,0,SIGLEC1_SPN,SIGLEC1 - SPN,SN,Cell-Cell Contact,KEGG: hsa04514; PMID: 11238599
Stress-response,Classical Mono-derived,SIGLEC1,SPN,0.000935306930166151,0,SIGLEC1_SPN,SIGLEC1 - SPN,SN,Cell-Cell Contact,KEGG: hsa04514; PMID: 11238599
IFN-stimulated,Inflammatory Mono-derived,SIGLEC1,SPN,0.00116341860146224,0,SIGLEC1_SPN,SIGLEC1 - SPN,SN,Cell-Cell Contact,KEGG: hsa04514; PMID: 11238599
Resident M2,Inflammatory Mono-derived,SIGLEC1,SPN,0.00101465200097054,0,SIGLEC1_SPN,SIGLEC1 - SPN,SN,Cell-Cell Contact,KEGG: hsa04514; PMID: 11238599
Stress-response,Inflammatory Mono-derived,SIGLEC1,SPN,0.000916844502961695,0,SIGLEC1_SPN,SIGLEC1 - SPN,SN,Cell-Cell Contact,KEGG: hsa04514; PMID: 11238599
IFN-stimulated,Stress-response,SIGLEC1,SPN,0.00137234269571258,0,SIGLEC1_SPN,SIGLEC1 - SPN,SN,Cell-Cell Contact,KEGG: hsa04514; PMID: 11238599
Resident M2,Stress-response,SIGLEC1,SPN,0.00119689293633816,0,SIGLEC1_SPN,SIGLEC1 - SPN,SN,Cell-Cell Contact,KEGG: hsa04514; PMID: 11238599
Stress-response,Stress-response,SIGLEC1,SPN,0.00108153732091418,0,SIGLEC1_SPN,SIGLEC1 - SPN,SN,Cell-Cell Contact,KEGG: hsa04514; PMID: 11238599
CD8.CM,CD8.TEX,ITGA4_ITGB1,VCAM1,0.0032080279844228,0,ITGA4_ITGB1_VCAM1,VCAM1 - (ITGA4+ITGB1),VCAM,Cell-Cell Contact,KEGG: hsa04514
CD8.EM,CD8.TEX,ITGA4_ITGB1,VCAM1,0.00319291971913491,0,ITGA4_ITGB1_VCAM1,VCAM1 - (ITGA4+ITGB1),VCAM,Cell-Cell Contact,KEGG: hsa04514
CD8.NaiveLike,CD8.TEX,ITGA4_ITGB1,VCAM1,0.00358808904113793,0,ITGA4_ITGB1_VCAM1,VCAM1 - (ITGA4+ITGB1),VCAM,Cell-Cell Contact,KEGG: hsa04514
CD8.TEMRA,CD8.TEX,ITGA4_ITGB1,VCAM1,0.0033968697553753,0,ITGA4_ITGB1_VCAM1,VCAM1 - (ITGA4+ITGB1),VCAM,Cell-Cell Contact,KEGG: hsa04514
CD8.TEX,CD8.TEX,ITGA4_ITGB1,VCAM1,0.00812719456548472,0,ITGA4_ITGB1_VCAM1,VCAM1 - (ITGA4+ITGB1),VCAM,Cell-Cell Contact,KEGG: hsa04514
CD8.TPEX,CD8.TEX,ITGA4_ITGB1,VCAM1,0.00479758788831284,0,ITGA4_ITGB1_VCAM1,VCAM1 - (ITGA4+ITGB1),VCAM,Cell-Cell Contact,KEGG: hsa04514
Classical Mono-derived,CD8.TEX,ITGA4_ITGB1,VCAM1,0.00646145131483198,0,ITGA4_ITGB1_VCAM1,VCAM1 - (ITGA4+ITGB1),VCAM,Cell-Cell Contact,KEGG: hsa04514
IFN-stimulated,CD8.TEX,ITGA4_ITGB1,VCAM1,0.00374165675789758,0,ITGA4_ITGB1_VCAM1,VCAM1 - (ITGA4+ITGB1),VCAM,Cell-Cell Contact,KEGG: hsa04514
Inflammatory Mono-derived,CD8.TEX,ITGA4_ITGB1,VCAM1,0.00378764482466466,0,ITGA4_ITGB1_VCAM1,VCAM1 - (ITGA4+ITGB1),VCAM,Cell-Cell Contact,KEGG: hsa04514
Lipid-associated,CD8.TEX,ITGA4_ITGB1,VCAM1,0.00341942349983276,0,ITGA4_ITGB1_VCAM1,VCAM1 - (ITGA4+ITGB1),VCAM,Cell-Cell Contact,KEGG: hsa04514
Proliferating,CD8.TEX,ITGA4_ITGB1,VCAM1,0.00490236798692184,0,ITGA4_ITGB1_VCAM1,VCAM1 - (ITGA4+ITGB1),VCAM,Cell-Cell Contact,KEGG: hsa04514
Resident M2,CD8.TEX,ITGA4_ITGB1,VCAM1,0.00683387155814152,0,ITGA4_ITGB1_VCAM1,VCAM1 - (ITGA4+ITGB1),VCAM,Cell-Cell Contact,KEGG: hsa04514
Stress-response,CD8.TEX,ITGA4_ITGB1,VCAM1,0.00299158916906609,0,ITGA4_ITGB1_VCAM1,VCAM1 - (ITGA4+ITGB1),VCAM,Cell-Cell Contact,KEGG: hsa04514
CD8.CM,CD8.TPEX,ITGA4_ITGB1,VCAM1,0.00286794485482909,0,ITGA4_ITGB1_VCAM1,VCAM1 - (ITGA4+ITGB1),VCAM,Cell-Cell Contact,KEGG: hsa04514
CD8.EM,CD8.TPEX,ITGA4_ITGB1,VCAM1,0.00285443363068196,0,ITGA4_ITGB1_VCAM1,VCAM1 - (ITGA4+ITGB1),VCAM,Cell-Cell Contact,KEGG: hsa04514
CD8.NaiveLike,CD8.TPEX,ITGA4_ITGB1,VCAM1,0.00320784529004158,0,ITGA4_ITGB1_VCAM1,VCAM1 - (ITGA4+ITGB1),VCAM,Cell-Cell Contact,KEGG: hsa04514
CD8.TEMRA,CD8.TPEX,ITGA4_ITGB1,VCAM1,0.0030368284950549,0,ITGA4_ITGB1_VCAM1,VCAM1 - (ITGA4+ITGB1),VCAM,Cell-Cell Contact,KEGG: hsa04514
CD8.TEX,CD8.TPEX,ITGA4_ITGB1,VCAM1,0.00726943353107117,0,ITGA4_ITGB1_VCAM1,VCAM1 - (ITGA4+ITGB1),VCAM,Cell-Cell Contact,KEGG: hsa04514
CD8.TPEX,CD8.TPEX,ITGA4_ITGB1,VCAM1,0.00428972065637735,0,ITGA4_ITGB1_VCAM1,VCAM1 - (ITGA4+ITGB1),VCAM,Cell-Cell Contact,KEGG: hsa04514
Classical Mono-derived,CD8.TPEX,ITGA4_ITGB1,VCAM1,0.00577847207688579,0,ITGA4_ITGB1_VCAM1,VCAM1 - (ITGA4+ITGB1),VCAM,Cell-Cell Contact,KEGG: hsa04514
IFN-stimulated,CD8.TPEX,ITGA4_ITGB1,VCAM1,0.00334519347485569,0,ITGA4_ITGB1_VCAM1,VCAM1 - (ITGA4+ITGB1),VCAM,Cell-Cell Contact,KEGG: hsa04514
Inflammatory Mono-derived,CD8.TPEX,ITGA4_ITGB1,VCAM1,0.00338632524191963,0,ITGA4_ITGB1_VCAM1,VCAM1 - (ITGA4+ITGB1),VCAM,Cell-Cell Contact,KEGG: hsa04514
Lipid-associated,CD8.TPEX,ITGA4_ITGB1,VCAM1,0.00305699905414811,0,ITGA4_ITGB1_VCAM1,VCAM1 - (ITGA4+ITGB1),VCAM,Cell-Cell Contact,KEGG: hsa04514
Proliferating,CD8.TPEX,ITGA4_ITGB1,VCAM1,0.00438345770743764,0,ITGA4_ITGB1_VCAM1,VCAM1 - (ITGA4+ITGB1),VCAM,Cell-Cell Contact,KEGG: hsa04514
Resident M2,CD8.TPEX,ITGA4_ITGB1,VCAM1,0.0061117694342216,0,ITGA4_ITGB1_VCAM1,VCAM1 - (ITGA4+ITGB1),VCAM,Cell-Cell Contact,KEGG: hsa04514
Stress-response,CD8.TPEX,ITGA4_ITGB1,VCAM1,0.00267438916338266,0,ITGA4_ITGB1_VCAM1,VCAM1 - (ITGA4+ITGB1),VCAM,Cell-Cell Contact,KEGG: hsa04514
CD8.TEMRA,CD8.TEX,ITGA4_ITGB7,VCAM1,0.00290464696659019,0,ITGA4_ITGB7_VCAM1,VCAM1 - (ITGA4+ITGB7),VCAM,Cell-Cell Contact,KEGG: hsa04514
CD8.TEX,CD8.TEX,ITGA4_ITGB7,VCAM1,0.00482985546884934,0,ITGA4_ITGB7_VCAM1,VCAM1 - (ITGA4+ITGB7),VCAM,Cell-Cell Contact,KEGG: hsa04514
CD8.TPEX,CD8.TEX,ITGA4_ITGB7,VCAM1,0.00388334110904556,0,ITGA4_ITGB7_VCAM1,VCAM1 - (ITGA4+ITGB7),VCAM,Cell-Cell Contact,KEGG: hsa04514
CD8.TEMRA,CD8.TPEX,ITGA4_ITGB7,VCAM1,0.00259664148607056,0,ITGA4_ITGB7_VCAM1,VCAM1 - (ITGA4+ITGB7),VCAM,Cell-Cell Contact,KEGG: hsa04514
CD8.TEX,CD8.TPEX,ITGA4_ITGB7,VCAM1,0.00431858724988946,0,ITGA4_ITGB7_VCAM1,VCAM1 - (ITGA4+ITGB7),VCAM,Cell-Cell Contact,KEGG: hsa04514
CD8.TPEX,CD8.TPEX,ITGA4_ITGB7,VCAM1,0.0034719173720137,0,ITGA4_ITGB7_VCAM1,VCAM1 - (ITGA4+ITGB7),VCAM,Cell-Cell Contact,KEGG: hsa04514
Proliferating,Proliferating,CLDN1,CLDN1,0.00242854246705033,0,CLDN1_CLDN1,CLDN1 - CLDN1,CLDN,Cell-Cell Contact,PMID: 31942240
Resident M2,Proliferating,CLDN1,CLDN1,0.00203590396120111,0,CLDN1_CLDN1,CLDN1 - CLDN1,CLDN,Cell-Cell Contact,PMID: 31942240
Proliferating,Resident M2,CLDN1,CLDN1,0.00203590396120111,0,CLDN1_CLDN1,CLDN1 - CLDN1,CLDN,Cell-Cell Contact,PMID: 31942240
Resident M2,Resident M2,CLDN1,CLDN1,0.00170663731485783,0,CLDN1_CLDN1,CLDN1 - CLDN1,CLDN,Cell-Cell Contact,PMID: 31942240
Classical Mono-derived,Classical Mono-derived,ITGAV_ITGB1,ADGRE2,0.0025479664717206,0,ITGAV_ITGB1_ADGRE2,(ITGAV+ITGB1) - ADGRE2,ADGRE,Cell-Cell Contact,PMID: 31462748
IFN-stimulated,Classical Mono-derived,ITGAV_ITGB1,ADGRE2,0.00247514129867765,0,ITGAV_ITGB1_ADGRE2,(ITGAV+ITGB1) - ADGRE2,ADGRE,Cell-Cell Contact,PMID: 31462748
Inflammatory Mono-derived,Classical Mono-derived,ITGAV_ITGB1,ADGRE2,0.00302425261567235,0,ITGAV_ITGB1_ADGRE2,(ITGAV+ITGB1) - ADGRE2,ADGRE,Cell-Cell Contact,PMID: 31462748
Resident M2,Classical Mono-derived,ITGAV_ITGB1,ADGRE2,0.00308378307744295,0,ITGAV_ITGB1_ADGRE2,(ITGAV+ITGB1) - ADGRE2,ADGRE,Cell-Cell Contact,PMID: 31462748
Classical Mono-derived,IFN-stimulated,ITGAV_ITGB1,ADGRE2,0.00248458990067234,0,ITGAV_ITGB1_ADGRE2,(ITGAV+ITGB1) - ADGRE2,ADGRE,Cell-Cell Contact,PMID: 31462748
IFN-stimulated,IFN-stimulated,ITGAV_ITGB1,ADGRE2,0.00241357175363467,0,ITGAV_ITGB1_ADGRE2,(ITGAV+ITGB1) - ADGRE2,ADGRE,Cell-Cell Contact,PMID: 31462748
Inflammatory Mono-derived,IFN-stimulated,ITGAV_ITGB1,ADGRE2,0.0029490642186257,0,ITGAV_ITGB1_ADGRE2,(ITGAV+ITGB1) - ADGRE2,ADGRE,Cell-Cell Contact,PMID: 31462748
Resident M2,IFN-stimulated,ITGAV_ITGB1,ADGRE2,0.00300711910944756,0,ITGAV_ITGB1_ADGRE2,(ITGAV+ITGB1) - ADGRE2,ADGRE,Cell-Cell Contact,PMID: 31462748
Classical Mono-derived,Inflammatory Mono-derived,ITGAV_ITGB1,ADGRE2,0.00233778519843105,0,ITGAV_ITGB1_ADGRE2,(ITGAV+ITGB1) - ADGRE2,ADGRE,Cell-Cell Contact,PMID: 31462748
IFN-stimulated,Inflammatory Mono-derived,ITGAV_ITGB1,ADGRE2,0.00227095368293754,0,ITGAV_ITGB1_ADGRE2,(ITGAV+ITGB1) - ADGRE2,ADGRE,Cell-Cell Contact,PMID: 31462748
Inflammatory Mono-derived,Inflammatory Mono-derived,ITGAV_ITGB1,ADGRE2,0.0027748918888128,0,ITGAV_ITGB1_ADGRE2,(ITGAV+ITGB1) - ADGRE2,ADGRE,Cell-Cell Contact,PMID: 31462748
Resident M2,Inflammatory Mono-derived,ITGAV_ITGB1,ADGRE2,0.00282952777642158,0,ITGAV_ITGB1_ADGRE2,(ITGAV+ITGB1) - ADGRE2,ADGRE,Cell-Cell Contact,PMID: 31462748
Classical Mono-derived,Resident M2,ITGAV_ITGB1,ADGRE2,0.00273548331833268,0,ITGAV_ITGB1_ADGRE2,(ITGAV+ITGB1) - ADGRE2,ADGRE,Cell-Cell Contact,PMID: 31462748
IFN-stimulated,Resident M2,ITGAV_ITGB1,ADGRE2,0.00265731287637283,0,ITGAV_ITGB1_ADGRE2,(ITGAV+ITGB1) - ADGRE2,ADGRE,Cell-Cell Contact,PMID: 31462748
Inflammatory Mono-derived,Resident M2,ITGAV_ITGB1,ADGRE2,0.0032467075068703,0,ITGAV_ITGB1_ADGRE2,(ITGAV+ITGB1) - ADGRE2,ADGRE,Cell-Cell Contact,PMID: 31462748
Resident M2,Resident M2,ITGAV_ITGB1,ADGRE2,0.00331060230895833,0,ITGAV_ITGB1_ADGRE2,(ITGAV+ITGB1) - ADGRE2,ADGRE,Cell-Cell Contact,PMID: 31462748
Classical Mono-derived,Stress-response,ITGAV_ITGB1,ADGRE2,0.00170610367982716,0,ITGAV_ITGB1_ADGRE2,(ITGAV+ITGB1) - ADGRE2,ADGRE,Cell-Cell Contact,PMID: 31462748
IFN-stimulated,Stress-response,ITGAV_ITGB1,ADGRE2,0.00165730038364994,0,ITGAV_ITGB1_ADGRE2,(ITGAV+ITGB1) - ADGRE2,ADGRE,Cell-Cell Contact,PMID: 31462748
Inflammatory Mono-derived,Stress-response,ITGAV_ITGB1,ADGRE2,0.00202534167715225,0,ITGAV_ITGB1_ADGRE2,(ITGAV+ITGB1) - ADGRE2,ADGRE,Cell-Cell Contact,PMID: 31462748
Resident M2,Stress-response,ITGAV_ITGB1,ADGRE2,0.00206524995352652,0,ITGAV_ITGB1_ADGRE2,(ITGAV+ITGB1) - ADGRE2,ADGRE,Cell-Cell Contact,PMID: 31462748
CD8.CM,CD8.CM,CD55,ADGRE5,0.0346808934583886,0,CD55_ADGRE5,CD55 - ADGRE5,ADGRE,Cell-Cell Contact,PMID: 31462748
CD8.MAIT,CD8.CM,CD55,ADGRE5,0.027190728009587,0,CD55_ADGRE5,CD55 - ADGRE5,ADGRE,Cell-Cell Contact,PMID: 31462748
CD8.NaiveLike,CD8.CM,CD55,ADGRE5,0.0452399222037209,0,CD55_ADGRE5,CD55 - ADGRE5,ADGRE,Cell-Cell Contact,PMID: 31462748
Classical Mono-derived,CD8.CM,CD55,ADGRE5,0.0149979996105533,0,CD55_ADGRE5,CD55 - ADGRE5,ADGRE,Cell-Cell Contact,PMID: 31462748
IFN-stimulated,CD8.CM,CD55,ADGRE5,0.0216649810181322,0,CD55_ADGRE5,CD55 - ADGRE5,ADGRE,Cell-Cell Contact,PMID: 31462748
Inflammatory Mono-derived,CD8.CM,CD55,ADGRE5,0.0323897997090987,0,CD55_ADGRE5,CD55 - ADGRE5,ADGRE,Cell-Cell Contact,PMID: 31462748
Stress-response,CD8.CM,CD55,ADGRE5,0.0242849637127514,0,CD55_ADGRE5,CD55 - ADGRE5,ADGRE,Cell-Cell Contact,PMID: 31462748
CD8.CM,CD8.EM,CD55,ADGRE5,0.0334128831547443,0,CD55_ADGRE5,CD55 - ADGRE5,ADGRE,Cell-Cell Contact,PMID: 31462748
CD8.MAIT,CD8.EM,CD55,ADGRE5,0.0261891449976415,0,CD55_ADGRE5,CD55 - ADGRE5,ADGRE,Cell-Cell Contact,PMID: 31462748
CD8.NaiveLike,CD8.EM,CD55,ADGRE5,0.0436032887418084,0,CD55_ADGRE5,CD55 - ADGRE5,ADGRE,Cell-Cell Contact,PMID: 31462748
Classical Mono-derived,CD8.EM,CD55,ADGRE5,0.0144388752617816,0,CD55_ADGRE5,CD55 - ADGRE5,ADGRE,Cell-Cell Contact,PMID: 31462748
IFN-stimulated,CD8.EM,CD55,ADGRE5,0.0208625763145207,0,CD55_ADGRE5,CD55 - ADGRE5,ADGRE,Cell-Cell Contact,PMID: 31462748
Inflammatory Mono-derived,CD8.EM,CD55,ADGRE5,0.0312028491804709,0,CD55_ADGRE5,CD55 - ADGRE5,ADGRE,Cell-Cell Contact,PMID: 31462748
Stress-response,CD8.EM,CD55,ADGRE5,0.0233878425780519,0,CD55_ADGRE5,CD55 - ADGRE5,ADGRE,Cell-Cell Contact,PMID: 31462748
CD8.CM,CD8.MAIT,CD55,ADGRE5,0.0353234503431185,0,CD55_ADGRE5,CD55 - ADGRE5,ADGRE,Cell-Cell Contact,PMID: 31462748
CD8.MAIT,CD8.MAIT,CD55,ADGRE5,0.0276984913912934,0,CD55_ADGRE5,CD55 - ADGRE5,ADGRE,Cell-Cell Contact,PMID: 31462748
CD8.NaiveLike,CD8.MAIT,CD55,ADGRE5,0.0460687770779135,0,CD55_ADGRE5,CD55 - ADGRE5,ADGRE,Cell-Cell Contact,PMID: 31462748
Classical Mono-derived,CD8.MAIT,CD55,ADGRE5,0.0152816510233417,0,CD55_ADGRE5,CD55 - ADGRE5,ADGRE,Cell-Cell Contact,PMID: 31462748
IFN-stimulated,CD8.MAIT,CD55,ADGRE5,0.0220718970700073,0,CD55_ADGRE5,CD55 - ADGRE5,ADGRE,Cell-Cell Contact,PMID: 31462748
Inflammatory Mono-derived,CD8.MAIT,CD55,ADGRE5,0.0329913586692722,0,CD55_ADGRE5,CD55 - ADGRE5,ADGRE,Cell-Cell Contact,PMID: 31462748
Stress-response,CD8.MAIT,CD55,ADGRE5,0.0247398444254308,0,CD55_ADGRE5,CD55 - ADGRE5,ADGRE,Cell-Cell Contact,PMID: 31462748
CD8.CM,CD8.NaiveLike,CD55,ADGRE5,0.0129212984337778,0,CD55_ADGRE5,CD55 - ADGRE5,ADGRE,Cell-Cell Contact,PMID: 31462748
CD8.NaiveLike,CD8.NaiveLike,CD55,ADGRE5,0.0169718257561033,0,CD55_ADGRE5,CD55 - ADGRE5,ADGRE,Cell-Cell Contact,PMID: 31462748
Inflammatory Mono-derived,CD8.NaiveLike,CD55,ADGRE5,0.0120497462820303,0,CD55_ADGRE5,CD55 - ADGRE5,ADGRE,Cell-Cell Contact,PMID: 31462748
CD8.CM,CD8.TEMRA,CD55,ADGRE5,0.0332402990985771,0,CD55_ADGRE5,CD55 - ADGRE5,ADGRE,Cell-Cell Contact,PMID: 31462748
CD8.MAIT,CD8.TEMRA,CD55,ADGRE5,0.0260528672695686,0,CD55_ADGRE5,CD55 - ADGRE5,ADGRE,Cell-Cell Contact,PMID: 31462748
CD8.NaiveLike,CD8.TEMRA,CD55,ADGRE5,0.043380431532181,0,CD55_ADGRE5,CD55 - ADGRE5,ADGRE,Cell-Cell Contact,PMID: 31462748
Classical Mono-derived,CD8.TEMRA,CD55,ADGRE5,0.0143628393751225,0.01,CD55_ADGRE5,CD55 - ADGRE5,ADGRE,Cell-Cell Contact,PMID: 31462748
IFN-stimulated,CD8.TEMRA,CD55,ADGRE5,0.0207534251984729,0,CD55_ADGRE5,CD55 - ADGRE5,ADGRE,Cell-Cell Contact,PMID: 31462748
Inflammatory Mono-derived,CD8.TEMRA,CD55,ADGRE5,0.0310413137871809,0,CD55_ADGRE5,CD55 - ADGRE5,ADGRE,Cell-Cell Contact,PMID: 31462748
Stress-response,CD8.TEMRA,CD55,ADGRE5,0.0232657934332382,0,CD55_ADGRE5,CD55 - ADGRE5,ADGRE,Cell-Cell Contact,PMID: 31462748
CD8.CM,CD8.TEX,CD55,ADGRE5,0.0377554845639453,0,CD55_ADGRE5,CD55 - ADGRE5,ADGRE,Cell-Cell Contact,PMID: 31462748
CD8.MAIT,CD8.TEX,CD55,ADGRE5,0.0296216642740343,0,CD55_ADGRE5,CD55 - ADGRE5,ADGRE,Cell-Cell Contact,PMID: 31462748
CD8.NaiveLike,CD8.TEX,CD55,ADGRE5,0.0492028973056203,0,CD55_ADGRE5,CD55 - ADGRE5,ADGRE,Cell-Cell Contact,PMID: 31462748
Classical Mono-derived,CD8.TEX,CD55,ADGRE5,0.0163571965927317,0,CD55_ADGRE5,CD55 - ADGRE5,ADGRE,Cell-Cell Contact,PMID: 31462748
IFN-stimulated,CD8.TEX,CD55,ADGRE5,0.0236138899686707,0,CD55_ADGRE5,CD55 - ADGRE5,ADGRE,Cell-Cell Contact,PMID: 31462748
Inflammatory Mono-derived,CD8.TEX,CD55,ADGRE5,0.0352686977046023,0,CD55_ADGRE5,CD55 - ADGRE5,ADGRE,Cell-Cell Contact,PMID: 31462748
Stress-response,CD8.TEX,CD55,ADGRE5,0.0264631824224742,0,CD55_ADGRE5,CD55 - ADGRE5,ADGRE,Cell-Cell Contact,PMID: 31462748
CD8.CM,CD8.TPEX,CD55,ADGRE5,0.0372174319348278,0,CD55_ADGRE5,CD55 - ADGRE5,ADGRE,Cell-Cell Contact,PMID: 31462748
CD8.MAIT,CD8.TPEX,CD55,ADGRE5,0.0291960095093125,0,CD55_ADGRE5,CD55 - ADGRE5,ADGRE,Cell-Cell Contact,PMID: 31462748
CD8.NaiveLike,CD8.TPEX,CD55,ADGRE5,0.0485099321028109,0,CD55_ADGRE5,CD55 - ADGRE5,ADGRE,Cell-Cell Contact,PMID: 31462748
Classical Mono-derived,CD8.TPEX,CD55,ADGRE5,0.0161189822283325,0,CD55_ADGRE5,CD55 - ADGRE5,ADGRE,Cell-Cell Contact,PMID: 31462748
IFN-stimulated,CD8.TPEX,CD55,ADGRE5,0.0232724947423879,0,CD55_ADGRE5,CD55 - ADGRE5,ADGRE,Cell-Cell Contact,PMID: 31462748
Inflammatory Mono-derived,CD8.TPEX,CD55,ADGRE5,0.0347648038472927,0,CD55_ADGRE5,CD55 - ADGRE5,ADGRE,Cell-Cell Contact,PMID: 31462748
Stress-response,CD8.TPEX,CD55,ADGRE5,0.0260816942388916,0,CD55_ADGRE5,CD55 - ADGRE5,ADGRE,Cell-Cell Contact,PMID: 31462748
CD8.CM,Classical Mono-derived,CD55,ADGRE5,0.0244279075950288,0,CD55_ADGRE5,CD55 - ADGRE5,ADGRE,Cell-Cell Contact,PMID: 31462748
CD8.MAIT,Classical Mono-derived,CD55,ADGRE5,0.0191082856770098,0,CD55_ADGRE5,CD55 - ADGRE5,ADGRE,Cell-Cell Contact,PMID: 31462748
CD8.NaiveLike,Classical Mono-derived,CD55,ADGRE5,0.031968667729969,0,CD55_ADGRE5,CD55 - ADGRE5,ADGRE,Cell-Cell Contact,PMID: 31462748
IFN-stimulated,Classical Mono-derived,CD55,ADGRE5,0.0151994034123696,0,CD55_ADGRE5,CD55 - ADGRE5,ADGRE,Cell-Cell Contact,PMID: 31462748
Inflammatory Mono-derived,Classical Mono-derived,CD55,ADGRE5,0.0227981512008833,0,CD55_ADGRE5,CD55 - ADGRE5,ADGRE,Cell-Cell Contact,PMID: 31462748
Stress-response,Classical Mono-derived,CD55,ADGRE5,0.0170511202945847,0,CD55_ADGRE5,CD55 - ADGRE5,ADGRE,Cell-Cell Contact,PMID: 31462748
CD8.CM,IFN-stimulated,CD55,ADGRE5,0.0246276649177153,0,CD55_ADGRE5,CD55 - ADGRE5,ADGRE,Cell-Cell Contact,PMID: 31462748
CD8.MAIT,IFN-stimulated,CD55,ADGRE5,0.0192654012483739,0,CD55_ADGRE5,CD55 - ADGRE5,ADGRE,Cell-Cell Contact,PMID: 31462748
CD8.NaiveLike,IFN-stimulated,CD55,ADGRE5,0.0322280519633002,0,CD55_ADGRE5,CD55 - ADGRE5,ADGRE,Cell-Cell Contact,PMID: 31462748
IFN-stimulated,IFN-stimulated,CD55,ADGRE5,0.0153248808128894,0,CD55_ADGRE5,CD55 - ADGRE5,ADGRE,Cell-Cell Contact,PMID: 31462748
Inflammatory Mono-derived,IFN-stimulated,CD55,ADGRE5,0.0229848953115474,0,CD55_ADGRE5,CD55 - ADGRE5,ADGRE,Cell-Cell Contact,PMID: 31462748
Stress-response,IFN-stimulated,CD55,ADGRE5,0.0171916175294872,0,CD55_ADGRE5,CD55 - ADGRE5,ADGRE,Cell-Cell Contact,PMID: 31462748
CD8.CM,Inflammatory Mono-derived,CD55,ADGRE5,0.0254358844547556,0,CD55_ADGRE5,CD55 - ADGRE5,ADGRE,Cell-Cell Contact,PMID: 31462748
CD8.MAIT,Inflammatory Mono-derived,CD55,ADGRE5,0.0199012350223361,0,CD55_ADGRE5,CD55 - ADGRE5,ADGRE,Cell-Cell Contact,PMID: 31462748
CD8.NaiveLike,Inflammatory Mono-derived,CD55,ADGRE5,0.0332771877816246,0,CD55_ADGRE5,CD55 - ADGRE5,ADGRE,Cell-Cell Contact,PMID: 31462748
IFN-stimulated,Inflammatory Mono-derived,CD55,ADGRE5,0.0158327615037737,0,CD55_ADGRE5,CD55 - ADGRE5,ADGRE,Cell-Cell Contact,PMID: 31462748
Inflammatory Mono-derived,Inflammatory Mono-derived,CD55,ADGRE5,0.0237405153881377,0,CD55_ADGRE5,CD55 - ADGRE5,ADGRE,Cell-Cell Contact,PMID: 31462748
Stress-response,Inflammatory Mono-derived,CD55,ADGRE5,0.0177602477530422,0,CD55_ADGRE5,CD55 - ADGRE5,ADGRE,Cell-Cell Contact,PMID: 31462748
CD8.NaiveLike,Lipid-associated,CD55,ADGRE5,0.0113334363856471,0.01,CD55_ADGRE5,CD55 - ADGRE5,ADGRE,Cell-Cell Contact,PMID: 31462748
CD8.NaiveLike,Resident M2,CD55,ADGRE5,0.0115958023726193,0,CD55_ADGRE5,CD55 - ADGRE5,ADGRE,Cell-Cell Contact,PMID: 31462748
CD8.CM,Stress-response,CD55,ADGRE5,0.0239548044944709,0,CD55_ADGRE5,CD55 - ADGRE5,ADGRE,Cell-Cell Contact,PMID: 31462748
CD8.MAIT,Stress-response,CD55,ADGRE5,0.0187362307268128,0,CD55_ADGRE5,CD55 - ADGRE5,ADGRE,Cell-Cell Contact,PMID: 31462748
CD8.NaiveLike,Stress-response,CD55,ADGRE5,0.0313542140791867,0,CD55_ADGRE5,CD55 - ADGRE5,ADGRE,Cell-Cell Contact,PMID: 31462748
IFN-stimulated,Stress-response,CD55,ADGRE5,0.014902301502166,0,CD55_ADGRE5,CD55 - ADGRE5,ADGRE,Cell-Cell Contact,PMID: 31462748
Inflammatory Mono-derived,Stress-response,CD55,ADGRE5,0.0223558888032112,0,CD55_ADGRE5,CD55 - ADGRE5,ADGRE,Cell-Cell Contact,PMID: 31462748
Stress-response,Stress-response,CD55,ADGRE5,0.0167184374456568,0,CD55_ADGRE5,CD55 - ADGRE5,ADGRE,Cell-Cell Contact,PMID: 31462748
Classical Mono-derived,CD8.CM,ITGAV_ITGB1,ADGRE5,0.0115053235300294,0,ITGAV_ITGB1_ADGRE5,(ITGAV+ITGB1) - ADGRE5,ADGRE,Cell-Cell Contact,PMID: 31462748
IFN-stimulated,CD8.CM,ITGAV_ITGB1,ADGRE5,0.0111793514142005,0,ITGAV_ITGB1_ADGRE5,(ITGAV+ITGB1) - ADGRE5,ADGRE,Cell-Cell Contact,PMID: 31462748
Inflammatory Mono-derived,CD8.CM,ITGAV_ITGB1,ADGRE5,0.0136331047337494,0,ITGAV_ITGB1_ADGRE5,(ITGAV+ITGB1) - ADGRE5,ADGRE,Cell-Cell Contact,PMID: 31462748
Resident M2,CD8.CM,ITGAV_ITGB1,ADGRE5,0.0138985523887582,0,ITGAV_ITGB1_ADGRE5,(ITGAV+ITGB1) - ADGRE5,ADGRE,Cell-Cell Contact,PMID: 31462748
Classical Mono-derived,CD8.EM,ITGAV_ITGB1,ADGRE5,0.0110749419061096,0,ITGAV_ITGB1_ADGRE5,(ITGAV+ITGB1) - ADGRE5,ADGRE,Cell-Cell Contact,PMID: 31462748
IFN-stimulated,CD8.EM,ITGAV_ITGB1,ADGRE5,0.0107610307415116,0,ITGAV_ITGB1_ADGRE5,(ITGAV+ITGB1) - ADGRE5,ADGRE,Cell-Cell Contact,PMID: 31462748
Inflammatory Mono-derived,CD8.EM,ITGAV_ITGB1,ADGRE5,0.0131241855994896,0,ITGAV_ITGB1_ADGRE5,(ITGAV+ITGB1) - ADGRE5,ADGRE,Cell-Cell Contact,PMID: 31462748
Resident M2,CD8.EM,ITGAV_ITGB1,ADGRE5,0.0133798585988202,0,ITGAV_ITGB1_ADGRE5,(ITGAV+ITGB1) - ADGRE5,ADGRE,Cell-Cell Contact,PMID: 31462748
Classical Mono-derived,CD8.MAIT,ITGAV_ITGB1,ADGRE5,0.0117237055084975,0,ITGAV_ITGB1_ADGRE5,(ITGAV+ITGB1) - ADGRE5,ADGRE,Cell-Cell Contact,PMID: 31462748
IFN-stimulated,CD8.MAIT,ITGAV_ITGB1,ADGRE5,0.0113916174352889,0,ITGAV_ITGB1_ADGRE5,(ITGAV+ITGB1) - ADGRE5,ADGRE,Cell-Cell Contact,PMID: 31462748
Inflammatory Mono-derived,CD8.MAIT,ITGAV_ITGB1,ADGRE5,0.0138913064598092,0,ITGAV_ITGB1_ADGRE5,(ITGAV+ITGB1) - ADGRE5,ADGRE,Cell-Cell Contact,PMID: 31462748
Resident M2,CD8.MAIT,ITGAV_ITGB1,ADGRE5,0.0141617093321675,0,ITGAV_ITGB1_ADGRE5,(ITGAV+ITGB1) - ADGRE5,ADGRE,Cell-Cell Contact,PMID: 31462748
Classical Mono-derived,CD8.NaiveLike,ITGAV_ITGB1,ADGRE5,0.00422300495006902,0,ITGAV_ITGB1_ADGRE5,(ITGAV+ITGB1) - ADGRE5,ADGRE,Cell-Cell Contact,PMID: 31462748
IFN-stimulated,CD8.NaiveLike,ITGAV_ITGB1,ADGRE5,0.00410250126691404,0,ITGAV_ITGB1_ADGRE5,(ITGAV+ITGB1) - ADGRE5,ADGRE,Cell-Cell Contact,PMID: 31462748
Inflammatory Mono-derived,CD8.NaiveLike,ITGAV_ITGB1,ADGRE5,0.0050108296432283,0,ITGAV_ITGB1_ADGRE5,(ITGAV+ITGB1) - ADGRE5,ADGRE,Cell-Cell Contact,PMID: 31462748
Resident M2,CD8.NaiveLike,ITGAV_ITGB1,ADGRE5,0.00510926419100979,0,ITGAV_ITGB1_ADGRE5,(ITGAV+ITGB1) - ADGRE5,ADGRE,Cell-Cell Contact,PMID: 31462748
Classical Mono-derived,CD8.TEMRA,ITGAV_ITGB1,ADGRE5,0.011016422660629,0,ITGAV_ITGB1_ADGRE5,(ITGAV+ITGB1) - ADGRE5,ADGRE,Cell-Cell Contact,PMID: 31462748
IFN-stimulated,CD8.TEMRA,ITGAV_ITGB1,ADGRE5,0.0107041522277792,0,ITGAV_ITGB1_ADGRE5,(ITGAV+ITGB1) - ADGRE5,ADGRE,Cell-Cell Contact,PMID: 31462748
Inflammatory Mono-derived,CD8.TEMRA,ITGAV_ITGB1,ADGRE5,0.0130549812319343,0,ITGAV_ITGB1_ADGRE5,(ITGAV+ITGB1) - ADGRE5,ADGRE,Cell-Cell Contact,PMID: 31462748
Resident M2,CD8.TEMRA,ITGAV_ITGB1,ADGRE5,0.0133093242389904,0,ITGAV_ITGB1_ADGRE5,(ITGAV+ITGB1) - ADGRE5,ADGRE,Cell-Cell Contact,PMID: 31462748
Classical Mono-derived,CD8.TEX,ITGAV_ITGB1,ADGRE5,0.0125520295014726,0,ITGAV_ITGB1_ADGRE5,(ITGAV+ITGB1) - ADGRE5,ADGRE,Cell-Cell Contact,PMID: 31462748
IFN-stimulated,CD8.TEX,ITGAV_ITGB1,ADGRE5,0.0121967677248596,0,ITGAV_ITGB1_ADGRE5,(ITGAV+ITGB1) - ADGRE5,ADGRE,Cell-Cell Contact,PMID: 31462748
Inflammatory Mono-derived,CD8.TEX,ITGAV_ITGB1,ADGRE5,0.0148704752145463,0,ITGAV_ITGB1_ADGRE5,(ITGAV+ITGB1) - ADGRE5,ADGRE,Cell-Cell Contact,PMID: 31462748
Resident M2,CD8.TEX,ITGAV_ITGB1,ADGRE5,0.0151596451972538,0,ITGAV_ITGB1_ADGRE5,(ITGAV+ITGB1) - ADGRE5,ADGRE,Cell-Cell Contact,PMID: 31462748
Classical Mono-derived,CD8.TPEX,ITGAV_ITGB1,ADGRE5,0.0123685340259006,0,ITGAV_ITGB1_ADGRE5,(ITGAV+ITGB1) - ADGRE5,ADGRE,Cell-Cell Contact,PMID: 31462748
IFN-stimulated,CD8.TPEX,ITGAV_ITGB1,ADGRE5,0.0120184025354101,0,ITGAV_ITGB1_ADGRE5,(ITGAV+ITGB1) - ADGRE5,ADGRE,Cell-Cell Contact,PMID: 31462748
Inflammatory Mono-derived,CD8.TPEX,ITGAV_ITGB1,ADGRE5,0.0146535898348522,0,ITGAV_ITGB1_ADGRE5,(ITGAV+ITGB1) - ADGRE5,ADGRE,Cell-Cell Contact,PMID: 31462748
Resident M2,CD8.TPEX,ITGAV_ITGB1,ADGRE5,0.01493860623824,0,ITGAV_ITGB1_ADGRE5,(ITGAV+ITGB1) - ADGRE5,ADGRE,Cell-Cell Contact,PMID: 31462748
Classical Mono-derived,Classical Mono-derived,ITGAV_ITGB1,ADGRE5,0.00804680002732265,0,ITGAV_ITGB1_ADGRE5,(ITGAV+ITGB1) - ADGRE5,ADGRE,Cell-Cell Contact,PMID: 31462748
IFN-stimulated,Classical Mono-derived,ITGAV_ITGB1,ADGRE5,0.00781804079850007,0,ITGAV_ITGB1_ADGRE5,(ITGAV+ITGB1) - ADGRE5,ADGRE,Cell-Cell Contact,PMID: 31462748
Inflammatory Mono-derived,Classical Mono-derived,ITGAV_ITGB1,ADGRE5,0.00954113959089251,0,ITGAV_ITGB1_ADGRE5,(ITGAV+ITGB1) - ADGRE5,ADGRE,Cell-Cell Contact,PMID: 31462748
Resident M2,Classical Mono-derived,ITGAV_ITGB1,ADGRE5,0.00972769910712844,0,ITGAV_ITGB1_ADGRE5,(ITGAV+ITGB1) - ADGRE5,ADGRE,Cell-Cell Contact,PMID: 31462748
Classical Mono-derived,IFN-stimulated,ITGAV_ITGB1,ADGRE5,0.00811371620107936,0,ITGAV_ITGB1_ADGRE5,(ITGAV+ITGB1) - ADGRE5,ADGRE,Cell-Cell Contact,PMID: 31462748
IFN-stimulated,IFN-stimulated,ITGAV_ITGB1,ADGRE5,0.00788306975724593,0,ITGAV_ITGB1_ADGRE5,(ITGAV+ITGB1) - ADGRE5,ADGRE,Cell-Cell Contact,PMID: 31462748
Inflammatory Mono-derived,IFN-stimulated,ITGAV_ITGB1,ADGRE5,0.00962036198439139,0,ITGAV_ITGB1_ADGRE5,(ITGAV+ITGB1) - ADGRE5,ADGRE,Cell-Cell Contact,PMID: 31462748
Resident M2,IFN-stimulated,ITGAV_ITGB1,ADGRE5,0.00980845520934854,0,ITGAV_ITGB1_ADGRE5,(ITGAV+ITGB1) - ADGRE5,ADGRE,Cell-Cell Contact,PMID: 31462748
Classical Mono-derived,Inflammatory Mono-derived,ITGAV_ITGB1,ADGRE5,0.00838464723068648,0,ITGAV_ITGB1_ADGRE5,(ITGAV+ITGB1) - ADGRE5,ADGRE,Cell-Cell Contact,PMID: 31462748
IFN-stimulated,Inflammatory Mono-derived,ITGAV_ITGB1,ADGRE5,0.00814636235675477,0,ITGAV_ITGB1_ADGRE5,(ITGAV+ITGB1) - ADGRE5,ADGRE,Cell-Cell Contact,PMID: 31462748
Inflammatory Mono-derived,Inflammatory Mono-derived,ITGAV_ITGB1,ADGRE5,0.00994109830194302,0,ITGAV_ITGB1_ADGRE5,(ITGAV+ITGB1) - ADGRE5,ADGRE,Cell-Cell Contact,PMID: 31462748
Resident M2,Inflammatory Mono-derived,ITGAV_ITGB1,ADGRE5,0.0101353982514773,0,ITGAV_ITGB1_ADGRE5,(ITGAV+ITGB1) - ADGRE5,ADGRE,Cell-Cell Contact,PMID: 31462748
Classical Mono-derived,Lipid-associated,ITGAV_ITGB1,ADGRE5,0.00280793777820484,0,ITGAV_ITGB1_ADGRE5,(ITGAV+ITGB1) - ADGRE5,ADGRE,Cell-Cell Contact,PMID: 31462748
IFN-stimulated,Lipid-associated,ITGAV_ITGB1,ADGRE5,0.00272770250712254,0,ITGAV_ITGB1_ADGRE5,(ITGAV+ITGB1) - ADGRE5,ADGRE,Cell-Cell Contact,PMID: 31462748
Inflammatory Mono-derived,Lipid-associated,ITGAV_ITGB1,ADGRE5,0.00333265745779402,0,ITGAV_ITGB1_ADGRE5,(ITGAV+ITGB1) - ADGRE5,ADGRE,Cell-Cell Contact,PMID: 31462748
Resident M2,Lipid-associated,ITGAV_ITGB1,ADGRE5,0.00339823797749383,0,ITGAV_ITGB1_ADGRE5,(ITGAV+ITGB1) - ADGRE5,ADGRE,Cell-Cell Contact,PMID: 31462748
Classical Mono-derived,Proliferating,ITGAV_ITGB1,ADGRE5,0.00227158322942236,0,ITGAV_ITGB1_ADGRE5,(ITGAV+ITGB1) - ADGRE5,ADGRE,Cell-Cell Contact,PMID: 31462748
IFN-stimulated,Proliferating,ITGAV_ITGB1,ADGRE5,0.00220664007905047,0,ITGAV_ITGB1_ADGRE5,(ITGAV+ITGB1) - ADGRE5,ADGRE,Cell-Cell Contact,PMID: 31462748
Inflammatory Mono-derived,Proliferating,ITGAV_ITGB1,ADGRE5,0.00269634528021082,0,ITGAV_ITGB1_ADGRE5,(ITGAV+ITGB1) - ADGRE5,ADGRE,Cell-Cell Contact,PMID: 31462748
Resident M2,Proliferating,ITGAV_ITGB1,ADGRE5,0.00274943889810187,0,ITGAV_ITGB1_ADGRE5,(ITGAV+ITGB1) - ADGRE5,ADGRE,Cell-Cell Contact,PMID: 31462748
Classical Mono-derived,Resident M2,ITGAV_ITGB1,ADGRE5,0.00287351440485284,0,ITGAV_ITGB1_ADGRE5,(ITGAV+ITGB1) - ADGRE5,ADGRE,Cell-Cell Contact,PMID: 31462748
IFN-stimulated,Resident M2,ITGAV_ITGB1,ADGRE5,0.0027914105632025,0,ITGAV_ITGB1_ADGRE5,(ITGAV+ITGB1) - ADGRE5,ADGRE,Cell-Cell Contact,PMID: 31462748
Inflammatory Mono-derived,Resident M2,ITGAV_ITGB1,ADGRE5,0.00341044648640891,0,ITGAV_ITGB1_ADGRE5,(ITGAV+ITGB1) - ADGRE5,ADGRE,Cell-Cell Contact,PMID: 31462748
Resident M2,Resident M2,ITGAV_ITGB1,ADGRE5,0.00347755240892163,0,ITGAV_ITGB1_ADGRE5,(ITGAV+ITGB1) - ADGRE5,ADGRE,Cell-Cell Contact,PMID: 31462748
Classical Mono-derived,Stress-response,ITGAV_ITGB1,ADGRE5,0.00788838975575165,0,ITGAV_ITGB1_ADGRE5,(ITGAV+ITGB1) - ADGRE5,ADGRE,Cell-Cell Contact,PMID: 31462748
IFN-stimulated,Stress-response,ITGAV_ITGB1,ADGRE5,0.00766409911422988,0,ITGAV_ITGB1_ADGRE5,(ITGAV+ITGB1) - ADGRE5,ADGRE,Cell-Cell Contact,PMID: 31462748
Inflammatory Mono-derived,Stress-response,ITGAV_ITGB1,ADGRE5,0.00935358896489284,0,ITGAV_ITGB1_ADGRE5,(ITGAV+ITGB1) - ADGRE5,ADGRE,Cell-Cell Contact,PMID: 31462748
Resident M2,Stress-response,ITGAV_ITGB1,ADGRE5,0.00953651658130715,0,ITGAV_ITGB1_ADGRE5,(ITGAV+ITGB1) - ADGRE5,ADGRE,Cell-Cell Contact,PMID: 31462748
Classical Mono-derived,CD8.TEX,TGM2,ADGRG1,0.00106118431712996,0,TGM2_ADGRG1,TGM2 - ADGRG1,ADGRG,Cell-Cell Contact,PMID: 31462748
IFN-stimulated,CD8.TEX,TGM2,ADGRG1,0.00113883361129939,0,TGM2_ADGRG1,TGM2 - ADGRG1,ADGRG,Cell-Cell Contact,PMID: 31462748
Inflammatory Mono-derived,CD8.TEX,TGM2,ADGRG1,0.00132389944768246,0,TGM2_ADGRG1,TGM2 - ADGRG1,ADGRG,Cell-Cell Contact,PMID: 31462748
Stress-response,CD8.TEX,TGM2,ADGRG1,0.00142277518678113,0,TGM2_ADGRG1,TGM2 - ADGRG1,ADGRG,Cell-Cell Contact,PMID: 31462748
Classical Mono-derived,CD8.NaiveLike,APP,SORL1,0.00212399306137765,0,APP_SORL1,APP - SORL1,APP,Cell-Cell Contact,PMID: 24523320
IFN-stimulated,CD8.NaiveLike,APP,SORL1,0.00169729117189169,0,APP_SORL1,APP - SORL1,APP,Cell-Cell Contact,PMID: 24523320
Inflammatory Mono-derived,CD8.NaiveLike,APP,SORL1,0.00477384638518608,0,APP_SORL1,APP - SORL1,APP,Cell-Cell Contact,PMID: 24523320
Lipid-associated,CD8.NaiveLike,APP,SORL1,0.00185756582452125,0,APP_SORL1,APP - SORL1,APP,Cell-Cell Contact,PMID: 24523320
Proliferating,CD8.NaiveLike,APP,SORL1,0.00151557557060581,0,APP_SORL1,APP - SORL1,APP,Cell-Cell Contact,PMID: 24523320
Resident M2,CD8.NaiveLike,APP,SORL1,0.00180026754992632,0,APP_SORL1,APP - SORL1,APP,Cell-Cell Contact,PMID: 24523320
Stress-response,CD8.NaiveLike,APP,SORL1,0.0046939295301646,0,APP_SORL1,APP - SORL1,APP,Cell-Cell Contact,PMID: 24523320
Classical Mono-derived,Classical Mono-derived,APP,SORL1,0.00245664834102224,0,APP_SORL1,APP - SORL1,APP,Cell-Cell Contact,PMID: 24523320
IFN-stimulated,Classical Mono-derived,APP,SORL1,0.00196324878987549,0,APP_SORL1,APP - SORL1,APP,Cell-Cell Contact,PMID: 24523320
Inflammatory Mono-derived,Classical Mono-derived,APP,SORL1,0.00551922062978952,0,APP_SORL1,APP - SORL1,APP,Cell-Cell Contact,PMID: 24523320
Lipid-associated,Classical Mono-derived,APP,SORL1,0.00214858368186252,0,APP_SORL1,APP - SORL1,APP,Cell-Cell Contact,PMID: 24523320
Proliferating,Classical Mono-derived,APP,SORL1,0.00175310920346504,0,APP_SORL1,APP - SORL1,APP,Cell-Cell Contact,PMID: 24523320
Resident M2,Classical Mono-derived,APP,SORL1,0.00208232742912992,0,APP_SORL1,APP - SORL1,APP,Cell-Cell Contact,PMID: 24523320
Stress-response,Classical Mono-derived,APP,SORL1,0.00542689383506764,0,APP_SORL1,APP - SORL1,APP,Cell-Cell Contact,PMID: 24523320
Classical Mono-derived,IFN-stimulated,APP,SORL1,0.00143089230281162,0,APP_SORL1,APP - SORL1,APP,Cell-Cell Contact,PMID: 24523320
IFN-stimulated,IFN-stimulated,APP,SORL1,0.00114327211241631,0,APP_SORL1,APP - SORL1,APP,Cell-Cell Contact,PMID: 24523320
Inflammatory Mono-derived,IFN-stimulated,APP,SORL1,0.00321883555918808,0,APP_SORL1,APP - SORL1,APP,Cell-Cell Contact,PMID: 24523320
Lipid-associated,IFN-stimulated,APP,SORL1,0.00125129649960366,0,APP_SORL1,APP - SORL1,APP,Cell-Cell Contact,PMID: 24523320
Proliferating,IFN-stimulated,APP,SORL1,0.00102081031772178,0,APP_SORL1,APP - SORL1,APP,Cell-Cell Contact,PMID: 24523320
Resident M2,IFN-stimulated,APP,SORL1,0.00121267642269217,0,APP_SORL1,APP - SORL1,APP,Cell-Cell Contact,PMID: 24523320
Stress-response,IFN-stimulated,APP,SORL1,0.0031648676717451,0,APP_SORL1,APP - SORL1,APP,Cell-Cell Contact,PMID: 24523320
Classical Mono-derived,Inflammatory Mono-derived,APP,SORL1,0.00170098633577824,0,APP_SORL1,APP - SORL1,APP,Cell-Cell Contact,PMID: 24523320
IFN-stimulated,Inflammatory Mono-derived,APP,SORL1,0.00135914909430013,0,APP_SORL1,APP - SORL1,APP,Cell-Cell Contact,PMID: 24523320
Inflammatory Mono-derived,Inflammatory Mono-derived,APP,SORL1,0.00382512746946084,0,APP_SORL1,APP - SORL1,APP,Cell-Cell Contact,PMID: 24523320
Lipid-associated,Inflammatory Mono-derived,APP,SORL1,0.00148754067955101,0,APP_SORL1,APP - SORL1,APP,Cell-Cell Contact,PMID: 24523320
Proliferating,Inflammatory Mono-derived,APP,SORL1,0.00121359169332994,0,APP_SORL1,APP - SORL1,APP,Cell-Cell Contact,PMID: 24523320
Resident M2,Inflammatory Mono-derived,APP,SORL1,0.00144163967542788,0,APP_SORL1,APP - SORL1,APP,Cell-Cell Contact,PMID: 24523320
Stress-response,Inflammatory Mono-derived,APP,SORL1,0.00376103267945245,0,APP_SORL1,APP - SORL1,APP,Cell-Cell Contact,PMID: 24523320
Classical Mono-derived,Resident M2,APP,SORL1,0.00188446909251597,0,APP_SORL1,APP - SORL1,APP,Cell-Cell Contact,PMID: 24523320
IFN-stimulated,Resident M2,APP,SORL1,0.00150581401737438,0,APP_SORL1,APP - SORL1,APP,Cell-Cell Contact,PMID: 24523320
Inflammatory Mono-derived,Resident M2,APP,SORL1,0.00423676561952155,0,APP_SORL1,APP - SORL1,APP,Cell-Cell Contact,PMID: 24523320
Lipid-associated,Resident M2,APP,SORL1,0.00164803739369164,0,APP_SORL1,APP - SORL1,APP,Cell-Cell Contact,PMID: 24523320
Proliferating,Resident M2,APP,SORL1,0.00134457075683152,0,APP_SORL1,APP - SORL1,APP,Cell-Cell Contact,PMID: 24523320
Resident M2,Resident M2,APP,SORL1,0.00159719186841333,0,APP_SORL1,APP - SORL1,APP,Cell-Cell Contact,PMID: 24523320
Stress-response,Resident M2,APP,SORL1,0.00416580216199315,0,APP_SORL1,APP - SORL1,APP,Cell-Cell Contact,PMID: 24523320
Classical Mono-derived,Stress-response,APP,SORL1,0.00129221275471197,0,APP_SORL1,APP - SORL1,APP,Cell-Cell Contact,PMID: 24523320
IFN-stimulated,Stress-response,APP,SORL1,0.00103243938269089,0,APP_SORL1,APP - SORL1,APP,Cell-Cell Contact,PMID: 24523320
Inflammatory Mono-derived,Stress-response,APP,SORL1,0.00290737624141163,0,APP_SORL1,APP - SORL1,APP,Cell-Cell Contact,PMID: 24523320
Lipid-associated,Stress-response,APP,SORL1,0.00113000336157039,0,APP_SORL1,APP - SORL1,APP,Cell-Cell Contact,PMID: 24523320
Proliferating,Stress-response,APP,SORL1,0.000921838498988938,0,APP_SORL1,APP - SORL1,APP,Cell-Cell Contact,PMID: 24523320
Resident M2,Stress-response,APP,SORL1,0.00109512277722146,0,APP_SORL1,APP - SORL1,APP,Cell-Cell Contact,PMID: 24523320
Stress-response,Stress-response,APP,SORL1,0.00285861539112046,0,APP_SORL1,APP - SORL1,APP,Cell-Cell Contact,PMID: 24523320
Classical Mono-derived,Classical Mono-derived,APP,TREM2_TYROBP,0.00784062594275189,0,APP_TREM2_TYROBP,APP - (TREM2+TYROBP),APP,Cell-Cell Contact,PMID:27477013
IFN-stimulated,Classical Mono-derived,APP,TREM2_TYROBP,0.00627269409482553,0,APP_TREM2_TYROBP,APP - (TREM2+TYROBP),APP,Cell-Cell Contact,PMID:27477013
Inflammatory Mono-derived,Classical Mono-derived,APP,TREM2_TYROBP,0.0174973853488315,0,APP_TREM2_TYROBP,APP - (TREM2+TYROBP),APP,Cell-Cell Contact,PMID:27477013
Lipid-associated,Classical Mono-derived,APP,TREM2_TYROBP,0.00686205273880253,0,APP_TREM2_TYROBP,APP - (TREM2+TYROBP),APP,Cell-Cell Contact,PMID:27477013
Proliferating,Classical Mono-derived,APP,TREM2_TYROBP,0.00560387586830225,0,APP_TREM2_TYROBP,APP - (TREM2+TYROBP),APP,Cell-Cell Contact,PMID:27477013
Resident M2,Classical Mono-derived,APP,TREM2_TYROBP,0.00665141527749343,0,APP_TREM2_TYROBP,APP - (TREM2+TYROBP),APP,Cell-Cell Contact,PMID:27477013
Stress-response,Classical Mono-derived,APP,TREM2_TYROBP,0.0172081522479593,0,APP_TREM2_TYROBP,APP - (TREM2+TYROBP),APP,Cell-Cell Contact,PMID:27477013
Classical Mono-derived,IFN-stimulated,APP,TREM2_TYROBP,0.013262763465835,0,APP_TREM2_TYROBP,APP - (TREM2+TYROBP),APP,Cell-Cell Contact,PMID:27477013
IFN-stimulated,IFN-stimulated,APP,TREM2_TYROBP,0.0106221463625528,0,APP_TREM2_TYROBP,APP - (TREM2+TYROBP),APP,Cell-Cell Contact,PMID:27477013
Inflammatory Mono-derived,IFN-stimulated,APP,TREM2_TYROBP,0.0293997115432116,0,APP_TREM2_TYROBP,APP - (TREM2+TYROBP),APP,Cell-Cell Contact,PMID:27477013
Lipid-associated,IFN-stimulated,APP,TREM2_TYROBP,0.0116153864283841,0,APP_TREM2_TYROBP,APP - (TREM2+TYROBP),APP,Cell-Cell Contact,PMID:27477013
Proliferating,IFN-stimulated,APP,TREM2_TYROBP,0.00949400386715619,0,APP_TREM2_TYROBP,APP - (TREM2+TYROBP),APP,Cell-Cell Contact,PMID:27477013
Resident M2,IFN-stimulated,APP,TREM2_TYROBP,0.0112604950634649,0,APP_TREM2_TYROBP,APP - (TREM2+TYROBP),APP,Cell-Cell Contact,PMID:27477013
Stress-response,IFN-stimulated,APP,TREM2_TYROBP,0.0289195232321925,0,APP_TREM2_TYROBP,APP - (TREM2+TYROBP),APP,Cell-Cell Contact,PMID:27477013
Classical Mono-derived,Inflammatory Mono-derived,APP,TREM2_TYROBP,0.00933940899397873,0,APP_TREM2_TYROBP,APP - (TREM2+TYROBP),APP,Cell-Cell Contact,PMID:27477013
IFN-stimulated,Inflammatory Mono-derived,APP,TREM2_TYROBP,0.00747401530596159,0,APP_TREM2_TYROBP,APP - (TREM2+TYROBP),APP,Cell-Cell Contact,PMID:27477013
Inflammatory Mono-derived,Inflammatory Mono-derived,APP,TREM2_TYROBP,0.0208034108539205,0,APP_TREM2_TYROBP,APP - (TREM2+TYROBP),APP,Cell-Cell Contact,PMID:27477013
Lipid-associated,Inflammatory Mono-derived,APP,TREM2_TYROBP,0.00817531696744619,0,APP_TREM2_TYROBP,APP - (TREM2+TYROBP),APP,Cell-Cell Contact,PMID:27477013
Proliferating,Inflammatory Mono-derived,APP,TREM2_TYROBP,0.00667796847180476,0,APP_TREM2_TYROBP,APP - (TREM2+TYROBP),APP,Cell-Cell Contact,PMID:27477013
Resident M2,Inflammatory Mono-derived,APP,TREM2_TYROBP,0.00792468923521709,0,APP_TREM2_TYROBP,APP - (TREM2+TYROBP),APP,Cell-Cell Contact,PMID:27477013
Stress-response,Inflammatory Mono-derived,APP,TREM2_TYROBP,0.0204606669669521,0,APP_TREM2_TYROBP,APP - (TREM2+TYROBP),APP,Cell-Cell Contact,PMID:27477013
Classical Mono-derived,Lipid-associated,APP,TREM2_TYROBP,0.0193546383534065,0,APP_TREM2_TYROBP,APP - (TREM2+TYROBP),APP,Cell-Cell Contact,PMID:27477013
IFN-stimulated,Lipid-associated,APP,TREM2_TYROBP,0.0155202059109296,0,APP_TREM2_TYROBP,APP - (TREM2+TYROBP),APP,Cell-Cell Contact,PMID:27477013
Inflammatory Mono-derived,Lipid-associated,APP,TREM2_TYROBP,0.0425837612341291,0,APP_TREM2_TYROBP,APP - (TREM2+TYROBP),APP,Cell-Cell Contact,PMID:27477013
Lipid-associated,Lipid-associated,APP,TREM2_TYROBP,0.016963593788801,0,APP_TREM2_TYROBP,APP - (TREM2+TYROBP),APP,Cell-Cell Contact,PMID:27477013
Proliferating,Lipid-associated,APP,TREM2_TYROBP,0.0138791545001981,0,APP_TREM2_TYROBP,APP - (TREM2+TYROBP),APP,Cell-Cell Contact,PMID:27477013
Resident M2,Lipid-associated,APP,TREM2_TYROBP,0.0164480149709032,0,APP_TREM2_TYROBP,APP - (TREM2+TYROBP),APP,Cell-Cell Contact,PMID:27477013
Stress-response,Lipid-associated,APP,TREM2_TYROBP,0.0418975319157725,0,APP_TREM2_TYROBP,APP - (TREM2+TYROBP),APP,Cell-Cell Contact,PMID:27477013
Classical Mono-derived,Proliferating,APP,TREM2_TYROBP,0.0164236673727805,0,APP_TREM2_TYROBP,APP - (TREM2+TYROBP),APP,Cell-Cell Contact,PMID:27477013
IFN-stimulated,Proliferating,APP,TREM2_TYROBP,0.0131621088163939,0,APP_TREM2_TYROBP,APP - (TREM2+TYROBP),APP,Cell-Cell Contact,PMID:27477013
Inflammatory Mono-derived,Proliferating,APP,TREM2_TYROBP,0.0362651743912095,0,APP_TREM2_TYROBP,APP - (TREM2+TYROBP),APP,Cell-Cell Contact,PMID:27477013
Lipid-associated,Proliferating,APP,TREM2_TYROBP,0.01438939774451,0,APP_TREM2_TYROBP,APP - (TREM2+TYROBP),APP,Cell-Cell Contact,PMID:27477013
Proliferating,Proliferating,APP,TREM2_TYROBP,0.0117674139069027,0,APP_TREM2_TYROBP,APP - (TREM2+TYROBP),APP,Cell-Cell Contact,PMID:27477013
Resident M2,Proliferating,APP,TREM2_TYROBP,0.0139509467891919,0,APP_TREM2_TYROBP,APP - (TREM2+TYROBP),APP,Cell-Cell Contact,PMID:27477013
Stress-response,Proliferating,APP,TREM2_TYROBP,0.0356769736070318,0,APP_TREM2_TYROBP,APP - (TREM2+TYROBP),APP,Cell-Cell Contact,PMID:27477013
Classical Mono-derived,Resident M2,APP,TREM2_TYROBP,0.0168842530135127,0,APP_TREM2_TYROBP,APP - (TREM2+TYROBP),APP,Cell-Cell Contact,PMID:27477013
IFN-stimulated,Resident M2,APP,TREM2_TYROBP,0.0135324856938566,0,APP_TREM2_TYROBP,APP - (TREM2+TYROBP),APP,Cell-Cell Contact,PMID:27477013
Inflammatory Mono-derived,Resident M2,APP,TREM2_TYROBP,0.0372611160167356,0,APP_TREM2_TYROBP,APP - (TREM2+TYROBP),APP,Cell-Cell Contact,PMID:27477013
Lipid-associated,Resident M2,APP,TREM2_TYROBP,0.0147937923540853,0,APP_TREM2_TYROBP,APP - (TREM2+TYROBP),APP,Cell-Cell Contact,PMID:27477013
Proliferating,Resident M2,APP,TREM2_TYROBP,0.0120990257591238,0,APP_TREM2_TYROBP,APP - (TREM2+TYROBP),APP,Cell-Cell Contact,PMID:27477013
Resident M2,Resident M2,APP,TREM2_TYROBP,0.0143431986444371,0,APP_TREM2_TYROBP,APP - (TREM2+TYROBP),APP,Cell-Cell Contact,PMID:27477013
Stress-response,Resident M2,APP,TREM2_TYROBP,0.0366573760496947,0,APP_TREM2_TYROBP,APP - (TREM2+TYROBP),APP,Cell-Cell Contact,PMID:27477013
Classical Mono-derived,Stress-response,APP,TREM2_TYROBP,0.0173508082913546,0,APP_TREM2_TYROBP,APP - (TREM2+TYROBP),APP,Cell-Cell Contact,PMID:27477013
IFN-stimulated,Stress-response,APP,TREM2_TYROBP,0.01390773325949,0,APP_TREM2_TYROBP,APP - (TREM2+TYROBP),APP,Cell-Cell Contact,PMID:27477013
Inflammatory Mono-derived,Stress-response,APP,TREM2_TYROBP,0.0382688184551148,0,APP_TREM2_TYROBP,APP - (TREM2+TYROBP),APP,Cell-Cell Contact,PMID:27477013
Lipid-associated,Stress-response,APP,TREM2_TYROBP,0.0152034761431409,0,APP_TREM2_TYROBP,APP - (TREM2+TYROBP),APP,Cell-Cell Contact,PMID:27477013
Proliferating,Stress-response,APP,TREM2_TYROBP,0.0124350254160324,0,APP_TREM2_TYROBP,APP - (TREM2+TYROBP),APP,Cell-Cell Contact,PMID:27477013
Resident M2,Stress-response,APP,TREM2_TYROBP,0.0147405908623544,0,APP_TREM2_TYROBP,APP - (TREM2+TYROBP),APP,Cell-Cell Contact,PMID:27477013
Stress-response,Stress-response,APP,TREM2_TYROBP,0.0376493892586397,0,APP_TREM2_TYROBP,APP - (TREM2+TYROBP),APP,Cell-Cell Contact,PMID:27477013
IFN-stimulated,Classical Mono-derived,APOE,TREM2_TYROBP,0.0374241274912664,0,APOE_TREM2_TYROBP,APOE - TREM2,ApoE,Cell-Cell Contact,uniprot;PMID:27477015
Inflammatory Mono-derived,Classical Mono-derived,APOE,TREM2_TYROBP,0.0182968285991513,0,APOE_TREM2_TYROBP,APOE - TREM2,ApoE,Cell-Cell Contact,uniprot;PMID:27477015
Lipid-associated,Classical Mono-derived,APOE,TREM2_TYROBP,0.10237098331167,0,APOE_TREM2_TYROBP,APOE - TREM2,ApoE,Cell-Cell Contact,uniprot;PMID:27477015
Proliferating,Classical Mono-derived,APOE,TREM2_TYROBP,0.0701381153409646,0,APOE_TREM2_TYROBP,APOE - TREM2,ApoE,Cell-Cell Contact,uniprot;PMID:27477015
Resident M2,Classical Mono-derived,APOE,TREM2_TYROBP,0.0685422506252879,0,APOE_TREM2_TYROBP,APOE - TREM2,ApoE,Cell-Cell Contact,uniprot;PMID:27477015
Stress-response,Classical Mono-derived,APOE,TREM2_TYROBP,0.073843387456328,0,APOE_TREM2_TYROBP,APOE - TREM2,ApoE,Cell-Cell Contact,uniprot;PMID:27477015
IFN-stimulated,IFN-stimulated,APOE,TREM2_TYROBP,0.0620255913229369,0,APOE_TREM2_TYROBP,APOE - TREM2,ApoE,Cell-Cell Contact,uniprot;PMID:27477015
Inflammatory Mono-derived,IFN-stimulated,APOE,TREM2_TYROBP,0.0307259570986661,0,APOE_TREM2_TYROBP,APOE - TREM2,ApoE,Cell-Cell Contact,uniprot;PMID:27477015
Lipid-associated,IFN-stimulated,APOE,TREM2_TYROBP,0.162460724390204,0,APOE_TREM2_TYROBP,APOE - TREM2,ApoE,Cell-Cell Contact,uniprot;PMID:27477015
Proliferating,IFN-stimulated,APOE,TREM2_TYROBP,0.113704441704744,0,APOE_TREM2_TYROBP,APOE - TREM2,ApoE,Cell-Cell Contact,uniprot;PMID:27477015
Resident M2,IFN-stimulated,APOE,TREM2_TYROBP,0.11123588697238,0,APOE_TREM2_TYROBP,APOE - TREM2,ApoE,Cell-Cell Contact,uniprot;PMID:27477015
Stress-response,IFN-stimulated,APOE,TREM2_TYROBP,0.11941567583784,0,APOE_TREM2_TYROBP,APOE - TREM2,ApoE,Cell-Cell Contact,uniprot;PMID:27477015
IFN-stimulated,Inflammatory Mono-derived,APOE,TREM2_TYROBP,0.0443253321913963,0,APOE_TREM2_TYROBP,APOE - TREM2,ApoE,Cell-Cell Contact,uniprot;PMID:27477015
Inflammatory Mono-derived,Inflammatory Mono-derived,APOE,TREM2_TYROBP,0.0217505601563262,0,APOE_TREM2_TYROBP,APOE - TREM2,ApoE,Cell-Cell Contact,uniprot;PMID:27477015
Lipid-associated,Inflammatory Mono-derived,APOE,TREM2_TYROBP,0.119758669067798,0,APOE_TREM2_TYROBP,APOE - TREM2,ApoE,Cell-Cell Contact,uniprot;PMID:27477015
Proliferating,Inflammatory Mono-derived,APOE,TREM2_TYROBP,0.0825545665541673,0,APOE_TREM2_TYROBP,APOE - TREM2,ApoE,Cell-Cell Contact,uniprot;PMID:27477015
Resident M2,Inflammatory Mono-derived,APOE,TREM2_TYROBP,0.0807007069202534,0,APOE_TREM2_TYROBP,APOE - TREM2,ApoE,Cell-Cell Contact,uniprot;PMID:27477015
Stress-response,Inflammatory Mono-derived,APOE,TREM2_TYROBP,0.0868545092185909,0,APOE_TREM2_TYROBP,APOE - TREM2,ApoE,Cell-Cell Contact,uniprot;PMID:27477015
IFN-stimulated,Lipid-associated,APOE,TREM2_TYROBP,0.0885062972554188,0,APOE_TREM2_TYROBP,APOE - TREM2,ApoE,Cell-Cell Contact,uniprot;PMID:27477015
Inflammatory Mono-derived,Lipid-associated,APOE,TREM2_TYROBP,0.0444774963279798,0,APOE_TREM2_TYROBP,APOE - TREM2,ApoE,Cell-Cell Contact,uniprot;PMID:27477015
Lipid-associated,Lipid-associated,APOE,TREM2_TYROBP,0.221686140664413,0,APOE_TREM2_TYROBP,APOE - TREM2,ApoE,Cell-Cell Contact,uniprot;PMID:27477015
Proliferating,Lipid-associated,APOE,TREM2_TYROBP,0.15851974428247,0,APOE_TREM2_TYROBP,APOE - TREM2,ApoE,Cell-Cell Contact,uniprot;PMID:27477015
Resident M2,Lipid-associated,APOE,TREM2_TYROBP,0.15524866500035,0,APOE_TREM2_TYROBP,APOE - TREM2,ApoE,Cell-Cell Contact,uniprot;PMID:27477015
Stress-response,Lipid-associated,APOE,TREM2_TYROBP,0.166060235355951,0,APOE_TREM2_TYROBP,APOE - TREM2,ApoE,Cell-Cell Contact,uniprot;PMID:27477015
IFN-stimulated,Proliferating,APOE,TREM2_TYROBP,0.0759140004906627,0,APOE_TREM2_TYROBP,APOE - TREM2,ApoE,Cell-Cell Contact,uniprot;PMID:27477015
Inflammatory Mono-derived,Proliferating,APOE,TREM2_TYROBP,0.0378890367812762,0,APOE_TREM2_TYROBP,APOE - TREM2,ApoE,Cell-Cell Contact,uniprot;PMID:27477015
Lipid-associated,Proliferating,APOE,TREM2_TYROBP,0.194182274445683,0,APOE_TREM2_TYROBP,APOE - TREM2,ApoE,Cell-Cell Contact,uniprot;PMID:27477015
Proliferating,Proliferating,APOE,TREM2_TYROBP,0.137468552438704,0,APOE_TREM2_TYROBP,APOE - TREM2,ApoE,Cell-Cell Contact,uniprot;PMID:27477015
Resident M2,Proliferating,APOE,TREM2_TYROBP,0.134562403029362,0,APOE_TREM2_TYROBP,APOE - TREM2,ApoE,Cell-Cell Contact,uniprot;PMID:27477015
Stress-response,Proliferating,APOE,TREM2_TYROBP,0.144179251372418,0,APOE_TREM2_TYROBP,APOE - TREM2,ApoE,Cell-Cell Contact,uniprot;PMID:27477015
IFN-stimulated,Resident M2,APOE,TREM2_TYROBP,0.0779107814352018,0,APOE_TREM2_TYROBP,APOE - TREM2,ApoE,Cell-Cell Contact,uniprot;PMID:27477015
Inflammatory Mono-derived,Resident M2,APOE,TREM2_TYROBP,0.038927772804406,0,APOE_TREM2_TYROBP,APOE - TREM2,ApoE,Cell-Cell Contact,uniprot;PMID:27477015
Lipid-associated,Resident M2,APOE,TREM2_TYROBP,0.198621252576954,0,APOE_TREM2_TYROBP,APOE - TREM2,ApoE,Cell-Cell Contact,uniprot;PMID:27477015
Proliferating,Resident M2,APOE,TREM2_TYROBP,0.140837654717401,0,APOE_TREM2_TYROBP,APOE - TREM2,ApoE,Cell-Cell Contact,uniprot;PMID:27477015
Resident M2,Resident M2,APOE,TREM2_TYROBP,0.137871665802721,0,APOE_TREM2_TYROBP,APOE - TREM2,ApoE,Cell-Cell Contact,uniprot;PMID:27477015
Stress-response,Resident M2,APOE,TREM2_TYROBP,0.147684660168774,0,APOE_TREM2_TYROBP,APOE - TREM2,ApoE,Cell-Cell Contact,uniprot;PMID:27477015
IFN-stimulated,Stress-response,APOE,TREM2_TYROBP,0.0799265599327283,0,APOE_TREM2_TYROBP,APOE - TREM2,ApoE,Cell-Cell Contact,uniprot;PMID:27477015
Inflammatory Mono-derived,Stress-response,APOE,TREM2_TYROBP,0.039978677155115,0,APOE_TREM2_TYROBP,APOE - TREM2,ApoE,Cell-Cell Contact,uniprot;PMID:27477015
Lipid-associated,Stress-response,APOE,TREM2_TYROBP,0.20307235270692,0,APOE_TREM2_TYROBP,APOE - TREM2,ApoE,Cell-Cell Contact,uniprot;PMID:27477015
Proliferating,Stress-response,APOE,TREM2_TYROBP,0.14422687799436,0,APOE_TREM2_TYROBP,APOE - TREM2,ApoE,Cell-Cell Contact,uniprot;PMID:27477015
Resident M2,Stress-response,APOE,TREM2_TYROBP,0.141201243728504,0,APOE_TREM2_TYROBP,APOE - TREM2,ApoE,Cell-Cell Contact,uniprot;PMID:27477015
Stress-response,Stress-response,APOE,TREM2_TYROBP,0.151209655713149,0,APOE_TREM2_TYROBP,APOE - TREM2,ApoE,Cell-Cell Contact,uniprot;PMID:27477015
CD8.TEMRA,CD8.CM,CD160,TNFRSF14,0.00181715170157462,0,CD160_TNFRSF14,CD160 - TNFRSF14,CD160,Cell-Cell Contact,PMID:21959263;PMID:18193050
CD8.TEMRA,CD8.EM,CD160,TNFRSF14,0.00298869369614418,0,CD160_TNFRSF14,CD160 - TNFRSF14,CD160,Cell-Cell Contact,PMID:21959263;PMID:18193050
CD8.TEMRA,CD8.NaiveLike,CD160,TNFRSF14,0.00267732193958909,0,CD160_TNFRSF14,CD160 - TNFRSF14,CD160,Cell-Cell Contact,PMID:21959263;PMID:18193050
CD8.TEMRA,CD8.TEMRA,CD160,TNFRSF14,0.00352388663743267,0,CD160_TNFRSF14,CD160 - TNFRSF14,CD160,Cell-Cell Contact,PMID:21959263;PMID:18193050
CD8.TEMRA,CD8.TEX,CD160,TNFRSF14,0.0026762754712736,0,CD160_TNFRSF14,CD160 - TNFRSF14,CD160,Cell-Cell Contact,PMID:21959263;PMID:18193050
CD8.TEMRA,CD8.TPEX,CD160,TNFRSF14,0.00233593767908321,0,CD160_TNFRSF14,CD160 - TNFRSF14,CD160,Cell-Cell Contact,PMID:21959263;PMID:18193050
CD8.TEMRA,Classical Mono-derived,CD160,TNFRSF14,0.00577928262225682,0,CD160_TNFRSF14,CD160 - TNFRSF14,CD160,Cell-Cell Contact,PMID:21959263;PMID:18193050
CD8.TEMRA,IFN-stimulated,CD160,TNFRSF14,0.00609098782668357,0,CD160_TNFRSF14,CD160 - TNFRSF14,CD160,Cell-Cell Contact,PMID:21959263;PMID:18193050
CD8.TEMRA,Inflammatory Mono-derived,CD160,TNFRSF14,0.00546725706254758,0,CD160_TNFRSF14,CD160 - TNFRSF14,CD160,Cell-Cell Contact,PMID:21959263;PMID:18193050
CD8.TEMRA,Lipid-associated,CD160,TNFRSF14,0.00260119369338202,0,CD160_TNFRSF14,CD160 - TNFRSF14,CD160,Cell-Cell Contact,PMID:21959263;PMID:18193050
CD8.TEMRA,Resident M2,CD160,TNFRSF14,0.002436745090439,0,CD160_TNFRSF14,CD160 - TNFRSF14,CD160,Cell-Cell Contact,PMID:21959263;PMID:18193050
CD8.TEMRA,Stress-response,CD160,TNFRSF14,0.00243233148423929,0,CD160_TNFRSF14,CD160 - TNFRSF14,CD160,Cell-Cell Contact,PMID:21959263;PMID:18193050
Classical Mono-derived,Classical Mono-derived,LAIR1,LILRB4,0.0240317837578867,0,LAIR1_LILRB4,LAIR1 - LILRB4,LAIR1,Cell-Cell Contact,PMID:19283782
IFN-stimulated,Classical Mono-derived,LAIR1,LILRB4,0.027356516203743,0,LAIR1_LILRB4,LAIR1 - LILRB4,LAIR1,Cell-Cell Contact,PMID:19283782
Inflammatory Mono-derived,Classical Mono-derived,LAIR1,LILRB4,0.0212674473857291,0,LAIR1_LILRB4,LAIR1 - LILRB4,LAIR1,Cell-Cell Contact,PMID:19283782
Lipid-associated,Classical Mono-derived,LAIR1,LILRB4,0.0258802668424272,0,LAIR1_LILRB4,LAIR1 - LILRB4,LAIR1,Cell-Cell Contact,PMID:19283782
Proliferating,Classical Mono-derived,LAIR1,LILRB4,0.020665160001883,0,LAIR1_LILRB4,LAIR1 - LILRB4,LAIR1,Cell-Cell Contact,PMID:19283782
Resident M2,Classical Mono-derived,LAIR1,LILRB4,0.0265227191581761,0,LAIR1_LILRB4,LAIR1 - LILRB4,LAIR1,Cell-Cell Contact,PMID:19283782
Stress-response,Classical Mono-derived,LAIR1,LILRB4,0.0235709321165677,0,LAIR1_LILRB4,LAIR1 - LILRB4,LAIR1,Cell-Cell Contact,PMID:19283782
Classical Mono-derived,IFN-stimulated,LAIR1,LILRB4,0.0339401881979451,0,LAIR1_LILRB4,LAIR1 - LILRB4,LAIR1,Cell-Cell Contact,PMID:19283782
IFN-stimulated,IFN-stimulated,LAIR1,LILRB4,0.038581531782769,0,LAIR1_LILRB4,LAIR1 - LILRB4,LAIR1,Cell-Cell Contact,PMID:19283782
Inflammatory Mono-derived,IFN-stimulated,LAIR1,LILRB4,0.0300712219707857,0,LAIR1_LILRB4,LAIR1 - LILRB4,LAIR1,Cell-Cell Contact,PMID:19283782
Lipid-associated,IFN-stimulated,LAIR1,LILRB4,0.0365222881570078,0,LAIR1_LILRB4,LAIR1 - LILRB4,LAIR1,Cell-Cell Contact,PMID:19283782
Proliferating,IFN-stimulated,LAIR1,LILRB4,0.0292270597099444,0,LAIR1_LILRB4,LAIR1 - LILRB4,LAIR1,Cell-Cell Contact,PMID:19283782
Resident M2,IFN-stimulated,LAIR1,LILRB4,0.0374187704088238,0,LAIR1_LILRB4,LAIR1 - LILRB4,LAIR1,Cell-Cell Contact,PMID:19283782
Stress-response,IFN-stimulated,LAIR1,LILRB4,0.0332958078612159,0,LAIR1_LILRB4,LAIR1 - LILRB4,LAIR1,Cell-Cell Contact,PMID:19283782
Classical Mono-derived,Inflammatory Mono-derived,LAIR1,LILRB4,0.0230110081194109,0,LAIR1_LILRB4,LAIR1 - LILRB4,LAIR1,Cell-Cell Contact,PMID:19283782
IFN-stimulated,Inflammatory Mono-derived,LAIR1,LILRB4,0.0261983098770857,0,LAIR1_LILRB4,LAIR1 - LILRB4,LAIR1,Cell-Cell Contact,PMID:19283782
Inflammatory Mono-derived,Inflammatory Mono-derived,LAIR1,LILRB4,0.020361640185687,0,LAIR1_LILRB4,LAIR1 - LILRB4,LAIR1,Cell-Cell Contact,PMID:19283782
Lipid-associated,Inflammatory Mono-derived,LAIR1,LILRB4,0.0247829686948969,0,LAIR1_LILRB4,LAIR1 - LILRB4,LAIR1,Cell-Cell Contact,PMID:19283782
Proliferating,Inflammatory Mono-derived,LAIR1,LILRB4,0.0197844864321057,0,LAIR1_LILRB4,LAIR1 - LILRB4,LAIR1,Cell-Cell Contact,PMID:19283782
Resident M2,Inflammatory Mono-derived,LAIR1,LILRB4,0.0253988918875382,0,LAIR1_LILRB4,LAIR1 - LILRB4,LAIR1,Cell-Cell Contact,PMID:19283782
Stress-response,Inflammatory Mono-derived,LAIR1,LILRB4,0.0225692789669628,0,LAIR1_LILRB4,LAIR1 - LILRB4,LAIR1,Cell-Cell Contact,PMID:19283782
Classical Mono-derived,Lipid-associated,LAIR1,LILRB4,0.0241482633703317,0,LAIR1_LILRB4,LAIR1 - LILRB4,LAIR1,Cell-Cell Contact,PMID:19283782
IFN-stimulated,Lipid-associated,LAIR1,LILRB4,0.0274886565790221,0,LAIR1_LILRB4,LAIR1 - LILRB4,LAIR1,Cell-Cell Contact,PMID:19283782
Inflammatory Mono-derived,Lipid-associated,LAIR1,LILRB4,0.0213708219274922,0,LAIR1_LILRB4,LAIR1 - LILRB4,LAIR1,Cell-Cell Contact,PMID:19283782
Lipid-associated,Lipid-associated,LAIR1,LILRB4,0.0260054671336817,0,LAIR1_LILRB4,LAIR1 - LILRB4,LAIR1,Cell-Cell Contact,PMID:19283782
Proliferating,Lipid-associated,LAIR1,LILRB4,0.0207656691225154,0,LAIR1_LILRB4,LAIR1 - LILRB4,LAIR1,Cell-Cell Contact,PMID:19283782
Resident M2,Lipid-associated,LAIR1,LILRB4,0.0266509423931417,0,LAIR1_LILRB4,LAIR1 - LILRB4,LAIR1,Cell-Cell Contact,PMID:19283782
Stress-response,Lipid-associated,LAIR1,LILRB4,0.0236852322364182,0,LAIR1_LILRB4,LAIR1 - LILRB4,LAIR1,Cell-Cell Contact,PMID:19283782
Classical Mono-derived,Proliferating,LAIR1,LILRB4,0.00985346776882269,0,LAIR1_LILRB4,LAIR1 - LILRB4,LAIR1,Cell-Cell Contact,PMID:19283782
IFN-stimulated,Proliferating,LAIR1,LILRB4,0.0112392574651187,0,LAIR1_LILRB4,LAIR1 - LILRB4,LAIR1,Cell-Cell Contact,PMID:19283782
Inflammatory Mono-derived,Proliferating,LAIR1,LILRB4,0.00870549219410133,0,LAIR1_LILRB4,LAIR1 - LILRB4,LAIR1,Cell-Cell Contact,PMID:19283782
Lipid-associated,Proliferating,LAIR1,LILRB4,0.0106232500898198,0,LAIR1_LILRB4,LAIR1 - LILRB4,LAIR1,Cell-Cell Contact,PMID:19283782
Proliferating,Proliferating,LAIR1,LILRB4,0.00845588185676816,0,LAIR1_LILRB4,LAIR1 - LILRB4,LAIR1,Cell-Cell Contact,PMID:19283782
Resident M2,Proliferating,LAIR1,LILRB4,0.0108911964128195,0,LAIR1_LILRB4,LAIR1 - LILRB4,LAIR1,Cell-Cell Contact,PMID:19283782
Stress-response,Proliferating,LAIR1,LILRB4,0.00966181854935122,0,LAIR1_LILRB4,LAIR1 - LILRB4,LAIR1,Cell-Cell Contact,PMID:19283782
Classical Mono-derived,Resident M2,LAIR1,LILRB4,0.0246707659812308,0,LAIR1_LILRB4,LAIR1 - LILRB4,LAIR1,Cell-Cell Contact,PMID:19283782
IFN-stimulated,Resident M2,LAIR1,LILRB4,0.0280813563343778,0,LAIR1_LILRB4,LAIR1 - LILRB4,LAIR1,Cell-Cell Contact,PMID:19283782
Inflammatory Mono-derived,Resident M2,LAIR1,LILRB4,0.0218345729217516,0,LAIR1_LILRB4,LAIR1 - LILRB4,LAIR1,Cell-Cell Contact,PMID:19283782
Lipid-associated,Resident M2,LAIR1,LILRB4,0.0265670605615633,0,LAIR1_LILRB4,LAIR1 - LILRB4,LAIR1,Cell-Cell Contact,PMID:19283782
Proliferating,Resident M2,LAIR1,LILRB4,0.0212165728820292,0,LAIR1_LILRB4,LAIR1 - LILRB4,LAIR1,Cell-Cell Contact,PMID:19283782
Resident M2,Resident M2,LAIR1,LILRB4,0.0272260853505285,0,LAIR1_LILRB4,LAIR1 - LILRB4,LAIR1,Cell-Cell Contact,PMID:19283782
Stress-response,Resident M2,LAIR1,LILRB4,0.0241979645475475,0,LAIR1_LILRB4,LAIR1 - LILRB4,LAIR1,Cell-Cell Contact,PMID:19283782
Classical Mono-derived,Stress-response,LAIR1,LILRB4,0.0186055999340873,0,LAIR1_LILRB4,LAIR1 - LILRB4,LAIR1,Cell-Cell Contact,PMID:19283782
IFN-stimulated,Stress-response,LAIR1,LILRB4,0.0211959380369894,0,LAIR1_LILRB4,LAIR1 - LILRB4,LAIR1,Cell-Cell Contact,PMID:19283782
Inflammatory Mono-derived,Stress-response,LAIR1,LILRB4,0.0164549050472409,0,LAIR1_LILRB4,LAIR1 - LILRB4,LAIR1,Cell-Cell Contact,PMID:19283782
Lipid-associated,Stress-response,LAIR1,LILRB4,0.0200452827411241,0,LAIR1_LILRB4,LAIR1 - LILRB4,LAIR1,Cell-Cell Contact,PMID:19283782
Proliferating,Stress-response,LAIR1,LILRB4,0.0159866811759402,0,LAIR1_LILRB4,LAIR1 - LILRB4,LAIR1,Cell-Cell Contact,PMID:19283782
Resident M2,Stress-response,LAIR1,LILRB4,0.0205459423835056,0,LAIR1_LILRB4,LAIR1 - LILRB4,LAIR1,Cell-Cell Contact,PMID:19283782
Stress-response,Stress-response,LAIR1,LILRB4,0.018246859434235,0,LAIR1_LILRB4,LAIR1 - LILRB4,LAIR1,Cell-Cell Contact,PMID:19283782
Classical Mono-derived,CD8.TEX,PECAM1,CD38,0.00193361958786333,0,PECAM1_CD38,PECAM1 - CD38,PECAM2,Cell-Cell Contact,PMID:26407101
IFN-stimulated,CD8.TEX,PECAM1,CD38,0.00148368283486213,0,PECAM1_CD38,PECAM1 - CD38,PECAM2,Cell-Cell Contact,PMID:26407101
Inflammatory Mono-derived,CD8.TEX,PECAM1,CD38,0.00182169608263259,0,PECAM1_CD38,PECAM1 - CD38,PECAM2,Cell-Cell Contact,PMID:26407101
Lipid-associated,CD8.TEX,PECAM1,CD38,0.0016900340253663,0,PECAM1_CD38,PECAM1 - CD38,PECAM2,Cell-Cell Contact,PMID:26407101
Resident M2,CD8.TEX,PECAM1,CD38,0.00194843942956488,0,PECAM1_CD38,PECAM1 - CD38,PECAM2,Cell-Cell Contact,PMID:26407101
Stress-response,CD8.TEX,PECAM1,CD38,0.00185789354422316,0,PECAM1_CD38,PECAM1 - CD38,PECAM2,Cell-Cell Contact,PMID:26407101
Classical Mono-derived,IFN-stimulated,PECAM1,CD38,0.00147542903084957,0,PECAM1_CD38,PECAM1 - CD38,PECAM2,Cell-Cell Contact,PMID:26407101
IFN-stimulated,IFN-stimulated,PECAM1,CD38,0.00113198838162371,0,PECAM1_CD38,PECAM1 - CD38,PECAM2,Cell-Cell Contact,PMID:26407101
Inflammatory Mono-derived,IFN-stimulated,PECAM1,CD38,0.00138998998696423,0,PECAM1_CD38,PECAM1 - CD38,PECAM2,Cell-Cell Contact,PMID:26407101
Lipid-associated,IFN-stimulated,PECAM1,CD38,0.00128948893718097,0,PECAM1_CD38,PECAM1 - CD38,PECAM2,Cell-Cell Contact,PMID:26407101
Resident M2,IFN-stimulated,PECAM1,CD38,0.00148674239352905,0,PECAM1_CD38,PECAM1 - CD38,PECAM2,Cell-Cell Contact,PMID:26407101
Stress-response,IFN-stimulated,PECAM1,CD38,0.00141762154569138,0,PECAM1_CD38,PECAM1 - CD38,PECAM2,Cell-Cell Contact,PMID:26407101
CD8.EM,CD8.CM,SIRPG,CD47,0.00210362469632435,0,SIRPG_CD47,SIRPG - CD47,SIRP,Cell-Cell Contact,PMID:15294972
CD8.TEX,CD8.CM,SIRPG,CD47,0.0078203213004843,0,SIRPG_CD47,SIRPG - CD47,SIRP,Cell-Cell Contact,PMID:15294972
CD8.TPEX,CD8.CM,SIRPG,CD47,0.00277477944531229,0,SIRPG_CD47,SIRPG - CD47,SIRP,Cell-Cell Contact,PMID:15294972
CD8.EM,CD8.EM,SIRPG,CD47,0.00212302451462761,0,SIRPG_CD47,SIRPG - CD47,SIRP,Cell-Cell Contact,PMID:15294972
CD8.TEX,CD8.EM,SIRPG,CD47,0.00789202407110149,0,SIRPG_CD47,SIRPG - CD47,SIRP,Cell-Cell Contact,PMID:15294972
CD8.TPEX,CD8.EM,SIRPG,CD47,0.00280035134458826,0,SIRPG_CD47,SIRPG - CD47,SIRP,Cell-Cell Contact,PMID:15294972
CD8.EM,CD8.MAIT,SIRPG,CD47,0.00227586025994158,0,SIRPG_CD47,SIRPG - CD47,SIRP,Cell-Cell Contact,PMID:15294972
CD8.TEX,CD8.MAIT,SIRPG,CD47,0.00845664836214468,0,SIRPG_CD47,SIRPG - CD47,SIRP,Cell-Cell Contact,PMID:15294972
CD8.TPEX,CD8.MAIT,SIRPG,CD47,0.00300180091577179,0,SIRPG_CD47,SIRPG - CD47,SIRP,Cell-Cell Contact,PMID:15294972
CD8.EM,CD8.NaiveLike,SIRPG,CD47,0.00212535000115122,0,SIRPG_CD47,SIRPG - CD47,SIRP,Cell-Cell Contact,PMID:15294972
CD8.TEX,CD8.NaiveLike,SIRPG,CD47,0.00790061868572758,0,SIRPG_CD47,SIRPG - CD47,SIRP,Cell-Cell Contact,PMID:15294972
CD8.TPEX,CD8.NaiveLike,SIRPG,CD47,0.00280341666680748,0,SIRPG_CD47,SIRPG - CD47,SIRP,Cell-Cell Contact,PMID:15294972
CD8.EM,CD8.TEMRA,SIRPG,CD47,0.00270349538393428,0,SIRPG_CD47,SIRPG - CD47,SIRP,Cell-Cell Contact,PMID:15294972
CD8.TEX,CD8.TEMRA,SIRPG,CD47,0.0100339764667972,0,SIRPG_CD47,SIRPG - CD47,SIRP,Cell-Cell Contact,PMID:15294972
CD8.TPEX,CD8.TEMRA,SIRPG,CD47,0.00356535316217443,0,SIRPG_CD47,SIRPG - CD47,SIRP,Cell-Cell Contact,PMID:15294972
CD8.EM,CD8.TEX,SIRPG,CD47,0.00189886715080989,0,SIRPG_CD47,SIRPG - CD47,SIRP,Cell-Cell Contact,PMID:15294972
CD8.TEX,CD8.TEX,SIRPG,CD47,0.00706306417540276,0,SIRPG_CD47,SIRPG - CD47,SIRP,Cell-Cell Contact,PMID:15294972
CD8.TPEX,CD8.TEX,SIRPG,CD47,0.00250485863851882,0,SIRPG_CD47,SIRPG - CD47,SIRP,Cell-Cell Contact,PMID:15294972
CD8.EM,CD8.TPEX,SIRPG,CD47,0.00151589208299284,0,SIRPG_CD47,SIRPG - CD47,SIRP,Cell-Cell Contact,PMID:15294972
CD8.TEX,CD8.TPEX,SIRPG,CD47,0.00564443258933887,0,SIRPG_CD47,SIRPG - CD47,SIRP,Cell-Cell Contact,PMID:15294972
CD8.TPEX,CD8.TPEX,SIRPG,CD47,0.00199990841831578,0.04,SIRPG_CD47,SIRPG - CD47,SIRP,Cell-Cell Contact,PMID:15294972
CD8.EM,Classical Mono-derived,SIRPG,CD47,0.0044737513365864,0,SIRPG_CD47,SIRPG - CD47,SIRP,Cell-Cell Contact,PMID:15294972
CD8.TEX,Classical Mono-derived,SIRPG,CD47,0.0165247169219552,0,SIRPG_CD47,SIRPG - CD47,SIRP,Cell-Cell Contact,PMID:15294972
CD8.TPEX,Classical Mono-derived,SIRPG,CD47,0.00589661911663549,0,SIRPG_CD47,SIRPG - CD47,SIRP,Cell-Cell Contact,PMID:15294972
CD8.EM,IFN-stimulated,SIRPG,CD47,0.00499302257805195,0,SIRPG_CD47,SIRPG - CD47,SIRP,Cell-Cell Contact,PMID:15294972
CD8.TEX,IFN-stimulated,SIRPG,CD47,0.0184168749976572,0,SIRPG_CD47,SIRPG - CD47,SIRP,Cell-Cell Contact,PMID:15294972
CD8.TPEX,IFN-stimulated,SIRPG,CD47,0.00657995196769745,0,SIRPG_CD47,SIRPG - CD47,SIRP,Cell-Cell Contact,PMID:15294972
CD8.EM,Inflammatory Mono-derived,SIRPG,CD47,0.00168379253706464,0,SIRPG_CD47,SIRPG - CD47,SIRP,Cell-Cell Contact,PMID:15294972
CD8.TEX,Inflammatory Mono-derived,SIRPG,CD47,0.0062667408702928,0,SIRPG_CD47,SIRPG - CD47,SIRP,Cell-Cell Contact,PMID:15294972
CD8.TPEX,Inflammatory Mono-derived,SIRPG,CD47,0.00222129933649582,0,SIRPG_CD47,SIRPG - CD47,SIRP,Cell-Cell Contact,PMID:15294972
CD8.EM,Lipid-associated,SIRPG,CD47,0.00176655418893815,0,SIRPG_CD47,SIRPG - CD47,SIRP,Cell-Cell Contact,PMID:15294972
CD8.TEX,Lipid-associated,SIRPG,CD47,0.00657328007557791,0,SIRPG_CD47,SIRPG - CD47,SIRP,Cell-Cell Contact,PMID:15294972
CD8.TPEX,Lipid-associated,SIRPG,CD47,0.00233041881228212,0,SIRPG_CD47,SIRPG - CD47,SIRP,Cell-Cell Contact,PMID:15294972
CD8.EM,Proliferating,SIRPG,CD47,0.00185626898961848,0,SIRPG_CD47,SIRPG - CD47,SIRP,Cell-Cell Contact,PMID:15294972
CD8.TEX,Proliferating,SIRPG,CD47,0.00690541672443059,0,SIRPG_CD47,SIRPG - CD47,SIRP,Cell-Cell Contact,PMID:15294972
CD8.TPEX,Proliferating,SIRPG,CD47,0.00244869934337491,0,SIRPG_CD47,SIRPG - CD47,SIRP,Cell-Cell Contact,PMID:15294972
CD8.EM,Resident M2,SIRPG,CD47,0.00165221107823112,0,SIRPG_CD47,SIRPG - CD47,SIRP,Cell-Cell Contact,PMID:15294972
CD8.TEX,Resident M2,SIRPG,CD47,0.00614973047581586,0,SIRPG_CD47,SIRPG - CD47,SIRP,Cell-Cell Contact,PMID:15294972
CD8.TPEX,Resident M2,SIRPG,CD47,0.00217965833301075,0,SIRPG_CD47,SIRPG - CD47,SIRP,Cell-Cell Contact,PMID:15294972
CD8.EM,Stress-response,SIRPG,CD47,0.00163273580011075,0,SIRPG_CD47,SIRPG - CD47,SIRP,Cell-Cell Contact,PMID:15294972
CD8.TEX,Stress-response,SIRPG,CD47,0.0060775638528788,0,SIRPG_CD47,SIRPG - CD47,SIRP,Cell-Cell Contact,PMID:15294972
CD8.TPEX,Stress-response,SIRPG,CD47,0.00215397923539566,0.01,SIRPG_CD47,SIRPG - CD47,SIRP,Cell-Cell Contact,PMID:15294972
