PathResponse,final_annotation,mean_M2_immunosuppressive_UCell,mean_M1_inflammatory_UCell,mean_SPP1_signature_UCell,mean_IFN_response_UCell,n_cells
MPR,TAM_like,0.282797981207774,0.163785432500221,0.394002582921221,0.309274838986148,424
MPR,TAM_like_MRC1,0.198236234723862,0.0660472844423023,0.477932894486592,0.122762261513181,948
MPR,TAM_like_SPP1,0.33319712223089,0.0783987728543507,0.383954739380449,0.0384621094039932,27
NMPR,TAM_like,0.272987451419866,0.14243909953771,0.413587479021254,0.20420144021199,7545
NMPR,TAM_like_MRC1,0.24587803158756,0.0097151556090457,0.616324236571191,0.0787632104511132,4281
NMPR,TAM_like_SPP1,0.331669136763524,0.212530334300442,0.473459497171904,0.116243432137908,335
