statistic,df,p.value
563.145534632863,2,5.18204166187255e-123
