comparison,p.value,p.bonf
MPR vs NMPR,9.99900009999e-05,9.99900009999e-05
