statistic,df,p.value
323.322667454761,12,5.87193688209516e-62
